序列号,GPS时间,经度,纬度,x,y,速度(km/h),航向,工作状态,幅宽(m),深度(mm),深度标准值
1,2022/10/19 0:00,131.53198,47.09470617,5217881.971,464467.2472,5.9264,338.4,TRUE,5.3,400,300
2,2022/10/19 0:00,131.53194,47.0947675,5217888.808,464464.2511,7.33392,340.7,TRUE,5.3,368,300
3,2022/10/19 0:00,131.5318853,47.09483967,5217896.856,464460.1462,6.70424,340.7,TRUE,5.3,399,300
4,2022/10/19 0:00,131.5318478,47.0949055,5217904.192,464457.343,6.88944,337.7,TRUE,5.3,400,300
5,2022/10/19 0:00,131.5317577,47.09503283,5217918.388,464450.5873,7.00056,340,TRUE,5.3,400,300
6,2022/10/19 0:00,131.5317225,47.0951,5217925.872,464447.9596,6.55608,336.2,TRUE,5.3,400,300
7,2022/10/19 0:00,131.53168,47.09516267,5217932.858,464444.7746,6.22272,338.1,TRUE,5.3,373,300
8,2022/10/19 0:00,131.5316347,47.09522267,5217939.549,464441.3754,6.14864,337.1,TRUE,5.3,371,300
9,2022/10/19 0:00,131.5315988,47.09528083,5217946.031,464438.6885,6.70424,339.6,TRUE,5.3,377,300
10,2022/10/19 0:00,131.5315568,47.0953375,5217952.35,464435.5376,6.5746,339.9,TRUE,5.3,389,300
11,2022/10/19 0:00,131.5315108,47.0954025,5217959.597,464432.0886,6.31532,334.2,TRUE,5.3,396,300
12,2022/10/19 0:00,131.531478,47.09545917,5217965.912,464429.6361,5.68564,347.8,TRUE,5.3,400,300
13,2022/10/19 0:00,131.5314403,47.095513,5217971.914,464426.8098,6.16716,339.7,TRUE,5.3,400,300
14,2022/10/19 0:00,131.5313973,47.095578,5217979.16,464423.5885,5.03744,345.7,TRUE,5.3,400,300
15,2022/10/19 0:01,131.531361,47.095626,5217984.513,464420.8646,5.35228,344.3,TRUE,5.3,400,300
16,2022/10/19 0:01,131.5313298,47.09568067,5217990.605,464418.5323,5.66712,341.2,TRUE,5.3,400,300
17,2022/10/19 0:01,131.531298,47.09572467,5217995.511,464416.1473,5.556,338.9,TRUE,5.3,400,300
18,2022/10/19 0:01,131.531263,47.095783,5218002.011,464413.529,5.42636,339.4,TRUE,5.3,400,300
19,2022/10/19 0:01,131.531217,47.09583417,5218007.721,464410.0708,6.07456,333.4,TRUE,5.3,400,300
20,2022/10/19 0:01,131.5311718,47.09588817,5218013.745,464406.6752,6.1116,340.3,TRUE,5.3,400,300
21,2022/10/19 0:01,131.5311313,47.0959515,5218020.804,464403.6426,5.87084,337.1,TRUE,5.3,399,300
22,2022/10/19 0:01,131.5311017,47.09600767,5218027.062,464401.4329,6.3894,335.7,TRUE,5.3,400,300
23,2022/10/19 0:01,131.5310585,47.09606417,5218033.363,464398.1908,6.83388,338.9,TRUE,5.3,400,300
24,2022/10/19 0:01,131.5310198,47.0961285,5218040.532,464395.2956,5.79676,337.4,TRUE,5.3,400,300
25,2022/10/19 0:01,131.530982,47.096185,5218046.83,464392.4635,6.33384,337.7,TRUE,5.3,400,300
26,2022/10/19 0:01,131.530937,47.09624667,5218053.707,464389.0883,5.6486,341.3,TRUE,5.3,400,300
27,2022/10/19 0:01,131.5309018,47.09630367,5218060.06,464386.4539,6.05604,337.6,TRUE,5.3,400,300
28,2022/10/19 0:01,131.5308638,47.09636083,5218066.432,464383.6071,6.03752,338.7,TRUE,5.3,400,300
29,2022/10/19 0:01,131.5308358,47.09641683,5218072.67,464381.5187,5.98196,333.3,TRUE,5.3,400,300
30,2022/10/19 0:02,131.5307947,47.09648,5218079.712,464378.4406,6.6672,340.3,TRUE,5.3,400,300
31,2022/10/19 0:02,131.5307525,47.0965365,5218086.012,464375.2745,4.24108,339.9,TRUE,5.3,398,300
32,2022/10/19 0:02,131.530749,47.09658167,5218091.035,464375.0389,5.59304,322.3,TRUE,5.3,226,300
33,2022/10/19 0:02,131.530708,47.09663117,5218096.557,464371.9592,6.27828,279.2,FALSE,5.3,0,300
34,2022/10/19 0:02,131.5306068,47.09665233,5218098.956,464364.2904,5.6486,238.6,FALSE,5.3,0,300
35,2022/10/19 0:02,131.5304943,47.096631,5218096.635,464355.7353,5.9264,202.6,FALSE,5.3,0,300
36,2022/10/19 0:02,131.5304388,47.09654583,5218087.192,464351.465,1.68532,176.3,FALSE,5.3,0,300
37,2022/10/19 0:02,131.5304328,47.09655433,5218088.14,464351.0152,0,0,FALSE,5.3,0,300
38,2022/10/19 0:02,131.5304273,47.09655133,5218087.809,464350.5956,0,0,FALSE,5.3,0,300
39,2022/10/19 0:02,131.5304517,47.09650117,5218082.221,464352.4146,5.29672,160.2,TRUE,5.3,400,300
40,2022/10/19 0:02,131.5304782,47.09642983,5218074.278,464354.3788,5.79676,154.5,TRUE,5.3,398,300
41,2022/10/19 0:02,131.5305257,47.09636917,5218067.513,464357.9445,6.35236,159,TRUE,5.3,400,300
42,2022/10/19 0:02,131.530564,47.096299,5218059.694,464360.8053,6.63016,162.7,TRUE,5.3,382,300
43,2022/10/19 0:02,131.5306447,47.0962425,5218053.376,464366.8943,6.55608,152.9,TRUE,5.3,400,300
44,2022/10/19 0:02,131.5306995,47.09617417,5218045.755,464371.0091,7.55616,160,TRUE,5.3,400,300
45,2022/10/19 0:03,131.5307345,47.09610033,5218037.53,464373.617,6.5746,158.7,TRUE,5.3,397,300
46,2022/10/19 0:03,131.5307775,47.09603783,5218030.562,464376.8399,7.16724,162.2,TRUE,5.3,400,300
47,2022/10/19 0:03,131.530834,47.09597033,5218023.032,464381.0843,6.50052,157.5,TRUE,5.3,400,300
48,2022/10/19 0:03,131.5308782,47.09590933,5218016.231,464384.3993,7.11168,153.2,TRUE,5.3,400,300
49,2022/10/19 0:03,131.5309227,47.095854,5218010.059,464387.7408,7.1302,156.8,TRUE,5.3,374,300
50,2022/10/19 0:03,131.5309742,47.0957885,5218002.754,464391.607,6.61164,156,TRUE,5.3,400,300
51,2022/10/19 0:03,131.531014,47.09572067,5217995.195,464394.5834,7.38948,160.1,TRUE,5.3,396,300
52,2022/10/19 0:03,131.5310653,47.09564917,5217987.223,464398.4304,7.33392,158.9,TRUE,5.3,400,300
53,2022/10/19 0:03,131.5311,47.09557983,5217979.499,464401.0187,7.1302,157.4,TRUE,5.3,400,300
54,2022/10/19 0:03,131.5311243,47.09551267,5217972.021,464402.8188,7.24132,158,TRUE,5.3,400,300
55,2022/10/19 0:03,131.5311833,47.09544683,5217964.675,464407.2542,7.33392,162.3,TRUE,5.3,400,300
56,2022/10/19 0:03,131.5312447,47.09538267,5217957.514,464411.8729,7.11168,157.7,TRUE,5.3,400,300
57,2022/10/19 0:03,131.5312782,47.09532467,5217951.051,464414.3776,7.11168,160.3,TRUE,5.3,400,300
58,2022/10/19 0:03,131.531311,47.095252,5217942.957,464416.8194,7.01908,153.7,TRUE,5.3,400,300
59,2022/10/19 0:03,131.5313527,47.09519567,5217936.676,464419.9478,6.87092,158,TRUE,5.3,400,300
60,2022/10/19 0:04,131.5313948,47.09512867,5217929.208,464423.0994,6.87092,154.5,TRUE,5.3,399,300
61,2022/10/19 0:04,131.5314418,47.09506467,5217922.071,464426.6251,7.72284,155.4,TRUE,5.3,394,300
62,2022/10/19 0:04,131.5314903,47.09499467,5217914.267,464430.2606,7.2228,159.6,TRUE,5.3,400,300
63,2022/10/19 0:04,131.5315308,47.09493,5217907.059,464433.2924,7.79692,158.2,TRUE,5.3,400,300
64,2022/10/19 0:04,131.5315768,47.094863,5217899.59,464436.7401,7.64876,153,TRUE,5.3,400,300
65,2022/10/19 0:04,131.5316153,47.09479883,5217892.438,464439.6204,6.68572,151.1,TRUE,5.3,400,300
66,2022/10/19 0:04,131.5316513,47.09473383,5217885.196,464442.3103,7.25984,155.9,TRUE,5.3,400,300
67,2022/10/19 0:04,131.5316967,47.0946705,5217878.135,464445.7149,7.11168,156.3,TRUE,5.3,400,300
68,2022/10/19 0:04,131.5317417,47.09460567,5217870.907,464449.0882,7.14872,152.2,TRUE,5.3,400,300
69,2022/10/19 0:04,131.5317795,47.09454283,5217863.904,464451.9163,5.8338,150.5,TRUE,5.3,400,300
70,2022/10/19 0:04,131.5318233,47.0944875,5217857.733,464455.2048,7.05612,153.1,TRUE,5.3,400,300
71,2022/10/19 0:04,131.5318582,47.09443017,5217851.343,464457.8163,6.92648,155.9,TRUE,5.3,400,300
72,2022/10/19 0:04,131.5318982,47.094364,5217843.969,464460.8092,7.18576,156.3,TRUE,5.3,400,300
73,2022/10/19 0:04,131.5319417,47.09430567,5217837.464,464464.073,6.70424,157.4,TRUE,5.3,400,300
74,2022/10/19 0:04,131.53199,47.0942445,5217830.642,464467.6993,6.77832,159.8,TRUE,5.3,400,300
75,2022/10/19 0:05,131.5320312,47.09418367,5217823.861,464470.7868,7.1302,157.2,TRUE,5.3,400,300
76,2022/10/19 0:05,131.5320753,47.09411567,5217816.281,464474.0898,7.29688,155.1,TRUE,5.3,400,300
77,2022/10/19 0:05,131.5321198,47.09405083,5217809.052,464477.4252,7.16724,156.4,TRUE,5.3,400,300
78,2022/10/19 0:05,131.5321703,47.09398267,5217801.452,464481.2139,7.1302,157,TRUE,5.3,400,300
79,2022/10/19 0:05,131.532208,47.09391867,5217794.32,464484.0337,7.44504,157.3,TRUE,5.3,400,300
80,2022/10/19 0:05,131.532248,47.09385383,5217787.093,464487.0275,6.37088,155.7,TRUE,5.3,400,300
81,2022/10/19 0:05,131.5322937,47.0937945,5217780.476,464490.4577,6.98204,158.4,TRUE,5.3,400,300
82,2022/10/19 0:05,131.5323332,47.093721,5217772.287,464493.4078,7.79692,160.6,TRUE,5.3,399,300
83,2022/10/19 0:05,131.5323773,47.09365583,5217765.022,464496.7126,5.72268,153.7,TRUE,5.3,376,300
84,2022/10/19 0:05,131.5324167,47.0935995,5217758.742,464499.6666,5.556,161.8,TRUE,5.3,400,300
85,2022/10/19 0:05,131.5324567,47.09354183,5217752.313,464502.6652,6.42644,157.5,TRUE,5.3,400,300
86,2022/10/19 0:05,131.5324915,47.09347883,5217745.293,464505.2654,7.25984,152.7,TRUE,5.3,400,300
87,2022/10/19 0:05,131.5325352,47.09341767,5217738.474,464508.5426,6.98204,153.9,TRUE,5.3,389,300
88,2022/10/19 0:05,131.5325797,47.09335633,5217731.634,464511.8805,5.98196,158.9,TRUE,5.3,400,300
89,2022/10/19 0:05,131.5326193,47.0932985,5217725.187,464514.8486,7.18576,156.2,TRUE,5.3,400,300
90,2022/10/19 0:06,131.532658,47.093233,5217717.888,464517.7433,7.57468,154.1,TRUE,5.3,400,300
91,2022/10/19 0:06,131.5327018,47.09316567,5217710.383,464521.0241,6.98204,156.5,TRUE,5.3,396,300
92,2022/10/19 0:06,131.532749,47.09309933,5217702.986,464524.5636,7.79692,155.6,TRUE,5.3,400,300
93,2022/10/19 0:06,131.5327955,47.09302967,5217695.221,464528.0478,7.408,149.7,TRUE,5.3,372,300
94,2022/10/19 0:06,131.5328415,47.09295917,5217687.362,464531.4935,7.37096,151.7,TRUE,5.3,400,300
95,2022/10/19 0:06,131.5328865,47.0928945,5217680.152,464534.8671,7.83396,158.7,TRUE,5.3,400,300
96,2022/10/19 0:06,131.5329327,47.09282733,5217672.664,464538.3302,8.0562,157.9,TRUE,5.3,400,300
97,2022/10/19 0:06,131.5329728,47.092755,5217664.605,464541.3267,7.889521,154.7,TRUE,5.3,395,300
98,2022/10/19 0:06,131.5330217,47.092685,5217656.8,464544.993,7.42652,155.6,TRUE,5.3,378,300
99,2022/10/19 0:06,131.5330662,47.09261433,5217648.924,464548.3247,6.87092,153.8,TRUE,5.3,371,300
100,2022/10/19 0:06,131.5331193,47.09254683,5217641.396,464552.3115,7.2228,160.1,TRUE,5.3,400,300
101,2022/10/19 0:06,131.533163,47.09246983,5217632.815,464555.5783,7.01908,150.2,TRUE,5.3,400,300
102,2022/10/19 0:06,131.5332175,47.09240217,5217625.269,464559.6713,7.61172,157.8,TRUE,5.3,380,300
103,2022/10/19 0:06,131.5332607,47.09232883,5217617.096,464562.9026,7.53764,153.2,TRUE,5.3,400,300
104,2022/10/19 0:06,131.533305,47.09226167,5217609.609,464566.2215,7.463561,158,TRUE,5.3,400,300
105,2022/10/19 0:07,131.5333547,47.09218933,5217601.545,464569.947,7.61172,158.2,TRUE,5.3,400,300
106,2022/10/19 0:07,131.5334032,47.0921175,5217593.537,464573.5817,7.98212,155.2,TRUE,5.3,400,300
107,2022/10/19 0:07,131.533451,47.09204383,5217585.326,464577.1621,7.63024,161.1,TRUE,5.3,400,300
108,2022/10/19 0:07,131.5334995,47.09197483,5217577.633,464580.7987,7.5006,157.9,TRUE,5.3,391,300
109,2022/10/19 0:07,131.5335462,47.091908,5217570.182,464584.3001,8.13028,156.7,TRUE,5.3,400,300
110,2022/10/19 0:07,131.5335867,47.091839,5217562.493,464587.3293,7.35244,158.7,TRUE,5.3,400,300
111,2022/10/19 0:07,131.5336302,47.09176417,5217554.154,464590.5825,7.42652,160.5,TRUE,5.3,400,300
112,2022/10/19 0:07,131.5336708,47.09169533,5217546.482,464593.6195,7.72284,162,TRUE,5.3,376,300
113,2022/10/19 0:07,131.5337217,47.0916245,5217538.585,464597.4371,7.889521,158.5,TRUE,5.3,400,300
114,2022/10/19 0:07,131.533772,47.09155517,5217530.855,464601.2103,7.74136,161.5,TRUE,5.3,400,300
115,2022/10/19 0:07,131.53382,47.091487,5217523.254,464604.8095,8.00064,156.2,TRUE,5.3,400,300
116,2022/10/19 0:07,131.533871,47.09141783,5217515.542,464608.6359,8.01916,160.6,TRUE,5.3,374,300
117,2022/10/19 0:07,131.5339193,47.09133833,5217506.681,464612.2505,7.51912,155.4,TRUE,5.3,400,300
118,2022/10/19 0:07,131.5339608,47.09127067,5217499.141,464615.3566,7.408,162.3,TRUE,5.3,400,300
119,2022/10/19 0:07,131.5339932,47.091198,5217491.047,464617.7685,6.81536,156,TRUE,5.3,400,300
120,2022/10/19 0:08,131.534043,47.09113367,5217483.873,464621.507,7.00056,159.8,TRUE,5.3,374,300
121,2022/10/19 0:08,131.5340945,47.09106517,5217476.234,464625.3719,6.59312,160,TRUE,5.3,398,300
122,2022/10/19 0:08,131.5341342,47.09099967,5217468.935,464628.3428,7.24132,160.6,TRUE,5.3,400,300
123,2022/10/19 0:08,131.5341805,47.09093283,5217461.483,464631.8139,7.61172,155.8,TRUE,5.3,400,300
124,2022/10/19 0:08,131.534224,47.09087317,5217454.831,464635.0773,6.945,158.9,TRUE,5.3,400,300
125,2022/10/19 0:08,131.5342633,47.09081567,5217448.421,464638.0231,6.16716,163.8,TRUE,5.3,400,300
126,2022/10/19 0:08,131.5343045,47.09075483,5217441.638,464641.111,7.3154,158.9,TRUE,5.3,396,300
127,2022/10/19 0:08,131.5343595,47.09068533,5217433.887,464645.241,7.27836,160.5,TRUE,5.3,374,300
128,2022/10/19 0:08,131.5344088,47.09061783,5217426.36,464648.9396,7.408,159.1,TRUE,5.3,400,300
129,2022/10/19 0:08,131.5344473,47.09054967,5217418.766,464651.8177,7.09316,169.2,TRUE,5.3,400,300
130,2022/10/19 0:08,131.5344842,47.09049467,5217412.634,464654.583,6.00048,153.2,TRUE,5.3,247,300
131,2022/10/19 0:08,131.5345697,47.09045883,5217408.611,464661.0511,5.66712,80.7,FALSE,5.3,0,300
132,2022/10/19 0:08,131.5346587,47.09048683,5217411.684,464667.8271,6.6672,20.3,FALSE,5.3,0,300
133,2022/10/19 0:08,131.5346708,47.09053817,5217417.386,464668.7798,6.64868,323.5,FALSE,5.3,0,300
134,2022/10/19 0:08,131.5346525,47.09057683,5217421.692,464667.4159,5.093,319,TRUE,5.3,84,300
135,2022/10/19 0:09,131.5346175,47.09064367,5217429.139,464664.8027,6.27828,352.2,TRUE,5.3,244,300
136,2022/10/19 0:09,131.5345768,47.09070217,5217435.661,464661.7511,6.55608,352.7,TRUE,5.3,226,300
137,2022/10/19 0:09,131.5345678,47.09074383,5217440.296,464661.0953,0,0,FALSE,5.3,0,300
138,2022/10/19 0:09,131.534568,47.09073617,5217439.445,464661.1054,5.13004,157.6,FALSE,5.3,0,300
139,2022/10/19 0:09,131.5346368,47.09071067,5217436.579,464666.3124,6.16716,104.9,FALSE,5.3,0,300
140,2022/10/19 0:09,131.5346913,47.090714,5217436.924,464670.4526,0.70376,105.5,FALSE,5.3,0,300
141,2022/10/19 0:09,131.5346495,47.09072783,5217438.481,464667.288,4.61148,320.1,FALSE,5.3,0,300
142,2022/10/19 0:09,131.5346143,47.090747,5217440.628,464664.628,0.75932,329.9,TRUE,5.3,353,300
143,2022/10/19 0:09,131.5345875,47.09073983,5217439.843,464662.5884,3.75956,326.5,TRUE,5.3,267,300
144,2022/10/19 0:09,131.5345448,47.09079833,5217446.366,464659.3851,4.63,335.5,TRUE,5.3,400,300
145,2022/10/19 0:09,131.5345093,47.0908585,5217453.071,464656.7295,4.96336,345,TRUE,5.3,400,300
146,2022/10/19 0:09,131.5344822,47.09091483,5217459.346,464654.7091,6.1116,337,TRUE,5.3,400,300
147,2022/10/19 0:09,131.5344503,47.09097067,5217465.568,464652.324,6.00048,339.2,TRUE,5.3,400,300
148,2022/10/19 0:09,131.534413,47.09102133,5217471.217,464649.5255,6.03752,339.8,TRUE,5.3,400,300
149,2022/10/19 0:09,131.5343648,47.0910815,5217477.928,464645.9056,5.68564,344.3,TRUE,5.3,400,300
150,2022/10/19 0:10,131.5343168,47.091132,5217483.564,464642.2946,6.2968,341.6,TRUE,5.3,400,300
151,2022/10/19 0:10,131.534275,47.091192,5217490.253,464639.1606,6.44496,339.1,TRUE,5.3,400,300
152,2022/10/19 0:10,131.5342305,47.09125483,5217497.258,464635.8234,6.42644,340.2,TRUE,5.3,400,300
153,2022/10/19 0:10,131.5341795,47.09132533,5217505.119,464631.9979,7.704319,335.3,TRUE,5.3,400,300
154,2022/10/19 0:10,131.5341355,47.09138433,5217511.698,464628.6962,6.2968,342.1,TRUE,5.3,400,300
155,2022/10/19 0:10,131.5340942,47.0914535,5217519.406,464625.6062,7.5006,339.1,TRUE,5.3,400,300
156,2022/10/19 0:10,131.5340517,47.091521,5217526.929,464622.4241,7.14872,335.5,TRUE,5.3,400,300
157,2022/10/19 0:10,131.5340107,47.09157833,5217533.322,464619.3491,6.83388,337.6,TRUE,5.3,400,300
158,2022/10/19 0:10,131.5339697,47.09164083,5217540.288,464616.2775,6.70424,344.1,TRUE,5.3,400,300
159,2022/10/19 0:10,131.5339208,47.09170017,5217546.907,464612.6041,7.63024,337.9,TRUE,5.3,400,300
160,2022/10/19 0:10,131.5338688,47.09176917,5217554.602,464608.7016,6.77832,339.5,TRUE,5.3,400,300
161,2022/10/19 0:10,131.5338322,47.09184167,5217562.678,464605.9708,6.74128,337.6,TRUE,5.3,400,300
162,2022/10/19 0:10,131.533787,47.09190967,5217570.259,464602.584,7.38948,339.8,TRUE,5.3,400,300
163,2022/10/19 0:10,131.5337348,47.0919765,5217577.712,464598.665,8.167319,339.3,TRUE,5.3,400,300
164,2022/10/19 0:10,131.5336837,47.0920515,5217586.073,464594.8349,7.408,342.1,TRUE,5.3,400,300
165,2022/10/19 0:11,131.5336378,47.09212017,5217593.728,464591.3955,7.51912,339.5,TRUE,5.3,400,300
166,2022/10/19 0:11,131.5335907,47.09218267,5217600.697,464587.8609,7.5006,339.3,TRUE,5.3,400,300
167,2022/10/19 0:11,131.5335443,47.09226,5217609.315,464584.3892,7.55616,339.8,TRUE,5.3,400,300
168,2022/10/19 0:11,131.5334937,47.09232417,5217616.472,464580.59,7.66728,337.9,TRUE,5.3,400,300
169,2022/10/19 0:11,131.533445,47.0923885,5217623.646,464576.9351,6.96352,338.6,TRUE,5.3,400,300
170,2022/10/19 0:11,131.5334017,47.09244967,5217630.466,464573.6881,7.27836,336.3,TRUE,5.3,400,300
171,2022/10/19 0:11,131.5333515,47.09252367,5217638.716,464569.9258,7.852479,340.3,TRUE,5.3,388,300
172,2022/10/19 0:11,131.5333152,47.09260083,5217647.31,464567.2209,7.5006,339.5,TRUE,5.3,400,300
173,2022/10/19 0:11,131.533273,47.0926715,5217655.186,464564.0638,6.81536,341,TRUE,5.3,375,300
174,2022/10/19 0:11,131.53323,47.09274183,5217663.024,464560.8457,7.42652,339,TRUE,5.3,400,300
175,2022/10/19 0:11,131.5331798,47.092815,5217671.181,464557.0828,6.81536,337,TRUE,5.3,400,300
176,2022/10/19 0:11,131.5331228,47.09288567,5217679.064,464552.8021,7.01908,340,TRUE,5.3,400,300
177,2022/10/19 0:11,131.5330863,47.09295317,5217686.584,464550.0756,7.79692,342.6,TRUE,5.3,400,300
178,2022/10/19 0:11,131.5330368,47.09301783,5217693.795,464546.3603,6.98204,338.4,TRUE,5.3,400,300
179,2022/10/19 0:11,131.5329927,47.09308233,5217700.986,464543.0549,6.40792,339.3,TRUE,5.3,370,300
180,2022/10/19 0:12,131.5329438,47.09315283,5217708.846,464539.389,6.8524,339.8,TRUE,5.3,400,300
181,2022/10/19 0:12,131.5328927,47.0932185,5217716.169,464535.5529,7.33392,341.1,TRUE,5.3,400,300
182,2022/10/19 0:12,131.5328433,47.09329183,5217724.344,464531.851,7.1302,342.3,TRUE,5.3,400,300
183,2022/10/19 0:12,131.532796,47.093358,5217731.722,464528.3038,7.37096,340.3,TRUE,5.3,400,300
184,2022/10/19 0:12,131.532755,47.09342717,5217739.43,464525.2368,7.0376,340.3,TRUE,5.3,400,300
185,2022/10/19 0:12,131.5327083,47.09349033,5217746.473,464521.7332,7.0376,340.2,TRUE,5.3,400,300
186,2022/10/19 0:12,131.5326598,47.09355767,5217753.981,464518.0956,7.01908,341.3,TRUE,5.3,400,300
187,2022/10/19 0:12,131.5326177,47.09362367,5217761.338,464514.9431,6.5746,337.7,TRUE,5.3,400,300
188,2022/10/19 0:12,131.5325702,47.09368967,5217768.697,464511.3806,7.07464,340.1,TRUE,5.3,400,300
189,2022/10/19 0:12,131.5325258,47.093758,5217776.313,464508.0551,7.5006,339.9,TRUE,5.3,400,300
190,2022/10/19 0:12,131.5324885,47.09382483,5217783.76,464505.2676,7.63024,337.5,TRUE,5.3,400,300
191,2022/10/19 0:12,131.5324397,47.09389183,5217791.231,464501.6071,4.09292,344.4,TRUE,5.3,400,300
192,2022/10/19 0:12,131.5324202,47.0939255,5217794.983,464500.1489,5.22264,336.6,TRUE,5.3,400,300
193,2022/10/19 0:12,131.53239,47.09398033,5217801.092,464497.8925,5.2782,342.8,TRUE,5.3,399,300
194,2022/10/19 0:12,131.5323453,47.09403567,5217807.264,464494.5356,4.79668,338.8,TRUE,5.3,400,300
195,2022/10/19 0:13,131.532307,47.09408233,5217812.469,464491.6588,6.63016,335.9,TRUE,5.3,366,300
196,2022/10/19 0:13,131.5322587,47.09414983,5217819.995,464488.0366,7.2228,337.1,TRUE,5.3,400,300
197,2022/10/19 0:13,131.5322127,47.09422517,5217828.392,464484.5943,6.64868,341,TRUE,5.3,400,300
198,2022/10/19 0:13,131.532163,47.09428833,5217835.436,464480.8629,6.61164,335.7,TRUE,5.3,400,300
199,2022/10/19 0:13,131.5321282,47.0943465,5217841.919,464478.2595,6.945,338.1,TRUE,5.3,400,300
200,2022/10/19 0:13,131.5320877,47.094416,5217849.664,464475.2309,7.778399,334.6,TRUE,5.3,400,300
201,2022/10/19 0:13,131.532038,47.09448017,5217856.82,464471.5003,8.09324,336.6,TRUE,5.3,373,300
202,2022/10/19 0:13,131.531985,47.09454617,5217864.182,464467.5204,7.51912,337.3,TRUE,5.3,400,300
203,2022/10/19 0:13,131.5319478,47.09461417,5217871.758,464464.7413,6.92648,340.7,TRUE,5.3,400,300
204,2022/10/19 0:13,131.5319065,47.09467917,5217879.003,464461.649,6.51904,336.3,TRUE,5.3,400,300
205,2022/10/19 0:13,131.5318652,47.09474283,5217886.099,464458.5558,6.64868,336,TRUE,5.3,371,300
206,2022/10/19 0:13,131.5318158,47.09480717,5217893.274,464454.8481,6.61164,335.6,TRUE,5.3,400,300
207,2022/10/19 0:13,131.5317845,47.09486917,5217900.181,464452.513,6.3894,332.2,TRUE,5.3,400,300
208,2022/10/19 0:13,131.5317425,47.0949295,5217906.908,464449.3645,7.24132,336.3,TRUE,5.3,400,300
209,2022/10/19 0:13,131.531697,47.09499967,5217914.729,464445.9568,7.2228,343.3,TRUE,5.3,400,300
210,2022/10/19 0:14,131.5316523,47.09506433,5217921.938,464442.6062,6.92648,339.3,TRUE,5.3,400,300
211,2022/10/19 0:14,131.5316117,47.09513417,5217929.721,464439.5703,7.07464,338.5,TRUE,5.3,400,300
212,2022/10/19 0:14,131.5315765,47.09519167,5217936.129,464436.9362,7.5006,337.1,TRUE,5.3,400,300
213,2022/10/19 0:14,131.5315395,47.09525417,5217943.094,464434.1687,5.6486,339.5,TRUE,5.3,400,300
214,2022/10/19 0:14,131.5315053,47.09531033,5217949.353,464431.6096,5.6486,335.7,TRUE,5.3,400,300
215,2022/10/19 0:14,131.5314607,47.09537083,5217956.099,464428.2639,5.8338,339.7,TRUE,5.3,400,300
216,2022/10/19 0:14,131.5314238,47.09542517,5217962.157,464425.4986,6.42644,340.1,TRUE,5.3,400,300
217,2022/10/19 0:14,131.5313823,47.09548717,5217969.069,464422.3892,5.85232,343.9,TRUE,5.3,395,300
218,2022/10/19 0:14,131.531342,47.0955435,5217975.349,464419.3671,6.74128,338.6,TRUE,5.3,400,300
219,2022/10/19 0:14,131.5312997,47.09560433,5217982.131,464416.1962,6.83388,340.1,TRUE,5.3,400,300
220,2022/10/19 0:14,131.531257,47.09566367,5217988.748,464412.994,7.463561,335.8,TRUE,5.3,375,300
221,2022/10/19 0:14,131.5312125,47.09573583,5217996.79,464409.6636,7.20428,338.7,TRUE,5.3,400,300
222,2022/10/19 0:14,131.5311665,47.09580233,5218004.204,464406.2156,6.70424,334.2,TRUE,5.3,400,300
223,2022/10/19 0:14,131.5311233,47.09585283,5218009.838,464402.9695,6.6672,334.6,TRUE,5.3,400,300
224,2022/10/19 0:14,131.5310807,47.0959225,5218017.603,464399.7818,6.81536,342.7,TRUE,5.3,400,300
225,2022/10/19 0:15,131.5310425,47.09598983,5218025.105,464396.9265,6.88944,341.3,TRUE,5.3,399,300
226,2022/10/19 0:15,131.5309957,47.09605817,5218032.724,464393.4191,7.11168,339.4,TRUE,5.3,400,300
227,2022/10/19 0:15,131.530952,47.09612,5218039.618,464390.1426,7.63024,336.3,TRUE,5.3,400,300
228,2022/10/19 0:15,131.5308977,47.096199,5218048.425,464386.0729,7.463561,337.8,TRUE,5.3,400,300
229,2022/10/19 0:15,131.5308547,47.09627233,5218056.597,464382.8572,7.778399,336.8,TRUE,5.3,400,300
230,2022/10/19 0:15,131.5308288,47.096339,5218064.021,464380.9354,7.5932,337.2,TRUE,5.3,400,300
231,2022/10/19 0:15,131.5307842,47.096396,5218070.378,464377.5874,7.57468,336.4,TRUE,5.3,400,300
232,2022/10/19 0:15,131.5307612,47.09646383,5218077.929,464375.8865,6.2968,337.1,TRUE,5.3,400,300
233,2022/10/19 0:15,131.530717,47.09651867,5218084.046,464372.5675,3.38916,344.5,TRUE,5.3,400,300
234,2022/10/19 0:15,131.5306805,47.09656767,5218089.51,464369.8291,5.94492,333,TRUE,5.3,162,300
235,2022/10/19 0:15,131.5306228,47.09660833,5218094.057,464365.4757,5.556,272.1,FALSE,5.3,0,300
236,2022/10/19 0:15,131.5305295,47.09659617,5218092.747,464358.3844,5.75972,226.9,FALSE,5.3,0,300
237,2022/10/19 0:15,131.5304485,47.09655633,5218088.355,464352.2084,6.1116,180.7,FALSE,5.3,0,300
238,2022/10/19 0:15,131.5304265,47.096473,5218079.101,464350.4826,5.75972,164.7,TRUE,5.3,352,300
239,2022/10/19 0:15,131.5304402,47.09640967,5218072.054,464351.4804,5.98196,160.7,TRUE,5.3,400,300
240,2022/10/19 0:16,131.5304868,47.09634467,5218064.807,464354.9749,6.46348,158,TRUE,5.3,400,300
241,2022/10/19 0:16,131.5305362,47.09628,5218057.595,464358.6821,7.18576,158.6,TRUE,5.3,400,300
242,2022/10/19 0:16,131.5305758,47.09620917,5218049.702,464361.6412,7.48208,154.4,TRUE,5.3,400,300
243,2022/10/19 0:16,131.53062,47.09614017,5218042.011,464364.9508,7.35244,157.6,TRUE,5.3,400,300
244,2022/10/19 0:16,131.5306767,47.09607283,5218034.499,464369.2105,6.53756,158.6,TRUE,5.3,400,300
245,2022/10/19 0:16,131.5307207,47.09601183,5218027.698,464372.5103,7.64876,154.5,TRUE,5.3,400,300
246,2022/10/19 0:16,131.5307638,47.09595133,5218020.952,464375.7421,7.16724,157.1,TRUE,5.3,400,300
247,2022/10/19 0:16,131.5308042,47.09588267,5218013.301,464378.7635,5.51896,158.7,TRUE,5.3,378,300
248,2022/10/19 0:16,131.5308477,47.09582433,5218006.795,464382.0271,7.0376,157.3,TRUE,5.3,400,300
249,2022/10/19 0:16,131.5308847,47.0957645,5218000.127,464384.7962,5.90788,158.3,TRUE,5.3,400,300
250,2022/10/19 0:16,131.5309205,47.09570783,5217993.81,464387.4763,6.37088,159,TRUE,5.3,400,300
251,2022/10/19 0:16,131.5309723,47.0956475,5217987.08,464391.3688,6.98204,158.6,TRUE,5.3,397,300
252,2022/10/19 0:16,131.5310188,47.095587,5217980.333,464394.8587,6.31532,164.2,TRUE,5.3,400,300
253,2022/10/19 0:16,131.5310588,47.09552433,5217973.347,464397.8538,7.57468,163.4,TRUE,5.3,400,300
254,2022/10/19 0:16,131.5311028,47.09546033,5217966.212,464401.1516,7.27836,157.4,TRUE,5.3,400,300
255,2022/10/19 0:17,131.5311587,47.09539983,5217959.461,464405.3552,7.14872,158.5,TRUE,5.3,400,300
256,2022/10/19 0:17,131.5312047,47.09533883,5217952.658,464408.8069,6.79684,157.1,TRUE,5.3,400,300
257,2022/10/19 0:17,131.5312448,47.09526917,5217944.896,464411.8049,7.09316,154.5,TRUE,5.3,400,300
258,2022/10/19 0:17,131.5312927,47.09519167,5217936.258,464415.3899,6.55608,161.4,TRUE,5.3,400,300
259,2022/10/19 0:17,131.5313305,47.0951245,5217928.773,464418.2149,7.07464,152.3,TRUE,5.3,400,300
260,2022/10/19 0:17,131.5313802,47.09505783,5217921.339,464421.9438,6.83388,158.1,TRUE,5.3,400,300
261,2022/10/19 0:17,131.5314188,47.09498933,5217913.706,464424.8287,7.01908,159.3,TRUE,5.3,400,300
262,2022/10/19 0:17,131.531466,47.09492633,5217906.681,464428.3702,7.16724,157.5,TRUE,5.3,399,300
263,2022/10/19 0:17,131.531507,47.09486433,5217899.769,464431.4417,6.53756,157.5,TRUE,5.3,376,300
264,2022/10/19 0:17,131.5315512,47.0948005,5217892.653,464434.7549,7.0376,157.6,TRUE,5.3,400,300
265,2022/10/19 0:17,131.5315918,47.0947345,5217885.297,464437.7934,6.83388,155.4,TRUE,5.3,400,300
266,2022/10/19 0:17,131.5316373,47.09466417,5217877.458,464441.201,7.55616,156.7,TRUE,5.3,400,300
267,2022/10/19 0:17,131.5316865,47.09459567,5217869.82,464444.8907,7.64876,155,TRUE,5.3,400,300
268,2022/10/19 0:17,131.5317362,47.09453433,5217862.978,464448.6232,7.81544,159.9,TRUE,5.3,400,300
269,2022/10/19 0:17,131.5317815,47.0944655,5217855.306,464452.0166,6.96352,155.5,TRUE,5.3,400,300
270,2022/10/19 0:18,131.531821,47.09439933,5217847.932,464454.9715,7.05612,156.8,TRUE,5.3,375,300
271,2022/10/19 0:18,131.531871,47.09433367,5217840.609,464458.7239,7.25984,155.4,TRUE,5.3,400,300
272,2022/10/19 0:18,131.5319148,47.094272,5217833.733,464462.0083,7.61172,153.3,TRUE,5.3,400,300
273,2022/10/19 0:18,131.531954,47.09420883,5217826.693,464464.9424,6.42644,159.9,TRUE,5.3,367,300
274,2022/10/19 0:18,131.5319998,47.0941385,5217818.853,464468.3728,6.72276,154,TRUE,5.3,400,300
275,2022/10/19 0:18,131.5320397,47.0940725,5217811.498,464471.3582,7.16724,153.3,TRUE,5.3,400,300
276,2022/10/19 0:18,131.5320827,47.094012,5217804.752,464474.5826,6.16716,157.7,TRUE,5.3,400,300
277,2022/10/19 0:18,131.5321262,47.09395783,5217798.71,464477.8492,7.07464,155.1,TRUE,5.3,400,300
278,2022/10/19 0:18,131.5321553,47.09389817,5217792.065,464480.0189,5.96344,156.1,TRUE,5.3,400,300
279,2022/10/19 0:18,131.5322003,47.09384467,5217786.096,464483.3999,5.90788,157.4,TRUE,5.3,400,300
280,2022/10/19 0:18,131.5322345,47.09378167,5217779.077,464485.9545,6.09308,156.2,TRUE,5.3,400,300
281,2022/10/19 0:18,131.5322682,47.09372517,5217772.78,464488.4756,6.46348,154.2,TRUE,5.3,400,300
282,2022/10/19 0:18,131.5323198,47.0936655,5217766.123,464492.3535,6.00048,156.9,TRUE,5.3,400,300
283,2022/10/19 0:18,131.5323528,47.0936015,5217758.993,464494.8164,7.48208,157.6,TRUE,5.3,400,300
284,2022/10/19 0:18,131.532397,47.09353933,5217752.062,464498.1309,4.61148,159.6,TRUE,5.3,400,300
285,2022/10/19 0:19,131.5324352,47.09347583,5217744.985,464500.989,6.2968,156.7,TRUE,5.3,400,300
286,2022/10/19 0:19,131.5324757,47.09341967,5217738.723,464504.0265,6.00048,154,TRUE,5.3,373,300
287,2022/10/19 0:19,131.5325177,47.09335017,5217730.978,464507.1691,6.53756,154.9,TRUE,5.3,400,300
288,2022/10/19 0:19,131.5325603,47.09329567,5217724.899,464510.3672,5.556,159.8,TRUE,5.3,400,300
289,2022/10/19 0:19,131.5325927,47.09324217,5217718.937,464512.7916,6.03752,155.7,TRUE,5.3,398,300
290,2022/10/19 0:19,131.5326367,47.09317817,5217711.802,464516.0897,6.482,158.8,TRUE,5.3,400,300
291,2022/10/19 0:19,131.532685,47.09310833,5217704.016,464519.7105,6.61164,158,TRUE,5.3,400,300
292,2022/10/19 0:19,131.5327288,47.09303833,5217696.214,464522.9894,7.53764,155.1,TRUE,5.3,400,300
293,2022/10/19 0:19,131.532776,47.09297233,5217688.855,464526.5292,6.90796,149.4,TRUE,5.3,400,300
294,2022/10/19 0:19,131.532819,47.092911,5217682.017,464529.7532,7.38948,154,TRUE,5.3,399,300
295,2022/10/19 0:19,131.5328605,47.09284467,5217674.624,464532.86,7.0376,162.2,TRUE,5.3,400,300
296,2022/10/19 0:19,131.5329047,47.09277167,5217666.489,464536.1674,7.33392,154.7,TRUE,5.3,395,300
297,2022/10/19 0:19,131.5329545,47.09270267,5217658.795,464539.9026,7.2228,154.3,TRUE,5.3,400,300
298,2022/10/19 0:19,131.532998,47.09263633,5217651.4,464543.1613,7.35244,162.4,TRUE,5.3,400,300
299,2022/10/19 0:19,131.5330422,47.09256533,5217643.487,464546.47,7.61172,152.3,TRUE,5.3,400,300
300,2022/10/19 0:20,131.533097,47.0924925,5217635.366,464550.5823,7.53764,157.1,TRUE,5.3,394,300
301,2022/10/19 0:20,131.5331392,47.09242567,5217627.917,464553.742,7.64876,159.4,TRUE,5.3,400,300
302,2022/10/19 0:20,131.5331828,47.09235467,5217620.004,464557.0052,7.20428,154.9,TRUE,5.3,400,300
303,2022/10/19 0:20,131.5332315,47.0922835,5217612.07,464560.6555,7.75988,158.9,TRUE,5.3,400,300
304,2022/10/19 0:20,131.5332865,47.0922175,5217604.707,464564.7876,7.07464,159.6,TRUE,5.3,400,300
305,2022/10/19 0:20,131.5333303,47.09214133,5217596.22,464568.0626,7.63024,156.6,TRUE,5.3,400,300
306,2022/10/19 0:20,131.5333685,47.09207017,5217588.291,464570.9157,7.05612,155.4,TRUE,5.3,400,300
307,2022/10/19 0:20,131.533418,47.09200567,5217581.098,464574.6313,7.6858,160.3,TRUE,5.3,400,300
308,2022/10/19 0:20,131.5334657,47.091931,5217572.775,464578.2034,7.01908,155.4,TRUE,5.3,400,300
309,2022/10/19 0:20,131.5335175,47.09186017,5217564.878,464582.0893,7.42652,158,TRUE,5.3,400,300
310,2022/10/19 0:20,131.5335628,47.09178933,5217556.982,464585.4818,7.61172,156.6,TRUE,5.3,394,300
311,2022/10/19 0:20,131.5336077,47.0917175,5217548.976,464588.8432,7.37096,154.4,TRUE,5.3,400,300
312,2022/10/19 0:20,131.5336587,47.09164767,5217541.189,464592.6692,7.94508,158.9,TRUE,5.3,400,300
313,2022/10/19 0:20,131.5336957,47.09157483,5217533.075,464595.4301,7.29688,154.9,TRUE,5.3,400,300
314,2022/10/19 0:20,131.5337465,47.09150767,5217525.586,464599.2427,8.35252,160.9,TRUE,5.3,400,300
315,2022/10/19 0:21,131.533795,47.09143167,5217517.115,464602.8747,7.29688,157.8,TRUE,5.3,400,300
316,2022/10/19 0:21,131.533844,47.09136767,5217509.977,464606.5527,7.408,157.1,TRUE,5.3,400,300
317,2022/10/19 0:21,131.533893,47.0912935,5217501.71,464610.2239,7.5006,160.5,TRUE,5.3,400,300
318,2022/10/19 0:21,131.5339448,47.09122517,5217494.09,464614.1117,7.35244,157.3,TRUE,5.3,400,300
319,2022/10/19 0:21,131.5339908,47.0911555,5217486.324,464617.5581,7.20428,151.7,TRUE,5.3,400,300
320,2022/10/19 0:21,131.5340435,47.09108233,5217478.165,464621.511,7.48208,151.3,TRUE,5.3,400,300
321,2022/10/19 0:21,131.5340823,47.091012,5217470.329,464624.4104,7.38948,155.6,TRUE,5.3,400,300
322,2022/10/19 0:21,131.5341213,47.09094967,5217463.382,464627.3302,7.66728,154.4,TRUE,5.3,400,300
323,2022/10/19 0:21,131.5341648,47.09088233,5217455.876,464630.5885,6.77832,155.6,TRUE,5.3,400,300
324,2022/10/19 0:21,131.5342148,47.090819,5217448.813,464634.3429,6.1116,157.2,TRUE,5.3,393,300
325,2022/10/19 0:21,131.5342487,47.09075517,5217441.701,464636.8745,6.31532,158.2,TRUE,5.3,367,300
326,2022/10/19 0:21,131.5342888,47.09069433,5217434.919,464639.8789,6.40792,159.6,TRUE,5.3,400,300
327,2022/10/19 0:21,131.5343183,47.09063917,5217428.774,464642.0823,6.61164,157.8,TRUE,5.3,400,300
328,2022/10/19 0:21,131.53436,47.0905795,5217422.121,464645.209,6.68572,158.4,TRUE,5.3,400,300
329,2022/10/19 0:21,131.5344005,47.09052133,5217415.636,464648.2455,6.51904,159.1,TRUE,5.3,388,300
330,2022/10/19 0:22,131.5344392,47.0904585,5217408.634,464651.1423,6.16716,159.1,TRUE,5.3,400,300
331,2022/10/19 0:22,131.5345063,47.09040933,5217403.137,464656.2045,8.0562,109.8,FALSE,5.3,0,300
332,2022/10/19 0:22,131.5346007,47.09040533,5217402.65,464663.3694,6.55608,40.9,FALSE,5.3,0,300
333,2022/10/19 0:22,131.534647,47.09046433,5217409.188,464666.9239,5.29672,347.7,FALSE,5.3,0,300
334,2022/10/19 0:22,131.5346382,47.0905105,5217414.325,464666.2863,4.42628,319.3,FALSE,5.3,0,300
335,2022/10/19 0:22,131.5346177,47.09056367,5217420.245,464664.7649,5.90788,333.6,TRUE,5.3,225,300
336,2022/10/19 0:22,131.5345772,47.09061067,5217425.488,464661.721,5.01892,340.2,TRUE,5.3,393,300
337,2022/10/19 0:22,131.5345615,47.09065433,5217430.349,464660.5578,5.093,341,TRUE,5.3,371,300
338,2022/10/19 0:22,131.5345277,47.09070933,5217436.479,464658.0278,5.57452,334.9,TRUE,5.3,400,300
339,2022/10/19 0:22,131.5344808,47.09078383,5217444.783,464654.5161,5.68564,338.7,TRUE,5.3,400,300
340,2022/10/19 0:22,131.534437,47.0908505,5217452.214,464651.2347,5.70416,338.8,TRUE,5.3,400,300
341,2022/10/19 0:22,131.534382,47.09092483,5217460.503,464647.1079,5.98196,339.7,TRUE,5.3,398,300
342,2022/10/19 0:22,131.5343182,47.0909975,5217468.61,464642.3118,6.25976,338,TRUE,5.3,400,300
343,2022/10/19 0:22,131.5342578,47.09106567,5217476.216,464637.771,5.4634,340.1,TRUE,5.3,400,300
344,2022/10/19 0:22,131.5342012,47.09113217,5217483.635,464633.5176,6.22272,338.5,TRUE,5.3,400,300
345,2022/10/19 0:23,131.53416,47.09119567,5217490.713,464630.4315,6.3894,338.9,TRUE,5.3,400,300
346,2022/10/19 0:23,131.534124,47.09125567,5217497.399,464627.7378,6.87092,339.7,TRUE,5.3,400,300
347,2022/10/19 0:23,131.5340888,47.09131367,5217503.863,464625.1036,6.1116,338.8,TRUE,5.3,398,300
348,2022/10/19 0:23,131.5340532,47.09137033,5217510.178,464622.4382,6.92648,337.6,TRUE,5.3,372,300
349,2022/10/19 0:23,131.5340202,47.091436,5217517.494,464619.9761,6.55608,339,TRUE,5.3,400,300
350,2022/10/19 0:23,131.5339808,47.0915065,5217525.35,464617.0313,5.9264,337.9,TRUE,5.3,400,300
351,2022/10/19 0:23,131.5339312,47.09156233,5217531.579,464613.3024,6.51904,338.8,TRUE,5.3,400,300
352,2022/10/19 0:23,131.533886,47.09161683,5217537.658,464609.9066,7.51912,338,TRUE,5.3,365,300
353,2022/10/19 0:23,131.5338393,47.091692,5217546.036,464606.4107,7.778399,337.7,TRUE,5.3,375,300
354,2022/10/19 0:23,131.5337937,47.0917595,5217553.561,464602.9932,7.37096,338.3,TRUE,5.3,400,300
355,2022/10/19 0:23,131.5337468,47.09182783,5217561.178,464599.4776,8.037681,341.5,TRUE,5.3,400,300
356,2022/10/19 0:23,131.5337072,47.0918975,5217568.942,464596.5171,6.46348,339.9,TRUE,5.3,400,300
357,2022/10/19 0:23,131.5336592,47.09196067,5217575.986,464592.9146,6.92648,337.6,TRUE,5.3,400,300
358,2022/10/19 0:23,131.5336157,47.09202867,5217583.566,464589.6569,7.6858,338.8,TRUE,5.3,382,300
359,2022/10/19 0:23,131.5335515,47.09211233,5217592.895,464584.838,6.87092,340.4,TRUE,5.3,400,300
360,2022/10/19 0:24,131.5335072,47.0921785,5217600.272,464581.5184,7.72284,338,TRUE,5.3,400,300
361,2022/10/19 0:24,131.5334553,47.092253,5217608.578,464577.6273,7.05612,338.3,TRUE,5.3,400,300
362,2022/10/19 0:24,131.5334052,47.09232583,5217616.697,464573.8717,6.83388,330.8,TRUE,5.3,400,300
363,2022/10/19 0:24,131.5333685,47.09239417,5217624.311,464571.1306,7.64876,336.7,TRUE,5.3,396,300
364,2022/10/19 0:24,131.5333107,47.092459,5217631.545,464566.7852,6.70424,341.9,TRUE,5.3,400,300
365,2022/10/19 0:24,131.5332652,47.09252783,5217639.217,464563.3763,7.07464,340.7,TRUE,5.3,400,300
366,2022/10/19 0:24,131.5332095,47.09260383,5217647.691,464559.1977,7.75988,335.9,TRUE,5.3,374,300
367,2022/10/19 0:24,131.533153,47.09267817,5217655.982,464554.9573,7.53764,337.2,TRUE,5.3,400,300
368,2022/10/19 0:24,131.5331228,47.09275133,5217664.129,464552.7129,7.29688,338.7,TRUE,5.3,400,300
369,2022/10/19 0:24,131.5330818,47.09282217,5217672.023,464549.647,7.66728,336.1,TRUE,5.3,400,300
370,2022/10/19 0:24,131.5330367,47.092892,5217679.806,464546.2692,7.0376,339.3,TRUE,5.3,400,300
371,2022/10/19 0:24,131.5329893,47.09296583,5217688.036,464542.7194,6.92648,335.6,TRUE,5.3,370,300
372,2022/10/19 0:24,131.5329488,47.0930315,5217695.355,464539.6881,7.27836,337.7,TRUE,5.3,400,300
373,2022/10/19 0:24,131.5329003,47.0931,5217702.992,464536.0513,6.8524,340.5,TRUE,5.3,400,300
374,2022/10/19 0:24,131.5328397,47.09317017,5217710.82,464531.4969,6.92648,338.2,TRUE,5.3,400,300
375,2022/10/19 0:25,131.5327975,47.0932385,5217718.436,464528.3383,7.74136,341.9,TRUE,5.3,400,300
376,2022/10/19 0:25,131.5327478,47.09330717,5217726.093,464524.6105,7.37096,337.1,TRUE,5.3,400,300
377,2022/10/19 0:25,131.5327073,47.093374,5217733.541,464521.58,7.51912,338.5,TRUE,5.3,400,300
378,2022/10/19 0:25,131.5326617,47.0934435,5217741.288,464518.1641,7.5932,336.2,TRUE,5.3,400,300
379,2022/10/19 0:25,131.5326072,47.0935155,5217749.317,464514.0741,7.0376,337,TRUE,5.3,400,300
380,2022/10/19 0:25,131.532574,47.0935775,5217756.225,464511.5946,7.64876,336.2,TRUE,5.3,400,300
381,2022/10/19 0:25,131.5325108,47.09365317,5217764.666,464506.8466,6.70424,339.7,TRUE,5.3,398,300
382,2022/10/19 0:25,131.5324722,47.09371883,5217771.983,464503.9596,7.05612,339.5,TRUE,5.3,400,300
383,2022/10/19 0:25,131.5324348,47.0937845,5217779.301,464501.1637,6.019,343.6,TRUE,5.3,400,300
384,2022/10/19 0:25,131.5324073,47.09383667,5217785.113,464499.1105,6.05604,345.4,TRUE,5.3,400,300
385,2022/10/19 0:25,131.5323637,47.09389783,5217791.932,464495.8409,7.18576,342.9,TRUE,5.3,400,300
386,2022/10/19 0:25,131.5323145,47.09396767,5217799.719,464492.152,7.83396,343.7,TRUE,5.3,400,300
387,2022/10/19 0:25,131.5322753,47.094031,5217806.777,464489.2179,5.7412,344.3,TRUE,5.3,400,300
388,2022/10/19 0:25,131.5322305,47.09408967,5217813.32,464485.8556,7.72284,343,TRUE,5.3,400,300
389,2022/10/19 0:25,131.5321912,47.09416367,5217821.565,464482.9211,7.1302,339.8,TRUE,5.3,400,300
390,2022/10/19 0:26,131.5321593,47.09422867,5217828.805,464480.5424,7.33392,340.1,TRUE,5.3,371,300
391,2022/10/19 0:26,131.5321123,47.09429067,5217835.719,464477.0153,7.2228,340,TRUE,5.3,400,300
392,2022/10/19 0:26,131.532073,47.09435383,5217842.759,464474.0735,7.18576,338.6,TRUE,5.3,400,300
393,2022/10/19 0:26,131.5320265,47.09442367,5217850.544,464470.5896,6.24124,343.8,TRUE,5.3,391,300
394,2022/10/19 0:26,131.53198,47.094482,5217857.05,464467.0981,7.05612,341.8,TRUE,5.3,400,300
395,2022/10/19 0:26,131.5319413,47.094549,5217864.516,464464.2045,7.14872,342.2,TRUE,5.3,400,300
396,2022/10/19 0:26,131.5318935,47.09461667,5217872.061,464460.6204,7.33392,340.4,TRUE,5.3,400,300
397,2022/10/19 0:26,131.5318458,47.09467833,5217878.937,464457.04,6.87092,339.7,TRUE,5.3,400,300
398,2022/10/19 0:26,131.531805,47.0947445,5217886.312,464453.9865,6.53756,341.3,TRUE,5.3,400,300
399,2022/10/19 0:26,131.5317622,47.09480417,5217892.965,464450.7767,6.40792,343.9,TRUE,5.3,400,300
400,2022/10/19 0:26,131.5317255,47.09485717,5217898.874,464448.0257,7.3154,341.4,TRUE,5.3,400,300
401,2022/10/19 0:26,131.5316887,47.094921,5217905.987,464445.2743,5.9264,342.3,TRUE,5.3,400,300
402,2022/10/19 0:26,131.531649,47.0949735,5217911.842,464442.2952,6.88944,337,TRUE,5.3,400,300
403,2022/10/19 0:26,131.5315987,47.09504317,5217919.61,464438.5227,6.68572,340.4,TRUE,5.3,400,300
404,2022/10/19 0:26,131.5315493,47.0951205,5217928.229,464434.8237,6.72276,342.6,TRUE,5.3,400,300
405,2022/10/19 0:27,131.531508,47.09517967,5217934.826,464431.7276,6.37088,339.3,TRUE,5.3,400,300
406,2022/10/19 0:27,131.5314562,47.09524433,5217942.038,464427.838,7.24132,340.6,TRUE,5.3,400,300
407,2022/10/19 0:27,131.531421,47.0953025,5217948.521,464425.2043,7.2228,334,TRUE,5.3,370,300
408,2022/10/19 0:27,131.5313777,47.09537417,5217956.508,464421.9647,6.25976,339.2,TRUE,5.3,399,300
409,2022/10/19 0:27,131.5313335,47.09544183,5217964.05,464418.6541,6.63016,338.3,TRUE,5.3,400,300
410,2022/10/19 0:27,131.5312925,47.09551067,5217971.722,464415.5872,7.16724,338.5,TRUE,5.3,400,300
411,2022/10/19 0:27,131.5312513,47.0955715,5217978.504,464412.4998,5.94492,338.5,TRUE,5.3,400,300
412,2022/10/19 0:27,131.5312087,47.0956385,5217985.972,464409.3103,7.2228,335.5,TRUE,5.3,400,300
413,2022/10/19 0:27,131.5311663,47.09569033,5217991.753,464406.1258,6.25976,334.4,TRUE,5.3,400,300
414,2022/10/19 0:27,131.5311302,47.0957495,5217998.347,464403.4245,7.1302,341.1,TRUE,5.3,400,300
415,2022/10/19 0:27,131.5310792,47.09581767,5218005.949,464399.598,6.7598,338.9,TRUE,5.3,400,300
416,2022/10/19 0:27,131.5310318,47.09588383,5218013.326,464396.0435,7.72284,339.9,TRUE,5.3,400,300
417,2022/10/19 0:27,131.5309838,47.09596333,5218022.186,464392.4524,6.92648,340.9,TRUE,5.3,400,300
418,2022/10/19 0:27,131.5309382,47.09603167,5218029.804,464389.036,7.48208,337.3,TRUE,5.3,400,300
419,2022/10/19 0:27,131.530887,47.09610733,5218038.239,464385.1994,7.33392,341.2,TRUE,5.3,399,300
420,2022/10/19 0:28,131.5308405,47.09618133,5218046.487,464381.7185,7.63024,338.1,TRUE,5.3,400,300
421,2022/10/19 0:28,131.5307932,47.09624517,5218053.606,464378.1701,6.37088,342.9,TRUE,5.3,400,300
422,2022/10/19 0:28,131.5307465,47.0963055,5218060.334,464374.6649,6.8524,339.4,TRUE,5.3,400,300
423,2022/10/19 0:28,131.5307182,47.09636017,5218066.425,464372.5529,7.3154,340.1,TRUE,5.3,400,300
424,2022/10/19 0:28,131.530676,47.09643,5218074.207,464369.3957,8.09324,341.1,TRUE,5.3,372,300
425,2022/10/19 0:28,131.5306342,47.09650067,5218082.083,464366.2694,5.03744,340.9,TRUE,5.3,373,300
426,2022/10/19 0:28,131.5306042,47.09653533,5218085.95,464364.015,4.59296,331.6,TRUE,5.3,265,300
427,2022/10/19 0:28,131.5305577,47.09658567,5218091.567,464360.5183,7.14872,311.1,FALSE,5.3,0,300
428,2022/10/19 0:28,131.5304783,47.096613,5218094.642,464354.5086,4.96336,265.9,FALSE,5.3,0,300
429,2022/10/19 0:28,131.5303898,47.0965995,5218093.181,464347.7808,5.7412,244.8,FALSE,5.3,0,300
430,2022/10/19 0:28,131.5302798,47.09656117,5218088.97,464339.4042,6.16716,219.8,FALSE,5.3,0,300
431,2022/10/19 0:28,131.5302317,47.09648567,5218080.599,464335.7021,6.79684,160.5,FALSE,5.3,0,300
432,2022/10/19 0:28,131.5302478,47.096433,5218074.736,464336.8892,6.40792,139.1,FALSE,5.3,0,300
433,2022/10/19 0:28,131.5302648,47.0963975,5218070.781,464338.1561,0,169.8,FALSE,5.3,0,300
434,2022/10/19 0:28,131.5302525,47.09638367,5218069.249,464337.2131,4.167,156.4,TRUE,5.3,242,300
435,2022/10/19 0:29,131.5302707,47.096341,5218064.497,464338.5663,4.09292,159.9,TRUE,5.3,400,300
436,2022/10/19 0:29,131.530298,47.09629417,5218059.279,464340.6076,4.85224,162.6,TRUE,5.3,400,300
437,2022/10/19 0:29,131.5303335,47.09625367,5218054.76,464343.2757,6.24124,161.6,TRUE,5.3,400,300
438,2022/10/19 0:29,131.5303875,47.096182,5218046.768,464347.3275,7.889521,157.2,TRUE,5.3,400,300
439,2022/10/19 0:29,131.5304567,47.096127,5218040.622,464352.5444,7.00056,160.2,TRUE,5.3,400,300
440,2022/10/19 0:29,131.5304955,47.096067,5218033.934,464355.4501,7.24132,158.7,TRUE,5.3,400,300
441,2022/10/19 0:29,131.5305545,47.09599867,5218026.31,464359.8837,6.6672,157.7,TRUE,5.3,400,300
442,2022/10/19 0:29,131.5306083,47.0959425,5218020.041,464363.9307,7.2228,155.1,TRUE,5.3,400,300
443,2022/10/19 0:29,131.530657,47.09587367,5218012.367,464367.5821,7.55616,153.1,TRUE,5.3,391,300
444,2022/10/19 0:29,131.5307108,47.0958115,5218005.431,464371.6251,7.3154,157,TRUE,5.3,400,300
445,2022/10/19 0:29,131.5307505,47.09574617,5217998.15,464374.5955,5.94492,160.8,TRUE,5.3,397,300
446,2022/10/19 0:29,131.530791,47.09567733,5217990.478,464377.6244,6.5746,161.5,TRUE,5.3,399,300
447,2022/10/19 0:29,131.5308363,47.09561233,5217983.232,464381.0202,6.7598,153.5,TRUE,5.3,400,300
448,2022/10/19 0:29,131.5308832,47.09553483,5217974.594,464384.5292,6.55608,156.1,TRUE,5.3,400,300
449,2022/10/19 0:29,131.5309253,47.09547067,5217967.442,464387.6826,7.05612,156.9,TRUE,5.3,396,300
450,2022/10/19 0:30,131.5309698,47.095414,5217961.122,464391.0233,7.5932,162.8,TRUE,5.3,400,300
451,2022/10/19 0:30,131.5310148,47.09534967,5217953.95,464394.3969,6.14864,164.4,TRUE,5.3,367,300
452,2022/10/19 0:30,131.5310648,47.09527817,5217945.978,464398.1452,7.5006,160,TRUE,5.3,400,300
453,2022/10/19 0:30,131.531112,47.09520983,5217938.359,464401.6831,7.72284,161.8,TRUE,5.3,400,300
454,2022/10/19 0:30,131.5311552,47.095145,5217931.132,464404.9197,6.5746,150.4,TRUE,5.3,400,300
455,2022/10/19 0:30,131.5311863,47.0950765,5217923.503,464407.2352,7.07464,162,TRUE,5.3,400,300
456,2022/10/19 0:30,131.5312463,47.09500667,5217915.712,464411.7439,7.27836,157.7,TRUE,5.3,400,300
457,2022/10/19 0:30,131.531292,47.09493717,5217907.965,464415.1672,6.81536,158.4,TRUE,5.3,400,300
458,2022/10/19 0:30,131.5313367,47.09487367,5217900.885,464418.5186,7.42652,157.2,TRUE,5.3,400,300
459,2022/10/19 0:30,131.5313845,47.094803,5217893.007,464422.1005,7.6858,160.3,TRUE,5.3,400,300
460,2022/10/19 0:30,131.5314345,47.0947345,5217885.369,464425.851,7.3154,160.4,TRUE,5.3,400,300
461,2022/10/19 0:30,131.5314708,47.09466183,5217877.274,464428.5585,7.55616,160.8,TRUE,5.3,400,300
462,2022/10/19 0:30,131.531513,47.09459183,5217869.472,464431.7158,7.463561,153.6,TRUE,5.3,398,300
463,2022/10/19 0:30,131.5315557,47.09452317,5217861.82,464434.9119,7.57468,160.2,TRUE,5.3,400,300
464,2022/10/19 0:30,131.5316075,47.0944575,5217854.496,464438.8009,7.64876,162.7,TRUE,5.3,400,300
465,2022/10/19 0:31,131.5316595,47.09438767,5217846.709,464442.7024,7.14872,159.1,TRUE,5.3,400,300
466,2022/10/19 0:31,131.5317007,47.09432533,5217839.759,464445.7889,7.408,158.7,TRUE,5.3,398,300
467,2022/10/19 0:31,131.5317497,47.094256,5217832.03,464449.4629,7.48208,155.9,TRUE,5.3,400,300
468,2022/10/19 0:31,131.5317873,47.0941955,5217825.287,464452.2773,6.46348,162.6,TRUE,5.3,400,300
469,2022/10/19 0:31,131.5318285,47.09412817,5217817.783,464455.3605,6.87092,161.8,TRUE,5.3,400,300
470,2022/10/19 0:31,131.5318788,47.0940555,5217809.681,464459.131,7.48208,150.5,TRUE,5.3,382,300
471,2022/10/19 0:31,131.5319327,47.09398167,5217801.449,464463.1741,6.87092,157.2,TRUE,5.3,400,300
472,2022/10/19 0:31,131.5319803,47.0939155,5217794.071,464466.744,7.408,155.4,TRUE,5.3,400,300
473,2022/10/19 0:31,131.5320177,47.0938475,5217786.494,464469.5383,7.11168,158.6,TRUE,5.3,400,300
474,2022/10/19 0:31,131.5320618,47.09378283,5217779.284,464472.8435,7.44504,155.7,TRUE,5.3,400,300
475,2022/10/19 0:31,131.5321068,47.0937085,5217771,464476.2105,7.704319,157.5,TRUE,5.3,400,300
476,2022/10/19 0:31,131.5321512,47.09364717,5217764.162,464479.5407,6.92648,156,TRUE,5.3,400,300
477,2022/10/19 0:31,131.5321958,47.09358283,5217756.989,464482.8841,6.90796,162,TRUE,5.3,400,300
478,2022/10/19 0:31,131.532242,47.09351367,5217749.279,464486.3458,7.9636,158.8,TRUE,5.3,363,300
479,2022/10/19 0:31,131.5322865,47.093441,5217741.18,464489.676,7.35244,158.7,TRUE,5.3,400,300
480,2022/10/19 0:32,131.5323392,47.09337267,5217733.56,464493.6318,6.3894,153.9,TRUE,5.3,400,300
481,2022/10/19 0:32,131.5323733,47.093325,5217728.245,464496.1891,5.22264,161.5,TRUE,5.3,400,300
482,2022/10/19 0:32,131.5323917,47.09328583,5217723.882,464497.56,5.66712,152.9,TRUE,5.3,400,300
483,2022/10/19 0:32,131.5324328,47.0932275,5217717.379,464500.6417,6.79684,155.5,TRUE,5.3,400,300
484,2022/10/19 0:32,131.5324713,47.09316267,5217710.154,464503.5217,6.42644,159.8,TRUE,5.3,400,300
485,2022/10/19 0:32,131.5325108,47.0931045,5217703.669,464506.482,6.2042,154.9,TRUE,5.3,400,300
486,2022/10/19 0:32,131.5325465,47.09304317,5217696.835,464509.1518,7.408,153.6,TRUE,5.3,400,300
487,2022/10/19 0:32,131.532591,47.0929765,5217689.403,464512.4861,7.25984,161.3,TRUE,5.3,400,300
488,2022/10/19 0:32,131.5326385,47.09291533,5217682.581,464516.0518,6.40792,154.2,TRUE,5.3,400,300
489,2022/10/19 0:32,131.5326835,47.0928565,5217676.02,464519.4293,6.70424,156.9,TRUE,5.3,400,300
490,2022/10/19 0:32,131.532724,47.09278683,5217668.256,464522.458,6.92648,158.3,TRUE,5.3,400,300
491,2022/10/19 0:32,131.532756,47.09272283,5217661.127,464524.845,7.27836,158.3,TRUE,5.3,400,300
492,2022/10/19 0:32,131.5328008,47.09265333,5217653.38,464528.2003,5.61156,158.7,TRUE,5.3,400,300
493,2022/10/19 0:32,131.5328492,47.0925935,5217646.706,464531.8353,6.2968,156.7,TRUE,5.3,400,300
494,2022/10/19 0:32,131.5328973,47.09252267,5217638.81,464535.4402,7.37096,155.8,TRUE,5.3,395,300
495,2022/10/19 0:33,131.5329475,47.09245633,5217631.412,464539.2076,7.61172,162.1,TRUE,5.3,378,300
496,2022/10/19 0:33,131.5329847,47.0923905,5217624.077,464541.9883,7.94508,162.6,TRUE,5.3,400,300
497,2022/10/19 0:33,131.5330382,47.0923225,5217616.493,464546.0051,7.25984,156,TRUE,5.3,400,300
498,2022/10/19 0:33,131.5330703,47.0922445,5217607.807,464548.3906,7.24132,157.8,TRUE,5.3,400,300
499,2022/10/19 0:33,131.5331333,47.09218467,5217601.127,464553.1341,7.61172,160,TRUE,5.3,400,300
500,2022/10/19 0:33,131.5331782,47.09212433,5217594.399,464556.5031,7.00056,158.5,TRUE,5.3,384,300
501,2022/10/19 0:33,131.5332228,47.09205183,5217586.318,464559.8413,7.57468,154.9,TRUE,5.3,400,300
502,2022/10/19 0:33,131.5332697,47.09197867,5217578.164,464563.3536,7.33392,154.6,TRUE,5.3,400,300
503,2022/10/19 0:33,131.5333148,47.09191283,5217570.824,464566.7342,7.27836,159.2,TRUE,5.3,400,300
504,2022/10/19 0:33,131.5333663,47.091843,5217563.037,464570.598,7.408,161.3,TRUE,5.3,393,300
505,2022/10/19 0:33,131.5334093,47.09177083,5217554.994,464573.815,7.83396,157.9,TRUE,5.3,382,300
506,2022/10/19 0:33,131.533461,47.0917005,5217547.152,464577.6937,7.66728,156.6,TRUE,5.3,400,300
507,2022/10/19 0:33,131.5335195,47.09162533,5217538.769,464582.0855,7.72284,157.7,TRUE,5.3,400,300
508,2022/10/19 0:33,131.533545,47.09155883,5217531.364,464583.9775,7.37096,157.9,TRUE,5.3,396,300
509,2022/10/19 0:33,131.5335885,47.09148917,5217523.6,464587.2341,7.48208,161.3,TRUE,5.3,382,300
510,2022/10/19 0:34,131.533653,47.09141367,5217515.178,464592.0813,7.55616,157.9,TRUE,5.3,400,300
511,2022/10/19 0:34,131.5337048,47.09134317,5217507.317,464595.9676,7.1302,157.8,TRUE,5.3,397,300
512,2022/10/19 0:34,131.5337412,47.09127333,5217499.536,464598.685,7.42652,157.2,TRUE,5.3,399,300
513,2022/10/19 0:34,131.5337953,47.09120233,5217491.618,464602.7455,7.16724,152.4,TRUE,5.3,396,300
514,2022/10/19 0:34,131.5338515,47.0911305,5217483.607,464606.965,8.01916,154.1,TRUE,5.3,400,300
515,2022/10/19 0:34,131.533901,47.091059,5217475.636,464610.676,7.852479,154.3,TRUE,5.3,400,300
516,2022/10/19 0:34,131.5339503,47.09099,5217467.943,464614.3735,7.92656,158.7,TRUE,5.3,400,300
517,2022/10/19 0:34,131.5339843,47.09092067,5217460.22,464616.9091,7.90804,156.1,TRUE,5.3,394,300
518,2022/10/19 0:34,131.5340208,47.09084967,5217452.31,464619.6334,7.889521,156.9,TRUE,5.3,400,300
519,2022/10/19 0:34,131.5340697,47.090774,5217443.876,464623.2961,6.68572,156.8,TRUE,5.3,374,300
520,2022/10/19 0:34,131.534131,47.0907065,5217436.344,464627.9057,7.98212,155.6,TRUE,5.3,397,300
521,2022/10/19 0:34,131.5341663,47.09063383,5217428.249,464630.5378,6.98204,157.3,TRUE,5.3,400,300
522,2022/10/19 0:34,131.5342113,47.09056383,5217420.446,464633.9082,6.98204,162.5,TRUE,5.3,400,300
523,2022/10/19 0:34,131.5342565,47.09049817,5217413.126,464637.2967,7.29688,153,TRUE,5.3,400,300
524,2022/10/19 0:34,131.5343082,47.09042683,5217405.172,464641.1749,7.94508,157.1,TRUE,5.3,394,300
525,2022/10/19 0:35,131.5343655,47.09035383,5217397.031,464645.4772,8.4266,155.3,TRUE,5.3,400,300
526,2022/10/19 0:35,131.534397,47.09028317,5217389.161,464647.8222,5.44488,167,TRUE,5.3,400,300
527,2022/10/19 0:35,131.5344297,47.0902325,5217383.513,464650.2715,7.11168,153.2,TRUE,5.3,201,300
528,2022/10/19 0:35,131.5344918,47.09018867,5217378.612,464654.9576,4.48184,98.8,FALSE,5.3,0,300
529,2022/10/19 0:35,131.534515,47.090164,5217375.859,464656.7028,4.64852,253,FALSE,5.3,0,300
530,2022/10/19 0:35,131.5344462,47.0901315,5217372.277,464651.4575,4.24108,222.2,FALSE,5.3,0,300
531,2022/10/19 0:35,131.534456,47.090125,5217371.55,464652.1973,6.90796,57.4,FALSE,5.3,0,300
532,2022/10/19 0:35,131.5345312,47.0901895,5217378.687,464657.9497,6.81536,0.8,FALSE,5.3,0,300
533,2022/10/19 0:35,131.5345357,47.09026483,5217387.059,464658.3412,5.05596,336.4,FALSE,5.3,0,300
534,2022/10/19 0:35,131.5345285,47.090335,5217394.864,464657.841,5.87084,342.8,TRUE,5.3,366,300
535,2022/10/19 0:35,131.5344892,47.0903945,5217401.496,464654.8964,6.92648,333.5,TRUE,5.3,400,300
536,2022/10/19 0:35,131.5344482,47.09044917,5217407.592,464651.8195,6.3894,336.8,TRUE,5.3,400,300
537,2022/10/19 0:35,131.5343975,47.0905195,5217415.434,464648.0165,7.0376,339.7,TRUE,5.3,400,300
538,2022/10/19 0:35,131.5343455,47.09060067,5217424.481,464644.122,8.185841,338.6,TRUE,5.3,400,300
539,2022/10/19 0:35,131.534297,47.09067683,5217432.97,464640.49,7.55616,337.9,TRUE,5.3,400,300
540,2022/10/19 0:36,131.5342483,47.09075,5217441.127,464636.8408,7.63024,333.5,TRUE,5.3,396,300
541,2022/10/19 0:36,131.5341968,47.09081683,5217448.58,464632.9748,8.2414,335.3,TRUE,5.3,396,300
542,2022/10/19 0:36,131.5341427,47.0908845,5217456.127,464628.9119,8.07472,338.6,TRUE,5.3,400,300
543,2022/10/19 0:36,131.5340935,47.0909495,5217463.376,464625.2194,8.07472,335.2,TRUE,5.3,400,300
544,2022/10/19 0:36,131.5340528,47.09101083,5217470.212,464622.1698,6.8524,337.3,TRUE,5.3,400,300
545,2022/10/19 0:36,131.5340105,47.09107117,5217476.939,464618.998,6.945,334.2,TRUE,5.3,400,300
546,2022/10/19 0:36,131.5339607,47.09114233,5217484.873,464615.264,7.25984,340.9,TRUE,5.3,400,300
547,2022/10/19 0:36,131.5339218,47.09121467,5217492.933,464612.3584,7.81544,335.6,TRUE,5.3,400,300
548,2022/10/19 0:36,131.533873,47.091294,5217501.774,464608.7057,7.44504,339.1,TRUE,5.3,400,300
549,2022/10/19 0:36,131.5338138,47.091363,5217509.472,464604.2566,7.889521,336.8,TRUE,5.3,400,300
550,2022/10/19 0:36,131.5337675,47.09143317,5217517.294,464600.7878,7.94508,338.6,TRUE,5.3,400,300
551,2022/10/19 0:36,131.5337142,47.091502,5217524.97,464596.7865,8.27844,340.5,TRUE,5.3,400,300
552,2022/10/19 0:36,131.533662,47.09157417,5217533.017,464592.871,7.852479,335.7,TRUE,5.3,370,300
553,2022/10/19 0:36,131.533623,47.091638,5217540.131,464589.9522,7.55616,335,TRUE,5.3,400,300
554,2022/10/19 0:36,131.5335763,47.0917035,5217547.434,464586.4499,8.50068,340,TRUE,5.3,400,300
555,2022/10/19 0:37,131.5335252,47.09177267,5217555.146,464582.616,8.20436,339.9,TRUE,5.3,400,300
556,2022/10/19 0:37,131.5334845,47.09183717,5217562.336,464579.5686,7.61172,339.7,TRUE,5.3,400,300
557,2022/10/19 0:37,131.5334407,47.09192183,5217571.767,464576.2992,7.6858,337.6,TRUE,5.3,400,300
558,2022/10/19 0:37,131.5333852,47.09199767,5217580.224,464572.1356,7.463561,336,TRUE,5.3,400,300
559,2022/10/19 0:37,131.5333292,47.09206883,5217588.16,464567.931,7.408,341.5,TRUE,5.3,400,300
560,2022/10/19 0:37,131.5332803,47.092146,5217596.761,464564.2694,7.55616,336.7,TRUE,5.3,400,300
561,2022/10/19 0:37,131.5332338,47.0922135,5217604.287,464560.7837,6.96352,333.9,TRUE,5.3,400,300
562,2022/10/19 0:37,131.5331837,47.09228717,5217612.499,464557.0288,6.90796,342.8,TRUE,5.3,400,300
563,2022/10/19 0:37,131.5331412,47.09235517,5217620.078,464553.8471,7.852479,339.5,TRUE,5.3,400,300
564,2022/10/19 0:37,131.5330907,47.0924265,5217628.031,464550.0602,7.11168,337.8,TRUE,5.3,400,300
565,2022/10/19 0:37,131.5330533,47.09249617,5217635.793,464547.2669,7.1302,342.7,TRUE,5.3,400,300
566,2022/10/19 0:37,131.5330178,47.09254767,5217641.535,464544.6057,7.1302,337.9,TRUE,5.3,400,300
567,2022/10/19 0:37,131.5329732,47.09261433,5217648.966,464541.2637,6.81536,339.2,TRUE,5.3,400,300
568,2022/10/19 0:37,131.5329282,47.09267983,5217656.268,464537.8906,6.8524,343,TRUE,5.3,400,300
569,2022/10/19 0:37,131.532887,47.092742,5217663.198,464534.8038,6.90796,339.2,TRUE,5.3,400,300
570,2022/10/19 0:38,131.532844,47.0928085,5217670.611,464531.5832,5.72268,341.8,TRUE,5.3,400,300
571,2022/10/19 0:38,131.5328025,47.09286767,5217677.208,464528.4717,6.64868,339.1,TRUE,5.3,400,300
572,2022/10/19 0:38,131.5327543,47.09293183,5217684.362,464524.8548,7.778399,337.8,TRUE,5.3,400,300
573,2022/10/19 0:38,131.5327102,47.092994,5217691.294,464521.5478,6.79684,337.9,TRUE,5.3,399,300
574,2022/10/19 0:38,131.5326658,47.09305983,5217698.633,464518.2205,7.33392,338.3,TRUE,5.3,400,300
575,2022/10/19 0:38,131.5326342,47.093116,5217704.891,464515.8586,6.88944,339.3,TRUE,5.3,360,300
576,2022/10/19 0:38,131.532595,47.09317067,5217710.987,464512.9187,5.63008,341.8,TRUE,5.3,400,300
577,2022/10/19 0:38,131.5325575,47.09322717,5217717.285,464510.1092,7.00056,343.2,TRUE,5.3,400,300
578,2022/10/19 0:38,131.5325148,47.0932855,5217723.789,464506.906,6.13012,340.7,TRUE,5.3,400,300
579,2022/10/19 0:38,131.5324743,47.09334867,5217730.83,464503.8731,6.42644,339.3,TRUE,5.3,400,300
580,2022/10/19 0:38,131.5324365,47.09340617,5217737.24,464501.0414,6.46348,338.3,TRUE,5.3,400,300
581,2022/10/19 0:38,131.532403,47.09345317,5217742.48,464498.5292,5.8338,335.8,TRUE,5.3,400,300
582,2022/10/19 0:38,131.532371,47.09350317,5217748.054,464496.1329,6.59312,337.1,TRUE,5.3,400,300
583,2022/10/19 0:38,131.5323267,47.09356883,5217755.373,464492.8131,7.27836,335.6,TRUE,5.3,400,300
584,2022/10/19 0:38,131.532285,47.0936315,5217762.359,464489.6888,6.2042,337.5,TRUE,5.3,400,300
585,2022/10/19 0:39,131.5322382,47.09369467,5217769.403,464486.1776,7.05612,340.8,TRUE,5.3,376,300
586,2022/10/19 0:39,131.532199,47.09375633,5217776.276,464483.2424,7.3154,338.6,TRUE,5.3,400,300
587,2022/10/19 0:39,131.532162,47.09381867,5217783.223,464480.4747,7.14872,335.2,TRUE,5.3,400,300
588,2022/10/19 0:39,131.5321277,47.093876,5217789.612,464477.9087,5.07448,333.2,TRUE,5.3,400,300
589,2022/10/19 0:39,131.5320803,47.09393183,5217795.841,464474.3471,6.27828,345.1,TRUE,5.3,400,300
590,2022/10/19 0:39,131.5320347,47.093997,5217803.106,464470.9284,6.1116,340.6,TRUE,5.3,351,300
591,2022/10/19 0:39,131.5319975,47.09405483,5217809.552,464468.1426,6.50052,339.2,TRUE,5.3,400,300
592,2022/10/19 0:39,131.5319623,47.0941225,5217817.092,464465.5151,6.68572,336.7,TRUE,5.3,400,300
593,2022/10/19 0:39,131.5319102,47.09419267,5217824.916,464461.6062,7.48208,336.6,TRUE,5.3,400,300
594,2022/10/19 0:39,131.531878,47.0942535,5217831.693,464459.202,7.55616,339.9,TRUE,5.3,400,300
595,2022/10/19 0:39,131.5318315,47.09431967,5217839.071,464455.7157,7.44504,339.6,TRUE,5.3,396,300
596,2022/10/19 0:39,131.5317925,47.09438217,5217846.037,464452.7963,7.35244,340.9,TRUE,5.3,396,300
597,2022/10/19 0:39,131.531747,47.09445383,5217854.024,464449.3896,7.27836,337.4,TRUE,5.3,400,300
598,2022/10/19 0:39,131.5317018,47.0945175,5217861.123,464446.0003,7.29688,339.3,TRUE,5.3,399,300
599,2022/10/19 0:39,131.5316602,47.09458283,5217868.405,464442.8854,6.07456,334.6,TRUE,5.3,396,300
600,2022/10/19 0:40,131.5316185,47.0946435,5217875.169,464439.7599,7.53764,335.7,TRUE,5.3,400,300
601,2022/10/19 0:40,131.5315665,47.09470683,5217882.233,464435.8542,6.64868,337.1,TRUE,5.3,400,300
602,2022/10/19 0:40,131.5315345,47.09477483,5217889.807,464433.4699,7.463561,339.4,TRUE,5.3,378,300
603,2022/10/19 0:40,131.531495,47.09484517,5217897.645,464430.5179,7.3154,338.6,TRUE,5.3,400,300
604,2022/10/19 0:40,131.5314462,47.09490833,5217904.689,464426.855,7.66728,336.5,TRUE,5.3,400,300
605,2022/10/19 0:40,131.5314083,47.09497183,5217911.765,464424.0199,6.83388,339.6,TRUE,5.3,400,300
606,2022/10/19 0:40,131.5313507,47.09503283,5217918.573,464419.6875,7.20428,335.8,TRUE,5.3,400,300
607,2022/10/19 0:40,131.5313005,47.09510133,5217926.211,464415.9219,7.0376,338.9,TRUE,5.3,400,300
608,2022/10/19 0:40,131.5312533,47.0951715,5217934.034,464412.3852,7.42652,340.1,TRUE,5.3,394,300
609,2022/10/19 0:40,131.531209,47.09523967,5217941.632,464409.0673,5.70416,338.2,TRUE,5.3,397,300
610,2022/10/19 0:40,131.5311757,47.095296,5217947.91,464406.5767,6.1116,344.9,TRUE,5.3,400,300
611,2022/10/19 0:40,131.5311313,47.09536417,5217955.509,464403.2512,6.83388,340.4,TRUE,5.3,400,300
612,2022/10/19 0:40,131.5310732,47.0954335,5217963.243,464398.8865,6.81536,342.2,TRUE,5.3,400,300
613,2022/10/19 0:40,131.5310292,47.09549567,5217970.174,464395.5874,5.96344,338.6,TRUE,5.3,374,300
614,2022/10/19 0:40,131.530995,47.0955535,5217976.619,464393.0295,7.20428,336.3,TRUE,5.3,391,300
615,2022/10/19 0:41,131.5309523,47.09561533,5217983.512,464389.8289,6.87092,341.7,TRUE,5.3,400,300
616,2022/10/19 0:41,131.5309115,47.09567833,5217990.535,464386.7734,6.81536,337.3,TRUE,5.3,400,300
617,2022/10/19 0:41,131.5308652,47.095738,5217997.19,464383.2981,6.44496,331.6,TRUE,5.3,400,300
618,2022/10/19 0:41,131.5308235,47.09579867,5218003.953,464380.1727,5.57452,340.7,TRUE,5.3,400,300
619,2022/10/19 0:41,131.5308,47.0958505,5218009.726,464378.4231,6.51904,334.6,TRUE,5.3,400,300
620,2022/10/19 0:41,131.5307638,47.0959045,5218015.746,464375.7109,6.55608,338.4,TRUE,5.3,400,300
621,2022/10/19 0:41,131.530733,47.0959625,5218022.208,464373.4112,6.79684,340.6,TRUE,5.3,400,300
622,2022/10/19 0:41,131.5306808,47.09603333,5218030.106,464369.4955,6.51904,338.4,TRUE,5.3,400,300
623,2022/10/19 0:41,131.530624,47.09610033,5218037.581,464365.2279,7.24132,336.3,TRUE,5.3,400,300
624,2022/10/19 0:41,131.5305888,47.09616133,5218044.378,464362.5963,7.09316,338.4,TRUE,5.3,372,300
625,2022/10/19 0:41,131.5305597,47.09622183,5218051.117,464360.4274,6.96352,337.2,TRUE,5.3,400,300
626,2022/10/19 0:41,131.530519,47.09627383,5218056.917,464357.3722,6.25976,336.1,TRUE,5.3,398,300
627,2022/10/19 0:41,131.5304752,47.096341,5218064.404,464354.0918,7.66728,341.2,TRUE,5.3,400,300
628,2022/10/19 0:41,131.530433,47.09641033,5218072.131,464350.9342,5.57452,333.6,TRUE,5.3,400,300
629,2022/10/19 0:41,131.5303912,47.09646133,5218077.82,464347.7949,5.22264,331.4,TRUE,5.3,400,300
630,2022/10/19 0:42,131.5303683,47.0965155,5218083.852,464346.0925,7.14872,317.9,TRUE,5.3,223,300
631,2022/10/19 0:42,131.5303095,47.09655683,5218088.474,464341.6561,5.72268,261.9,FALSE,5.3,0,300
632,2022/10/19 0:42,131.5302483,47.096539,5218086.52,464336.9979,6.72276,212.9,FALSE,5.3,0,300
633,2022/10/19 0:42,131.5301408,47.09649933,5218082.159,464328.8102,6.33384,201,FALSE,5.3,0,300
634,2022/10/19 0:42,131.5300907,47.0964225,5218073.64,464324.9553,4.59296,177.6,FALSE,5.3,0,300
635,2022/10/19 0:42,131.5300755,47.0963805,5218068.978,464323.7733,0,0,FALSE,5.3,0,300
636,2022/10/19 0:42,131.5300487,47.096411,5218072.381,464321.7591,5.48192,329.1,FALSE,5.3,0,300
637,2022/10/19 0:42,131.5300092,47.09642967,5218074.474,464318.7727,1.389,313.1,FALSE,5.3,0,300
638,2022/10/19 0:42,131.5300005,47.0964375,5218075.349,464318.1175,1.72236,195.8,FALSE,5.3,0,300
639,2022/10/19 0:42,131.5299932,47.0964315,5218074.685,464317.5593,0.9815599,181.6,TRUE,5.3,215,300
640,2022/10/19 0:42,131.5299985,47.0964335,5218074.905,464317.963,0,0,FALSE,5.3,0,300
641,2022/10/19 0:42,131.5300393,47.0963965,5218070.773,464321.0357,5.72268,168.3,TRUE,5.3,376,300
642,2022/10/19 0:42,131.5300825,47.09631817,5218062.045,464324.2631,3.87068,163.3,TRUE,5.3,266,300
643,2022/10/19 0:42,131.5301183,47.096253,5218054.784,464326.9375,5.16708,158.1,TRUE,5.3,395,300
644,2022/10/19 0:42,131.5301485,47.09621233,5218050.249,464329.2031,4.74112,166.1,TRUE,5.3,400,300
645,2022/10/19 0:43,131.5301718,47.096165,5218044.976,464330.9404,5.38932,161.7,TRUE,5.3,400,300
646,2022/10/19 0:43,131.5302075,47.09611117,5218038.975,464333.6148,4.83372,166.8,TRUE,5.3,400,300
647,2022/10/19 0:43,131.5302573,47.09606267,5218033.561,464337.3632,4.75964,167.6,TRUE,5.3,400,300
648,2022/10/19 0:43,131.5302928,47.09601883,5218028.671,464340.029,4.22256,158.8,TRUE,5.3,400,300
649,2022/10/19 0:43,131.5303267,47.0959725,5218023.505,464342.5718,5.16708,166,TRUE,5.3,400,300
650,2022/10/19 0:43,131.530352,47.09592317,5218018.009,464344.4596,4.87076,166,TRUE,5.3,400,300
651,2022/10/19 0:43,131.530386,47.09587083,5218012.175,464347.006,5.66712,160.9,TRUE,5.3,400,300
652,2022/10/19 0:43,131.5304323,47.09582467,5218007.022,464350.4902,4.46332,157.4,TRUE,5.3,400,300
653,2022/10/19 0:43,131.5304742,47.09577717,5218001.722,464353.6396,4.8152,157.6,TRUE,5.3,400,300
654,2022/10/19 0:43,131.5305112,47.09572633,5217996.053,464356.4147,4.9078,160.6,TRUE,5.3,400,300
655,2022/10/19 0:43,131.5305468,47.0956815,5217991.053,464359.0875,4.66704,162.1,TRUE,5.3,400,300
656,2022/10/19 0:43,131.5305847,47.09563417,5217985.774,464361.9333,4.167,160.4,TRUE,5.3,400,300
657,2022/10/19 0:43,131.5306032,47.0955935,5217981.244,464363.3107,5.61156,156.8,TRUE,5.3,396,300
658,2022/10/19 0:43,131.530627,47.09552833,5217973.989,464365.0741,5.70416,162,TRUE,5.3,400,300
659,2022/10/19 0:43,131.5306593,47.0954775,5217968.323,464367.4924,5.44488,163.1,TRUE,5.3,400,300
660,2022/10/19 0:44,131.530707,47.095421,5217962.02,464371.0761,5.79676,159.2,TRUE,5.3,400,300
661,2022/10/19 0:44,131.5307548,47.09536833,5217956.143,464374.67,4.5374,153.9,TRUE,5.3,400,300
662,2022/10/19 0:44,131.5307883,47.09531417,5217950.106,464377.1772,6.22272,162.3,TRUE,5.3,400,300
663,2022/10/19 0:44,131.5308223,47.09525683,5217943.716,464379.7203,5.3708,162.5,TRUE,5.3,400,300
664,2022/10/19 0:44,131.530851,47.09520167,5217937.571,464381.8624,1.16676,315.1,TRUE,5.3,235,300
665,2022/10/19 0:44,131.5308418,47.0952065,5217938.112,464381.1672,0,0,FALSE,5.3,0,300
666,2022/10/19 0:44,131.5308453,47.0952065,5217938.11,464381.4329,0,0,FALSE,5.3,0,300
667,2022/10/19 0:44,131.5308475,47.09520633,5217938.091,464381.5998,0,0,FALSE,5.3,0,300
668,2022/10/19 0:44,131.5308498,47.0952055,5217937.997,464381.7739,0,0,FALSE,5.3,0,300
669,2022/10/19 0:44,131.5308513,47.095205,5217937.941,464381.8874,0,0,FALSE,5.3,0,300
670,2022/10/19 0:44,131.5308522,47.09520467,5217937.904,464381.9555,0,0,FALSE,5.3,0,300
671,2022/10/19 0:44,131.530853,47.09520433,5217937.866,464382.016,0,0,FALSE,5.3,0,300
672,2022/10/19 0:44,131.5308535,47.09520383,5217937.81,464382.0536,0,0,FALSE,5.3,0,300
673,2022/10/19 0:44,131.5308542,47.09520267,5217937.681,464382.106,0,0,FALSE,5.3,0,300
674,2022/10/19 0:44,131.5308547,47.09520217,5217937.625,464382.1436,0,0,FALSE,5.3,0,300
675,2022/10/19 0:45,131.530855,47.09520183,5217937.587,464382.1662,0,0,FALSE,5.3,0,300
676,2022/10/19 0:45,131.530855,47.09520167,5217937.569,464382.1661,0,0,FALSE,5.3,0,300
677,2022/10/19 0:45,131.5308548,47.09520167,5217937.569,464382.1509,0,0,FALSE,5.3,0,300
678,2022/10/19 0:45,131.5308553,47.0952015,5217937.55,464382.1887,0,0,FALSE,5.3,0,300
679,2022/10/19 0:45,131.5308562,47.09520167,5217937.569,464382.2572,0,0,FALSE,5.3,0,300
680,2022/10/19 0:45,131.5308573,47.09520167,5217937.568,464382.3407,0,0,FALSE,5.3,0,300
681,2022/10/19 0:45,131.5308573,47.095202,5217937.605,464382.3409,0,0,FALSE,5.3,0,300
682,2022/10/19 0:45,131.5308582,47.095202,5217937.604,464382.4093,0,0,FALSE,5.3,0,300
683,2022/10/19 0:45,131.5308588,47.09520217,5217937.623,464382.4549,0,0,FALSE,5.3,0,300
684,2022/10/19 0:45,131.5308597,47.0952025,5217937.659,464382.5235,0,86.2,FALSE,5.3,0,300
685,2022/10/19 0:45,131.5308603,47.09520283,5217937.696,464382.5692,0,0,FALSE,5.3,0,300
686,2022/10/19 0:45,131.5308608,47.0952035,5217937.77,464382.6076,0,0,FALSE,5.3,0,300
687,2022/10/19 0:45,131.5308617,47.09520417,5217937.844,464382.6764,0,0,FALSE,5.3,0,300
688,2022/10/19 0:45,131.5308625,47.0952045,5217937.88,464382.7374,0,0,FALSE,5.3,0,300
689,2022/10/19 0:45,131.5308632,47.09520483,5217937.917,464382.7907,0,0,FALSE,5.3,0,300
690,2022/10/19 0:46,131.5308633,47.09520517,5217937.954,464382.7986,0,0,FALSE,5.3,0,300
691,2022/10/19 0:46,131.5308633,47.09520517,5217937.954,464382.7986,0,0,FALSE,5.3,0,300
692,2022/10/19 0:46,131.5308635,47.09520533,5217937.972,464382.8139,0,0,FALSE,5.3,0,300
693,2022/10/19 0:46,131.5308633,47.0952055,5217937.991,464382.7988,0,0,FALSE,5.3,0,300
694,2022/10/19 0:46,131.5308635,47.09520567,5217938.01,464382.8141,0,0,FALSE,5.3,0,300
695,2022/10/19 0:46,131.5308635,47.095206,5217938.047,464382.8143,0,0,FALSE,5.3,0,300
696,2022/10/19 0:46,131.5308637,47.0952065,5217938.102,464382.8298,0,0,FALSE,5.3,0,300
697,2022/10/19 0:46,131.5308638,47.09520667,5217938.121,464382.8375,0,0,FALSE,5.3,0,300
698,2022/10/19 0:46,131.530864,47.095207,5217938.158,464382.8529,0,0,FALSE,5.3,0,300
699,2022/10/19 0:46,131.530864,47.09520733,5217938.194,464382.8531,0,0,FALSE,5.3,0,300
700,2022/10/19 0:46,131.5308642,47.0952075,5217938.213,464382.8684,0,0,FALSE,5.3,0,300
701,2022/10/19 0:46,131.5308643,47.09520767,5217938.232,464382.8761,0,0,FALSE,5.3,0,300
702,2022/10/19 0:46,131.5308643,47.09520783,5217938.25,464382.8763,0,0,FALSE,5.3,0,300
703,2022/10/19 0:46,131.5308645,47.095208,5217938.268,464382.8916,0,0,FALSE,5.3,0,300
704,2022/10/19 0:46,131.5308645,47.09520817,5217938.287,464382.8917,0,0,FALSE,5.3,0,300
705,2022/10/19 0:47,131.5308647,47.0952085,5217938.324,464382.9071,0,0,FALSE,5.3,0,300
706,2022/10/19 0:47,131.5308648,47.09520883,5217938.361,464382.9149,0,0,FALSE,5.3,0,300
707,2022/10/19 0:47,131.5308652,47.095209,5217938.379,464382.9454,0,0,FALSE,5.3,0,300
708,2022/10/19 0:47,131.5308653,47.09520917,5217938.398,464382.9531,0,0,FALSE,5.3,0,300
709,2022/10/19 0:47,131.5308655,47.09520933,5217938.416,464382.9684,0,0,FALSE,5.3,0,300
710,2022/10/19 0:47,131.5308658,47.09520967,5217938.454,464382.9914,0,0,FALSE,5.3,0,300
711,2022/10/19 0:47,131.5308658,47.09520967,5217938.454,464382.9914,0,0,FALSE,5.3,0,300
712,2022/10/19 0:47,131.5308658,47.09520983,5217938.471,464382.9915,0,0,FALSE,5.3,0,300
713,2022/10/19 0:47,131.530866,47.09521,5217938.49,464383.0068,0,0,FALSE,5.3,0,300
714,2022/10/19 0:47,131.5308658,47.09521,5217938.49,464382.9916,0,0,FALSE,5.3,0,300
715,2022/10/19 0:47,131.5308657,47.09521,5217938.49,464382.984,0,0,FALSE,5.3,0,300
716,2022/10/19 0:47,131.5308657,47.09521,5217938.49,464382.984,0,0,FALSE,5.3,0,300
717,2022/10/19 0:47,131.5308655,47.09521017,5217938.509,464382.9689,0,86.3,FALSE,5.3,0,300
718,2022/10/19 0:47,131.5308655,47.09521017,5217938.509,464382.9689,0,0,FALSE,5.3,0,300
719,2022/10/19 0:47,131.5308653,47.09521017,5217938.509,464382.9537,0,0,FALSE,5.3,0,300
720,2022/10/19 0:48,131.5308653,47.09521033,5217938.527,464382.9538,0,0,FALSE,5.3,0,300
721,2022/10/19 0:48,131.5308652,47.09521033,5217938.527,464382.9463,0,0,FALSE,5.3,0,300
722,2022/10/19 0:48,131.530865,47.0952105,5217938.546,464382.9312,0,0,FALSE,5.3,0,300
723,2022/10/19 0:48,131.5308652,47.09521067,5217938.565,464382.9465,0,86.3,FALSE,5.3,0,300
724,2022/10/19 0:48,131.5308648,47.09521083,5217938.583,464382.9162,0,0,FALSE,5.3,0,300
725,2022/10/19 0:48,131.5308648,47.095211,5217938.602,464382.9163,0,0,FALSE,5.3,0,300
726,2022/10/19 0:48,131.530865,47.095211,5217938.602,464382.9315,0,0,FALSE,5.3,0,300
727,2022/10/19 0:48,131.5308652,47.09521117,5217938.621,464382.9468,0,0,FALSE,5.3,0,300
728,2022/10/19 0:48,131.5308655,47.09521133,5217938.638,464382.9697,0,0,FALSE,5.3,0,300
729,2022/10/19 0:48,131.5308655,47.0952115,5217938.657,464382.9698,0,0,FALSE,5.3,0,300
730,2022/10/19 0:48,131.5308655,47.09521167,5217938.676,464382.9699,0,0,FALSE,5.3,0,300
731,2022/10/19 0:48,131.5308657,47.09521183,5217938.694,464382.9852,0,0,FALSE,5.3,0,300
732,2022/10/19 0:48,131.5308658,47.095212,5217938.713,464382.9929,0,0,FALSE,5.3,0,300
733,2022/10/19 0:48,131.5308663,47.095212,5217938.712,464383.0309,0,0,FALSE,5.3,0,300
734,2022/10/19 0:48,131.5308667,47.09521217,5217938.731,464383.0614,0,0,FALSE,5.3,0,300
735,2022/10/19 0:49,131.530867,47.09521233,5217938.749,464383.0842,0,86.3,FALSE,5.3,0,300
736,2022/10/19 0:49,131.5308673,47.0952125,5217938.767,464383.1071,0,0,FALSE,5.3,0,300
737,2022/10/19 0:49,131.5308673,47.0952125,5217938.767,464383.1071,0,0,FALSE,5.3,0,300
738,2022/10/19 0:49,131.5308673,47.09521267,5217938.786,464383.1072,0,0,FALSE,5.3,0,300
739,2022/10/19 0:49,131.5308675,47.0952125,5217938.767,464383.1223,0,0,FALSE,5.3,0,300
740,2022/10/19 0:49,131.5308677,47.0952125,5217938.767,464383.1375,0,0,FALSE,5.3,0,300
741,2022/10/19 0:49,131.5308677,47.0952125,5217938.767,464383.1375,0,0,FALSE,5.3,0,300
742,2022/10/19 0:49,131.5308678,47.0952125,5217938.767,464383.1451,0,0,FALSE,5.3,0,300
743,2022/10/19 0:49,131.530868,47.09521233,5217938.748,464383.1602,0,0,FALSE,5.3,0,300
744,2022/10/19 0:49,131.530868,47.09521233,5217938.748,464383.1602,0,0,FALSE,5.3,0,300
745,2022/10/19 0:49,131.530868,47.09521217,5217938.73,464383.1601,0,0,FALSE,5.3,0,300
746,2022/10/19 0:49,131.5308678,47.09521217,5217938.731,464383.1449,0,0,FALSE,5.3,0,300
747,2022/10/19 0:49,131.530868,47.09521217,5217938.73,464383.1601,0,0,FALSE,5.3,0,300
748,2022/10/19 0:49,131.5308678,47.09521233,5217938.748,464383.145,0,0,FALSE,5.3,0,300
749,2022/10/19 0:49,131.5308678,47.09521233,5217938.748,464383.145,0,0,FALSE,5.3,0,300
750,2022/10/19 0:50,131.5308678,47.09521233,5217938.748,464383.145,0,0,FALSE,5.3,0,300
751,2022/10/19 0:50,131.5308677,47.09521233,5217938.748,464383.1374,0,0,FALSE,5.3,0,300
752,2022/10/19 0:50,131.5308675,47.0952125,5217938.767,464383.1223,0,0,FALSE,5.3,0,300
753,2022/10/19 0:50,131.5308673,47.0952125,5217938.767,464383.1071,0,0,FALSE,5.3,0,300
754,2022/10/19 0:50,131.5308672,47.0952125,5217938.768,464383.0995,0,0,FALSE,5.3,0,300
755,2022/10/19 0:50,131.530867,47.09521267,5217938.787,464383.0845,0,0,FALSE,5.3,0,300
756,2022/10/19 0:50,131.5308668,47.09521267,5217938.787,464383.0693,0,0,FALSE,5.3,0,300
757,2022/10/19 0:50,131.5308667,47.09521267,5217938.787,464383.0617,0,0,FALSE,5.3,0,300
758,2022/10/19 0:50,131.5308667,47.09521267,5217938.787,464383.0617,0,0,FALSE,5.3,0,300
759,2022/10/19 0:50,131.5308665,47.09521267,5217938.787,464383.0465,0,0,FALSE,5.3,0,300
760,2022/10/19 0:50,131.5308663,47.09521267,5217938.787,464383.0313,0,0,FALSE,5.3,0,300
761,2022/10/19 0:50,131.5308662,47.09521267,5217938.787,464383.0237,0,0,FALSE,5.3,0,300
762,2022/10/19 0:50,131.5308658,47.0952125,5217938.768,464382.9933,0,0,FALSE,5.3,0,300
763,2022/10/19 0:50,131.5308657,47.0952125,5217938.768,464382.9857,0,0,FALSE,5.3,0,300
764,2022/10/19 0:50,131.5308655,47.0952125,5217938.768,464382.9705,0,0,FALSE,5.3,0,300
765,2022/10/19 0:51,131.5308653,47.09521233,5217938.749,464382.9552,0,86.3,FALSE,5.3,0,300
766,2022/10/19 0:51,131.5308653,47.09521233,5217938.749,464382.9552,0,0,FALSE,5.3,0,300
767,2022/10/19 0:51,131.5308652,47.09521233,5217938.75,464382.9476,0,0,FALSE,5.3,0,300
768,2022/10/19 0:51,131.530865,47.09521233,5217938.75,464382.9324,0,0,FALSE,5.3,0,300
769,2022/10/19 0:51,131.5308648,47.09521217,5217938.732,464382.9171,0,0,FALSE,5.3,0,300
770,2022/10/19 0:51,131.5308648,47.095212,5217938.713,464382.917,0,0,FALSE,5.3,0,300
771,2022/10/19 0:51,131.5308648,47.095212,5217938.713,464382.917,0,86.3,FALSE,5.3,0,300
772,2022/10/19 0:51,131.5308648,47.095212,5217938.713,464382.917,0,0,FALSE,5.3,0,300
773,2022/10/19 0:51,131.5308647,47.09521183,5217938.694,464382.9093,0,0,FALSE,0,0,300
774,2022/10/19 0:51,131.5308643,47.09521183,5217938.694,464382.8789,0,0,FALSE,0,0,300
775,2022/10/19 0:51,131.5308642,47.09521167,5217938.677,464382.8712,0,0,FALSE,5.3,0,300
776,2022/10/19 0:51,131.5308642,47.09521167,5217938.677,464382.8712,0,0,FALSE,5.3,0,300
777,2022/10/19 0:51,131.530864,47.09521167,5217938.677,464382.856,0,0,FALSE,5.3,0,300
778,2022/10/19 0:51,131.530864,47.0952115,5217938.658,464382.8559,0,86.3,FALSE,5.3,0,300
779,2022/10/19 0:51,131.530864,47.0952115,5217938.658,464382.8559,0,0,FALSE,5.3,0,300
780,2022/10/19 0:52,131.5308638,47.0952115,5217938.658,464382.8407,0,0,FALSE,5.3,0,300
781,2022/10/19 0:52,131.5308638,47.0952115,5217938.658,464382.8407,0,0,FALSE,5.3,0,300
782,2022/10/19 0:52,131.5308638,47.09521133,5217938.639,464382.8406,0,0,FALSE,5.3,0,300
783,2022/10/19 0:52,131.5308638,47.09521133,5217938.639,464382.8406,0,0,FALSE,5.3,0,300
784,2022/10/19 0:52,131.5308638,47.09521133,5217938.639,464382.8406,0,0,FALSE,5.3,0,300
785,2022/10/19 0:52,131.5308638,47.09521133,5217938.639,464382.8406,0,0,FALSE,5.3,0,300
786,2022/10/19 0:52,131.5308638,47.09521133,5217938.639,464382.8406,0,0,FALSE,5.3,0,300
787,2022/10/19 0:52,131.5308638,47.09521133,5217938.639,464382.8406,0,0,FALSE,5.3,0,300
788,2022/10/19 0:52,131.5308638,47.09521133,5217938.639,464382.8406,0,0,FALSE,5.3,0,300
789,2022/10/19 0:52,131.5308638,47.09521133,5217938.639,464382.8406,0,0,FALSE,5.3,0,300
790,2022/10/19 0:52,131.530864,47.09521133,5217938.639,464382.8558,0,0,FALSE,5.3,0,300
791,2022/10/19 0:52,131.530864,47.09521133,5217938.639,464382.8558,0,0,FALSE,5.3,0,300
792,2022/10/19 0:52,131.5308642,47.09521133,5217938.639,464382.871,0,0,FALSE,5.3,0,300
793,2022/10/19 0:52,131.5308642,47.09521133,5217938.639,464382.871,0,0,FALSE,5.3,0,300
794,2022/10/19 0:52,131.5308642,47.09521133,5217938.639,464382.871,0,0,FALSE,5.3,0,300
795,2022/10/19 0:53,131.5308642,47.09521133,5217938.639,464382.871,0,0,FALSE,5.3,0,300
796,2022/10/19 0:53,131.5308642,47.09521133,5217938.639,464382.871,0,0,FALSE,5.3,0,300
797,2022/10/19 0:53,131.5308643,47.0952115,5217938.658,464382.8787,0,0,FALSE,5.3,0,300
798,2022/10/19 0:53,131.5308643,47.0952115,5217938.658,464382.8787,0,0,FALSE,5.3,0,300
799,2022/10/19 0:53,131.5308643,47.0952115,5217938.658,464382.8787,0,0,FALSE,5.3,0,300
800,2022/10/19 0:53,131.5308643,47.0952115,5217938.658,464382.8787,0,0,FALSE,5.3,0,300
801,2022/10/19 0:53,131.5308645,47.0952115,5217938.658,464382.8939,0,0,FALSE,5.3,0,300
802,2022/10/19 0:53,131.5308645,47.0952115,5217938.658,464382.8939,0,0,FALSE,5.3,0,300
803,2022/10/19 0:53,131.5308647,47.0952115,5217938.657,464382.9091,0,0,FALSE,5.3,0,300
804,2022/10/19 0:53,131.5308647,47.0952115,5217938.657,464382.9091,0,0,FALSE,5.3,0,300
805,2022/10/19 0:53,131.5308647,47.0952115,5217938.657,464382.9091,0,0,FALSE,5.3,0,300
806,2022/10/19 0:53,131.5308647,47.09521167,5217938.676,464382.9092,0,0,FALSE,5.3,0,300
807,2022/10/19 0:53,131.5308645,47.09521167,5217938.676,464382.894,0,0,FALSE,5.3,0,300
808,2022/10/19 0:53,131.5308645,47.09521167,5217938.676,464382.894,0,0,FALSE,5.3,0,300
809,2022/10/19 0:53,131.5308643,47.0952115,5217938.658,464382.8787,0,0,FALSE,5.3,0,300
810,2022/10/19 0:54,131.5308643,47.0952115,5217938.658,464382.8787,0,0,FALSE,5.3,0,300
811,2022/10/19 0:54,131.5308643,47.0952115,5217938.658,464382.8787,0,0,FALSE,5.3,0,300
812,2022/10/19 0:54,131.5308643,47.0952115,5217938.658,464382.8787,0,0,FALSE,5.3,0,300
813,2022/10/19 0:54,131.5308643,47.0952115,5217938.658,464382.8787,0,0,FALSE,5.3,0,300
814,2022/10/19 0:54,131.5308643,47.09521167,5217938.677,464382.8788,0,0,FALSE,5.3,0,300
815,2022/10/19 0:54,131.5308643,47.09521167,5217938.677,464382.8788,0,0,FALSE,5.3,0,300
816,2022/10/19 0:54,131.5308643,47.09521167,5217938.677,464382.8788,0,0,FALSE,5.3,0,300
817,2022/10/19 0:54,131.5308643,47.09521167,5217938.677,464382.8788,0,0,FALSE,5.3,0,300
818,2022/10/19 0:54,131.5308643,47.09521183,5217938.694,464382.8789,0,0,FALSE,5.3,0,300
819,2022/10/19 0:54,131.5308643,47.09521183,5217938.694,464382.8789,0,0,FALSE,5.3,0,300
820,2022/10/19 0:54,131.5308643,47.09521183,5217938.694,464382.8789,0,0,FALSE,5.3,0,300
821,2022/10/19 0:54,131.5308643,47.095212,5217938.713,464382.879,0,0,FALSE,5.3,0,300
822,2022/10/19 0:54,131.5308643,47.095212,5217938.713,464382.879,0,0,FALSE,5.3,0,300
823,2022/10/19 0:54,131.5308643,47.095212,5217938.713,464382.879,0,0,FALSE,5.3,0,300
824,2022/10/19 0:54,131.5308643,47.095212,5217938.713,464382.879,0,0,FALSE,5.3,0,300
825,2022/10/19 0:55,131.5308642,47.095212,5217938.713,464382.8714,0,0,FALSE,5.3,0,300
826,2022/10/19 0:55,131.5308642,47.09521217,5217938.732,464382.8716,0,0,FALSE,5.3,0,300
827,2022/10/19 0:55,131.5308642,47.09521217,5217938.732,464382.8716,0,0,FALSE,5.3,0,300
828,2022/10/19 0:55,131.5308642,47.09521217,5217938.732,464382.8716,0,0,FALSE,5.3,0,300
829,2022/10/19 0:55,131.5308642,47.09521217,5217938.732,464382.8716,0,0,FALSE,5.3,0,300
830,2022/10/19 0:55,131.5308642,47.09521233,5217938.75,464382.8717,0,0,FALSE,5.3,0,300
831,2022/10/19 0:55,131.5308642,47.09521233,5217938.75,464382.8717,0,0,FALSE,5.3,0,300
832,2022/10/19 0:55,131.5308642,47.09521233,5217938.75,464382.8717,0,0,FALSE,5.3,0,300
833,2022/10/19 0:55,131.5308643,47.09521233,5217938.75,464382.8793,0,0,FALSE,5.3,0,300
834,2022/10/19 0:55,131.5308643,47.09521233,5217938.75,464382.8793,0,0,FALSE,5.3,0,300
835,2022/10/19 0:55,131.5308642,47.09521233,5217938.75,464382.8717,0,0,FALSE,5.3,0,300
836,2022/10/19 0:55,131.5308642,47.09521233,5217938.75,464382.8717,0,0,FALSE,5.3,0,300
837,2022/10/19 0:55,131.5308642,47.0952125,5217938.769,464382.8718,0,0,FALSE,5.3,0,300
838,2022/10/19 0:55,131.5308642,47.0952125,5217938.769,464382.8718,0,0,FALSE,5.3,0,300
839,2022/10/19 0:55,131.530864,47.0952125,5217938.769,464382.8566,0,0,FALSE,5.3,0,300
840,2022/10/19 0:56,131.530864,47.0952125,5217938.769,464382.8566,0,0,FALSE,5.3,0,300
841,2022/10/19 0:56,131.530864,47.0952125,5217938.769,464382.8566,0,0,FALSE,5.3,0,300
842,2022/10/19 0:56,131.530864,47.0952125,5217938.769,464382.8566,0,0,FALSE,5.3,0,300
843,2022/10/19 0:56,131.530864,47.0952125,5217938.769,464382.8566,0,0,FALSE,5.3,0,300
844,2022/10/19 0:56,131.530864,47.0952125,5217938.769,464382.8566,0,0,FALSE,5.3,0,300
845,2022/10/19 0:56,131.5308638,47.0952125,5217938.769,464382.8414,0,0,FALSE,5.3,0,300
846,2022/10/19 0:56,131.530868,47.0952025,5217937.655,464383.1536,4.33368,165.9,TRUE,5.3,400,300
847,2022/10/19 0:56,131.530881,47.09512883,5217929.459,464384.0915,5.05596,161.7,TRUE,5.3,400,300
848,2022/10/19 0:56,131.5309127,47.09506617,5217922.479,464386.4564,4.9078,164.5,TRUE,5.3,400,300
849,2022/10/19 0:56,131.5309382,47.0950115,5217916.39,464388.3559,6.03752,164.9,TRUE,5.3,400,300
850,2022/10/19 0:56,131.5309603,47.09496367,5217911.062,464390.0019,5.3708,169.1,TRUE,5.3,395,300
851,2022/10/19 0:56,131.5309972,47.09491517,5217905.653,464392.771,5.33376,160.6,TRUE,5.3,400,300
852,2022/10/19 0:56,131.5310285,47.094867,5217900.284,464395.1152,5.48192,162.9,TRUE,5.3,400,300
853,2022/10/19 0:56,131.5310587,47.09481733,5217894.748,464397.375,5.87084,155.7,TRUE,5.3,400,300
854,2022/10/19 0:56,131.5310933,47.09476583,5217889.007,464399.9675,5.88936,165.9,TRUE,5.3,400,300
855,2022/10/19 0:57,131.5311083,47.09471067,5217882.868,464401.0696,5.11152,164.6,TRUE,5.3,400,300
856,2022/10/19 0:57,131.5311378,47.09465783,5217876.98,464403.274,4.87076,165.7,TRUE,5.3,400,300
857,2022/10/19 0:57,131.5311603,47.09461083,5217871.745,464404.9509,4.66704,172.3,TRUE,5.3,400,300
858,2022/10/19 0:57,131.5311775,47.0945575,5217865.808,464406.2213,5.72268,166.7,TRUE,5.3,400,300
859,2022/10/19 0:57,131.5312252,47.09450967,5217860.469,464409.8108,6.25976,164.4,TRUE,5.3,400,300
860,2022/10/19 0:57,131.5312643,47.09445567,5217854.448,464412.7434,5.31524,140.4,TRUE,5.3,400,300
861,2022/10/19 0:57,131.531318,47.09439733,5217847.938,464416.7815,5.556,142.8,TRUE,5.3,400,300
862,2022/10/19 0:57,131.5313485,47.09434583,5217842.199,464419.0628,5.13004,160.7,TRUE,5.3,400,300
863,2022/10/19 0:57,131.5313695,47.09430133,5217837.242,464420.6276,4.59296,179.2,TRUE,5.3,400,300
864,2022/10/19 0:57,131.531387,47.0942445,5217830.916,464421.9183,5.3708,169.3,TRUE,5.3,400,300
865,2022/10/19 0:57,131.5314232,47.09419983,5217825.934,464424.637,5.33376,165.3,TRUE,5.3,400,300
866,2022/10/19 0:57,131.5314612,47.09415367,5217820.785,464427.4913,5.07448,162.4,TRUE,5.3,400,300
867,2022/10/19 0:57,131.5314948,47.0941075,5217815.636,464430.0115,4.64852,158.5,TRUE,5.3,400,300
868,2022/10/19 0:57,131.5315298,47.094053,5217809.562,464432.6325,5.53748,159.4,TRUE,5.3,400,300
869,2022/10/19 0:57,131.5315795,47.094002,5217803.869,464436.3719,6.18568,155.5,TRUE,5.3,400,300
870,2022/10/19 0:58,131.5316072,47.09395267,5217798.372,464438.4421,5.6486,160.7,TRUE,5.3,400,300
871,2022/10/19 0:58,131.5316433,47.09390283,5217792.815,464441.1497,5.14856,157,TRUE,5.3,400,300
872,2022/10/19 0:58,131.5316855,47.09385083,5217787.015,464444.319,5.05596,157.1,TRUE,5.3,400,300
873,2022/10/19 0:58,131.5317102,47.093795,5217780.797,464446.1572,5.13004,161.3,TRUE,5.3,400,300
874,2022/10/19 0:58,131.5317445,47.09374733,5217775.482,464448.7296,5.75972,159.6,TRUE,5.3,400,300
875,2022/10/19 0:58,131.5317857,47.09369083,5217769.182,464451.82,6.81536,157.5,TRUE,5.3,400,300
876,2022/10/19 0:58,131.5318235,47.09361767,5217761.031,464454.6412,6.16716,156.8,TRUE,5.3,400,300
877,2022/10/19 0:58,131.531858,47.09355367,5217753.901,464457.218,6.72276,158,TRUE,5.3,400,300
878,2022/10/19 0:58,131.5318935,47.0934905,5217746.862,464459.8712,7.09316,154.7,TRUE,5.3,400,300
879,2022/10/19 0:58,131.5319407,47.0934185,5217738.836,464463.4069,6.50052,159.4,TRUE,5.3,400,300
880,2022/10/19 0:58,131.5319873,47.09335533,5217731.792,464466.9029,6.74128,156.3,TRUE,5.3,400,300
881,2022/10/19 0:58,131.5320202,47.09329433,5217724.996,464469.3602,6.7598,156.1,TRUE,5.3,400,300
882,2022/10/19 0:58,131.5320632,47.0932215,5217716.879,464472.5764,7.408,156.8,TRUE,5.3,400,300
883,2022/10/19 0:58,131.5321067,47.09316383,5217710.448,464475.8408,7.09316,164.2,TRUE,5.3,400,300
884,2022/10/19 0:58,131.53216,47.093105,5217703.884,464479.8484,7.24132,155.9,TRUE,5.3,400,300
885,2022/10/19 0:59,131.5322142,47.093044,5217697.078,464483.9229,6.8524,156.6,TRUE,5.3,400,300
886,2022/10/19 0:59,131.5322468,47.09296767,5217688.577,464486.3472,7.09316,159.9,TRUE,5.3,375,300
887,2022/10/19 0:59,131.5322843,47.09291017,5217682.168,464489.1562,5.59304,157.5,TRUE,5.3,400,300
888,2022/10/19 0:59,131.5323335,47.09286,5217676.568,464492.8583,7.1302,160.6,TRUE,5.3,400,300
889,2022/10/19 0:59,131.5323835,47.09279117,5217668.893,464496.6087,7.42652,158.8,TRUE,5.3,400,300
890,2022/10/19 0:59,131.5324288,47.0927235,5217661.349,464500.0031,7.24132,154.6,TRUE,5.3,400,300
891,2022/10/19 0:59,131.5324725,47.09265317,5217653.511,464503.2743,7.29688,155.1,TRUE,5.3,400,300
892,2022/10/19 0:59,131.5325093,47.092586,5217646.027,464506.0236,7.0376,159.9,TRUE,5.3,400,300
893,2022/10/19 0:59,131.5325518,47.09251467,5217638.078,464509.203,6.90796,156.4,TRUE,5.3,400,300
894,2022/10/19 0:59,131.5325863,47.09245317,5217631.225,464511.7816,4.77816,161.2,TRUE,5.3,384,300
895,2022/10/19 0:59,131.532633,47.09240867,5217626.256,464515.2977,6.7598,156.2,TRUE,5.3,400,300
896,2022/10/19 0:59,131.5326745,47.0923485,5217619.548,464518.4086,6.16716,155.7,TRUE,5.3,400,300
897,2022/10/19 0:59,131.5327208,47.092282,5217612.134,464521.8797,5.87084,155.7,TRUE,5.3,400,300
898,2022/10/19 0:59,131.5327563,47.09222533,5217605.818,464524.5374,7.5006,156.5,TRUE,5.3,400,300
899,2022/10/19 0:59,131.5328107,47.09216617,5217599.217,464528.6285,6.64868,157.9,TRUE,5.3,400,300
900,2022/10/19 1:00,131.5328572,47.09209667,5217591.469,464532.1128,7.66728,161.4,TRUE,5.3,400,300
901,2022/10/19 1:00,131.5328923,47.0920305,5217584.097,464534.7339,7.1302,157.6,TRUE,5.3,400,300
902,2022/10/19 1:00,131.5329443,47.09196917,5217577.255,464538.6413,6.92648,154.5,TRUE,5.3,400,300
903,2022/10/19 1:00,131.5329868,47.09190217,5217569.787,464541.8236,7.01908,160.8,TRUE,5.3,400,300
904,2022/10/19 1:00,131.5330262,47.09183483,5217562.283,464544.7704,7.27836,161.2,TRUE,5.3,400,300
905,2022/10/19 1:00,131.5330675,47.091773,5217555.39,464547.8651,6.96352,154.1,TRUE,5.3,400,300
906,2022/10/19 1:00,131.533107,47.09171333,5217548.739,464550.8245,5.85232,156.7,TRUE,5.3,400,300
907,2022/10/19 1:00,131.5331447,47.09164967,5217541.645,464553.6447,7.07464,156.2,TRUE,5.3,400,300
908,2022/10/19 1:00,131.5331868,47.09158233,5217534.139,464556.7965,5.88936,159.8,TRUE,5.3,393,300
909,2022/10/19 1:00,131.5332263,47.091523,5217527.525,464559.7562,6.42644,157.5,TRUE,5.3,400,300
910,2022/10/19 1:00,131.5332663,47.0914585,5217520.337,464562.7505,7.72284,156.8,TRUE,5.3,400,300
911,2022/10/19 1:00,131.533311,47.09138983,5217512.682,464566.0988,7.14872,157.2,TRUE,5.3,400,300
912,2022/10/19 1:00,131.533357,47.0913325,5217506.288,464569.5534,7.3154,155.3,TRUE,5.3,400,300
913,2022/10/19 1:00,131.5334038,47.09127,5217499.318,464573.0653,7.09316,156.1,TRUE,5.3,400,300
914,2022/10/19 1:00,131.5334405,47.09119917,5217491.427,464575.8048,7.2228,156.2,TRUE,5.3,400,300
915,2022/10/19 1:01,131.5334938,47.09113267,5217484.01,464579.8076,7.64876,160.9,TRUE,5.3,400,300
916,2022/10/19 1:01,131.5335445,47.09106333,5217476.279,464583.6111,7.18576,153.4,TRUE,5.3,379,300
917,2022/10/19 1:01,131.533595,47.09099533,5217468.696,464587.4003,6.482,160.8,TRUE,5.3,397,300
918,2022/10/19 1:01,131.5336338,47.090929,5217461.305,464590.3023,7.2228,162.2,TRUE,5.3,400,300
919,2022/10/19 1:01,131.5336707,47.09087167,5217454.914,464593.066,7.53764,156.7,TRUE,5.3,400,300
920,2022/10/19 1:01,131.5337168,47.09080183,5217447.129,464596.5199,7.2228,157.8,TRUE,5.3,400,300
921,2022/10/19 1:01,131.533758,47.090736,5217439.792,464599.6045,8.07472,155.4,TRUE,5.3,400,300
922,2022/10/19 1:01,131.5338028,47.090661,5217431.434,464602.9563,7.64876,158.5,TRUE,5.3,400,300
923,2022/10/19 1:01,131.5338515,47.09058517,5217422.982,464606.6037,7.20428,156.5,TRUE,5.3,400,300
924,2022/10/19 1:01,131.5339,47.0905215,5217415.881,464610.244,6.37088,162.3,TRUE,5.3,384,300
925,2022/10/19 1:01,131.5339405,47.0904555,5217408.526,464613.2754,7.42652,157,TRUE,5.3,400,300
926,2022/10/19 1:01,131.5339862,47.09038767,5217400.964,464616.7003,6.98204,155.6,TRUE,5.3,400,300
927,2022/10/19 1:01,131.5340362,47.090327,5217394.197,464620.4565,7.37096,161.5,TRUE,5.3,400,300
928,2022/10/19 1:01,131.5340783,47.0902645,5217387.229,464623.6117,6.72276,160.2,TRUE,5.3,370,300
929,2022/10/19 1:01,131.5341408,47.09017217,5217376.937,464628.296,7.55616,155.1,TRUE,5.3,400,300
930,2022/10/19 1:02,131.534195,47.09009833,5217368.703,464632.3624,7.57468,153.3,TRUE,5.3,400,300
931,2022/10/19 1:02,131.5342297,47.09003567,5217361.721,464634.9557,8.13028,156.6,TRUE,5.3,400,300
932,2022/10/19 1:02,131.5342778,47.08997633,5217355.103,464638.5685,6.3894,161.8,TRUE,5.3,400,300
933,2022/10/19 1:02,131.5343102,47.08991567,5217348.344,464640.9884,7.57468,140.6,FALSE,5.3,0,300
934,2022/10/19 1:02,131.5344043,47.08987617,5217343.91,464648.1071,6.05604,76.2,FALSE,5.3,0,300
935,2022/10/19 1:02,131.5344738,47.0899085,5217347.473,464653.4055,7.72284,7.6,FALSE,5.3,0,300
936,2022/10/19 1:02,131.5344982,47.08996717,5217353.985,464655.297,5.8338,2.9,FALSE,5.3,0,300
937,2022/10/19 1:02,131.5345015,47.0900355,5217361.58,464655.5928,6.68572,349.7,FALSE,5.3,0,300
938,2022/10/19 1:02,131.5344848,47.09010883,5217369.739,464654.3733,6.09308,346.7,FALSE,5.3,0,300
939,2022/10/19 1:02,131.5344502,47.09017117,5217376.686,464651.7874,5.44488,343.9,TRUE,5.3,400,300
940,2022/10/19 1:02,131.5344245,47.09021733,5217381.829,464649.8666,5.98196,340.2,TRUE,5.3,400,300
941,2022/10/19 1:02,131.5343858,47.090268,5217387.479,464646.9618,5.7412,336.8,TRUE,5.3,400,300
942,2022/10/19 1:02,131.5343322,47.09033733,5217395.211,464642.9379,7.63024,334.5,TRUE,5.3,400,300
943,2022/10/19 1:02,131.5342898,47.09040483,5217402.735,464639.7633,7.27836,337.2,TRUE,5.3,400,300
944,2022/10/19 1:02,131.5342408,47.0904845,5217411.614,464636.0956,7.53764,336.6,TRUE,5.3,400,300
945,2022/10/19 1:03,131.5341885,47.09055183,5217419.123,464632.1691,6.8524,340.1,TRUE,5.3,400,300
946,2022/10/19 1:03,131.5341398,47.09061883,5217426.593,464628.5158,7.20428,335.2,TRUE,5.3,400,300
947,2022/10/19 1:03,131.5340877,47.090691,5217434.64,464624.6078,6.79684,339.1,TRUE,5.3,400,300
948,2022/10/19 1:03,131.534032,47.09076033,5217442.373,464620.4246,7.33392,340.2,TRUE,5.3,400,300
949,2022/10/19 1:03,131.5339885,47.09082783,5217449.897,464617.1665,6.81536,335.1,TRUE,5.3,400,300
950,2022/10/19 1:03,131.533946,47.09089917,5217457.847,464613.9868,7.29688,336.3,TRUE,5.3,400,300
951,2022/10/19 1:03,131.5339002,47.09097,5217465.742,464610.5563,7.2228,338.5,TRUE,5.3,400,300
952,2022/10/19 1:03,131.5338492,47.09103533,5217473.028,464606.7273,7.35244,338.5,TRUE,5.3,400,300
953,2022/10/19 1:03,131.5338033,47.09110417,5217480.702,464603.2879,7.852479,337.9,TRUE,5.3,400,300
954,2022/10/19 1:03,131.5337572,47.09117883,5217489.023,464599.8372,7.20428,331.9,TRUE,5.3,400,300
955,2022/10/19 1:03,131.5337072,47.09125033,5217496.994,464596.0882,8.00064,340.5,TRUE,5.3,400,300
956,2022/10/19 1:03,131.5336597,47.09132017,5217504.78,464592.528,7.72284,337.4,TRUE,5.3,400,300
957,2022/10/19 1:03,131.5336162,47.09138383,5217511.877,464589.2674,7.48208,340.6,TRUE,5.3,400,300
958,2022/10/19 1:03,131.5335735,47.091454,5217519.697,464586.0719,7.98212,338.5,TRUE,5.3,400,300
959,2022/10/19 1:03,131.5335275,47.09152217,5217527.297,464582.6245,7.20428,332.7,TRUE,5.3,400,300
960,2022/10/19 1:04,131.5334787,47.09159233,5217535.119,464578.9659,7.42652,336.6,TRUE,5.3,400,300
961,2022/10/19 1:04,131.5334292,47.091661,5217542.775,464575.2531,7.72284,340.3,TRUE,5.3,400,300
962,2022/10/19 1:04,131.5333892,47.09172767,5217550.205,464572.2603,7.79692,334.9,TRUE,5.3,400,300
963,2022/10/19 1:04,131.5333562,47.09179033,5217557.186,464569.7963,7.66728,333.3,TRUE,5.3,400,300
964,2022/10/19 1:04,131.5333027,47.0918585,5217564.789,464565.7795,7.42652,336.6,TRUE,5.3,400,300
965,2022/10/19 1:04,131.5332602,47.09192883,5217572.627,464562.5993,7.66728,335,TRUE,5.3,400,300
966,2022/10/19 1:04,131.5332217,47.09198867,5217579.297,464559.7159,6.96352,337.7,TRUE,5.3,400,300
967,2022/10/19 1:04,131.5331773,47.09205533,5217586.728,464556.389,7.18576,338,TRUE,5.3,400,300
968,2022/10/19 1:04,131.5331352,47.09212017,5217593.956,464553.2356,5.556,338.7,TRUE,5.3,400,300
969,2022/10/19 1:04,131.5330895,47.09217867,5217600.48,464549.8046,6.79684,336.4,TRUE,5.3,400,300
970,2022/10/19 1:04,131.5330448,47.092243,5217607.652,464546.4535,5.98196,340,TRUE,5.3,400,300
971,2022/10/19 1:04,131.5330095,47.0923035,5217614.394,464543.8135,6.55608,339.2,TRUE,5.3,400,300
972,2022/10/19 1:04,131.5329705,47.09236717,5217621.49,464540.8947,6.5746,338.4,TRUE,5.3,400,300
973,2022/10/19 1:04,131.5329285,47.092429,5217628.383,464537.7469,6.3894,338.3,TRUE,5.3,400,300
974,2022/10/19 1:04,131.5328863,47.09249,5217635.183,464534.5834,6.98204,337.5,TRUE,5.3,400,300
975,2022/10/19 1:05,131.5328478,47.09255417,5217642.335,464531.7029,6.33384,337.8,TRUE,5.3,400,300
976,2022/10/19 1:05,131.5328117,47.09260667,5217648.188,464528.9969,6.51904,336.9,TRUE,5.3,400,300
977,2022/10/19 1:05,131.532778,47.092659,5217654.02,464526.473,5.6486,337.1,TRUE,5.3,400,300
978,2022/10/19 1:05,131.5327388,47.09271633,5217660.412,464523.5348,7.00056,332.4,TRUE,5.3,400,300
979,2022/10/19 1:05,131.532694,47.09277683,5217667.158,464520.1736,6.98204,345.7,TRUE,5.3,400,300
980,2022/10/19 1:05,131.53266,47.09283283,5217673.399,464517.6294,5.59304,336.4,TRUE,5.3,400,300
981,2022/10/19 1:05,131.5326197,47.09288533,5217679.254,464514.6045,6.33384,337.3,TRUE,5.3,400,300
982,2022/10/19 1:05,131.5325973,47.09293833,5217685.156,464512.939,5.53748,338.8,TRUE,5.3,400,300
983,2022/10/19 1:05,131.532567,47.092985,5217690.358,464510.6695,6.1116,340.1,TRUE,5.3,400,300
984,2022/10/19 1:05,131.5325292,47.09304167,5217696.676,464507.8373,5.66712,334.7,TRUE,5.3,400,300
985,2022/10/19 1:05,131.5324857,47.09310183,5217703.384,464504.5746,6.64868,338.3,TRUE,5.3,400,300
986,2022/10/19 1:05,131.5324443,47.09316483,5217710.406,464501.4732,6.03752,340.2,TRUE,5.3,400,300
987,2022/10/19 1:05,131.5324045,47.09322533,5217717.15,464498.4916,5.40784,335.6,TRUE,5.3,400,300
988,2022/10/19 1:05,131.5323732,47.0932745,5217722.631,464496.1479,4.61148,344.1,TRUE,5.3,400,300
989,2022/10/19 1:05,131.5323462,47.09331867,5217727.553,464494.1273,5.24116,335.8,TRUE,5.3,400,300
990,2022/10/19 1:06,131.5323077,47.09336467,5217732.685,464491.2349,5.29672,336.2,TRUE,5.3,400,300
991,2022/10/19 1:06,131.5322777,47.09342017,5217738.869,464488.9941,6.13012,340.8,TRUE,5.3,400,300
992,2022/10/19 1:06,131.5322418,47.0934775,5217745.258,464486.3065,6.09308,344,TRUE,5.3,396,300
993,2022/10/19 1:06,131.532203,47.09353683,5217751.872,464483.4002,6.3894,336.5,TRUE,5.3,400,300
994,2022/10/19 1:06,131.5321617,47.09359683,5217758.561,464480.3045,6.42644,339.8,TRUE,5.3,400,300
995,2022/10/19 1:06,131.5321195,47.09365383,5217764.917,464477.1384,6.40792,335.4,TRUE,5.3,400,300
996,2022/10/19 1:06,131.5320772,47.09371067,5217771.255,464473.9647,6.31532,339.9,TRUE,5.3,400,300
997,2022/10/19 1:06,131.5320422,47.09377117,5217777.997,464471.3476,6.40792,342.8,TRUE,5.3,400,300
998,2022/10/19 1:06,131.532001,47.09383433,5217785.037,464468.2616,6.2042,333.5,TRUE,5.3,400,300
999,2022/10/19 1:06,131.5319547,47.09389217,5217791.489,464464.7849,6.13012,340.2,TRUE,5.3,400,300
1000,2022/10/19 1:06,131.5319235,47.093944,5217797.265,464462.4506,5.88936,344.3,TRUE,5.3,400,300
1001,2022/10/19 1:06,131.5318903,47.09400117,5217803.636,464459.968,6.31532,339.5,TRUE,5.3,400,300
1002,2022/10/19 1:06,131.531844,47.094061,5217810.308,464456.4926,6.25976,338,TRUE,5.3,400,300
1003,2022/10/19 1:06,131.5318045,47.094119,5217816.774,464453.5323,6.88944,335.3,TRUE,5.3,400,300
1004,2022/10/19 1:06,131.5317675,47.09417517,5217823.035,464450.7605,6.79684,338,TRUE,5.3,400,300
1005,2022/10/19 1:07,131.5317297,47.09423417,5217829.612,464447.9299,6.13012,339.9,TRUE,5.3,400,300
1006,2022/10/19 1:07,131.5316928,47.0942925,5217836.113,464445.1672,6.24124,332.9,TRUE,5.3,400,300
1007,2022/10/19 1:07,131.531645,47.0943565,5217843.25,464441.5808,6.2042,335.1,TRUE,5.3,400,300
1008,2022/10/19 1:07,131.5316032,47.094413,5217849.55,464438.4449,5.8338,335.8,TRUE,5.3,400,300
1009,2022/10/19 1:07,131.5315702,47.0944735,5217856.291,464435.9797,6.44496,344.3,TRUE,5.3,400,300
1010,2022/10/19 1:07,131.531532,47.094534,5217863.035,464433.1198,5.79676,340.6,TRUE,5.3,400,300
1011,2022/10/19 1:07,131.5314923,47.09459317,5217869.631,464430.1451,6.37088,336.3,TRUE,5.3,400,300
1012,2022/10/19 1:07,131.531449,47.09465217,5217876.21,464426.897,5.53748,344.5,TRUE,5.3,400,300
1013,2022/10/19 1:07,131.5314118,47.09470617,5217882.23,464424.1087,6.24124,340.8,TRUE,5.3,400,300
1014,2022/10/19 1:07,131.5313825,47.0947535,5217887.505,464421.9157,5.81528,340,TRUE,5.3,400,300
1015,2022/10/19 1:07,131.5313518,47.09480917,5217893.708,464419.622,5.96344,338.4,TRUE,5.3,385,300
1016,2022/10/19 1:07,131.531314,47.0948625,5217899.654,464416.7877,6.33384,344.8,TRUE,5.3,400,300
1017,2022/10/19 1:07,131.5312663,47.094925,5217906.624,464413.2079,5.70416,338.8,TRUE,5.3,400,300
1018,2022/10/19 1:07,131.5312315,47.09498567,5217913.384,464410.6063,6.2968,342.4,TRUE,5.3,400,300
1019,2022/10/19 1:07,131.5311933,47.09504267,5217919.739,464407.7441,6.3894,340.8,TRUE,5.3,400,300
1020,2022/10/19 1:08,131.5311575,47.09509933,5217926.054,464405.0639,5.79676,339.9,TRUE,5.3,400,300
1021,2022/10/19 1:08,131.5311183,47.09515483,5217932.242,464402.1248,5.75972,346,TRUE,5.3,400,300
1022,2022/10/19 1:08,131.5310763,47.09521333,5217938.765,464398.9751,5.8338,342.2,TRUE,5.3,400,300
1023,2022/10/19 1:08,131.5310335,47.09527233,5217945.343,464395.765,5.81528,338.5,TRUE,5.3,400,300
1024,2022/10/19 1:08,131.5309957,47.0953275,5217951.494,464392.932,5.9264,336.5,TRUE,5.3,400,300
1025,2022/10/19 1:08,131.5309627,47.09538617,5217958.031,464390.4657,5.70416,343.9,TRUE,5.3,400,300
1026,2022/10/19 1:08,131.5309207,47.09544083,5217964.127,464387.3135,5.87084,342.2,TRUE,5.3,400,300
1027,2022/10/19 1:08,131.5308885,47.09549983,5217970.701,464384.9082,6.33384,335.4,TRUE,5.3,400,300
1028,2022/10/19 1:08,131.5308478,47.0955505,5217976.353,464381.8521,6.51904,339.4,TRUE,5.3,396,300
1029,2022/10/19 1:08,131.5308092,47.09561017,5217983.004,464378.9613,5.57452,339.8,TRUE,5.3,400,300
1030,2022/10/19 1:08,131.5307745,47.09565767,5217988.3,464376.3586,6.019,341.8,TRUE,5.3,400,300
1031,2022/10/19 1:08,131.530739,47.09571233,5217994.393,464373.6999,5.9264,343.1,TRUE,5.3,400,300
1032,2022/10/19 1:08,131.5307107,47.09576583,5218000.354,464371.587,6.18568,338.7,TRUE,5.3,400,300
1033,2022/10/19 1:08,131.5306777,47.0958195,5218006.335,464369.1175,5.35228,341.6,TRUE,5.3,400,300
1034,2022/10/19 1:08,131.530641,47.09587183,5218012.17,464366.3661,5.093,338.3,TRUE,5.3,400,300
1035,2022/10/19 1:09,131.5306107,47.09590817,5218016.224,464364.09,5.66712,341.7,TRUE,5.3,400,300
1036,2022/10/19 1:09,131.5305702,47.095968,5218022.894,464361.0552,5.66712,343.8,TRUE,5.3,400,300
1037,2022/10/19 1:09,131.5305282,47.09602883,5218029.675,464357.9072,5.88936,339.3,TRUE,5.3,400,300
1038,2022/10/19 1:09,131.5304995,47.0960795,5218035.322,464355.7621,5.61156,338,TRUE,5.3,400,300
1039,2022/10/19 1:09,131.5304608,47.09613233,5218041.212,464352.8593,6.35236,339.7,TRUE,5.3,400,300
1040,2022/10/19 1:09,131.5304318,47.09618533,5218047.118,464350.693,5.24116,347,TRUE,5.3,400,300
1041,2022/10/19 1:09,131.530404,47.09623467,5218052.616,464348.6154,5.66712,341.4,TRUE,5.3,400,300
1042,2022/10/19 1:09,131.530357,47.0962915,5218058.955,464345.0851,6.25976,342.2,TRUE,5.3,400,300
1043,2022/10/19 1:09,131.5303252,47.09634983,5218065.454,464342.7098,7.1302,338.1,TRUE,5.3,400,300
1044,2022/10/19 1:09,131.5302862,47.09640817,5218071.958,464339.7879,3.77808,341.9,TRUE,5.3,400,300
1045,2022/10/19 1:09,131.5302672,47.09645483,5218077.154,464338.3766,5.31524,334.5,TRUE,5.3,264,300
1046,2022/10/19 1:09,131.5302165,47.09650133,5218082.346,464334.5586,5.98196,295.1,FALSE,5.3,0,300
1047,2022/10/19 1:09,131.5301452,47.09651817,5218084.251,464329.1568,1.27788,277.1,FALSE,5.3,0,300
1048,2022/10/19 1:09,131.53016,47.09652783,5218085.318,464330.2869,6.22272,62.6,FALSE,5.3,0,300
1049,2022/10/19 1:09,131.5301887,47.09656567,5218089.512,464332.491,2.4076,45.5,FALSE,5.3,0,300
1050,2022/10/19 1:10,131.5301867,47.0965625,5218089.16,464332.337,5.96344,223.1,FALSE,5.3,0,300
1051,2022/10/19 1:10,131.5301417,47.09650433,5218082.714,464328.8818,5.4634,190.9,FALSE,5.3,0,300
1052,2022/10/19 1:10,131.5301317,47.0964285,5218074.288,464328.072,5.01892,164.2,TRUE,5.3,225,300
1053,2022/10/19 1:10,131.5301283,47.09635833,5218066.489,464327.767,5.40784,162.1,TRUE,5.3,235,300
1054,2022/10/19 1:10,131.5301503,47.09630733,5218060.809,464329.4032,4.96336,160.1,TRUE,5.3,363,300
1055,2022/10/19 1:10,131.5301932,47.0962695,5218056.584,464332.6349,4.11144,162.8,TRUE,5.3,400,300
1056,2022/10/19 1:10,131.5302435,47.09621883,5218050.928,464336.4198,5.44488,154.7,TRUE,5.3,400,300
1057,2022/10/19 1:10,131.5302725,47.09616017,5218044.393,464338.5822,5.7412,159.3,TRUE,5.3,400,300
1058,2022/10/19 1:10,131.5303142,47.09611083,5218038.889,464341.7151,5.57452,155.6,TRUE,5.3,400,300
1059,2022/10/19 1:10,131.5303542,47.0960645,5218033.72,464344.721,5.90788,157.9,TRUE,5.3,398,300
1060,2022/10/19 1:10,131.530406,47.09600383,5218026.952,464348.6131,7.61172,158.7,TRUE,5.3,400,300
1061,2022/10/19 1:10,131.5304495,47.09593433,5218019.205,464351.8692,7.463561,159.5,TRUE,5.3,400,300
1062,2022/10/19 1:10,131.5305045,47.0958665,5218011.64,464355.9995,6.98204,154,TRUE,5.3,400,300
1063,2022/10/19 1:10,131.5305415,47.095807,5218005.008,464358.7689,6.59312,154.9,TRUE,5.3,400,300
1064,2022/10/19 1:10,131.5305735,47.0957425,5217997.823,464361.1553,5.07448,151.5,TRUE,5.3,400,300
1065,2022/10/19 1:11,131.5306043,47.095689,5217991.861,464363.4579,4.92632,151.4,TRUE,5.3,400,300
1066,2022/10/19 1:11,131.5306353,47.09564067,5217986.474,464365.7792,5.63008,163.6,TRUE,5.3,400,300
1067,2022/10/19 1:11,131.5306787,47.095584,5217980.154,464369.0363,6.03752,164.1,TRUE,5.3,400,300
1068,2022/10/19 1:11,131.5307207,47.09551917,5217972.927,464372.1817,6.6672,157.2,TRUE,5.3,400,300
1069,2022/10/19 1:11,131.5307545,47.09546417,5217966.798,464374.7111,5.77824,157.1,TRUE,5.3,397,300
1070,2022/10/19 1:11,131.5308028,47.0954045,5217960.142,464378.3383,5.63008,160,TRUE,5.3,400,300
1071,2022/10/19 1:11,131.5308432,47.095345,5217953.509,464381.3658,7.18576,156.3,TRUE,5.3,394,300
1072,2022/10/19 1:11,131.530885,47.09528233,5217946.523,464384.4975,6.53756,154.9,TRUE,5.3,395,300
1073,2022/10/19 1:11,131.5309325,47.0952215,5217939.738,464388.0632,6.2968,161.9,TRUE,5.3,400,300
1074,2022/10/19 1:11,131.5309707,47.0951585,5217932.717,464390.9213,6.74128,154.8,TRUE,5.3,400,300
1075,2022/10/19 1:11,131.5310222,47.095099,5217926.079,464394.7916,6.53756,160.2,TRUE,5.3,375,300
1076,2022/10/19 1:11,131.5310543,47.0950415,5217919.672,464397.1903,6.42644,161.7,TRUE,5.3,400,300
1077,2022/10/19 1:11,131.5311095,47.0949745,5217912.198,464401.3365,7.63024,160.8,TRUE,5.3,400,300
1078,2022/10/19 1:11,131.5311545,47.09491133,5217905.155,464404.7108,7.83396,152.6,TRUE,5.3,400,300
1079,2022/10/19 1:11,131.5312035,47.09484467,5217897.722,464408.3866,7.1302,152.9,TRUE,5.3,400,300
1080,2022/10/19 1:12,131.5312443,47.0947795,5217890.458,464411.4407,6.96352,157.6,TRUE,5.3,376,300
1081,2022/10/19 1:12,131.5312878,47.09470717,5217882.397,464414.6951,7.33392,158.5,TRUE,5.3,400,300
1082,2022/10/19 1:12,131.5313313,47.0946435,5217875.299,464417.9553,6.40792,157.9,TRUE,5.3,399,300
1083,2022/10/19 1:12,131.531367,47.09458083,5217868.316,464420.6239,6.70424,160.8,TRUE,5.3,400,300
1084,2022/10/19 1:12,131.5314138,47.09452,5217861.532,464424.1365,7.871,156.2,TRUE,5.3,400,300
1085,2022/10/19 1:12,131.5314588,47.09445633,5217854.433,464427.5106,6.6672,156.3,TRUE,5.3,400,300
1086,2022/10/19 1:12,131.5314977,47.0943885,5217846.875,464430.4188,7.18576,160.5,TRUE,5.3,400,300
1087,2022/10/19 1:12,131.5315387,47.09431133,5217838.277,464433.4802,7.2228,153,TRUE,5.3,400,300
1088,2022/10/19 1:12,131.5315853,47.094241,5217830.437,464436.9713,6.81536,152.1,TRUE,5.3,400,300
1089,2022/10/19 1:12,131.5316305,47.09417233,5217822.782,464440.3573,8.11176,157.4,TRUE,5.3,400,300
1090,2022/10/19 1:12,131.5316703,47.0941035,5217815.112,464443.3332,6.96352,153.7,TRUE,5.3,400,300
1091,2022/10/19 1:12,131.5317092,47.09403633,5217807.627,464446.2419,7.63024,153,TRUE,5.3,400,300
1092,2022/10/19 1:12,131.5317592,47.093965,5217799.674,464449.9905,7.09316,160.2,TRUE,5.3,390,300
1093,2022/10/19 1:12,131.5318063,47.09390533,5217793.019,464453.5267,7.1302,159.1,TRUE,5.3,389,300
1094,2022/10/19 1:12,131.5318462,47.09384417,5217786.202,464456.5154,7.33392,157.5,TRUE,5.3,400,300
1095,2022/10/19 1:13,131.5318955,47.093774,5217778.378,464460.2117,7.408,160.1,TRUE,5.3,400,300
1096,2022/10/19 1:13,131.5319445,47.09370317,5217770.482,464463.8847,7.408,157.3,TRUE,5.3,400,300
1097,2022/10/19 1:13,131.5319827,47.093636,5217762.997,464466.7403,7.11168,153.1,TRUE,5.3,400,300
1098,2022/10/19 1:13,131.5320337,47.0935795,5217756.692,464470.5748,7.20428,154.9,TRUE,5.3,400,300
1099,2022/10/19 1:13,131.5320733,47.09350667,5217748.578,464473.5329,7.37096,153.2,TRUE,5.3,400,300
1100,2022/10/19 1:13,131.5321203,47.09343917,5217741.052,464477.0564,6.90796,157.5,TRUE,5.3,400,300
1101,2022/10/19 1:13,131.5321697,47.093374,5217733.785,464480.7637,7.29688,156.2,TRUE,5.3,400,300
1102,2022/10/19 1:13,131.5322162,47.0933055,5217726.148,464484.2486,6.35236,161.1,TRUE,5.3,369,300
1103,2022/10/19 1:13,131.5322618,47.0932355,5217718.346,464487.6641,6.61164,156.4,TRUE,5.3,400,300
1104,2022/10/19 1:13,131.5323038,47.09317333,5217711.415,464490.8116,7.2228,160.1,TRUE,5.3,400,300
1105,2022/10/19 1:13,131.5323452,47.0931205,5217705.523,464493.9197,6.83388,159,TRUE,5.3,398,300
1106,2022/10/19 1:13,131.5323813,47.09305167,5217697.854,464496.6148,7.35244,157.6,TRUE,5.3,400,300
1107,2022/10/19 1:13,131.5324343,47.0929825,5217690.141,464500.5928,6.55608,158.8,TRUE,5.3,400,300
1108,2022/10/19 1:13,131.5324742,47.09291983,5217683.155,464503.5805,6.24124,158.7,TRUE,5.3,400,300
1109,2022/10/19 1:13,131.5325047,47.09286567,5217677.12,464505.8602,5.68564,153.5,TRUE,5.3,400,300
1110,2022/10/19 1:14,131.5325497,47.09279733,5217669.502,464509.2314,6.98204,154.4,TRUE,5.3,363,300
1111,2022/10/19 1:14,131.5325933,47.0927365,5217662.72,464512.5013,7.27836,156.1,TRUE,5.3,400,300
1112,2022/10/19 1:14,131.5326368,47.09267667,5217656.049,464515.7642,6.40792,151.8,TRUE,5.3,400,300
1113,2022/10/19 1:14,131.5326808,47.092626,5217650.396,464519.0712,6.019,155.1,TRUE,5.3,379,300
1114,2022/10/19 1:14,131.532714,47.09257383,5217644.581,464521.5573,6.50052,157.8,TRUE,5.3,400,300
1115,2022/10/19 1:14,131.5327437,47.09251483,5217638.008,464523.773,6.6672,153.5,TRUE,5.3,400,300
1116,2022/10/19 1:14,131.5327855,47.09244567,5217630.301,464526.9008,6.88944,158.4,TRUE,5.3,400,300
1117,2022/10/19 1:14,131.5328283,47.09237733,5217622.684,464530.105,7.1302,151.6,TRUE,5.3,400,300
1118,2022/10/19 1:14,131.5328748,47.09231583,5217615.826,464533.5946,7.24132,155.2,TRUE,5.3,400,300
1119,2022/10/19 1:14,131.5329178,47.092258,5217609.377,464536.821,6.55608,157.6,TRUE,5.3,400,300
1120,2022/10/19 1:14,131.5329585,47.09219883,5217602.78,464539.8719,6.945,156.8,TRUE,5.3,400,300
1121,2022/10/19 1:14,131.5329983,47.09213783,5217595.981,464542.8532,7.3154,157.2,TRUE,5.3,400,300
1122,2022/10/19 1:14,131.5330368,47.09207833,5217589.349,464545.7368,6.7598,161.1,TRUE,5.3,399,300
1123,2022/10/19 1:14,131.533071,47.09201567,5217582.367,464548.2919,7.66728,160.1,TRUE,5.3,363,300
1124,2022/10/19 1:14,131.5331182,47.091952,5217575.267,464551.8333,4.70408,157.9,TRUE,5.3,371,300
1125,2022/10/19 1:15,131.5331523,47.0919105,5217570.638,464554.3948,0,153,FALSE,5.3,0,300
1126,2022/10/19 1:15,131.5331535,47.09191167,5217570.768,464554.4867,0,0,FALSE,5.3,0,300
1127,2022/10/19 1:47,131.5331577,47.09187133,5217566.281,464554.7788,4.33368,158.4,TRUE,5.3,400,300
1128,2022/10/19 1:47,131.5331552,47.091819,5217560.465,464554.5543,3.6114,151.7,TRUE,5.3,400,300
1129,2022/10/19 1:47,131.533177,47.091779,5217556.008,464556.1829,3.46324,14,TRUE,5.3,400,300
1130,2022/10/19 1:47,131.5332248,47.09170633,5217547.907,464559.7639,3.85216,159.6,TRUE,5.3,400,300
1131,2022/10/19 1:47,131.5332555,47.0916675,5217543.577,464562.0691,4.51888,155.2,TRUE,5.3,399,300
1132,2022/10/19 1:47,131.533286,47.09163233,5217539.653,464564.3615,4.96336,154.2,TRUE,5.3,400,300
1133,2022/10/19 1:47,131.533321,47.0915835,5217534.208,464566.9865,6.00048,163,TRUE,5.3,400,300
1134,2022/10/19 1:47,131.533353,47.09153417,5217528.71,464569.3834,5.88936,157.1,TRUE,5.3,400,300
1135,2022/10/19 1:47,131.5333777,47.09147583,5217522.213,464571.2201,5.556,164.6,TRUE,5.3,400,300
1136,2022/10/19 1:47,131.5334095,47.09141383,5217515.306,464573.5934,5.48192,156.5,TRUE,5.3,400,300
1137,2022/10/19 1:47,131.5334465,47.09136133,5217509.452,464576.3679,6.25976,162,TRUE,5.3,400,300
1138,2022/10/19 1:47,131.5334762,47.09130233,5217502.88,464578.5838,6.03752,155.3,TRUE,5.3,400,300
1139,2022/10/19 1:47,131.533524,47.0912585,5217497.986,464582.184,6.05604,155.6,TRUE,5.3,400,300
1140,2022/10/19 1:47,131.5335523,47.09120467,5217491.988,464584.297,5.79676,164.3,TRUE,5.3,400,300
1141,2022/10/19 1:48,131.5335895,47.0911545,5217486.394,464587.0882,6.019,152.9,TRUE,5.3,400,300
1142,2022/10/19 1:48,131.5336212,47.09109633,5217479.913,464589.4565,5.66712,161.5,TRUE,5.3,400,300
1143,2022/10/19 1:48,131.5336602,47.09104167,5217473.818,464592.3814,5.6486,158.8,TRUE,5.3,400,300
1144,2022/10/19 1:48,131.5337143,47.09099133,5217468.197,464596.4557,5.7412,168.7,TRUE,5.3,400,300
1145,2022/10/19 1:48,131.533752,47.0909405,5217462.529,464599.2844,6.31532,165.2,TRUE,5.3,400,300
1146,2022/10/19 1:48,131.5337875,47.090884,5217456.232,464601.9424,5.63008,160.7,TRUE,5.3,400,300
1147,2022/10/19 1:48,131.5338368,47.09082017,5217449.114,464605.6433,5.90788,159.5,TRUE,5.3,400,300
1148,2022/10/19 1:48,131.5338682,47.09076967,5217443.485,464607.994,5.57452,162.7,TRUE,5.3,400,300
1149,2022/10/19 1:48,131.5339092,47.09072333,5217438.315,464611.0763,5.72268,161.4,TRUE,5.3,400,300
1150,2022/10/19 1:48,131.5339505,47.090669,5217432.256,464614.1761,4.85224,162,TRUE,5.3,400,300
1151,2022/10/19 1:48,131.5339878,47.09062067,5217426.867,464616.9761,5.87084,160,TRUE,5.3,400,300
1152,2022/10/19 1:48,131.5340242,47.090566,5217420.772,464619.7037,5.68564,164.7,TRUE,5.3,400,300
1153,2022/10/19 1:48,131.5340575,47.09051533,5217415.124,464622.1985,5.70416,163,TRUE,5.3,400,300
1154,2022/10/19 1:48,131.5340913,47.09045967,5217408.921,464624.728,6.2042,159.9,TRUE,5.3,400,300
1155,2022/10/19 1:49,131.5341325,47.0904135,5217403.77,464627.8256,5.77824,164.2,TRUE,5.3,400,300
1156,2022/10/19 1:49,131.5341675,47.090363,5217398.14,464630.4496,5.33376,161.9,TRUE,5.3,400,300
1157,2022/10/19 1:49,131.5341955,47.090308,5217392.012,464632.5392,5.2782,164.4,TRUE,5.3,400,300
1158,2022/10/19 1:49,131.534234,47.09026,5217386.659,464635.4306,5.59304,161,TRUE,5.3,400,300
1159,2022/10/19 1:49,131.5342705,47.0902075,5217380.806,464638.1673,5.75972,162.5,TRUE,5.3,400,300
1160,2022/10/19 1:49,131.5342943,47.09015783,5217375.273,464639.9415,5.22264,160.3,TRUE,5.3,400,300
1161,2022/10/19 1:49,131.5343325,47.09010767,5217369.679,464642.8087,5.61156,164.1,TRUE,5.3,400,300
1162,2022/10/19 1:49,131.5343787,47.0900545,5217363.747,464646.2814,6.09308,144.4,TRUE,5.3,116,300
1163,2022/10/19 1:49,131.534418,47.0900065,5217358.393,464649.2336,3.9818,184.2,FALSE,5.3,0,300
1164,2022/10/19 1:49,131.5343938,47.08996767,5217354.087,464647.3704,5.25968,233.8,FALSE,5.3,0,300
1165,2022/10/19 1:49,131.5343603,47.08997267,5217354.658,464644.8302,0.94452,267,FALSE,5.3,0,300
1166,2022/10/19 1:49,131.534365,47.0899735,5217354.749,464645.1876,0,0,FALSE,5.3,0,300
1167,2022/10/19 1:49,131.5343893,47.089975,5217354.904,464647.0336,2.18536,70.6,FALSE,5.3,0,300
1168,2022/10/19 1:49,131.5344322,47.08997617,5217355.015,464650.2917,2.0372,73.7,FALSE,5.3,0,300
1169,2022/10/19 1:49,131.5344542,47.089983,5217355.764,464651.9666,0.81488,85.6,FALSE,5.3,0,300
1170,2022/10/19 1:50,131.5344048,47.08999083,5217356.657,464648.221,5.0004,307.4,FALSE,5.3,0,300
1171,2022/10/19 1:50,131.5343887,47.0900135,5217359.185,464647.0135,5.61156,348.2,FALSE,5.3,0,300
1172,2022/10/19 1:50,131.534391,47.0900505,5217363.297,464647.2127,4.61148,356.5,TRUE,5.3,400,300
1173,2022/10/19 1:50,131.5343712,47.09007833,5217366.4,464645.7277,4.94484,347.7,TRUE,5.3,400,300
1174,2022/10/19 1:50,131.5343277,47.09012233,5217371.311,464642.454,4.29664,342.6,TRUE,5.3,400,300
1175,2022/10/19 1:50,131.5342953,47.09018217,5217377.978,464640.0335,5.90788,339.5,TRUE,5.3,400,300
1176,2022/10/19 1:50,131.5342552,47.09024217,5217384.667,464637.0285,5.556,340,TRUE,5.3,400,300
1177,2022/10/19 1:50,131.5342233,47.090298,5217390.888,464634.6434,4.88928,334.4,TRUE,5.3,400,300
1178,2022/10/19 1:50,131.534191,47.09034933,5217396.609,464632.2249,5.0004,341.9,TRUE,5.3,400,300
1179,2022/10/19 1:50,131.5341457,47.09040183,5217402.466,464628.8201,6.33384,341.6,TRUE,5.3,400,300
1180,2022/10/19 1:50,131.5341068,47.09046167,5217409.136,464625.9062,6.00048,341.3,TRUE,5.3,400,300
1181,2022/10/19 1:50,131.5340735,47.090514,5217414.969,464623.4125,5.53748,342.1,TRUE,5.3,400,300
1182,2022/10/19 1:50,131.5340307,47.09057367,5217421.622,464620.2023,6.27828,337.1,TRUE,5.3,400,300
1183,2022/10/19 1:50,131.5339967,47.09063567,5217428.53,464617.6618,5.50044,338.5,TRUE,5.3,400,300
1184,2022/10/19 1:50,131.5339603,47.09069333,5217434.957,464614.9363,5.556,340.5,TRUE,5.3,400,300
1185,2022/10/19 1:51,131.5339173,47.09074767,5217441.017,464611.7074,6.00048,337.2,TRUE,5.3,400,300
1186,2022/10/19 1:51,131.5338703,47.0908115,5217448.135,464608.1811,5.90788,340.6,TRUE,5.3,400,300
1187,2022/10/19 1:51,131.5338345,47.09087317,5217455.007,464605.5038,6.24124,333.8,TRUE,5.3,400,300
1188,2022/10/19 1:51,131.5337977,47.09092617,5217460.916,464602.7448,6.07456,335.2,TRUE,5.3,400,300
1189,2022/10/19 1:51,131.533752,47.09098883,5217467.902,464599.3165,5.63008,337.3,TRUE,5.3,400,300
1190,2022/10/19 1:51,131.5337163,47.091048,5217474.497,464596.6451,6.53756,332.9,TRUE,5.3,400,300
1191,2022/10/19 1:51,131.5336763,47.0911105,5217481.463,464593.6495,6.22272,339.5,TRUE,5.3,400,300
1192,2022/10/19 1:51,131.5336365,47.09117017,5217488.115,464590.6671,6.18568,341.3,TRUE,5.3,400,300
1193,2022/10/19 1:51,131.533601,47.09123,5217494.782,464588.0114,6.37088,343.1,TRUE,5.3,400,300
1194,2022/10/19 1:51,131.5335625,47.091294,5217501.915,464585.1307,6.16716,340.1,TRUE,5.3,400,300
1195,2022/10/19 1:51,131.5335167,47.091347,5217507.828,464581.6884,6.51904,340.3,TRUE,5.3,400,300
1196,2022/10/19 1:51,131.5334677,47.09141017,5217514.873,464578.0099,6.55608,341.6,TRUE,5.3,400,300
1197,2022/10/19 1:51,131.533421,47.09147283,5217521.86,464574.5057,6.77832,337.9,TRUE,5.3,400,300
1198,2022/10/19 1:51,131.5333848,47.09154183,5217529.547,464571.8029,7.27836,342.3,TRUE,5.3,400,300
1199,2022/10/19 1:51,131.533348,47.091598,5217535.808,464569.0461,6.05604,343.5,TRUE,5.3,400,300
1200,2022/10/19 1:52,131.5333125,47.091656,5217542.272,464566.3892,5.94492,343.2,TRUE,5.3,400,300
1201,2022/10/19 1:52,131.5332778,47.09170983,5217548.272,464563.7903,6.18568,341.2,TRUE,5.3,400,300
1202,2022/10/19 1:52,131.5332417,47.09176783,5217554.737,464561.0879,6.13012,339.2,TRUE,5.3,400,300
1203,2022/10/19 1:52,131.5332125,47.09182267,5217560.847,464558.9072,5.40784,343.5,TRUE,5.3,400,300
1204,2022/10/19 1:52,131.5331702,47.09187967,5217567.203,464555.7334,6.3894,338.3,TRUE,5.3,400,300
1205,2022/10/19 1:52,131.5331318,47.09193383,5217573.241,464552.8538,4.79668,336.8,TRUE,5.3,400,300
1206,2022/10/19 1:52,131.5331038,47.091979,5217578.276,464550.7579,4.00032,343.6,TRUE,5.3,400,300
1207,2022/10/19 1:52,131.5330627,47.0920245,5217583.353,464547.6675,6.22272,339.4,TRUE,5.3,400,300
1208,2022/10/19 1:52,131.5330343,47.09207633,5217589.127,464545.5457,5.20412,343,TRUE,5.3,400,300
1209,2022/10/19 1:52,131.5329897,47.092125,5217594.558,464542.1917,6.77832,342,TRUE,5.3,400,300
1210,2022/10/19 1:52,131.5329523,47.09218817,5217601.598,464539.394,5.94492,337.5,TRUE,5.3,400,300
1211,2022/10/19 1:52,131.5329203,47.09224433,5217607.856,464537.0017,5.59304,344.9,TRUE,5.3,400,300
1212,2022/10/19 1:52,131.5328802,47.09229883,5217613.933,464533.9933,6.482,336.5,TRUE,5.3,400,300
1213,2022/10/19 1:52,131.5328405,47.09235917,5217620.659,464531.0192,5.33376,341.9,TRUE,5.3,347,300
1214,2022/10/19 1:52,131.532807,47.09242967,5217628.512,464528.5225,7.63024,337.5,TRUE,5.3,400,300
1215,2022/10/19 1:53,131.5327597,47.0924895,5217635.185,464524.971,6.00048,343.9,TRUE,5.3,399,300
1216,2022/10/19 1:53,131.5327143,47.09255933,5217642.969,464521.5704,6.09308,340.8,TRUE,5.3,400,300
1217,2022/10/19 1:53,131.5326718,47.0926105,5217648.677,464518.3776,5.556,340.1,TRUE,5.3,400,300
1218,2022/10/19 1:53,131.532631,47.09266117,5217654.328,464515.3136,6.35236,342.3,TRUE,5.3,400,300
1219,2022/10/19 1:53,131.5325955,47.09271417,5217660.237,464512.6535,6.63016,339.5,TRUE,5.3,400,300
1220,2022/10/19 1:53,131.5325585,47.09277483,5217666.997,464509.8846,5.98196,337.5,TRUE,5.3,400,300
1221,2022/10/19 1:53,131.5325195,47.09283317,5217673.501,464506.9623,6.18568,340.5,TRUE,5.3,400,300
1222,2022/10/19 1:53,131.5324743,47.09289067,5217679.914,464503.5687,7.16724,339.2,TRUE,5.3,395,300
1223,2022/10/19 1:53,131.53244,47.09294883,5217686.395,464501.0032,6.6672,339.9,TRUE,5.3,400,300
1224,2022/10/19 1:53,131.5324107,47.09300917,5217693.116,464498.8187,7.09316,339.1,TRUE,5.3,400,300
1225,2022/10/19 1:53,131.532371,47.09307067,5217699.971,464495.8454,6.50052,337.9,TRUE,5.3,397,300
1226,2022/10/19 1:53,131.532334,47.0931305,5217706.64,464493.076,6.83388,339.6,TRUE,5.3,400,300
1227,2022/10/19 1:53,131.5322902,47.09318967,5217713.238,464489.7899,6.90796,335.6,TRUE,5.3,400,300
1228,2022/10/19 1:53,131.5322447,47.0932525,5217720.243,464486.3771,6.74128,343.2,TRUE,5.3,400,300
1229,2022/10/19 1:53,131.5322012,47.09331333,5217727.026,464483.1149,6.74128,342,TRUE,5.3,399,300
1230,2022/10/19 1:54,131.5321608,47.0933725,5217733.622,464480.087,7.00056,337,TRUE,5.3,400,300
1231,2022/10/19 1:54,131.5321205,47.09343017,5217740.052,464477.0656,6.79684,347,TRUE,5.3,400,300
1232,2022/10/19 1:54,131.5320898,47.0934925,5217746.995,464474.7762,6.40792,345.6,TRUE,5.3,400,300
1233,2022/10/19 1:54,131.5320587,47.09355583,5217754.05,464472.4571,6.83388,339.8,TRUE,5.3,400,300
1234,2022/10/19 1:54,131.5320127,47.093613,5217760.426,464469.0027,6.51904,341.2,TRUE,5.3,400,300
1235,2022/10/19 1:54,131.5319633,47.09367517,5217767.36,464465.2935,6.5746,340.2,TRUE,5.3,400,300
1236,2022/10/19 1:54,131.531915,47.09373183,5217773.681,464461.6641,6.68572,341.1,TRUE,5.3,400,300
1237,2022/10/19 1:54,131.5318823,47.09379,5217780.163,464459.2201,6.25976,343,TRUE,5.3,400,300
1238,2022/10/19 1:54,131.5318672,47.09384533,5217786.321,464458.1105,5.88936,330.1,TRUE,5.3,400,300
1239,2022/10/19 1:54,131.5318222,47.09390567,5217793.05,464454.7341,6.74128,335.7,TRUE,5.3,400,300
1240,2022/10/19 1:54,131.5317748,47.09397383,5217800.649,464451.1808,6.07456,347.4,TRUE,5.3,400,300
1241,2022/10/19 1:54,131.5317247,47.09403717,5217807.713,464447.4192,6.87092,341.6,TRUE,5.3,400,300
1242,2022/10/19 1:54,131.5316907,47.09408933,5217813.527,464444.8726,6.482,338.5,TRUE,5.3,400,300
1243,2022/10/19 1:54,131.5316448,47.09415183,5217820.496,464441.4293,5.7412,337,TRUE,5.3,400,300
1244,2022/10/19 1:54,131.5316062,47.0942045,5217826.369,464438.5338,6.98204,334.5,TRUE,5.3,395,300
1245,2022/10/19 1:55,131.5315743,47.094272,5217833.888,464436.1568,5.75972,343.7,TRUE,5.3,395,300
1246,2022/10/19 1:55,131.5315362,47.09433433,5217840.835,464433.3057,6.42644,337.6,TRUE,5.3,400,300
1247,2022/10/19 1:55,131.5314858,47.09440217,5217848.4,464429.5244,5.85232,334.3,TRUE,5.3,400,300
1248,2022/10/19 1:55,131.5314532,47.09446533,5217855.436,464427.0914,6.72276,340.2,TRUE,5.3,400,300
1249,2022/10/19 1:55,131.5314362,47.09452583,5217862.17,464425.8411,6.40792,341.5,TRUE,5.3,398,300
1250,2022/10/19 1:55,131.5313817,47.0945805,5217868.272,464421.7398,7.09316,338.9,TRUE,5.3,368,300
1251,2022/10/19 1:55,131.5313305,47.09464033,5217874.947,464417.8924,6.482,341.3,TRUE,5.3,400,300
1252,2022/10/19 1:55,131.5312845,47.09470717,5217882.399,464414.4446,6.05604,341,TRUE,5.3,375,300
1253,2022/10/19 1:55,131.5312483,47.09477267,5217889.697,464411.7399,6.2042,338.4,TRUE,5.3,396,300
1254,2022/10/19 1:55,131.5311878,47.094839,5217897.099,464407.1908,6.98204,339.6,TRUE,5.3,399,300
1255,2022/10/19 1:55,131.5311578,47.0949005,5217903.949,464404.9542,6.61164,339,TRUE,5.3,400,300
1256,2022/10/19 1:55,131.5311305,47.0949555,5217910.076,464402.9182,6.00048,341.6,TRUE,5.3,367,300
1257,2022/10/19 1:55,131.5310773,47.0950055,5217915.659,464398.9125,7.16724,342.4,TRUE,5.3,400,300
1258,2022/10/19 1:55,131.5310458,47.09506867,5217922.696,464396.5631,5.87084,338.3,TRUE,5.3,400,300
1259,2022/10/19 1:55,131.5310422,47.09507167,5217923.031,464396.2918,0,0,FALSE,5.3,0,300
1260,2022/10/19 1:56,131.531038,47.09507033,5217922.884,464395.972,0,0,FALSE,5.3,0,300
1261,2022/10/19 1:56,131.5310425,47.0950575,5217921.456,464396.3051,4.74112,148.1,FALSE,5.3,0,300
1262,2022/10/19 1:56,131.5310558,47.09500567,5217915.688,464397.2803,5.70416,158.9,FALSE,5.3,0,300
1263,2022/10/19 1:56,131.5310563,47.09494783,5217909.257,464397.2797,5.33376,167.7,FALSE,5.3,0,300
1264,2022/10/19 1:56,131.5310595,47.09490067,5217904.013,464397.4912,5.94492,163.2,FALSE,5.3,0,300
1265,2022/10/19 1:56,131.5310653,47.094848,5217898.155,464397.8965,5.25968,165.6,FALSE,5.3,0,300
1266,2022/10/19 1:56,131.5310813,47.094795,5217892.256,464399.0759,5.13004,161.5,FALSE,5.3,0,300
1267,2022/10/19 1:56,131.5311128,47.09473633,5217885.719,464401.4283,6.019,153.1,FALSE,5.3,0,300
1268,2022/10/19 1:56,131.5311372,47.09469117,5217880.687,464403.2507,5.94492,155.5,FALSE,5.3,0,300
1269,2022/10/19 1:56,131.5311552,47.094645,5217875.546,464404.5865,5.556,152.2,FALSE,5.3,0,300
1270,2022/10/19 1:56,131.5311828,47.09459817,5217870.327,464406.6507,5.72268,156,FALSE,5.3,0,300
1271,2022/10/19 1:56,131.5312273,47.09454667,5217864.582,464409.9949,5.8338,151.7,FALSE,5.3,0,300
1272,2022/10/19 1:56,131.5312772,47.09448683,5217857.906,464413.7436,5.24116,146.3,FALSE,5.3,0,300
1273,2022/10/19 1:56,131.5313133,47.094445,5217853.24,464416.4565,5.25968,146.9,FALSE,5.3,0,300
1274,2022/10/19 1:56,131.5313478,47.0943915,5217847.276,464419.0401,5.4634,158.6,FALSE,5.3,0,300
1275,2022/10/19 1:57,131.5313753,47.094339,5217841.427,464421.093,5.24116,164.7,FALSE,5.3,0,300
1276,2022/10/19 1:57,131.5313897,47.094285,5217835.417,464422.1503,5.31524,160.1,FALSE,5.3,0,300
1277,2022/10/19 1:57,131.53142,47.09423083,5217829.381,464424.4147,5.25968,152.1,FALSE,5.3,0,300
1278,2022/10/19 1:57,131.531474,47.0941715,5217822.761,464428.475,5.81528,148.8,FALSE,5.3,0,300
1279,2022/10/19 1:57,131.5315055,47.09412567,5217817.652,464430.836,5.66712,158.6,FALSE,5.3,0,300
1280,2022/10/19 1:57,131.5315235,47.0940885,5217813.511,464432.1778,5.556,157,FALSE,5.3,0,300
1281,2022/10/19 1:57,131.5315408,47.0940315,5217807.166,464433.4533,5.50044,150.6,FALSE,5.3,0,300
1282,2022/10/19 1:57,131.5315775,47.09397667,5217801.054,464436.2032,6.51904,149,FALSE,5.3,0,300
1283,2022/10/19 1:57,131.5316182,47.093916,5217794.291,464439.2528,5.88936,154.8,FALSE,5.3,0,300
1284,2022/10/19 1:57,131.5316587,47.0938595,5217787.991,464442.2901,6.87092,146.6,FALSE,5.3,0,300
1285,2022/10/19 1:57,131.5316943,47.09381067,5217782.546,464444.9604,5.94492,141.9,FALSE,5.3,0,300
1286,2022/10/19 1:57,131.531748,47.093776,5217778.668,464449.0144,5.8338,125.7,FALSE,5.3,0,300
1287,2022/10/19 1:57,131.5318018,47.09373767,5217774.382,464453.0735,7.0376,128.9,FALSE,5.3,0,300
1288,2022/10/19 1:57,131.5318547,47.093688,5217768.836,464457.0568,2.53724,138.3,FALSE,5.3,0,300
1289,2022/10/19 1:57,131.5318577,47.09368417,5217768.409,464457.282,0,0,FALSE,5.3,0,300
1290,2022/10/19 1:58,131.5318447,47.09369967,5217770.138,464456.3053,4.59296,336.6,TRUE,5.3,400,300
1291,2022/10/19 1:58,131.5318327,47.09374633,5217775.331,464455.4253,4.46332,337.8,TRUE,5.3,395,300
1292,2022/10/19 1:58,131.5318202,47.09378933,5217780.117,464454.5049,6.25976,339.8,TRUE,5.3,400,300
1293,2022/10/19 1:58,131.5317802,47.09385433,5217787.361,464451.5112,6.1116,335,TRUE,5.3,391,300
1294,2022/10/19 1:58,131.5317332,47.0939105,5217793.627,464447.9802,7.48208,337.7,TRUE,5.3,400,300
1295,2022/10/19 1:58,131.5316882,47.09397917,5217801.282,464444.6094,7.5932,335.5,TRUE,5.3,396,300
1296,2022/10/19 1:58,131.5316448,47.09404717,5217808.861,464441.3597,6.8524,337.7,TRUE,5.3,400,300
1297,2022/10/19 1:58,131.5315882,47.094108,5217815.65,464437.103,7.2228,336.2,TRUE,5.3,400,300
1298,2022/10/19 1:58,131.5315463,47.09417817,5217823.47,464433.9686,6.8524,341.6,TRUE,5.3,400,300
1299,2022/10/19 1:58,131.5315067,47.09423733,5217830.065,464431.0014,6.72276,333.1,TRUE,5.3,400,300
1300,2022/10/19 1:58,131.5314615,47.09429483,5217836.477,464427.6081,7.42652,339.5,TRUE,5.3,400,300
1301,2022/10/19 1:58,131.5314232,47.09434983,5217842.609,464424.7369,6.37088,338.5,TRUE,5.3,399,300
1302,2022/10/19 1:58,131.531383,47.0944175,5217850.151,464421.7299,6.79684,340.8,TRUE,5.3,400,300
1303,2022/10/19 1:58,131.5313477,47.09447267,5217856.3,464419.0866,7.25984,339.9,TRUE,5.3,400,300
1304,2022/10/19 1:58,131.5313035,47.09453783,5217863.564,464415.7743,6.74128,341.6,TRUE,5.3,400,300
1305,2022/10/19 1:59,131.5312578,47.094597,5217870.163,464412.3441,7.1302,341,TRUE,5.3,364,300
1306,2022/10/19 1:59,131.5312148,47.09466267,5217877.483,464409.1232,6.87092,338.5,TRUE,5.3,354,300
1307,2022/10/19 1:59,131.5311678,47.09472083,5217883.971,464405.5936,6.72276,336.8,TRUE,5.3,400,300
1308,2022/10/19 1:59,131.5311303,47.09479333,5217892.048,464402.7949,7.0376,338.9,TRUE,5.3,400,300
1309,2022/10/19 1:59,131.531086,47.09485467,5217898.887,464399.4725,6.83388,338.7,TRUE,5.3,400,300
1310,2022/10/19 1:59,131.5310445,47.094916,5217905.724,464396.3626,6.68572,333.4,TRUE,5.3,382,300
1311,2022/10/19 1:59,131.5310037,47.09497583,5217912.394,464393.3049,6.37088,335.3,TRUE,5.3,400,300
1312,2022/10/19 1:59,131.5309703,47.09503383,5217918.857,464390.8078,6.74128,334.4,TRUE,5.3,400,300
1313,2022/10/19 1:59,131.5309423,47.09508483,5217924.54,464388.7161,5.59304,335.5,TRUE,5.3,400,300
1314,2022/10/19 1:59,131.5309058,47.095136,5217930.245,464385.9791,6.44496,333.3,TRUE,5.3,400,300
1315,2022/10/19 1:59,131.530853,47.09519733,5217937.087,464382.0114,6.945,337.2,TRUE,5.3,400,300
1316,2022/10/19 1:59,131.5308253,47.095259,5217943.956,464379.9495,5.90788,338.4,TRUE,5.3,400,300
1317,2022/10/19 1:59,131.5307785,47.09531933,5217950.684,464376.4366,5.31524,333.9,TRUE,5.3,400,300
1318,2022/10/19 1:59,131.5307538,47.09537183,5217956.532,464374.5964,6.22272,341.4,TRUE,5.3,400,300
1319,2022/10/19 1:59,131.530714,47.0954315,5217963.184,464371.6146,5.50044,342.5,TRUE,5.3,358,300
1320,2022/10/19 2:00,131.5306813,47.0954855,5217969.202,464369.168,6.33384,338.1,TRUE,5.3,400,300
1321,2022/10/19 2:00,131.5306388,47.09555733,5217977.207,464365.9893,6.482,338.6,TRUE,5.3,396,300
1322,2022/10/19 2:00,131.5305912,47.09561983,5217984.177,464362.4172,6.81536,337.7,TRUE,5.3,400,300
1323,2022/10/19 2:00,131.5305522,47.09568083,5217990.976,464359.497,6.40792,336.9,TRUE,5.3,400,300
1324,2022/10/19 2:00,131.5305098,47.09573617,5217997.148,464356.315,6.2968,342,TRUE,5.3,400,300
1325,2022/10/19 2:00,131.5304703,47.095791,5218003.262,464353.3527,5.4634,333.6,TRUE,5.3,400,300
1326,2022/10/19 2:00,131.5304292,47.09584317,5218009.08,464350.2672,6.05604,335.7,TRUE,5.3,400,300
1327,2022/10/19 2:00,131.5303925,47.09590517,5218015.99,464347.5224,5.77824,336.9,TRUE,5.3,400,300
1328,2022/10/19 2:00,131.5303642,47.09596217,5218022.339,464345.4119,6.16716,347.8,TRUE,5.3,400,300
1329,2022/10/19 2:00,131.53034,47.09602,5218028.779,464343.6132,5.68564,348.5,TRUE,5.3,400,300
1330,2022/10/19 2:00,131.5303042,47.09607117,5218034.484,464340.9295,6.09308,338.8,TRUE,5.3,400,300
1331,2022/10/19 2:00,131.5302743,47.09614017,5218042.169,464338.7055,6.482,346.2,TRUE,5.3,377,300
1332,2022/10/19 2:00,131.530241,47.09620517,5218049.41,464336.2208,6.74128,349.8,TRUE,5.3,400,300
1333,2022/10/19 2:00,131.530219,47.0962705,5218056.683,464334.5942,5.88936,8.6,TRUE,5.3,391,300
1334,2022/10/19 2:00,131.5302197,47.09633967,5218064.373,464334.6936,5.53748,33.5,TRUE,5.3,394,300
1335,2022/10/19 2:01,131.5302685,47.09637467,5218068.242,464338.4218,6.72276,96.6,FALSE,5.3,0,300
1336,2022/10/19 2:01,131.530328,47.0963365,5218063.971,464342.9135,4.64852,163.5,FALSE,5.3,0,300
1337,2022/10/19 2:01,131.5303065,47.0962945,5218059.312,464341.2532,5.38932,203.5,FALSE,5.3,0,300
1338,2022/10/19 2:01,131.5302575,47.09625583,5218055.035,464337.5073,5.8338,217.5,FALSE,5.3,0,300
1339,2022/10/19 2:01,131.5301952,47.09621233,5218050.227,464332.7485,5.7412,192.9,FALSE,5.3,0,300
1340,2022/10/19 2:01,131.530179,47.0961585,5218044.25,464331.4827,6.14864,186.6,FALSE,5.3,0,300
1341,2022/10/19 2:01,131.530169,47.09608867,5218036.492,464330.6769,6.019,180.5,FALSE,5.3,0,300
1342,2022/10/19 2:01,131.5301707,47.09601733,5218028.56,464330.7583,6.09308,178.5,TRUE,5.3,336,300
1343,2022/10/19 2:01,131.5301865,47.095955,5218021.623,464331.9162,5.66712,174.2,TRUE,5.3,400,300
1344,2022/10/19 2:01,131.530208,47.09590033,5218015.536,464333.512,5.24116,166,TRUE,5.3,400,300
1345,2022/10/19 2:01,131.5302408,47.09585767,5218010.778,464335.9736,4.85224,165.5,TRUE,5.3,400,300
1346,2022/10/19 2:01,131.5302693,47.095807,5218005.132,464338.1035,5.61156,167.8,TRUE,5.3,400,300
1347,2022/10/19 2:01,131.5303123,47.095749,5217998.664,464341.3293,6.27828,166.3,TRUE,5.3,400,300
1348,2022/10/19 2:01,131.5303478,47.09569067,5217992.163,464343.9856,4.94484,165.7,TRUE,5.3,375,300
1349,2022/10/19 2:01,131.530364,47.09562883,5217985.281,464345.1742,4.77816,160.3,TRUE,5.3,400,300
1350,2022/10/19 2:02,131.530399,47.09557317,5217979.077,464347.7942,6.83388,156.6,TRUE,5.3,377,300
1351,2022/10/19 2:02,131.5304435,47.0955175,5217972.868,464351.1355,6.1116,161.3,TRUE,5.3,400,300
1352,2022/10/19 2:02,131.5304863,47.09545817,5217966.253,464354.3453,6.51904,155.6,TRUE,5.3,400,300
1353,2022/10/19 2:02,131.5305328,47.09540383,5217960.19,464357.8394,6.98204,160.8,TRUE,5.3,382,300
1354,2022/10/19 2:02,131.5305735,47.095344,5217953.52,464360.8894,6.55608,165.4,TRUE,5.3,400,300
1355,2022/10/19 2:02,131.5306115,47.09528183,5217946.592,464363.7329,6.46348,156.9,TRUE,5.3,400,300
1356,2022/10/19 2:02,131.5306545,47.09522133,5217939.846,464366.9571,5.8338,157.5,TRUE,5.3,400,300
1357,2022/10/19 2:02,131.530699,47.09516433,5217933.489,464370.2976,6.59312,159.2,TRUE,5.3,400,300
1358,2022/10/19 2:02,131.5307432,47.09510967,5217927.392,464373.6168,6.40792,156.9,TRUE,5.3,400,300
1359,2022/10/19 2:02,131.5307843,47.09505317,5217921.092,464376.6995,6.14864,158.9,TRUE,5.3,400,300
1360,2022/10/19 2:02,131.5308355,47.09500283,5217915.472,464380.553,6.61164,156.9,TRUE,5.3,400,300
1361,2022/10/19 2:02,131.5308818,47.09494533,5217909.059,464384.0298,6.81536,161.3,TRUE,5.3,400,300
1362,2022/10/19 2:02,131.5309133,47.09487783,5217901.54,464386.3764,6.51904,159.1,TRUE,5.3,400,300
1363,2022/10/19 2:02,131.5309557,47.094818,5217894.87,464389.5555,6.46348,155.5,TRUE,5.3,400,300
1364,2022/10/19 2:02,131.5309968,47.09475933,5217888.328,464392.6368,6.18568,155.6,TRUE,5.3,400,300
1365,2022/10/19 2:03,131.5310302,47.09469433,5217881.087,464395.1292,6.74128,157.6,TRUE,5.3,400,300
1366,2022/10/19 2:03,131.531057,47.09463067,5217873.998,464397.1215,6.1116,160.5,TRUE,5.3,398,300
1367,2022/10/19 2:03,131.5311062,47.09457933,5217868.268,464400.8226,6.00048,155.2,TRUE,5.3,400,300
1368,2022/10/19 2:03,131.5311487,47.09452133,5217861.8,464404.0106,6.7598,160.7,TRUE,5.3,400,300
1369,2022/10/19 2:03,131.5311737,47.09446417,5217855.434,464405.8706,5.70416,162.2,TRUE,5.3,400,300
1370,2022/10/19 2:03,131.5312057,47.09440783,5217849.156,464408.2625,6.59312,157.9,TRUE,5.3,400,300
1371,2022/10/19 2:03,131.5312588,47.09435317,5217843.055,464412.2575,6.13012,154,TRUE,5.3,400,300
1372,2022/10/19 2:03,131.5312943,47.0942915,5217836.183,464414.9117,6.37088,153.8,TRUE,5.3,400,300
1373,2022/10/19 2:03,131.5313345,47.09423133,5217829.476,464417.9237,6.44496,157.1,TRUE,5.3,400,300
1374,2022/10/19 2:03,131.531369,47.09417483,5217823.179,464420.5053,5.96344,156.4,TRUE,5.3,400,300
1375,2022/10/19 2:03,131.531406,47.094118,5217816.844,464423.2766,6.2968,159.1,TRUE,5.3,400,300
1376,2022/10/19 2:03,131.5314352,47.094051,5217809.382,464425.4489,6.07456,157.6,TRUE,5.3,400,300
1377,2022/10/19 2:03,131.5314797,47.0939945,5217803.081,464428.7898,6.61164,154.7,TRUE,5.3,400,300
1378,2022/10/19 2:03,131.531524,47.09393717,5217796.687,464432.115,6.8524,163.6,TRUE,5.3,400,300
1379,2022/10/19 2:03,131.5315652,47.093876,5217789.868,464435.2023,6.63016,158.5,TRUE,5.3,400,300
1380,2022/10/19 2:04,131.5316068,47.0938205,5217783.679,464438.3237,5.98196,158.6,TRUE,5.3,400,300
1381,2022/10/19 2:04,131.5316497,47.09375917,5217776.841,464441.54,6.18568,155,TRUE,5.3,400,300
1382,2022/10/19 2:04,131.5316912,47.093701,5217770.356,464444.6521,6.31532,158.5,TRUE,5.3,400,300
1383,2022/10/19 2:04,131.5317328,47.09363783,5217763.314,464447.7684,6.53756,160.7,TRUE,5.3,400,300
1384,2022/10/19 2:04,131.5317652,47.09357867,5217756.722,464450.1889,6.37088,160.9,TRUE,5.3,400,300
1385,2022/10/19 2:04,131.5318077,47.09352283,5217750.495,464453.3785,6.40792,159.5,TRUE,5.3,400,300
1386,2022/10/19 2:04,131.5318415,47.09346267,5217743.791,464455.9047,6.22272,155.9,TRUE,5.3,400,300
1387,2022/10/19 2:04,131.5318847,47.09340533,5217737.397,464459.1464,6.13012,162,TRUE,5.3,400,300
1388,2022/10/19 2:04,131.5319253,47.09334717,5217730.913,464462.1902,7.09316,158.5,TRUE,5.3,400,300
1389,2022/10/19 2:04,131.5319742,47.09328967,5217724.498,464465.8646,6.53756,154.7,TRUE,5.3,400,300
1390,2022/10/19 2:04,131.5320113,47.093228,5217717.626,464468.6403,6.16716,162,TRUE,5.3,400,300
1391,2022/10/19 2:04,131.5320477,47.09317267,5217711.458,464471.3671,5.9264,153.2,TRUE,5.3,400,300
1392,2022/10/19 2:04,131.5320753,47.093108,5217704.256,464473.4196,6.27828,160.9,TRUE,5.3,395,300
1393,2022/10/19 2:04,131.5321247,47.09305017,5217697.804,464477.1318,6.70424,159.9,TRUE,5.3,400,300
1394,2022/10/19 2:04,131.5321668,47.09299683,5217691.855,464480.2927,6.35236,156.3,TRUE,5.3,400,300
1395,2022/10/19 2:05,131.5322105,47.09293567,5217685.036,464483.5699,7.29688,159.5,TRUE,5.3,364,300
1396,2022/10/19 2:05,131.5322433,47.09287067,5217677.795,464486.017,6.31532,156.2,TRUE,5.3,400,300
1397,2022/10/19 2:05,131.5322785,47.09281717,5217671.831,464488.654,6.18568,159.2,TRUE,5.3,398,300
1398,2022/10/19 2:05,131.532313,47.092755,5217664.904,464491.232,6.70424,160.2,TRUE,5.3,400,300
1399,2022/10/19 2:05,131.532356,47.0926915,5217657.825,464494.4546,6.6672,154.8,TRUE,5.3,400,300
1400,2022/10/19 2:05,131.5323895,47.09263133,5217651.121,464496.958,7.33392,163.5,TRUE,5.3,400,300
1401,2022/10/19 2:05,131.5324337,47.092569,5217644.171,464500.2725,6.16716,160,TRUE,5.3,400,300
1402,2022/10/19 2:05,131.532478,47.09251183,5217637.795,464503.5979,6.42644,162.3,TRUE,5.3,400,300
1403,2022/10/19 2:05,131.532513,47.09246117,5217632.147,464506.2216,6.24124,153.3,TRUE,5.3,400,300
1404,2022/10/19 2:05,131.5325377,47.09239833,5217625.15,464508.0552,5.94492,166.4,TRUE,5.3,400,300
1405,2022/10/19 2:05,131.5325712,47.09234217,5217618.892,464510.5614,5.90788,160.5,TRUE,5.3,400,300
1406,2022/10/19 2:05,131.5326192,47.09228633,5217612.662,464514.1687,5.94492,153.1,TRUE,5.3,400,300
1407,2022/10/19 2:05,131.532669,47.0922335,5217606.766,464517.9146,6.35236,158.6,TRUE,5.3,400,300
1408,2022/10/19 2:05,131.5327185,47.092174,5217600.129,464521.6334,6.35236,157.9,TRUE,5.3,400,300
1409,2022/10/19 2:05,131.5327562,47.09210833,5217592.811,464524.4522,6.83388,160,TRUE,5.3,400,300
1410,2022/10/19 2:06,131.5327958,47.092042,5217585.419,464527.4147,7.778399,161.1,TRUE,5.3,400,300
1411,2022/10/19 2:06,131.5328523,47.09197533,5217577.982,464531.6602,7.29688,156.5,TRUE,5.3,400,300
1412,2022/10/19 2:06,131.5329005,47.091912,5217570.919,464535.2778,6.64868,156.3,TRUE,5.3,400,300
1413,2022/10/19 2:06,131.5329377,47.0918455,5217563.509,464538.0581,6.74128,159.5,TRUE,5.3,398,300
1414,2022/10/19 2:06,131.5329778,47.0917715,5217555.264,464541.0536,7.55616,158.5,TRUE,5.3,400,300
1415,2022/10/19 2:06,131.5330187,47.0917045,5217547.797,464544.1145,7.72284,153.2,TRUE,5.3,400,300
1416,2022/10/19 2:06,131.533064,47.091645,5217541.162,464547.5144,6.83388,157.1,TRUE,5.3,393,300
1417,2022/10/19 2:06,131.5331175,47.09158133,5217534.059,464551.5342,8.037681,158.9,TRUE,5.3,400,300
1418,2022/10/19 2:06,131.5331532,47.091509,5217526.002,464554.1967,7.05612,156.1,TRUE,5.3,400,300
1419,2022/10/19 2:06,131.5331925,47.0914365,5217517.924,464557.1325,7.6858,159.1,TRUE,5.3,400,300
1420,2022/10/19 2:06,131.5332513,47.09136833,5217510.319,464561.5518,6.2968,153.7,TRUE,5.3,400,300
1421,2022/10/19 2:06,131.5332972,47.09130767,5217503.555,464564.9965,6.70424,153.3,TRUE,5.3,400,300
1422,2022/10/19 2:06,131.5333365,47.09124383,5217496.44,464567.9381,7.14872,158.3,TRUE,5.3,398,300
1423,2022/10/19 2:06,131.5333773,47.09117283,5217488.528,464570.9888,7.0376,152.4,TRUE,5.3,400,300
1424,2022/10/19 2:06,131.5334282,47.09110683,5217481.167,464574.8097,6.61164,152.4,TRUE,5.3,400,300
1425,2022/10/19 2:07,131.5334712,47.09104283,5217474.033,464578.0321,6.87092,159.8,TRUE,5.3,400,300
1426,2022/10/19 2:07,131.533523,47.09097233,5217466.172,464581.9183,7.463561,158.1,TRUE,5.3,400,300
1427,2022/10/19 2:07,131.5335613,47.090901,5217458.225,464584.779,6.90796,158.3,TRUE,5.3,400,300
1428,2022/10/19 2:07,131.5336012,47.0908335,5217450.702,464587.7638,6.42644,160.9,TRUE,5.3,400,300
1429,2022/10/19 2:07,131.5336453,47.0907695,5217443.567,464591.0697,6.83388,157.2,TRUE,5.3,400,300
1430,2022/10/19 2:07,131.5336988,47.090706,5217436.484,464595.0897,7.00056,156.1,TRUE,5.3,400,300
1431,2022/10/19 2:07,131.5337423,47.09064067,5217429.201,464598.3493,6.98204,154.2,TRUE,5.3,400,300
1432,2022/10/19 2:07,131.5337923,47.09056817,5217421.118,464602.0976,7.48208,159.9,TRUE,5.3,400,300
1433,2022/10/19 2:07,131.5338315,47.09050367,5217413.93,464605.0312,7.6858,158.3,TRUE,5.3,400,300
1434,2022/10/19 2:07,131.5338768,47.09043183,5217405.923,464608.4231,6.72276,156.9,TRUE,5.3,400,300
1435,2022/10/19 2:07,131.5339162,47.090361,5217398.031,464611.3677,7.92656,163.8,TRUE,5.3,376,300
1436,2022/10/19 2:07,131.5339575,47.09028883,5217389.989,464614.4557,7.5932,160.2,TRUE,5.3,400,300
1437,2022/10/19 2:07,131.5339935,47.09020883,5217381.079,464617.1362,7.408,157.7,TRUE,5.3,400,300
1438,2022/10/19 2:07,131.5340508,47.09014,5217373.401,464621.4412,8.537721,158.5,TRUE,5.3,400,300
1439,2022/10/19 2:07,131.5340908,47.09006583,5217365.137,464624.4292,7.66728,161,TRUE,5.3,400,300
1440,2022/10/19 2:08,131.5341373,47.08999683,5217357.445,464627.9142,7.27836,160.1,TRUE,5.3,400,300
1441,2022/10/19 2:08,131.5341767,47.0899295,5217349.942,464630.8612,7.57468,154.2,TRUE,5.3,400,300
1442,2022/10/19 2:08,131.5342145,47.08986683,5217342.958,464633.6898,5.79676,166.3,TRUE,5.3,400,300
1443,2022/10/19 2:08,131.53426,47.0898145,5217337.12,464637.1099,5.63008,170.4,FALSE,5.3,0,300
1444,2022/10/19 2:08,131.5342575,47.089774,5217332.618,464636.8933,5.01892,208.2,FALSE,5.3,0,300
1445,2022/10/19 2:08,131.5342622,47.08978017,5217333.302,464637.2542,6.70424,23.5,FALSE,5.3,0,300
1446,2022/10/19 2:08,131.5343408,47.0898355,5217339.418,464643.2588,3.00024,54.1,FALSE,5.3,0,300
1447,2022/10/19 2:08,131.5343372,47.08983733,5217339.623,464642.9867,3.83364,265,FALSE,5.3,0,300
1448,2022/10/19 2:08,131.5342625,47.08983717,5217339.639,464637.3147,5.40784,306,FALSE,5.3,0,300
1449,2022/10/19 2:08,131.5342498,47.08986167,5217342.368,464636.3666,0.62968,320.6,TRUE,5.3,265,300
1450,2022/10/19 2:08,131.5342532,47.08985583,5217341.717,464636.6209,0,0,FALSE,5.3,0,300
1451,2022/10/19 2:08,131.5342608,47.08985817,5217341.974,464637.1995,4.94484,333,TRUE,5.3,356,300
1452,2022/10/19 2:08,131.5342425,47.0899055,5217347.244,464635.8414,6.70424,339.3,TRUE,5.3,370,300
1453,2022/10/19 2:08,131.5342185,47.08996833,5217354.24,464634.0607,6.13012,336.2,TRUE,5.3,400,300
1454,2022/10/19 2:08,131.5341748,47.09002183,5217360.208,464630.7781,7.24132,332.2,TRUE,5.3,400,300
1455,2022/10/19 2:09,131.534131,47.090075,5217366.138,464627.4876,7.24132,339.5,TRUE,5.3,400,300
1456,2022/10/19 2:09,131.5340732,47.0901415,5217373.557,464623.143,5.35228,342.5,TRUE,5.3,394,300
1457,2022/10/19 2:09,131.5340363,47.09019883,5217379.948,464620.3792,6.16716,339.6,TRUE,5.3,400,300
1458,2022/10/19 2:09,131.5339923,47.090273,5217388.213,464617.0875,7.37096,341.4,TRUE,5.3,400,300
1459,2022/10/19 2:09,131.5339477,47.090334,5217395.015,464613.7416,6.50052,335.8,TRUE,5.3,400,300
1460,2022/10/19 2:09,131.5339043,47.0903885,5217401.093,464610.4824,6.00048,336.7,TRUE,5.3,400,300
1461,2022/10/19 2:09,131.5338557,47.0904485,5217407.786,464606.8321,6.05604,340.8,TRUE,5.3,400,300
1462,2022/10/19 2:09,131.5338202,47.09051933,5217415.676,464604.1836,6.88944,340.7,TRUE,5.3,400,300
1463,2022/10/19 2:09,131.5337667,47.09059533,5217424.149,464600.1719,6.2042,337.2,TRUE,5.3,400,300
1464,2022/10/19 2:09,131.5337203,47.0906615,5217431.527,464596.6927,6.59312,338,TRUE,5.3,400,300
1465,2022/10/19 2:09,131.5336825,47.09072267,5217438.344,464593.8632,6.22272,335,TRUE,5.3,400,300
1466,2022/10/19 2:09,131.5336242,47.09079117,5217445.986,464589.482,6.1116,335.7,TRUE,5.3,400,300
1467,2022/10/19 2:09,131.5335812,47.09085483,5217453.083,464586.2594,7.44504,340.1,TRUE,5.3,400,300
1468,2022/10/19 2:09,131.533523,47.09093867,5217462.43,464581.896,6.37088,342,TRUE,5.3,400,300
1469,2022/10/19 2:09,131.5334838,47.091019,5217471.378,464578.973,6.70424,332.2,TRUE,5.3,400,300
1470,2022/10/19 2:10,131.5334387,47.09108933,5217479.217,464575.5953,5.98196,337.5,TRUE,5.3,400,300
1471,2022/10/19 2:10,131.5334017,47.091157,5217486.757,464572.8309,7.83396,336.3,TRUE,5.3,400,300
1472,2022/10/19 2:10,131.5333545,47.09122583,5217494.43,464569.2928,5.24116,341.1,TRUE,5.3,400,300
1473,2022/10/19 2:10,131.533304,47.09128517,5217501.05,464565.4979,6.44496,337.3,TRUE,5.3,400,300
1474,2022/10/19 2:10,131.5332633,47.0913515,5217508.443,464562.4517,6.90796,342.6,TRUE,5.3,377,300
1475,2022/10/19 2:10,131.5332303,47.09140983,5217514.942,464559.9848,6.25976,338.7,TRUE,5.3,400,300
1476,2022/10/19 2:10,131.5331758,47.09148,5217522.768,464555.8934,6.3894,336,TRUE,5.3,400,300
1477,2022/10/19 2:10,131.5331342,47.0915475,5217530.291,464552.7797,7.07464,337.7,TRUE,5.3,400,300
1478,2022/10/19 2:10,131.533094,47.0916095,5217537.202,464549.7686,6.64868,340.3,TRUE,5.3,400,300
1479,2022/10/19 2:10,131.5330548,47.091677,5217544.724,464546.8371,7.01908,335.4,TRUE,5.3,400,300
1480,2022/10/19 2:10,131.5330168,47.09174067,5217551.819,464543.9942,6.61164,341,TRUE,5.3,400,300
1481,2022/10/19 2:10,131.5329733,47.09180717,5217559.232,464540.7356,6.53756,335,TRUE,5.3,400,300
1482,2022/10/19 2:10,131.5329213,47.09186217,5217565.37,464536.824,6.7598,341.4,TRUE,5.3,400,300
1483,2022/10/19 2:10,131.5328815,47.09192767,5217572.67,464533.8456,7.11168,341,TRUE,5.3,400,300
1484,2022/10/19 2:10,131.5328455,47.09199717,5217580.413,464531.1585,6.3894,340.8,TRUE,5.3,400,300
1485,2022/10/19 2:11,131.5328092,47.09205717,5217587.099,464528.4422,7.07464,338.7,TRUE,5.3,397,300
1486,2022/10/19 2:11,131.532768,47.09211333,5217593.362,464525.3514,6.6672,339.7,TRUE,5.3,400,300
1487,2022/10/19 2:11,131.5327188,47.09217667,5217600.426,464521.6579,7.51912,338,TRUE,5.3,400,300
1488,2022/10/19 2:11,131.5326767,47.09223317,5217606.726,464518.499,6.81536,341.1,TRUE,5.3,397,300
1489,2022/10/19 2:11,131.5326365,47.09230583,5217614.822,464515.4951,7.38948,342.2,TRUE,5.3,400,300
1490,2022/10/19 2:11,131.5325957,47.09236683,5217621.622,464512.4379,7.05612,342.5,TRUE,5.3,400,300
1491,2022/10/19 2:11,131.5325617,47.09243217,5217628.901,464509.8999,7.00056,343.7,TRUE,5.3,400,300
1492,2022/10/19 2:11,131.5325308,47.09248817,5217635.141,464507.591,6.482,343.5,TRUE,5.3,400,300
1493,2022/10/19 2:11,131.5324997,47.09253683,5217640.565,464505.2621,4.98188,342.6,TRUE,5.3,400,300
1494,2022/10/19 2:11,131.5324657,47.09257933,5217645.305,464502.7089,5.7412,338.6,TRUE,5.3,400,300
1495,2022/10/19 2:11,131.5324222,47.0926445,5217652.57,464499.4495,6.37088,344.3,TRUE,5.3,400,300
1496,2022/10/19 2:11,131.5323843,47.09270817,5217659.665,464496.6143,6.7598,344.7,TRUE,5.3,400,300
1497,2022/10/19 2:11,131.5323448,47.09276467,5217665.965,464493.6528,6.74128,338.9,TRUE,5.3,400,300
1498,2022/10/19 2:11,131.5323087,47.0928225,5217672.41,464490.9504,6.51904,342.3,TRUE,5.3,400,300
1499,2022/10/19 2:11,131.5322738,47.09288817,5217679.727,464488.3443,6.7598,344.3,TRUE,5.3,399,300
1500,2022/10/19 2:12,131.5322313,47.092952,5217686.842,464485.16,6.55608,344.5,TRUE,5.3,357,300
1501,2022/10/19 2:12,131.5321883,47.0930115,5217693.476,464481.9348,6.59312,340.7,TRUE,5.3,400,300
1502,2022/10/19 2:12,131.5321492,47.0930635,5217699.275,464479.0008,6.77832,339.1,TRUE,5.3,399,300
1503,2022/10/19 2:12,131.5321205,47.0931255,5217706.181,464476.863,6.7598,343.2,TRUE,5.3,394,300
1504,2022/10/19 2:12,131.5320748,47.09318767,5217713.113,464473.4346,7.09316,338.8,TRUE,5.3,400,300
1505,2022/10/19 2:12,131.5320357,47.09324883,5217719.93,464470.5067,6.87092,341.3,TRUE,5.3,374,300
1506,2022/10/19 2:12,131.5319893,47.09331017,5217726.771,464467.0247,6.40792,340,TRUE,5.3,400,300
1507,2022/10/19 2:12,131.531939,47.09336517,5217732.908,464463.2423,7.00056,336.8,TRUE,5.3,400,300
1508,2022/10/19 2:12,131.5318972,47.09342583,5217739.671,464460.1091,6.27828,339.5,TRUE,5.3,400,300
1509,2022/10/19 2:12,131.5318752,47.0934895,5217746.759,464458.4811,6.70424,343.4,TRUE,5.3,400,300
1510,2022/10/19 2:12,131.5318387,47.093553,5217753.835,464455.7522,6.44496,339.6,TRUE,5.3,364,300
1511,2022/10/19 2:12,131.5317955,47.093619,5217761.192,464452.5162,6.2042,341.4,TRUE,5.3,400,300
1512,2022/10/19 2:12,131.531747,47.09367883,5217767.865,464448.8738,7.11168,335.1,TRUE,5.3,400,300
1513,2022/10/19 2:12,131.5317088,47.09373033,5217773.608,464446.0078,6.24124,338.9,TRUE,5.3,397,300
1514,2022/10/19 2:12,131.5316565,47.09378617,5217779.84,464442.0742,6.27828,340.7,TRUE,5.3,400,300
1515,2022/10/19 2:13,131.5316217,47.0938415,5217786.007,464439.469,5.90788,340.6,TRUE,5.3,400,300
1516,2022/10/19 2:13,131.5315778,47.0938995,5217792.475,464436.1746,6.482,340.1,TRUE,5.3,400,300
1517,2022/10/19 2:13,131.5315435,47.09396183,5217799.42,464433.6119,7.07464,343,TRUE,5.3,400,300
1518,2022/10/19 2:13,131.5315055,47.09402283,5217806.219,464430.7675,6.13012,347.1,TRUE,5.3,380,300
1519,2022/10/19 2:13,131.5314733,47.09408117,5217812.719,464428.3617,6.40792,339.8,TRUE,5.3,400,300
1520,2022/10/19 2:13,131.5314267,47.09414183,5217819.484,464424.8641,7.18576,343.3,TRUE,5.3,400,300
1521,2022/10/19 2:13,131.5313808,47.0942015,5217826.138,464421.419,6.61164,342.2,TRUE,5.3,400,300
1522,2022/10/19 2:13,131.5313382,47.09426217,5217832.903,464418.2251,6.51904,345.4,TRUE,5.3,391,300
1523,2022/10/19 2:13,131.531303,47.094323,5217839.681,464415.5932,6.42644,340.2,TRUE,5.3,400,300
1524,2022/10/19 2:13,131.5312533,47.0943805,5217846.096,464411.8582,6.68572,339.5,TRUE,5.3,400,300
1525,2022/10/19 2:13,131.531206,47.09443533,5217852.213,464408.3036,6.2968,338.4,TRUE,5.3,399,300
1526,2022/10/19 2:13,131.5311618,47.09449583,5217858.959,464404.9882,6.40792,339.3,TRUE,5.3,400,300
1527,2022/10/19 2:13,131.5311247,47.09455433,5217865.48,464402.2105,5.79676,339.5,TRUE,5.3,400,300
1528,2022/10/19 2:13,131.5310888,47.094609,5217871.574,464399.5213,6.74128,340.8,TRUE,5.3,400,300
1529,2022/10/19 2:13,131.5310567,47.094668,5217878.148,464397.1236,6.31532,338.5,TRUE,5.3,399,300
1530,2022/10/19 2:14,131.5310215,47.0947305,5217885.112,464394.4928,6.51904,340.2,TRUE,5.3,394,300
1531,2022/10/19 2:14,131.5309673,47.09479533,5217892.344,464390.4211,7.11168,339.7,TRUE,5.3,396,300
1532,2022/10/19 2:14,131.530923,47.094857,5217899.22,464387.0989,6.90796,340.1,TRUE,5.3,394,300
1533,2022/10/19 2:14,131.530877,47.09491717,5217905.93,464383.6466,6.5746,345.7,TRUE,5.3,376,300
1534,2022/10/19 2:14,131.5308303,47.094985,5217913.493,464380.1464,7.11168,336.9,TRUE,5.3,400,300
1535,2022/10/19 2:14,131.5307813,47.09504833,5217920.555,464376.4685,6.74128,337.4,TRUE,5.3,396,300
1536,2022/10/19 2:14,131.5307395,47.09511017,5217927.449,464373.3362,6.33384,343.7,TRUE,5.3,370,300
1537,2022/10/19 2:14,131.5306967,47.09517333,5217934.491,464370.129,6.64868,338.8,TRUE,5.3,400,300
1538,2022/10/19 2:14,131.5306558,47.09523067,5217940.884,464367.062,7.00056,334.7,TRUE,5.3,377,300
1539,2022/10/19 2:14,131.5306128,47.0952905,5217947.555,464363.8374,6.74128,336,TRUE,5.3,400,300
1540,2022/10/19 2:14,131.5305768,47.09535167,5217954.372,464361.145,6.77832,342.2,TRUE,5.3,400,300
1541,2022/10/19 2:14,131.5305455,47.09540667,5217960.5,464358.8054,5.96344,349,TRUE,5.3,372,300
1542,2022/10/19 2:14,131.5305187,47.09545667,5217966.071,464356.8041,6.50052,345.9,TRUE,5.3,400,300
1543,2022/10/19 2:14,131.5305097,47.09550333,5217971.263,464356.152,6.53756,347.3,TRUE,5.3,400,300
1544,2022/10/19 2:14,131.53049,47.09556233,5217977.831,464354.6957,6.1116,343.4,TRUE,5.3,400,300
1545,2022/10/19 2:15,131.5304548,47.0956235,5217984.647,464352.0642,6.79684,0.8,TRUE,5.3,263,300
1546,2022/10/19 2:15,131.5304535,47.0956905,5217992.096,464352.0102,5.13004,52.5,FALSE,5.3,0,300
1547,2022/10/19 2:15,131.5305292,47.09568717,5217991.692,464357.7551,5.57452,115.7,FALSE,5.3,0,300
1548,2022/10/19 2:15,131.5305592,47.09564433,5217986.915,464360.0041,4.70408,183.9,FALSE,5.3,0,300
1549,2022/10/19 2:15,131.5305302,47.09560067,5217982.075,464357.7733,5.8338,205.4,FALSE,5.3,0,300
1550,2022/10/19 2:15,131.5304897,47.09555383,5217976.886,464354.6673,5.51896,204.8,FALSE,5.3,0,300
1551,2022/10/19 2:15,131.530469,47.095491,5217969.91,464353.0538,6.35236,182.1,FALSE,5.3,0,300
1552,2022/10/19 2:15,131.5304698,47.095434,5217963.573,464353.0765,5.90788,178.5,FALSE,5.3,0,300
1553,2022/10/19 2:15,131.5304835,47.09537017,5217956.471,464354.074,4.70408,172.2,TRUE,5.3,395,300
1554,2022/10/19 2:15,131.530509,47.09530733,5217949.473,464355.9681,6.09308,163.3,TRUE,5.3,400,300
1555,2022/10/19 2:15,131.5305343,47.09524533,5217942.569,464357.8475,5.25968,163,TRUE,5.3,394,300
1556,2022/10/19 2:15,131.5305582,47.09518817,5217936.203,464359.6238,5.68564,170.5,TRUE,5.3,398,300
1557,2022/10/19 2:15,131.5305898,47.095128,5217929.5,464361.9828,5.6486,159.7,TRUE,5.3,400,300
1558,2022/10/19 2:15,131.5306172,47.09507383,5217923.465,464364.0269,5.66712,166.7,TRUE,5.3,400,300
1559,2022/10/19 2:15,131.530645,47.09501967,5217917.431,464366.1013,5.05596,162.5,TRUE,5.3,400,300
1560,2022/10/19 2:16,131.5306747,47.09496567,5217911.414,464368.3202,6.22272,162.3,TRUE,5.3,400,300
1561,2022/10/19 2:16,131.5307173,47.09490317,5217904.447,464371.5127,6.3894,159.3,TRUE,5.3,400,300
1562,2022/10/19 2:16,131.530767,47.0948335,5217896.679,464375.2395,7.07464,161.8,TRUE,5.3,400,300
1563,2022/10/19 2:16,131.5308097,47.094778,5217890.489,464378.4444,8.0562,157.6,TRUE,5.3,400,300
1564,2022/10/19 2:16,131.5308617,47.094706,5217882.461,464382.3443,7.1302,155.6,TRUE,5.3,400,300
1565,2022/10/19 2:16,131.5309078,47.09463117,5217874.121,464385.7943,6.90796,156.8,TRUE,5.3,400,300
1566,2022/10/19 2:16,131.5309563,47.09456617,5217866.873,464389.4332,7.33392,158.2,TRUE,5.3,400,300
1567,2022/10/19 2:16,131.5309958,47.09450283,5217859.813,464392.3899,7.852479,152.1,TRUE,5.3,400,300
1568,2022/10/19 2:16,131.5310423,47.0944355,5217852.307,464395.8753,7.5006,159.9,TRUE,5.3,400,300
1569,2022/10/19 2:16,131.5310867,47.09435917,5217843.801,464399.1954,6.90796,161.8,TRUE,5.3,398,300
1570,2022/10/19 2:16,131.531143,47.0942895,5217836.03,464403.4234,7.852479,161.2,TRUE,5.3,400,300
1571,2022/10/19 2:16,131.5311858,47.09421917,5217828.192,464406.626,6.70424,163.3,TRUE,5.3,370,300
1572,2022/10/19 2:16,131.5312323,47.09415867,5217821.444,464410.116,7.05612,157,TRUE,5.3,397,300
1573,2022/10/19 2:16,131.531286,47.09408983,5217813.767,464414.1472,7.09316,164.4,TRUE,5.3,400,300
1574,2022/10/19 2:16,131.5313233,47.094017,5217805.653,464416.9306,7.18576,157.7,TRUE,5.3,400,300
1575,2022/10/19 2:17,131.5313542,47.093952,5217798.413,464419.2333,7.35244,159.3,TRUE,5.3,400,300
1576,2022/10/19 2:17,131.5313977,47.09388433,5217790.87,464422.4908,7.48208,156,TRUE,5.3,377,300
1577,2022/10/19 2:17,131.5314552,47.093812,5217782.803,464426.8082,6.90796,156.3,TRUE,5.3,400,300
1578,2022/10/19 2:17,131.5314963,47.0937545,5217776.392,464429.8903,6.72276,156.1,TRUE,5.3,373,300
1579,2022/10/19 2:17,131.531547,47.09369033,5217769.235,464433.6969,5.88936,160.3,TRUE,5.3,400,300
1580,2022/10/19 2:17,131.5315918,47.09362883,5217762.377,464437.0573,7.5932,153.7,TRUE,5.3,400,300
1581,2022/10/19 2:17,131.5316332,47.093557,5217754.373,464440.1527,6.55608,160.6,TRUE,5.3,363,300
1582,2022/10/19 2:17,131.5316803,47.09349317,5217747.256,464443.6862,6.64868,157.8,TRUE,5.3,399,300
1583,2022/10/19 2:17,131.5317275,47.09342783,5217739.97,464447.2263,7.29688,164.8,TRUE,5.3,396,300
1584,2022/10/19 2:17,131.5317685,47.093364,5217732.855,464450.2966,6.55608,159.7,TRUE,5.3,400,300
1585,2022/10/19 2:17,131.5318132,47.09329033,5217724.645,464453.6414,7.408,159.4,TRUE,5.3,395,300
1586,2022/10/19 2:17,131.5318548,47.09322,5217716.807,464456.753,7.704319,157,TRUE,5.3,375,300
1587,2022/10/19 2:17,131.5318948,47.09315733,5217709.822,464459.7482,6.64868,161.3,TRUE,5.3,377,300
1588,2022/10/19 2:17,131.5319453,47.093089,5217702.203,464463.5369,6.27828,158.9,TRUE,5.3,388,300
1589,2022/10/19 2:17,131.5319935,47.09302017,5217694.529,464467.1507,7.16724,155.4,TRUE,5.3,400,300
1590,2022/10/19 2:18,131.532048,47.09295183,5217686.906,464471.243,7.25984,153.5,TRUE,5.3,400,300
1591,2022/10/19 2:18,131.5320868,47.0928935,5217680.404,464474.1501,6.74128,160.3,TRUE,5.3,400,300
1592,2022/10/19 2:18,131.532128,47.092833,5217673.659,464477.2379,8.037681,154.2,TRUE,5.3,400,300
1593,2022/10/19 2:18,131.5321732,47.09276317,5217665.876,464480.6233,6.70424,159.4,TRUE,5.3,400,300
1594,2022/10/19 2:18,131.5322135,47.09270017,5217658.854,464483.6411,8.037681,152.6,TRUE,5.3,400,300
1595,2022/10/19 2:18,131.5322535,47.09263767,5217651.887,464486.6365,7.29688,161.3,TRUE,5.3,400,300
1596,2022/10/19 2:18,131.5322973,47.09257633,5217645.048,464489.9213,6.55608,164.1,TRUE,5.3,400,300
1597,2022/10/19 2:18,131.5323328,47.09251483,5217638.195,464492.5757,6.019,156,TRUE,5.3,400,300
1598,2022/10/19 2:18,131.5323742,47.09245583,5217631.617,464495.6798,6.00048,161.1,TRUE,5.3,400,300
1599,2022/10/19 2:18,131.5324218,47.09239183,5217624.48,464499.2512,7.07464,157.3,TRUE,5.3,386,300
1600,2022/10/19 2:18,131.5324772,47.09232133,5217616.617,464503.4106,6.68572,155.7,TRUE,5.3,400,300
1601,2022/10/19 2:18,131.5325242,47.09224867,5217608.518,464506.9308,7.05612,160.1,TRUE,5.3,375,300
1602,2022/10/19 2:18,131.5325678,47.09218167,5217601.05,464510.1966,7.38948,157.5,TRUE,5.3,400,300
1603,2022/10/19 2:18,131.5326102,47.0921115,5217593.23,464513.3692,7.5932,161,TRUE,5.3,400,300
1604,2022/10/19 2:18,131.5326612,47.0920395,5217585.202,464517.1936,7.27836,157.4,TRUE,5.3,400,300
1605,2022/10/19 2:19,131.532709,47.09197417,5217577.918,464520.7794,7.09316,159.6,TRUE,5.3,400,300
1606,2022/10/19 2:19,131.5327612,47.09190317,5217570.001,464524.6955,7.27836,155.9,TRUE,5.3,400,300
1607,2022/10/19 2:19,131.5327978,47.09183417,5217562.313,464527.4286,7.29688,156.7,TRUE,5.3,400,300
1608,2022/10/19 2:19,131.532838,47.09176283,5217554.364,464530.4334,7.42652,161.5,TRUE,5.3,400,300
1609,2022/10/19 2:19,131.532878,47.09169567,5217546.879,464533.4259,7.1302,156.9,TRUE,5.3,400,300
1610,2022/10/19 2:19,131.532937,47.0916255,5217539.052,464537.8589,7.63024,158,TRUE,5.3,372,300
1611,2022/10/19 2:19,131.5329833,47.091559,5217531.638,464541.3301,7.25984,160.2,TRUE,5.3,398,300
1612,2022/10/19 2:19,131.5330243,47.09148883,5217523.818,464544.3965,6.98204,159.5,TRUE,5.3,400,300
1613,2022/10/19 2:19,131.5330712,47.0914255,5217516.756,464547.9154,8.22288,162.2,TRUE,5.3,400,300
1614,2022/10/19 2:19,131.5331148,47.09135383,5217508.769,464551.1782,7.79692,159,TRUE,5.3,400,300
1615,2022/10/19 2:19,131.5331567,47.0912895,5217501.598,464554.3168,8.01916,161.1,TRUE,5.3,376,300
1616,2022/10/19 2:19,131.5332043,47.091213,5217493.072,464557.8802,7.72284,159.1,TRUE,5.3,374,300
1617,2022/10/19 2:19,131.5332457,47.09113967,5217484.901,464560.9749,7.33392,156.9,TRUE,5.3,400,300
1618,2022/10/19 2:19,131.533288,47.09106567,5217476.655,464564.1375,7.16724,156.6,TRUE,5.3,400,300
1619,2022/10/19 2:19,131.5333368,47.09099933,5217469.258,464567.7987,6.88944,158.3,TRUE,5.3,400,300
1620,2022/10/19 2:20,131.5333777,47.09093633,5217462.235,464570.8623,7.07464,158.6,TRUE,5.3,400,300
1621,2022/10/19 2:20,131.5334272,47.09087117,5217454.969,464574.5775,7.05612,156.3,TRUE,5.3,372,300
1622,2022/10/19 2:20,131.5334687,47.0907985,5217446.871,464577.6803,7.704319,163.2,TRUE,5.3,400,300
1623,2022/10/19 2:20,131.5335215,47.0907335,5217439.621,464581.6461,7.14872,156.9,TRUE,5.3,395,300
1624,2022/10/19 2:20,131.5335768,47.09067267,5217432.834,464585.8045,7.2228,159.6,TRUE,5.3,400,300
1625,2022/10/19 2:20,131.5336187,47.09060133,5217424.884,464588.9386,6.88944,156.1,TRUE,5.3,400,300
1626,2022/10/19 2:20,131.5336655,47.09053467,5217417.452,464592.4478,7.9636,162,TRUE,5.3,400,300
1627,2022/10/19 2:20,131.5337203,47.090446,5217407.569,464596.5499,7.63024,154.4,TRUE,5.3,400,300
1628,2022/10/19 2:20,131.533766,47.09038217,5217400.452,464599.9775,7.35244,156.3,TRUE,5.3,400,300
1629,2022/10/19 2:20,131.5338038,47.090309,5217392.301,464602.799,7.5006,161.9,TRUE,5.3,400,300
1630,2022/10/19 2:20,131.5338528,47.090239,5217384.496,464606.4731,7.25984,158.2,TRUE,5.3,400,300
1631,2022/10/19 2:20,131.5339097,47.09016717,5217376.485,464610.7458,7.79692,156.5,TRUE,5.3,391,300
1632,2022/10/19 2:20,131.5339545,47.09009933,5217368.923,464614.1025,7.75988,159.3,TRUE,5.3,400,300
1633,2022/10/19 2:20,131.533993,47.09002633,5217360.79,464616.9773,7.72284,159.3,TRUE,5.3,400,300
1634,2022/10/19 2:20,131.5340462,47.08995767,5217353.133,464620.9712,8.185841,156.8,TRUE,5.3,397,300
1635,2022/10/19 2:21,131.534091,47.08988967,5217345.553,464624.3278,7.81544,154.4,TRUE,5.3,396,300
1636,2022/10/19 2:21,131.5341417,47.0898175,5217337.507,464628.1296,7.38948,157.3,TRUE,5.3,400,300
1637,2022/10/19 2:21,131.5341813,47.08974117,5217329.003,464631.0858,7.05612,161.8,TRUE,5.3,400,300
1638,2022/10/19 2:21,131.534225,47.08967583,5217321.719,464634.3606,7.98212,148.6,TRUE,5.3,81,300
1639,2022/10/19 2:21,131.5342757,47.08961267,5217314.675,464638.1684,5.42636,179.7,FALSE,5.3,0,300
1640,2022/10/19 2:21,131.5342315,47.08957,5217309.951,464634.7841,6.87092,253.4,FALSE,5.3,0,300
1641,2022/10/19 2:21,131.5341627,47.08960133,5217313.465,464629.5809,6.7598,330.4,FALSE,5.3,0,300
1642,2022/10/19 2:21,131.5341862,47.089644,5217318.198,464631.3935,7.20428,17.6,FALSE,5.3,0,300
1643,2022/10/19 2:21,131.5342133,47.089695,5217323.856,464633.4849,6.05604,338.3,TRUE,5.3,400,300
1644,2022/10/19 2:21,131.5341867,47.08975233,5217330.241,464631.5032,5.9264,348.1,TRUE,5.3,400,300
1645,2022/10/19 2:21,131.5341437,47.08981617,5217337.358,464628.2805,7.33392,337.5,TRUE,5.3,400,300
1646,2022/10/19 2:21,131.5340873,47.08988533,5217345.072,464624.044,7.66728,338,TRUE,5.3,400,300
1647,2022/10/19 2:21,131.5340293,47.08995267,5217352.585,464619.6847,7.408,341.3,TRUE,5.3,400,300
1648,2022/10/19 2:21,131.5339692,47.09001733,5217359.8,464615.1643,8.315479,334.7,TRUE,5.3,398,300
1649,2022/10/19 2:21,131.5339087,47.0900885,5217367.74,464610.6178,6.64868,342,TRUE,5.3,399,300
1650,2022/10/19 2:22,131.5338702,47.09015383,5217375.02,464607.7378,7.55616,339.3,TRUE,5.3,376,300
1651,2022/10/19 2:22,131.5338263,47.09021883,5217382.266,464604.4477,6.53756,341.1,TRUE,5.3,400,300
1652,2022/10/19 2:22,131.5338,47.09029633,5217390.894,464602.5021,7.51912,345,TRUE,5.3,394,300
1653,2022/10/19 2:22,131.5337367,47.0903735,5217399.502,464597.747,7.408,341.5,TRUE,5.3,400,300
1654,2022/10/19 2:22,131.533689,47.09043783,5217406.675,464594.1679,6.13012,339.2,TRUE,5.3,400,300
1655,2022/10/19 2:22,131.5336403,47.0904965,5217413.22,464590.5092,7.42652,338.1,TRUE,5.3,397,300
1656,2022/10/19 2:22,131.5335995,47.0905655,5217420.909,464587.4571,6.53756,342.3,TRUE,5.3,400,300
1657,2022/10/19 2:22,131.5335478,47.09063167,5217428.289,464583.5755,7.463561,337.6,TRUE,5.3,400,300
1658,2022/10/19 2:22,131.5335118,47.09071283,5217437.328,464580.8959,7.29688,342.4,TRUE,5.3,370,300
1659,2022/10/19 2:22,131.5334688,47.09077767,5217444.556,464577.674,6.70424,343.4,TRUE,5.3,400,300
1660,2022/10/19 2:22,131.5334358,47.090838,5217451.277,464575.2085,7.5932,345.1,TRUE,5.3,400,300
1661,2022/10/19 2:22,131.5334032,47.0908985,5217458.018,464572.7734,7.2228,341.8,TRUE,5.3,400,300
1662,2022/10/19 2:22,131.5333682,47.09095817,5217464.668,464570.1555,5.44488,342.6,TRUE,5.3,395,300
1663,2022/10/19 2:22,131.533323,47.09101717,5217471.247,464566.7627,6.16716,339,TRUE,5.3,400,300
1664,2022/10/19 2:22,131.5332763,47.09108333,5217478.624,464563.2609,8.2414,339.2,TRUE,5.3,400,300
1665,2022/10/19 2:23,131.5332328,47.0911485,5217485.888,464560.0013,7.37096,340.7,TRUE,5.3,400,300
1666,2022/10/19 2:23,131.5331782,47.09122183,5217494.065,464555.9044,6.96352,342.8,TRUE,5.3,400,300
1667,2022/10/19 2:23,131.533134,47.09128883,5217501.534,464552.5929,7.14872,340.2,TRUE,5.3,400,300
1668,2022/10/19 2:23,131.5330812,47.09135717,5217509.155,464548.6293,6.96352,340,TRUE,5.3,400,300
1669,2022/10/19 2:23,131.533033,47.09142483,5217516.699,464545.0146,7.1302,343.1,TRUE,5.3,372,300
1670,2022/10/19 2:23,131.5329943,47.09149567,5217524.592,464542.1233,7.51912,340.9,TRUE,5.3,400,300
1671,2022/10/19 2:23,131.5329512,47.09157033,5217532.912,464538.9004,7.11168,342.5,TRUE,5.3,400,300
1672,2022/10/19 2:23,131.5329038,47.0916335,5217539.956,464535.3435,7.61172,344.8,TRUE,5.3,400,300
1673,2022/10/19 2:23,131.5328575,47.09170017,5217547.389,464531.8724,7.25984,344.4,TRUE,5.3,400,300
1674,2022/10/19 2:23,131.5328283,47.0917605,5217554.109,464529.6954,7.81544,340.8,TRUE,5.3,400,300
1675,2022/10/19 2:23,131.532786,47.09183,5217561.855,464526.5299,7.871,335.9,TRUE,5.3,400,300
1676,2022/10/19 2:23,131.5327418,47.09190183,5217569.86,464523.2217,7.63024,336.3,TRUE,5.3,400,300
1677,2022/10/19 2:23,131.5326867,47.09196433,5217576.834,464519.0797,7.81544,338.2,TRUE,5.3,397,300
1678,2022/10/19 2:23,131.5326388,47.09203483,5217584.693,464515.4897,7.48208,343.3,TRUE,5.3,400,300
1679,2022/10/19 2:23,131.532592,47.09210267,5217592.256,464511.9815,7.408,337.9,TRUE,5.3,400,300
1680,2022/10/19 2:24,131.53254,47.09217033,5217599.802,464508.0784,7.79692,343.8,TRUE,5.3,400,300
1681,2022/10/19 2:24,131.53249,47.09224067,5217607.644,464504.3288,7.48208,338.1,TRUE,5.3,400,300
1682,2022/10/19 2:24,131.5324463,47.09230833,5217615.186,464501.0559,7.408,341.7,TRUE,5.3,395,300
1683,2022/10/19 2:24,131.5324057,47.09237883,5217623.042,464498.0202,7.94508,338.6,TRUE,5.3,400,300
1684,2022/10/19 2:24,131.53236,47.09243667,5217629.493,464494.5889,5.33376,348.6,TRUE,5.3,400,300
1685,2022/10/19 2:24,131.5323373,47.0924905,5217635.488,464492.9012,4.70408,346.8,TRUE,5.3,381,300
1686,2022/10/19 2:24,131.532312,47.09253933,5217640.928,464491.0127,5.68564,337.1,TRUE,5.3,400,300
1687,2022/10/19 2:24,131.5322668,47.09258867,5217646.434,464487.6138,6.50052,339.1,TRUE,5.3,400,300
1688,2022/10/19 2:24,131.532223,47.09264267,5217652.457,464484.3242,6.18568,339.7,TRUE,5.3,400,300
1689,2022/10/19 2:24,131.532187,47.0927005,5217658.902,464481.6294,6.87092,338.5,TRUE,5.3,400,300
1690,2022/10/19 2:24,131.5321463,47.09275483,5217664.961,464478.5754,6.46348,344.1,TRUE,5.3,400,300
1691,2022/10/19 2:24,131.5321097,47.092814,5217671.555,464475.8359,6.44496,342,TRUE,5.3,393,300
1692,2022/10/19 2:24,131.5320713,47.09287,5217677.799,464472.9577,5.87084,341.2,TRUE,5.3,400,300
1693,2022/10/19 2:24,131.5320358,47.09291883,5217683.243,464470.2948,6.24124,336.1,TRUE,5.3,400,300
1694,2022/10/19 2:24,131.531998,47.09297717,5217689.746,464467.4637,6.59312,341.7,TRUE,5.3,400,300
1695,2022/10/19 2:25,131.5319622,47.09303617,5217696.322,464464.7849,6.63016,341.4,TRUE,5.3,400,300
1696,2022/10/19 2:25,131.5319288,47.09309467,5217702.84,464462.288,6.83388,342.3,TRUE,5.3,400,300
1697,2022/10/19 2:25,131.5318798,47.093157,5217709.792,464458.6092,6.18568,341.4,TRUE,5.3,400,300
1698,2022/10/19 2:25,131.5318475,47.09321817,5217716.607,464456.1975,6.40792,341.5,TRUE,5.3,398,300
1699,2022/10/19 2:25,131.531805,47.09328367,5217723.908,464453.0144,6.09308,341,TRUE,5.3,400,300
1700,2022/10/19 2:25,131.5317632,47.09334233,5217730.449,464449.8798,6.92648,338.6,TRUE,5.3,400,300
1701,2022/10/19 2:25,131.53173,47.09340083,5217736.967,464447.3981,5.98196,341.8,TRUE,5.3,400,300
1702,2022/10/19 2:25,131.5316913,47.09345983,5217743.544,464444.4991,6.87092,339.8,TRUE,5.3,400,300
1703,2022/10/19 2:25,131.5316528,47.0935185,5217750.084,464441.6152,6.5746,340.7,TRUE,5.3,400,300
1704,2022/10/19 2:25,131.5316103,47.0935745,5217756.329,464438.4257,6.6672,340.4,TRUE,5.3,400,300
1705,2022/10/19 2:25,131.5315743,47.093631,5217762.627,464435.7301,6.90796,344.6,TRUE,5.3,400,300
1706,2022/10/19 2:25,131.5315307,47.09368567,5217768.724,464432.4563,5.70416,338.1,TRUE,5.3,400,300
1707,2022/10/19 2:25,131.5314942,47.09374167,5217774.966,464429.7224,6.50052,342,TRUE,5.3,400,300
1708,2022/10/19 2:25,131.5314542,47.09380483,5217782.006,464426.7275,6.40792,340.4,TRUE,5.3,400,300
1709,2022/10/19 2:25,131.5314175,47.09386667,5217788.898,464423.9823,6.7598,339.9,TRUE,5.3,399,300
1710,2022/10/19 2:26,131.5313758,47.09392517,5217795.42,464420.8553,6.3894,338.2,TRUE,5.3,400,300
1711,2022/10/19 2:26,131.5313378,47.09397917,5217801.441,464418.0063,6.55608,337.6,TRUE,5.3,400,300
1712,2022/10/19 2:26,131.5313045,47.094037,5217807.885,464415.5166,6.44496,338,TRUE,5.3,398,300
1713,2022/10/19 2:26,131.5312713,47.09409617,5217814.478,464413.0354,5.50044,342.1,TRUE,5.3,396,300
1714,2022/10/19 2:26,131.5312272,47.094156,5217821.15,464409.7271,6.92648,342.3,TRUE,5.3,400,300
1715,2022/10/19 2:26,131.531187,47.09421717,5217827.969,464406.7157,6.35236,341.2,TRUE,5.3,400,300
1716,2022/10/19 2:26,131.5311493,47.09427067,5217833.934,464403.8891,6.2042,340.6,TRUE,5.3,400,300
1717,2022/10/19 2:26,131.5311065,47.0943255,5217840.049,464400.6762,6.90796,340.7,TRUE,5.3,400,300
1718,2022/10/19 2:26,131.5310708,47.09439183,5217847.439,464398.01,6.945,335.6,TRUE,5.3,400,300
1719,2022/10/19 2:26,131.5310292,47.09444867,5217853.777,464394.8896,6.24124,340.9,TRUE,5.3,400,300
1720,2022/10/19 2:26,131.5309902,47.09450667,5217860.243,464391.9673,7.2228,341,TRUE,5.3,400,300
1721,2022/10/19 2:26,131.5309402,47.09457117,5217867.436,464388.2142,6.42644,341.1,TRUE,5.3,373,300
1722,2022/10/19 2:26,131.5309027,47.094635,5217874.549,464385.4097,6.8524,333.8,TRUE,5.3,400,300
1723,2022/10/19 2:26,131.530869,47.0946985,5217881.624,464382.8935,6.53756,351.1,TRUE,5.3,400,300
1724,2022/10/19 2:26,131.5308302,47.094757,5217888.145,464379.9867,6.77832,339.1,TRUE,5.3,400,300
1725,2022/10/19 2:27,131.530792,47.09481483,5217894.592,464377.1251,6.13012,343.5,TRUE,5.3,400,300
1726,2022/10/19 2:27,131.5307698,47.09486933,5217900.661,464375.476,6.945,346.5,TRUE,5.3,400,300
1727,2022/10/19 2:27,131.530743,47.09493817,5217908.326,464373.4872,6.51904,356.1,TRUE,5.3,400,300
1728,2022/10/19 2:27,131.53073,47.0949975,5217914.928,464372.5398,5.88936,352.8,TRUE,5.3,211,300
1729,2022/10/19 2:27,131.530721,47.09502683,5217918.193,464371.8761,0,346.3,FALSE,5.3,0,300
1730,2022/10/19 2:27,131.5307105,47.09502917,5217918.458,464371.0805,0,0,FALSE,5.3,0,300
1731,2022/10/19 2:27,131.5307077,47.095031,5217918.662,464370.8691,0,0,FALSE,5.3,0,300
1732,2022/10/19 2:27,131.5307088,47.09503017,5217918.57,464370.9521,0,0,FALSE,5.3,0,300
1733,2022/10/19 2:27,131.53071,47.09502967,5217918.513,464371.0429,0,0,FALSE,5.3,0,300
1734,2022/10/19 2:27,131.5307098,47.09502867,5217918.402,464371.027,0,0,FALSE,5.3,0,300
1735,2022/10/19 2:27,131.530711,47.095028,5217918.327,464371.1177,0,0,FALSE,5.3,0,300
1736,2022/10/19 2:27,131.5307112,47.09502733,5217918.253,464371.1324,0,0,FALSE,5.3,0,300
1737,2022/10/19 2:27,131.5307102,47.09502717,5217918.235,464371.0564,0,0,FALSE,5.3,0,300
1738,2022/10/19 2:27,131.5307105,47.09502683,5217918.197,464371.0789,0,0,FALSE,5.3,0,300
1739,2022/10/19 2:27,131.5307102,47.095027,5217918.217,464371.0563,0,0,FALSE,5.3,0,300
1740,2022/10/19 2:28,131.5307102,47.09502683,5217918.198,464371.0562,0,0,FALSE,5.3,0,300
1741,2022/10/19 2:28,131.5307095,47.09502633,5217918.142,464371.0027,0,0,FALSE,5.3,0,300
1742,2022/10/19 2:28,131.5307087,47.09502617,5217918.125,464370.9418,0,0,FALSE,5.3,0,300
1743,2022/10/19 2:28,131.5307082,47.09502633,5217918.143,464370.904,0,0,FALSE,5.3,0,300
1744,2022/10/19 2:28,131.5307075,47.09502583,5217918.088,464370.8505,0,0,FALSE,5.3,0,300
1745,2022/10/19 2:28,131.530707,47.09502567,5217918.07,464370.8124,0,0,FALSE,5.3,0,300
1746,2022/10/19 2:28,131.5307068,47.09502567,5217918.07,464370.7973,0,0,FALSE,5.3,0,300
1747,2022/10/19 2:28,131.5307068,47.09502567,5217918.07,464370.7973,0,0,FALSE,5.3,0,300
1748,2022/10/19 2:28,131.530707,47.0950255,5217918.051,464370.8123,0,0,FALSE,5.3,0,300
1749,2022/10/19 2:28,131.5307063,47.0950255,5217918.052,464370.7592,0,0,FALSE,5.3,0,300
1750,2022/10/19 2:28,131.530706,47.09502583,5217918.088,464370.7366,0,0,FALSE,5.3,0,300
1751,2022/10/19 2:28,131.5307058,47.09502583,5217918.088,464370.7214,0,0,FALSE,5.3,0,300
1752,2022/10/19 2:28,131.5307058,47.095026,5217918.107,464370.7216,0,0,FALSE,5.3,0,300
1753,2022/10/19 2:28,131.5307055,47.09502583,5217918.089,464370.6987,0,0,FALSE,5.3,0,300
1754,2022/10/19 2:28,131.5307055,47.09502567,5217918.071,464370.6986,0,0,FALSE,5.3,0,300
1755,2022/10/19 2:29,131.5307057,47.0950255,5217918.052,464370.7136,0,0,FALSE,5.3,0,300
1756,2022/10/19 2:29,131.5307058,47.09502567,5217918.071,464370.7213,0,0,FALSE,5.3,0,300
1757,2022/10/19 2:29,131.5307057,47.09502567,5217918.071,464370.7137,0,0,FALSE,5.3,0,300
1758,2022/10/19 2:29,131.5307205,47.09505367,5217921.177,464371.8561,2.75948,46.6,FALSE,5.3,0,300
1759,2022/10/19 2:29,131.5307607,47.09507717,5217923.771,464374.9237,3.90772,79.2,FALSE,5.3,0,300
1760,2022/10/19 2:29,131.5307928,47.095077,5217923.738,464377.3607,3.3336,114.4,FALSE,5.3,0,300
1761,2022/10/19 2:29,131.530808,47.09505717,5217921.526,464378.5015,4.14848,156.6,FALSE,5.3,0,300
1762,2022/10/19 2:29,131.5308195,47.09503167,5217918.686,464379.3575,3.87068,208.5,FALSE,5.3,0,300
1763,2022/10/19 2:29,131.5308023,47.0949905,5217914.117,464378.0242,3.72252,197.8,FALSE,5.3,0,300
1764,2022/10/19 2:29,131.5307945,47.094946,5217909.173,464377.4024,3.35212,197.4,FALSE,5.3,0,300
1765,2022/10/19 2:29,131.5307942,47.09489733,5217903.763,464377.3472,4.3522,175.9,FALSE,5.3,0,300
1766,2022/10/19 2:29,131.5308068,47.09485317,5217898.847,464378.2743,4.22256,176.9,FALSE,5.3,0,300
1767,2022/10/19 2:29,131.5308068,47.09479683,5217892.584,464378.2367,4.7226,166.1,FALSE,5.3,0,300
1768,2022/10/19 2:29,131.5308293,47.09475333,5217887.738,464379.916,4.50036,165.1,FALSE,5.3,0,300
1769,2022/10/19 2:29,131.5308427,47.094702,5217882.025,464380.8991,4.42628,178.5,FALSE,5.3,0,300
1770,2022/10/19 2:30,131.5308498,47.09465133,5217876.389,464381.4043,4.96336,184.4,FALSE,5.3,0,300
1771,2022/10/19 2:30,131.5308588,47.09460567,5217871.309,464382.0572,4.27812,184.1,TRUE,5.3,357,300
1772,2022/10/19 2:30,131.5308653,47.09455533,5217865.709,464382.5171,3.87068,177.1,TRUE,5.3,400,300
1773,2022/10/19 2:30,131.5308772,47.094492,5217858.663,464383.3783,6.22272,165.8,TRUE,5.3,400,300
1774,2022/10/19 2:30,131.5309125,47.0944275,5217851.477,464386.0154,7.2228,165.7,TRUE,5.3,400,300
1775,2022/10/19 2:30,131.5309377,47.094367,5217844.739,464387.8883,6.59312,166.2,TRUE,5.3,400,300
1776,2022/10/19 2:30,131.530966,47.09431183,5217838.593,464390.0001,5.77824,164.8,TRUE,5.3,400,300
1777,2022/10/19 2:30,131.5309957,47.09425217,5217831.947,464392.2152,6.00048,150.4,TRUE,5.3,400,300
1778,2022/10/19 2:30,131.5310483,47.094202,5217826.345,464396.1752,6.8524,160.4,TRUE,5.3,400,300
1779,2022/10/19 2:30,131.531089,47.09414417,5217819.898,464399.2267,6.88944,159.7,TRUE,5.3,400,300
1780,2022/10/19 2:30,131.5311318,47.09408183,5217812.948,464402.4347,6.40792,149.4,TRUE,5.3,400,300
1781,2022/10/19 2:30,131.53117,47.09402133,5217806.204,464405.2946,5.72268,151.3,TRUE,5.3,400,300
1782,2022/10/19 2:30,131.5311978,47.093961,5217799.485,464407.365,7.1302,152.4,TRUE,5.3,400,300
1783,2022/10/19 2:30,131.531253,47.09390233,5217792.937,464411.5168,6.79684,155.7,TRUE,5.3,400,300
1784,2022/10/19 2:30,131.5312987,47.09383633,5217785.579,464414.9425,7.5932,150.1,TRUE,5.3,400,300
1785,2022/10/19 2:31,131.5313503,47.09376533,5217777.662,464418.8128,7.29688,158.6,TRUE,5.3,400,300
1786,2022/10/19 2:31,131.5313927,47.09368133,5217768.304,464421.976,6.33384,155.7,TRUE,5.3,400,300
1787,2022/10/19 2:31,131.5314345,47.09361583,5217761.004,464425.106,6.2042,154.8,TRUE,5.3,399,300
1788,2022/10/19 2:31,131.5314793,47.09355383,5217754.091,464428.466,7.33392,154.2,TRUE,5.3,395,300
1789,2022/10/19 2:31,131.5315308,47.09348983,5217746.952,464432.3335,7.18576,156.7,TRUE,5.3,400,300
1790,2022/10/19 2:31,131.5315697,47.0934245,5217739.672,464435.2434,7.18576,161.7,TRUE,5.3,400,300
1791,2022/10/19 2:31,131.5316165,47.09335833,5217732.294,464438.7525,6.35236,153.3,TRUE,5.3,400,300
1792,2022/10/19 2:31,131.531669,47.09329533,5217725.266,464442.6966,8.11176,156.9,TRUE,5.3,400,300
1793,2022/10/19 2:31,131.5317015,47.09323067,5217718.063,464445.121,7.2228,158.3,TRUE,5.3,400,300
1794,2022/10/19 2:31,131.531748,47.09316983,5217711.278,464448.611,6.2968,152.3,TRUE,5.3,400,300
1795,2022/10/19 2:31,131.5317835,47.09310633,5217704.203,464451.264,6.98204,156.5,TRUE,5.3,400,300
1796,2022/10/19 2:31,131.5318337,47.09303933,5217696.731,464455.0308,7.20428,154.1,TRUE,5.3,400,300
1797,2022/10/19 2:31,131.5318725,47.09297633,5217689.71,464457.9347,6.53756,152.2,TRUE,5.3,400,300
1798,2022/10/19 2:31,131.5319125,47.0929175,5217683.151,464460.9325,6.68572,157.4,TRUE,5.3,400,300
1799,2022/10/19 2:32,131.531957,47.0928605,5217676.794,464464.2732,6.6672,158.1,TRUE,5.3,400,300
1800,2022/10/19 2:32,131.5319955,47.09279717,5217669.736,464467.1542,6.8524,155.6,TRUE,5.3,400,300
1801,2022/10/19 2:32,131.5320377,47.09273,5217662.25,464470.3135,6.98204,155.7,TRUE,5.3,400,300
1802,2022/10/19 2:32,131.5320755,47.09267467,5217656.081,464473.1466,6.90796,153.3,TRUE,5.3,400,300
1803,2022/10/19 2:32,131.5321172,47.09261417,5217649.336,464476.2724,6.68572,153.8,TRUE,5.3,400,300
1804,2022/10/19 2:32,131.5321607,47.0925475,5217641.905,464479.5308,6.44496,157,TRUE,5.3,400,300
1805,2022/10/19 2:32,131.5322022,47.0924855,5217634.993,464482.6405,5.87084,155.6,TRUE,5.3,400,300
1806,2022/10/19 2:32,131.532239,47.09242767,5217628.548,464485.396,5.75972,152.8,TRUE,5.3,400,300
1807,2022/10/19 2:32,131.5322742,47.092377,5217622.898,464488.0349,6.03752,150.8,TRUE,5.3,393,300
1808,2022/10/19 2:32,131.5323252,47.09232067,5217616.613,464491.8696,6.92648,154.1,TRUE,5.3,400,300
1809,2022/10/19 2:32,131.5323705,47.09226033,5217609.884,464495.2689,6.5746,150.7,TRUE,5.3,400,300
1810,2022/10/19 2:32,131.5324007,47.0921955,5217602.663,464497.5187,7.463561,156.4,TRUE,5.3,400,300
1811,2022/10/19 2:32,131.5324498,47.0921255,5217594.859,464501.2001,6.64868,153.7,TRUE,5.3,400,300
1812,2022/10/19 2:32,131.5324955,47.09205717,5217587.242,464504.6245,7.05612,155.8,TRUE,5.3,400,300
1813,2022/10/19 2:32,131.5325387,47.09198333,5217579.013,464507.8554,7.0376,154.1,TRUE,5.3,398,300
1814,2022/10/19 2:33,131.532583,47.09191983,5217571.934,464511.1767,7.07464,159.9,TRUE,5.3,400,300
1815,2022/10/19 2:33,131.5326278,47.0918495,5217564.095,464514.5315,7.35244,156.3,TRUE,5.3,400,300
1816,2022/10/19 2:33,131.5326705,47.0917835,5217556.738,464517.7296,7.24132,150.8,TRUE,5.3,400,300
1817,2022/10/19 2:33,131.532715,47.09172033,5217549.695,464521.0664,6.50052,154.7,TRUE,5.3,400,300
1818,2022/10/19 2:33,131.5327718,47.0916485,5217541.684,464525.3312,7.90804,151.7,TRUE,5.3,371,300
1819,2022/10/19 2:33,131.5328115,47.09157733,5217533.753,464528.2982,7.05612,159.3,TRUE,5.3,400,300
1820,2022/10/19 2:33,131.5328543,47.09151,5217526.249,464531.5032,7.75988,154.6,TRUE,5.3,375,300
1821,2022/10/19 2:33,131.5328995,47.09144017,5217518.465,464534.8887,7.61172,150.4,TRUE,5.3,400,300
1822,2022/10/19 2:33,131.53295,47.09137267,5217510.938,464538.6781,7.44504,160.6,TRUE,5.3,400,300
1823,2022/10/19 2:33,131.5329958,47.0913,5217502.838,464542.1073,7.778399,151.5,TRUE,5.3,400,300
1824,2022/10/19 2:33,131.5330443,47.0912385,5217495.979,464545.7489,7.778399,158,TRUE,5.3,400,300
1825,2022/10/19 2:33,131.5330872,47.09116633,5217487.937,464548.9582,7.09316,155.5,TRUE,5.3,371,300
1826,2022/10/19 2:33,131.5331317,47.09109983,5217480.523,464552.2928,7.05612,157.5,TRUE,5.3,400,300
1827,2022/10/19 2:33,131.5331717,47.09103417,5217473.206,464555.2863,6.96352,160,TRUE,5.3,400,300
1828,2022/10/19 2:33,131.5332107,47.09096917,5217465.962,464558.2044,7.00056,152.9,TRUE,5.3,398,300
1829,2022/10/19 2:34,131.5332643,47.09091083,5217459.452,464562.2353,7.61172,158.8,TRUE,5.3,400,300
1830,2022/10/19 2:34,131.5333045,47.0908435,5217451.948,464565.2429,7.3154,156.5,TRUE,5.3,400,300
1831,2022/10/19 2:34,131.5333467,47.09077483,5217444.295,464568.4015,6.8524,152.6,TRUE,5.3,400,300
1832,2022/10/19 2:34,131.5333852,47.09071083,5217437.163,464571.2822,8.25992,161.8,TRUE,5.3,400,300
1833,2022/10/19 2:34,131.5334327,47.0906455,5217429.878,464574.8454,7.5006,157.4,TRUE,5.3,400,300
1834,2022/10/19 2:34,131.5334813,47.09057383,5217421.888,464578.488,7.25984,154.7,TRUE,5.3,400,300
1835,2022/10/19 2:34,131.5335283,47.09050817,5217414.568,464582.013,7.42652,158.4,TRUE,5.3,400,300
1836,2022/10/19 2:34,131.5335665,47.09044383,5217407.397,464584.8708,7.0376,159.1,TRUE,5.3,400,300
1837,2022/10/19 2:34,131.5336158,47.09036933,5217399.093,464588.5646,7.20428,152.4,TRUE,5.3,400,300
1838,2022/10/19 2:34,131.5336585,47.09029683,5217391.014,464591.7587,7.20428,153.4,TRUE,5.3,400,300
1839,2022/10/19 2:34,131.5337072,47.090233,5217383.895,464595.4141,7.1302,155.5,TRUE,5.3,400,300
1840,2022/10/19 2:34,131.533742,47.09016783,5217376.634,464598.0132,7.24132,154.4,TRUE,5.3,393,300
1841,2022/10/19 2:34,131.5337885,47.09010333,5217369.443,464601.5011,7.24132,161.4,TRUE,5.3,400,300
1842,2022/10/19 2:34,131.533841,47.09003667,5217362.008,464605.4431,7.35244,163,TRUE,5.3,400,300
1843,2022/10/19 2:34,131.5338837,47.08996283,5217353.78,464608.6363,7.51912,158.2,TRUE,5.3,400,300
1844,2022/10/19 2:35,131.5339345,47.08989233,5217345.919,464612.4468,7.33392,154.6,TRUE,5.3,400,300
1845,2022/10/19 2:35,131.533978,47.08982633,5217338.562,464615.706,8.0562,156.4,TRUE,5.3,400,300
1846,2022/10/19 2:35,131.5340285,47.08975983,5217331.147,464619.4963,7.05612,152.8,TRUE,5.3,400,300
1847,2022/10/19 2:35,131.5340618,47.089699,5217324.369,464621.9844,8.0562,158.2,TRUE,5.3,397,300
1848,2022/10/19 2:35,131.5341115,47.08962167,5217315.749,464625.7069,7.18576,161.8,TRUE,5.3,400,300
1849,2022/10/19 2:35,131.5341507,47.08956383,5217309.302,464628.645,4.40776,146.9,TRUE,5.3,400,300
1850,2022/10/19 2:35,131.5342043,47.08951,5217303.293,464632.6791,7.29688,141.7,TRUE,5.3,136,300
1851,2022/10/19 2:35,131.5342548,47.0894545,5217297.1,464636.4768,6.16716,166.5,FALSE,5.3,0,300
1852,2022/10/19 2:35,131.5342168,47.08940333,5217291.428,464633.5576,6.64868,239,FALSE,5.3,0,300
1853,2022/10/19 2:35,131.5341553,47.08942267,5217293.606,464628.9008,7.72284,324.6,FALSE,5.3,0,300
1854,2022/10/19 2:35,131.5341747,47.08946583,5217298.396,464630.4024,7.51912,17,FALSE,5.3,0,300
1855,2022/10/19 2:35,131.5341802,47.0895185,5217304.249,464630.8549,5.14856,339,FALSE,5.3,0,300
1856,2022/10/19 2:35,131.5341742,47.08953017,5217305.549,464630.407,0,0,FALSE,5.3,0,300
1857,2022/10/19 2:35,131.5341662,47.08955333,5217308.127,464629.8149,6.7598,333.4,TRUE,5.3,400,300
1858,2022/10/19 2:35,131.5341208,47.08961033,5217314.485,464626.4055,7.20428,340.9,TRUE,5.3,400,300
1859,2022/10/19 2:36,131.5340753,47.0896885,5217323.195,464623.0025,6.2042,340.3,TRUE,5.3,400,300
1860,2022/10/19 2:36,131.5340273,47.08974483,5217329.48,464619.3952,7.55616,337.4,TRUE,5.3,400,300
1861,2022/10/19 2:36,131.533964,47.08982117,5217337.995,464614.6395,7.2228,337.6,TRUE,5.3,399,300
1862,2022/10/19 2:36,131.533909,47.089904,5217347.228,464610.5184,6.72276,338.7,TRUE,5.3,400,300
1863,2022/10/19 2:36,131.5338595,47.089968,5217354.366,464606.8023,7.07464,339.9,TRUE,5.3,400,300
1864,2022/10/19 2:36,131.5338195,47.090042,5217362.611,464603.8142,6.6672,342.6,TRUE,5.3,400,300
1865,2022/10/19 2:36,131.5337765,47.09010983,5217370.171,464600.5943,8.00064,339.8,TRUE,5.3,400,300
1866,2022/10/19 2:36,131.5337272,47.090182,5217378.216,464596.8988,6.98204,339.9,TRUE,5.3,400,300
1867,2022/10/19 2:36,131.5336765,47.09024417,5217385.151,464593.0905,7.463561,337.1,TRUE,5.3,397,300
1868,2022/10/19 2:36,131.5336308,47.0903165,5217393.213,464589.6685,6.37088,342.6,TRUE,5.3,400,300
1869,2022/10/19 2:36,131.533592,47.0903795,5217400.234,464586.7643,7.3154,337.1,TRUE,5.3,370,300
1870,2022/10/19 2:36,131.5335318,47.09045283,5217408.414,464582.2421,7.2228,340.6,TRUE,5.3,400,300
1871,2022/10/19 2:36,131.5334968,47.090534,5217417.453,464579.6384,7.05612,337.1,TRUE,5.3,398,300
1872,2022/10/19 2:36,131.5334468,47.09059683,5217424.461,464575.8837,6.44496,335.3,TRUE,5.3,397,300
1873,2022/10/19 2:36,131.5334018,47.0906695,5217432.56,464572.5152,7.14872,336.9,TRUE,5.3,400,300
1874,2022/10/19 2:37,131.5333435,47.09073683,5217440.072,464568.1333,7.01908,336.3,TRUE,5.3,400,300
1875,2022/10/19 2:37,131.5333063,47.09080467,5217447.631,464565.3538,7.75988,337.3,TRUE,5.3,400,300
1876,2022/10/19 2:37,131.5332577,47.090872,5217455.138,464561.7084,7.5932,336.4,TRUE,5.3,400,300
1877,2022/10/19 2:37,131.5332085,47.09094983,5217463.813,464558.0245,6.24124,340.9,TRUE,5.3,375,300
1878,2022/10/19 2:37,131.5331768,47.0910155,5217471.128,464555.6612,7.704319,339.6,TRUE,5.3,400,300
1879,2022/10/19 2:37,131.533127,47.0910795,5217478.265,464551.9225,6.88944,336.6,TRUE,5.3,400,300
1880,2022/10/19 2:37,131.5330825,47.0911475,5217485.845,464548.5889,8.13028,341.2,TRUE,5.3,400,300
1881,2022/10/19 2:37,131.5330302,47.09122167,5217494.115,464544.6672,6.98204,336.2,TRUE,5.3,390,300
1882,2022/10/19 2:37,131.5329885,47.09128767,5217501.471,464541.5448,7.81544,338.1,TRUE,5.3,400,300
1883,2022/10/19 2:37,131.5329375,47.09136183,5217509.739,464537.7218,7.24132,339,TRUE,5.3,397,300
1884,2022/10/19 2:37,131.5328937,47.09142717,5217517.023,464534.4397,6.72276,337,TRUE,5.3,383,300
1885,2022/10/19 2:37,131.5328455,47.09150017,5217525.16,464530.8285,7.05612,337.8,TRUE,5.3,400,300
1886,2022/10/19 2:37,131.5327935,47.09156333,5217532.205,464526.9223,7.07464,337.1,TRUE,5.3,400,300
1887,2022/10/19 2:37,131.5327505,47.09163383,5217540.062,464523.7043,7.29688,336.9,TRUE,5.3,369,300
1888,2022/10/19 2:37,131.532705,47.09170567,5217548.07,464520.2974,6.8524,335.2,TRUE,5.3,400,300
1889,2022/10/19 2:38,131.532671,47.09177317,5217555.589,464517.7607,7.48208,337.7,TRUE,5.3,400,300
1890,2022/10/19 2:38,131.5326187,47.09183033,5217561.967,464513.8278,7.98212,339.2,TRUE,5.3,398,300
1891,2022/10/19 2:38,131.5325762,47.09189633,5217569.324,464510.6448,7.27836,334.1,TRUE,5.3,400,300
1892,2022/10/19 2:38,131.5325318,47.09196683,5217577.182,464507.3206,7.2228,335.2,TRUE,5.3,400,300
1893,2022/10/19 2:38,131.5324898,47.09203683,5217584.983,464504.1782,7.24132,341.1,TRUE,5.3,400,300
1894,2022/10/19 2:38,131.5324418,47.09210017,5217592.047,464500.5759,7.2228,342.2,TRUE,5.3,400,300
1895,2022/10/19 2:38,131.5324028,47.09216733,5217599.531,464497.6595,7.463561,340.2,TRUE,5.3,400,300
1896,2022/10/19 2:38,131.5323518,47.09223567,5217607.151,464493.8327,6.87092,334.7,TRUE,5.3,400,300
1897,2022/10/19 2:38,131.5323077,47.09231083,5217615.527,464490.5344,7.5932,340,TRUE,5.3,400,300
1898,2022/10/19 2:38,131.5322692,47.0923805,5217623.29,464487.6576,6.55608,342.8,TRUE,5.3,400,300
1899,2022/10/19 2:38,131.532226,47.09244033,5217629.961,464484.4174,6.40792,339.8,TRUE,5.3,400,300
1900,2022/10/19 2:38,131.5321778,47.09249833,5217636.431,464480.7964,5.7412,338.3,TRUE,5.3,400,300
1901,2022/10/19 2:38,131.5321465,47.09255383,5217642.615,464478.4569,6.40792,335.7,TRUE,5.3,400,300
1902,2022/10/19 2:38,131.5320995,47.09261983,5217649.974,464474.9323,7.704319,337.5,TRUE,5.3,400,300
1903,2022/10/19 2:38,131.5320567,47.09269483,5217658.331,464471.7327,7.83396,339.7,TRUE,5.3,400,300
1904,2022/10/19 2:39,131.532014,47.0927625,5217665.874,464468.5357,7.81544,339.2,TRUE,5.3,400,300
1905,2022/10/19 2:39,131.5319597,47.09282633,5217672.994,464464.4555,7.75988,336.8,TRUE,5.3,400,300
1906,2022/10/19 2:39,131.5319178,47.09289267,5217680.389,464461.3184,7.5932,342.4,TRUE,5.3,400,300
1907,2022/10/19 2:39,131.5318828,47.09296367,5217688.298,464458.7083,7.51912,341.3,TRUE,5.3,400,300
1908,2022/10/19 2:39,131.5318297,47.09302867,5217695.548,464454.72,7.408,342.3,TRUE,5.3,400,300
1909,2022/10/19 2:39,131.5317905,47.0930915,5217702.551,464451.7856,7.81544,339.5,TRUE,5.3,387,300
1910,2022/10/19 2:39,131.5317475,47.0931505,5217709.13,464448.5602,7.01908,340.4,TRUE,5.3,400,300
1911,2022/10/19 2:39,131.5317147,47.09321817,5217716.667,464446.1149,6.59312,341.3,TRUE,5.3,396,300
1912,2022/10/19 2:39,131.5316652,47.0932745,5217722.952,464442.3942,7.38948,335.8,TRUE,5.3,400,300
1913,2022/10/19 2:39,131.5316233,47.09334633,5217730.957,464439.2608,6.87092,336.3,TRUE,5.3,400,300
1914,2022/10/19 2:39,131.5315807,47.0934115,5217738.221,464436.0699,6.6672,339.2,TRUE,5.3,371,300
1915,2022/10/19 2:39,131.5315385,47.09348083,5217745.948,464432.9121,7.35244,337.2,TRUE,5.3,400,300
1916,2022/10/19 2:39,131.5314833,47.093546,5217753.218,464428.7645,7.24132,336.2,TRUE,5.3,400,300
1917,2022/10/19 2:39,131.5314362,47.0936095,5217760.299,464425.2308,7.61172,337.1,TRUE,5.3,400,300
1918,2022/10/19 2:39,131.5313872,47.0936755,5217767.659,464421.5546,6.98204,343.8,TRUE,5.3,400,300
1919,2022/10/19 2:40,131.5313445,47.0937395,5217774.793,464418.3553,6.945,340,TRUE,5.3,400,300
1920,2022/10/19 2:40,131.5313235,47.0938055,5217782.14,464416.8049,7.53764,348.6,TRUE,5.3,400,300
1921,2022/10/19 2:40,131.5312955,47.09387383,5217789.749,464414.7246,7.07464,349.1,TRUE,5.3,394,300
1922,2022/10/19 2:40,131.531265,47.09394733,5217797.934,464412.4579,8.0562,350.6,TRUE,5.3,400,300
1923,2022/10/19 2:40,131.5312248,47.09402367,5217806.44,464409.4567,7.72284,358.1,TRUE,5.3,219,300
1924,2022/10/19 2:40,131.5312253,47.0941,5217814.925,464409.5455,5.25968,45.9,FALSE,5.3,0,300
1925,2022/10/19 2:40,131.5312737,47.0941205,5217817.182,464413.2338,4.57444,102.6,FALSE,5.3,0,300
1926,2022/10/19 2:40,131.5313012,47.0940785,5217812.5,464415.2937,4.79668,158.7,FALSE,5.3,0,300
1927,2022/10/19 2:40,131.5312732,47.09404133,5217808.381,464413.1431,6.27828,204.8,FALSE,5.3,0,300
1928,2022/10/19 2:40,131.5312277,47.09399383,5217803.121,464409.657,5.90788,212.7,FALSE,5.3,0,300
1929,2022/10/19 2:40,131.5312015,47.093935,5217796.593,464407.6286,5.13004,196.4,FALSE,5.3,0,300
1930,2022/10/19 2:40,131.5311887,47.09385933,5217788.186,464406.6064,6.22272,170.4,FALSE,5.3,0,300
1931,2022/10/19 2:40,131.5312005,47.09379717,5217781.27,464407.4608,5.42636,172.9,TRUE,5.3,363,300
1932,2022/10/19 2:40,131.5312248,47.0937435,5217775.292,464409.27,5.79676,158,TRUE,5.3,400,300
1933,2022/10/19 2:40,131.5312577,47.09369233,5217769.589,464411.7338,6.18568,169.5,TRUE,5.3,400,300
1934,2022/10/19 2:41,131.5312733,47.09363133,5217762.8,464412.8775,5.48192,166.2,TRUE,5.3,400,300
1935,2022/10/19 2:41,131.5312952,47.09357267,5217756.269,464414.5012,6.70424,169,TRUE,5.3,400,300
1936,2022/10/19 2:41,131.5313143,47.093517,5217750.071,464415.9142,5.90788,156,TRUE,5.3,400,300
1937,2022/10/19 2:41,131.5313503,47.0934755,5217745.441,464418.6198,5.14856,156.9,TRUE,5.3,400,300
1938,2022/10/19 2:41,131.5313883,47.09342067,5217739.328,464421.4684,6.37088,152.8,TRUE,5.3,400,300
1939,2022/10/19 2:41,131.5314317,47.09335067,5217731.526,464424.7168,7.29688,157.5,TRUE,5.3,400,300
1940,2022/10/19 2:41,131.5314865,47.09327867,5217723.497,464428.8295,7.51912,156.9,TRUE,5.3,398,300
1941,2022/10/19 2:41,131.5315403,47.09320367,5217715.135,464432.8642,7.20428,160.3,TRUE,5.3,400,300
1942,2022/10/19 2:41,131.5315862,47.09313317,5217707.276,464436.3022,8.00064,157.1,TRUE,5.3,374,300
1943,2022/10/19 2:41,131.531637,47.09305983,5217699.1,464440.1103,7.408,164.8,TRUE,5.3,396,300
1944,2022/10/19 2:41,131.5316785,47.092988,5217691.095,464443.2133,6.81536,151.8,TRUE,5.3,400,300
1945,2022/10/19 2:41,131.5317412,47.09291183,5217682.599,464447.923,7.55616,159.4,TRUE,5.3,400,300
1946,2022/10/19 2:41,131.5317872,47.09283917,5217674.5,464451.3671,7.53764,155.7,TRUE,5.3,399,300
1947,2022/10/19 2:41,131.5318327,47.09276817,5217666.586,464454.7744,7.25984,156,TRUE,5.3,374,300
1948,2022/10/19 2:41,131.5318823,47.09269933,5217658.911,464458.4945,7.37096,156,TRUE,5.3,400,300
1949,2022/10/19 2:42,131.5319298,47.09263233,5217651.44,464462.0563,7.27836,156.4,TRUE,5.3,400,300
1950,2022/10/19 2:42,131.5319728,47.0925645,5217643.88,464465.2759,6.98204,158.8,TRUE,5.3,398,300
1951,2022/10/19 2:42,131.5320177,47.09249583,5217636.226,464468.6393,7.75988,155.6,TRUE,5.3,400,300
1952,2022/10/19 2:42,131.5320627,47.09242667,5217628.516,464472.0099,6.42644,156.4,TRUE,5.3,400,300
1953,2022/10/19 2:42,131.532107,47.09235783,5217620.843,464475.3276,5.7412,156.9,TRUE,5.3,376,300
1954,2022/10/19 2:42,131.5321498,47.09229183,5217613.486,464478.5332,7.27836,151.3,TRUE,5.3,393,300
1955,2022/10/19 2:42,131.5322003,47.09221833,5217605.292,464482.3186,7.37096,154.7,TRUE,5.3,400,300
1956,2022/10/19 2:42,131.5322455,47.09214367,5217596.972,464485.7007,7.463561,159.1,TRUE,5.3,400,300
1957,2022/10/19 2:42,131.532295,47.092081,5217589.982,464489.4174,7.55616,153.6,TRUE,5.3,396,300
1958,2022/10/19 2:42,131.5323438,47.09201133,5217582.214,464493.0762,8.07472,154.1,TRUE,5.3,374,300
1959,2022/10/19 2:42,131.5323932,47.091934,5217573.595,464496.7755,7.57468,156.1,TRUE,5.3,398,300
1960,2022/10/19 2:42,131.532436,47.09186283,5217565.663,464499.9778,7.72284,157.1,TRUE,5.3,400,300
1961,2022/10/19 2:42,131.5324858,47.09178433,5217556.914,464503.7068,7.81544,158,TRUE,5.3,388,300
1962,2022/10/19 2:42,131.5325348,47.091718,5217549.518,464507.383,7.6858,156.9,TRUE,5.3,375,300
1963,2022/10/19 2:42,131.5325862,47.09164517,5217541.398,464511.2372,7.83396,153.9,TRUE,5.3,398,300
1964,2022/10/19 2:43,131.5326395,47.09157017,5217533.035,464515.2343,7.42652,158.3,TRUE,5.3,395,300
1965,2022/10/19 2:43,131.532681,47.09150233,5217525.475,464518.3401,7.871,155.7,TRUE,5.3,397,300
1966,2022/10/19 2:43,131.5327353,47.09143367,5217517.817,464522.4173,8.167319,157.5,TRUE,5.3,400,300
1967,2022/10/19 2:43,131.5327822,47.09136417,5217510.069,464525.9321,7.24132,158,TRUE,5.3,366,300
1968,2022/10/19 2:43,131.5328308,47.0912935,5217502.191,464529.5752,7.63024,157.6,TRUE,5.3,400,300
1969,2022/10/19 2:43,131.5328737,47.0912225,5217494.278,464532.7853,7.09316,152.7,TRUE,5.3,400,300
1970,2022/10/19 2:43,131.5329202,47.09115083,5217486.289,464536.2683,7.778399,154.1,TRUE,5.3,400,300
1971,2022/10/19 2:43,131.5329673,47.09107833,5217478.208,464539.7963,7.704319,151.9,TRUE,5.3,372,300
1972,2022/10/19 2:43,131.5330128,47.09100217,5217469.72,464543.2004,7.29688,154.5,TRUE,5.3,400,300
1973,2022/10/19 2:43,131.5330565,47.090931,5217461.788,464546.4711,7.463561,158.4,TRUE,5.3,367,300
1974,2022/10/19 2:43,131.5331045,47.0908655,5217454.485,464550.0722,7.11168,157.2,TRUE,5.3,373,300
1975,2022/10/19 2:43,131.5331522,47.090794,5217446.514,464553.6464,8.22288,157.5,TRUE,5.3,383,300
1976,2022/10/19 2:43,131.5331987,47.09072267,5217438.563,464557.1297,7.20428,156.1,TRUE,5.3,371,300
1977,2022/10/19 2:43,131.5332508,47.09066017,5217431.591,464561.044,8.4266,153.9,TRUE,5.3,400,300
1978,2022/10/19 2:43,131.5332965,47.09058183,5217422.862,464564.4619,7.778399,157,TRUE,5.3,399,300
1979,2022/10/19 2:44,131.5333445,47.09051217,5217415.096,464568.0603,7.66728,156.8,TRUE,5.3,399,300
1980,2022/10/19 2:44,131.5333955,47.09044383,5217407.475,464571.8872,7.14872,160.7,TRUE,5.3,394,300
1981,2022/10/19 2:44,131.533438,47.09037883,5217400.229,464575.071,7.9636,155.1,TRUE,5.3,374,300
1982,2022/10/19 2:44,131.5334903,47.09030267,5217391.739,464578.9916,7.35244,154.6,TRUE,5.3,400,300
1983,2022/10/19 2:44,131.533533,47.09022917,5217383.548,464582.1849,7.48208,151.7,TRUE,5.3,391,300
1984,2022/10/19 2:44,131.5335805,47.09016183,5217376.041,464585.7469,7.92656,156.1,TRUE,5.3,372,300
1985,2022/10/19 2:44,131.5336195,47.09009217,5217368.279,464588.6619,7.48208,154.4,TRUE,5.3,400,300
1986,2022/10/19 2:44,131.5336703,47.09001917,5217360.14,464592.4706,8.37104,151.9,TRUE,5.3,400,300
1987,2022/10/19 2:44,131.5337133,47.089951,5217352.542,464595.6904,7.24132,156.4,TRUE,5.3,400,300
1988,2022/10/19 2:44,131.5337625,47.0898795,5217344.571,464599.3786,8.94516,157.2,TRUE,5.3,354,300
1989,2022/10/19 2:44,131.5338077,47.08980667,5217336.454,464602.7623,7.16724,160.4,TRUE,5.3,376,300
1990,2022/10/19 2:44,131.5338585,47.08973733,5217328.722,464606.5736,7.5006,157.4,TRUE,5.3,400,300
1991,2022/10/19 2:44,131.5339007,47.08967133,5217321.366,464609.734,7.72284,160.1,TRUE,5.3,399,300
1992,2022/10/19 2:44,131.5339488,47.08959417,5217312.766,464613.3351,8.2414,160.5,TRUE,5.3,400,300
1993,2022/10/19 2:44,131.533999,47.0895275,5217305.331,464617.1025,7.20428,156.7,TRUE,5.3,368,300
1994,2022/10/19 2:45,131.534045,47.08945967,5217297.77,464620.5503,7.25984,155.7,TRUE,5.3,400,300
1995,2022/10/19 2:45,131.5340928,47.08939083,5217290.095,464624.1342,7.61172,149.3,TRUE,5.3,375,300
1996,2022/10/19 2:45,131.5341342,47.089308,5217280.868,464627.2228,6.019,162.8,TRUE,5.3,365,300
1997,2022/10/19 2:45,131.534143,47.089242,5217273.526,464627.8473,4.87076,216.8,FALSE,5.3,0,300
1998,2022/10/19 2:45,131.5340905,47.08922967,5217272.179,464623.8528,5.63008,288.6,FALSE,5.3,0,300
1999,2022/10/19 2:45,131.5340655,47.08926367,5217275.971,464621.9771,6.31532,358.9,FALSE,5.3,0,300
2000,2022/10/19 2:45,131.5340985,47.089316,5217281.773,464624.5174,7.6858,12.1,FALSE,5.3,0,300
2001,2022/10/19 2:45,131.5341013,47.08933983,5217284.421,464624.7458,0,0,FALSE,5.3,0,300
2002,2022/10/19 2:45,131.5341032,47.08933883,5217284.309,464624.8894,3.01876,346.3,TRUE,5.3,373,300
2003,2022/10/19 2:45,131.5340598,47.08939333,5217290.388,464621.6302,8.27844,339.1,TRUE,5.3,359,300
2004,2022/10/19 2:45,131.5340122,47.08946183,5217298.025,464618.0613,6.019,333.5,TRUE,5.3,400,300
2005,2022/10/19 2:45,131.5339748,47.089523,5217304.842,464615.2621,6.16716,339.1,TRUE,5.3,400,300
2006,2022/10/19 2:45,131.5339337,47.0895875,5217312.031,464612.1841,6.019,337.9,TRUE,5.3,400,300
2007,2022/10/19 2:45,131.533893,47.08964683,5217318.645,464609.1331,6.33384,338.7,TRUE,5.3,400,300
2008,2022/10/19 2:45,131.5338608,47.08971067,5217325.757,464606.7305,6.5746,339.7,TRUE,5.3,400,300
2009,2022/10/19 2:46,131.5338262,47.08976667,5217331.998,464604.1405,6.92648,342.5,TRUE,5.3,400,300
2010,2022/10/19 2:46,131.5337923,47.08983433,5217339.536,464601.6114,6.40792,339.8,TRUE,5.3,400,300
2011,2022/10/19 2:46,131.533747,47.0898995,5217346.801,464598.215,6.61164,341.3,TRUE,5.3,399,300
2012,2022/10/19 2:46,131.533708,47.08995417,5217352.897,464595.29,6.18568,339.9,TRUE,5.3,395,300
2013,2022/10/19 2:46,131.5336742,47.0900045,5217358.507,464592.757,6.96352,339.2,TRUE,5.3,400,300
2014,2022/10/19 2:46,131.5336313,47.09007533,5217366.401,464589.5467,6.53756,335.3,TRUE,5.3,391,300
2015,2022/10/19 2:46,131.5335765,47.09014183,5217373.819,464585.4299,6.3894,338.3,TRUE,5.3,400,300
2016,2022/10/19 2:46,131.5335328,47.09020367,5217380.714,464582.1528,6.09308,341.1,TRUE,5.3,400,300
2017,2022/10/19 2:46,131.5334908,47.090265,5217387.551,464579.0045,6.81536,338.7,TRUE,5.3,400,300
2018,2022/10/19 2:46,131.533449,47.09033217,5217395.037,464575.8753,6.77832,344.2,TRUE,5.3,400,300
2019,2022/10/19 2:46,131.5334103,47.0903905,5217401.539,464572.9756,6.81536,337.7,TRUE,5.3,400,300
2020,2022/10/19 2:46,131.5333708,47.09045317,5217408.524,464570.018,6.64868,340.7,TRUE,5.3,400,300
2021,2022/10/19 2:46,131.53333,47.090516,5217415.528,464566.9618,6.40792,339.9,TRUE,5.3,400,300
2022,2022/10/19 2:46,131.5332878,47.09057683,5217422.31,464563.7981,6.96352,340.9,TRUE,5.3,400,300
2023,2022/10/19 2:46,131.5332497,47.0906405,5217429.405,464560.9475,6.945,343.2,TRUE,5.3,400,300
2024,2022/10/19 2:47,131.5332102,47.09070817,5217436.946,464557.9932,7.00056,340.1,TRUE,5.3,400,300
2025,2022/10/19 2:47,131.5331712,47.09076633,5217443.43,464555.0707,6.24124,343.6,TRUE,5.3,400,300
2026,2022/10/19 2:47,131.5331358,47.0908235,5217449.801,464552.4208,6.51904,339,TRUE,5.3,400,300
2027,2022/10/19 2:47,131.5330858,47.09087983,5217456.086,464548.6618,6.72276,337.3,TRUE,5.3,400,300
2028,2022/10/19 2:47,131.5330462,47.09094683,5217463.553,464545.6996,6.87092,334.7,TRUE,5.3,400,300
2029,2022/10/19 2:47,131.533013,47.09100667,5217470.22,464543.2185,5.44488,339.5,TRUE,5.3,400,300
2030,2022/10/19 2:47,131.5329775,47.09107167,5217477.463,464540.5663,6.64868,343.9,TRUE,5.3,400,300
2031,2022/10/19 2:47,131.5329325,47.09113,5217483.968,464537.1883,5.8338,340.1,TRUE,5.3,396,300
2032,2022/10/19 2:47,131.5328895,47.09118583,5217490.194,464533.9605,6.13012,339.7,TRUE,5.3,400,300
2033,2022/10/19 2:47,131.532848,47.09124083,5217496.327,464530.8461,6.81536,337.1,TRUE,0,400,300
2034,2022/10/19 2:47,131.5328123,47.09129883,5217502.792,464528.1741,6.40792,338.5,TRUE,0,400,300
2035,2022/10/19 2:47,131.5327838,47.0913565,5217509.216,464526.0485,7.07464,340.4,TRUE,5.3,400,300
2036,2022/10/19 2:47,131.5327383,47.09141233,5217515.443,464522.6309,6.6672,338.5,TRUE,5.3,400,300
2037,2022/10/19 2:47,131.532693,47.09147,5217521.875,464519.2298,6.2968,336.3,TRUE,5.3,400,300
2038,2022/10/19 2:47,131.532651,47.09153767,5217529.417,464516.0858,5.96344,334.2,TRUE,5.3,400,300
2039,2022/10/19 2:48,131.532604,47.09160267,5217536.665,464512.5605,6.13012,342,TRUE,5.3,400,300
2040,2022/10/19 2:48,131.5325672,47.0916615,5217543.222,464509.8055,7.09316,341.3,TRUE,5.3,400,300
2041,2022/10/19 2:48,131.5325307,47.09172317,5217550.094,464507.0752,6.55608,340.5,TRUE,5.3,400,300
2042,2022/10/19 2:48,131.5324893,47.09178317,5217556.783,464503.9717,6.64868,344.9,TRUE,5.3,400,300
2043,2022/10/19 2:48,131.5324523,47.09184783,5217563.989,464501.2054,6.63016,338.5,TRUE,5.3,400,300
2044,2022/10/19 2:48,131.5324105,47.09190483,5217570.344,464498.0696,6.24124,343.5,TRUE,5.3,400,300
2045,2022/10/19 2:48,131.5323648,47.091966,5217577.165,464494.6405,6.33384,339.1,TRUE,5.3,400,300
2046,2022/10/19 2:48,131.5323288,47.09202333,5217583.555,464491.9453,6.2042,338,TRUE,5.3,400,300
2047,2022/10/19 2:48,131.5322933,47.09208017,5217589.89,464489.2878,6.24124,336.2,TRUE,5.3,400,300
2048,2022/10/19 2:48,131.5322543,47.092143,5217596.893,464486.3684,6.25976,334.3,TRUE,5.3,400,300
2049,2022/10/19 2:48,131.532214,47.09220233,5217603.507,464483.3481,6.03752,345.5,TRUE,5.3,394,300
2050,2022/10/19 2:48,131.5321698,47.0922685,5217610.884,464480.0362,6.40792,340.3,TRUE,5.3,398,300
2051,2022/10/19 2:48,131.5321258,47.09232233,5217616.888,464476.7313,6.50052,338.9,TRUE,5.3,400,300
2052,2022/10/19 2:48,131.5320902,47.0923745,5217622.704,464474.0631,5.63008,338.8,TRUE,5.3,400,300
2053,2022/10/19 2:48,131.5320583,47.0924285,5217628.722,464471.677,5.53748,338.4,TRUE,5.3,400,300
2054,2022/10/19 2:49,131.532026,47.09249233,5217635.833,464469.2671,6.09308,341.4,TRUE,5.3,400,300
2055,2022/10/19 2:49,131.5319803,47.09256017,5217643.395,464465.8425,6.53756,339,TRUE,5.3,400,300
2056,2022/10/19 2:49,131.5319418,47.09261033,5217648.989,464462.9528,6.81536,346.7,TRUE,5.3,400,300
2057,2022/10/19 2:49,131.5319088,47.09266433,5217655.008,464460.4832,6.59312,341.9,TRUE,5.3,400,300
2058,2022/10/19 2:49,131.5318692,47.09271933,5217661.14,464457.5132,6.22272,335.2,TRUE,5.3,400,300
2059,2022/10/19 2:49,131.5318337,47.09277083,5217666.882,464454.8521,6.51904,338.2,TRUE,5.3,366,300
2060,2022/10/19 2:49,131.5317967,47.0928255,5217672.976,464452.0793,6.31532,335,TRUE,5.3,400,300
2061,2022/10/19 2:49,131.5317595,47.09288683,5217679.811,464449.2958,7.00056,339.5,TRUE,5.3,400,300
2062,2022/10/19 2:49,131.5317162,47.09295,5217686.854,464446.0503,6.2968,336.2,TRUE,5.3,397,300
2063,2022/10/19 2:49,131.531677,47.09300717,5217693.227,464443.1121,6.70424,337.7,TRUE,5.3,400,300
2064,2022/10/19 2:49,131.5316347,47.09307283,5217700.546,464439.9443,6.40792,335,TRUE,5.3,400,300
2065,2022/10/19 2:49,131.5315912,47.0931425,5217708.311,464436.688,6.37088,342.3,TRUE,5.3,400,300
2066,2022/10/19 2:49,131.5315567,47.093205,5217715.275,464434.1102,6.50052,346.8,TRUE,5.3,400,300
2067,2022/10/19 2:49,131.5315363,47.09326367,5217721.807,464432.6005,6.79684,344.1,TRUE,5.3,400,300
2068,2022/10/19 2:49,131.5315122,47.093314,5217727.413,464430.8042,6.61164,342.8,TRUE,5.3,396,300
2069,2022/10/19 2:50,131.531486,47.093382,5217734.985,464428.8603,6.55608,346.8,TRUE,5.3,400,300
2070,2022/10/19 2:50,131.5314702,47.09344467,5217741.959,464427.7024,6.46348,6.6,FALSE,5.3,0,300
2071,2022/10/19 2:50,131.5314828,47.09349133,5217747.141,464428.6901,5.96344,65.3,FALSE,5.3,0,300
2072,2022/10/19 2:50,131.5315355,47.09349017,5217746.988,464432.6905,4.87076,113.9,FALSE,5.3,0,300
2073,2022/10/19 2:50,131.5315592,47.09344717,5217742.197,464434.4613,6.2968,177.1,FALSE,5.3,0,300
2074,2022/10/19 2:50,131.5315315,47.09339733,5217736.668,464432.325,5.90788,209.5,FALSE,5.3,0,300
2075,2022/10/19 2:50,131.5314993,47.093351,5217731.532,464429.8494,6.03752,207.9,FALSE,5.3,0,300
2076,2022/10/19 2:50,131.5314615,47.093298,5217725.657,464426.9442,6.5746,189.5,FALSE,5.3,0,300
2077,2022/10/19 2:50,131.5314455,47.093229,5217717.994,464425.6835,6.40792,177.2,FALSE,5.3,0,300
2078,2022/10/19 2:50,131.5314607,47.093169,5217711.317,464426.7976,5.42636,165.7,TRUE,5.3,262,300
2079,2022/10/19 2:50,131.5314827,47.09311517,5217705.322,464428.4321,5.50044,168.2,TRUE,5.3,400,300
2080,2022/10/19 2:50,131.5315113,47.09305917,5217699.084,464430.5662,5.556,161.5,TRUE,5.3,400,300
2081,2022/10/19 2:50,131.5315373,47.09300467,5217693.013,464432.5039,5.31524,166.4,TRUE,5.3,400,300
2082,2022/10/19 2:50,131.5315548,47.09295433,5217687.408,464433.7991,6.2968,161.2,TRUE,5.3,400,300
2083,2022/10/19 2:50,131.5315757,47.09289717,5217681.044,464435.3478,5.40784,163.3,TRUE,5.3,400,300
2084,2022/10/19 2:51,131.5316098,47.09284467,5217675.192,464437.9019,6.1116,159,TRUE,5.3,400,300
2085,2022/10/19 2:51,131.5316393,47.092789,5217668.99,464440.1046,5.05596,151.3,TRUE,5.3,400,300
2086,2022/10/19 2:51,131.5316765,47.09274267,5217663.822,464442.8981,6.37088,161.7,TRUE,5.3,400,300
2087,2022/10/19 2:51,131.5317072,47.09269467,5217658.472,464445.1971,4.85224,156.6,TRUE,5.3,400,300
2088,2022/10/19 2:51,131.5317365,47.09264683,5217653.14,464447.3898,5.61156,152.1,TRUE,5.3,400,300
2089,2022/10/19 2:51,131.5317758,47.092593,5217647.138,464450.3378,5.8338,157.2,TRUE,5.3,400,300
2090,2022/10/19 2:51,131.5318072,47.092543,5217641.565,464452.6886,6.16716,155.8,TRUE,5.3,400,300
2091,2022/10/19 2:51,131.5318402,47.09249117,5217635.788,464455.1596,4.8152,160.9,TRUE,5.3,400,300
2092,2022/10/19 2:51,131.5318728,47.092452,5217631.419,464457.6086,5.7412,148,TRUE,5.3,400,300
2093,2022/10/19 2:51,131.5319045,47.09239983,5217625.604,464459.9807,5.4634,161.4,TRUE,5.3,389,300
2094,2022/10/19 2:51,131.5319363,47.09235167,5217620.236,464462.3631,5.556,156.8,TRUE,5.3,400,300
2095,2022/10/19 2:51,131.5319732,47.09230033,5217614.512,464465.1306,5.59304,157.4,TRUE,5.3,383,300
2096,2022/10/19 2:51,131.5320088,47.09224733,5217608.603,464467.7983,5.98196,164.3,TRUE,5.3,400,300
2097,2022/10/19 2:51,131.5320428,47.09219183,5217602.418,464470.3428,6.2042,156.8,TRUE,5.3,396,300
2098,2022/10/19 2:51,131.532076,47.09214033,5217596.677,464472.8292,5.68564,156.9,TRUE,5.3,400,300
2099,2022/10/19 2:52,131.5321035,47.09209017,5217591.088,464474.8838,5.70416,154.6,TRUE,5.3,398,300
2100,2022/10/19 2:52,131.532137,47.0920375,5217585.218,464477.3923,6.07456,156.9,TRUE,5.3,400,300
2101,2022/10/19 2:52,131.5321697,47.0919835,5217579.2,464479.8391,5.57452,149.3,TRUE,5.3,400,300
2102,2022/10/19 2:52,131.5322103,47.09193133,5217573.381,464482.887,5.38932,156.6,TRUE,5.3,400,300
2103,2022/10/19 2:52,131.5322452,47.09187717,5217567.344,464485.5008,5.59304,157.1,TRUE,5.3,400,300
2104,2022/10/19 2:52,131.5322752,47.091823,5217561.308,464487.7426,6.18568,153.1,TRUE,5.3,397,300
2105,2022/10/19 2:52,131.5323292,47.0917595,5217554.225,464491.8003,5.38932,152.4,TRUE,5.3,400,300
2106,2022/10/19 2:52,131.5323617,47.09170683,5217548.354,464494.2329,6.1116,152.7,TRUE,5.3,400,300
2107,2022/10/19 2:52,131.5323978,47.09165433,5217542.501,464496.9389,6.25976,155.3,TRUE,5.3,400,300
2108,2022/10/19 2:52,131.5324372,47.09159917,5217536.351,464499.8937,7.48208,155.5,TRUE,5.3,400,300
2109,2022/10/19 2:52,131.5324805,47.09152483,5217528.067,464503.1319,8.09324,152.8,TRUE,5.3,396,300
2110,2022/10/19 2:52,131.5325207,47.091457,5217520.508,464506.1391,7.29688,155.4,TRUE,5.3,400,300
2111,2022/10/19 2:52,131.5325643,47.09138883,5217512.91,464509.4042,7.64876,149.6,TRUE,5.3,387,300
2112,2022/10/19 2:52,131.5326297,47.09131683,5217504.875,464514.3219,7.75988,158.1,TRUE,5.3,400,300
2113,2022/10/19 2:52,131.5326768,47.091243,5217496.646,464517.849,6.88944,151.7,TRUE,5.3,400,300
2114,2022/10/19 2:53,131.5327205,47.09117917,5217489.53,464521.1246,7.6858,158.1,TRUE,5.3,375,300
2115,2022/10/19 2:53,131.53276,47.091108,5217481.6,464524.0764,7.63024,155.1,TRUE,5.3,393,300
2116,2022/10/19 2:53,131.532801,47.0910385,5217473.855,464527.1432,7.44504,156.3,TRUE,5.3,400,300
2117,2022/10/19 2:53,131.532848,47.09096483,5217465.644,464530.6629,6.53756,157.3,TRUE,5.3,400,300
2118,2022/10/19 2:53,131.5328893,47.09090417,5217458.881,464533.7584,5.70416,150.5,TRUE,5.3,397,300
2119,2022/10/19 2:53,131.5329302,47.090856,5217453.508,464536.8318,8.2414,154.5,TRUE,5.3,400,300
2120,2022/10/19 2:53,131.5329815,47.09078633,5217445.739,464540.6806,7.48208,154.7,TRUE,5.3,393,300
2121,2022/10/19 2:53,131.5330275,47.09072167,5217438.53,464544.1303,7.81544,157,TRUE,5.3,400,300
2122,2022/10/19 2:53,131.5330743,47.09064783,5217430.3,464547.6347,8.2414,155.3,TRUE,5.3,397,300
2123,2022/10/19 2:53,131.5331255,47.09057717,5217422.421,464551.4753,8.00064,156.8,TRUE,5.3,400,300
2124,2022/10/19 2:53,131.5331845,47.0905035,5217414.204,464555.9061,7.63024,155.9,TRUE,5.3,377,300
2125,2022/10/19 2:53,131.5332352,47.0904275,5217405.732,464559.7052,7.75988,150,TRUE,5.3,400,300
2126,2022/10/19 2:53,131.5332897,47.0903535,5217397.481,464563.7942,7.871,155.2,TRUE,5.3,393,300
2127,2022/10/19 2:53,131.5333392,47.09028267,5217389.584,464567.5056,7.33392,152.1,TRUE,5.3,400,300
2128,2022/10/19 2:53,131.5333878,47.0902095,5217381.427,464571.1472,7.63024,150.7,TRUE,5.3,375,300
2129,2022/10/19 2:54,131.5334298,47.0901415,5217373.849,464574.2911,7.871,157.3,TRUE,5.3,370,300
2130,2022/10/19 2:54,131.5334787,47.09007017,5217365.897,464577.9566,7.81544,156,TRUE,5.3,400,300
2131,2022/10/19 2:54,131.5335227,47.09000133,5217358.224,464581.2518,7.5006,157.5,TRUE,5.3,400,300
2132,2022/10/19 2:54,131.5335632,47.0899375,5217351.109,464584.2846,7.53764,159,TRUE,5.3,400,300
2133,2022/10/19 2:54,131.5336153,47.08986767,5217343.322,464588.1942,7.98212,155.8,TRUE,5.3,398,300
2134,2022/10/19 2:54,131.5336658,47.08979433,5217335.146,464591.9799,8.25992,161.3,TRUE,5.3,400,300
2135,2022/10/19 2:54,131.5337102,47.08972933,5217327.9,464595.3081,8.09324,155.1,TRUE,5.3,400,300
2136,2022/10/19 2:54,131.5337533,47.08965917,5217320.08,464598.5341,8.0562,160.8,TRUE,5.3,400,300
2137,2022/10/19 2:54,131.5337998,47.089588,5217312.147,464602.0176,7.29688,157,TRUE,5.3,400,300
2138,2022/10/19 2:54,131.5338488,47.08950967,5217303.417,464605.6862,7.704319,158.1,TRUE,5.3,400,300
2139,2022/10/19 2:54,131.5338942,47.08943833,5217295.465,464609.0861,7.48208,159.4,TRUE,5.3,400,300
2140,2022/10/19 2:54,131.5339342,47.08938367,5217289.371,464612.0871,6.22272,159.6,TRUE,5.3,400,300
2141,2022/10/19 2:54,131.5339655,47.08932617,5217282.964,464614.4256,5.53748,155.3,TRUE,5.3,372,300
2142,2022/10/19 2:54,131.5339962,47.08927317,5217277.058,464616.7215,6.03752,163.2,TRUE,5.3,381,300
2143,2022/10/19 2:54,131.5340352,47.0892225,5217271.407,464619.6492,6.35236,154.2,TRUE,5.3,400,300
2144,2022/10/19 2:55,131.5340772,47.08916583,5217265.088,464622.8007,6.2042,145.2,TRUE,5.3,374,300
2145,2022/10/19 2:55,131.534114,47.089108,5217258.642,464625.5566,5.29672,190.1,FALSE,5.3,0,300
2146,2022/10/19 2:55,131.5340678,47.08909033,5217256.699,464622.037,4.40776,256,FALSE,5.3,0,300
2147,2022/10/19 2:55,131.5340207,47.089113,5217259.24,464618.4757,5.25968,320.6,FALSE,5.3,0,300
2148,2022/10/19 2:55,131.5340433,47.089154,5217263.788,464620.2189,6.14864,18.2,FALSE,5.3,0,300
2149,2022/10/19 2:55,131.534055,47.08920217,5217269.138,464621.1391,3.85216,3.8,FALSE,5.3,0,300
2150,2022/10/19 2:55,131.534066,47.0892185,5217270.949,464621.9852,0,0,FALSE,5.3,0,300
2151,2022/10/19 2:55,131.5340562,47.0892135,5217270.397,464621.2377,0,0,FALSE,5.3,0,300
2152,2022/10/19 2:55,131.5340547,47.08921267,5217270.306,464621.1233,0,0,FALSE,5.3,0,300
2153,2022/10/19 2:55,131.5340572,47.089214,5217270.452,464621.314,0,0,FALSE,5.3,0,300
2154,2022/10/19 2:55,131.53406,47.08921433,5217270.488,464621.5268,0,0,FALSE,5.3,0,300
2155,2022/10/19 2:55,131.5340605,47.08921467,5217270.525,464621.565,0,0,FALSE,5.3,0,300
2156,2022/10/19 2:55,131.5340597,47.08921467,5217270.526,464621.5043,0,0,FALSE,5.3,0,300
2157,2022/10/19 2:55,131.534061,47.089213,5217270.339,464621.6019,0,0,FALSE,5.3,0,300
2158,2022/10/19 2:55,131.5340632,47.08921233,5217270.264,464621.7685,0,0,FALSE,5.3,0,300
2159,2022/10/19 2:56,131.5340642,47.0892115,5217270.171,464621.8438,0,0,FALSE,5.3,0,300
2160,2022/10/19 2:56,131.5340655,47.08921133,5217270.152,464621.9424,0,0,FALSE,5.3,0,300
2161,2022/10/19 2:56,131.534068,47.08921067,5217270.077,464622.1318,0,0,FALSE,5.3,0,300
2162,2022/10/19 2:56,131.5340687,47.08921,5217270.002,464622.1845,0,0,FALSE,5.3,0,300
2163,2022/10/19 2:56,131.5340688,47.0892095,5217269.947,464622.1918,0,0,FALSE,5.3,0,300
2164,2022/10/19 2:56,131.5340693,47.0892095,5217269.947,464622.2298,0,0,FALSE,5.3,0,300
2165,2022/10/19 2:56,131.53407,47.08920917,5217269.91,464622.2827,0,0,FALSE,5.3,0,300
2166,2022/10/19 2:56,131.53407,47.089209,5217269.891,464622.2826,0,0,FALSE,5.3,0,300
2167,2022/10/19 2:56,131.53407,47.08920833,5217269.816,464622.2821,0,0,FALSE,5.3,0,300
2168,2022/10/19 2:56,131.5340705,47.089208,5217269.779,464622.3199,0,0,FALSE,5.3,0,300
2169,2022/10/19 2:56,131.5340708,47.08920783,5217269.76,464622.3425,0,0,FALSE,5.3,0,300
2170,2022/10/19 2:56,131.5340708,47.0892075,5217269.724,464622.3423,0,0,FALSE,5.3,0,300
2171,2022/10/19 2:56,131.5340705,47.089207,5217269.668,464622.3192,0,0,FALSE,5.3,0,300
2172,2022/10/19 2:56,131.5340703,47.089207,5217269.668,464622.304,0,0,FALSE,5.3,0,300
2173,2022/10/19 2:56,131.53407,47.08920683,5217269.649,464622.2811,0,0,FALSE,5.3,0,300
2174,2022/10/19 2:57,131.5340698,47.08920633,5217269.594,464622.2656,0,0,FALSE,5.3,0,300
2175,2022/10/19 2:57,131.5340698,47.089206,5217269.557,464622.2654,0,0,FALSE,5.3,0,300
2176,2022/10/19 2:57,131.53407,47.08920583,5217269.538,464622.2805,0,0,FALSE,5.3,0,300
2177,2022/10/19 2:57,131.5340702,47.08920617,5217269.576,464622.2959,0,0,FALSE,5.3,0,300
2178,2022/10/19 2:57,131.5340703,47.08920633,5217269.594,464622.3036,0,0,FALSE,5.3,0,300
2179,2022/10/19 2:57,131.5340708,47.08920633,5217269.594,464622.3416,0,0,FALSE,5.3,0,300
2180,2022/10/19 2:57,131.5340715,47.08920667,5217269.631,464622.3949,0,0,FALSE,5.3,0,300
2181,2022/10/19 2:57,131.534072,47.08920667,5217269.631,464622.4329,0,0,FALSE,5.3,0,300
2182,2022/10/19 2:57,131.5340725,47.08920683,5217269.648,464622.471,0,0,FALSE,5.3,0,300
2183,2022/10/19 2:57,131.534073,47.08920683,5217269.648,464622.5089,0,0,FALSE,5.3,0,300
2184,2022/10/19 2:57,131.5340737,47.08920683,5217269.648,464622.5621,0,0,FALSE,5.3,0,300
2185,2022/10/19 2:57,131.5340743,47.089207,5217269.666,464622.6078,0,0,FALSE,5.3,0,300
2186,2022/10/19 2:57,131.5340752,47.08920717,5217269.685,464622.6762,0,0,FALSE,5.3,0,300
2187,2022/10/19 2:57,131.5340758,47.08920717,5217269.685,464622.7218,0,0,FALSE,5.3,0,300
2188,2022/10/19 2:57,131.5340763,47.08920717,5217269.684,464622.7597,0,0,FALSE,5.3,0,300
2189,2022/10/19 2:58,131.534077,47.08920717,5217269.684,464622.8129,0,0,FALSE,5.3,0,300
2190,2022/10/19 2:58,131.5340775,47.08920717,5217269.684,464622.8508,0,0,FALSE,5.3,0,300
2191,2022/10/19 2:58,131.5340778,47.08920733,5217269.702,464622.8737,0,0,FALSE,5.3,0,300
2192,2022/10/19 2:58,131.534078,47.08920733,5217269.701,464622.8889,0,0,FALSE,5.3,0,300
2193,2022/10/19 2:58,131.5340782,47.08920733,5217269.701,464622.9041,0,0,FALSE,5.3,0,300
2194,2022/10/19 2:58,131.5340782,47.08920733,5217269.701,464622.9041,0,0,FALSE,5.3,0,300
2195,2022/10/19 2:58,131.5340783,47.08920717,5217269.684,464622.9116,0,0,FALSE,5.3,0,300
2196,2022/10/19 2:58,131.534078,47.08920717,5217269.684,464622.8888,0,0,FALSE,5.3,0,300
2197,2022/10/19 2:58,131.5340778,47.089207,5217269.665,464622.8735,0,0,FALSE,5.3,0,300
2198,2022/10/19 2:58,131.5340777,47.089207,5217269.665,464622.8659,0,0,FALSE,0,0,300
2199,2022/10/19 2:58,131.5340777,47.08920717,5217269.684,464622.866,0,0,FALSE,0,0,300
2200,2022/10/19 2:58,131.5340772,47.089207,5217269.665,464622.8279,0,0,FALSE,5.3,0,300
2201,2022/10/19 2:58,131.5340767,47.089207,5217269.665,464622.79,0,0,FALSE,5.3,0,300
2202,2022/10/19 2:58,131.5340763,47.089207,5217269.666,464622.7596,0,0,FALSE,5.3,0,300
2203,2022/10/19 2:58,131.5340762,47.089207,5217269.666,464622.752,0,0,FALSE,5.3,0,300
2204,2022/10/19 2:59,131.534076,47.089207,5217269.666,464622.7368,0,0,FALSE,5.3,0,300
2205,2022/10/19 2:59,131.534076,47.089207,5217269.666,464622.7368,0,0,FALSE,5.3,0,300
2206,2022/10/19 2:59,131.5340763,47.08920717,5217269.684,464622.7597,0,0,FALSE,5.3,0,300
2207,2022/10/19 2:59,131.5340762,47.08920733,5217269.702,464622.7522,0,0,FALSE,5.3,0,300
2208,2022/10/19 2:59,131.5340762,47.0892075,5217269.721,464622.7523,0,0,FALSE,5.3,0,300
2209,2022/10/19 2:59,131.5340762,47.0892075,5217269.721,464622.7523,0,0,FALSE,5.3,0,300
2210,2022/10/19 2:59,131.534076,47.08920767,5217269.74,464622.7373,0,0,FALSE,5.3,0,300
2211,2022/10/19 2:59,131.5340758,47.08920767,5217269.74,464622.7221,0,0,FALSE,5.3,0,300
2212,2022/10/19 2:59,131.5340757,47.08920767,5217269.74,464622.7145,0,0,FALSE,5.3,0,300
2213,2022/10/19 2:59,131.5340755,47.08920783,5217269.758,464622.6994,0,0,FALSE,5.3,0,300
2214,2022/10/19 2:59,131.5340752,47.08920783,5217269.758,464622.6766,0,0,FALSE,5.3,0,300
2215,2022/10/19 2:59,131.5340752,47.089208,5217269.777,464622.6768,0,0,FALSE,5.3,0,300
2216,2022/10/19 2:59,131.5340753,47.08920817,5217269.796,464622.6845,0,0,FALSE,5.3,0,300
2217,2022/10/19 2:59,131.5340755,47.08920817,5217269.796,464622.6996,0,0,FALSE,5.3,0,300
2218,2022/10/19 2:59,131.5340755,47.08920817,5217269.796,464622.6996,0,0,FALSE,5.3,0,300
2219,2022/10/19 3:00,131.5340755,47.08920833,5217269.814,464622.6997,0,0,FALSE,5.3,0,300
2220,2022/10/19 3:00,131.5340755,47.0892085,5217269.833,464622.6999,0,0,FALSE,5.3,0,300
2221,2022/10/19 3:00,131.5340755,47.0892085,5217269.833,464622.6999,0,0,FALSE,5.3,0,300
2222,2022/10/19 3:00,131.5340755,47.0892085,5217269.833,464622.6999,0,0,FALSE,5.3,0,300
2223,2022/10/19 3:00,131.5340757,47.0892085,5217269.833,464622.715,0,0,FALSE,5.3,0,300
2224,2022/10/19 3:00,131.5340758,47.0892085,5217269.833,464622.7226,0,0,FALSE,5.3,0,300
2225,2022/10/19 3:00,131.5340758,47.0892085,5217269.833,464622.7226,0,0,FALSE,5.3,0,300
2226,2022/10/19 3:00,131.5340762,47.0892085,5217269.832,464622.753,0,0,FALSE,5.3,0,300
2227,2022/10/19 3:00,131.5340763,47.0892085,5217269.832,464622.7606,0,0,FALSE,5.3,0,300
2228,2022/10/19 3:00,131.5340765,47.0892085,5217269.832,464622.7758,0,0,FALSE,5.3,0,300
2229,2022/10/19 3:00,131.5340763,47.0892085,5217269.832,464622.7606,0,0,FALSE,5.3,0,300
2230,2022/10/19 3:00,131.5340762,47.0892085,5217269.832,464622.753,0,0,FALSE,5.3,0,300
2231,2022/10/19 3:00,131.5340762,47.0892085,5217269.832,464622.753,0,0,FALSE,5.3,0,300
2232,2022/10/19 3:00,131.534076,47.0892085,5217269.832,464622.7378,0,0,FALSE,5.3,0,300
2233,2022/10/19 3:00,131.534076,47.0892085,5217269.832,464622.7378,0,0,FALSE,5.3,0,300
2234,2022/10/19 3:01,131.5340757,47.08920833,5217269.814,464622.7149,0,0,FALSE,5.3,0,300
2235,2022/10/19 3:01,131.5340757,47.08920833,5217269.814,464622.7149,0,0,FALSE,5.3,0,300
2236,2022/10/19 3:01,131.5340757,47.08920833,5217269.814,464622.7149,0,0,FALSE,5.3,0,300
2237,2022/10/19 3:01,131.5340755,47.0892085,5217269.833,464622.6999,0,0,FALSE,5.3,0,300
2238,2022/10/19 3:01,131.5340755,47.0892085,5217269.833,464622.6999,0,0,FALSE,5.3,0,300
2239,2022/10/19 3:01,131.5340753,47.0892085,5217269.833,464622.6847,0,0,FALSE,5.3,0,300
2240,2022/10/19 3:01,131.5340753,47.0892085,5217269.833,464622.6847,0,0,FALSE,5.3,0,300
2241,2022/10/19 3:01,131.5340752,47.0892085,5217269.833,464622.6771,0,0,FALSE,5.3,0,300
2242,2022/10/19 3:01,131.534075,47.08920833,5217269.814,464622.6618,0,0,FALSE,5.3,0,300
2243,2022/10/19 3:01,131.5340747,47.08920833,5217269.814,464622.639,0,0,FALSE,5.3,0,300
2244,2022/10/19 3:01,131.5340743,47.0892085,5217269.833,464622.6087,0,0,FALSE,5.3,0,300
2245,2022/10/19 3:01,131.5340742,47.0892085,5217269.833,464622.6012,0,0,FALSE,5.3,0,300
2246,2022/10/19 3:01,131.534074,47.0892085,5217269.833,464622.586,0,0,FALSE,5.3,0,300
2247,2022/10/19 3:01,131.5340578,47.08924033,5217273.379,464621.377,5.24116,335.9,TRUE,5.3,400,300
2248,2022/10/19 3:01,131.5340153,47.08931267,5217281.441,464618.1979,4.8152,340.5,TRUE,5.3,400,300
2249,2022/10/19 3:02,131.5339808,47.089376,5217288.497,464615.6203,6.35236,342.7,TRUE,5.3,400,300
2250,2022/10/19 3:02,131.5339332,47.0894385,5217295.467,464612.0475,6.44496,334.4,TRUE,5.3,400,300
2251,2022/10/19 3:02,131.533874,47.0894975,5217302.053,464607.5916,6.88944,338.1,TRUE,5.3,400,300
2252,2022/10/19 3:02,131.5338352,47.0895565,5217308.629,464604.6846,6.40792,340.1,TRUE,5.3,400,300
2253,2022/10/19 3:02,131.5338038,47.0896135,5217314.98,464602.3382,6.27828,343.2,TRUE,5.3,400,300
2254,2022/10/19 3:02,131.53376,47.08967767,5217322.134,464599.0551,6.13012,339,TRUE,5.3,400,300
2255,2022/10/19 3:02,131.5337207,47.08973683,5217328.729,464596.1103,5.70416,338.5,TRUE,5.3,400,300
2256,2022/10/19 3:02,131.5336705,47.08979267,5217334.959,464592.3357,6.51904,340.9,TRUE,5.3,400,300
2257,2022/10/19 3:02,131.5336278,47.08984667,5217340.982,464589.1294,6.72276,342.6,TRUE,5.3,400,300
2258,2022/10/19 3:02,131.5335952,47.0899075,5217347.759,464586.6944,5.7412,339.8,TRUE,5.3,400,300
2259,2022/10/19 3:02,131.533557,47.08996533,5217354.206,464583.8323,6.44496,340.5,TRUE,5.3,400,300
2260,2022/10/19 3:02,131.5335107,47.09002133,5217360.452,464580.354,5.96344,339.2,TRUE,5.3,400,300
2261,2022/10/19 3:02,131.5334795,47.09008267,5217367.286,464578.0257,5.98196,337.3,TRUE,5.3,400,300
2262,2022/10/19 3:02,131.5334392,47.09014933,5217374.715,464575.01,7.07464,342.4,TRUE,5.3,400,300
2263,2022/10/19 3:02,131.5333887,47.09021483,5217382.02,464571.2191,6.13012,336,TRUE,5.3,400,300
2264,2022/10/19 3:03,131.5333532,47.09026833,5217387.983,464568.5591,6.61164,335.9,TRUE,5.3,400,300
2265,2022/10/19 3:03,131.5333008,47.090337,5217395.641,464564.626,6.42644,339.9,TRUE,5.3,400,300
2266,2022/10/19 3:03,131.5332573,47.090394,5217401.998,464561.361,6.77832,338.6,TRUE,5.3,400,300
2267,2022/10/19 3:03,131.5332207,47.090453,5217408.574,464558.6212,6.09308,340,TRUE,5.3,400,300
2268,2022/10/19 3:03,131.533176,47.0905085,5217414.764,464555.2641,6.03752,335.3,TRUE,5.3,400,300
2269,2022/10/19 3:03,131.5331482,47.09056267,5217420.799,464553.1892,6.07456,338.4,TRUE,5.3,400,300
2270,2022/10/19 3:03,131.5331223,47.09062383,5217427.61,464551.2633,5.7412,339.9,TRUE,5.3,400,300
2271,2022/10/19 3:03,131.5330745,47.09068133,5217434.024,464547.6721,5.79676,341.1,TRUE,5.3,400,300
2272,2022/10/19 3:03,131.533029,47.09073783,5217440.326,464544.255,5.96344,342.3,TRUE,5.3,400,300
2273,2022/10/19 3:03,131.5329892,47.09079,5217446.144,464541.2677,6.03752,338.1,TRUE,5.3,400,300
2274,2022/10/19 3:03,131.5329618,47.09084867,5217452.678,464539.2262,5.9264,338.9,TRUE,5.3,400,300
2275,2022/10/19 3:03,131.5329313,47.0909055,5217459.01,464536.9482,5.63008,340.6,TRUE,5.3,400,300
2276,2022/10/19 3:03,131.532885,47.09096067,5217465.165,464533.4694,5.33376,335.6,TRUE,5.3,400,300
2277,2022/10/19 3:03,131.5328428,47.09101433,5217471.149,464530.3009,5.38932,346,TRUE,5.3,400,300
2278,2022/10/19 3:03,131.532812,47.0910645,5217476.741,464527.9957,5.33376,338.8,TRUE,5.3,400,300
2279,2022/10/19 3:04,131.5327703,47.09111633,5217482.522,464524.864,6.019,339.1,TRUE,5.3,400,300
2280,2022/10/19 3:04,131.532729,47.09117067,5217488.582,464521.7643,5.70416,343,TRUE,5.3,400,300
2281,2022/10/19 3:04,131.5327005,47.09122517,5217494.653,464519.6366,6.3894,342.5,TRUE,5.3,400,300
2282,2022/10/19 3:04,131.5326672,47.09128867,5217501.728,464517.1504,6.64868,344.5,TRUE,5.3,400,300
2283,2022/10/19 3:04,131.5326163,47.09134533,5217508.05,464513.3234,5.70416,344,TRUE,5.3,400,300
2284,2022/10/19 3:04,131.5325822,47.0914005,5217514.199,464510.771,5.88936,334.5,TRUE,5.3,400,300
2285,2022/10/19 3:04,131.5325492,47.09145533,5217520.309,464508.3019,6.2042,346.6,TRUE,5.3,400,300
2286,2022/10/19 3:04,131.5325107,47.09151167,5217526.59,464505.4161,6.3894,341,TRUE,5.3,400,300
2287,2022/10/19 3:04,131.5324802,47.0915705,5217533.144,464503.1395,5.9264,340,TRUE,5.3,400,300
2288,2022/10/19 3:04,131.5324435,47.09162033,5217538.701,464500.3861,6.42644,343.3,TRUE,5.3,400,300
2289,2022/10/19 3:04,131.5323948,47.09167583,5217544.893,464496.7254,5.44488,343,TRUE,5.3,400,300
2290,2022/10/19 3:04,131.5323697,47.09172367,5217550.223,464494.8515,6.16716,340,TRUE,5.3,400,300
2291,2022/10/19 3:04,131.5323228,47.09178817,5217557.415,464491.3335,4.9078,336.1,TRUE,5.3,400,300
2292,2022/10/19 3:04,131.5322885,47.09184483,5217563.729,464488.7669,6.33384,340.7,TRUE,5.3,400,300
2293,2022/10/19 3:04,131.5322375,47.09189817,5217569.682,464484.9301,6.25976,338.3,TRUE,5.3,400,300
2294,2022/10/19 3:05,131.5321932,47.09195033,5217575.501,464481.6013,5.14856,341.3,TRUE,5.3,400,300
2295,2022/10/19 3:05,131.5321718,47.09200733,5217581.848,464480.0144,6.37088,340.2,TRUE,5.3,400,300
2296,2022/10/19 3:05,131.5321375,47.09206833,5217588.645,464477.4508,6.14864,339.6,TRUE,5.3,400,300
2297,2022/10/19 3:05,131.5321053,47.09212833,5217595.33,464475.0459,5.98196,338.9,TRUE,5.3,400,300
2298,2022/10/19 3:05,131.5320642,47.09218083,5217601.185,464471.9603,5.8338,336.4,TRUE,5.3,400,300
2299,2022/10/19 3:05,131.5320207,47.09224317,5217608.135,464468.699,5.61156,338.9,TRUE,5.3,400,300
2300,2022/10/19 3:05,131.5319917,47.0922995,5217614.411,464466.5346,6.68572,340.1,TRUE,5.3,400,300
2301,2022/10/19 3:05,131.53196,47.09234817,5217619.836,464464.1602,5.6486,336.4,TRUE,5.3,400,300
2302,2022/10/19 3:05,131.5319202,47.0924005,5217625.672,464461.1732,5.70416,341.3,TRUE,5.3,400,300
2303,2022/10/19 3:05,131.5318903,47.092456,5217631.855,464458.94,4.40776,348.8,TRUE,5.3,400,300
2304,2022/10/19 3:05,131.5318722,47.09250417,5217637.219,464457.5978,3.37064,0.7,TRUE,5.3,400,300
2305,2022/10/19 3:05,131.5318667,47.09253333,5217640.463,464457.1996,3.96328,349.6,TRUE,5.3,400,300
2306,2022/10/19 3:05,131.5318398,47.09257333,5217644.922,464455.1839,4.20404,352.8,TRUE,5.3,400,300
2307,2022/10/19 3:05,131.5318257,47.09261917,5217650.025,464454.1438,5.4634,343.8,TRUE,5.3,391,300
2308,2022/10/19 3:05,131.5317917,47.09267183,5217655.895,464451.5975,4.57444,351.4,TRUE,5.3,400,300
2309,2022/10/19 3:06,131.5317723,47.09271767,5217661,464450.155,5.0004,8,TRUE,5.3,210,300
2310,2022/10/19 3:06,131.5317943,47.09274817,5217664.38,464451.8457,4.03736,56,FALSE,5.3,0,300
2311,2022/10/19 3:06,131.531834,47.0927555,5217665.177,464454.8647,4.50036,128.5,FALSE,5.3,0,300
2312,2022/10/19 3:06,131.5318585,47.09272617,5217661.905,464456.7053,4.00032,167.2,FALSE,5.3,0,300
2313,2022/10/19 3:06,131.5318482,47.09268133,5217656.925,464455.8935,5.63008,202.8,FALSE,5.3,0,300
2314,2022/10/19 3:06,131.5318238,47.09264583,5217652.989,464454.0173,5.24116,206.8,FALSE,5.3,0,300
2315,2022/10/19 3:06,131.531803,47.0925965,5217647.515,464452.4053,5.72268,202.9,FALSE,5.3,0,300
2316,2022/10/19 3:06,131.5317912,47.09253483,5217640.664,464451.4683,4.85224,176,FALSE,5.3,0,300
2317,2022/10/19 3:06,131.5317938,47.09247517,5217634.03,464451.626,5.33376,172.4,FALSE,5.3,0,300
2318,2022/10/19 3:06,131.5318123,47.09241717,5217627.574,464452.992,5.20412,162.5,FALSE,5.3,0,300
2319,2022/10/19 3:06,131.5318303,47.09237383,5217622.748,464454.3298,4.38924,179.8,TRUE,5.3,400,300
2320,2022/10/19 3:06,131.5318368,47.092322,5217616.983,464454.7889,5.16708,169.4,TRUE,5.3,372,300
2321,2022/10/19 3:06,131.531863,47.09226817,5217610.986,464456.7423,6.09308,169.6,TRUE,5.3,400,300
2322,2022/10/19 3:06,131.5318877,47.09221083,5217604.6,464458.5795,6.019,167.6,TRUE,5.3,400,300
2323,2022/10/19 3:06,131.531908,47.09215717,5217598.626,464460.0851,6.14864,157.8,TRUE,5.3,400,300
2324,2022/10/19 3:07,131.5319372,47.0920995,5217592.201,464462.2637,5.59304,158.8,TRUE,5.3,400,300
2325,2022/10/19 3:07,131.531971,47.0920485,5217586.516,464464.796,5.72268,152.9,TRUE,5.3,400,300
2326,2022/10/19 3:07,131.5320042,47.091996,5217580.664,464467.2818,5.8338,158.4,TRUE,5.3,400,300
2327,2022/10/19 3:07,131.5320427,47.09194533,5217575.014,464470.1713,5.25968,160.3,TRUE,5.3,367,300
2328,2022/10/19 3:07,131.5320787,47.09189067,5217568.921,464472.8682,5.57452,159.9,TRUE,5.3,400,300
2329,2022/10/19 3:07,131.5321132,47.09183333,5217562.53,464475.4495,6.2968,156.8,TRUE,5.3,400,300
2330,2022/10/19 3:07,131.5321508,47.0917825,5217556.862,464478.2705,5.68564,156.9,TRUE,5.3,400,300
2331,2022/10/19 3:07,131.5321922,47.09173367,5217551.415,464481.3814,5.4634,156.7,TRUE,5.3,400,300
2332,2022/10/19 3:07,131.5322045,47.09167133,5217544.479,464482.2738,5.48192,157.3,TRUE,5.3,400,300
2333,2022/10/19 3:07,131.5322448,47.09162117,5217538.884,464485.3003,6.46348,154.4,TRUE,5.3,400,300
2334,2022/10/19 3:07,131.5322958,47.09156033,5217532.097,464489.132,7.25984,157.1,TRUE,5.3,400,300
2335,2022/10/19 3:07,131.5323433,47.09149017,5217524.276,464492.6919,7.01908,155.9,TRUE,5.3,400,300
2336,2022/10/19 3:07,131.5323842,47.09142267,5217516.753,464495.7524,7.63024,158.3,TRUE,5.3,400,300
2337,2022/10/19 3:07,131.5324368,47.09135467,5217509.17,464499.7009,6.8524,158.4,TRUE,5.3,400,300
2338,2022/10/19 3:07,131.5324772,47.09128867,5217501.814,464502.7245,6.98204,152.3,TRUE,5.3,373,300
2339,2022/10/19 3:08,131.532531,47.09121667,5217493.785,464506.7615,7.25984,156.5,TRUE,5.3,372,300
2340,2022/10/19 3:08,131.5325768,47.09115367,5217486.761,464510.197,7.05612,159.6,TRUE,5.3,400,300
2341,2022/10/19 3:08,131.5326332,47.09108867,5217479.509,464514.4361,7.5932,156.3,TRUE,5.3,400,300
2342,2022/10/19 3:08,131.5326813,47.09101617,5217471.427,464518.04,7.55616,156.9,TRUE,5.3,400,300
2343,2022/10/19 3:08,131.5327373,47.09094617,5217463.62,464522.2454,7.27836,156.7,TRUE,5.3,400,300
2344,2022/10/19 3:08,131.5327738,47.09087167,5217455.321,464524.9673,6.77832,158.2,TRUE,5.3,400,300
2345,2022/10/19 3:08,131.532799,47.090809,5217448.342,464526.839,7.98212,153.6,TRUE,5.3,400,300
2346,2022/10/19 3:08,131.5328415,47.090746,5217441.319,464530.0241,7.98212,159.5,TRUE,5.3,400,300
2347,2022/10/19 3:08,131.5328937,47.0906835,5217434.347,464533.946,7.33392,154.5,TRUE,5.3,400,300
2348,2022/10/19 3:08,131.5329387,47.09061683,5217426.915,464537.3184,7.33392,156.4,TRUE,5.3,400,300
2349,2022/10/19 3:08,131.5329852,47.09053833,5217418.167,464540.7969,7.92656,158.2,TRUE,5.3,400,300
2350,2022/10/19 3:08,131.5330333,47.0904665,5217410.159,464544.4014,8.00064,155.7,TRUE,5.3,400,300
2351,2022/10/19 3:08,131.5330747,47.0903945,5217402.136,464547.497,7.53764,153.3,TRUE,5.3,384,300
2352,2022/10/19 3:08,131.533125,47.09032617,5217394.517,464551.2708,8.00064,156.6,TRUE,5.3,369,300
2353,2022/10/19 3:08,131.5331662,47.09025333,5217386.4,464554.3507,6.92648,163.7,TRUE,5.3,375,300
2354,2022/10/19 3:09,131.5332067,47.0901945,5217379.842,464557.3867,6.13012,152.4,TRUE,5.3,400,300
2355,2022/10/19 3:09,131.5332562,47.09012667,5217372.279,464561.1002,7.2228,161.9,TRUE,5.3,400,300
2356,2022/10/19 3:09,131.5333062,47.09006933,5217365.881,464564.8585,7.94508,156,TRUE,5.3,400,300
2357,2022/10/19 3:09,131.5333565,47.08999183,5217357.243,464568.6263,7.55616,156.9,TRUE,5.3,400,300
2358,2022/10/19 3:09,131.5333978,47.089924,5217349.683,464571.7171,7.778399,158.1,TRUE,5.3,397,300
2359,2022/10/19 3:09,131.5334422,47.08984817,5217341.233,464575.0381,7.74136,154.9,TRUE,5.3,400,300
2360,2022/10/19 3:09,131.5334902,47.08978333,5217334.003,464578.6396,8.01916,160.4,TRUE,5.3,400,300
2361,2022/10/19 3:09,131.5335467,47.08971833,5217326.751,464582.8865,8.01916,154.7,TRUE,5.3,398,300
2362,2022/10/19 3:09,131.5335858,47.089651,5217319.248,464585.8107,7.66728,155.2,TRUE,5.3,400,300
2363,2022/10/19 3:09,131.5336347,47.089574,5217310.666,464589.4725,7.408,155.4,TRUE,5.3,399,300
2364,2022/10/19 3:09,131.533686,47.08950167,5217302.601,464593.3197,7.75988,155.6,TRUE,5.3,400,300
2365,2022/10/19 3:09,131.5337307,47.08943267,5217294.91,464596.668,7.55616,158,TRUE,5.3,400,300
2366,2022/10/19 3:09,131.5337745,47.0893575,5217286.533,464599.9439,7.5932,156.7,TRUE,5.3,400,300
2367,2022/10/19 3:09,131.5338155,47.08928433,5217278.38,464603.0085,7.5932,156.6,TRUE,5.3,400,300
2368,2022/10/19 3:09,131.5338623,47.08921867,5217271.06,464606.5185,7.83396,154.6,TRUE,5.3,400,300
2369,2022/10/19 3:10,131.5338978,47.089149,5217263.298,464609.1678,6.96352,159.4,TRUE,5.3,376,300
2370,2022/10/19 3:10,131.533946,47.08908633,5217256.309,464612.7861,7.778399,154.3,TRUE,5.3,400,300
2371,2022/10/19 3:10,131.5339775,47.08901217,5217248.051,464615.1288,5.53748,165.4,TRUE,5.3,400,300
2372,2022/10/19 3:10,131.533977,47.08897333,5217243.733,464615.0651,0,0,FALSE,5.3,0,300
2373,2022/10/19 3:10,131.5339872,47.088967,5217243.024,464615.8354,0,0,FALSE,5.3,0,300
2374,2022/10/19 3:10,131.5340228,47.08902767,5217249.753,464618.5786,6.8524,36.5,FALSE,5.3,0,300
2375,2022/10/19 3:10,131.5340513,47.08904983,5217252.204,464620.7573,0,0,FALSE,5.3,0,300
2376,2022/10/19 3:10,131.5340218,47.08904433,5217251.606,464618.5137,4.79668,268.5,FALSE,5.3,0,300
2377,2022/10/19 3:10,131.5339838,47.089067,5217254.143,464615.6434,3.8892,325.2,TRUE,5.3,252,300
2378,2022/10/19 3:10,131.53397,47.0890775,5217255.317,464614.6026,3.53732,343.5,TRUE,5.3,361,300
2379,2022/10/19 3:10,131.5339283,47.089131,5217261.283,464611.4718,5.81528,337.8,TRUE,5.3,395,300
2380,2022/10/19 3:10,131.5338908,47.0891875,5217267.582,464608.6618,5.44488,340.1,TRUE,5.3,400,300
2381,2022/10/19 3:10,131.533862,47.089247,5217274.209,464606.5145,6.44496,341,TRUE,5.3,400,300
2382,2022/10/19 3:10,131.5338302,47.08931017,5217281.247,464604.1418,6.63016,344.4,TRUE,5.3,398,300
2383,2022/10/19 3:10,131.5337957,47.08937733,5217288.728,464601.5667,6.5746,338.1,TRUE,5.3,400,300
2384,2022/10/19 3:11,131.5337525,47.08943867,5217295.567,464598.3273,6.79684,343.5,TRUE,5.3,400,300
2385,2022/10/19 3:11,131.5337135,47.0895005,5217302.459,464595.407,6.1116,341.8,TRUE,5.3,400,300
2386,2022/10/19 3:11,131.5336738,47.0895645,5217309.592,464592.4351,6.13012,343.4,TRUE,5.3,399,300
2387,2022/10/19 3:11,131.5336207,47.089627,5217316.564,464588.4447,7.07464,338.9,TRUE,5.3,400,300
2388,2022/10/19 3:11,131.5335745,47.089691,5217323.7,464584.9792,6.35236,338.6,TRUE,5.3,398,300
2389,2022/10/19 3:11,131.5335333,47.089748,5217330.055,464581.8887,6.5746,342.1,TRUE,5.3,400,300
2390,2022/10/19 3:11,131.5334973,47.08980633,5217336.556,464579.194,6.00048,346,TRUE,5.3,400,300
2391,2022/10/19 3:11,131.5334487,47.089867,5217343.323,464575.5441,6.59312,340.3,TRUE,5.3,400,300
2392,2022/10/19 3:11,131.533412,47.08992433,5217349.713,464572.7955,6.77832,339.5,TRUE,5.3,396,300
2393,2022/10/19 3:11,131.5333728,47.089992,5217357.254,464569.864,6.55608,336.5,TRUE,5.3,400,300
2394,2022/10/19 3:11,131.5333308,47.090061,5217364.944,464566.7208,6.68572,336,TRUE,5.3,375,300
2395,2022/10/19 3:11,131.533282,47.09011567,5217371.044,464563.0518,7.24132,339.8,TRUE,5.3,400,300
2396,2022/10/19 3:11,131.5332353,47.090177,5217377.883,464559.5467,7.00056,342.3,TRUE,5.3,398,300
2397,2022/10/19 3:11,131.5332,47.0902345,5217384.292,464556.9046,6.42644,334.8,TRUE,5.3,400,300
2398,2022/10/19 3:11,131.5331563,47.0903015,5217391.76,464553.631,7.05612,336.4,TRUE,5.3,400,300
2399,2022/10/19 3:12,131.533111,47.090366,5217398.951,464550.2342,6.6672,337.6,TRUE,5.3,382,300
2400,2022/10/19 3:12,131.5330717,47.09042417,5217405.436,464547.2889,6.37088,336.7,TRUE,5.3,400,300
2401,2022/10/19 3:12,131.5330372,47.09048083,5217411.751,464544.707,6.6672,340.4,TRUE,5.3,400,300
2402,2022/10/19 3:12,131.5329885,47.09054383,5217418.777,464541.0512,6.37088,337.6,TRUE,5.3,395,300
2403,2022/10/19 3:12,131.5329443,47.09060717,5217425.838,464537.7372,6.7598,339.8,TRUE,5.3,371,300
2404,2022/10/19 3:12,131.5329047,47.090674,5217433.286,464534.7749,6.59312,342.1,TRUE,5.3,400,300
2405,2022/10/19 3:12,131.5328582,47.09074,5217440.644,464531.2881,6.22272,339.4,TRUE,5.3,400,300
2406,2022/10/19 3:12,131.5328275,47.09079667,5217446.958,464528.9947,6.51904,336,TRUE,5.3,400,300
2407,2022/10/19 3:12,131.5327757,47.09085983,5217454.004,464525.1037,6.33384,342.2,TRUE,5.3,393,300
2408,2022/10/19 3:12,131.5327297,47.09092083,5217460.806,464521.6515,6.96352,340.7,TRUE,5.3,399,300
2409,2022/10/19 3:12,131.5326957,47.0909785,5217467.233,464519.1083,6.6672,337.5,TRUE,5.3,400,300
2410,2022/10/19 3:12,131.5326582,47.09103383,5217473.401,464516.2978,6.945,342.5,TRUE,5.3,398,300
2411,2022/10/19 3:12,131.532619,47.0911,5217480.775,464513.3655,6.53756,342.1,TRUE,5.3,375,300
2412,2022/10/19 3:12,131.5325757,47.0911655,5217488.076,464510.1214,6.40792,340.8,TRUE,5.3,400,300
2413,2022/10/19 3:12,131.5325332,47.0912285,5217495.099,464506.9363,6.05604,344.7,TRUE,5.3,395,300
2414,2022/10/19 3:13,131.5324988,47.091288,5217501.73,464504.364,6.88944,344.3,TRUE,5.3,400,300
2415,2022/10/19 3:13,131.5324577,47.091348,5217508.419,464501.2833,6.40792,339.9,TRUE,5.3,374,300
2416,2022/10/19 3:13,131.5324128,47.09140667,5217514.962,464497.9132,6.22272,337.4,TRUE,5.3,394,300
2417,2022/10/19 3:13,131.5323732,47.09147217,5217522.261,464494.9501,6.72276,342,TRUE,5.3,400,300
2418,2022/10/19 3:13,131.5323388,47.09153967,5217529.781,464492.3831,6.63016,337.4,TRUE,5.3,369,300
2419,2022/10/19 3:13,131.5322937,47.09160133,5217536.657,464488.9998,6.81536,338.1,TRUE,5.3,394,300
2420,2022/10/19 3:13,131.5322607,47.09165533,5217542.675,464486.5302,6.77832,337.6,TRUE,5.3,385,300
2421,2022/10/19 3:13,131.5322192,47.09171917,5217549.791,464483.4217,7.09316,341.5,TRUE,5.3,400,300
2422,2022/10/19 3:13,131.532173,47.09177983,5217556.556,464479.9543,6.74128,335.2,TRUE,5.3,365,300
2423,2022/10/19 3:13,131.5321312,47.0918365,5217562.875,464476.8183,6.79684,336.6,TRUE,5.3,400,300
2424,2022/10/19 3:13,131.532092,47.091903,5217570.285,464473.8862,6.64868,347.2,TRUE,5.3,381,300
2425,2022/10/19 3:13,131.532078,47.09198917,5217579.872,464472.8806,6.1116,4.3,TRUE,5.3,400,300
2426,2022/10/19 3:13,131.5320903,47.09204283,5217585.831,464473.8501,6.81536,53.2,FALSE,5.3,0,300
2427,2022/10/19 3:13,131.5321465,47.09204933,5217586.529,464478.1214,5.7412,107.6,FALSE,5.3,0,300
2428,2022/10/19 3:14,131.5321693,47.09201233,5217582.405,464479.8279,5.11152,169.4,FALSE,5.3,0,300
2429,2022/10/19 3:14,131.532143,47.09196033,5217576.636,464477.7965,6.61164,196.3,FALSE,5.3,0,300
2430,2022/10/19 3:14,131.5321173,47.09189917,5217569.848,464475.8046,5.85232,203.3,FALSE,5.3,0,300
2431,2022/10/19 3:14,131.5320895,47.09183933,5217563.208,464473.6541,6.50052,182.1,FALSE,5.3,0,300
2432,2022/10/19 3:14,131.5320817,47.09177333,5217555.874,464473.018,6.37088,186.3,FALSE,5.3,0,300
2433,2022/10/19 3:14,131.5320962,47.09171467,5217549.346,464474.0799,4.4448,170.3,TRUE,5.3,400,300
2434,2022/10/19 3:14,131.5321113,47.09165933,5217543.187,464475.1895,5.42636,166.6,TRUE,5.3,400,300
2435,2022/10/19 3:14,131.5321338,47.09160583,5217537.229,464476.8623,6.03752,167.1,TRUE,5.3,400,300
2436,2022/10/19 3:14,131.5321505,47.09155233,5217531.274,464478.0947,6.22272,159,TRUE,5.3,400,300
2437,2022/10/19 3:14,131.5321593,47.09150983,5217526.545,464478.7346,6.90796,162.6,TRUE,5.3,400,300
2438,2022/10/19 3:14,131.5321987,47.091449,5217519.765,464481.6856,6.31532,157.7,TRUE,5.3,400,300
2439,2022/10/19 3:14,131.5322502,47.09138733,5217512.885,464485.5548,6.6672,160.4,TRUE,5.3,400,300
2440,2022/10/19 3:14,131.5322877,47.09133133,5217506.643,464488.3648,6.72276,164.5,TRUE,5.3,399,300
2441,2022/10/19 3:14,131.5323217,47.09126367,5217499.105,464490.9013,6.87092,157.2,TRUE,5.3,400,300
2442,2022/10/19 3:14,131.5323653,47.0911995,5217491.952,464494.1691,6.5746,159.1,TRUE,5.3,400,300
2443,2022/10/19 3:15,131.5324128,47.091142,5217485.538,464497.7373,6.46348,158.4,TRUE,5.3,400,300
2444,2022/10/19 3:15,131.5324513,47.091084,5217479.072,464500.622,6.63016,159,TRUE,5.3,400,300
2445,2022/10/19 3:15,131.5324833,47.09101667,5217471.572,464503.0069,7.11168,158.3,TRUE,5.3,396,300
2446,2022/10/19 3:15,131.5325283,47.09094783,5217463.899,464506.3778,6.72276,162.7,TRUE,5.3,400,300
2447,2022/10/19 3:15,131.5325655,47.09089183,5217457.656,464509.1651,6.6672,164.1,TRUE,5.3,400,300
2448,2022/10/19 3:15,131.5326082,47.09083667,5217451.505,464512.3705,6.53756,155.9,TRUE,5.3,400,300
2449,2022/10/19 3:15,131.5326593,47.09077717,5217444.867,464516.2109,6.24124,154.8,TRUE,5.3,399,300
2450,2022/10/19 3:15,131.5327008,47.0907205,5217438.548,464519.3242,6.482,160.3,TRUE,5.3,364,300
2451,2022/10/19 3:15,131.5327358,47.09064817,5217430.491,464521.9336,7.35244,159.8,TRUE,5.3,400,300
2452,2022/10/19 3:15,131.5327843,47.09058283,5217423.205,464525.5727,6.50052,159.4,TRUE,5.3,400,300
2453,2022/10/19 3:15,131.5328217,47.090531,5217417.426,464528.378,6.33384,153.6,TRUE,5.3,400,300
2454,2022/10/19 3:15,131.5328653,47.09047867,5217411.588,464531.6537,7.20428,160.7,TRUE,5.3,400,300
2455,2022/10/19 3:15,131.532901,47.09041767,5217404.791,464534.3238,7.14872,159.4,TRUE,5.3,370,300
2456,2022/10/19 3:15,131.532935,47.090353,5217397.586,464536.8624,7.37096,159.6,TRUE,5.3,400,300
2457,2022/10/19 3:15,131.5329787,47.09027583,5217388.987,464540.1292,7.463561,157.1,TRUE,5.3,374,300
2458,2022/10/19 3:16,131.5330498,47.0902055,5217381.136,464545.481,6.55608,155.5,TRUE,5.3,400,300
2459,2022/10/19 3:16,131.5330898,47.090143,5217374.169,464548.4766,8.01916,162.3,TRUE,5.3,400,300
2460,2022/10/19 3:16,131.5331312,47.0900745,5217366.535,464551.5746,7.72284,156.8,TRUE,5.3,400,300
2461,2022/10/19 3:16,131.5331852,47.09000867,5217359.192,464555.631,7.48208,161.4,TRUE,5.3,400,300
2462,2022/10/19 3:16,131.5332272,47.08994033,5217351.576,464558.7746,7.66728,161.2,TRUE,5.3,400,300
2463,2022/10/19 3:16,131.5332668,47.08987,5217343.739,464561.7347,7.92656,155.8,TRUE,5.3,400,300
2464,2022/10/19 3:16,131.533314,47.08979267,5217335.121,464565.2673,7.75988,160.7,TRUE,5.3,400,300
2465,2022/10/19 3:16,131.5333638,47.08973317,5217328.484,464569.009,7.57468,153.2,TRUE,5.3,400,300
2466,2022/10/19 3:16,131.5334187,47.08965933,5217320.25,464573.1285,7.98212,159.2,TRUE,5.3,400,300
2467,2022/10/19 3:16,131.5334622,47.08958667,5217312.152,464576.3833,7.778399,157.8,TRUE,5.3,381,300
2468,2022/10/19 3:16,131.5335115,47.089525,5217305.274,464580.0857,6.92648,159.3,TRUE,5.3,400,300
2469,2022/10/19 3:16,131.533545,47.08945683,5217297.68,464582.5841,6.92648,155.8,TRUE,5.3,400,300
2470,2022/10/19 3:16,131.5335978,47.08938783,5217289.985,464586.5474,7.33392,158.6,TRUE,5.3,398,300
2471,2022/10/19 3:16,131.5336388,47.08932033,5217282.463,464589.6157,7.42652,158.6,TRUE,5.3,400,300
2472,2022/10/19 3:16,131.5336817,47.08925133,5217274.772,464592.8274,7.27836,162.6,TRUE,5.3,400,300
2473,2022/10/19 3:17,131.5337303,47.08917767,5217266.561,464596.4687,7.5006,153.8,TRUE,5.3,395,300
2474,2022/10/19 3:17,131.5337783,47.08911083,5217259.109,464600.069,7.98212,154,TRUE,5.3,396,300
2475,2022/10/19 3:17,131.5338302,47.0890415,5217251.378,464603.9638,7.81544,156,TRUE,5.3,400,300
2476,2022/10/19 3:17,131.5338608,47.08898333,5217244.897,464606.2487,5.33376,161.7,TRUE,5.3,400,300
2477,2022/10/19 3:17,131.5338923,47.08893433,5217239.435,464608.608,6.07456,157.4,TRUE,5.3,271,300
2478,2022/10/19 3:17,131.5339342,47.08887883,5217233.246,464611.7527,5.556,149.4,TRUE,5.3,76,300
2479,2022/10/19 3:17,131.5339808,47.08882733,5217227.5,464615.2569,6.25976,154.3,FALSE,5.3,0,300
2480,2022/10/19 3:17,131.5339878,47.0887695,5217221.068,464615.7501,5.66712,223.1,FALSE,5.3,0,300
2481,2022/10/19 3:17,131.5339418,47.08875217,5217219.162,464612.2459,4.88928,287.4,FALSE,5.3,0,300
2482,2022/10/19 3:17,131.5339083,47.088798,5217224.272,464609.7326,5.63008,346.1,TRUE,5.3,92,300
2483,2022/10/19 3:17,131.533907,47.08884083,5217229.034,464609.6623,6.77832,355,TRUE,5.3,400,300
2484,2022/10/19 3:17,131.5339038,47.08889167,5217234.688,464609.453,4.66704,349.8,TRUE,5.3,400,300
2485,2022/10/19 3:17,131.5339175,47.08892467,5217238.35,464610.5151,6.14864,351.3,TRUE,5.3,400,300
2486,2022/10/19 3:17,131.5339077,47.08896967,5217243.357,464609.8008,5.03744,339.8,TRUE,5.3,400,300
2487,2022/10/19 3:17,131.5338833,47.08901467,5217248.371,464607.9779,4.63,342.3,TRUE,5.3,400,300
2488,2022/10/19 3:18,131.533841,47.08906883,5217254.411,464604.8019,5.61156,333.1,TRUE,5.3,400,300
2489,2022/10/19 3:18,131.5338105,47.089118,5217259.891,464602.5187,4.70408,340.5,TRUE,5.3,400,300
2490,2022/10/19 3:18,131.5337848,47.0891595,5217264.517,464600.5948,5.01892,340.5,TRUE,5.3,400,300
2491,2022/10/19 3:18,131.5337565,47.08920333,5217269.402,464598.475,5.24116,334.1,TRUE,5.3,400,300
2492,2022/10/19 3:18,131.5337253,47.08925017,5217274.624,464596.1371,5.79676,336.6,TRUE,5.3,400,300
2493,2022/10/19 3:18,131.533686,47.08930183,5217280.385,464593.1873,4.96336,339.2,TRUE,5.3,400,300
2494,2022/10/19 3:18,131.533656,47.08934467,5217285.161,464590.9378,5.48192,332.5,TRUE,5.3,400,300
2495,2022/10/19 3:18,131.5336172,47.08939533,5217290.81,464588.0254,5.05596,345.1,TRUE,5.3,400,300
2496,2022/10/19 3:18,131.5335925,47.08943233,5217294.935,464586.1745,4.55592,343.6,TRUE,5.3,400,300
2497,2022/10/19 3:18,131.5335492,47.0894835,5217300.643,464582.9207,5.07448,338.5,TRUE,5.3,400,300
2498,2022/10/19 3:18,131.5335253,47.08953283,5217306.138,464581.1387,5.3708,343.7,TRUE,5.3,400,300
2499,2022/10/19 3:18,131.533501,47.089586,5217312.06,464579.3288,5.68564,342.6,TRUE,5.3,400,300
2500,2022/10/19 3:18,131.5334712,47.08963,5217316.965,464577.0953,5.57452,341.6,TRUE,5.3,400,300
2501,2022/10/19 3:18,131.5334302,47.08968567,5217323.173,464574.0192,6.98204,341.3,TRUE,5.3,400,300
2502,2022/10/19 3:18,131.5333827,47.08974267,5217329.531,464570.4504,5.38932,332.8,TRUE,5.3,400,300
2503,2022/10/19 3:19,131.5333472,47.0897855,5217334.309,464567.7833,4.48184,339.5,TRUE,5.3,400,300
2504,2022/10/19 3:19,131.533318,47.0898315,5217339.436,464565.5967,6.96352,339.5,TRUE,5.3,400,300
2505,2022/10/19 3:19,131.5332765,47.08989867,5217346.922,464562.4903,7.48208,341.3,TRUE,5.3,400,300
2506,2022/10/19 3:19,131.533228,47.08996583,5217354.41,464558.8523,7.25984,336.7,TRUE,5.3,365,300
2507,2022/10/19 3:19,131.533172,47.09003717,5217362.367,464554.6477,7.408,339.5,TRUE,5.3,400,300
2508,2022/10/19 3:19,131.5331217,47.090111,5217370.597,464550.8775,7.5006,340,TRUE,5.3,400,300
2509,2022/10/19 3:19,131.5330652,47.09018717,5217379.091,464546.6381,7.704319,336.3,TRUE,5.3,400,300
2510,2022/10/19 3:19,131.5330162,47.090255,5217386.654,464542.9626,7.09316,341,TRUE,5.3,400,300
2511,2022/10/19 3:19,131.5329723,47.09032017,5217393.919,464539.6727,7.27836,336.4,TRUE,5.3,400,300
2512,2022/10/19 3:19,131.5329308,47.090396,5217402.368,464536.572,8.09324,338.5,TRUE,5.3,400,300
2513,2022/10/19 3:19,131.5328927,47.09046833,5217410.426,464533.7272,8.07472,341.6,TRUE,5.3,378,300
2514,2022/10/19 3:19,131.5328427,47.09053633,5217418.009,464529.976,7.6858,337.3,TRUE,5.3,399,300
2515,2022/10/19 3:19,131.5327885,47.09060667,5217425.853,464525.9074,7.37096,339.2,TRUE,5.3,400,300
2516,2022/10/19 3:19,131.5327472,47.09067217,5217433.154,464522.8151,8.315479,340.8,TRUE,5.3,400,300
2517,2022/10/19 3:19,131.5327042,47.09073833,5217440.528,464519.5942,7.81544,338.8,TRUE,5.3,400,300
2518,2022/10/19 3:20,131.5326505,47.0908105,5217448.576,464515.5649,7.5932,338.3,TRUE,5.3,400,300
2519,2022/10/19 3:20,131.5326092,47.09087933,5217456.247,464512.4748,7.871,339,TRUE,5.3,400,300
2520,2022/10/19 3:20,131.5325648,47.09094717,5217463.809,464509.1487,7.33392,338.5,TRUE,5.3,399,300
2521,2022/10/19 3:20,131.5325243,47.09101367,5217471.22,464506.1179,5.75972,344.5,TRUE,5.3,362,300
2522,2022/10/19 3:20,131.5324708,47.091079,5217478.507,464502.0992,6.72276,336.6,TRUE,5.3,400,300
2523,2022/10/19 3:20,131.5324348,47.09114417,5217485.769,464499.4092,6.63016,348.4,TRUE,5.3,388,300
2524,2022/10/19 3:20,131.532413,47.09122317,5217494.561,464497.8065,6.88944,347,TRUE,5.3,400,300
2525,2022/10/19 3:20,131.5323722,47.09129867,5217502.973,464494.7589,8.01916,353.7,TRUE,5.3,400,300
2526,2022/10/19 3:20,131.5323367,47.09137633,5217511.623,464492.1151,8.334,351.9,TRUE,5.3,357,300
2527,2022/10/19 3:20,131.5323443,47.09143883,5217518.568,464492.7337,4.09292,31.8,FALSE,5.3,0,300
2528,2022/10/19 3:20,131.5323858,47.09145633,5217520.495,464495.8962,5.87084,102.7,FALSE,5.3,0,300
2529,2022/10/19 3:20,131.5324142,47.0914265,5217517.166,464498.0327,6.2042,166.5,FALSE,5.3,0,300
2530,2022/10/19 3:20,131.5324045,47.09137683,5217511.648,464497.2632,5.94492,211.4,FALSE,5.3,0,300
2531,2022/10/19 3:20,131.5323693,47.091347,5217508.348,464494.5708,5.33376,214.4,FALSE,5.3,0,300
2532,2022/10/19 3:20,131.532346,47.0913035,5217503.522,464492.7728,6.92648,213.7,FALSE,5.3,0,300
2533,2022/10/19 3:21,131.532336,47.09123883,5217496.337,464491.9706,6.37088,197,FALSE,5.3,0,300
2534,2022/10/19 3:21,131.5323247,47.09116167,5217487.764,464491.0613,5.6486,172.2,TRUE,5.3,400,300
2535,2022/10/19 3:21,131.532324,47.09110533,5217481.501,464490.9707,5.53748,169.2,TRUE,5.3,400,300
2536,2022/10/19 3:21,131.532335,47.09104867,5217475.197,464491.7682,6.42644,165.7,TRUE,5.3,371,300
2537,2022/10/19 3:21,131.5323653,47.090986,5217468.216,464494.0272,6.70424,162.9,TRUE,5.3,393,300
2538,2022/10/19 3:21,131.5324063,47.09091917,5217460.768,464497.0957,7.35244,164.1,TRUE,5.3,400,300
2539,2022/10/19 3:21,131.532439,47.09084583,5217452.6,464499.5298,7.1302,157.1,TRUE,5.3,377,300
2540,2022/10/19 3:21,131.53249,47.09077567,5217444.777,464503.3555,8.46364,159.2,TRUE,5.3,399,300
2541,2022/10/19 3:21,131.532549,47.090701,5217436.449,464507.7855,7.53764,156.7,TRUE,5.3,400,300
2542,2022/10/19 3:21,131.5325993,47.09062767,5217428.274,464511.556,8.25992,162.6,TRUE,5.3,393,300
2543,2022/10/19 3:21,131.5326398,47.09055517,5217420.195,464514.5829,7.48208,156,TRUE,5.3,367,300
2544,2022/10/19 3:21,131.5326865,47.090487,5217412.596,464518.0834,7.33392,155,TRUE,5.3,400,300
2545,2022/10/19 3:21,131.5327337,47.090412,5217404.236,464521.6173,7.408,158.8,TRUE,5.3,360,300
2546,2022/10/19 3:21,131.5327757,47.09033883,5217396.083,464524.7577,8.2414,161.9,TRUE,5.3,365,300
2547,2022/10/19 3:21,131.5328312,47.09026867,5217388.258,464528.9251,8.01916,157.4,TRUE,5.3,362,300
2548,2022/10/19 3:22,131.5328745,47.0901965,5217380.215,464532.1649,7.871,158.8,TRUE,5.3,396,300
2549,2022/10/19 3:22,131.532926,47.0901225,5217371.965,464536.026,7.72284,159.6,TRUE,5.3,400,300
2550,2022/10/19 3:22,131.5329712,47.09005033,5217363.921,464539.4101,7.20428,156.2,TRUE,5.3,367,300
2551,2022/10/19 3:22,131.5330233,47.08998333,5217356.449,464543.3214,8.315479,153.8,TRUE,5.3,373,300
2552,2022/10/19 3:22,131.533075,47.0899075,5217347.995,464547.1966,8.07472,154.8,TRUE,5.3,400,300
2553,2022/10/19 3:22,131.5331215,47.08983367,5217339.766,464550.6783,8.09324,161.6,TRUE,5.3,395,300
2554,2022/10/19 3:22,131.5331653,47.08976333,5217331.926,464553.9573,7.83396,155.1,TRUE,5.3,393,300
2555,2022/10/19 3:22,131.5332188,47.089688,5217323.528,464557.9695,8.25992,157,TRUE,5.3,366,300
2556,2022/10/19 3:22,131.5332738,47.08962217,5217316.184,464562.1019,7.83396,159.1,TRUE,5.3,353,300
2557,2022/10/19 3:22,131.5333067,47.08955,5217308.146,464564.552,8.1488,154.8,TRUE,5.3,400,300
2558,2022/10/19 3:22,131.533363,47.08947517,5217299.801,464568.7772,7.5932,160.2,TRUE,5.3,396,300
2559,2022/10/19 3:22,131.5334193,47.08940217,5217291.66,464573.0036,7.889521,160,TRUE,5.3,400,300
2560,2022/10/19 3:22,131.5334602,47.0893295,5217283.563,464576.0609,7.90804,155.7,TRUE,5.3,400,300
2561,2022/10/19 3:22,131.5335107,47.0892565,5217275.425,464579.8469,7.778399,153.7,TRUE,5.3,400,300
2562,2022/10/19 3:22,131.5335528,47.08918667,5217267.642,464582.9972,7.9636,158.7,TRUE,5.3,371,300
2563,2022/10/19 3:23,131.5336025,47.08911067,5217259.171,464586.7205,8.01916,157.7,TRUE,5.3,400,300
2564,2022/10/19 3:23,131.5336555,47.08904017,5217251.309,464590.6981,7.53764,157.4,TRUE,5.3,400,300
2565,2022/10/19 3:23,131.5337055,47.0889665,5217243.096,464594.4457,7.889521,158.5,TRUE,5.3,400,300
2566,2022/10/19 3:23,131.5337533,47.088899,5217235.571,464598.0304,7.00056,166,TRUE,5.3,362,300
2567,2022/10/19 3:23,131.533764,47.08882883,5217227.765,464598.7964,7.66728,174.5,TRUE,5.3,400,300
2568,2022/10/19 3:23,131.5337845,47.088751,5217219.103,464600.3014,7.61172,163,TRUE,5.3,357,300
2569,2022/10/19 3:23,131.5338305,47.08869817,5217213.209,464603.7591,5.4634,157.5,TRUE,5.3,353,300
2570,2022/10/19 3:23,131.5338913,47.08863983,5217206.696,464608.337,6.13012,160.1,FALSE,5.3,0,300
2571,2022/10/19 3:23,131.5339027,47.08858017,5217200.058,464609.1631,5.40784,220.1,FALSE,5.3,0,300
2572,2022/10/19 3:23,131.5338725,47.088553,5217197.051,464606.852,5.29672,263.7,FALSE,5.3,0,300
2573,2022/10/19 3:23,131.5338343,47.08857733,5217199.773,464603.9676,5.03744,333.3,FALSE,5.3,0,300
2574,2022/10/19 3:23,131.533866,47.08861783,5217204.261,464606.4014,4.70408,13.7,TRUE,5.3,396,300
2575,2022/10/19 3:23,131.5338967,47.08866333,5217209.306,464608.7626,4.98188,356.7,TRUE,5.3,400,300
2576,2022/10/19 3:23,131.5338748,47.088716,5217215.171,464607.1346,4.4448,3.9,TRUE,5.3,400,300
2577,2022/10/19 3:23,131.5338573,47.088776,5217221.849,464605.8456,5.25968,351.6,TRUE,5.3,400,300
2578,2022/10/19 3:24,131.5338362,47.08882917,5217227.77,464604.2787,5.29672,345.8,TRUE,5.3,394,300
2579,2022/10/19 3:24,131.5338017,47.08888467,5217233.956,464601.6959,4.85224,346.7,TRUE,5.3,400,300
2580,2022/10/19 3:24,131.5337615,47.08894383,5217240.551,464598.6827,4.8152,341.9,TRUE,5.3,400,300
2581,2022/10/19 3:24,131.5337175,47.08900767,5217247.668,464595.3841,5.94492,336.5,TRUE,5.3,400,300
2582,2022/10/19 3:24,131.533669,47.0890755,5217255.231,464591.7465,6.3894,343,TRUE,5.3,400,300
2583,2022/10/19 3:24,131.5336202,47.089141,5217262.535,464588.0846,5.87084,339.9,TRUE,5.3,400,300
2584,2022/10/19 3:24,131.5335752,47.08920517,5217269.689,464584.7103,6.92648,339.7,TRUE,5.3,400,300
2585,2022/10/19 3:24,131.5335113,47.08929883,5217280.13,464579.9205,6.945,342.5,TRUE,5.3,400,300
2586,2022/10/19 3:24,131.5334763,47.08936067,5217287.021,464577.304,7.37096,338,TRUE,5.3,400,300
2587,2022/10/19 3:24,131.5334257,47.08942417,5217294.103,464573.5041,7.3154,339.6,TRUE,5.3,400,300
2588,2022/10/19 3:24,131.533386,47.08948717,5217301.125,464570.5315,7.72284,335.3,TRUE,5.3,400,300
2589,2022/10/19 3:24,131.5333333,47.0895555,5217308.745,464566.5754,7.55616,331.1,TRUE,5.3,400,300
2590,2022/10/19 3:24,131.5332872,47.08962033,5217315.974,464563.1181,7.27836,341.1,TRUE,5.3,400,300
2591,2022/10/19 3:24,131.5332472,47.0896935,5217324.126,464560.1295,7.18576,332.7,TRUE,5.3,400,300
2592,2022/10/19 3:24,131.5331998,47.089762,5217331.763,464556.5759,8.037681,329.6,TRUE,5.3,400,300
2593,2022/10/19 3:25,131.5331537,47.08982883,5217339.213,464553.1199,6.98204,334.4,TRUE,5.3,400,300
2594,2022/10/19 3:25,131.5330995,47.08990283,5217347.465,464549.0537,6.81536,336.2,TRUE,5.3,400,300
2595,2022/10/19 3:25,131.5330563,47.08996817,5217354.748,464545.817,6.7598,337.9,TRUE,5.3,400,300
2596,2022/10/19 3:25,131.5330188,47.09003183,5217361.843,464543.012,7.05612,335.2,TRUE,5.3,400,300
2597,2022/10/19 3:25,131.532963,47.09010333,5217369.817,464538.8226,7.55616,333.8,TRUE,5.3,400,300
2598,2022/10/19 3:25,131.5329183,47.090177,5217378.027,464535.4776,7.408,339.3,TRUE,5.3,399,300
2599,2022/10/19 3:25,131.5328718,47.09024417,5217385.516,464531.9915,7.44504,333.9,TRUE,5.3,395,300
2600,2022/10/19 3:25,131.5328213,47.09030667,5217392.487,464528.1987,7.704319,338.6,TRUE,5.3,400,300
2601,2022/10/19 3:25,131.5327687,47.09037583,5217400.199,464524.2508,7.3154,335.7,TRUE,5.3,400,300
2602,2022/10/19 3:25,131.5327278,47.09044533,5217407.944,464521.1915,7.48208,336.3,TRUE,5.3,400,300
2603,2022/10/19 3:25,131.532679,47.09051083,5217415.248,464517.5298,6.68572,349.8,TRUE,5.3,400,300
2604,2022/10/19 3:25,131.53265,47.09058217,5217423.192,464515.3752,7.00056,348.1,TRUE,5.3,400,300
2605,2022/10/19 3:25,131.5326262,47.09064983,5217430.725,464513.6131,6.2042,352.5,TRUE,5.3,400,300
2606,2022/10/19 3:25,131.532622,47.09069767,5217436.046,464513.326,5.33376,21.2,TRUE,5.3,179,300
2607,2022/10/19 3:25,131.5326702,47.09072567,5217439.136,464517.0043,6.00048,73,FALSE,5.3,0,300
2608,2022/10/19 3:26,131.5327297,47.0907055,5217436.867,464521.5085,4.59296,123.8,FALSE,5.3,0,300
2609,2022/10/19 3:26,131.5327298,47.0906575,5217431.531,464521.4843,5.81528,198.1,FALSE,5.3,0,300
2610,2022/10/19 3:26,131.5326902,47.09061117,5217426.398,464518.4468,6.51904,200.5,FALSE,5.3,0,300
2611,2022/10/19 3:26,131.5326478,47.0905585,5217420.562,464515.1925,4.85224,195.1,FALSE,5.3,0,300
2612,2022/10/19 3:26,131.5326287,47.090494,5217413.4,464513.6994,6.31532,189.2,FALSE,5.3,0,300
2613,2022/10/19 3:26,131.5326162,47.09043517,5217406.865,464512.7113,5.31524,168.7,TRUE,5.3,400,300
2614,2022/10/19 3:26,131.5326348,47.09039667,5217402.577,464514.0979,5.13004,162.9,TRUE,5.3,400,300
2615,2022/10/19 3:26,131.532656,47.09035167,5217397.564,464515.6777,5.16708,164.7,TRUE,5.3,400,300
2616,2022/10/19 3:26,131.5326812,47.09029883,5217391.679,464517.556,5.6486,169,TRUE,5.3,400,300
2617,2022/10/19 3:26,131.5327027,47.09023933,5217385.054,464519.1489,5.57452,164.1,TRUE,5.3,400,300
2618,2022/10/19 3:26,131.532732,47.090184,5217378.89,464521.3369,5.22264,159.9,TRUE,5.3,400,300
2619,2022/10/19 3:26,131.5327802,47.09013,5217372.865,464524.9607,6.07456,154.7,TRUE,5.3,373,300
2620,2022/10/19 3:26,131.5328087,47.09007733,5217366.996,464527.0897,8.11176,156.7,TRUE,5.3,390,300
2621,2022/10/19 3:26,131.532861,47.09000667,5217359.117,464531.0138,7.55616,157.4,TRUE,5.3,400,300
2622,2022/10/19 3:26,131.5329155,47.089928,5217350.346,464535.0997,8.07472,158.8,TRUE,5.3,367,300
2623,2022/10/19 3:27,131.5329643,47.089856,5217342.32,464538.7572,7.1302,157,TRUE,5.3,400,300
2624,2022/10/19 3:27,131.5330113,47.08978817,5217334.758,464542.2808,8.25992,156.8,TRUE,5.3,400,300
2625,2022/10/19 3:27,131.5330567,47.08971633,5217326.751,464545.6803,7.64876,157.2,TRUE,5.3,400,300
2626,2022/10/19 3:27,131.533105,47.08964767,5217319.096,464549.302,7.81544,155.3,TRUE,5.3,400,300
2627,2022/10/19 3:27,131.533153,47.08957683,5217311.198,464552.8996,8.35252,156.6,TRUE,5.3,400,300
2628,2022/10/19 3:27,131.5331953,47.08951167,5217303.935,464556.0682,8.09324,157.4,TRUE,5.3,400,300
2629,2022/10/19 3:27,131.5332392,47.08944067,5217296.022,464559.3543,7.55616,154.4,TRUE,5.3,396,300
2630,2022/10/19 3:27,131.5332842,47.08937117,5217288.275,464562.725,7.53764,156.1,TRUE,5.3,384,300
2631,2022/10/19 3:27,131.5333425,47.08930083,5217280.429,464567.105,7.74136,161.6,TRUE,5.3,400,300
2632,2022/10/19 3:27,131.5333897,47.08922583,5217272.07,464570.6392,8.2414,153,TRUE,5.3,400,300
2633,2022/10/19 3:27,131.5334375,47.08915433,5217264.099,464574.2212,7.9636,157.4,TRUE,5.3,400,300
2634,2022/10/19 3:27,131.5334878,47.08907617,5217255.387,464577.9886,8.27844,158.8,TRUE,5.3,400,300
2635,2022/10/19 3:27,131.5335312,47.08900267,5217247.196,464581.2352,8.0562,157.5,TRUE,5.3,396,300
2636,2022/10/19 3:27,131.5335788,47.08893,5217239.096,464584.8013,8.13028,160.4,TRUE,5.3,400,300
2637,2022/10/19 3:27,131.5336192,47.08886117,5217231.426,464587.8232,8.09324,153.6,TRUE,5.3,394,300
2638,2022/10/19 3:28,131.5336683,47.08879733,5217224.306,464591.509,7.57468,158.2,TRUE,5.3,400,300
2639,2022/10/19 3:28,131.533708,47.08873,5217216.803,464594.4788,8.07472,154.8,TRUE,5.3,400,300
2640,2022/10/19 3:28,131.533753,47.08866233,5217209.26,464597.8508,7.74136,153.2,TRUE,5.3,396,300
2641,2022/10/19 3:28,131.5337978,47.088586,5217200.754,464601.2019,8.44512,157.3,TRUE,5.3,400,300
2642,2022/10/19 3:28,131.5338313,47.08852467,5217193.92,464603.7049,6.09308,166.3,TRUE,5.3,229,300
2643,2022/10/19 3:28,131.5338257,47.0884695,5217187.789,464603.2432,2.07424,198.1,FALSE,5.3,0,300
2644,2022/10/19 3:28,131.5338518,47.08850067,5217191.243,464605.2456,6.37088,16.1,FALSE,5.3,0,300
2645,2022/10/19 3:28,131.5339045,47.08854667,5217196.333,464609.2776,2.75948,62.9,FALSE,5.3,0,300
2646,2022/10/19 3:28,131.5339115,47.08856533,5217198.404,464609.8215,2.75948,257.8,FALSE,5.3,0,300
2647,2022/10/19 3:28,131.5338675,47.08855533,5217197.312,464606.4739,4.03736,270.5,FALSE,5.3,0,300
2648,2022/10/19 3:28,131.5338398,47.088559,5217197.733,464604.3731,2.778,318.3,FALSE,5.3,0,300
2649,2022/10/19 3:28,131.533838,47.08855867,5217197.697,464604.2362,0,0,FALSE,5.3,0,300
2650,2022/10/19 3:28,131.5338227,47.08858767,5217200.928,464603.0937,1.9446,348.5,TRUE,5.3,400,300
2651,2022/10/19 3:28,131.5338035,47.0886325,5217205.92,464601.6655,4.85224,339.3,TRUE,5.3,400,300
2652,2022/10/19 3:28,131.533782,47.08867333,5217210.469,464600.0601,5.63008,340.5,TRUE,5.3,400,300
2653,2022/10/19 3:29,131.5337425,47.0887255,5217216.287,464597.0954,6.46348,336.3,TRUE,5.3,400,300
2654,2022/10/19 3:29,131.5336947,47.08879817,5217224.388,464593.5141,6.87092,336.4,TRUE,5.3,400,300
2655,2022/10/19 3:29,131.533647,47.08886667,5217232.024,464589.9377,7.408,333.9,TRUE,5.3,400,300
2656,2022/10/19 3:29,131.533609,47.0889285,5217238.915,464587.0933,5.81528,332.2,TRUE,5.3,400,300
2657,2022/10/19 3:29,131.5335642,47.08898567,5217245.291,464583.7296,7.01908,336.9,TRUE,5.3,400,300
2658,2022/10/19 3:29,131.5335195,47.08905183,5217252.667,464580.3794,6.59312,335.5,TRUE,5.3,400,300
2659,2022/10/19 3:29,131.5334768,47.08912117,5217260.395,464577.1832,7.11168,342,TRUE,5.3,400,300
2660,2022/10/19 3:29,131.5334313,47.08918917,5217267.975,464573.7735,6.79684,331.6,TRUE,5.3,400,300
2661,2022/10/19 3:29,131.5333767,47.08925567,5217275.393,464569.6719,5.9264,338,TRUE,5.3,400,300
2662,2022/10/19 3:29,131.5333353,47.0893185,5217282.397,464566.5701,7.38948,337.4,TRUE,5.3,400,300
2663,2022/10/19 3:29,131.5333012,47.0893755,5217288.749,464564.0187,7.1302,337.6,TRUE,5.3,400,300
2664,2022/10/19 3:29,131.5332432,47.089445,5217296.502,464559.6609,6.79684,335.1,TRUE,5.3,400,300
2665,2022/10/19 3:29,131.5332023,47.08950483,5217303.172,464556.5951,6.50052,334.4,TRUE,5.3,400,300
2666,2022/10/19 3:29,131.5331602,47.0895625,5217309.602,464553.4368,6.03752,334.7,TRUE,5.3,400,300
2667,2022/10/19 3:29,131.533131,47.08961417,5217315.36,464551.254,6.40792,339.2,TRUE,5.3,400,300
2668,2022/10/19 3:30,131.5331002,47.08967217,5217321.821,464548.9538,6.09308,335,TRUE,5.3,400,300
2669,2022/10/19 3:30,131.5330537,47.0897345,5217328.772,464545.4645,5.87084,345,TRUE,5.3,400,300
2670,2022/10/19 3:30,131.5330295,47.08979033,5217334.99,464543.6641,6.24124,348.6,TRUE,5.3,400,300
2671,2022/10/19 3:30,131.533009,47.08984883,5217341.502,464542.1464,6.482,351,TRUE,5.3,400,300
2672,2022/10/19 3:30,131.5329842,47.08991017,5217348.333,464540.3041,5.85232,7.3,TRUE,5.3,241,300
2673,2022/10/19 3:30,131.5330013,47.08996917,5217354.884,464541.6416,5.66712,45.6,FALSE,5.3,0,300
2674,2022/10/19 3:30,131.533046,47.08999083,5217357.272,464545.05,4.37072,98.1,FALSE,5.3,0,300
2675,2022/10/19 3:30,131.5330888,47.08996933,5217354.863,464548.2854,3.96328,146.6,FALSE,5.3,0,300
2676,2022/10/19 3:30,131.5330838,47.0899365,5217351.215,464547.884,5.093,198.3,FALSE,5.3,0,300
2677,2022/10/19 3:30,131.53304,47.08989917,5217347.085,464544.5336,5.6486,215.2,FALSE,5.3,0,300
2678,2022/10/19 3:30,131.533004,47.0898555,5217342.246,464541.7712,4.38924,202.7,FALSE,5.3,0,300
2679,2022/10/19 3:30,131.532971,47.08979867,5217335.943,464539.2278,5.40784,195.4,FALSE,5.3,0,300
2680,2022/10/19 3:30,131.532949,47.08974033,5217329.467,464537.5187,5.38932,184.1,FALSE,5.3,0,300
2681,2022/10/19 3:30,131.5329718,47.08968533,5217323.343,464539.2134,5.66712,170.6,FALSE,5.3,0,300
2682,2022/10/19 3:30,131.5329842,47.08963083,5217317.278,464540.1187,5.24116,162.8,FALSE,5.3,0,300
2683,2022/10/19 3:31,131.5330012,47.08958433,5217312.101,464541.3786,4.42628,165.5,TRUE,5.3,400,300
2684,2022/10/19 3:31,131.5330342,47.08953417,5217306.51,464543.851,5.63008,159.3,TRUE,5.3,351,300
2685,2022/10/19 3:31,131.533057,47.08949083,5217301.681,464545.5534,5.63008,166.9,TRUE,5.3,353,300
2686,2022/10/19 3:31,131.5330842,47.08943517,5217295.481,464547.5817,5.40784,168.2,TRUE,5.3,354,300
2687,2022/10/19 3:31,131.5331142,47.08938433,5217289.815,464549.8258,6.019,160.9,TRUE,5.3,396,300
2688,2022/10/19 3:31,131.533158,47.08932133,5217282.792,464553.1097,7.55616,157.2,TRUE,5.3,349,300
2689,2022/10/19 3:31,131.5332072,47.0892515,5217275.006,464556.7991,7.83396,156.2,TRUE,5.3,358,300
2690,2022/10/19 3:31,131.5332528,47.08917517,5217266.5,464560.2109,6.77832,155.3,TRUE,5.3,394,300
2691,2022/10/19 3:31,131.5332917,47.08911467,5217259.756,464563.1244,7.25984,155.2,TRUE,5.3,358,300
2692,2022/10/19 3:31,131.533331,47.0890465,5217252.16,464566.0632,7.35244,155.7,TRUE,5.3,358,300
2693,2022/10/19 3:31,131.5333732,47.08898233,5217245.007,464569.2248,6.945,159.8,TRUE,5.3,356,300
2694,2022/10/19 3:31,131.5334187,47.0889195,5217238.001,464572.638,6.81536,162.7,TRUE,5.3,346,300
2695,2022/10/19 3:31,131.5334625,47.08884967,5217230.218,464575.9174,6.945,161.3,TRUE,5.3,366,300
2696,2022/10/19 3:31,131.5335173,47.08878483,5217222.985,464580.0353,6.53756,154.6,TRUE,5.3,289,300
2697,2022/10/19 3:31,131.5335545,47.088721,5217215.872,464582.8176,7.33392,159.4,TRUE,5.3,362,300
2698,2022/10/19 3:32,131.5336025,47.08865133,5217208.105,464586.4161,6.83388,159.7,TRUE,5.3,350,300
2699,2022/10/19 3:32,131.533643,47.08859617,5217201.954,464589.4547,6.40792,160.2,TRUE,5.3,370,300
2700,2022/10/19 3:32,131.5336768,47.0885425,5217195.972,464591.9855,6.46348,159.7,TRUE,5.3,400,300
2701,2022/10/19 3:32,131.533729,47.08847367,5217188.297,464595.9035,6.59312,155.6,TRUE,5.3,400,300
2702,2022/10/19 3:32,131.5337683,47.08840567,5217180.719,464598.8425,6.482,159,TRUE,5.3,101,300
2703,2022/10/19 3:32,131.5337782,47.0883525,5217174.804,464599.559,5.556,189.6,FALSE,5.3,0,300
2704,2022/10/19 3:32,131.5337697,47.08833817,5217173.214,464598.9041,1.50012,53.8,FALSE,5.3,0,300
2705,2022/10/19 3:32,131.5338352,47.088379,5217177.724,464603.9046,3.4262,71.4,FALSE,5.3,0,300
2706,2022/10/19 3:32,131.5338468,47.088384,5217178.275,464604.7887,2.16684,273.8,FALSE,5.3,0,300
2707,2022/10/19 3:32,131.5338002,47.08838117,5217177.981,464601.2484,4.7226,298.1,FALSE,5.3,0,300
2708,2022/10/19 3:32,131.5337837,47.088409,5217181.082,464600.014,1.389,15.4,TRUE,5.3,244,300
2709,2022/10/19 3:32,131.533776,47.088434,5217183.865,464599.4459,4.57444,346.6,TRUE,5.3,369,300
2710,2022/10/19 3:32,131.5337537,47.08847517,5217188.452,464597.78,6.14864,338.2,TRUE,5.3,396,300
2711,2022/10/19 3:32,131.5337153,47.08852867,5217194.417,464594.8997,6.03752,336.3,TRUE,5.3,398,300
2712,2022/10/19 3:32,131.533675,47.08858833,5217201.068,464591.8792,6.87092,340.3,TRUE,5.3,376,300
2713,2022/10/19 3:33,131.5336378,47.08864767,5217207.682,464589.094,7.1302,342,TRUE,5.3,400,300
2714,2022/10/19 3:33,131.5335977,47.08871383,5217215.055,464586.093,6.53756,341,TRUE,5.3,400,300
2715,2022/10/19 3:33,131.533555,47.0887785,5217222.264,464582.8937,6.31532,342,TRUE,5.3,400,300
2716,2022/10/19 3:33,131.533506,47.08885533,5217230.828,464579.2241,6.8524,342.7,TRUE,5.3,400,300
2717,2022/10/19 3:33,131.5334617,47.08892117,5217238.167,464575.9041,6.7598,340.6,TRUE,5.3,400,300
2718,2022/10/19 3:33,131.5334152,47.08898983,5217245.821,464572.4189,6.7598,336,TRUE,5.3,400,300
2719,2022/10/19 3:33,131.533368,47.08905733,5217253.347,464568.8797,6.6672,337.2,TRUE,5.3,400,300
2720,2022/10/19 3:33,131.5333082,47.08912333,5217260.711,464564.3829,6.1116,343.2,TRUE,5.3,400,300
2721,2022/10/19 3:33,131.5332762,47.08918233,5217267.285,464561.9923,6.50052,347.3,TRUE,5.3,400,300
2722,2022/10/19 3:33,131.5332443,47.08924967,5217274.786,464559.6149,6.42644,346.7,TRUE,5.3,377,300
2723,2022/10/19 3:33,131.5332255,47.08931,5217281.501,464558.2274,5.63008,359.1,TRUE,5.3,170,300
2724,2022/10/19 3:33,131.5332223,47.08936883,5217288.043,464558.0235,5.3708,57.1,FALSE,5.3,0,300
2725,2022/10/19 3:33,131.5332742,47.0893775,5217288.983,464561.9699,5.38932,100,FALSE,5.3,0,300
2726,2022/10/19 3:33,131.53332,47.08934583,5217285.442,464565.4265,6.1116,159.3,FALSE,5.3,0,300
2727,2022/10/19 3:33,131.5333013,47.0892955,5217279.855,464563.9732,5.8338,203.5,FALSE,5.3,0,300
2728,2022/10/19 3:34,131.5332817,47.0892415,5217273.861,464562.4492,5.87084,201.1,FALSE,5.3,0,300
2729,2022/10/19 3:34,131.5332492,47.089185,5217267.594,464559.944,6.64868,193.4,FALSE,5.3,0,300
2730,2022/10/19 3:34,131.5332688,47.08910833,5217259.062,464561.3814,6.05604,171.2,TRUE,5.3,257,300
2731,2022/10/19 3:34,131.5332845,47.08904833,5217252.384,464562.5337,5.6486,176.3,TRUE,5.3,355,300
2732,2022/10/19 3:34,131.5332727,47.08899367,5217246.313,464561.6015,6.13012,171.8,TRUE,5.3,368,300
2733,2022/10/19 3:34,131.5332823,47.088941,5217240.453,464562.2954,6.35236,170.1,TRUE,5.3,400,300
2734,2022/10/19 3:34,131.533314,47.0888805,5217233.713,464564.6623,6.59312,163.9,TRUE,5.3,400,300
2735,2022/10/19 3:34,131.5333468,47.088811,5217225.971,464567.1067,6.72276,168.3,TRUE,5.3,400,300
2736,2022/10/19 3:34,131.5333682,47.08874617,5217218.754,464568.6886,6.83388,158.7,TRUE,5.3,395,300
2737,2022/10/19 3:34,131.5334132,47.08868333,5217211.748,464572.0638,6.35236,158,TRUE,5.3,400,300
2738,2022/10/19 3:34,131.5334563,47.08862033,5217204.725,464575.2946,6.81536,154.1,TRUE,5.3,387,300
2739,2022/10/19 3:34,131.5334975,47.08855917,5217197.907,464578.3823,6.87092,156.4,TRUE,5.3,396,300
2740,2022/10/19 3:34,131.5335427,47.08849067,5217190.271,464581.769,7.11168,155.9,TRUE,5.3,374,300
2741,2022/10/19 3:34,131.5335895,47.088424,5217182.838,464585.2783,7.2228,157.5,TRUE,5.3,376,300
2742,2022/10/19 3:34,131.5336213,47.08836767,5217176.561,464587.6556,6.31532,156.9,TRUE,5.3,400,300
2743,2022/10/19 3:35,131.5336672,47.08830933,5217170.055,464591.1021,6.74128,162.4,TRUE,5.3,396,300
2744,2022/10/19 3:35,131.5337272,47.08822383,5217160.522,464595.6013,6.27828,155.7,TRUE,5.3,368,300
2745,2022/10/19 3:35,131.5337618,47.088185,5217156.19,464598.2027,0,0,FALSE,5.3,0,300
2746,2022/10/19 3:35,131.5337602,47.08819483,5217157.283,464598.0878,6.5746,328.7,FALSE,5.3,0,300
2747,2022/10/19 3:35,131.5337027,47.0882535,5217163.832,464593.7606,6.35236,322.2,FALSE,5.3,0,300
2748,2022/10/19 3:35,131.5336342,47.088285,5217167.365,464588.5803,5.75972,320.6,FALSE,5.3,0,300
2749,2022/10/19 3:35,131.5335547,47.088332,5217172.626,464582.5749,6.22272,325.2,FALSE,5.3,0,300
2750,2022/10/19 3:35,131.5334967,47.08839317,5217179.452,464578.2115,6.31532,342.1,FALSE,5.3,0,300
2751,2022/10/19 3:35,131.533484,47.08846333,5217187.258,464577.2937,6.70424,347.4,FALSE,5.3,0,300
2752,2022/10/19 3:35,131.533458,47.0885295,5217194.626,464575.3634,6.53756,346.2,FALSE,5.3,0,300
2753,2022/10/19 3:35,131.5334338,47.08858067,5217200.326,464573.5598,6.50052,349.9,FALSE,5.3,0,300
2754,2022/10/19 3:35,131.5334157,47.08864283,5217207.244,464572.2267,3.03728,333.8,FALSE,5.3,0,300
2755,2022/10/19 3:35,131.5334095,47.088652,5217208.267,464571.762,0,0,FALSE,5.3,0,300
2756,2022/10/19 3:35,131.5334182,47.08862083,5217204.797,464572.402,6.35236,173.4,TRUE,5.3,400,300
2757,2022/10/19 3:35,131.5334477,47.088554,5217197.354,464574.5976,6.3894,160.6,TRUE,0,360,300
2758,2022/10/19 3:36,131.5334713,47.0884835,5217189.506,464576.3428,6.2968,170.1,TRUE,0,397,300
2759,2022/10/19 3:36,131.5334983,47.08841617,5217182.009,464578.3483,6.5746,160.5,TRUE,5.3,396,300
2760,2022/10/19 3:36,131.5335327,47.08835133,5217174.785,464580.9173,6.87092,156.7,TRUE,5.3,400,300
2761,2022/10/19 3:36,131.5335863,47.08828717,5217167.628,464584.9446,6.7598,154.6,TRUE,5.3,400,300
2762,2022/10/19 3:36,131.5336217,47.08822167,5217160.33,464587.5892,7.1302,165.2,TRUE,5.3,394,300
2763,2022/10/19 3:36,131.533643,47.08816667,5217154.206,464589.17,6.24124,168,TRUE,5.3,400,300
2764,2022/10/19 3:36,131.5336463,47.088096,5217146.348,464589.3738,7.38948,175.4,TRUE,5.3,82,300
2765,2022/10/19 3:36,131.5336483,47.08803833,5217139.935,464589.4874,3.03728,243.6,FALSE,5.3,0,300
2766,2022/10/19 3:36,131.5336498,47.08803917,5217140.028,464589.6019,3.20396,39.7,FALSE,5.3,0,300
2767,2022/10/19 3:36,131.5337258,47.08806883,5217143.291,464595.3922,4.98188,78.9,FALSE,5.3,0,300
2768,2022/10/19 3:36,131.5337775,47.08806317,5217142.638,464599.3141,1.31492,292.4,FALSE,5.3,0,300
2769,2022/10/19 3:36,131.5337535,47.08806283,5217142.612,464597.4916,6.87092,288.5,FALSE,5.3,0,300
2770,2022/10/19 3:36,131.5337117,47.08808983,5217145.632,464594.3355,5.16708,339.4,TRUE,5.3,230,300
2771,2022/10/19 3:36,131.5337037,47.088117,5217148.656,464593.7461,1.4816,23,TRUE,5.3,233,300
2772,2022/10/19 3:36,131.5336863,47.08815767,5217153.186,464592.4519,4.8152,340.5,TRUE,5.3,400,300
2773,2022/10/19 3:37,131.533656,47.0882065,5217158.628,464590.1835,4.01884,351.5,TRUE,5.3,400,300
2774,2022/10/19 3:37,131.5336257,47.0882605,5217164.645,464587.9186,4.22256,355.8,TRUE,5.3,400,300
2775,2022/10/19 3:37,131.5336,47.08831333,5217170.53,464586.0022,5.68564,346.6,TRUE,5.3,400,300
2776,2022/10/19 3:37,131.5335788,47.08836017,5217175.747,464584.4235,5.94492,353.8,TRUE,5.3,400,300
2777,2022/10/19 3:37,131.5335782,47.08841567,5217181.917,464584.4148,6.61164,347.4,TRUE,5.3,400,300
2778,2022/10/19 3:37,131.5335438,47.0884865,5217189.807,464581.8497,6.51904,351.1,TRUE,5.3,400,300
2779,2022/10/19 3:37,131.5335078,47.0885655,5217198.606,464579.1686,7.2228,346.2,TRUE,5.3,400,300
2780,2022/10/19 3:37,131.5334657,47.08863667,5217206.537,464576.0191,6.92648,350.7,TRUE,5.3,400,300
2781,2022/10/19 3:37,131.5334415,47.088707,5217214.367,464574.2283,6.70424,348.5,TRUE,5.3,400,300
2782,2022/10/19 3:37,131.5333988,47.08878433,5217222.983,464571.0373,7.00056,345.9,TRUE,5.3,400,300
2783,2022/10/19 3:37,131.5333677,47.08885317,5217230.65,464568.7216,6.53756,348.7,TRUE,5.3,400,300
2784,2022/10/19 3:37,131.533343,47.08891667,5217237.721,464566.8882,6.70424,346,TRUE,5.3,400,300
2785,2022/10/19 3:37,131.5333055,47.08899233,5217246.149,464564.0911,7.1302,347.5,TRUE,5.3,400,300
2786,2022/10/19 3:37,131.5332718,47.08906033,5217253.724,464561.5773,7.07464,347.5,TRUE,5.3,400,300
2787,2022/10/19 3:37,131.5332447,47.08912967,5217261.445,464559.5656,7.07464,352.9,TRUE,5.3,400,300
2788,2022/10/19 3:38,131.533215,47.08919933,5217269.203,464557.3568,7.18576,347.6,TRUE,5.3,400,300
2789,2022/10/19 3:38,131.5331833,47.089266,5217276.629,464554.994,6.50052,349.3,TRUE,5.3,400,300
2790,2022/10/19 3:38,131.5331392,47.08933717,5217284.561,464551.6928,6.74128,347,TRUE,5.3,400,300
2791,2022/10/19 3:38,131.5331097,47.08940667,5217292.301,464549.499,6.33384,346.7,TRUE,5.3,400,300
2792,2022/10/19 3:38,131.5330807,47.089482,5217300.689,464547.347,6.51904,345.8,TRUE,5.3,400,300
2793,2022/10/19 3:38,131.5330457,47.08954433,5217307.634,464544.7309,6.13012,347,TRUE,5.3,400,300
2794,2022/10/19 3:38,131.5330128,47.08961267,5217315.246,464542.2782,7.29688,346.5,TRUE,5.3,400,300
2795,2022/10/19 3:38,131.5329938,47.08968067,5217322.815,464540.8807,6.3894,349.7,TRUE,5.3,400,300
2796,2022/10/19 3:38,131.5329652,47.08974833,5217330.35,464538.754,6.70424,345.1,TRUE,5.3,400,300
2797,2022/10/19 3:38,131.5329347,47.08982,5217338.331,464536.4858,7.14872,344.4,TRUE,5.3,400,300
2798,2022/10/19 3:38,131.5329002,47.08989283,5217346.443,464533.9146,6.74128,345.3,TRUE,5.3,400,300
2799,2022/10/19 3:38,131.5328758,47.089958,5217353.7,464532.1052,7.79692,348.1,TRUE,5.3,400,300
2800,2022/10/19 3:38,131.532859,47.09002217,5217360.841,464530.8722,6.50052,345.7,TRUE,5.3,400,300
2801,2022/10/19 3:38,131.5328347,47.09009283,5217368.708,464529.0741,7.20428,340.2,TRUE,5.3,400,300
2802,2022/10/19 3:38,131.5328005,47.09016283,5217376.505,464526.5239,6.2968,347.6,TRUE,5.3,400,300
2803,2022/10/19 3:39,131.5327643,47.09024133,5217385.249,464523.8274,7.14872,348,TRUE,5.3,400,300
2804,2022/10/19 3:39,131.532728,47.09032167,5217394.197,464521.1246,8.20436,350.2,TRUE,5.3,400,300
2805,2022/10/19 3:39,131.5326995,47.09039683,5217402.565,464519.0106,7.51912,344.5,TRUE,5.3,400,300
2806,2022/10/19 3:39,131.5326753,47.090464,5217410.044,464517.2177,6.87092,338.3,TRUE,5.3,400,300
2807,2022/10/19 3:39,131.5326547,47.090533,5217417.724,464515.6994,7.07464,346.7,TRUE,5.3,400,300
2808,2022/10/19 3:39,131.5326225,47.0906025,5217425.465,464513.3008,7.18576,345.2,TRUE,5.3,400,300
2809,2022/10/19 3:39,131.5325785,47.0906745,5217433.489,464510.0078,6.70424,351.5,TRUE,5.3,400,300
2810,2022/10/19 3:39,131.53256,47.09073983,5217440.761,464508.6465,6.24124,347.2,TRUE,5.3,400,300
2811,2022/10/19 3:39,131.5325318,47.0908045,5217447.963,464506.5484,5.63008,351.6,TRUE,5.3,400,300
2812,2022/10/19 3:39,131.532487,47.090879,5217456.266,464503.1963,6.945,347.1,TRUE,5.3,400,300
2813,2022/10/19 3:39,131.5324637,47.09095,5217464.169,464501.4744,7.05612,345,TRUE,5.3,400,300
2814,2022/10/19 3:39,131.5324348,47.0910175,5217471.687,464499.325,7.33392,345.5,TRUE,5.3,400,300
2815,2022/10/19 3:39,131.5323988,47.09108917,5217479.671,464496.6393,7.38948,346.7,TRUE,5.3,400,300
2816,2022/10/19 3:39,131.5323763,47.0911595,5217487.5,464494.9777,7.64876,351.9,TRUE,5.3,400,300
2817,2022/10/19 3:39,131.5323437,47.09122633,5217494.944,464492.5469,6.53756,346.9,TRUE,5.3,400,300
2818,2022/10/19 3:40,131.532315,47.0913005,5217503.203,464490.4171,7.44504,348.5,TRUE,5.3,400,300
2819,2022/10/19 3:40,131.53228,47.09137,5217510.945,464487.8059,5.85232,353.3,TRUE,5.3,400,300
2820,2022/10/19 3:40,131.5322458,47.09143967,5217518.706,464485.2555,6.92648,346.8,TRUE,5.3,400,300
2821,2022/10/19 3:40,131.5322208,47.09150933,5217526.462,464483.4037,6.92648,344.9,TRUE,5.3,400,300
2822,2022/10/19 3:40,131.5321913,47.0915805,5217534.387,464481.2112,7.0376,342.1,TRUE,5.3,400,300
2823,2022/10/19 3:40,131.5321593,47.09164783,5217541.887,464478.8263,7.18576,349.1,TRUE,5.3,400,300
2824,2022/10/19 3:40,131.5321378,47.09172167,5217550.106,464477.243,8.07472,350.1,TRUE,5.3,400,300
2825,2022/10/19 3:40,131.5321038,47.09179617,5217558.404,464474.7111,7.55616,337.3,TRUE,5.3,400,300
2826,2022/10/19 3:40,131.5320648,47.09187033,5217566.666,464471.7993,7.408,348,TRUE,5.3,400,300
2827,2022/10/19 3:40,131.5320572,47.09193483,5217573.84,464471.2652,7.24132,348,TRUE,5.3,400,300
2828,2022/10/19 3:40,131.5320273,47.092004,5217581.543,464469.041,6.44496,351.1,TRUE,5.3,400,300
2829,2022/10/19 3:40,131.5319865,47.092075,5217589.455,464465.9905,7.20428,345.2,TRUE,5.3,400,300
2830,2022/10/19 3:40,131.5319443,47.09214717,5217597.498,464462.8345,7.07464,351.3,TRUE,5.3,400,300
2831,2022/10/19 3:40,131.5319098,47.09222133,5217605.758,464460.2644,7.09316,350.5,TRUE,5.3,400,300
2832,2022/10/19 3:40,131.5318778,47.09229683,5217614.166,464457.885,6.945,351.4,TRUE,5.3,400,300
2833,2022/10/19 3:41,131.5318448,47.09236517,5217621.778,464455.425,6.945,339.1,TRUE,5.3,395,300
2834,2022/10/19 3:41,131.5318302,47.092424,5217628.325,464454.3556,5.81528,350.7,TRUE,5.3,400,300
2835,2022/10/19 3:41,131.5318065,47.0924865,5217635.284,464452.5978,5.16708,352.7,TRUE,5.3,397,300
2836,2022/10/19 3:41,131.5317743,47.09254567,5217641.877,464450.1924,6.5746,342.5,TRUE,5.3,400,300
2837,2022/10/19 3:41,131.5317428,47.09261367,5217649.451,464447.8461,5.42636,352.5,TRUE,5.3,400,300
2838,2022/10/19 3:41,131.5317278,47.09266617,5217655.294,464446.7421,5.61156,348.9,TRUE,5.3,400,300
2839,2022/10/19 3:41,131.5317113,47.092694,5217658.396,464445.5079,0,0,FALSE,5.3,0,300
2840,2022/10/19 3:41,131.5317103,47.09269683,5217658.711,464445.4339,0,0,FALSE,5.3,0,300
2841,2022/10/19 3:41,131.5317075,47.09269833,5217658.879,464445.2223,0,0,FALSE,5.3,0,300
2842,2022/10/19 3:41,131.5317052,47.0926985,5217658.899,464445.0478,0,0,FALSE,5.3,0,300
2843,2022/10/19 3:41,131.5317033,47.09269917,5217658.974,464444.9039,0,0,FALSE,5.3,0,300
2844,2022/10/19 3:41,131.531702,47.0927015,5217659.234,464444.8068,0,0,FALSE,5.3,0,300
2845,2022/10/19 3:41,131.5317015,47.09270367,5217659.475,464444.7703,0,0,FALSE,5.3,0,300
2846,2022/10/19 3:41,131.531701,47.09270533,5217659.66,464444.7334,0,0,FALSE,5.3,0,300
2847,2022/10/19 3:41,131.5316888,47.09273767,5217663.261,464443.8287,3.37064,339.9,TRUE,5.3,400,300
2848,2022/10/19 3:42,131.5316753,47.09277283,5217667.176,464442.8271,3.75956,350.9,TRUE,5.3,400,300
2849,2022/10/19 3:42,131.5316587,47.09281567,5217671.946,464441.5953,4.9078,351.9,TRUE,5.3,400,300
2850,2022/10/19 3:42,131.5316417,47.092869,5217677.883,464440.3401,5.38932,347.4,TRUE,5.3,400,300
2851,2022/10/19 3:42,131.5316195,47.09292483,5217684.099,464438.6917,4.75964,346.3,TRUE,5.3,400,300
2852,2022/10/19 3:42,131.5315972,47.0929745,5217689.632,464437.0317,5.01892,348.3,TRUE,5.3,400,300
2853,2022/10/19 3:42,131.5315752,47.0930215,5217694.867,464435.3927,4.98188,342.7,TRUE,5.3,400,300
2854,2022/10/19 3:42,131.5315603,47.09306967,5217700.229,464434.2935,4.75964,347.8,TRUE,5.3,400,300
2855,2022/10/19 3:42,131.5315432,47.09312117,5217705.962,464433.0295,4.77816,344.1,TRUE,5.3,400,300
2856,2022/10/19 3:42,131.5315122,47.09318,5217712.516,464430.715,4.66704,347.7,TRUE,5.3,400,300
2857,2022/10/19 3:42,131.5314935,47.09322667,5217717.713,464429.3263,5.16708,346.9,TRUE,5.3,400,300
2858,2022/10/19 3:42,131.5314698,47.09327267,5217722.838,464427.5575,4.74112,352.6,TRUE,5.3,400,300
2859,2022/10/19 3:42,131.5314463,47.09331683,5217727.758,464425.8028,5.07448,344.7,TRUE,5.3,400,300
2860,2022/10/19 3:42,131.5314332,47.09336467,5217733.082,464424.84,4.96336,342.9,TRUE,5.3,396,300
2861,2022/10/19 3:42,131.5314083,47.09341883,5217739.115,464422.9856,5.8338,344.9,TRUE,5.3,394,300
2862,2022/10/19 3:42,131.5313772,47.09347583,5217745.466,464420.6624,5.25968,350.4,TRUE,5.3,400,300
2863,2022/10/19 3:43,131.531346,47.0935375,5217752.336,464418.3346,5.66712,346,TRUE,5.3,400,300
2864,2022/10/19 3:43,131.5313298,47.09359767,5217759.032,464417.1448,5.81528,339.8,TRUE,5.3,400,300
2865,2022/10/19 3:43,131.5313025,47.093655,5217765.418,464415.1103,5.96344,343.2,TRUE,5.3,400,300
2866,2022/10/19 3:43,131.5312748,47.09371,5217771.545,464413.0438,5.85232,346.4,TRUE,5.3,398,300
2867,2022/10/19 3:43,131.531255,47.0937645,5217777.613,464411.5769,5.0004,345.4,TRUE,5.3,376,300
2868,2022/10/19 3:43,131.5312395,47.09381517,5217783.253,464410.4338,5.63008,346.4,TRUE,5.3,400,300
2869,2022/10/19 3:43,131.5312202,47.09387267,5217789.655,464409.0068,5.90788,347,TRUE,5.3,396,300
2870,2022/10/19 3:43,131.531202,47.09392667,5217795.666,464407.661,5.98196,346.2,TRUE,5.3,400,300
2871,2022/10/19 3:43,131.5311747,47.09398283,5217801.922,464405.6258,6.019,345.9,TRUE,5.3,400,300
2872,2022/10/19 3:43,131.5311493,47.09403917,5217808.197,464403.7349,5.79676,345.1,TRUE,5.3,400,300
2873,2022/10/19 3:43,131.5311272,47.094099,5217814.859,464402.0969,5.90788,340,TRUE,5.3,400,300
2874,2022/10/19 3:43,131.5311048,47.09414933,5217820.464,464400.4297,6.2968,349.6,TRUE,5.3,400,300
2875,2022/10/19 3:43,131.5310845,47.09419733,5217825.81,464398.9205,5.51896,346.2,TRUE,5.3,400,300
2876,2022/10/19 3:43,131.5310628,47.09425,5217831.675,464397.3081,5.3708,352.4,TRUE,5.3,376,300
2877,2022/10/19 3:43,131.5310358,47.09431233,5217838.617,464395.2998,7.63024,346.9,TRUE,5.3,390,300
2878,2022/10/19 3:44,131.531002,47.0943825,5217846.433,464392.7804,7.408,347.3,TRUE,5.3,400,300
2879,2022/10/19 3:44,131.5309762,47.09445533,5217854.541,464390.8701,7.75988,345.7,TRUE,5.3,400,300
2880,2022/10/19 3:44,131.5309462,47.09452517,5217862.319,464388.6391,6.64868,349.1,TRUE,5.3,374,300
2881,2022/10/19 3:44,131.5309148,47.09459217,5217869.782,464386.2998,7.09316,348.3,TRUE,5.3,400,300
2882,2022/10/19 3:44,131.5308863,47.09465817,5217877.133,464384.18,6.53756,348.8,TRUE,5.3,400,300
2883,2022/10/19 3:44,131.530851,47.09473117,5217885.264,464381.5487,6.83388,348.7,TRUE,5.3,400,300
2884,2022/10/19 3:44,131.5308278,47.0947985,5217892.76,464379.8322,6.83388,347.3,TRUE,5.3,400,300
2885,2022/10/19 3:44,131.5307938,47.09486467,5217900.132,464377.295,6.40792,356.5,TRUE,5.3,400,300
2886,2022/10/19 3:44,131.5307708,47.09492717,5217907.091,464375.5905,6.945,349.5,TRUE,5.3,400,300
2887,2022/10/19 3:44,131.5307493,47.09498717,5217913.771,464373.9982,7.37096,344.9,TRUE,5.3,352,300
2888,2022/10/19 3:44,131.5307227,47.09505183,5217920.971,464372.0218,6.35236,346.5,TRUE,5.3,400,300
2889,2022/10/19 3:44,131.5306932,47.09511933,5217928.489,464369.8272,5.7412,342.9,TRUE,5.3,374,300
2890,2022/10/19 3:44,131.5306667,47.09518533,5217935.838,464367.8593,6.98204,346.5,TRUE,5.3,400,300
2891,2022/10/19 3:44,131.5306405,47.0952555,5217943.651,464365.917,7.07464,347.8,TRUE,5.3,400,300
2892,2022/10/19 3:44,131.530603,47.095323,5217951.172,464363.115,8.00064,343,TRUE,5.3,297,300
2893,2022/10/19 3:45,131.5305722,47.09538967,5217958.598,464360.8212,6.1116,336.9,TRUE,5.3,367,300
2894,2022/10/19 3:45,131.5305495,47.09545217,5217965.557,464359.1395,6.24124,343,TRUE,5.3,367,300
2895,2022/10/19 3:45,131.5305203,47.09551283,5217972.314,464356.9631,5.7412,339.7,TRUE,5.3,400,300
2896,2022/10/19 3:45,131.5304863,47.09557917,5217979.705,464354.4261,6.98204,337.2,TRUE,5.3,400,300
2897,2022/10/19 3:45,131.5304612,47.0956415,5217986.645,464352.5621,5.44488,347.4,TRUE,5.3,400,300
2898,2022/10/19 3:45,131.5304337,47.09570183,5217993.365,464350.5145,6.14864,339.2,TRUE,5.3,400,300
2899,2022/10/19 3:45,131.5304032,47.09576,5217999.846,464348.2378,6.42644,349.9,TRUE,5.3,400,300
2900,2022/10/19 3:45,131.5303942,47.09582567,5218007.151,464347.5984,6.90796,343.2,TRUE,5.3,358,300
2901,2022/10/19 3:45,131.5303692,47.0958915,5218014.48,464345.7443,6.63016,346.3,TRUE,5.3,375,300
2902,2022/10/19 3:45,131.5303368,47.09595767,5218021.852,464343.3287,7.53764,352.3,TRUE,5.3,400,300
2903,2022/10/19 3:45,131.530304,47.09602017,5218028.815,464340.8802,7.74136,322.4,TRUE,5.3,396,300
2904,2022/10/19 3:45,131.5302753,47.096085,5218036.035,464338.7446,5.59304,347.5,TRUE,5.3,400,300
2905,2022/10/19 3:45,131.5302548,47.096175,5218046.05,464337.2484,7.33392,338.9,TRUE,5.3,395,300
2906,2022/10/19 3:45,131.530223,47.09624583,5218053.939,464334.8814,6.482,348.2,TRUE,5.3,400,300
2907,2022/10/19 3:45,131.5301918,47.09629467,5218059.383,464332.5454,4.9078,345.8,TRUE,5.3,400,300
2908,2022/10/19 3:46,131.5301678,47.09633783,5218064.192,464330.7521,4.87076,335.7,TRUE,5.3,232,300
2909,2022/10/19 3:46,131.5301788,47.096377,5218068.542,464331.6134,5.13004,33.5,FALSE,5.3,0,300
2910,2022/10/19 3:46,131.5302075,47.09640867,5218072.049,464333.8134,1.35196,79.7,FALSE,5.3,0,300
2911,2022/10/19 3:46,131.5301933,47.0964205,5218073.371,464332.7433,5.05596,69,FALSE,5.3,0,300
2912,2022/10/19 3:46,131.5302688,47.09645083,5218076.708,464338.4954,5.57452,40.2,FALSE,5.3,0,300
2913,2022/10/19 3:46,131.5303252,47.09649217,5218081.278,464342.8048,4.11144,53.7,FALSE,5.3,0,300
2914,2022/10/19 3:46,131.5303728,47.09652483,5218084.888,464346.4404,5.87084,54.9,FALSE,5.3,0,300
2915,2022/10/19 3:46,131.5304555,47.09655233,5218087.907,464352.7372,7.2228,78.6,FALSE,5.3,0,300
2916,2022/10/19 3:46,131.530534,47.09658483,5218091.485,464358.7185,6.63016,68.5,FALSE,5.3,0,300
2917,2022/10/19 3:46,131.5306313,47.09661517,5218094.813,464366.1256,7.51912,65.4,FALSE,5.3,0,300
2918,2022/10/19 3:46,131.5307255,47.0966415,5218097.697,464373.2947,7.94508,69,FALSE,5.3,0,300
3254,2022/10/19 5:29,131.5306828,47.09672017,5218106.463,464370.1055,3.09284,240,TRUE,5.3,400,300
3255,2022/10/19 5:29,131.5306187,47.096704,5218104.694,464365.2283,4.40776,259.1,TRUE,5.3,359,300
3256,2022/10/19 5:29,131.5305453,47.096681,5218102.171,464359.6405,3.09284,267.3,TRUE,5.3,400,300
3257,2022/10/19 5:29,131.5304875,47.09665833,5218099.677,464355.2373,2.6854,240.8,TRUE,5.3,400,300
3258,2022/10/19 5:29,131.530431,47.096635,5218097.109,464350.9324,3.94476,255,TRUE,5.3,376,300
3259,2022/10/19 5:29,131.5303652,47.0966215,5218095.638,464345.9279,3.62992,235.9,TRUE,5.3,400,300
3260,2022/10/19 5:29,131.5302957,47.09660183,5218093.483,464340.6384,3.241,251.8,TRUE,5.3,364,300
3261,2022/10/19 5:29,131.5302268,47.09659033,5218092.236,464335.4,3.77808,239.6,TRUE,5.3,400,300
3262,2022/10/19 5:30,131.530154,47.096556,5218088.453,464329.8502,3.48176,254.2,TRUE,5.3,400,300
3263,2022/10/19 5:30,131.530109,47.0965485,5218087.639,464326.4288,3.64844,258.8,TRUE,5.3,400,300
3264,2022/10/19 5:30,131.5300472,47.0965475,5218087.556,464321.7364,4.48184,268.9,TRUE,5.3,400,300
3265,2022/10/19 5:30,131.5300443,47.0965545,5218088.336,464321.5209,4.20404,92.1,TRUE,5.3,400,300
3266,2022/10/19 5:30,131.5301113,47.096537,5218086.36,464326.5957,5.85232,122.3,FALSE,5.3,0,300
3267,2022/10/19 5:30,131.5301635,47.09647033,5218078.924,464330.5142,0.8334,133.1,FALSE,5.3,0,300
3268,2022/10/19 5:30,131.5301563,47.096434,5218074.889,464329.9433,1.40752,63.7,FALSE,5.3,0,300
3269,2022/10/19 5:30,131.5301485,47.09644083,5218075.651,464329.3557,3.00024,21,FALSE,5.3,0,300
3270,2022/10/19 5:30,131.5301508,47.09644817,5218076.466,464329.5352,0.75932,48.4,FALSE,5.3,0,300
3271,2022/10/19 5:30,131.530144,47.09644733,5218076.376,464329.0184,0,0,FALSE,5.3,0,300
3272,2022/10/19 5:30,131.5301523,47.09644783,5218076.428,464329.6489,4.74112,58.5,TRUE,5.3,400,300
3273,2022/10/19 5:30,131.5302092,47.09646267,5218078.052,464333.9785,4.48184,71.4,TRUE,5.3,400,300
3274,2022/10/19 5:30,131.530265,47.09648767,5218080.806,464338.2315,4.40776,37.8,TRUE,5.3,364,300
3275,2022/10/19 5:30,131.5303313,47.09650767,5218082.999,464343.2783,5.01892,66.1,TRUE,5.3,393,300
3276,2022/10/19 5:30,131.5303943,47.096511,5218083.34,464348.0634,4.64852,65.2,TRUE,5.3,377,300
3277,2022/10/19 5:31,131.5304533,47.096535,5218085.982,464352.5586,4.64852,72.5,TRUE,5.3,354,300
3278,2022/10/19 5:31,131.5305265,47.09655617,5218088.302,464358.13,3.7966,72.7,TRUE,5.3,365,300
3279,2022/10/19 5:31,131.530583,47.09657617,5218090.499,464362.4327,4.75964,68.6,TRUE,5.3,389,300
3280,2022/10/19 5:31,131.5306488,47.0965875,5218091.729,464367.4357,3.92624,68.5,TRUE,5.3,286,300
3281,2022/10/19 5:31,131.5307062,47.09661183,5218094.408,464371.8097,4.70408,62.7,TRUE,5.3,400,300
3282,2022/10/19 5:31,131.5307698,47.09662767,5218096.14,464376.6487,3.90772,77.2,TRUE,5.3,393,300
