序列号,GPS时间,经度,纬度,x,y,速度(km/h),航向,工作状态,幅宽(m),深度(mm),深度标准值
1,2016/10/11 21:15,130.6102292,46.32615683,5133278.617,392978.5418,7.0376,308.6,FALSE,4.2,0,300
2,2016/10/11 21:15,130.6101558,46.32623317,5133287.202,392973.0431,7.408,312.1,TRUE,4.2,500,300
3,2016/10/11 21:15,130.6100792,46.32628267,5133292.807,392967.2364,7.5932,311.6,TRUE,4.2,500,300
4,2016/10/11 21:15,130.609986,46.32633317,5133298.547,392960.1603,7.9636,311.1,TRUE,4.2,500,300
5,2016/10/11 21:15,130.6099003,46.3263815,5133304.035,392953.6575,7.9636,307.1,TRUE,4.2,500,300
6,2016/10/11 21:15,130.6098135,46.32643417,5133310.007,392947.0739,7.9636,308.1,TRUE,4.2,500,300
7,2016/10/11 21:15,130.6097275,46.3264875,5133316.051,392940.5555,7.408,308.6,TRUE,4.2,500,300
8,2016/10/11 21:15,130.609655,46.32653167,5133321.059,392935.0588,7.408,314.1,TRUE,4.2,500,300
9,2016/10/11 21:15,130.6095855,46.32657267,5133325.71,392929.7869,6.482,312,TRUE,4.2,500,300
10,2016/10/11 21:15,130.6095652,46.326598,5133328.553,392928.2708,3.5188,343.9,FALSE,4.2,0,300
11,2016/10/11 21:15,130.6095603,46.32663483,5133332.653,392927.97,3.5188,15.9,FALSE,4.2,0,300
12,2016/10/11 21:15,130.6095858,46.3266735,5133336.917,392930.0091,3.704,30.4,FALSE,4.2,0,300
13,2016/10/11 21:15,130.6096242,46.326697,5133339.478,392933.0073,2.4076,53.2,FALSE,4.2,0,300
14,2016/10/11 21:15,130.609678,46.32669267,5133338.924,392937.1441,3.8892,107,FALSE,4.2,0,300
15,2016/10/11 21:15,130.6097387,46.32666583,5133335.858,392941.7636,5.9264,125,TRUE,4.2,500,300
16,2016/10/11 21:16,130.6098158,46.32661583,5133330.196,392947.6078,7.5932,133.8,TRUE,4.2,500,300
17,2016/10/11 21:16,130.609892,46.3265705,5133325.054,392953.3848,6.8524,130,TRUE,4.2,500,300
18,2016/10/11 21:16,130.6099593,46.32652967,5133320.425,392958.4899,6.2968,136.6,TRUE,4.2,500,300
19,2016/10/11 21:16,130.6100297,46.32649183,5133316.124,392963.8327,6.2968,128.1,TRUE,4.2,500,300
20,2016/10/11 21:16,130.6101053,46.326447,5133311.038,392969.5715,7.0376,128.3,TRUE,4.2,500,300
21,2016/10/11 21:16,130.61019,46.32640033,5133305.736,392976.0005,7.778399,131.4,TRUE,4.2,500,300
22,2016/10/11 21:16,130.6102782,46.32634767,5133299.764,392982.6873,7.9636,133.2,TRUE,4.2,500,300
23,2016/10/11 21:16,130.6103693,46.326295,5133293.786,392989.6044,7.5932,125.2,TRUE,4.2,500,300
24,2016/10/11 21:16,130.610456,46.32624683,5133288.314,392996.1846,8.1488,132.6,TRUE,4.2,500,300
25,2016/10/11 21:16,130.6105443,46.3261935,5133282.267,393002.8825,7.778399,135.6,TRUE,4.2,500,300
26,2016/10/11 21:16,130.6106295,46.32614,5133276.205,393009.3368,7.408,134.7,TRUE,4.2,500,300
27,2016/10/11 21:16,130.6107205,46.3260915,5133270.691,393016.2497,7.778399,132.5,TRUE,4.2,500,300
28,2016/10/11 21:16,130.61081,46.326044,5133265.29,393023.0492,7.778399,128.6,TRUE,4.2,500,300
29,2016/10/11 21:16,130.6108953,46.32599933,5133260.21,393029.533,6.482,134.1,TRUE,4.2,500,300
30,2016/10/11 21:16,130.610985,46.32594817,5133254.402,393036.3384,8.519199,130.6,TRUE,4.2,500,300
31,2016/10/11 21:17,130.6110728,46.32589467,5133248.336,393042.9976,7.778399,133.1,TRUE,4.2,500,300
32,2016/10/11 21:17,130.6111598,46.32585383,5133243.679,393049.6175,7.5932,124.5,TRUE,4.2,500,300
33,2016/10/11 21:17,130.6112505,46.325801,5133237.685,393056.4967,8.7044,136.8,TRUE,4.2,500,300
34,2016/10/11 21:17,130.6113408,46.32574467,5133231.301,393063.3429,8.334,129.7,TRUE,4.2,500,300
35,2016/10/11 21:17,130.6114337,46.32569267,5133225.396,393070.3908,8.334,127.6,TRUE,4.2,500,300
36,2016/10/11 21:17,130.611527,46.32563583,5133218.952,393077.4671,8.7044,129.6,TRUE,4.2,500,300
37,2016/10/11 21:17,130.6116228,46.32558467,5133213.135,393084.747,7.5932,128.9,TRUE,4.2,500,300
38,2016/10/11 21:17,130.6117043,46.3255375,5133207.782,393090.9311,7.2228,130.6,TRUE,4.2,500,300
39,2016/10/11 21:17,130.6117858,46.32549183,5133202.596,393097.1182,7.408,129.6,TRUE,4.2,500,300
40,2016/10/11 21:17,130.6118738,46.32543683,5133196.363,393103.7876,8.7044,135.8,TRUE,4.2,500,300
41,2016/10/11 21:17,130.611963,46.3253825,5133190.204,393110.5485,8.1488,130.9,TRUE,4.2,500,300
42,2016/10/11 21:17,130.6120553,46.32533017,5133184.262,393117.5566,7.0376,130.2,TRUE,4.2,500,300
43,2016/10/11 21:17,130.6121383,46.32528633,5133179.277,393123.8628,7.5932,130.7,TRUE,4.2,500,300
44,2016/10/11 21:17,130.6122227,46.325231,5133173.013,393130.2498,9.6304,130.8,TRUE,4.2,500,300
45,2016/10/11 21:17,130.6123117,46.32518,5133167.224,393137.0041,6.8524,127.9,TRUE,4.2,500,300
46,2016/10/11 21:18,130.612398,46.32513333,5133161.92,393143.5613,6.8524,125.5,TRUE,4.2,500,300
47,2016/10/11 21:18,130.6124783,46.32508383,5133156.309,393149.6509,8.519199,130.6,TRUE,4.2,500,300
48,2016/10/11 21:18,130.6125628,46.325032,5133150.434,393156.0571,8.7044,132.2,TRUE,4.2,500,300
49,2016/10/11 21:18,130.6126527,46.32497367,5133143.829,393162.8618,9.0748,132.1,TRUE,4.2,500,300
50,2016/10/11 21:18,130.6127498,46.324919,5133137.621,393170.2375,8.1488,130.2,TRUE,4.2,500,300
51,2016/10/11 21:18,130.6128498,46.32485833,5133130.743,393177.8201,9.26,134.6,TRUE,4.2,500,300
52,2016/10/11 21:18,130.6129478,46.32479983,5133124.108,393185.253,8.1488,130.9,TRUE,4.2,500,300
53,2016/10/11 21:18,130.6130342,46.3247455,5133117.952,393191.7961,8.7044,127.5,TRUE,4.2,500,300
54,2016/10/11 21:18,130.6131315,46.32469333,5133112.022,393199.1897,8.519199,126.6,TRUE,4.2,500,300
55,2016/10/11 21:18,130.6132182,46.32463933,5133105.903,393205.7589,8.519199,131.5,TRUE,4.2,500,300
56,2016/10/11 21:18,130.6133072,46.32458867,5133100.152,393212.514,7.778399,128.3,TRUE,4.2,500,300
57,2016/10/11 21:18,130.6133985,46.32452983,5133093.488,393219.4327,7.9636,133.8,TRUE,4.2,500,300
58,2016/10/11 21:18,130.6134927,46.3244765,5133087.433,393226.5807,9.4452,131.1,TRUE,4.2,500,300
59,2016/10/11 21:18,130.613587,46.32442217,5133081.267,393233.7392,8.1488,132.9,TRUE,4.2,500,300
60,2016/10/11 21:18,130.613677,46.32437283,5133075.661,393240.574,8.1488,130.2,TRUE,4.2,500,300
61,2016/10/11 21:19,130.6137695,46.3243195,5133069.608,393247.5935,8.334,131.4,TRUE,4.2,500,300
62,2016/10/11 21:19,130.6138605,46.32427033,5133064.02,393254.5056,8.334,127.9,TRUE,4.2,500,300
63,2016/10/11 21:19,130.6139475,46.324217,5133057.975,393261.1016,7.9636,129.5,TRUE,4.2,500,300
64,2016/10/11 21:19,130.6140388,46.32416367,5133051.924,393268.0311,8.1488,129.4,TRUE,4.2,500,300
65,2016/10/11 21:19,130.614126,46.32411233,5133046.1,393274.6441,7.778399,128.1,TRUE,4.2,500,300
66,2016/10/11 21:19,130.6142183,46.32406033,5133040.195,393281.6532,8.1488,128.6,TRUE,4.2,500,300
67,2016/10/11 21:19,130.6143925,46.3239585,5133028.641,393294.8678,6.6672,129.9,TRUE,4.2,500,300
68,2016/10/11 21:19,130.6144865,46.323901,5133022.123,393301.9948,8.889601,133.2,TRUE,4.2,500,300
69,2016/10/11 21:19,130.6145747,46.32384833,5133016.15,393308.6823,8.334,128.1,TRUE,4.2,500,300
70,2016/10/11 21:19,130.6146597,46.3238,5133010.663,393315.1341,8.1488,128.5,TRUE,4.2,500,300
71,2016/10/11 21:19,130.6147543,46.32374767,5133004.719,393322.3221,8.7044,130.5,TRUE,4.2,500,300
72,2016/10/11 21:19,130.6148585,46.32369083,5132998.261,393330.2336,9.6304,131.1,TRUE,4.2,500,300
73,2016/10/11 21:19,130.614964,46.32363483,5132991.894,393338.2492,8.7044,127,TRUE,4.2,500,300
74,2016/10/11 21:19,130.6150578,46.323584,5132986.117,393345.3762,8.334,133.7,TRUE,4.2,500,300
75,2016/10/11 21:20,130.6151632,46.32352733,5132979.676,393353.3783,9.8156,130.6,TRUE,4.2,500,300
76,2016/10/11 21:20,130.6152678,46.32347167,5132973.348,393361.3299,9.6304,131.1,TRUE,4.2,500,300
77,2016/10/11 21:20,130.6153688,46.3234115,5132966.524,393368.991,9.6304,133,TRUE,4.2,500,300
78,2016/10/11 21:20,130.6154643,46.3233595,5132960.616,393376.2444,8.334,127.6,TRUE,4.2,500,300
79,2016/10/11 21:20,130.6155502,46.32330417,5132954.35,393382.7474,8.1488,132.4,TRUE,4.2,500,300
80,2016/10/11 21:20,130.6156265,46.32325683,5132948.985,393388.5336,6.6672,132.1,TRUE,4.2,500,300
81,2016/10/11 21:20,130.6156902,46.3232125,5132943.972,393393.3507,4.63,136.6,TRUE,4.2,404,300
82,2016/10/11 21:20,130.6157028,46.3231815,5132940.509,393394.2654,2.0372,178.1,FALSE,4.2,0,300
83,2016/10/11 21:20,130.6156988,46.32318017,5132940.366,393393.9548,1.2964,26.2,FALSE,4.2,0,300
84,2016/10/11 21:20,130.6157037,46.32320333,5132942.934,393394.3725,2.4076,5.9,FALSE,4.2,0,300
85,2016/10/11 21:20,130.6157027,46.32319583,5132942.102,393394.2809,3.704,180.7,FALSE,4.2,0,300
86,2016/10/11 21:20,130.615665,46.32317233,5132939.54,393391.3343,5.0004,243.7,FALSE,4.2,0,300
87,2016/10/11 21:20,130.6155823,46.32315733,5132937.984,393384.9387,5.556,258.3,FALSE,4.2,0,300
88,2016/10/11 21:20,130.6155085,46.32314867,5132937.121,393379.2363,5.556,264.6,FALSE,4.2,0,300
89,2016/10/11 21:20,130.615432,46.32315317,5132937.724,393373.3537,4.8152,281.3,FALSE,4.2,0,300
90,2016/10/11 21:21,130.6153672,46.323184,5132941.238,393368.4211,6.2968,311.1,TRUE,4.2,500,300
91,2016/10/11 21:21,130.6153087,46.3232195,5132945.263,393363.985,4.8152,308.9,TRUE,4.2,500,300
92,2016/10/11 21:21,130.6152522,46.3232525,5132949.007,393359.698,6.1116,308.3,TRUE,4.2,500,300
93,2016/10/11 21:21,130.615183,46.32329317,5132953.621,393354.4503,6.8524,309,TRUE,4.2,500,300
94,2016/10/11 21:21,130.61511,46.3233365,5132958.536,393348.9128,7.0376,310.7,TRUE,4.2,500,300
95,2016/10/11 21:21,130.6150332,46.3233755,5132962.975,393343.0719,6.1116,296.6,TRUE,4.2,500,300
96,2016/10/11 21:21,130.614965,46.32341483,5132967.438,393337.8986,6.6672,310.3,TRUE,4.2,500,300
97,2016/10/11 21:21,130.6148827,46.32345617,5132972.144,393331.6388,7.0376,306.2,TRUE,4.2,500,300
98,2016/10/11 21:21,130.6148097,46.32349233,5132976.262,393326.0874,6.482,307.2,TRUE,4.2,500,300
99,2016/10/11 21:21,130.6147277,46.323533,5132980.893,393319.8516,7.0376,309.2,TRUE,4.2,500,300
100,2016/10/11 21:21,130.6146533,46.3235795,5132986.162,393314.2172,6.482,311.8,TRUE,4.2,500,300
101,2016/10/11 21:21,130.6145837,46.32361783,5132990.516,393308.9272,6.6672,308.3,TRUE,4.2,500,300
102,2016/10/11 21:21,130.6145043,46.32366117,5132995.441,393302.9015,6.2968,307.1,TRUE,4.2,500,300
103,2016/10/11 21:21,130.6144192,46.323707,5133000.65,393296.4325,7.5932,307.9,TRUE,4.2,500,300
104,2016/10/11 21:21,130.6143352,46.32374967,5133005.506,393290.0467,7.2228,304.8,TRUE,4.2,500,300
105,2016/10/11 21:22,130.6142468,46.323804,5133011.664,393283.3494,8.1488,306.7,TRUE,4.2,500,300
106,2016/10/11 21:22,130.6141577,46.32385567,5133017.528,393276.5838,8.334,310.7,TRUE,4.2,500,300
107,2016/10/11 21:22,130.6140712,46.32390867,5133023.536,393270.0256,7.2228,312.8,TRUE,4.2,500,300
108,2016/10/11 21:22,130.6139847,46.32395733,5133029.061,393263.4589,8.1488,310.4,TRUE,4.2,500,300
109,2016/10/11 21:22,130.6139053,46.32400817,5133034.819,393257.4479,7.778399,313.2,TRUE,4.2,500,300
110,2016/10/11 21:22,130.6138203,46.32405517,5133040.158,393250.9936,7.408,306.2,TRUE,4.2,500,300
111,2016/10/11 21:22,130.613736,46.324099,5133045.144,393244.5847,7.408,303.5,TRUE,4.2,500,300
112,2016/10/11 21:22,130.6136538,46.32414667,5133050.553,393238.3497,7.408,310.4,TRUE,4.2,500,300
113,2016/10/11 21:22,130.6135792,46.32419133,5133055.618,393232.6871,7.2228,308.8,TRUE,4.2,500,300
114,2016/10/11 21:22,130.6135003,46.32423367,5133060.431,393226.6981,6.2968,302.2,TRUE,4.2,500,300
115,2016/10/11 21:22,130.6134195,46.324284,5133066.134,393220.5715,7.408,311.4,TRUE,4.2,500,300
116,2016/10/11 21:22,130.613332,46.3243335,5133071.754,393213.9295,8.1488,307.3,TRUE,4.2,500,300
117,2016/10/11 21:22,130.6132462,46.32438783,5133077.909,393207.4256,7.9636,307.1,TRUE,4.2,500,300
118,2016/10/11 21:22,130.613165,46.32443117,5133082.836,393201.2592,6.482,305.9,TRUE,4.2,500,300
119,2016/10/11 21:22,130.6130788,46.32447833,5133088.194,393194.7152,7.9636,304.8,TRUE,4.2,500,300
120,2016/10/11 21:23,130.612986,46.324534,5133094.508,393187.6749,8.334,312,TRUE,4.2,500,300
121,2016/10/11 21:23,130.6129012,46.32458667,5133100.477,393181.2448,7.2228,309.1,TRUE,4.2,500,300
122,2016/10/11 21:23,130.612813,46.3246355,5133106.023,393174.5501,8.334,310.5,TRUE,4.2,500,300
123,2016/10/11 21:23,130.6127272,46.3246865,5133111.808,393168.0398,8.334,308.7,TRUE,4.2,500,300
124,2016/10/11 21:23,130.6126442,46.32473367,5133117.163,393161.74,7.0376,307.9,TRUE,4.2,500,300
125,2016/10/11 21:23,130.6125688,46.32477633,5133122.007,393156.0213,6.1116,305,TRUE,4.2,500,300
126,2016/10/11 21:23,130.6124913,46.32481917,5133126.873,393150.1366,6.8524,311.5,TRUE,4.2,500,300
127,2016/10/11 21:23,130.612405,46.3248655,5133132.14,393143.5787,7.408,305.5,TRUE,4.2,500,300
128,2016/10/11 21:23,130.6123188,46.3249195,5133138.258,393137.0482,7.778399,309,TRUE,4.2,500,300
129,2016/10/11 21:23,130.6122248,46.32497183,5133144.202,393129.9114,7.9636,309,TRUE,4.2,500,300
130,2016/10/11 21:23,130.6121398,46.325025,5133150.227,393123.4693,8.334,313.7,TRUE,4.2,500,300
131,2016/10/11 21:23,130.612065,46.32507533,5133155.922,393117.8049,6.6672,314.2,TRUE,4.2,500,300
132,2016/10/11 21:23,130.611989,46.32512017,5133161.009,393112.0396,7.408,310.8,TRUE,4.2,500,300
133,2016/10/11 21:23,130.6119128,46.32516483,5133166.076,393106.261,5.9264,306.2,TRUE,4.2,500,300
134,2016/10/11 21:23,130.6118418,46.32520217,5133170.323,393100.8662,6.6672,307.5,TRUE,4.2,500,300
135,2016/10/11 21:24,130.6117697,46.3252445,5133175.125,393095.3919,6.6672,308.8,TRUE,4.2,500,300
136,2016/10/11 21:24,130.611702,46.3252845,5133179.663,393090.2587,6.482,313.3,TRUE,4.2,500,300
137,2016/10/11 21:24,130.6116225,46.32533333,5133185.198,393084.2318,7.778399,312.2,TRUE,4.2,500,300
138,2016/10/11 21:24,130.6115378,46.32537633,5133190.092,393077.7954,7.0376,303.1,TRUE,4.2,500,300
139,2016/10/11 21:24,130.6114628,46.3254235,5133195.436,393072.1118,7.2228,313.2,TRUE,4.2,500,300
140,2016/10/11 21:24,130.6113777,46.32546883,5133200.59,393065.6422,7.0376,305,TRUE,4.2,500,300
141,2016/10/11 21:24,130.6112878,46.32551933,5133206.325,393058.8224,7.5932,304.7,TRUE,4.2,500,300
142,2016/10/11 21:24,130.6112113,46.325565,5133211.505,393053.0204,6.482,306.2,TRUE,4.2,500,300
143,2016/10/11 21:24,130.6111342,46.32561333,5133216.981,393047.1727,6.6672,309.1,TRUE,4.2,500,300
144,2016/10/11 21:24,130.611052,46.32566583,5133222.928,393040.9474,7.778399,312.2,TRUE,4.2,500,300
145,2016/10/11 21:24,130.61097,46.3257155,5133228.559,393034.7297,6.6672,311.8,TRUE,4.2,500,300
146,2016/10/11 21:24,130.6109103,46.32575617,5133233.161,393030.214,6.1116,316.2,TRUE,4.2,402,300
147,2016/10/11 21:24,130.61083,46.32580017,5133238.16,393024.1139,7.408,311.3,TRUE,4.2,285,300
148,2016/10/11 21:24,130.610746,46.32584367,5133243.109,393017.7302,7.0376,307,TRUE,4.2,500,300
149,2016/10/11 21:24,130.6106598,46.325892,5133248.597,393011.1888,7.2228,308.4,TRUE,4.2,500,300
150,2016/10/11 21:25,130.61057,46.32594367,5133254.462,393004.3721,7.778399,306.1,TRUE,4.2,500,300
151,2016/10/11 21:25,130.6104853,46.3259915,5133259.893,392997.9452,7.778399,310.5,TRUE,4.2,500,300
152,2016/10/11 21:25,130.6104053,46.32603983,5133265.374,392991.879,6.6672,312,TRUE,4.2,500,300
153,2016/10/11 21:25,130.610319,46.32609033,5133271.104,392985.3296,8.7044,309.7,TRUE,4.2,500,300
154,2016/10/11 21:25,130.610237,46.32613933,5133276.661,392979.1107,7.5932,312.9,TRUE,4.2,500,300
155,2016/10/11 21:25,130.6101545,46.32618467,5133281.812,392972.8461,6.8524,309,TRUE,4.2,500,300
156,2016/10/11 21:25,130.6100693,46.32623617,5133287.652,392966.388,7.408,311.7,TRUE,4.2,500,300
157,2016/10/11 21:25,130.6099778,46.3262895,5133293.704,392959.446,8.1488,311,TRUE,4.2,500,300
158,2016/10/11 21:25,130.6099025,46.3263345,5133298.807,392953.7329,6.482,311.5,TRUE,4.2,500,300
159,2016/10/11 21:25,130.6098248,46.32637617,5133303.544,392947.8332,6.2968,302,TRUE,4.2,500,300
160,2016/10/11 21:25,130.6097373,46.3264275,5133309.368,392941.1954,7.9636,310.4,TRUE,4.2,500,300
161,2016/10/11 21:25,130.6096528,46.32648067,5133315.393,392934.7922,8.334,314.9,TRUE,4.2,500,300
162,2016/10/11 21:25,130.6095735,46.326532,5133321.205,392928.7835,5.7412,320.7,TRUE,4.2,500,300
163,2016/10/11 21:25,130.6095323,46.32656583,5133325.022,392925.6792,3.5188,338.7,FALSE,4.2,0,300
164,2016/10/11 21:25,130.6095303,46.3266025,5133329.1,392925.5968,2.9632,11.4,FALSE,4.2,0,300
165,2016/10/11 21:26,130.6095582,46.32662833,5133331.934,392927.791,3.1484,47.1,FALSE,4.2,0,300
166,2016/10/11 21:26,130.609587,46.32665583,5133334.952,392930.0647,2.9632,35.1,FALSE,4.2,0,300
167,2016/10/11 21:26,130.609607,46.32668533,5133338.204,392931.6624,3.3336,27,FALSE,4.2,0,300
168,2016/10/11 21:26,130.6096228,46.32671733,5133341.739,392932.9438,3.5188,33,FALSE,4.2,0,300
169,2016/10/11 21:26,130.6096542,46.32673933,5133344.142,392935.4001,2.778,74.8,FALSE,4.2,0,300
170,2016/10/11 21:26,130.6096963,46.32673617,5133343.734,392938.6405,3.5188,120,FALSE,4.2,0,300
171,2016/10/11 21:26,130.6097155,46.32672983,5133343.004,392940.1043,0.3704,236.3,FALSE,4.2,0,300
172,2016/10/11 21:26,130.6096802,46.32675117,5133345.423,392937.4253,4.2596,319.4,FALSE,4.2,0,300
173,2016/10/11 21:26,130.6096737,46.326762,5133346.636,392936.9459,0.5556,107.9,FALSE,4.2,0,300
174,2016/10/11 21:26,130.6096863,46.32674883,5133345.155,392937.8951,4.8152,127.3,TRUE,4.2,500,300
175,2016/10/11 21:26,130.6097655,46.32670583,5133340.268,392943.9077,7.0376,129.4,TRUE,4.2,500,300
176,2016/10/11 21:26,130.6098378,46.32666533,5133335.669,392949.3985,5.9264,127.7,TRUE,4.2,500,300
177,2016/10/11 21:26,130.609912,46.32662183,5133330.733,392955.0251,6.2968,128.9,TRUE,4.2,500,300
178,2016/10/11 21:26,130.609987,46.32657833,5133325.796,392960.7156,6.6672,127.2,TRUE,4.2,500,300
179,2016/10/11 21:26,130.6100667,46.32653783,5133321.187,392966.7716,6.6672,126.5,TRUE,4.2,500,300
180,2016/10/11 21:27,130.6101507,46.32648483,5133315.182,392973.1367,8.334,130.8,TRUE,4.2,500,300
181,2016/10/11 21:27,130.6102433,46.32642567,5133308.481,392980.1566,8.1488,128,TRUE,4.2,500,300
182,2016/10/11 21:27,130.6103345,46.32637183,5133302.373,392987.0722,8.334,131.6,TRUE,4.2,500,300
183,2016/10/11 21:27,130.610429,46.32631983,5133296.465,392994.2478,8.1488,129.3,TRUE,4.2,500,300
184,2016/10/11 21:27,130.610532,46.32626167,5133289.861,393002.066,9.0748,130.3,TRUE,4.2,500,300
185,2016/10/11 21:27,130.6106337,46.32620633,5133283.573,393009.7872,8.519199,127.2,TRUE,4.2,500,300
186,2016/10/11 21:27,130.6107332,46.32614767,5133276.918,393017.3349,9.0748,131.2,TRUE,4.2,500,300
187,2016/10/11 21:27,130.6108345,46.32609167,5133270.556,393025.0288,8.7044,129.1,TRUE,4.2,500,300
188,2016/10/11 21:27,130.6109283,46.3260355,5133264.186,393032.1447,8.334,129.4,TRUE,4.2,500,300
189,2016/10/11 21:27,130.6110263,46.32597417,5133257.236,393039.5718,8.7044,127.6,TRUE,4.2,500,300
190,2016/10/11 21:27,130.6111143,46.32592483,5133251.633,393046.2521,6.2968,126.7,TRUE,4.2,500,300
191,2016/10/11 21:27,130.6112032,46.32587567,5133246.048,393052.9975,8.889601,128.2,TRUE,4.2,500,300
192,2016/10/11 21:27,130.6113085,46.32580933,5133238.532,393060.9793,8.7044,129.6,TRUE,4.2,500,300
193,2016/10/11 21:27,130.611412,46.32574867,5133231.65,393068.8312,9.6304,130,TRUE,4.2,500,300
194,2016/10/11 21:27,130.6115158,46.32568933,5133224.913,393076.7112,9.4452,135.6,TRUE,4.2,500,300
195,2016/10/11 21:28,130.6116212,46.32562917,5133218.084,393084.7058,9.26,127.9,TRUE,4.2,479,300
196,2016/10/11 21:28,130.6117153,46.325573,5133211.713,393091.8473,9.4452,132.6,TRUE,4.2,500,300
197,2016/10/11 21:28,130.6118205,46.32551333,5133204.939,393099.8299,9.26,129.2,TRUE,4.2,500,300
198,2016/10/11 21:28,130.6119123,46.32545633,5133198.479,393106.7904,8.1488,132.2,TRUE,4.2,500,300
199,2016/10/11 21:28,130.6120023,46.325401,5133192.207,393113.6132,9.26,133.1,TRUE,4.2,500,300
200,2016/10/11 21:28,130.6121113,46.32533917,5133185.187,393121.8865,9.6304,126.3,TRUE,4.2,500,300
201,2016/10/11 21:28,130.612214,46.32528233,5133178.731,393129.6821,9.4452,129.3,TRUE,4.2,500,300
202,2016/10/11 21:28,130.6123192,46.32522317,5133172.013,393137.6657,9.26,129.5,TRUE,4.2,500,300
203,2016/10/11 21:28,130.6124262,46.32516183,5133165.05,393145.7861,9.4452,126,TRUE,4.2,500,300
204,2016/10/11 21:28,130.612534,46.32510017,5133158.051,393153.9697,10.0008,126.8,TRUE,4.2,500,300
205,2016/10/11 21:28,130.6126367,46.325042,5133151.446,393161.7628,9.4452,128.7,TRUE,4.2,500,300
206,2016/10/11 21:28,130.6127448,46.3249785,5133144.242,393169.9683,9.6304,130.2,TRUE,4.2,500,300
207,2016/10/11 21:28,130.6128508,46.32491767,5133137.337,393178.0126,9.6304,129,TRUE,4.2,500,300
208,2016/10/11 21:28,130.6129715,46.324853,5133129.986,393187.1793,10.9268,127.2,TRUE,4.2,500,300
209,2016/10/11 21:28,130.6130797,46.324792,5133123.06,393195.3905,9.0748,127,TRUE,4.2,500,300
210,2016/10/11 21:29,130.6131995,46.32472117,5133115.025,393204.4804,10.0008,130.1,TRUE,4.2,500,300
211,2016/10/11 21:29,130.6133205,46.32465467,5133107.47,393213.669,10.5564,129.3,TRUE,4.2,500,300
212,2016/10/11 21:29,130.613439,46.32458617,5133099.696,393222.6611,11.112,130.9,TRUE,4.2,500,300
213,2016/10/11 21:29,130.6135578,46.32451517,5133091.644,393231.6738,9.8156,128.2,TRUE,4.2,500,300
214,2016/10/11 21:29,130.6136817,46.32444767,5133083.974,393241.0792,11.112,128.1,TRUE,4.2,500,300
215,2016/10/11 21:29,130.613797,46.32438,5133076.296,393249.8289,11.2972,129.8,TRUE,4.2,500,300
216,2016/10/11 21:29,130.6139135,46.32431017,5133068.377,393258.6646,10.7416,128.6,TRUE,4.2,500,300
217,2016/10/11 21:29,130.6140285,46.324242,5133060.645,393267.3879,10.186,128.9,TRUE,4.2,500,300
218,2016/10/11 21:29,130.6141447,46.3241735,5133052.874,393276.2008,10.5564,127.7,TRUE,4.2,500,300
219,2016/10/11 21:29,130.614262,46.32410833,5133045.472,393285.1095,10.186,125.9,TRUE,4.2,500,300
220,2016/10/11 21:29,130.6143818,46.32404233,5133037.974,393294.2091,10.0008,130.6,TRUE,4.2,500,300
221,2016/10/11 21:29,130.6144947,46.32397917,5133030.801,393302.776,9.8156,125.9,TRUE,4.2,500,300
222,2016/10/11 21:29,130.6146172,46.3239115,5133023.114,393312.078,11.112,131.6,TRUE,4.2,500,300
223,2016/10/11 21:29,130.6147365,46.32384167,5133015.192,393321.1317,10.7416,131.3,TRUE,4.2,500,300
224,2016/10/11 21:29,130.6148633,46.32377,5133007.054,393330.7595,11.4824,127.1,TRUE,4.2,500,300
225,2016/10/11 21:30,130.6149897,46.323698,5132998.881,393340.3489,11.112,128.7,TRUE,4.2,500,300
226,2016/10/11 21:30,130.6151133,46.32362583,5132990.692,393349.7316,11.2972,127.7,TRUE,4.2,500,300
227,2016/10/11 21:30,130.6152323,46.32355367,5132982.511,393358.7555,10.5564,132.9,TRUE,4.2,500,300
228,2016/10/11 21:30,130.6153388,46.32348383,5132974.605,393366.8213,9.4452,132.1,TRUE,4.2,500,300
229,2016/10/11 21:30,130.6154427,46.32341883,5132967.24,393374.6916,9.6304,132.6,TRUE,4.2,500,300
230,2016/10/11 21:30,130.6155432,46.32335617,5132960.139,393382.3094,9.4452,132.6,TRUE,4.2,500,300
231,2016/10/11 21:30,130.6156292,46.32330317,5132954.132,393388.8292,7.408,133.9,TRUE,4.2,500,300
232,2016/10/11 21:30,130.6157057,46.32325583,5132948.767,393394.6285,6.6672,133.4,TRUE,4.2,500,300
233,2016/10/11 21:30,130.6157332,46.32322133,5132944.895,393396.6793,3.5188,171.8,FALSE,4.2,0,300
234,2016/10/11 21:30,130.6156975,46.323175,5132939.793,393393.8423,6.1116,232.5,FALSE,4.2,0,300
235,2016/10/11 21:30,130.6156165,46.32316967,5132939.31,393387.5942,6.482,267.1,FALSE,4.2,0,300
236,2016/10/11 21:30,130.6155328,46.3231575,5132938.07,393381.1271,5.7412,255.9,FALSE,4.2,0,300
237,2016/10/11 21:30,130.6154483,46.32314983,5132937.331,393374.6048,6.1116,267.3,FALSE,4.2,0,300
238,2016/10/11 21:30,130.6153642,46.32315883,5132938.445,393368.1411,5.9264,294.6,FALSE,4.2,0,300
239,2016/10/11 21:30,130.6152877,46.323197,5132942.79,393362.324,7.5932,307.1,FALSE,4.2,0,300
240,2016/10/11 21:31,130.6152352,46.32322667,5132946.159,393358.3387,2.778,318.2,TRUE,4.2,500,300
241,2016/10/11 21:31,130.6151908,46.32325333,5132949.182,393354.9759,4.63,306.7,TRUE,4.2,500,300
242,2016/10/11 21:31,130.615127,46.32328983,5132953.325,393350.1313,6.482,314.7,TRUE,4.2,500,300
243,2016/10/11 21:31,130.6150467,46.323338,5132958.788,393344.0387,7.778399,308.7,TRUE,4.2,301,300
244,2016/10/11 21:31,130.6149672,46.32338167,5132963.749,393338.0013,7.2228,307.1,TRUE,4.2,500,300
245,2016/10/11 21:31,130.6148957,46.32341467,5132967.514,393332.5592,6.482,305.1,TRUE,4.2,500,300
246,2016/10/11 21:31,130.6148222,46.3234535,5132971.929,393326.9745,6.1116,308.8,TRUE,4.2,500,300
247,2016/10/11 21:31,130.6147463,46.32349283,5132976.403,393321.2105,6.482,308.7,TRUE,4.2,500,300
248,2016/10/11 21:31,130.6146753,46.32353517,5132981.205,393315.8252,6.6672,311,TRUE,4.2,500,300
249,2016/10/11 21:31,130.6146067,46.32357217,5132985.41,393310.6096,6.2968,309.6,TRUE,4.2,500,300
250,2016/10/11 21:31,130.6145152,46.3236215,5132991.017,393303.6592,7.778399,307.4,TRUE,4.2,500,300
251,2016/10/11 21:31,130.6144258,46.32366817,5132996.325,393296.8699,7.778399,308.4,TRUE,4.2,500,300
252,2016/10/11 21:31,130.6143328,46.32371983,5133002.192,393289.8085,8.889601,312.9,TRUE,4.2,500,300
253,2016/10/11 21:31,130.6142333,46.323774,5133008.348,393282.2514,9.4452,309,TRUE,4.2,500,300
254,2016/10/11 21:31,130.6141332,46.32383217,5133014.949,393274.6513,9.6304,312.3,TRUE,4.2,500,300
255,2016/10/11 21:32,130.614023,46.32388917,5133021.433,393266.2781,9.4452,305.9,TRUE,4.2,500,300
256,2016/10/11 21:32,130.6139337,46.32394183,5133027.407,393259.5013,7.9636,311.9,TRUE,4.2,500,300
257,2016/10/11 21:32,130.6138447,46.32399,5133032.881,393252.7412,7.9636,304.1,TRUE,4.2,500,300
258,2016/10/11 21:32,130.6137587,46.32403983,5133038.536,393246.2154,7.9636,312.4,TRUE,4.2,500,300
259,2016/10/11 21:32,130.613672,46.3240905,5133044.285,393239.6396,8.7044,311.4,TRUE,4.2,500,300
260,2016/10/11 21:32,130.6136268,46.3241195,5133047.569,393236.2176,2.2224,314.2,TRUE,4.2,500,300
261,2016/10/11 21:32,130.6135995,46.32413667,5133049.515,393234.1463,4.0744,311.3,TRUE,4.2,500,300
262,2016/10/11 21:32,130.613555,46.32416183,5133052.372,393230.7684,6.482,311.2,TRUE,4.2,500,300
263,2016/10/11 21:32,130.613491,46.32419867,5133056.553,393225.9115,5.7412,308.2,TRUE,4.2,500,300
264,2016/10/11 21:32,130.6134268,46.32423133,5133060.27,393221.0334,3.8892,303.1,TRUE,4.2,500,300
265,2016/10/11 21:32,130.6133357,46.324278,5133065.58,393214.1042,8.7044,309.8,TRUE,4.2,500,300
266,2016/10/11 21:32,130.6132575,46.324324,5133070.799,393208.1739,7.0376,312.3,TRUE,4.2,500,300
267,2016/10/11 21:32,130.613179,46.32436833,5133075.832,393202.215,7.408,304.6,TRUE,4.2,500,300
268,2016/10/11 21:32,130.6131058,46.324407,5133080.229,393196.6556,6.6672,311,TRUE,4.2,373,300
269,2016/10/11 21:32,130.6130122,46.32446217,5133086.488,393189.5504,8.889601,310.6,TRUE,4.2,500,300
270,2016/10/11 21:33,130.6129153,46.32451967,5133093.01,393182.2049,9.8156,311.3,TRUE,4.2,500,300
271,2016/10/11 21:33,130.6128157,46.32457383,5133099.165,393174.6357,9.0748,309.4,TRUE,4.2,500,300
272,2016/10/11 21:33,130.612717,46.32463333,5133105.912,393167.1531,9.6304,310.9,TRUE,4.2,353,300
273,2016/10/11 21:33,130.6126255,46.324685,5133111.779,393160.2075,8.334,308.6,TRUE,4.2,500,300
274,2016/10/11 21:33,130.6125382,46.32473283,5133117.213,393153.5755,7.9636,306.8,TRUE,4.2,500,300
275,2016/10/11 21:33,130.6124432,46.324787,5133123.362,393146.3653,8.7044,311,TRUE,4.2,500,300
276,2016/10/11 21:33,130.6123498,46.324843,5133129.713,393139.2864,8.889601,311.1,TRUE,4.2,500,300
277,2016/10/11 21:33,130.6122568,46.32490267,5133136.471,393132.2409,9.8156,314.9,TRUE,4.2,500,300
278,2016/10/11 21:33,130.6121618,46.32496133,5133143.12,393125.0394,8.889601,309.6,TRUE,4.2,500,300
279,2016/10/11 21:33,130.6120703,46.32501533,5133149.246,393118.0984,8.334,309.3,TRUE,4.2,500,300
280,2016/10/11 21:33,130.6119762,46.32507167,5133155.635,393110.9572,9.26,312,TRUE,4.2,500,300
281,2016/10/11 21:33,130.6118782,46.32513,5133162.251,393103.5241,8.7044,308.9,TRUE,4.2,500,300
282,2016/10/11 21:33,130.6117767,46.32518567,5133168.576,393095.8163,9.0748,308.8,TRUE,4.2,500,300
283,2016/10/11 21:33,130.6116815,46.3252405,5133174.8,393088.5943,8.889601,310.6,TRUE,4.2,500,300
284,2016/10/11 21:33,130.611587,46.32529883,5133181.411,393081.4308,9.26,316.8,TRUE,4.2,500,300
285,2016/10/11 21:34,130.6114857,46.32535683,5133187.995,393073.7407,9.0748,308.7,TRUE,4.2,500,300
286,2016/10/11 21:34,130.6113942,46.32540917,5133193.936,393066.7966,7.778399,310.8,TRUE,4.2,500,300
287,2016/10/11 21:34,130.6113078,46.32545867,5133199.555,393060.2443,8.1488,309.5,TRUE,4.2,500,300
288,2016/10/11 21:34,130.6112083,46.3255165,5133206.118,393052.6948,9.26,312.3,TRUE,4.2,500,300
289,2016/10/11 21:34,130.6111107,46.32557767,5133213.049,393045.2936,9.0748,311.7,TRUE,4.2,500,300
290,2016/10/11 21:34,130.6110152,46.32563567,5133219.625,393038.0525,8.334,313.4,TRUE,4.2,500,300
291,2016/10/11 21:34,130.6109235,46.32568617,5133225.362,393031.0918,8.889601,306,TRUE,4.2,500,300
292,2016/10/11 21:34,130.6108202,46.325743,5133231.819,393023.2455,9.6304,310.7,TRUE,4.2,500,300
293,2016/10/11 21:34,130.6107175,46.32580067,5133238.368,393015.4517,9.6304,311.9,TRUE,4.2,500,300
294,2016/10/11 21:34,130.610618,46.3258595,5133245.041,393007.9042,8.519199,310.1,TRUE,4.2,480,300
295,2016/10/11 21:34,130.6105147,46.32591967,5133251.869,393000.0645,10.0008,309.4,TRUE,4.2,500,300
296,2016/10/11 21:34,130.61041,46.32598,5133258.717,392992.1219,9.6304,306.8,TRUE,4.2,500,300
297,2016/10/11 21:34,130.6103063,46.32604283,5133265.841,392984.2613,9.4452,308.8,TRUE,4.2,500,300
298,2016/10/11 21:34,130.6102018,46.32610483,5133272.874,392976.3351,8.889601,308.7,TRUE,4.2,500,300
299,2016/10/11 21:34,130.610101,46.3261615,5133279.309,392968.6811,9.0748,307.6,TRUE,4.2,500,300
300,2016/10/11 21:35,130.6099922,46.32622583,5133286.607,392960.426,9.26,311.5,TRUE,4.2,500,300
301,2016/10/11 21:35,130.6098905,46.32628617,5133293.451,392952.7146,9.0748,310.9,TRUE,4.2,500,300
302,2016/10/11 21:35,130.609794,46.32634017,5133299.584,392945.3889,7.9636,306.7,TRUE,4.2,500,300
303,2016/10/11 21:35,130.6096967,46.3263965,5133305.977,392938.0039,8.519199,307.6,TRUE,4.2,500,300
304,2016/10/11 21:35,130.6096187,46.3264415,5133311.085,392932.0852,6.482,309.8,TRUE,4.2,500,300
305,2016/10/11 21:35,130.6095437,46.326484,5133315.91,392926.3928,6.6672,311,TRUE,4.2,500,300
306,2016/10/11 21:35,130.6095118,46.32652967,5133321.03,392924.03,5.556,346.9,FALSE,4.2,0,300
307,2016/10/11 21:35,130.6095262,46.32658817,5133327.513,392925.2485,5.9264,16,FALSE,4.2,0,300
308,2016/10/11 21:35,130.6095535,46.32664983,5133334.33,392927.4733,6.482,19.4,FALSE,4.2,0,300
309,2016/10/11 21:35,130.6095762,46.32670783,5133340.746,392929.3322,6.1116,12.8,FALSE,4.2,0,300
310,2016/10/11 21:35,130.6096157,46.32675717,5133346.178,392932.4702,5.3708,47.8,FALSE,4.2,0,300
311,2016/10/11 21:35,130.609689,46.32676667,5133347.134,392938.1355,6.2968,107.3,FALSE,4.2,0,300
312,2016/10/11 21:35,130.6097625,46.32673517,5133343.534,392943.7339,7.2228,126.7,TRUE,4.2,500,300
313,2016/10/11 21:35,130.6098425,46.32669017,5133338.423,392949.8065,7.5932,130.1,TRUE,4.2,500,300
314,2016/10/11 21:35,130.609918,46.32664683,5133333.504,392955.5359,7.408,132.3,TRUE,4.2,500,300
315,2016/10/11 21:36,130.6100075,46.326596,5133327.733,392962.3287,8.889601,128.8,TRUE,4.2,500,300
316,2016/10/11 21:36,130.6100995,46.326544,5133321.828,392969.3117,8.7044,127.7,TRUE,4.2,500,300
317,2016/10/11 21:36,130.6101978,46.3264865,5133315.304,392976.7715,9.4452,130.9,TRUE,4.2,500,300
318,2016/10/11 21:36,130.6102987,46.3264315,5133309.054,392984.4295,9.0748,130.6,TRUE,4.2,500,300
319,2016/10/11 21:36,130.6103988,46.32637717,5133302.88,392992.0364,9.26,129.4,TRUE,4.2,500,300
320,2016/10/11 21:36,130.6104978,46.326318,5133296.169,392999.5445,9.8156,128.1,TRUE,4.2,500,300
321,2016/10/11 21:36,130.610609,46.32625267,5133288.757,393007.9779,9.8156,131.4,TRUE,4.2,500,300
322,2016/10/11 21:36,130.6107142,46.32619417,5133282.112,393015.9625,9.4452,131.6,TRUE,4.2,500,300
323,2016/10/11 21:36,130.6108087,46.32613317,5133275.204,393023.1206,9.26,135.9,TRUE,4.2,500,300
324,2016/10/11 21:36,130.610916,46.32607317,5133268.39,393031.2687,9.6304,126.8,TRUE,4.2,500,300
325,2016/10/11 21:36,130.6110177,46.326018,5133262.12,393038.9903,9.6304,130.3,TRUE,4.2,500,300
326,2016/10/11 21:36,130.6111208,46.32595817,5133255.33,393046.8176,9.0748,128.2,TRUE,4.2,500,300
327,2016/10/11 21:36,130.6112175,46.3258995,5133248.678,393054.1475,10.0008,129.1,TRUE,4.2,500,300
328,2016/10/11 21:36,130.6113312,46.32584,5133241.911,393062.7848,10.186,124.8,TRUE,4.2,500,300
329,2016/10/11 21:36,130.6114383,46.32577967,5133235.06,393070.9192,8.7044,132.4,TRUE,4.2,500,300
330,2016/10/11 21:37,130.6115498,46.32571733,5133227.98,393079.384,10.3712,128.1,TRUE,4.2,500,300
331,2016/10/11 21:37,130.611661,46.32565117,5133220.476,393087.8159,10.3712,131.3,TRUE,4.2,500,300
332,2016/10/11 21:37,130.6117735,46.3255845,5133212.913,393096.3492,10.3712,133.8,TRUE,4.2,500,300
333,2016/10/11 21:37,130.6118753,46.32553167,5133206.903,393104.0879,9.4452,125.9,TRUE,4.2,500,300
334,2016/10/11 21:37,130.6119918,46.32546117,5133198.91,393112.9218,9.4452,131.3,TRUE,4.2,500,300
335,2016/10/11 21:37,130.6120982,46.325398,5133191.744,393120.9877,11.4824,131,TRUE,4.2,500,300
336,2016/10/11 21:37,130.6122125,46.3253285,5133183.865,393129.6565,10.9268,131.7,TRUE,4.2,500,300
337,2016/10/11 21:37,130.6123298,46.325263,5133176.426,393138.5642,10.7416,128.4,TRUE,4.2,500,300
338,2016/10/11 21:37,130.6124455,46.32519283,5133168.47,393147.335,10.186,130.2,TRUE,4.2,500,300
339,2016/10/11 21:37,130.6125602,46.32512867,5133161.183,393156.0405,10.3712,130.1,TRUE,4.2,500,300
340,2016/10/11 21:37,130.6126767,46.32506283,5133153.708,393164.8836,11.112,131.4,TRUE,4.2,500,300
341,2016/10/11 21:37,130.6127788,46.32500533,5133147.178,393172.6388,9.4452,131.9,TRUE,4.2,500,300
342,2016/10/11 21:37,130.6128832,46.32494567,5133140.406,393180.5576,9.0748,130.2,TRUE,4.2,500,300
343,2016/10/11 21:37,130.6129895,46.3248825,5133133.241,393188.6228,9.8156,128,TRUE,4.2,500,300
344,2016/10/11 21:37,130.6130808,46.3248285,5133127.115,393195.5508,7.9636,128.2,TRUE,4.2,500,300
345,2016/10/11 21:38,130.6131853,46.3247725,5133120.75,393203.4891,9.6304,125.7,TRUE,4.2,500,300
346,2016/10/11 21:38,130.6133033,46.324707,5133113.31,393212.4486,10.186,130.4,TRUE,4.2,500,300
347,2016/10/11 21:38,130.6134273,46.32463067,5133104.658,393221.849,11.2972,131.3,TRUE,4.2,500,300
348,2016/10/11 21:38,130.613532,46.324568,5133097.551,393229.7875,9.0748,129.9,TRUE,4.2,500,300
349,2016/10/11 21:38,130.6136397,46.32450933,5133090.884,393237.9648,9.8156,125.9,TRUE,4.2,500,300
350,2016/10/11 21:38,130.6137535,46.3244415,5133083.191,393246.5987,10.3712,130.6,TRUE,4.2,500,300
351,2016/10/11 21:38,130.6138637,46.32437333,5133075.465,393254.9501,10.7416,132.6,TRUE,4.2,500,300
352,2016/10/11 21:38,130.6139825,46.32430733,5133067.969,393263.9726,10.3712,129.7,TRUE,4.2,500,300
353,2016/10/11 21:38,130.6141012,46.3242375,5133060.047,393272.9754,11.112,131.6,TRUE,4.2,500,300
354,2016/10/11 21:38,130.6142255,46.32416917,5133052.284,393282.417,11.112,125.7,TRUE,4.2,500,300
355,2016/10/11 21:38,130.6143522,46.32409833,5133044.239,393292.0339,10.5564,127.8,TRUE,4.2,500,300
356,2016/10/11 21:38,130.6144752,46.3240265,5133036.089,393301.3663,10.7416,126.9,TRUE,4.2,500,300
357,2016/10/11 21:38,130.614593,46.32395817,5133028.335,393310.3074,11.112,130.4,TRUE,4.2,500,300
358,2016/10/11 21:38,130.6147083,46.3238915,5133020.769,393319.0593,9.6304,130,TRUE,4.2,500,300
359,2016/10/11 21:38,130.6148227,46.323824,5133013.112,393327.7332,10.186,130.4,TRUE,4.2,500,300
360,2016/10/11 21:39,130.6149385,46.32375467,5133005.249,393336.5185,10.3712,130.2,TRUE,4.2,500,300
361,2016/10/11 21:39,130.6150507,46.32369167,5132998.095,393345.0341,10.186,132.3,TRUE,4.2,500,300
362,2016/10/11 21:39,130.6151703,46.323617,5132989.634,393354.1039,10.9268,133.4,TRUE,4.2,500,300
363,2016/10/11 21:39,130.6152945,46.32354917,5132981.927,393363.5344,10.5564,124.8,TRUE,4.2,500,300
364,2016/10/11 21:39,130.6154102,46.32347717,5132973.768,393372.3022,10.7416,133,TRUE,4.2,500,300
365,2016/10/11 21:39,130.6155342,46.32340417,5132965.487,393381.7095,11.6676,128.7,TRUE,4.2,500,300
366,2016/10/11 21:39,130.615654,46.323329,5132956.97,393390.7916,10.9268,129.2,TRUE,4.2,500,300
367,2016/10/11 21:39,130.6157557,46.32325967,5132949.127,393398.4865,7.778399,134.4,TRUE,4.2,500,300
368,2016/10/11 21:39,130.6157903,46.32323583,5132946.43,393401.1093,0,0,FALSE,4.2,0,300
369,2016/10/11 21:39,130.6157893,46.32323583,5132946.431,393401.0323,0,0,FALSE,4.2,0,300
370,2016/10/11 21:39,130.6157905,46.323237,5132946.56,393401.1247,1.1112,33.1,FALSE,4.2,0,300
371,2016/10/11 21:39,130.6157918,46.32323517,5132946.355,393401.2236,0,0,FALSE,4.2,0,300
372,2016/10/11 21:39,130.6157923,46.3232355,5132946.391,393401.2627,0,0,FALSE,4.2,0,300
373,2016/10/11 21:39,130.6157887,46.3232405,5132946.951,393400.9906,2.0372,327,FALSE,4.2,0,300
374,2016/10/11 21:39,130.615777,46.32325983,5132949.116,393400.1294,2.2224,351.5,FALSE,4.2,0,300
375,2016/10/11 21:40,130.6157787,46.3232595,5132949.077,393400.2574,0,0,FALSE,4.2,0,300
376,2016/10/11 21:40,130.615783,46.32322917,5132945.7,393400.5319,3.5188,186.7,FALSE,4.2,0,300
377,2016/10/11 21:40,130.615755,46.323201,5132942.606,393398.3209,3.8892,233.2,FALSE,4.2,0,300
378,2016/10/11 21:40,130.6157048,46.32318833,5132941.265,393394.4327,3.704,254.1,FALSE,4.2,0,300
379,2016/10/11 21:40,130.6156537,46.32317933,5132940.334,393390.4754,3.8892,258.7,FALSE,4.2,0,300
380,2016/10/11 21:40,130.6156022,46.32316867,5132939.218,393386.4887,3.704,252.8,FALSE,4.2,0,300
381,2016/10/11 21:40,130.6155498,46.323157,5132937.991,393382.4353,3.1484,243.7,FALSE,4.2,0,300
382,2016/10/11 21:40,130.6154985,46.323148,5132937.06,393378.4649,3.704,248.6,FALSE,4.2,0,300
383,2016/10/11 21:40,130.6154452,46.32314083,5132936.335,393374.344,3.3336,256.2,FALSE,4.2,0,300
384,2016/10/11 21:40,130.6153882,46.32313383,5132935.633,393369.9408,4.0744,258.6,FALSE,4.2,0,300
385,2016/10/11 21:40,130.6153368,46.323135,5132935.833,393365.9894,3.5188,276.2,FALSE,4.2,0,300
386,2016/10/11 21:40,130.615295,46.32314717,5132937.242,393362.7917,2.5928,296.5,FALSE,4.2,0,300
387,2016/10/11 21:40,130.6152448,46.32317517,5132940.422,393358.9825,5.9264,307,TRUE,4.2,389,300
388,2016/10/11 21:40,130.6151778,46.32321233,5132944.642,393353.8951,6.1116,312.3,TRUE,4.2,500,300
389,2016/10/11 21:40,130.615114,46.32324767,5132948.657,393349.0482,6.2968,307.1,TRUE,4.2,500,300
390,2016/10/11 21:41,130.6150368,46.32329183,5132953.669,393343.1912,6.6672,313.2,TRUE,4.2,500,300
391,2016/10/11 21:41,130.6149555,46.323335,5132958.577,393337.0119,7.778399,307.8,TRUE,4.2,500,300
392,2016/10/11 21:41,130.6148712,46.32337933,5132963.618,393330.6038,6.8524,305.9,TRUE,4.2,500,300
393,2016/10/11 21:41,130.6147927,46.323426,5132968.912,393324.6493,7.408,312.7,TRUE,4.2,500,300
394,2016/10/11 21:41,130.6147132,46.323476,5132974.577,393318.6242,7.9636,316.9,TRUE,4.2,500,300
395,2016/10/11 21:41,130.6146322,46.32351733,5132979.28,393312.4668,7.778399,310.7,TRUE,4.2,500,300
396,2016/10/11 21:41,130.614546,46.323567,5132984.917,393305.9274,8.334,309,TRUE,4.2,500,300
397,2016/10/11 21:41,130.6144638,46.3236095,5132989.752,393299.6822,7.408,309.4,TRUE,4.2,500,300
398,2016/10/11 21:41,130.614379,46.32365467,5132994.887,393293.2373,7.0376,306.2,TRUE,4.2,500,300
399,2016/10/11 21:41,130.6142997,46.32369717,5132999.718,393287.2108,7.5932,310.9,TRUE,4.2,500,300
400,2016/10/11 21:41,130.6142195,46.32374033,5133004.624,393281.1209,7.0376,304.4,TRUE,4.2,500,300
401,2016/10/11 21:41,130.6141433,46.3237805,5133009.191,393275.3332,6.2968,306.7,TRUE,4.2,500,300
402,2016/10/11 21:41,130.61406,46.32382533,5133014.287,393269.0033,7.778399,309.3,TRUE,4.2,500,300
403,2016/10/11 21:41,130.6139875,46.32386883,5133019.22,393263.5047,6.6672,313.2,TRUE,4.2,500,300
404,2016/10/11 21:41,130.6139083,46.32391617,5133024.589,393257.5,7.2228,310.1,TRUE,4.2,500,300
405,2016/10/11 21:42,130.613828,46.32396317,5133029.921,393251.4053,7.2228,311.4,TRUE,4.2,500,300
406,2016/10/11 21:42,130.6137552,46.32400417,5133034.577,393245.8765,5.3708,313.7,TRUE,4.2,500,300
407,2016/10/11 21:42,130.6136842,46.32404617,5133039.341,393240.4906,7.408,310.2,TRUE,4.2,500,300
408,2016/10/11 21:42,130.6135923,46.32409817,5133045.245,393233.5193,7.408,306.6,TRUE,4.2,500,300
409,2016/10/11 21:42,130.6134997,46.32415167,5133051.317,393226.4877,9.6304,310.1,TRUE,4.2,500,300
410,2016/10/11 21:42,130.613396,46.32421033,5133057.977,393218.6184,8.519199,310.4,TRUE,4.2,500,300
411,2016/10/11 21:42,130.6132923,46.32426733,5133064.453,393210.7458,9.6304,309.5,TRUE,4.2,500,300
412,2016/10/11 21:42,130.6131952,46.32432,5133070.438,393203.3662,9.0748,310.6,TRUE,4.2,500,300
413,2016/10/11 21:42,130.6131038,46.324373,5133076.453,393196.4354,8.1488,310.2,TRUE,4.2,500,300
414,2016/10/11 21:42,130.6130107,46.3244245,5133082.303,393189.3616,9.4452,310.5,TRUE,4.2,500,300
415,2016/10/11 21:42,130.6129282,46.32447367,5133087.88,393183.1041,6.8524,312.1,TRUE,4.2,500,300
416,2016/10/11 21:42,130.6128447,46.3245225,5133093.42,393176.769,8.519199,308.1,TRUE,4.2,500,300
417,2016/10/11 21:42,130.612745,46.3245805,5133100.001,393169.2065,8.7044,310.6,TRUE,4.2,500,300
418,2016/10/11 21:42,130.6126567,46.32463017,5133105.642,393162.5011,7.0376,303.6,TRUE,4.2,500,300
419,2016/10/11 21:42,130.6125828,46.32467233,5133110.428,393156.8969,6.6672,309.5,TRUE,4.2,500,300
420,2016/10/11 21:43,130.6124923,46.324719,5133115.737,393150.0185,7.9636,306.2,TRUE,4.2,500,300
421,2016/10/11 21:43,130.6123978,46.32476967,5133121.497,393142.84,7.408,303.3,TRUE,4.2,500,300
422,2016/10/11 21:43,130.6123087,46.3248265,5133127.935,393136.0846,8.7044,312.2,TRUE,4.2,500,300
423,2016/10/11 21:43,130.6122203,46.32487817,5133133.797,393129.3824,8.889601,313.2,TRUE,4.2,500,300
424,2016/10/11 21:43,130.6121258,46.324935,5133140.242,393122.2159,9.0748,312.5,TRUE,4.2,500,300
425,2016/10/11 21:43,130.612043,46.324984,5133145.8,393115.9328,6.8524,308.5,TRUE,4.2,500,300
426,2016/10/11 21:43,130.6119615,46.3250305,5133151.079,393109.7473,8.1488,311.4,TRUE,4.2,500,300
427,2016/10/11 21:43,130.6118683,46.3250825,5133156.985,393102.6738,7.5932,306.3,TRUE,4.2,500,300
428,2016/10/11 21:43,130.611782,46.32512883,5133162.251,393096.116,7.9636,303,TRUE,4.2,500,300
429,2016/10/11 21:43,130.6116903,46.32517633,5133167.655,393089.1493,8.7044,306.9,TRUE,4.2,500,300
430,2016/10/11 21:43,130.6116067,46.325226,5133173.289,393082.8036,5.7412,309.5,TRUE,4.2,500,300
431,2016/10/11 21:43,130.611532,46.325271,5133178.392,393077.1412,7.0376,308.9,TRUE,4.2,500,300
432,2016/10/11 21:43,130.6114443,46.32532133,5133184.105,393070.4881,8.519199,309.3,TRUE,4.2,500,300
433,2016/10/11 21:43,130.6113565,46.32537133,5133189.781,393063.822,7.778399,310.2,TRUE,4.2,500,300
434,2016/10/11 21:43,130.6112742,46.3254165,5133194.913,393057.57,6.2968,306.1,TRUE,4.2,500,300
435,2016/10/11 21:44,130.6111933,46.32546367,5133200.265,393051.4367,8.7044,311.4,TRUE,4.2,500,300
436,2016/10/11 21:44,130.6111027,46.325516,5133206.205,393044.5573,7.9636,309.7,TRUE,4.2,500,300
437,2016/10/11 21:44,130.6110083,46.32556667,5133211.964,393037.3913,8.7044,305.8,TRUE,4.2,500,300
438,2016/10/11 21:44,130.6109198,46.32561333,5133217.27,393030.6671,7.5932,308.4,TRUE,4.2,500,300
439,2016/10/11 21:44,130.6108317,46.32566433,5133223.058,393023.9777,8.334,309.2,TRUE,4.2,500,300
440,2016/10/11 21:44,130.6107392,46.32571633,5133228.963,393016.9559,7.778399,309.5,TRUE,4.2,500,300
441,2016/10/11 21:44,130.6106605,46.32576233,5133234.183,393010.9875,7.0376,307.7,TRUE,4.2,500,300
442,2016/10/11 21:44,130.6105727,46.32581683,5133240.36,393004.3303,8.1488,312.7,TRUE,4.2,500,300
443,2016/10/11 21:44,130.610479,46.32586833,5133246.211,392997.2176,8.889601,308.8,TRUE,4.2,500,300
444,2016/10/11 21:44,130.6103912,46.32592183,5133252.276,392990.5585,8.889601,311.3,TRUE,4.2,500,300
445,2016/10/11 21:44,130.6102948,46.32597917,5133258.78,392983.2515,8.1488,310.7,TRUE,4.2,500,300
446,2016/10/11 21:44,130.6101992,46.326035,5133265.115,392975.994,7.9636,305.9,TRUE,4.2,500,300
447,2016/10/11 21:44,130.6101087,46.326088,5133271.129,392969.1284,7.778399,311.5,TRUE,4.2,500,300
448,2016/10/11 21:44,130.6100135,46.32614817,5133277.946,392961.9171,8.889601,313.7,TRUE,4.2,500,300
449,2016/10/11 21:44,130.6099177,46.3262045,5133284.337,392954.6475,7.9636,310.1,TRUE,4.2,500,300
450,2016/10/11 21:45,130.6098227,46.32625717,5133290.32,392947.4347,8.519199,307.9,TRUE,4.2,500,300
451,2016/10/11 21:45,130.6097233,46.32631533,5133296.919,392939.8984,9.0748,308.3,TRUE,4.2,500,300
452,2016/10/11 21:45,130.6096245,46.326374,5133303.574,392932.4025,7.5932,311.6,TRUE,4.2,500,300
453,2016/10/11 21:45,130.6095398,46.32642133,5133308.949,392925.9748,6.8524,301.3,TRUE,4.2,500,300
454,2016/10/11 21:45,130.6095023,46.3264545,5133312.687,392923.1518,3.3336,337.4,FALSE,4.2,0,300
455,2016/10/11 21:45,130.6094945,46.3264975,5133317.477,392922.6328,5.556,10.1,FALSE,4.2,0,300
456,2016/10/11 21:45,130.609517,46.3265495,5133323.227,392924.4669,4.8152,23.5,FALSE,4.2,0,300
457,2016/10/11 21:45,130.609543,46.32660683,5133329.565,392926.5809,5.9264,21.6,FALSE,4.2,0,300
458,2016/10/11 21:45,130.6095675,46.32666767,5133336.294,392928.5862,6.482,13.1,FALSE,4.2,0,300
459,2016/10/11 21:45,130.6095853,46.32672783,5133342.957,392930.0766,6.1116,17.4,FALSE,4.2,0,300
460,2016/10/11 21:45,130.6096273,46.32678233,5133348.958,392933.4172,6.1116,38.4,FALSE,4.2,0,300
461,2016/10/11 21:45,130.6097043,46.3267995,5133350.763,392939.3801,6.2968,95.1,FALSE,4.2,0,300
462,2016/10/11 21:45,130.6097718,46.32677933,5133348.43,392944.5386,7.778399,119.4,TRUE,4.2,439,300
463,2016/10/11 21:45,130.6098478,46.3267415,5133344.122,392950.3171,6.8524,128.1,TRUE,4.2,500,300
464,2016/10/11 21:45,130.6099142,46.3267075,5133340.253,392955.3593,5.3708,122.7,TRUE,4.2,500,300
465,2016/10/11 21:46,130.6099945,46.326661,5133334.976,392961.4544,9.0748,130.2,TRUE,4.2,500,300
466,2016/10/11 21:46,130.6100823,46.32661117,5133329.318,392968.1206,7.5932,128.2,TRUE,4.2,500,300
467,2016/10/11 21:46,130.610167,46.32656133,5133323.664,392974.5434,8.7044,131,TRUE,4.2,500,300
468,2016/10/11 21:46,130.610268,46.3265085,5133317.655,392982.2179,9.4452,127.5,TRUE,4.2,500,300
469,2016/10/11 21:46,130.6103648,46.32645233,5133311.28,392989.5648,8.889601,128.5,TRUE,4.2,500,300
470,2016/10/11 21:46,130.6104607,46.32639233,5133304.481,392996.828,8.334,129.1,TRUE,4.2,500,300
471,2016/10/11 21:46,130.6105572,46.326334,5133297.867,393004.1452,9.26,132.3,TRUE,4.2,500,300
472,2016/10/11 21:46,130.610669,46.32627317,5133290.955,393012.6382,10.186,129.4,TRUE,4.2,500,300
473,2016/10/11 21:46,130.6107757,46.3262135,5133284.178,393020.736,9.8156,131,TRUE,4.2,500,300
474,2016/10/11 21:46,130.6108878,46.32614633,5133276.56,393029.242,9.6304,128.2,TRUE,4.2,500,300
475,2016/10/11 21:46,130.610996,46.32608617,5133269.727,393037.4545,9.6304,130.2,TRUE,4.2,500,300
476,2016/10/11 21:46,130.6111027,46.32602967,5133263.302,393045.5586,10.0008,129.3,TRUE,4.2,500,300
477,2016/10/11 21:46,130.6112188,46.3259605,5133255.457,393054.3688,11.112,130.2,TRUE,4.2,500,300
478,2016/10/11 21:46,130.6113357,46.3258955,5133248.074,393063.2395,10.0008,127,TRUE,4.2,500,300
479,2016/10/11 21:46,130.611444,46.32583467,5133241.166,393071.463,8.889601,128.2,TRUE,4.2,500,300
480,2016/10/11 21:47,130.6115437,46.32577867,5133234.807,393079.0291,9.0748,129.5,TRUE,4.2,500,300
481,2016/10/11 21:47,130.6116553,46.32571333,5133227.393,393087.5004,10.3712,132.4,TRUE,4.2,500,300
482,2016/10/11 21:47,130.6117747,46.32564367,5133219.489,393096.5546,10.9268,127.8,TRUE,4.2,500,300
483,2016/10/11 21:47,130.6118965,46.325575,5133211.691,393105.8025,11.8528,131.7,TRUE,4.2,500,300
484,2016/10/11 21:47,130.6120173,46.32550617,5133203.877,393114.9732,11.112,129.1,TRUE,4.2,500,300
485,2016/10/11 21:47,130.6121352,46.3254355,5133195.863,393123.91,10.5564,128.9,TRUE,4.2,500,300
486,2016/10/11 21:47,130.6122517,46.3253695,5133188.369,393132.7528,11.112,130.7,TRUE,4.2,500,300
487,2016/10/11 21:47,130.6123715,46.32529783,5133180.241,393141.8409,10.3712,131.7,TRUE,4.2,500,300
488,2016/10/11 21:47,130.6124853,46.32522833,5133172.362,393150.4713,9.8156,129,TRUE,4.2,500,300
489,2016/10/11 21:47,130.6125987,46.32516117,5133164.744,393159.0685,9.6304,127.9,TRUE,4.2,500,300
490,2016/10/11 21:47,130.6127123,46.32509117,5133156.81,393167.6849,9.6304,129.4,TRUE,4.2,500,300
491,2016/10/11 21:47,130.6128298,46.325021,5133148.851,393176.5966,10.3712,126.6,TRUE,4.2,500,300
492,2016/10/11 21:47,130.6129483,46.32495067,5133140.874,393185.5851,11.2972,129.3,TRUE,4.2,500,300
493,2016/10/11 21:47,130.6130748,46.3248785,5133132.681,393195.1861,11.2972,129.8,TRUE,4.2,500,300
494,2016/10/11 21:47,130.6131973,46.32480717,5133124.587,393204.4807,11.112,130.8,TRUE,4.2,500,300
495,2016/10/11 21:48,130.6133158,46.32473633,5133116.553,393213.4683,10.5564,130.7,TRUE,4.2,500,300
496,2016/10/11 21:48,130.6134392,46.32465683,5133107.55,393222.8117,11.6676,131.5,TRUE,4.2,500,300
497,2016/10/11 21:48,130.6135588,46.32458483,5133099.385,393231.8864,10.3712,129.1,TRUE,4.2,500,300
498,2016/10/11 21:48,130.6136852,46.3245115,5133091.064,393241.4729,10.9268,127.3,TRUE,4.2,500,300
499,2016/10/11 21:48,130.6138073,46.32443783,5133082.711,393250.7369,11.8528,131,TRUE,4.2,500,300
500,2016/10/11 21:48,130.6139325,46.32436783,5133074.761,393260.2399,11.112,128.4,TRUE,4.2,500,300
501,2016/10/11 21:48,130.614051,46.3242975,5133066.784,393269.2286,10.186,129,TRUE,4.2,500,300
502,2016/10/11 21:48,130.6141718,46.32422917,5133059.025,393278.4006,11.2972,131.8,TRUE,4.2,500,300
503,2016/10/11 21:48,130.6142977,46.3241555,5133050.667,393287.9481,10.9268,131.9,TRUE,4.2,500,300
504,2016/10/11 21:48,130.614423,46.32408067,5133042.18,393297.4541,11.2972,131.3,TRUE,4.2,500,300
505,2016/10/11 21:48,130.6145477,46.324013,5133034.49,393306.9232,11.112,130.2,TRUE,4.2,500,300
506,2016/10/11 21:48,130.6146682,46.323941,5133026.325,393316.0628,10.7416,133.2,TRUE,4.2,500,300
507,2016/10/11 21:48,130.614792,46.32386767,5133018.007,393325.4563,10.7416,129.8,TRUE,4.2,500,300
508,2016/10/11 21:48,130.6149233,46.32379967,5133010.272,393335.4377,10.5564,129.4,TRUE,4.2,500,300
509,2016/10/11 21:48,130.6150502,46.32372533,5133001.837,393345.061,11.2972,129.7,TRUE,4.2,500,300
510,2016/10/11 21:49,130.6151765,46.32365267,5132993.591,393354.6484,10.9268,129,TRUE,4.2,500,300
511,2016/10/11 21:49,130.615303,46.32357767,5132985.084,393364.2444,12.038,134.5,TRUE,4.2,500,300
512,2016/10/11 21:49,130.6154248,46.323506,5132976.953,393373.4872,10.5564,128.3,TRUE,4.2,500,300
513,2016/10/11 21:49,130.6155485,46.3234355,5132968.95,393382.874,10.9268,131.5,TRUE,4.2,500,300
514,2016/10/11 21:49,130.6156708,46.32335933,5132960.319,393392.1466,11.4824,132.5,TRUE,4.2,500,300
515,2016/10/11 21:49,130.6157675,46.32329633,5132953.186,393399.4687,6.8524,139.7,TRUE,4.2,500,300
516,2016/10/11 21:49,130.615823,46.32324783,5132947.72,393403.6486,4.0744,154.8,FALSE,4.2,0,300
517,2016/10/11 21:49,130.6158362,46.32322733,5132945.424,393404.623,0.926,341.3,FALSE,4.2,0,300
518,2016/10/11 21:49,130.6158318,46.3232425,5132947.116,393404.3182,2.2224,349.8,FALSE,4.2,0,300
519,2016/10/11 21:49,130.61583,46.32323733,5132946.543,393404.1672,3.1484,180.5,FALSE,4.2,0,300
520,2016/10/11 21:49,130.6157923,46.3231935,5132941.722,393401.1811,5.9264,234,FALSE,4.2,0,300
521,2016/10/11 21:49,130.6157037,46.32316917,5132939.137,393394.3062,6.8524,252.9,FALSE,4.2,0,300
522,2016/10/11 21:49,130.6156037,46.3231485,5132936.974,393386.565,7.778399,256.7,FALSE,4.2,0,300
523,2016/10/11 21:49,130.6155018,46.32313283,5132935.369,393378.6918,8.1488,255.1,FALSE,4.2,0,300
524,2016/10/11 21:49,130.6153863,46.323122,5132934.321,393369.7761,8.334,264.4,FALSE,4.2,0,300
525,2016/10/11 21:50,130.615283,46.32311233,5132933.385,393361.7999,6.8524,265.4,FALSE,4.2,0,300
526,2016/10/11 21:50,130.615194,46.32314383,5132937.006,393355.0072,7.2228,303.5,FALSE,4.2,0,300
527,2016/10/11 21:50,130.6151233,46.3231785,5132940.955,393349.6323,6.1116,307,TRUE,4.2,500,300
528,2016/10/11 21:50,130.6150592,46.3232145,5132945.043,393344.7613,5.7412,305.7,TRUE,4.2,500,300
529,2016/10/11 21:50,130.6149825,46.32325917,5132950.112,393338.9437,6.482,308.9,TRUE,4.2,500,300
530,2016/10/11 21:50,130.6149033,46.32330433,5132955.238,393332.9346,7.778399,309.9,TRUE,4.2,500,300
531,2016/10/11 21:50,130.6148117,46.323355,5132960.994,393325.9744,8.334,307.2,TRUE,4.2,500,300
532,2016/10/11 21:50,130.6147268,46.32340267,5132966.407,393319.5336,7.778399,311.5,TRUE,4.2,500,300
533,2016/10/11 21:50,130.614651,46.3234475,5132971.492,393313.7811,7.0376,310.5,TRUE,4.2,500,300
534,2016/10/11 21:50,130.6145662,46.32349317,5132976.683,393307.3372,7.5932,308.7,TRUE,4.2,500,300
535,2016/10/11 21:50,130.6144762,46.3235405,5132982.065,393300.4983,8.1488,304.2,TRUE,4.2,500,300
536,2016/10/11 21:50,130.6143865,46.32359317,5132988.041,393293.6953,8.334,313.9,TRUE,4.2,500,300
537,2016/10/11 21:50,130.6142935,46.323645,5132993.927,393286.6342,8.889601,308.9,TRUE,4.2,500,300
538,2016/10/11 21:50,130.614195,46.323705,5133000.729,393279.1655,8.519199,310,TRUE,4.2,500,300
539,2016/10/11 21:50,130.6140938,46.32376233,5133007.238,393271.4859,9.8156,310,TRUE,4.2,500,300
540,2016/10/11 21:51,130.613997,46.32381833,5133013.594,393264.1381,8.334,309.1,TRUE,4.2,500,300
541,2016/10/11 21:51,130.6139105,46.32387117,5133019.584,393257.5796,8.334,307.5,TRUE,4.2,500,300
542,2016/10/11 21:51,130.613809,46.32392667,5133025.89,393249.8711,7.408,307.5,TRUE,4.2,500,300
543,2016/10/11 21:51,130.6137123,46.32398083,5133032.04,393242.532,9.0748,312.3,TRUE,4.2,500,300
544,2016/10/11 21:51,130.6136122,46.3240375,5133038.474,393234.9291,8.7044,309,TRUE,4.2,500,300
545,2016/10/11 21:51,130.613508,46.3240935,5133044.84,393227.016,8.7044,307.3,TRUE,4.2,500,300
546,2016/10/11 21:51,130.6134082,46.32414667,5133050.884,393219.4317,8.519199,308.1,TRUE,4.2,500,300
547,2016/10/11 21:51,130.6133122,46.324205,5133057.497,393212.1524,8.889601,312,TRUE,4.2,500,300
548,2016/10/11 21:51,130.6132172,46.32426067,5133063.814,393204.9449,7.9636,306.5,TRUE,4.2,500,300
549,2016/10/11 21:51,130.6131227,46.32430967,5133069.388,393197.763,7.408,303,TRUE,4.2,500,300
550,2016/10/11 21:51,130.6130322,46.324358,5133074.882,393190.8878,8.1488,307.1,TRUE,4.2,500,300
551,2016/10/11 21:51,130.6129488,46.32440683,5133080.422,393184.565,8.1488,312,TRUE,4.2,500,300
552,2016/10/11 21:51,130.6128617,46.3244615,5133086.617,393177.9593,8.7044,312.1,TRUE,4.2,500,300
553,2016/10/11 21:51,130.6127628,46.32451583,5133092.789,393170.4536,7.9636,307,TRUE,4.2,500,300
554,2016/10/11 21:51,130.6126733,46.32456667,5133098.561,393163.6604,7.408,311.5,TRUE,4.2,500,300
555,2016/10/11 21:52,130.6125873,46.32461617,5133104.179,393157.1341,8.519199,308.1,TRUE,4.2,500,300
556,2016/10/11 21:52,130.6125007,46.324665,5133109.724,393150.5556,7.408,309.5,TRUE,4.2,500,300
557,2016/10/11 21:52,130.612405,46.3247175,5133115.689,393143.2905,8.334,307.5,TRUE,4.2,500,300
558,2016/10/11 21:52,130.6123162,46.32477333,5133122.014,393136.5586,8.519199,312.8,TRUE,4.2,500,300
559,2016/10/11 21:52,130.6122242,46.3248275,5133128.16,393129.5794,9.26,313.2,TRUE,4.2,500,300
560,2016/10/11 21:52,130.6121285,46.324885,5133134.68,393122.3241,8.889601,310.9,TRUE,4.2,500,300
561,2016/10/11 21:52,130.6120403,46.32493983,5133140.894,393115.6411,7.0376,312.3,TRUE,4.2,500,300
562,2016/10/11 21:52,130.6119547,46.32498833,5133146.401,393109.1391,7.5932,310.5,TRUE,4.2,500,300
563,2016/10/11 21:52,130.6118718,46.32503383,5133151.57,393102.8485,7.9636,309.9,TRUE,4.2,500,300
564,2016/10/11 21:52,130.6117853,46.325086,5133157.486,393096.289,7.778399,307.6,TRUE,4.2,500,300
565,2016/10/11 21:52,130.6117067,46.32513183,5133162.686,393090.3209,6.8524,309.6,TRUE,4.2,500,300
566,2016/10/11 21:52,130.6116167,46.32518567,5133168.792,393083.4951,8.519199,308.4,TRUE,4.2,500,300
567,2016/10/11 21:52,130.6115203,46.32524067,5133175.036,393076.1834,8.519199,313.8,TRUE,4.2,500,300
568,2016/10/11 21:52,130.6114313,46.325292,5133180.862,393069.4298,7.5932,311,TRUE,4.2,500,300
569,2016/10/11 21:52,130.6113422,46.3253395,5133186.262,393062.6564,7.9636,308.1,TRUE,4.2,500,300
570,2016/10/11 21:53,130.6112497,46.325389,5133191.889,393055.6298,8.334,307.8,TRUE,4.2,500,300
571,2016/10/11 21:53,130.6111548,46.3254435,5133198.075,393048.4327,9.26,308.4,TRUE,4.2,500,300
572,2016/10/11 21:53,130.6110595,46.325495,5133203.929,393041.192,7.778399,307.3,TRUE,4.2,500,300
573,2016/10/11 21:53,130.6109745,46.32554433,5133209.527,393034.7426,7.408,312.7,TRUE,4.2,500,300
574,2016/10/11 21:53,130.6109007,46.32558933,5133214.629,393029.1449,6.2968,308.4,TRUE,4.2,350,300
575,2016/10/11 21:53,130.6108157,46.32563917,5133220.283,393022.6965,8.1488,312.5,TRUE,4.2,500,300
576,2016/10/11 21:53,130.6107247,46.32569533,5133226.649,393015.7984,7.778399,314.7,TRUE,4.2,500,300
577,2016/10/11 21:53,130.6106495,46.3257395,5133231.66,393010.096,6.8524,308,TRUE,4.2,500,300
578,2016/10/11 21:53,130.6105517,46.32578783,5133237.164,393002.6567,8.519199,304,TRUE,4.2,500,300
579,2016/10/11 21:53,130.610451,46.32584433,5133243.581,392995.0146,8.7044,310.6,TRUE,4.2,500,300
580,2016/10/11 21:53,130.6103558,46.32589683,5133249.545,392987.7883,8.519199,309.2,TRUE,4.2,500,300
581,2016/10/11 21:53,130.610259,46.32595483,5133256.123,392980.4449,9.0748,308.2,TRUE,4.2,500,300
582,2016/10/11 21:53,130.610155,46.32600733,5133262.099,392972.5387,8.889601,308.9,TRUE,4.2,500,300
583,2016/10/11 21:53,130.6100607,46.32606033,5133268.118,392965.3781,8.7044,310.9,TRUE,4.2,500,300
584,2016/10/11 21:53,130.6099702,46.32611567,5133274.392,392958.517,7.9636,306.5,TRUE,4.2,500,300
585,2016/10/11 21:54,130.6098863,46.3261675,5133280.266,392952.162,7.408,309.5,TRUE,4.2,500,300
586,2016/10/11 21:54,130.6098053,46.3262145,5133285.6,392946.0162,6.8524,310.1,TRUE,4.2,500,300
587,2016/10/11 21:54,130.6097248,46.32625633,5133290.358,392939.8988,6.8524,307,TRUE,4.2,500,300
588,2016/10/11 21:54,130.6096352,46.3263005,5133295.389,392933.0807,8.334,309.7,TRUE,4.2,500,300
589,2016/10/11 21:54,130.609551,46.32635,5133301.005,392926.6957,7.5932,309.5,TRUE,4.2,500,300
590,2016/10/11 21:54,130.6094715,46.3263945,5133306.059,392920.6606,4.63,303.7,TRUE,4.2,394,300
591,2016/10/11 21:54,130.6094118,46.32639817,5133306.548,392916.0729,4.8152,258.8,FALSE,4.2,0,300
592,2016/10/11 21:54,130.6093832,46.32636717,5133303.141,392913.8054,4.2596,186.4,FALSE,4.2,0,300
593,2016/10/11 21:54,130.6093747,46.326314,5133297.242,392913.0471,5.0004,194.6,FALSE,4.2,0,300
594,2016/10/11 21:54,130.6093452,46.3262665,5133292.002,392910.6827,5.9264,204.8,FALSE,4.2,0,300
595,2016/10/11 21:54,130.6093278,46.326212,5133285.968,392909.241,5.556,186.3,FALSE,4.2,0,300
596,2016/10/11 21:54,130.6093478,46.326164,5133280.605,392910.6875,5.3708,139.8,FALSE,4.2,0,300
597,2016/10/11 21:54,130.609412,46.3261245,5133276.128,392915.5518,6.1116,127.7,TRUE,4.2,500,300
598,2016/10/11 21:54,130.6095022,46.326073,5133270.281,392922.395,8.334,127.6,TRUE,4.2,500,300
599,2016/10/11 21:54,130.6096137,46.32601467,5133263.647,392930.8673,10.9268,130.8,TRUE,4.2,500,300
600,2016/10/11 21:55,130.6097192,46.32595433,5133256.797,392938.8737,10.5564,131.7,TRUE,4.2,500,300
601,2016/10/11 21:55,130.60984,46.3258865,5133249.094,392948.046,11.112,133.6,TRUE,4.2,500,300
602,2016/10/11 21:55,130.6099558,46.32581867,5133241.398,392956.8333,10.5564,130.1,TRUE,4.2,500,300
603,2016/10/11 21:55,130.6100697,46.32575283,5133233.925,392965.4713,10.5564,130.2,TRUE,4.2,500,300
604,2016/10/11 21:55,130.610182,46.32569067,5133226.864,392974.0002,9.8156,130,TRUE,4.2,500,300
605,2016/10/11 21:55,130.6102923,46.32562967,5133219.934,392982.3773,9.8156,131.7,TRUE,4.2,500,300
606,2016/10/11 21:55,130.6104032,46.32556583,5133212.688,392990.7882,10.3712,130.4,TRUE,4.2,500,300
607,2016/10/11 21:55,130.6105222,46.32550067,5133205.285,392999.825,10.3712,129.7,TRUE,4.2,500,300
608,2016/10/11 21:55,130.610645,46.32543483,5133197.8,393009.1553,10.186,129.5,TRUE,4.2,500,300
609,2016/10/11 21:55,130.6107663,46.32536683,5133190.078,393018.366,10.5564,126.8,TRUE,4.2,500,300
610,2016/10/11 21:55,130.6108783,46.325303,5133182.831,393026.8663,10.7416,129.8,TRUE,4.2,500,300
611,2016/10/11 21:55,130.610985,46.32524783,5133176.555,393034.9731,8.519199,127.1,TRUE,4.2,500,300
612,2016/10/11 21:55,130.6110923,46.32518483,5133169.407,393043.1155,10.186,129.9,TRUE,4.2,500,300
613,2016/10/11 21:55,130.6112087,46.32512067,5133162.118,393051.9495,9.6304,127.4,TRUE,4.2,500,300
614,2016/10/11 21:55,130.6113147,46.32505833,5133155.046,393059.9908,10.5564,130.4,TRUE,4.2,500,300
615,2016/10/11 21:56,130.6114343,46.32499667,5133148.03,393069.0853,10.5564,127.1,TRUE,4.2,500,300
616,2016/10/11 21:56,130.6115483,46.32493283,5133140.78,393077.7398,10.0008,128.2,TRUE,4.2,500,300
617,2016/10/11 21:56,130.6116638,46.32486783,5133133.399,393086.5075,9.6304,127.8,TRUE,4.2,500,300
618,2016/10/11 21:56,130.6117788,46.324801,5133125.815,393095.2332,9.6304,129.4,TRUE,4.2,500,300
619,2016/10/11 21:56,130.6118915,46.32474,5133118.882,393103.7908,10.0008,127.6,TRUE,4.2,500,300
620,2016/10/11 21:56,130.6120053,46.32467383,5133111.374,393112.4277,10.7416,131.5,TRUE,4.2,500,300
621,2016/10/11 21:56,130.612126,46.32460533,5133103.597,393121.5868,10.9268,127.9,TRUE,4.2,500,300
622,2016/10/11 21:56,130.6122507,46.32453517,5133095.63,393131.0508,11.4824,130.1,TRUE,4.2,500,300
623,2016/10/11 21:56,130.6123765,46.32446733,5133087.919,393140.6086,11.112,125.8,TRUE,4.2,500,300
624,2016/10/11 21:56,130.6126142,46.32433817,5133073.241,393158.6597,10.186,126.5,TRUE,4.2,500,300
625,2016/10/11 21:56,130.6127268,46.32427017,5133065.531,393167.203,10.3712,131.1,TRUE,4.2,500,300
626,2016/10/11 21:56,130.6129657,46.32413417,5133050.092,393185.331,10.3712,128.6,TRUE,4.2,500,300
627,2016/10/11 21:56,130.6130665,46.3240775,5133043.656,393192.9855,8.334,126.3,TRUE,4.2,500,300
628,2016/10/11 21:57,130.6131808,46.32401433,5133036.48,393201.667,11.6676,127.6,TRUE,4.2,500,300
629,2016/10/11 21:57,130.613304,46.32394267,5133028.349,393211.0127,11.112,128.4,TRUE,4.2,500,300
630,2016/10/11 21:57,130.613424,46.323873,5133020.443,393220.1182,11.2972,129.9,TRUE,4.2,500,300
631,2016/10/11 21:57,130.6135397,46.32380433,5133012.654,393228.8922,10.7416,130.3,TRUE,4.2,500,300
632,2016/10/11 21:57,130.613662,46.32373217,5133004.468,393238.1724,11.2972,128.9,TRUE,4.2,500,300
633,2016/10/11 21:57,130.6137872,46.32366483,5132996.814,393247.6806,10.9268,125.2,TRUE,4.2,500,300
634,2016/10/11 21:57,130.6139078,46.3235885,5132988.167,393256.8241,11.2972,132.1,TRUE,4.2,500,300
635,2016/10/11 21:57,130.6140245,46.32351667,5132980.025,393265.6691,10.9268,130.7,TRUE,4.2,500,300
636,2016/10/11 21:57,130.6141463,46.323447,5132972.117,393274.9156,10.9268,129.9,TRUE,4.2,500,300
637,2016/10/11 21:57,130.6142625,46.32337467,5132963.92,393283.7212,10.186,131.9,TRUE,4.2,500,300
638,2016/10/11 21:57,130.6143812,46.3233075,5132956.294,393292.7293,10.9268,131.4,TRUE,4.2,500,300
639,2016/10/11 21:57,130.6145035,46.3232365,5132948.237,393302.0119,11.112,130.8,TRUE,4.2,500,300
640,2016/10/11 21:57,130.6146218,46.323174,5132941.131,393311.003,8.519199,130.7,TRUE,4.2,500,300
641,2016/10/11 21:57,130.614707,46.32312167,5132935.199,393317.4602,6.482,131.3,TRUE,4.2,500,300
642,2016/10/11 21:57,130.6147652,46.32308083,5132930.581,393321.8605,2.9632,141.1,TRUE,4.2,279,300
643,2016/10/11 21:58,130.614757,46.32308833,5132931.426,393321.2459,2.9632,318.6,FALSE,4.2,0,300
644,2016/10/11 21:58,130.6147477,46.32311817,5132934.755,393320.5854,3.3336,357.2,FALSE,4.2,0,300
645,2016/10/11 21:58,130.6147518,46.32312817,5132935.861,393320.9252,3.704,199.9,TRUE,4.2,140,300
646,2016/10/11 21:58,130.6147145,46.32308967,5132931.632,393317.9755,4.8152,247.2,FALSE,4.2,0,300
647,2016/10/11 21:58,130.6146762,46.3230885,5132931.553,393315.0215,0.5556,86.1,FALSE,4.2,0,300
648,2016/10/11 21:58,130.6147127,46.32307617,5132930.134,393317.8084,2.0372,101.6,FALSE,4.2,0,300
649,2016/10/11 21:58,130.614709,46.32307967,5132930.528,393317.5325,4.2596,303.9,FALSE,4.2,0,300
650,2016/10/11 21:58,130.6146455,46.32311267,5132934.281,393312.7066,7.408,307.7,TRUE,4.2,499,300
651,2016/10/11 21:58,130.6145718,46.3231525,5132938.808,393307.1107,6.482,305.5,TRUE,4.2,500,300
652,2016/10/11 21:58,130.6144827,46.32319933,5132944.134,393300.3355,8.1488,309.9,TRUE,4.2,500,300
653,2016/10/11 21:58,130.6143947,46.3232455,5132949.384,393293.6484,7.778399,307.2,TRUE,4.2,500,300
654,2016/10/11 21:58,130.6143092,46.3232925,5132954.724,393287.1554,7.9636,310,TRUE,4.2,500,300
655,2016/10/11 21:58,130.6142225,46.323343,5132960.454,393280.5792,8.334,308.9,TRUE,4.2,500,300
656,2016/10/11 21:58,130.6141432,46.32338817,5132965.582,393274.5579,7.408,308.1,TRUE,4.2,500,300
657,2016/10/11 21:58,130.6140513,46.32343483,5132970.892,393267.576,7.0376,304.6,TRUE,4.2,500,300
658,2016/10/11 21:59,130.6139777,46.323478,5132975.79,393261.9875,8.1488,313.2,TRUE,4.2,500,300
659,2016/10/11 21:59,130.6138817,46.32352883,5132981.569,393254.6934,8.1488,306,TRUE,4.2,500,300
660,2016/10/11 21:59,130.6137802,46.32358383,5132987.82,393246.984,9.4452,307,TRUE,4.2,500,300
661,2016/10/11 21:59,130.613685,46.32363667,5132993.821,393239.7578,8.334,308,TRUE,4.2,500,300
662,2016/10/11 21:59,130.6135933,46.32368567,5132999.392,393232.7937,7.778399,304.7,TRUE,4.2,500,300
663,2016/10/11 21:59,130.6134963,46.32373667,5133005.191,393225.423,8.334,307.4,TRUE,4.2,500,300
664,2016/10/11 21:59,130.6133987,46.3237965,5133011.974,393218.0187,8.889601,312.1,TRUE,4.2,500,300
665,2016/10/11 21:59,130.6133182,46.32384033,5133016.954,393211.9048,7.0376,305.1,TRUE,4.2,500,300
666,2016/10/11 21:59,130.6132278,46.32389167,5133022.783,393205.0477,8.7044,308.9,TRUE,4.2,500,300
667,2016/10/11 21:59,130.6131352,46.32394133,5133028.428,393198.0087,7.9636,305.8,TRUE,4.2,500,300
668,2016/10/11 21:59,130.6130418,46.32399283,5133034.278,393190.9209,7.408,307.4,TRUE,4.2,500,300
669,2016/10/11 21:59,130.6129798,46.3240305,5133038.549,393186.2197,5.9264,311.3,TRUE,4.2,491,300
670,2016/10/11 21:59,130.6128828,46.32408583,5133044.83,393178.8575,8.7044,312.5,TRUE,4.2,500,300
671,2016/10/11 21:59,130.6127895,46.32414683,5133051.736,393171.789,8.7044,310.4,TRUE,4.2,500,300
672,2016/10/11 21:59,130.6126973,46.32420133,5133057.919,393164.7973,7.9636,310.4,TRUE,4.2,500,300
673,2016/10/11 22:00,130.6126083,46.324251,5133063.56,393158.0402,8.7044,309.3,TRUE,4.2,500,300
674,2016/10/11 22:00,130.6125128,46.32430317,5133069.488,393150.7875,8.1488,306.2,TRUE,4.2,500,300
675,2016/10/11 22:00,130.6124135,46.32436033,5133075.975,393143.2495,8.7044,309.1,TRUE,4.2,500,300
676,2016/10/11 22:00,130.6123182,46.32441767,5133082.478,393136.02,8.889601,305.7,TRUE,4.2,500,300
677,2016/10/11 22:00,130.6122227,46.3244805,5133089.591,393128.7881,9.26,314.4,TRUE,4.2,500,300
678,2016/10/11 22:00,130.612123,46.3245385,5133096.172,393121.2256,9.4452,308.8,TRUE,4.2,500,300
679,2016/10/11 22:00,130.61203,46.32459183,5133102.226,393114.1678,7.9636,311.4,TRUE,4.2,500,300
680,2016/10/11 22:00,130.6119318,46.324643,5133108.046,393106.7076,7.9636,309.2,TRUE,4.2,500,300
681,2016/10/11 22:00,130.6118368,46.324694,5133113.843,393099.4912,8.889601,308,TRUE,4.2,500,300
682,2016/10/11 22:00,130.6117422,46.32474917,5133120.103,393092.3091,8.1488,307.6,TRUE,4.2,500,300
683,2016/10/11 22:00,130.6116483,46.32480333,5133126.25,393085.1882,8.519199,312.9,TRUE,4.2,500,300
684,2016/10/11 22:00,130.6115522,46.324861,5133132.79,393077.8955,8.889601,307.4,TRUE,4.2,500,300
685,2016/10/11 22:00,130.6114582,46.32491633,5133139.068,393070.7646,7.9636,306.7,TRUE,4.2,500,300
686,2016/10/11 22:00,130.6113583,46.32497467,5133145.687,393063.1899,8.1488,308.9,TRUE,4.2,500,300
687,2016/10/11 22:00,130.6112613,46.325024,5133151.302,393055.8163,7.778399,305.6,TRUE,4.2,500,300
688,2016/10/11 22:01,130.6111693,46.32507367,5133156.947,393048.8284,8.1488,306.8,TRUE,4.2,500,300
689,2016/10/11 22:01,130.6110732,46.32512933,5133163.264,393041.5319,8.519199,310.5,TRUE,4.2,500,300
690,2016/10/11 22:01,130.61099,46.32518117,5133169.138,393035.2282,7.5932,315.6,TRUE,4.2,500,300
691,2016/10/11 22:01,130.6109,46.32523767,5133175.54,393028.4077,8.519199,313.7,TRUE,4.2,500,300
692,2016/10/11 22:01,130.6107992,46.32529433,5133181.975,393020.7536,8.7044,306,TRUE,4.2,440,300
693,2016/10/11 22:01,130.6106992,46.32535017,5133188.317,393013.1617,9.4452,311.2,TRUE,4.2,500,300
694,2016/10/11 22:01,130.6106052,46.32540367,5133194.39,393006.0274,8.7044,313,TRUE,4.2,500,300
695,2016/10/11 22:01,130.6105008,46.325459,5133200.682,392998.1004,8.889601,309.8,TRUE,4.2,500,300
696,2016/10/11 22:01,130.6104082,46.3255135,5133206.865,392991.0712,8.7044,309.3,TRUE,4.2,500,300
697,2016/10/11 22:01,130.6103113,46.32557233,5133213.535,392983.7286,8.889601,310.6,TRUE,4.2,500,300
698,2016/10/11 22:01,130.610217,46.3256265,5133219.684,392976.5702,8.519199,311.3,TRUE,4.2,500,300
699,2016/10/11 22:01,130.6101223,46.325682,5133225.981,392969.3883,8.7044,310.9,TRUE,4.2,500,300
700,2016/10/11 22:01,130.610025,46.32573933,5133232.485,392962.0051,8.7044,312.5,TRUE,4.2,500,300
701,2016/10/11 22:01,130.6099288,46.3257985,5133239.192,392954.7148,8.1488,312.6,TRUE,4.2,500,300
702,2016/10/11 22:01,130.6098333,46.325853,5133245.379,392947.467,8.7044,312.1,TRUE,4.2,500,300
703,2016/10/11 22:02,130.6097338,46.32590333,5133251.108,392939.9031,8.334,304.8,TRUE,4.2,500,300
704,2016/10/11 22:02,130.6096328,46.32595933,5133257.469,392932.2348,9.26,309.6,TRUE,4.2,500,300
705,2016/10/11 22:02,130.6095402,46.3260135,5133263.616,392925.2051,7.5932,307.3,TRUE,4.2,500,300
706,2016/10/11 22:02,130.609455,46.326064,5133269.345,392918.745,7.0376,311.7,TRUE,4.2,500,300
707,2016/10/11 22:02,130.6093837,46.32610833,5133274.369,392913.3387,6.482,311.6,TRUE,4.2,500,300
708,2016/10/11 22:02,130.6093368,46.326145,5133278.508,392909.8033,2.9632,332.9,FALSE,4.2,0,300
709,2016/10/11 22:02,130.6093288,46.32617867,5133282.261,392909.253,3.3336,3.3,FALSE,4.2,0,300
710,2016/10/11 22:02,130.609355,46.326202,5133284.819,392911.3138,2.778,64.5,FALSE,4.2,0,300
711,2016/10/11 22:02,130.6093937,46.32620617,5133285.231,392914.2997,3.1484,123.2,FALSE,4.2,0,300
712,2016/10/11 22:02,130.6094298,46.32618867,5133283.236,392917.0501,2.9632,145.4,FALSE,4.2,0,300
713,2016/10/11 22:02,130.609474,46.32615083,5133278.971,392920.3776,6.6672,131.8,TRUE,4.2,500,300
714,2016/10/11 22:02,130.6095528,46.326108,5133274.103,392926.3644,6.482,125.4,TRUE,4.2,500,300
715,2016/10/11 22:02,130.6096312,46.32606783,5133269.532,392932.3186,6.8524,127.2,TRUE,4.2,472,300
716,2016/10/11 22:02,130.6097217,46.326021,5133264.204,392939.1963,8.1488,130.7,TRUE,4.2,500,300
717,2016/10/11 22:02,130.6098047,46.32598117,5133259.665,392945.5101,6.6672,132.4,TRUE,4.2,500,300
718,2016/10/11 22:03,130.6098873,46.32593733,5133254.68,392951.7899,7.2228,122.7,TRUE,4.2,500,300
719,2016/10/11 22:03,130.609979,46.32588317,5133248.536,392958.7434,7.778399,131.9,TRUE,4.2,500,300
720,2016/10/11 22:03,130.6100688,46.325833,5133242.838,392965.563,7.778399,132.1,TRUE,4.2,500,300
721,2016/10/11 22:03,130.6101523,46.3257785,5133236.667,392971.8867,7.9636,134.7,TRUE,4.2,500,300
722,2016/10/11 22:03,130.6102407,46.3257315,5133231.323,392978.5978,7.9636,126.8,TRUE,4.2,500,300
723,2016/10/11 22:03,130.6103323,46.32567917,5133225.383,392985.5541,7.0376,134.1,TRUE,4.2,500,300
724,2016/10/11 22:03,130.6104155,46.32563483,5133220.342,392991.8723,7.408,122.6,TRUE,4.2,500,300
725,2016/10/11 22:03,130.6105168,46.325578,5133213.888,392999.5646,9.4452,128.7,TRUE,4.2,500,300
726,2016/10/11 22:03,130.6106307,46.32551433,5133206.657,393008.2069,10.7416,132.9,TRUE,4.2,500,300
727,2016/10/11 22:03,130.6107498,46.325451,5133199.456,393017.2595,10.186,126.9,TRUE,4.2,500,300
728,2016/10/11 22:03,130.6108483,46.325388,5133192.32,393024.7219,10.186,136.1,TRUE,4.2,500,300
729,2016/10/11 22:03,130.6109542,46.3253325,5133186.008,393032.7641,8.519199,126.1,TRUE,4.2,500,300
730,2016/10/11 22:03,130.6110635,46.32526583,5133178.45,393041.0533,10.7416,128.6,TRUE,4.2,500,300
731,2016/10/11 22:03,130.6111725,46.32519933,5133170.91,393049.3174,10.0008,130.4,TRUE,4.2,500,300
732,2016/10/11 22:03,130.6112827,46.32513783,5133163.926,393057.6815,10.186,128.4,TRUE,4.2,500,300
733,2016/10/11 22:04,130.6113988,46.32507317,5133156.581,393066.5006,10.5564,131,TRUE,4.2,500,300
734,2016/10/11 22:04,130.6115127,46.32500617,5133148.98,393075.1366,10.7416,132.8,TRUE,4.2,500,300
735,2016/10/11 22:04,130.611627,46.324943,5133141.804,393083.8178,10.186,128.9,TRUE,4.2,500,300
736,2016/10/11 22:04,130.6117298,46.3248835,5133135.052,393091.6205,8.889601,129.6,TRUE,4.2,500,300
737,2016/10/11 22:04,130.6118333,46.32482133,5133128.001,393099.4697,8.7044,134.4,TRUE,4.2,500,300
738,2016/10/11 22:04,130.6119298,46.32476883,5133122.035,393106.7987,9.6304,125.5,TRUE,4.2,500,300
739,2016/10/11 22:04,130.6120435,46.3247025,5133114.509,393115.423,10.9268,130.1,TRUE,4.2,500,300
740,2016/10/11 22:04,130.6121563,46.32463717,5133107.095,393123.9845,10.5564,130.1,TRUE,4.2,500,300
741,2016/10/11 22:04,130.6122675,46.324575,5133100.034,393132.4244,10.186,127.7,TRUE,4.2,500,300
742,2016/10/11 22:04,130.612381,46.32451167,5133092.842,393141.0415,10.186,129.1,TRUE,4.2,500,300
743,2016/10/11 22:04,130.6124945,46.32445017,5133085.852,393149.6622,10.186,126.8,TRUE,4.2,500,300
744,2016/10/11 22:04,130.6126087,46.32438367,5133078.307,393158.3247,9.6304,129.5,TRUE,4.2,500,300
745,2016/10/11 22:04,130.6127303,46.32431167,5133070.139,393167.5534,11.112,130,TRUE,4.2,500,300
746,2016/10/11 22:04,130.6128472,46.32424333,5133062.385,393176.418,11.4824,131.4,TRUE,4.2,500,300
747,2016/10/11 22:04,130.6129612,46.32417683,5133054.84,393185.0675,10.9268,130.6,TRUE,4.2,500,300
748,2016/10/11 22:05,130.6130755,46.324109,5133047.146,393193.7399,9.6304,131.9,TRUE,4.2,500,300
749,2016/10/11 22:05,130.6131892,46.32404267,5133039.619,393202.3644,10.9268,131.6,TRUE,4.2,500,300
750,2016/10/11 22:05,130.6133103,46.323974,5133031.823,393211.5611,10.9268,130.8,TRUE,4.2,500,300
751,2016/10/11 22:05,130.6134383,46.32390117,5133023.555,393221.2766,12.038,131.1,TRUE,4.2,500,300
752,2016/10/11 22:05,130.6135615,46.32383117,5133015.608,393230.6256,10.5564,127.2,TRUE,4.2,500,300
753,2016/10/11 22:05,130.6136793,46.32376217,5133007.779,393239.5653,10.7416,129.9,TRUE,4.2,500,300
754,2016/10/11 22:05,130.6137935,46.32369933,5133000.64,393248.2352,10.7416,131,TRUE,4.2,500,300
755,2016/10/11 22:05,130.613914,46.32362833,5132992.586,393257.3767,10.9268,132.3,TRUE,4.2,500,300
756,2016/10/11 22:05,130.6140342,46.32355983,5132984.81,393266.4977,10.0008,130,TRUE,4.2,500,300
757,2016/10/11 22:05,130.6141612,46.32348883,5132976.746,393276.1398,11.4824,127.8,TRUE,4.2,500,300
758,2016/10/11 22:05,130.614286,46.32341617,5132968.502,393285.6116,11.112,126.6,TRUE,4.2,500,300
759,2016/10/11 22:05,130.6144103,46.32334267,5132960.164,393295.0433,11.2972,129.9,TRUE,4.2,500,300
760,2016/10/11 22:05,130.6145342,46.323275,5132952.475,393304.4486,10.9268,126.8,TRUE,4.2,500,300
761,2016/10/11 22:05,130.6146582,46.32320483,5132944.509,393313.8614,11.112,126.9,TRUE,4.2,500,300
762,2016/10/11 22:05,130.6147618,46.3231405,5132937.218,393321.7192,9.26,133.8,TRUE,4.2,500,300
763,2016/10/11 22:06,130.614814,46.32310283,5132932.961,393325.6636,3.1484,147.1,FALSE,4.2,0,300
764,2016/10/11 22:06,130.614815,46.3230905,5132931.589,393325.7167,0,0,FALSE,4.2,0,300
765,2016/10/11 22:06,130.6148207,46.32312283,5132935.175,393326.2162,3.1484,8.1,FALSE,4.2,0,300
766,2016/10/11 22:06,130.6148112,46.32309467,5132932.057,393325.4298,5.556,209.5,FALSE,4.2,0,300
767,2016/10/11 22:06,130.614751,46.32306133,5132928.433,393320.7313,5.9264,242.2,FALSE,4.2,0,300
768,2016/10/11 22:06,130.6146803,46.32306417,5132928.843,393315.2945,5.9264,301,FALSE,4.2,0,300
769,2016/10/11 22:06,130.6146057,46.32310533,5132933.519,393309.625,7.778399,308.6,FALSE,4.2,0,300
770,2016/10/11 22:06,130.6145275,46.32314933,5132938.515,393303.6906,7.778399,311.9,TRUE,4.2,500,300
771,2016/10/11 22:06,130.6144555,46.32319683,5132943.892,393298.2383,6.482,310.8,TRUE,4.2,500,300
772,2016/10/11 22:06,130.6143732,46.3232445,5132949.302,393291.9907,7.2228,306.9,TRUE,4.2,500,300
773,2016/10/11 22:06,130.6142788,46.323295,5132955.043,393284.8238,9.0748,309.7,TRUE,4.2,500,300
774,2016/10/11 22:06,130.6141822,46.32334833,5132961.101,393277.4838,8.334,306.9,TRUE,4.2,500,300
775,2016/10/11 22:06,130.614088,46.32340733,5132967.786,393270.3465,9.6304,313,TRUE,4.2,500,300
776,2016/10/11 22:06,130.6139942,46.323462,5132973.989,393263.227,9.6304,311.6,TRUE,4.2,500,300
777,2016/10/11 22:06,130.6138928,46.32351783,5132980.332,393255.5315,8.889601,312.8,TRUE,4.2,500,300
778,2016/10/11 22:07,130.6137967,46.32357467,5132986.779,393248.2368,8.889601,315.3,TRUE,4.2,500,300
779,2016/10/11 22:07,130.6137038,46.32362617,5132992.629,393241.1874,8.7044,310,TRUE,4.2,500,300
780,2016/10/11 22:07,130.6136048,46.32368283,5132999.061,393233.6737,8.889601,307.8,TRUE,4.2,500,300
781,2016/10/11 22:07,130.613501,46.32374017,5133005.574,393225.7894,9.4452,309.6,TRUE,4.2,500,300
782,2016/10/11 22:07,130.6134057,46.3237925,5133011.52,393218.55,8.519199,313,TRUE,4.2,500,300
783,2016/10/11 22:07,130.6133073,46.323849,5133017.932,393211.0869,8.7044,312.3,TRUE,4.2,500,300
784,2016/10/11 22:07,130.6132102,46.323906,5133024.399,393203.7156,8.7044,311.4,TRUE,4.2,500,300
785,2016/10/11 22:07,130.613117,46.323956,5133030.083,393196.638,7.5932,307.2,TRUE,4.2,500,300
786,2016/10/11 22:07,130.613029,46.32401033,5133036.241,393189.9669,7.408,312.9,TRUE,4.2,500,300
787,2016/10/11 22:07,130.6129492,46.3240575,5133041.591,393183.9111,7.2228,310.9,TRUE,4.2,500,300
788,2016/10/11 22:07,130.6128603,46.32410617,5133047.121,393177.1644,8.1488,311.4,TRUE,4.2,500,300
789,2016/10/11 22:07,130.6127658,46.3241585,5133053.065,393169.989,9.4452,310.4,TRUE,4.2,500,300
790,2016/10/11 22:07,130.6126723,46.3242145,5133059.416,393162.8977,8.334,310,TRUE,4.2,500,300
791,2016/10/11 22:07,130.6125727,46.324266,5133065.275,393155.3233,8.889601,309.2,TRUE,4.2,500,300
792,2016/10/11 22:07,130.6124732,46.32432383,5133071.838,393147.7736,8.334,308.2,TRUE,4.2,500,300
793,2016/10/11 22:08,130.6123723,46.32437667,5133077.847,393140.1109,8.519199,308,TRUE,4.2,500,300
794,2016/10/11 22:08,130.6122723,46.32442833,5133083.725,393132.5107,8.519199,307.7,TRUE,4.2,500,300
795,2016/10/11 22:08,130.6121765,46.3244765,5133089.208,393125.2248,7.2228,303,TRUE,4.2,500,300
796,2016/10/11 22:08,130.6121012,46.32451517,5133093.608,393119.4991,6.482,303.2,TRUE,4.2,500,300
797,2016/10/11 22:08,130.6120232,46.32455617,5133098.271,393113.5723,7.0376,309.2,TRUE,4.2,438,300
798,2016/10/11 22:08,130.611927,46.3246105,5133104.44,393106.2723,8.1488,306.9,TRUE,4.2,500,300
799,2016/10/11 22:08,130.6118305,46.32466433,5133110.554,393098.9459,8.889601,310.7,TRUE,4.2,500,300
800,2016/10/11 22:08,130.6117272,46.32471883,5133116.751,393091.0949,9.0748,308.7,TRUE,4.2,442,300
801,2016/10/11 22:08,130.6116338,46.32477,5133122.565,393084.0066,8.1488,305.6,TRUE,4.2,500,300
802,2016/10/11 22:08,130.6115337,46.324824,5133128.703,393076.3988,8.7044,308.2,TRUE,4.2,500,300
803,2016/10/11 22:08,130.6114338,46.3248785,5133134.895,393068.8165,8.7044,311.9,TRUE,4.2,500,300
804,2016/10/11 22:08,130.6113327,46.32493217,5133140.998,393061.131,8.1488,308.8,TRUE,4.2,500,300
805,2016/10/11 22:08,130.6112357,46.32498667,5133147.187,393053.7675,8.889601,309.6,TRUE,4.2,500,300
806,2016/10/11 22:08,130.6111392,46.32504183,5133153.448,393046.4438,7.9636,308.4,TRUE,4.2,500,300
807,2016/10/11 22:08,130.6110475,46.3250935,5133159.316,393039.4853,8.334,308.6,TRUE,4.2,500,300
808,2016/10/11 22:09,130.6109575,46.32514483,5133165.143,393032.6547,8.519199,307,TRUE,4.2,500,300
809,2016/10/11 22:09,130.6108587,46.32520117,5133171.539,393025.1539,8.889601,308,TRUE,4.2,500,300
810,2016/10/11 22:09,130.6107672,46.32525217,5133177.331,393018.2071,8.1488,310.3,TRUE,4.2,500,300
811,2016/10/11 22:09,130.610666,46.32530667,5133183.526,393010.5226,9.26,308.3,TRUE,4.2,500,300
812,2016/10/11 22:09,130.6105645,46.32536283,5133189.906,393002.8159,9.0748,308.3,TRUE,4.2,500,300
813,2016/10/11 22:09,130.6104692,46.32541283,5133195.592,392995.5723,8.334,309.9,TRUE,4.2,500,300
814,2016/10/11 22:09,130.6103637,46.325465,5133201.534,392987.5498,8.889601,306.9,TRUE,4.2,500,300
815,2016/10/11 22:09,130.6102578,46.325525,5133208.346,392979.5165,9.8156,309.3,TRUE,4.2,500,300
816,2016/10/11 22:09,130.610159,46.325577,5133214.26,392972.0073,8.519199,305.2,TRUE,4.2,500,300
817,2016/10/11 22:09,130.6100565,46.32562917,5133220.197,392964.2159,8.1488,306.3,TRUE,4.2,500,300
818,2016/10/11 22:09,130.6099605,46.32568483,5133226.514,392956.9318,9.0748,307.9,TRUE,4.2,500,300
819,2016/10/11 22:09,130.6098642,46.32573233,5133231.924,392949.6065,7.5932,305.9,TRUE,4.2,500,300
820,2016/10/11 22:09,130.609766,46.32578367,5133237.764,392942.1469,9.0748,310.9,TRUE,4.2,500,300
821,2016/10/11 22:09,130.6096657,46.32584033,5133244.197,392934.5314,8.7044,308,TRUE,4.2,500,300
822,2016/10/11 22:09,130.6095677,46.325894,5133250.296,392927.0895,8.519199,307.2,TRUE,4.2,500,300
823,2016/10/11 22:10,130.6094767,46.325945,5133256.088,392920.1815,8.1488,306.1,TRUE,4.2,500,300
824,2016/10/11 22:10,130.6093842,46.32599717,5133262.012,392913.1603,6.6672,313.5,TRUE,4.2,500,300
825,2016/10/11 22:10,130.6093095,46.32604017,5133266.892,392907.4941,5.556,308.2,FALSE,4.2,0,300
826,2016/10/11 22:10,130.6092795,46.32608217,5133271.602,392905.2659,5.9264,356.4,FALSE,4.2,0,300
827,2016/10/11 22:10,130.6092972,46.32614,5133278.006,392906.7395,5.9264,29.7,FALSE,4.2,0,300
828,2016/10/11 22:10,130.609342,46.32618217,5133282.633,392910.274,5.1856,41.6,FALSE,4.2,0,300
829,2016/10/11 22:10,130.6093717,46.32619933,5133284.5,392912.5922,1.4816,190.6,FALSE,4.2,0,300
830,2016/10/11 22:10,130.6093733,46.32620083,5133284.665,392912.723,0,0,FALSE,4.2,0,300
831,2016/10/11 22:10,130.6093723,46.32620083,5133284.666,392912.646,0,0,FALSE,4.2,0,300
832,2016/10/11 22:10,130.6093727,46.326203,5133284.907,392912.6764,0,0,FALSE,4.2,0,300
833,2016/10/11 22:10,130.6093737,46.32620417,5133285.035,392912.7557,0,0,FALSE,4.2,0,300
834,2016/10/11 22:10,130.609374,46.32620417,5133285.035,392912.7811,0,185.1,FALSE,4.2,0,300
835,2016/10/11 22:10,130.609374,46.326204,5133285.016,392912.7808,0.1852,103,FALSE,4.2,0,300
836,2016/10/11 22:10,130.6093763,46.3262065,5133285.291,392912.9651,0,0,FALSE,4.2,0,300
837,2016/10/11 22:10,130.609378,46.32620983,5133285.659,392913.1002,0,0,FALSE,4.2,0,300
838,2016/10/11 22:11,130.6093795,46.32621067,5133285.75,392913.2173,0,0,FALSE,4.2,0,300
839,2016/10/11 22:11,130.6093808,46.326211,5133285.785,392913.3204,0,0,FALSE,4.2,0,300
840,2016/10/11 22:11,130.609378,46.326214,5133286.122,392913.1083,0,226.4,FALSE,4.2,0,300
841,2016/10/11 22:11,130.6093778,46.32621617,5133286.364,392913.0995,0,0,FALSE,4.2,0,300
842,2016/10/11 22:11,130.6093763,46.326219,5133286.68,392912.9895,0,0,FALSE,4.2,0,300
843,2016/10/11 22:11,130.6093765,46.32621883,5133286.661,392913.0022,0,0,FALSE,4.2,0,300
844,2016/10/11 22:11,130.6093708,46.32621733,5133286.502,392912.5627,0,338.8,FALSE,4.2,0,300
845,2016/10/11 22:11,130.6093703,46.3262205,5133286.855,392912.5304,0.3704,340.3,FALSE,4.2,0,300
846,2016/10/11 22:11,130.6093725,46.32621933,5133286.722,392912.6952,0,0,FALSE,4.2,0,300
847,2016/10/11 22:11,130.6093695,46.32622383,5133287.226,392912.473,0.5556,335,FALSE,4.2,0,300
848,2016/10/11 22:11,130.60937,46.32622767,5133287.652,392912.519,0,130,FALSE,4.2,0,300
849,2016/10/11 22:11,130.6093687,46.32622783,5133287.672,392912.4168,0,0,FALSE,4.2,0,300
850,2016/10/11 22:11,130.6093688,46.3262275,5133287.635,392912.4285,0,0,FALSE,4.2,0,300
851,2016/10/11 22:11,130.6093672,46.326224,5133287.248,392912.2939,0,0,FALSE,4.2,0,300
852,2016/10/11 22:11,130.6093683,46.326223,5133287.136,392912.3812,0,0,FALSE,4.2,0,300
853,2016/10/11 22:12,130.6093702,46.326223,5133287.133,392912.5229,0,0,FALSE,4.2,0,300
854,2016/10/11 22:12,130.6093703,46.32622367,5133287.207,392912.5366,0,0,FALSE,4.2,0,300
855,2016/10/11 22:12,130.6093675,46.32622933,5133287.84,392912.3297,0.926,325.7,FALSE,4.2,0,300
856,2016/10/11 22:12,130.6093713,46.3262275,5133287.632,392912.621,0,0,FALSE,4.2,0,300
857,2016/10/11 22:12,130.6093728,46.3262285,5133287.741,392912.7385,0,31.4,FALSE,4.2,0,300
858,2016/10/11 22:12,130.6093723,46.32622817,5133287.705,392912.6994,0,0,FALSE,4.2,0,300
859,2016/10/11 22:12,130.6093747,46.3262325,5133288.183,392912.888,0,88.8,FALSE,4.2,0,300
860,2016/10/11 22:12,130.609375,46.32623733,5133288.719,392912.9228,0,246.8,FALSE,4.2,0,300
861,2016/10/11 22:12,130.6093765,46.32624017,5133289.033,392913.0439,0,60.7,FALSE,4.2,0,300
862,2016/10/11 22:12,130.6093807,46.326243,5133289.342,392913.3705,0.3704,1.5,FALSE,4.2,0,300
863,2016/10/11 22:12,130.609382,46.326242,5133289.229,392913.471,0,10.9,FALSE,4.2,0,300
864,2016/10/11 22:12,130.609382,46.32624133,5133289.155,392913.4697,0,0,FALSE,4.2,0,300
865,2016/10/11 22:12,130.6093823,46.3262415,5133289.173,392913.4954,0,0,FALSE,4.2,0,300
866,2016/10/11 22:12,130.6093825,46.32624367,5133289.414,392913.5128,0,0,FALSE,4.2,0,300
867,2016/10/11 22:12,130.6093822,46.32624383,5133289.432,392913.4877,0,0,FALSE,4.2,0,300
868,2016/10/11 22:13,130.6093853,46.326247,5133289.78,392913.7372,0.3704,104.2,FALSE,4.2,0,300
869,2016/10/11 22:13,130.6093847,46.326248,5133289.892,392913.6883,0,0,FALSE,4.2,0,300
870,2016/10/11 22:13,130.609388,46.32624867,5133289.962,392913.946,0,0,FALSE,4.2,0,300
871,2016/10/11 22:13,130.6093887,46.32624617,5133289.684,392913.9928,0,0,FALSE,4.2,0,300
872,2016/10/11 22:13,130.6093878,46.3262455,5133289.61,392913.9268,0,0,FALSE,4.2,0,300
873,2016/10/11 22:13,130.6093883,46.326245,5133289.554,392913.9643,0,0,FALSE,4.2,0,300
874,2016/10/11 22:13,130.6093895,46.32624417,5133289.46,392914.0528,0,0,FALSE,4.2,0,300
875,2016/10/11 22:13,130.6093895,46.32624417,5133289.46,392914.0528,0,0,FALSE,4.2,0,300
876,2016/10/11 22:13,130.6093887,46.32624483,5133289.535,392913.9901,0,193,FALSE,4.2,0,300
877,2016/10/11 22:13,130.6093878,46.3262465,5133289.721,392913.9287,0,0,FALSE,4.2,0,300
878,2016/10/11 22:13,130.6093872,46.32624917,5133290.019,392913.8831,0.3704,326.2,FALSE,4.2,0,300
879,2016/10/11 22:13,130.6093853,46.32624983,5133290.095,392913.7427,0,0,FALSE,4.2,0,300
880,2016/10/11 22:13,130.6093845,46.32625017,5133290.134,392913.6795,0,119.4,FALSE,4.2,0,300
881,2016/10/11 22:13,130.6093832,46.3262495,5133290.061,392913.5757,0,0,FALSE,4.2,0,300
882,2016/10/11 22:13,130.6093828,46.32624917,5133290.025,392913.5489,0,0,FALSE,4.2,0,300
883,2016/10/11 22:14,130.6093817,46.32624967,5133290.082,392913.4605,0,0,FALSE,4.2,0,300
884,2016/10/11 22:14,130.6093803,46.326248,5133289.898,392913.3541,0,0,FALSE,4.2,0,300
885,2016/10/11 22:14,130.6093782,46.32624567,5133289.642,392913.1832,0,0,FALSE,4.2,0,300
886,2016/10/11 22:14,130.6093775,46.32624217,5133289.254,392913.1248,0.3704,52.7,FALSE,4.2,0,300
887,2016/10/11 22:14,130.6093802,46.326243,5133289.343,392913.332,0.5556,42.9,FALSE,4.2,0,300
888,2016/10/11 22:14,130.6093807,46.3262425,5133289.286,392913.3695,0,0,FALSE,4.2,0,300
889,2016/10/11 22:14,130.609382,46.32624433,5133289.488,392913.4755,0,0,FALSE,4.2,0,300
890,2016/10/11 22:14,130.6093843,46.32624517,5133289.578,392913.6566,0,115.7,FALSE,4.2,0,300
891,2016/10/11 22:14,130.6093833,46.32624517,5133289.58,392913.5796,0,0,FALSE,4.2,0,300
892,2016/10/11 22:14,130.6093847,46.32624433,5133289.484,392913.6811,1.1112,187.2,FALSE,4.2,0,300
893,2016/10/11 22:14,130.6093862,46.326245,5133289.557,392913.798,0,0,FALSE,4.2,0,300
894,2016/10/11 22:14,130.6093872,46.32624383,5133289.426,392913.8727,0,0,FALSE,4.2,0,300
895,2016/10/11 22:14,130.6093873,46.32624333,5133289.37,392913.884,0,0,FALSE,4.2,0,300
896,2016/10/11 22:14,130.6093877,46.32624233,5133289.258,392913.9083,0,0,FALSE,4.2,0,300
897,2016/10/11 22:14,130.6093868,46.32624083,5133289.093,392913.8406,0,0,FALSE,4.2,0,300
898,2016/10/11 22:15,130.6093863,46.3262405,5133289.057,392913.8015,0,0,FALSE,4.2,0,300
899,2016/10/11 22:15,130.6093855,46.32624067,5133289.077,392913.7379,0,0,FALSE,4.2,0,300
900,2016/10/11 22:15,130.6093848,46.32623917,5133288.911,392913.6834,0,0,FALSE,4.2,0,300
901,2016/10/11 22:15,130.6093837,46.32623817,5133288.801,392913.5921,0,0,FALSE,4.2,0,300
902,2016/10/11 22:15,130.6093837,46.32623833,5133288.819,392913.5924,0,0,FALSE,4.2,0,300
903,2016/10/11 22:15,130.6093828,46.32623783,5133288.764,392913.5268,0,0,FALSE,4.2,0,300
904,2016/10/11 22:15,130.6093832,46.32623617,5133288.579,392913.5497,0,0,FALSE,4.2,0,300
905,2016/10/11 22:15,130.6093833,46.3262365,5133288.616,392913.5627,0,0,FALSE,4.2,0,300
906,2016/10/11 22:15,130.609383,46.32623667,5133288.635,392913.5376,0,0,FALSE,4.2,0,300
907,2016/10/11 22:15,130.6093828,46.32623733,5133288.709,392913.5258,0,0,FALSE,4.2,0,300
908,2016/10/11 22:15,130.6093805,46.32623683,5133288.656,392913.3454,0,263.3,FALSE,4.2,0,300
909,2016/10/11 22:15,130.6093803,46.3262375,5133288.731,392913.3336,0,0,FALSE,4.2,0,300
910,2016/10/11 22:15,130.6093795,46.32623817,5133288.807,392913.271,0,0,FALSE,4.2,0,300
911,2016/10/11 22:15,130.6093787,46.32623817,5133288.808,392913.2071,0,0,FALSE,4.2,0,300
912,2016/10/11 22:15,130.6093767,46.32623633,5133288.606,392913.0495,0,203.7,FALSE,4.2,0,300
913,2016/10/11 22:16,130.6093758,46.3262355,5133288.515,392912.9832,0,0,FALSE,4.2,0,300
914,2016/10/11 22:16,130.6093752,46.32623517,5133288.479,392912.9317,0.3704,211.8,FALSE,4.2,0,300
915,2016/10/11 22:16,130.6093748,46.32623583,5133288.553,392912.9068,0,0,FALSE,4.2,0,300
916,2016/10/11 22:16,130.6093727,46.3262355,5133288.519,392912.7398,0,0,FALSE,4.2,0,300
917,2016/10/11 22:16,130.609372,46.32623517,5133288.483,392912.6876,0,0,FALSE,4.2,0,300
918,2016/10/11 22:16,130.6093725,46.32623567,5133288.538,392912.7271,0,0,FALSE,4.2,0,300
919,2016/10/11 22:16,130.6093733,46.32623533,5133288.499,392912.7903,0,0,FALSE,4.2,0,300
920,2016/10/11 22:16,130.6093742,46.32623567,5133288.536,392912.8557,0,0,FALSE,4.2,0,300
921,2016/10/11 22:16,130.6093753,46.32623983,5133288.997,392912.9531,0,13.8,FALSE,4.2,0,300
922,2016/10/11 22:16,130.609374,46.32623717,5133288.703,392912.8455,0,0,FALSE,4.2,0,300
923,2016/10/11 22:16,130.6093747,46.32623817,5133288.813,392912.8991,0,0,FALSE,4.2,0,300
924,2016/10/11 22:16,130.6093755,46.32623917,5133288.923,392912.9649,0,0,FALSE,4.2,0,300
925,2016/10/11 22:16,130.6093762,46.32624,5133289.015,392913.0181,0,0,FALSE,4.2,0,300
926,2016/10/11 22:16,130.6093757,46.32623983,5133288.996,392912.9793,0,0,FALSE,4.2,0,300
927,2016/10/11 22:16,130.6093758,46.32623967,5133288.978,392912.9913,0,0,FALSE,4.2,0,300
928,2016/10/11 22:17,130.6093765,46.32624033,5133289.051,392913.0442,0,0,FALSE,4.2,0,300
929,2016/10/11 22:17,130.609377,46.3262405,5133289.069,392913.083,0,0,FALSE,4.2,0,300
930,2016/10/11 22:17,130.6093777,46.326241,5133289.124,392913.1356,0,0,FALSE,4.2,0,300
931,2016/10/11 22:17,130.6093785,46.32624083,5133289.104,392913.1992,0,0,FALSE,4.2,0,300
932,2016/10/11 22:17,130.6093792,46.32624083,5133289.103,392913.2508,0,0,FALSE,4.2,0,300
933,2016/10/11 22:17,130.6093832,46.32624433,5133289.487,392913.5656,0,21.4,FALSE,4.2,0,300
934,2016/10/11 22:17,130.6093825,46.32624333,5133289.376,392913.5121,0,0,FALSE,4.2,0,300
935,2016/10/11 22:17,130.609382,46.32624283,5133289.321,392913.4726,0.1852,220.9,FALSE,4.2,0,300
936,2016/10/11 22:17,130.6093812,46.32624267,5133289.305,392913.4084,0,0,FALSE,4.2,0,300
937,2016/10/11 22:17,130.6093805,46.3262435,5133289.398,392913.3584,0,0,FALSE,4.2,0,300
938,2016/10/11 22:17,130.6093805,46.32624417,5133289.472,392913.3597,0,0,FALSE,4.2,0,300
939,2016/10/11 22:17,130.609381,46.326244,5133289.453,392913.3979,0,0,FALSE,4.2,0,300
940,2016/10/11 22:17,130.6093813,46.32624433,5133289.489,392913.4239,0,0,FALSE,4.2,0,300
941,2016/10/11 22:17,130.6093813,46.32624483,5133289.545,392913.4249,0,0,FALSE,4.2,0,300
942,2016/10/11 22:17,130.6093632,46.326242,5133289.255,392912.021,0.3704,220.5,FALSE,4.2,0,300
943,2016/10/11 22:18,130.6093713,46.32624133,5133289.169,392912.648,0.7408,26.5,FALSE,4.2,0,300
944,2016/10/11 22:18,130.60941,46.32623517,5133288.432,392915.6138,2.9632,112.3,TRUE,4.2,226,300
945,2016/10/11 22:18,130.6094683,46.32620817,5133285.352,392920.0529,6.482,120.1,TRUE,4.2,500,300
946,2016/10/11 22:18,130.6095495,46.3261645,5133280.388,392926.2182,7.0376,134.5,TRUE,4.2,500,300
947,2016/10/11 22:18,130.609639,46.32612033,5133275.357,392933.024,7.9636,121.6,TRUE,4.2,500,300
948,2016/10/11 22:18,130.6097343,46.32606633,5133269.226,392940.2597,6.8524,120.1,TRUE,4.2,500,300
949,2016/10/11 22:18,130.6098347,46.326015,5133263.385,392947.8863,9.4452,126.4,TRUE,4.2,500,300
950,2016/10/11 22:18,130.6099487,46.3259475,5133255.728,392956.5333,10.5564,127.7,TRUE,4.2,500,300
951,2016/10/11 22:18,130.6100733,46.325875,5133247.5,392965.9915,11.112,132.6,TRUE,4.2,500,300
952,2016/10/11 22:18,130.6101872,46.32580667,5133239.751,392974.6246,10.3712,129.9,TRUE,4.2,500,300
953,2016/10/11 22:18,130.6103083,46.32574217,5133232.418,392983.8289,9.8156,128.2,TRUE,4.2,500,300
954,2016/10/11 22:18,130.6104228,46.32567783,5133225.111,392992.5206,10.5564,127.3,TRUE,4.2,500,300
955,2016/10/11 22:18,130.6105423,46.32561017,5133217.429,393001.591,11.4824,133.3,TRUE,4.2,500,300
956,2016/10/11 22:18,130.6106573,46.32554283,5133209.788,393010.3154,10.0008,131.3,TRUE,4.2,500,300
957,2016/10/11 22:18,130.6107713,46.3254805,5133202.706,393018.9727,10.186,127.4,TRUE,4.2,500,300
958,2016/10/11 22:19,130.6108863,46.32541483,5133195.251,393027.7004,10.5564,131,TRUE,4.2,500,300
959,2016/10/11 22:19,130.6110062,46.325351,5133187.994,393036.8045,10.3712,129.5,TRUE,4.2,500,300
960,2016/10/11 22:19,130.6111185,46.3252805,5133180.006,393045.3173,10.186,130.8,TRUE,4.2,500,300
961,2016/10/11 22:19,130.6112318,46.32521883,5133172.998,393053.9243,10.3712,131.8,TRUE,4.2,500,300
962,2016/10/11 22:19,130.6113487,46.325154,5133165.634,393062.7955,10.186,129.3,TRUE,4.2,500,300
963,2016/10/11 22:19,130.6114577,46.32509133,5133158.521,393071.0671,9.6304,132.1,TRUE,4.2,500,300
964,2016/10/11 22:19,130.6115798,46.32502833,5133151.353,393080.3516,10.5564,127.5,TRUE,4.2,500,300
965,2016/10/11 22:19,130.6116977,46.32495483,5133143.024,393089.2829,10.7416,129.9,TRUE,4.2,500,300
966,2016/10/11 22:19,130.6118193,46.32488433,5133135.023,393098.5143,10.9268,131.9,TRUE,4.2,500,300
967,2016/10/11 22:19,130.6119437,46.324814,5133127.038,393107.9525,10.7416,128,TRUE,4.2,500,300
968,2016/10/11 22:19,130.6120645,46.32474367,5133119.057,393117.1203,10.7416,130.1,TRUE,4.2,500,300
969,2016/10/11 22:19,130.6121822,46.324679,5133111.71,393126.0559,10.186,131.1,TRUE,4.2,500,300
970,2016/10/11 22:19,130.6123002,46.32461317,5133104.233,393135.0146,10.7416,131.6,TRUE,4.2,500,300
971,2016/10/11 22:19,130.6124157,46.324553,5133097.389,393143.7919,9.4452,126.4,TRUE,4.2,500,300
972,2016/10/11 22:19,130.612534,46.32448283,5133089.429,393152.7676,10.9268,129.5,TRUE,4.2,500,300
973,2016/10/11 22:20,130.6126448,46.32441967,5133082.259,393161.1794,8.7044,125.4,TRUE,4.2,500,300
974,2016/10/11 22:20,130.6127582,46.32435633,5133075.066,393169.7842,10.186,128,TRUE,4.2,500,300
975,2016/10/11 22:20,130.6128872,46.32428483,5133066.944,393179.5791,11.6676,129.7,TRUE,4.2,500,300
976,2016/10/11 22:20,130.613008,46.324209,5133058.352,393188.7365,11.112,133.1,TRUE,4.2,500,300
977,2016/10/11 22:20,130.613128,46.32414067,5133050.595,393197.8445,10.9268,127.6,TRUE,4.2,500,300
978,2016/10/11 22:20,130.6132505,46.324072,5133042.797,393207.1444,10.7416,129.4,TRUE,4.2,500,300
979,2016/10/11 22:20,130.6133692,46.324002,5133034.856,393216.1468,10.9268,130.7,TRUE,4.2,500,300
980,2016/10/11 22:20,130.6134898,46.32392833,5133026.504,393225.2954,11.112,132.2,TRUE,4.2,500,300
981,2016/10/11 22:20,130.6136135,46.32385883,5133018.612,393234.6839,10.9268,128.5,TRUE,4.2,500,300
982,2016/10/11 22:20,130.6137403,46.32378333,5133010.049,393244.304,11.8528,130.8,TRUE,4.2,500,300
983,2016/10/11 22:20,130.6138657,46.323713,5133002.063,393253.8196,11.112,128.5,TRUE,4.2,500,300
984,2016/10/11 22:20,130.6139938,46.32364117,5132993.905,393263.5493,11.4824,129.1,TRUE,4.2,500,300
985,2016/10/11 22:20,130.6141208,46.32356983,5132985.804,393273.1908,11.112,131.8,TRUE,4.2,500,300
986,2016/10/11 22:20,130.6142418,46.32349483,5132977.305,393282.3631,10.9268,130.1,TRUE,4.2,500,300
987,2016/10/11 22:20,130.6143727,46.32342233,5132969.07,393292.298,11.2972,124.4,TRUE,4.2,500,300
988,2016/10/11 22:21,130.6145007,46.32334567,5132960.376,393302.0062,11.112,133.1,TRUE,4.2,500,300
989,2016/10/11 22:21,130.614624,46.32327533,5132952.391,393311.3671,11.4824,131.1,TRUE,4.2,500,300
990,2016/10/11 22:21,130.6147503,46.3232015,5132944.014,393320.9522,11.2972,129.5,TRUE,4.2,500,300
991,2016/10/11 22:21,130.61486,46.3231325,5132936.197,393329.2638,9.8156,130.2,TRUE,4.2,500,300
992,2016/10/11 22:21,130.6149403,46.323075,5132929.697,393335.3382,6.8524,141.7,TRUE,4.2,500,300
993,2016/10/11 22:21,130.6149438,46.323072,5132929.359,393335.6019,2.5928,316,FALSE,4.2,0,300
994,2016/10/11 22:21,130.6149303,46.32311467,5132934.12,393334.6452,5.1856,5.6,FALSE,4.2,0,300
995,2016/10/11 22:21,130.6149278,46.32310317,5132932.845,393334.4304,4.4448,194.6,FALSE,4.2,0,300
996,2016/10/11 22:21,130.6148787,46.323079,5132930.225,393330.5976,5.0004,244,FALSE,4.2,0,300
997,2016/10/11 22:21,130.614811,46.32306417,5132928.667,393325.3575,4.4448,257.2,FALSE,4.2,0,300
998,2016/10/11 22:21,130.6147448,46.323055,5132927.737,393320.2439,4.4448,260.9,FALSE,4.2,0,300
999,2016/10/11 22:21,130.6146807,46.32305117,5132927.398,393315.2954,4.63,274.7,FALSE,4.2,0,300
1000,2016/10/11 22:21,130.6146117,46.32305917,5132928.38,393309.9973,5.556,295.8,FALSE,4.2,0,300
1001,2016/10/11 22:21,130.6145155,46.32311017,5132934.179,393302.6904,7.778399,309.3,TRUE,4.2,500,300
1002,2016/10/11 22:21,130.6144182,46.32316217,5132940.09,393295.2961,8.1488,308.1,TRUE,4.2,500,300
1003,2016/10/11 22:22,130.6143217,46.32321283,5132945.851,393287.9631,8.7044,311.5,TRUE,4.2,500,300
1004,2016/10/11 22:22,130.6142333,46.32326067,5132951.288,393281.2531,8.1488,312.5,TRUE,4.2,500,300
1005,2016/10/11 22:22,130.6141487,46.32331333,5132957.255,393274.8359,9.26,313.5,TRUE,4.2,500,300
1006,2016/10/11 22:22,130.6140498,46.3233665,5132963.299,393267.3276,8.7044,306,TRUE,4.2,500,300
1007,2016/10/11 22:22,130.6139473,46.32342083,5132969.476,393259.5398,8.889601,309.7,TRUE,4.2,500,300
1008,2016/10/11 22:22,130.613839,46.32348217,5132976.44,393251.3167,9.4452,307.3,TRUE,4.2,500,300
1009,2016/10/11 22:22,130.6137317,46.323545,5132983.569,393243.1735,8.889601,309.7,TRUE,4.2,500,300
1010,2016/10/11 22:22,130.6136257,46.32360883,5132990.807,393235.1346,10.0008,310,TRUE,4.2,500,300
1011,2016/10/11 22:22,130.6135212,46.32367033,5132997.784,393227.2068,10.0008,313.1,TRUE,4.2,500,300
1012,2016/10/11 22:22,130.6134252,46.3237185,5133003.268,393219.9077,8.1488,306,TRUE,4.2,500,300
1013,2016/10/11 22:22,130.6133305,46.32377283,5133009.434,393212.7229,8.7044,314.8,TRUE,4.2,500,300
1014,2016/10/11 22:22,130.6132418,46.32382717,5133015.594,393206.0003,7.9636,312.2,TRUE,4.2,500,300
1015,2016/10/11 22:22,130.6131563,46.3238755,5133021.082,393199.5101,7.2228,302.7,TRUE,4.2,500,300
1016,2016/10/11 22:22,130.6130672,46.32392483,5133026.685,393192.7399,7.5932,304.7,TRUE,4.2,500,300
1017,2016/10/11 22:22,130.6129635,46.32397517,5133032.421,393184.8544,8.7044,309.5,TRUE,4.2,500,300
1018,2016/10/11 22:23,130.612879,46.32402117,5133037.648,393178.4367,7.5932,303.2,TRUE,4.2,500,300
1019,2016/10/11 22:23,130.6127912,46.32407183,5133043.397,393171.7716,7.9636,306.7,TRUE,4.2,500,300
1020,2016/10/11 22:23,130.61269,46.32412383,5133049.314,393164.0819,8.889601,308.4,TRUE,4.2,500,300
1021,2016/10/11 22:23,130.6125955,46.32417783,5133055.444,393156.9097,7.5932,307.8,TRUE,4.2,500,300
1022,2016/10/11 22:23,130.6124938,46.3242365,5133062.103,393149.1945,8.519199,307.8,TRUE,4.2,500,300
1023,2016/10/11 22:23,130.612395,46.3242985,5133069.128,393141.7045,9.0748,311.4,TRUE,4.2,500,300
1024,2016/10/11 22:23,130.6122878,46.32435667,5133075.738,393133.5648,10.0008,310.4,TRUE,4.2,500,300
1025,2016/10/11 22:23,130.6121957,46.324414,5133082.235,393126.5793,8.519199,314.6,TRUE,4.2,500,300
1026,2016/10/11 22:23,130.6121122,46.32446067,5133087.535,393120.24,6.482,308.4,TRUE,4.2,500,300
1027,2016/10/11 22:23,130.6120278,46.32450217,5133092.262,393113.826,7.9636,306.6,TRUE,4.2,500,300
1028,2016/10/11 22:23,130.6119322,46.3245555,5133098.319,393106.5633,8.519199,308.8,TRUE,4.2,500,300
1029,2016/10/11 22:23,130.6118422,46.32460167,5133103.573,393099.7225,7.0376,309.7,TRUE,4.2,500,300
1030,2016/10/11 22:23,130.6117487,46.32465367,5133109.479,393092.6236,7.9636,309.4,TRUE,4.2,500,300
1031,2016/10/11 22:23,130.6116635,46.32470533,5133115.336,393086.1655,7.5932,311.5,TRUE,4.2,500,300
1032,2016/10/11 22:23,130.611573,46.32475333,5133120.794,393079.2898,9.26,311.6,TRUE,4.2,500,300
1033,2016/10/11 22:24,130.6114752,46.324808,5133127.003,393071.8626,8.519199,309.4,TRUE,4.2,500,300
1034,2016/10/11 22:24,130.611375,46.32486283,5133133.233,393064.2556,9.0748,310.7,TRUE,4.2,500,300
1035,2016/10/11 22:24,130.6112867,46.32491467,5133139.115,393057.5546,8.334,310,TRUE,4.2,500,300
1036,2016/10/11 22:24,130.611192,46.32496333,5133144.651,393050.3591,8.889601,306.8,TRUE,4.2,500,300
1037,2016/10/11 22:24,130.6110975,46.32501617,5133150.652,393043.1849,8.7044,312.3,TRUE,4.2,500,300
1038,2016/10/11 22:24,130.6110038,46.3250705,5133156.818,393036.0775,8.334,311.6,TRUE,4.2,500,300
1039,2016/10/11 22:24,130.610906,46.325131,5133163.675,393028.6618,8.1488,309.3,TRUE,4.2,500,300
1040,2016/10/11 22:24,130.6108048,46.32519417,5133170.833,393020.9941,8.1488,310.9,TRUE,4.2,500,300
1041,2016/10/11 22:24,130.6106982,46.3252575,5133178.017,393012.904,8.519199,310.3,TRUE,4.2,500,300
1042,2016/10/11 22:24,130.6105977,46.325314,5133184.433,393005.275,7.9636,306,TRUE,4.2,500,300
1043,2016/10/11 22:24,130.6105043,46.3253715,5133190.951,392998.1993,7.5932,310.5,TRUE,4.2,500,300
1044,2016/10/11 22:24,130.6104137,46.3254215,5133196.631,392991.3153,9.0748,306,TRUE,4.2,500,300
1045,2016/10/11 22:24,130.6103123,46.32547933,5133203.196,392983.6243,8.7044,308.9,TRUE,4.2,500,300
1046,2016/10/11 22:24,130.6102112,46.32553583,5133209.613,392975.9444,8.334,306.6,TRUE,4.2,500,300
1047,2016/10/11 22:24,130.6101043,46.325594,5133216.223,392967.8305,8.889601,307.8,TRUE,4.2,500,300
1048,2016/10/11 22:25,130.610009,46.3256485,5133222.41,392960.5958,7.408,306.6,TRUE,4.2,500,300
1049,2016/10/11 22:25,130.6099275,46.3256975,5133227.967,392954.4153,7.5932,311.6,TRUE,4.2,500,300
1050,2016/10/11 22:25,130.6098392,46.32574767,5133233.663,392947.7112,7.9636,309.4,TRUE,4.2,500,300
1051,2016/10/11 22:25,130.6097535,46.32579783,5133239.355,392941.212,8.1488,309.9,TRUE,4.2,500,300
1052,2016/10/11 22:25,130.6096588,46.3258475,5133245.004,392934.0187,7.778399,303.7,TRUE,4.2,500,300
1053,2016/10/11 22:25,130.609567,46.32589817,5133250.76,392927.0461,8.1488,306.8,TRUE,4.2,500,300
1054,2016/10/11 22:25,130.609476,46.32594783,5133256.403,392920.1354,7.5932,304.5,TRUE,4.2,500,300
1055,2016/10/11 22:25,130.6093848,46.32599567,5133261.844,392913.2082,7.5932,307.4,TRUE,4.2,500,300
1056,2016/10/11 22:25,130.6093015,46.32604117,5133267.014,392906.88,6.8524,303.2,TRUE,4.2,500,300
1057,2016/10/11 22:25,130.6092353,46.3260775,5133271.142,392901.8555,3.3336,302.9,TRUE,4.2,410,300
1058,2016/10/11 22:25,130.609226,46.32610667,5133274.397,392901.1939,2.5928,351.2,FALSE,4.2,0,300
1059,2016/10/11 22:25,130.6092327,46.32612333,5133276.24,392901.7401,0.5556,272.1,FALSE,4.2,0,300
1060,2016/10/11 22:25,130.6092353,46.32612617,5133276.552,392901.9505,0,0,FALSE,4.2,0,300
1061,2016/10/11 22:25,130.6092378,46.32612917,5133276.882,392902.1488,0,0,FALSE,4.2,0,300
1062,2016/10/11 22:25,130.6092395,46.32613017,5133276.991,392902.2794,0,0,FALSE,4.2,0,300
1063,2016/10/11 22:26,130.60924,46.326132,5133277.194,392902.3215,0,0,FALSE,4.2,0,300
1064,2016/10/11 22:26,130.6092417,46.326133,5133277.303,392902.452,0,0,FALSE,4.2,0,300
1065,2016/10/11 22:26,130.6092425,46.32613283,5133277.283,392902.5156,0,0,FALSE,4.2,0,300
1066,2016/10/11 22:26,130.609244,46.3261325,5133277.244,392902.6305,0,0,FALSE,4.2,0,300
1067,2016/10/11 22:26,130.6092452,46.32613183,5133277.168,392902.7193,0,0,FALSE,4.2,0,300
1068,2016/10/11 22:26,130.609245,46.32613217,5133277.206,392902.7068,0,0,FALSE,4.2,0,300
1069,2016/10/11 22:26,130.6092445,46.32613317,5133277.318,392902.6703,0,0,FALSE,4.2,0,300
1070,2016/10/11 22:26,130.6092457,46.32613383,5133277.39,392902.7617,0,0,FALSE,4.2,0,300
1071,2016/10/11 22:26,130.6092478,46.3261335,5133277.35,392902.9273,0,0,FALSE,4.2,0,300
1072,2016/10/11 22:26,130.6092483,46.326134,5133277.405,392902.9668,0,0,FALSE,4.2,0,300
1073,2016/10/11 22:26,130.609249,46.32613617,5133277.645,392903.0227,0,0,FALSE,4.2,0,300
1074,2016/10/11 22:26,130.609251,46.32613667,5133277.698,392903.1776,0,0,FALSE,4.2,0,300
1075,2016/10/11 22:26,130.6092518,46.32613667,5133277.697,392903.2416,0,0,FALSE,4.2,0,300
1076,2016/10/11 22:26,130.6092515,46.3261375,5133277.79,392903.2178,0,0,FALSE,4.2,0,300
1077,2016/10/11 22:26,130.609251,46.32613783,5133277.827,392903.1799,0,0,FALSE,4.2,0,300
1078,2016/10/11 22:27,130.6092512,46.326139,5133277.957,392903.1953,0,0,FALSE,4.2,0,300
1079,2016/10/11 22:27,130.6092513,46.32614067,5133278.142,392903.2109,0,0,FALSE,4.2,0,300
1080,2016/10/11 22:27,130.6092502,46.326142,5133278.292,392903.1241,0,0,FALSE,4.2,0,300
1081,2016/10/11 22:27,130.6092505,46.32614233,5133278.328,392903.1502,0,0,FALSE,4.2,0,300
1082,2016/10/11 22:27,130.6092508,46.32614317,5133278.421,392903.1772,0,0,FALSE,4.2,0,300
1083,2016/10/11 22:27,130.609252,46.32614317,5133278.419,392903.2673,0,0,FALSE,4.2,0,300
1084,2016/10/11 22:27,130.6092522,46.32614317,5133278.419,392903.2804,0,0,FALSE,4.2,0,300
1085,2016/10/11 22:27,130.6092528,46.32614317,5133278.418,392903.3313,0,0,FALSE,4.2,0,300
1086,2016/10/11 22:27,130.6092528,46.32614333,5133278.436,392903.3316,0,0,FALSE,4.2,0,300
1087,2016/10/11 22:27,130.6092532,46.326144,5133278.51,392903.3591,0,0,FALSE,4.2,0,300
1088,2016/10/11 22:27,130.6092532,46.32614433,5133278.547,392903.3597,0,0,FALSE,4.2,0,300
1089,2016/10/11 22:27,130.6092537,46.3261445,5133278.565,392903.3985,0,0,FALSE,4.2,0,300
1090,2016/10/11 22:27,130.6092545,46.3261445,5133278.564,392903.4624,0,0,FALSE,4.2,0,300
1091,2016/10/11 22:27,130.6092548,46.32614433,5133278.544,392903.4875,0,0,FALSE,4.2,0,300
1092,2016/10/11 22:27,130.6092545,46.32614367,5133278.471,392903.4608,0,0,FALSE,4.2,0,300
1093,2016/10/11 22:28,130.6092603,46.3261485,5133279,392903.9192,2.4076,38.7,FALSE,4.2,0,300
1094,2016/10/11 22:28,130.6093022,46.326194,5133284.002,392907.2299,5.7412,22.2,FALSE,4.2,0,300
1095,2016/10/11 22:28,130.6093325,46.32623567,5133288.592,392909.6469,4.63,26.6,FALSE,4.2,0,300
1096,2016/10/11 22:28,130.6093797,46.3262725,5133292.623,392913.3511,4.8152,51.3,FALSE,4.2,0,300
1097,2016/10/11 22:28,130.6094393,46.32627617,5133292.95,392917.9524,5.0004,105.9,FALSE,4.2,0,300
1098,2016/10/11 22:28,130.6095173,46.326237,5133288.49,392923.8824,7.9636,126.1,TRUE,4.2,500,300
1099,2016/10/11 22:28,130.6096053,46.32619417,5133283.611,392930.5754,7.5932,125.9,TRUE,4.2,500,300
1100,2016/10/11 22:28,130.6096953,46.32614433,5133277.949,392937.4086,8.7044,128.9,TRUE,4.2,500,300
1101,2016/10/11 22:28,130.6097878,46.326092,5133272.007,392944.4296,8.519199,130.6,TRUE,4.2,500,300
1102,2016/10/11 22:28,130.609881,46.32604,5133266.101,392951.5028,8.7044,128.5,TRUE,4.2,500,300
1103,2016/10/11 22:28,130.6099863,46.325979,5133259.178,392959.4948,9.0748,129.3,TRUE,4.2,500,300
1104,2016/10/11 22:28,130.6100915,46.32592067,5133252.552,392967.4798,8.889601,128.5,TRUE,4.2,500,300
1105,2016/10/11 22:28,130.6102013,46.32586233,5133245.919,392975.8236,9.4452,124.4,TRUE,4.2,500,300
1106,2016/10/11 22:28,130.6103123,46.32579733,5133238.544,392984.2445,9.6304,129.7,TRUE,4.2,500,300
1107,2016/10/11 22:28,130.6104265,46.32574033,5133232.054,392992.9251,9.26,128.3,TRUE,4.2,500,300
1108,2016/10/11 22:29,130.6105383,46.32567533,5133224.677,393001.41,10.3712,131.5,TRUE,4.2,500,300
1109,2016/10/11 22:29,130.6106518,46.32560933,5133217.188,393010.0216,10.0008,130.4,TRUE,4.2,500,300
1110,2016/10/11 22:29,130.6107522,46.32555317,5133210.81,393017.6389,9.0748,129.1,TRUE,4.2,500,300
1111,2016/10/11 22:29,130.6108507,46.32549783,5133204.525,393025.1162,8.889601,126.1,TRUE,4.2,500,300
1112,2016/10/11 22:29,130.6109735,46.32542867,5133196.672,393034.4401,11.112,128.8,TRUE,4.2,500,300
1113,2016/10/11 22:29,130.6110715,46.3253765,5133190.74,393041.8851,7.778399,131.1,TRUE,4.2,500,300
1114,2016/10/11 22:29,130.6111763,46.32531117,5133183.337,393049.8304,10.7416,131.7,TRUE,4.2,500,300
1115,2016/10/11 22:29,130.6112913,46.325241,5133175.382,393058.5494,10.9268,132.7,TRUE,4.2,500,300
1116,2016/10/11 22:29,130.6115018,46.32511933,5133161.573,393074.5223,10.186,131.7,TRUE,4.2,500,300
1117,2016/10/11 22:29,130.6116182,46.32505283,5133154.024,393083.3518,10.5564,128.7,TRUE,4.2,500,300
1118,2016/10/11 22:29,130.611831,46.3249275,5133139.806,393099.4971,11.2972,136.8,TRUE,4.2,500,300
1119,2016/10/11 22:29,130.6119495,46.324859,5133132.032,393108.4891,10.7416,129,TRUE,4.2,500,300
1120,2016/10/11 22:29,130.6120585,46.32479617,5133124.901,393116.7605,9.8156,130.1,TRUE,4.2,500,300
1121,2016/10/11 22:30,130.6121625,46.3247375,5133118.239,393124.6551,8.334,133.1,TRUE,4.2,500,300
1122,2016/10/11 22:30,130.6122653,46.32468283,5133112.023,393132.4673,10.186,128.2,TRUE,4.2,500,300
1123,2016/10/11 22:30,130.6123792,46.3246185,5133104.719,393141.1086,10.3712,130.4,TRUE,4.2,500,300
1124,2016/10/11 22:30,130.6124882,46.324552,5133097.18,393149.373,9.6304,129.6,TRUE,4.2,500,300
1125,2016/10/11 22:30,130.6126012,46.32448383,5133089.45,393157.9422,11.112,129.8,TRUE,4.2,500,300
1126,2016/10/11 22:30,130.6127172,46.3244165,5133081.809,393166.744,10.0008,131.2,TRUE,4.2,500,300
1127,2016/10/11 22:30,130.6128305,46.324348,5133074.042,393175.338,10.3712,129.6,TRUE,4.2,500,300
1128,2016/10/11 22:30,130.6129535,46.32427583,5133065.854,393184.6696,10.7416,128.4,TRUE,4.2,500,300
1129,2016/10/11 22:30,130.61307,46.32421233,5133058.639,393193.5175,10.186,129.1,TRUE,4.2,500,300
1130,2016/10/11 22:30,130.6131865,46.32414583,5133051.09,393202.3596,10.7416,129.7,TRUE,4.2,500,300
1131,2016/10/11 22:30,130.6133088,46.32407683,5133043.255,393211.6457,10.186,130.8,TRUE,4.2,500,300
1132,2016/10/11 22:30,130.6134272,46.3240105,5133035.723,393220.6299,10.9268,129.9,TRUE,4.2,500,300
1133,2016/10/11 22:30,130.6135395,46.32394433,5133028.216,393229.1515,10.0008,131.3,TRUE,4.2,500,300
1134,2016/10/11 22:30,130.6136438,46.3238865,5133021.647,393237.0734,9.6304,127.8,TRUE,4.2,500,300
1135,2016/10/11 22:30,130.6137685,46.32381433,5133013.457,393246.5337,11.112,126.5,TRUE,4.2,500,300
1136,2016/10/11 22:31,130.6138872,46.32374467,5133005.554,393255.5369,10.9268,129.9,TRUE,4.2,500,300
1137,2016/10/11 22:31,130.6140035,46.323675,5132997.653,393264.3598,10.9268,132,TRUE,4.2,500,300
1138,2016/10/11 22:31,130.6141125,46.323608,5132990.059,393272.6235,9.6304,128.4,TRUE,4.2,500,300
1139,2016/10/11 22:31,130.6142225,46.3235425,5132982.63,393280.9672,10.3712,127.9,TRUE,4.2,500,300
1140,2016/10/11 22:31,130.6143327,46.323475,5132974.978,393289.3201,10.7416,128.1,TRUE,4.2,500,300
1141,2016/10/11 22:31,130.6144465,46.32341117,5132967.73,393297.962,10.3712,126.6,TRUE,4.2,500,300
1142,2016/10/11 22:31,130.6145613,46.32334433,5132960.145,393306.675,10.186,129,TRUE,4.2,500,300
1143,2016/10/11 22:31,130.6146778,46.323276,5132952.393,393315.5138,10.7416,130.2,TRUE,4.2,500,300
1144,2016/10/11 22:31,130.6148015,46.32320467,5132944.298,393324.899,10.7416,131.5,TRUE,4.2,500,300
1145,2016/10/11 22:31,130.614895,46.32314433,5132937.465,393331.9821,8.889601,131.5,TRUE,4.2,500,300
1146,2016/10/11 22:31,130.6149545,46.32309933,5132932.382,393336.4768,4.0744,158.4,FALSE,4.2,0,300
1147,2016/10/11 22:31,130.6149415,46.32305517,5132927.491,393335.3898,5.556,210.8,FALSE,4.2,0,300
1148,2016/10/11 22:31,130.6148577,46.32304417,5132926.381,393328.9126,8.1488,274,FALSE,4.2,0,300
1149,2016/10/11 22:31,130.6147558,46.32303583,5132925.592,393321.0537,7.778399,252,FALSE,4.2,0,300
1150,2016/10/11 22:31,130.6146522,46.32301967,5132923.935,393313.0394,8.334,266.6,FALSE,4.2,0,300
1151,2016/10/11 22:32,130.6145543,46.3230315,5132925.382,393305.5277,7.2228,293.8,FALSE,4.2,0,300
1152,2016/10/11 22:32,130.6144528,46.323082,5132931.132,393297.8094,8.7044,304.8,TRUE,4.2,477,300
1153,2016/10/11 22:32,130.6143638,46.32313133,5132936.735,393291.0514,8.334,311.4,TRUE,4.2,500,300
1154,2016/10/11 22:32,130.6142717,46.32318183,5132942.473,393284.0523,8.1488,309.9,TRUE,4.2,500,300
1155,2016/10/11 22:32,130.6141848,46.32323517,5132948.519,393277.4685,7.5932,308.2,TRUE,4.2,500,300
1156,2016/10/11 22:32,130.6140983,46.32328267,5132953.915,393270.8996,7.2228,305.6,TRUE,4.2,500,300
1157,2016/10/11 22:32,130.6140077,46.32333433,5132959.78,393264.0183,8.519199,311.9,TRUE,4.2,500,300
1158,2016/10/11 22:32,130.613912,46.323389,5132965.985,393256.7571,9.26,311.1,TRUE,4.2,500,300
1159,2016/10/11 22:32,130.613819,46.32344567,5132972.41,393249.7055,9.0748,312,TRUE,4.2,500,300
1160,2016/10/11 22:32,130.6137277,46.323498,5132978.35,393242.774,8.1488,311.2,TRUE,4.2,500,300
1161,2016/10/11 22:32,130.6136303,46.323552,5132984.484,393235.3829,8.889601,308.8,TRUE,4.2,500,300
1162,2016/10/11 22:32,130.6135318,46.3236065,5132990.674,393227.9035,8.1488,313.9,TRUE,4.2,500,300
1163,2016/10/11 22:32,130.6134297,46.32366217,5132997,393220.1446,9.0748,308.7,TRUE,4.2,500,300
1164,2016/10/11 22:32,130.613347,46.3237125,5133002.706,393213.8762,6.8524,313.2,TRUE,4.2,500,300
1165,2016/10/11 22:32,130.613265,46.32375883,5133007.967,393207.6516,7.5932,310.8,TRUE,4.2,500,300
1166,2016/10/11 22:33,130.6131683,46.32381567,5133014.415,393200.3177,8.519199,311.1,TRUE,4.2,500,300
1167,2016/10/11 22:33,130.6130712,46.3238685,5133020.418,393192.9383,8.334,307.4,TRUE,4.2,500,300
1168,2016/10/11 22:33,130.6129722,46.32392267,5133026.573,393185.4199,8.889601,311,TRUE,4.2,500,300
1169,2016/10/11 22:33,130.6128737,46.32397917,5133032.986,393177.9445,8.1488,307.5,TRUE,4.2,500,300
1170,2016/10/11 22:33,130.6127717,46.324039,5133039.774,393170.2061,9.8156,311.7,TRUE,4.2,500,300
1171,2016/10/11 22:33,130.612662,46.324099,5133046.592,393161.8773,10.5564,305.4,TRUE,4.2,500,300
1172,2016/10/11 22:33,130.6125678,46.32415567,5133053.018,393154.7357,8.1488,309.5,TRUE,4.2,500,300
1173,2016/10/11 22:33,130.6124822,46.32420233,5133058.32,393148.23,7.408,305.9,TRUE,4.2,500,300
1174,2016/10/11 22:33,130.6123943,46.324252,5133063.96,393141.5623,8.519199,310.9,TRUE,4.2,500,300
1175,2016/10/11 22:33,130.6122917,46.32431083,5133070.638,393133.7712,8.889601,306.5,TRUE,4.2,500,300
1176,2016/10/11 22:33,130.6121905,46.32436633,5133076.943,393126.0884,8.334,309.6,TRUE,4.2,500,300
1177,2016/10/11 22:33,130.612097,46.3244225,5133083.313,393118.9975,8.334,311.6,TRUE,4.2,500,300
1178,2016/10/11 22:33,130.6120032,46.32447083,5133088.812,393111.8659,8.1488,302.5,TRUE,4.2,500,300
1179,2016/10/11 22:33,130.6119148,46.32452117,5133094.527,393105.1611,7.778399,309.2,TRUE,4.2,500,300
1180,2016/10/11 22:33,130.611821,46.32456967,5133100.044,393098.0299,8.519199,308.6,TRUE,4.2,500,300
1181,2016/10/11 22:34,130.6117377,46.3246195,5133105.696,393091.7099,7.2228,310.4,TRUE,4.2,500,300
1182,2016/10/11 22:34,130.6116507,46.32466933,5133111.352,393085.1073,8.334,308.2,TRUE,4.2,500,300
1183,2016/10/11 22:34,130.6115583,46.32472567,5133117.739,393078.1062,8.7044,310.4,TRUE,4.2,500,300
1184,2016/10/11 22:34,130.611457,46.32478267,5133124.212,393070.414,8.889601,307.5,TRUE,4.2,500,300
1185,2016/10/11 22:34,130.6113628,46.32483767,5133130.453,393063.2694,8.519199,312.7,TRUE,4.2,500,300
1186,2016/10/11 22:34,130.611272,46.32489233,5133136.651,393056.3813,7.778399,306.2,TRUE,4.2,500,300
1187,2016/10/11 22:34,130.6111757,46.32494733,5133142.895,393049.0704,8.889601,309.7,TRUE,4.2,500,300
1188,2016/10/11 22:34,130.6110848,46.32499867,5133148.724,393042.1751,7.778399,308.8,TRUE,4.2,500,300
1189,2016/10/11 22:34,130.6109988,46.32505017,5133154.565,393035.6528,7.9636,309.3,TRUE,4.2,500,300
1190,2016/10/11 22:34,130.6109118,46.32509567,5133159.74,393029.0419,7.9636,306.5,TRUE,4.2,500,300
1191,2016/10/11 22:34,130.610827,46.325146,5133165.449,393022.6075,7.0376,312.1,TRUE,4.2,500,300
1192,2016/10/11 22:34,130.6107407,46.32519333,5133170.827,393016.0517,7.2228,304.7,TRUE,4.2,500,300
1193,2016/10/11 22:34,130.6106567,46.32524,5133176.128,393009.6741,6.8524,310.9,TRUE,4.2,500,300
1194,2016/10/11 22:34,130.6105745,46.3252855,5133181.297,393003.4352,8.519199,311.4,TRUE,4.2,500,300
1195,2016/10/11 22:34,130.610494,46.32533333,5133186.722,392997.3294,6.482,307.8,TRUE,4.2,500,300
1196,2016/10/11 22:35,130.6104005,46.325384,5133192.48,392990.228,9.4452,307.9,TRUE,4.2,500,300
1197,2016/10/11 22:35,130.610299,46.32543933,5133198.768,392982.5197,8.889601,309.1,TRUE,4.2,500,300
1198,2016/10/11 22:35,130.6102143,46.32549033,5133204.551,392976.099,7.2228,314.1,TRUE,4.2,500,300
1199,2016/10/11 22:35,130.6101323,46.32553217,5133209.313,392969.8661,6.8524,308.9,TRUE,4.2,500,300
1200,2016/10/11 22:35,130.61004,46.3255835,5133215.143,392962.8562,8.889601,309.1,TRUE,4.2,500,300
1201,2016/10/11 22:35,130.6099402,46.32564233,5133221.818,392955.2834,9.6304,310,TRUE,4.2,500,300
1202,2016/10/11 22:35,130.609837,46.32570033,5133228.404,392947.4518,9.8156,309,TRUE,4.2,500,300
1203,2016/10/11 22:35,130.6097347,46.325762,5133235.397,392939.692,9.6304,307.2,TRUE,4.2,500,300
1204,2016/10/11 22:35,130.6096237,46.325818,5133241.772,392931.2536,8.7044,300.4,TRUE,4.2,500,300
1205,2016/10/11 22:35,130.6095255,46.325871,5133247.796,392923.7973,7.408,309.2,TRUE,4.2,500,300
1206,2016/10/11 22:35,130.6094545,46.32590583,5133251.764,392918.3978,6.1116,304,TRUE,4.2,500,300
1207,2016/10/11 22:35,130.609371,46.32595,5133256.786,392912.054,7.9636,305.6,TRUE,4.2,500,300
1208,2016/10/11 22:35,130.6092947,46.32599383,5133261.762,392906.2617,6.482,314.5,TRUE,4.2,500,300
1209,2016/10/11 22:35,130.6092405,46.32603,5133265.855,392902.1609,2.0372,321.2,TRUE,4.2,500,300
1210,2016/10/11 22:35,130.6092363,46.32607017,5133270.326,392901.9182,5.1856,1.4,FALSE,4.2,0,300
1211,2016/10/11 22:36,130.6092813,46.32615367,5133279.547,392905.5464,8.7044,26,FALSE,4.2,0,300
1212,2016/10/11 22:36,130.6093365,46.32623183,5133288.16,392909.9474,8.334,25.3,FALSE,4.2,0,300
1213,2016/10/11 22:36,130.6094028,46.326279,5133293.314,392915.1472,4.8152,62.6,FALSE,4.2,0,300
1214,2016/10/11 22:36,130.6094868,46.32627083,5133292.292,392921.5998,6.8524,117.8,FALSE,4.2,0,300
1215,2016/10/11 22:36,130.6095653,46.3262315,5133287.814,392927.568,7.778399,128.7,TRUE,4.2,500,300
1216,2016/10/11 22:36,130.6096573,46.32618633,5133282.669,392934.5644,7.9636,127.3,TRUE,4.2,500,300
1217,2016/10/11 22:36,130.6097505,46.326135,5133276.837,392941.6388,8.519199,130.7,TRUE,4.2,500,300
1218,2016/10/11 22:36,130.6098517,46.32608117,5133270.717,392949.3245,9.0748,126,TRUE,4.2,500,300
1219,2016/10/11 22:36,130.6099512,46.32602767,5133264.636,392956.8822,8.7044,125.7,TRUE,4.2,500,300
1220,2016/10/11 22:36,130.610048,46.32597167,5133258.28,392964.2295,8.7044,132.2,TRUE,4.2,500,300
1221,2016/10/11 22:36,130.6101437,46.32592033,5133252.444,392971.4965,8.519199,133.1,TRUE,4.2,500,300
1222,2016/10/11 22:36,130.6102328,46.325868,5133246.507,392978.2603,9.0748,130.2,TRUE,4.2,500,300
1223,2016/10/11 22:36,130.61034,46.32580533,5133239.396,392986.3908,9.6304,131.3,TRUE,4.2,500,300
1224,2016/10/11 22:36,130.6104535,46.32574867,5133232.944,392995.0206,9.4452,127.7,TRUE,4.2,500,300
1225,2016/10/11 22:36,130.6105643,46.32568817,5133226.07,393003.4372,9.6304,125.6,TRUE,4.2,500,300
1226,2016/10/11 22:37,130.6106655,46.32562633,5133219.059,393011.1074,8.7044,134,TRUE,4.2,500,300
1227,2016/10/11 22:37,130.6107685,46.32556783,5133212.417,393018.925,8.519199,132,TRUE,4.2,500,300
1228,2016/10/11 22:37,130.610865,46.325515,5133206.414,393026.2532,8.889601,125.8,TRUE,4.2,500,300
1229,2016/10/11 22:37,130.6109615,46.3254605,5133200.226,393033.5781,8.889601,130.7,TRUE,4.2,500,300
1230,2016/10/11 22:37,130.6110758,46.32539783,5133193.106,393042.2601,10.5564,128.8,TRUE,4.2,500,300
1231,2016/10/11 22:37,130.6111897,46.32533367,5133185.82,393050.9015,9.26,129.7,TRUE,4.2,500,300
1232,2016/10/11 22:37,130.6112793,46.3252755,5133179.233,393057.6926,9.0748,135.8,TRUE,4.2,500,300
1233,2016/10/11 22:37,130.6113873,46.3252105,5133171.862,393065.8827,9.6304,132.7,TRUE,4.2,500,300
1234,2016/10/11 22:37,130.6114998,46.32514617,5133164.559,393074.4206,10.186,132.2,TRUE,4.2,500,300
1235,2016/10/11 22:37,130.6116008,46.32509067,5133158.254,393082.0902,8.889601,129.4,TRUE,4.2,500,300
1236,2016/10/11 22:37,130.6117042,46.32503583,5133152.019,393089.9413,8.889601,131.4,TRUE,4.2,500,300
1237,2016/10/11 22:37,130.611807,46.32497633,5133145.266,393097.7441,9.26,129.6,TRUE,4.2,500,300
1238,2016/10/11 22:37,130.6119095,46.3249165,5133138.477,393105.5208,9.6304,129.9,TRUE,4.2,500,300
1239,2016/10/11 22:37,130.6120277,46.32484917,5133130.834,393114.4896,10.3712,131,TRUE,4.2,500,300
1240,2016/10/11 22:37,130.6121473,46.32478033,5133123.02,393123.5703,10.186,131.4,TRUE,4.2,500,300
1241,2016/10/11 22:38,130.6122463,46.32472633,5133116.884,393131.0889,7.778399,127.5,TRUE,4.2,500,300
1242,2016/10/11 22:38,130.6123493,46.3246695,5133110.428,393138.91,8.889601,133.1,TRUE,4.2,500,300
1243,2016/10/11 22:38,130.6124495,46.32461233,5133103.938,393146.5126,9.4452,129,TRUE,4.2,500,300
1244,2016/10/11 22:38,130.6125595,46.32454783,5133096.62,393154.8579,10.186,128.2,TRUE,4.2,500,300
1245,2016/10/11 22:38,130.6126808,46.3244795,5133088.861,393164.0682,10.7416,130.8,TRUE,4.2,500,300
1246,2016/10/11 22:38,130.6127942,46.32441233,5133081.242,393172.6656,9.8156,133.2,TRUE,4.2,500,300
1247,2016/10/11 22:38,130.6128963,46.3243575,5133075.01,393180.426,8.889601,131.8,TRUE,4.2,500,300
1248,2016/10/11 22:38,130.6130138,46.3242925,5133067.626,393189.348,10.7416,127.5,TRUE,4.2,500,300
1249,2016/10/11 22:38,130.613107,46.32423883,5133061.535,393196.4184,7.9636,131.2,TRUE,4.2,500,300
1250,2016/10/11 22:38,130.6132115,46.32417633,5133054.446,393204.3441,9.8156,133.3,TRUE,4.2,500,300
1251,2016/10/11 22:38,130.6133265,46.32411017,5133046.937,393213.0714,10.3712,132.7,TRUE,4.2,500,300
1252,2016/10/11 22:38,130.6134378,46.32403983,5133038.968,393221.5079,9.4452,133.8,TRUE,4.2,500,300
1253,2016/10/11 22:38,130.6135533,46.32397667,5133031.792,393230.2795,10.186,128.5,TRUE,4.2,500,300
1254,2016/10/11 22:38,130.6136752,46.32391283,5133024.532,393239.5381,10.5564,128.2,TRUE,4.2,500,300
1255,2016/10/11 22:38,130.6137962,46.32384383,5133016.699,393248.7219,11.112,131.1,TRUE,4.2,500,300
1256,2016/10/11 22:39,130.6138977,46.323789,5133010.467,393256.4317,8.519199,130.2,TRUE,4.2,500,300
1257,2016/10/11 22:39,130.6140018,46.32373367,5133004.177,393264.3453,10.5564,128.7,TRUE,4.2,500,300
1258,2016/10/11 22:39,130.6141208,46.3236665,5132996.55,393273.3788,10.186,129.9,TRUE,4.2,500,300
1259,2016/10/11 22:39,130.6142427,46.3236,5132988.994,393282.6323,10.5564,129.8,TRUE,4.2,500,300
1260,2016/10/11 22:39,130.614351,46.3235355,5132981.678,393290.8493,9.8156,131.1,TRUE,4.2,500,300
1261,2016/10/11 22:39,130.6144437,46.32348533,5132975.977,393297.8882,7.5932,119.4,TRUE,4.2,500,300
1262,2016/10/11 22:39,130.6145545,46.32342217,5132968.807,393306.3004,11.2972,130.9,TRUE,4.2,500,300
1263,2016/10/11 22:39,130.614665,46.3233585,5132961.581,393314.6862,10.5564,130.5,TRUE,4.2,500,300
1264,2016/10/11 22:39,130.6147753,46.3232975,5132954.652,393323.0641,10.5564,126.5,TRUE,4.2,500,300
1265,2016/10/11 22:39,130.614894,46.32322783,5132946.747,393332.0674,10.9268,131,TRUE,4.2,500,300
1266,2016/10/11 22:39,130.615004,46.3231555,5132938.559,393340.3979,9.6304,135.1,TRUE,4.2,500,300
1267,2016/10/11 22:39,130.6150542,46.32311083,5132933.527,393344.1747,4.2596,155.9,FALSE,4.2,0,300
1268,2016/10/11 22:39,130.615049,46.32307633,5132929.699,393343.7095,2.778,204.8,FALSE,4.2,0,300
1269,2016/10/11 22:39,130.6150102,46.32305617,5132927.51,393340.68,3.3336,242,FALSE,4.2,0,300
1270,2016/10/11 22:39,130.6149557,46.32304983,5132926.879,393336.4706,3.5188,270.3,FALSE,4.2,0,300
1271,2016/10/11 22:40,130.6148982,46.32305,5132926.975,393332.0429,3.8892,272.5,FALSE,4.2,0,300
1272,2016/10/11 22:40,130.6147723,46.32304433,5132926.514,393322.3409,9.4452,261.2,FALSE,4.2,0,300
1273,2016/10/11 22:40,130.6146467,46.323021,5132924.09,393312.6184,9.26,254,FALSE,4.2,0,300
1274,2016/10/11 22:40,130.6145208,46.32302383,5132924.574,393302.933,7.778399,285.9,FALSE,4.2,0,300
1275,2016/10/11 22:40,130.6144142,46.3230675,5132929.572,393294.804,9.0748,308.2,FALSE,4.2,0,300
1276,2016/10/11 22:40,130.6143128,46.32312267,5132935.841,393287.107,9.0748,311.1,TRUE,4.2,500,300
1277,2016/10/11 22:40,130.6142108,46.32317717,5132942.037,393279.358,9.0748,308.8,TRUE,4.2,500,300
1278,2016/10/11 22:40,130.6140997,46.32323783,5132948.929,393270.9155,9.0748,311.4,TRUE,4.2,500,300
1279,2016/10/11 22:40,130.614001,46.32328817,5132954.658,393263.4149,9.0748,309.1,TRUE,4.2,500,300
1280,2016/10/11 22:40,130.613897,46.3233435,5132960.948,393255.5135,8.7044,305.3,TRUE,4.2,500,300
1281,2016/10/11 22:40,130.6137843,46.32340517,5132967.955,393246.9568,10.0008,308.1,TRUE,4.2,500,300
1282,2016/10/11 22:40,130.6136785,46.323465,5132974.748,393238.9232,9.26,309.5,TRUE,4.2,500,300
1283,2016/10/11 22:40,130.6135767,46.32352117,5132981.129,393231.1906,9.26,308.4,TRUE,4.2,500,300
1284,2016/10/11 22:40,130.6134715,46.32357483,5132987.235,393223.1959,8.519199,305.9,TRUE,4.2,500,300
1285,2016/10/11 22:40,130.6133738,46.3236285,5132993.333,393215.7789,7.408,306.3,TRUE,4.2,500,300
1286,2016/10/11 22:41,130.6132817,46.32368267,5132999.478,393208.7871,8.1488,310.1,TRUE,4.2,500,300
1287,2016/10/11 22:41,130.6131828,46.32374067,5133006.059,393201.2884,8.889601,309.6,TRUE,4.2,500,300
1288,2016/10/11 22:41,130.613089,46.32379133,5133011.816,393194.1612,8.1488,311,TRUE,4.2,500,300
1289,2016/10/11 22:41,130.6130053,46.32383583,5133016.876,393187.8045,6.6672,303.8,TRUE,4.2,500,300
1290,2016/10/11 22:41,130.6129112,46.323891,5133023.135,393180.6607,9.6304,311.5,TRUE,4.2,500,300
1291,2016/10/11 22:41,130.6128098,46.32394667,5133029.46,393172.965,8.889601,309.6,TRUE,4.2,500,300
1292,2016/10/11 22:41,130.6127093,46.32400417,5133035.987,393165.3375,8.1488,304.2,TRUE,4.2,500,300
1293,2016/10/11 22:41,130.6126058,46.32406417,5133042.796,393157.4839,8.889601,307.4,TRUE,4.2,500,300
1294,2016/10/11 22:41,130.6125115,46.324124,5133049.574,393150.3362,8.519199,309.5,TRUE,4.2,500,300
1295,2016/10/11 22:41,130.6124148,46.32418267,5133056.226,393143.006,7.9636,309.3,TRUE,4.2,500,300
1296,2016/10/11 22:41,130.6123138,46.324236,5133062.29,393135.332,8.7044,306.7,TRUE,4.2,500,300
1297,2016/10/11 22:41,130.6122158,46.32429117,5133068.555,393127.8926,8.519199,310.4,TRUE,4.2,500,300
1298,2016/10/11 22:41,130.6121253,46.3243485,5133075.049,393121.035,7.0376,309.8,TRUE,4.2,500,300
1299,2016/10/11 22:41,130.6120298,46.32440283,5133081.217,393113.7865,9.26,308.4,TRUE,4.2,500,300
1300,2016/10/11 22:41,130.6119218,46.32446167,5133087.903,393105.5842,8.889601,308.5,TRUE,4.2,500,300
1301,2016/10/11 22:42,130.6118353,46.32451167,5133093.578,393099.0204,7.9636,308.6,TRUE,4.2,500,300
1302,2016/10/11 22:42,130.6117498,46.3245635,5133099.455,393092.5372,8.334,312.3,TRUE,4.2,500,300
1303,2016/10/11 22:42,130.611649,46.32461767,5133105.612,393084.878,8.519199,305.9,TRUE,4.2,500,300
1304,2016/10/11 22:42,130.6115548,46.32467017,5133111.575,393077.7285,7.9636,307.9,TRUE,4.2,500,300
1305,2016/10/11 22:42,130.6114588,46.324723,5133117.577,393070.4387,8.334,308.3,TRUE,4.2,500,300
1306,2016/10/11 22:42,130.611374,46.32477483,5133123.453,393064.0071,8.334,312.2,TRUE,4.2,500,300
1307,2016/10/11 22:42,130.6112812,46.32482633,5133129.302,393056.9588,8.7044,310.2,TRUE,4.2,500,300
1308,2016/10/11 22:42,130.6111968,46.32487533,5133134.863,393050.5595,5.7412,302.9,TRUE,4.2,500,300
1309,2016/10/11 22:42,130.611119,46.32492567,5133140.564,393044.6641,8.1488,313,TRUE,4.2,500,300
1310,2016/10/11 22:42,130.6110212,46.32498067,5133146.809,393037.2377,8.7044,307.4,TRUE,4.2,500,300
1311,2016/10/11 22:42,130.6109315,46.32503467,5133152.933,393030.4377,8.334,312,TRUE,4.2,500,300
1312,2016/10/11 22:42,130.610833,46.3250915,5133159.383,393022.9633,9.4452,310.1,TRUE,4.2,500,300
1313,2016/10/11 22:42,130.610728,46.32515583,5133166.676,393015.0029,10.186,311.9,FALSE,4.2,0,300
1314,2016/10/11 22:42,130.6106358,46.32521133,5133172.969,393008.0134,8.889601,310.5,TRUE,4.2,500,300
1315,2016/10/11 22:42,130.6105358,46.32526833,5133179.44,393000.4238,7.9636,307.1,TRUE,4.2,500,300
1316,2016/10/11 22:43,130.6104462,46.325319,5133185.194,392993.6182,7.5932,308.7,TRUE,4.2,500,300
1317,2016/10/11 22:43,130.6103478,46.32537083,5133191.088,392986.1464,8.7044,306.9,TRUE,4.2,500,300
1318,2016/10/11 22:43,130.6102425,46.32542983,5133197.788,392978.1503,8.889601,306.3,TRUE,4.2,500,300
1319,2016/10/11 22:43,130.6101405,46.32548633,5133204.206,392970.4058,8.519199,306.7,TRUE,4.2,500,300
1320,2016/10/11 22:43,130.6100528,46.32553967,5133210.254,392963.7587,7.9636,309.3,TRUE,4.2,500,300
1321,2016/10/11 22:43,130.6099587,46.3255965,5133216.698,392956.6186,8.334,311.3,TRUE,4.2,500,300
1322,2016/10/11 22:43,130.6098568,46.32565583,5133223.431,392948.892,8.889601,308.9,TRUE,4.2,500,300
1323,2016/10/11 22:43,130.6097622,46.3257075,5133229.302,392941.7034,8.334,309.1,TRUE,4.2,500,300
1324,2016/10/11 22:43,130.609663,46.32577,5133236.383,392934.1886,9.4452,309.5,TRUE,4.2,500,300
1325,2016/10/11 22:43,130.609565,46.32582833,5133243,392926.7558,8.519199,309.2,TRUE,4.2,500,300
1326,2016/10/11 22:43,130.6094553,46.3258855,5133249.503,392918.4221,8.519199,307.1,TRUE,4.2,184,300
1327,2016/10/11 22:43,130.6093658,46.3259385,5133255.515,392911.6335,8.1488,310.7,TRUE,4.2,500,300
1328,2016/10/11 22:43,130.6092775,46.32598267,5133260.544,392904.9177,6.8524,301.7,TRUE,4.2,500,300
1329,2016/10/11 22:43,130.6092227,46.32602817,5133265.676,392900.7843,4.4448,331.1,FALSE,4.2,0,300
1330,2016/10/11 22:43,130.6092492,46.32609917,5133273.532,392902.9635,7.778399,15.4,FALSE,4.2,0,300
1331,2016/10/11 22:44,130.6092933,46.32617017,5133281.365,392906.5027,7.408,25.1,FALSE,4.2,0,300
1332,2016/10/11 22:44,130.6093422,46.326237,5133288.727,392910.3941,7.778399,24.2,FALSE,4.2,0,300
1333,2016/10/11 22:44,130.6093962,46.32630233,5133295.916,392914.6799,7.2228,41.6,FALSE,4.2,0,300
1334,2016/10/11 22:44,130.6094837,46.32631933,5133297.687,392921.4511,7.2228,91.4,FALSE,4.2,0,300
1335,2016/10/11 22:44,130.6095752,46.32628583,5133293.84,392928.4317,7.2228,133,TRUE,4.2,356,300
1336,2016/10/11 22:44,130.609662,46.32624283,5133288.943,392935.0342,7.408,126.1,TRUE,4.2,500,300
1337,2016/10/11 22:44,130.6097423,46.32620083,5133284.166,392941.1381,7.2228,127.5,TRUE,4.2,500,300
1338,2016/10/11 22:44,130.6098327,46.326153,5133278.727,392948.0015,7.9636,128.9,TRUE,4.2,500,300
1339,2016/10/11 22:44,130.6099307,46.32610317,5133273.056,392955.4509,8.1488,126.2,TRUE,4.2,500,300
1340,2016/10/11 22:44,130.6100313,46.326049,5133266.898,392963.0966,9.8156,127.7,TRUE,4.2,500,300
1341,2016/10/11 22:44,130.6101267,46.32599117,5133260.341,392970.3256,8.7044,132.5,TRUE,4.2,500,300
1342,2016/10/11 22:44,130.6102207,46.32593767,5133254.267,392977.4598,9.0748,127.8,TRUE,4.2,500,300
1343,2016/10/11 22:44,130.6103243,46.32587917,5133247.625,392985.3282,9.6304,129.3,TRUE,4.2,500,300
1344,2016/10/11 22:44,130.6104367,46.3258165,5133240.507,392993.8568,10.7416,129.2,TRUE,4.2,500,300
1345,2016/10/11 22:44,130.6105528,46.32575617,5133233.644,393002.6842,10.7416,127.8,TRUE,4.2,500,300
1346,2016/10/11 22:45,130.6106705,46.32568983,5133226.111,393011.6162,10.5564,131.3,TRUE,4.2,500,300
1347,2016/10/11 22:45,130.6107883,46.32562533,5133218.782,393020.5642,10.186,127.9,TRUE,4.2,500,300
1348,2016/10/11 22:45,130.6108783,46.3255765,5133213.233,393027.3996,9.6304,128.1,TRUE,4.2,500,300
1349,2016/10/11 22:45,130.6109907,46.32551417,5133206.152,393035.929,10.3712,128.2,TRUE,4.2,500,300
1350,2016/10/11 22:45,130.6110955,46.3254545,5133199.378,393043.8853,9.0748,132.1,TRUE,4.2,500,300
1351,2016/10/11 22:45,130.6111962,46.325397,5133192.851,393051.5255,9.4452,128.6,TRUE,4.2,500,300
1352,2016/10/11 22:45,130.6113085,46.325329,5133185.14,393060.0432,10.9268,135.9,TRUE,4.2,349,300
1353,2016/10/11 22:45,130.6114232,46.32526833,5133178.242,393068.7553,10.3712,130.8,TRUE,4.2,500,300
1354,2016/10/11 22:45,130.6115345,46.32519983,5133170.477,393077.195,10.9268,131.6,TRUE,4.2,500,300
1355,2016/10/11 22:45,130.6116437,46.32513817,5133163.476,393085.4818,9.6304,128,TRUE,4.2,500,300
1356,2016/10/11 22:45,130.6117607,46.325073,5133156.074,393094.3647,11.2972,129.4,TRUE,4.2,500,300
1357,2016/10/11 22:45,130.6118768,46.32500367,5133148.211,393103.1748,11.112,130.9,TRUE,4.2,500,300
1358,2016/10/11 22:45,130.6119943,46.32493433,5133140.345,393112.0881,10.5564,132.9,TRUE,4.2,500,300
1359,2016/10/11 22:45,130.6121157,46.32486767,5133132.771,393121.3023,10.5564,128.7,TRUE,4.2,500,300
1360,2016/10/11 22:45,130.6122323,46.32479983,5133125.073,393130.1539,10.7416,128.4,TRUE,4.2,500,300
1361,2016/10/11 22:46,130.6123462,46.32473233,5133117.416,393138.789,10.9268,134,TRUE,4.2,500,300
1362,2016/10/11 22:46,130.6124555,46.32466483,5133109.766,393147.0769,10.186,130.8,TRUE,4.2,500,300
1363,2016/10/11 22:46,130.6125653,46.3246,5133102.411,393155.4084,10.7416,128.8,TRUE,4.2,500,300
1364,2016/10/11 22:46,130.6126927,46.324534,5133094.903,393165.0861,10.5564,127.8,TRUE,4.2,500,300
1365,2016/10/11 22:46,130.6128105,46.32446417,5133086.982,393174.024,11.112,131.8,TRUE,4.2,500,300
1366,2016/10/11 22:46,130.612932,46.32439233,5133078.833,393183.2407,11.4824,128.6,TRUE,4.2,500,300
1367,2016/10/11 22:46,130.6130473,46.32432933,5133071.675,393191.9994,10.3712,127.6,TRUE,4.2,500,300
1368,2016/10/11 22:46,130.6131712,46.324266,5133064.468,393201.4129,10.7416,127.7,TRUE,4.2,500,300
1369,2016/10/11 22:46,130.6132868,46.32419683,5133056.624,393210.1851,10.5564,131,TRUE,4.2,500,300
1370,2016/10/11 22:46,130.6134052,46.324128,5133048.813,393219.1644,11.4824,129.1,TRUE,4.2,500,300
1371,2016/10/11 22:46,130.6135263,46.32405867,5133040.943,393228.3598,10.9268,128.6,TRUE,4.2,500,300
1372,2016/10/11 22:46,130.6136507,46.32399283,5133033.457,393237.807,10.9268,126.4,TRUE,4.2,500,300
1373,2016/10/11 22:46,130.61377,46.32392183,5133025.404,393246.8583,10.9268,129.9,TRUE,4.2,500,300
1374,2016/10/11 22:46,130.6138845,46.3238585,5133018.21,393255.5527,10.186,127.4,TRUE,4.2,500,300
1375,2016/10/11 22:46,130.6139982,46.323795,5133010.999,393264.1828,10.5564,124.5,TRUE,4.2,500,300
1376,2016/10/11 22:47,130.6141202,46.32372383,5133002.923,393273.4395,11.2972,128.9,TRUE,4.2,500,300
1377,2016/10/11 22:47,130.6142403,46.323649,5132994.444,393282.5474,10.7416,132.6,TRUE,4.2,500,300
1378,2016/10/11 22:47,130.6143562,46.32358467,5132987.137,393291.3431,10.5564,125.6,TRUE,4.2,500,300
1379,2016/10/11 22:47,130.6144797,46.32351183,5132978.874,393300.7121,11.2972,131.2,TRUE,4.2,500,300
1380,2016/10/11 22:47,130.6145992,46.32344133,5132970.876,393309.7777,11.112,133.1,TRUE,4.2,500,300
1381,2016/10/11 22:47,130.6147218,46.3233685,5132962.616,393319.0821,11.112,130.5,TRUE,4.2,500,300
1382,2016/10/11 22:47,130.6148378,46.32329917,5132954.753,393327.8805,10.7416,131,TRUE,4.2,500,300
1383,2016/10/11 22:47,130.614951,46.32322517,5132946.375,393336.4518,11.112,132.7,TRUE,4.2,500,300
1384,2016/10/11 22:47,130.6150583,46.323161,5132939.098,393344.5926,9.8156,132.3,TRUE,4.2,500,300
1385,2016/10/11 22:47,130.6151402,46.323127,5132935.208,393350.829,6.6672,109.2,TRUE,4.2,457,300
1386,2016/10/11 22:47,130.6152037,46.32313383,5132935.882,393355.7324,1.4816,62.1,FALSE,4.2,0,300
1387,2016/10/11 22:47,130.6151423,46.32312167,5132934.613,393350.985,6.482,260.4,FALSE,4.2,0,300
1388,2016/10/11 22:47,130.615065,46.32311217,5132933.661,393345.0113,5.3708,261.4,FALSE,4.2,0,300
1389,2016/10/11 22:47,130.6150963,46.32311983,5132934.47,393347.439,4.63,70.9,FALSE,4.2,0,300
1390,2016/10/11 22:47,130.615124,46.323167,5132939.676,393349.6615,5.1856,356.4,FALSE,4.2,0,300
1391,2016/10/11 22:48,130.6150822,46.32320183,5132943.604,393346.5079,5.1856,302.4,FALSE,4.2,0,300
1392,2016/10/11 22:48,130.6150245,46.3232295,5132946.757,393342.1205,5.1856,306.3,TRUE,4.2,500,300
1393,2016/10/11 22:48,130.6149572,46.32326733,5132951.053,393337.0089,7.9636,309.9,TRUE,4.2,500,300
1394,2016/10/11 22:48,130.6148745,46.32331183,5132956.111,393330.729,7.408,309.2,TRUE,4.2,500,300
1395,2016/10/11 22:48,130.6147982,46.32335017,5132960.475,393324.9254,5.3708,309.1,TRUE,4.2,486,300
1396,2016/10/11 22:48,130.6147452,46.32337617,5132963.437,393320.8944,5.9264,302.5,TRUE,4.2,500,300
1397,2016/10/11 22:48,130.6146727,46.32341867,5132968.259,393315.3938,5.1856,312.4,TRUE,4.2,500,300
1398,2016/10/11 22:48,130.6145863,46.32346667,5132973.71,393308.8381,7.2228,310.6,FALSE,4.2,0,300
1399,2016/10/11 22:48,130.6145047,46.32351717,5132979.434,393302.6477,7.5932,310.4,TRUE,4.2,500,300
1400,2016/10/11 22:48,130.6144157,46.32356533,5132984.907,393295.8875,7.5932,312.4,TRUE,4.2,500,300
1401,2016/10/11 22:48,130.6143275,46.32361467,5132990.51,393289.1935,7.778399,311.7,TRUE,4.2,500,300
1402,2016/10/11 22:48,130.614251,46.32365417,5132995.004,393283.3791,7.408,309.4,TRUE,4.2,500,300
1403,2016/10/11 22:48,130.6141522,46.323702,5133000.454,393275.8613,7.5932,302.4,TRUE,4.2,500,300
1404,2016/10/11 22:48,130.6140595,46.32375233,5133006.173,393268.8228,7.778399,307,TRUE,4.2,500,300
1405,2016/10/11 22:48,130.6139778,46.32379683,5133011.23,393262.62,6.6672,309.1,TRUE,4.2,500,300
1406,2016/10/11 22:49,130.6139088,46.32383633,5133015.713,393257.3832,7.5932,315,TRUE,4.2,500,300
1407,2016/10/11 22:49,130.6138143,46.3238925,5133022.084,393250.2151,7.5932,310.4,TRUE,4.2,500,300
1408,2016/10/11 22:49,130.613729,46.32394233,5133027.738,393243.7409,7.778399,310.4,TRUE,4.2,500,300
1409,2016/10/11 22:49,130.6136505,46.32399067,5133033.217,393237.7897,6.8524,312.1,TRUE,4.2,500,300
1410,2016/10/11 22:49,130.6135623,46.32404933,5133039.857,393231.114,9.0748,314.4,TRUE,4.2,500,300
1411,2016/10/11 22:49,130.613465,46.3241055,5133046.231,393223.728,8.889601,308.7,TRUE,4.2,500,300
1412,2016/10/11 22:49,130.6133623,46.32416083,5133052.52,393215.9292,9.4452,308.8,TRUE,4.2,500,300
1413,2016/10/11 22:49,130.6132743,46.32421567,5133058.735,393209.2591,8.1488,314.6,TRUE,4.2,500,300
1414,2016/10/11 22:49,130.6131755,46.32426667,5133064.537,393201.7477,7.778399,305.6,TRUE,4.2,500,300
1415,2016/10/11 22:49,130.6130873,46.32431983,5133070.565,393195.0613,8.889601,313.5,TRUE,4.2,500,300
1416,2016/10/11 22:49,130.6129892,46.3243775,5133077.107,393187.6144,8.519199,307.5,TRUE,4.2,500,300
1417,2016/10/11 22:49,130.612894,46.32443433,5133083.553,393180.3961,7.2228,311,TRUE,4.2,500,300
1418,2016/10/11 22:49,130.6128035,46.32448633,5133089.455,393173.5281,8.1488,308.5,TRUE,4.2,500,300
1419,2016/10/11 22:49,130.612707,46.32454633,5133096.255,393166.2136,8.519199,313.2,TRUE,4.2,500,300
1420,2016/10/11 22:49,130.6126213,46.32459433,5133101.706,393159.7098,7.408,310.9,TRUE,4.2,500,300
1421,2016/10/11 22:50,130.612536,46.3246425,5133107.175,393153.2325,7.0376,308.3,TRUE,4.2,500,300
1422,2016/10/11 22:50,130.612437,46.3246995,5133113.645,393145.7197,8.7044,308.1,TRUE,4.2,421,300
1423,2016/10/11 22:50,130.6123417,46.32475783,5133120.257,393138.4922,7.9636,311.3,TRUE,4.2,500,300
1424,2016/10/11 22:50,130.6122397,46.32481433,5133126.675,393130.7474,8.519199,307.6,TRUE,4.2,500,300
1425,2016/10/11 22:50,130.6121558,46.32486333,5133132.235,393124.3865,6.6672,311.2,TRUE,4.2,500,300
1426,2016/10/11 22:50,130.6120635,46.32491817,5133138.455,393117.3832,8.7044,310.3,TRUE,4.2,500,300
1427,2016/10/11 22:50,130.6119743,46.3249725,5133144.615,393110.6223,8.334,312.5,TRUE,4.2,500,300
1428,2016/10/11 22:50,130.6118773,46.32502683,5133150.785,393103.2584,8.889601,309.9,TRUE,4.2,500,300
1429,2016/10/11 22:50,130.6117833,46.325082,5133157.044,393096.1272,8.7044,311.2,TRUE,4.2,500,300
1430,2016/10/11 22:50,130.6116972,46.325133,5133162.829,393089.5916,8.1488,309.8,TRUE,4.2,500,300
1431,2016/10/11 22:50,130.6116048,46.32518667,5133168.92,393082.5853,7.5932,305.4,TRUE,4.2,500,300
1432,2016/10/11 22:50,130.6115103,46.32523817,5133174.772,393075.4085,8.1488,309.9,TRUE,4.2,500,300
1433,2016/10/11 22:50,130.6114108,46.325294,5133181.112,393067.8551,8.334,311.4,TRUE,4.2,500,300
1434,2016/10/11 22:50,130.6113132,46.3253545,5133187.969,393060.4525,8.889601,312.3,TRUE,4.2,466,300
1435,2016/10/11 22:50,130.6112202,46.32541183,5133194.467,393053.4026,9.0748,316.5,TRUE,4.2,500,300
1436,2016/10/11 22:51,130.6111188,46.3254695,5133201.014,393045.7111,8.519199,309.5,TRUE,4.2,500,300
1437,2016/10/11 22:51,130.6110255,46.32551867,5133206.606,393038.6199,6.6672,304.9,TRUE,4.2,349,300
1438,2016/10/11 22:51,130.6109262,46.3255725,5133212.723,393031.0758,8.1488,308.6,TRUE,4.2,500,300
1439,2016/10/11 22:51,130.6108305,46.32562633,5133218.836,393023.8135,8.519199,312.2,TRUE,4.2,500,300
1440,2016/10/11 22:51,130.6107277,46.3256835,5133225.33,393016.0064,8.7044,309.7,TRUE,4.2,500,300
1441,2016/10/11 22:51,130.6106295,46.32574333,5133232.113,393008.5633,9.26,312.9,TRUE,4.2,500,300
1442,2016/10/11 22:51,130.6105257,46.32580633,5133239.256,393000.6906,8.889601,312.8,TRUE,4.2,500,300
1443,2016/10/11 22:51,130.6104308,46.32586817,5133246.258,392993.5079,8.889601,313,TRUE,4.2,500,300
1444,2016/10/11 22:51,130.6103272,46.32592483,5133252.696,392985.6359,9.26,309.5,TRUE,4.2,500,300
1445,2016/10/11 22:51,130.6102223,46.325985,5133259.526,392977.68,8.889601,306.4,TRUE,4.2,500,300
1446,2016/10/11 22:51,130.6101225,46.32603683,5133265.422,392970.0935,7.778399,308.9,TRUE,4.2,500,300
1447,2016/10/11 22:51,130.6100348,46.326088,5133271.229,392963.4422,7.778399,308.4,TRUE,4.2,500,300
1448,2016/10/11 22:51,130.6099508,46.32613933,5133277.048,392957.0739,7.778399,313.7,TRUE,4.2,500,300
1449,2016/10/11 22:51,130.609855,46.32619267,5133283.106,392949.7985,8.519199,309.7,TRUE,4.2,500,300
1450,2016/10/11 22:51,130.609764,46.326239,5133288.379,392942.8813,6.8524,308.1,TRUE,4.2,500,300
1451,2016/10/11 22:52,130.6096833,46.326287,5133293.824,392936.7629,7.2228,307.3,TRUE,4.2,500,300
1452,2016/10/11 22:52,130.609596,46.326332,5133298.944,392930.1258,7.5932,311.4,TRUE,4.2,500,300
1453,2016/10/11 22:52,130.6095053,46.326377,5133304.068,392923.2316,7.408,302.5,TRUE,4.2,500,300
1454,2016/10/11 22:52,130.609447,46.32639467,5133306.111,392918.7743,2.2224,275.4,TRUE,4.2,500,300
1455,2016/10/11 22:52,130.6094005,46.32638717,5133305.341,392915.1789,3.704,280.3,TRUE,4.2,500,300
1456,2016/10/11 22:52,130.6093873,46.3263785,5133304.395,392914.1478,4.8152,230,FALSE,4.2,0,300
1457,2016/10/11 22:52,130.6093698,46.32633033,5133299.064,392912.7062,4.8152,188.2,FALSE,4.2,0,300
1458,2016/10/11 22:52,130.6093438,46.32626933,5133292.319,392910.585,6.8524,196.2,FALSE,4.2,0,300
1459,2016/10/11 22:52,130.6092982,46.32620633,5133285.377,392906.946,7.2228,209.7,FALSE,4.2,0,300
1460,2016/10/11 22:52,130.6092343,46.326147,5133278.869,392901.9141,7.408,217.3,FALSE,4.2,0,300
1461,2016/10/11 22:52,130.6091733,46.32609167,5133272.801,392897.1088,6.6672,219.1,FALSE,4.2,0,300
1462,2016/10/11 22:52,130.6091115,46.32603567,5133266.66,392892.2382,6.6672,218.3,FALSE,4.2,0,300
1463,2016/10/11 22:52,130.6090493,46.3259785,5133260.389,392887.3391,7.2228,218.9,FALSE,4.2,0,300
1464,2016/10/11 22:52,130.6089795,46.325927,5133254.759,392881.8612,7.778399,222.8,FALSE,4.2,0,300
1465,2016/10/11 22:52,130.6088957,46.32588417,5133250.112,392875.3222,7.408,242.7,FALSE,4.2,0,300
1466,2016/10/11 22:53,130.6088337,46.325845,5133245.842,392870.4713,4.4448,209,FALSE,4.2,0,300
1467,2016/10/11 22:53,130.6088328,46.32580267,5133241.137,392870.324,3.704,160.6,FALSE,4.2,0,300
1468,2016/10/11 22:53,130.6088567,46.32578533,5133239.178,392872.1259,0.1852,176.8,FALSE,4.2,0,300
1469,2016/10/11 22:53,130.6088195,46.32580533,5133241.451,392869.3027,3.704,300.7,FALSE,4.2,0,300
1470,2016/10/11 22:53,130.6087782,46.325821,5133243.249,392866.1506,3.3336,297.7,FALSE,4.2,0,300
1471,2016/10/11 22:53,130.6087442,46.32584033,5133245.444,392863.5701,1.6668,312.3,FALSE,4.2,0,300
1472,2016/10/11 22:53,130.6087475,46.32584067,5133245.477,392863.8272,0,0,FALSE,4.2,0,300
1473,2016/10/11 22:53,130.6087892,46.325816,5133242.678,392866.9879,6.1116,132,TRUE,4.2,500,300
1474,2016/10/11 22:53,130.6088615,46.32577633,5133238.171,392872.4803,6.6672,128.4,TRUE,4.2,500,300
1475,2016/10/11 22:53,130.6089365,46.32573167,5133233.105,392878.1686,7.778399,133.9,TRUE,4.2,500,300
1476,2016/10/11 22:53,130.6090092,46.32568317,5133227.616,392883.67,7.0376,134.8,TRUE,4.2,500,300
1477,2016/10/11 22:53,130.6090882,46.32563283,5133221.913,392889.6552,8.1488,130.8,TRUE,4.2,500,300
1478,2016/10/11 22:53,130.609163,46.325595,5133217.607,392895.3438,4.2596,126.3,TRUE,4.2,500,300
1479,2016/10/11 22:53,130.6092367,46.32555167,5133212.691,392900.9323,7.408,131.7,TRUE,4.2,500,300
1480,2016/10/11 22:53,130.6093138,46.3255115,5133208.122,392906.7957,5.7412,128.4,TRUE,4.2,500,300
1481,2016/10/11 22:54,130.60939,46.32547167,5133203.591,392912.5836,6.8524,124.5,TRUE,4.2,500,300
1482,2016/10/11 22:54,130.6094793,46.32541633,5133197.319,392919.3546,7.9636,127.3,TRUE,4.2,500,300
1483,2016/10/11 22:54,130.6095763,46.32536833,5133191.853,392926.7306,8.1488,128.3,TRUE,4.2,500,300
1484,2016/10/11 22:54,130.609667,46.32531933,5133186.283,392933.6172,8.334,127,TRUE,4.2,500,300
1485,2016/10/11 22:54,130.6097703,46.32526267,5133179.845,392941.4638,8.889601,126.8,TRUE,4.2,500,300
1486,2016/10/11 22:54,130.6098873,46.32520267,5133173.018,392950.3566,10.0008,120.3,TRUE,4.2,500,300
1487,2016/10/11 22:54,130.6100027,46.32513683,5133165.544,392959.1102,9.4452,131.8,TRUE,4.2,500,300
1488,2016/10/11 22:54,130.6101128,46.32507317,5133158.318,392967.4691,10.0008,127.5,TRUE,4.2,500,300
1489,2016/10/11 22:54,130.6102363,46.32500383,5133150.444,392976.8443,10.3712,129.3,TRUE,4.2,500,300
1490,2016/10/11 22:54,130.6103568,46.32493483,5133142.611,392985.9891,10.9268,127.5,TRUE,4.2,500,300
1491,2016/10/11 22:54,130.6104703,46.32486383,5133134.566,392994.591,10.3712,129.4,TRUE,4.2,500,300
1492,2016/10/11 22:54,130.6105935,46.32480483,5133127.841,393003.961,10.0008,128,TRUE,4.2,500,300
1493,2016/10/11 22:54,130.6106935,46.3247485,5133121.445,393011.552,7.2228,130.6,TRUE,4.2,500,300
1494,2016/10/11 22:54,130.6108115,46.3246795,5133113.616,393020.5044,10.7416,128.1,TRUE,4.2,500,300
1495,2016/10/11 22:54,130.6109305,46.324614,5133106.174,393029.5406,10.0008,128.4,TRUE,4.2,500,300
1496,2016/10/11 22:55,130.611055,46.32454083,5133097.873,393038.9855,10.7416,128.7,TRUE,4.2,500,300
1497,2016/10/11 22:55,130.6111843,46.32446583,5133089.361,393048.7988,10.186,125.3,TRUE,4.2,500,300
1498,2016/10/11 22:55,130.6113093,46.32439333,5133081.134,393058.2835,10.7416,125.8,TRUE,4.2,500,300
1499,2016/10/11 22:55,130.6114298,46.32432517,5133073.395,393067.4302,9.4452,126,TRUE,4.2,500,300
1500,2016/10/11 22:55,130.611556,46.3242475,5133064.591,393076.995,11.4824,132.1,TRUE,4.2,500,300
1501,2016/10/11 22:55,130.6116803,46.32417167,5133055.994,393086.4217,10.3712,128.7,TRUE,4.2,500,300
1502,2016/10/11 22:55,130.6117915,46.32411017,5133049.008,393094.8629,10.7416,126.3,TRUE,4.2,500,300
1503,2016/10/11 22:55,130.611917,46.3240345,5133040.427,393104.3801,10.7416,132.5,TRUE,4.2,500,300
1504,2016/10/11 22:55,130.6120212,46.32397583,5133033.765,393112.2879,7.9636,125,TRUE,4.2,500,300
1505,2016/10/11 22:55,130.6121277,46.3239135,5133026.693,393120.3679,9.8156,130.7,TRUE,4.2,500,300
1506,2016/10/11 22:55,130.6122495,46.32384967,5133019.434,393129.6256,9.6304,120,TRUE,4.2,500,300
1507,2016/10/11 22:55,130.612389,46.32378483,5133012.038,393140.2421,11.112,121.6,TRUE,4.2,500,300
1508,2016/10/11 22:55,130.6125278,46.323729,5133005.645,393150.8246,10.7416,118.6,TRUE,4.2,500,300
1509,2016/10/11 22:55,130.6126658,46.32367417,5132999.364,393161.3451,10.7416,120.3,TRUE,4.2,500,300
1510,2016/10/11 22:55,130.612795,46.323633,5132994.614,393171.2123,9.6304,112.7,TRUE,4.2,500,300
1511,2016/10/11 22:56,130.6129273,46.32359483,5132990.192,393181.3286,10.0008,115.7,TRUE,4.2,500,300
1512,2016/10/11 22:56,130.6130558,46.32354617,5132984.61,393191.1296,10.186,120,TRUE,4.2,500,300
1513,2016/10/11 22:56,130.613179,46.323499,5132979.201,393200.5231,9.6304,120.6,TRUE,4.2,500,300
1514,2016/10/11 22:56,130.6132987,46.323453,5132973.926,393209.6493,8.519199,119.4,TRUE,4.2,500,300
1515,2016/10/11 22:56,130.613418,46.3234095,5132968.93,393218.7542,10.0008,119,TRUE,4.2,500,300
1516,2016/10/11 22:56,130.6135363,46.32336983,5132964.361,393227.7896,9.6304,114.7,TRUE,4.2,500,300
1517,2016/10/11 22:56,130.6136355,46.32333917,5132960.819,393235.367,7.5932,117.3,TRUE,4.2,500,300
1518,2016/10/11 22:56,130.6137607,46.32329917,5132956.204,393244.9285,11.6676,114.6,TRUE,4.2,331,300
1519,2016/10/11 22:56,130.6138853,46.32325583,5132951.219,393254.4442,8.519199,116.5,TRUE,4.2,500,300
1520,2016/10/11 22:56,130.6139955,46.32321683,5132946.735,393262.8526,8.7044,117.8,TRUE,4.2,500,300
1521,2016/10/11 22:56,130.6141033,46.323172,5132941.607,393271.0694,7.778399,122.5,TRUE,4.2,500,300
1522,2016/10/11 22:56,130.614238,46.32313033,5132936.793,393281.3593,10.186,114.2,TRUE,4.2,500,300
1523,2016/10/11 22:56,130.6143528,46.32309583,5132932.804,393290.1352,7.9636,113.7,TRUE,4.2,500,300
1524,2016/10/11 22:56,130.6144785,46.32305383,5132927.966,393299.7314,8.334,115.7,FALSE,4.2,0,300
1525,2016/10/11 22:56,130.6145282,46.32301667,5132923.768,393303.4843,0.7408,190.7,FALSE,4.2,0,300
1526,2016/10/11 22:57,130.6145253,46.32303,5132925.254,393303.2915,3.3336,357.6,FALSE,4.2,0,300
1527,2016/10/11 22:57,130.6145275,46.32305017,5132927.493,393303.4978,4.2596,2.9,FALSE,4.2,0,300
1528,2016/10/11 22:57,130.6145368,46.323085,5132931.352,393304.2841,3.5188,14.3,FALSE,4.2,0,300
1529,2016/10/11 22:57,130.6145433,46.3230955,5132932.511,393304.805,0,0,FALSE,4.2,0,300
1530,2016/10/11 22:57,130.614482,46.32305583,5132928.184,393300.0049,7.0376,252.8,FALSE,4.2,0,300
1531,2016/10/11 22:57,130.6143803,46.323082,5132931.229,393292.2261,7.778399,300.4,FALSE,4.2,0,300
1532,2016/10/11 22:57,130.6142838,46.32312067,5132935.658,393284.8698,8.1488,303.2,FALSE,4.2,0,300
1533,2016/10/11 22:57,130.6141873,46.32315933,5132940.085,393277.5136,7.5932,302.1,FALSE,4.2,0,300
1534,2016/10/11 22:57,130.6141002,46.32320033,5132944.76,393270.8811,8.334,309.2,TRUE,4.2,500,300
1535,2016/10/11 22:57,130.6140128,46.32324733,5132950.102,393264.2465,7.778399,303,TRUE,4.2,500,300
1536,2016/10/11 22:57,130.6139237,46.32329233,5132955.224,393257.4678,7.9636,305,TRUE,4.2,500,300
1537,2016/10/11 22:57,130.6138333,46.32334217,5132960.886,393250.6077,7.9636,304.9,TRUE,4.2,500,300
1538,2016/10/11 22:57,130.613753,46.32338783,5132966.07,393244.5103,7.778399,309.8,TRUE,4.2,500,300
1539,2016/10/11 22:57,130.6136685,46.32343633,5132971.575,393238.0973,8.1488,310.5,TRUE,4.2,500,300
1540,2016/10/11 22:57,130.6135798,46.3234845,5132977.049,393231.3626,7.2228,308.8,TRUE,4.2,500,300
1541,2016/10/11 22:58,130.6135002,46.32352867,5132982.066,393225.314,6.482,311.6,TRUE,4.2,488,300
1542,2016/10/11 22:58,130.6134188,46.32357383,5132987.195,393219.1379,7.2228,313.8,TRUE,4.2,500,300
1543,2016/10/11 22:58,130.613343,46.32360883,5132991.188,393213.3664,7.408,304.1,TRUE,4.2,500,300
1544,2016/10/11 22:58,130.6132698,46.3236515,5132996.03,393207.8146,5.3708,302.9,TRUE,4.2,500,300
1545,2016/10/11 22:58,130.6131955,46.3236975,5133001.243,393202.1801,6.8524,314,TRUE,4.2,500,300
1546,2016/10/11 22:58,130.613118,46.32374233,5133006.331,393196.2991,7.9636,309.2,TRUE,4.2,500,300
1547,2016/10/11 22:58,130.6130403,46.32378667,5133011.364,393190.4041,6.482,311,TRUE,4.2,500,300
1548,2016/10/11 22:58,130.6129673,46.323828,5133016.057,393184.8629,6.8524,311.7,TRUE,4.2,500,300
1549,2016/10/11 22:58,130.6129072,46.32386483,5133020.232,393180.3017,5.0004,314.1,TRUE,4.2,500,300
1550,2016/10/11 22:58,130.6128238,46.32390567,5133024.884,393173.9633,8.7044,308.6,TRUE,4.2,500,300
1551,2016/10/11 22:58,130.6127373,46.323954,5133030.372,393167.3961,7.0376,312.9,TRUE,4.2,500,300
1552,2016/10/11 22:58,130.6126617,46.323993,5133034.81,393161.6455,6.6672,303.5,TRUE,4.2,500,300
1553,2016/10/11 22:58,130.612569,46.3240495,5133041.215,393154.6191,8.334,309.3,TRUE,4.2,500,300
1554,2016/10/11 22:58,130.6124768,46.3241025,5133047.231,393147.6244,8.519199,312.8,TRUE,4.2,500,300
1555,2016/10/11 22:58,130.6123933,46.32414567,5133052.142,393141.2783,7.408,307.1,TRUE,4.2,500,300
1556,2016/10/11 22:59,130.6123245,46.324189,5133057.051,393136.0621,6.8524,309.8,TRUE,4.2,500,300
1557,2016/10/11 22:59,130.6122385,46.3242375,5133062.558,393129.5338,8.1488,311.8,TRUE,4.2,500,300
1558,2016/10/11 22:59,130.6121732,46.32427217,5133066.5,393124.5704,5.556,313.3,TRUE,4.2,500,300
1559,2016/10/11 22:59,130.6121107,46.324308,5133070.567,393119.8272,4.4448,304.1,TRUE,4.2,500,300
1560,2016/10/11 22:59,130.6120447,46.32434617,5133074.899,393114.819,6.1116,310.1,TRUE,4.2,463,300
1561,2016/10/11 22:59,130.6119687,46.3243965,5133080.596,393109.0644,7.9636,313.5,TRUE,4.2,500,300
1562,2016/10/11 22:59,130.6118928,46.324438,5133085.312,393103.3049,5.3708,306.2,TRUE,4.2,500,300
1563,2016/10/11 22:59,130.6118375,46.324464,5133088.276,393099.0947,5.0004,304,TRUE,4.2,500,300
1564,2016/10/11 22:59,130.6117762,46.32449917,5133092.268,393094.4403,6.2968,305.8,TRUE,4.2,500,300
1565,2016/10/11 22:59,130.611713,46.32453833,5133096.707,393089.652,6.8524,314.8,TRUE,4.2,488,300
1566,2016/10/11 22:59,130.6116472,46.32457467,5133100.835,393084.6533,5.1856,306.4,TRUE,4.2,127,300
1567,2016/10/11 22:59,130.611571,46.32461867,5133105.829,393078.8734,8.1488,316.5,TRUE,4.2,325,300
1568,2016/10/11 22:59,130.6114875,46.324666,5133111.202,393072.5354,7.408,302.2,TRUE,4.2,500,300
1569,2016/10/11 22:59,130.6114138,46.32470717,5133115.878,393066.9425,6.8524,301.5,TRUE,4.2,350,300
1570,2016/10/11 22:59,130.611316,46.32476917,5133122.902,393059.5296,8.334,311.8,TRUE,4.2,500,300
1571,2016/10/11 23:00,130.6112257,46.32482417,5133129.137,393052.6807,7.9636,310,TRUE,4.2,500,300
1572,2016/10/11 23:00,130.6111448,46.3248795,5133135.397,393046.5633,6.2968,317.6,TRUE,4.2,500,300
1573,2016/10/11 23:00,130.6110548,46.324927,5133140.798,393039.7252,7.778399,305.2,TRUE,4.2,500,300
1574,2016/10/11 23:00,130.6109642,46.32497933,5133146.737,393032.8457,8.519199,311.2,TRUE,4.2,500,300
1575,2016/10/11 23:00,130.610866,46.32503533,5133153.095,393025.395,7.9636,307.7,TRUE,4.2,500,300
1576,2016/10/11 23:00,130.6107758,46.3250915,5133159.46,393018.5608,7.408,308.8,TRUE,4.2,500,300
1577,2016/10/11 23:00,130.6106818,46.325146,5133165.645,393011.4283,8.1488,309.7,FALSE,4.2,0,300
1578,2016/10/11 23:00,130.6105977,46.32519333,5133171.02,393005.0397,8.334,305.7,TRUE,4.2,500,300
1579,2016/10/11 23:00,130.61051,46.32525183,5133177.641,392998.4025,7.0376,312.8,TRUE,4.2,500,300
1580,2016/10/11 23:00,130.6104243,46.325299,5133183,392991.8973,8.334,311.5,TRUE,4.2,500,300
1581,2016/10/11 23:00,130.6103277,46.32535833,5133189.725,392984.5695,9.8156,309.8,TRUE,4.2,500,300
1582,2016/10/11 23:00,130.6102335,46.32541133,5133195.744,392977.4212,7.778399,310.2,TRUE,4.2,500,300
1583,2016/10/11 23:00,130.6101497,46.3254585,5133201.101,392971.0577,7.408,309.3,TRUE,4.2,500,300
1584,2016/10/11 23:00,130.6100588,46.325514,5133207.392,392964.1707,8.334,307.7,TRUE,4.2,500,300
1585,2016/10/11 23:00,130.6099652,46.325569,5133213.633,392957.0655,8.334,311.8,TRUE,4.2,500,300
1586,2016/10/11 23:01,130.6098843,46.32561467,5133218.818,392950.9294,7.2228,307.9,TRUE,4.2,500,300
1587,2016/10/11 23:01,130.6098112,46.32565183,5133223.048,392945.3681,6.482,306.9,TRUE,4.2,500,300
1588,2016/10/11 23:01,130.6097347,46.32569533,5133227.987,392939.5619,6.482,307.4,TRUE,4.2,500,300
1589,2016/10/11 23:01,130.609674,46.32573367,5133232.33,392934.9648,4.63,313.1,TRUE,4.2,500,300
1590,2016/10/11 23:01,130.609613,46.3257725,5133236.729,392930.3432,5.3708,311.4,TRUE,4.2,500,300
1591,2016/10/11 23:01,130.609546,46.32580667,5133240.618,392925.2504,6.1116,308.3,TRUE,4.2,500,300
1592,2016/10/11 23:01,130.6094645,46.3258465,5133245.155,392919.0521,6.2968,305.9,TRUE,4.2,500,300
1593,2016/10/11 23:01,130.6093947,46.32588567,5133249.604,392913.7512,5.9264,306.6,TRUE,4.2,500,300
1594,2016/10/11 23:01,130.6093202,46.32592783,5133254.391,392908.0965,6.6672,310.1,TRUE,4.2,500,300
1595,2016/10/11 23:01,130.6092477,46.32596567,5133258.695,392902.5874,6.1116,311.9,TRUE,4.2,500,300
1596,2016/10/11 23:01,130.6091863,46.32598867,5133261.334,392897.9088,3.5188,277.2,FALSE,4.2,0,300
1597,2016/10/11 23:01,130.6091305,46.3259605,5133258.279,392893.5545,4.8152,212.6,FALSE,4.2,0,300
1598,2016/10/11 23:01,130.6090998,46.32591667,5133253.448,392891.1072,5.0004,200.4,FALSE,4.2,0,300
1599,2016/10/11 23:01,130.6091053,46.325869,5133248.142,392891.4377,4.8152,146.3,FALSE,4.2,0,300
1600,2016/10/11 23:01,130.6091682,46.3258385,5133244.667,392896.2172,6.1116,130.5,TRUE,4.2,500,300
1601,2016/10/11 23:02,130.6092357,46.32579517,5133239.759,392901.3306,5.3708,132.9,TRUE,4.2,500,300
1602,2016/10/11 23:02,130.6093082,46.325752,5133234.862,392906.8293,6.1116,122.8,TRUE,4.2,500,300
1603,2016/10/11 23:02,130.6093792,46.32571317,5133230.45,392912.2209,6.482,125.2,TRUE,4.2,500,300
1604,2016/10/11 23:02,130.6094473,46.32567433,5133226.041,392917.3939,6.482,133.2,TRUE,4.2,500,300
1605,2016/10/11 23:02,130.609535,46.3256225,5133220.161,392924.0439,8.334,129.8,TRUE,4.2,500,300
1606,2016/10/11 23:02,130.6096248,46.325567,5133213.87,392930.8531,8.334,132.3,TRUE,4.2,458,300
1607,2016/10/11 23:02,130.6097003,46.3255205,5133208.6,392936.5764,6.2968,129.6,TRUE,4.2,500,300
1608,2016/10/11 23:02,130.609777,46.3254725,5133203.16,392942.3869,6.8524,128.7,TRUE,4.2,500,300
1609,2016/10/11 23:02,130.6098523,46.32543167,5133198.52,392948.1081,6.6672,126.5,TRUE,4.2,500,300
1610,2016/10/11 23:02,130.6099348,46.32538667,5133193.407,392954.3734,6.8524,127,TRUE,4.2,500,300
1611,2016/10/11 23:02,130.6100217,46.32533233,5133187.249,392960.9547,8.334,134.9,TRUE,4.2,500,300
1612,2016/10/11 23:02,130.6101098,46.32527833,5133181.127,392967.6383,7.0376,126.8,TRUE,4.2,500,300
1613,2016/10/11 23:02,130.6101982,46.3252295,5133175.58,392974.3459,7.408,125.6,TRUE,4.2,500,300
1614,2016/10/11 23:02,130.6102863,46.32517867,5133169.811,392981.0357,7.778399,127.6,TRUE,4.2,500,300
1615,2016/10/11 23:02,130.610373,46.32512317,5133163.525,392987.6016,7.5932,128.7,TRUE,4.2,500,300
1616,2016/10/11 23:03,130.610459,46.32507467,5133158.017,392994.1297,6.6672,127.2,TRUE,4.2,500,300
1617,2016/10/11 23:03,130.6105408,46.325029,5133152.83,393000.3422,7.5932,131.5,TRUE,4.2,500,300
1618,2016/10/11 23:03,130.6106448,46.3249695,5133146.076,393008.2349,9.4452,127.8,TRUE,4.2,500,300
1619,2016/10/11 23:03,130.610748,46.32490433,5133138.693,393016.0527,9.26,128.4,TRUE,4.2,500,300
1620,2016/10/11 23:03,130.6108438,46.324845,5133131.968,393023.3167,8.1488,130.1,TRUE,4.2,500,300
1621,2016/10/11 23:03,130.6109545,46.32478217,5133124.835,393031.7166,10.3712,129.1,TRUE,4.2,500,300
1622,2016/10/11 23:03,130.6110735,46.32471317,5133117.004,393040.7461,10.5564,130.6,TRUE,4.2,500,300
1623,2016/10/11 23:03,130.6111823,46.3246455,5133109.336,393048.9949,10.0008,133.1,TRUE,4.2,500,300
1624,2016/10/11 23:03,130.6112848,46.32458567,5133102.547,393056.7717,8.7044,133.4,TRUE,4.2,500,300
1625,2016/10/11 23:03,130.6113987,46.32452167,5133095.279,393065.4135,10.0008,130.1,TRUE,4.2,500,300
1626,2016/10/11 23:03,130.6115107,46.32445417,5133087.625,393073.9069,10.186,130.6,TRUE,4.2,500,300
1627,2016/10/11 23:03,130.6116178,46.32438883,5133080.217,393082.0318,10.0008,128.7,TRUE,4.2,500,300
1628,2016/10/11 23:03,130.6117235,46.32432333,5133072.794,393090.0417,9.4452,135.1,TRUE,4.2,500,300
1629,2016/10/11 23:03,130.6118397,46.32425617,5133065.172,393098.8569,10.5564,131.5,TRUE,4.2,500,300
1630,2016/10/11 23:03,130.6119562,46.324186,5133057.215,393107.6917,10.0008,132.1,TRUE,4.2,500,300
1631,2016/10/11 23:04,130.6120735,46.324118,5133049.498,393116.5947,10.9268,130.9,TRUE,4.2,500,300
1632,2016/10/11 23:04,130.6122083,46.32404233,5133040.905,393126.8304,12.038,130.1,TRUE,4.2,401,300
1633,2016/10/11 23:04,130.6123355,46.32397333,5133033.063,393136.4892,10.5564,127.5,TRUE,4.2,500,300
1634,2016/10/11 23:04,130.6124555,46.32390233,5133025.009,393145.592,10.186,127.9,TRUE,4.2,500,300
1635,2016/10/11 23:04,130.6125793,46.32382983,5133016.783,393154.9869,10.9268,129.2,TRUE,4.2,500,300
1636,2016/10/11 23:04,130.6127037,46.3237545,5133008.242,393164.4155,11.2972,134.4,TRUE,4.2,500,300
1637,2016/10/11 23:04,130.612824,46.323686,5133000.466,393173.5487,11.112,130.2,TRUE,4.2,500,300
1638,2016/10/11 23:04,130.61295,46.32361683,5132992.607,393183.1172,10.9268,131.4,TRUE,4.2,500,300
1639,2016/10/11 23:04,130.6130712,46.32354633,5132984.607,393192.3112,10.5564,127.4,TRUE,4.2,500,300
1640,2016/10/11 23:04,130.6131933,46.32347517,5132976.533,393201.5802,10.186,130.3,TRUE,4.2,500,300
1641,2016/10/11 23:04,130.6132598,46.32343733,5132972.237,393206.6277,4.2596,127.9,TRUE,4.2,408,300
1642,2016/10/11 23:04,130.6132512,46.32344467,5132973.064,393205.9751,3.1484,316.1,FALSE,4.2,0,300
1643,2016/10/11 23:04,130.6132408,46.32347883,5132976.875,393205.2453,3.704,358.3,FALSE,4.2,0,300
1644,2016/10/11 23:04,130.6132692,46.32350333,5132979.561,393207.4755,3.3336,37,TRUE,4.2,147,300
1645,2016/10/11 23:04,130.6133088,46.32351783,5132981.119,393210.5579,2.0372,58.3,TRUE,4.2,95,300
1646,2016/10/11 23:05,130.613274,46.32350817,5132980.092,393207.8568,5.9264,256.6,TRUE,4.2,161,300
1647,2016/10/11 23:05,130.613192,46.3234985,5132979.128,393201.5232,6.8524,265.4,FALSE,4.2,0,300
1648,2016/10/11 23:05,130.6130942,46.323513,5132980.871,393194.0176,6.8524,293.7,FALSE,4.2,0,300
1649,2016/10/11 23:05,130.6130065,46.3235495,5132985.047,393187.3372,7.0376,302.9,FALSE,4.2,0,300
1650,2016/10/11 23:05,130.612922,46.32359617,5132990.348,393180.9208,7.778399,306.8,TRUE,4.2,500,300
1651,2016/10/11 23:05,130.6128337,46.32364333,5132995.71,393174.2103,7.9636,306.1,TRUE,4.2,500,300
1652,2016/10/11 23:05,130.6127497,46.32369883,5133001.992,393167.8496,8.7044,315.7,TRUE,4.2,500,300
1653,2016/10/11 23:05,130.6126573,46.32374833,5133007.619,393160.8349,8.334,309.3,TRUE,4.2,500,300
1654,2016/10/11 23:05,130.6125608,46.32380433,5133013.974,393153.5126,7.9636,308.6,TRUE,4.2,500,300
1655,2016/10/11 23:05,130.6124578,46.32386517,5133020.876,393145.6991,9.4452,309,TRUE,4.2,500,300
1656,2016/10/11 23:05,130.6123533,46.323932,5133028.445,393137.7818,10.186,313.7,TRUE,4.2,500,300
1657,2016/10/11 23:05,130.6122517,46.32399133,5133035.177,393130.0686,9.4452,310.1,TRUE,4.2,500,300
1658,2016/10/11 23:05,130.6121427,46.32405467,5133042.365,393121.798,8.889601,308.7,TRUE,4.2,500,300
1659,2016/10/11 23:05,130.612038,46.32411167,5133048.842,393113.8485,10.3712,309.2,TRUE,4.2,500,300
1660,2016/10/11 23:05,130.6119573,46.3241515,5133053.378,393107.7138,5.556,299.2,TRUE,4.2,500,300
1661,2016/10/11 23:06,130.6118595,46.3242085,5133059.846,393100.2911,10.186,309.3,TRUE,4.2,500,300
1662,2016/10/11 23:06,130.6117632,46.32426833,5133066.627,393092.9894,8.519199,310.8,TRUE,4.2,500,300
1663,2016/10/11 23:06,130.6116743,46.32432267,5133072.787,393086.2539,7.778399,310.5,TRUE,4.2,500,300
1664,2016/10/11 23:06,130.6116148,46.32435233,5133076.164,393081.7297,5.9264,301.7,TRUE,4.2,500,300
1665,2016/10/11 23:06,130.6115287,46.32439783,5133081.338,393075.1833,7.9636,309.6,TRUE,4.2,500,300
1666,2016/10/11 23:06,130.6114428,46.32444933,5133087.178,393068.6732,7.5932,313.8,TRUE,4.2,500,300
1667,2016/10/11 23:06,130.6113597,46.32449683,5133092.571,393062.3618,7.2228,313.2,TRUE,4.2,500,300
1668,2016/10/11 23:06,130.6112795,46.3245445,5133097.978,393056.281,7.408,309.8,TRUE,4.2,500,300
1669,2016/10/11 23:06,130.611181,46.3245995,5133104.224,393048.8029,9.26,308.7,TRUE,4.2,500,300
1670,2016/10/11 23:06,130.6110843,46.32465417,5133110.432,393041.4651,8.889601,312.6,TRUE,4.2,500,300
1671,2016/10/11 23:06,130.610992,46.32470733,5133116.465,393034.4585,8.7044,310.4,TRUE,4.2,500,300
1672,2016/10/11 23:06,130.6109082,46.32475417,5133121.785,393028.0943,6.8524,309.5,TRUE,4.2,500,300
1673,2016/10/11 23:06,130.6108255,46.32479717,5133126.677,393021.8119,7.408,307.5,TRUE,4.2,500,300
1674,2016/10/11 23:06,130.6107343,46.32484833,5133132.486,393014.8908,8.1488,306.3,TRUE,4.2,500,300
1675,2016/10/11 23:06,130.6106443,46.32490167,5133138.537,393008.0641,8.1488,309,TRUE,4.2,500,300
1676,2016/10/11 23:07,130.6105428,46.32496233,5133145.417,393000.3662,9.8156,313,TRUE,4.2,500,300
1677,2016/10/11 23:07,130.6104417,46.3250205,5133152.02,392992.6895,8.7044,309.6,TRUE,4.2,500,300
1678,2016/10/11 23:07,130.6103507,46.3250695,5133157.589,392985.7774,8.334,311.8,TRUE,4.2,500,300
1679,2016/10/11 23:07,130.6102663,46.32511817,5133163.113,392979.3775,7.5932,307.4,TRUE,4.2,500,300
1680,2016/10/11 23:07,130.6101713,46.32517333,5133169.373,392972.1694,8.7044,310.1,TRUE,4.2,500,300
1681,2016/10/11 23:07,130.6100767,46.32522733,5133175.503,392964.9853,8.7044,310.2,TRUE,4.2,500,300
1682,2016/10/11 23:07,130.6099868,46.32527467,5133180.887,392958.1593,7.2228,304.2,TRUE,4.2,500,300
1683,2016/10/11 23:07,130.6099143,46.325315,5133185.468,392952.6549,4.63,304.7,TRUE,4.2,500,300
1684,2016/10/11 23:07,130.6098513,46.325354,5133189.888,392947.8796,3.8892,312,TRUE,4.2,500,300
1685,2016/10/11 23:07,130.6097765,46.32539833,5133194.917,392942.2036,7.5932,310.7,TRUE,4.2,500,300
1686,2016/10/11 23:07,130.609696,46.325442,5133199.88,392936.0898,7.778399,309.9,TRUE,4.2,500,300
1687,2016/10/11 23:07,130.6096052,46.32549067,5133205.412,392929.1902,7.5932,309.2,TRUE,4.2,500,300
1688,2016/10/11 23:07,130.6095363,46.32553167,5133210.063,392923.9691,5.0004,312.2,TRUE,4.2,500,300
1689,2016/10/11 23:07,130.6094558,46.325579,5133215.433,392917.8624,7.408,312.2,TRUE,4.2,500,300
1690,2016/10/11 23:07,130.609388,46.325619,5133219.971,392912.7171,5.1856,300,TRUE,4.2,500,300
1691,2016/10/11 23:08,130.6093075,46.32566517,5133225.212,392906.6082,7.5932,309.5,TRUE,4.2,500,300
1692,2016/10/11 23:08,130.6092202,46.3257195,5133231.369,392899.9893,7.9636,309.7,TRUE,4.2,500,300
1693,2016/10/11 23:08,130.6091307,46.32577,5133237.103,392893.1958,7.0376,308.5,TRUE,4.2,500,300
1694,2016/10/11 23:08,130.6090463,46.325822,5133242.997,392886.8026,7.408,308.6,TRUE,4.2,500,300
1695,2016/10/11 23:08,130.6089955,46.325852,5133246.401,392882.9469,4.4448,317.9,TRUE,4.2,500,300
1696,2016/10/11 23:08,130.6089785,46.32586517,5133247.888,392881.6635,0.5556,194.6,TRUE,4.2,193,300
1697,2016/10/11 23:08,130.6089992,46.32584333,5133245.432,392883.2126,2.5928,154.8,FALSE,4.2,0,300
1698,2016/10/11 23:08,130.609001,46.32584317,5133245.412,392883.3532,2.2224,335,FALSE,4.2,0,300
1699,2016/10/11 23:08,130.6089937,46.32587833,5133249.33,392882.8574,3.3336,10.2,FALSE,4.2,0,300
1700,2016/10/11 23:08,130.6090232,46.32589817,5133251.495,392885.1678,2.2224,52.4,FALSE,4.2,0,300
1701,2016/10/11 23:08,130.6090673,46.3258955,5133251.139,392888.5632,3.5188,117.8,FALSE,4.2,0,300
1702,2016/10/11 23:08,130.6091102,46.32587833,5133249.172,392891.8286,3.1484,121.8,FALSE,4.2,0,300
1703,2016/10/11 23:08,130.6091823,46.325839,5133244.703,392897.3086,6.2968,134.1,TRUE,4.2,500,300
1704,2016/10/11 23:08,130.6092532,46.3257965,5133239.883,392902.6808,6.2968,129.8,TRUE,4.2,500,300
1705,2016/10/11 23:08,130.6093318,46.32575217,5133234.849,392908.6516,6.6672,130,TRUE,4.2,500,300
1706,2016/10/11 23:09,130.6094162,46.32570583,5133229.584,392915.0559,6.482,127.1,TRUE,4.2,500,300
1707,2016/10/11 23:09,130.6094918,46.32565667,5133224.018,392920.7862,6.8524,137.2,TRUE,4.2,500,300
1708,2016/10/11 23:09,130.6095667,46.32562183,5133220.044,392926.4814,6.2968,121.8,TRUE,4.2,500,300
1709,2016/10/11 23:09,130.6096475,46.32556733,5133213.876,392932.5995,6.6672,139.7,TRUE,4.2,500,300
1710,2016/10/11 23:09,130.6097408,46.325511,5133207.489,392939.6766,8.7044,129,TRUE,4.2,500,300
1711,2016/10/11 23:09,130.6098368,46.32545717,5133201.375,392946.9643,8.1488,129.8,TRUE,4.2,500,300
1712,2016/10/11 23:09,130.6099408,46.32539583,5133194.417,392954.8533,8.519199,126.8,TRUE,4.2,500,300
1713,2016/10/11 23:09,130.6100377,46.325342,5133188.302,392962.2057,8.1488,128.9,TRUE,4.2,500,300
1714,2016/10/11 23:09,130.6101378,46.3252805,5133181.331,392969.7987,9.26,131.1,TRUE,4.2,500,300
1715,2016/10/11 23:09,130.6102338,46.3252245,5133174.976,392977.0822,9.26,134.2,TRUE,4.2,500,300
1716,2016/10/11 23:09,130.6103328,46.3251715,5133168.951,392984.6025,8.7044,131.5,TRUE,4.2,500,300
1717,2016/10/11 23:09,130.6104335,46.32511367,5133162.387,392992.2421,9.8156,131.4,TRUE,4.2,500,300
1718,2016/10/11 23:09,130.610522,46.32506217,5133156.543,392998.9568,7.2228,129.7,TRUE,4.2,500,300
1719,2016/10/11 23:09,130.6106138,46.3250145,5133151.12,393005.9354,7.5932,128.4,TRUE,4.2,500,300
1720,2016/10/11 23:09,130.6106965,46.32496383,5133145.376,393012.2028,4.63,126.7,TRUE,4.2,500,300
1721,2016/10/11 23:10,130.610746,46.32493583,5133142.197,393015.9601,5.1856,134,TRUE,4.2,500,300
1722,2016/10/11 23:10,130.6108402,46.32488517,5133136.438,393023.1132,9.6304,128,TRUE,4.2,500,300
1723,2016/10/11 23:10,130.6109367,46.32482433,5133129.545,393030.4258,8.889601,130.3,TRUE,4.2,500,300
1724,2016/10/11 23:10,130.6110277,46.32477317,5133123.736,393037.3338,6.6672,128,TRUE,4.2,500,300
1725,2016/10/11 23:10,130.6111173,46.324725,5133118.26,393044.1444,8.7044,126.7,TRUE,4.2,500,300
1726,2016/10/11 23:10,130.6112255,46.324664,5133111.334,393052.3554,9.4452,129.9,TRUE,4.2,500,300
1727,2016/10/11 23:10,130.6113242,46.324609,5133105.087,393059.8466,8.889601,130.8,TRUE,4.2,500,300
1728,2016/10/11 23:10,130.6114113,46.32455467,5133098.93,393066.4528,7.0376,130.8,TRUE,4.2,500,300
1729,2016/10/11 23:10,130.6114733,46.32452117,5133095.123,393071.162,7.778399,129.6,TRUE,4.2,500,300
1730,2016/10/11 23:10,130.6115522,46.3244815,5133090.607,393077.156,8.519199,128,TRUE,4.2,500,300
1731,2016/10/11 23:10,130.6116385,46.324435,5133085.321,393083.7135,7.0376,127.2,TRUE,4.2,500,300
1732,2016/10/11 23:10,130.611729,46.32438083,5133079.178,393090.5772,8.519199,130.3,TRUE,4.2,500,300
1733,2016/10/11 23:10,130.6118247,46.324338,5133074.288,393097.8612,7.408,117.7,TRUE,4.2,500,300
1734,2016/10/11 23:10,130.611923,46.32427683,5133067.356,393105.3143,9.0748,127.9,TRUE,4.2,500,300
1735,2016/10/11 23:10,130.6120117,46.32422517,5133061.494,393112.042,7.778399,131.2,TRUE,4.2,500,300
1736,2016/10/11 23:11,130.612115,46.32416467,5133054.629,393119.8814,9.8156,129.6,TRUE,4.2,500,300
1737,2016/10/11 23:11,130.6122115,46.324111,5133048.533,393127.2082,9.0748,131.4,TRUE,4.2,500,300
1738,2016/10/11 23:11,130.612323,46.32405283,5133041.917,393135.6814,10.186,127.9,TRUE,4.2,500,300
1739,2016/10/11 23:11,130.6124277,46.32399,5133034.792,393143.6196,9.0748,128.9,TRUE,4.2,500,300
1740,2016/10/11 23:11,130.6125365,46.32392683,5133027.623,393151.8775,9.8156,129.5,TRUE,4.2,500,300
1741,2016/10/11 23:11,130.6126427,46.32386517,5133020.626,393159.9335,9.0748,126.5,TRUE,4.2,500,300
1742,2016/10/11 23:11,130.6127473,46.32380333,5133013.611,393167.8728,9.26,130.4,TRUE,4.2,500,300
1743,2016/10/11 23:11,130.6128528,46.32373933,5133006.355,393175.8727,10.0008,129.1,TRUE,4.2,500,300
1744,2016/10/11 23:11,130.6129555,46.32368233,5132999.88,393183.6683,8.889601,130.2,TRUE,4.2,500,300
1745,2016/10/11 23:11,130.613061,46.32362483,5132993.347,393191.6809,9.26,132.6,TRUE,4.2,500,300
1746,2016/10/11 23:11,130.61316,46.32356817,5132986.915,393199.1945,8.889601,130.8,TRUE,4.2,500,300
1747,2016/10/11 23:11,130.613258,46.32351433,5132980.798,393206.6367,8.519199,122.9,TRUE,4.2,500,300
1748,2016/10/11 23:11,130.6133465,46.32346133,5132974.788,393213.3489,7.9636,130.9,TRUE,4.2,500,300
1749,2016/10/11 23:11,130.6134343,46.32341567,5132969.594,393220.0238,7.9636,126.1,TRUE,4.2,500,300
1750,2016/10/11 23:11,130.6134782,46.32336883,5132964.328,393223.3087,3.3336,164.4,FALSE,4.2,0,300
1751,2016/10/11 23:12,130.613474,46.32337667,5132965.205,393223.0029,2.778,352,FALSE,4.2,0,300
1752,2016/10/11 23:12,130.6134882,46.32341367,5132969.299,393224.1661,5.556,31.1,FALSE,4.2,0,300
1753,2016/10/11 23:12,130.613482,46.323408,5132968.677,393223.6799,2.9632,233.4,FALSE,4.2,0,300
1754,2016/10/11 23:12,130.6133935,46.32340233,5132968.166,393216.8535,7.2228,289.7,FALSE,4.2,0,300
1755,2016/10/11 23:12,130.6133047,46.32343367,5132971.77,393210.0737,7.0376,295,FALSE,4.2,0,300
1756,2016/10/11 23:12,130.613216,46.32345817,5132974.612,393203.293,6.6672,286.5,FALSE,4.2,0,300
1757,2016/10/11 23:12,130.6131283,46.323485,5132977.713,393196.5937,7.2228,295.2,FALSE,4.2,0,300
1758,2016/10/11 23:12,130.6130282,46.32352167,5132981.924,393188.9518,7.5932,296.6,FALSE,4.2,0,300
1759,2016/10/11 23:12,130.6129248,46.32355833,5132986.138,393181.065,8.334,299.6,FALSE,4.2,0,300
1760,2016/10/11 23:12,130.612836,46.32360067,5132990.965,393174.3067,7.778399,308.6,FALSE,4.2,0,300
1761,2016/10/11 23:12,130.6127557,46.32364017,5132995.464,393168.1974,6.8524,306.9,TRUE,4.2,500,300
1762,2016/10/11 23:12,130.6126753,46.32368017,5133000.018,393162.0884,7.0376,305.5,TRUE,4.2,500,300
1763,2016/10/11 23:12,130.6125922,46.32372717,5133005.355,393155.7758,8.889601,312.6,TRUE,4.2,500,300
1764,2016/10/11 23:12,130.6125032,46.32377767,5133011.088,393149.0203,7.778399,304.5,TRUE,4.2,500,300
1765,2016/10/11 23:12,130.6124167,46.32382633,5133016.614,393142.4538,8.1488,310.8,TRUE,4.2,500,300
1766,2016/10/11 23:13,130.6123302,46.32387733,5133022.399,393135.8918,7.408,307.5,TRUE,4.2,500,300
1767,2016/10/11 23:13,130.61224,46.3239295,5133028.32,393129.0495,8.519199,311,TRUE,4.2,500,300
1768,2016/10/11 23:13,130.612149,46.32398017,5133034.075,393122.1404,7.9636,305,TRUE,4.2,500,300
1769,2016/10/11 23:13,130.6120567,46.32403067,5133039.813,393115.1285,8.519199,305.3,TRUE,4.2,500,300
1770,2016/10/11 23:13,130.6119622,46.324088,5133046.313,393107.9628,7.5932,310,TRUE,4.2,500,300
1771,2016/10/11 23:13,130.6119468,46.32409933,5133047.593,393106.8036,0,0,FALSE,4.2,0,300
1772,2016/10/11 23:13,130.6119378,46.32410383,5133048.106,393106.1193,0.926,303.7,FALSE,4.2,0,300
1773,2016/10/11 23:13,130.6118873,46.324131,5133051.194,393102.2833,5.7412,311.8,TRUE,4.2,500,300
1774,2016/10/11 23:13,130.6117967,46.32418,5133056.763,393095.3971,8.334,308.7,TRUE,4.2,495,300
1775,2016/10/11 23:13,130.611722,46.32422467,5133061.829,393089.7339,5.0004,307.8,TRUE,4.2,288,300
1776,2016/10/11 23:13,130.611631,46.324276,5133067.658,393082.8262,8.334,304.2,TRUE,4.2,500,300
1777,2016/10/11 23:13,130.611538,46.324335,5133074.341,393075.7793,8.889601,313.7,TRUE,4.2,500,300
1778,2016/10/11 23:13,130.6114547,46.3243835,5133079.845,393069.4567,7.5932,311.9,TRUE,4.2,500,300
1779,2016/10/11 23:13,130.6113867,46.32441983,5133083.975,393064.291,6.2968,308.9,TRUE,4.2,500,300
1780,2016/10/11 23:13,130.6112927,46.32446733,5133089.382,393057.1448,8.889601,307.3,TRUE,4.2,444,300
1781,2016/10/11 23:14,130.6111962,46.32452,5133095.367,393049.8161,8.889601,306,TRUE,4.2,500,300
1782,2016/10/11 23:14,130.6111057,46.324569,5133100.936,393042.9424,7.5932,311.7,TRUE,4.2,500,300
1783,2016/10/11 23:14,130.6110058,46.3246275,5133107.573,393035.3679,9.26,310.1,TRUE,4.2,500,300
1784,2016/10/11 23:14,130.6109068,46.324684,5133113.987,393027.8543,9.4452,311.3,TRUE,4.2,500,300
1785,2016/10/11 23:14,130.6108128,46.32473333,5133119.597,393020.7117,7.408,307.4,TRUE,4.2,500,300
1786,2016/10/11 23:14,130.6107217,46.32478617,5133125.594,393013.7947,8.519199,304.7,TRUE,4.2,500,300
1787,2016/10/11 23:14,130.6106237,46.3248455,5133132.321,393006.3636,8.1488,308,TRUE,4.2,500,300
1788,2016/10/11 23:14,130.6105192,46.32490733,5133139.335,392998.4369,9.0748,311.1,TRUE,4.2,500,300
1789,2016/10/11 23:14,130.6104173,46.324961,5133145.439,392990.6991,8.519199,298.8,TRUE,4.2,500,300
1790,2016/10/11 23:14,130.610322,46.32501617,5133151.7,392983.4656,8.1488,305.3,TRUE,4.2,500,300
1791,2016/10/11 23:14,130.6102238,46.32507167,5133158.002,392976.014,8.889601,310.2,TRUE,4.2,500,300
1792,2016/10/11 23:14,130.6101325,46.3251245,5133163.998,392969.084,7.5932,308.6,TRUE,4.2,500,300
1793,2016/10/11 23:14,130.6100488,46.32517733,5133169.983,392962.7438,7.5932,309.8,TRUE,4.2,500,300
1794,2016/10/11 23:14,130.6099728,46.32522383,5133175.254,392956.982,7.408,306.5,TRUE,4.2,500,300
1795,2016/10/11 23:14,130.6098848,46.325273,5133180.839,392950.3013,7.0376,304.2,TRUE,4.2,500,300
1796,2016/10/11 23:15,130.609801,46.3253225,5133186.455,392943.9424,6.482,313.5,TRUE,4.2,500,300
1797,2016/10/11 23:15,130.609738,46.32535483,5133190.133,392939.154,7.778399,303.6,TRUE,4.2,500,300
1798,2016/10/11 23:15,130.6096585,46.3254055,5133195.873,392933.1308,7.408,312.9,TRUE,4.2,500,300
1799,2016/10/11 23:15,130.6096012,46.325443,5133200.119,392928.7892,4.2596,318.3,TRUE,4.2,489,300
1800,2016/10/11 23:15,130.6095227,46.32548617,5133205.024,392922.8284,5.3708,313.7,TRUE,4.2,500,300
1801,2016/10/11 23:15,130.6094825,46.32551233,5133207.986,392919.7861,3.704,312.7,TRUE,4.2,500,300
1802,2016/10/11 23:15,130.6094505,46.3255305,5133210.049,392917.3573,2.4076,291.5,TRUE,4.2,500,300
1803,2016/10/11 23:15,130.6093807,46.32557617,5133215.22,392912.0691,7.9636,311.9,TRUE,4.2,500,300
1804,2016/10/11 23:15,130.6093022,46.32562717,5133220.995,392906.1236,8.1488,317.2,TRUE,4.2,500,300
1805,2016/10/11 23:15,130.6092188,46.325677,5133226.646,392899.8031,7.2228,304.1,TRUE,4.2,500,300
1806,2016/10/11 23:15,130.609154,46.32571717,5133231.199,392894.8892,3.704,309.4,TRUE,4.2,500,300
1807,2016/10/11 23:15,130.6090872,46.32575083,5133235.031,392889.8086,6.8524,307.6,TRUE,4.2,500,300
1808,2016/10/11 23:15,130.6090125,46.32579633,5133240.19,392884.1473,7.408,314,TRUE,4.2,500,300
1809,2016/10/11 23:15,130.6089883,46.325832,5133244.187,392882.3557,3.8892,4.6,FALSE,4.2,0,300
1810,2016/10/11 23:15,130.6089992,46.32587117,5133248.527,392883.2669,3.704,12.8,FALSE,4.2,0,300
1811,2016/10/11 23:16,130.6090432,46.32589433,5133251.042,392886.7004,3.1484,80.8,FALSE,4.2,0,300
1812,2016/10/11 23:16,130.6090968,46.32590533,5133252.192,392890.854,4.4448,80.9,FALSE,4.2,0,300
1813,2016/10/11 23:16,130.609154,46.32590467,5133252.041,392895.2552,4.0744,103.9,FALSE,4.2,0,300
1814,2016/10/11 23:16,130.6092085,46.32588567,5133249.855,392899.415,3.704,119.8,FALSE,4.2,0,300
1815,2016/10/11 23:16,130.6092885,46.32584233,5133244.93,392905.4909,6.482,129.5,TRUE,4.2,500,300
1816,2016/10/11 23:16,130.609368,46.32580117,5133240.247,392911.5325,7.408,127.3,TRUE,4.2,500,300
1817,2016/10/11 23:16,130.6094505,46.3257535,5133234.837,392917.7925,7.2228,129,TRUE,4.2,500,300
1818,2016/10/11 23:16,130.6095415,46.3257,5133228.767,392924.6957,8.519199,128.5,TRUE,4.2,500,300
1819,2016/10/11 23:16,130.6096325,46.32564733,5133222.789,392931.6005,8.7044,133.9,TRUE,4.2,500,300
1820,2016/10/11 23:16,130.609718,46.325595,5133216.857,392938.0825,7.2228,130.7,TRUE,4.2,500,300
1821,2016/10/11 23:16,130.609799,46.32555283,5133212.06,392944.2377,7.9636,126.3,TRUE,4.2,500,300
1822,2016/10/11 23:16,130.6098957,46.325497,5133205.723,392951.5731,9.0748,130.7,TRUE,4.2,500,300
1823,2016/10/11 23:16,130.6099902,46.325453,5133200.705,392958.7644,8.334,126.3,TRUE,4.2,500,300
1824,2016/10/11 23:16,130.6100863,46.325399,5133194.572,392966.064,8.889601,129.5,TRUE,4.2,500,300
1825,2016/10/11 23:16,130.6101878,46.32534117,5133188.007,392973.7674,9.4452,131.3,TRUE,4.2,500,300
1826,2016/10/11 23:17,130.6102963,46.32527533,5133180.542,392981.9943,9.8156,131.5,TRUE,4.2,500,300
1827,2016/10/11 23:17,130.6103947,46.32522,5133174.259,392989.4592,8.889601,128,TRUE,4.2,500,300
1828,2016/10/11 23:17,130.610497,46.3251605,5133167.507,392997.2234,9.6304,129.1,TRUE,4.2,500,300
1829,2016/10/11 23:17,130.6106013,46.3251,5133160.641,393005.1395,9.4452,129.3,TRUE,4.2,500,300
1830,2016/10/11 23:17,130.6106952,46.32504633,5133154.548,393012.2613,8.334,129.1,TRUE,4.2,500,300
1831,2016/10/11 23:17,130.6107988,46.32498767,5133147.888,393020.1295,9.4452,129,TRUE,4.2,500,300
1832,2016/10/11 23:17,130.610917,46.32491733,5133139.909,393029.0923,11.8528,130.5,TRUE,4.2,500,300
1833,2016/10/11 23:17,130.611025,46.32485783,5133133.15,393037.2932,8.334,127,TRUE,4.2,500,300
1834,2016/10/11 23:17,130.6111292,46.324797,5133126.248,393045.1965,10.3712,131.7,TRUE,4.2,500,300
1835,2016/10/11 23:17,130.6112475,46.3247305,5133118.696,393054.1792,10.7416,129.4,TRUE,4.2,500,300
1836,2016/10/11 23:17,130.611364,46.324662,5133110.924,393063.0171,11.112,132,TRUE,4.2,500,300
1837,2016/10/11 23:17,130.6114567,46.32460967,5133104.982,393070.0515,7.9636,129.4,TRUE,4.2,500,300
1838,2016/10/11 23:17,130.6115453,46.3245545,5133098.73,393076.7715,9.0748,132.2,TRUE,4.2,431,300
1839,2016/10/11 23:17,130.6116567,46.32448767,5133091.151,393085.2154,10.3712,128.2,TRUE,4.2,500,300
1840,2016/10/11 23:17,130.6117678,46.32443333,5133084.961,393093.6698,9.4452,126.3,TRUE,4.2,500,300
1841,2016/10/11 23:18,130.6118577,46.32438317,5133079.264,393100.4905,8.1488,130,TRUE,4.2,500,300
1842,2016/10/11 23:18,130.611946,46.324328,5133073.013,393107.1851,5.7412,129.3,TRUE,4.2,500,300
1843,2016/10/11 23:18,130.6120375,46.32427583,5133067.09,393114.1298,10.0008,131.1,TRUE,4.2,500,300
1844,2016/10/11 23:18,130.612126,46.32422533,5133061.357,393120.8467,7.2228,125,TRUE,4.2,500,300
1845,2016/10/11 23:18,130.6122178,46.32417217,5133055.324,393127.8148,9.0748,123,TRUE,4.2,500,300
1846,2016/10/11 23:18,130.6123383,46.32409767,5133046.881,393136.9493,11.2972,130.8,TRUE,4.2,500,300
1847,2016/10/11 23:18,130.6124612,46.32402667,5133038.823,393146.2708,10.9268,132.4,TRUE,4.2,500,300
1848,2016/10/11 23:18,130.6125693,46.323966,5133031.933,393154.4819,9.6304,128.8,TRUE,4.2,500,300
1849,2016/10/11 23:18,130.6126783,46.3239055,5133025.061,393162.7581,9.4452,125.1,TRUE,4.2,500,300
1850,2016/10/11 23:18,130.6127827,46.3238375,5133017.362,393170.6609,8.7044,130.6,TRUE,4.2,500,300
1851,2016/10/11 23:18,130.6128883,46.3237755,5133010.327,393178.6769,9.0748,125.7,TRUE,4.2,500,300
1852,2016/10/11 23:18,130.6129923,46.32371317,5133003.259,393186.5646,9.26,132.2,TRUE,4.2,500,300
1853,2016/10/11 23:18,130.6131035,46.32365167,5132996.273,393195.006,8.7044,126.2,TRUE,4.2,500,300
1854,2016/10/11 23:18,130.6131948,46.323595,5132989.85,393201.929,7.5932,131.4,TRUE,4.2,500,300
1855,2016/10/11 23:18,130.6132993,46.32353483,5132983.021,393209.8594,9.8156,131.3,TRUE,4.2,500,300
1856,2016/10/11 23:19,130.6134085,46.32347067,5132975.742,393218.1416,9.26,129.3,TRUE,4.2,500,300
1857,2016/10/11 23:19,130.6135093,46.32340983,5132968.844,393225.7881,8.334,130.5,TRUE,4.2,500,300
1858,2016/10/11 23:19,130.6135942,46.3233525,5132962.357,393232.2101,7.2228,143.3,TRUE,4.2,500,300
1859,2016/10/11 23:19,130.6136298,46.32331233,5132957.843,393234.8781,5.3708,155.4,TRUE,4.2,500,300
1860,2016/10/11 23:19,130.6136378,46.323307,5132957.24,393235.4838,2.2224,335.7,FALSE,4.2,0,300
1861,2016/10/11 23:19,130.61363,46.32333833,5132960.733,393234.9418,3.5188,4.7,FALSE,4.2,0,300
1862,2016/10/11 23:19,130.6136552,46.32336183,5132963.312,393236.9259,2.9632,44.6,TRUE,4.2,129,300
1863,2016/10/11 23:19,130.6136853,46.3233685,5132964.012,393239.2614,0.3704,165.1,FALSE,4.2,0,300
1864,2016/10/11 23:19,130.6136845,46.32336683,5132963.828,393239.1943,0,0,FALSE,4.2,0,300
1865,2016/10/11 23:19,130.6136857,46.3233645,5132963.567,393239.2798,0,0,FALSE,4.2,0,300
1866,2016/10/11 23:19,130.6136863,46.32336267,5132963.363,393239.3271,0,0,FALSE,4.2,0,300
1867,2016/10/11 23:19,130.6136857,46.32336333,5132963.437,393239.2776,0,0,FALSE,4.2,0,300
1868,2016/10/11 23:19,130.6136237,46.32335067,5132962.113,393234.4783,5.3708,263.9,FALSE,4.2,0,300
1869,2016/10/11 23:19,130.613553,46.32335917,5132963.154,393229.0526,5.556,283.3,FALSE,4.2,0,300
1870,2016/10/11 23:19,130.6134965,46.32338167,5132965.731,393224.7453,4.4448,308.3,FALSE,4.2,0,300
1871,2016/10/11 23:20,130.6134333,46.3234125,5132969.243,393219.9406,6.6672,291.1,FALSE,4.2,0,300
1872,2016/10/11 23:20,130.6133217,46.32342533,5132970.82,393211.3667,7.9636,276.3,FALSE,4.2,0,300
1873,2016/10/11 23:20,130.613213,46.323444,5132973.041,393203.0344,7.408,292,FALSE,4.2,0,300
1874,2016/10/11 23:20,130.6131132,46.323484,5132977.622,393195.4243,8.519199,300.2,FALSE,4.2,0,300
1875,2016/10/11 23:20,130.613012,46.3235145,5132981.149,393187.6926,7.9636,293.1,FALSE,4.2,0,300
1876,2016/10/11 23:20,130.6129073,46.32354767,5132984.977,393179.6966,8.519199,294.6,FALSE,4.2,0,300
1877,2016/10/11 23:20,130.6128068,46.32358367,5132989.114,393172.0272,7.778399,298.6,FALSE,4.2,0,300
1878,2016/10/11 23:20,130.6127098,46.32361283,5132992.486,393164.6141,7.5932,295.2,FALSE,4.2,0,300
1879,2016/10/11 23:20,130.6126143,46.32365683,5132997.506,393157.3454,8.519199,308.8,FALSE,4.2,0,300
1880,2016/10/11 23:20,130.612528,46.32370517,5133002.996,393150.7913,6.8524,303.2,TRUE,4.2,500,300
1881,2016/10/11 23:20,130.6124528,46.323749,5133007.969,393145.0878,7.0376,312.3,TRUE,4.2,500,300
1882,2016/10/11 23:20,130.612375,46.32379817,5133013.54,393139.19,6.482,309.7,TRUE,4.2,500,300
1883,2016/10/11 23:20,130.612286,46.32384483,5133018.846,393132.427,7.2228,304.9,TRUE,4.2,500,300
1884,2016/10/11 23:20,130.6122,46.323901,5133025.206,393125.9136,7.9636,313.3,TRUE,4.2,500,300
1885,2016/10/11 23:20,130.6121088,46.3239535,5133031.165,393118.995,7.778399,303.9,TRUE,4.2,500,300
1886,2016/10/11 23:21,130.6120198,46.32400217,5133036.695,393112.236,8.334,311.6,TRUE,4.2,500,300
1887,2016/10/11 23:21,130.611935,46.32405817,5133043.034,393105.8124,7.9636,314.4,TRUE,4.2,500,300
1888,2016/10/11 23:21,130.611873,46.3240915,5133046.823,393101.1028,3.5188,305.5,TRUE,4.2,500,300
1889,2016/10/11 23:21,130.6118258,46.32411917,5133049.962,393097.5242,5.556,310.9,TRUE,4.2,500,300
1890,2016/10/11 23:21,130.6117558,46.32416117,5133054.725,393092.2154,6.6672,313.2,TRUE,4.2,500,300
1891,2016/10/11 23:21,130.6116868,46.32419933,5133059.06,393086.9762,4.8152,299.4,TRUE,4.2,500,300
1892,2016/10/11 23:21,130.6116285,46.32423383,5133062.974,393082.5515,5.7412,306.1,TRUE,4.2,500,300
1893,2016/10/11 23:21,130.6115637,46.32428117,5133068.323,393077.6512,6.6672,317.3,TRUE,4.2,500,300
1894,2016/10/11 23:21,130.6114857,46.32432767,5133073.597,393071.7352,7.2228,306.6,TRUE,4.2,500,300
1895,2016/10/11 23:21,130.6114033,46.324373,5133078.747,393065.4827,6.6672,308.2,TRUE,4.2,500,300
1896,2016/10/11 23:21,130.6113322,46.32441217,5133083.197,393060.0791,5.7412,306.2,TRUE,4.2,500,300
1897,2016/10/11 23:21,130.6112727,46.32444967,5133087.446,393055.5702,7.2228,313.5,TRUE,4.2,500,300
1898,2016/10/11 23:21,130.6111795,46.32449433,5133092.536,393048.4824,7.9636,303.6,TRUE,4.2,500,300
1899,2016/10/11 23:21,130.6110903,46.32454817,5133098.641,393041.7205,7.778399,309.4,TRUE,4.2,500,300
1900,2016/10/11 23:21,130.611005,46.3245925,5133103.684,393035.2358,7.0376,305.3,TRUE,4.2,500,300
1901,2016/10/11 23:22,130.6109118,46.32464467,5133109.609,393028.1627,7.9636,308.6,TRUE,4.2,500,300
1902,2016/10/11 23:22,130.6108247,46.32469933,5133115.802,393021.5572,7.5932,311.6,TRUE,4.2,500,300
1903,2016/10/11 23:22,130.610755,46.3247405,5133120.473,393016.2723,6.1116,313.6,TRUE,4.2,500,300
1904,2016/10/11 23:22,130.6106702,46.324791,5133126.201,393009.8382,7.2228,306.8,TRUE,4.2,500,300
1905,2016/10/11 23:22,130.6105892,46.32483817,5133131.553,393003.6926,6.8524,308.2,TRUE,4.2,500,300
1906,2016/10/11 23:22,130.6104995,46.32488867,5133137.288,392996.8858,7.778399,307.9,TRUE,4.2,500,300
1907,2016/10/11 23:22,130.6104135,46.3249445,5133143.61,392990.372,7.778399,317.3,TRUE,4.2,500,300
1908,2016/10/11 23:22,130.6103387,46.32499283,5133149.083,392984.7038,7.0376,320.1,TRUE,4.2,500,300
1909,2016/10/11 23:22,130.6102572,46.32504017,5133154.455,392978.52,6.8524,311.8,TRUE,4.2,500,300
1910,2016/10/11 23:22,130.6101752,46.32508883,5133159.975,392972.3003,7.778399,315.4,TRUE,4.2,500,300
1911,2016/10/11 23:22,130.6100957,46.32513867,5133165.622,392966.2754,6.6672,312.1,TRUE,4.2,500,300
1912,2016/10/11 23:22,130.6100133,46.325187,5133171.106,392960.0289,7.778399,310.7,TRUE,4.2,500,300
1913,2016/10/11 23:22,130.6099263,46.325241,5133177.226,392953.4347,8.1488,317.2,TRUE,4.2,500,300
1914,2016/10/11 23:22,130.6098455,46.3252905,5133182.837,392947.3067,6.6672,314.9,TRUE,4.2,500,300
1915,2016/10/11 23:22,130.6097563,46.32534367,5133188.868,392940.5438,8.1488,309.9,TRUE,4.2,500,300
1916,2016/10/11 23:23,130.609677,46.32539267,5133194.422,392934.5304,7.408,315.8,TRUE,4.2,500,300
1917,2016/10/11 23:23,130.6096038,46.32543767,5133199.523,392928.9836,5.7412,314.4,TRUE,4.2,500,300
1918,2016/10/11 23:23,130.6095312,46.32549,5133205.438,392923.4904,7.778399,313.2,TRUE,4.2,500,300
1919,2016/10/11 23:23,130.6094552,46.32553583,5133210.635,392917.7273,7.2228,313.6,TRUE,4.2,500,300
1920,2016/10/11 23:23,130.6093738,46.32558233,5133215.914,392911.5544,6.482,313.7,TRUE,4.2,500,300
1921,2016/10/11 23:23,130.6092965,46.32562267,5133220.502,392905.6782,5.9264,307.8,TRUE,4.2,500,300
1922,2016/10/11 23:23,130.6092255,46.32567,5133225.859,392900.3031,5.556,315,TRUE,4.2,500,300
1923,2016/10/11 23:23,130.6091592,46.32570667,5133230.025,392895.2668,6.1116,314.2,TRUE,4.2,500,300
1924,2016/10/11 23:23,130.6090895,46.3257425,5133234.102,392889.9717,5.3708,305.3,TRUE,4.2,500,300
1925,2016/10/11 23:23,130.609032,46.32577617,5133237.922,392885.6096,4.4448,304.5,TRUE,4.2,500,300
1926,2016/10/11 23:23,130.6089573,46.325812,5133242.006,392879.9295,7.778399,308.8,TRUE,4.2,500,300
1927,2016/10/11 23:23,130.6089238,46.32583667,5133244.794,392877.3979,2.9632,336,FALSE,4.2,0,300
1928,2016/10/11 23:23,130.6089227,46.32586717,5133248.186,392877.3681,2.778,24,FALSE,4.2,0,300
1929,2016/10/11 23:23,130.6089972,46.32592433,5133254.438,392883.2167,7.778399,51.6,FALSE,4.2,0,300
1930,2016/10/11 23:23,130.6090903,46.32596933,5133259.315,392890.4784,7.2228,59.2,FALSE,4.2,0,300
1931,2016/10/11 23:24,130.609135,46.32598017,5133260.459,392893.9395,2.9632,74.8,FALSE,4.2,0,300
1932,2016/10/11 23:24,130.6091628,46.32597683,5133260.05,392896.076,0,0,FALSE,4.2,0,300
1933,2016/10/11 23:24,130.6091618,46.32597633,5133259.996,392895.998,0,0,FALSE,4.2,0,300
1934,2016/10/11 23:24,130.6091625,46.32597417,5133259.755,392896.0454,0,0,FALSE,4.2,0,300
1935,2016/10/11 23:24,130.6091627,46.32597433,5133259.772,392896.0588,0,0,FALSE,4.2,0,300
1936,2016/10/11 23:24,130.6091597,46.3259745,5133259.795,392895.8281,0,0,FALSE,4.2,0,300
1937,2016/10/11 23:24,130.6091592,46.32597217,5133259.537,392895.7851,0,0,FALSE,4.2,0,300
1938,2016/10/11 23:24,130.6091618,46.32597183,5133259.496,392895.9893,0,0,FALSE,4.2,0,300
1939,2016/10/11 23:24,130.609163,46.325972,5133259.513,392896.0797,0,0,FALSE,4.2,0,300
1940,2016/10/11 23:24,130.6091647,46.32597167,5133259.474,392896.2076,0,0,FALSE,4.2,0,300
1941,2016/10/11 23:24,130.6091652,46.32597067,5133259.362,392896.2442,0,0,FALSE,4.2,0,300
1942,2016/10/11 23:24,130.609167,46.32597133,5133259.433,392896.3864,0,0,FALSE,4.2,0,300
1943,2016/10/11 23:24,130.6091665,46.32597267,5133259.583,392896.3505,0,0,FALSE,4.2,0,300
1944,2016/10/11 23:24,130.6091675,46.32597,5133259.285,392896.4223,0,147.6,FALSE,4.2,0,300
1945,2016/10/11 23:24,130.6091678,46.32596867,5133259.136,392896.4451,0,0,FALSE,4.2,0,300
1946,2016/10/11 23:25,130.609168,46.32596517,5133258.747,392896.4514,0.1852,290.8,FALSE,4.2,0,300
1947,2016/10/11 23:25,130.6091673,46.3259665,5133258.896,392896.4024,0,0,FALSE,4.2,0,300
1948,2016/10/11 23:25,130.6091648,46.32596367,5133258.585,392896.2044,0.1852,296.2,FALSE,4.2,0,300
1949,2016/10/11 23:25,130.6091642,46.32596283,5133258.492,392896.1519,0,0,FALSE,4.2,0,300
1950,2016/10/11 23:25,130.6091643,46.32596267,5133258.474,392896.1639,0,0,FALSE,4.2,0,300
1951,2016/10/11 23:25,130.6091643,46.32596333,5133258.548,392896.1652,0,0,FALSE,4.2,0,300
1952,2016/10/11 23:25,130.6091648,46.32596367,5133258.585,392896.2044,0,0,FALSE,4.2,0,300
1953,2016/10/11 23:25,130.6091662,46.32596217,5133258.416,392896.3046,0,0,FALSE,4.2,0,300
1954,2016/10/11 23:25,130.6091657,46.32596083,5133258.268,392896.2635,0,0,FALSE,4.2,0,300
1955,2016/10/11 23:25,130.6091655,46.325959,5133258.065,392896.2468,0,0,FALSE,4.2,0,300
1956,2016/10/11 23:25,130.6091658,46.32595767,5133257.916,392896.2696,0,0,FALSE,4.2,0,300
1957,2016/10/11 23:25,130.6091653,46.32595717,5133257.861,392896.2302,0,0,FALSE,4.2,0,300
1958,2016/10/11 23:25,130.6091662,46.325957,5133257.841,392896.2945,0,0,FALSE,4.2,0,300
1959,2016/10/11 23:25,130.609165,46.3259565,5133257.787,392896.2034,0,0,FALSE,4.2,0,300
1960,2016/10/11 23:25,130.6091653,46.32595167,5133257.25,392896.2194,1.2964,171.6,FALSE,4.2,0,300
1961,2016/10/11 23:26,130.6091658,46.32595217,5133257.305,392896.2589,0,0,FALSE,4.2,0,300
1962,2016/10/11 23:26,130.6091658,46.3259525,5133257.342,392896.2596,0,0,FALSE,4.2,0,300
1963,2016/10/11 23:26,130.6091658,46.3259525,5133257.342,392896.2596,0,0,FALSE,4.2,0,300
1964,2016/10/11 23:26,130.6091702,46.325948,5133256.836,392896.585,0,139.6,FALSE,4.2,0,300
1965,2016/10/11 23:26,130.6091687,46.32595,5133257.06,392896.4734,0,0,FALSE,4.2,0,300
1966,2016/10/11 23:26,130.609169,46.3259495,5133257.004,392896.4978,0,0,FALSE,4.2,0,300
1967,2016/10/11 23:26,130.609169,46.3259495,5133257.004,392896.4978,0,0,FALSE,4.2,0,300
1968,2016/10/11 23:26,130.6091692,46.32594933,5133256.985,392896.5106,0,0,FALSE,4.2,0,300
1969,2016/10/11 23:26,130.6091698,46.32594967,5133257.022,392896.5621,0,0,FALSE,4.2,0,300
1970,2016/10/11 23:26,130.6091717,46.325947,5133256.722,392896.6985,0.926,161.8,FALSE,4.2,0,300
1971,2016/10/11 23:26,130.6091698,46.32595117,5133257.188,392896.565,0.7408,344.5,FALSE,4.2,0,300
1972,2016/10/11 23:26,130.6091707,46.32595017,5133257.076,392896.6277,0,0,FALSE,4.2,0,300
1973,2016/10/11 23:26,130.6091703,46.32595167,5133257.243,392896.6045,0,0,FALSE,4.2,0,300
1974,2016/10/11 23:26,130.60917,46.32595217,5133257.299,392896.58,0,0,FALSE,4.2,0,300
1975,2016/10/11 23:26,130.609173,46.32595067,5133257.129,392896.8081,0,0,FALSE,4.2,0,300
1976,2016/10/11 23:27,130.609173,46.32595167,5133257.24,392896.8101,0,0,FALSE,4.2,0,300
1977,2016/10/11 23:27,130.609173,46.32595117,5133257.184,392896.8091,0.1852,36,FALSE,4.2,0,300
1978,2016/10/11 23:27,130.6091723,46.32595267,5133257.352,392896.7604,0,0,FALSE,4.2,0,300
1979,2016/10/11 23:27,130.609172,46.32595383,5133257.481,392896.7373,0,0,FALSE,4.2,0,300
1980,2016/10/11 23:27,130.6091722,46.32595433,5133257.537,392896.7513,0,0,FALSE,4.2,0,300
1981,2016/10/11 23:27,130.6091718,46.325954,5133257.5,392896.7245,0,0,FALSE,4.2,0,300
1982,2016/10/11 23:27,130.6091708,46.32595567,5133257.687,392896.6508,0.3704,344.4,FALSE,4.2,0,300
1983,2016/10/11 23:27,130.6091705,46.325956,5133257.724,392896.626,0,0,FALSE,4.2,0,300
1984,2016/10/11 23:27,130.6091702,46.32595683,5133257.817,392896.6022,0,0,FALSE,4.2,0,300
1985,2016/10/11 23:27,130.6091697,46.32595783,5133257.929,392896.5657,0,0,FALSE,4.2,0,300
1986,2016/10/11 23:27,130.609169,46.3259575,5133257.893,392896.5134,0,0,FALSE,4.2,0,300
1987,2016/10/11 23:27,130.609168,46.32595767,5133257.913,392896.4367,0,0,FALSE,4.2,0,300
1988,2016/10/11 23:27,130.6091678,46.32595767,5133257.914,392896.4237,0,0,FALSE,4.2,0,300
1989,2016/10/11 23:27,130.6091673,46.325958,5133257.951,392896.3858,0,0,FALSE,4.2,0,300
1990,2016/10/11 23:27,130.6091672,46.325958,5133257.951,392896.3735,0,0,FALSE,4.2,0,300
1991,2016/10/11 23:28,130.6091663,46.325959,5133258.064,392896.3107,0,0,FALSE,4.2,0,300
1992,2016/10/11 23:28,130.6091655,46.3259605,5133258.231,392896.2498,0,0,FALSE,4.2,0,300
1993,2016/10/11 23:28,130.6091655,46.32596117,5133258.306,392896.2511,0,0,FALSE,4.2,0,300
1994,2016/10/11 23:28,130.609165,46.325962,5133258.399,392896.2142,0,0,FALSE,4.2,0,300
1995,2016/10/11 23:28,130.6091632,46.32596383,5133258.605,392896.0768,0,0,FALSE,4.2,0,300
1996,2016/10/11 23:28,130.6091628,46.325964,5133258.624,392896.051,0,0,FALSE,4.2,0,300
1997,2016/10/11 23:28,130.6091627,46.32596467,5133258.699,392896.04,0,0,FALSE,4.2,0,300
1998,2016/10/11 23:28,130.6091622,46.32596533,5133258.773,392896.0028,0,0,FALSE,4.2,0,300
1999,2016/10/11 23:28,130.609162,46.32596533,5133258.773,392895.9897,0,0,FALSE,4.2,0,300
2000,2016/10/11 23:28,130.6091615,46.32596533,5133258.774,392895.9512,0.3704,190.7,FALSE,4.2,0,300
2001,2016/10/11 23:28,130.609165,46.32595667,5133257.806,392896.2038,0,0,FALSE,4.2,0,300
2002,2016/10/11 23:28,130.6091655,46.325956,5133257.731,392896.241,0,0,FALSE,4.2,0,300
2003,2016/10/11 23:28,130.6091673,46.32595517,5133257.636,392896.3803,0.3704,161.3,FALSE,4.2,0,300
2004,2016/10/11 23:28,130.6091677,46.32595583,5133257.709,392896.4077,0,0,FALSE,4.2,0,300
2005,2016/10/11 23:28,130.609168,46.32595583,5133257.709,392896.4332,0,0,FALSE,4.2,0,300
2006,2016/10/11 23:29,130.6091678,46.32595617,5133257.747,392896.4207,0,0,FALSE,4.2,0,300
2007,2016/10/11 23:29,130.6091673,46.3259565,5133257.784,392896.3829,0,0,FALSE,4.2,0,300
2008,2016/10/11 23:29,130.6091673,46.325956,5133257.729,392896.3819,0,0,FALSE,4.2,0,300
2009,2016/10/11 23:29,130.6091675,46.32595583,5133257.71,392896.3947,0,0,FALSE,4.2,0,300
2010,2016/10/11 23:29,130.6091672,46.32595617,5133257.748,392896.3699,0,0,FALSE,4.2,0,300
2011,2016/10/11 23:29,130.6091665,46.3259565,5133257.785,392896.319,0,0,FALSE,4.2,0,300
2012,2016/10/11 23:29,130.6091665,46.32595633,5133257.766,392896.3186,0,0,FALSE,4.2,0,300
2013,2016/10/11 23:29,130.6091667,46.32595617,5133257.748,392896.3314,0,0,FALSE,4.2,0,300
2014,2016/10/11 23:29,130.6091662,46.32595633,5133257.767,392896.2932,0,0,FALSE,4.2,0,300
2015,2016/10/11 23:29,130.6091655,46.325957,5133257.842,392896.2429,0,0,FALSE,4.2,0,300
2016,2016/10/11 23:29,130.6091662,46.32595717,5133257.86,392896.2949,0,0,FALSE,4.2,0,300
2017,2016/10/11 23:29,130.6091665,46.325958,5133257.952,392896.3219,0,0,FALSE,4.2,0,300
2018,2016/10/11 23:29,130.609167,46.32595833,5133257.988,392896.361,0,0,FALSE,4.2,0,300
2019,2016/10/11 23:29,130.6091665,46.3259585,5133258.008,392896.3229,0,0,FALSE,4.2,0,300
2020,2016/10/11 23:29,130.6091663,46.32595833,5133257.989,392896.3094,0,0,FALSE,4.2,0,300
2021,2016/10/11 23:30,130.6091665,46.32595833,5133257.989,392896.3225,0,0,FALSE,4.2,0,300
2022,2016/10/11 23:30,130.6091667,46.32595833,5133257.989,392896.3356,0,0,FALSE,4.2,0,300
2023,2016/10/11 23:30,130.6091665,46.32595933,5133258.1,392896.3245,0,0,FALSE,4.2,0,300
2024,2016/10/11 23:30,130.6091668,46.32595833,5133257.988,392896.3479,0,0,FALSE,4.2,0,300
2025,2016/10/11 23:30,130.609167,46.32595783,5133257.933,392896.3601,0,0,FALSE,4.2,0,300
2026,2016/10/11 23:30,130.6091675,46.32595717,5133257.859,392896.3973,0,0,FALSE,4.2,0,300
2027,2016/10/11 23:30,130.609168,46.32595667,5133257.802,392896.4348,0,0,FALSE,4.2,0,300
2028,2016/10/11 23:30,130.609168,46.32595683,5133257.82,392896.4351,0,0,FALSE,4.2,0,300
2029,2016/10/11 23:30,130.6091678,46.32595717,5133257.858,392896.4227,0,0,FALSE,4.2,0,300
2030,2016/10/11 23:30,130.6091678,46.32595733,5133257.876,392896.423,0,0,FALSE,4.2,0,300
2031,2016/10/11 23:30,130.6091685,46.32595667,5133257.802,392896.4733,0,0,FALSE,4.2,0,300
2032,2016/10/11 23:30,130.6091673,46.32595667,5133257.803,392896.3832,0,0,FALSE,4.2,0,300
2033,2016/10/11 23:30,130.609167,46.32595717,5133257.859,392896.3588,0,0,FALSE,4.2,0,300
2034,2016/10/11 23:30,130.6091672,46.32595467,5133257.581,392896.367,0,0,FALSE,4.2,0,300
2035,2016/10/11 23:30,130.609167,46.3259555,5133257.674,392896.3555,0,0,FALSE,4.2,0,300
2036,2016/10/11 23:31,130.609167,46.32595633,5133257.766,392896.3571,0,0,FALSE,4.2,0,300
2037,2016/10/11 23:31,130.6091672,46.32595617,5133257.748,392896.3699,0,0,FALSE,4.2,0,300
2038,2016/10/11 23:31,130.6091667,46.32595417,5133257.526,392896.3275,0,201.7,FALSE,4.2,0,300
2039,2016/10/11 23:31,130.6091678,46.32595583,5133257.709,392896.4201,0,0,FALSE,4.2,0,300
2040,2016/10/11 23:31,130.6091682,46.325956,5133257.728,392896.4466,0,0,FALSE,4.2,0,300
2041,2016/10/11 23:31,130.6091687,46.32595667,5133257.801,392896.4864,0,0,FALSE,4.2,0,300
2042,2016/10/11 23:31,130.6091687,46.32595733,5133257.875,392896.4877,0,0,FALSE,4.2,0,300
2043,2016/10/11 23:31,130.6091688,46.32595717,5133257.857,392896.4997,0,0,FALSE,4.2,0,300
2044,2016/10/11 23:31,130.6091693,46.32595767,5133257.912,392896.5392,0,0,FALSE,4.2,0,300
2045,2016/10/11 23:31,130.6091692,46.32595783,5133257.93,392896.5272,0,0,FALSE,4.2,0,300
2046,2016/10/11 23:31,130.6091693,46.325958,5133257.948,392896.5398,0,0,FALSE,4.2,0,300
2047,2016/10/11 23:31,130.6091838,46.3259495,5133256.984,392897.6398,3.3336,136.7,TRUE,4.2,201,300
2048,2016/10/11 23:31,130.6092307,46.3259165,5133253.252,392901.1824,7.0376,138.6,TRUE,4.2,500,300
2049,2016/10/11 23:31,130.6093092,46.32587233,5133248.236,392907.1411,6.2968,120.9,TRUE,4.2,500,300
2050,2016/10/11 23:31,130.6093897,46.32582633,5133243.014,392913.2504,7.0376,130.6,TRUE,4.2,500,300
2051,2016/10/11 23:32,130.6094668,46.32578267,5133238.057,392919.107,6.8524,128.1,TRUE,4.2,500,300
2052,2016/10/11 23:32,130.6095332,46.3257435,5133233.613,392924.1391,5.9264,132.2,TRUE,4.2,500,300
2053,2016/10/11 23:32,130.6095995,46.3257075,5133229.522,392929.1767,5.3708,125.1,TRUE,4.2,500,300
2054,2016/10/11 23:32,130.6096657,46.3256705,5133225.32,392934.2,6.1116,125.8,TRUE,4.2,500,300
2055,2016/10/11 23:32,130.6097467,46.32562517,5133220.172,392940.3491,6.6672,132.2,TRUE,4.2,500,300
2056,2016/10/11 23:32,130.6098342,46.325576,5133214.588,392946.9913,7.778399,131,TRUE,4.2,500,300
2057,2016/10/11 23:32,130.6099083,46.325532,5133209.597,392952.6163,6.8524,128.9,TRUE,4.2,500,300
2058,2016/10/11 23:32,130.6099872,46.32548567,5133204.34,392958.5971,6.482,130.5,TRUE,4.2,500,300
2059,2016/10/11 23:32,130.6100647,46.3254415,5133199.326,392964.4789,7.408,131,TRUE,4.2,500,300
2060,2016/10/11 23:32,130.6101408,46.32539667,5133194.24,392970.2563,6.6672,128,TRUE,4.2,500,300
2061,2016/10/11 23:32,130.6102232,46.32535133,5133189.089,392976.5087,6.2968,125.9,TRUE,4.2,500,300
2062,2016/10/11 23:32,130.6103107,46.325306,5133183.932,392983.1584,7.408,124.5,TRUE,4.2,500,300
2063,2016/10/11 23:32,130.6103928,46.32525367,5133178.004,392989.3832,8.334,132.1,TRUE,4.2,500,300
2064,2016/10/11 23:32,130.6104712,46.32520633,5133172.636,392995.3236,7.0376,129.9,TRUE,4.2,500,300
2065,2016/10/11 23:32,130.6105348,46.32517017,5133168.53,393000.1554,5.0004,125.9,TRUE,4.2,500,300
2066,2016/10/11 23:33,130.6106223,46.32512017,5133162.854,393006.796,7.408,129,TRUE,4.2,500,300
2067,2016/10/11 23:33,130.6107117,46.3250635,5133156.435,393013.5654,8.889601,131.5,TRUE,4.2,500,300
2068,2016/10/11 23:33,130.610796,46.32500967,5133150.337,393019.9545,8.519199,129.5,TRUE,4.2,500,300
2069,2016/10/11 23:33,130.610879,46.3249615,5133144.871,393026.2522,7.2228,127.4,TRUE,4.2,500,300
2070,2016/10/11 23:33,130.6109692,46.32491367,5133139.432,393033.1027,6.482,127.4,TRUE,4.2,500,300
2071,2016/10/11 23:33,130.6110507,46.32486383,5133133.782,393039.2817,6.6672,128.8,TRUE,4.2,430,300
2072,2016/10/11 23:33,130.6111367,46.32481467,5133128.202,393045.8085,7.408,127.4,TRUE,4.2,452,300
2073,2016/10/11 23:33,130.6112373,46.32475567,5133121.507,393053.4451,9.4452,130.3,TRUE,4.2,485,300
2074,2016/10/11 23:33,130.6113347,46.3247005,5133115.243,393060.8335,8.519199,128.8,TRUE,4.2,500,300
2075,2016/10/11 23:33,130.6114317,46.32464717,5133109.185,393068.1994,8.334,127.9,TRUE,4.2,500,300
2076,2016/10/11 23:33,130.6115205,46.324599,5133103.71,393074.9461,7.9636,131.9,TRUE,4.2,500,300
2077,2016/10/11 23:33,130.6116107,46.32454667,5133097.772,393081.788,7.9636,129.8,TRUE,4.2,500,300
2078,2016/10/11 23:33,130.611708,46.32449117,5133091.471,393089.175,9.0748,128.5,TRUE,4.2,500,300
2079,2016/10/11 23:33,130.6117945,46.324445,5133086.222,393095.7463,8.519199,127.9,TRUE,4.2,500,300
2080,2016/10/11 23:33,130.6119028,46.324387,5133079.629,393103.9756,9.8156,129.3,TRUE,4.2,500,300
2081,2016/10/11 23:34,130.6120037,46.32432867,5133073.009,393111.6275,9.0748,130.6,TRUE,4.2,500,300
2082,2016/10/11 23:34,130.6120947,46.32427433,5133066.846,393118.5294,8.334,130.5,TRUE,4.2,500,300
2083,2016/10/11 23:34,130.612184,46.32422117,5133060.817,393125.3051,7.408,130.9,TRUE,4.2,500,300
2084,2016/10/11 23:34,130.6122833,46.32416317,5133054.235,393132.8414,9.6304,127.1,TRUE,4.2,500,300
2085,2016/10/11 23:34,130.6123873,46.32409817,5133046.87,393140.7237,9.8156,128.3,TRUE,4.2,500,300
2086,2016/10/11 23:34,130.6124985,46.32403567,5133039.773,393149.1631,9.4452,131.7,TRUE,4.2,500,300
2087,2016/10/11 23:34,130.6125972,46.3239775,5133033.174,393156.6483,9.0748,133.5,TRUE,4.2,500,300
2088,2016/10/11 23:34,130.6126943,46.32392117,5133026.781,393164.0208,8.889601,130.4,TRUE,4.2,500,300
2089,2016/10/11 23:34,130.612792,46.32386283,5133020.165,393171.4287,9.0748,130.3,TRUE,4.2,500,300
2090,2016/10/11 23:34,130.6128865,46.32381017,5133014.184,393178.6035,8.519199,130.3,TRUE,4.2,500,300
2091,2016/10/11 23:34,130.6129732,46.323755,5133007.934,393185.1705,7.9636,132.1,TRUE,4.2,500,300
2092,2016/10/11 23:34,130.6130732,46.32369883,5133001.556,393192.7621,8.889601,128.7,TRUE,4.2,500,300
2093,2016/10/11 23:34,130.6131712,46.3236485,5132995.829,393200.2111,7.9636,127.9,TRUE,4.2,500,300
2094,2016/10/11 23:34,130.6132692,46.32359233,5132989.453,393207.6487,8.334,125.9,TRUE,4.2,500,300
2095,2016/10/11 23:34,130.6133638,46.32353383,5132982.823,393214.8245,10.0008,132,TRUE,4.2,500,300
2096,2016/10/11 23:35,130.6134625,46.32347217,5132975.836,393222.3031,9.0748,131.9,TRUE,4.2,500,300
2097,2016/10/11 23:35,130.6135647,46.32341617,5132969.474,393230.0622,9.26,127.3,TRUE,4.2,500,300
2098,2016/10/11 23:35,130.6136557,46.3233605,5132963.163,393236.9618,7.5932,129,TRUE,4.2,500,300
2099,2016/10/11 23:35,130.6137293,46.32331417,5132957.914,393242.5442,7.2228,131.9,TRUE,4.2,500,300
2100,2016/10/11 23:35,130.6138128,46.3232605,5132951.836,393248.8701,9.4452,137.5,TRUE,4.2,500,300
2101,2016/10/11 23:35,130.613871,46.32322283,5132947.57,393253.2765,4.2596,129.2,FALSE,4.2,0,300
2102,2016/10/11 23:35,130.6139645,46.32323283,5132948.555,393260.4964,7.5932,45.6,FALSE,4.2,0,300
2103,2016/10/11 23:35,130.6139742,46.32325417,5132950.915,393261.2826,1.852,217.3,FALSE,4.2,0,300
2104,2016/10/11 23:35,130.613984,46.32321133,5132946.139,393261.9562,4.8152,158.2,FALSE,4.2,0,300
2105,2016/10/11 23:35,130.6140057,46.323193,5132944.073,393263.5894,0,0,FALSE,4.2,0,300
2106,2016/10/11 23:35,130.6139568,46.32321667,5132946.77,393259.8743,7.778399,290.9,FALSE,4.2,0,300
2107,2016/10/11 23:35,130.6138577,46.32326017,5132951.738,393252.3226,8.7044,309.2,TRUE,4.2,500,300
2108,2016/10/11 23:35,130.6137678,46.32331067,5132957.473,393245.5023,7.778399,307.7,TRUE,4.2,500,300
2109,2016/10/11 23:35,130.6136893,46.32335933,5132962.988,393239.5516,6.6672,309.4,TRUE,4.2,500,300
2110,2016/10/11 23:35,130.6135997,46.323404,5132968.074,393232.7339,7.2228,305.6,TRUE,4.2,500,300
2111,2016/10/11 23:36,130.6135098,46.32345583,5132973.956,393225.9162,7.9636,308.3,TRUE,4.2,500,300
2112,2016/10/11 23:36,130.6134265,46.32350733,5132979.793,393219.5992,7.408,306,TRUE,4.2,500,300
2113,2016/10/11 23:36,130.6133428,46.3235615,5132985.927,393213.2612,7.778399,314.2,TRUE,4.2,500,300
2114,2016/10/11 23:36,130.6132648,46.32360683,5132991.071,393207.3427,7.408,309.2,TRUE,4.2,500,300
2115,2016/10/11 23:36,130.6131837,46.32365467,5132996.498,393201.1857,7.778399,309.1,TRUE,4.2,500,300
2116,2016/10/11 23:36,130.6130922,46.3237065,5133002.383,393194.2402,8.889601,310.8,TRUE,4.2,500,300
2117,2016/10/11 23:36,130.6129993,46.3237625,5133008.733,393187.1997,7.5932,314.4,TRUE,4.2,500,300
2118,2016/10/11 23:36,130.612914,46.32380967,5133014.091,393180.7203,7.408,317.6,TRUE,4.2,500,300
2119,2016/10/11 23:36,130.6128327,46.32385533,5133019.276,393174.546,7.2228,305.4,TRUE,4.2,500,300
2120,2016/10/11 23:36,130.612743,46.32389967,5133024.326,393167.7269,6.6672,301.1,TRUE,4.2,500,300
2121,2016/10/11 23:36,130.612651,46.32395033,5133030.081,393160.7407,7.5932,309.5,TRUE,4.2,500,300
2122,2016/10/11 23:36,130.6125623,46.324004,5133036.166,393154.0169,8.1488,309.6,TRUE,4.2,500,300
2123,2016/10/11 23:36,130.6124688,46.3240615,5133042.684,393146.9285,8.7044,313,TRUE,4.2,500,300
2124,2016/10/11 23:36,130.6123787,46.32411167,5133048.382,393140.0831,7.778399,305.1,TRUE,4.2,500,300
2125,2016/10/11 23:36,130.6122928,46.32416683,5133054.63,393133.5801,7.778399,313.6,TRUE,4.2,500,300
2126,2016/10/11 23:37,130.612222,46.32420617,5133059.098,393128.2022,3.5188,305.2,TRUE,4.2,500,300
2127,2016/10/11 23:37,130.6121607,46.32424333,5133063.311,393123.5516,5.7412,300.8,TRUE,4.2,500,300
2128,2016/10/11 23:37,130.6120897,46.324291,5133068.706,393118.1769,5.556,317,TRUE,4.2,500,300
2129,2016/10/11 23:37,130.6120388,46.32432417,5133072.462,393114.3264,6.482,313.7,TRUE,4.2,466,300
2130,2016/10/11 23:37,130.6119827,46.32436417,5133076.984,393110.0795,5.9264,307.9,TRUE,4.2,215,300
2131,2016/10/11 23:37,130.611899,46.32441233,5133082.45,393103.73,6.1116,303.1,TRUE,4.2,435,300
2132,2016/10/11 23:37,130.6118223,46.32444983,5133086.722,393097.8989,5.7412,308.8,TRUE,4.2,500,300
2133,2016/10/11 23:37,130.6117565,46.324489,5133091.164,393092.9057,7.0376,305.3,TRUE,4.2,497,300
2134,2016/10/11 23:37,130.6116887,46.32453617,5133096.499,393087.7742,6.2968,310.5,TRUE,4.2,165,300
2135,2016/10/11 23:37,130.6116037,46.32458817,5133102.394,393081.3298,7.778399,312.8,TRUE,4.2,328,300
2136,2016/10/11 23:37,130.6115105,46.32464683,5133109.04,393074.2693,7.9636,317.9,TRUE,4.2,500,300
2137,2016/10/11 23:37,130.6114457,46.324685,5133113.371,393069.3512,7.0376,311.5,TRUE,4.2,500,300
2138,2016/10/11 23:37,130.6113645,46.3247335,5133118.871,393063.195,6.6672,311.2,TRUE,4.2,500,300
2139,2016/10/11 23:37,130.6112982,46.32477667,5133123.76,393058.1712,5.7412,308.6,TRUE,4.2,500,300
2140,2016/10/11 23:37,130.6112202,46.3248215,5133128.848,393052.252,7.5932,312.4,TRUE,4.2,363,300
2141,2016/10/11 23:38,130.6111382,46.32486783,5133134.109,393046.0276,6.482,306.8,TRUE,4.2,500,300
2142,2016/10/11 23:38,130.6110952,46.32489867,5133137.595,393042.7764,4.4448,316.9,TRUE,4.2,395,300
2143,2016/10/11 23:38,130.6110427,46.32492783,5133140.907,393038.7904,6.482,312.1,TRUE,4.2,128,300
2144,2016/10/11 23:38,130.6109578,46.32497867,5133146.673,393032.3561,8.519199,306.7,TRUE,4.2,500,300
2145,2016/10/11 23:38,130.6108583,46.3250315,5133152.679,393024.7969,8.1488,307.7,TRUE,4.2,500,300
2146,2016/10/11 23:38,130.610785,46.32507383,5133157.484,393019.2325,8.7044,311.5,TRUE,4.2,500,300
2147,2016/10/11 23:38,130.6106857,46.32513,5133163.862,393011.6928,8.7044,311.5,TRUE,4.2,500,300
2148,2016/10/11 23:38,130.610594,46.3251865,5133170.266,393004.7438,8.519199,308.5,TRUE,4.2,500,300
2149,2016/10/11 23:38,130.61051,46.32523867,5133176.178,392998.3769,7.0376,312.4,TRUE,4.2,500,300
2150,2016/10/11 23:38,130.6104193,46.32529167,5133182.192,392991.498,7.5932,310.6,TRUE,4.2,500,300
2151,2016/10/11 23:38,130.6103342,46.32533467,5133187.087,392985.0239,8.334,305.5,TRUE,4.2,500,300
2152,2016/10/11 23:38,130.6102545,46.32537817,5133192.03,392978.9736,8.1488,310.8,TRUE,4.2,500,300
2153,2016/10/11 23:38,130.610166,46.325427,5133197.577,392972.2538,8.519199,313.2,TRUE,4.2,500,300
2154,2016/10/11 23:38,130.6100963,46.32546867,5133202.303,392966.97,6.482,308.4,TRUE,4.2,500,300
2155,2016/10/11 23:38,130.6100135,46.3255255,5133208.732,392960.7024,7.5932,313.3,TRUE,4.2,500,300
2156,2016/10/11 23:39,130.6099478,46.3255635,5133213.045,392955.7195,5.1856,304.4,TRUE,4.2,500,300
2157,2016/10/11 23:39,130.609855,46.32561867,5133219.303,392948.6786,9.0748,313.4,TRUE,4.2,500,300
2158,2016/10/11 23:39,130.6097685,46.32567133,5133225.273,392942.1203,6.2968,312.2,TRUE,4.2,500,300
2159,2016/10/11 23:39,130.6096995,46.325716,5133230.332,392936.894,6.1116,315,TRUE,4.2,500,300
2160,2016/10/11 23:39,130.6096368,46.32575317,5133234.548,392932.1405,6.482,311.9,TRUE,4.2,500,300
2161,2016/10/11 23:39,130.6095462,46.32580133,5133240.024,392925.2531,6.482,305.6,TRUE,4.2,500,300
2162,2016/10/11 23:39,130.60946,46.32584867,5133245.403,392918.7098,8.334,311.3,TRUE,4.2,500,300
2163,2016/10/11 23:39,130.6093825,46.325895,5133250.657,392912.8323,6.2968,310.8,TRUE,4.2,500,300
2164,2016/10/11 23:39,130.6093108,46.32593783,5133255.515,392907.3968,5.9264,315.3,TRUE,4.2,500,300
2165,2016/10/11 23:39,130.609247,46.32596533,5133258.658,392902.5352,5.0004,295.6,TRUE,4.2,500,300
2166,2016/10/11 23:39,130.609181,46.325982,5133260.6,392897.4853,2.778,271.6,FALSE,4.2,0,300
2167,2016/10/11 23:39,130.6091223,46.32596017,5133258.253,392892.9248,5.7412,234.4,TRUE,4.2,159,300
2168,2016/10/11 23:39,130.6090507,46.3259455,5133256.719,392887.3779,5.7412,255.5,TRUE,4.2,144,300
2169,2016/10/11 23:39,130.6089815,46.32592017,5133253.997,392882.0019,5.1856,244,FALSE,4.2,0,300
2170,2016/10/11 23:39,130.6089317,46.32588233,5133249.859,392878.0908,4.8152,197.6,FALSE,4.2,0,300
2171,2016/10/11 23:40,130.6089372,46.32584083,5133245.238,392878.4333,4.4448,144.5,FALSE,4.2,0,300
2172,2016/10/11 23:40,130.6089938,46.3258055,5133241.234,392882.7275,5.556,122.8,TRUE,4.2,500,300
2173,2016/10/11 23:40,130.6090622,46.32575917,5133235.992,392887.8997,7.2228,135.5,TRUE,4.2,500,300
2174,2016/10/11 23:40,130.6091175,46.32572033,5133231.6,392892.0846,4.4448,141.1,TRUE,4.2,500,300
2175,2016/10/11 23:40,130.6091503,46.32569533,5133228.777,392894.564,4.8152,144.8,TRUE,4.2,500,300
2176,2016/10/11 23:40,130.6092038,46.32565583,5133224.314,392898.6067,7.9636,146.5,TRUE,4.2,500,300
2177,2016/10/11 23:40,130.6092638,46.3255965,5133217.638,392903.1113,4.8152,132.8,TRUE,4.2,500,300
2178,2016/10/11 23:40,130.6093383,46.32555167,5133212.554,392908.7608,8.1488,129.6,TRUE,4.2,500,300
2179,2016/10/11 23:40,130.609425,46.32551,5133207.805,392915.3536,7.2228,120.8,TRUE,4.2,500,300
2180,2016/10/11 23:40,130.6095008,46.32545983,5133202.125,392921.0952,6.482,133,TRUE,4.2,500,300
2181,2016/10/11 23:40,130.609584,46.3254095,5133196.418,392927.4016,8.1488,130.8,TRUE,4.2,500,300
2182,2016/10/11 23:40,130.6096725,46.32537433,5133192.389,392934.1481,7.0376,118.5,TRUE,4.2,500,300
2183,2016/10/11 23:40,130.6097568,46.32532633,5133186.94,392940.5484,7.778399,130,TRUE,4.2,500,300
2184,2016/10/11 23:40,130.609853,46.32526783,5133180.307,392947.8401,9.8156,132,TRUE,4.2,500,300
2185,2016/10/11 23:40,130.6099528,46.32521017,5133173.763,392955.4152,9.26,127.6,TRUE,4.2,500,300
2186,2016/10/11 23:41,130.6100477,46.325155,5133167.502,392962.6109,8.334,131.6,TRUE,4.2,500,300
2187,2016/10/11 23:41,130.6101438,46.32509733,5133160.962,392969.9035,10.0008,133.1,TRUE,4.2,500,300
2188,2016/10/11 23:41,130.6102413,46.32504567,5133155.088,392977.3109,7.9636,123.7,TRUE,4.2,500,300
2189,2016/10/11 23:41,130.610342,46.32498767,5133148.505,392984.9502,8.889601,127.2,TRUE,4.2,500,300
2190,2016/10/11 23:41,130.6104488,46.32492883,5133141.82,392993.0621,7.5932,117.3,TRUE,4.2,500,300
2191,2016/10/11 23:41,130.6105473,46.32486317,5133134.389,393000.5193,8.519199,131.1,TRUE,4.2,500,300
2192,2016/10/11 23:41,130.6106445,46.32480267,5133127.532,393007.8842,8.334,128.4,TRUE,4.2,500,300
2193,2016/10/11 23:41,130.6107365,46.32474617,5133121.128,393014.8588,8.519199,128.7,TRUE,4.2,500,300
2194,2016/10/11 23:41,130.6108338,46.32468967,5133114.716,393022.2438,8.7044,127.1,TRUE,4.2,500,300
2195,2016/10/11 23:41,130.6109385,46.32462967,5133107.905,393030.1872,8.889601,126.6,TRUE,4.2,500,300
2196,2016/10/11 23:41,130.6110482,46.32456217,5133100.254,393038.5011,10.186,130.5,TRUE,4.2,500,300
2197,2016/10/11 23:41,130.6111533,46.32450267,5133093.498,393046.4833,9.0748,129.7,TRUE,4.2,500,300
2198,2016/10/11 23:41,130.6112482,46.32444533,5133086.997,393053.675,7.5932,133.2,TRUE,4.2,500,300
2199,2016/10/11 23:41,130.6113375,46.3243905,5133080.781,393060.4473,9.0748,126.2,TRUE,4.2,500,300
2200,2016/10/11 23:41,130.6114475,46.32433367,5133074.316,393068.8075,9.0748,125.1,TRUE,4.2,500,300
2201,2016/10/11 23:42,130.611554,46.324278,5133067.984,393076.9004,9.6304,130.7,TRUE,4.2,500,300
2202,2016/10/11 23:42,130.6116582,46.32421833,5133061.211,393084.8061,8.7044,123.9,TRUE,4.2,500,300
2203,2016/10/11 23:42,130.6117602,46.32417067,5133055.775,393092.5681,8.7044,128.2,TRUE,4.2,500,300
2204,2016/10/11 23:42,130.6118498,46.324114,5133049.355,393099.3623,8.519199,133.8,TRUE,4.2,500,300
2205,2016/10/11 23:42,130.611962,46.32405117,5133042.22,393107.878,10.186,130.7,TRUE,4.2,500,300
2206,2016/10/11 23:42,130.6120608,46.324012,5133037.732,393115.4125,8.889601,128.1,TRUE,4.2,500,300
2207,2016/10/11 23:42,130.6121717,46.32396333,5133032.173,393123.8534,7.9636,120.5,TRUE,4.2,500,300
2208,2016/10/11 23:42,130.612277,46.32393983,5133029.418,393131.9189,8.519199,120.6,TRUE,4.2,500,300
2209,2016/10/11 23:42,130.6123885,46.3238785,5133022.451,393140.386,9.6304,127.7,TRUE,4.2,500,300
2210,2016/10/11 23:42,130.6125112,46.3238165,5133015.394,393149.712,10.3712,121.6,TRUE,4.2,500,300
2211,2016/10/11 23:42,130.6126332,46.32375617,5133008.523,393158.9896,9.8156,122.3,TRUE,4.2,500,300
2212,2016/10/11 23:42,130.6127735,46.32369567,5133001.609,393169.6786,11.2972,114.9,TRUE,4.2,500,300
2213,2016/10/11 23:42,130.6129028,46.3236435,5132995.635,393179.5366,9.26,116.6,TRUE,4.2,500,300
2214,2016/10/11 23:42,130.6130268,46.32359067,5132989.596,393188.983,9.0748,118.7,TRUE,4.2,500,300
2215,2016/10/11 23:42,130.6131668,46.3235375,5132983.497,393199.6608,10.3712,114.6,TRUE,4.2,500,300
2216,2016/10/11 23:43,130.613304,46.32348817,5132977.828,393210.1282,9.6304,118.6,TRUE,4.2,500,300
2217,2016/10/11 23:43,130.6134382,46.32344017,5132972.312,393220.3672,9.26,114.5,TRUE,4.2,500,300
2218,2016/10/11 23:43,130.6135517,46.32339683,5132967.342,393229.0234,10.186,116.5,TRUE,4.2,500,300
2219,2016/10/11 23:43,130.6136562,46.323361,5132963.218,393237.0013,7.0376,114.4,TRUE,4.2,466,300
2220,2016/10/11 23:43,130.613777,46.32331883,5132958.368,393246.2243,9.8156,116.1,TRUE,4.2,500,300
2221,2016/10/11 23:43,130.6138963,46.3232735,5132953.168,393255.3257,7.408,111,TRUE,4.2,500,300
2222,2016/10/11 23:43,130.6140198,46.3232315,5132948.333,393264.7547,9.6304,116.5,TRUE,4.2,500,300
2223,2016/10/11 23:43,130.6141565,46.323182,5132942.647,393275.1834,10.186,111.1,TRUE,4.2,500,300
2224,2016/10/11 23:43,130.6142798,46.32314017,5132937.831,393284.5997,8.519199,118.9,TRUE,4.2,500,300
2225,2016/10/11 23:43,130.6143973,46.3231055,5132933.819,393293.581,8.519199,110.7,TRUE,4.2,500,300
2226,2016/10/11 23:43,130.6145163,46.323085,5132931.38,393302.7054,8.519199,91.7,TRUE,4.2,500,300
2227,2016/10/11 23:43,130.6146575,46.32309483,5132932.282,393313.596,9.6304,75.4,TRUE,4.2,500,300
2228,2016/10/11 23:43,130.6147728,46.3231,5132932.702,393322.4876,8.1488,79.1,TRUE,4.2,500,300
2229,2016/10/11 23:43,130.6148847,46.32310817,5132933.459,393331.1163,7.9636,75.6,TRUE,4.2,500,300
2230,2016/10/11 23:43,130.6149985,46.32312917,5132935.64,393339.9232,8.334,71.5,TRUE,4.2,500,300
2231,2016/10/11 23:44,130.6151092,46.32314483,5132937.232,393348.4764,9.26,75,TRUE,4.2,500,300
2232,2016/10/11 23:44,130.6152255,46.32315383,5132938.076,393357.4524,7.778399,80.1,TRUE,4.2,500,300
2233,2016/10/11 23:44,130.615333,46.32316367,5132939.025,393365.7501,6.8524,80.3,TRUE,4.2,500,300
2234,2016/10/11 23:44,130.6154442,46.32317833,5132940.504,393374.3398,8.519199,69.5,TRUE,4.2,500,300
2235,2016/10/11 23:44,130.6155563,46.32319417,5132942.114,393383.0081,7.9636,76.7,TRUE,4.2,500,300
2236,2016/10/11 23:44,130.6156755,46.323208,5132943.491,393392.2122,6.6672,79.1,TRUE,4.2,500,300
2237,2016/10/11 23:44,130.6157787,46.323231,5132945.909,393400.202,7.5932,68.4,TRUE,4.2,500,300
2238,2016/10/11 23:44,130.6158733,46.323263,5132949.338,393407.5539,7.408,65.2,TRUE,4.2,500,300
2239,2016/10/11 23:44,130.615952,46.32329933,5132953.271,393413.6829,5.7412,52.2,TRUE,4.2,500,300
2240,2016/10/11 23:44,130.6159555,46.32330083,5132953.433,393413.9553,2.5928,228.5,FALSE,4.2,0,300
2241,2016/10/11 23:44,130.6159427,46.32328667,5132951.876,393412.9398,2.2224,205.9,FALSE,4.2,0,300
2242,2016/10/11 23:44,130.615942,46.3232635,5132949.302,393412.8432,2.0372,179.7,FALSE,4.2,0,300
2243,2016/10/11 23:44,130.6159468,46.32325167,5132947.98,393413.1922,0,0,FALSE,4.2,0,300
2244,2016/10/11 23:44,130.6159465,46.32325117,5132947.925,393413.1658,0,0,FALSE,4.2,0,300
2245,2016/10/11 23:44,130.6159162,46.32327333,5132950.429,393410.8731,2.778,298.7,FALSE,4.2,0,300
2246,2016/10/11 23:45,130.6158697,46.32328183,5132951.436,393407.3087,3.3336,288.3,FALSE,4.2,0,300
2247,2016/10/11 23:45,130.6158167,46.32330383,5132953.953,393403.2699,5.9264,303.4,TRUE,4.2,500,300
2248,2016/10/11 23:45,130.6157423,46.32334633,5132958.777,393397.6275,7.5932,319.7,TRUE,4.2,500,300
2249,2016/10/11 23:45,130.615668,46.3233905,5132963.787,393391.9892,7.408,314.8,TRUE,4.2,500,300
2250,2016/10/11 23:45,130.6155907,46.323439,5132969.282,393386.1283,7.2228,307.6,TRUE,4.2,500,300
2251,2016/10/11 23:45,130.615519,46.323486,5132974.603,393380.7003,7.408,316.9,TRUE,4.2,500,300
2252,2016/10/11 23:45,130.6154408,46.32353233,5132979.858,393374.7705,6.8524,310.3,TRUE,4.2,500,300
2253,2016/10/11 23:45,130.615365,46.32357033,5132984.184,393369.0047,6.482,307.7,TRUE,4.2,500,300
2254,2016/10/11 23:45,130.615287,46.32361383,5132989.125,393363.0825,6.8524,310.8,TRUE,4.2,500,300
2255,2016/10/11 23:45,130.6152027,46.323657,5132994.037,393356.6722,7.5932,308.8,TRUE,4.2,500,300
2256,2016/10/11 23:45,130.6151157,46.323706,5132999.601,393350.0676,8.334,305.2,TRUE,4.2,500,300
2257,2016/10/11 23:45,130.6150128,46.32376917,5133006.761,393342.2707,9.8156,314,TRUE,4.2,500,300
2258,2016/10/11 23:45,130.6149197,46.32382333,5133012.906,393335.2018,8.1488,309.5,TRUE,4.2,500,300
2259,2016/10/11 23:45,130.6148277,46.32387483,5133018.755,393328.2171,8.519199,310.1,TRUE,4.2,500,300
2260,2016/10/11 23:45,130.6147322,46.3239285,5133024.849,393320.9671,8.519199,309.8,TRUE,4.2,500,300
2261,2016/10/11 23:46,130.6146393,46.32397833,5133030.513,393313.9144,7.9636,306.6,TRUE,4.2,500,300
2262,2016/10/11 23:46,130.614549,46.3240295,5133036.323,393307.0577,7.0376,307.7,TRUE,4.2,500,300
2263,2016/10/11 23:46,130.6144647,46.32407617,5133041.624,393300.6543,8.889601,312.7,TRUE,4.2,500,300
2264,2016/10/11 23:46,130.6143633,46.32413083,5133047.836,393292.9565,8.519199,305.9,TRUE,4.2,500,300
2265,2016/10/11 23:46,130.6142675,46.3241815,5133053.598,393285.6753,8.1488,306,TRUE,4.2,500,300
2266,2016/10/11 23:46,130.614176,46.32423217,5133059.353,393278.7276,7.408,308.3,TRUE,4.2,500,300
2267,2016/10/11 23:46,130.6140898,46.3242835,5133065.175,393272.1916,7.9636,308.7,TRUE,4.2,500,300
2268,2016/10/11 23:46,130.6139947,46.3243395,5133071.528,393264.9724,7.5932,309,TRUE,4.2,500,300
2269,2016/10/11 23:46,130.6139018,46.324393,5133077.6,393257.927,8.334,308.7,TRUE,4.2,500,300
2270,2016/10/11 23:46,130.6138018,46.32445083,5133084.163,393250.3387,9.4452,307.9,TRUE,4.2,500,300
2271,2016/10/11 23:46,130.6137013,46.324511,5133090.987,393242.7164,9.26,310.4,TRUE,4.2,500,300
2272,2016/10/11 23:46,130.6136037,46.3245705,5133097.732,393235.3116,8.1488,310.3,TRUE,4.2,500,300
2273,2016/10/11 23:46,130.6135032,46.3246215,5133103.537,393227.6715,8.889601,305.3,TRUE,4.2,500,300
2274,2016/10/11 23:46,130.6134018,46.32468233,5133110.435,393219.9859,9.0748,309,TRUE,4.2,500,300
2275,2016/10/11 23:46,130.6133073,46.3247415,5133117.139,393212.8238,8.519199,316.3,TRUE,4.2,500,300
2276,2016/10/11 23:47,130.6132167,46.32481133,5133125.024,393205.9781,9.4452,314.8,TRUE,4.2,500,300
2277,2016/10/11 23:47,130.613123,46.32487667,5133132.413,393198.892,9.0748,310.9,TRUE,4.2,500,300
2278,2016/10/11 23:47,130.6130217,46.32493567,5133139.108,393191.2037,8.889601,305.8,TRUE,4.2,500,300
2279,2016/10/11 23:47,130.6129242,46.32499733,5133146.093,393183.8155,9.0748,310.8,TRUE,4.2,500,300
2280,2016/10/11 23:47,130.6128205,46.32505267,5133152.384,393175.9398,8.1488,308.1,TRUE,4.2,500,300
2281,2016/10/11 23:47,130.61272,46.32511267,5133159.189,393168.3174,9.26,310.1,TRUE,4.2,500,300
2282,2016/10/11 23:47,130.6126255,46.32517083,5133165.782,393161.1534,7.9636,312.3,TRUE,4.2,500,300
2283,2016/10/11 23:47,130.6125263,46.32523183,5133172.696,393153.6354,9.0748,314.8,TRUE,4.2,500,300
2284,2016/10/11 23:47,130.6124282,46.32529183,5133179.498,393146.1932,9.0748,311.9,TRUE,4.2,500,300
2285,2016/10/11 23:47,130.61234,46.32534783,5133185.841,393139.5126,7.9636,316.5,TRUE,4.2,500,300
2286,2016/10/11 23:47,130.6122475,46.3253985,5133191.598,393132.4881,8.1488,307.2,TRUE,4.2,500,300
2287,2016/10/11 23:47,130.6121428,46.3254575,5133198.298,393124.5427,9.0748,306.1,TRUE,4.2,500,300
2288,2016/10/11 23:47,130.6120395,46.32551417,5133204.737,393116.696,9.0748,312.7,TRUE,4.2,500,300
2289,2016/10/11 23:47,130.6119353,46.32556867,5133210.935,393108.7804,8.7044,301.9,TRUE,4.2,500,300
2290,2016/10/11 23:47,130.6118333,46.3256285,5133217.723,393101.0423,9.26,313.3,TRUE,4.2,500,300
2291,2016/10/11 23:48,130.6117407,46.3256845,5133224.073,393094.0159,8.519199,311.5,TRUE,4.2,500,300
2292,2016/10/11 23:48,130.6116493,46.32574017,5133230.384,393087.0906,7.9636,312.6,TRUE,4.2,500,300
2293,2016/10/11 23:48,130.6115603,46.32579117,5133236.174,393080.3364,7.2228,311.6,TRUE,4.2,500,300
2294,2016/10/11 23:48,130.6114802,46.32584617,5133242.395,393074.2708,8.334,309,TRUE,4.2,500,300
2295,2016/10/11 23:48,130.611385,46.32590417,5133248.971,393067.0551,8.519199,308.9,TRUE,4.2,500,300
2296,2016/10/11 23:48,130.611284,46.32596633,5133256.017,393059.3986,9.4452,308.9,TRUE,4.2,500,300
2297,2016/10/11 23:48,130.6111872,46.32602183,5133262.317,393052.0503,9.8156,311.2,TRUE,4.2,500,300
2298,2016/10/11 23:48,130.6110928,46.32607617,5133268.484,393044.8915,8.519199,313.8,TRUE,4.2,500,300
2299,2016/10/11 23:48,130.6109918,46.32613433,5133275.086,393037.2273,8.889601,311,TRUE,4.2,500,300
2300,2016/10/11 23:48,130.6108927,46.32619433,5133281.889,393029.7083,9.26,308.8,TRUE,4.2,500,300
2301,2016/10/11 23:48,130.6108072,46.32625533,5133288.785,393023.2433,7.778399,310.3,TRUE,4.2,500,300
2302,2016/10/11 23:48,130.6107147,46.32630917,5133294.894,393016.2252,9.0748,312.6,TRUE,4.2,500,300
2303,2016/10/11 23:48,130.610614,46.32636783,5133301.551,393008.5874,8.7044,309.9,TRUE,4.2,500,300
2304,2016/10/11 23:48,130.6105135,46.32642583,5133308.134,393000.9615,9.26,311.9,TRUE,4.2,500,300
2305,2016/10/11 23:48,130.6104207,46.32648633,5133314.984,392993.9311,8.519199,313.4,TRUE,4.2,500,300
2306,2016/10/11 23:49,130.6103243,46.32654217,5133321.321,392986.6213,9.6304,310.8,TRUE,4.2,500,300
2307,2016/10/11 23:49,130.6102272,46.32660267,5133328.177,392979.2574,9.0748,313,TRUE,4.2,500,300
2308,2016/10/11 23:49,130.6101287,46.32665817,5133334.48,392971.7807,8.889601,309.4,TRUE,4.2,500,300
2309,2016/10/11 23:49,130.6100333,46.32671583,5133341.018,392964.5515,8.7044,307.7,TRUE,4.2,500,300
2310,2016/10/11 23:49,130.6099397,46.32678017,5133348.296,392957.4647,8.889601,318,TRUE,4.2,500,300
2311,2016/10/11 23:49,130.609849,46.3268315,5133354.124,392950.5828,7.9636,309.3,TRUE,4.2,500,300
2312,2016/10/11 23:49,130.609762,46.32688117,5133359.763,392943.9803,6.8524,310.4,TRUE,4.2,500,300
2313,2016/10/11 23:49,130.6097027,46.32691,5133363.048,392939.4679,3.8892,278.3,TRUE,4.2,500,300
2314,2016/10/11 23:49,130.609679,46.32694067,5133366.489,392937.705,3.5188,321.8,FALSE,4.2,0,300
2315,2016/10/11 23:49,130.6096827,46.32698333,5133371.226,392938.0709,4.63,14.3,FALSE,4.2,0,300
2316,2016/10/11 23:49,130.6097018,46.32704417,5133377.963,392939.665,6.2968,19.7,FALSE,4.2,0,300
2317,2016/10/11 23:49,130.6097577,46.32707967,5133381.833,392944.0342,4.2596,65.1,FALSE,4.2,0,300
2318,2016/10/11 23:49,130.6098353,46.3270735,5133381.043,392950.0023,5.7412,124.6,FALSE,4.2,0,300
2319,2016/10/11 23:49,130.6098262,46.32709033,5133382.926,392949.3298,3.8892,327.5,FALSE,4.2,0,300
2320,2016/10/11 23:49,130.6098,46.32712033,5133386.296,392947.3731,1.4816,359,FALSE,4.2,0,300
2321,2016/10/11 23:50,130.6098347,46.3271105,5133385.156,392950.0237,5.0004,107.2,FALSE,4.2,0,300
2322,2016/10/11 23:50,130.6098508,46.32710483,5133384.504,392951.257,0.7408,341.5,FALSE,4.2,0,300
2323,2016/10/11 23:50,130.6098545,46.32711633,5133385.778,392951.5621,0.926,1.2,FALSE,4.2,0,300
2324,2016/10/11 23:50,130.6098597,46.32712133,5133386.326,392951.9699,0.3704,48.6,FALSE,4.2,0,300
2325,2016/10/11 23:50,130.609863,46.327121,5133386.285,392952.2257,0,255.8,FALSE,4.2,0,300
2326,2016/10/11 23:50,130.6098697,46.32712,5133386.165,392952.7374,0,193.7,FALSE,4.2,0,300
2327,2016/10/11 23:50,130.6098727,46.327124,5133386.606,392952.9762,0,10.2,FALSE,4.2,0,300
2328,2016/10/11 23:50,130.6098763,46.32712417,5133386.62,392953.2584,0,0,FALSE,4.2,0,300
2329,2016/10/11 23:50,130.6098797,46.3271255,5133386.763,392953.5182,0,0,FALSE,4.2,0,300
2330,2016/10/11 23:50,130.6098823,46.32712617,5133386.834,392953.7243,0,327.8,FALSE,4.2,0,300
2331,2016/10/11 23:50,130.6098853,46.32712117,5133386.274,392953.9456,0,0,FALSE,4.2,0,300
2332,2016/10/11 23:50,130.6098865,46.32712,5133386.142,392954.0334,0,0,FALSE,4.2,0,300
2333,2016/10/11 23:50,130.609887,46.32712217,5133386.383,392954.0761,0,0,FALSE,4.2,0,300
2334,2016/10/11 23:50,130.6098863,46.32712067,5133386.217,392954.0216,1.1112,203.2,FALSE,4.2,0,300
2335,2016/10/11 23:50,130.6098872,46.32711833,5133385.956,392954.0817,0,0,FALSE,4.2,0,300
2336,2016/10/11 23:51,130.6098863,46.32711367,5133385.439,392954.0079,0,0,FALSE,4.2,0,300
2337,2016/10/11 23:51,130.6098838,46.32711033,5133385.071,392953.8089,0,0,FALSE,4.2,0,300
2338,2016/10/11 23:51,130.6098823,46.3271075,5133384.758,392953.6879,0,0,FALSE,4.2,0,300
2339,2016/10/11 23:51,130.6098793,46.32710317,5133384.281,392953.4484,0,0,FALSE,4.2,0,300
2340,2016/10/11 23:51,130.6098773,46.32710167,5133384.117,392953.2915,0,0,FALSE,4.2,0,300
2341,2016/10/11 23:51,130.6098768,46.32710417,5133384.396,392953.2579,0,0,FALSE,4.2,0,300
2342,2016/10/11 23:51,130.609877,46.32710433,5133384.413,392953.2713,0,0,FALSE,4.2,0,300
2343,2016/10/11 23:51,130.6098777,46.32710483,5133384.468,392953.3238,0,0,FALSE,4.2,0,300
2344,2016/10/11 23:51,130.6098775,46.32710433,5133384.413,392953.3098,0,0,FALSE,4.2,0,300
2345,2016/10/11 23:51,130.6098777,46.3271055,5133384.542,392953.3251,0,0,FALSE,4.2,0,300
2346,2016/10/11 23:51,130.6098785,46.32710633,5133384.634,392953.3907,0,0,FALSE,4.2,0,300
2347,2016/10/11 23:51,130.6098808,46.32711,5133385.038,392953.5773,0,29.9,FALSE,4.2,0,300
2348,2016/10/11 23:51,130.6098822,46.32710733,5133384.74,392953.6752,0,0,FALSE,4.2,0,300
2349,2016/10/11 23:51,130.6098835,46.327108,5133384.812,392953.779,0,0,FALSE,4.2,0,300
2350,2016/10/11 23:51,130.6098832,46.32710817,5133384.832,392953.7539,0,0,FALSE,4.2,0,300
2351,2016/10/11 23:52,130.6098822,46.32710817,5133384.833,392953.6769,0,0,FALSE,4.2,0,300
2352,2016/10/11 23:52,130.6098817,46.327108,5133384.815,392953.638,0,0,FALSE,4.2,0,300
2353,2016/10/11 23:52,130.609883,46.32710583,5133384.572,392953.7362,0,0,FALSE,4.2,0,300
2354,2016/10/11 23:52,130.6098827,46.32710483,5133384.461,392953.7089,0,0,FALSE,4.2,0,300
2355,2016/10/11 23:52,130.6098832,46.32710267,5133384.22,392953.7431,0.3704,165.2,FALSE,4.2,0,300
2356,2016/10/11 23:52,130.6098835,46.32710333,5133384.293,392953.7698,0,0,FALSE,4.2,0,300
2357,2016/10/11 23:52,130.6098838,46.32710483,5133384.46,392953.7982,0,0,FALSE,4.2,0,300
2358,2016/10/11 23:52,130.6098828,46.32710567,5133384.554,392953.7228,0,0,FALSE,4.2,0,300
2359,2016/10/11 23:52,130.6098798,46.32711117,5133385.17,392953.5025,0,335.9,FALSE,4.2,0,300
2360,2016/10/11 23:52,130.609881,46.32710867,5133384.89,392953.5877,0,0,FALSE,4.2,0,300
2361,2016/10/11 23:52,130.6098807,46.32710883,5133384.909,392953.5626,0,0,FALSE,4.2,0,300
2362,2016/10/11 23:52,130.6098812,46.3271115,5133385.205,392953.6064,0,0,FALSE,4.2,0,300
2363,2016/10/11 23:52,130.6098812,46.32711167,5133385.224,392953.6067,0,0,FALSE,4.2,0,300
2364,2016/10/11 23:52,130.6098802,46.32710967,5133385.003,392953.5258,0,264.9,FALSE,4.2,0,300
2365,2016/10/11 23:52,130.6098788,46.327119,5133386.041,392953.4408,0,198.1,FALSE,4.2,0,300
2366,2016/10/11 23:53,130.6098785,46.32712367,5133386.561,392953.4245,0,347.6,FALSE,4.2,0,300
2367,2016/10/11 23:53,130.609878,46.32712333,5133386.524,392953.3853,0.5556,210.2,FALSE,4.2,0,300
2368,2016/10/11 23:53,130.609876,46.3271295,5133387.212,392953.2434,0,352.3,FALSE,4.2,0,300
2369,2016/10/11 23:53,130.609876,46.32712767,5133387.009,392953.2398,0,0,FALSE,4.2,0,300
2370,2016/10/11 23:53,130.6098762,46.3271275,5133386.99,392953.2526,0,0,FALSE,4.2,0,300
2371,2016/10/11 23:53,130.6098767,46.32713033,5133387.304,392953.2966,0,18.8,FALSE,4.2,0,300
2372,2016/10/11 23:53,130.6098747,46.32713,5133387.27,392953.1419,0,0,FALSE,4.2,0,300
2373,2016/10/11 23:53,130.6098757,46.32712767,5133387.009,392953.2144,0,0,FALSE,4.2,0,300
2374,2016/10/11 23:53,130.6098757,46.3271335,5133387.658,392953.2258,0,341.9,FALSE,4.2,0,300
2375,2016/10/11 23:53,130.6098777,46.3271345,5133387.766,392953.3817,0,6.1,FALSE,4.2,0,300
2376,2016/10/11 23:53,130.6098793,46.32713,5133387.264,392953.5008,0.3704,46.4,FALSE,4.2,0,300
2377,2016/10/11 23:53,130.60988,46.32712917,5133387.17,392953.5507,0,0,FALSE,4.2,0,300
2378,2016/10/11 23:53,130.6098805,46.32712617,5133386.836,392953.5834,0,0,FALSE,4.2,0,300
2379,2016/10/11 23:53,130.6098832,46.32713133,5133387.406,392953.7991,1.6668,5.6,FALSE,4.2,0,300
2380,2016/10/11 23:53,130.609882,46.32713383,5133387.686,392953.7138,0,186.7,FALSE,4.2,0,300
2381,2016/10/11 23:54,130.6098817,46.32713383,5133387.686,392953.6884,0.1852,165.2,FALSE,4.2,0,300
2382,2016/10/11 23:54,130.609881,46.32713233,5133387.52,392953.6339,1.2964,6.9,FALSE,4.2,0,300
2383,2016/10/11 23:54,130.6098807,46.32712583,5133386.798,392953.5958,0.3704,138.8,FALSE,4.2,0,300
2384,2016/10/11 23:54,130.6098805,46.32712333,5133386.521,392953.5778,0.3704,213,FALSE,4.2,0,300
2385,2016/10/11 23:54,130.6098808,46.3271195,5133386.094,392953.5958,0,0,FALSE,4.2,0,300
2386,2016/10/11 23:54,130.6098825,46.3271225,5133386.426,392953.7302,0,0,FALSE,4.2,0,300
2387,2016/10/11 23:54,130.6098878,46.327122,5133386.363,392954.1397,0,0,FALSE,4.2,0,300
2388,2016/10/11 23:54,130.6098902,46.32712067,5133386.212,392954.3173,0,14,FALSE,4.2,0,300
2389,2016/10/11 23:54,130.6098943,46.32712233,5133386.391,392954.6409,0,33,FALSE,4.2,0,300
2390,2016/10/11 23:54,130.6098952,46.327127,5133386.909,392954.7147,0,2.7,FALSE,4.2,0,300
2391,2016/10/11 23:54,130.6099005,46.3271375,5133388.069,392955.1456,0,19.8,FALSE,4.2,0,300
2392,2016/10/11 23:54,130.6099023,46.32713983,5133388.325,392955.291,0,0,FALSE,4.2,0,300
2393,2016/10/11 23:54,130.6099005,46.3271315,5133387.402,392955.1339,0,194.4,FALSE,4.2,0,300
2394,2016/10/11 23:54,130.6098985,46.3271235,5133386.515,392954.9643,0,352.4,FALSE,4.2,0,300
2395,2016/10/11 23:54,130.6098988,46.32712533,5133386.718,392954.9932,0,0,FALSE,4.2,0,300
2396,2016/10/11 23:55,130.6099015,46.3271275,5133386.956,392955.2031,0,12.8,FALSE,4.2,0,300
2397,2016/10/11 23:55,130.6099008,46.32712683,5133386.882,392955.1502,0.7408,182.7,FALSE,4.2,0,300
2398,2016/10/11 23:55,130.6098988,46.32712633,5133386.829,392954.9952,0,0,FALSE,4.2,0,300
2399,2016/10/11 23:55,130.6098963,46.32712283,5133386.444,392954.7959,0,18.3,FALSE,4.2,0,300
2400,2016/10/11 23:55,130.6098962,46.32712367,5133386.537,392954.7852,0,0,FALSE,4.2,0,300
2401,2016/10/11 23:55,130.6098978,46.3271225,5133386.405,392954.9107,0,0,FALSE,4.2,0,300
2402,2016/10/11 23:55,130.6098972,46.32712217,5133386.369,392954.8592,0,0,FALSE,4.2,0,300
2403,2016/10/11 23:55,130.6098972,46.327117,5133385.794,392954.8492,0,52.2,FALSE,4.2,0,300
2404,2016/10/11 23:55,130.6098963,46.32711367,5133385.425,392954.778,0.1852,349,FALSE,4.2,0,300
2405,2016/10/11 23:55,130.6098922,46.32711417,5133385.487,392954.4586,0,0,FALSE,4.2,0,300
2406,2016/10/11 23:55,130.6098917,46.32711817,5133385.932,392954.4279,0,0,FALSE,4.2,0,300
2407,2016/10/11 23:55,130.6098907,46.32712083,5133386.229,392954.3561,0.1852,61.6,FALSE,4.2,0,300
2408,2016/10/11 23:55,130.6098882,46.32711917,5133386.048,392954.1604,0,0,FALSE,4.2,0,300
2409,2016/10/11 23:55,130.6098878,46.3271205,5133386.196,392954.1368,0,0,FALSE,4.2,0,300
2410,2016/10/11 23:55,130.6098882,46.3271205,5133386.196,392954.1629,0,0,FALSE,4.2,0,300
2411,2016/10/11 23:56,130.6098855,46.327122,5133386.366,392953.9603,0.3704,219.8,FALSE,4.2,0,300
2412,2016/10/11 23:56,130.6098853,46.32712083,5133386.236,392953.9449,0,44.9,FALSE,4.2,0,300
2413,2016/10/11 23:56,130.6098852,46.3271215,5133386.311,392953.9339,0,0,FALSE,4.2,0,300
2414,2016/10/11 23:56,130.609887,46.327122,5133386.364,392954.0758,0,0,FALSE,4.2,0,300
2415,2016/10/11 23:56,130.6098888,46.32712167,5133386.325,392954.2161,0.1852,1.3,FALSE,4.2,0,300
2416,2016/10/11 23:56,130.60989,46.32712167,5133386.323,392954.3062,0,0,FALSE,4.2,0,300
2417,2016/10/11 23:56,130.609891,46.32712117,5133386.266,392954.3822,0,0,FALSE,4.2,0,300
2418,2016/10/11 23:56,130.6098917,46.32712183,5133386.339,392954.4351,0,0,FALSE,4.2,0,300
2419,2016/10/11 23:56,130.6098933,46.32712117,5133386.263,392954.5616,0,0,FALSE,4.2,0,300
2420,2016/10/11 23:56,130.6098927,46.32712317,5133386.486,392954.5147,0,319.8,FALSE,4.2,0,300
2421,2016/10/11 23:56,130.609896,46.32712233,5133386.388,392954.7695,0,0,FALSE,4.2,0,300
2422,2016/10/11 23:56,130.6098967,46.32712283,5133386.443,392954.822,0,0,FALSE,4.2,0,300
2423,2016/10/11 23:56,130.6098968,46.3271235,5133386.517,392954.8357,0,0,FALSE,4.2,0,300
2424,2016/10/11 23:56,130.609897,46.32712383,5133386.554,392954.8494,0,0,FALSE,4.2,0,300
2425,2016/10/11 23:56,130.6098977,46.32712333,5133386.497,392954.9,0,0,FALSE,4.2,0,300
2426,2016/10/11 23:57,130.6098977,46.32712417,5133386.591,392954.9017,0,0,FALSE,4.2,0,300
2427,2016/10/11 23:57,130.609898,46.32712467,5133386.646,392954.928,0,0,FALSE,4.2,0,300
2428,2016/10/11 23:57,130.6098985,46.3271245,5133386.626,392954.9662,0,0,FALSE,4.2,0,300
2429,2016/10/11 23:57,130.6098978,46.32712517,5133386.702,392954.9159,0,0,FALSE,4.2,0,300
2430,2016/10/11 23:57,130.6098985,46.32712467,5133386.645,392954.9665,0,0,FALSE,4.2,0,300
2431,2016/10/11 23:57,130.6098985,46.3271245,5133386.626,392954.9662,0,0,FALSE,4.2,0,300
2432,2016/10/11 23:57,130.6099003,46.32712567,5133386.754,392955.1094,0,182.9,FALSE,4.2,0,300
2433,2016/10/11 23:57,130.6098993,46.32712633,5133386.829,392955.0337,0,0,FALSE,4.2,0,300
2434,2016/10/11 23:57,130.6098993,46.32712567,5133386.755,392955.0324,0,0,FALSE,4.2,0,300
2435,2016/10/11 23:57,130.6098985,46.3271245,5133386.626,392954.9662,0,0,FALSE,4.2,0,300
2436,2016/10/11 23:57,130.6098985,46.3271245,5133386.626,392954.9662,0,0,FALSE,4.2,0,300
2437,2016/10/11 23:57,130.6098978,46.32712367,5133386.535,392954.913,0,0,FALSE,4.2,0,300
2438,2016/10/11 23:57,130.6098985,46.32712667,5133386.867,392954.9704,0,0,FALSE,4.2,0,300
2439,2016/10/11 23:57,130.6098972,46.32712367,5133386.536,392954.8622,1.1112,193.8,FALSE,4.2,0,300
2440,2016/10/11 23:57,130.609897,46.32712367,5133386.536,392954.8491,0,0,FALSE,4.2,0,300
2441,2016/10/11 23:58,130.6098957,46.3271235,5133386.519,392954.7463,0,0,FALSE,4.2,0,300
2442,2016/10/11 23:58,130.609895,46.32712133,5133386.279,392954.6905,0,0,FALSE,4.2,0,300
2443,2016/10/11 23:58,130.6098935,46.32712433,5133386.614,392954.5809,1.1112,350.2,FALSE,4.2,0,300
2444,2016/10/11 23:58,130.6098908,46.32712033,5133386.173,392954.3674,2.0372,199.8,FALSE,4.2,0,300
2445,2016/10/11 23:58,130.6098868,46.32710767,5133384.771,392954.0347,1.2964,191.2,FALSE,4.2,0,300
2446,2016/10/11 23:58,130.609881,46.32709483,5133383.352,392953.5607,0,0,FALSE,4.2,0,300
2447,2016/10/11 23:58,130.6099108,46.32709067,5133382.849,392955.8497,4.4448,126.8,TRUE,4.2,500,300
2448,2016/10/11 23:58,130.6099867,46.32705067,5133378.3,392961.6117,6.482,126.2,TRUE,4.2,500,300
2449,2016/10/11 23:58,130.61006,46.32700817,5133373.477,392967.1755,6.6672,131,TRUE,4.2,500,300
2450,2016/10/11 23:58,130.6101422,46.32696983,5133369.104,392973.4282,7.0376,120.1,TRUE,4.2,500,300
2451,2016/10/11 23:58,130.6102288,46.32692033,5133363.485,392980.0049,7.778399,126.7,TRUE,4.2,500,300
2452,2016/10/11 23:58,130.6103102,46.326869,5133357.67,392986.1683,8.334,131.7,TRUE,4.2,500,300
2453,2016/10/11 23:58,130.6103993,46.32681733,5133351.806,392992.9333,8.7044,127.3,TRUE,4.2,500,300
2454,2016/10/11 23:58,130.6104845,46.32676633,5133346.022,392999.3924,9.0748,132.3,TRUE,4.2,500,300
2455,2016/10/11 23:58,130.6105735,46.32671483,5133340.177,393006.1454,7.9636,128.7,TRUE,4.2,500,300
2456,2016/10/11 23:59,130.6106548,46.32666683,5133334.731,393012.3146,7.408,130.9,TRUE,4.2,500,300
2457,2016/10/11 23:59,130.6107502,46.32661333,5133328.656,393019.552,8.889601,133.9,TRUE,4.2,500,300
2458,2016/10/11 23:59,130.6108433,46.32656667,5133323.343,393026.6348,7.778399,124.7,TRUE,4.2,500,300
2459,2016/10/11 23:59,130.6109417,46.32650817,5133316.708,393034.0935,9.26,127.7,TRUE,4.2,500,300
2460,2016/10/11 23:59,130.6110445,46.3264505,5133310.159,393041.8995,9.8156,126,TRUE,4.2,500,300
2461,2016/10/11 23:59,130.6111457,46.32639283,5133303.612,393049.5777,7.5932,125.9,TRUE,4.2,500,300
2462,2016/10/11 23:59,130.6112407,46.326341,5133297.722,393056.7922,8.519199,128.9,TRUE,4.2,500,300
2463,2016/10/11 23:59,130.6113452,46.326279,5133290.689,393064.7185,10.186,131.3,TRUE,4.2,500,300
2464,2016/10/11 23:59,130.6114467,46.32621767,5133283.735,393072.415,7.9636,123.1,TRUE,4.2,500,300
2465,2016/10/11 23:59,130.6115475,46.326159,5133277.077,393080.0652,8.889601,131.3,TRUE,4.2,500,300
2466,2016/10/11 23:59,130.6116623,46.32609333,5133269.623,393088.7798,10.5564,131.3,TRUE,4.2,500,300
2467,2016/10/11 23:59,130.611773,46.3260205,5133261.378,393097.1602,11.2972,137.9,TRUE,4.2,500,300
2468,2016/10/11 23:59,130.611886,46.32594967,5133253.352,393105.7239,10.5564,127.1,TRUE,4.2,500,300
2469,2016/10/11 23:59,130.6120043,46.32588433,5133245.93,393114.7087,11.112,130.1,TRUE,4.2,500,300
2470,2016/10/11 23:59,130.6121137,46.3258145,5133238.02,393122.9926,10.3712,131.9,TRUE,4.2,500,300
2471,2016/10/12 0:00,130.6122297,46.32574883,5133230.564,393131.7974,10.9268,128.4,TRUE,4.2,500,300
2472,2016/10/12 0:00,130.612341,46.32568467,5133223.282,393140.2456,10.0008,137.5,TRUE,4.2,500,300
2473,2016/10/12 0:00,130.612453,46.32561883,5133215.812,393148.7421,10.3712,126.1,TRUE,4.2,500,300
2474,2016/10/12 0:00,130.612564,46.3255505,5133208.067,393157.1568,9.6304,127.5,TRUE,4.2,500,300
2475,2016/10/12 0:00,130.612674,46.32548267,5133200.379,393165.4955,10.0008,128.8,TRUE,4.2,500,300
2476,2016/10/12 0:00,130.612792,46.3254115,5133192.309,393174.4437,11.4824,132.4,TRUE,4.2,500,300
2477,2016/10/12 0:00,130.6129108,46.32530917,5133180.774,393183.3952,10.186,129.2,TRUE,4.2,500,300
2478,2016/10/12 0:00,130.6130257,46.32522833,5133171.633,393192.0814,9.4452,122.8,TRUE,4.2,500,300
2479,2016/10/12 0:00,130.6131437,46.32518633,5133166.806,393201.0865,10.0008,128.2,TRUE,4.2,500,300
2480,2016/10/12 0:00,130.613376,46.325059,5133152.339,393218.7298,10.7416,132.5,TRUE,4.2,500,300
2481,2016/10/12 0:00,130.6134905,46.324984,5133143.848,393227.4012,10.3712,131.2,TRUE,4.2,500,300
2482,2016/10/12 0:00,130.6136062,46.32491667,5133136.208,393236.1776,10.3712,129.1,TRUE,4.2,500,300
2484,2016/10/12 0:01,130.6139595,46.32469567,5133111.166,393262.9568,10.9268,132.9,TRUE,4.2,500,300
2485,2016/10/12 0:01,130.6140732,46.324632,5133103.935,393271.5865,10.0008,125.1,TRUE,4.2,500,300
2486,2016/10/12 0:01,130.6141795,46.32456383,5133096.215,393279.6422,10.3712,131.6,TRUE,4.2,500,300
2487,2016/10/12 0:01,130.6142887,46.32449767,5133088.713,393287.9205,9.8156,129.5,TRUE,4.2,500,300
2488,2016/10/12 0:01,130.6144033,46.32442167,5133080.111,393296.6024,10.7416,134,TRUE,4.2,500,300
2489,2016/10/12 0:01,130.6145197,46.32434917,5133071.896,393305.4206,9.6304,130.1,TRUE,4.2,500,300
2490,2016/10/12 0:01,130.6146292,46.32427833,5133063.874,393313.7153,10.0008,132,TRUE,4.2,500,300
2491,2016/10/12 0:01,130.6147422,46.32421167,5133056.312,393322.2877,10.7416,133.4,TRUE,4.2,500,300
2492,2016/10/12 0:01,130.6148548,46.32414017,5133048.212,393330.8245,10.5564,131.7,TRUE,4.2,500,300
2493,2016/10/12 0:01,130.6149617,46.32407283,5133040.583,393338.9212,9.8156,132.8,TRUE,4.2,500,300
2494,2016/10/12 0:01,130.6150808,46.323998,5133032.105,393347.9521,10.7416,129,TRUE,4.2,500,300
2495,2016/10/12 0:01,130.6151998,46.323927,5133024.053,393356.9782,10.9268,127.2,TRUE,4.2,500,300
2496,2016/10/12 0:01,130.6153123,46.32385683,5133016.101,393365.5053,9.4452,132.6,TRUE,4.2,500,300
2497,2016/10/12 0:01,130.615423,46.32378717,5133008.209,393373.8926,9.6304,129.7,TRUE,4.2,500,300
2498,2016/10/12 0:01,130.6155388,46.32371967,5133000.55,393382.6814,10.186,129.9,TRUE,4.2,500,300
2499,2016/10/12 0:02,130.6156573,46.32364833,5132992.461,393391.6684,10.7416,131.3,TRUE,4.2,500,300
2500,2016/10/12 0:02,130.6157633,46.32357617,5132984.297,393399.6912,9.4452,135.3,TRUE,4.2,500,300
2501,2016/10/12 0:02,130.6158763,46.32351283,5132977.105,393408.2703,9.8156,129.8,TRUE,4.2,500,300
2502,2016/10/12 0:02,130.615978,46.32344683,5132969.631,393415.9716,9.4452,133.9,TRUE,4.2,500,300
2503,2016/10/12 0:02,130.6160663,46.32339017,5132963.214,393422.6639,7.778399,141.5,TRUE,4.2,500,300
2504,2016/10/12 0:02,130.6161132,46.3233505,5132958.742,393426.1939,3.704,167.3,TRUE,4.2,399,300
2505,2016/10/12 0:02,130.6161137,46.3233595,5132959.742,393426.2499,2.5928,350.4,FALSE,4.2,0,300
2506,2016/10/12 0:02,130.6161127,46.3233935,5132963.522,393426.239,0.7408,18.2,FALSE,4.2,0,300
2507,2016/10/12 0:02,130.6160943,46.32333783,5132957.359,393424.7185,7.408,209.5,FALSE,4.2,0,300
2508,2016/10/12 0:02,130.6160163,46.32329117,5132952.277,393418.6211,7.408,230.3,FALSE,4.2,0,300
2509,2016/10/12 0:02,130.61593,46.32326817,5132949.837,393411.9281,6.6672,251.7,FALSE,4.2,0,300
2510,2016/10/12 0:02,130.6158452,46.32327983,5132951.247,393405.418,7.0376,304.1,FALSE,4.2,0,300
2511,2016/10/12 0:02,130.6157668,46.32332283,5132956.132,393399.4686,6.2968,311.8,TRUE,4.2,500,300
2512,2016/10/12 0:02,130.615699,46.32337567,5132962.097,393394.3477,7.408,322.2,TRUE,4.2,500,300
2513,2016/10/12 0:02,130.6156075,46.32342317,5132967.5,393387.3936,8.889601,309.9,TRUE,4.2,500,300
2514,2016/10/12 0:03,130.6155167,46.323468,5132972.605,393380.4859,7.5932,307.9,TRUE,4.2,500,300
2515,2016/10/12 0:03,130.6154252,46.32352183,5132978.712,393373.5441,8.7044,310.4,TRUE,4.2,500,300
2516,2016/10/12 0:03,130.6153442,46.3235915,5132986.566,393367.4417,8.889601,324.1,TRUE,4.2,500,300
2517,2016/10/12 0:03,130.6152688,46.32364267,5132992.355,393361.7393,6.482,304.8,TRUE,4.2,500,300
2518,2016/10/12 0:03,130.6151892,46.32369333,5132998.093,393355.7031,7.408,313.5,TRUE,4.2,500,300
2519,2016/10/12 0:03,130.6151193,46.32374867,5133004.339,393350.4324,8.519199,316.1,TRUE,4.2,500,300
2520,2016/10/12 0:03,130.6150333,46.32380533,5133010.753,393343.9197,9.0748,315,TRUE,4.2,500,300
2521,2016/10/12 0:03,130.614941,46.32385383,5133016.268,393336.9037,8.889601,307.6,TRUE,4.2,500,300
2522,2016/10/12 0:03,130.6148537,46.32390433,5133021.999,393330.2767,7.9636,311,TRUE,4.2,500,300
2523,2016/10/12 0:03,130.6147712,46.323958,5133028.076,393324.0278,8.7044,310.4,TRUE,4.2,500,300
2524,2016/10/12 0:03,130.6146778,46.3240145,5133034.482,393316.9496,8.334,304.9,TRUE,4.2,500,300
2525,2016/10/12 0:03,130.6145883,46.3240745,5133041.272,393310.174,9.0748,312.1,TRUE,4.2,500,300
2526,2016/10/12 0:03,130.6144903,46.32413167,5133047.759,393302.7383,9.6304,316.3,TRUE,4.2,500,300
2527,2016/10/12 0:03,130.6143968,46.3241905,5133054.424,393295.6524,9.6304,309.5,TRUE,4.2,500,300
2528,2016/10/12 0:03,130.6143057,46.32423617,5133059.623,393288.7211,6.8524,310.3,TRUE,4.2,500,300
2529,2016/10/12 0:04,130.6142313,46.32428067,5133064.67,393283.0828,7.5932,311.6,TRUE,4.2,500,300
2530,2016/10/12 0:04,130.6141348,46.324335,5133070.839,393275.7571,8.519199,311.2,TRUE,4.2,500,300
2531,2016/10/12 0:04,130.6140453,46.3243885,5133076.906,393268.969,7.778399,313.8,TRUE,4.2,500,300
2532,2016/10/12 0:04,130.6139523,46.3244425,5133083.034,393261.9122,8.519199,307.9,TRUE,4.2,500,300
2533,2016/10/12 0:04,130.6138567,46.32449183,5133088.646,393254.6416,8.889601,306.5,TRUE,4.2,500,300
2534,2016/10/12 0:04,130.6137603,46.32454683,5133094.89,393247.3296,8.889601,312.5,TRUE,4.2,500,300
2535,2016/10/12 0:04,130.6136652,46.324604,5133101.373,393240.1127,9.0748,313.6,TRUE,4.2,500,300
2536,2016/10/12 0:04,130.6135682,46.32466033,5133107.765,393232.7526,7.9636,312.9,TRUE,4.2,500,300
2537,2016/10/12 0:04,130.6134862,46.32471217,5133113.638,393226.5388,7.408,308.6,TRUE,4.2,500,300
2538,2016/10/12 0:04,130.6133993,46.32476933,5133120.109,393219.9626,8.889601,307.4,TRUE,4.2,500,300
2539,2016/10/12 0:04,130.6132977,46.32482017,5133125.897,393212.233,8.7044,309,TRUE,4.2,500,300
2540,2016/10/12 0:04,130.6132067,46.3248825,5133132.948,393205.3466,8.334,313.6,TRUE,4.2,500,300
2541,2016/10/12 0:04,130.6131065,46.3249455,5133140.086,393197.7553,9.0748,314,TRUE,4.2,500,300
2542,2016/10/12 0:04,130.6130028,46.324997,5133145.95,393189.8722,9.26,308.8,TRUE,4.2,500,300
2543,2016/10/12 0:04,130.6129023,46.32505267,5133152.274,393182.2413,9.0748,308.3,TRUE,4.2,500,300
2544,2016/10/12 0:05,130.6128165,46.32510217,5133157.892,393175.7282,8.334,315.8,TRUE,4.2,500,300
2545,2016/10/12 0:05,130.6127207,46.32516133,5133164.597,393168.4637,8.889601,316.5,TRUE,4.2,500,300
2546,2016/10/12 0:05,130.6126287,46.325215,5133170.687,393161.4836,7.9636,315.7,TRUE,4.2,500,300
2547,2016/10/12 0:05,130.6125363,46.32526817,5133176.722,393154.4763,8.519199,312.8,TRUE,4.2,500,300
2548,2016/10/12 0:05,130.6124382,46.32532217,5133182.857,393147.0224,8.889601,302.7,TRUE,4.2,500,300
2549,2016/10/12 0:05,130.612339,46.32537883,5133189.289,393139.496,9.0748,309.8,TRUE,4.2,500,300
2550,2016/10/12 0:05,130.6122468,46.32543867,5133196.064,393132.5148,8.519199,313.8,TRUE,4.2,500,300
2551,2016/10/12 0:05,130.6121523,46.32549433,5133202.379,393125.346,8.1488,316.8,TRUE,4.2,500,300
2552,2016/10/12 0:05,130.6120542,46.32554833,5133208.514,393117.8922,8.1488,306.2,TRUE,4.2,500,300
2553,2016/10/12 0:05,130.6119693,46.325608,5133215.261,393111.4752,8.7044,321.6,TRUE,4.2,500,300
2554,2016/10/12 0:05,130.6118718,46.325659,5133221.062,393104.0664,7.778399,310.6,TRUE,4.2,500,300
2555,2016/10/12 0:05,130.6117812,46.32571367,5133227.261,393097.1915,8.1488,313.1,TRUE,4.2,500,300
2556,2016/10/12 0:05,130.6116848,46.32576467,5133233.06,393089.8721,8.334,307.7,TRUE,4.2,500,300
2557,2016/10/12 0:05,130.6115858,46.32581417,5133238.696,393082.3449,8.334,309,TRUE,4.2,500,300
2558,2016/10/12 0:05,130.6114813,46.32586867,5133244.895,393074.404,8.7044,304.7,TRUE,4.2,500,300
2559,2016/10/12 0:06,130.6113865,46.32592717,5133251.525,393067.2155,8.7044,311.8,TRUE,4.2,500,300
2560,2016/10/12 0:06,130.6112843,46.32598383,5133257.962,393059.4582,8.334,314.1,TRUE,4.2,500,300
2561,2016/10/12 0:06,130.6111917,46.32604333,5133264.7,393052.4388,9.0748,310.4,TRUE,4.2,500,300
2562,2016/10/12 0:06,130.6110948,46.32608883,5133269.889,393045.0702,7.2228,306.2,TRUE,4.2,500,300
2563,2016/10/12 0:06,130.610996,46.326143,5133276.044,393037.5653,8.519199,310.1,TRUE,4.2,500,300
2564,2016/10/12 0:06,130.6109,46.32619217,5133281.639,393030.2686,8.1488,311.9,TRUE,4.2,500,300
2565,2016/10/12 0:06,130.6108143,46.3262435,5133287.46,393023.7716,7.0376,305.4,TRUE,4.2,500,300
2566,2016/10/12 0:06,130.6107237,46.3262985,5133293.696,393016.8975,8.519199,313.5,TRUE,4.2,500,300
2567,2016/10/12 0:06,130.6106262,46.32634967,5133299.516,393009.4892,8.334,307.5,TRUE,4.2,500,300
2568,2016/10/12 0:06,130.6105355,46.32640667,5133305.974,393002.6182,8.334,308.3,TRUE,4.2,500,300
2569,2016/10/12 0:06,130.6104572,46.32645817,5133311.805,392996.6868,8.519199,309.4,TRUE,4.2,500,300
2570,2016/10/12 0:06,130.610361,46.32651217,5133317.937,392989.3865,8.334,308.3,TRUE,4.2,500,300
2571,2016/10/12 0:06,130.6102627,46.32657133,5133324.646,392981.93,9.0748,310.9,TRUE,4.2,500,300
2572,2016/10/12 0:06,130.610175,46.32662167,5133330.36,392975.2771,6.2968,308.8,TRUE,4.2,500,300
2573,2016/10/12 0:06,130.6100843,46.32667667,5133336.596,392968.4024,8.519199,314.9,TRUE,4.2,500,300
2574,2016/10/12 0:07,130.6099928,46.326735,5133343.203,392961.4702,8.334,314.8,TRUE,4.2,500,300
2575,2016/10/12 0:07,130.609907,46.3267865,5133349.044,392954.9613,7.5932,309.1,TRUE,4.2,500,300
2576,2016/10/12 0:07,130.60982,46.32683433,5133354.478,392948.3552,7.0376,310,TRUE,4.2,500,300
2577,2016/10/12 0:07,130.60974,46.32688,5133359.663,392942.2839,6.8524,317.5,TRUE,4.2,500,300
2578,2016/10/12 0:07,130.6097098,46.32691433,5133363.52,392940.0277,4.2596,333.6,FALSE,4.2,0,300
2579,2016/10/12 0:07,130.6097265,46.32697867,5133370.649,392941.4369,6.8524,10.4,FALSE,4.2,0,300
2580,2016/10/12 0:07,130.6097418,46.3270355,5133376.945,392942.7283,5.9264,11.9,FALSE,4.2,0,300
2581,2016/10/12 0:07,130.6097883,46.32708633,5133382.532,392946.4081,4.4448,53.4,FALSE,4.2,0,300
2582,2016/10/12 0:07,130.6098468,46.32709183,5133383.065,392950.9236,4.63,108.8,FALSE,4.2,0,300
2583,2016/10/12 0:07,130.6099143,46.32706867,5133380.399,392956.0763,7.0376,136.7,TRUE,4.2,500,300
2584,2016/10/12 0:07,130.6099998,46.32703533,5133376.577,392962.5951,6.6672,130,TRUE,4.2,500,300
2585,2016/10/12 0:07,130.6100873,46.32699183,5133371.624,392969.2482,7.778399,140.4,TRUE,4.2,500,300
2586,2016/10/12 0:07,130.6101735,46.32694733,5133366.561,392975.7969,7.0376,125.2,TRUE,4.2,500,300
2587,2016/10/12 0:07,130.610251,46.32690533,5133361.788,392981.6828,6.1116,126.4,TRUE,4.2,500,300
2588,2016/10/12 0:07,130.6103337,46.3268595,5133356.582,392987.9594,7.9636,129.9,TRUE,4.2,500,300
2589,2016/10/12 0:08,130.6104278,46.326815,5133351.508,392995.1234,7.5932,129.4,TRUE,4.2,500,300
2590,2016/10/12 0:08,130.6105142,46.32676433,5133345.759,393001.6732,8.1488,126.9,TRUE,4.2,500,300
2591,2016/10/12 0:08,130.6106062,46.326718,5133340.485,393008.6673,7.9636,126.4,TRUE,4.2,500,300
2592,2016/10/12 0:08,130.6106947,46.326671,5133335.141,393015.3906,8.1488,127.9,TRUE,4.2,500,300
2593,2016/10/12 0:08,130.610791,46.326615,5133328.786,393022.6993,9.0748,134.3,TRUE,4.2,500,300
2594,2016/10/12 0:08,130.6108985,46.32655183,5133321.619,393030.8543,9.6304,131.9,TRUE,4.2,500,300
2595,2016/10/12 0:08,130.6110065,46.326495,5133315.156,393039.06,9.6304,128.3,TRUE,4.2,500,300
2596,2016/10/12 0:08,130.6110962,46.32643867,5133308.774,393045.8553,7.9636,138.9,TRUE,4.2,500,300
2597,2016/10/12 0:08,130.6111943,46.3263835,5133302.509,393053.3066,9.6304,127.1,TRUE,4.2,500,300
2598,2016/10/12 0:08,130.611297,46.32632667,5133296.053,393061.102,8.334,130.4,TRUE,4.2,500,300
2599,2016/10/12 0:08,130.611405,46.32626417,5133288.96,393069.2968,9.6304,132.6,TRUE,4.2,500,300
2600,2016/10/12 0:08,130.6115165,46.32620017,5133281.696,393077.7583,10.186,130.7,TRUE,4.2,500,300
2601,2016/10/12 0:08,130.6116318,46.326135,5133274.296,393086.5124,10.7416,131.1,TRUE,4.2,500,300
2602,2016/10/12 0:08,130.611747,46.32606717,5133266.601,393095.249,10.7416,132.7,TRUE,4.2,500,300
2603,2016/10/12 0:08,130.611859,46.326007,5133259.761,393103.7564,10.3712,132.7,TRUE,4.2,500,300
2604,2016/10/12 0:09,130.6119652,46.32594583,5133252.819,393111.813,9.26,123.7,TRUE,4.2,500,300
2605,2016/10/12 0:09,130.612076,46.32587833,5133245.166,393120.2161,11.112,134.2,TRUE,4.2,500,300
2606,2016/10/12 0:09,130.612189,46.32581633,5133238.122,393128.797,10.0008,132.5,TRUE,4.2,500,300
2607,2016/10/12 0:09,130.6123015,46.32575167,5133230.783,393137.3343,10.0008,130.9,TRUE,4.2,500,300
2608,2016/10/12 0:09,130.6124128,46.32568883,5133223.647,393145.7851,10.186,132.7,TRUE,4.2,500,300
2609,2016/10/12 0:09,130.6125293,46.32562217,5133216.081,393154.6265,10.9268,132.2,TRUE,4.2,500,300
2610,2016/10/12 0:09,130.6126428,46.3255555,5133208.517,393163.237,10.7416,133.2,TRUE,4.2,500,300
2611,2016/10/12 0:09,130.6127523,46.32549233,5133201.347,393171.5462,9.8156,127.2,TRUE,4.2,500,300
2612,2016/10/12 0:09,130.6128667,46.32542917,5133194.172,393180.2282,9.6304,124.3,TRUE,4.2,500,300
2613,2016/10/12 0:09,130.6129817,46.32536667,5133187.07,393188.9623,9.8156,133.3,TRUE,4.2,500,300
2614,2016/10/12 0:09,130.6130838,46.32530017,5133179.54,393196.6999,9.4452,134.1,TRUE,4.2,500,300
2615,2016/10/12 0:09,130.613179,46.32525067,5133173.91,393203.9324,7.778399,128.3,TRUE,4.2,500,300
2616,2016/10/12 0:09,130.6132672,46.32520467,5133168.678,393210.6326,8.334,129.3,TRUE,4.2,500,300
2617,2016/10/12 0:09,130.6133717,46.32514617,5133162.034,393218.566,9.26,128.4,TRUE,4.2,500,300
2618,2016/10/12 0:09,130.6134792,46.325085,5133155.09,393226.7252,10.0008,129.5,TRUE,4.2,500,300
2619,2016/10/12 0:10,130.6135765,46.32503283,5133149.16,393234.1188,7.408,122.9,TRUE,4.2,500,300
2620,2016/10/12 0:10,130.6136812,46.32497533,5133142.627,393242.0673,9.6304,125.9,TRUE,4.2,500,300
2621,2016/10/12 0:10,130.6137878,46.3249155,5133135.833,393250.1646,10.5564,130.6,TRUE,4.2,500,300
2622,2016/10/12 0:10,130.6138943,46.32485333,5133128.779,393258.2449,8.889601,127.4,TRUE,4.2,500,300
2623,2016/10/12 0:10,130.6139962,46.32479633,5133122.306,393265.9765,9.26,128.7,TRUE,4.2,500,300
2624,2016/10/12 0:10,130.6141075,46.32472733,5133114.486,393274.4156,9.8156,132.6,TRUE,4.2,500,300
2625,2016/10/12 0:10,130.6142237,46.32466333,5133107.215,393283.2371,10.3712,128.9,TRUE,4.2,500,300
2626,2016/10/12 0:10,130.614341,46.32460117,5133100.148,393292.1516,10.0008,125.9,TRUE,4.2,500,300
2627,2016/10/12 0:10,130.6144605,46.32453633,5133092.779,393301.228,10.7416,129.5,TRUE,4.2,500,300
2628,2016/10/12 0:10,130.6145703,46.32446583,5133084.795,393309.5487,10.3712,131.5,TRUE,4.2,500,300
2629,2016/10/12 0:10,130.614681,46.32440083,5133077.421,393317.9448,9.26,130.8,TRUE,4.2,500,300
2630,2016/10/12 0:10,130.6147927,46.3243325,5133069.675,393326.4115,10.3712,132.8,TRUE,4.2,500,300
2631,2016/10/12 0:10,130.6149133,46.32426633,5133062.157,393335.5747,11.112,132.6,TRUE,4.2,500,300
2632,2016/10/12 0:10,130.6150272,46.32419483,5133054.056,393344.2024,10.0008,127.6,TRUE,4.2,500,300
2633,2016/10/12 0:10,130.615144,46.32412683,5133046.34,393353.0672,10.7416,132.8,TRUE,4.2,500,300
2634,2016/10/12 0:11,130.615257,46.32405383,5133038.074,393361.6273,10.7416,129.6,TRUE,4.2,500,300
2635,2016/10/12 0:11,130.6153788,46.32398567,5133030.333,393370.8768,10.7416,127.1,TRUE,4.2,500,300
2636,2016/10/12 0:11,130.615493,46.323911,5133021.88,393379.5238,10.5564,132.8,TRUE,4.2,500,300
2637,2016/10/12 0:11,130.6156083,46.32384483,5133014.369,393388.2767,10.5564,133.1,TRUE,4.2,500,300
2638,2016/10/12 0:11,130.6157278,46.32377233,5133006.149,393397.3385,11.2972,133.3,TRUE,4.2,500,300
2639,2016/10/12 0:11,130.6158423,46.32369517,5132997.419,393406.0061,10.7416,133,TRUE,4.2,500,300
2640,2016/10/12 0:11,130.615959,46.32362083,5132988.998,393414.8464,10.5564,131.3,TRUE,4.2,500,300
2641,2016/10/12 0:11,130.616074,46.32354683,5132980.618,393423.5588,10.9268,137.4,TRUE,4.2,500,300
2642,2016/10/12 0:11,130.6161705,46.32348317,5132973.412,393430.8666,7.778399,131.9,TRUE,4.2,500,300
2643,2016/10/12 0:11,130.6162347,46.32343183,5132967.619,393435.7086,6.2968,141.8,TRUE,4.2,255,300
2644,2016/10/12 0:11,130.6162395,46.32339033,5132962.999,393435.9999,4.2596,191,FALSE,4.2,0,300
2645,2016/10/12 0:11,130.6161765,46.3233535,5132958.99,393431.0768,6.2968,240.8,FALSE,4.2,0,300
2646,2016/10/12 0:11,130.6160895,46.32331833,5132955.198,393424.3086,7.408,239.5,FALSE,4.2,0,300
2647,2016/10/12 0:11,130.616003,46.32330133,5132953.425,393417.6143,6.6672,267.5,FALSE,4.2,0,300
2648,2016/10/12 0:11,130.6159352,46.3233345,5132957.203,393412.4551,6.1116,316.3,FALSE,4.2,0,300
2649,2016/10/12 0:12,130.6158715,46.32336517,5132960.698,393407.6115,2.5928,303.3,TRUE,4.2,500,300
2650,2016/10/12 0:12,130.6158245,46.323396,5132964.188,393404.0519,6.2968,318.3,TRUE,4.2,500,300
2651,2016/10/12 0:12,130.6157523,46.32343667,5132968.806,393398.5731,7.778399,309.7,TRUE,4.2,500,300
2652,2016/10/12 0:12,130.6156635,46.3234885,5132974.687,393391.833,8.519199,310.3,TRUE,4.2,500,300
2653,2016/10/12 0:12,130.6155687,46.32353567,5132980.057,393384.6219,7.778399,308.1,TRUE,4.2,500,300
2654,2016/10/12 0:12,130.6154817,46.323583,5132985.436,393378.014,7.9636,309.6,TRUE,4.2,500,300
2655,2016/10/12 0:12,130.6154028,46.32363367,5132991.174,393372.041,7.778399,312.9,TRUE,4.2,500,300
2656,2016/10/12 0:12,130.6153325,46.32367433,5132995.788,393366.704,5.9264,302.3,TRUE,4.2,500,300
2657,2016/10/12 0:12,130.6152567,46.32371717,5133000.652,393360.9476,6.6672,315.5,TRUE,4.2,500,300
2658,2016/10/12 0:12,130.6151875,46.3237545,5133004.895,393355.6934,5.7412,307.4,TRUE,4.2,500,300
2659,2016/10/12 0:12,130.615116,46.3237975,5133009.771,393350.2708,7.5932,305.9,TRUE,4.2,500,300
2660,2016/10/12 0:12,130.6150357,46.32384417,5133015.067,393344.1754,7.0376,310.7,TRUE,4.2,500,300
2661,2016/10/12 0:12,130.6149503,46.32388483,5133019.701,393337.6825,7.0376,298.8,TRUE,4.2,500,300
2662,2016/10/12 0:12,130.6148753,46.32393283,5133025.138,393332.0001,7.0376,314,TRUE,4.2,500,300
2663,2016/10/12 0:12,130.6147943,46.32397783,5133030.249,393325.8499,7.408,310.2,TRUE,4.2,500,300
2664,2016/10/12 0:13,130.6147243,46.3240285,5133035.975,393320.5577,7.408,315.6,TRUE,4.2,500,300
2665,2016/10/12 0:13,130.6146515,46.3240715,5133040.853,393315.0328,5.7412,309.4,TRUE,4.2,500,300
2666,2016/10/12 0:13,130.614573,46.32411333,5133045.609,393309.0689,7.2228,306.6,TRUE,4.2,500,300
2667,2016/10/12 0:13,130.6144867,46.32415383,5133050.227,393302.4995,7.0376,302.3,TRUE,4.2,500,300
2668,2016/10/12 0:13,130.6143998,46.32420183,5133055.679,393295.9054,7.2228,311,TRUE,4.2,500,300
2669,2016/10/12 0:13,130.6143072,46.32425867,5133062.122,393288.8803,9.4452,317.5,TRUE,4.2,500,300
2670,2016/10/12 0:13,130.6142103,46.32430467,5133067.366,393281.5123,8.334,299.2,TRUE,4.2,500,300
2671,2016/10/12 0:13,130.6141205,46.32435117,5133072.656,393274.6851,6.8524,308.8,TRUE,4.2,500,300
2672,2016/10/12 0:13,130.6140302,46.3244045,5133078.705,393267.8326,8.334,304.4,TRUE,4.2,500,300
2673,2016/10/12 0:13,130.6139387,46.32446017,5133085.017,393260.8947,8.519199,309.2,TRUE,4.2,500,300
2674,2016/10/12 0:13,130.6138438,46.32451583,5133091.331,393253.6995,8.7044,308.4,TRUE,4.2,500,300
2675,2016/10/12 0:13,130.6137633,46.32457033,5133097.498,393247.6063,8.334,315.6,TRUE,4.2,500,300
2676,2016/10/12 0:13,130.6136818,46.32462683,5133103.888,393241.4401,7.2228,309.4,TRUE,4.2,500,300
2677,2016/10/12 0:13,130.6135938,46.32468317,5133110.269,393234.773,8.1488,311.6,TRUE,4.2,500,300
2678,2016/10/12 0:13,130.6135072,46.32474283,5133117.018,393228.2156,8.519199,315.5,TRUE,4.2,500,300
2679,2016/10/12 0:14,130.6134313,46.32479467,5133122.882,393222.4762,7.0376,308.8,TRUE,4.2,500,300
2680,2016/10/12 0:14,130.6133452,46.324849,5133129.038,393215.9469,8.889601,310.8,TRUE,4.2,500,300
2681,2016/10/12 0:14,130.6132517,46.324903,5133135.166,393208.8518,8.334,306.9,TRUE,4.2,500,300
2682,2016/10/12 0:14,130.6131577,46.324963,5133141.962,393201.7299,8.7044,315.4,TRUE,4.2,500,300
2683,2016/10/12 0:14,130.6130743,46.325012,5133147.521,393195.4075,6.8524,313.1,TRUE,4.2,500,300
2684,2016/10/12 0:14,130.6129947,46.32506233,5133153.223,393189.371,8.519199,306.8,TRUE,4.2,500,300
2685,2016/10/12 0:14,130.6128998,46.32511867,5133159.614,393182.1773,8.7044,312.2,TRUE,4.2,500,300
2686,2016/10/12 0:14,130.612813,46.32517167,5133165.622,393175.5939,8.334,311.2,TRUE,4.2,500,300
2687,2016/10/12 0:14,130.6127123,46.3252315,5133172.408,393167.9581,9.6304,308.3,TRUE,4.2,500,300
2688,2016/10/12 0:14,130.6126168,46.32528717,5133178.725,393160.7123,8.519199,313.6,TRUE,4.2,500,300
2689,2016/10/12 0:14,130.6125298,46.32533367,5133184.011,393154.1033,7.5932,305.1,TRUE,4.2,500,300
2690,2016/10/12 0:14,130.6124462,46.32537517,5133188.737,393147.7417,7.408,312.2,TRUE,4.2,500,300
2691,2016/10/12 0:14,130.6123588,46.32542917,5133194.857,393141.121,8.889601,313.5,TRUE,4.2,500,300
2692,2016/10/12 0:14,130.6122848,46.3254795,5133200.552,393135.5205,7.5932,323.2,TRUE,4.2,500,300
2693,2016/10/12 0:14,130.6121995,46.32552733,5133205.983,393129.0427,7.9636,315.8,TRUE,4.2,500,300
2694,2016/10/12 0:15,130.6121085,46.32556583,5133210.386,393122.1101,7.5932,304.1,TRUE,4.2,500,300
2695,2016/10/12 0:15,130.6120192,46.32561133,5133215.564,393115.3197,7.778399,312.3,TRUE,4.2,500,300
2696,2016/10/12 0:15,130.6119327,46.325656,5133220.646,393108.7457,7.2228,306.6,TRUE,4.2,500,300
2697,2016/10/12 0:15,130.6118552,46.3256965,5133225.252,393102.8566,6.8524,316.5,TRUE,4.2,500,300
2698,2016/10/12 0:15,130.6117692,46.325742,5133230.426,393096.3226,7.408,310.2,TRUE,4.2,500,300
2699,2016/10/12 0:15,130.6116788,46.32579533,5133236.476,393089.4698,8.519199,313.4,TRUE,4.2,500,300
2700,2016/10/12 0:15,130.6115815,46.32584233,5133241.832,393082.0663,7.408,303.8,TRUE,4.2,500,300
2701,2016/10/12 0:15,130.6114855,46.32588917,5133247.168,393074.765,8.7044,306.7,TRUE,4.2,500,300
2702,2016/10/12 0:15,130.6114047,46.32594717,5133253.724,393068.6536,7.9636,323.1,TRUE,4.2,500,300
2703,2016/10/12 0:15,130.6113102,46.32599733,5133259.427,393061.4743,8.334,304.2,TRUE,4.2,500,300
2704,2016/10/12 0:15,130.6112322,46.32604067,5133264.35,393055.5523,7.2228,313,TRUE,4.2,433,300
2705,2016/10/12 0:15,130.6111523,46.3260895,5133269.886,393049.4993,7.2228,310.8,TRUE,4.2,500,300
2706,2016/10/12 0:15,130.6110675,46.32613733,5133275.317,393043.0601,7.778399,311.2,TRUE,4.2,500,300
2707,2016/10/12 0:15,130.6109795,46.32618517,5133280.753,393036.3769,8.334,311.2,TRUE,4.2,500,300
2708,2016/10/12 0:15,130.6108967,46.32623317,5133286.201,393030.0921,7.9636,310.4,TRUE,4.2,500,300
2709,2016/10/12 0:16,130.6108063,46.3262905,5133292.695,393023.2472,7.778399,308.1,TRUE,4.2,500,300
2710,2016/10/12 0:16,130.6107172,46.32634367,5133298.726,393016.485,8.7044,308.3,TRUE,4.2,473,300
2711,2016/10/12 0:16,130.6106198,46.32640183,5133305.322,393009.1027,8.519199,311.1,TRUE,4.2,500,300
2712,2016/10/12 0:16,130.6105222,46.32646117,5133312.05,393001.698,8.7044,309.9,TRUE,4.2,500,300
2713,2016/10/12 0:16,130.6104285,46.32652217,5133318.957,392994.6039,9.4452,315.9,TRUE,4.2,500,300
2714,2016/10/12 0:16,130.610328,46.32658533,5133326.114,392986.9881,9.8156,316.2,TRUE,4.2,463,300
2715,2016/10/12 0:16,130.6102488,46.32663283,5133331.501,392980.9842,6.1116,309,TRUE,4.2,500,300
2716,2016/10/12 0:16,130.6101785,46.32667733,5133336.542,392975.6552,6.482,304.7,TRUE,4.2,500,300
2717,2016/10/12 0:16,130.6101128,46.326713,5133340.596,392970.6679,5.1856,298.4,TRUE,4.2,500,300
2718,2016/10/12 0:16,130.6100607,46.32674817,5133344.576,392966.7199,3.5188,304,TRUE,4.2,500,300
2719,2016/10/12 0:16,130.6100037,46.32678033,5133348.227,392962.3934,6.482,314.5,TRUE,4.2,500,300
2720,2016/10/12 0:16,130.6099413,46.32681017,5133351.629,392957.6511,5.0004,301.6,TRUE,4.2,500,300
2721,2016/10/12 0:16,130.6098702,46.32685017,5133356.171,392952.2494,7.0376,308,TRUE,4.2,500,300
2722,2016/10/12 0:16,130.6097992,46.32689683,5133361.454,392946.8731,7.2228,314.9,TRUE,4.2,500,300
2723,2016/10/12 0:16,130.6097428,46.32693283,5133365.531,392942.6049,3.8892,316.4,FALSE,4.2,0,300
2724,2016/10/12 0:17,130.609719,46.3269795,5133370.751,392940.861,5.556,356,FALSE,4.2,0,300
2725,2016/10/12 0:17,130.6097435,46.32703,5133376.331,392942.8461,5.556,30.6,FALSE,4.2,0,300
2726,2016/10/12 0:17,130.609784,46.32708583,5133382.483,392946.0737,6.2968,26.1,FALSE,4.2,0,300
2727,2016/10/12 0:17,130.6098298,46.32712983,5133387.312,392949.6887,5.556,59.6,FALSE,4.2,0,300
2728,2016/10/12 0:17,130.6098992,46.327127,5133386.903,392955.0227,3.5188,112.4,FALSE,4.2,0,300
2729,2016/10/12 0:17,130.6099688,46.32710883,5133384.789,392960.3514,6.8524,118.7,TRUE,4.2,500,300
2730,2016/10/12 0:17,130.6100475,46.3270725,5133380.645,392966.3384,6.6672,124.1,TRUE,4.2,500,300
2731,2016/10/12 0:17,130.610119,46.327027,5133375.491,392971.7555,7.408,135.2,TRUE,4.2,500,300
2732,2016/10/12 0:17,130.6101868,46.32699033,5133371.323,392976.9072,5.9264,145.8,TRUE,4.2,500,300
2733,2016/10/12 0:17,130.6102698,46.32695233,5133366.987,392983.2245,7.0376,123.6,TRUE,4.2,500,300
2734,2016/10/12 0:17,130.6103612,46.3269085,5133361.991,392990.1726,8.1488,133.8,TRUE,4.2,500,300
2735,2016/10/12 0:17,130.6104445,46.3268635,5133356.877,392996.5017,8.1488,130.6,TRUE,4.2,500,300
2736,2016/10/12 0:17,130.610546,46.3268075,5133350.515,393004.2085,9.0748,135.2,TRUE,4.2,500,300
2737,2016/10/12 0:17,130.610643,46.32675567,5133344.623,393011.5769,8.334,131.7,TRUE,4.2,500,300
2738,2016/10/12 0:17,130.6107297,46.32670433,5133338.799,393018.1508,7.408,125.2,TRUE,4.2,500,300
2739,2016/10/12 0:18,130.610813,46.3266585,5133333.592,393024.4783,7.9636,129.6,TRUE,4.2,500,300
2740,2016/10/12 0:18,130.610912,46.32660533,5133327.548,393031.9981,8.889601,128.5,TRUE,4.2,500,300
2741,2016/10/12 0:18,130.611006,46.32655767,5133322.123,393039.1437,8.1488,124,TRUE,4.2,500,300
2742,2016/10/12 0:18,130.6110875,46.32651117,5133316.844,393045.329,7.9636,132.2,TRUE,4.2,500,300
2743,2016/10/12 0:18,130.6111767,46.32646533,5133311.629,393052.1062,7.5932,126.5,TRUE,4.2,500,300
2744,2016/10/12 0:18,130.611262,46.32640933,5133305.289,393058.5679,8.519199,139.1,TRUE,4.2,500,300
2745,2016/10/12 0:18,130.611354,46.32635567,5133299.2,393065.5479,7.0376,132.7,TRUE,4.2,500,300
2746,2016/10/12 0:18,130.611447,46.326305,5133293.442,393072.6106,8.334,129.3,TRUE,4.2,500,300
2747,2016/10/12 0:18,130.6115378,46.32625333,5133287.576,393079.5044,7.2228,118.6,TRUE,4.2,500,300
2748,2016/10/12 0:18,130.6116285,46.32620033,5133281.562,393086.3832,9.26,136.9,TRUE,4.2,500,300
2749,2016/10/12 0:18,130.611716,46.32615067,5133275.924,393093.0245,8.334,130.5,TRUE,4.2,500,300
2750,2016/10/12 0:18,130.6117948,46.326107,5133270.963,393099.0098,6.482,124.1,TRUE,4.2,500,300
2751,2016/10/12 0:18,130.6118782,46.32607,5133266.738,393105.3554,7.5932,118.1,TRUE,4.2,500,300
2752,2016/10/12 0:18,130.6119685,46.32601283,5133260.262,393112.1999,8.7044,133.9,TRUE,4.2,500,300
2753,2016/10/12 0:18,130.6120537,46.32595017,5133253.182,393118.6365,8.7044,134.7,TRUE,4.2,500,300
2754,2016/10/12 0:19,130.6121503,46.32588567,5133245.882,393125.9543,9.4452,130.9,TRUE,4.2,500,300
2755,2016/10/12 0:19,130.6122533,46.32582317,5133238.795,393133.7642,9.0748,128.4,TRUE,4.2,500,300
2756,2016/10/12 0:19,130.6123587,46.325768,5133232.521,393141.7686,8.7044,128.9,TRUE,4.2,500,300
2757,2016/10/12 0:19,130.6124483,46.32571467,5133226.472,393148.5691,6.8524,130,TRUE,4.2,500,300
2758,2016/10/12 0:19,130.6125405,46.32565733,5133219.974,393155.5552,9.26,127.4,TRUE,4.2,500,300
2759,2016/10/12 0:19,130.612633,46.32560133,5133213.624,393162.5692,8.1488,132.9,TRUE,4.2,500,300
2760,2016/10/12 0:19,130.6127278,46.32555267,5133208.087,393169.777,7.5932,122.4,TRUE,4.2,500,300
2761,2016/10/12 0:19,130.6128147,46.32550767,5133202.968,393176.3767,7.2228,122.4,TRUE,4.2,500,300
2762,2016/10/12 0:19,130.6129078,46.32545833,5133197.358,393183.4546,9.4452,127.3,TRUE,4.2,500,300
2763,2016/10/12 0:19,130.6129967,46.32541317,5133192.219,393190.208,7.408,126.2,TRUE,4.2,500,300
2764,2016/10/12 0:19,130.6131038,46.32535467,5133185.571,393198.3462,7.9636,124.4,TRUE,4.2,500,300
2765,2016/10/12 0:19,130.6131817,46.32530367,5133179.797,393204.2411,6.8524,132.7,TRUE,4.2,500,300
2766,2016/10/12 0:19,130.6132978,46.32523683,5133172.211,393213.0562,9.8156,124.2,TRUE,4.2,500,300
2767,2016/10/12 0:19,130.6134107,46.32517283,5133164.945,393221.6211,10.0008,129.2,TRUE,4.2,500,300
2768,2016/10/12 0:19,130.6135273,46.3251115,5133157.971,393230.4855,10.7416,128.1,TRUE,4.2,500,300
2769,2016/10/12 0:20,130.613636,46.3250525,5133151.266,393238.739,9.0748,124.9,TRUE,4.2,500,300
2770,2016/10/12 0:20,130.6137362,46.324982,5133143.294,393246.3157,9.8156,129.9,TRUE,4.2,500,300
2771,2016/10/12 0:20,130.6138557,46.324908,5133134.908,393255.3742,10.7416,130.3,TRUE,4.2,500,300
2772,2016/10/12 0:20,130.613961,46.32484983,5133128.3,393263.3722,8.889601,129.3,TRUE,4.2,500,300
2773,2016/10/12 0:20,130.6140792,46.324787,5133121.157,393272.35,10.186,121.4,TRUE,4.2,500,300
2774,2016/10/12 0:20,130.6141967,46.3247135,5133112.828,393281.2555,10.0008,126.9,TRUE,4.2,500,300
2775,2016/10/12 0:20,130.6143077,46.32463783,5133104.268,393289.6562,10.186,133.7,TRUE,4.2,500,300
2776,2016/10/12 0:20,130.6144213,46.3245675,5133096.297,393298.2722,10.7416,132.4,TRUE,4.2,500,300
2777,2016/10/12 0:20,130.6145332,46.3244995,5133088.587,393306.7525,10.186,124.4,TRUE,4.2,500,300
2778,2016/10/12 0:20,130.6146527,46.32442867,5133080.553,393315.8173,11.112,131.1,TRUE,4.2,500,300
2779,2016/10/12 0:20,130.6147727,46.32435983,5133072.74,393324.9245,11.112,127.9,TRUE,4.2,500,300
2780,2016/10/12 0:20,130.61487,46.32429733,5133065.661,393332.2982,7.408,125.9,TRUE,4.2,500,300
2781,2016/10/12 0:20,130.6149915,46.32422983,5133057.995,393341.5235,11.4824,129.6,TRUE,4.2,500,300
2782,2016/10/12 0:20,130.6151138,46.3241535,5133049.345,393350.7956,11.112,132.9,TRUE,4.2,500,300
2783,2016/10/12 0:20,130.6152347,46.32407733,5133040.716,393359.9533,11.2972,131.7,TRUE,4.2,500,300
2784,2016/10/12 0:21,130.6153585,46.323998,5133031.731,393369.3352,10.7416,131.5,TRUE,4.2,500,300
2785,2016/10/12 0:21,130.6154732,46.3239245,5133023.407,393378.023,10.9268,129.1,TRUE,4.2,500,300
2786,2016/10/12 0:21,130.6155872,46.3238535,5133015.361,393386.6641,9.8156,130.2,TRUE,4.2,500,300
2787,2016/10/12 0:21,130.6157048,46.32378333,5133007.403,393395.5886,11.112,128.7,TRUE,4.2,500,300
2788,2016/10/12 0:21,130.6158217,46.32372183,5133000.41,393404.4669,9.6304,128.2,TRUE,4.2,500,300
2789,2016/10/12 0:21,130.6159327,46.32365617,5132992.962,393412.8874,9.6304,127.6,TRUE,4.2,500,300
2790,2016/10/12 0:21,130.6160322,46.323594,5132985.917,393420.4291,8.889601,129.8,TRUE,4.2,500,300
2791,2016/10/12 0:21,130.616116,46.32353667,5132979.432,393426.7735,7.9636,139.6,TRUE,4.2,500,300
2792,2016/10/12 0:21,130.6161875,46.32348317,5132973.389,393432.1757,7.5932,140.7,TRUE,4.2,500,300
2793,2016/10/12 0:21,130.6162472,46.323442,5132968.732,393436.691,6.482,144.8,TRUE,4.2,500,300
2794,2016/10/12 0:21,130.6162573,46.32340783,5132964.92,393437.407,3.704,187.4,FALSE,4.2,0,300
2795,2016/10/12 0:21,130.6162282,46.32337217,5132960.996,393435.0922,3.8892,236.2,FALSE,4.2,0,300
2796,2016/10/12 0:21,130.6161728,46.32335483,5132959.143,393430.7968,4.0744,261.6,TRUE,4.2,169,300
2797,2016/10/12 0:21,130.6161262,46.323362,5132960.003,393427.2174,3.8892,303.9,FALSE,4.2,0,300
2798,2016/10/12 0:21,130.6161122,46.32336567,5132960.429,393426.1464,0,0,FALSE,4.2,0,300
2799,2016/10/12 0:22,130.6161123,46.32336383,5132960.225,393426.1551,0,0,FALSE,4.2,0,300
2800,2016/10/12 0:22,130.6160637,46.32339883,5132964.181,393422.4758,7.408,312.6,TRUE,4.2,388,300
2801,2016/10/12 0:22,130.6160052,46.3234305,5132967.78,393418.0323,5.1856,304.2,TRUE,4.2,500,300
2802,2016/10/12 0:22,130.615937,46.3234745,5132972.762,393412.868,6.1116,304.9,TRUE,4.2,500,300
2803,2016/10/12 0:22,130.6158823,46.32351217,5132977.023,393408.731,3.8892,318.6,TRUE,4.2,500,300
2804,2016/10/12 0:22,130.6158473,46.3235365,5132979.775,393406.083,4.63,313.4,TRUE,4.2,500,300
2805,2016/10/12 0:22,130.6158128,46.32355933,5132982.359,393403.4705,2.9632,316.3,TRUE,4.2,500,300
2806,2016/10/12 0:22,130.6157568,46.32359017,5132985.862,393399.2179,5.0004,304.9,TRUE,4.2,500,300
2807,2016/10/12 0:22,130.6157043,46.32361967,5132989.212,393395.2322,5.556,299,TRUE,4.2,500,300
2808,2016/10/12 0:22,130.6156487,46.3236535,5132993.047,393391.0116,4.8152,304.1,TRUE,4.2,500,300
2809,2016/10/12 0:22,130.6155802,46.32369583,5132997.845,393385.8187,6.8524,311.8,TRUE,4.2,500,300
2810,2016/10/12 0:22,130.6155073,46.32374167,5133003.038,393380.2984,6.6672,312.6,TRUE,4.2,500,300
2811,2016/10/12 0:22,130.6154263,46.32379067,5133008.594,393374.1558,7.778399,315.1,TRUE,4.2,500,300
2812,2016/10/12 0:22,130.6153442,46.32384217,5133014.429,393367.9288,8.1488,312.4,TRUE,4.2,500,300
2813,2016/10/12 0:22,130.6152525,46.32388933,5133019.795,393360.9611,7.408,306.6,TRUE,4.2,500,300
2814,2016/10/12 0:23,130.615153,46.32394717,5133026.358,393353.4111,8.889601,305.2,TRUE,4.2,500,300
2815,2016/10/12 0:23,130.6150587,46.3240005,5133032.413,393346.2505,7.2228,312,TRUE,4.2,500,300
2816,2016/10/12 0:23,130.614962,46.32405467,5133038.564,393338.9113,9.0748,306.6,TRUE,4.2,500,300
2817,2016/10/12 0:23,130.6148688,46.32410383,5133044.154,393331.832,8.519199,310.5,TRUE,4.2,500,300
2818,2016/10/12 0:23,130.6147797,46.3241505,5133049.462,393325.0566,7.9636,310,TRUE,4.2,500,300
2819,2016/10/12 0:23,130.6147003,46.3241965,5133054.682,393319.0361,6.1116,302.2,TRUE,4.2,500,300
2820,2016/10/12 0:23,130.6146058,46.32424633,5133060.348,393311.8557,9.26,303.6,TRUE,4.2,500,300
2821,2016/10/12 0:23,130.614514,46.32430483,5133066.975,393304.8978,7.778399,311.9,TRUE,4.2,500,300
2822,2016/10/12 0:23,130.6144315,46.32435983,5133073.199,393298.6515,7.778399,310.8,TRUE,4.2,500,300
2823,2016/10/12 0:23,130.6143435,46.324423,5133080.34,393291.9976,7.9636,317.2,TRUE,4.2,500,300
2824,2016/10/12 0:23,130.61427,46.3244615,5133084.718,393286.4124,5.1856,303.8,TRUE,4.2,465,300
2825,2016/10/12 0:23,130.614194,46.324511,5133090.323,393280.656,8.519199,314.4,TRUE,4.2,500,300
2826,2016/10/12 0:23,130.6141138,46.3245605,5133095.933,393274.5786,7.5932,308.4,TRUE,4.2,500,300
2827,2016/10/12 0:23,130.6140192,46.32461583,5133102.211,393267.3966,8.519199,310.5,TRUE,4.2,500,300
2828,2016/10/12 0:23,130.6139268,46.3246765,5133109.079,393260.4037,8.519199,310.4,TRUE,4.2,500,300
2829,2016/10/12 0:24,130.6138355,46.32472833,5133114.963,393253.4714,6.8524,308,TRUE,4.2,500,300
2830,2016/10/12 0:24,130.6137522,46.32477633,5133120.411,393247.1477,8.1488,306.1,TRUE,4.2,500,300
2831,2016/10/12 0:24,130.613664,46.3248275,5133126.218,393240.4575,7.9636,311.3,TRUE,4.2,500,300
2832,2016/10/12 0:24,130.6135743,46.3248825,5133132.452,393233.6592,9.0748,316,TRUE,4.2,500,300
2833,2016/10/12 0:24,130.6134833,46.32493667,5133138.596,393226.7569,8.334,310.6,TRUE,4.2,500,300
2834,2016/10/12 0:24,130.6133902,46.3249855,5133144.15,393219.6779,8.1488,309.4,TRUE,4.2,500,300
2835,2016/10/12 0:24,130.613304,46.32503317,5133149.565,393213.135,7.0376,317.8,TRUE,4.2,500,300
2836,2016/10/12 0:24,130.6132323,46.3250765,5133154.478,393207.7002,6.6672,305.7,TRUE,4.2,500,300
2837,2016/10/12 0:24,130.6131553,46.3251205,5133159.472,393201.8562,8.1488,310.9,TRUE,4.2,500,300
2838,2016/10/12 0:24,130.6130653,46.32518017,5133166.227,393195.0417,7.9636,307.2,TRUE,4.2,500,300
2839,2016/10/12 0:24,130.6129815,46.32523083,5133171.971,393188.6848,8.7044,302.6,TRUE,4.2,500,300
2840,2016/10/12 0:24,130.6129047,46.325282,5133177.762,393182.868,8.1488,310.4,TRUE,4.2,500,300
2841,2016/10/12 0:24,130.6128228,46.325326,5133182.763,393176.6514,7.0376,302.6,TRUE,4.2,500,300
2842,2016/10/12 0:24,130.6127385,46.325385,5133189.435,393170.2722,9.26,316,TRUE,4.2,500,300
2843,2016/10/12 0:24,130.6126577,46.32543033,5133194.583,393164.136,7.2228,310.1,TRUE,4.2,500,300
2844,2016/10/12 0:25,130.6125598,46.3254845,5133200.736,393156.7072,8.1488,309.3,TRUE,4.2,500,300
2845,2016/10/12 0:25,130.612461,46.32554283,5133207.354,393149.2102,8.889601,309.4,TRUE,4.2,500,300
2846,2016/10/12 0:25,130.612358,46.32559617,5133213.422,393141.3824,8.519199,303.5,TRUE,4.2,500,300
2847,2016/10/12 0:25,130.6122637,46.3256545,5133220.033,393134.2319,8.7044,303.4,TRUE,4.2,500,300
2848,2016/10/12 0:25,130.6121705,46.3257005,5133225.272,393127.1468,7.778399,307.2,TRUE,4.2,500,300
2849,2016/10/12 0:25,130.6120755,46.32575133,5133231.05,393119.9302,7.778399,304.6,TRUE,4.2,500,300
2850,2016/10/12 0:25,130.61198,46.32580383,5133237.014,393112.6784,8.1488,299.8,TRUE,4.2,500,300
2851,2016/10/12 0:25,130.611888,46.3258575,5133243.104,393105.6983,8.1488,304.5,TRUE,4.2,500,300
2852,2016/10/12 0:25,130.6117903,46.32591683,5133249.831,393098.2927,9.4452,312.4,TRUE,4.2,500,300
2853,2016/10/12 0:25,130.6117032,46.3259685,5133255.692,393091.6815,8.334,313.9,TRUE,4.2,500,300
2854,2016/10/12 0:25,130.611607,46.32601633,5133261.138,393084.3691,8.889601,303.1,TRUE,4.2,500,300
2855,2016/10/12 0:25,130.6115147,46.32607617,5133267.915,393077.3757,8.7044,307.8,TRUE,4.2,500,300
2856,2016/10/12 0:25,130.611421,46.32612867,5133273.877,393070.2649,7.9636,312.3,TRUE,4.2,500,300
2857,2016/10/12 0:25,130.6113403,46.32618017,5133279.71,393064.1532,6.482,315,TRUE,4.2,500,300
2858,2016/10/12 0:25,130.6112442,46.32623483,5133285.916,393056.8548,9.6304,309.3,TRUE,4.2,500,300
2859,2016/10/12 0:26,130.611142,46.3262895,5133292.131,393049.0937,8.334,312.8,TRUE,4.2,500,300
2860,2016/10/12 0:26,130.6110458,46.32634167,5133298.06,393041.7898,8.519199,310.4,TRUE,4.2,500,300
2861,2016/10/12 0:26,130.6109557,46.32639367,5133303.962,393034.9483,7.5932,306.6,TRUE,4.2,500,300
2862,2016/10/12 0:26,130.6108742,46.32643967,5133309.185,393028.762,7.5932,310.5,TRUE,4.2,500,300
2863,2016/10/12 0:26,130.6107877,46.32649033,5133314.933,393022.1998,7.9636,311.5,TRUE,4.2,500,300
2864,2016/10/12 0:26,130.6107093,46.3265435,5133320.949,393016.2709,8.1488,316.5,TRUE,4.2,500,300
2865,2016/10/12 0:26,130.6106185,46.3266035,5133327.741,393009.3935,9.6304,316.8,TRUE,4.2,500,300
2866,2016/10/12 0:26,130.6105197,46.32666083,5133334.247,393001.8949,8.519199,310.3,TRUE,4.2,500,300
2867,2016/10/12 0:26,130.6104195,46.3267165,5133340.57,392994.2899,8.7044,310.3,TRUE,4.2,500,300
2868,2016/10/12 0:26,130.6103208,46.32677533,5133347.243,392986.8065,8.519199,307.9,TRUE,4.2,500,300
2869,2016/10/12 0:26,130.6102245,46.32683583,5133354.098,392979.5066,8.7044,313,TRUE,4.2,500,300
2870,2016/10/12 0:26,130.6101265,46.326891,5133360.363,392972.0678,9.4452,313.9,TRUE,4.2,500,300
2871,2016/10/12 0:26,130.6100263,46.32694867,5133366.909,392964.4667,8.519199,311.6,TRUE,4.2,500,300
2872,2016/10/12 0:26,130.6099372,46.327004,5133373.18,392957.7089,6.2968,312.4,TRUE,4.2,500,300
2873,2016/10/12 0:26,130.6098587,46.32704333,5133377.658,392951.7408,5.9264,297.1,TRUE,4.2,500,300
2874,2016/10/12 0:27,130.609802,46.32707167,5133380.884,392947.4322,4.0744,324.3,FALSE,4.2,0,300
2875,2016/10/12 0:27,130.6097932,46.32711167,5133385.342,392946.8303,5.1856,12.2,FALSE,4.2,0,300
2876,2016/10/12 0:27,130.6098232,46.3271495,5133389.507,392949.2142,4.4448,26.5,FALSE,4.2,0,300
2877,2016/10/12 0:27,130.6098532,46.32718167,5133393.042,392951.5871,2.778,38.5,FALSE,4.2,0,300
2878,2016/10/12 0:27,130.6099098,46.32718567,5133393.41,392955.958,4.0744,105,FALSE,4.2,0,300
2879,2016/10/12 0:27,130.6099345,46.32718167,5133392.932,392957.8499,1.2964,343.7,FALSE,4.2,0,300
2880,2016/10/12 0:27,130.609908,46.327199,5133394.895,392955.8431,2.5928,326.2,FALSE,4.2,0,300
2881,2016/10/12 0:27,130.6099078,46.327199,5133394.895,392955.83,0.7408,199.9,FALSE,4.2,0,300
2882,2016/10/12 0:27,130.6099082,46.32720317,5133395.358,392955.8643,0.3704,203,FALSE,4.2,0,300
2883,2016/10/12 0:27,130.6099087,46.32720383,5133395.431,392955.9041,0.7408,191.8,FALSE,4.2,0,300
2884,2016/10/12 0:27,130.6099075,46.32720633,5133395.71,392955.8189,0.5556,307.8,FALSE,4.2,0,300
2885,2016/10/12 0:27,130.6099095,46.32720733,5133395.818,392955.9749,0,129.6,FALSE,4.2,0,300
2886,2016/10/12 0:27,130.6099087,46.32720667,5133395.746,392955.9097,0.3704,210.8,FALSE,4.2,0,300
2887,2016/10/12 0:27,130.6099098,46.32720733,5133395.818,392956.0003,0.7408,34.1,FALSE,4.2,0,300
2888,2016/10/12 0:27,130.609905,46.32720583,5133395.658,392955.6254,0,0,FALSE,4.2,0,300
2889,2016/10/12 0:28,130.6099073,46.32721033,5133396.155,392955.8136,0,0,FALSE,4.2,0,300
2890,2016/10/12 0:28,130.6099077,46.32721067,5133396.192,392955.8405,0,0,FALSE,4.2,0,300
2891,2016/10/12 0:28,130.609912,46.3272115,5133396.279,392956.1755,0.5556,165.7,FALSE,4.2,0,300
2892,2016/10/12 0:28,130.6099158,46.32721267,5133396.403,392956.4727,0,0,FALSE,4.2,0,300
2893,2016/10/12 0:28,130.6099173,46.327212,5133396.327,392956.5869,0,0,FALSE,4.2,0,300
2894,2016/10/12 0:28,130.6099202,46.32721517,5133396.675,392956.8118,1.4816,14.4,FALSE,4.2,0,300
2895,2016/10/12 0:28,130.609922,46.32721233,5133396.357,392956.9472,0,0,FALSE,4.2,0,300
2896,2016/10/12 0:28,130.6099225,46.3272115,5133396.264,392956.9841,0,0,FALSE,4.2,0,300
2897,2016/10/12 0:28,130.6099235,46.32720867,5133395.948,392957.0555,0,0,FALSE,4.2,0,300
2898,2016/10/12 0:28,130.6099183,46.3272115,5133396.27,392956.6629,0.7408,223.5,FALSE,4.2,0,300
2899,2016/10/12 0:28,130.6099183,46.3272115,5133396.27,392956.6629,0,0,FALSE,4.2,0,300
2900,2016/10/12 0:28,130.6099207,46.32720933,5133396.026,392956.8389,0.3704,181.5,FALSE,4.2,0,300
2901,2016/10/12 0:28,130.6099217,46.32720633,5133395.691,392956.9101,0,0,FALSE,4.2,0,300
2902,2016/10/12 0:28,130.6099237,46.32721033,5133396.133,392957.0719,1.6668,4.9,FALSE,4.2,0,300
2903,2016/10/12 0:28,130.6099263,46.32721183,5133396.296,392957.2796,0,0,FALSE,4.2,0,300
2904,2016/10/12 0:29,130.6099288,46.3272135,5133396.478,392957.4754,1.2964,4.5,FALSE,4.2,0,300
2905,2016/10/12 0:29,130.6099275,46.32721133,5133396.239,392957.3687,0.5556,310.8,FALSE,4.2,0,300
2906,2016/10/12 0:29,130.6099303,46.32721067,5133396.162,392957.5854,0,0,FALSE,4.2,0,300
2907,2016/10/12 0:29,130.6099303,46.32720817,5133395.884,392957.5805,0,0,FALSE,4.2,0,300
2908,2016/10/12 0:29,130.609932,46.32720583,5133395.621,392957.7045,0,0,FALSE,4.2,0,300
2909,2016/10/12 0:29,130.6099315,46.32720133,5133395.122,392957.6573,0,0,FALSE,4.2,0,300
2910,2016/10/12 0:29,130.6099317,46.32719783,5133394.733,392957.6635,0,0,FALSE,4.2,0,300
2911,2016/10/12 0:29,130.6099325,46.32719733,5133394.676,392957.7265,1.1112,7.1,FALSE,4.2,0,300
2912,2016/10/12 0:29,130.609933,46.32719633,5133394.564,392957.763,0.7408,356,FALSE,4.2,0,300
2913,2016/10/12 0:29,130.6099332,46.327194,5133394.305,392957.7715,0,0,FALSE,4.2,0,300
2914,2016/10/12 0:29,130.6099358,46.3271965,5133394.579,392957.9813,0.5556,31.6,FALSE,4.2,0,300
2915,2016/10/12 0:29,130.6099362,46.32719633,5133394.56,392958.0071,0,35.3,FALSE,4.2,0,300
2916,2016/10/12 0:29,130.6099355,46.32719567,5133394.487,392957.9542,0,0,FALSE,4.2,0,300
2917,2016/10/12 0:29,130.6099357,46.327197,5133394.635,392957.9699,0.1852,276.7,FALSE,4.2,0,300
2918,2016/10/12 0:29,130.6099378,46.327204,5133395.41,392958.1499,0.3704,58.9,FALSE,4.2,0,300
2919,2016/10/12 0:30,130.6099438,46.32721417,5133396.532,392958.6318,2.0372,26.7,FALSE,4.2,0,300
2920,2016/10/12 0:30,130.6099467,46.3272165,5133396.788,392958.855,0.926,187.9,FALSE,4.2,0,300
2921,2016/10/12 0:30,130.6099497,46.327216,5133396.728,392959.085,0.3704,330.2,FALSE,4.2,0,300
2922,2016/10/12 0:30,130.609958,46.327228,5133398.05,392959.7499,0.3704,11.4,FALSE,4.2,0,300
2923,2016/10/12 0:30,130.6099598,46.32722867,5133398.123,392959.8921,0.5556,20.8,FALSE,4.2,0,300
2924,2016/10/12 0:30,130.6099607,46.32722533,5133397.75,392959.9503,0.3704,68,FALSE,4.2,0,300
2925,2016/10/12 0:30,130.6099643,46.32723167,5133398.45,392960.2445,1.4816,28.9,FALSE,4.2,0,300
2926,2016/10/12 0:30,130.6099652,46.3272345,5133398.763,392960.3147,0.5556,1,FALSE,4.2,0,300
2927,2016/10/12 0:30,130.6099603,46.32723267,5133398.566,392959.9384,0,260.6,FALSE,4.2,0,300
2928,2016/10/12 0:30,130.6099593,46.32723117,5133398.401,392959.8585,0,0,FALSE,4.2,0,300
2929,2016/10/12 0:30,130.6099612,46.32722917,5133398.176,392959.9963,0.5556,156.6,FALSE,4.2,0,300
2930,2016/10/12 0:30,130.6099602,46.32722817,5133398.066,392959.9173,0,0,FALSE,4.2,0,300
2931,2016/10/12 0:30,130.6099607,46.32722467,5133397.677,392959.949,0,0,FALSE,4.2,0,300
2932,2016/10/12 0:30,130.6099657,46.3272235,5133397.54,392960.3317,0.7408,128,FALSE,4.2,0,300
2933,2016/10/12 0:30,130.609966,46.32722317,5133397.503,392960.3565,0.7408,15.4,FALSE,4.2,0,300
2934,2016/10/12 0:31,130.6099695,46.32722433,5133397.627,392960.6283,0,0,FALSE,4.2,0,300
2935,2016/10/12 0:31,130.6099693,46.327223,5133397.479,392960.6126,0,0,FALSE,4.2,0,300
2936,2016/10/12 0:31,130.6099643,46.32721633,5133396.745,392960.2146,2.0372,215.5,FALSE,4.2,0,300
2937,2016/10/12 0:31,130.6099612,46.327216,5133396.712,392959.9706,1.1112,213.6,FALSE,4.2,0,300
2938,2016/10/12 0:31,130.6099622,46.32720717,5133395.729,392960.0304,1.1112,188.2,FALSE,4.2,0,300
2939,2016/10/12 0:31,130.6099637,46.32719783,5133394.689,392960.1277,1.1112,169.6,FALSE,4.2,0,300
2940,2016/10/12 0:31,130.6099608,46.3271995,5133394.879,392959.9122,1.1112,231.1,FALSE,4.2,0,300
2941,2016/10/12 0:31,130.609963,46.32720267,5133395.228,392960.0855,1.2964,15.1,FALSE,4.2,0,300
2942,2016/10/12 0:31,130.609964,46.327204,5133395.375,392960.1651,0,0,FALSE,4.2,0,300
2943,2016/10/12 0:31,130.6099668,46.32720667,5133395.668,392960.3882,0.1852,51.6,FALSE,4.2,0,300
2944,2016/10/12 0:31,130.609966,46.32720767,5133395.78,392960.3263,1.1112,11.2,FALSE,4.2,0,300
2945,2016/10/12 0:31,130.6099645,46.327211,5133396.152,392960.2173,1.1112,13.5,FALSE,4.2,0,300
2946,2016/10/12 0:31,130.6099647,46.32720733,5133395.744,392960.2232,1.1112,175.6,FALSE,4.2,0,300
2947,2016/10/12 0:31,130.6099637,46.327206,5133395.597,392960.1436,0,0,FALSE,4.2,0,300
2948,2016/10/12 0:31,130.6099645,46.32720117,5133395.059,392960.1981,0,29.9,FALSE,4.2,0,300
2949,2016/10/12 0:32,130.6099628,46.3272015,5133395.098,392960.0701,0,0,FALSE,4.2,0,300
2950,2016/10/12 0:32,130.6099605,46.327201,5133395.046,392959.8897,0.7408,226.8,FALSE,4.2,0,300
2951,2016/10/12 0:32,130.60996,46.32720217,5133395.177,392959.8535,0,35.2,FALSE,4.2,0,300
2952,2016/10/12 0:32,130.6099605,46.327205,5133395.491,392959.8975,0,0,FALSE,4.2,0,300
2953,2016/10/12 0:32,130.6099605,46.3272115,5133396.213,392959.9102,0.1852,350.7,FALSE,4.2,0,300
2954,2016/10/12 0:32,130.6099608,46.32721167,5133396.231,392959.936,0.5556,195.1,FALSE,4.2,0,300
2955,2016/10/12 0:32,130.6099623,46.32722083,5133397.248,392960.0693,0,0,FALSE,4.2,0,300
2956,2016/10/12 0:32,130.6099643,46.32722833,5133398.079,392960.238,0,0,FALSE,4.2,0,300
2957,2016/10/12 0:32,130.6099652,46.32723033,5133398.3,392960.3066,0,0,FALSE,4.2,0,300
2958,2016/10/12 0:32,130.6099652,46.32722917,5133398.171,392960.3043,0,0,FALSE,4.2,0,300
2959,2016/10/12 0:32,130.609964,46.32722733,5133397.968,392960.2106,0.926,185.6,FALSE,4.2,0,300
2960,2016/10/12 0:32,130.6099637,46.327231,5133398.376,392960.1924,0,0,FALSE,4.2,0,300
2961,2016/10/12 0:32,130.6099652,46.3272345,5133398.763,392960.3147,0.5556,134.1,FALSE,4.2,0,300
2962,2016/10/12 0:32,130.6099635,46.32724467,5133399.896,392960.2059,0.926,3.3,FALSE,4.2,0,300
2963,2016/10/12 0:32,130.6099638,46.32724233,5133399.635,392960.2268,0,0,FALSE,4.2,0,300
2964,2016/10/12 0:33,130.6099642,46.32724867,5133400.34,392960.2653,0.5556,359.9,FALSE,4.2,0,300
2965,2016/10/12 0:33,130.6099645,46.32724683,5133400.135,392960.2872,0,0,FALSE,4.2,0,300
2966,2016/10/12 0:33,130.6099623,46.32724367,5133399.786,392960.1139,0,0,FALSE,4.2,0,300
2967,2016/10/12 0:33,130.6099583,46.32723967,5133399.347,392959.7981,0.926,214.5,FALSE,4.2,0,300
2968,2016/10/12 0:33,130.6099543,46.3272385,5133399.223,392959.4878,0.5556,249.2,FALSE,4.2,0,300
2969,2016/10/12 0:33,130.6099553,46.32724067,5133399.462,392959.569,1.1112,14.6,FALSE,4.2,0,300
2970,2016/10/12 0:33,130.6099547,46.32724017,5133399.408,392959.5172,0.5556,167.4,FALSE,4.2,0,300
2971,2016/10/12 0:33,130.6099518,46.32724183,5133399.596,392959.3018,0,0,FALSE,4.2,0,300
2972,2016/10/12 0:33,130.6099515,46.32723733,5133399.096,392959.2676,0.7408,155.5,FALSE,4.2,0,300
2973,2016/10/12 0:33,130.6099497,46.32723967,5133399.359,392959.1312,0,0,FALSE,4.2,0,300
2974,2016/10/12 0:33,130.609949,46.32723733,5133399.1,392959.0751,0.1852,227.5,FALSE,4.2,0,300
2975,2016/10/12 0:33,130.6099447,46.32723533,5133398.883,392958.7377,0.3704,236.1,FALSE,4.2,0,300
2976,2016/10/12 0:33,130.6099433,46.32723767,5133399.145,392958.6391,0,0,FALSE,4.2,0,300
2977,2016/10/12 0:33,130.6099435,46.3272395,5133399.348,392958.6558,0,0,FALSE,4.2,0,300
2978,2016/10/12 0:33,130.6099425,46.32724017,5133399.424,392958.5801,0,0,FALSE,4.2,0,300
2979,2016/10/12 0:34,130.6099422,46.32724167,5133399.591,392958.5576,0,0,FALSE,4.2,0,300
2980,2016/10/12 0:34,130.6099385,46.3272385,5133399.244,392958.2688,0,0,FALSE,4.2,0,300
2981,2016/10/12 0:34,130.6099403,46.32724167,5133399.594,392958.4159,1.6668,20.2,FALSE,4.2,0,300
2982,2016/10/12 0:34,130.6099397,46.32724017,5133399.428,392958.3622,0,0,FALSE,4.2,0,300
2983,2016/10/12 0:34,130.609938,46.3272405,5133399.467,392958.2342,0,0,FALSE,4.2,0,300
2984,2016/10/12 0:34,130.609936,46.32723767,5133399.155,392958.0747,0.926,182,FALSE,4.2,0,300
2985,2016/10/12 0:34,130.6099322,46.32723,5133398.308,392957.7648,1.1112,183.6,FALSE,4.2,0,300
2986,2016/10/12 0:34,130.6099288,46.32722883,5133398.182,392957.5053,0.5556,211.9,FALSE,4.2,0,300
2987,2016/10/12 0:34,130.6099312,46.32723183,5133398.512,392957.6913,0,345.2,FALSE,4.2,0,300
2988,2016/10/12 0:34,130.6099283,46.3272325,5133398.591,392957.474,0.7408,198.4,FALSE,4.2,0,300
2989,2016/10/12 0:34,130.6099225,46.32723133,5133398.469,392957.0227,0.5556,204.8,FALSE,4.2,0,300
2990,2016/10/12 0:34,130.609919,46.32722683,5133397.973,392956.7444,0,226.6,FALSE,4.2,0,300
2991,2016/10/12 0:34,130.6099187,46.32722183,5133397.418,392956.7093,0.1852,186.5,FALSE,4.2,0,300
2992,2016/10/12 0:34,130.6099178,46.32721183,5133396.307,392956.6251,1.1112,175,FALSE,4.2,0,300
2993,2016/10/12 0:34,130.6099158,46.32720467,5133395.514,392956.4571,0.3704,345.5,FALSE,4.2,0,300
2994,2016/10/12 0:35,130.6099185,46.3271995,5133394.936,392956.6526,0.1852,123.3,FALSE,4.2,0,300
2995,2016/10/12 0:35,130.6099203,46.32719917,5133394.897,392956.7929,0,83.3,FALSE,4.2,0,300
2996,2016/10/12 0:35,130.6099218,46.32719517,5133394.45,392956.9006,0.7408,355.5,FALSE,4.2,0,300
2997,2016/10/12 0:35,130.6099257,46.32719417,5133394.334,392957.1943,0.7408,207.1,FALSE,4.2,0,300
2998,2016/10/12 0:35,130.6099313,46.32719583,5133394.511,392957.6334,0.5556,49,FALSE,4.2,0,300
2999,2016/10/12 0:35,130.6099342,46.32719267,5133394.156,392957.846,0,209.7,FALSE,4.2,0,300
3000,2016/10/12 0:35,130.6099338,46.32718983,5133393.84,392957.8142,0.926,192.3,FALSE,4.2,0,300
3001,2016/10/12 0:35,130.6099388,46.3271875,5133393.575,392958.1947,0.7408,151.2,FALSE,4.2,0,300
3002,2016/10/12 0:35,130.610012,46.3271585,5133390.252,392963.7726,6.6672,121.9,TRUE,4.2,500,300
3003,2016/10/12 0:35,130.610085,46.32711717,5133385.559,392969.3133,7.5932,138.1,TRUE,4.2,500,300
3004,2016/10/12 0:35,130.610155,46.327077,5133381,392974.6252,6.1116,132.1,TRUE,4.2,500,300
3005,2016/10/12 0:35,130.6102202,46.32704817,5133377.707,392979.5874,5.7412,106.4,TRUE,4.2,500,300
3006,2016/10/12 0:35,130.6102992,46.32699867,5133372.098,392985.5742,7.0376,133.2,TRUE,4.2,500,300
3007,2016/10/12 0:35,130.6103767,46.32695633,5133367.287,392991.4595,7.778399,129.5,TRUE,4.2,500,300
3008,2016/10/12 0:35,130.6104535,46.32690683,5133361.681,392997.2792,6.8524,118.6,TRUE,4.2,500,300
3009,2016/10/12 0:36,130.610534,46.32686267,5133356.663,393003.392,6.8524,134.3,TRUE,4.2,500,300
3010,2016/10/12 0:36,130.6106135,46.326818,5133351.591,393009.4268,7.9636,125,TRUE,4.2,500,300
3011,2016/10/12 0:36,130.6107158,46.32675717,5133344.691,393017.1881,9.6304,127.2,TRUE,4.2,500,300
3012,2016/10/12 0:36,130.6108113,46.32669767,5133337.948,393024.426,8.889601,132.2,TRUE,4.2,500,300
3013,2016/10/12 0:36,130.610896,46.32664833,5133332.349,393030.8499,7.5932,128.8,TRUE,4.2,500,300
3014,2016/10/12 0:36,130.6109847,46.32659117,5133325.876,393037.5665,8.334,124.9,TRUE,4.2,500,300
3015,2016/10/12 0:36,130.6110792,46.32653017,5133318.968,393044.7246,9.26,129.5,TRUE,4.2,500,300
3016,2016/10/12 0:36,130.6111665,46.32648,5133313.273,393051.3517,7.408,122.1,TRUE,4.2,500,300
3017,2016/10/12 0:36,130.6112497,46.3264295,5133307.547,393057.6578,7.5932,128.7,TRUE,4.2,500,300
3018,2016/10/12 0:36,130.611348,46.32637433,5133301.282,393065.1222,9.0748,132,TRUE,4.2,500,300
3019,2016/10/12 0:36,130.6114448,46.32632317,5133295.465,393072.479,9.26,125.8,TRUE,4.2,500,300
3020,2016/10/12 0:36,130.6115473,46.3262645,5133288.805,393080.2577,9.26,133.3,TRUE,4.2,500,300
3021,2016/10/12 0:36,130.611642,46.326206,5133282.174,393087.4338,9.0748,133.7,TRUE,4.2,500,300
3022,2016/10/12 0:36,130.6117372,46.32615117,5133275.951,393094.6557,8.1488,135.3,TRUE,4.2,500,300
3023,2016/10/12 0:36,130.611816,46.32610183,5133270.36,393100.6299,7.2228,129.9,TRUE,4.2,500,300
3024,2016/10/12 0:37,130.6118915,46.32605783,5133265.367,393106.3581,6.6672,124.8,TRUE,4.2,490,300
3025,2016/10/12 0:37,130.6119885,46.326001,5133258.92,393113.717,8.519199,125.9,TRUE,4.2,500,300
3026,2016/10/12 0:37,130.612085,46.32594067,5133252.083,393121.0306,9.0748,133.6,TRUE,4.2,500,300
3027,2016/10/12 0:37,130.6121795,46.32588867,5133246.176,393128.2064,7.408,125.5,TRUE,4.2,500,300
3028,2016/10/12 0:37,130.6122762,46.32582933,5133239.449,393135.535,8.7044,130.8,TRUE,4.2,500,300
3029,2016/10/12 0:37,130.6123583,46.32578067,5133233.929,393141.7671,7.408,130.6,TRUE,4.2,500,300
3030,2016/10/12 0:37,130.6124478,46.3257315,5133228.343,393148.5634,8.1488,128.8,TRUE,4.2,500,300
3031,2016/10/12 0:37,130.6125407,46.32567117,5133221.512,393155.5952,9.4452,132.9,TRUE,4.2,500,300
3032,2016/10/12 0:37,130.6126287,46.32561933,5133215.631,393162.2708,7.9636,131.2,TRUE,4.2,500,300
3033,2016/10/12 0:37,130.6127247,46.325565,5133209.462,393169.5577,8.7044,133.2,TRUE,4.2,500,300
3034,2016/10/12 0:37,130.612827,46.3254995,5133202.043,393177.3103,9.8156,135.7,TRUE,4.2,500,300
3035,2016/10/12 0:37,130.6129193,46.32544233,5133195.564,393184.309,7.408,123.3,TRUE,4.2,500,300
3036,2016/10/12 0:37,130.6130133,46.32538467,5133189.028,393191.4354,9.0748,133.6,TRUE,4.2,500,300
3037,2016/10/12 0:37,130.613112,46.325327,5133182.485,393198.9215,9.6304,130,TRUE,4.2,500,300
3038,2016/10/12 0:37,130.6132078,46.3252725,5133176.297,393206.195,8.334,128.9,TRUE,4.2,500,300
3039,2016/10/12 0:38,130.613295,46.32521717,5133170.03,393212.8,7.408,129.3,TRUE,4.2,500,300
3040,2016/10/12 0:38,130.613396,46.32515583,5133163.075,393220.4584,9.8156,134.9,TRUE,4.2,500,300
3041,2016/10/12 0:38,130.613491,46.3250985,5133156.574,393227.6625,7.9636,131,TRUE,4.2,500,300
3042,2016/10/12 0:38,130.6135775,46.32504517,5133150.53,393234.2199,7.5932,127.3,TRUE,4.2,500,300
3043,2016/10/12 0:38,130.6136702,46.324985,5133143.717,393241.2391,9.0748,138.4,TRUE,4.2,500,300
3044,2016/10/12 0:38,130.6137733,46.32492833,5133137.278,393249.0729,9.26,129.8,TRUE,4.2,500,300
3045,2016/10/12 0:38,130.6138713,46.32487033,5133130.699,393256.5068,9.8156,134.3,TRUE,4.2,500,300
3046,2016/10/12 0:38,130.6139783,46.3248015,5133122.904,393264.6128,10.7416,137.8,TRUE,4.2,500,300
3047,2016/10/12 0:38,130.6140875,46.32473633,5133115.513,393272.8929,10.186,132.3,TRUE,4.2,500,300
3048,2016/10/12 0:38,130.6141908,46.3246765,5133108.723,393280.7338,8.519199,132.5,TRUE,4.2,500,300
3049,2016/10/12 0:38,130.6142868,46.32462883,5133103.295,393288.0339,9.6304,130.1,TRUE,4.2,500,300
3050,2016/10/12 0:38,130.614391,46.32457117,5133096.746,393295.9437,9.8156,133.1,TRUE,4.2,500,300
3051,2016/10/12 0:38,130.6145127,46.32450833,5133089.597,393305.191,10.3712,127,TRUE,4.2,500,300
3052,2016/10/12 0:38,130.6146267,46.32443833,5133081.662,393313.8339,10.7416,133.1,TRUE,4.2,500,300
3053,2016/10/12 0:38,130.6147355,46.32438067,5133075.106,393322.1026,8.889601,131.8,TRUE,4.2,500,300
3054,2016/10/12 0:39,130.6148435,46.324323,5133068.55,393330.3074,10.3712,126.4,TRUE,4.2,500,300
3055,2016/10/12 0:39,130.6149522,46.32425617,5133060.976,393338.546,10.3712,133.5,TRUE,4.2,500,300
3056,2016/10/12 0:39,130.6150638,46.32419067,5133053.544,393347.0175,10.186,127.7,TRUE,4.2,500,300
3057,2016/10/12 0:39,130.61518,46.32412233,5133045.792,393355.8307,11.2972,132.3,TRUE,4.2,500,300
3058,2016/10/12 0:39,130.6152988,46.324051,5133037.703,393364.8431,10.5564,130,TRUE,4.2,500,300
3059,2016/10/12 0:39,130.6154205,46.32397867,5133029.499,393374.0722,10.9268,128.6,TRUE,4.2,500,300
3060,2016/10/12 0:39,130.6155427,46.3239125,5133021.979,393383.3518,10.3712,126.9,TRUE,4.2,500,300
3061,2016/10/12 0:39,130.6156622,46.3238455,5133014.371,393392.4242,10.3712,129.5,TRUE,4.2,500,300
3062,2016/10/12 0:39,130.6157807,46.32378267,5133007.228,393401.4277,10.0008,128.6,TRUE,4.2,500,300
3063,2016/10/12 0:39,130.6158958,46.32371483,5132999.532,393410.1643,10.3712,126,TRUE,4.2,500,300
3064,2016/10/12 0:39,130.6160157,46.32364433,5132991.534,393419.2562,10.0008,129.5,TRUE,4.2,500,300
3065,2016/10/12 0:39,130.6161162,46.323587,5132985.026,393426.8843,7.408,129.7,TRUE,4.2,500,300
3066,2016/10/12 0:39,130.616198,46.323527,5132978.247,393433.0695,7.9636,137.9,TRUE,4.2,500,300
3067,2016/10/12 0:39,130.6162602,46.32348,5132972.939,393437.7659,6.1116,155.1,FALSE,4.2,0,300
3068,2016/10/12 0:39,130.6162208,46.32341067,5132965.285,393434.6017,5.9264,239.3,FALSE,4.2,0,300
3069,2016/10/12 0:40,130.6161497,46.32337733,5132961.675,393429.0569,5.556,255.4,FALSE,4.2,0,300
3070,2016/10/12 0:40,130.616074,46.32337233,5132961.221,393423.2199,6.1116,298.9,FALSE,4.2,0,300
3071,2016/10/12 0:40,130.616017,46.32340483,5132964.91,393418.8934,5.7412,310,FALSE,4.2,0,300
3072,2016/10/12 0:40,130.6159328,46.32345083,5132970.137,393412.5009,7.0376,303,TRUE,4.2,500,300
3073,2016/10/12 0:40,130.615846,46.323489,5132974.497,393405.8883,7.778399,306.6,TRUE,4.2,500,300
3074,2016/10/12 0:40,130.6157555,46.32353717,5132979.973,393399.0125,7.9636,308.1,TRUE,4.2,500,300
3075,2016/10/12 0:40,130.6156733,46.32357967,5132984.807,393392.7672,6.8524,307,TRUE,4.2,500,300
3076,2016/10/12 0:40,130.6155875,46.323635,5132991.073,393386.2649,8.519199,314.3,TRUE,4.2,500,300
3077,2016/10/12 0:40,130.6154955,46.32368533,5132996.792,393379.2779,8.519199,309.1,TRUE,4.2,500,300
3078,2016/10/12 0:40,130.6154078,46.32373683,5133002.634,393372.6265,8.1488,306.2,TRUE,4.2,500,300
3079,2016/10/12 0:40,130.6153157,46.32379433,5133009.15,393365.6411,9.26,316.7,TRUE,4.2,500,300
3080,2016/10/12 0:40,130.6152268,46.32384533,5133014.938,393358.8987,8.334,312,TRUE,4.2,500,300
3081,2016/10/12 0:40,130.6151478,46.32389917,5133021.029,393352.9196,6.8524,317.6,TRUE,4.2,500,300
3082,2016/10/12 0:40,130.6150747,46.32394583,5133026.314,393347.3763,7.9636,310,TRUE,4.2,500,300
3083,2016/10/12 0:40,130.6149895,46.32399867,5133032.303,393340.9202,7.9636,312.7,TRUE,4.2,500,300
3084,2016/10/12 0:41,130.6149023,46.32404483,5133037.551,393334.2971,7.0376,305.8,TRUE,4.2,500,300
3085,2016/10/12 0:41,130.6148173,46.32409717,5133043.483,393327.8531,7.408,310.9,TRUE,4.2,500,300
3086,2016/10/12 0:41,130.6147403,46.32415067,5133049.534,393322.0274,7.778399,321.3,TRUE,4.2,500,300
3087,2016/10/12 0:41,130.6146583,46.3241965,5133054.739,393315.8018,7.0376,311.9,TRUE,4.2,500,300
3088,2016/10/12 0:41,130.6145807,46.32424367,5133060.086,393309.913,7.9636,315,TRUE,4.2,500,300
3089,2016/10/12 0:41,130.6144877,46.324297,5133066.14,393302.8549,8.7044,310.4,TRUE,4.2,500,300
3090,2016/10/12 0:41,130.6143968,46.32435567,5133072.784,393295.9735,8.1488,316.1,TRUE,4.2,500,300
3091,2016/10/12 0:41,130.6143018,46.32440417,5133078.303,393288.7521,7.9636,301.7,TRUE,4.2,500,300
3092,2016/10/12 0:41,130.6142105,46.32446067,5133084.706,393281.8288,8.1488,309.9,TRUE,4.2,500,300
3093,2016/10/12 0:41,130.6141223,46.3245145,5133090.808,393275.1437,7.778399,312.3,TRUE,4.2,500,300
3094,2016/10/12 0:41,130.6140332,46.32456417,5133096.45,393268.3742,8.7044,305,TRUE,4.2,500,300
3095,2016/10/12 0:41,130.613935,46.32462017,5133102.807,393260.9233,8.889601,310.4,TRUE,4.2,500,300
3096,2016/10/12 0:41,130.6138443,46.324678,5133109.357,393254.0535,8.519199,313.5,TRUE,4.2,500,300
3097,2016/10/12 0:41,130.6137602,46.324728,5133115.028,393247.6697,6.8524,308.7,TRUE,4.2,500,300
3098,2016/10/12 0:41,130.6136695,46.3247835,5133121.32,393240.7954,9.0748,310.4,TRUE,4.2,500,300
3099,2016/10/12 0:42,130.6135782,46.324833,5133126.945,393233.8586,8.334,305.4,TRUE,4.2,500,300
3100,2016/10/12 0:42,130.61349,46.3248835,5133132.677,393227.1671,7.9636,309.5,TRUE,4.2,500,300
3101,2016/10/12 0:42,130.6134052,46.3249355,5133138.572,393220.7357,7.778399,311.4,TRUE,4.2,500,300
3102,2016/10/12 0:42,130.6133227,46.32498433,5133144.111,393214.4776,7.9636,310.7,TRUE,4.2,500,300
3103,2016/10/12 0:42,130.6132267,46.325043,5133150.762,393207.1991,9.26,311.8,TRUE,4.2,500,300
3104,2016/10/12 0:42,130.6131378,46.32509517,5133156.68,393200.4593,8.1488,310.9,TRUE,4.2,500,300
3105,2016/10/12 0:42,130.613055,46.32514817,5133162.683,393194.184,6.482,312.5,TRUE,4.2,500,300
3106,2016/10/12 0:42,130.612975,46.32519533,5133168.033,393188.1152,8.334,313.6,TRUE,4.2,500,300
3107,2016/10/12 0:42,130.6128958,46.32524767,5133173.958,393182.1204,7.408,311.6,TRUE,4.2,500,300
3108,2016/10/12 0:42,130.6127993,46.32530183,5133180.109,393174.7947,7.9636,308.5,TRUE,4.2,499,300
3109,2016/10/12 0:42,130.6127183,46.325353,5133185.906,393168.6567,7.9636,315.9,TRUE,4.2,500,300
3110,2016/10/12 0:42,130.612635,46.32540767,5133192.095,393162.3462,8.889601,313.8,TRUE,4.2,500,300
3111,2016/10/12 0:42,130.6125432,46.32545767,5133197.777,393155.372,8.1488,313.5,TRUE,4.2,500,300
3112,2016/10/12 0:42,130.6124563,46.32551583,5133204.359,393148.798,9.26,312.3,TRUE,4.2,500,300
3113,2016/10/12 0:42,130.6123897,46.3255605,5133209.414,393143.7517,6.2968,316.6,TRUE,4.2,426,300
3114,2016/10/12 0:43,130.6123047,46.325608,5133214.809,393137.2986,8.334,305.6,TRUE,4.2,500,300
3115,2016/10/12 0:43,130.6122172,46.32565033,5133219.632,393130.643,7.9636,305.5,TRUE,4.2,500,300
3116,2016/10/12 0:43,130.612128,46.32570167,5133225.459,393123.8763,8.519199,313.8,TRUE,4.2,500,300
3117,2016/10/12 0:43,130.6120588,46.32574283,5133230.127,393118.63,6.482,313.6,TRUE,4.2,500,300
3118,2016/10/12 0:43,130.611971,46.32579483,5133236.026,393111.9678,8.7044,315.7,TRUE,4.2,500,300
3119,2016/10/12 0:43,130.6118767,46.32584633,5133241.878,393104.8041,8.334,301.3,TRUE,4.2,500,300
3120,2016/10/12 0:43,130.6117873,46.32589667,5133247.594,393098.0224,6.8524,311.7,TRUE,4.2,500,300
3121,2016/10/12 0:43,130.6117073,46.32594767,5133253.371,393091.9613,8.1488,316.5,TRUE,4.2,363,300
3122,2016/10/12 0:43,130.6116178,46.3260005,5133259.364,393085.1722,7.778399,317.2,TRUE,4.2,494,300
3123,2016/10/12 0:43,130.611524,46.32604683,5133264.641,393078.037,7.408,310.7,TRUE,4.2,437,300
3124,2016/10/12 0:43,130.611439,46.3260975,5133270.388,393071.5902,7.778399,312,TRUE,4.2,500,300
3125,2016/10/12 0:43,130.6113607,46.32613933,5133275.143,393065.6399,5.9264,307.5,TRUE,4.2,419,300
3126,2016/10/12 0:43,130.6112803,46.326183,5133280.106,393059.5383,8.334,318.4,TRUE,4.2,500,300
3127,2016/10/12 0:43,130.6111858,46.326225,5133284.902,393052.3431,7.778399,301.4,FALSE,4.2,0,300
3128,2016/10/12 0:43,130.611104,46.326275,5133290.57,393046.1392,6.6672,310.2,TRUE,4.2,500,300
3129,2016/10/12 0:44,130.6110395,46.3263165,5133295.27,393041.2533,5.9264,317.3,TRUE,4.2,500,300
3130,2016/10/12 0:44,130.6109482,46.32637033,5133301.377,393034.3253,8.519199,313,TRUE,4.2,500,300
3131,2016/10/12 0:44,130.6108508,46.32642683,5133307.789,393026.9397,9.0748,313.6,TRUE,4.2,500,300
3132,2016/10/12 0:44,130.6107513,46.3264885,5133314.779,393019.3979,8.519199,311.8,TRUE,4.2,500,300
3133,2016/10/12 0:44,130.610656,46.32653533,5133320.113,393012.1483,7.0376,308,TRUE,4.2,500,300
3134,2016/10/12 0:44,130.610576,46.3265815,5133325.353,393006.0779,6.482,305.2,TRUE,4.2,500,300
3135,2016/10/12 0:44,130.6105055,46.32662117,5133329.858,393000.7264,5.7412,304.9,TRUE,4.2,421,300
3136,2016/10/12 0:44,130.6104237,46.32666517,5133334.859,392994.5109,7.2228,311.3,TRUE,4.2,500,300
3137,2016/10/12 0:44,130.6103588,46.326708,5133339.708,392989.6014,5.7412,316.4,TRUE,4.2,500,300
3138,2016/10/12 0:44,130.6102893,46.32673917,5133343.266,392984.3103,6.2968,304.8,TRUE,4.2,500,300
3139,2016/10/12 0:44,130.6102187,46.32678167,5133348.086,392978.952,6.8524,308,TRUE,4.2,500,300
3140,2016/10/12 0:44,130.6101478,46.326822,5133352.665,392973.5757,5.9264,311.4,TRUE,4.2,500,300
3141,2016/10/12 0:44,130.6100705,46.32686033,5133357.03,392967.6957,4.2596,304,TRUE,4.2,500,300
3142,2016/10/12 0:44,130.6100148,46.3268885,5133360.236,392963.4637,5.9264,311.7,TRUE,4.2,500,300
3143,2016/10/12 0:44,130.609936,46.32691517,5133363.307,392957.4455,6.2968,286.2,TRUE,4.2,500,300
3144,2016/10/12 0:45,130.6098743,46.32694833,5133367.077,392952.7613,4.0744,316.3,TRUE,4.2,500,300
3145,2016/10/12 0:45,130.609829,46.326972,5133369.769,392949.3169,4.4448,280.9,TRUE,4.2,500,300
3146,2016/10/12 0:45,130.6097725,46.3270025,5133373.235,392945.0256,3.1484,313.8,TRUE,4.2,115,300
3147,2016/10/12 0:45,130.609771,46.3270495,5133378.462,392945.0018,4.8152,26.2,FALSE,4.2,0,300
3148,2016/10/12 0:45,130.6098032,46.3270875,5133382.642,392947.5532,3.3336,29.8,FALSE,4.2,0,300
3149,2016/10/12 0:45,130.6098527,46.3271265,5133386.911,392951.441,4.2596,51.6,FALSE,4.2,0,300
3150,2016/10/12 0:45,130.6098947,46.327161,5133390.689,392954.7425,3.3336,64.9,FALSE,4.2,0,300
3151,2016/10/12 0:45,130.6099525,46.327161,5133390.61,392959.1957,4.0744,113.6,FALSE,4.2,0,300
3152,2016/10/12 0:45,130.6100085,46.32713867,5133388.053,392963.4644,5.7412,133.4,TRUE,4.2,500,300
3153,2016/10/12 0:45,130.61008,46.3271075,5133384.491,392968.9094,5.7412,129.4,TRUE,4.2,500,300
3154,2016/10/12 0:45,130.6101478,46.32707817,5133381.139,392974.0754,6.6672,136.1,TRUE,4.2,500,300
3155,2016/10/12 0:45,130.6102302,46.32703667,5133376.415,392980.335,7.5932,124.7,TRUE,4.2,500,300
3156,2016/10/12 0:45,130.6103148,46.32698983,5133371.094,392986.7628,7.9636,132.1,TRUE,4.2,500,300
3157,2016/10/12 0:45,130.6104062,46.32694717,5133366.229,392993.7132,7.9636,125.8,TRUE,4.2,500,300
3158,2016/10/12 0:45,130.6104887,46.326903,5133361.208,392999.98,7.778399,125.5,TRUE,4.2,500,300
3159,2016/10/12 0:46,130.610569,46.32686267,5133356.616,393006.0872,7.0376,132.2,TRUE,4.2,500,300
3160,2016/10/12 0:46,130.6106438,46.3268195,5133351.716,393011.7652,6.6672,125.5,TRUE,4.2,500,300
3161,2016/10/12 0:46,130.6107217,46.32678433,5133347.702,393017.6907,7.408,127.3,TRUE,4.2,500,300
3162,2016/10/12 0:46,130.6108125,46.3267305,5133341.596,393024.5801,8.1488,126.2,TRUE,4.2,500,300
3163,2016/10/12 0:46,130.6109,46.326685,5133336.42,393031.2294,8.1488,129,TRUE,4.2,500,300
3164,2016/10/12 0:46,130.6109845,46.32663483,5133330.729,393037.6385,7.5932,129.2,TRUE,4.2,500,300
3165,2016/10/12 0:46,130.6110805,46.32657783,5133324.264,393044.9199,8.889601,126.3,TRUE,4.2,500,300
3166,2016/10/12 0:46,130.6111787,46.32651917,5133317.611,393052.3652,9.26,132.4,TRUE,4.2,500,300
3167,2016/10/12 0:46,130.6112845,46.3264645,5133311.391,393060.4081,8.889601,127.1,TRUE,4.2,500,300
3168,2016/10/12 0:46,130.6113778,46.3264115,5133305.373,393067.4917,8.1488,128.2,TRUE,4.2,500,300
3169,2016/10/12 0:46,130.6114778,46.32635967,5133299.477,393075.0913,8.519199,135.6,TRUE,4.2,500,300
3170,2016/10/12 0:46,130.6115752,46.32630933,5133293.75,393082.4889,7.778399,116.9,TRUE,4.2,500,300
3171,2016/10/12 0:46,130.6116733,46.3262535,5133287.412,393089.939,8.7044,126.7,TRUE,4.2,500,300
3172,2016/10/12 0:46,130.6117682,46.32620233,5133281.596,393097.1425,6.8524,127.1,TRUE,4.2,500,300
3173,2016/10/12 0:46,130.6118377,46.3261645,5133277.297,393102.4207,7.2228,125,TRUE,4.2,500,300
3174,2016/10/12 0:47,130.6119363,46.3261095,5133271.05,393109.911,8.519199,128.8,TRUE,4.2,500,300
3175,2016/10/12 0:47,130.6120345,46.3260515,5133264.471,393117.3577,8.1488,128.5,TRUE,4.2,500,300
3176,2016/10/12 0:47,130.6121228,46.32600067,5133258.702,393124.0606,8.1488,136.1,TRUE,4.2,500,300
3177,2016/10/12 0:47,130.6122243,46.32594883,5133252.802,393131.7757,10.7416,126.4,TRUE,4.2,500,300
3178,2016/10/12 0:47,130.6123315,46.32588483,5133245.544,393139.9039,9.4452,122.3,TRUE,4.2,500,300
3179,2016/10/12 0:47,130.61244,46.32582133,5133238.339,393148.1354,8.7044,128,TRUE,4.2,500,300
3180,2016/10/12 0:47,130.61255,46.32576183,5133231.577,393156.4902,9.8156,126.7,TRUE,4.2,500,300
3181,2016/10/12 0:47,130.6126523,46.325711,5133225.789,393164.2713,8.519199,129.7,TRUE,4.2,500,300
3182,2016/10/12 0:47,130.6127475,46.3256515,5133219.046,393171.4842,9.26,129.7,TRUE,4.2,500,300
3183,2016/10/12 0:47,130.61286,46.32558333,5133211.317,393180.0147,9.8156,127.2,TRUE,4.2,500,300
3184,2016/10/12 0:47,130.612976,46.32551433,5133203.491,393188.8132,10.5564,131.5,TRUE,4.2,500,300
3185,2016/10/12 0:47,130.6130897,46.325451,5133196.298,393197.4432,10.186,128.4,TRUE,4.2,500,300
3186,2016/10/12 0:47,130.613195,46.32539183,5133189.579,393205.4392,9.4452,131.8,TRUE,4.2,500,300
3187,2016/10/12 0:47,130.6132992,46.325333,5133182.899,393213.3465,9.0748,124.4,TRUE,4.2,500,300
3188,2016/10/12 0:47,130.6134043,46.325274,5133176.199,393221.3298,10.0008,134.4,TRUE,4.2,500,300
3189,2016/10/12 0:48,130.6135127,46.32521133,5133169.087,393229.5508,9.0748,128.8,TRUE,4.2,500,300
3190,2016/10/12 0:48,130.6136248,46.325142,5133161.229,393238.053,10.186,132.2,TRUE,4.2,500,300
3191,2016/10/12 0:48,130.6137385,46.32508233,5133154.443,393246.6903,9.6304,127.3,TRUE,4.2,500,300
3192,2016/10/12 0:48,130.6138563,46.32501367,5133146.653,393255.6306,10.5564,129.8,TRUE,4.2,500,300
3193,2016/10/12 0:48,130.6139593,46.32494433,5133138.806,393263.4274,9.4452,130,TRUE,4.2,500,300
3194,2016/10/12 0:48,130.6140648,46.3248835,5133131.902,393271.4334,10.0008,128.1,TRUE,4.2,500,300
3195,2016/10/12 0:48,130.6141765,46.32481683,5133124.341,393279.9032,10.5564,130.2,TRUE,4.2,500,300
3196,2016/10/12 0:48,130.6142853,46.32475083,5133116.858,393288.1556,9.26,129.3,TRUE,4.2,500,300
3197,2016/10/12 0:48,130.6143925,46.32468533,5133109.433,393296.2812,10.3712,133.3,TRUE,4.2,500,300
3198,2016/10/12 0:48,130.6145012,46.32461667,5133101.655,393304.5161,10.0008,125.4,TRUE,4.2,500,300
3199,2016/10/12 0:48,130.6146157,46.32454617,5133093.664,393313.1965,10.7416,129.7,TRUE,4.2,500,300
3200,2016/10/12 0:48,130.6147313,46.32448033,5133086.19,393321.9752,10.9268,132.4,TRUE,4.2,500,300
3201,2016/10/12 0:48,130.614849,46.32441367,5133078.622,393330.9072,10.5564,129.4,TRUE,4.2,500,300
3202,2016/10/12 0:48,130.6149697,46.32434183,5133070.474,393340.0601,10.3712,131.2,TRUE,4.2,500,300
3203,2016/10/12 0:48,130.615092,46.32426917,5133062.232,393349.3394,10.7416,128.4,TRUE,4.2,500,300
3204,2016/10/12 0:49,130.615216,46.324194,5133053.71,393358.7423,10.9268,127.8,TRUE,4.2,500,300
3205,2016/10/12 0:49,130.6153342,46.32411867,5133045.177,393367.6961,10.186,131.4,TRUE,4.2,500,300
3206,2016/10/12 0:49,130.6154465,46.32404817,5133037.189,393376.2095,9.8156,133.3,TRUE,4.2,500,300
3207,2016/10/12 0:49,130.6155523,46.32398183,5133029.673,393384.2304,9.4452,129,TRUE,4.2,500,300
3208,2016/10/12 0:49,130.6156707,46.32391117,5133021.659,393393.2064,11.112,136.2,TRUE,4.2,500,300
3209,2016/10/12 0:49,130.6157933,46.32384,5133013.583,393402.514,11.2972,132.3,TRUE,4.2,500,300
3210,2016/10/12 0:49,130.6159162,46.32376633,5133005.229,393411.8307,11.112,127.2,TRUE,4.2,500,300
3211,2016/10/12 0:49,130.616032,46.32368517,5132996.052,393420.5931,11.2972,130.8,TRUE,4.2,500,300
3212,2016/10/12 0:49,130.6161448,46.32360217,5132986.674,393429.1209,11.4824,135.4,TRUE,4.2,500,300
3213,2016/10/12 0:49,130.6162283,46.323532,5132978.762,393435.4149,7.5932,140.7,TRUE,4.2,500,300
3214,2016/10/12 0:49,130.6162705,46.32349667,5132974.778,393438.5938,4.63,139.6,TRUE,4.2,500,300
3215,2016/10/12 0:49,130.6163135,46.323455,5132970.088,393441.8243,8.1488,144.3,TRUE,4.2,500,300
3216,2016/10/12 0:49,130.6163135,46.32342033,5132966.234,393441.7569,3.704,195,FALSE,4.2,0,300
3217,2016/10/12 0:49,130.61626,46.323391,5132963.046,393437.5799,6.1116,238.2,FALSE,4.2,0,300
3218,2016/10/12 0:49,130.6161833,46.32336167,5132959.889,393431.6186,6.1116,247.8,FALSE,4.2,0,300
3219,2016/10/12 0:50,130.6161058,46.32333717,5132957.27,393425.6028,6.2968,252.5,FALSE,4.2,0,300
3220,2016/10/12 0:50,130.6160267,46.323341,5132957.802,393419.5141,6.2968,297.5,FALSE,4.2,0,300
3221,2016/10/12 0:50,130.615953,46.323379,5132962.125,393413.9146,8.7044,308.1,TRUE,4.2,430,300
3222,2016/10/12 0:50,130.6159247,46.323395,5132963.942,393411.764,1.1112,280.8,TRUE,4.2,500,300
3223,2016/10/12 0:50,130.615852,46.323436,5132968.597,393406.2474,8.519199,312,TRUE,4.2,500,300
3224,2016/10/12 0:50,130.6157623,46.32347983,5132973.59,393399.4271,7.408,302,TRUE,4.2,500,300
3225,2016/10/12 0:50,130.6156837,46.32353433,5132979.754,393393.4754,6.8524,309.9,TRUE,4.2,500,300
3226,2016/10/12 0:50,130.6156003,46.32358333,5132985.313,393387.1526,8.7044,313.4,TRUE,4.2,500,300
3227,2016/10/12 0:50,130.6155113,46.32363867,5132991.584,393380.4063,8.334,306.9,TRUE,4.2,500,300
3228,2016/10/12 0:50,130.6154267,46.32369317,5132997.756,393373.9926,6.482,312.4,TRUE,4.2,500,300
3229,2016/10/12 0:50,130.6153388,46.32374283,5133003.394,393367.3246,8.1488,303.7,TRUE,4.2,500,300
3230,2016/10/12 0:50,130.6152493,46.32379967,5133009.833,393360.5427,8.1488,314,TRUE,4.2,500,300
3231,2016/10/12 0:50,130.6151585,46.323854,5133015.994,393353.6535,9.0748,315.7,TRUE,4.2,500,300
3232,2016/10/12 0:50,130.6150878,46.32391517,5133022.889,393348.3302,7.408,319.9,TRUE,4.2,500,300
3233,2016/10/12 0:50,130.6150033,46.32396533,5133028.578,393341.9204,7.2228,302.2,TRUE,4.2,500,300
3234,2016/10/12 0:51,130.614923,46.32401617,5133034.337,393335.8331,7.408,312.3,TRUE,4.2,500,300
3235,2016/10/12 0:51,130.614842,46.324066,5133039.985,393329.6923,7.5932,307.7,TRUE,4.2,500,300
3236,2016/10/12 0:51,130.6147618,46.3241095,5133044.929,393323.603,6.2968,312.1,TRUE,4.2,500,300
3237,2016/10/12 0:51,130.6146857,46.32414683,5133049.181,393317.8106,7.2228,315.8,TRUE,4.2,500,300
3238,2016/10/12 0:51,130.6146072,46.3241825,5133053.251,393311.8348,6.1116,303,TRUE,4.2,406,300
3239,2016/10/12 0:51,130.6145313,46.32422533,5133058.114,393306.0777,7.9636,307.8,TRUE,4.2,457,300
3240,2016/10/12 0:51,130.61444,46.324284,5133064.759,393299.1586,8.7044,313.2,TRUE,4.2,500,300
3241,2016/10/12 0:51,130.6143528,46.3243285,5133069.823,393292.5323,7.408,303,TRUE,4.2,500,300
3242,2016/10/12 0:51,130.614255,46.32439483,5133077.328,393285.1276,9.0748,314.2,TRUE,4.2,500,300
3243,2016/10/12 0:51,130.6141603,46.32444767,5133083.329,393277.94,7.9636,297.6,TRUE,4.2,500,300
3244,2016/10/12 0:51,130.6140642,46.32450783,5133090.145,393270.6519,8.7044,308.2,TRUE,4.2,500,300
3245,2016/10/12 0:51,130.6139693,46.32456267,5133096.369,393263.4551,8.889601,310.6,TRUE,4.2,500,300
3246,2016/10/12 0:51,130.6138707,46.32462667,5133103.616,393255.982,9.6304,314.2,TRUE,4.2,500,300
3247,2016/10/12 0:51,130.6137697,46.3246775,5133109.402,393248.3031,8.519199,307.5,TRUE,4.2,500,300
3248,2016/10/12 0:51,130.6136652,46.32472667,5133115.008,393240.3514,9.26,310.4,TRUE,4.2,500,300
3249,2016/10/12 0:52,130.613566,46.3247845,5133121.57,393232.8271,8.7044,307.6,TRUE,4.2,500,300
3250,2016/10/12 0:52,130.6134757,46.32484283,5133128.176,393225.9844,8.519199,309.9,TRUE,4.2,500,300
3251,2016/10/12 0:52,130.613377,46.32489767,5133134.405,393218.4928,8.519199,307.4,TRUE,4.2,500,300
3252,2016/10/12 0:52,130.61328,46.32495817,5133141.26,393211.1408,8.7044,316.5,TRUE,4.2,500,300
3253,2016/10/12 0:52,130.61319,46.32500133,5133146.179,393204.2941,6.6672,304.5,TRUE,4.2,500,300
3254,2016/10/12 0:52,130.6131073,46.32504633,5133151.293,393198.0155,7.5932,304.2,TRUE,4.2,500,300
3255,2016/10/12 0:52,130.613013,46.32509667,5133157.016,393190.8494,8.334,308.2,TRUE,4.2,500,300
3256,2016/10/12 0:52,130.612932,46.325147,5133162.719,393184.7098,8.334,315.3,TRUE,4.2,500,300
3257,2016/10/12 0:52,130.6128445,46.3252055,5133169.34,393178.0855,8.7044,312.1,TRUE,4.2,500,300
3258,2016/10/12 0:52,130.6127613,46.32525933,5133175.436,393171.7856,8.1488,308.4,TRUE,4.2,500,300
3259,2016/10/12 0:52,130.6126712,46.325313,5133181.523,393164.9472,7.778399,312.9,TRUE,4.2,500,300
3260,2016/10/12 0:52,130.6125953,46.32535183,5133185.941,393159.1826,6.2968,302.5,TRUE,4.2,500,300
3261,2016/10/12 0:52,130.6125128,46.32539817,5133191.204,393152.9197,7.408,305,TRUE,4.2,500,300
3262,2016/10/12 0:52,130.6124282,46.32545533,5133197.672,393146.5116,8.7044,313.8,TRUE,4.2,500,300
3263,2016/10/12 0:52,130.6123513,46.3255,5133202.741,393140.6814,7.5932,309.9,TRUE,4.2,500,300
3264,2016/10/12 0:53,130.6122612,46.32554733,5133208.123,393133.8307,7.0376,308.7,TRUE,4.2,500,300
3265,2016/10/12 0:53,130.6121842,46.32559133,5133213.118,393127.9869,6.8524,308.6,TRUE,4.2,500,300
3266,2016/10/12 0:53,130.6120997,46.32564067,5133218.717,393121.5759,8.519199,310.3,TRUE,4.2,500,300
3267,2016/10/12 0:53,130.6119997,46.32569417,5133224.798,393113.9795,9.0748,309.7,TRUE,4.2,500,300
3268,2016/10/12 0:53,130.6119077,46.32574683,5133230.776,393106.9974,8.889601,315.9,TRUE,4.2,500,300
3269,2016/10/12 0:53,130.6118262,46.32578967,5133235.648,393100.8049,7.2228,318.2,TRUE,4.2,500,300
3270,2016/10/12 0:53,130.6117312,46.32584217,5133241.612,393093.5916,8.889601,310.2,TRUE,4.2,500,300
3271,2016/10/12 0:53,130.6116318,46.3258955,5133247.674,393086.0457,8.334,310.4,TRUE,4.2,500,300
3272,2016/10/12 0:53,130.6115543,46.32593167,5133251.799,393080.1482,5.1856,300.1,TRUE,4.2,482,300
3273,2016/10/12 0:53,130.6114803,46.3259665,5133255.771,393074.5176,6.8524,302.8,TRUE,4.2,456,300
3274,2016/10/12 0:53,130.611391,46.3260105,5133260.782,393067.7244,7.408,310.4,TRUE,4.2,500,300
3275,2016/10/12 0:53,130.6113193,46.32605067,5133265.344,393062.2836,6.482,303.8,TRUE,4.2,493,300
3276,2016/10/12 0:53,130.6112473,46.32609167,5133269.999,393056.8191,6.8524,303.9,TRUE,4.2,376,300
3277,2016/10/12 0:53,130.6111573,46.32614883,5133276.474,393050,8.889601,313,TRUE,4.2,438,300
3278,2016/10/12 0:53,130.6110607,46.326203,5133282.626,393042.6622,7.778399,311.4,TRUE,4.2,416,300
3279,2016/10/12 0:54,130.6109857,46.32624833,5133287.766,393036.9751,5.9264,312,TRUE,4.2,500,300
3280,2016/10/12 0:54,130.6109072,46.326297,5133293.282,393031.0251,7.5932,308.5,TRUE,4.2,500,300
3281,2016/10/12 0:54,130.6108205,46.326346,5133298.845,393024.4465,6.8524,301.7,TRUE,4.2,500,300
3282,2016/10/12 0:54,130.610749,46.32639233,5133304.092,393019.031,6.2968,306.8,TRUE,4.2,500,300
3283,2016/10/12 0:54,130.6106605,46.32643567,5133309.029,393012.3005,7.778399,311.1,TRUE,4.2,500,300
3284,2016/10/12 0:54,130.6105743,46.3264875,5133314.907,393005.766,7.2228,312.3,TRUE,4.2,500,300
3285,2016/10/12 0:54,130.6104883,46.32653917,5133320.766,392999.2443,7.5932,309.3,TRUE,4.2,500,300
3286,2016/10/12 0:54,130.6104068,46.326591,5133326.637,392993.0694,8.519199,315.6,TRUE,4.2,500,300
3287,2016/10/12 0:54,130.6103323,46.32663483,5133331.61,392987.418,6.2968,315.9,TRUE,4.2,500,300
3288,2016/10/12 0:54,130.6102613,46.326675,5133336.171,392982.029,7.2228,311.1,TRUE,4.2,500,300
3289,2016/10/12 0:54,130.610173,46.3267235,5133341.682,392975.3218,7.9636,308.6,TRUE,4.2,500,300
3290,2016/10/12 0:54,130.6100812,46.32677833,5133347.9,392968.3573,8.1488,307.2,TRUE,4.2,500,300
3291,2016/10/12 0:54,130.6099967,46.32684483,5133355.407,392961.9801,8.7044,314.8,TRUE,4.2,500,300
3292,2016/10/12 0:54,130.6098953,46.32690083,5133361.768,392954.2857,8.519199,305.4,TRUE,4.2,500,300
3293,2016/10/12 0:54,130.6098553,46.3269215,5133364.12,392951.2459,0,258.3,FALSE,4.2,0,300
3294,2016/10/12 0:55,130.6098495,46.32692517,5133364.536,392950.8041,1.852,312.1,TRUE,4.2,500,300
3295,2016/10/12 0:55,130.6097932,46.3269555,5133367.983,392946.5256,4.2596,304.5,TRUE,4.2,500,300
3296,2016/10/12 0:55,130.6097527,46.32696267,5133368.835,392943.4209,3.5188,294.8,TRUE,4.2,244,300
3297,2016/10/12 0:55,130.609741,46.32696617,5133369.24,392942.5291,2.2224,53.5,TRUE,4.2,269,300
3298,2016/10/12 0:55,130.6097735,46.32697367,5133370.03,392945.0463,2.5928,63.3,FALSE,4.2,0,300
3299,2016/10/12 0:55,130.6097983,46.32698683,5133371.459,392946.9841,2.0372,44.1,TRUE,4.2,110,300
3300,2016/10/12 0:55,130.609781,46.32698,5133370.723,392945.6362,5.0004,225.3,FALSE,4.2,0,300
3301,2016/10/12 0:55,130.6097842,46.32692117,5133364.179,392945.7656,6.482,141,FALSE,4.2,0,300
3302,2016/10/12 0:55,130.6098493,46.3268945,5133361.127,392950.7312,6.2968,116.8,TRUE,4.2,500,300
3303,2016/10/12 0:55,130.6099232,46.32686167,5133357.378,392956.3531,5.556,123.7,TRUE,4.2,500,300
3304,2016/10/12 0:55,130.6099872,46.3268325,5133354.049,392961.2245,6.6672,130.7,TRUE,4.2,500,300
3305,2016/10/12 0:55,130.6100765,46.32678317,5133348.445,392968.0072,7.5932,124.4,TRUE,4.2,500,300
3306,2016/10/12 0:55,130.6101532,46.32673967,5133343.506,392973.8263,7.0376,128.7,TRUE,4.2,500,300
3307,2016/10/12 0:55,130.6102417,46.32669067,5133337.94,392980.5457,8.334,126.9,TRUE,4.2,500,300
3308,2016/10/12 0:55,130.6103172,46.32665183,5133333.52,392986.2838,6.482,133.5,TRUE,4.2,500,300
3309,2016/10/12 0:56,130.6104112,46.326603,5133327.965,392993.427,8.889601,126.6,TRUE,4.2,500,300
3310,2016/10/12 0:56,130.610498,46.32654917,5133321.865,393000.0084,7.5932,131.5,TRUE,4.2,500,300
3311,2016/10/12 0:56,130.610585,46.3265025,5133316.559,393006.6169,8.334,126.3,TRUE,4.2,500,300
3312,2016/10/12 0:56,130.6106877,46.32644767,5133310.326,393014.4161,10.0008,129.7,TRUE,4.2,500,300
3313,2016/10/12 0:56,130.6107915,46.32639183,5133303.979,393022.3027,9.26,133.1,TRUE,4.2,500,300
3314,2016/10/12 0:56,130.6108928,46.32632967,5133296.933,393029.9845,9.6304,134.4,TRUE,4.2,500,300
3315,2016/10/12 0:56,130.6109962,46.32626067,5133289.123,393037.8078,10.5564,131.1,TRUE,4.2,500,300
3316,2016/10/12 0:56,130.6111037,46.32620117,5133282.364,393045.9699,10.0008,131.7,TRUE,4.2,500,300
3317,2016/10/12 0:56,130.6112222,46.3261405,5133275.46,393054.9768,10.186,125.6,TRUE,4.2,500,300
3318,2016/10/12 0:56,130.61133,46.32608117,5133268.72,393063.1647,9.8156,128,TRUE,4.2,500,300
3319,2016/10/12 0:56,130.6114365,46.3260225,5133262.055,393071.2515,9.26,123.9,TRUE,4.2,500,300
3320,2016/10/12 0:56,130.611541,46.32596267,5133255.263,393079.1821,8.7044,128.4,TRUE,4.2,500,300
3321,2016/10/12 0:56,130.6116432,46.3259085,5133249.104,393086.9443,9.0748,120.9,TRUE,4.2,500,300
3322,2016/10/12 0:56,130.611752,46.32584367,5133241.751,393095.1985,10.3712,132.7,TRUE,4.2,500,300
3323,2016/10/12 0:56,130.6118463,46.3257915,5133235.824,393102.3609,7.2228,129.5,TRUE,4.2,500,300
3324,2016/10/12 0:57,130.6119342,46.32574617,5133230.667,393109.0368,8.7044,127.6,TRUE,4.2,500,300
3325,2016/10/12 0:57,130.6120383,46.32567883,5133223.041,393116.9266,9.8156,130,TRUE,4.2,500,300
3326,2016/10/12 0:57,130.6121532,46.32561417,5133215.699,393125.6441,10.5564,130.8,TRUE,4.2,500,300
3327,2016/10/12 0:57,130.6122618,46.32554683,5133208.067,393133.8805,9.8156,131.8,TRUE,4.2,447,300
3328,2016/10/12 0:57,130.6123702,46.32548817,5133201.4,393142.1092,10.0008,131.5,TRUE,4.2,500,300
3329,2016/10/12 0:57,130.6124757,46.32542617,5133194.366,393150.1127,9.26,131.1,TRUE,4.2,500,300
3330,2016/10/12 0:57,130.612581,46.325375,5133188.536,393158.1242,9.0748,125.8,TRUE,4.2,500,300
3331,2016/10/12 0:57,130.6126945,46.3253125,5133181.436,393166.7428,10.186,128.4,TRUE,4.2,500,300
3332,2016/10/12 0:57,130.6128082,46.325245,5133173.78,393175.3648,10.186,132.2,TRUE,4.2,500,300
3333,2016/10/12 0:57,130.6129128,46.32517683,5133166.061,393183.2916,10.186,129.4,TRUE,4.2,500,300
3334,2016/10/12 0:57,130.613015,46.32511533,5133159.087,393191.0397,9.0748,136.8,TRUE,4.2,500,300
3335,2016/10/12 0:57,130.6131165,46.32506067,5133152.874,393198.7496,8.889601,125.1,TRUE,4.2,500,300
3336,2016/10/12 0:57,130.6132278,46.324993,5133145.202,393207.1911,9.6304,130.4,TRUE,4.2,500,300
3337,2016/10/12 0:57,130.6133437,46.324926,5133137.599,393215.9813,10.0008,120.4,TRUE,4.2,500,300
3338,2016/10/12 0:57,130.6134558,46.32486033,5133130.148,393224.4907,10.5564,131.3,TRUE,4.2,500,300
3339,2016/10/12 0:58,130.6135717,46.32479483,5133122.711,393233.2838,10.3712,130.8,TRUE,4.2,500,300
3340,2016/10/12 0:58,130.6136833,46.3247265,5133114.965,393241.7495,9.8156,120.5,TRUE,4.2,500,300
3341,2016/10/12 0:58,130.6137988,46.32466267,5133107.714,393250.5198,10.186,126.9,TRUE,4.2,500,300
3342,2016/10/12 0:58,130.6139002,46.32460367,5133101.02,393258.209,9.0748,132,TRUE,4.2,500,300
3343,2016/10/12 0:58,130.6140118,46.32453867,5133093.644,393266.6813,10.5564,133.1,TRUE,4.2,500,300
3344,2016/10/12 0:58,130.6141282,46.32446583,5133085.391,393275.4987,10.5564,131,TRUE,4.2,500,300
3345,2016/10/12 0:58,130.6142372,46.32440067,5133078.001,393283.7659,10.186,127.7,TRUE,4.2,500,300
3346,2016/10/12 0:58,130.6143512,46.32432633,5133069.584,393292.4003,11.112,132.9,TRUE,4.2,500,300
3347,2016/10/12 0:58,130.6144642,46.32425817,5133061.855,393300.9697,10.7416,133.6,TRUE,4.2,500,300
3348,2016/10/12 0:58,130.6145773,46.32419583,5133054.773,393309.5628,10.0008,127.8,TRUE,4.2,500,300
3349,2016/10/12 0:58,130.6146875,46.3241335,5133047.696,393317.9256,10.3712,130.8,TRUE,4.2,500,300
3350,2016/10/12 0:58,130.614805,46.32406517,5133039.943,393326.8413,10.3712,131.9,TRUE,4.2,500,300
3351,2016/10/12 0:58,130.6149245,46.32398983,5133031.407,393335.8974,10.5564,129.6,TRUE,4.2,500,300
3352,2016/10/12 0:58,130.6150433,46.32392283,5133023.8,393344.9182,10.3712,130.8,TRUE,4.2,500,300
3353,2016/10/12 0:58,130.6151612,46.323851,5133015.657,393353.8533,10.3712,130,TRUE,4.2,500,300
3354,2016/10/12 0:59,130.6152683,46.32378217,5133007.862,393361.9719,9.8156,130.4,TRUE,4.2,500,300
3355,2016/10/12 0:59,130.6153743,46.323713,5133000.03,393370.0004,10.3712,134,TRUE,4.2,500,300
3356,2016/10/12 0:59,130.6154842,46.32364567,5132992.398,393378.3283,10.186,135.1,TRUE,4.2,500,300
3357,2016/10/12 0:59,130.6156013,46.32358033,5132984.978,393387.2238,10.0008,128.3,TRUE,4.2,500,300
3358,2016/10/12 0:59,130.6157213,46.32351417,5132977.462,393396.3364,10.5564,130.1,TRUE,4.2,500,300
3359,2016/10/12 0:59,130.6158445,46.32344033,5132969.089,393405.6782,11.4824,132.2,TRUE,4.2,500,300
3360,2016/10/12 0:59,130.6159363,46.32338683,5132963.018,393412.6461,7.408,130.9,TRUE,4.2,500,300
3361,2016/10/12 0:59,130.6160142,46.32334517,5132958.283,393418.5596,5.1856,131.4,TRUE,4.2,137,300
3362,2016/10/12 0:59,130.6160937,46.32334467,5132958.12,393424.6809,6.2968,67.8,FALSE,4.2,0,300
3363,2016/10/12 0:59,130.616178,46.3233655,5132960.322,393431.2156,6.482,73.4,FALSE,4.2,0,300
3364,2016/10/12 0:59,130.6162598,46.32339183,5132963.139,393437.5685,6.6672,58.9,FALSE,4.2,0,300
3365,2016/10/12 0:59,130.6163423,46.323422,5132966.381,393443.9804,6.2968,57.9,FALSE,4.2,0,300
3366,2016/10/12 0:59,130.6164287,46.32344167,5132968.451,393450.6676,6.1116,70.9,FALSE,4.2,0,300
3367,2016/10/12 0:59,130.616498,46.32348167,5132972.804,393456.0843,6.2968,37.8,FALSE,4.2,0,300
3368,2016/10/12 0:59,130.6165332,46.32354183,5132979.444,393458.9096,6.2968,5.4,FALSE,4.2,0,300
3369,2016/10/12 1:00,130.6165238,46.32360067,5132985.997,393458.3045,6.1116,346.4,FALSE,4.2,0,300
3370,2016/10/12 1:00,130.6164998,46.3236505,5132991.569,393456.5531,5.556,342.8,FALSE,4.2,0,300
3371,2016/10/12 1:00,130.616483,46.32370967,5132998.168,393455.3719,6.2968,335.4,FALSE,4.2,0,300
3372,2016/10/12 1:00,130.6164185,46.3237425,5133001.904,393450.4685,5.9264,291.3,TRUE,4.2,447,300
3373,2016/10/12 1:00,130.6163365,46.32378583,5133006.831,393444.2379,8.1488,313.1,TRUE,4.2,500,300
3374,2016/10/12 1:00,130.6162537,46.3238415,5133013.131,393437.9673,7.9636,310.8,TRUE,4.2,500,300
3375,2016/10/12 1:00,130.6161752,46.3238875,5133018.349,393432.0115,6.8524,309.8,TRUE,4.2,500,300
3376,2016/10/12 1:00,130.6160902,46.32394,5133024.299,393425.5676,8.889601,311.5,TRUE,4.2,500,300
3377,2016/10/12 1:00,130.6159838,46.323994,5133030.445,393417.4834,9.0748,306,TRUE,4.2,500,300
3378,2016/10/12 1:00,130.6158897,46.3240515,5133036.963,393410.3439,8.889601,309.1,TRUE,4.2,500,300
3379,2016/10/12 1:00,130.6157973,46.32410817,5133043.387,393403.343,9.4452,312.6,TRUE,4.2,500,300
3380,2016/10/12 1:00,130.615696,46.32416517,5133049.859,393395.6505,8.334,305.8,TRUE,4.2,500,300
3381,2016/10/12 1:00,130.6155978,46.3242205,5133056.141,393388.198,8.889601,308.2,TRUE,4.2,500,300
3382,2016/10/12 1:00,130.615502,46.32427417,5133062.236,393380.9226,9.4452,310.1,TRUE,4.2,500,300
3383,2016/10/12 1:00,130.6154033,46.324333,5133068.908,393373.4385,9.8156,313.7,TRUE,4.2,500,300
3384,2016/10/12 1:01,130.6152948,46.324393,5133075.724,393365.1996,9.8156,307.5,TRUE,4.2,500,300
3385,2016/10/12 1:01,130.6151862,46.32445033,5133082.243,393356.9433,9.8156,309,TRUE,4.2,500,300
3386,2016/10/12 1:01,130.6150777,46.32451,5133089.021,393348.7039,9.26,305.3,TRUE,4.2,500,300
3387,2016/10/12 1:01,130.6149697,46.32456883,5133095.706,393340.5014,9.8156,311.9,TRUE,4.2,500,300
3388,2016/10/12 1:01,130.6148583,46.3246335,5133103.044,393332.053,10.0008,306.4,TRUE,4.2,500,300
3389,2016/10/12 1:01,130.6147475,46.3247035,5133110.975,393323.6543,10.186,313.7,TRUE,4.2,500,300
3390,2016/10/12 1:01,130.6146412,46.324767,5133118.176,393315.5895,10.5564,312.4,TRUE,4.2,500,300
3391,2016/10/12 1:01,130.6145345,46.32483333,5133125.693,393307.5041,9.8156,308.6,TRUE,4.2,500,300
3392,2016/10/12 1:01,130.6144295,46.3248965,5133132.856,393299.5411,9.6304,307.9,TRUE,4.2,500,300
3393,2016/10/12 1:01,130.6143182,46.32495783,5133139.823,393291.0871,9.26,304.8,TRUE,4.2,500,300
3394,2016/10/12 1:01,130.614212,46.32501667,5133146.507,393283.0256,8.7044,305.5,TRUE,4.2,500,300
3395,2016/10/12 1:01,130.6141027,46.32507733,5133153.397,393274.7244,9.8156,307.7,TRUE,4.2,500,300
3396,2016/10/12 1:01,130.6139935,46.32513767,5133160.251,393266.4349,9.6304,309.1,TRUE,4.2,500,300
3397,2016/10/12 1:01,130.6138897,46.3251985,5133167.153,393258.5575,11.112,312.3,TRUE,4.2,500,300
3398,2016/10/12 1:01,130.613781,46.325261,5133174.246,393250.3108,8.334,304,TRUE,4.2,500,300
3399,2016/10/12 1:02,130.6136755,46.32531983,5133180.928,393242.301,9.6304,311,TRUE,4.2,500,300
3400,2016/10/12 1:02,130.6135678,46.3253825,5133188.039,393234.1316,9.6304,312.3,TRUE,4.2,500,300
3401,2016/10/12 1:02,130.6134585,46.325442,5133194.8,393225.8282,9.4452,307.6,TRUE,4.2,500,300
3402,2016/10/12 1:02,130.613349,46.32550683,5133202.154,393217.5221,9.8156,309.9,TRUE,4.2,500,300
3403,2016/10/12 1:02,130.6132423,46.325574,5133209.765,393209.4385,9.8156,313.2,TRUE,4.2,500,300
3404,2016/10/12 1:02,130.6131345,46.32563983,5133217.227,393201.263,10.186,310.4,TRUE,4.2,500,300
3405,2016/10/12 1:02,130.6130247,46.3257065,5133224.786,393192.9351,9.8156,311.9,TRUE,4.2,500,300
3406,2016/10/12 1:02,130.6129183,46.32576783,5133231.747,393184.8657,10.0008,311.9,TRUE,4.2,500,300
3407,2016/10/12 1:02,130.6128043,46.3258295,5133238.756,393176.207,10.3712,307.3,TRUE,4.2,500,300
3408,2016/10/12 1:02,130.6126907,46.32588517,5133245.097,393167.5629,10.186,308,TRUE,4.2,500,300
3409,2016/10/12 1:02,130.6125762,46.32595117,5133252.588,393158.8742,10.5564,308.4,TRUE,4.2,500,300
3410,2016/10/12 1:02,130.6124633,46.326017,5133260.057,393150.313,9.8156,306.7,TRUE,4.2,500,300
3411,2016/10/12 1:02,130.6123565,46.3260835,5133267.593,393142.2159,10.0008,309.3,TRUE,4.2,500,300
3412,2016/10/12 1:02,130.6122662,46.32614083,5133274.088,393135.3716,6.8524,307.9,TRUE,4.2,500,300
3413,2016/10/12 1:02,130.6121812,46.32619867,5133280.632,393128.9388,8.519199,312.9,TRUE,4.2,500,300
3414,2016/10/12 1:03,130.6120953,46.32625483,5133286.99,393122.438,7.5932,314.8,TRUE,4.2,500,300
3415,2016/10/12 1:03,130.612029,46.32629967,5133292.064,393117.4176,4.63,305.1,TRUE,4.2,500,300
3416,2016/10/12 1:03,130.611974,46.32633417,5133295.973,393113.2495,5.1856,317.9,TRUE,4.2,500,300
3417,2016/10/12 1:03,130.6119248,46.326372,5133300.244,393109.5368,4.63,313.7,TRUE,4.2,500,300
3418,2016/10/12 1:03,130.6118667,46.32641133,5133304.695,393105.1348,6.1116,314.5,TRUE,4.2,500,300
3419,2016/10/12 1:03,130.611795,46.32644667,5133308.72,393099.6846,5.556,305.4,TRUE,4.2,466,300
3420,2016/10/12 1:03,130.6117258,46.32649133,5133313.777,393094.4452,5.3708,312,TRUE,4.2,500,300
3421,2016/10/12 1:03,130.6116498,46.326543,5133319.623,393088.6935,7.0376,314.1,TRUE,4.2,500,300
3422,2016/10/12 1:03,130.6115647,46.32658733,5133324.666,393082.2221,6.482,302.8,TRUE,4.2,500,300
3423,2016/10/12 1:03,130.6115233,46.32660967,5133327.205,393079.0822,3.704,319,TRUE,4.2,500,300
3424,2016/10/12 1:03,130.611465,46.3266525,5133332.044,393074.6739,5.556,308.1,TRUE,4.2,500,300
3425,2016/10/12 1:03,130.6114048,46.3266875,5133336.016,393070.1088,5.1856,304.4,TRUE,4.2,500,300
3426,2016/10/12 1:03,130.6113293,46.32673,5133340.842,393064.3777,7.408,312.8,TRUE,4.2,500,300
3427,2016/10/12 1:03,130.6112605,46.32677383,5133345.807,393059.1629,6.2968,315.2,TRUE,4.2,500,300
3428,2016/10/12 1:03,130.611208,46.32680233,5133349.046,393055.1757,4.8152,315.2,TRUE,4.2,471,300
3429,2016/10/12 1:04,130.6111335,46.3268445,5133353.834,393049.521,7.0376,308.8,TRUE,4.2,420,300
3430,2016/10/12 1:04,130.6110442,46.32690283,5133360.438,393042.7558,8.7044,313,TRUE,4.2,343,300
3431,2016/10/12 1:04,130.6109458,46.326957,5133366.593,393035.2888,8.334,306.9,TRUE,4.2,500,300
3432,2016/10/12 1:04,130.6108592,46.3270105,5133372.656,393028.7199,8.1488,312.3,TRUE,4.2,500,300
3433,2016/10/12 1:04,130.6107893,46.32704817,5133376.938,393023.4153,5.9264,304.9,TRUE,4.2,500,300
3434,2016/10/12 1:04,130.6107125,46.327081,5133380.691,393017.5631,7.0376,300.9,TRUE,4.2,500,300
3435,2016/10/12 1:04,130.6106392,46.3271225,5133385.403,393011.9972,6.2968,315.7,TRUE,4.2,500,300
3436,2016/10/12 1:04,130.6105545,46.32716983,5133390.779,393005.5696,7.0376,304.8,TRUE,4.2,500,300
3437,2016/10/12 1:04,130.610482,46.327212,5133395.564,393000.069,6.2968,312.4,TRUE,4.2,500,300
3438,2016/10/12 1:04,130.6104032,46.327258,5133400.784,392994.0884,7.2228,313.2,TRUE,4.2,500,300
3439,2016/10/12 1:04,130.6103155,46.32730317,5133405.923,392987.4256,7.5932,306,TRUE,4.2,500,300
3440,2016/10/12 1:04,130.6102258,46.32734783,5133411.008,392980.6077,7.408,304.7,TRUE,4.2,500,300
3441,2016/10/12 1:04,130.610148,46.3274065,5133417.635,392974.7289,7.9636,316.3,TRUE,4.2,500,300
3442,2016/10/12 1:04,130.6100657,46.32744683,5133422.229,392968.4678,6.2968,306,TRUE,4.2,500,300
3443,2016/10/12 1:04,130.6100072,46.32747433,5133425.365,392964.0168,4.0744,296.6,TRUE,4.2,500,300
3444,2016/10/12 1:05,130.6099427,46.32747267,5133425.268,392959.0468,5.3708,251.4,FALSE,4.2,0,300
3445,2016/10/12 1:05,130.6099187,46.32742917,5133420.465,392957.1138,4.0744,180.2,FALSE,4.2,0,300
3446,2016/10/12 1:05,130.609901,46.32737167,5133414.097,392955.641,5.9264,201.2,FALSE,4.2,0,300
3447,2016/10/12 1:05,130.6098668,46.32732017,5133408.419,392952.9092,5.9264,205.9,FALSE,4.2,0,300
3448,2016/10/12 1:05,130.6098887,46.3272755,5133403.424,392954.5039,5.1856,148.3,FALSE,4.2,0,300
3449,2016/10/12 1:05,130.6099563,46.32724267,5133399.683,392959.6499,5.7412,131.5,TRUE,4.2,500,300
3450,2016/10/12 1:05,130.6100068,46.3272065,5133395.595,392963.4681,3.1484,140.3,TRUE,4.2,500,300
3451,2016/10/12 1:05,130.6100732,46.32717117,5133391.578,392968.5076,7.0376,134.3,TRUE,4.2,500,300
3452,2016/10/12 1:05,130.610143,46.32713117,5133387.037,392973.8068,6.6672,129.7,TRUE,4.2,500,300
3453,2016/10/12 1:05,130.6102132,46.32709317,5133382.718,392979.1361,6.2968,133.5,TRUE,4.2,500,300
3454,2016/10/12 1:05,130.6102762,46.32705567,5133378.465,392983.9143,5.556,131.2,TRUE,4.2,500,300
3455,2016/10/12 1:05,130.6103523,46.32701183,5133373.489,392989.6934,6.6672,130.3,TRUE,4.2,500,300
3456,2016/10/12 1:05,130.6104183,46.3269735,5133369.139,392994.701,5.7412,123.5,TRUE,4.2,500,300
3457,2016/10/12 1:05,130.6104843,46.32693283,5133364.529,392999.704,5.556,126.2,TRUE,4.2,500,300
3458,2016/10/12 1:05,130.6105432,46.32690483,5133361.337,393004.1803,4.4448,129.5,TRUE,4.2,500,300
3459,2016/10/12 1:06,130.6106057,46.32687167,5133357.567,393008.9285,5.7412,129.7,TRUE,4.2,500,300
3460,2016/10/12 1:06,130.6106765,46.32683533,5133353.432,393014.3119,6.1116,130.1,TRUE,4.2,500,300
3461,2016/10/12 1:06,130.6107537,46.32679633,5133348.993,393020.1783,6.2968,125.6,TRUE,4.2,500,300
3462,2016/10/12 1:06,130.610845,46.32674683,5133343.367,393027.1147,8.334,129.3,TRUE,4.2,500,300
3463,2016/10/12 1:06,130.6109292,46.326696,5133337.603,393033.4971,7.9636,130.9,TRUE,4.2,500,300
3464,2016/10/12 1:06,130.611018,46.3266445,5133331.759,393040.237,8.519199,135.7,TRUE,4.2,500,300
3465,2016/10/12 1:06,130.6111058,46.32659567,5133326.212,393046.9052,8.334,129.4,TRUE,4.2,500,300
3466,2016/10/12 1:06,130.6111958,46.326544,5133320.347,393053.735,8.334,131.8,TRUE,4.2,500,300
3467,2016/10/12 1:06,130.6112813,46.32649367,5133314.637,393060.2208,7.408,131.1,TRUE,4.2,500,300
3468,2016/10/12 1:06,130.6113627,46.326446,5133309.229,393066.3916,6.8524,127.5,TRUE,4.2,500,300
3469,2016/10/12 1:06,130.6114402,46.326403,5133304.344,393072.2757,7.0376,130.4,TRUE,4.2,500,300
3470,2016/10/12 1:06,130.6115285,46.326353,5133298.667,393078.9801,6.482,124.8,TRUE,4.2,500,300
3471,2016/10/12 1:06,130.6116023,46.32631367,5133294.196,393084.5888,5.9264,124.2,TRUE,4.2,500,300
3472,2016/10/12 1:06,130.6116793,46.3262735,5133289.627,393090.44,7.778399,127.7,TRUE,4.2,500,300
3473,2016/10/12 1:06,130.6117615,46.32622967,5133284.644,393096.6822,6.6672,124.3,TRUE,4.2,500,300
3474,2016/10/12 1:07,130.6118468,46.32618083,5133279.1,393103.1579,7.408,126,TRUE,4.2,500,300
3475,2016/10/12 1:07,130.6119288,46.32613217,5133273.58,393109.3776,7.2228,131.4,TRUE,4.2,500,300
3476,2016/10/12 1:07,130.6120148,46.3260845,5133268.166,393115.9072,7.408,128.8,TRUE,4.2,500,300
3477,2016/10/12 1:07,130.6121012,46.32602833,5133261.805,393122.4465,7.9636,132.8,TRUE,4.2,500,300
3478,2016/10/12 1:07,130.6121867,46.32598133,5133256.466,393128.939,7.408,125.4,TRUE,4.2,500,300
3479,2016/10/12 1:07,130.6122688,46.3259315,5133250.816,393135.1688,7.0376,131.6,TRUE,4.2,500,300
3480,2016/10/12 1:07,130.6123568,46.32588367,5133245.381,393141.8522,7.778399,125.5,TRUE,4.2,500,300
3481,2016/10/12 1:07,130.6124472,46.32583783,5133240.163,393148.7196,8.1488,126.7,TRUE,4.2,500,300
3482,2016/10/12 1:07,130.6125412,46.32578133,5133233.756,393155.8482,8.889601,133.5,TRUE,4.2,500,300
3483,2016/10/12 1:07,130.6126297,46.32572867,5133227.783,393162.5607,7.778399,131.8,TRUE,4.2,500,300
3484,2016/10/12 1:07,130.6127155,46.32567833,5133222.072,393169.0722,7.0376,131.9,TRUE,4.2,500,300
3485,2016/10/12 1:07,130.6127855,46.3256405,5133217.772,393174.389,6.482,129.8,TRUE,4.2,500,300
3486,2016/10/12 1:07,130.6128922,46.32558117,5133211.034,393182.4878,9.8156,130,TRUE,4.2,500,300
3487,2016/10/12 1:07,130.6129928,46.3255135,5133203.376,393190.1076,10.186,133.2,TRUE,4.2,500,300
3488,2016/10/12 1:07,130.6130917,46.32546467,5133197.815,393197.6239,7.408,124.6,TRUE,4.2,500,300
3489,2016/10/12 1:08,130.6131982,46.32540833,5133191.409,393205.7154,10.186,127.7,TRUE,4.2,500,300
3490,2016/10/12 1:08,130.6133103,46.32534133,5133183.81,393214.2221,10.186,129.3,TRUE,4.2,500,300
3491,2016/10/12 1:08,130.6134185,46.32527833,5133176.661,393222.4294,9.6304,128.6,TRUE,4.2,500,300
3492,2016/10/12 1:08,130.6135228,46.32522117,5133170.167,393230.3523,9.0748,128.9,TRUE,4.2,500,300
3493,2016/10/12 1:08,130.6136237,46.32516167,5133163.417,393238.002,9.0748,127.4,TRUE,4.2,500,300
3494,2016/10/12 1:08,130.6137342,46.32510217,5133156.655,393246.3955,9.8156,130,TRUE,4.2,500,300
3495,2016/10/12 1:08,130.6138483,46.325038,5133149.368,393255.0618,10.0008,131.3,TRUE,4.2,500,300
3496,2016/10/12 1:08,130.6139595,46.32498,5133142.771,393263.5099,9.0748,124.9,TRUE,4.2,500,300
3497,2016/10/12 1:08,130.6140633,46.32491733,5133135.665,393271.3837,9.8156,130.2,TRUE,4.2,500,300
3498,2016/10/12 1:08,130.6141755,46.3248595,5133129.086,393279.9092,8.889601,130,TRUE,4.2,500,300
3499,2016/10/12 1:08,130.6142823,46.3248,5133122.328,393288.0202,10.0008,130.6,TRUE,4.2,500,300
3500,2016/10/12 1:08,130.6143895,46.32473767,5133115.255,393296.1519,9.6304,128.9,TRUE,4.2,500,300
3501,2016/10/12 1:08,130.6145005,46.3246705,5133107.639,393304.5692,9.8156,131,TRUE,4.2,500,300
3502,2016/10/12 1:08,130.6146218,46.32460733,5133100.454,393313.7897,10.5564,126.9,TRUE,4.2,500,300
3503,2016/10/12 1:08,130.6147407,46.32453583,5133092.346,393322.8024,10.186,125.6,TRUE,4.2,500,300
3504,2016/10/12 1:09,130.6148602,46.3244755,5133085.479,393331.8876,10.9268,128,TRUE,4.2,500,300
3505,2016/10/12 1:09,130.614978,46.32440717,5133077.725,393340.8286,10.3712,128.5,TRUE,4.2,500,300
3506,2016/10/12 1:09,130.6150958,46.32434,5133070.1,393349.772,10.0008,129.8,TRUE,4.2,500,300
3507,2016/10/12 1:09,130.6152082,46.32426817,5133061.965,393358.2835,10.7416,130.9,TRUE,4.2,500,300
3508,2016/10/12 1:09,130.6153237,46.32419983,5133054.213,393367.0452,10.3712,127.7,TRUE,4.2,500,300
3509,2016/10/12 1:09,130.6154355,46.3241355,5133046.912,393375.5321,10.0008,129.2,TRUE,4.2,500,300
3510,2016/10/12 1:09,130.6155553,46.3240745,5133039.97,393384.6415,10.0008,127.4,TRUE,4.2,500,300
3511,2016/10/12 1:09,130.6156667,46.32401367,5133033.058,393393.0975,9.8156,129.4,TRUE,4.2,500,300
3512,2016/10/12 1:09,130.6157762,46.3239495,5133025.778,393401.4053,10.0008,126.4,TRUE,4.2,500,300
3513,2016/10/12 1:09,130.6158883,46.32388,5133017.902,393409.9076,10.7416,130.9,TRUE,4.2,500,300
3514,2016/10/12 1:09,130.6160053,46.32379983,5133008.833,393418.7619,10.9268,130,TRUE,4.2,500,300
3515,2016/10/12 1:09,130.6161132,46.32372133,5132999.962,393426.9142,9.6304,130.8,TRUE,4.2,500,300
3516,2016/10/12 1:09,130.6162088,46.32364683,5132991.552,393434.1362,9.8156,137.5,TRUE,4.2,500,300
3517,2016/10/12 1:09,130.6163013,46.32357867,5132983.851,393441.1272,9.4452,135.1,TRUE,4.2,500,300
3518,2016/10/12 1:09,130.6163772,46.3235225,5132977.506,393446.8585,6.2968,138.4,TRUE,4.2,500,300
3519,2016/10/12 1:10,130.6164355,46.32348733,5132973.518,393451.2822,3.3336,116.6,FALSE,4.2,0,300
3520,2016/10/12 1:10,130.6165102,46.323518,5132976.826,393457.0921,6.2968,24.4,FALSE,4.2,0,300
3521,2016/10/12 1:10,130.6165343,46.32358033,5132983.722,393459.0736,7.0376,6.8,FALSE,4.2,0,300
3522,2016/10/12 1:10,130.616516,46.32370633,5132997.753,393457.9067,6.1116,351.3,FALSE,4.2,0,300
3523,2016/10/12 1:10,130.6164947,46.32376283,5133004.062,393456.3738,6.1116,337.2,FALSE,4.2,0,300
3524,2016/10/12 1:10,130.616432,46.323808,5133009.167,393451.6353,6.6672,307.4,FALSE,4.2,0,300
3525,2016/10/12 1:10,130.6163612,46.32384883,5133013.801,393446.26,6.482,306.6,TRUE,4.2,500,300
3526,2016/10/12 1:10,130.6162927,46.32388933,5133018.395,393441.0636,7.0376,315.2,TRUE,4.2,500,300
3527,2016/10/12 1:10,130.6162332,46.32392767,5133022.736,393436.556,5.7412,305.4,TRUE,4.2,500,300
3528,2016/10/12 1:10,130.6161617,46.3239655,5133027.038,393431.1233,6.2968,312.2,TRUE,4.2,500,300
3529,2016/10/12 1:10,130.6160832,46.32401333,5133032.46,393425.171,7.2228,310.2,TRUE,4.2,500,300
3530,2016/10/12 1:10,130.6159973,46.32405767,5133037.504,393418.6467,7.5932,306.6,TRUE,4.2,500,300
3531,2016/10/12 1:10,130.6159115,46.32410433,5133042.806,393412.1277,8.7044,313.5,TRUE,4.2,500,300
3532,2016/10/12 1:10,130.6157972,46.32417183,5133050.463,393403.4544,10.3712,309.5,TRUE,4.2,500,300
3533,2016/10/12 1:11,130.6157018,46.3242275,5133056.779,393396.2205,9.26,309.3,TRUE,4.2,500,300
3534,2016/10/12 1:11,130.6155947,46.32428717,5133063.556,393388.0842,9.26,308.8,TRUE,4.2,500,300
3535,2016/10/12 1:11,130.615482,46.32434717,5133070.377,393379.5242,9.26,304.3,TRUE,4.2,500,300
3536,2016/10/12 1:11,130.6153645,46.32441217,5133077.761,393370.6021,10.186,310.7,TRUE,4.2,500,300
3537,2016/10/12 1:11,130.6152567,46.32447533,5133084.926,393362.421,9.6304,308.1,TRUE,4.2,500,300
3538,2016/10/12 1:11,130.6151383,46.32454417,5133092.738,393353.4416,9.6304,305.9,TRUE,4.2,500,300
3539,2016/10/12 1:11,130.6150285,46.3246085,5133100.036,393345.1089,9.4452,307.9,TRUE,4.2,500,300
3540,2016/10/12 1:11,130.6149187,46.32467283,5133107.335,393336.7761,10.0008,311,TRUE,4.2,500,300
3541,2016/10/12 1:11,130.6148035,46.32473717,5133114.642,393328.0322,10.7416,314.3,TRUE,4.2,500,300
3542,2016/10/12 1:11,130.614692,46.32480117,5133121.906,393319.5703,9.26,307.1,TRUE,4.2,500,300
3543,2016/10/12 1:11,130.614587,46.324858,5133128.364,393311.5949,9.4452,306.3,TRUE,4.2,500,300
3544,2016/10/12 1:11,130.6144803,46.324921,5133135.511,393303.503,10.186,308.2,TRUE,4.2,500,300
3545,2016/10/12 1:11,130.6143683,46.32498983,5133143.313,393295.012,10.186,314.2,TRUE,4.2,500,300
3546,2016/10/12 1:11,130.6142492,46.32505317,5133150.514,393285.959,10.7416,306.2,TRUE,4.2,500,300
3547,2016/10/12 1:11,130.6141323,46.32511367,5133157.396,393277.0791,10.0008,306.1,TRUE,4.2,500,300
3548,2016/10/12 1:12,130.6140132,46.32517717,5133164.615,393268.0264,9.8156,305.3,TRUE,4.2,500,300
3549,2016/10/12 1:12,130.613898,46.32524067,5133171.829,393259.281,10.7416,311.3,TRUE,4.2,500,300
3550,2016/10/12 1:12,130.6137872,46.3253105,5133179.74,393250.8822,10.0008,312.2,TRUE,4.2,500,300
3551,2016/10/12 1:12,130.6136768,46.32537033,5133186.54,393242.5016,9.26,309.2,TRUE,4.2,500,300
3552,2016/10/12 1:12,130.6135653,46.32543367,5133193.73,393234.0386,9.8156,310.6,TRUE,4.2,500,300
3553,2016/10/12 1:12,130.6134602,46.32549783,5133201.004,393226.0654,9.0748,309.8,TRUE,4.2,500,300
3554,2016/10/12 1:12,130.6133435,46.32556483,5133208.609,393217.2114,10.3712,311,TRUE,4.2,500,300
3555,2016/10/12 1:12,130.6132285,46.32563033,5133216.045,393208.4831,11.112,311.4,TRUE,4.2,500,300
3556,2016/10/12 1:12,130.613119,46.32569383,5133223.251,393200.1745,9.4452,305.2,TRUE,4.2,500,300
3557,2016/10/12 1:12,130.613009,46.32575967,5133230.718,393191.832,9.6304,310.1,TRUE,4.2,500,300
3558,2016/10/12 1:12,130.6128988,46.32582717,5133238.369,393183.4796,10.186,308.3,TRUE,4.2,500,300
3559,2016/10/12 1:12,130.6127908,46.32589583,5133246.147,393175.2966,9.8156,309.9,TRUE,4.2,500,300
3560,2016/10/12 1:12,130.6126812,46.3259625,5133253.705,393166.9819,10.0008,310.8,TRUE,4.2,500,300
3561,2016/10/12 1:12,130.6125733,46.32603,5133261.354,393158.809,9.8156,313.2,TRUE,4.2,500,300
3562,2016/10/12 1:12,130.6124583,46.326092,5133268.401,393150.074,10.7416,312.5,TRUE,4.2,500,300
3563,2016/10/12 1:13,130.6123418,46.32616017,5133276.136,393141.2356,11.112,311.8,TRUE,4.2,500,300
3564,2016/10/12 1:13,130.6122292,46.32622567,5133283.568,393132.6877,10.5564,311.8,TRUE,4.2,500,300
3565,2016/10/12 1:13,130.6121175,46.32628717,5133290.555,393124.2082,10.0008,309.2,TRUE,4.2,500,300
3566,2016/10/12 1:13,130.6120005,46.32635033,5133297.734,393115.3216,10.3712,310.2,TRUE,4.2,500,300
3567,2016/10/12 1:13,130.6118827,46.3264215,5133305.804,393106.3867,10.5564,309.8,TRUE,4.2,500,300
3568,2016/10/12 1:13,130.6117865,46.32648467,5133312.955,393099.1041,9.0748,312.6,TRUE,4.2,500,300
3569,2016/10/12 1:13,130.6117053,46.32653133,5133318.251,393092.9445,7.5932,316.2,TRUE,4.2,500,300
3570,2016/10/12 1:13,130.6116467,46.326566,5133322.184,393088.4949,5.3708,308,TRUE,4.2,500,300
3571,2016/10/12 1:13,130.611564,46.3266095,5133327.131,393082.2137,7.5932,300.6,TRUE,4.2,500,300
3572,2016/10/12 1:13,130.6114555,46.326674,5133334.447,393073.9843,9.8156,313.9,TRUE,4.2,500,300
3573,2016/10/12 1:13,130.6113505,46.32673767,5133341.666,393066.0228,9.8156,312.1,TRUE,4.2,500,300
3574,2016/10/12 1:13,130.6112417,46.326797,5133348.408,393057.758,9.8156,311.2,TRUE,4.2,500,300
3575,2016/10/12 1:13,130.6111538,46.32685267,5133354.715,393051.1024,8.1488,313.6,TRUE,4.2,500,300
3576,2016/10/12 1:13,130.6110532,46.32691183,5133361.427,393043.4664,8.889601,310.7,TRUE,4.2,500,300
3577,2016/10/12 1:13,130.6109533,46.32697533,5133368.62,393035.9021,9.4452,310,TRUE,4.2,500,300
3578,2016/10/12 1:14,130.6108577,46.32703517,5133375.401,393028.6525,8.334,312.7,TRUE,4.2,500,300
3579,2016/10/12 1:14,130.6107748,46.32708383,5133380.921,393022.3683,7.0376,313.7,TRUE,4.2,500,300
3580,2016/10/12 1:14,130.6106852,46.32714017,5133387.305,393015.5739,8.889601,311.9,TRUE,4.2,500,300
3581,2016/10/12 1:14,130.6105833,46.327194,5133393.426,393007.8367,9.4452,308.8,TRUE,4.2,500,300
3582,2016/10/12 1:14,130.6104828,46.32725233,5133400.046,393000.2115,9.4452,312.7,TRUE,4.2,500,300
3583,2016/10/12 1:14,130.6103848,46.32731067,5133406.663,392992.7789,8.334,307.6,TRUE,4.2,500,300
3584,2016/10/12 1:14,130.6102945,46.32736467,5133412.787,392985.9284,7.2228,310.6,TRUE,4.2,500,300
3585,2016/10/12 1:14,130.6102088,46.32741367,5133418.35,392979.4271,7.408,311.5,TRUE,4.2,500,300
3586,2016/10/12 1:14,130.6101212,46.3274735,5133425.119,392972.7936,8.334,317.8,TRUE,4.2,500,300
3587,2016/10/12 1:14,130.6100483,46.32750533,5133428.755,392967.2467,7.2228,295.1,TRUE,4.2,500,300
3588,2016/10/12 1:14,130.609979,46.3274915,5133427.312,392961.8811,7.5932,233.1,FALSE,4.2,0,300
3589,2016/10/12 1:14,130.6099613,46.32742067,5133419.462,392960.3822,7.778399,179.9,FALSE,4.2,0,300
3590,2016/10/12 1:14,130.6099445,46.32735567,5133412.26,392958.9594,7.0376,190.3,FALSE,4.2,0,300
3591,2016/10/12 1:14,130.6099768,46.32730467,5133406.547,392961.3495,5.556,121.8,FALSE,4.2,0,300
3592,2016/10/12 1:14,130.6100553,46.32726733,5133402.291,392967.3215,6.2968,128.7,TRUE,4.2,500,300
3593,2016/10/12 1:15,130.610131,46.32722233,5133397.186,392973.0606,7.0376,121.9,TRUE,4.2,500,300
3594,2016/10/12 1:15,130.6102122,46.32716883,5133391.13,392979.2067,7.778399,129.4,TRUE,4.2,500,300
3595,2016/10/12 1:15,130.610288,46.32711967,5133385.563,392984.95,6.2968,127.3,TRUE,4.2,500,300
3596,2016/10/12 1:15,130.6103583,46.32707867,5133380.911,392990.2858,7.778399,126.7,TRUE,4.2,500,300
3597,2016/10/12 1:15,130.6104408,46.3270255,5133374.889,392996.535,7.778399,129.2,TRUE,4.2,500,300
3598,2016/10/12 1:15,130.6105278,46.3269685,5133368.435,393003.1232,8.1488,133.5,TRUE,4.2,500,300
3599,2016/10/12 1:15,130.6106135,46.32691517,5133362.392,393009.6162,8.519199,131.5,TRUE,4.2,500,300
3600,2016/10/12 1:15,130.6107052,46.3268605,5133356.191,393016.5687,7.9636,129.8,TRUE,4.2,500,300
3601,2016/10/12 1:15,130.6107835,46.32681233,5133350.731,393022.5065,6.482,135.2,TRUE,4.2,500,300
3602,2016/10/12 1:15,130.6108563,46.3267725,5133346.205,393028.0372,8.519199,130.3,TRUE,4.2,500,300
3603,2016/10/12 1:15,130.610942,46.32671833,5133340.068,393034.5286,7.2228,134.3,TRUE,4.2,497,300
3604,2016/10/12 1:15,130.6110328,46.3266635,5133333.851,393041.4161,8.7044,132.3,TRUE,4.2,500,300
3605,2016/10/12 1:15,130.611127,46.32660717,5133327.462,393048.5578,9.4452,133.4,TRUE,4.2,500,300
3606,2016/10/12 1:15,130.6112233,46.3265545,5133321.477,393055.8731,8.7044,128.1,TRUE,4.2,500,300
3607,2016/10/12 1:15,130.611317,46.32649967,5133315.256,393062.9793,8.334,133.1,TRUE,4.2,500,300
3608,2016/10/12 1:16,130.6114082,46.32644617,5133309.186,393069.8956,8.7044,133,TRUE,4.2,500,300
3609,2016/10/12 1:16,130.6115032,46.32639583,5133303.462,393077.1131,8.1488,127.5,TRUE,4.2,500,300
3610,2016/10/12 1:16,130.6116062,46.326341,5133297.229,393084.9378,9.0748,127.1,TRUE,4.2,500,300
3611,2016/10/12 1:16,130.6116957,46.32628083,5133290.42,393091.7125,8.889601,127.6,TRUE,4.2,500,300
3612,2016/10/12 1:16,130.6117877,46.32622567,5133284.164,393098.6896,8.519199,133.7,TRUE,4.2,500,300
3613,2016/10/12 1:16,130.6118793,46.32617433,5133278.334,393105.6479,8.7044,129.3,TRUE,4.2,500,300
3614,2016/10/12 1:16,130.6119755,46.32611817,5133271.961,393112.9442,8.334,126.5,TRUE,4.2,500,300
3615,2016/10/12 1:16,130.612074,46.3260615,5133265.529,393120.4189,8.334,132.1,TRUE,4.2,500,300
3616,2016/10/12 1:16,130.6121688,46.32600417,5133259.029,393127.6097,8.889601,127.7,TRUE,4.2,500,300
3617,2016/10/12 1:16,130.6122737,46.325945,5133252.31,393135.5678,9.0748,126.8,TRUE,4.2,500,300
3618,2016/10/12 1:16,130.6123812,46.325887,5133245.718,393143.733,9.26,126.5,TRUE,4.2,500,300
3619,2016/10/12 1:16,130.6124818,46.32582767,5133238.987,393151.3689,9.0748,133.6,TRUE,4.2,500,300
3620,2016/10/12 1:16,130.6125858,46.3257655,5133231.936,393159.2565,9.4452,132.1,TRUE,4.2,500,300
3621,2016/10/12 1:16,130.6126872,46.32570883,5133225.5,393166.95,9.0748,131.2,TRUE,4.2,500,300
3622,2016/10/12 1:16,130.6127907,46.32565217,5133219.063,393174.8099,9.26,127.3,TRUE,4.2,500,300
3623,2016/10/12 1:17,130.6128995,46.32558783,5133211.764,393183.0652,10.186,133.6,TRUE,4.2,500,300
3624,2016/10/12 1:17,130.6130083,46.32552183,5133204.281,393191.3174,10.3712,128.2,TRUE,4.2,500,300
3625,2016/10/12 1:17,130.6131155,46.3254565,5133196.875,393199.443,9.26,131.1,TRUE,4.2,500,300
3626,2016/10/12 1:17,130.6132152,46.3253965,5133190.071,393207.0015,9.26,130.9,TRUE,4.2,500,300
3627,2016/10/12 1:17,130.613323,46.32533233,5133182.793,393215.1803,10.0008,132.2,TRUE,4.2,500,300
3628,2016/10/12 1:17,130.6134372,46.32527383,5133176.136,393223.8584,10.186,126.8,TRUE,4.2,500,300
3629,2016/10/12 1:17,130.6135502,46.325207,5133168.555,393232.4301,10.5564,130.3,TRUE,4.2,500,300
3630,2016/10/12 1:17,130.6136687,46.32514283,5133161.263,393241.4306,10.5564,126.2,TRUE,4.2,500,300
3631,2016/10/12 1:17,130.6137885,46.32507317,5133153.358,393250.5229,11.112,131.4,TRUE,4.2,500,300
3632,2016/10/12 1:17,130.613908,46.32500433,5133145.545,393259.5914,11.112,128.1,TRUE,4.2,500,300
3633,2016/10/12 1:17,130.6140258,46.324934,5133137.568,393268.5284,10.9268,131.4,TRUE,4.2,500,300
3634,2016/10/12 1:17,130.6141405,46.32486817,5133130.096,393277.2308,10.7416,130,TRUE,4.2,500,300
3635,2016/10/12 1:17,130.6142598,46.3248025,5133122.636,393286.2924,10.3712,130.1,TRUE,4.2,500,300
3636,2016/10/12 1:17,130.6143837,46.32473117,5133114.54,393295.6903,11.4824,128.8,TRUE,4.2,500,300
3637,2016/10/12 1:17,130.6145005,46.324661,5133106.583,393304.5507,10.0008,126.4,TRUE,4.2,500,300
3638,2016/10/12 1:18,130.6146188,46.32459267,5133098.829,393313.5302,11.112,131.3,TRUE,4.2,500,300
3639,2016/10/12 1:18,130.6147453,46.3245235,5133090.969,393323.1373,11.2972,127.8,TRUE,4.2,500,300
3640,2016/10/12 1:18,130.614872,46.3244515,5133082.796,393332.7519,11.8528,130.4,TRUE,4.2,500,300
3641,2016/10/12 1:18,130.6149983,46.32437867,5133074.53,393342.3388,11.8528,130.9,TRUE,4.2,500,300
3642,2016/10/12 1:18,130.6151275,46.32430583,5133066.259,393352.1444,11.6676,132.8,TRUE,4.2,500,300
3643,2016/10/12 1:18,130.6152532,46.32423433,5133058.143,393361.6831,10.9268,128.1,TRUE,4.2,500,300
3644,2016/10/12 1:18,130.6153828,46.32416767,5133050.558,393371.5385,10.5564,125.7,TRUE,4.2,500,300
3645,2016/10/12 1:18,130.6155125,46.32409333,5133042.12,393381.3798,11.6676,127.7,TRUE,4.2,500,300
3646,2016/10/12 1:18,130.6156392,46.32402033,5133033.836,393390.9927,11.6676,132.6,TRUE,4.2,500,300
3647,2016/10/12 1:18,130.6157622,46.32395467,5133026.371,393400.3372,10.0008,127.3,TRUE,4.2,500,300
3648,2016/10/12 1:18,130.6158692,46.323891,5133019.15,393408.4535,9.4452,128.4,TRUE,4.2,500,300
3649,2016/10/12 1:18,130.6159768,46.32382167,5133011.299,393416.6096,10.3712,131.2,TRUE,4.2,500,300
3650,2016/10/12 1:18,130.6160995,46.32374617,5133002.741,393425.9097,10.5564,128.4,TRUE,4.2,500,300
3651,2016/10/12 1:18,130.6162142,46.32367967,5132995.195,393434.6112,10.5564,130.5,TRUE,4.2,500,300
3652,2016/10/12 1:18,130.616318,46.32360633,5132986.903,393442.4647,10.3712,135.8,TRUE,4.2,500,300
3653,2016/10/12 1:19,130.6164115,46.32354017,5132979.423,393449.5366,7.408,134.6,TRUE,4.2,500,300
3654,2016/10/12 1:19,130.6164813,46.32349567,5132974.383,393454.8278,5.556,122.6,TRUE,4.2,500,300
3655,2016/10/12 1:19,130.6165565,46.323511,5132975.986,393460.6463,6.482,44.2,FALSE,4.2,0,300
3656,2016/10/12 1:19,130.6165585,46.3235725,5132982.819,393460.9198,6.8524,340.6,FALSE,4.2,0,300
3657,2016/10/12 1:19,130.6165413,46.323636,5132989.901,393459.7208,7.2228,354.5,FALSE,4.2,0,300
3658,2016/10/12 1:19,130.616533,46.3237045,5132997.526,393459.2123,6.8524,354.5,FALSE,4.2,0,300
3659,2016/10/12 1:19,130.6165195,46.3237765,5133005.548,393458.3125,7.5932,350.9,FALSE,4.2,0,300
3660,2016/10/12 1:19,130.6164865,46.32383833,5133012.465,393455.8912,7.0376,328.1,FALSE,4.2,0,300
3661,2016/10/12 1:19,130.6164153,46.32388667,5133017.934,393450.5043,7.778399,311.8,FALSE,4.2,0,300
3662,2016/10/12 1:19,130.6163407,46.32392917,5133022.759,393444.8374,7.0376,311.9,TRUE,4.2,500,300
3663,2016/10/12 1:19,130.6162643,46.32397117,5133027.53,393439.0401,6.2968,308.7,TRUE,4.2,500,300
3664,2016/10/12 1:19,130.6161922,46.32401217,5133032.184,393433.5627,6.1116,312.4,TRUE,4.2,500,300
3665,2016/10/12 1:19,130.6161222,46.32404933,5133036.409,393428.2443,5.9264,306.2,TRUE,4.2,500,300
3666,2016/10/12 1:19,130.6160388,46.324096,5133041.709,393421.917,8.334,312.9,TRUE,4.2,500,300
3667,2016/10/12 1:19,130.6159473,46.32415433,5133048.316,393414.984,8.519199,313.1,TRUE,4.2,500,300
3668,2016/10/12 1:20,130.6158665,46.3241965,5133053.112,393408.8413,9.0748,308.2,TRUE,4.2,500,300
3669,2016/10/12 1:20,130.6157617,46.32426183,5133060.515,393400.8954,10.0008,307.4,TRUE,4.2,500,300
3670,2016/10/12 1:20,130.615663,46.32431383,5133066.428,393393.398,8.1488,308.1,TRUE,4.2,500,300
3671,2016/10/12 1:20,130.6155618,46.3243695,5133072.752,393385.7152,9.26,309.4,TRUE,4.2,500,300
3672,2016/10/12 1:20,130.6154548,46.32442967,5133079.584,393377.5922,10.186,311.6,TRUE,4.2,500,300
3673,2016/10/12 1:20,130.6153465,46.32448733,5133086.139,393369.362,10.0008,312.5,TRUE,4.2,500,300
3674,2016/10/12 1:20,130.615238,46.32454883,5133093.122,393361.1261,9.8156,311.2,TRUE,4.2,500,300
3675,2016/10/12 1:20,130.6151327,46.32460567,5133099.582,393353.1253,9.0748,308.2,TRUE,4.2,500,300
3676,2016/10/12 1:20,130.6150222,46.32466517,5133106.344,393344.7316,10.186,306.9,TRUE,4.2,500,300
3677,2016/10/12 1:20,130.6149028,46.32472867,5133113.563,393335.6649,10.186,306.5,TRUE,4.2,500,300
3678,2016/10/12 1:20,130.6147892,46.324792,5133120.756,393327.0353,10.186,312.6,TRUE,4.2,500,300
3679,2016/10/12 1:20,130.6146853,46.32484917,5133127.251,393319.1499,9.26,312,TRUE,4.2,500,300
3680,2016/10/12 1:20,130.6145803,46.32490683,5133133.801,393311.1762,9.4452,311.5,TRUE,4.2,500,300
3681,2016/10/12 1:20,130.6144717,46.32496633,5133140.561,393302.9243,9.26,307.6,TRUE,4.2,500,300
3682,2016/10/12 1:20,130.614361,46.32502533,5133147.269,393294.5166,10.7416,309.1,TRUE,4.2,500,300
3683,2016/10/12 1:21,130.6142468,46.32508933,5133154.537,393285.8491,10.5564,307.2,TRUE,4.2,500,300
3684,2016/10/12 1:21,130.6141262,46.325157,5133162.221,393276.689,10.3712,307.7,TRUE,4.2,500,300
3685,2016/10/12 1:21,130.614019,46.32522017,5133169.387,393268.559,9.26,309.4,TRUE,4.2,500,300
3686,2016/10/12 1:21,130.6139135,46.32527917,5133176.088,393260.5496,9.4452,309.4,TRUE,4.2,500,300
3687,2016/10/12 1:21,130.6138028,46.32534467,5133183.517,393252.1546,9.8156,312,TRUE,4.2,500,300
3688,2016/10/12 1:21,130.6136992,46.32540717,5133190.604,393244.2937,8.889601,309.9,TRUE,4.2,500,300
3689,2016/10/12 1:21,130.61359,46.3254695,5133197.68,393236.0081,9.6304,308.5,TRUE,4.2,500,300
3690,2016/10/12 1:21,130.6134842,46.32552983,5133204.529,393227.9759,10.0008,312.8,TRUE,4.2,500,300
3691,2016/10/12 1:21,130.6133752,46.325592,5133211.586,393219.7031,10.186,306.9,TRUE,4.2,500,300
3692,2016/10/12 1:21,130.613265,46.32565283,5133218.496,393211.3377,9.26,302.5,TRUE,4.2,500,300
3693,2016/10/12 1:21,130.6131485,46.325715,5133225.564,393202.4874,9.8156,311.6,TRUE,4.2,500,300
3694,2016/10/12 1:21,130.6130383,46.32577433,5133232.308,393194.1191,10.186,305.5,TRUE,4.2,500,300
3695,2016/10/12 1:21,130.612926,46.32583917,5133239.666,393185.5952,10.186,311.6,TRUE,4.2,500,300
3696,2016/10/12 1:21,130.6128095,46.32590333,5133246.955,393176.7489,10.9268,308.3,TRUE,4.2,500,300
3697,2016/10/12 1:21,130.6126937,46.32596983,5133254.503,393167.9587,10.7416,310,TRUE,4.2,500,300
3698,2016/10/12 1:22,130.6125838,46.32603033,5133261.377,393159.6182,9.26,306.9,TRUE,4.2,500,300
3699,2016/10/12 1:22,130.6124813,46.32608983,5133268.129,393151.8409,9.26,311.5,TRUE,4.2,500,300
3700,2016/10/12 1:22,130.6123898,46.32614217,5133274.07,393144.8968,7.2228,307.4,TRUE,4.2,500,300
3701,2016/10/12 1:22,130.6123005,46.32619117,5133279.637,393138.1133,8.889601,308.3,TRUE,4.2,500,300
3702,2016/10/12 1:22,130.6122122,46.326241,5133285.295,393131.4084,7.2228,307.2,TRUE,4.2,500,300
3703,2016/10/12 1:22,130.6121232,46.326289,5133290.751,393124.6484,7.9636,306.8,TRUE,4.2,500,300
3704,2016/10/12 1:22,130.6120293,46.32634517,5133297.121,393117.5316,8.7044,308,TRUE,4.2,500,300
3705,2016/10/12 1:22,130.611943,46.32639783,5133303.091,393110.9863,7.0376,311.9,TRUE,4.2,500,300
3706,2016/10/12 1:22,130.611854,46.32644567,5133308.529,393104.226,8.334,308.3,TRUE,4.2,500,300
3707,2016/10/12 1:22,130.6117545,46.32650767,5133315.555,393096.6848,8.519199,310.8,TRUE,4.2,500,300
3708,2016/10/12 1:22,130.6116783,46.3265515,5133320.53,393090.9047,5.7412,308.7,TRUE,4.2,500,300
3709,2016/10/12 1:22,130.6116097,46.32658617,5133324.476,393085.685,6.8524,303.6,TRUE,4.2,500,300
3710,2016/10/12 1:22,130.6115087,46.32664117,5133330.726,393078.0147,9.26,310,TRUE,4.2,500,300
3711,2016/10/12 1:22,130.6114023,46.32669967,5133337.372,393069.94,8.519199,306.2,TRUE,4.2,500,300
3712,2016/10/12 1:22,130.6113082,46.3267595,5133344.15,393062.8058,9.4452,309.7,TRUE,4.2,500,300
3713,2016/10/12 1:23,130.6112018,46.32682433,5133351.5,393054.7434,9.4452,311.4,TRUE,4.2,500,300
3714,2016/10/12 1:23,130.6111017,46.326882,5133358.045,393047.143,7.5932,305.6,TRUE,4.2,500,300
3715,2016/10/12 1:23,130.6110328,46.326923,5133362.696,393041.9219,6.482,302.1,TRUE,4.2,178,300
3716,2016/10/12 1:23,130.6109582,46.3269725,5133368.299,393036.2693,7.408,312.7,TRUE,4.2,350,300
3717,2016/10/12 1:23,130.610891,46.32701083,5133372.65,393031.1716,5.7412,310.4,TRUE,4.2,151,300
3718,2016/10/12 1:23,130.6108188,46.32705483,5133377.639,393025.6999,8.1488,313.2,TRUE,4.2,500,300
3719,2016/10/12 1:23,130.6107373,46.32710233,5133383.029,393019.5167,7.0376,308,TRUE,4.2,500,300
3720,2016/10/12 1:23,130.6106495,46.3271505,5133388.502,393012.8473,7.0376,313.7,TRUE,4.2,500,300
3721,2016/10/12 1:23,130.6105702,46.327196,5133393.666,393006.8273,6.8524,306.5,TRUE,4.2,500,300
3722,2016/10/12 1:23,130.6104963,46.32724417,5133399.12,393001.2352,7.0376,310.9,TRUE,4.2,500,300
3723,2016/10/12 1:23,130.6104237,46.32729167,5133404.499,392995.7327,6.482,314.9,TRUE,4.2,500,300
3724,2016/10/12 1:23,130.6103698,46.327324,5133408.165,392991.6498,5.556,313.6,TRUE,4.2,500,300
3725,2016/10/12 1:23,130.6102947,46.32736767,5133413.121,392985.9474,6.8524,305.3,TRUE,4.2,500,300
3726,2016/10/12 1:23,130.6102202,46.327409,5133417.815,392980.2912,6.8524,309.1,TRUE,4.2,500,300
3727,2016/10/12 1:23,130.610149,46.32745233,5133422.728,392974.8953,5.556,310.8,TRUE,4.2,500,300
3728,2016/10/12 1:24,130.6100975,46.32748033,5133425.91,392970.9842,3.3336,297.7,FALSE,4.2,0,300
3729,2016/10/12 1:24,130.6100365,46.3274745,5133425.344,392966.2756,4.4448,243.5,FALSE,4.2,0,300
3730,2016/10/12 1:24,130.6100135,46.32743467,5133420.948,392964.4268,5.3708,185.8,FALSE,4.2,0,300
3731,2016/10/12 1:24,130.6099863,46.32736983,5133413.778,392962.2081,7.408,193.1,FALSE,4.2,0,300
3732,2016/10/12 1:24,130.609972,46.32730467,5133406.554,392960.9775,7.9636,170.5,FALSE,4.2,0,300
3733,2016/10/12 1:24,130.6100363,46.32726533,5133402.094,392965.8545,7.0376,118.3,TRUE,4.2,500,300
3734,2016/10/12 1:24,130.6100982,46.32723333,5133398.454,392970.554,6.6672,133.9,TRUE,4.2,500,300
3735,2016/10/12 1:24,130.6101563,46.32720383,5133395.096,392974.975,6.482,129.8,TRUE,4.2,500,300
3736,2016/10/12 1:24,130.610235,46.32716283,5133390.432,392980.953,7.9636,131.1,TRUE,4.2,500,300
3737,2016/10/12 1:24,130.6103063,46.3271285,5133386.52,392986.3788,6.482,126.3,TRUE,4.2,500,300
3738,2016/10/12 1:24,130.6103828,46.3270895,5133382.081,392992.1935,7.2228,130,TRUE,4.2,500,300
3739,2016/10/12 1:24,130.610465,46.32704317,5133376.82,392998.4307,7.778399,129.6,TRUE,4.2,500,300
3740,2016/10/12 1:24,130.6105377,46.32699983,5133371.905,393003.9421,6.482,132.7,TRUE,4.2,500,300
3741,2016/10/12 1:24,130.6106172,46.32695167,5133366.444,393009.97,7.0376,129.7,TRUE,4.2,500,300
3742,2016/10/12 1:24,130.6106833,46.32690567,5133361.241,393014.975,5.7412,132.6,TRUE,4.2,500,300
3743,2016/10/12 1:25,130.610757,46.32686633,5133356.769,393020.5712,6.8524,127.4,TRUE,4.2,500,300
3744,2016/10/12 1:25,130.610842,46.32681533,5133350.985,393027.0172,8.519199,131.8,TRUE,4.2,500,300
3745,2016/10/12 1:25,130.6109312,46.326767,5133345.493,393033.7895,7.5932,127.9,TRUE,4.2,500,300
3746,2016/10/12 1:25,130.6110113,46.32672,5133340.16,393039.8706,7.408,130.4,TRUE,4.2,500,300
3747,2016/10/12 1:25,130.6110953,46.32667083,5133334.581,393046.2432,7.778399,130.3,TRUE,4.2,500,300
3748,2016/10/12 1:25,130.6111823,46.32662217,5133329.055,393052.8478,7.9636,128.9,TRUE,4.2,500,300
3749,2016/10/12 1:25,130.6112678,46.326575,5133323.696,393059.3398,7.778399,134.6,TRUE,4.2,500,300
3750,2016/10/12 1:25,130.611341,46.32653617,5133319.281,393064.8986,6.2968,124.6,TRUE,4.2,500,300
3751,2016/10/12 1:25,130.6114232,46.32648917,5133313.946,393071.1345,6.8524,127.2,TRUE,4.2,500,300
3752,2016/10/12 1:25,130.6115077,46.32644033,5133308.403,393077.5463,7.778399,129.9,TRUE,4.2,500,300
3753,2016/10/12 1:25,130.6115975,46.3263895,5133302.631,393084.3647,7.9636,130.3,TRUE,4.2,500,300
3754,2016/10/12 1:25,130.6116838,46.32634467,5133297.532,393090.9252,7.778399,128,TRUE,4.2,500,300
3755,2016/10/12 1:25,130.6117682,46.3262975,5133292.175,393097.3279,7.0376,127.5,TRUE,4.2,491,300
3756,2016/10/12 1:25,130.611854,46.3262455,5133286.279,393103.836,7.2228,130.6,TRUE,4.2,500,300
3757,2016/10/12 1:25,130.6119295,46.3261995,5133281.064,393109.5604,6.8524,131.7,TRUE,4.2,500,300
3758,2016/10/12 1:26,130.6120103,46.32615567,5133276.083,393115.6994,7.778399,127.9,TRUE,4.2,494,300
3759,2016/10/12 1:26,130.6120902,46.3261065,5133270.509,393121.7517,6.2968,133.1,TRUE,4.2,500,300
3760,2016/10/12 1:26,130.6121728,46.3260585,5133265.062,393128.0235,8.334,131.4,TRUE,4.2,500,300
3761,2016/10/12 1:26,130.6122632,46.32601067,5133259.624,393134.8871,8.7044,129.1,TRUE,4.2,500,300
3762,2016/10/12 1:26,130.6123798,46.32594433,5133252.092,393143.7414,10.5564,131.1,TRUE,4.2,500,300
3763,2016/10/12 1:26,130.6125038,46.32587183,5133243.866,393153.149,10.186,130.3,TRUE,4.2,500,300
3764,2016/10/12 1:26,130.6126135,46.32581333,5133237.216,393161.4804,9.26,128.8,TRUE,4.2,500,300
3765,2016/10/12 1:26,130.612721,46.32575033,5133230.068,393169.6359,9.8156,128.4,TRUE,4.2,500,300
3766,2016/10/12 1:26,130.6128358,46.32568167,5133222.281,393178.3449,10.5564,132.6,TRUE,4.2,500,300
3767,2016/10/12 1:26,130.6129475,46.32561617,5133214.85,393186.8167,10.186,133.2,TRUE,4.2,500,300
3768,2016/10/12 1:26,130.6130512,46.32555583,5133208.003,393194.6825,9.0748,132.4,TRUE,4.2,500,300
3769,2016/10/12 1:26,130.6131578,46.32549567,5133201.172,393202.779,9.6304,130.4,TRUE,4.2,500,300
3770,2016/10/12 1:26,130.6132628,46.325433,5133194.064,393210.7427,10.186,134.5,TRUE,4.2,500,300
3771,2016/10/12 1:26,130.613366,46.3253685,5133186.755,393218.562,9.6304,130.8,TRUE,4.2,500,300
3772,2016/10/12 1:26,130.6134692,46.32531267,5133180.41,393226.3982,8.889601,131.4,TRUE,4.2,500,300
3773,2016/10/12 1:27,130.6135823,46.32525,5133173.292,393234.9904,10.7416,130.7,TRUE,4.2,500,300
3774,2016/10/12 1:27,130.6137018,46.32518517,5133165.924,393244.0666,11.112,130.4,TRUE,4.2,500,300
3775,2016/10/12 1:27,130.6138168,46.32511783,5133158.284,393252.7914,10.186,134.8,TRUE,4.2,500,300
3776,2016/10/12 1:27,130.6139225,46.325057,5133151.38,393260.8104,8.889601,130.9,TRUE,4.2,500,300
3777,2016/10/12 1:27,130.6140372,46.324994,5133144.223,393269.5183,10.5564,128.8,TRUE,4.2,500,300
3778,2016/10/12 1:27,130.614152,46.32492767,5133136.695,393278.2321,9.4452,128.2,TRUE,4.2,500,300
3779,2016/10/12 1:27,130.614264,46.3248665,5133129.744,393286.738,8.7044,126.3,TRUE,4.2,500,300
3780,2016/10/12 1:27,130.6143683,46.32480567,5133122.842,393294.6539,9.8156,130.6,TRUE,4.2,500,300
3781,2016/10/12 1:27,130.6144653,46.3247475,5133116.246,393302.0105,8.1488,130.6,TRUE,4.2,500,300
3782,2016/10/12 1:27,130.6145737,46.32468933,5133109.634,393310.2405,10.7416,126.3,TRUE,4.2,500,300
3783,2016/10/12 1:27,130.6146965,46.32461733,5133101.465,393319.5594,11.112,129.1,TRUE,4.2,500,300
3784,2016/10/12 1:27,130.6148168,46.32454583,5133093.355,393328.6868,10.9268,130.1,TRUE,4.2,500,300
3785,2016/10/12 1:27,130.6149415,46.32447267,5133085.055,393338.1451,12.038,133.3,TRUE,4.2,500,300
3786,2016/10/12 1:27,130.6150658,46.3243995,5133076.754,393347.5774,11.112,130.2,TRUE,4.2,500,300
3787,2016/10/12 1:27,130.6151895,46.3243325,5133069.14,393356.9708,10.7416,129,TRUE,4.2,500,300
3788,2016/10/12 1:28,130.615302,46.32426567,5133061.56,393365.5044,9.6304,125.5,TRUE,4.2,500,300
3789,2016/10/12 1:28,130.6154155,46.3242005,5133054.164,393374.1182,10.5564,128.2,TRUE,4.2,500,300
3790,2016/10/12 1:28,130.6155315,46.32413217,5133046.412,393382.9184,10.7416,131.1,TRUE,4.2,500,300
3791,2016/10/12 1:28,130.6156537,46.3240625,5133038.503,393392.1912,10.5564,128.3,TRUE,4.2,500,300
3792,2016/10/12 1:28,130.6157652,46.3239925,5133030.572,393400.6417,10.3712,131.1,TRUE,4.2,500,300
3793,2016/10/12 1:28,130.6158785,46.32392833,5133023.287,393409.2445,10.3712,129.6,TRUE,4.2,500,300
3794,2016/10/12 1:28,130.6159875,46.3238625,5133015.823,393417.5106,9.4452,126.9,TRUE,4.2,500,300
3795,2016/10/12 1:28,130.6160948,46.32380417,5133009.195,393425.6627,9.0748,127.3,TRUE,4.2,500,300
3796,2016/10/12 1:28,130.616191,46.323751,5133003.155,393432.9654,8.889601,128.3,TRUE,4.2,500,300
3797,2016/10/12 1:28,130.6162882,46.323686,5132995.799,393440.3222,9.6304,130.8,TRUE,4.2,500,300
3798,2016/10/12 1:28,130.6163837,46.32362233,5132988.594,393447.5529,8.7044,136.4,TRUE,4.2,500,300
3799,2016/10/12 1:28,130.6164513,46.32357583,5132983.334,393452.6731,5.9264,131.1,TRUE,4.2,500,300
3800,2016/10/12 1:28,130.6165025,46.32355283,5132980.708,393456.569,3.704,123,FALSE,4.2,0,300
3801,2016/10/12 1:28,130.6165942,46.32355983,5132981.363,393463.6421,7.5932,45.4,FALSE,4.2,0,300
3802,2016/10/12 1:28,130.6165853,46.32361667,5132987.693,393463.0717,6.8524,322.8,FALSE,4.2,0,300
3803,2016/10/12 1:29,130.6165355,46.32367217,5132993.929,393459.342,7.408,341.2,FALSE,4.2,0,300
3804,2016/10/12 1:29,130.6165302,46.32374117,5133001.606,393459.0656,6.6672,357.1,FALSE,4.2,0,300
3805,2016/10/12 1:29,130.6165112,46.32380783,5133009.041,393457.7318,7.2228,346,FALSE,4.2,0,300
3806,2016/10/12 1:29,130.6164863,46.3238765,5133016.708,393455.9522,6.8524,344.7,FALSE,4.2,0,300
3807,2016/10/12 1:29,130.6164278,46.32393217,5133022.975,393451.5553,7.778399,317.5,FALSE,4.2,0,300
3808,2016/10/12 1:29,130.6163523,46.32397667,5133028.023,393445.8275,6.1116,309.7,TRUE,4.2,500,300
3809,2016/10/12 1:29,130.6162907,46.3240155,5133032.422,393441.1546,4.2596,313,TRUE,4.2,500,300
3810,2016/10/12 1:29,130.616221,46.324054,5133036.795,393435.8641,7.778399,308.7,TRUE,4.2,500,300
3811,2016/10/12 1:29,130.6161408,46.32409617,5133041.59,393429.7722,6.2968,307.6,TRUE,4.2,500,300
3812,2016/10/12 1:29,130.6160523,46.32414333,5133046.952,393423.0485,8.1488,314,TRUE,4.2,500,300
3813,2016/10/12 1:29,130.6159505,46.32419467,5133052.795,393415.3065,8.334,305.6,TRUE,4.2,500,300
3814,2016/10/12 1:29,130.6158558,46.3242475,5133058.795,393408.1187,9.0748,310.7,TRUE,4.2,500,300
3815,2016/10/12 1:29,130.6157462,46.32430767,5133065.631,393399.7908,10.0008,306.4,TRUE,4.2,500,300
3816,2016/10/12 1:29,130.6156422,46.32436517,5133072.163,393391.8937,9.26,309.9,TRUE,4.2,500,300
3817,2016/10/12 1:29,130.6155305,46.324429,5133079.408,393383.4182,9.4452,309.6,TRUE,4.2,500,300
3818,2016/10/12 1:30,130.6154252,46.32449117,5133086.46,393375.4277,8.889601,308.2,TRUE,4.2,500,300
3819,2016/10/12 1:30,130.6153265,46.324551,5133093.244,393367.9455,8.7044,310.7,TRUE,4.2,500,300
3820,2016/10/12 1:30,130.6152187,46.32460733,5133099.65,393359.7512,9.4452,308.6,TRUE,4.2,500,300
3821,2016/10/12 1:30,130.6151052,46.32467067,5133106.844,393351.1339,9.26,306,TRUE,4.2,500,300
3822,2016/10/12 1:30,130.6149942,46.32474167,5133114.885,393342.724,9.6304,312.4,TRUE,4.2,500,300
3823,2016/10/12 1:30,130.6148885,46.3248015,5133121.678,393334.7029,10.0008,309.2,TRUE,4.2,500,300
3824,2016/10/12 1:30,130.6147847,46.32486017,5133128.339,393326.8213,9.26,310.3,TRUE,4.2,500,300
3825,2016/10/12 1:30,130.6146857,46.32491617,5133134.698,393319.3064,8.7044,310.2,TRUE,4.2,500,300
3826,2016/10/12 1:30,130.6145885,46.32496233,5133139.959,393311.9133,8.7044,305.7,TRUE,4.2,500,300
3827,2016/10/12 1:30,130.6144783,46.32502383,5133146.944,393303.549,10.3712,310,TRUE,4.2,500,300
3828,2016/10/12 1:30,130.6143708,46.32508533,5133153.925,393295.3903,9.8156,312.1,TRUE,4.2,500,300
3829,2016/10/12 1:30,130.6142708,46.325142,5133160.359,393287.7997,9.4452,310.8,TRUE,4.2,500,300
3830,2016/10/12 1:30,130.6141682,46.32520183,5133167.148,393280.0105,10.3712,308.9,TRUE,4.2,500,300
3831,2016/10/12 1:30,130.6140592,46.32526567,5133174.391,393271.7409,10.7416,309.2,TRUE,4.2,500,300
3832,2016/10/12 1:30,130.6139548,46.325328,5133181.46,393263.8272,9.8156,312.9,TRUE,4.2,500,300
3833,2016/10/12 1:31,130.6138468,46.325389,5133188.386,393255.6292,10.0008,311.3,TRUE,4.2,500,300
3834,2016/10/12 1:31,130.6137382,46.32545483,5133195.85,393247.3897,10.0008,305.9,TRUE,4.2,500,300
3835,2016/10/12 1:31,130.6136302,46.3255165,5133202.85,393239.1929,9.6304,308.7,TRUE,4.2,500,300
3836,2016/10/12 1:31,130.613525,46.32557,5133208.939,393231.1982,9.0748,309.4,TRUE,4.2,500,300
3837,2016/10/12 1:31,130.6134268,46.32562533,5133215.221,393223.7461,9.0748,308.4,TRUE,4.2,500,300
3838,2016/10/12 1:31,130.6133262,46.3256855,5133222.045,393216.1117,9.6304,310.5,TRUE,4.2,500,300
3839,2016/10/12 1:31,130.613227,46.32574367,5133228.645,393208.5882,9.26,310.9,TRUE,4.2,500,300
3840,2016/10/12 1:31,130.6131145,46.32580317,5133235.411,393200.0408,10.5564,307,TRUE,4.2,500,300
3841,2016/10/12 1:31,130.6130048,46.3258665,5133242.598,393191.7188,10.0008,312.9,TRUE,4.2,500,300
3842,2016/10/12 1:31,130.6128968,46.32593033,5133249.839,393183.5264,9.6304,310.7,TRUE,4.2,500,300
3843,2016/10/12 1:31,130.6127833,46.325997,5133257.403,393174.916,10.5564,310.8,TRUE,4.2,500,300
3844,2016/10/12 1:31,130.6126673,46.32606567,5133265.192,393166.117,10.3712,310,TRUE,4.2,500,300
3845,2016/10/12 1:31,130.6125608,46.32612417,5133271.838,393158.0297,9.26,309.7,TRUE,4.2,500,300
3846,2016/10/12 1:31,130.6124727,46.32617633,5133277.755,393151.3425,7.778399,313.1,TRUE,4.2,500,300
3847,2016/10/12 1:31,130.612394,46.32622017,5133282.734,393145.3698,6.1116,308.9,TRUE,4.2,500,300
3848,2016/10/12 1:32,130.6123092,46.32626717,5133288.073,393138.9289,8.334,312.9,TRUE,4.2,500,300
3849,2016/10/12 1:32,130.6122167,46.32631933,5133293.996,393131.9075,8.7044,306.4,TRUE,4.2,500,300
3850,2016/10/12 1:32,130.612127,46.3263695,5133299.694,393125.1001,7.9636,306.5,TRUE,4.2,500,300
3851,2016/10/12 1:32,130.612032,46.3264205,5133305.491,393117.884,8.7044,306.2,TRUE,4.2,500,300
3852,2016/10/12 1:32,130.6119343,46.32647633,5133311.829,393110.4716,8.889601,309.7,TRUE,4.2,500,300
3853,2016/10/12 1:32,130.6118367,46.32652883,5133317.796,393103.0535,8.334,307.1,TRUE,4.2,500,300
3854,2016/10/12 1:32,130.611753,46.32657783,5133323.356,393096.706,6.6672,306.9,TRUE,4.2,500,300
3855,2016/10/12 1:32,130.6116972,46.32660967,5133326.97,393092.4688,4.63,315.4,TRUE,4.2,500,300
3856,2016/10/12 1:32,130.6116277,46.3266525,5133331.825,393087.2004,7.5932,312.8,TRUE,4.2,500,300
3857,2016/10/12 1:32,130.6115348,46.326704,5133337.675,393080.1516,8.889601,305.2,TRUE,4.2,500,300
3858,2016/10/12 1:32,130.6114382,46.32675783,5133343.789,393072.8132,8.1488,304.2,TRUE,4.2,500,300
3859,2016/10/12 1:32,130.611349,46.326808,5133349.486,393066.0444,7.2228,308.7,TRUE,4.2,500,300
3860,2016/10/12 1:32,130.6112508,46.326864,5133355.843,393058.594,8.334,310,TRUE,4.2,500,300
3861,2016/10/12 1:32,130.6111583,46.3269205,5133362.248,393051.5812,8.1488,309.8,TRUE,4.2,500,300
3862,2016/10/12 1:32,130.6110785,46.3269665,5133367.469,393045.5235,5.9264,309.7,TRUE,4.2,333,300
3863,2016/10/12 1:33,130.6109948,46.32701633,5133373.121,393039.1777,7.408,309.8,TRUE,4.2,500,300
3864,2016/10/12 1:33,130.6109233,46.32705883,5133377.942,393033.7547,5.9264,312,TRUE,4.2,500,300
3865,2016/10/12 1:33,130.6108443,46.32709883,5133382.495,393027.7493,7.5932,306.2,TRUE,4.2,500,300
3866,2016/10/12 1:33,130.6107558,46.32715033,5133388.339,393021.0349,8.1488,311.4,TRUE,4.2,500,300
3867,2016/10/12 1:33,130.6106665,46.327198,5133393.759,393014.249,8.334,307.3,TRUE,4.2,500,300
3868,2016/10/12 1:33,130.610581,46.32724767,5133399.395,393007.762,7.9636,308.4,TRUE,4.2,500,300
3869,2016/10/12 1:33,130.610488,46.32730917,5133406.357,393000.7205,7.778399,314.6,TRUE,4.2,500,300
3870,2016/10/12 1:33,130.6104032,46.32735583,5133411.658,392994.2792,7.408,306.7,TRUE,4.2,500,300
3871,2016/10/12 1:33,130.6103147,46.3274055,5133417.299,392987.5612,7.2228,312.3,TRUE,4.2,500,300
3872,2016/10/12 1:33,130.6102415,46.32745533,5133422.937,392982.0241,5.556,314.1,TRUE,4.2,500,300
3873,2016/10/12 1:33,130.6101785,46.3274955,5133427.487,392977.2512,6.2968,315.7,TRUE,4.2,500,300
3874,2016/10/12 1:33,130.6101263,46.327525,5133430.836,392973.2914,3.1484,308,TRUE,4.2,500,300
3875,2016/10/12 1:33,130.6100597,46.32754433,5133433.075,392968.196,6.482,269.6,FALSE,4.2,0,300
3876,2016/10/12 1:33,130.6100127,46.3275075,5133429.045,392964.505,6.482,189.4,FALSE,4.2,0,300
3877,2016/10/12 1:33,130.6099935,46.32743617,5133421.142,392962.8897,6.6672,209.9,FALSE,4.2,0,300
3878,2016/10/12 1:34,130.6099797,46.327365,5133413.25,392961.6859,8.519199,165,FALSE,4.2,0,300
3879,2016/10/12 1:34,130.6100382,46.32731883,5133408.038,392966.1005,7.408,129.1,FALSE,4.2,0,300
3880,2016/10/12 1:34,130.6101092,46.327282,5133403.849,392971.496,7.0376,131,TRUE,4.2,500,300
3881,2016/10/12 1:34,130.610177,46.32724517,5133399.663,392976.6473,6.6672,131.1,TRUE,4.2,500,300
3882,2016/10/12 1:34,130.6102552,46.32720383,5133394.962,392982.5861,6.8524,129.1,TRUE,4.2,500,300
3883,2016/10/12 1:34,130.6103143,46.32717133,5133391.27,392987.0783,4.63,128.1,TRUE,4.2,500,300
3884,2016/10/12 1:34,130.6103757,46.327138,5133387.482,392991.7368,5.556,131.1,TRUE,4.2,500,300
3885,2016/10/12 1:34,130.6104468,46.3271005,5133383.218,392997.1433,6.8524,128.1,TRUE,4.2,500,300
3886,2016/10/12 1:34,130.6105122,46.32706317,5133378.98,393002.102,5.9264,134.6,TRUE,4.2,500,300
3887,2016/10/12 1:34,130.6105888,46.32702283,5133374.392,393007.9265,7.778399,129.7,TRUE,4.2,500,300
3888,2016/10/12 1:34,130.6106693,46.32697917,5133369.43,393014.0402,7.2228,129.5,TRUE,4.2,500,300
3889,2016/10/12 1:34,130.6107485,46.32693767,5133364.71,393020.0558,6.2968,126.3,TRUE,4.2,500,300
3890,2016/10/12 1:34,130.6108165,46.32689767,5133360.172,393025.2141,7.2228,131.4,TRUE,4.2,500,300
3891,2016/10/12 1:34,130.610919,46.32684083,5133353.716,393032.9963,9.26,133,TRUE,4.2,500,300
3892,2016/10/12 1:34,130.6110152,46.32678817,5133347.732,393040.2992,7.9636,126.1,TRUE,4.2,500,300
3893,2016/10/12 1:35,130.6110915,46.3267465,5133342.997,393046.0958,6.6672,127.8,TRUE,4.2,500,300
3894,2016/10/12 1:35,130.6111788,46.326696,5133337.266,393052.7222,7.9636,129.3,TRUE,4.2,500,300
3895,2016/10/12 1:35,130.6112695,46.32664233,5133331.178,393059.5996,8.7044,127.6,TRUE,4.2,500,300
3896,2016/10/12 1:35,130.6113657,46.32659,5133325.231,393066.9032,8.1488,127.2,TRUE,4.2,500,300
3897,2016/10/12 1:35,130.6114642,46.3265335,5133318.818,393074.3781,8.519199,129.4,TRUE,4.2,500,300
3898,2016/10/12 1:35,130.6115555,46.3264815,5133312.915,393081.3097,7.778399,130.8,TRUE,4.2,500,300
3899,2016/10/12 1:35,130.6116528,46.3264235,5133306.336,393088.6916,8.7044,131.2,TRUE,4.2,500,300
3900,2016/10/12 1:35,130.6117572,46.32636083,5133299.229,393096.6043,8.1488,131.6,TRUE,4.2,500,300
3901,2016/10/12 1:35,130.6118528,46.326304,5133292.783,393103.8599,9.6304,127.7,TRUE,4.2,500,300
3902,2016/10/12 1:35,130.611955,46.326247,5133286.309,393111.6165,9.6304,130.5,TRUE,4.2,500,300
3903,2016/10/12 1:35,130.6120695,46.3261775,5133278.429,393120.2983,10.0008,130.9,TRUE,4.2,500,300
3904,2016/10/12 1:35,130.6121827,46.326112,5133270.996,393128.8855,10.3712,129.5,TRUE,4.2,500,300
3905,2016/10/12 1:35,130.6122892,46.32604783,5133263.719,393136.9616,10.3712,128.8,TRUE,4.2,500,300
3906,2016/10/12 1:35,130.6123995,46.325987,5133256.809,393145.3392,9.8156,126.5,TRUE,4.2,500,300
3907,2016/10/12 1:35,130.6125173,46.3259215,5133249.369,393154.2853,10.7416,127.9,TRUE,4.2,500,300
3908,2016/10/12 1:36,130.612638,46.3258575,5133242.092,393163.4531,10.7416,128.1,TRUE,4.2,500,300
3909,2016/10/12 1:36,130.6127608,46.32578683,5133234.071,393172.7741,11.112,130.3,TRUE,4.2,500,300
3910,2016/10/12 1:36,130.6128827,46.3257115,5133225.533,393182.01,11.112,129.4,TRUE,4.2,500,300
3911,2016/10/12 1:36,130.613002,46.3256385,5133217.258,393191.057,11.112,133.5,TRUE,4.2,500,300
3912,2016/10/12 1:36,130.6131195,46.325567,5133209.152,393199.9661,10.3712,129.8,TRUE,4.2,500,300
3913,2016/10/12 1:36,130.6132392,46.32550283,5133201.858,393209.0566,10.5564,126.6,TRUE,4.2,500,300
3914,2016/10/12 1:36,130.613356,46.325437,5133194.383,393217.9252,10.5564,127.7,TRUE,4.2,500,300
3915,2016/10/12 1:36,130.6134733,46.32536717,5133186.463,393226.8246,10.9268,132.1,TRUE,4.2,500,300
3916,2016/10/12 1:36,130.6135922,46.32529583,5133178.373,393235.8373,10.7416,130.6,TRUE,4.2,500,300
3917,2016/10/12 1:36,130.6137145,46.32522533,5133170.371,393245.1204,11.112,130.2,TRUE,4.2,500,300
3918,2016/10/12 1:36,130.6138355,46.32515567,5133162.465,393254.3027,11.2972,131.5,TRUE,4.2,500,300
3919,2016/10/12 1:36,130.6139582,46.32508217,5133154.13,393263.6062,11.112,131,TRUE,4.2,500,300
3920,2016/10/12 1:36,130.6140813,46.32501133,5133146.089,393272.9527,11.112,127.2,TRUE,4.2,500,300
3921,2016/10/12 1:36,130.6142063,46.3249385,5133137.825,393282.437,11.112,130.4,TRUE,4.2,500,300
3922,2016/10/12 1:36,130.6143278,46.32486783,5133129.806,393291.656,10.7416,130.2,TRUE,4.2,500,300
3923,2016/10/12 1:37,130.614446,46.32479967,5133122.071,393300.6234,10.3712,130.7,TRUE,4.2,500,300
3924,2016/10/12 1:37,130.6145668,46.324731,5133114.275,393309.7948,11.112,130.6,TRUE,4.2,500,300
3925,2016/10/12 1:37,130.6146915,46.32466117,5133106.345,393319.2596,10.9268,127.8,TRUE,4.2,500,300
3926,2016/10/12 1:37,130.6148187,46.32458817,5133098.059,393328.9108,11.112,128.9,TRUE,4.2,500,300
3927,2016/10/12 1:37,130.614944,46.3245165,5133089.924,393338.4229,10.9268,128.9,TRUE,4.2,500,300
3928,2016/10/12 1:37,130.615084,46.32443567,5133080.751,393349.0469,13.3344,130.8,TRUE,4.2,500,300
3929,2016/10/12 1:37,130.6152272,46.3243535,5133071.424,393359.9125,12.7788,128.9,TRUE,4.2,500,300
3930,2016/10/12 1:37,130.6153633,46.3242785,5133062.904,393370.2522,11.6676,128.7,TRUE,4.2,500,300
3931,2016/10/12 1:37,130.615494,46.32420133,5133054.15,393380.165,11.8528,131.2,TRUE,4.2,500,300
3932,2016/10/12 1:37,130.6156325,46.32412117,5133045.053,393390.6749,12.7788,131,TRUE,4.2,500,300
3933,2016/10/12 1:37,130.615771,46.3240395,5133035.789,393401.182,12.2232,130.6,TRUE,4.2,500,300
3934,2016/10/12 1:37,130.6159002,46.32395667,5133026.408,393410.9683,11.8528,131.1,TRUE,4.2,500,300
3935,2016/10/12 1:37,130.6160215,46.32388983,5133018.815,393420.182,10.9268,129.1,TRUE,4.2,500,300
3936,2016/10/12 1:37,130.6161297,46.32382917,5133011.927,393428.3943,9.4452,129.7,TRUE,4.2,500,300
3937,2016/10/12 1:37,130.6162302,46.3237615,5133004.27,393436.0023,10.5564,137,TRUE,4.2,500,300
3938,2016/10/12 1:38,130.6163353,46.32369067,5132996.255,393443.963,9.4452,133.8,TRUE,4.2,500,300
3939,2016/10/12 1:38,130.6164315,46.32362167,5132988.456,393451.235,9.6304,141.4,TRUE,4.2,500,300
3940,2016/10/12 1:38,130.6165078,46.32356483,5132982.035,393457.0028,6.8524,135.6,TRUE,4.2,497,300
3941,2016/10/12 1:38,130.6165545,46.323547,5132979.99,393460.5622,4.2596,108.9,FALSE,4.2,0,300
3942,2016/10/12 1:38,130.6165878,46.323554,5132980.724,393463.1425,0,0,FALSE,4.2,0,300
3943,2016/10/12 1:38,130.6165515,46.3235345,5132978.605,393460.3069,3.3336,226.7,FALSE,4.2,0,300
3944,2016/10/12 1:38,130.6165688,46.323546,5132979.86,393461.6638,4.0744,38.1,FALSE,4.2,0,300
3945,2016/10/12 1:38,130.6165722,46.32359867,5132985.71,393462.0233,6.2968,333.1,FALSE,4.2,0,300
3946,2016/10/12 1:38,130.6165442,46.32366683,5132993.324,393459.9994,6.6672,353.7,FALSE,4.2,0,300
3947,2016/10/12 1:38,130.6165318,46.323735,5133000.918,393459.1814,7.2228,346.4,FALSE,4.2,0,300
3948,2016/10/12 1:38,130.6165065,46.32380533,5133008.77,393457.3673,7.778399,345.6,FALSE,4.2,0,300
3949,2016/10/12 1:38,130.6164885,46.32387683,5133016.742,393456.12,7.408,349.8,FALSE,4.2,0,300
3950,2016/10/12 1:38,130.6164577,46.323946,5133024.472,393453.8801,7.2228,333.5,FALSE,4.2,0,300
3951,2016/10/12 1:38,130.6163852,46.32399033,5133029.497,393448.383,6.8524,308.4,FALSE,4.2,0,300
3952,2016/10/12 1:38,130.6163153,46.32403367,5133034.408,393443.0889,6.8524,316.8,TRUE,4.2,500,300
3953,2016/10/12 1:39,130.6162422,46.32407967,5133039.62,393437.5443,7.0376,311.4,TRUE,4.2,500,300
3954,2016/10/12 1:39,130.6161583,46.32412817,5133045.124,393431.182,7.778399,306.1,TRUE,4.2,500,300
3955,2016/10/12 1:39,130.616067,46.3241775,5133050.73,393424.2446,8.7044,310.6,TRUE,4.2,500,300
3956,2016/10/12 1:39,130.6159622,46.32423083,5133056.799,393416.2754,9.26,307.2,TRUE,4.2,500,300
3957,2016/10/12 1:39,130.6158617,46.32428983,5133063.493,393408.6506,8.889601,309.6,TRUE,4.2,500,300
3958,2016/10/12 1:39,130.6157682,46.32434283,5133069.51,393401.5533,8.7044,310.4,TRUE,4.2,500,300
3959,2016/10/12 1:39,130.6156767,46.32439283,5133075.191,393394.6042,8.1488,310.5,TRUE,4.2,500,300
3960,2016/10/12 1:39,130.6155822,46.32444817,5133081.469,393387.4344,9.26,311.1,TRUE,4.2,500,300
3961,2016/10/12 1:39,130.6154735,46.32450617,5133088.063,393379.1786,9.8156,307.8,TRUE,4.2,500,300
3962,2016/10/12 1:39,130.6153732,46.3245625,5133094.459,393371.5619,8.889601,309.8,TRUE,4.2,500,300
3963,2016/10/12 1:39,130.615275,46.32462,5133100.983,393364.1137,9.6304,313.1,TRUE,4.2,500,300
3964,2016/10/12 1:39,130.6151712,46.324675,5133107.236,393356.2249,8.519199,306.1,TRUE,4.2,500,300
3965,2016/10/12 1:39,130.6150728,46.32472783,5133113.241,393348.7546,8.889601,311.6,TRUE,4.2,500,300
3966,2016/10/12 1:39,130.6149703,46.3247835,5133119.567,393340.9695,8.889601,307.9,TRUE,4.2,500,300
3967,2016/10/12 1:39,130.6148658,46.32484483,5133126.525,393333.0414,9.6304,308.2,TRUE,4.2,500,300
3968,2016/10/12 1:40,130.6147547,46.32490633,5133133.511,393324.6008,9.6304,310.2,TRUE,4.2,500,300
3969,2016/10/12 1:40,130.6146465,46.32497117,5133140.864,393316.3969,10.186,313.7,TRUE,4.2,500,300
3970,2016/10/12 1:40,130.61454,46.32503717,5133148.344,393308.324,9.6304,309.4,TRUE,4.2,500,300
3971,2016/10/12 1:40,130.6144258,46.32510033,5133155.518,393299.6548,9.8156,310.3,TRUE,4.2,500,300
3972,2016/10/12 1:40,130.614312,46.32516733,5133163.119,393291.0194,9.8156,309.3,TRUE,4.2,500,300
3973,2016/10/12 1:40,130.614196,46.32522767,5133169.982,393282.2039,10.186,308,TRUE,4.2,500,300
3974,2016/10/12 1:40,130.6140823,46.32528883,5133176.934,393273.5695,10.186,308.9,TRUE,4.2,500,300
3975,2016/10/12 1:40,130.6139668,46.32535867,5133184.853,393264.811,10.9268,313.2,TRUE,4.2,500,300
3976,2016/10/12 1:40,130.6138535,46.3254245,5133192.323,393256.2119,10.3712,311.3,TRUE,4.2,500,300
3977,2016/10/12 1:40,130.6137395,46.32548867,5133199.609,393247.5579,9.6304,309.9,TRUE,4.2,500,300
3978,2016/10/12 1:40,130.613621,46.325551,5133206.697,393238.5539,10.186,305.4,TRUE,4.2,500,300
3979,2016/10/12 1:40,130.6135098,46.325616,5133214.072,393230.1195,9.6304,311.5,TRUE,4.2,500,300
3980,2016/10/12 1:40,130.6134225,46.325671,5133220.304,393223.5016,7.5932,307.9,TRUE,4.2,500,300
3981,2016/10/12 1:40,130.6133225,46.3257205,5133225.941,393215.8972,9.26,306.5,TRUE,4.2,500,300
3982,2016/10/12 1:40,130.6132128,46.32578017,5133232.721,393207.5681,10.7416,310.8,TRUE,4.2,500,300
3983,2016/10/12 1:41,130.6131012,46.32584283,5133239.837,393199.0915,9.26,307.4,TRUE,4.2,500,300
3984,2016/10/12 1:41,130.6129958,46.325899,5133246.223,393191.089,9.26,309.8,TRUE,4.2,500,300
3985,2016/10/12 1:41,130.6128838,46.32596133,5133253.302,393182.5856,10.186,311.4,TRUE,4.2,500,300
3986,2016/10/12 1:41,130.6127743,46.32602817,5133260.879,393174.2836,10.0008,311.7,TRUE,4.2,500,300
3987,2016/10/12 1:41,130.612666,46.32609317,5133268.251,393166.0681,9.8156,309.1,TRUE,4.2,500,300
3988,2016/10/12 1:41,130.6125573,46.32615817,5133275.622,393157.8264,10.186,310.9,TRUE,4.2,500,300
3989,2016/10/12 1:41,130.6124525,46.32622517,5133283.211,393149.8844,8.7044,316.3,TRUE,4.2,500,300
3990,2016/10/12 1:41,130.61238,46.32626483,5133287.718,393144.3787,5.556,315.2,TRUE,4.2,500,300
3991,2016/10/12 1:41,130.6122963,46.32631033,5133292.888,393138.0242,8.1488,308.1,TRUE,4.2,500,300
3992,2016/10/12 1:41,130.6121875,46.32636583,5133299.204,393129.7518,9.4452,311,TRUE,4.2,500,300
3993,2016/10/12 1:41,130.612108,46.32641667,5133304.963,393123.7289,6.482,312.6,TRUE,4.2,500,300
3994,2016/10/12 1:41,130.6120438,46.3264555,5133309.365,393118.8631,7.0376,311.2,TRUE,4.2,500,300
3995,2016/10/12 1:41,130.6119472,46.3265035,5133314.831,393111.5133,8.519199,304.8,TRUE,4.2,500,300
3996,2016/10/12 1:41,130.6118677,46.32655033,5133320.144,393105.4826,6.1116,310,TRUE,4.2,500,300
3997,2016/10/12 1:41,130.6117927,46.32659333,5133325.025,393099.791,6.8524,305,TRUE,4.2,500,300
3998,2016/10/12 1:42,130.611707,46.32664167,5133330.514,393093.2881,7.5932,308.7,TRUE,4.2,500,300
3999,2016/10/12 1:42,130.6116223,46.3266895,5133335.945,393086.8613,8.334,309,TRUE,4.2,500,300
4000,2016/10/12 1:42,130.6115358,46.32674583,5133342.323,393080.3101,7.5932,315.2,TRUE,4.2,500,300
4001,2016/10/12 1:42,130.611445,46.32681117,5133349.709,393073.4431,9.4452,315.2,TRUE,4.2,500,300
4002,2016/10/12 1:42,130.6113488,46.32687317,5133356.73,393066.1583,7.9636,310,TRUE,4.2,500,300
4003,2016/10/12 1:42,130.6112552,46.32692817,5133362.97,393059.0533,7.778399,309.6,TRUE,4.2,500,300
4004,2016/10/12 1:42,130.6111622,46.32698083,5133368.949,393051.9945,7.9636,307.3,TRUE,4.2,500,300
4005,2016/10/12 1:42,130.6110572,46.32704467,5133376.187,393044.0334,9.0748,310.7,TRUE,4.2,500,300
4006,2016/10/12 1:42,130.6109522,46.32710383,5133382.905,393036.0633,9.26,310.1,TRUE,4.2,500,300
4007,2016/10/12 1:42,130.610837,46.327161,5133389.415,393027.3061,9.8156,305.2,TRUE,4.2,500,300
4008,2016/10/12 1:42,130.6107255,46.32722883,5133397.106,393018.8524,9.8156,311.5,TRUE,4.2,424,300
4009,2016/10/12 1:42,130.610628,46.32729217,5133404.278,393011.468,8.1488,314.6,TRUE,4.2,500,300
4010,2016/10/12 1:42,130.6105358,46.32735117,5133410.961,393004.4855,8.7044,313.3,TRUE,4.2,500,300
4011,2016/10/12 1:42,130.6104468,46.3274045,5133417.009,392997.7362,8.519199,316.1,TRUE,4.2,500,300
4012,2016/10/12 1:42,130.6103555,46.3274545,5133422.69,392990.8009,8.334,308.7,TRUE,4.2,500,300
4013,2016/10/12 1:43,130.6102755,46.32751067,5133429.042,392984.7501,8.1488,317.9,TRUE,4.2,500,300
4014,2016/10/12 1:43,130.6102137,46.3275495,5133433.442,392980.0647,4.0744,302.9,TRUE,4.2,500,300
4015,2016/10/12 1:43,130.6101605,46.32758,5133436.904,392976.0299,4.8152,313.6,TRUE,4.2,500,300
4016,2016/10/12 1:43,130.6101062,46.32761067,5133440.386,392971.9061,3.8892,299.2,TRUE,4.2,500,300
4017,2016/10/12 1:43,130.6100252,46.32760633,5133440.013,392965.6603,5.7412,234.3,FALSE,4.2,0,300
4018,2016/10/12 1:43,130.6100072,46.32755617,5133434.462,392964.1764,5.3708,184.8,FALSE,4.2,0,300
4019,2016/10/12 1:43,130.6099875,46.3275085,5133429.19,392962.5688,5.9264,188.3,FALSE,4.2,0,300
4020,2016/10/12 1:43,130.6099722,46.32745417,5133423.172,392961.2823,5.0004,188.5,FALSE,4.2,0,300
4021,2016/10/12 1:43,130.6100057,46.32741367,5133418.624,392963.7829,6.2968,130.8,FALSE,4.2,0,300
4022,2016/10/12 1:43,130.6100423,46.32739633,5133416.647,392966.5721,0.1852,76.9,FALSE,4.2,0,300
4023,2016/10/12 1:43,130.6100368,46.32739767,5133416.804,392966.1511,0,244.2,FALSE,4.2,0,300
4024,2016/10/12 1:43,130.6100358,46.32740167,5133417.25,392966.0819,0,0,FALSE,4.2,0,300
4025,2016/10/12 1:43,130.6100365,46.32740567,5133417.694,392966.1413,0,0,FALSE,4.2,0,300
4026,2016/10/12 1:43,130.6100345,46.3274085,5133418.011,392965.9929,0,0,FALSE,4.2,0,300
4027,2016/10/12 1:43,130.6100335,46.32740917,5133418.087,392965.9172,0,0,FALSE,4.2,0,300
4028,2016/10/12 1:44,130.6100352,46.3274135,5133418.566,392966.0542,0.926,42.5,TRUE,4.2,403,300
4029,2016/10/12 1:44,130.6100295,46.32741333,5133418.554,392965.6173,0.3704,181.6,FALSE,4.2,0,300
4030,2016/10/12 1:44,130.6100282,46.3274135,5133418.575,392965.5152,0,0,FALSE,4.2,0,300
4031,2016/10/12 1:44,130.6100282,46.32741317,5133418.538,392965.5145,0,345.6,FALSE,4.2,0,300
4032,2016/10/12 1:44,130.6100328,46.32740983,5133418.161,392965.8669,0.1852,157.4,FALSE,4.2,0,300
4033,2016/10/12 1:44,130.6100307,46.32740767,5133417.924,392965.6963,0.3704,222.1,FALSE,4.2,0,300
4034,2016/10/12 1:44,130.6100342,46.32740817,5133417.975,392965.9668,0,112.9,FALSE,4.2,0,300
4035,2016/10/12 1:44,130.6100342,46.32740683,5133417.826,392965.9642,0,276.8,FALSE,4.2,0,300
4036,2016/10/12 1:44,130.610035,46.32740833,5133417.991,392966.031,0,325.1,FALSE,4.2,0,300
4037,2016/10/12 1:44,130.6100352,46.32740317,5133417.417,392966.0341,0,239.4,FALSE,4.2,0,300
4038,2016/10/12 1:44,130.6100387,46.327396,5133416.616,392966.2896,0,156,FALSE,4.2,0,300
4039,2016/10/12 1:44,130.61004,46.3273945,5133416.447,392966.3891,0,82,FALSE,4.2,0,300
4040,2016/10/12 1:44,130.6100405,46.32739217,5133416.188,392966.423,0,346.9,FALSE,4.2,0,300
4041,2016/10/12 1:44,130.6100395,46.32739183,5133416.151,392966.3454,0.3704,333.5,FALSE,4.2,0,300
4042,2016/10/12 1:44,130.6100408,46.32739033,5133415.983,392966.4448,0,68.1,FALSE,4.2,0,300
4043,2016/10/12 1:45,130.6100435,46.3273855,5133415.442,392966.641,0,171,FALSE,4.2,0,300
4044,2016/10/12 1:45,130.610041,46.32738283,5133415.149,392966.4433,0.3704,223.6,FALSE,4.2,0,300
4045,2016/10/12 1:45,130.6100428,46.327379,5133414.72,392966.5768,0,13.2,FALSE,4.2,0,300
4046,2016/10/12 1:45,130.6100398,46.32738183,5133415.039,392966.3513,0,316.7,FALSE,4.2,0,300
4047,2016/10/12 1:45,130.6100385,46.32738417,5133415.301,392966.2534,0,186.8,FALSE,4.2,0,300
4048,2016/10/12 1:45,130.6100395,46.3273855,5133415.447,392966.333,0,174.4,FALSE,4.2,0,300
4049,2016/10/12 1:45,130.6100385,46.32738767,5133415.69,392966.2602,0,0,FALSE,4.2,0,300
4050,2016/10/12 1:45,130.6100367,46.32738667,5133415.581,392966.1174,0,0,FALSE,4.2,0,300
4051,2016/10/12 1:45,130.6100352,46.32738783,5133415.712,392966.0041,0,0,FALSE,4.2,0,300
4052,2016/10/12 1:45,130.610034,46.327385,5133415.399,392965.9085,0,0,FALSE,4.2,0,300
4053,2016/10/12 1:45,130.610032,46.32738267,5133415.143,392965.75,0,0,FALSE,4.2,0,300
4054,2016/10/12 1:45,130.6100312,46.32738233,5133415.106,392965.6854,0,0,FALSE,4.2,0,300
4055,2016/10/12 1:45,130.6100305,46.32738217,5133415.089,392965.6335,0,0,FALSE,4.2,0,300
4056,2016/10/12 1:45,130.6100308,46.32738233,5133415.107,392965.6592,0,0,FALSE,4.2,0,300
4057,2016/10/12 1:45,130.6100308,46.32738083,5133414.94,392965.6563,0,0,FALSE,4.2,0,300
4058,2016/10/12 1:46,130.6100317,46.32738033,5133414.883,392965.72,0,0,FALSE,4.2,0,300
4059,2016/10/12 1:46,130.6100335,46.32737783,5133414.603,392965.856,0,0,FALSE,4.2,0,300
4060,2016/10/12 1:46,130.6100347,46.32737567,5133414.361,392965.9419,0,0,FALSE,4.2,0,300
4061,2016/10/12 1:46,130.6100353,46.32737433,5133414.211,392965.9901,0,0,FALSE,4.2,0,300
4062,2016/10/12 1:46,130.610037,46.32737383,5133414.154,392966.1177,0,0,FALSE,4.2,0,300
4063,2016/10/12 1:46,130.610038,46.3273735,5133414.116,392966.1941,0,0,FALSE,4.2,0,300
4064,2016/10/12 1:46,130.6100395,46.32737283,5133414.039,392966.3083,0,0,FALSE,4.2,0,300
4065,2016/10/12 1:46,130.6100405,46.32737233,5133413.982,392966.3843,0,0,FALSE,4.2,0,300
4066,2016/10/12 1:46,130.6100417,46.327373,5133414.055,392966.4757,0,0,FALSE,4.2,0,300
4067,2016/10/12 1:46,130.6100418,46.32737383,5133414.147,392966.4897,0,0,FALSE,4.2,0,300
4068,2016/10/12 1:46,130.6100423,46.32737467,5133414.24,392966.5298,0,0,FALSE,4.2,0,300
4069,2016/10/12 1:46,130.6100438,46.32737483,5133414.256,392966.6456,0,0,FALSE,4.2,0,300
4070,2016/10/12 1:46,130.6100438,46.3273755,5133414.33,392966.6469,0,0,FALSE,4.2,0,300
4071,2016/10/12 1:46,130.6100443,46.32737567,5133414.348,392966.6858,0,0,FALSE,4.2,0,300
4072,2016/10/12 1:46,130.610044,46.32737567,5133414.349,392966.6604,0,0,FALSE,4.2,0,300
4073,2016/10/12 1:47,130.6100437,46.32737517,5133414.294,392966.634,0,0,FALSE,4.2,0,300
4074,2016/10/12 1:47,130.610044,46.32737517,5133414.293,392966.6594,0,0,FALSE,4.2,0,300
4075,2016/10/12 1:47,130.6100438,46.32737517,5133414.293,392966.6463,0,0,FALSE,4.2,0,300
4076,2016/10/12 1:47,130.6100443,46.32737533,5133414.31,392966.6851,0,0,FALSE,4.2,0,300
4077,2016/10/12 1:47,130.6100447,46.3273755,5133414.329,392966.7116,0,0,FALSE,4.2,0,300
4078,2016/10/12 1:47,130.6100442,46.32737633,5133414.422,392966.6747,0,0,FALSE,4.2,0,300
4079,2016/10/12 1:47,130.6100452,46.32737733,5133414.532,392966.7537,0,0,FALSE,4.2,0,300
4080,2016/10/12 1:47,130.6100445,46.3273775,5133414.551,392966.7024,0,0,FALSE,4.2,0,300
4081,2016/10/12 1:47,130.610043,46.32737867,5133414.684,392966.5892,0,0,FALSE,4.2,0,300
4082,2016/10/12 1:47,130.6100423,46.327379,5133414.721,392966.5382,0,0,FALSE,4.2,0,300
4083,2016/10/12 1:47,130.6100417,46.32737917,5133414.741,392966.4878,0,0,FALSE,4.2,0,300
4084,2016/10/12 1:47,130.6100413,46.32737917,5133414.741,392966.4616,0,0,FALSE,4.2,0,300
4085,2016/10/12 1:47,130.610041,46.32737917,5133414.742,392966.4362,0,0,FALSE,4.2,0,300
4086,2016/10/12 1:47,130.610041,46.3273795,5133414.778,392966.4368,0,0,FALSE,4.2,0,300
4087,2016/10/12 1:47,130.6100408,46.32737917,5133414.742,392966.4231,0,0,FALSE,4.2,0,300
4088,2016/10/12 1:48,130.6100402,46.32737867,5133414.687,392966.3713,0,0,FALSE,4.2,0,300
4089,2016/10/12 1:48,130.6100395,46.32737833,5133414.65,392966.319,0,0,FALSE,4.2,0,300
4090,2016/10/12 1:48,130.6100395,46.32737817,5133414.633,392966.3187,0,0,FALSE,4.2,0,300
4091,2016/10/12 1:48,130.6100373,46.32738,5133414.839,392966.1552,0,0,FALSE,4.2,0,300
4092,2016/10/12 1:48,130.6100375,46.32737933,5133414.764,392966.167,0,0,FALSE,4.2,0,300
4093,2016/10/12 1:48,130.6100377,46.32737933,5133414.764,392966.1801,0,0,FALSE,4.2,0,300
4094,2016/10/12 1:48,130.6100377,46.32737917,5133414.746,392966.1797,0,0,FALSE,4.2,0,300
4095,2016/10/12 1:48,130.610035,46.32738167,5133415.028,392965.979,0,0,FALSE,4.2,0,300
4096,2016/10/12 1:48,130.6100355,46.32738117,5133414.972,392966.0165,0,0,FALSE,4.2,0,300
4097,2016/10/12 1:48,130.6100367,46.327381,5133414.951,392966.1063,0,0,FALSE,4.2,0,300
4098,2016/10/12 1:48,130.610094,46.32734383,5133410.742,392970.4484,8.334,137.4,TRUE,4.2,453,300
4099,2016/10/12 1:48,130.6101702,46.32729817,5133405.564,392976.2248,6.8524,133.4,TRUE,4.2,500,300
4100,2016/10/12 1:48,130.610242,46.32725817,5133401.02,392981.678,7.0376,131,TRUE,4.2,500,300
4101,2016/10/12 1:48,130.6103162,46.32721617,5133396.252,392987.3075,6.8524,130.1,TRUE,4.2,500,300
4102,2016/10/12 1:48,130.6103902,46.32717067,5133391.094,392992.9171,7.2228,129.8,TRUE,4.2,500,300
4103,2016/10/12 1:49,130.6104687,46.32712783,5133386.226,392998.8784,6.2968,127.6,TRUE,4.2,500,300
4104,2016/10/12 1:49,130.6105438,46.32708383,5133381.234,393004.5802,5.9264,128.8,TRUE,4.2,500,300
4105,2016/10/12 1:49,130.6106212,46.32704133,5133376.405,393010.4529,7.2228,127.5,TRUE,4.2,500,300
4106,2016/10/12 1:49,130.610705,46.3269965,5133371.309,393016.8208,7.2228,125.2,TRUE,4.2,500,300
4107,2016/10/12 1:49,130.6107802,46.32695217,5133366.279,393022.5228,6.6672,132.3,TRUE,4.2,500,300
4108,2016/10/12 1:49,130.610859,46.32690617,5133361.06,393028.5034,6.6672,127.7,TRUE,4.2,500,300
4109,2016/10/12 1:49,130.6109387,46.32685667,5133355.45,393034.5419,6.1116,133.4,TRUE,4.2,500,300
4110,2016/10/12 1:49,130.6110033,46.3268165,5133350.897,393039.4427,5.9264,131.9,TRUE,4.2,500,300
4111,2016/10/12 1:49,130.6110805,46.32677383,5133346.05,393045.302,6.8524,132.1,TRUE,4.2,500,300
4112,2016/10/12 1:49,130.6111638,46.32672433,5133340.435,393051.6223,8.7044,129.7,TRUE,4.2,500,300
4113,2016/10/12 1:49,130.6112652,46.32666917,5133334.167,393059.3185,8.889601,127,TRUE,4.2,500,300
4114,2016/10/12 1:49,130.6113698,46.32661,5133327.449,393067.2625,10.186,127.4,TRUE,4.2,500,300
4115,2016/10/12 1:49,130.6114817,46.32654683,5133320.276,393075.7517,10.186,129.9,TRUE,4.2,500,300
4116,2016/10/12 1:49,130.6115977,46.32648117,5133312.821,393084.5564,10.3712,129.2,TRUE,4.2,500,300
4117,2016/10/12 1:49,130.6117068,46.32641667,5133305.504,393092.8366,9.6304,128.2,TRUE,4.2,500,300
4118,2016/10/12 1:50,130.6118138,46.326351,5133298.06,393100.9483,10.0008,134.1,TRUE,4.2,500,300
4119,2016/10/12 1:50,130.6119237,46.32628667,5133290.761,393109.2812,9.6304,134,TRUE,4.2,500,300
4120,2016/10/12 1:50,130.6120225,46.3262345,5133284.829,393116.7901,9.6304,128.3,TRUE,4.2,500,300
4121,2016/10/12 1:50,130.6121407,46.32617167,5133277.685,393125.7675,10.3712,127.2,TRUE,4.2,500,300
4122,2016/10/12 1:50,130.6122505,46.32610817,5133270.479,393134.1013,9.8156,129.7,TRUE,4.2,500,300
4123,2016/10/12 1:50,130.6123707,46.32603833,5133262.553,393143.2191,12.038,129.9,TRUE,4.2,500,300
4124,2016/10/12 1:50,130.6125002,46.3259635,5133254.061,393153.0457,10.5564,128.4,TRUE,4.2,500,300
4125,2016/10/12 1:50,130.6126322,46.32588833,5133245.527,393163.0641,12.7788,131.1,TRUE,4.2,500,300
4126,2016/10/12 1:50,130.6127703,46.32580933,5133236.559,393173.5495,11.6676,127.9,TRUE,4.2,500,300
4127,2016/10/12 1:50,130.612913,46.32572383,5133226.863,393184.3696,12.5936,131.8,TRUE,4.2,500,300
4128,2016/10/12 1:50,130.6130542,46.32564617,5133218.04,393195.0894,11.8528,129.7,TRUE,4.2,500,300
4129,2016/10/12 1:50,130.6131958,46.32556817,5133209.179,393205.8463,12.2232,128.5,TRUE,4.2,500,300
4130,2016/10/12 1:50,130.6133297,46.3254925,5133200.588,393216.0057,11.6676,128.6,TRUE,4.2,500,300
4131,2016/10/12 1:50,130.6134622,46.32541967,5133192.313,393226.0673,11.6676,128.6,TRUE,4.2,500,300
4132,2016/10/12 1:50,130.6135983,46.32534017,5133183.293,393236.3979,12.2232,129.6,TRUE,4.2,500,300
4133,2016/10/12 1:51,130.6137357,46.3252595,5133174.141,393246.8171,10.9268,131.3,TRUE,4.2,500,300
4134,2016/10/12 1:51,130.613862,46.325187,5133165.912,393256.4044,12.038,129.1,TRUE,4.2,500,300
4135,2016/10/12 1:51,130.6139965,46.3251125,5133157.449,393266.6169,12.2232,130.8,TRUE,4.2,500,300
4136,2016/10/12 1:51,130.6141265,46.32503667,5133148.845,393276.4804,11.4824,125.7,TRUE,4.2,500,300
4137,2016/10/12 1:51,130.6142568,46.32495633,5133139.739,393286.3605,11.8528,131.4,TRUE,4.2,500,300
4138,2016/10/12 1:51,130.6143928,46.3248795,5133131.016,393296.6842,12.4084,128.4,TRUE,4.2,500,300
4139,2016/10/12 1:51,130.6146658,46.324722,5133113.141,393317.401,12.7788,132.3,TRUE,4.2,500,300
4140,2016/10/12 1:51,130.6148037,46.324642,5133104.063,393327.8603,12.5936,129.7,TRUE,4.2,500,300
4141,2016/10/12 1:51,130.614943,46.32455983,5133094.742,393338.4301,12.038,130.3,TRUE,4.2,500,300
4142,2016/10/12 1:51,130.6150778,46.3244825,5133085.964,393348.6628,11.4824,128,TRUE,4.2,500,300
4143,2016/10/12 1:51,130.615205,46.32440817,5133077.531,393358.3115,11.2972,128.3,TRUE,4.2,500,300
4144,2016/10/12 1:51,130.6153357,46.32433217,5133068.907,393368.2265,11.8528,130.3,TRUE,4.2,500,300
4145,2016/10/12 1:51,130.6154642,46.324259,5133060.601,393377.9799,11.8528,130.4,TRUE,4.2,500,300
4146,2016/10/12 1:51,130.6155982,46.3241815,5133051.806,393388.1484,11.8528,128.9,TRUE,4.2,500,300
4147,2016/10/12 1:52,130.615736,46.32410267,5133042.858,393398.6094,12.2232,132.5,TRUE,4.2,500,300
4148,2016/10/12 1:52,130.6158682,46.32402283,5133033.805,393408.6325,12.4084,130.3,TRUE,4.2,500,300
4149,2016/10/12 1:52,130.6159945,46.32394717,5133025.225,393418.2141,11.8528,130.9,TRUE,4.2,500,300
4150,2016/10/12 1:52,130.6161132,46.323877,5133017.266,393427.2165,10.3712,130.7,TRUE,4.2,500,300
4151,2016/10/12 1:52,130.6162258,46.32381033,5133009.703,393435.7629,10.7416,133.4,TRUE,4.2,500,300
4152,2016/10/12 1:52,130.6163268,46.32374767,5133002.602,393443.4191,9.4452,131.9,TRUE,4.2,500,300
4153,2016/10/12 1:52,130.6164303,46.32367783,5132994.7,393451.254,9.0748,134.2,TRUE,4.2,500,300
4154,2016/10/12 1:52,130.6165257,46.32361333,5132987.402,393458.4708,8.334,133.5,TRUE,4.2,500,300
4155,2016/10/12 1:52,130.6166002,46.3235675,5132982.208,393464.119,5.1856,136.3,TRUE,4.2,500,300
4156,2016/10/12 1:52,130.6165723,46.32358433,5132984.116,393462.0078,5.1856,304.9,FALSE,4.2,0,300
4157,2016/10/12 1:52,130.6164968,46.32358583,5132984.384,393456.1965,5.3708,257.2,FALSE,4.2,0,300
4158,2016/10/12 1:52,130.6165287,46.3235935,5132985.194,393458.6633,6.1116,68.7,FALSE,4.2,0,300
4159,2016/10/12 1:52,130.6165573,46.32364283,5132990.639,393460.9662,6.482,1.3,FALSE,4.2,0,300
4160,2016/10/12 1:52,130.6165395,46.3237215,5132999.407,393459.7459,8.889601,348.9,FALSE,4.2,0,300
4161,2016/10/12 1:52,130.6165103,46.32380917,5133009.192,393457.6697,9.0748,350.1,FALSE,4.2,0,300
4162,2016/10/12 1:53,130.6164838,46.32389667,5133018.953,393455.7989,9.0748,348.6,FALSE,4.2,0,300
4163,2016/10/12 1:53,130.6164602,46.3239845,5133028.748,393454.1474,8.889601,340.1,FALSE,4.2,0,300
4164,2016/10/12 1:53,130.6163652,46.324048,5133035.934,393446.9548,9.6304,309.9,FALSE,4.2,0,300
4165,2016/10/12 1:53,130.6162803,46.324103,5133042.162,393440.5282,7.5932,315.6,TRUE,4.2,500,300
4166,2016/10/12 1:53,130.6161943,46.3241535,5133047.891,393434.0035,8.1488,306.3,TRUE,4.2,500,300
4167,2016/10/12 1:53,130.6161068,46.32420367,5133053.586,393427.3627,7.9636,307.3,TRUE,4.2,500,300
4168,2016/10/12 1:53,130.6160095,46.32425633,5133059.57,393419.9697,8.7044,308.1,TRUE,4.2,500,300
4169,2016/10/12 1:53,130.6159113,46.32431633,5133066.371,393412.5264,9.8156,316.9,TRUE,4.2,500,300
4170,2016/10/12 1:53,130.615799,46.324385,5133074.156,393404.0094,10.5564,310.3,TRUE,4.2,500,300
4171,2016/10/12 1:53,130.6156837,46.32445433,5133082.017,393395.2627,10.5564,310.4,TRUE,4.2,500,300
4172,2016/10/12 1:53,130.615567,46.3245185,5133089.307,393386.4028,9.4452,307.3,TRUE,4.2,500,300
4173,2016/10/12 1:53,130.6154573,46.3245845,5133096.791,393378.0856,10.186,310.2,TRUE,4.2,500,300
4174,2016/10/12 1:53,130.6153427,46.32464867,5133104.079,393369.3806,10.0008,310.7,TRUE,4.2,500,300
4175,2016/10/12 1:53,130.6152313,46.32471217,5133111.287,393360.9299,10.5564,310.6,TRUE,4.2,500,300
4176,2016/10/12 1:53,130.6151123,46.32477383,5133118.301,393351.8858,10.5564,306.8,TRUE,4.2,500,300
4177,2016/10/12 1:54,130.6149965,46.3248385,5133125.645,393343.0917,10.7416,311.9,TRUE,4.2,500,300
4178,2016/10/12 1:54,130.6148823,46.3249085,5133133.58,393334.4358,10.9268,311.2,TRUE,4.2,500,300
4179,2016/10/12 1:54,130.6147655,46.3249765,5133141.296,393325.5712,10.0008,308.2,TRUE,4.2,500,300
4180,2016/10/12 1:54,130.6146533,46.32504083,5133148.598,393317.0583,10.186,306.1,TRUE,4.2,500,300
4181,2016/10/12 1:54,130.6145335,46.3251055,5133155.948,393307.9563,10.186,305,TRUE,4.2,500,300
4182,2016/10/12 1:54,130.614422,46.325169,5133163.156,393299.4934,9.4452,302.4,TRUE,4.2,500,300
4183,2016/10/12 1:54,130.614314,46.32523717,5133170.879,393291.3092,10.186,310.5,TRUE,4.2,500,300
4184,2016/10/12 1:54,130.6142077,46.3253045,5133178.507,393283.252,10.3712,310.5,TRUE,4.2,500,300
4185,2016/10/12 1:54,130.614095,46.32536767,5133185.68,393274.6985,10.3712,309.5,TRUE,4.2,500,300
4186,2016/10/12 1:54,130.6139833,46.32543217,5133193,393266.2246,9.4452,303.2,TRUE,4.2,500,300
4187,2016/10/12 1:54,130.6138673,46.32549717,5133200.382,393257.4182,10.5564,309.3,TRUE,4.2,500,300
4188,2016/10/12 1:54,130.6137495,46.32556167,5133207.71,393248.47,10.0008,307.8,TRUE,4.2,500,300
4189,2016/10/12 1:54,130.6136357,46.32562633,5133215.051,393239.8301,10.3712,309.6,TRUE,4.2,500,300
4190,2016/10/12 1:54,130.6135357,46.32568717,5133221.949,393232.2479,9.0748,312.4,TRUE,4.2,500,300
4191,2016/10/12 1:54,130.6134195,46.32574983,5133229.07,393223.4239,10.5564,308.8,TRUE,4.2,500,300
4192,2016/10/12 1:55,130.6133107,46.32581133,5133236.053,393215.163,9.4452,307.1,TRUE,4.2,500,300
4193,2016/10/12 1:55,130.613205,46.32587,5133242.717,393207.14,9.8156,307.4,TRUE,4.2,500,300
4194,2016/10/12 1:55,130.6130943,46.32593617,5133250.222,393198.7465,10.5564,312,TRUE,4.2,500,300
4195,2016/10/12 1:55,130.6129842,46.32600317,5133257.818,393190.3939,10.5564,308.4,TRUE,4.2,500,300
4196,2016/10/12 1:55,130.6128755,46.326065,5133264.837,393182.146,9.8156,309.1,TRUE,4.2,500,300
4197,2016/10/12 1:55,130.6127592,46.3261315,5133272.386,393173.3174,10.3712,309,TRUE,4.2,500,300
4198,2016/10/12 1:55,130.6126463,46.32619917,5133280.06,393164.7598,9.8156,312.3,TRUE,4.2,500,300
4199,2016/10/12 1:55,130.6125472,46.32625483,5133286.381,393157.2323,7.9636,308.5,TRUE,4.2,500,300
4200,2016/10/12 1:55,130.6124477,46.32631067,5133292.722,393149.6789,8.7044,307.8,TRUE,4.2,500,300
4201,2016/10/12 1:55,130.6123478,46.326366,5133299.007,393142.0985,8.7044,309.8,TRUE,4.2,500,300
4202,2016/10/12 1:55,130.6122623,46.3264165,5133304.735,393135.6128,7.408,307.6,TRUE,4.2,500,300
4203,2016/10/12 1:55,130.6121722,46.32646833,5133310.618,393128.771,7.778399,309,TRUE,4.2,500,300
4204,2016/10/12 1:55,130.6120757,46.3265215,5133316.659,393121.4435,8.1488,313.4,TRUE,4.2,500,300
4205,2016/10/12 1:55,130.6120015,46.326559,5133320.927,393115.8051,6.8524,301.9,TRUE,4.2,500,300
4206,2016/10/12 1:55,130.6119198,46.32660517,5133326.169,393109.606,5.9264,312,TRUE,4.2,500,300
4207,2016/10/12 1:56,130.6118553,46.3266465,5133330.851,393104.7197,5.9264,304.3,TRUE,4.2,500,300
4208,2016/10/12 1:56,130.6117782,46.3266915,5133335.957,393098.8656,7.408,309.8,TRUE,4.2,500,300
4209,2016/10/12 1:56,130.6116775,46.32674883,5133342.465,393091.2252,10.3712,310.8,TRUE,4.2,500,300
4210,2016/10/12 1:56,130.6115805,46.3268055,5133348.895,393083.8662,8.519199,312.2,TRUE,4.2,500,300
4211,2016/10/12 1:56,130.6114815,46.3268645,5133355.587,393076.3577,9.0748,314.9,TRUE,4.2,462,300
4212,2016/10/12 1:56,130.6113963,46.3269135,5133361.149,393069.8947,9.4452,310.6,TRUE,4.2,500,300
4213,2016/10/12 1:56,130.611295,46.326973,5133367.9,393062.2077,10.186,309.6,TRUE,4.2,496,300
4214,2016/10/12 1:56,130.6111897,46.32703467,5133374.897,393054.217,9.6304,307.4,TRUE,4.2,500,300
4215,2016/10/12 1:56,130.6110903,46.32709383,5133381.607,393046.6827,8.519199,310.1,TRUE,4.2,500,300
4216,2016/10/12 1:56,130.6109983,46.32714367,5133387.271,393039.6955,9.0748,306.8,TRUE,4.2,500,300
4217,2016/10/12 1:56,130.6108957,46.32720833,5133394.597,393031.9162,9.26,312.5,TRUE,4.2,500,300
4218,2016/10/12 1:56,130.6107987,46.32726917,5133401.491,393024.5654,9.26,313.5,TRUE,4.2,500,300
4219,2016/10/12 1:56,130.6107075,46.32732467,5133407.783,393017.6532,7.5932,312.9,TRUE,4.2,500,300
4220,2016/10/12 1:56,130.610599,46.32738367,5133414.488,393009.4133,9.0748,310.4,TRUE,4.2,500,300
4221,2016/10/12 1:56,130.6104997,46.32744417,5133421.347,393001.8824,9.8156,306.9,TRUE,4.2,500,300
4222,2016/10/12 1:57,130.6103953,46.3275045,5133428.194,392993.9655,9.0748,308.6,TRUE,4.2,500,300
4223,2016/10/12 1:57,130.6102913,46.3275675,5133435.338,392986.0799,9.26,313.1,TRUE,4.2,500,300
4224,2016/10/12 1:57,130.6101862,46.327633,5133442.76,392978.11,9.4452,306.9,TRUE,4.2,500,300
4225,2016/10/12 1:57,130.6101087,46.32767617,5133447.664,392972.2264,4.8152,307,TRUE,4.2,429,300
4226,2016/10/12 1:57,130.6100252,46.32767183,5133447.294,392965.7881,8.1488,248.1,FALSE,4.2,0,300
4227,2016/10/12 1:57,130.6099983,46.32760217,5133439.587,392963.5854,7.2228,186.4,FALSE,4.2,0,300
4228,2016/10/12 1:57,130.6099902,46.327544,5133433.132,392962.8436,5.0004,184.7,FALSE,4.2,0,300
4229,2016/10/12 1:57,130.6100007,46.327481,5133426.115,392963.5292,5.7412,163.6,FALSE,4.2,0,300
4230,2016/10/12 1:57,130.6100618,46.32744283,5133421.79,392968.1643,6.1116,125.2,FALSE,4.2,0,300
4231,2016/10/12 1:57,130.610149,46.32740267,5133417.208,392974.7985,7.408,121.5,TRUE,4.2,500,300
4232,2016/10/12 1:57,130.6102358,46.3273505,5133411.292,392981.383,8.1488,128.3,TRUE,4.2,500,300
4233,2016/10/12 1:57,130.6103238,46.32730217,5133405.801,392988.0651,7.9636,124.7,TRUE,4.2,500,300
4234,2016/10/12 1:57,130.6104118,46.32724817,5133399.679,392994.7361,8.334,127.5,TRUE,4.2,500,300
4235,2016/10/12 1:57,130.610507,46.32718817,5133392.881,393001.9476,9.26,128.7,TRUE,4.2,500,300
4236,2016/10/12 1:57,130.6106102,46.3271275,5133385.998,393009.7739,10.0008,129.8,TRUE,4.2,500,300
4237,2016/10/12 1:58,130.610708,46.32707183,5133379.678,393017.1987,7.9636,125.4,TRUE,4.2,500,300
4238,2016/10/12 1:58,130.6107978,46.327018,5133373.573,393024.011,9.26,129.8,TRUE,4.2,500,300
4239,2016/10/12 1:58,130.6108993,46.32695983,5133366.97,393031.7136,9.6304,129.5,TRUE,4.2,500,300
4240,2016/10/12 1:58,130.6110092,46.32689817,5133359.968,393040.0516,8.889601,126,TRUE,4.2,500,300
4241,2016/10/12 1:58,130.611108,46.3268425,5133353.646,393047.5535,9.26,129.1,TRUE,4.2,500,300
4242,2016/10/12 1:58,130.6112075,46.326784,5133347.009,393055.1014,9.6304,127.2,TRUE,4.2,500,300
4243,2016/10/12 1:58,130.6113192,46.32671767,5133339.485,393063.5713,10.0008,130,TRUE,4.2,500,300
4244,2016/10/12 1:58,130.6114157,46.3266585,5133332.778,393070.887,9.6304,131.4,TRUE,4.2,500,300
4245,2016/10/12 1:58,130.611521,46.32659933,5133326.059,393078.8826,9.0748,128.3,TRUE,4.2,500,300
4246,2016/10/12 1:58,130.6116267,46.32653683,5133318.969,393086.898,9.26,128.6,TRUE,4.2,500,300
4247,2016/10/12 1:58,130.6117347,46.3264745,5133311.895,393095.0931,10.0008,128.9,TRUE,4.2,500,300
4248,2016/10/12 1:58,130.6118377,46.32641783,5133305.456,393102.9143,8.7044,127.1,TRUE,4.2,500,300
4249,2016/10/12 1:58,130.611944,46.32635483,5133298.31,393110.9795,10.186,129.5,TRUE,4.2,500,300
4250,2016/10/12 1:58,130.6120592,46.32629017,5133290.967,393119.7223,9.8156,129.4,TRUE,4.2,500,300
4251,2016/10/12 1:58,130.6121678,46.32622483,5133283.558,393127.9625,10.186,129.7,TRUE,4.2,500,300
4252,2016/10/12 1:59,130.6122827,46.32615733,5133275.9,393136.6744,9.8156,130.6,TRUE,4.2,500,300
4253,2016/10/12 1:59,130.6124025,46.32608483,5133267.679,393145.7608,10.7416,129.6,TRUE,4.2,500,300
4254,2016/10/12 1:59,130.6125268,46.32600733,5133258.897,393155.184,12.038,128.9,TRUE,4.2,500,300
4255,2016/10/12 1:59,130.6126577,46.32593083,5133250.217,393165.1106,11.4824,127.8,TRUE,4.2,500,300
4256,2016/10/12 1:59,130.6127877,46.32586433,5133242.65,393174.9919,10.7416,127.8,TRUE,4.2,500,300
4257,2016/10/12 1:59,130.6129117,46.32579333,5133234.59,393184.4024,10.7416,126.6,TRUE,4.2,500,300
4258,2016/10/12 1:59,130.6130393,46.32571867,5133226.119,393194.0878,10.9268,127.6,TRUE,4.2,500,300
4259,2016/10/12 1:59,130.6131805,46.32563967,5133217.148,393204.805,14.0752,129.1,TRUE,4.2,500,300
4260,2016/10/12 1:59,130.6133353,46.325548,5133206.749,393216.5495,14.6308,129.6,TRUE,4.2,500,300
4261,2016/10/12 1:59,130.613492,46.32545883,5133196.626,393228.4407,13.89,128.2,TRUE,4.2,500,300
4262,2016/10/12 1:59,130.6136462,46.325369,5133186.433,393240.138,14.0752,129.8,TRUE,4.2,500,300
4263,2016/10/12 1:59,130.6138082,46.32527833,5133176.136,393252.4368,14.6308,127.6,TRUE,4.2,500,300
4264,2016/10/12 1:59,130.6139635,46.325185,5133165.553,393264.2167,14.0752,129.5,TRUE,4.2,500,300
4265,2016/10/12 1:59,130.614121,46.3250915,5133154.947,393276.1635,14.6308,128.7,TRUE,4.2,500,300
4266,2016/10/12 1:59,130.6142802,46.32499283,5133143.765,393288.2289,15.1864,132.7,FALSE,4.2,0,300
4267,2016/10/12 2:00,130.6144455,46.3248955,5133132.723,393300.7713,15.0012,130.9,TRUE,4.2,500,300
4268,2016/10/12 2:00,130.6146083,46.32480383,5133122.314,393313.1322,14.0752,129.6,TRUE,4.2,500,300
4269,2016/10/12 2:00,130.6147615,46.32471233,5133111.937,393324.7496,14.0752,131.1,TRUE,4.2,500,300
4270,2016/10/12 2:00,130.6149178,46.3246245,5133101.964,393336.6175,13.3344,129.9,TRUE,4.2,500,300
4271,2016/10/12 2:00,130.6150763,46.32453083,5133091.338,393348.6412,14.816,126.3,TRUE,4.2,500,300
4272,2016/10/12 2:00,130.6152333,46.32444217,5133081.272,393360.5592,14.2604,129.2,TRUE,4.2,500,300
4273,2016/10/12 2:00,130.615389,46.32434933,5133070.743,393372.3667,13.89,128.3,TRUE,4.2,500,300
4274,2016/10/12 2:00,130.6155563,46.32425583,5133060.124,393385.0708,15.5568,129.4,FALSE,4.2,0,300
4275,2016/10/12 2:00,130.615717,46.32416133,5133049.404,393397.2602,13.89,131,TRUE,4.2,500,300
4276,2016/10/12 2:00,130.6158738,46.32406683,5133038.688,393409.1539,14.6308,132.5,TRUE,4.2,500,300
4277,2016/10/12 2:00,130.6160267,46.32397667,5133028.461,393420.7488,13.3344,131.5,TRUE,4.2,500,300
4278,2016/10/12 2:00,130.6161602,46.3238895,5133018.592,393430.8602,12.964,136.1,TRUE,4.2,500,300
4279,2016/10/12 2:00,130.6162895,46.32381583,5133010.229,393440.6767,11.6676,128.6,TRUE,4.2,500,300
4280,2016/10/12 2:00,130.6164217,46.323736,5133001.178,393450.7,11.6676,129.8,TRUE,4.2,500,300
4281,2016/10/12 2:00,130.6165117,46.3236755,5132994.331,393457.5134,6.2968,128.5,FALSE,4.2,0,300
4282,2016/10/12 2:01,130.6165607,46.323665,5132993.098,393461.2665,3.3336,98.4,FALSE,4.2,0,300
4283,2016/10/12 2:01,130.6165423,46.32366633,5132993.271,393459.8567,2.4076,271.3,FALSE,4.2,0,300
4284,2016/10/12 2:01,130.6164922,46.32364783,5132991.282,393455.958,3.1484,231.5,FALSE,4.2,0,300
4285,2016/10/12 2:01,130.6165238,46.32367333,5132994.074,393458.4456,9.0748,38.9,FALSE,4.2,0,300
4286,2016/10/12 2:01,130.6165323,46.3237675,5133004.53,393459.283,9.8156,351.4,FALSE,4.2,0,300
4287,2016/10/12 2:01,130.6164972,46.32387,5133015.971,393456.7744,10.9268,345.9,FALSE,4.2,0,300
4288,2016/10/12 2:01,130.6164737,46.32397067,5133027.193,393455.1601,10.0008,351,FALSE,4.2,0,300
4289,2016/10/12 2:01,130.6164568,46.3240755,5133038.868,393454.0669,10.7416,354.1,FALSE,4.2,0,300
4290,2016/10/12 2:01,130.6164538,46.32417667,5133050.117,393454.0323,9.8156,357.6,FALSE,4.2,0,300
4291,2016/10/12 2:01,130.6164532,46.324271,5133060.604,393454.1646,8.7044,358.4,FALSE,4.2,0,300
4292,2016/10/12 2:01,130.6164248,46.32435767,5133070.276,393452.1505,9.0748,335.7,FALSE,4.2,0,300
4293,2016/10/12 2:01,130.6163423,46.32442117,5133077.445,393445.9206,8.519199,312.4,FALSE,4.2,0,300
4294,2016/10/12 2:01,130.6162485,46.32447383,5133083.425,393438.7972,8.519199,310.6,TRUE,4.2,500,300
4295,2016/10/12 2:01,130.6161507,46.32453283,5133090.115,393431.378,8.519199,308,TRUE,4.2,500,300
4296,2016/10/12 2:01,130.6160423,46.32458983,5133096.596,393423.1457,9.8156,309.6,TRUE,4.2,500,300
4297,2016/10/12 2:02,130.6159378,46.32465233,5133103.684,393415.2198,9.8156,310.4,TRUE,4.2,500,300
4298,2016/10/12 2:02,130.6158322,46.32471833,5133111.163,393407.2113,9.6304,312,TRUE,4.2,500,300
4299,2016/10/12 2:02,130.6157163,46.324785,5133118.729,393398.4202,10.5564,310.3,TRUE,4.2,500,300
4300,2016/10/12 2:02,130.6156118,46.32484983,5133126.076,393390.4989,8.889601,317.3,TRUE,4.2,500,300
4301,2016/10/12 2:02,130.6155008,46.32491483,5133133.451,393382.0773,10.0008,311.7,TRUE,4.2,500,300
4302,2016/10/12 2:02,130.6153845,46.32498133,5133140.999,393373.2482,10.186,310.8,TRUE,4.2,500,300
4303,2016/10/12 2:02,130.6152723,46.32504483,5133148.209,393364.7337,9.26,310.8,TRUE,4.2,500,300
4304,2016/10/12 2:02,130.6151622,46.32511017,5133155.62,393356.3776,9.6304,311.2,TRUE,4.2,500,300
4305,2016/10/12 2:02,130.6150468,46.32518333,5133163.908,393347.6377,11.112,314,TRUE,4.2,500,300
4306,2016/10/12 2:02,130.6149298,46.32525433,5133171.957,393338.7659,10.5564,311.6,TRUE,4.2,500,300
4307,2016/10/12 2:02,130.614817,46.32531933,5133179.334,393330.2036,10.5564,311,TRUE,4.2,500,300
4308,2016/10/12 2:02,130.6147033,46.32538683,5133186.991,393321.5814,9.8156,309.6,TRUE,4.2,500,300
4309,2016/10/12 2:02,130.6145928,46.32545333,5133194.531,393313.2014,10.186,313,TRUE,4.2,500,300
4310,2016/10/12 2:02,130.6144805,46.32551783,5133201.852,393304.6767,10.7416,309.8,TRUE,4.2,500,300
4311,2016/10/12 2:02,130.6143637,46.32558633,5133209.624,393295.8132,10.5564,310.7,TRUE,4.2,500,300
4312,2016/10/12 2:03,130.61425,46.3256555,5133217.466,393287.1943,10.186,313.6,TRUE,4.2,500,300
4313,2016/10/12 2:03,130.6141375,46.32572283,5133225.101,393278.6621,10.3712,310,TRUE,4.2,500,300
4314,2016/10/12 2:03,130.6140168,46.325791,5133232.841,393269.5023,10.9268,311.1,TRUE,4.2,500,300
4315,2016/10/12 2:03,130.6139048,46.32586183,5133240.866,393261.0154,9.8156,310.9,TRUE,4.2,500,300
4316,2016/10/12 2:03,130.6137872,46.32593233,5133248.861,393252.092,10.9268,311.7,TRUE,4.2,500,300
4317,2016/10/12 2:03,130.6136712,46.32600167,5133256.725,393243.2942,11.112,312.8,TRUE,4.2,500,300
4318,2016/10/12 2:03,130.6135548,46.326072,5133264.699,393234.4721,10.9268,307.3,TRUE,4.2,500,300
4319,2016/10/12 2:03,130.6134438,46.326136,5133271.963,393226.049,10.186,309,TRUE,4.2,500,300
4320,2016/10/12 2:03,130.6133425,46.32619733,5133278.916,393218.3653,8.7044,311,TRUE,4.2,500,300
4321,2016/10/12 2:03,130.6132363,46.32625433,5133285.396,393210.3006,10.7416,305.6,TRUE,4.2,500,300
4322,2016/10/12 2:03,130.6131263,46.32631917,5133292.751,393201.9562,10.186,308.4,TRUE,4.2,500,300
4323,2016/10/12 2:03,130.6130088,46.32638517,5133300.246,393193.0365,11.112,310.4,TRUE,4.2,500,300
4324,2016/10/12 2:03,130.6129037,46.326444,5133306.927,393185.0531,8.7044,310.5,TRUE,4.2,500,300
4325,2016/10/12 2:03,130.6128052,46.32650133,5133313.433,393177.5797,10.3712,306.8,TRUE,4.2,500,300
4326,2016/10/12 2:03,130.6126927,46.32656667,5133320.847,393169.0438,10.7416,312.1,TRUE,4.2,500,300
4327,2016/10/12 2:04,130.6125798,46.3266305,5133328.095,393160.4788,10.186,308.4,TRUE,4.2,500,300
4328,2016/10/12 2:04,130.6124637,46.326696,5133335.532,393151.6614,10.5564,308.5,TRUE,4.2,500,300
4329,2016/10/12 2:04,130.6123503,46.326763,5133343.132,393143.0641,10.5564,308.8,TRUE,4.2,500,300
4330,2016/10/12 2:04,130.612232,46.32682867,5133350.592,393134.0801,11.112,309.9,TRUE,4.2,500,300
4331,2016/10/12 2:04,130.6121238,46.3268945,5133358.055,393125.8787,8.889601,309.6,TRUE,4.2,500,300
4332,2016/10/12 2:04,130.6120152,46.32695617,5133365.057,393117.6314,10.0008,310.7,TRUE,4.2,500,300
4333,2016/10/12 2:04,130.6118918,46.3270255,5133372.93,393108.2687,11.4824,310.5,TRUE,4.2,500,300
4334,2016/10/12 2:04,130.61177,46.3270955,5133380.875,393099.0237,11.2972,309.8,TRUE,4.2,500,300
4335,2016/10/12 2:04,130.6116532,46.32716083,5133388.294,393090.1545,10.186,309.6,TRUE,4.2,500,300
4336,2016/10/12 2:04,130.6115383,46.32722717,5133395.824,393081.4406,10.0008,309.3,TRUE,4.2,500,300
4337,2016/10/12 2:04,130.6114237,46.32729267,5133403.259,393072.7389,10.3712,308.5,TRUE,4.2,500,300
4338,2016/10/12 2:04,130.6113078,46.32735717,5133410.585,393063.9445,10.5564,307.4,TRUE,4.2,500,300
4339,2016/10/12 2:04,130.6111968,46.32741917,5133417.627,393055.5178,9.8156,307.4,TRUE,4.2,500,300
4340,2016/10/12 2:04,130.6110855,46.32748233,5133424.798,393047.0681,10.0008,310.2,TRUE,4.2,500,300
4341,2016/10/12 2:04,130.6109763,46.32754183,5133431.559,393038.7776,9.26,310.1,TRUE,4.2,500,300
4342,2016/10/12 2:05,130.6108605,46.327609,5133439.182,393029.9892,10.5564,306.5,TRUE,4.2,500,300
4343,2016/10/12 2:05,130.6107468,46.327672,5133446.338,393021.359,10.186,308.6,TRUE,4.2,500,300
4344,2016/10/12 2:05,130.6106387,46.32773783,5133453.802,393013.1586,10.0008,311.8,TRUE,4.2,500,300
4345,2016/10/12 2:05,130.610519,46.32780267,5133461.171,393004.07,10.3712,309.2,TRUE,4.2,500,300
4346,2016/10/12 2:05,130.6104023,46.32786917,5133468.72,392995.2157,10.186,308.3,TRUE,4.2,500,300
4347,2016/10/12 2:05,130.6102947,46.32793033,5133475.664,392987.0448,8.1488,310.7,TRUE,4.2,500,300
4348,2016/10/12 2:05,130.6102255,46.32797117,5133480.297,392981.7982,4.63,312.7,TRUE,4.2,356,300
4349,2016/10/12 2:05,130.6101272,46.32794567,5133477.595,392974.1767,8.7044,209.6,FALSE,4.2,0,300
4350,2016/10/12 2:05,130.610104,46.3278685,5133469.049,392972.242,7.9636,202.6,FALSE,4.2,0,300
4351,2016/10/12 2:05,130.6100502,46.32779583,5133461.044,392967.9551,7.778399,197.3,FALSE,4.2,0,300
4352,2016/10/12 2:05,130.610076,46.327733,5133454.025,392969.8216,6.1116,143.7,FALSE,4.2,0,300
4353,2016/10/12 2:05,130.6101543,46.327701,5133450.362,392975.7908,6.482,127.3,FALSE,4.2,0,300
4354,2016/10/12 2:05,130.6102337,46.3276565,5133445.308,392981.8135,8.334,132.5,TRUE,4.2,500,300
4355,2016/10/12 2:05,130.6103373,46.32759967,5133438.851,392989.6849,9.26,131.3,TRUE,4.2,500,300
4356,2016/10/12 2:05,130.610443,46.32754167,5133432.262,392997.7088,9.26,127.7,TRUE,4.2,500,300
4357,2016/10/12 2:06,130.6105603,46.32747333,5133424.507,393006.6104,10.7416,129.8,TRUE,4.2,500,300
4358,2016/10/12 2:06,130.6106818,46.32739667,5133415.821,393015.8169,11.4824,132.4,TRUE,4.2,500,300
4359,2016/10/12 2:06,130.6108035,46.3273235,5133407.524,393025.0433,11.112,130.8,TRUE,4.2,500,300
4360,2016/10/12 2:06,130.6109317,46.32725033,5133399.217,393034.7703,11.4824,129.8,TRUE,4.2,500,300
4361,2016/10/12 2:06,130.6110527,46.32717383,5133390.55,393043.9387,11.112,131.7,TRUE,4.2,500,300
4362,2016/10/12 2:06,130.6111737,46.32710283,5133382.495,393053.1178,11.112,133.1,TRUE,4.2,500,300
4363,2016/10/12 2:06,130.6112942,46.327031,5133374.348,393062.2569,11.2972,131.2,TRUE,4.2,500,300
4364,2016/10/12 2:06,130.611422,46.32696367,5133366.691,393071.9692,11.8528,129.5,TRUE,4.2,500,300
4365,2016/10/12 2:06,130.6115463,46.3268865,5133357.945,393081.3928,10.5564,132.4,TRUE,4.2,500,300
4366,2016/10/12 2:06,130.6116623,46.32682033,5133350.433,393090.1964,10.186,125,TRUE,4.2,500,300
4367,2016/10/12 2:06,130.6117748,46.3267575,5133343.298,393098.737,10.5564,130.4,TRUE,4.2,500,300
4368,2016/10/12 2:06,130.611888,46.3266895,5133335.586,393107.3192,10.3712,133.9,TRUE,4.2,500,300
4369,2016/10/12 2:06,130.6119868,46.32662967,5133328.802,393114.8131,9.26,130.4,TRUE,4.2,500,300
4370,2016/10/12 2:06,130.6120895,46.32656883,5133321.901,393122.6007,10.0008,131.8,TRUE,4.2,500,300
4371,2016/10/12 2:06,130.6122072,46.32650217,5133314.333,393131.5321,10.186,126.7,TRUE,4.2,500,300
4372,2016/10/12 2:07,130.612324,46.32643667,5133306.894,393140.4011,10.5564,128.2,TRUE,4.2,500,300
4373,2016/10/12 2:07,130.6124403,46.3263665,5133298.937,393149.2224,10.9268,130.9,TRUE,4.2,500,300
4374,2016/10/12 2:07,130.6125538,46.32629883,5133291.262,393157.8308,10.5564,131.8,TRUE,4.2,500,300
4375,2016/10/12 2:07,130.6126722,46.3262315,5133283.619,393166.8126,10.3712,126.8,TRUE,4.2,500,300
4376,2016/10/12 2:07,130.6127855,46.32616417,5133275.982,393175.4085,10.3712,132.3,TRUE,4.2,500,300
4377,2016/10/12 2:07,130.6129057,46.32609883,5133268.557,393184.5351,11.112,130.3,TRUE,4.2,500,300
4378,2016/10/12 2:07,130.6130293,46.3260265,5133260.35,393193.9169,11.4824,131,TRUE,4.2,500,300
4379,2016/10/12 2:07,130.6131565,46.3259495,5133251.619,393203.5599,12.038,129.2,TRUE,4.2,500,300
4380,2016/10/12 2:07,130.6132805,46.32587567,5133243.246,393212.965,11.112,130.2,TRUE,4.2,500,300
4381,2016/10/12 2:07,130.6134008,46.32581067,5133235.858,393222.1046,10.186,129.5,TRUE,4.2,500,300
4382,2016/10/12 2:07,130.6135282,46.32573717,5133227.516,393231.7676,11.112,129.3,TRUE,4.2,500,300
4383,2016/10/12 2:07,130.6136448,46.32566583,5133219.429,393240.6124,10.5564,128.1,TRUE,4.2,500,300
4384,2016/10/12 2:07,130.6137725,46.32559717,5133211.625,393250.3102,11.4824,128.9,TRUE,4.2,500,300
4385,2016/10/12 2:07,130.6139,46.325526,5133203.542,393259.9901,11.6676,129.5,TRUE,4.2,500,300
4386,2016/10/12 2:07,130.614028,46.3254525,5133195.2,393269.704,11.4824,130.6,TRUE,4.2,500,300
4387,2016/10/12 2:08,130.6141535,46.325386,5133187.639,393279.239,10.3712,129.8,TRUE,4.2,500,300
4388,2016/10/12 2:08,130.6142698,46.3253215,5133180.313,393288.0718,10.5564,132.1,TRUE,4.2,500,300
4389,2016/10/12 2:08,130.6143867,46.32525183,5133172.411,393296.9338,10.9268,130.6,TRUE,4.2,500,300
4390,2016/10/12 2:08,130.6145102,46.32517867,5133164.112,393306.302,11.6676,130,TRUE,4.2,500,300
4391,2016/10/12 2:08,130.614636,46.32510967,5133156.273,393315.8576,11.2972,127.8,TRUE,4.2,500,300
4392,2016/10/12 2:08,130.6147595,46.32503833,5133148.177,393325.2293,11.6676,131.3,TRUE,4.2,500,300
4393,2016/10/12 2:08,130.614881,46.32496683,5133140.066,393334.4468,11.4824,132.5,TRUE,4.2,500,300
4394,2016/10/12 2:08,130.6150102,46.3248955,5133131.963,393344.2552,11.8528,129.1,TRUE,4.2,500,300
4395,2016/10/12 2:08,130.6151332,46.32482383,5133123.831,393353.5878,11.2972,130.8,TRUE,4.2,500,300
4396,2016/10/12 2:08,130.6152567,46.32475017,5133115.477,393362.9551,11.4824,127.8,TRUE,4.2,500,300
4397,2016/10/12 2:08,130.6153852,46.3246785,5133107.337,393372.7114,11.4824,129,TRUE,4.2,500,300
4398,2016/10/12 2:08,130.6155102,46.324605,5133098.999,393382.1945,11.4824,129,TRUE,4.2,500,300
4399,2016/10/12 2:08,130.6156375,46.3245335,5133090.88,393391.8611,11.2972,129.7,TRUE,4.2,500,300
4400,2016/10/12 2:08,130.6157657,46.32446,5133082.537,393401.5884,11.6676,128.9,TRUE,4.2,500,300
4401,2016/10/12 2:08,130.6158967,46.324386,5133074.135,393411.5328,12.038,130.2,TRUE,4.2,500,300
4402,2016/10/12 2:09,130.6160217,46.3243125,5133065.797,393421.016,11.2972,130,TRUE,4.2,500,300
4403,2016/10/12 2:09,130.6161492,46.3242425,5133057.845,393430.6987,11.2972,128.1,TRUE,4.2,500,300
4404,2016/10/12 2:09,130.6162722,46.32417167,5133049.806,393440.0332,10.9268,129.4,TRUE,4.2,500,300
4405,2016/10/12 2:09,130.616376,46.324113,5133043.145,393447.9151,6.8524,130,TRUE,4.2,500,300
4406,2016/10/12 2:09,130.6164332,46.324091,5133040.622,393452.2749,3.5188,103.9,FALSE,4.2,0,300
4407,2016/10/12 2:09,130.6164878,46.32411383,5133043.087,393456.5286,5.1856,35.3,FALSE,4.2,0,300
4408,2016/10/12 2:09,130.616483,46.32417167,5133049.522,393456.2689,7.2228,350.8,FALSE,4.2,0,300
4409,2016/10/12 2:09,130.6164677,46.32426,5133059.361,393455.2599,8.519199,350.9,FALSE,4.2,0,300
4410,2016/10/12 2:09,130.616466,46.32434433,5133068.738,393455.295,8.519199,357.1,FALSE,4.2,0,300
4411,2016/10/12 2:09,130.6164082,46.324424,5133077.671,393450.9963,9.0748,317.6,FALSE,4.2,0,300
4412,2016/10/12 2:09,130.616315,46.32448267,5133084.318,393443.9354,8.1488,311.3,TRUE,4.2,500,300
4413,2016/10/12 2:09,130.6162223,46.32453767,5133090.556,393436.9058,9.26,309.4,TRUE,4.2,500,300
4414,2016/10/12 2:09,130.616122,46.324597,5133097.286,393429.2949,8.7044,309.7,TRUE,4.2,500,300
4415,2016/10/12 2:09,130.6160177,46.324659,5133104.318,393421.381,9.4452,311,TRUE,4.2,500,300
4416,2016/10/12 2:09,130.6159062,46.32472433,5133111.73,393412.9215,10.5564,311,TRUE,4.2,500,300
4417,2016/10/12 2:10,130.6157958,46.32478483,5133118.604,393404.542,9.8156,308.3,TRUE,4.2,500,300
4418,2016/10/12 2:10,130.615683,46.32485083,5133126.092,393395.9815,10.0008,312,TRUE,4.2,500,300
4419,2016/10/12 2:10,130.6155728,46.32491383,5133133.243,393387.6199,10.5564,309.1,TRUE,4.2,500,300
4420,2016/10/12 2:10,130.6154587,46.32498017,5133140.771,393378.9576,10.0008,309.2,TRUE,4.2,500,300
4421,2016/10/12 2:10,130.6153438,46.32504417,5133148.039,393370.2385,10.0008,307.7,TRUE,4.2,500,300
4422,2016/10/12 2:10,130.6152252,46.3251135,5133155.905,393361.2355,11.112,310.8,TRUE,4.2,500,300
4423,2016/10/12 2:10,130.6151015,46.325185,5133164.02,393351.851,11.112,311.3,TRUE,4.2,500,300
4424,2016/10/12 2:10,130.6149785,46.325253,5133171.744,393342.5113,10.7416,307.3,TRUE,4.2,500,300
4425,2016/10/12 2:10,130.6148538,46.32532683,5133180.118,393333.0543,10.9268,308.2,TRUE,4.2,500,300
4426,2016/10/12 2:10,130.6147283,46.32540117,5133188.551,393323.5344,11.6676,309.5,TRUE,4.2,500,300
4427,2016/10/12 2:10,130.614604,46.32547283,5133196.684,393314.0995,10.186,309.3,TRUE,4.2,500,300
4428,2016/10/12 2:10,130.6144882,46.325543,5133204.64,393305.3162,10.3712,310,TRUE,4.2,500,300
4429,2016/10/12 2:10,130.6143728,46.32561033,5133212.279,393296.5652,10.5564,309.8,TRUE,4.2,500,300
4430,2016/10/12 2:10,130.6142453,46.32567967,5133220.158,393286.8817,10.7416,308.7,TRUE,4.2,500,300
4431,2016/10/12 2:10,130.6141225,46.325748,5133227.919,393277.5559,11.2972,308.5,TRUE,4.2,500,300
4432,2016/10/12 2:11,130.6140042,46.32581833,5133235.896,393268.5806,10.3712,310.2,TRUE,4.2,500,300
4433,2016/10/12 2:11,130.6138807,46.32588817,5133243.826,393259.2061,11.112,308.2,TRUE,4.2,500,300
4434,2016/10/12 2:11,130.613765,46.32595867,5133251.818,393250.436,10.7416,310.9,TRUE,4.2,500,300
4435,2016/10/12 2:11,130.6136443,46.3260255,5133259.41,393241.2737,10.5564,309.8,TRUE,4.2,500,300
4436,2016/10/12 2:11,130.6135328,46.32609333,5133267.1,393232.8195,9.0748,312.3,TRUE,4.2,500,300
4437,2016/10/12 2:11,130.6134362,46.32614733,5133273.232,393225.4812,9.0748,310.9,TRUE,4.2,500,300
4438,2016/10/12 2:11,130.613325,46.32621067,5133280.423,393217.0437,9.8156,308.6,TRUE,4.2,500,300
4439,2016/10/12 2:11,130.6132148,46.32627567,5133287.797,393208.6865,9.4452,307.6,TRUE,4.2,500,300
4440,2016/10/12 2:11,130.6131065,46.32633483,5133294.519,393200.4596,10.0008,309.9,TRUE,4.2,500,300
4441,2016/10/12 2:11,130.6129968,46.326394,5133301.244,393192.1296,9.6304,307.9,TRUE,4.2,500,300
4442,2016/10/12 2:11,130.6128943,46.32645467,5133308.126,393184.3546,8.889601,306.1,TRUE,4.2,500,300
4443,2016/10/12 2:11,130.612799,46.32650967,5133314.368,393177.1208,9.26,311.2,TRUE,4.2,481,300
4444,2016/10/12 2:11,130.6126903,46.3265735,5133321.61,393168.8769,9.6304,306.8,TRUE,4.2,500,300
4445,2016/10/12 2:11,130.6125737,46.3266415,5133329.326,393160.0259,10.0008,309.6,TRUE,4.2,475,300
4446,2016/10/12 2:11,130.6124562,46.326712,5133337.321,393151.115,10.7416,310.9,TRUE,4.2,500,300
4447,2016/10/12 2:12,130.6123383,46.32677967,5133345.002,393142.1726,10.7416,309,TRUE,4.2,500,300
4448,2016/10/12 2:12,130.6122248,46.32684483,5133352.398,393133.5594,10.0008,310.7,TRUE,4.2,500,300
4449,2016/10/12 2:12,130.6121078,46.326915,5133360.355,393124.6865,10.5564,307.8,TRUE,4.2,500,300
4450,2016/10/12 2:12,130.6119915,46.3269835,5133368.126,393115.862,10.5564,309.2,TRUE,4.2,500,300
4451,2016/10/12 2:12,130.6118668,46.3270555,5133376.298,393106.4021,10.7416,309.1,TRUE,4.2,500,300
4452,2016/10/12 2:12,130.6117475,46.327129,5133384.629,393097.3563,10.5564,311.7,TRUE,4.2,500,300
4453,2016/10/12 2:12,130.6116385,46.3271915,5133391.723,393089.0846,9.8156,309.5,TRUE,4.2,500,300
4454,2016/10/12 2:12,130.6115258,46.3272595,5133399.434,393080.541,10.186,312,TRUE,4.2,500,300
4455,2016/10/12 2:12,130.6114095,46.32732283,5133406.631,393071.7066,10.186,310,TRUE,4.2,500,300
4456,2016/10/12 2:12,130.6113005,46.327393,5133414.578,393063.4499,10.186,312,TRUE,4.2,500,300
4457,2016/10/12 2:12,130.6111875,46.32746067,5133422.252,393054.8803,10.186,311.2,TRUE,4.2,500,300
4458,2016/10/12 2:12,130.6110698,46.32752917,5133430.025,393045.9528,10.3712,310.5,TRUE,4.2,500,300
4459,2016/10/12 2:12,130.6109548,46.32759517,5133437.517,393037.226,10.186,308.9,TRUE,4.2,500,300
4460,2016/10/12 2:12,130.6108387,46.32766667,5133445.622,393028.4206,10.5564,312.1,TRUE,4.2,500,300
4461,2016/10/12 2:12,130.6107168,46.32773717,5133453.623,393019.1759,10.7416,310.8,TRUE,4.2,500,300
4462,2016/10/12 2:13,130.6105982,46.327805,5133461.323,393010.171,10.7416,308.8,TRUE,4.2,500,300
4463,2016/10/12 2:13,130.6104822,46.3278825,5133470.094,393001.3897,10.7416,312.8,TRUE,4.2,500,300
4464,2016/10/12 2:13,130.6103848,46.32794083,5133476.709,392994.0079,8.334,316.2,TRUE,4.2,500,300
4465,2016/10/12 2:13,130.6103073,46.32798817,5133482.076,392988.1325,6.1116,307.8,TRUE,4.2,500,300
4466,2016/10/12 2:13,130.6102477,46.32799833,5133483.286,392983.5583,5.0004,254.5,FALSE,4.2,0,300
4467,2016/10/12 2:13,130.610203,46.32795683,5133478.733,392980.0376,6.2968,205.3,FALSE,4.2,0,300
4468,2016/10/12 2:13,130.6101702,46.327889,5133471.238,392977.3773,8.889601,207.7,FALSE,4.2,0,300
4469,2016/10/12 2:13,130.610123,46.32780867,5133462.373,392973.5883,9.6304,192.2,FALSE,4.2,0,300
4470,2016/10/12 2:13,130.6101662,46.32774733,5133455.496,392976.7929,7.2228,131.9,FALSE,4.2,0,300
4471,2016/10/12 2:13,130.6102478,46.32770133,5133450.272,392982.9913,8.519199,137,TRUE,4.2,500,300
4472,2016/10/12 2:13,130.6103452,46.32764767,5133444.176,392990.3822,9.6304,128.4,TRUE,4.2,500,300
4473,2016/10/12 2:13,130.6104522,46.32757933,5133436.435,392998.4883,10.186,132.5,TRUE,4.2,500,300
4474,2016/10/12 2:13,130.6105568,46.32751883,5133429.569,393006.4296,9.0748,130.4,TRUE,4.2,500,300
4475,2016/10/12 2:13,130.6106635,46.3274545,5133422.274,393014.5181,9.8156,128.8,TRUE,4.2,500,300
4476,2016/10/12 2:13,130.6107853,46.3273805,5133413.884,393023.7553,11.2972,131.7,TRUE,4.2,500,300
4477,2016/10/12 2:14,130.6109078,46.32731033,5133405.919,393033.0515,11.112,127.4,TRUE,4.2,500,300
4478,2016/10/12 2:14,130.611031,46.3272345,5133397.323,393042.3883,11.8528,131.2,TRUE,4.2,500,300
4479,2016/10/12 2:14,130.6111545,46.327164,5133389.32,393051.7609,11.2972,126.5,TRUE,4.2,500,300
4480,2016/10/12 2:14,130.6112733,46.32709317,5133381.286,393060.7733,10.9268,133.7,TRUE,4.2,500,300
4481,2016/10/12 2:14,130.6113945,46.3270275,5133373.823,393069.9759,11.112,131.8,TRUE,4.2,500,300
4482,2016/10/12 2:14,130.6115122,46.32696033,5133366.198,393078.9062,10.7416,130.9,TRUE,4.2,500,300
4483,2016/10/12 2:14,130.6116193,46.3268975,5133359.069,393087.0356,9.4452,130,TRUE,4.2,500,300
4484,2016/10/12 2:14,130.611715,46.3268375,5133352.271,393094.2857,9.4452,131.7,TRUE,4.2,500,300
4485,2016/10/12 2:14,130.6118267,46.3267745,5133345.117,393102.7621,10.0008,130.4,TRUE,4.2,500,300
4486,2016/10/12 2:14,130.611935,46.3267115,5133337.968,393110.9813,10.0008,128.9,TRUE,4.2,500,300
4487,2016/10/12 2:14,130.6120382,46.32665167,5133331.179,393118.8094,8.1488,126.2,TRUE,4.2,500,300
4488,2016/10/12 2:14,130.6121358,46.32659567,5133324.822,393126.2206,9.0748,131.1,TRUE,4.2,500,300
4489,2016/10/12 2:14,130.6122442,46.32653317,5133317.729,393134.4417,9.6304,131.1,TRUE,4.2,500,300
4490,2016/10/12 2:14,130.612361,46.32647167,5133310.735,393143.3184,10.3712,126.4,TRUE,4.2,500,300
4491,2016/10/12 2:14,130.6124712,46.32641317,5133304.084,393151.6882,9.26,125.4,TRUE,4.2,500,300
4492,2016/10/12 2:15,130.6125933,46.326348,5133296.675,393160.9683,10.7416,128.5,TRUE,4.2,500,300
4493,2016/10/12 2:15,130.6127023,46.32628783,5133289.839,393169.2447,9.0748,129.3,TRUE,4.2,500,300
4494,2016/10/12 2:15,130.6128135,46.3262255,5133282.761,393177.6841,10.3712,128,TRUE,4.2,500,300
4495,2016/10/12 2:15,130.6129225,46.32615583,5133274.87,393185.9421,10.7416,132.5,TRUE,4.2,500,300
4496,2016/10/12 2:15,130.6130437,46.32608033,5133266.314,393195.126,11.4824,130.9,TRUE,4.2,500,300
4497,2016/10/12 2:15,130.6131728,46.3260075,5133258.044,393204.9303,11.6676,133.3,TRUE,4.2,500,300
4498,2016/10/12 2:15,130.613301,46.32593267,5133249.554,393214.6545,11.4824,128.9,TRUE,4.2,500,300
4499,2016/10/12 2:15,130.6134225,46.32585867,5133241.164,393223.8668,11.2972,131.1,TRUE,4.2,500,300
4500,2016/10/12 2:15,130.6135457,46.32579,5133233.365,393233.218,10.5564,130.6,TRUE,4.2,500,300
4501,2016/10/12 2:15,130.6136685,46.32571533,5133224.9,393242.5314,11.112,129.2,TRUE,4.2,500,300
4502,2016/10/12 2:15,130.6137887,46.32564667,5133217.106,393251.6517,10.9268,130.4,TRUE,4.2,500,300
4503,2016/10/12 2:15,130.6139142,46.32557367,5133208.822,393261.174,11.6676,128.5,TRUE,4.2,500,300
4504,2016/10/12 2:15,130.6140388,46.3254995,5133200.41,393270.6294,12.4084,130.8,TRUE,4.2,500,300
4505,2016/10/12 2:15,130.6141603,46.3254275,5133192.243,393279.8457,11.2972,129,TRUE,4.2,500,300
4506,2016/10/12 2:15,130.6142855,46.32535783,5133184.33,393289.3492,11.2972,128.6,TRUE,4.2,500,300
4507,2016/10/12 2:16,130.614408,46.32528783,5133176.384,393298.6464,10.7416,127.1,TRUE,4.2,500,300
4508,2016/10/12 2:16,130.6145297,46.32522033,5133168.717,393307.8846,10.9268,127.7,TRUE,4.2,500,300
4509,2016/10/12 2:16,130.614653,46.325145,5133160.177,393317.2354,11.2972,130.2,TRUE,4.2,500,300
4510,2016/10/12 2:16,130.6147762,46.32506933,5133151.6,393326.5733,11.8528,132.8,TRUE,4.2,500,300
4511,2016/10/12 2:16,130.6148947,46.32499717,5133143.42,393335.5584,10.5564,129.7,TRUE,4.2,500,300
4512,2016/10/12 2:16,130.6150177,46.32491883,5133134.546,393344.8781,12.5936,131.3,TRUE,4.2,500,300
4513,2016/10/12 2:16,130.615142,46.3248465,5133126.339,393354.3119,11.4824,129.7,TRUE,4.2,500,300
4514,2016/10/12 2:16,130.615266,46.3247745,5133118.169,393363.7209,10.7416,129.2,TRUE,4.2,500,300
4515,2016/10/12 2:16,130.6153932,46.32470567,5133110.346,393373.3802,11.6676,130.3,TRUE,4.2,500,300
4516,2016/10/12 2:16,130.615523,46.32463933,5133102.798,393383.2493,11.6676,125.5,TRUE,4.2,500,300
4517,2016/10/12 2:16,130.6156445,46.32456817,5133094.724,393392.4675,11.2972,132.4,TRUE,4.2,500,300
4518,2016/10/12 2:16,130.6157718,46.32449517,5133086.438,393402.1311,11.6676,130.4,TRUE,4.2,500,300
4519,2016/10/12 2:16,130.615897,46.324425,5133078.47,393411.6339,10.7416,129.7,TRUE,4.2,500,300
4520,2016/10/12 2:16,130.6160193,46.32435517,5133070.543,393420.9187,10.5564,129,TRUE,4.2,500,300
4521,2016/10/12 2:16,130.6161362,46.32429233,5133063.401,393429.7943,11.112,129.3,TRUE,4.2,500,300
4522,2016/10/12 2:17,130.6162523,46.3242225,5133055.483,393438.604,11.2972,131.6,TRUE,4.2,500,300
4523,2016/10/12 2:17,130.6163528,46.3241695,5133049.456,393446.2405,7.0376,126.3,TRUE,4.2,500,300
4524,2016/10/12 2:17,130.6164233,46.32413867,5133045.935,393451.6097,4.2596,102.5,FALSE,4.2,0,300
4525,2016/10/12 2:17,130.616473,46.32414717,5133046.813,393455.4513,3.5188,57.2,FALSE,4.2,0,300
4526,2016/10/12 2:17,130.6164853,46.32419683,5133052.316,393456.4972,6.8524,356,FALSE,4.2,0,300
4527,2016/10/12 2:17,130.6164548,46.32428367,5133062.01,393454.3171,9.26,348.7,FALSE,4.2,0,300
4528,2016/10/12 2:17,130.61644,46.32437183,5133071.829,393453.3462,8.7044,358.4,FALSE,4.2,0,300
4529,2016/10/12 2:17,130.6164162,46.32445317,5133080.903,393451.669,8.519199,337.2,FALSE,4.2,0,300
4530,2016/10/12 2:17,130.6163392,46.32451767,5133088.176,393445.8646,8.7044,315,FALSE,4.2,0,300
4531,2016/10/12 2:17,130.6162688,46.3245645,5133093.476,393440.5388,6.1116,311.4,TRUE,4.2,500,300
4532,2016/10/12 2:17,130.6161937,46.3246075,5133098.357,393434.8344,7.0376,310.8,TRUE,4.2,500,300
4533,2016/10/12 2:17,130.6161007,46.32466183,5133104.521,393427.7782,8.889601,308.9,TRUE,4.2,500,300
4534,2016/10/12 2:17,130.6159968,46.3247225,5133111.405,393419.8995,9.26,309.9,TRUE,4.2,500,300
4535,2016/10/12 2:17,130.6158888,46.32478683,5133118.701,393411.7076,10.3712,310.5,TRUE,4.2,500,300
4536,2016/10/12 2:17,130.6157763,46.3248495,5133125.818,393403.166,10.186,308.6,TRUE,4.2,500,300
4537,2016/10/12 2:18,130.6156655,46.324916,5133133.359,393394.7604,9.6304,311.6,TRUE,4.2,500,300
4538,2016/10/12 2:18,130.615552,46.324978,5133140.404,393386.1405,10.0008,309.5,TRUE,4.2,500,300
4539,2016/10/12 2:18,130.6154462,46.3250465,5133148.16,393378.1239,9.8156,314.6,TRUE,4.2,500,300
4540,2016/10/12 2:18,130.6153348,46.325117,5133156.147,393369.6869,10.186,311.8,TRUE,4.2,500,300
4541,2016/10/12 2:18,130.6152203,46.325181,5133163.415,393360.994,10.3712,303.4,TRUE,4.2,500,300
4542,2016/10/12 2:18,130.6151053,46.325245,5133170.684,393352.2625,10.0008,310,TRUE,4.2,500,300
4543,2016/10/12 2:18,130.6149942,46.325312,5133178.281,393343.8326,9.8156,310.1,TRUE,4.2,500,300
4544,2016/10/12 2:18,130.614881,46.32538233,5133186.251,393335.2545,10.186,312.6,TRUE,4.2,500,300
4545,2016/10/12 2:18,130.614767,46.32544917,5133193.834,393326.6056,10.0008,310,TRUE,4.2,500,300
4546,2016/10/12 2:18,130.6146497,46.3255175,5133201.588,393317.7033,10.5564,309.6,TRUE,4.2,500,300
4547,2016/10/12 2:18,130.6145325,46.325585,5133209.248,393308.8116,10.7416,309.9,TRUE,4.2,500,300
4548,2016/10/12 2:18,130.6144182,46.32565167,5133216.813,393300.1371,10.7416,313.4,TRUE,4.2,500,300
4549,2016/10/12 2:18,130.6142995,46.32571667,5133224.198,393291.1251,10.3712,308.9,TRUE,4.2,500,300
4550,2016/10/12 2:18,130.6141865,46.32578117,5133231.52,393282.5488,10.186,308.7,TRUE,4.2,500,300
4551,2016/10/12 2:18,130.6140713,46.3258475,5133239.048,393273.809,10.0008,311.9,TRUE,4.2,500,300
4552,2016/10/12 2:19,130.6139578,46.3259145,5133246.649,393265.1992,10.0008,310.2,TRUE,4.2,500,300
4553,2016/10/12 2:19,130.6138423,46.32597983,5133254.066,393256.432,9.8156,307.9,TRUE,4.2,500,300
4554,2016/10/12 2:19,130.6137278,46.326045,5133261.465,393247.7416,10.186,310.6,TRUE,4.2,500,300
4555,2016/10/12 2:19,130.613624,46.32610583,5133268.366,393239.8644,9.8156,310.6,TRUE,4.2,500,300
4556,2016/10/12 2:19,130.6135183,46.326169,5133275.53,393231.8502,9.8156,309.2,TRUE,4.2,500,300
4557,2016/10/12 2:19,130.613415,46.32622767,5133282.191,393224.0073,9.8156,308.4,TRUE,4.2,500,300
4558,2016/10/12 2:19,130.6133053,46.32629217,5133289.509,393215.6876,10.0008,310.8,TRUE,4.2,500,300
4559,2016/10/12 2:19,130.6131927,46.32635367,5133296.497,393207.1319,9.0748,311.6,TRUE,4.2,500,300
4560,2016/10/12 2:19,130.6130842,46.32641617,5133303.59,393198.8984,9.8156,312.4,TRUE,4.2,500,300
4561,2016/10/12 2:19,130.6129707,46.3264785,5133310.672,393190.2796,10.0008,307.6,TRUE,4.2,500,300
4562,2016/10/12 2:19,130.6128552,46.32654733,5133318.478,393181.5195,10.7416,312.6,TRUE,4.2,500,300
4563,2016/10/12 2:19,130.6127378,46.32661533,5133326.195,393172.6161,10.7416,309,TRUE,4.2,500,300
4564,2016/10/12 2:19,130.6126165,46.32668967,5133334.622,393163.4178,11.6676,312.1,TRUE,4.2,500,300
4565,2016/10/12 2:19,130.6124978,46.32675983,5133342.581,393154.4162,10.3712,308.4,TRUE,4.2,500,300
4566,2016/10/12 2:19,130.6123878,46.3268225,5133349.696,393146.0677,9.6304,311.4,TRUE,4.2,500,300
4567,2016/10/12 2:20,130.6122723,46.32689183,5133357.558,393137.3087,10.186,308.5,TRUE,4.2,500,300
4568,2016/10/12 2:20,130.6121587,46.326959,5133365.178,393128.6871,10.3712,310.9,TRUE,4.2,500,300
4569,2016/10/12 2:20,130.6120402,46.32702517,5133372.693,393119.691,10.7416,309.5,TRUE,4.2,500,300
4570,2016/10/12 2:20,130.6119195,46.327096,5133380.729,393110.5368,10.9268,310.9,TRUE,4.2,500,300
4571,2016/10/12 2:20,130.6117988,46.327164,5133388.45,393101.3772,10.5564,311,TRUE,4.2,500,300
4572,2016/10/12 2:20,130.611678,46.32723433,5133396.431,393092.2097,10.5564,307.3,TRUE,4.2,500,300
4573,2016/10/12 2:20,130.611556,46.3273035,5133404.284,393082.95,11.112,309.6,TRUE,4.2,500,300
4574,2016/10/12 2:20,130.6114335,46.32737483,5133412.378,393073.656,11.112,309.5,TRUE,4.2,500,300
4575,2016/10/12 2:20,130.611312,46.32744367,5133420.195,393064.4342,11.112,309.5,TRUE,4.2,500,300
4576,2016/10/12 2:20,130.6111892,46.32751183,5133427.937,393055.1086,11.2972,310.8,TRUE,4.2,500,300
4577,2016/10/12 2:20,130.6110697,46.32758383,5133436.101,393046.047,11.112,309.3,TRUE,4.2,500,300
4578,2016/10/12 2:20,130.6109497,46.3276525,5133443.897,393036.9404,10.9268,308.6,TRUE,4.2,500,300
4579,2016/10/12 2:20,130.6108285,46.327719,5133451.452,393027.7395,10.3712,306.8,TRUE,4.2,500,300
4580,2016/10/12 2:20,130.6107093,46.32778533,5133458.986,393018.6923,10.5564,307.8,TRUE,4.2,500,300
4581,2016/10/12 2:20,130.610596,46.32785233,5133466.587,393010.0962,10.0008,308.8,TRUE,4.2,500,300
4582,2016/10/12 2:21,130.610487,46.327918,5133474.033,393001.8308,10.7416,309.9,TRUE,4.2,500,300
4583,2016/10/12 2:21,130.6103888,46.327978,5133480.836,392994.3884,8.519199,312.2,TRUE,4.2,500,300
4584,2016/10/12 2:21,130.6103155,46.32802117,5133485.733,392988.826,5.9264,310.4,TRUE,4.2,500,300
4585,2016/10/12 2:21,130.6102297,46.32804417,5133488.406,392982.2617,6.8524,270.6,FALSE,4.2,0,300
4586,2016/10/12 2:21,130.6101673,46.32797983,5133481.338,392977.3358,9.0748,195.7,FALSE,4.2,0,300
4587,2016/10/12 2:21,130.610115,46.32790083,5133472.628,392973.1521,9.26,204.9,FALSE,4.2,0,300
4588,2016/10/12 2:21,130.6101253,46.32782183,5133463.832,392973.7934,7.408,155.1,FALSE,4.2,0,300
4589,2016/10/12 2:21,130.6101952,46.327779,5133458.977,392979.0878,5.3708,130.9,FALSE,4.2,0,300
4590,2016/10/12 2:21,130.6102747,46.32773367,5133453.831,392985.1212,7.778399,130,TRUE,4.2,500,300
4591,2016/10/12 2:21,130.6103807,46.3276715,5133446.777,392993.1623,9.8156,130.4,TRUE,4.2,500,300
4592,2016/10/12 2:21,130.6104945,46.32760667,5133439.417,393001.8012,9.26,123,TRUE,4.2,500,300
4593,2016/10/12 2:21,130.6106107,46.3275435,5133432.238,393010.6236,10.5564,130,TRUE,4.2,500,300
4594,2016/10/12 2:21,130.610722,46.327481,5133425.141,393019.0746,10.0008,129.3,TRUE,4.2,500,300
4595,2016/10/12 2:21,130.6108405,46.32741283,5133417.403,393028.0666,10.5564,128.2,TRUE,4.2,500,300
4596,2016/10/12 2:21,130.6109602,46.32734283,5133409.461,393037.1452,11.2972,132.6,TRUE,4.2,500,300
4597,2016/10/12 2:22,130.6110818,46.32727417,5133401.664,393046.3797,11.4824,130.7,TRUE,4.2,500,300
4598,2016/10/12 2:22,130.6112027,46.32720683,5133394.016,393055.5537,10.0008,129.7,TRUE,4.2,500,300
4599,2016/10/12 2:22,130.6113233,46.32714217,5133386.666,393064.719,10.9268,131.6,TRUE,4.2,500,300
4600,2016/10/12 2:22,130.611445,46.32707083,5133378.571,393073.9491,11.112,133.1,TRUE,4.2,500,300
4601,2016/10/12 2:22,130.6115722,46.32699533,5133370.007,393083.5946,10.5564,127.7,TRUE,4.2,500,300
4602,2016/10/12 2:22,130.6116947,46.326921,5133361.58,393092.8829,10.5564,128.6,TRUE,4.2,500,300
4603,2016/10/12 2:22,130.6118193,46.3268495,5133353.464,393102.343,10.7416,130.1,TRUE,4.2,500,300
4604,2016/10/12 2:22,130.6119367,46.3267825,5133345.858,393111.2482,10.7416,132,TRUE,4.2,500,300
4605,2016/10/12 2:22,130.6120517,46.32671433,5133338.125,393119.971,10.5564,133.7,TRUE,4.2,500,300
4606,2016/10/12 2:22,130.612163,46.32664567,5133330.343,393128.4103,10.0008,133.9,TRUE,4.2,500,300
4607,2016/10/12 2:22,130.6122747,46.32658433,5133323.374,393136.89,10.5564,127.4,TRUE,4.2,500,300
4608,2016/10/12 2:22,130.6123832,46.32651667,5133315.707,393145.1133,9.26,132,TRUE,4.2,500,300
4609,2016/10/12 2:22,130.612492,46.32644867,5133308.001,393153.3613,9.8156,133,TRUE,4.2,500,300
4610,2016/10/12 2:22,130.6126088,46.3263745,5133299.599,393162.2135,11.2972,136.1,TRUE,4.2,500,300
4611,2016/10/12 2:22,130.6127335,46.32629783,5133290.909,393171.6645,11.2972,132.6,TRUE,4.2,500,300
4612,2016/10/12 2:23,130.6128533,46.32622717,5133282.893,393180.7545,10.5564,130.2,TRUE,4.2,500,300
4613,2016/10/12 2:23,130.6129728,46.3261625,5133275.543,393189.8308,10.9268,131.5,TRUE,4.2,500,300
4614,2016/10/12 2:23,130.6131003,46.32609017,5133267.331,393199.5083,11.6676,129,TRUE,4.2,500,300
4615,2016/10/12 2:23,130.6132317,46.32601467,5133258.762,393209.4753,11.4824,128.1,TRUE,4.2,500,300
4616,2016/10/12 2:23,130.613357,46.32594033,5133250.33,393218.9818,11.8528,131.9,TRUE,4.2,500,300
4617,2016/10/12 2:23,130.6134848,46.3258675,5133242.062,393228.6838,10.7416,130,TRUE,4.2,500,300
4618,2016/10/12 2:23,130.6136055,46.32579683,5133234.044,393237.8386,11.112,130.8,TRUE,4.2,500,300
4619,2016/10/12 2:23,130.6137282,46.3257315,5133226.617,393247.1579,11.2972,131,TRUE,4.2,500,300
4620,2016/10/12 2:23,130.6138422,46.32566967,5133219.59,393255.8163,10.5564,128.7,TRUE,4.2,500,300
4621,2016/10/12 2:23,130.613957,46.32560067,5133211.766,393264.5248,10.9268,130.2,TRUE,4.2,500,300
4622,2016/10/12 2:23,130.6140747,46.32553267,5133204.048,393273.4539,10.9268,130.9,TRUE,4.2,500,300
4623,2016/10/12 2:23,130.6141923,46.32546933,5133196.849,393282.3913,10.186,129.1,TRUE,4.2,500,300
4624,2016/10/12 2:23,130.6143038,46.3254025,5133189.271,393290.8476,10.186,131.4,TRUE,4.2,500,300
4625,2016/10/12 2:23,130.6144182,46.32533733,5133181.872,393299.5258,10.3712,131,TRUE,4.2,500,300
4626,2016/10/12 2:23,130.614535,46.32527333,5133174.601,393308.3981,10.9268,130.6,TRUE,4.2,500,300
4627,2016/10/12 2:24,130.6146497,46.325207,5133167.074,393317.0996,10.3712,130.2,TRUE,4.2,500,300
4628,2016/10/12 2:24,130.6147707,46.3251405,5133159.519,393326.2881,10.7416,130,TRUE,4.2,500,300
4629,2016/10/12 2:24,130.6148893,46.32506917,5133151.43,393335.2872,10.9268,130,TRUE,4.2,500,300
4630,2016/10/12 2:24,130.6150133,46.3249975,5133143.297,393344.6968,10.9268,127.6,TRUE,4.2,500,300
4631,2016/10/12 2:24,130.6151373,46.3249235,5133134.904,393354.1019,10.9268,130.6,TRUE,4.2,500,300
4632,2016/10/12 2:24,130.6152573,46.3248565,5133127.295,393363.2126,11.2972,130.4,TRUE,4.2,500,300
4633,2016/10/12 2:24,130.615384,46.32478683,5133119.38,393372.8318,11.112,129.6,TRUE,4.2,500,300
4634,2016/10/12 2:24,130.6155108,46.324716,5133111.336,393382.4611,10.3712,124.9,TRUE,4.2,500,300
4635,2016/10/12 2:24,130.6156307,46.32465067,5133103.913,393391.5628,10.9268,128.3,TRUE,4.2,500,300
4636,2016/10/12 2:24,130.6157523,46.32458367,5133096.302,393400.8014,10.9268,128.2,TRUE,4.2,500,300
4637,2016/10/12 2:24,130.6158777,46.32450933,5133087.87,393410.3092,12.038,130.9,TRUE,4.2,500,300
4638,2016/10/12 2:24,130.6160005,46.32443717,5133079.684,393419.6279,10.7416,131.1,TRUE,4.2,500,300
4639,2016/10/12 2:24,130.6161212,46.3243615,5133071.11,393428.7736,11.4824,134.3,TRUE,4.2,500,300
4640,2016/10/12 2:24,130.6162322,46.32429767,5133063.866,393437.1975,8.889601,127.8,TRUE,4.2,500,300
4641,2016/10/12 2:24,130.6163203,46.32424683,5133058.096,393443.8879,8.1488,128,TRUE,4.2,500,300
4642,2016/10/12 2:25,130.6163993,46.32420833,5133053.71,393449.8968,3.704,121.3,TRUE,4.2,248,300
4643,2016/10/12 2:25,130.616462,46.32420433,5133053.181,393454.7151,4.2596,67,FALSE,4.2,0,300
4644,2016/10/12 2:25,130.6164755,46.32425917,5133059.259,393455.8612,8.334,352.1,FALSE,4.2,0,300
4645,2016/10/12 2:25,130.6164432,46.32433867,5133068.139,393453.5259,7.9636,347.1,FALSE,4.2,0,300
4646,2016/10/12 2:25,130.6164323,46.32441917,5133077.102,393452.8475,8.519199,354.8,FALSE,4.2,0,300
4647,2016/10/12 2:25,130.6164125,46.32449617,5133085.687,393451.4699,8.519199,346.7,FALSE,4.2,0,300
4648,2016/10/12 2:25,130.6163532,46.32456317,5133093.215,393447.0311,8.519199,314.4,FALSE,4.2,0,300
4649,2016/10/12 2:25,130.616283,46.32460533,5133097.995,393441.7093,6.1116,309.2,TRUE,4.2,500,300
4650,2016/10/12 2:25,130.616226,46.32464333,5133102.296,393437.3937,5.556,314.8,TRUE,4.2,500,300
4651,2016/10/12 2:25,130.6161613,46.32468067,5133106.534,393432.4861,5.7412,304.1,TRUE,4.2,500,300
4652,2016/10/12 2:25,130.616082,46.324728,5133111.901,393426.469,8.1488,310,TRUE,4.2,500,300
4653,2016/10/12 2:25,130.6159858,46.32478383,5133118.237,393419.1716,8.519199,309.8,TRUE,4.2,500,300
4654,2016/10/12 2:25,130.6158792,46.32483983,5133124.605,393411.0667,9.4452,306.8,TRUE,4.2,500,300
4655,2016/10/12 2:25,130.615778,46.32489483,5133130.855,393403.3827,9.4452,310.1,TRUE,4.2,500,300
4656,2016/10/12 2:25,130.6156707,46.32495917,5133138.151,393395.2424,10.7416,308.4,TRUE,4.2,500,300
4657,2016/10/12 2:26,130.6155615,46.32502417,5133145.523,393386.9618,10.0008,310.8,TRUE,4.2,500,300
4658,2016/10/12 2:26,130.6154583,46.3250845,5133152.368,393379.1342,9.4452,310.3,TRUE,4.2,500,300
4659,2016/10/12 2:26,130.6153572,46.32513933,5133158.599,393371.4507,8.889601,307.9,TRUE,4.2,500,300
4660,2016/10/12 2:26,130.6152452,46.32519767,5133165.235,393362.9392,9.4452,307.5,TRUE,4.2,500,300
4661,2016/10/12 2:26,130.6151377,46.32526367,5133172.716,393354.7892,9.4452,310.9,TRUE,4.2,500,300
4662,2016/10/12 2:26,130.615033,46.32532733,5133179.933,393346.8526,9.6304,308.4,TRUE,4.2,500,300
4663,2016/10/12 2:26,130.6149135,46.32539467,5133187.579,393337.7812,10.7416,308.5,TRUE,4.2,500,300
4664,2016/10/12 2:26,130.6148012,46.32546083,5133195.084,393329.2596,9.8156,310.9,TRUE,4.2,500,300
4665,2016/10/12 2:26,130.6146897,46.3255225,5133202.089,393320.7932,9.8156,309.6,TRUE,4.2,500,300
4666,2016/10/12 2:26,130.6145787,46.3255895,5133209.686,393312.3758,9.6304,306.9,TRUE,4.2,500,300
4667,2016/10/12 2:26,130.6144687,46.32565,5133216.56,393304.0227,9.8156,304.5,TRUE,4.2,500,300
4668,2016/10/12 2:26,130.6143502,46.32572,5133224.5,393295.0335,10.186,309.6,TRUE,4.2,500,300
4669,2016/10/12 2:26,130.6142387,46.32578483,5133231.857,393286.5734,9.26,310,TRUE,4.2,500,300
4670,2016/10/12 2:26,130.6141218,46.32585033,5133239.295,393277.7034,11.112,309.6,TRUE,4.2,500,300
4671,2016/10/12 2:26,130.6140008,46.32592233,5133247.461,393268.5257,10.3712,309.2,TRUE,4.2,500,300
4672,2016/10/12 2:27,130.6138852,46.32599067,5133255.213,393259.7521,10.7416,308.6,TRUE,4.2,500,300
4673,2016/10/12 2:27,130.6137712,46.32605683,5133262.721,393251.1021,9.6304,308.7,TRUE,4.2,500,300
4674,2016/10/12 2:27,130.6136567,46.32612183,5133270.101,393242.4114,9.8156,307.4,TRUE,4.2,500,300
4675,2016/10/12 2:27,130.613549,46.32618233,5133276.971,393234.2379,10.186,311.2,TRUE,4.2,500,300
4676,2016/10/12 2:27,130.6134358,46.3262505,5133284.701,393225.6558,9.4452,310.9,TRUE,4.2,500,300
4677,2016/10/12 2:27,130.6133248,46.3263135,5133291.853,393217.2307,9.26,308,TRUE,4.2,500,300
4678,2016/10/12 2:27,130.6132152,46.326377,5133299.06,393208.9099,9.8156,310.2,TRUE,4.2,500,300
4679,2016/10/12 2:27,130.6131062,46.3264375,5133305.932,393200.634,9.4452,309.1,TRUE,4.2,500,300
4680,2016/10/12 2:27,130.6129935,46.32649967,5133312.994,393192.0789,9.8156,309.5,TRUE,4.2,500,300
4681,2016/10/12 2:27,130.6128887,46.32655767,5133319.582,393184.1193,8.334,307.4,TRUE,4.2,500,300
4682,2016/10/12 2:27,130.6127955,46.32661283,5133325.839,393177.0521,9.26,311,TRUE,4.2,500,300
4683,2016/10/12 2:27,130.6126787,46.32668,5133333.463,393168.1864,9.6304,305.8,TRUE,4.2,500,300
4684,2016/10/12 2:27,130.6125682,46.3267455,5133340.893,393159.8048,9.26,308.1,TRUE,4.2,500,300
4685,2016/10/12 2:27,130.6124743,46.3267995,5133347.022,393152.6839,7.2228,307.8,TRUE,4.2,500,300
4686,2016/10/12 2:27,130.6123795,46.32685567,5133353.394,393145.4909,8.7044,310.1,TRUE,4.2,500,300
4687,2016/10/12 2:28,130.6122742,46.3269175,5133360.409,393137.5004,8.334,309.5,TRUE,4.2,500,300
4688,2016/10/12 2:28,130.612159,46.32698567,5133368.142,393128.7645,10.5564,310.3,TRUE,4.2,500,300
4689,2016/10/12 2:28,130.6120372,46.32705667,5133376.198,393119.5213,11.2972,311.5,TRUE,4.2,500,300
4690,2016/10/12 2:28,130.611916,46.32712667,5133384.143,393110.327,10.5564,311,TRUE,4.2,500,300
4691,2016/10/12 2:28,130.6117942,46.32719983,5133392.439,393101.0881,10.5564,310.4,TRUE,4.2,500,300
4692,2016/10/12 2:28,130.611674,46.32727567,5133401.032,393091.9823,11.112,311.6,TRUE,4.2,500,300
4693,2016/10/12 2:28,130.6115505,46.327345,5133408.905,393082.6074,10.186,310,TRUE,4.2,500,300
4694,2016/10/12 2:28,130.6114272,46.327417,5133417.074,393073.2507,10.5564,310.2,TRUE,4.2,500,300
4695,2016/10/12 2:28,130.6113077,46.32748767,5133425.091,393064.1865,10.3712,309.5,TRUE,4.2,500,300
4696,2016/10/12 2:28,130.6111928,46.32755617,5133432.86,393055.4769,10.3712,310.1,TRUE,4.2,500,300
4697,2016/10/12 2:28,130.6110738,46.32762417,5133440.58,393046.446,10.0008,307.6,TRUE,4.2,500,300
4698,2016/10/12 2:28,130.6109578,46.32769283,5133448.368,393037.6474,10.5564,309.3,TRUE,4.2,500,300
4699,2016/10/12 2:28,130.6108398,46.32775817,5133455.791,393028.6883,10.5564,310.2,TRUE,4.2,500,300
4700,2016/10/12 2:28,130.610727,46.32782883,5133463.797,393020.1378,10.5564,311.9,TRUE,4.2,500,300
4701,2016/10/12 2:28,130.6106175,46.3278935,5133471.134,393011.832,9.8156,311.4,TRUE,4.2,500,300
4702,2016/10/12 2:29,130.610508,46.32796083,5133478.766,393003.5314,10.186,312,TRUE,4.2,500,300
4703,2016/10/12 2:29,130.6104147,46.32802333,5133485.839,392996.4666,9.0748,310,TRUE,4.2,500,300
4704,2016/10/12 2:29,130.610329,46.32807517,5133491.717,392989.9709,7.408,304.9,TRUE,4.2,86,300
4705,2016/10/12 2:29,130.6102358,46.32805983,5133490.138,392982.7665,8.7044,222.8,FALSE,4.2,0,300
4706,2016/10/12 2:29,130.6101863,46.32797417,5133480.683,392978.7878,8.7044,203.3,FALSE,4.2,0,300
4707,2016/10/12 2:29,130.6101353,46.32788867,5133471.248,392974.6938,9.4452,199.7,FALSE,4.2,0,300
4708,2016/10/12 2:29,130.6101662,46.32781183,5133462.666,392976.9187,9.26,142.2,FALSE,4.2,0,300
4709,2016/10/12 2:29,130.6102533,46.3277675,5133457.62,392983.5439,8.7044,129.8,TRUE,4.2,255,300
4710,2016/10/12 2:29,130.6103425,46.32772617,5133452.906,392990.3297,7.9636,125.9,TRUE,4.2,500,300
4711,2016/10/12 2:29,130.6104387,46.32767867,5133447.496,392997.6425,7.2228,127.6,TRUE,4.2,500,300
4712,2016/10/12 2:29,130.6105262,46.32762717,5133441.653,393004.2799,7.2228,127.6,TRUE,4.2,500,300
4713,2016/10/12 2:29,130.610619,46.327575,5133435.729,393011.3264,8.1488,123.8,TRUE,4.2,500,300
4714,2016/10/12 2:29,130.6107327,46.32751017,5133428.369,393019.9531,10.3712,126.3,TRUE,4.2,500,300
4715,2016/10/12 2:29,130.6108535,46.32744683,5133421.165,393029.134,10.3712,126.7,TRUE,4.2,500,300
4716,2016/10/12 2:29,130.6109737,46.32737867,5133413.426,393038.2547,11.112,130.4,TRUE,4.2,500,300
4717,2016/10/12 2:30,130.6110968,46.3273065,5133405.238,393047.5978,11.8528,131.5,TRUE,4.2,500,300
4718,2016/10/12 2:30,130.611224,46.32723717,5133397.36,393057.2553,11.2972,128,TRUE,4.2,500,300
4719,2016/10/12 2:30,130.611349,46.32716167,5133388.798,393066.7337,11.112,128.8,TRUE,4.2,500,300
4720,2016/10/12 2:30,130.6114732,46.327096,5133381.331,393076.1674,11.4824,129.2,TRUE,4.2,500,300
4721,2016/10/12 2:30,130.6115962,46.32702783,5133373.588,393085.5061,10.7416,130.4,TRUE,4.2,500,300
4722,2016/10/12 2:30,130.6117188,46.32695683,5133365.53,393094.8131,10.7416,130.1,TRUE,4.2,500,300
4723,2016/10/12 2:30,130.6118388,46.32688783,5133357.698,393103.9193,9.8156,128.7,TRUE,4.2,500,300
4724,2016/10/12 2:30,130.6119562,46.32682917,5133351.019,393112.8408,10.186,126.3,TRUE,4.2,500,300
4725,2016/10/12 2:30,130.6120678,46.32676517,5133343.755,393121.3145,10.3712,127.7,TRUE,4.2,500,300
4726,2016/10/12 2:30,130.6121827,46.32670133,5133336.504,393130.0334,9.26,129.9,TRUE,4.2,500,300
4727,2016/10/12 2:30,130.6122912,46.32664,5133329.54,393138.269,10.186,133.5,TRUE,4.2,500,300
4728,2016/10/12 2:30,130.6124103,46.32657433,5133322.08,393147.317,10.7416,125,TRUE,4.2,500,300
4729,2016/10/12 2:30,130.6125333,46.32650017,5133313.67,393156.6443,10.3712,124,TRUE,4.2,500,300
4730,2016/10/12 2:30,130.6126495,46.32643217,5133305.955,393165.4576,10.7416,130.6,TRUE,4.2,500,300
4731,2016/10/12 2:30,130.612771,46.32636483,5133298.306,393174.6826,10.5564,128.5,TRUE,4.2,500,300
4732,2016/10/12 2:31,130.6128823,46.32629767,5133290.69,393183.1249,10.186,127.8,TRUE,4.2,500,300
4733,2016/10/12 2:31,130.6129977,46.32623117,5133283.143,393191.8773,10.5564,130.9,TRUE,4.2,500,300
4734,2016/10/12 2:31,130.6131123,46.3261665,5133275.8,393200.5809,10.186,127.7,TRUE,4.2,500,300
4735,2016/10/12 2:31,130.6132343,46.32609633,5133267.836,393209.8391,11.2972,130.8,TRUE,4.2,500,300
4736,2016/10/12 2:31,130.6133607,46.32601917,5133259.088,393219.4178,11.112,129.7,TRUE,4.2,500,300
4737,2016/10/12 2:31,130.6134912,46.32593833,5133249.927,393229.3098,11.112,128.8,TRUE,4.2,500,300
4738,2016/10/12 2:31,130.6136198,46.325863,5133241.38,393239.0709,12.038,130.1,TRUE,4.2,500,300
4739,2016/10/12 2:31,130.6137462,46.3257885,5133232.928,393248.6549,12.2232,130.7,TRUE,4.2,500,300
4740,2016/10/12 2:31,130.6138748,46.32571283,5133224.344,393258.4153,10.9268,127.4,TRUE,4.2,500,300
4741,2016/10/12 2:31,130.6140022,46.32563767,5133215.818,393268.0751,11.6676,128.2,TRUE,4.2,500,300
4742,2016/10/12 2:31,130.6141267,46.3255585,5133206.85,393277.5085,11.2972,129,TRUE,4.2,500,300
4743,2016/10/12 2:31,130.614256,46.32548167,5133198.135,393287.3183,12.4084,133.4,TRUE,4.2,500,300
4744,2016/10/12 2:31,130.6143795,46.32540417,5133189.354,393296.6779,11.112,129.5,TRUE,4.2,500,300
4745,2016/10/12 2:31,130.6145078,46.32533,5133180.937,393306.416,11.6676,132.1,TRUE,4.2,500,300
4746,2016/10/12 2:31,130.6146367,46.32525917,5133172.89,393316.1999,12.2232,129.9,TRUE,4.2,500,300
4747,2016/10/12 2:32,130.6147643,46.32518267,5133164.215,393325.8819,11.6676,131.9,TRUE,4.2,500,300
4748,2016/10/12 2:32,130.6148928,46.325111,5133156.075,393335.638,11.2972,130,TRUE,4.2,500,300
4749,2016/10/12 2:32,130.6150238,46.32503467,5133147.414,393345.5776,11.4824,128.6,TRUE,4.2,500,300
4750,2016/10/12 2:32,130.6151515,46.32496533,5133139.535,393355.2744,10.9268,124.2,TRUE,4.2,500,300
4751,2016/10/12 2:32,130.615281,46.324903,5133132.432,393365.1257,11.112,126,TRUE,4.2,500,300
4752,2016/10/12 2:32,130.6154038,46.32482683,5133123.8,393374.4366,11.112,134.5,TRUE,4.2,500,300
4753,2016/10/12 2:32,130.615524,46.3247525,5133115.376,393383.5462,10.9268,131.1,TRUE,4.2,500,300
4754,2016/10/12 2:32,130.61566,46.32468067,5133107.208,393393.8797,11.6676,128.4,TRUE,4.2,500,300
4755,2016/10/12 2:32,130.6157875,46.32460667,5133098.811,393403.5544,11.4824,127.9,TRUE,4.2,500,300
4756,2016/10/12 2:32,130.6159067,46.32453117,5133090.259,393412.5848,10.7416,126.7,TRUE,4.2,500,300
4757,2016/10/12 2:32,130.6160288,46.32445533,5133081.664,393421.8448,11.112,130.2,TRUE,4.2,500,300
4758,2016/10/12 2:32,130.6161525,46.32437933,5133073.05,393431.2209,11.4824,130.2,TRUE,4.2,500,300
4759,2016/10/12 2:32,130.6162575,46.3243185,5133066.147,393439.1886,7.2228,124.7,TRUE,4.2,500,300
4760,2016/10/12 2:32,130.6163453,46.32426683,5133060.285,393445.8519,8.519199,134.3,TRUE,4.2,500,300
4761,2016/10/12 2:32,130.6164425,46.32421317,5133054.19,393453.2306,8.519199,130.2,TRUE,4.2,362,300
4762,2016/10/12 2:33,130.6164632,46.32419617,5133052.272,393454.7894,0,0,FALSE,4.2,0,300
4763,2016/10/12 2:33,130.616444,46.3242065,5133053.446,393453.3332,2.2224,297.5,FALSE,4.2,0,300
4764,2016/10/12 2:33,130.6163918,46.324204,5133053.239,393449.3108,5.1856,260.7,FALSE,4.2,0,300
4765,2016/10/12 2:33,130.6163867,46.32419983,5133052.782,393448.9054,0,0,FALSE,4.2,0,300
4766,2016/10/12 2:33,130.6164423,46.324229,5133055.95,393453.2483,9.0748,43.6,FALSE,4.2,0,300
4767,2016/10/12 2:33,130.6164572,46.3243,5133063.822,393454.529,8.1488,355.1,FALSE,4.2,0,300
4768,2016/10/12 2:33,130.6164388,46.32439,5133073.851,393453.2914,9.8156,356.2,FALSE,4.2,0,300
4769,2016/10/12 2:33,130.6164263,46.32447833,5133083.686,393452.5003,9.0748,353,FALSE,4.2,0,300
4770,2016/10/12 2:33,130.6164002,46.32455983,5133092.78,393450.644,7.778399,348.1,FALSE,4.2,0,300
4771,2016/10/12 2:33,130.616338,46.32463233,5133100.923,393445.9972,8.519199,319.6,FALSE,4.2,0,300
4772,2016/10/12 2:33,130.6162508,46.32468383,5133106.765,393439.3844,8.334,315.4,TRUE,4.2,500,300
4773,2016/10/12 2:33,130.6161525,46.32474217,5133113.382,393431.9255,9.0748,308.3,TRUE,4.2,500,300
4774,2016/10/12 2:33,130.6160507,46.32480533,5133120.539,393424.2065,10.3712,312.8,TRUE,4.2,500,300
4775,2016/10/12 2:33,130.6159382,46.32487017,5133127.898,393415.6691,10.0008,311.3,TRUE,4.2,500,300
4776,2016/10/12 2:33,130.6158332,46.32492967,5133134.653,393407.6989,9.4452,313.4,TRUE,4.2,500,300
4777,2016/10/12 2:34,130.6157182,46.3249925,5133141.792,393398.965,9.8156,307.9,TRUE,4.2,500,300
4778,2016/10/12 2:34,130.6156082,46.325057,5133149.11,393390.6195,9.6304,309.9,TRUE,4.2,500,300
4779,2016/10/12 2:34,130.6154988,46.325124,5133156.704,393382.3297,10.186,311.7,TRUE,4.2,500,300
4780,2016/10/12 2:34,130.6153817,46.32519083,5133164.29,393373.4374,9.6304,307.4,TRUE,4.2,500,300
4781,2016/10/12 2:34,130.6152698,46.32525533,5133171.611,393364.9503,10.0008,309.7,TRUE,4.2,500,300
4782,2016/10/12 2:34,130.6151592,46.32531867,5133178.8,393356.5518,9.26,307.2,TRUE,4.2,500,300
4783,2016/10/12 2:34,130.6150403,46.325388,5133186.667,393347.535,10.186,310.2,TRUE,4.2,500,300
4784,2016/10/12 2:34,130.6149295,46.32544883,5133193.578,393339.1186,10.0008,308.9,TRUE,4.2,500,300
4785,2016/10/12 2:34,130.6148135,46.3255145,5133201.033,393330.3134,10.7416,309.8,TRUE,4.2,500,300
4786,2016/10/12 2:34,130.6146942,46.32558867,5133209.439,393321.2684,10.7416,312.4,TRUE,4.2,500,300
4787,2016/10/12 2:34,130.6145772,46.325659,5133217.414,393312.3954,10.9268,310.2,TRUE,4.2,500,300
4788,2016/10/12 2:34,130.6144575,46.325733,5133225.801,393303.3239,10.7416,310.8,TRUE,4.2,500,300
4789,2016/10/12 2:34,130.6143388,46.325803,5133233.741,393294.3217,10.7416,312.2,TRUE,4.2,500,300
4790,2016/10/12 2:34,130.6142227,46.32587267,5133241.642,393285.5121,10.7416,311.3,TRUE,4.2,500,300
4791,2016/10/12 2:34,130.614101,46.32594467,5133249.809,393276.2828,10.7416,311.8,TRUE,4.2,500,300
4792,2016/10/12 2:35,130.6139868,46.32601117,5133257.355,393267.6204,9.8156,309.3,TRUE,4.2,500,300
4793,2016/10/12 2:35,130.6138775,46.326074,5133264.486,393259.3235,9.8156,310,TRUE,4.2,500,300
4794,2016/10/12 2:35,130.6137702,46.32613483,5133271.393,393251.1768,9.0748,308.8,TRUE,4.2,500,300
4795,2016/10/12 2:35,130.6136607,46.326196,5133278.34,393242.8637,10.0008,309.4,TRUE,4.2,500,300
4796,2016/10/12 2:35,130.6135435,46.32626517,5133286.186,393233.9755,10.0008,310.4,TRUE,4.2,500,300
4797,2016/10/12 2:35,130.6134312,46.326327,5133293.211,393225.4458,10.5564,310,TRUE,4.2,500,300
4798,2016/10/12 2:35,130.613312,46.3263905,5133300.43,393216.3926,10.9268,306.8,TRUE,4.2,500,300
4799,2016/10/12 2:35,130.6131883,46.32646283,5133308.636,393207.0101,11.4824,309.3,TRUE,4.2,500,300
4800,2016/10/12 2:35,130.613067,46.32653183,5133316.47,393197.8014,10.5564,308.8,TRUE,4.2,500,300
4801,2016/10/12 2:35,130.612959,46.32659667,5133323.823,393189.611,9.4452,310.1,TRUE,4.2,500,300
4802,2016/10/12 2:35,130.6128568,46.3266555,5133330.5,393181.8579,9.26,309.5,TRUE,4.2,500,300
4803,2016/10/12 2:35,130.6127613,46.32670983,5133336.668,393174.6097,7.408,305.8,TRUE,4.2,500,300
4804,2016/10/12 2:35,130.6126733,46.3267615,5133342.53,393167.9339,6.8524,307.6,TRUE,4.2,500,300
4805,2016/10/12 2:35,130.612594,46.326807,5133347.694,393161.9136,7.0376,310.9,TRUE,4.2,500,300
4806,2016/10/12 2:35,130.6125198,46.32685383,5133353,393156.2934,6.8524,312.2,TRUE,4.2,500,300
4807,2016/10/12 2:36,130.6124338,46.32690317,5133358.6,393149.767,8.1488,306,TRUE,4.2,500,300
4808,2016/10/12 2:36,130.6123385,46.32695283,5133364.249,393142.5229,7.9636,310.9,TRUE,4.2,500,300
4809,2016/10/12 2:36,130.6122442,46.32700833,5133370.546,393135.3671,8.519199,311.6,TRUE,4.2,500,300
4810,2016/10/12 2:36,130.6121463,46.32706783,5133377.291,393127.9489,9.26,310.4,TRUE,4.2,500,300
4811,2016/10/12 2:36,130.61204,46.32712917,5133384.253,393119.8805,9.6304,309.1,TRUE,4.2,500,300
4812,2016/10/12 2:36,130.6119435,46.32718983,5133391.126,393112.5677,9.4452,312.4,TRUE,4.2,500,300
4813,2016/10/12 2:36,130.61185,46.327246,5133397.496,393105.4772,9.0748,309.3,TRUE,4.2,500,300
4814,2016/10/12 2:36,130.6117487,46.32730217,5133403.876,393097.7838,9.26,308.4,TRUE,4.2,500,300
4815,2016/10/12 2:36,130.6116482,46.327356,5133409.996,393090.1498,8.889601,306.8,TRUE,4.2,500,300
4816,2016/10/12 2:36,130.6115483,46.32741483,5133416.67,393082.5763,9.26,312.7,TRUE,4.2,500,300
4817,2016/10/12 2:36,130.611452,46.32747383,5133423.358,393075.2735,9.26,312.3,TRUE,4.2,500,300
4818,2016/10/12 2:36,130.6113528,46.327533,5133430.069,393067.7523,9.26,313.6,TRUE,4.2,500,300
4819,2016/10/12 2:36,130.6112468,46.32759517,5133437.123,393059.7111,9.6304,310.8,TRUE,4.2,500,300
4820,2016/10/12 2:36,130.611142,46.327659,5133444.359,393051.7632,10.0008,314,TRUE,4.2,500,300
4821,2016/10/12 2:36,130.6110357,46.32772183,5133451.487,393043.6979,9.26,310.1,TRUE,4.2,500,300
4822,2016/10/12 2:37,130.6109343,46.32778,5133458.09,393036.0077,9.0748,311.4,TRUE,4.2,500,300
4823,2016/10/12 2:37,130.6108375,46.32783917,5133464.798,393028.6668,8.889601,312,TRUE,4.2,500,300
4824,2016/10/12 2:37,130.6107492,46.32789283,5133470.882,393021.9697,8.889601,313.8,TRUE,4.2,500,300
4825,2016/10/12 2:37,130.6106547,46.32794833,5133477.178,393014.8011,9.0748,311.2,TRUE,4.2,500,300
4826,2016/10/12 2:37,130.6105677,46.32800183,5133483.243,393008.2062,7.408,312.4,TRUE,4.2,500,300
4827,2016/10/12 2:37,130.6104895,46.3280485,5133488.536,393002.2779,7.408,310.3,TRUE,4.2,500,300
4828,2016/10/12 2:37,130.610415,46.3280945,5133493.75,392996.6308,5.9264,311.4,TRUE,4.2,500,300
4829,2016/10/12 2:37,130.6103372,46.32813433,5133498.282,392990.7154,5.556,298.3,TRUE,4.2,500,300
4830,2016/10/12 2:37,130.6102598,46.32812467,5133497.313,392984.7411,6.1116,222.4,FALSE,4.2,0,300
4831,2016/10/12 2:37,130.6102327,46.32805833,5133489.976,392982.5203,6.8524,192.9,FALSE,4.2,0,300
4832,2016/10/12 2:37,130.6102058,46.3279825,5133481.583,392980.3056,7.778399,197.5,FALSE,4.2,0,300
4833,2016/10/12 2:37,130.6101573,46.32791133,5133473.738,392976.4321,7.9636,201.4,FALSE,4.2,0,300
4834,2016/10/12 2:37,130.6102043,46.32784383,5133466.171,392979.9196,7.9636,135,FALSE,4.2,0,300
4835,2016/10/12 2:37,130.6102813,46.32781067,5133462.381,392985.7842,6.1116,127.6,TRUE,4.2,500,300
4836,2016/10/12 2:37,130.6103597,46.32776883,5133457.624,392991.7351,7.0376,126.9,TRUE,4.2,500,300
4837,2016/10/12 2:38,130.6104415,46.32772433,5133452.567,392997.9495,8.1488,130.9,TRUE,4.2,500,300
4838,2016/10/12 2:38,130.6105198,46.32767817,5133447.331,393003.8912,7.5932,136.5,TRUE,4.2,500,300
4839,2016/10/12 2:38,130.6106028,46.3276285,5133441.697,393010.1856,8.519199,131.2,TRUE,4.2,500,300
4840,2016/10/12 2:38,130.6107022,46.327571,5133435.172,393017.7231,9.4452,130.3,TRUE,4.2,500,300
4841,2016/10/12 2:38,130.610804,46.32751333,5133428.624,393025.4519,9.0748,130.5,TRUE,4.2,500,300
4842,2016/10/12 2:38,130.6109078,46.327453,5133421.777,393033.3296,9.26,130.9,TRUE,4.2,500,300
4843,2016/10/12 2:38,130.6110075,46.32739367,5133415.048,393040.8889,8.7044,127.7,TRUE,4.2,500,300
4844,2016/10/12 2:38,130.6111143,46.3273315,5133407.993,393048.9941,9.6304,130.9,TRUE,4.2,500,300
4845,2016/10/12 2:38,130.6112208,46.32727117,5133401.143,393057.0775,9.8156,130.2,TRUE,4.2,500,300
4846,2016/10/12 2:38,130.6113208,46.32720867,5133394.061,393064.6561,9.4452,135.8,TRUE,4.2,500,300
4847,2016/10/12 2:38,130.6114282,46.327143,5133386.616,393072.7938,9.6304,133.6,TRUE,4.2,500,300
4848,2016/10/12 2:38,130.611537,46.32708017,5133379.485,393081.0517,10.7416,129.9,TRUE,4.2,500,300
4849,2016/10/12 2:38,130.6116578,46.327009,5133371.411,393090.2175,10.9268,129.4,TRUE,4.2,500,300
4850,2016/10/12 2:38,130.6117732,46.32694583,5133364.234,393098.9761,10.0008,128.7,TRUE,4.2,500,300
4851,2016/10/12 2:38,130.6118795,46.326879,5133356.662,393107.0339,9.6304,133.1,TRUE,4.2,500,300
4852,2016/10/12 2:39,130.6119937,46.32681417,5133349.301,393115.6992,10.0008,131.1,TRUE,4.2,500,300
4853,2016/10/12 2:39,130.6121045,46.32675067,5133342.093,393124.11,9.8156,129.3,TRUE,4.2,500,300
4854,2016/10/12 2:39,130.6122173,46.3266855,5133334.697,393132.6715,10.3712,130.3,TRUE,4.2,500,300
4855,2016/10/12 2:39,130.6123307,46.32662317,5133327.616,393141.2779,10.0008,127.6,TRUE,4.2,500,300
4856,2016/10/12 2:39,130.6124457,46.32655583,5133319.975,393150.0024,10.0008,127.5,TRUE,4.2,500,300
4857,2016/10/12 2:39,130.612561,46.3264895,5133312.447,393158.7542,9.4452,128.6,TRUE,4.2,500,300
4858,2016/10/12 2:39,130.6126788,46.32642233,5133304.822,393167.697,10.9268,129.6,TRUE,4.2,500,300
4859,2016/10/12 2:39,130.6127982,46.32635667,5133297.362,393176.759,10.9268,129.7,TRUE,4.2,500,300
4860,2016/10/12 2:39,130.6129135,46.3262885,5133289.629,393185.5073,10.3712,131.4,TRUE,4.2,500,300
4861,2016/10/12 2:39,130.6130298,46.32621567,5133281.377,393194.3236,10.5564,131.7,TRUE,4.2,500,300
4862,2016/10/12 2:39,130.6131435,46.32614983,5133273.905,393202.9487,9.6304,126.8,TRUE,4.2,500,300
4863,2016/10/12 2:39,130.6132578,46.32608317,5133266.341,393211.6231,10.186,129.3,TRUE,4.2,500,300
4864,2016/10/12 2:39,130.6133863,46.32601317,5133258.387,393221.3821,11.4824,131.9,TRUE,4.2,500,300
4865,2016/10/12 2:39,130.6135128,46.32594283,5133250.398,393230.9865,11.112,130.2,TRUE,4.2,500,300
4866,2016/10/12 2:39,130.6136405,46.32587133,5133242.278,393240.6788,11.6676,130.2,TRUE,4.2,500,300
4867,2016/10/12 2:40,130.6137655,46.32579683,5133233.828,393250.1596,11.6676,131.4,TRUE,4.2,500,300
4868,2016/10/12 2:40,130.6138943,46.32572617,5133225.8,393259.9429,11.6676,128.7,TRUE,4.2,500,300
4869,2016/10/12 2:40,130.6140277,46.32565,5133217.154,393270.0628,12.2232,131.4,TRUE,4.2,500,300
4870,2016/10/12 2:40,130.6141663,46.32556883,5133207.944,393280.5826,12.4084,131.4,TRUE,4.2,500,300
4871,2016/10/12 2:40,130.6142992,46.32549417,5133199.466,393290.667,11.6676,128.6,TRUE,4.2,500,300
4872,2016/10/12 2:40,130.614435,46.32541883,5133190.909,393300.9803,11.6676,127,TRUE,4.2,500,300
4873,2016/10/12 2:40,130.6145763,46.32533967,5133181.919,393311.7098,12.4084,131.2,TRUE,4.2,500,300
4874,2016/10/12 2:40,130.6147208,46.32525233,5133172.016,393322.6675,12.7788,130.8,TRUE,4.2,500,300
4875,2016/10/12 2:40,130.6148618,46.32516917,5133162.583,393333.3639,12.7788,130.4,TRUE,4.2,500,300
4876,2016/10/12 2:40,130.615003,46.32508983,5133153.574,393344.0808,12.2232,129.2,TRUE,4.2,500,300
4877,2016/10/12 2:40,130.6151437,46.325009,5133144.399,393354.7563,12.4084,131.3,TRUE,4.2,500,300
4878,2016/10/12 2:40,130.6152763,46.32493367,5133135.847,393364.8257,11.112,129.5,TRUE,4.2,500,300
4879,2016/10/12 2:40,130.6154027,46.32485983,5133127.469,393374.4114,11.6676,130.7,TRUE,4.2,500,300
4880,2016/10/12 2:40,130.6155423,46.324784,5133118.853,393385.0189,12.5936,125.6,TRUE,4.2,500,300
4881,2016/10/12 2:40,130.61568,46.32471033,5133110.478,393395.4775,11.2972,127.6,TRUE,4.2,500,300
4882,2016/10/12 2:41,130.6158085,46.32463433,5133101.858,393405.2253,11.2972,128.6,TRUE,4.2,500,300
4883,2016/10/12 2:41,130.6159383,46.32455683,5133093.068,393415.0728,12.4084,132.6,TRUE,4.2,500,300
4884,2016/10/12 2:41,130.6160677,46.324479,5133084.243,393424.8818,12.038,130.5,TRUE,4.2,500,300
4885,2016/10/12 2:41,130.616191,46.32440633,5133075.999,393434.2381,11.2972,131.2,TRUE,4.2,500,300
4886,2016/10/12 2:41,130.6163103,46.32433817,5133068.262,393443.2952,10.5564,128,TRUE,4.2,500,300
4887,2016/10/12 2:41,130.6164063,46.3242845,5133062.167,393450.5838,7.778399,125.6,TRUE,4.2,500,300
4888,2016/10/12 2:41,130.6164528,46.32426067,5133059.456,393454.1184,0.5556,323.4,FALSE,4.2,0,300
4889,2016/10/12 2:41,130.6164273,46.32427217,5133060.769,393452.177,3.3336,294.1,FALSE,4.2,0,300
4890,2016/10/12 2:41,130.6163803,46.32426883,5133060.46,393448.5511,3.5188,257.9,FALSE,4.2,0,300
4891,2016/10/12 2:41,130.6163968,46.3242675,5133060.29,393449.8192,4.2596,78.4,FALSE,4.2,0,300
4892,2016/10/12 2:41,130.6164438,46.3243205,5133066.119,393453.5415,8.1488,7.1,FALSE,4.2,0,300
4893,2016/10/12 2:41,130.6164292,46.32441317,5133076.439,393452.5925,9.4452,353,FALSE,4.2,0,300
4894,2016/10/12 2:41,130.6164053,46.3245005,5133086.178,393450.9262,9.4452,351.2,FALSE,4.2,0,300
4895,2016/10/12 2:41,130.6163858,46.32458667,5133095.783,393449.5918,8.334,349.6,FALSE,4.2,0,300
4896,2016/10/12 2:41,130.6163535,46.32466817,5133104.886,393447.2604,8.7044,332.2,FALSE,4.2,0,300
4897,2016/10/12 2:42,130.6162617,46.32472467,5133111.29,393440.2985,7.5932,311.2,TRUE,4.2,282,300
4898,2016/10/12 2:42,130.6161798,46.32477833,5133117.364,393434.1004,7.778399,312.1,TRUE,4.2,500,300
4899,2016/10/12 2:42,130.616084,46.32483683,5133123.996,393426.8344,9.4452,312.1,TRUE,4.2,500,300
4900,2016/10/12 2:42,130.6159915,46.32488967,5133129.994,393419.8138,7.2228,308.3,TRUE,4.2,500,300
4901,2016/10/12 2:42,130.6158923,46.32494217,5133135.963,393412.2789,8.519199,309.2,TRUE,4.2,500,300
4902,2016/10/12 2:42,130.6158022,46.324999,5133142.401,393405.4463,7.5932,312.3,TRUE,4.2,500,300
4903,2016/10/12 2:42,130.6157118,46.32505133,5133148.34,393398.5911,9.6304,309.6,TRUE,4.2,500,300
4904,2016/10/12 2:42,130.6156063,46.32511367,5133155.411,393390.5879,9.6304,311.6,TRUE,4.2,500,300
4905,2016/10/12 2:42,130.6155053,46.32517417,5133162.272,393382.9278,8.334,309.9,TRUE,4.2,500,300
4906,2016/10/12 2:42,130.615415,46.32522617,5133168.174,393376.0727,7.778399,309.8,TRUE,4.2,500,300
4907,2016/10/12 2:42,130.6153323,46.32527533,5133173.75,393369.8021,7.2228,306.5,TRUE,4.2,500,300
4908,2016/10/12 2:42,130.6152353,46.32532617,5133179.531,393362.4312,7.9636,306.8,TRUE,4.2,500,300
4909,2016/10/12 2:42,130.615131,46.32539167,5133186.953,393354.5244,9.4452,314.1,TRUE,4.2,500,300
4910,2016/10/12 2:42,130.6150362,46.32544883,5133193.434,393347.3329,7.408,312.3,TRUE,4.2,500,300
4911,2016/10/12 2:42,130.6149417,46.325502,5133199.471,393340.1591,9.26,308.2,TRUE,4.2,500,300
4912,2016/10/12 2:43,130.6148368,46.32556067,5133206.134,393332.1998,8.889601,308.4,TRUE,4.2,500,300
4913,2016/10/12 2:43,130.6147305,46.325619,5133212.761,393324.125,8.7044,306.6,TRUE,4.2,500,300
4914,2016/10/12 2:43,130.6146255,46.32567983,5133219.664,393316.1576,9.4452,311.1,TRUE,4.2,500,300
4915,2016/10/12 2:43,130.6145285,46.32573883,5133226.353,393308.8027,8.519199,310.3,TRUE,4.2,500,300
4916,2016/10/12 2:43,130.6144342,46.32579267,5133232.465,393301.6434,8.334,310.7,TRUE,4.2,500,300
4917,2016/10/12 2:43,130.614333,46.3258505,5133239.029,393293.9651,9.26,310.1,TRUE,4.2,500,300
4918,2016/10/12 2:43,130.6142322,46.32590833,5133245.593,393286.313,8.334,308.5,TRUE,4.2,500,300
4919,2016/10/12 2:43,130.614133,46.32596733,5133252.285,393278.7911,8.7044,312,TRUE,4.2,500,300
4920,2016/10/12 2:43,130.6140307,46.3260275,5133259.111,393271.0281,9.0748,307.7,TRUE,4.2,500,300
4921,2016/10/12 2:43,130.6139348,46.32608317,5133265.428,393263.7561,7.9636,307.4,TRUE,4.2,500,300
4922,2016/10/12 2:43,130.6138503,46.32613267,5133271.045,393257.3454,7.408,307.4,TRUE,4.2,500,300
4923,2016/10/12 2:43,130.6137558,46.32618367,5133276.841,393250.1676,7.9636,308.3,TRUE,4.2,500,300
4924,2016/10/12 2:43,130.6136567,46.3262375,5133282.958,393242.6364,9.4452,309.3,TRUE,4.2,500,300
4925,2016/10/12 2:43,130.6135593,46.326294,5133289.37,393235.2506,8.889601,310.6,TRUE,4.2,500,300
4926,2016/10/12 2:43,130.613455,46.326351,5133295.846,393227.3275,9.0748,308.1,TRUE,4.2,500,300
4927,2016/10/12 2:44,130.6133502,46.32640967,5133302.509,393219.3692,9.6304,307.9,TRUE,4.2,500,300
4928,2016/10/12 2:44,130.6132458,46.3264715,5133309.522,393211.4548,9.26,311,TRUE,4.2,500,300
4929,2016/10/12 2:44,130.6131333,46.32653983,5133317.269,393202.9247,10.0008,309.1,TRUE,4.2,500,300
4930,2016/10/12 2:44,130.6130243,46.32660567,5133324.735,393194.6593,9.8156,310,TRUE,4.2,500,300
4931,2016/10/12 2:44,130.6129213,46.326665,5133331.469,393186.8432,9.8156,307.4,TRUE,4.2,500,300
4932,2016/10/12 2:44,130.6128142,46.32672233,5133337.986,393178.703,8.7044,305.4,TRUE,4.2,500,300
4933,2016/10/12 2:44,130.61271,46.326784,5133344.981,393170.8014,8.7044,309.6,TRUE,4.2,500,300
4934,2016/10/12 2:44,130.6126102,46.32683917,5133351.249,393163.2215,8.889601,307.9,TRUE,4.2,500,300
4935,2016/10/12 2:44,130.612512,46.32689483,5133357.568,393155.7703,9.4452,307,TRUE,4.2,500,300
4936,2016/10/12 2:44,130.6123938,46.3269565,5133364.582,393146.7907,9.26,306.3,TRUE,4.2,500,300
4937,2016/10/12 2:44,130.6122968,46.32701383,5133371.086,393139.4329,8.889601,308.7,TRUE,4.2,500,300
4938,2016/10/12 2:44,130.6121765,46.32708717,5133379.4,393130.3098,11.6676,313.4,TRUE,4.2,500,300
4939,2016/10/12 2:44,130.6120598,46.32715883,5133387.523,393121.4653,10.186,311.2,TRUE,4.2,500,300
4940,2016/10/12 2:44,130.6119383,46.32722783,5133395.357,393112.2436,10.5564,307.5,TRUE,4.2,500,300
4941,2016/10/12 2:44,130.6118222,46.32729583,5133403.072,393103.4313,10.0008,308.8,TRUE,4.2,500,300
4942,2016/10/12 2:45,130.6117085,46.32735933,5133410.284,393094.8019,9.0748,305.5,TRUE,4.2,500,300
4943,2016/10/12 2:45,130.6116017,46.32741967,5133417.136,393086.6932,9.4452,307.9,TRUE,4.2,500,300
4944,2016/10/12 2:45,130.6114968,46.32748117,5133424.113,393078.7399,8.7044,308.5,TRUE,4.2,500,300
4945,2016/10/12 2:45,130.6113938,46.327543,5133431.125,393070.929,9.4452,310.7,TRUE,4.2,500,300
4946,2016/10/12 2:45,130.6112858,46.3276015,5133437.774,393062.7266,9.26,309.5,TRUE,4.2,500,300
4947,2016/10/12 2:45,130.6111865,46.3276595,5133444.355,393055.1908,9.4452,310.7,TRUE,4.2,500,300
4948,2016/10/12 2:45,130.611079,46.3277205,5133451.281,393047.0319,9.8156,309,TRUE,4.2,500,300
4949,2016/10/12 2:45,130.6109738,46.32778483,5133458.573,393039.0588,9.4452,311.8,TRUE,4.2,500,300
4950,2016/10/12 2:45,130.610883,46.32784433,5133465.31,393032.1806,8.7044,310.1,TRUE,4.2,500,300
4951,2016/10/12 2:45,130.6107835,46.327903,5133471.966,393024.6331,8.334,306.9,TRUE,4.2,500,300
4952,2016/10/12 2:45,130.610684,46.32796067,5133478.51,393017.0837,8.7044,308.9,TRUE,4.2,500,300
4953,2016/10/12 2:45,130.6105865,46.32801833,5133485.051,393009.6883,8.889601,309.6,TRUE,4.2,500,300
4954,2016/10/12 2:45,130.6104943,46.328078,5133491.809,393002.7073,8.889601,316.6,TRUE,4.2,500,300
4955,2016/10/12 2:45,130.6104088,46.3281445,5133499.316,392996.2532,8.519199,317.2,TRUE,4.2,500,300
4956,2016/10/12 2:45,130.6103305,46.32818983,5133504.461,392990.31,5.1856,293.4,TRUE,4.2,500,300
4957,2016/10/12 2:46,130.6102508,46.32817217,5133502.605,392984.1407,6.482,228.3,FALSE,4.2,0,300
4958,2016/10/12 2:46,130.6102065,46.32809067,5133493.606,392980.5682,8.889601,200.2,FALSE,4.2,0,300
4959,2016/10/12 2:46,130.6101588,46.328018,5133485.593,392976.7557,8.519199,206,FALSE,4.2,0,300
4960,2016/10/12 2:46,130.6101603,46.3279425,5133477.198,392976.7239,7.0376,155.6,TRUE,4.2,237,300
4961,2016/10/12 2:46,130.6102295,46.32788867,5133471.121,392981.9453,7.0376,130.7,FALSE,4.2,0,300
4962,2016/10/12 2:46,130.6103238,46.32784633,5133466.287,392989.1264,7.408,122.2,TRUE,4.2,500,300
4963,2016/10/12 2:46,130.6104163,46.32779617,5133460.587,392996.1514,8.7044,128,TRUE,4.2,500,300
4964,2016/10/12 2:46,130.6105217,46.32773833,5133454.015,393004.1502,9.4452,129.1,TRUE,4.2,500,300
4965,2016/10/12 2:46,130.6106315,46.32766867,5133446.124,393012.4716,10.0008,132.6,TRUE,4.2,500,300
4966,2016/10/12 2:46,130.610749,46.32760367,5133438.74,393021.3928,10.9268,128.1,TRUE,4.2,500,300
4967,2016/10/12 2:46,130.6108605,46.32754167,5133431.698,393029.8579,10.186,126.9,TRUE,4.2,500,300
4968,2016/10/12 2:46,130.6109692,46.32747667,5133424.326,393038.0992,10.186,130.8,TRUE,4.2,500,300
4969,2016/10/12 2:46,130.6110783,46.3274115,5133416.934,393046.3779,9.8156,130.5,TRUE,4.2,500,300
4970,2016/10/12 2:46,130.6111932,46.32734333,5133409.202,393055.0882,10.5564,127,TRUE,4.2,500,300
4971,2016/10/12 2:46,130.6112965,46.32728067,5133402.097,393062.9229,9.4452,129.7,TRUE,4.2,500,300
4972,2016/10/12 2:47,130.611406,46.32722,5133395.205,393071.2366,10.186,130.6,TRUE,4.2,500,300
4973,2016/10/12 2:47,130.611524,46.32715567,5133387.895,393080.1978,10.3712,129.4,TRUE,4.2,500,300
4974,2016/10/12 2:47,130.6116405,46.327087,5133380.105,393089.035,10.9268,129.9,TRUE,4.2,500,300
4975,2016/10/12 2:47,130.611753,46.32702433,5133372.987,393097.5759,9.8156,128.9,TRUE,4.2,500,300
4976,2016/10/12 2:47,130.6118645,46.32696167,5133365.871,393106.0399,9.8156,129.4,TRUE,4.2,500,300
4977,2016/10/12 2:47,130.6119852,46.326891,5133357.853,393115.1943,10.5564,129.2,TRUE,4.2,500,300
4978,2016/10/12 2:47,130.6120963,46.32682733,5133350.626,393123.6302,10.186,127.9,TRUE,4.2,500,300
4979,2016/10/12 2:47,130.6122152,46.3267585,5133342.815,393132.6474,10.5564,133.1,TRUE,4.2,500,300
4980,2016/10/12 2:47,130.6123343,46.32669083,5133335.132,393141.6915,10.3712,131.2,TRUE,4.2,500,300
4981,2016/10/12 2:47,130.6124527,46.32662183,5133327.302,393150.6699,11.112,131,TRUE,4.2,500,300
4982,2016/10/12 2:47,130.6125775,46.32654633,5133318.742,393160.1355,12.038,134.8,TRUE,4.2,500,300
4983,2016/10/12 2:47,130.6127133,46.3264625,5133309.24,393170.4319,12.7788,130.1,TRUE,4.2,500,300
4984,2016/10/12 2:47,130.6128433,46.32638867,5133300.858,393180.2989,11.6676,130.6,TRUE,4.2,500,300
4985,2016/10/12 2:47,130.6129663,46.326318,5133292.837,393189.633,11.112,130.3,TRUE,4.2,500,300
4986,2016/10/12 2:47,130.6130795,46.32624683,5133284.773,393198.2092,10.0008,133.1,TRUE,4.2,500,300
4987,2016/10/12 2:48,130.6131965,46.32617967,5133277.15,393207.0881,10.7416,128.9,TRUE,4.2,500,300
4988,2016/10/12 2:48,130.61332,46.32610283,5133268.443,393216.4488,11.6676,130.9,TRUE,4.2,500,300
4989,2016/10/12 2:48,130.6134545,46.32602517,5133259.629,393226.655,12.038,130.9,TRUE,4.2,500,300
4990,2016/10/12 2:48,130.6135857,46.32594733,5133250.8,393236.6044,12.4084,131.9,TRUE,4.2,500,300
4991,2016/10/12 2:48,130.6137202,46.32587033,5133242.059,393246.8119,11.8528,126.2,TRUE,4.2,500,300
4992,2016/10/12 2:48,130.6138552,46.32579517,5133233.523,393257.0616,11.2972,127,TRUE,4.2,500,300
4993,2016/10/12 2:48,130.6139843,46.32571817,5133224.79,393266.8579,12.2232,130.2,TRUE,4.2,500,300
4994,2016/10/12 2:48,130.6141175,46.32563967,5133215.884,393276.9602,11.6676,128.2,TRUE,4.2,500,300
4995,2016/10/12 2:48,130.6142492,46.32556433,5133207.333,393286.9531,11.6676,132.9,TRUE,4.2,500,300
4996,2016/10/12 2:48,130.6143817,46.32548817,5133198.688,393297.0084,11.8528,130.3,TRUE,4.2,500,300
4997,2016/10/12 2:48,130.6145218,46.3254105,5133189.866,393307.6507,11.6676,128,TRUE,4.2,500,300
4998,2016/10/12 2:48,130.6146572,46.3253315,5133180.902,393317.9192,12.4084,129.4,TRUE,4.2,500,300
4999,2016/10/12 2:48,130.614796,46.32524983,5133171.637,393328.4513,12.2232,129.2,TRUE,4.2,500,300
5000,2016/10/12 2:48,130.6149247,46.32516867,5133162.443,393338.202,12.4084,133.2,TRUE,4.2,500,300
5001,2016/10/12 2:48,130.615066,46.32508917,5133153.415,393348.9309,13.1492,131.2,TRUE,4.2,500,300
5002,2016/10/12 2:49,130.615199,46.32501217,5133144.677,393359.0233,11.2972,127.5,TRUE,4.2,500,300
5003,2016/10/12 2:49,130.6153315,46.32493783,5133136.235,393369.0823,11.4824,128.9,TRUE,4.2,500,300
5004,2016/10/12 2:49,130.6154568,46.32486483,5133127.952,393378.5918,11.112,130.3,TRUE,4.2,500,300
5005,2016/10/12 2:49,130.615588,46.32479317,5133119.81,393388.5537,11.112,126.5,TRUE,4.2,500,300
5006,2016/10/12 2:49,130.61572,46.32471417,5133110.851,393398.5652,11.8528,128.3,TRUE,4.2,500,300
5007,2016/10/12 2:49,130.6158512,46.32463767,5133102.171,393408.5178,11.6676,131.2,TRUE,4.2,500,300
5008,2016/10/12 2:49,130.6159803,46.324563,5133093.697,393418.3191,11.8528,131.5,TRUE,4.2,500,300
5009,2016/10/12 2:49,130.6161055,46.32449,5133085.415,393427.8164,10.186,131.2,TRUE,4.2,500,300
5010,2016/10/12 2:49,130.6162182,46.3244195,5133077.427,393436.356,10.186,130.5,TRUE,4.2,500,300
5011,2016/10/12 2:49,130.6163202,46.32435717,5133070.361,393444.0898,8.889601,132.3,TRUE,4.2,500,300
5012,2016/10/12 2:49,130.6163975,46.3243155,5133065.625,393449.964,4.63,120.3,TRUE,4.2,323,300
5013,2016/10/12 2:49,130.6164448,46.32432083,5133066.154,393453.6191,1.1112,79.2,FALSE,4.2,0,300
5014,2016/10/12 2:49,130.6164242,46.32431017,5133064.997,393452.0074,3.8892,247.5,FALSE,4.2,0,300
5015,2016/10/12 2:49,130.6164048,46.32429533,5133063.373,393450.4893,2.0372,39.1,FALSE,4.2,0,300
5016,2016/10/12 2:49,130.6164348,46.32436717,5133071.318,393452.939,8.889601,2.3,FALSE,4.2,0,300
5017,2016/10/12 2:50,130.6164148,46.32445383,5133080.978,393451.5671,9.0748,349.8,FALSE,4.2,0,300
5018,2016/10/12 2:50,130.6163885,46.32453917,5133090.499,393449.7052,9.0748,346.6,FALSE,4.2,0,300
5019,2016/10/12 2:50,130.6163705,46.32462417,5133099.972,393448.4841,8.334,348.8,FALSE,4.2,0,300
5020,2016/10/12 2:50,130.616332,46.32470917,5133109.472,393445.6844,9.26,325.4,FALSE,4.2,0,300
5021,2016/10/12 2:50,130.6162397,46.324772,5133116.58,393438.6962,8.889601,313.7,FALSE,4.2,0,300
5022,2016/10/12 2:50,130.616155,46.32482383,5133122.455,393432.2767,8.1488,315.3,TRUE,4.2,500,300
5023,2016/10/12 2:50,130.6160712,46.32487867,5133128.664,393425.9276,8.1488,308.1,TRUE,4.2,500,300
5024,2016/10/12 2:50,130.615974,46.32493583,5133135.148,393418.5558,10.0008,310.7,TRUE,4.2,500,300
5025,2016/10/12 2:50,130.615751,46.325068,5133150.14,393401.6399,9.26,309.1,TRUE,4.2,500,300
5026,2016/10/12 2:50,130.6156475,46.32513167,5133157.357,393393.7933,9.26,312.7,TRUE,4.2,500,300
5027,2016/10/12 2:50,130.6155553,46.32518867,5133163.817,393386.8063,8.519199,313.5,TRUE,4.2,500,300
5028,2016/10/12 2:50,130.6154522,46.32524933,5133170.698,393378.9801,10.0008,305.3,TRUE,4.2,500,300
5029,2016/10/12 2:50,130.6153518,46.325306,5133177.133,393371.3633,8.7044,312.7,TRUE,4.2,500,300
5030,2016/10/12 2:50,130.6152538,46.32535717,5133182.952,393363.9161,9.0748,308.5,TRUE,4.2,500,300
5031,2016/10/12 2:51,130.6151487,46.32542217,5133190.319,393355.9444,9.8156,313.9,TRUE,4.2,500,300
5032,2016/10/12 2:51,130.6150465,46.325485,5133197.441,393348.1987,9.26,312.1,TRUE,4.2,500,300
5033,2016/10/12 2:51,130.614931,46.32555317,5133205.174,393339.4369,11.112,308.7,TRUE,4.2,500,300
5034,2016/10/12 2:51,130.6148127,46.3256185,5133212.595,393330.4517,10.5564,311.4,TRUE,4.2,500,300
5035,2016/10/12 2:51,130.6146977,46.3256845,5133220.086,393321.7243,9.8156,310.4,TRUE,4.2,500,300
5036,2016/10/12 2:51,130.6145858,46.32575067,5133227.592,393313.2405,10.5564,315.7,TRUE,4.2,500,300
5037,2016/10/12 2:51,130.6144713,46.3258135,5133234.73,393304.5455,10.186,303.9,TRUE,4.2,500,300
5038,2016/10/12 2:51,130.6143628,46.32587517,5133241.731,393296.3102,9.26,309.7,TRUE,4.2,500,300
5039,2016/10/12 2:51,130.6142605,46.32593617,5133248.65,393288.5488,9.26,308.8,TRUE,4.2,500,300
5040,2016/10/12 2:51,130.6141455,46.32599567,5133255.418,393279.8088,10.186,310.8,TRUE,4.2,500,300
5041,2016/10/12 2:51,130.614036,46.3260605,5133262.772,393271.5027,10.186,307.5,TRUE,4.2,500,300
5042,2016/10/12 2:51,130.6139255,46.32611917,5133269.443,393263.1077,9.8156,309.2,TRUE,4.2,500,300
5043,2016/10/12 2:51,130.6138268,46.3261775,5133276.059,393255.623,8.7044,310.8,TRUE,4.2,500,300
5044,2016/10/12 2:51,130.6137247,46.32623633,5133282.736,393247.8705,8.889601,313.1,TRUE,4.2,500,300
5045,2016/10/12 2:51,130.6136287,46.32629083,5133288.924,393240.584,7.2228,307.3,TRUE,4.2,500,300
5046,2016/10/12 2:52,130.613536,46.3263435,5133294.903,393233.5504,9.0748,309.8,TRUE,4.2,500,300
5047,2016/10/12 2:52,130.6134323,46.32640333,5133301.694,393225.6837,9.0748,311.6,TRUE,4.2,500,300
5048,2016/10/12 2:52,130.613333,46.3264655,5133308.738,393218.1557,9.4452,311.7,TRUE,4.2,500,300
5049,2016/10/12 2:52,130.6132282,46.32652583,5133315.585,393210.2006,9.8156,309,TRUE,4.2,500,300
5050,2016/10/12 2:52,130.6131285,46.32658583,5133322.389,393202.6423,9.4452,309.9,TRUE,4.2,500,300
5051,2016/10/12 2:52,130.613027,46.3266445,5133329.048,393194.9405,9.26,310.5,TRUE,4.2,500,300
5052,2016/10/12 2:52,130.6129193,46.32670483,5133335.899,393186.7668,9.26,309.4,TRUE,4.2,500,300
5053,2016/10/12 2:52,130.6128217,46.32675917,5133342.071,393179.3522,8.7044,306.2,TRUE,4.2,500,300
5054,2016/10/12 2:52,130.612711,46.32682467,5133349.501,393170.9576,10.3712,308.4,TRUE,4.2,500,300
5055,2016/10/12 2:52,130.6125977,46.32688633,5133356.508,393162.3507,9.0748,306.3,TRUE,4.2,500,300
5056,2016/10/12 2:52,130.6124883,46.326955,5133364.288,393154.0647,10.186,310,TRUE,4.2,500,300
5057,2016/10/12 2:52,130.612373,46.32701933,5133371.594,393145.3091,10.5564,308.7,TRUE,4.2,500,300
5058,2016/10/12 2:52,130.6122548,46.3270865,5133379.22,393136.3402,10.7416,307.4,TRUE,4.2,500,300
5059,2016/10/12 2:52,130.612137,46.32715783,5133387.308,393127.4057,10.9268,310.9,TRUE,4.2,500,300
5060,2016/10/12 2:52,130.6120135,46.32722833,5133395.311,393118.033,11.2972,308.1,TRUE,4.2,500,300
5061,2016/10/12 2:53,130.6118927,46.327303,5133403.774,393108.8741,11.112,312.2,TRUE,4.2,500,300
5062,2016/10/12 2:53,130.6117715,46.3273735,5133411.774,393099.6808,11.112,309.1,TRUE,4.2,500,300
5063,2016/10/12 2:53,130.6116532,46.32744117,5133419.456,393090.7008,10.5564,308.7,TRUE,4.2,500,300
5064,2016/10/12 2:53,130.6115322,46.32751333,5133427.64,393081.5239,11.112,313.6,TRUE,4.2,443,300
5065,2016/10/12 2:53,130.6114275,46.32758117,5133435.323,393073.5961,8.7044,309.8,TRUE,4.2,500,300
5066,2016/10/12 2:53,130.6113277,46.3276385,5133441.83,393066.0205,8.1488,310.9,TRUE,4.2,500,300
5067,2016/10/12 2:53,130.6112432,46.32768733,5133447.372,393059.6089,7.2228,311.2,TRUE,4.2,500,300
5068,2016/10/12 2:53,130.6111598,46.32773867,5133453.191,393053.2915,8.1488,312.7,TRUE,4.2,500,300
5069,2016/10/12 2:53,130.611111,46.32776483,5133456.165,393049.5824,0.7408,159.7,TRUE,4.2,485,300
5070,2016/10/12 2:53,130.6111093,46.32776483,5133456.167,393049.4538,0,0,FALSE,4.2,0,300
5071,2016/10/12 2:53,130.6111068,46.32776367,5133456.042,393049.259,0,0,FALSE,4.2,0,300
5072,2016/10/12 2:53,130.611103,46.32776467,5133456.158,393048.966,0,0,FALSE,4.2,0,300
5073,2016/10/12 2:53,130.6111005,46.3277665,5133456.365,393048.7771,0,0,FALSE,4.2,0,300
5074,2016/10/12 2:53,130.6110987,46.32776917,5133456.664,393048.6414,0,0,FALSE,4.2,0,300
5075,2016/10/12 2:53,130.611106,46.32776117,5133455.765,393049.1902,0,0,FALSE,4.2,0,300
5076,2016/10/12 2:54,130.6111048,46.32776133,5133455.784,393049.1005,0,0,FALSE,4.2,0,300
5077,2016/10/12 2:54,130.6111033,46.327762,5133455.861,393048.9863,0,190.3,FALSE,4.2,0,300
5078,2016/10/12 2:54,130.6111028,46.3277615,5133455.806,393048.9468,0,0,FALSE,4.2,0,300
5079,2016/10/12 2:54,130.6111013,46.32776167,5133455.827,393048.8316,0,0,FALSE,4.2,0,300
5080,2016/10/12 2:54,130.6110998,46.32776267,5133455.94,393048.718,0,0,FALSE,4.2,0,300
5081,2016/10/12 2:54,130.611099,46.32776283,5133455.959,393048.6544,0,0,FALSE,4.2,0,300
5082,2016/10/12 2:54,130.6110993,46.32776183,5133455.847,393048.6779,0,0,FALSE,4.2,0,300
5083,2016/10/12 2:54,130.6110978,46.3277605,5133455.701,393048.5598,0,0,FALSE,4.2,0,300
5084,2016/10/12 2:54,130.6110978,46.32776083,5133455.738,393048.5605,0,0,FALSE,4.2,0,300
5085,2016/10/12 2:54,130.611099,46.327761,5133455.755,393048.6509,0,0,FALSE,4.2,0,300
5086,2016/10/12 2:54,130.6110992,46.32776117,5133455.774,393048.6643,0,0,FALSE,4.2,0,300
5087,2016/10/12 2:54,130.6110995,46.3277615,5133455.81,393048.6904,0,0,FALSE,4.2,0,300
5088,2016/10/12 2:54,130.6110987,46.327761,5133455.756,393048.6255,0,0,FALSE,4.2,0,300
5089,2016/10/12 2:54,130.6110983,46.32776083,5133455.737,393048.599,0,0,FALSE,4.2,0,300
5090,2016/10/12 2:54,130.6110985,46.32776133,5133455.793,393048.613,0,0,FALSE,4.2,0,300
5091,2016/10/12 2:55,130.6110985,46.32776117,5133455.775,393048.6127,0,0,FALSE,4.2,0,300
5092,2016/10/12 2:55,130.611098,46.327761,5133455.757,393048.5739,0,0,FALSE,4.2,0,300
5093,2016/10/12 2:55,130.6110978,46.32776083,5133455.738,393048.5605,0,0,FALSE,4.2,0,300
5094,2016/10/12 2:55,130.6110977,46.32776067,5133455.72,393048.5478,0,0,FALSE,4.2,0,300
5095,2016/10/12 2:55,130.6110972,46.32776033,5133455.683,393048.5087,0,0,FALSE,4.2,0,300
5096,2016/10/12 2:55,130.6110963,46.32776,5133455.648,393048.4433,0,0,FALSE,4.2,0,300
5097,2016/10/12 2:55,130.6110978,46.3277595,5133455.59,393048.5579,0.1852,110.5,FALSE,4.2,0,300
5098,2016/10/12 2:55,130.6110978,46.3277595,5133455.59,393048.5579,0,0,FALSE,4.2,0,300
5099,2016/10/12 2:55,130.6110983,46.32775967,5133455.608,393048.5967,0,0,FALSE,4.2,0,300
5100,2016/10/12 2:55,130.611098,46.32775933,5133455.571,393048.5706,0,0,FALSE,4.2,0,300
5101,2016/10/12 2:55,130.6110982,46.3277595,5133455.59,393048.584,0,0,FALSE,4.2,0,300
5102,2016/10/12 2:55,130.611098,46.32775917,5133455.553,393048.5703,0,0,FALSE,4.2,0,300
5103,2016/10/12 2:55,130.6110975,46.32775917,5133455.554,393048.5318,0,0,FALSE,4.2,0,300
5104,2016/10/12 2:55,130.6110983,46.32775867,5133455.497,393048.5947,0,0,FALSE,4.2,0,300
5105,2016/10/12 2:55,130.6110767,46.327775,5133457.342,393046.9587,0.3704,153.3,FALSE,4.2,0,300
5106,2016/10/12 2:56,130.6110747,46.327777,5133457.567,393046.8086,0,0,FALSE,4.2,0,300
5107,2016/10/12 2:56,130.6110662,46.32778167,5133458.097,393046.1631,2.778,306.9,TRUE,4.2,494,300
5108,2016/10/12 2:56,130.6110092,46.327813,5133461.657,393041.835,9.26,308.5,TRUE,4.2,500,300
5109,2016/10/12 2:56,130.6109118,46.32787333,5133468.494,393034.4571,8.889601,310,TRUE,4.2,500,300
5110,2016/10/12 2:56,130.610819,46.327926,5133474.474,393027.4116,8.7044,309.5,TRUE,4.2,500,300
5111,2016/10/12 2:56,130.6107265,46.32798217,5133480.843,393020.3983,7.778399,309.1,TRUE,4.2,500,300
5112,2016/10/12 2:56,130.6106403,46.3280325,5133486.554,393013.861,8.1488,312.7,TRUE,4.2,500,300
5113,2016/10/12 2:56,130.610553,46.32808783,5133492.822,393007.2443,8.1488,307.4,TRUE,4.2,500,300
5114,2016/10/12 2:56,130.610469,46.32814417,5133499.198,393000.8859,7.5932,309.8,TRUE,4.2,500,300
5115,2016/10/12 2:56,130.6103873,46.32819267,5133504.699,392994.6916,7.778399,306.6,TRUE,4.2,500,300
5116,2016/10/12 2:56,130.6103315,46.3281975,5133505.312,392990.402,5.556,260.1,FALSE,4.2,0,300
5117,2016/10/12 2:56,130.6102707,46.3281305,5133497.946,392985.5872,9.0748,196.7,FALSE,4.2,0,300
5118,2016/10/12 2:56,130.6102193,46.32804633,5133488.66,392981.4697,9.0748,205.3,FALSE,4.2,0,300
5119,2016/10/12 2:56,130.6102077,46.32796183,5133479.283,392980.407,9.0748,162.7,FALSE,4.2,0,300
5120,2016/10/12 2:56,130.6102752,46.3279135,5133473.819,392985.5104,6.482,127.9,FALSE,4.2,0,300
5121,2016/10/12 2:57,130.6103577,46.3278695,5133468.817,392991.7774,8.1488,130.5,TRUE,4.2,500,300
5122,2016/10/12 2:57,130.6104535,46.32781533,5133462.666,392999.051,9.0748,127.9,TRUE,4.2,500,300
5123,2016/10/12 2:57,130.6105595,46.32775217,5133455.503,393007.0902,10.5564,132.2,TRUE,4.2,500,300
5124,2016/10/12 2:57,130.6106718,46.32768517,5133447.903,393015.6094,9.6304,130.4,TRUE,4.2,500,300
5125,2016/10/12 2:57,130.6107875,46.3276205,5133440.559,393024.3903,10.3712,128.8,TRUE,4.2,500,300
5126,2016/10/12 2:57,130.610907,46.32754683,5133432.208,393033.4486,11.6676,133,TRUE,4.2,500,300
5127,2016/10/12 2:57,130.61104,46.32746783,5133423.247,393043.5362,12.7788,129.5,TRUE,4.2,500,300
5128,2016/10/12 2:57,130.6111773,46.3273915,5133414.577,393053.9623,12.4084,130.1,TRUE,4.2,500,300
5129,2016/10/12 2:57,130.6113072,46.32731567,5133405.973,393063.8128,11.4824,126.6,TRUE,4.2,500,300
5130,2016/10/12 2:57,130.6114417,46.327238,5133397.158,393074.0185,11.8528,131.9,TRUE,4.2,500,300
5131,2016/10/12 2:57,130.6115773,46.3271595,5133388.249,393084.3119,12.964,131.5,TRUE,4.2,500,300
5132,2016/10/12 2:57,130.6117103,46.32708517,5133379.807,393094.4087,11.6676,125.7,TRUE,4.2,500,300
5133,2016/10/12 2:57,130.6118432,46.32700467,5133370.68,393104.4811,12.964,135.7,TRUE,4.2,500,300
5134,2016/10/12 2:57,130.6119788,46.32692917,5133362.104,393114.7805,12.2232,130.4,TRUE,4.2,500,300
5135,2016/10/12 2:57,130.6121153,46.3268525,5133353.398,393125.1423,11.2972,127.3,TRUE,4.2,500,300
5136,2016/10/12 2:58,130.6122455,46.3267795,5133345.108,393135.0238,11.4824,129,TRUE,4.2,500,300
5137,2016/10/12 2:58,130.6123713,46.32670233,5133336.36,393144.5631,12.038,131.9,TRUE,4.2,500,300
5138,2016/10/12 2:58,130.6124875,46.326634,5133328.608,393153.3757,10.0008,132.1,TRUE,4.2,500,300
5139,2016/10/12 2:58,130.6126038,46.3265645,5133320.726,393162.1984,11.6676,132.1,TRUE,4.2,500,300
5140,2016/10/12 2:58,130.6127255,46.32649667,5133313.022,393171.4356,10.9268,127.6,TRUE,4.2,500,300
5141,2016/10/12 2:58,130.6128532,46.3264235,5133304.717,393181.1244,11.112,127.2,TRUE,4.2,500,300
5142,2016/10/12 2:58,130.6129798,46.326349,5133296.265,393190.7329,12.038,130.9,TRUE,4.2,500,300
5143,2016/10/12 2:58,130.613107,46.32627683,5133288.071,393200.3852,11.6676,129.6,TRUE,4.2,500,300
5144,2016/10/12 2:58,130.6132398,46.32619867,5133279.204,393210.4618,11.6676,130,TRUE,4.2,500,300
5145,2016/10/12 2:58,130.6133773,46.32612067,5133270.348,393220.8983,12.038,128.4,TRUE,4.2,500,300
5146,2016/10/12 2:58,130.6135195,46.3260375,5133260.912,393231.6844,11.8528,128.4,TRUE,4.2,500,300
5147,2016/10/12 2:58,130.613653,46.325955,5133251.561,393241.8042,12.4084,132.4,TRUE,4.2,500,300
5148,2016/10/12 2:58,130.6137897,46.32587933,5133242.966,393252.1814,12.038,129.8,TRUE,4.2,500,300
5149,2016/10/12 2:58,130.6139258,46.32580133,5133234.112,393262.5148,11.4824,126.7,TRUE,4.2,500,300
5150,2016/10/12 2:58,130.6140587,46.32572467,5133225.412,393272.5952,11.8528,131.7,TRUE,4.2,500,300
5151,2016/10/12 2:59,130.614194,46.32564717,5133216.615,393282.8658,12.2232,130.3,TRUE,4.2,500,300
5152,2016/10/12 2:59,130.6143278,46.32556583,5133207.393,393293.0134,11.8528,130.6,TRUE,4.2,500,300
5153,2016/10/12 2:59,130.6144675,46.32548483,5133198.202,393303.6114,12.4084,131.7,TRUE,4.2,500,300
5154,2016/10/12 2:59,130.614604,46.32540483,5133189.125,393313.9673,12.4084,129.4,TRUE,4.2,500,300
5155,2016/10/12 2:59,130.6147473,46.32532367,5133179.911,393324.8469,12.4084,128.1,TRUE,4.2,500,300
5156,2016/10/12 2:59,130.6148858,46.32524217,5133170.665,393335.354,12.4084,130.2,TRUE,4.2,500,300
5157,2016/10/12 2:59,130.615027,46.32516317,5133161.693,393346.0715,11.8528,127.8,TRUE,4.2,500,300
5158,2016/10/12 2:59,130.6151678,46.32508183,5133152.462,393356.7583,12.2232,128.3,TRUE,4.2,500,300
5159,2016/10/12 2:59,130.6152952,46.325008,5133144.084,393366.421,11.4824,130.5,TRUE,4.2,500,300
5160,2016/10/12 2:59,130.6154262,46.32493283,5133135.552,393376.3629,11.4824,129.6,TRUE,4.2,500,300
5161,2016/10/12 2:59,130.6155608,46.3248555,5133126.775,393386.5825,12.038,129,TRUE,4.2,500,300
5162,2016/10/12 2:59,130.6156992,46.32477583,5133117.733,393397.081,12.964,133.7,TRUE,4.2,500,300
5163,2016/10/12 2:59,130.6158272,46.32469467,5133108.54,393406.7803,11.4824,132.9,TRUE,4.2,500,300
5164,2016/10/12 2:59,130.6159597,46.324617,5133099.728,393416.833,12.964,130.4,TRUE,4.2,500,300
5165,2016/10/12 2:59,130.616098,46.32453633,5133090.575,393427.3288,12.964,131.5,TRUE,4.2,500,300
5166,2016/10/12 3:00,130.6162238,46.32446117,5133082.051,393436.8728,10.0008,130.1,TRUE,4.2,500,300
5167,2016/10/12 3:00,130.6163267,46.324404,5133075.558,393444.6813,8.519199,129.4,TRUE,4.2,500,300
5168,2016/10/12 3:00,130.6163943,46.3243765,5133072.41,393449.8383,2.9632,107.7,FALSE,4.2,0,300
5169,2016/10/12 3:00,130.616437,46.32438833,5133073.667,393453.1472,1.6668,42,TRUE,4.2,116,300
5170,2016/10/12 3:00,130.6164117,46.32437767,5133072.517,393451.1759,4.0744,242.1,FALSE,4.2,0,300
5171,2016/10/12 3:00,130.6163927,46.32436017,5133070.597,393449.6787,1.2964,43.4,FALSE,4.2,0,300
5172,2016/10/12 3:00,130.61642,46.32442317,5133077.563,393451.9057,7.9636,3.5,FALSE,4.2,0,300
5173,2016/10/12 3:00,130.6164082,46.32450117,5133086.249,393451.1462,7.778399,346.1,FALSE,4.2,0,300
5174,2016/10/12 3:00,130.6163917,46.32457867,5133094.886,393450.026,7.408,352.2,FALSE,4.2,0,300
5175,2016/10/12 3:00,130.6163778,46.32465467,5133103.352,393449.1078,7.408,350.6,FALSE,4.2,0,300
5176,2016/10/12 3:00,130.6163637,46.32473267,5133112.042,393448.1688,8.334,348,FALSE,4.2,0,300
5177,2016/10/12 3:00,130.6163485,46.32481067,5133120.732,393447.1521,7.5932,354.3,FALSE,4.2,0,300
5178,2016/10/12 3:00,130.6163387,46.3248935,5133129.952,393446.556,7.5932,355.6,FALSE,4.2,0,300
5179,2016/10/12 3:00,130.6163283,46.3249715,5133138.637,393445.9112,7.408,356.2,FALSE,4.2,0,300
5180,2016/10/12 3:00,130.6162728,46.32502367,5133144.51,393441.7386,6.1116,305.5,FALSE,4.2,0,300
5181,2016/10/12 3:01,130.6161878,46.32506733,5133149.478,393435.2777,7.408,306.4,TRUE,4.2,500,300
5182,2016/10/12 3:01,130.6161097,46.32511133,5133154.474,393429.3443,7.778399,310.3,TRUE,4.2,500,300
5183,2016/10/12 3:01,130.616023,46.32516317,5133160.353,393422.7707,8.1488,311.4,TRUE,4.2,500,300
5184,2016/10/12 3:01,130.6159225,46.32522,5133166.805,393415.1419,9.6304,308.4,TRUE,4.2,500,300
5185,2016/10/12 3:01,130.6158153,46.3252815,5133173.785,393407.0085,9.26,312.6,TRUE,4.2,500,300
5186,2016/10/12 3:01,130.615713,46.32534167,5133180.611,393399.2453,9.26,313.4,TRUE,4.2,500,300
5187,2016/10/12 3:01,130.6156175,46.32539967,5133187.187,393392.0038,9.26,308.3,TRUE,4.2,500,300
5188,2016/10/12 3:01,130.6155283,46.32544483,5133192.327,393385.2248,7.9636,308.5,TRUE,4.2,500,300
5189,2016/10/12 3:01,130.6154407,46.325497,5133198.244,393378.5758,7.0376,310,TRUE,4.2,500,300
5190,2016/10/12 3:01,130.6153583,46.3255445,5133203.635,393372.3273,7.408,309.1,TRUE,4.2,500,300
5191,2016/10/12 3:01,130.6152815,46.32559267,5133209.092,393366.5045,6.8524,311.1,TRUE,4.2,500,300
5192,2016/10/12 3:01,130.6151968,46.3256405,5133214.523,393360.0773,7.778399,309.8,TRUE,4.2,500,300
5193,2016/10/12 3:01,130.6151142,46.32569083,5133220.229,393353.8098,7.2228,314,TRUE,4.2,500,300
5194,2016/10/12 3:01,130.6150263,46.3257425,5133226.09,393347.146,8.1488,306.9,TRUE,4.2,500,300
5195,2016/10/12 3:01,130.614941,46.32579533,5133232.078,393340.6777,7.5932,311.8,TRUE,4.2,500,300
5196,2016/10/12 3:02,130.6148562,46.32584567,5133237.788,393334.2431,8.1488,308.9,TRUE,4.2,500,300
5197,2016/10/12 3:02,130.6147647,46.32589583,5133243.486,393327.2946,8.889601,309.4,TRUE,4.2,500,300
5198,2016/10/12 3:02,130.6146663,46.32595617,5133250.326,393319.8391,9.4452,311.6,TRUE,4.2,500,300
5199,2016/10/12 3:02,130.6145672,46.3260125,5133256.721,393312.3127,8.519199,308.4,TRUE,4.2,500,300
5200,2016/10/12 3:02,130.6144687,46.326073,5133263.579,393304.8452,9.0748,313.3,TRUE,4.2,500,300
5201,2016/10/12 3:02,130.6143653,46.326137,5133270.832,393297.0119,10.186,311.1,TRUE,4.2,500,300
5202,2016/10/12 3:02,130.6142555,46.32620117,5133278.113,393288.6791,9.4452,311.9,TRUE,4.2,500,300
5203,2016/10/12 3:02,130.6141543,46.32626067,5133284.863,393281.0042,8.7044,313.8,TRUE,4.2,500,300
5204,2016/10/12 3:02,130.6140443,46.3263255,5133292.217,393272.6597,9.8156,309.3,TRUE,4.2,500,300
5205,2016/10/12 3:02,130.6139333,46.32639283,5133299.851,393264.243,10.0008,313,TRUE,4.2,500,300
5206,2016/10/12 3:02,130.6138198,46.32645833,5133307.285,393255.6303,10.3712,310,TRUE,4.2,500,300
5207,2016/10/12 3:02,130.6137042,46.32652417,5133314.759,393246.852,10.0008,309.4,TRUE,4.2,500,300
5208,2016/10/12 3:02,130.6136042,46.32658683,5133321.859,393239.2733,9.26,317.7,TRUE,4.2,500,300
5209,2016/10/12 3:02,130.6135043,46.32664767,5133328.756,393231.7035,10.186,313.7,TRUE,4.2,500,300
5210,2016/10/12 3:02,130.6133973,46.3267075,5133335.551,393223.5804,9.0748,308.5,TRUE,4.2,500,300
5211,2016/10/12 3:03,130.6132913,46.326768,5133342.419,393215.5356,10.0008,311.8,TRUE,4.2,500,300
5212,2016/10/12 3:03,130.61319,46.32683117,5133349.577,393207.8556,9.6304,313.2,TRUE,4.2,500,300
5213,2016/10/12 3:03,130.6130743,46.326899,5133357.273,393199.0805,10.3712,313.1,TRUE,4.2,500,300
5214,2016/10/12 3:03,130.6129555,46.32696567,5133364.844,393190.0598,10.3712,313.1,TRUE,4.2,500,300
5215,2016/10/12 3:03,130.6128393,46.3270345,5133372.652,393181.2482,10.0008,308.5,TRUE,4.2,500,300
5216,2016/10/12 3:03,130.612714,46.32709783,5133379.86,393171.7205,10.9268,308.6,TRUE,4.2,500,300
5217,2016/10/12 3:03,130.6125938,46.32716017,5133386.952,393162.5882,9.4452,313.5,TRUE,4.2,500,300
5218,2016/10/12 3:03,130.6124827,46.32722267,5133394.049,393154.1501,9.8156,307,TRUE,4.2,500,300
5219,2016/10/12 3:03,130.6123742,46.32728117,5133400.698,393145.9091,9.6304,311.4,TRUE,4.2,500,300
5220,2016/10/12 3:03,130.6122602,46.32734433,5133407.872,393137.2536,10.9268,306.2,TRUE,4.2,500,300
5221,2016/10/12 3:03,130.6121512,46.327405,5133414.763,393128.9783,9.0748,313.1,TRUE,4.2,500,300
5222,2016/10/12 3:03,130.6120415,46.32746533,5133421.617,393120.6508,9.8156,310.4,TRUE,4.2,500,300
5223,2016/10/12 3:03,130.6119355,46.327527,5133428.615,393112.6085,9.8156,310.5,TRUE,4.2,500,300
5224,2016/10/12 3:03,130.611823,46.3275905,5133435.826,393104.0693,10.3712,307.6,TRUE,4.2,500,300
5225,2016/10/12 3:03,130.611712,46.32765733,5133443.404,393095.6521,10.3712,313.3,TRUE,4.2,500,300
5226,2016/10/12 3:04,130.6116013,46.32772133,5133450.668,393087.2548,10.186,309.5,TRUE,4.2,500,300
5227,2016/10/12 3:04,130.6114912,46.32778433,5133457.819,393078.8949,8.889601,309.1,TRUE,4.2,500,300
5228,2016/10/12 3:04,130.6113948,46.32784283,5133464.452,393071.5903,8.519199,309.9,TRUE,4.2,500,300
5229,2016/10/12 3:04,130.6113002,46.327899,5133470.823,393064.4107,7.2228,307.7,TRUE,4.2,500,300
5230,2016/10/12 3:04,130.6112057,46.3279535,5133477.009,393057.2401,8.519199,312.5,TRUE,4.2,500,300
5231,2016/10/12 3:04,130.6111087,46.32800483,5133482.846,393049.8708,8.1488,305.5,TRUE,4.2,500,300
5232,2016/10/12 3:04,130.6110205,46.328052,5133488.208,393043.1734,7.5932,311,TRUE,4.2,500,300
5233,2016/10/12 3:04,130.610928,46.32810467,5133494.187,393036.1533,8.1488,310,TRUE,4.2,500,300
5234,2016/10/12 3:04,130.6108455,46.32815383,5133499.763,393029.8964,6.6672,310.6,TRUE,4.2,500,300
5235,2016/10/12 3:04,130.6107615,46.3282025,5133505.287,393023.523,7.408,311.1,TRUE,4.2,500,300
5236,2016/10/12 3:04,130.610672,46.32825167,5133510.873,393016.7271,7.5932,310.6,TRUE,4.2,500,300
5237,2016/10/12 3:04,130.6105913,46.32829933,5133516.28,393010.6082,7.408,310.9,TRUE,4.2,500,300
5238,2016/10/12 3:04,130.6105212,46.32834,5133520.895,393005.285,5.556,305,TRUE,4.2,500,300
5239,2016/10/12 3:04,130.6105123,46.3283505,5133522.074,393004.6248,0.7408,105.8,TRUE,4.2,331,300
5240,2016/10/12 3:04,130.6105457,46.328338,5133520.64,393007.1677,4.0744,103.9,FALSE,4.2,0,300
5241,2016/10/12 3:05,130.6105567,46.32833417,5133520.199,393008.0072,0.1852,70.9,FALSE,4.2,0,300
5242,2016/10/12 3:05,130.610495,46.32832683,5133519.467,393003.2442,5.0004,241.2,FALSE,4.2,0,300
5243,2016/10/12 3:05,130.6104492,46.32827383,5133513.637,392999.6118,6.1116,202.1,FALSE,4.2,0,300
5244,2016/10/12 3:05,130.6104403,46.32821833,5133507.48,392998.8228,5.9264,167.2,FALSE,4.2,0,300
5245,2016/10/12 3:05,130.6104875,46.32817967,5133503.119,393002.3797,4.2596,133.2,TRUE,4.2,500,300
5246,2016/10/12 3:05,130.6105665,46.32813283,5133497.806,393008.3716,7.778399,135.2,TRUE,4.2,500,300
5247,2016/10/12 3:05,130.6106492,46.328076,5133491.377,393014.6266,7.2228,132,TRUE,4.2,500,300
5248,2016/10/12 3:05,130.6107442,46.32802083,5133485.116,393021.8343,8.889601,131.3,TRUE,4.2,500,300
5249,2016/10/12 3:05,130.6108327,46.32796733,5133479.05,393028.5448,7.5932,132.8,TRUE,4.2,500,300
5250,2016/10/12 3:05,130.6109252,46.32791433,5133473.034,393035.5643,8.519199,132.1,TRUE,4.2,500,300
5251,2016/10/12 3:05,130.6110153,46.3278645,5133467.373,393042.4098,8.1488,129.3,TRUE,4.2,500,300
5252,2016/10/12 3:05,130.6111063,46.32781683,5133461.951,393049.3241,7.9636,125.6,TRUE,4.2,500,300
5253,2016/10/12 3:05,130.6112047,46.32775817,5133455.298,393056.7823,9.0748,133.9,TRUE,4.2,500,300
5254,2016/10/12 3:05,130.6113075,46.3276985,5133448.527,393064.5843,9.0748,130.8,TRUE,4.2,500,300
5255,2016/10/12 3:05,130.611418,46.32762783,5133440.522,393072.9555,11.112,135.4,TRUE,4.2,500,300
5256,2016/10/12 3:06,130.6115442,46.3275575,5133432.534,393082.534,10.5564,127.6,TRUE,4.2,500,300
5257,2016/10/12 3:06,130.6116658,46.32749183,5133425.07,393091.7744,10.5564,127.3,TRUE,4.2,500,300
5258,2016/10/12 3:06,130.6117877,46.32742133,5133417.069,393101.0192,10.5564,128.8,TRUE,4.2,500,300
5259,2016/10/12 3:06,130.6119095,46.32734933,5133408.901,393110.2603,11.6676,130.7,TRUE,4.2,500,300
5260,2016/10/12 3:06,130.6120343,46.32727733,5133400.73,393119.7325,11.2972,131,TRUE,4.2,500,300
5261,2016/10/12 3:06,130.6121568,46.32720467,5133392.488,393129.024,10.9268,131.8,TRUE,4.2,500,300
5262,2016/10/12 3:06,130.6122885,46.32712233,5133383.158,393139.0028,12.038,130.5,TRUE,4.2,500,300
5263,2016/10/12 3:06,130.6124237,46.327043,5133374.157,393149.257,10.5564,131.2,TRUE,4.2,500,300
5264,2016/10/12 3:06,130.6125337,46.32698333,5133367.376,393157.6113,10.9268,128.6,TRUE,4.2,500,300
5265,2016/10/12 3:06,130.6126643,46.3269085,5133358.882,393167.527,11.112,132.3,TRUE,4.2,500,300
5266,2016/10/12 3:06,130.6127902,46.326842,5133351.32,393177.0878,11.6676,128.9,TRUE,4.2,500,300
5267,2016/10/12 3:06,130.6129072,46.32677683,5133343.919,393185.9706,10.186,129.7,TRUE,4.2,500,300
5268,2016/10/12 3:06,130.6130173,46.32671233,5133336.6,393194.3279,9.8156,128.8,TRUE,4.2,500,300
5269,2016/10/12 3:06,130.613139,46.3266485,5133329.341,393203.5728,11.112,128,TRUE,4.2,500,300
5270,2016/10/12 3:06,130.6132635,46.32657917,5133321.467,393213.025,10.7416,126.8,TRUE,4.2,500,300
5271,2016/10/12 3:07,130.6133822,46.32650717,5133313.304,393222.0231,10.5564,129.2,TRUE,4.2,500,300
5272,2016/10/12 3:07,130.6135088,46.32644167,5133305.852,393231.6492,10.7416,126.9,TRUE,4.2,500,300
5273,2016/10/12 3:07,130.6136443,46.32636217,5133296.833,393241.9287,11.8528,132.8,TRUE,4.2,500,300
5274,2016/10/12 3:07,130.6137757,46.32628733,5133288.337,393251.8971,11.2972,126.3,TRUE,4.2,500,300
5275,2016/10/12 3:07,130.6139142,46.3262085,5133279.387,393262.409,11.8528,126.9,TRUE,4.2,500,300
5276,2016/10/12 3:07,130.6140505,46.32613333,5133270.848,393272.761,12.2232,131.4,TRUE,4.2,500,300
5277,2016/10/12 3:07,130.6141878,46.326056,5133262.067,393283.1858,11.8528,128.9,TRUE,4.2,500,300
5278,2016/10/12 3:07,130.6143287,46.32597633,5133253.022,393293.8764,12.5936,128.5,TRUE,4.2,500,300
5279,2016/10/12 3:07,130.614466,46.32589783,5133244.111,393304.299,12.4084,130.8,TRUE,4.2,500,300
5280,2016/10/12 3:07,130.6146088,46.3258225,5133235.545,393315.1513,12.4084,127.3,TRUE,4.2,500,300
5281,2016/10/12 3:07,130.614747,46.32574333,5133226.559,393325.6374,12.7788,132.1,TRUE,4.2,500,300
5282,2016/10/12 3:07,130.6148738,46.32566767,5133217.978,393335.257,11.4824,129.9,TRUE,4.2,500,300
5283,2016/10/12 3:07,130.6150092,46.32558467,5133208.57,393345.5178,13.5196,130.2,TRUE,4.2,500,300
5284,2016/10/12 3:07,130.6151567,46.3254995,5133198.904,393356.7107,13.1492,131.3,TRUE,4.2,500,300
5285,2016/10/12 3:07,130.6152988,46.32541533,5133189.357,393367.4944,12.964,129.6,TRUE,4.2,500,300
5286,2016/10/12 3:08,130.6154378,46.325339,5133180.685,393378.0501,11.8528,131.6,TRUE,4.2,500,300
5287,2016/10/12 3:08,130.6155677,46.32526617,5133172.415,393387.9071,11.112,127.5,TRUE,4.2,500,300
5288,2016/10/12 3:08,130.6156957,46.32518867,5133163.628,393397.6135,11.8528,130.9,TRUE,4.2,500,300
5289,2016/10/12 3:08,130.6158315,46.32510533,5133154.181,393407.9115,12.964,130.4,TRUE,4.2,500,300
5290,2016/10/12 3:08,130.6159757,46.32501833,5133144.317,393418.8447,12.7788,127.8,TRUE,4.2,500,300
5291,2016/10/12 3:08,130.616088,46.32494733,5133136.273,393427.357,10.0008,135.1,TRUE,4.2,500,300
5292,2016/10/12 3:08,130.6161853,46.32489583,5133130.418,393434.7521,8.1488,126.1,TRUE,4.2,500,300
5293,2016/10/12 3:08,130.6162728,46.3248475,5133124.928,393441.3964,7.2228,122.3,TRUE,4.2,500,300
5294,2016/10/12 3:08,130.6163317,46.32482817,5133122.7,393445.89,3.5188,92.2,FALSE,4.2,0,300
5295,2016/10/12 3:08,130.6164012,46.32486883,5133127.126,393451.321,7.408,16.7,FALSE,4.2,0,300
5296,2016/10/12 3:08,130.616374,46.32493017,5133133.981,393449.3478,6.6672,345.7,FALSE,4.2,0,300
5297,2016/10/12 3:08,130.6163767,46.3250025,5133142.017,393449.6939,7.0376,0.7,FALSE,4.2,0,300
5298,2016/10/12 3:08,130.616337,46.3250605,5133148.518,393446.7517,6.8524,316.3,FALSE,4.2,0,300
5299,2016/10/12 3:08,130.6162578,46.32511167,5133154.312,393440.7543,6.482,315.3,TRUE,4.2,500,300
5300,2016/10/12 3:08,130.616206,46.32513967,5133157.494,393436.8174,6.482,309.9,TRUE,4.2,500,300
5301,2016/10/12 3:09,130.6161367,46.3251785,5133161.904,393431.5539,6.1116,308.6,TRUE,4.2,500,300
5302,2016/10/12 3:09,130.6160582,46.32522233,5133166.881,393425.594,7.5932,313.6,TRUE,4.2,500,300
5303,2016/10/12 3:09,130.615958,46.32527533,5133172.907,393417.9831,9.26,310,TRUE,4.2,500,300
5304,2016/10/12 3:09,130.6158563,46.32533117,5133179.251,393410.2623,9.0748,310.1,TRUE,4.2,500,300
5305,2016/10/12 3:09,130.615744,46.32539517,5133186.516,393401.7364,10.186,310.8,TRUE,4.2,500,300
5306,2016/10/12 3:09,130.6156348,46.325457,5133193.536,393393.4497,9.26,309.8,TRUE,4.2,500,300
5307,2016/10/12 3:09,130.6155308,46.325517,5133200.345,393385.5576,9.6304,310.7,TRUE,4.2,500,300
5308,2016/10/12 3:09,130.615422,46.32558,5133207.495,393377.2994,10.0008,307.3,TRUE,4.2,500,300
5309,2016/10/12 3:09,130.615311,46.325644,5133214.758,393368.876,10.5564,310.8,TRUE,4.2,500,300
5310,2016/10/12 3:09,130.6151972,46.3257095,5133222.192,393360.2376,9.6304,310.7,TRUE,4.2,500,300
5311,2016/10/12 3:09,130.6150843,46.32577317,5133229.422,393351.672,10.0008,309.4,TRUE,4.2,500,300
5312,2016/10/12 3:09,130.6149745,46.3258355,5133236.498,393343.3355,9.26,307.6,TRUE,4.2,500,300
5313,2016/10/12 3:09,130.6148613,46.3258985,5133243.653,393334.7432,10.186,309.2,TRUE,4.2,500,300
5314,2016/10/12 3:09,130.6147492,46.3259615,5133250.807,393326.2286,10.0008,307.6,TRUE,4.2,500,300
5315,2016/10/12 3:09,130.6146355,46.3260235,5133257.852,393317.5959,9.8156,310.5,TRUE,4.2,500,300
5316,2016/10/12 3:10,130.6145168,46.3260825,5133264.57,393308.5723,9.8156,305.8,TRUE,4.2,500,300
5317,2016/10/12 3:10,130.6144007,46.32615017,5133272.248,393299.7589,10.5564,308.5,TRUE,4.2,500,300
5318,2016/10/12 3:10,130.6142847,46.32621633,5133279.759,393290.9549,10.7416,308.9,TRUE,4.2,500,300
5319,2016/10/12 3:10,130.6141658,46.326281,5133287.107,393281.9293,10.5564,309.5,TRUE,4.2,500,300
5320,2016/10/12 3:10,130.614053,46.32634367,5133294.225,393273.3626,9.8156,308.2,TRUE,4.2,500,300
5321,2016/10/12 3:10,130.6139402,46.3264095,5133301.695,393264.8022,10.3712,306.7,TRUE,4.2,500,300
5322,2016/10/12 3:10,130.6138223,46.32647483,5133309.116,393255.8549,10.5564,306.2,TRUE,4.2,500,300
5323,2016/10/12 3:10,130.6137052,46.32654333,5133316.888,393246.9662,10.5564,308.7,TRUE,4.2,500,300
5324,2016/10/12 3:10,130.6135883,46.32660767,5133324.197,393238.0941,10.3712,305.7,TRUE,4.2,500,300
5325,2016/10/12 3:10,130.6134733,46.3266705,5133331.336,393229.3608,10.5564,308.4,TRUE,4.2,500,300
5326,2016/10/12 3:10,130.6133643,46.326736,5133338.764,393221.0947,10.0008,310,TRUE,4.2,500,300
5327,2016/10/12 3:10,130.6132537,46.3268005,5133346.082,393212.6989,9.4452,309.4,TRUE,4.2,500,300
5328,2016/10/12 3:10,130.6131463,46.3268625,5133353.119,393204.5538,9.6304,308.2,TRUE,4.2,500,300
5329,2016/10/12 3:10,130.6130382,46.3269235,5133360.045,393196.3437,10.0008,310.6,TRUE,4.2,500,300
5330,2016/10/12 3:10,130.6129242,46.32698433,5133366.961,393187.6836,10.0008,307.2,TRUE,4.2,500,300
5331,2016/10/12 3:11,130.6128068,46.327052,5133374.641,393178.7796,10.3712,309.1,TRUE,4.2,500,300
5332,2016/10/12 3:11,130.6126872,46.327121,5133382.472,393169.6996,10.9268,310.4,TRUE,4.2,500,300
5333,2016/10/12 3:11,130.6125695,46.32719067,5133390.375,393160.7741,10.7416,310,TRUE,4.2,500,300
5334,2016/10/12 3:11,130.6124538,46.327252,5133397.348,393151.9865,9.4452,306.3,TRUE,4.2,500,300
5335,2016/10/12 3:11,130.6123425,46.32731567,5133404.576,393143.5376,10.3712,313,TRUE,4.2,500,300
5336,2016/10/12 3:11,130.6122282,46.32738217,5133412.122,393134.8632,10.186,306.4,TRUE,4.2,500,300
5337,2016/10/12 3:11,130.6121107,46.32745183,5133420.023,393125.9509,10.7416,308.1,TRUE,4.2,500,300
5338,2016/10/12 3:11,130.6119952,46.327514,5133427.09,393117.178,10.3712,309.7,TRUE,4.2,500,300
5339,2016/10/12 3:11,130.6118783,46.32758117,5133434.714,393108.3118,10.5564,309.9,TRUE,4.2,500,300
5340,2016/10/12 3:11,130.6117628,46.3276475,5133442.243,393099.547,10.3712,308.5,TRUE,4.2,500,300
5341,2016/10/12 3:11,130.6116528,46.3277155,5133449.95,393091.2091,10.0008,310.8,TRUE,4.2,500,300
5342,2016/10/12 3:11,130.6115393,46.32778033,5133457.309,393082.5956,9.6304,306.6,TRUE,4.2,500,300
5343,2016/10/12 3:11,130.6114285,46.327846,5133464.759,393074.1892,9.8156,312.3,TRUE,4.2,500,300
5344,2016/10/12 3:11,130.6113162,46.32791067,5133472.099,393065.6655,10.5564,308.3,TRUE,4.2,500,300
5345,2016/10/12 3:11,130.6112052,46.32797167,5133479.029,393057.237,9.8156,310.8,TRUE,4.2,500,300
5346,2016/10/12 3:12,130.6111012,46.32803683,5133486.413,393049.3557,9.6304,310.8,TRUE,4.2,500,300
5347,2016/10/12 3:12,130.6110045,46.32809633,5133493.157,393042.0278,7.9636,311.2,TRUE,4.2,500,300
5348,2016/10/12 3:12,130.6109177,46.32814983,5133499.221,393035.4459,7.9636,308.4,TRUE,4.2,500,300
5349,2016/10/12 3:12,130.610831,46.3282055,5133505.526,393028.8806,8.889601,310.4,TRUE,4.2,500,300
5350,2016/10/12 3:12,130.6107418,46.32826017,5133511.724,393022.1208,7.778399,307.6,TRUE,4.2,500,300
5351,2016/10/12 3:12,130.6106503,46.32831567,5133518.016,393015.1833,8.1488,308.6,TRUE,4.2,500,300
5352,2016/10/12 3:12,130.6105678,46.32836767,5133523.908,393008.9319,6.6672,311.1,TRUE,4.2,500,300
5353,2016/10/12 3:12,130.6105005,46.3283955,5133527.092,393003.8016,3.704,285.8,FALSE,4.2,0,300
5354,2016/10/12 3:12,130.6104403,46.32837667,5133525.081,392999.1316,7.0376,223.1,FALSE,4.2,0,300
5355,2016/10/12 3:12,130.6104163,46.32830567,5133517.221,392997.1451,7.408,177.6,FALSE,4.2,0,300
5356,2016/10/12 3:12,130.6104612,46.32825117,5133511.102,393000.4916,6.2968,131.1,FALSE,4.2,0,300
5357,2016/10/12 3:12,130.6105477,46.32820567,5133505.928,393007.0636,8.519199,127.8,TRUE,4.2,500,300
5358,2016/10/12 3:12,130.610636,46.32815583,5133500.268,393013.7681,8.1488,126.7,TRUE,4.2,500,300
5359,2016/10/12 3:12,130.6107363,46.32809583,5133493.464,393021.3768,9.4452,134.5,TRUE,4.2,500,300
5360,2016/10/12 3:12,130.6108347,46.328029,5133485.902,393028.819,9.26,132.5,TRUE,4.2,500,300
5361,2016/10/12 3:13,130.6109262,46.32797783,5133480.091,393035.7651,8.334,132.3,TRUE,4.2,500,300
5362,2016/10/12 3:13,130.6110198,46.3279265,5133474.259,393042.8771,8.334,129.9,TRUE,4.2,500,300
5363,2016/10/12 3:13,130.6111035,46.32787833,5133468.791,393049.2261,7.9636,126.3,TRUE,4.2,500,300
5364,2016/10/12 3:13,130.6112007,46.32782817,5133463.084,393056.6108,8.519199,126.9,TRUE,4.2,500,300
5365,2016/10/12 3:13,130.6113113,46.32776917,5133456.377,393065.017,10.7416,130.8,TRUE,4.2,500,300
5366,2016/10/12 3:13,130.6114293,46.32769617,5133448.103,393073.9611,10.5564,130.3,TRUE,4.2,500,300
5367,2016/10/12 3:13,130.6115393,46.3276305,5133440.655,393082.3036,9.8156,128,TRUE,4.2,500,300
5368,2016/10/12 3:13,130.611651,46.32756817,5133433.576,393090.7811,9.6304,126.6,TRUE,4.2,500,300
5369,2016/10/12 3:13,130.6117632,46.327503,5133426.18,393099.2917,10.0008,127.2,TRUE,4.2,500,300
5370,2016/10/12 3:13,130.611882,46.327437,5133418.684,393108.3135,11.112,128.2,TRUE,4.2,500,300
5371,2016/10/12 3:13,130.6120037,46.3273645,5133410.461,393117.5413,10.7416,127.8,TRUE,4.2,500,300
5372,2016/10/12 3:13,130.61213,46.32728733,5133401.712,393127.119,11.2972,131.5,TRUE,4.2,500,300
5373,2016/10/12 3:13,130.6122532,46.32721867,5133393.914,393136.4698,11.2972,128.3,TRUE,4.2,500,300
5374,2016/10/12 3:13,130.6123767,46.3271435,5133385.392,393145.8335,10.5564,132.5,TRUE,4.2,500,300
5375,2016/10/12 3:13,130.6124953,46.3270815,5133378.34,393154.8501,10.5564,129.2,TRUE,4.2,500,300
5376,2016/10/12 3:14,130.612604,46.327022,5133371.58,393163.1023,9.8156,134.2,TRUE,4.2,500,300
5377,2016/10/12 3:14,130.6127198,46.32695117,5133363.55,393171.8839,10.9268,130.5,TRUE,4.2,500,300
5378,2016/10/12 3:14,130.6128363,46.32688967,5133356.557,393180.7352,10.7416,126.7,TRUE,4.2,500,300
5379,2016/10/12 3:14,130.6129448,46.32682367,5133349.074,393188.9617,9.0748,129.2,TRUE,4.2,500,300
5380,2016/10/12 3:14,130.613047,46.32676183,5133342.063,393196.709,9.8156,129.3,TRUE,4.2,500,300
5381,2016/10/12 3:14,130.6131738,46.326691,5133334.018,393206.3376,10.3712,129.2,TRUE,4.2,500,300
5382,2016/10/12 3:14,130.6132755,46.3266255,5133326.601,393214.0393,9.0748,130.9,TRUE,4.2,500,300
5383,2016/10/12 3:14,130.6133947,46.326555,5133318.603,393223.0788,12.2232,127.7,TRUE,4.2,500,300
5384,2016/10/12 3:14,130.6135145,46.326486,5133310.772,393232.1721,10.186,128,TRUE,4.2,500,300
5385,2016/10/12 3:14,130.6136372,46.32641717,5133302.956,393241.4844,10.3712,129.9,TRUE,4.2,500,300
5386,2016/10/12 3:14,130.6137515,46.3263455,5133294.835,393250.149,11.2972,133.3,TRUE,4.2,500,300
5387,2016/10/12 3:14,130.6138785,46.32626733,5133285.975,393259.7766,11.2972,130.6,TRUE,4.2,500,300
5388,2016/10/12 3:14,130.6140052,46.32619283,5133277.523,393269.386,11.2972,131.2,TRUE,4.2,500,300
5389,2016/10/12 3:14,130.6141347,46.32611983,5133269.234,393279.2163,11.8528,129.2,TRUE,4.2,500,300
5390,2016/10/12 3:14,130.6142692,46.32604467,5133260.698,393289.4274,11.6676,131.2,TRUE,4.2,500,300
5391,2016/10/12 3:15,130.6143977,46.32596633,5133251.817,393299.1704,12.2232,129.3,TRUE,4.2,500,300
5392,2016/10/12 3:15,130.614526,46.32589333,5133243.53,393308.9106,11.2972,128.9,TRUE,4.2,500,300
5393,2016/10/12 3:15,130.6146497,46.3258205,5133235.268,393318.2924,10.7416,129.3,TRUE,4.2,500,300
5394,2016/10/12 3:15,130.6147783,46.32573933,5133226.072,393328.0422,12.2232,133,TRUE,4.2,500,300
5395,2016/10/12 3:15,130.6149132,46.32565667,5133216.702,393338.2651,12.4084,134.7,TRUE,4.2,500,300
5396,2016/10/12 3:15,130.6150422,46.32558083,5133208.099,393348.0515,11.112,134.2,TRUE,4.2,500,300
5397,2016/10/12 3:15,130.6151693,46.32550267,5133199.239,393357.6918,12.038,135.1,TRUE,4.2,500,300
5398,2016/10/12 3:15,130.6152937,46.32542583,5133190.531,393367.1175,11.112,131.9,TRUE,4.2,500,300
5399,2016/10/12 3:15,130.615427,46.3253535,5133182.311,393377.2443,11.112,130.9,TRUE,4.2,500,300
5400,2016/10/12 3:15,130.6155492,46.325287,5133174.755,393386.523,10.5564,126,TRUE,4.2,500,300
5401,2016/10/12 3:15,130.6156788,46.325217,5133166.799,393396.3717,12.2232,127.6,TRUE,4.2,500,300
5402,2016/10/12 3:15,130.6158153,46.32514067,5133158.131,393406.7349,12.2232,131.8,TRUE,4.2,500,300
5403,2016/10/12 3:15,130.6159467,46.32506117,5133149.117,393416.6946,12.4084,132.4,TRUE,4.2,500,300
5404,2016/10/12 3:15,130.6160722,46.32498717,5133140.723,393426.2154,10.7416,132.2,TRUE,4.2,500,300
5405,2016/10/12 3:15,130.6161713,46.32493467,5133134.754,393433.7495,8.889601,129.9,TRUE,4.2,500,300
5406,2016/10/12 3:16,130.616261,46.324889,5133129.557,393440.566,7.408,128,TRUE,4.2,500,300
5407,2016/10/12 3:16,130.616324,46.32487167,5133127.546,393445.3839,3.8892,99.7,FALSE,4.2,0,300
5408,2016/10/12 3:16,130.6163443,46.3248735,5133127.722,393446.953,0,0,FALSE,4.2,0,300
5409,2016/10/12 3:16,130.6163032,46.3248565,5133125.887,393443.7503,4.2596,216.6,FALSE,4.2,0,300
5410,2016/10/12 3:16,130.6163185,46.324871,5133127.479,393444.959,6.482,33.5,FALSE,4.2,0,300
5411,2016/10/12 3:16,130.6163488,46.32494283,5133135.422,393447.4341,7.2228,359.5,FALSE,4.2,0,300
5412,2016/10/12 3:16,130.6163462,46.32501667,5133143.633,393447.3727,7.0376,357.3,FALSE,4.2,0,300
5413,2016/10/12 3:16,130.6163383,46.325077,5133150.35,393446.8861,5.7412,347.7,FALSE,4.2,0,300
5414,2016/10/12 3:16,130.6162812,46.32512967,5133156.282,393442.5867,7.2228,312.7,FALSE,4.2,0,300
5415,2016/10/12 3:16,130.6162237,46.32516233,5133159.989,393438.2222,2.2224,333.7,TRUE,4.2,500,300
5416,2016/10/12 3:16,130.6161772,46.32518567,5133162.646,393434.6867,6.482,310.5,TRUE,4.2,500,300
5417,2016/10/12 3:16,130.6161057,46.32522617,5133167.244,393429.2593,7.2228,312.4,TRUE,4.2,500,300
5418,2016/10/12 3:16,130.6160197,46.32527217,5133172.473,393422.726,8.1488,307.2,TRUE,4.2,500,300
5419,2016/10/12 3:16,130.6159275,46.3253215,5133178.081,393415.7241,8.1488,306.4,TRUE,4.2,500,300
5420,2016/10/12 3:16,130.6158415,46.32537533,5133184.18,393409.2061,8.334,311.8,TRUE,4.2,500,300
5421,2016/10/12 3:17,130.6157465,46.32543033,5133190.421,393401.9973,8.334,308.9,TRUE,4.2,500,300
5422,2016/10/12 3:17,130.6156468,46.32548883,5133197.058,393394.4356,8.7044,309.6,TRUE,4.2,500,300
5423,2016/10/12 3:17,130.6155473,46.32554417,5133203.343,393386.881,9.26,308.1,TRUE,4.2,500,300
5424,2016/10/12 3:17,130.6154395,46.32560217,5133209.936,393378.69,9.6304,308.9,TRUE,4.2,500,300
5425,2016/10/12 3:17,130.6153308,46.3256605,5133216.566,393370.4351,10.0008,307.7,TRUE,4.2,500,300
5426,2016/10/12 3:17,130.6152188,46.32572733,5133224.145,393361.9402,10.186,309.5,TRUE,4.2,500,300
5427,2016/10/12 3:17,130.615103,46.32579733,5133232.082,393353.1566,9.8156,306.9,TRUE,4.2,500,300
5428,2016/10/12 3:17,130.6149888,46.325858,5133238.979,393344.4827,9.26,303.3,TRUE,4.2,500,300
5429,2016/10/12 3:17,130.6148742,46.3259225,5133246.303,393335.7786,10.0008,308.9,TRUE,4.2,500,300
5430,2016/10/12 3:17,130.6147603,46.32598633,5133253.552,393327.1363,9.6304,305.4,TRUE,4.2,500,300
5431,2016/10/12 3:17,130.6146477,46.32605333,5133261.151,393318.5911,9.8156,308.9,TRUE,4.2,500,300
5432,2016/10/12 3:17,130.6145307,46.32611683,5133268.367,393309.7048,10.0008,311,TRUE,4.2,500,300
5433,2016/10/12 3:17,130.6144182,46.32618567,5133276.171,393301.1755,10.7416,312.2,TRUE,4.2,500,300
5434,2016/10/12 3:17,130.6142995,46.32625333,5133283.851,393292.1688,10.186,307.1,TRUE,4.2,500,300
5435,2016/10/12 3:17,130.6141828,46.32631983,5133291.4,393283.3139,10.5564,308.8,TRUE,4.2,500,300
5436,2016/10/12 3:18,130.6140718,46.32638783,5133299.109,393274.8985,10.5564,310.7,TRUE,4.2,500,300
5437,2016/10/12 3:18,130.6139595,46.326455,5133306.726,393266.3792,10.0008,309.4,TRUE,4.2,500,300
5438,2016/10/12 3:18,130.6138433,46.326522,5133314.33,393257.5638,10.186,308.6,TRUE,4.2,500,300
5439,2016/10/12 3:18,130.6137275,46.3265885,5133321.878,393248.7736,10.186,310,TRUE,4.2,500,300
5440,2016/10/12 3:18,130.6136173,46.32665283,5133329.178,393240.4151,10.186,311.6,TRUE,4.2,500,300
5441,2016/10/12 3:18,130.6135063,46.32671233,5133335.941,393231.9834,9.8156,308.5,TRUE,4.2,500,300
5442,2016/10/12 3:18,130.6133885,46.3267805,5133343.677,393223.0425,11.4824,311.4,TRUE,4.2,500,300
5443,2016/10/12 3:18,130.6132703,46.32685033,5133351.599,393214.0787,10.186,311.6,TRUE,4.2,500,300
5444,2016/10/12 3:18,130.6131555,46.32692017,5133359.517,393205.3722,10.3712,311.7,TRUE,4.2,500,300
5445,2016/10/12 3:18,130.6130383,46.3269905,5133367.492,393196.4865,10.9268,313.1,TRUE,4.2,500,300
5446,2016/10/12 3:18,130.6129232,46.32706633,5133376.077,393187.7662,10.5564,313.9,TRUE,4.2,500,300
5447,2016/10/12 3:18,130.612805,46.3271385,5133384.258,393178.8071,10.5564,311.4,TRUE,4.2,500,300
5448,2016/10/12 3:18,130.6126867,46.32720567,5133391.884,393169.8259,10.3712,308.5,TRUE,4.2,500,300
5449,2016/10/12 3:18,130.6125703,46.32727417,5133399.655,393161.0006,9.6304,308.5,TRUE,4.2,500,300
5450,2016/10/12 3:18,130.6124645,46.32733467,5133406.523,393152.9691,10.0008,312.2,TRUE,4.2,500,300
5451,2016/10/12 3:19,130.6123538,46.32739817,5133413.731,393144.5707,10.7416,310.9,TRUE,4.2,500,300
5452,2016/10/12 3:19,130.6122305,46.32746433,5133421.251,393135.2026,11.112,306.3,TRUE,4.2,500,300
5453,2016/10/12 3:19,130.6121112,46.32752967,5133428.675,393126.141,10.0008,306.2,TRUE,4.2,500,300
5454,2016/10/12 3:19,130.6119988,46.32759867,5133436.497,393117.6248,10.186,310.8,TRUE,4.2,500,300
5455,2016/10/12 3:19,130.6118822,46.327668,5133444.36,393108.7766,10.3712,309.8,TRUE,4.2,500,300
5456,2016/10/12 3:19,130.6117683,46.32773517,5133451.981,393100.1414,10.3712,310.5,TRUE,4.2,500,300
5457,2016/10/12 3:19,130.6116522,46.32780367,5133459.752,393091.3301,10.0008,311.5,TRUE,4.2,500,300
5458,2016/10/12 3:19,130.6115478,46.32786333,5133466.524,393083.4118,8.519199,312.1,TRUE,4.2,500,300
5459,2016/10/12 3:19,130.6114363,46.3279195,5133472.918,393074.9354,9.4452,304,TRUE,4.2,500,300
5460,2016/10/12 3:19,130.6113277,46.32798267,5133480.087,393066.6913,9.26,306.7,TRUE,4.2,500,300
5461,2016/10/12 3:19,130.611231,46.32804083,5133486.682,393059.3608,8.334,317.1,TRUE,4.2,500,300
5462,2016/10/12 3:19,130.611152,46.328084,5133491.587,393053.3617,7.0376,309.3,TRUE,4.2,500,300
5463,2016/10/12 3:19,130.6110695,46.32813067,5133496.886,393047.0999,8.1488,313.1,TRUE,4.2,500,300
5464,2016/10/12 3:19,130.6109918,46.3281785,5133502.308,393041.2123,5.7412,315.1,TRUE,4.2,500,300
5465,2016/10/12 3:19,130.6109093,46.328229,5133508.033,393034.958,8.1488,309.4,TRUE,4.2,500,300
5466,2016/10/12 3:20,130.6108177,46.328275,5133513.27,393027.9896,7.9636,306.8,TRUE,4.2,500,300
5467,2016/10/12 3:20,130.6107408,46.32831633,5133517.967,393022.1533,6.8524,309.4,TRUE,4.2,500,300
5468,2016/10/12 3:20,130.6106632,46.32836267,5133523.223,393016.2636,7.778399,315.4,TRUE,4.2,500,300
5469,2016/10/12 3:20,130.6105838,46.32840683,5133528.239,393010.2403,6.6672,308.6,TRUE,4.2,500,300
5470,2016/10/12 3:20,130.6105267,46.32842967,5133530.855,393005.8834,3.1484,275.9,FALSE,4.2,0,300
5471,2016/10/12 3:20,130.6104678,46.32839967,5133527.6,393001.2941,5.9264,204.8,FALSE,4.2,0,300
5472,2016/10/12 3:20,130.6104535,46.328343,5133521.32,393000.0801,5.3708,191.4,TRUE,4.2,109,300
5473,2016/10/12 3:20,130.610443,46.32832483,5133519.315,392999.2361,0,0,FALSE,4.2,0,300
5474,2016/10/12 3:20,130.6104408,46.32832383,5133519.206,392999.0671,0,0,FALSE,4.2,0,300
5475,2016/10/12 3:20,130.6104398,46.328324,5133519.227,392998.9904,0,0,FALSE,4.2,0,300
5476,2016/10/12 3:20,130.6104398,46.3283255,5133519.393,392998.9933,0,0,FALSE,4.2,0,300
5477,2016/10/12 3:20,130.610439,46.328326,5133519.45,392998.9304,0,0,FALSE,4.2,0,300
5478,2016/10/12 3:20,130.6104385,46.32832433,5133519.265,392998.8886,0,0,FALSE,4.2,0,300
5479,2016/10/12 3:20,130.6104385,46.32832333,5133519.154,392998.8867,0,0,FALSE,4.2,0,300
5480,2016/10/12 3:20,130.610438,46.32832267,5133519.081,392998.8469,0,0,FALSE,4.2,0,300
5481,2016/10/12 3:21,130.6104365,46.32832133,5133518.934,392998.7288,0,0,FALSE,4.2,0,300
5482,2016/10/12 3:21,130.6104353,46.3283215,5133518.955,392998.639,0,0,FALSE,4.2,0,300
5483,2016/10/12 3:21,130.6104302,46.32831833,5133518.609,392998.2355,0,259.1,FALSE,4.2,0,300
5484,2016/10/12 3:21,130.6104338,46.32831867,5133518.642,392998.518,0,0,FALSE,4.2,0,300
5485,2016/10/12 3:21,130.6104338,46.32831817,5133518.587,392998.517,0,0,FALSE,4.2,0,300
5486,2016/10/12 3:21,130.6104347,46.32831717,5133518.474,392998.5798,0,0,FALSE,4.2,0,300
5487,2016/10/12 3:21,130.6104333,46.32831567,5133518.31,392998.4736,0,0,FALSE,4.2,0,300
5488,2016/10/12 3:21,130.6104303,46.32831367,5133518.091,392998.2387,0,243.9,FALSE,4.2,0,300
5489,2016/10/12 3:21,130.6104302,46.32831383,5133518.109,392998.2267,0,0,FALSE,4.2,0,300
5490,2016/10/12 3:21,130.6104265,46.328313,5133518.022,392997.9425,0,266.8,FALSE,4.2,0,300
5491,2016/10/12 3:21,130.6104327,46.32831733,5133518.495,392998.4261,0,0,FALSE,4.2,0,300
5492,2016/10/12 3:21,130.6104328,46.32831717,5133518.477,392998.4381,0,0,FALSE,4.2,0,300
5493,2016/10/12 3:21,130.6104337,46.3283175,5133518.512,392998.5034,0,0,FALSE,4.2,0,300
5494,2016/10/12 3:21,130.610431,46.3283165,5133518.405,392998.2958,1.1112,246.7,TRUE,4.2,459,300
5495,2016/10/12 3:22,130.6104317,46.328317,5133518.46,392998.3484,0,0,FALSE,4.2,0,300
5496,2016/10/12 3:22,130.61043,46.32831533,5133518.276,392998.2166,0,0,FALSE,4.2,0,300
5497,2016/10/12 3:22,130.6104288,46.32831517,5133518.26,392998.1262,0,0,FALSE,4.2,0,300
5498,2016/10/12 3:22,130.6104285,46.3283145,5133518.186,392998.0994,0,0,FALSE,4.2,0,300
5499,2016/10/12 3:22,130.6104293,46.32831333,5133518.055,392998.1611,0,0,FALSE,4.2,0,300
5500,2016/10/12 3:22,130.6104293,46.32831267,5133517.981,392998.1598,0,0,FALSE,4.2,0,300
5501,2016/10/12 3:22,130.61043,46.328311,5133517.795,392998.2081,0,187.8,FALSE,4.2,0,300
5502,2016/10/12 3:22,130.6104275,46.32830783,5133517.446,392998.0094,0,0,FALSE,4.2,0,300
5503,2016/10/12 3:22,130.6104267,46.32830833,5133517.503,392997.9465,0,0,FALSE,4.2,0,300
5504,2016/10/12 3:22,130.6104263,46.3283085,5133517.522,392997.9206,0,116.3,FALSE,4.2,0,300
5505,2016/10/12 3:22,130.6104248,46.32830867,5133517.543,392997.8055,0,0,FALSE,4.2,0,300
5506,2016/10/12 3:22,130.6104248,46.32830933,5133517.616,392997.8068,0,0,FALSE,4.2,0,300
5507,2016/10/12 3:22,130.6104243,46.3283095,5133517.636,392997.7686,0,0,FALSE,4.2,0,300
5508,2016/10/12 3:22,130.6104228,46.32830983,5133517.675,392997.6537,0,0,FALSE,4.2,0,300
5509,2016/10/12 3:22,130.6104218,46.3283105,5133517.75,392997.578,0,0,FALSE,4.2,0,300
5510,2016/10/12 3:23,130.6104218,46.3283115,5133517.862,392997.58,0,0,FALSE,4.2,0,300
5511,2016/10/12 3:23,130.6104208,46.32831217,5133517.937,392997.5043,0,0,FALSE,4.2,0,300
5512,2016/10/12 3:23,130.610421,46.3283135,5133518.085,392997.52,0,0,FALSE,4.2,0,300
5513,2016/10/12 3:23,130.6104225,46.32831317,5133518.046,392997.6348,0,0,FALSE,4.2,0,300
5514,2016/10/12 3:23,130.6104217,46.3283135,5133518.084,392997.5716,0,0,FALSE,4.2,0,300
5515,2016/10/12 3:23,130.6104202,46.3283155,5133518.308,392997.46,0,0,FALSE,4.2,0,300
5516,2016/10/12 3:23,130.6104225,46.328319,5133518.694,392997.6462,1.4816,19,FALSE,4.2,0,300
5517,2016/10/12 3:23,130.6104327,46.3283235,5133519.181,392998.4381,0.5556,183,FALSE,4.2,0,300
5518,2016/10/12 3:23,130.6104363,46.3283225,5133519.065,392998.718,0.3704,143,FALSE,4.2,0,300
5519,2016/10/12 3:23,130.6104407,46.32832417,5133519.244,392999.0554,0,0,FALSE,4.2,0,300
5520,2016/10/12 3:23,130.610444,46.32832617,5133519.462,392999.3157,0,0,FALSE,4.2,0,300
5521,2016/10/12 3:23,130.610444,46.32832783,5133519.647,392999.319,0,0,FALSE,4.2,0,300
5522,2016/10/12 3:23,130.6104428,46.32832933,5133519.815,392999.2318,0,0,FALSE,4.2,0,300
5523,2016/10/12 3:23,130.6104422,46.32832933,5133519.816,392999.181,0,0,FALSE,4.2,0,300
5524,2016/10/12 3:23,130.6104408,46.32832717,5133519.578,392999.0736,0,0,FALSE,4.2,0,300
5525,2016/10/12 3:24,130.6104395,46.32832583,5133519.431,392998.9686,0,0,FALSE,4.2,0,300
5526,2016/10/12 3:24,130.6104382,46.3283245,5133519.284,392998.8636,0,0,FALSE,4.2,0,300
5527,2016/10/12 3:24,130.6104383,46.32832333,5133519.154,392998.8736,0,0,FALSE,4.2,0,300
5528,2016/10/12 3:24,130.6104387,46.32832467,5133519.303,392998.9024,0,0,FALSE,4.2,0,300
5529,2016/10/12 3:24,130.6104393,46.328325,5133519.338,392998.9539,0,0,FALSE,4.2,0,300
5530,2016/10/12 3:24,130.6104385,46.32832433,5133519.265,392998.8886,0,0,FALSE,4.2,0,300
5531,2016/10/12 3:24,130.6104385,46.328328,5133519.673,392998.8958,0,6.6,FALSE,4.2,0,300
5532,2016/10/12 3:24,130.6104378,46.32832783,5133519.655,392998.8439,0,0,FALSE,4.2,0,300
5533,2016/10/12 3:24,130.6104372,46.32832783,5133519.656,392998.793,0,0,FALSE,4.2,0,300
5534,2016/10/12 3:24,130.6104358,46.32832717,5133519.584,392998.6886,0,0,FALSE,4.2,0,300
5535,2016/10/12 3:24,130.6104357,46.328327,5133519.566,392998.6759,0,0,FALSE,4.2,0,300
5536,2016/10/12 3:24,130.6104355,46.32832633,5133519.492,392998.6615,0,0,FALSE,4.2,0,300
5537,2016/10/12 3:24,130.610435,46.32832583,5133519.437,392998.6221,0,0,FALSE,4.2,0,300
5538,2016/10/12 3:24,130.6104337,46.328324,5133519.235,392998.5161,0,0,FALSE,4.2,0,300
5539,2016/10/12 3:24,130.6104327,46.32832183,5133518.995,392998.4348,0,0,FALSE,4.2,0,300
5540,2016/10/12 3:25,130.610435,46.32832367,5133519.197,392998.6178,0,42.2,FALSE,4.2,0,300
5541,2016/10/12 3:25,130.6104348,46.32832417,5133519.252,392998.6057,0,0,FALSE,4.2,0,300
5542,2016/10/12 3:25,130.6104325,46.32831883,5133518.662,392998.4159,0,177.1,FALSE,4.2,0,300
5543,2016/10/12 3:25,130.6104313,46.32831917,5133518.701,392998.3265,0,0,FALSE,4.2,0,300
5544,2016/10/12 3:25,130.6104317,46.32832,5133518.793,392998.3543,0,0,FALSE,4.2,0,300
5545,2016/10/12 3:25,130.6104315,46.32832117,5133518.923,392998.3435,0,0,FALSE,4.2,0,300
5546,2016/10/12 3:25,130.6104322,46.32832183,5133518.996,392998.3963,0,0,FALSE,4.2,0,300
5547,2016/10/12 3:25,130.6104322,46.32832167,5133518.978,392998.396,0,0,FALSE,4.2,0,300
5548,2016/10/12 3:25,130.6104308,46.32832083,5133518.886,392998.2912,0,0,FALSE,4.2,0,300
5549,2016/10/12 3:25,130.6104298,46.3283205,5133518.851,392998.2136,0,0,FALSE,4.2,0,300
5550,2016/10/12 3:25,130.6104292,46.32832033,5133518.833,392998.1624,0,0,FALSE,4.2,0,300
5551,2016/10/12 3:25,130.6104285,46.32832,5133518.797,392998.1102,0,0,FALSE,4.2,0,300
5552,2016/10/12 3:25,130.6104265,46.3283185,5133518.633,392997.9532,0,0,FALSE,4.2,0,300
5553,2016/10/12 3:25,130.6104232,46.32831633,5133518.397,392997.6926,0,224.1,FALSE,4.2,0,300
5554,2016/10/12 3:25,130.6104242,46.3283175,5133518.525,392997.7719,0,0,FALSE,4.2,0,300
5555,2016/10/12 3:26,130.610424,46.32831733,5133518.507,392997.7584,0,0,FALSE,4.2,0,300
5556,2016/10/12 3:26,130.6104253,46.32831783,5133518.56,392997.8618,0,0,FALSE,4.2,0,300
5557,2016/10/12 3:26,130.610426,46.328318,5133518.578,392997.9138,0,0,FALSE,4.2,0,300
5558,2016/10/12 3:26,130.6104255,46.3283175,5133518.524,392997.8743,0,0,FALSE,4.2,0,300
5559,2016/10/12 3:26,130.6104228,46.32831583,5133518.341,392997.6654,0,0,FALSE,4.2,0,300
5560,2016/10/12 3:26,130.6104225,46.3283155,5133518.305,392997.6394,0,0,FALSE,4.2,0,300
5561,2016/10/12 3:26,130.610423,46.32831567,5133518.323,392997.6782,0,0,FALSE,4.2,0,300
5562,2016/10/12 3:26,130.6104232,46.32831583,5133518.341,392997.6916,0,0,FALSE,4.2,0,300
5563,2016/10/12 3:26,130.6104225,46.32831583,5133518.342,392997.64,0,0,FALSE,4.2,0,300
5564,2016/10/12 3:26,130.6104232,46.32831883,5133518.674,392997.6975,0,2.8,FALSE,4.2,0,300
5565,2016/10/12 3:26,130.6104233,46.32832033,5133518.841,392997.7127,0,0,FALSE,4.2,0,300
5566,2016/10/12 3:26,130.6104227,46.32832033,5133518.842,392997.6619,0,0,FALSE,4.2,0,300
5567,2016/10/12 3:26,130.6104228,46.32832067,5133518.879,392997.6749,0,0,FALSE,4.2,0,300
5568,2016/10/12 3:26,130.6104233,46.32832167,5133518.99,392997.7153,0,0,FALSE,4.2,0,300
5569,2016/10/12 3:26,130.6104228,46.32832133,5133518.953,392997.6761,0,0,FALSE,4.2,0,300
5570,2016/10/12 3:27,130.6104222,46.32832133,5133518.954,392997.6253,0,0,FALSE,4.2,0,300
5571,2016/10/12 3:27,130.6104222,46.3283215,5133518.973,392997.6257,0,0,FALSE,4.2,0,300
5572,2016/10/12 3:27,130.6104223,46.32832267,5133519.102,392997.6403,0,0,FALSE,4.2,0,300
5573,2016/10/12 3:27,130.6104222,46.3283235,5133519.195,392997.6296,0,0,FALSE,4.2,0,300
5574,2016/10/12 3:27,130.6104227,46.328324,5133519.25,392997.669,0,0,FALSE,4.2,0,300
5575,2016/10/12 3:27,130.610423,46.3283245,5133519.305,392997.6954,0,0,FALSE,4.2,0,300
5576,2016/10/12 3:27,130.6104232,46.3283245,5133519.305,392997.7085,0,0,FALSE,4.2,0,300
5577,2016/10/12 3:27,130.6104238,46.328325,5133519.359,392997.7603,0,0,FALSE,4.2,0,300
5578,2016/10/12 3:27,130.6104237,46.3283245,5133519.304,392997.747,0,0,FALSE,4.2,0,300
5579,2016/10/12 3:27,130.6104227,46.3283235,5133519.194,392997.6681,0,0,FALSE,4.2,0,300
5580,2016/10/12 3:27,130.610422,46.32832317,5133519.158,392997.6158,0,0,FALSE,4.2,0,300
5581,2016/10/12 3:27,130.6104217,46.328323,5133519.14,392997.5901,0,0,FALSE,4.2,0,300
5582,2016/10/12 3:27,130.6104212,46.328323,5133519.141,392997.5516,0,0,FALSE,4.2,0,300
5583,2016/10/12 3:27,130.6104213,46.32832267,5133519.104,392997.5633,0,0,FALSE,4.2,0,300
5584,2016/10/12 3:27,130.6104212,46.32832217,5133519.048,392997.55,0,0,FALSE,4.2,0,300
5585,2016/10/12 3:28,130.6104207,46.32832183,5133519.011,392997.5108,0,0,FALSE,4.2,0,300
5586,2016/10/12 3:28,130.6104205,46.32831367,5133518.105,392997.4818,3.3336,181.7,FALSE,4.2,0,300
5587,2016/10/12 3:28,130.6104233,46.32827867,5133514.21,392997.6315,2.9632,174.6,FALSE,4.2,0,300
5588,2016/10/12 3:28,130.6104763,46.32826117,5133512.193,393001.6785,4.63,114,FALSE,4.2,0,300
5589,2016/10/12 3:28,130.6105418,46.32822667,5133508.27,393006.6549,6.6672,128.9,TRUE,4.2,500,300
5590,2016/10/12 3:28,130.6106243,46.32818133,5133503.119,393012.9192,7.408,126.7,TRUE,4.2,500,300
5591,2016/10/12 3:28,130.610709,46.3281365,5133498.021,393019.3517,7.408,129.4,TRUE,4.2,500,300
5592,2016/10/12 3:28,130.6108013,46.32808767,5133492.469,393026.3661,7.5932,129.4,TRUE,4.2,500,300
5593,2016/10/12 3:28,130.6108873,46.32803717,5133486.739,393032.89,8.1488,130.4,TRUE,4.2,500,300
5594,2016/10/12 3:28,130.6109825,46.32798683,5133481.015,393040.1202,7.778399,120,TRUE,4.2,500,300
5595,2016/10/12 3:28,130.6110793,46.32793267,5133474.864,393047.4709,8.519199,128.6,TRUE,4.2,500,300
5596,2016/10/12 3:28,130.6111737,46.3278815,5133469.049,393054.6356,7.9636,131.2,TRUE,4.2,500,300
5597,2016/10/12 3:28,130.6112658,46.3278285,5133463.033,393061.629,7.9636,126.5,TRUE,4.2,500,300
5598,2016/10/12 3:28,130.6113635,46.32777617,5133457.084,393069.0479,8.7044,127.6,TRUE,4.2,500,300
5599,2016/10/12 3:28,130.6114573,46.32771467,5133450.122,393076.1533,8.7044,134.3,TRUE,4.2,500,300
5600,2016/10/12 3:29,130.6115543,46.32766133,5133444.062,393083.5187,8.1488,125.8,TRUE,4.2,500,300
5601,2016/10/12 3:29,130.611653,46.327607,5133437.889,393091.0108,8.7044,123.8,TRUE,4.2,500,300
5602,2016/10/12 3:29,130.6117517,46.32755133,5133431.568,393098.5003,9.0748,128.7,TRUE,4.2,500,300
5603,2016/10/12 3:29,130.6118603,46.32749417,5133425.068,393106.7562,9.8156,125.1,TRUE,4.2,500,300
5604,2016/10/12 3:29,130.611978,46.327431,5133417.887,393115.6942,10.186,129,TRUE,4.2,500,300
5605,2016/10/12 3:29,130.6120977,46.32736217,5133410.075,393124.7752,10.5564,128.8,TRUE,4.2,500,300
5606,2016/10/12 3:29,130.6122122,46.327303,5133403.343,393133.4769,9.0748,128.5,TRUE,4.2,500,300
5607,2016/10/12 3:29,130.6123265,46.32724117,5133396.316,393142.1604,10.186,127.4,TRUE,4.2,500,300
5608,2016/10/12 3:29,130.6124437,46.32717483,5133388.784,393151.0538,10.3712,125,TRUE,4.2,500,300
5609,2016/10/12 3:29,130.6125567,46.327114,5133381.87,393159.6369,9.26,127.4,TRUE,4.2,500,300
5610,2016/10/12 3:29,130.6126612,46.32705467,5133375.134,393167.5683,9.6304,126.6,TRUE,4.2,500,300
5611,2016/10/12 3:29,130.6127762,46.3269995,5133368.846,393176.3164,9.4452,121.2,TRUE,4.2,500,300
5612,2016/10/12 3:29,130.61289,46.32693267,5133361.264,393184.9518,9.6304,126.1,TRUE,4.2,500,300
5613,2016/10/12 3:29,130.6129982,46.32686933,5133354.078,393193.1581,9.6304,130.8,TRUE,4.2,500,300
5614,2016/10/12 3:29,130.6130978,46.32681533,5133347.941,393200.7273,9.0748,125.6,TRUE,4.2,500,300
5615,2016/10/12 3:30,130.6132125,46.32675017,5133340.543,393209.4306,10.3712,126.2,TRUE,4.2,500,300
5616,2016/10/12 3:30,130.613329,46.32668467,5133333.106,393218.2742,10.186,127.5,TRUE,4.2,500,300
5617,2016/10/12 3:30,130.61345,46.32661383,5133325.068,393227.454,11.2972,129.4,TRUE,4.2,500,300
5618,2016/10/12 3:30,130.6135812,46.32654467,5133317.204,393237.4202,12.4084,127.4,TRUE,4.2,500,300
5619,2016/10/12 3:30,130.6137153,46.32646283,5133307.926,393247.592,11.8528,131,TRUE,4.2,500,300
5620,2016/10/12 3:30,130.6138585,46.32637983,5133298.507,393258.4554,12.964,126.1,TRUE,4.2,500,300
5621,2016/10/12 3:30,130.6140017,46.32629817,5133289.237,393269.3214,12.5936,127.3,TRUE,4.2,500,300
5622,2016/10/12 3:30,130.6141443,46.32621967,5133280.319,393280.1544,12.4084,125.4,TRUE,4.2,500,300
5623,2016/10/12 3:30,130.6142872,46.32613967,5133271.234,393290.9983,12.2232,130.2,TRUE,4.2,500,300
5624,2016/10/12 3:30,130.6144262,46.32605417,5133261.543,393301.5359,12.2232,128.9,TRUE,4.2,500,300
5625,2016/10/12 3:30,130.6145683,46.32597183,5133252.199,393312.3229,12.4084,129.6,TRUE,4.2,500,300
5626,2016/10/12 3:30,130.6147082,46.32588417,5133242.266,393322.921,12.964,131.9,TRUE,4.2,500,300
5627,2016/10/12 3:30,130.6148438,46.325808,5133233.617,393333.2196,11.4824,127.6,TRUE,4.2,500,300
5628,2016/10/12 3:30,130.6149827,46.3257265,5133224.371,393343.7528,12.5936,131.7,TRUE,4.2,500,300
5629,2016/10/12 3:30,130.6151278,46.325646,5133215.227,393354.7746,12.5936,125.4,TRUE,4.2,500,300
5630,2016/10/12 3:31,130.6152685,46.32556467,5133205.997,393365.449,12.038,129.7,TRUE,4.2,500,300
5631,2016/10/12 3:31,130.615404,46.32548,5133196.403,393375.7189,12.5936,127.6,TRUE,4.2,500,300
5632,2016/10/12 3:31,130.6155482,46.325404,5133187.762,393386.6733,12.038,129.5,TRUE,4.2,500,300
5633,2016/10/12 3:31,130.6156853,46.32533083,5133179.444,393397.0934,11.4824,129.1,TRUE,4.2,500,300
5634,2016/10/12 3:31,130.6158138,46.32525267,5133170.583,393406.837,11.6676,129.1,TRUE,4.2,500,300
5635,2016/10/12 3:31,130.6159485,46.32517383,5133161.638,393417.0544,12.2232,127.2,TRUE,4.2,500,300
5636,2016/10/12 3:31,130.6160795,46.325095,5133152.699,393426.9892,12.4084,128.2,TRUE,4.2,500,300
5637,2016/10/12 3:31,130.6161908,46.32503033,5133145.361,393435.4369,9.0748,129.2,TRUE,4.2,500,300
5638,2016/10/12 3:31,130.616281,46.32497883,5133139.515,393442.2806,7.0376,132.1,TRUE,4.2,500,300
5639,2016/10/12 3:31,130.6163303,46.32497267,5133138.764,393446.0675,3.704,70.1,TRUE,4.2,78,300
5640,2016/10/12 3:31,130.6163098,46.32496583,5133138.031,393444.4755,3.5188,257.2,FALSE,4.2,0,300
5641,2016/10/12 3:31,130.6162893,46.32494883,5133136.169,393442.8638,1.1112,59.8,FALSE,4.2,0,300
5642,2016/10/12 3:31,130.6163423,46.325013,5133143.231,393447.0699,7.5932,5.1,FALSE,4.2,0,300
5643,2016/10/12 3:31,130.616325,46.32508933,5133151.739,393445.8835,7.0376,349.6,FALSE,4.2,0,300
5644,2016/10/12 3:31,130.6163027,46.32515817,5133159.421,393444.2977,7.0376,332.1,FALSE,4.2,0,300
5645,2016/10/12 3:32,130.6162362,46.3252185,5133166.216,393439.2938,8.519199,299.9,FALSE,4.2,0,300
5646,2016/10/12 3:32,130.6161538,46.32526483,5133171.477,393433.043,6.482,309.1,TRUE,4.2,108,300
5647,2016/10/12 3:32,130.6160757,46.32530833,5133176.417,393427.1087,8.334,309.9,TRUE,4.2,500,300
5648,2016/10/12 3:32,130.6159823,46.32535833,5133182.101,393420.0179,8.889601,308.6,TRUE,4.2,500,300
5649,2016/10/12 3:32,130.6158825,46.325418,5133188.868,393412.4462,9.26,311.3,TRUE,4.2,500,300
5650,2016/10/12 3:32,130.6157848,46.32547233,5133195.038,393405.0305,9.0748,306.4,TRUE,4.2,500,300
5651,2016/10/12 3:32,130.6156915,46.32552783,5133201.333,393397.9513,8.889601,309.1,TRUE,4.2,500,300
5652,2016/10/12 3:32,130.6155792,46.3255895,5133208.339,393389.421,9.26,307.2,TRUE,4.2,500,300
5653,2016/10/12 3:32,130.6154788,46.32564667,5133214.829,393381.8052,8.334,305.8,TRUE,4.2,500,300
5654,2016/10/12 3:32,130.6153897,46.325698,5133220.655,393375.039,8.519199,309.7,TRUE,4.2,500,300
5655,2016/10/12 3:32,130.6152838,46.32575283,5133226.892,393366.9952,9.4452,307.6,TRUE,4.2,500,300
5656,2016/10/12 3:32,130.6151772,46.32581233,5133233.649,393358.8973,9.4452,310.9,TRUE,4.2,500,300
5657,2016/10/12 3:32,130.6150805,46.32586733,5133239.893,393351.56,8.519199,308.1,TRUE,4.2,500,300
5658,2016/10/12 3:32,130.6149728,46.32592683,5133246.652,393343.3844,9.6304,308.2,TRUE,4.2,500,300
5659,2016/10/12 3:32,130.614868,46.325992,5133254.037,393335.4386,9.26,312.2,TRUE,4.2,500,300
5660,2016/10/12 3:33,130.6147735,46.32605167,5133260.797,393328.2775,8.889601,311.9,TRUE,4.2,500,300
5661,2016/10/12 3:33,130.6146662,46.3261075,5133267.148,393320.121,9.4452,305,TRUE,4.2,500,300
5662,2016/10/12 3:33,130.6145548,46.3261745,5133274.745,393311.6774,9.8156,309.6,TRUE,4.2,500,300
5663,2016/10/12 3:33,130.6144418,46.32623667,5133281.808,393303.0967,9.6304,310,TRUE,4.2,500,300
5664,2016/10/12 3:33,130.61433,46.32630317,5133289.35,393294.6144,10.3712,311.6,TRUE,4.2,500,300
5665,2016/10/12 3:33,130.6142222,46.32636583,5133296.461,393286.4328,9.26,308.7,TRUE,4.2,500,300
5666,2016/10/12 3:33,130.6141152,46.32643067,5133303.812,393278.3193,10.3712,311.5,TRUE,4.2,500,300
5667,2016/10/12 3:33,130.6140055,46.326496,5133311.222,393270.0012,10.3712,312.9,TRUE,4.2,500,300
5668,2016/10/12 3:33,130.6138987,46.32656367,5133318.888,393261.9063,10.186,311.4,TRUE,4.2,500,300
5669,2016/10/12 3:33,130.6137945,46.32662733,5133326.104,393254.0085,9.4452,311.6,TRUE,4.2,500,300
5670,2016/10/12 3:33,130.6136885,46.32668467,5133332.621,393245.9576,9.0748,306.6,TRUE,4.2,500,300
5671,2016/10/12 3:33,130.6135765,46.32674233,5133339.181,393237.4452,10.0008,308.6,TRUE,4.2,500,300
5672,2016/10/12 3:33,130.6134667,46.32680717,5133346.537,393229.1139,10.0008,313.1,TRUE,4.2,500,300
5673,2016/10/12 3:33,130.6133613,46.32686617,5133353.237,393221.117,8.889601,307.3,TRUE,4.2,500,300
5674,2016/10/12 3:33,130.613257,46.3269265,5133360.084,393213.2005,9.4452,310.2,TRUE,4.2,500,300
5675,2016/10/12 3:34,130.6131505,46.326989,5133367.174,393205.1212,9.8156,307.4,TRUE,4.2,500,300
5676,2016/10/12 3:34,130.613028,46.32705983,5133375.213,393195.826,11.112,313.7,TRUE,4.2,500,300
5677,2016/10/12 3:34,130.6129137,46.327131,5133383.278,393187.1606,10.186,312,TRUE,4.2,500,300
5678,2016/10/12 3:34,130.6128022,46.32719283,5133390.301,393178.6949,9.6304,307.3,TRUE,4.2,500,300
5679,2016/10/12 3:34,130.6126882,46.32725567,5133397.44,393170.0388,9.8156,311.5,TRUE,4.2,500,300
5680,2016/10/12 3:34,130.6125773,46.32731833,5133404.555,393161.6257,9.26,305.6,TRUE,4.2,500,300
5681,2016/10/12 3:34,130.6124672,46.32738417,5133412.022,393153.2711,10.7416,310.6,TRUE,4.2,500,300
5682,2016/10/12 3:34,130.6123458,46.327452,5133419.725,393144.0595,10.7416,309.7,TRUE,4.2,500,300
5683,2016/10/12 3:34,130.6122343,46.32751667,5133427.064,393135.5995,9.4452,309.7,TRUE,4.2,500,300
5684,2016/10/12 3:34,130.6121338,46.32757317,5133433.48,393127.9707,8.889601,306.4,TRUE,4.2,500,300
5685,2016/10/12 3:34,130.6120245,46.327636,5133440.611,393119.6742,10.9268,310.9,TRUE,4.2,500,300
5686,2016/10/12 3:34,130.6119085,46.32770567,5133448.512,393110.8775,10.186,313.3,TRUE,4.2,500,300
5687,2016/10/12 3:34,130.6117968,46.32776967,5133455.777,393102.4032,10.0008,309.3,TRUE,4.2,500,300
5688,2016/10/12 3:34,130.6116888,46.32783633,5133463.332,393094.2167,9.26,312.3,TRUE,4.2,500,300
5689,2016/10/12 3:34,130.611589,46.32789633,5133470.137,393086.6464,10.0008,308.8,TRUE,4.2,500,300
5690,2016/10/12 3:35,130.6114702,46.32795967,5133477.338,393077.6195,10.3712,310.5,TRUE,4.2,500,300
5691,2016/10/12 3:35,130.611351,46.32802283,5133484.519,393068.5661,10.0008,310,TRUE,4.2,500,300
5692,2016/10/12 3:35,130.6112417,46.32807783,5133490.78,393060.2545,9.0748,308.2,TRUE,4.2,500,300
5693,2016/10/12 3:35,130.6111448,46.3281355,5133497.321,393052.91,9.8156,314.6,TRUE,4.2,500,300
5694,2016/10/12 3:35,130.6110445,46.328192,5133503.737,393045.2944,10.0008,313.4,TRUE,4.2,500,300
5695,2016/10/12 3:35,130.6109385,46.3282515,5133510.494,393037.2481,9.26,310.9,TRUE,4.2,500,300
5696,2016/10/12 3:35,130.6108513,46.32830283,5133516.318,393030.6358,7.2228,310.8,TRUE,4.2,500,300
5697,2016/10/12 3:35,130.6107668,46.32835317,5133522.027,393024.2272,7.5932,310.4,TRUE,4.2,500,300
5698,2016/10/12 3:35,130.6106848,46.3284025,5133527.621,393018.0092,8.334,314.3,TRUE,4.2,500,300
5699,2016/10/12 3:35,130.6106018,46.3284505,5133533.069,393011.7115,6.2968,309.1,TRUE,4.2,500,300
5700,2016/10/12 3:35,130.6105245,46.328473,5133535.675,393005.8008,4.2596,271.1,FALSE,4.2,0,300
5701,2016/10/12 3:35,130.6104618,46.32842783,5133530.738,393000.887,6.1116,203.6,FALSE,4.2,0,300
5702,2016/10/12 3:35,130.6104548,46.3283655,5133523.819,393000.2264,5.3708,176.6,FALSE,4.2,0,300
5703,2016/10/12 3:35,130.6105055,46.32831433,5133518.063,393004.0283,6.1116,134.4,FALSE,4.2,0,300
5704,2016/10/12 3:35,130.6105937,46.32826617,5133512.591,393010.7237,7.9636,129.8,TRUE,4.2,500,300
5705,2016/10/12 3:36,130.610676,46.32822283,5133507.662,393016.9789,7.9636,125.5,TRUE,4.2,500,300
5706,2016/10/12 3:36,130.6107705,46.328165,5133501.106,393024.1429,9.0748,133.5,TRUE,4.2,500,300
5707,2016/10/12 3:36,130.610873,46.32810233,5133494.002,393031.9135,10.9268,132.2,TRUE,4.2,500,300
5708,2016/10/12 3:36,130.6109788,46.32804417,5133487.394,393039.9494,9.26,131.9,TRUE,4.2,500,300
5709,2016/10/12 3:36,130.6110942,46.32797817,5133479.902,393048.7023,11.2972,133.9,TRUE,4.2,500,300
5710,2016/10/12 3:36,130.6112072,46.327915,5133472.727,393057.2805,9.8156,126.3,TRUE,4.2,500,300
5711,2016/10/12 3:36,130.6113133,46.3278565,5133466.081,393065.3412,9.26,128.8,TRUE,4.2,500,300
5712,2016/10/12 3:36,130.611418,46.32779967,5133459.623,393073.2904,10.186,132.2,TRUE,4.2,500,300
5713,2016/10/12 3:36,130.6115293,46.327728,5133451.506,393081.7235,11.2972,131.1,TRUE,4.2,500,300
5714,2016/10/12 3:36,130.6116435,46.32765333,5133443.052,393090.3695,11.6676,137.4,TRUE,4.2,500,300
5715,2016/10/12 3:36,130.611767,46.3275845,5133435.234,393099.7454,10.5564,122.4,TRUE,4.2,500,300
5716,2016/10/12 3:36,130.611885,46.32751117,5133426.924,393108.689,10.5564,129.7,TRUE,4.2,500,300
5717,2016/10/12 3:36,130.612009,46.32743583,5133418.382,393118.0907,10.9268,130.6,TRUE,4.2,500,300
5718,2016/10/12 3:36,130.6121347,46.3273675,5133410.617,393127.6347,11.112,131.5,TRUE,4.2,500,300
5719,2016/10/12 3:36,130.6122482,46.32729017,5133401.868,393136.2241,10.0008,129.9,TRUE,4.2,500,300
5720,2016/10/12 3:37,130.6123685,46.32722783,5133394.777,393145.3686,10.7416,129.4,TRUE,4.2,500,300
5721,2016/10/12 3:37,130.6124922,46.32716033,5133387.107,393154.7603,11.112,130.4,TRUE,4.2,500,300
5722,2016/10/12 3:37,130.612607,46.32709483,5133379.671,393163.4752,10.3712,128.9,TRUE,4.2,500,300
5723,2016/10/12 3:37,130.6127298,46.3270255,5133371.799,393172.7986,11.112,132.7,TRUE,4.2,500,300
5724,2016/10/12 3:37,130.6128435,46.32695933,5133364.29,393181.4229,9.6304,127.9,TRUE,4.2,500,300
5725,2016/10/12 3:37,130.6129587,46.326897,5133357.207,393190.1702,10.9268,130.3,TRUE,4.2,500,300
5726,2016/10/12 3:37,130.6130745,46.32683233,5133349.862,393198.9638,9.8156,129.6,TRUE,4.2,500,300
5727,2016/10/12 3:37,130.6131907,46.32676917,5133342.685,393207.7866,9.6304,123.9,TRUE,4.2,500,300
5728,2016/10/12 3:37,130.6132968,46.32670667,5133335.594,393215.8398,10.7416,130.5,TRUE,4.2,500,300
5729,2016/10/12 3:37,130.6134093,46.32663533,5133327.513,393224.364,10.0008,131.3,TRUE,4.2,500,300
5730,2016/10/12 3:37,130.6135128,46.32657317,5133320.464,393232.2131,9.4452,134,TRUE,4.2,500,300
5731,2016/10/12 3:37,130.6136292,46.32651783,5133314.156,393241.0642,9.6304,126.9,TRUE,4.2,500,300
5732,2016/10/12 3:37,130.6137482,46.326454,5133306.9,393250.1037,10.5564,129.7,TRUE,4.2,500,300
5733,2016/10/12 3:37,130.6138662,46.3263775,5133298.238,393259.0415,11.112,132.9,TRUE,4.2,500,300
5734,2016/10/12 3:37,130.6139925,46.326309,5133290.453,393268.6364,10.9268,126.6,TRUE,4.2,500,300
5735,2016/10/12 3:38,130.614114,46.32623983,5133282.601,393277.858,10.7416,130.3,TRUE,4.2,500,300
5736,2016/10/12 3:38,130.6142383,46.32617417,5133275.135,393287.3044,10.7416,128.5,TRUE,4.2,500,300
5737,2016/10/12 3:38,130.6143588,46.3261035,5133267.117,393296.4462,10.9268,126.1,TRUE,4.2,500,300
5738,2016/10/12 3:38,130.6144708,46.32603383,5133259.222,393304.9354,9.6304,127.1,TRUE,4.2,500,300
5739,2016/10/12 3:38,130.6145818,46.3259705,5133252.033,393313.3599,9.6304,128.7,TRUE,4.2,500,300
5740,2016/10/12 3:38,130.6146925,46.32590783,5133244.918,393321.7603,10.0008,128.7,TRUE,4.2,500,300
5741,2016/10/12 3:38,130.6148083,46.32584117,5133237.352,393330.5504,10.5564,124.9,TRUE,4.2,500,300
5742,2016/10/12 3:38,130.61493,46.3257725,5133229.555,393339.7863,10.9268,129.3,TRUE,4.2,500,300
5743,2016/10/12 3:38,130.6150605,46.32569717,5133221.006,393349.6892,11.6676,130.8,TRUE,4.2,500,300
5744,2016/10/12 3:38,130.615193,46.3256235,5133212.638,393359.7494,11.2972,126,TRUE,4.2,500,300
5745,2016/10/12 3:38,130.6153298,46.32554733,5133203.987,393370.1382,11.6676,127.8,TRUE,4.2,500,300
5746,2016/10/12 3:38,130.615462,46.3254765,5133195.936,393380.1785,11.112,126.9,TRUE,4.2,500,300
5747,2016/10/12 3:38,130.615594,46.32540867,5133188.219,393390.2116,10.7416,123.8,TRUE,4.2,500,300
5748,2016/10/12 3:38,130.6157238,46.325339,5133180.3,393400.0741,11.112,125,TRUE,4.2,500,300
5749,2016/10/12 3:38,130.6158595,46.32526733,5133172.151,393410.3824,12.5936,127,TRUE,4.2,500,300
5750,2016/10/12 3:39,130.6159958,46.32519017,5133163.39,393420.7309,12.038,129.4,TRUE,4.2,500,300
5751,2016/10/12 3:39,130.6161237,46.32511683,5133155.066,393430.4331,10.186,125.7,TRUE,4.2,500,300
5752,2016/10/12 3:39,130.6162317,46.3250545,5133147.993,393438.6288,8.519199,130.2,TRUE,4.2,500,300
5753,2016/10/12 3:39,130.616298,46.32501867,5133143.921,393443.6671,4.63,121.1,FALSE,4.2,0,300
5754,2016/10/12 3:39,130.616331,46.32501117,5133143.043,393446.1938,0.3704,315.5,FALSE,4.2,0,300
5755,2016/10/12 3:39,130.6163,46.32499783,5133141.601,393443.7807,4.63,241.8,FALSE,4.2,0,300
5756,2016/10/12 3:39,130.6162795,46.3249815,5133139.814,393442.1703,1.2964,56.7,FALSE,4.2,0,300
5757,2016/10/12 3:39,130.6163258,46.32504767,5133147.107,393445.8666,10.3712,8.6,FALSE,4.2,0,300
5758,2016/10/12 3:39,130.6162993,46.3251375,5133157.128,393444.0003,9.4452,341.2,FALSE,4.2,0,300
5759,2016/10/12 3:39,130.6162863,46.32523283,5133167.742,393443.1843,9.8156,354.8,FALSE,4.2,0,300
5760,2016/10/12 3:39,130.6162902,46.32532933,5133178.463,393443.6675,9.8156,8,FALSE,4.2,0,300
5761,2016/10/12 3:39,130.6162937,46.3254215,5133188.704,393444.116,9.8156,357.3,FALSE,4.2,0,300
5762,2016/10/12 3:39,130.6162382,46.32550917,5133198.523,393440.0123,9.4452,333,FALSE,4.2,0,300
5763,2016/10/12 3:39,130.6161413,46.32555917,5133204.211,393432.6521,8.7044,304.8,TRUE,4.2,500,300
5764,2016/10/12 3:39,130.6160485,46.32561217,5133210.228,393425.6065,7.9636,310,TRUE,4.2,500,300
5765,2016/10/12 3:40,130.6159515,46.32566667,5133216.416,393418.2427,9.6304,306.2,TRUE,4.2,500,300
5766,2016/10/12 3:40,130.6158507,46.32572817,5133223.388,393410.5976,9.6304,312.2,TRUE,4.2,500,300
5767,2016/10/12 3:40,130.615748,46.32578783,5133230.158,393402.8073,9.4452,308.8,TRUE,4.2,500,300
5768,2016/10/12 3:40,130.6156685,46.3258295,5133234.897,393396.7662,5.7412,313,TRUE,4.2,500,300
5769,2016/10/12 3:40,130.6156012,46.3258715,5133239.656,393391.663,7.0376,314.3,TRUE,4.2,500,300
5770,2016/10/12 3:40,130.6155058,46.32592433,5133245.656,393384.4239,8.889601,312.2,TRUE,4.2,500,300
5771,2016/10/12 3:40,130.6154063,46.32598317,5133252.331,393376.8761,9.4452,309.9,TRUE,4.2,500,300
5772,2016/10/12 3:40,130.6153005,46.32604867,5133259.754,393368.8538,10.0008,308.8,TRUE,4.2,500,300
5773,2016/10/12 3:40,130.6151962,46.32610883,5133266.582,393360.9367,8.7044,309,TRUE,4.2,500,300
5774,2016/10/12 3:40,130.6150915,46.326172,5133273.744,393352.9993,10.3712,311.7,TRUE,4.2,500,300
5775,2016/10/12 3:40,130.614985,46.32622783,5133280.094,393344.9067,9.6304,309.4,TRUE,4.2,500,300
5776,2016/10/12 3:40,130.6148633,46.3262955,5133287.779,393335.669,10.9268,306.7,TRUE,4.2,500,300
5777,2016/10/12 3:40,130.6147462,46.3263615,5133295.273,393326.7753,10.5564,311,TRUE,4.2,500,300
5778,2016/10/12 3:40,130.6146333,46.3264245,5133302.428,393318.2085,10.0008,313.6,TRUE,4.2,500,300
5779,2016/10/12 3:40,130.6145245,46.32648267,5133309.041,393309.9411,9.8156,310.5,TRUE,4.2,500,300
5780,2016/10/12 3:41,130.6144147,46.32654033,5133315.598,393301.5957,9.8156,310.6,TRUE,4.2,500,300
5781,2016/10/12 3:41,130.6142995,46.32660383,5133322.812,393292.8505,10.3712,305.8,TRUE,4.2,500,300
5782,2016/10/12 3:41,130.6141818,46.32667017,5133330.344,393283.9183,10.3712,310.5,TRUE,4.2,500,300
5783,2016/10/12 3:41,130.6140577,46.32673733,5133337.977,393274.488,10.7416,308.4,TRUE,4.2,500,300
5784,2016/10/12 3:41,130.6139363,46.32680633,5133345.81,393265.2784,10.7416,311.4,TRUE,4.2,500,300
5785,2016/10/12 3:41,130.6138138,46.32687383,5133353.478,393255.9766,10.3712,310.4,TRUE,4.2,500,300
5786,2016/10/12 3:41,130.6136905,46.32694367,5133361.408,393246.6155,11.112,311.3,TRUE,4.2,500,300
5787,2016/10/12 3:41,130.613564,46.32701483,5133369.488,393237.0129,11.4824,312.1,TRUE,4.2,500,300
5788,2016/10/12 3:41,130.6134475,46.3270835,5133377.278,393228.1754,10.0008,308.4,TRUE,4.2,500,300
5789,2016/10/12 3:41,130.6133328,46.32714633,5133384.417,393219.4676,10.0008,307.8,TRUE,4.2,500,300
5790,2016/10/12 3:41,130.6132192,46.32721083,5133391.74,393210.8408,9.4452,312.6,TRUE,4.2,500,300
5791,2016/10/12 3:41,130.6131148,46.327267,5133398.124,393202.9155,10.5564,307,TRUE,4.2,500,300
5792,2016/10/12 3:41,130.6130183,46.32731933,5133404.071,393195.5865,7.408,305.9,TRUE,4.2,500,300
5793,2016/10/12 3:41,130.612937,46.32736083,5133408.794,393189.4045,5.3708,309.2,TRUE,4.2,500,300
5794,2016/10/12 3:41,130.6128473,46.3274085,5133414.213,393182.5923,9.0748,310.2,TRUE,4.2,500,300
5795,2016/10/12 3:42,130.6127558,46.32745817,5133419.858,393175.6432,7.0376,307,TRUE,4.2,500,300
5796,2016/10/12 3:42,130.6126503,46.32751683,5133426.521,393167.6335,8.519199,308.4,TRUE,4.2,500,300
5797,2016/10/12 3:42,130.6125568,46.32756217,5133431.687,393160.5219,8.1488,302.9,TRUE,4.2,500,300
5798,2016/10/12 3:42,130.6124777,46.3276065,5133436.721,393154.5126,6.8524,311,TRUE,4.2,488,300
5799,2016/10/12 3:42,130.612399,46.32765217,5133441.903,393148.5436,7.9636,307.7,TRUE,4.2,500,300
5800,2016/10/12 3:42,130.6123032,46.32770383,5133447.775,393141.265,7.5932,306.4,TRUE,4.2,500,300
5801,2016/10/12 3:42,130.6122148,46.32775433,5133453.508,393134.5608,8.1488,308.2,TRUE,4.2,500,300
5802,2016/10/12 3:42,130.6121127,46.327812,5133460.056,393126.8065,8.889601,305,TRUE,4.2,500,300
5803,2016/10/12 3:42,130.6120168,46.32786583,5133466.169,393119.5313,9.4452,307.8,TRUE,4.2,500,300
5804,2016/10/12 3:42,130.6119198,46.3279155,5133471.821,393112.1588,8.519199,303.7,TRUE,4.2,500,300
5805,2016/10/12 3:42,130.6118273,46.3279625,5133477.17,393105.1275,7.2228,305.4,TRUE,4.2,500,300
5806,2016/10/12 3:42,130.611748,46.328005,5133482.001,393099.1016,6.1116,309.6,TRUE,4.2,500,300
5807,2016/10/12 3:42,130.611679,46.32804117,5133486.115,393093.8589,6.2968,311.6,TRUE,4.2,500,300
5808,2016/10/12 3:42,130.6115985,46.328085,5133491.096,393087.7455,9.26,312.2,TRUE,4.2,500,300
5809,2016/10/12 3:42,130.6115197,46.328134,5133496.649,393081.7709,8.889601,309.8,TRUE,4.2,500,300
5810,2016/10/12 3:43,130.611426,46.32818767,5133502.741,393074.6626,8.519199,308.3,TRUE,4.2,500,300
5811,2016/10/12 3:43,130.6113323,46.32824833,5133509.61,393067.5679,8.334,314.8,TRUE,4.2,500,300
5812,2016/10/12 3:43,130.6112378,46.328302,5133515.703,393060.3958,8.1488,307.7,TRUE,4.2,500,300
5813,2016/10/12 3:43,130.6111378,46.32835883,5133522.155,393052.8063,8.519199,305.3,TRUE,4.2,500,300
5814,2016/10/12 3:43,130.611043,46.328409,5133527.86,393045.6019,8.1488,303.9,TRUE,4.2,500,300
5815,2016/10/12 3:43,130.6109497,46.32846017,5133533.674,393038.515,8.519199,306.2,TRUE,4.2,500,300
5816,2016/10/12 3:43,130.6108572,46.3285055,5133538.838,393031.4806,6.6672,306.3,TRUE,4.2,500,300
5817,2016/10/12 3:43,130.6107805,46.3285445,5133543.276,393025.6529,6.6672,306.9,TRUE,4.2,500,300
5818,2016/10/12 3:43,130.61075,46.32856,5133545.041,393023.3345,1.852,303.8,TRUE,4.2,500,300
5819,2016/10/12 3:43,130.6107167,46.3285805,5133547.364,393020.808,3.5188,301.1,TRUE,4.2,500,300
5820,2016/10/12 3:43,130.610663,46.328605,5133550.16,393016.7231,6.6672,299.2,TRUE,4.2,500,300
5821,2016/10/12 3:43,130.6106143,46.32860733,5133550.485,393012.9799,4.0744,243.3,FALSE,4.2,0,300
5822,2016/10/12 3:43,130.610563,46.32857,5133546.405,393008.9546,4.8152,191.3,FALSE,4.2,0,300
5823,2016/10/12 3:43,130.6105497,46.32852317,5133541.217,393007.8368,5.1856,189.4,FALSE,4.2,0,300
5824,2016/10/12 3:43,130.61056,46.32847867,5133536.257,393008.5455,5.1856,151.6,FALSE,4.2,0,300
5825,2016/10/12 3:44,130.6106132,46.32846867,5133535.073,393012.6202,3.704,110.5,FALSE,4.2,0,300
5826,2016/10/12 3:44,130.6106868,46.32843483,5133531.212,393018.2262,7.5932,123.1,TRUE,4.2,500,300
5827,2016/10/12 3:44,130.6107785,46.32838933,5133526.031,393025.1963,8.1488,129.4,TRUE,4.2,500,300
5828,2016/10/12 3:44,130.6108617,46.3283445,5133520.936,393031.5132,6.6672,127.7,TRUE,4.2,500,300
5829,2016/10/12 3:44,130.6109417,46.32829467,5133515.289,393037.5763,8.1488,130.8,TRUE,4.2,500,300
5830,2016/10/12 3:44,130.6110348,46.32824717,5133509.883,393044.6573,9.26,131.1,TRUE,4.2,500,300
5831,2016/10/12 3:44,130.611132,46.32819383,5133503.823,393052.0357,9.0748,128.8,TRUE,4.2,500,300
5832,2016/10/12 3:44,130.611237,46.328137,5133497.364,393060.0103,9.4452,127.9,TRUE,4.2,500,300
5833,2016/10/12 3:44,130.6113293,46.32808067,5133490.978,393067.0102,7.778399,123.8,TRUE,4.2,500,300
5834,2016/10/12 3:44,130.6114398,46.32801833,5133483.899,393075.3975,10.5564,127.6,TRUE,4.2,500,300
5835,2016/10/12 3:44,130.6115458,46.32796717,5133478.069,393083.4602,9.0748,124.9,TRUE,4.2,500,300
5836,2016/10/12 3:44,130.6116438,46.32791567,5133472.212,393090.9061,8.334,119.9,TRUE,4.2,500,300
5837,2016/10/12 3:44,130.611733,46.32786317,5133466.256,393097.6702,8.519199,135.1,TRUE,4.2,500,300
5838,2016/10/12 3:44,130.6118287,46.3278045,5133459.606,393104.9229,8.889601,124.5,TRUE,4.2,500,300
5839,2016/10/12 3:44,130.6119302,46.327745,5133452.855,393112.6228,9.0748,130.3,TRUE,4.2,500,300
5840,2016/10/12 3:45,130.6120405,46.327684,5133445.925,393120.9998,10.3712,126.2,TRUE,4.2,500,300
5841,2016/10/12 3:45,130.612155,46.3276245,5133439.157,393129.7008,9.26,127.6,TRUE,4.2,500,300
5842,2016/10/12 3:45,130.6122595,46.3275685,5133432.791,393137.6386,9.6304,130.5,TRUE,4.2,500,300
5843,2016/10/12 3:45,130.6123647,46.32751067,5133426.221,393145.6245,9.4452,129.2,TRUE,4.2,500,300
5844,2016/10/12 3:45,130.61247,46.32745467,5133419.854,393153.6263,8.889601,128.4,TRUE,4.2,500,300
5845,2016/10/12 3:45,130.6125762,46.32739567,5133413.153,393161.6869,9.0748,127,TRUE,4.2,500,300
5846,2016/10/12 3:45,130.6126833,46.32733517,5133406.283,393169.8209,8.7044,123.6,TRUE,4.2,500,300
5847,2016/10/12 3:45,130.6127988,46.32727433,5133399.365,393178.5964,9.8156,126.3,TRUE,4.2,500,300
5848,2016/10/12 3:45,130.6129033,46.3272155,5133392.685,393186.5288,9.6304,129.6,TRUE,4.2,500,300
5849,2016/10/12 3:45,130.6129998,46.327155,5133385.83,393193.842,8.889601,133.4,TRUE,4.2,500,300
5850,2016/10/12 3:45,130.6131142,46.32708717,5133378.136,393202.5147,10.7416,129.1,TRUE,4.2,500,300
5851,2016/10/12 3:45,130.6132263,46.3270265,5133371.241,393211.0334,9.4452,121.5,TRUE,4.2,500,300
5852,2016/10/12 3:45,130.6133333,46.326963,5133364.038,393219.1493,9.6304,126.1,TRUE,4.2,500,300
5853,2016/10/12 3:45,130.6134478,46.32689883,5133356.751,393227.8415,10.5564,125.9,TRUE,4.2,500,300
5854,2016/10/12 3:45,130.6135637,46.32682883,5133348.813,393236.6255,10.7416,127.9,TRUE,4.2,500,300
5855,2016/10/12 3:46,130.6136933,46.326753,5133340.21,393246.4624,11.4824,127.3,TRUE,4.2,500,300
5856,2016/10/12 3:46,130.6138262,46.32667317,5133331.157,393256.5365,11.8528,127.3,TRUE,4.2,500,300
5857,2016/10/12 3:46,130.613959,46.3265975,5133322.567,393266.6179,11.6676,128.9,TRUE,4.2,500,300
5858,2016/10/12 3:46,130.6140908,46.32651517,5133313.238,393276.6093,12.4084,129.9,TRUE,4.2,500,300
5859,2016/10/12 3:46,130.614216,46.32643617,5133304.288,393286.0945,11.112,129.6,TRUE,4.2,500,300
5860,2016/10/12 3:46,130.614339,46.326363,5133295.989,393295.4238,10.7416,126.2,TRUE,4.2,500,300
5861,2016/10/12 3:46,130.6144605,46.32628967,5133287.674,393304.6374,10.9268,128.8,TRUE,4.2,500,300
5862,2016/10/12 3:46,130.6145872,46.32621517,5133279.222,393314.2469,11.6676,130.9,TRUE,4.2,500,300
5863,2016/10/12 3:46,130.6147187,46.3261405,5133270.745,393324.228,11.8528,126.8,TRUE,4.2,500,300
5864,2016/10/12 3:46,130.6148465,46.32606283,5133261.939,393333.9206,10.9268,128.4,TRUE,4.2,500,300
5865,2016/10/12 3:46,130.6149663,46.32599133,5133253.83,393343.0093,10.5564,128.6,TRUE,4.2,500,300
5866,2016/10/12 3:46,130.6150883,46.32591567,5133245.256,393352.257,11.2972,130.5,TRUE,4.2,500,300
5867,2016/10/12 3:46,130.6152157,46.3258415,5133236.84,393361.9188,11.112,128.1,TRUE,4.2,500,300
5868,2016/10/12 3:46,130.6153447,46.3257655,5133228.218,393371.7049,11.4824,129.4,TRUE,4.2,500,300
5869,2016/10/12 3:46,130.615463,46.32569717,5133220.464,393380.6843,9.8156,124.6,TRUE,4.2,500,300
5870,2016/10/12 3:47,130.6155785,46.32563183,5133213.045,393389.4516,10.3712,129.4,TRUE,4.2,500,300
5871,2016/10/12 3:47,130.615707,46.32555533,5133204.369,393399.1983,11.4824,129.3,TRUE,4.2,500,300
5872,2016/10/12 3:47,130.6158297,46.32548433,5133196.312,393408.5068,10.0008,132.4,TRUE,4.2,500,300
5873,2016/10/12 3:47,130.615943,46.32541533,5133188.49,393417.1,10.5564,132.7,TRUE,4.2,500,300
5874,2016/10/12 3:47,130.6160613,46.32533967,5133179.92,393426.0652,10.186,133,TRUE,4.2,500,300
5875,2016/10/12 3:47,130.6161625,46.3252785,5133172.985,393433.7372,8.7044,129,TRUE,4.2,500,300
5876,2016/10/12 3:47,130.6162225,46.325247,5133169.402,393438.2965,1.6668,120.4,FALSE,4.2,0,300
5877,2016/10/12 3:47,130.6161922,46.325252,5133169.999,393435.9706,4.2596,291.1,FALSE,4.2,0,300
5878,2016/10/12 3:47,130.6161673,46.32524667,5133169.44,393434.0474,0.926,65.1,FALSE,4.2,0,300
5879,2016/10/12 3:47,130.6162265,46.325257,5133170.509,393438.6239,5.9264,59.1,FALSE,4.2,0,300
5880,2016/10/12 3:47,130.6162613,46.32531533,5133176.946,393441.4194,6.2968,13.8,FALSE,4.2,0,300
5881,2016/10/12 3:47,130.6162775,46.32538033,5133184.149,393442.7908,5.7412,3.7,FALSE,4.2,0,300
5882,2016/10/12 3:47,130.616256,46.32543883,5133190.681,393441.2488,6.1116,335.4,FALSE,4.2,0,300
5883,2016/10/12 3:47,130.6162203,46.32549683,5133197.176,393438.6146,5.9264,331.2,FALSE,4.2,0,300
5884,2016/10/12 3:47,130.6161607,46.325543,5133202.388,393434.11,6.482,314.1,FALSE,4.2,0,300
5885,2016/10/12 3:48,130.616086,46.32558233,5133206.86,393428.4363,6.2968,306.6,TRUE,4.2,500,300
5886,2016/10/12 3:48,130.6160098,46.32562233,5133211.409,393422.6484,7.0376,303.3,TRUE,4.2,500,300
5887,2016/10/12 3:48,130.6159323,46.32566933,5133216.738,393416.7717,7.0376,304.9,TRUE,4.2,500,300
5888,2016/10/12 3:48,130.6158342,46.32572333,5133222.872,393409.3176,8.519199,305.1,TRUE,4.2,500,300
5889,2016/10/12 3:48,130.6157383,46.32577967,5133229.264,393402.0468,8.889601,311,TRUE,4.2,500,300
5890,2016/10/12 3:48,130.6156395,46.3258375,5133235.825,393394.5486,8.889601,306.8,TRUE,4.2,500,300
5891,2016/10/12 3:48,130.6155445,46.32589733,5133242.603,393387.3493,8.334,314.2,TRUE,4.2,500,300
5892,2016/10/12 3:48,130.6154468,46.32595617,5133249.275,393379.9424,8.889601,309.1,TRUE,4.2,500,300
5893,2016/10/12 3:48,130.6153445,46.32601317,5133255.749,393372.1731,8.889601,308.8,TRUE,4.2,500,300
5894,2016/10/12 3:48,130.6152348,46.3260755,5133262.825,393363.849,9.0748,307.7,TRUE,4.2,500,300
5895,2016/10/12 3:48,130.6151372,46.32613717,5133269.811,393356.4485,9.0748,307.5,TRUE,4.2,500,300
5896,2016/10/12 3:48,130.615034,46.32619783,5133276.693,393348.6217,9.6304,312.1,TRUE,4.2,500,300
5897,2016/10/12 3:48,130.614922,46.32626133,5133283.902,393340.1205,11.112,308.3,TRUE,4.2,500,300
5898,2016/10/12 3:48,130.6148112,46.32632633,5133291.277,393331.7123,9.0748,308.8,TRUE,4.2,500,300
5899,2016/10/12 3:48,130.6147033,46.3263875,5133298.221,393323.5269,9.4452,310.5,TRUE,4.2,500,300
5900,2016/10/12 3:49,130.6146045,46.326441,5133304.301,393316.0205,8.334,309.8,TRUE,4.2,500,300
5901,2016/10/12 3:49,130.614511,46.32648917,5133309.782,393308.9141,7.5932,307.5,TRUE,4.2,500,300
5902,2016/10/12 3:49,130.6144102,46.32654383,5133315.993,393301.256,9.8156,311.2,TRUE,4.2,500,300
5903,2016/10/12 3:49,130.614292,46.3266055,5133323.007,393292.2762,9.26,308.2,TRUE,4.2,500,300
5904,2016/10/12 3:49,130.614186,46.326669,5133330.209,393284.2371,10.0008,307.2,TRUE,4.2,500,300
5905,2016/10/12 3:49,130.6140793,46.3267315,5133337.3,393276.1446,9.8156,310.1,TRUE,4.2,500,300
5906,2016/10/12 3:49,130.6139718,46.32679217,5133344.188,393267.9845,9.6304,309.2,TRUE,4.2,500,300
5907,2016/10/12 3:49,130.6138643,46.32685433,5133351.243,393259.8274,9.0748,309.1,TRUE,4.2,500,300
5908,2016/10/12 3:49,130.6137608,46.326916,5133358.237,393251.9774,9.0748,309.8,TRUE,4.2,500,300
5909,2016/10/12 3:49,130.6136492,46.32697967,5133365.465,393243.5029,9.0748,308.1,TRUE,4.2,500,300
5910,2016/10/12 3:49,130.6135513,46.32704217,5133372.544,393236.0904,9.6304,314.5,TRUE,4.2,500,300
5911,2016/10/12 3:49,130.6134395,46.32711033,5133380.271,393227.6116,10.0008,310.8,TRUE,4.2,500,300
5912,2016/10/12 3:49,130.6133257,46.32718,5133388.169,393218.9818,10.5564,311.7,TRUE,4.2,500,300
5913,2016/10/12 3:49,130.6132122,46.32724833,5133395.917,393210.3748,9.8156,308.9,TRUE,4.2,500,300
5914,2016/10/12 3:49,130.6131063,46.3273065,5133402.526,393202.3379,8.7044,310.7,TRUE,4.2,500,300
5915,2016/10/12 3:50,130.6130017,46.3273675,5133409.448,393194.3973,8.889601,313.1,TRUE,4.2,500,300
5916,2016/10/12 3:50,130.6129035,46.32743283,5133416.842,393186.965,10.9268,318.7,TRUE,4.2,500,300
5917,2016/10/12 3:50,130.6127967,46.327495,5133423.897,393178.8597,9.0748,309.2,TRUE,4.2,500,300
5918,2016/10/12 3:50,130.612691,46.32755433,5133430.634,393170.8382,7.778399,311.3,TRUE,4.2,500,300
5919,2016/10/12 3:50,130.6126078,46.32760383,5133436.248,393164.5302,7.5932,312.5,TRUE,4.2,500,300
5920,2016/10/12 3:50,130.6125278,46.3276475,5133441.211,393158.4549,7.5932,308,TRUE,4.2,500,300
5921,2016/10/12 3:50,130.6124363,46.32770117,5133447.3,393151.5136,7.9636,312.1,TRUE,4.2,500,300
5922,2016/10/12 3:50,130.6123527,46.32775533,5133453.433,393145.177,6.482,314.5,TRUE,4.2,500,300
5923,2016/10/12 3:50,130.6122625,46.32780583,5133459.168,393138.3319,8.7044,308.6,TRUE,4.2,500,300
5924,2016/10/12 3:50,130.6121568,46.32786133,5133465.48,393130.303,8.519199,309.5,TRUE,4.2,500,300
5925,2016/10/12 3:50,130.6120667,46.3279135,5133471.4,393123.462,6.2968,305.8,TRUE,4.2,500,300
5926,2016/10/12 3:50,130.6119893,46.327959,5133476.562,393117.5952,7.778399,311.6,TRUE,4.2,500,300
5927,2016/10/12 3:50,130.6119088,46.32800383,5133481.654,393111.4838,6.6672,315.2,TRUE,4.2,500,300
5928,2016/10/12 3:50,130.6118342,46.32804267,5133486.072,393105.8104,6.8524,310.8,TRUE,4.2,500,300
5929,2016/10/12 3:50,130.6117597,46.32808283,5133490.637,393100.1519,7.5932,303.8,TRUE,4.2,500,300
5930,2016/10/12 3:51,130.61168,46.3281285,5133495.821,393094.1061,6.2968,309.1,TRUE,4.2,500,300
5931,2016/10/12 3:51,130.6115877,46.32818633,5133502.374,393087.1091,9.26,313.1,TRUE,4.2,500,300
5932,2016/10/12 3:51,130.6114905,46.3282425,5133508.748,393079.7361,9.6304,309,TRUE,4.2,500,300
5933,2016/10/12 3:51,130.611391,46.32830167,5133515.46,393072.1897,8.889601,312.6,TRUE,4.2,500,300
5934,2016/10/12 3:51,130.611302,46.32836083,5133522.156,393065.4517,9.26,312.7,TRUE,4.2,500,300
5935,2016/10/12 3:51,130.6111975,46.32841717,5133528.56,393057.5147,9.6304,312.4,TRUE,4.2,500,300
5936,2016/10/12 3:51,130.6111063,46.3284705,5133534.611,393050.5984,7.5932,317.9,TRUE,4.2,500,300
5937,2016/10/12 3:51,130.6110202,46.32852017,5133540.248,393044.0607,8.519199,312.2,TRUE,4.2,500,300
5938,2016/10/12 3:51,130.6109248,46.32857083,5133546.008,393036.818,8.334,307.8,TRUE,4.2,500,300
5939,2016/10/12 3:51,130.6108393,46.32861733,5133551.292,393030.3249,6.6672,307.8,TRUE,4.2,500,300
5940,2016/10/12 3:51,130.6107622,46.32866333,5133556.51,393024.4731,5.556,318.8,TRUE,4.2,500,300
5941,2016/10/12 3:51,130.6107473,46.32867233,5133557.53,393023.348,1.1112,317.7,TRUE,4.2,500,300
5942,2016/10/12 3:51,130.6107122,46.32868733,5133559.245,393020.6698,5.0004,302.3,TRUE,4.2,500,300
5943,2016/10/12 3:51,130.6106522,46.32871233,5133562.105,393016.0984,4.4448,280.4,TRUE,4.2,265,300
5944,2016/10/12 3:51,130.6105875,46.32868067,5133558.673,393011.0569,5.7412,217.2,FALSE,4.2,0,300
5945,2016/10/12 3:52,130.6105672,46.328624,5133552.402,393009.381,5.0004,188.2,FALSE,4.2,0,300
5946,2016/10/12 3:52,130.610573,46.32856817,5133546.188,393009.721,5.7412,167,FALSE,4.2,0,300
5947,2016/10/12 3:52,130.6106192,46.32852933,5133541.808,393013.2005,3.8892,129.6,FALSE,4.2,0,300
5948,2016/10/12 3:52,130.6106887,46.32849617,5133538.028,393018.4875,7.5932,122.1,TRUE,4.2,500,300
5949,2016/10/12 3:52,130.6107772,46.3284455,5133532.276,393025.2034,8.889601,128.7,TRUE,4.2,500,300
5950,2016/10/12 3:52,130.6108728,46.32839033,5133526.015,393032.462,8.889601,129,TRUE,4.2,500,300
5951,2016/10/12 3:52,130.6109758,46.328335,5133519.725,393040.2854,9.0748,131.8,TRUE,4.2,500,300
5952,2016/10/12 3:52,130.6110773,46.32827133,5133512.511,393047.977,10.186,132.2,TRUE,4.2,500,300
5953,2016/10/12 3:52,130.6111868,46.32820717,5133505.231,393056.2838,10.5564,133.9,TRUE,4.2,500,300
5954,2016/10/12 3:52,130.6112937,46.328139,5133497.51,393064.3779,9.4452,131.5,TRUE,4.2,500,300
5955,2016/10/12 3:52,130.611387,46.32808167,5133491.011,393071.4529,8.334,128.9,TRUE,4.2,500,300
5956,2016/10/12 3:52,130.6114928,46.32802967,5133485.088,393079.5008,9.8156,124.4,TRUE,4.2,500,300
5957,2016/10/12 3:52,130.6116105,46.32796483,5133477.722,393088.4354,10.5564,130.7,TRUE,4.2,500,300
5958,2016/10/12 3:52,130.6117123,46.3279065,5133471.101,393096.163,9.0748,129.4,TRUE,4.2,500,300
5959,2016/10/12 3:52,130.6118075,46.327842,5133463.802,393103.3658,7.408,137,TRUE,4.2,500,300
5960,2016/10/12 3:53,130.6118833,46.32779233,5133458.179,393109.1082,7.778399,132.8,TRUE,4.2,500,300
5961,2016/10/12 3:53,130.611982,46.32773533,5133451.71,393116.5951,8.889601,129.1,TRUE,4.2,500,300
5962,2016/10/12 3:53,130.6120872,46.32767917,5133445.325,393124.5841,9.26,126.2,TRUE,4.2,500,300
5963,2016/10/12 3:53,130.6121957,46.32762083,5133438.694,393132.8254,9.6304,130.2,TRUE,4.2,500,300
5964,2016/10/12 3:53,130.6123003,46.3275575,5133431.513,393140.7613,9.6304,132.2,TRUE,4.2,500,300
5965,2016/10/12 3:53,130.6124115,46.327495,5133424.416,393149.2001,10.0008,127.8,TRUE,4.2,500,300
5966,2016/10/12 3:53,130.6125213,46.32743433,5133417.524,393157.5393,8.7044,124.9,TRUE,4.2,500,300
5967,2016/10/12 3:53,130.6126222,46.3273685,5133410.071,393165.1762,9.6304,136,TRUE,4.2,500,300
5968,2016/10/12 3:53,130.6127372,46.32730567,5133402.932,393173.9094,10.0008,125.4,TRUE,4.2,500,300
5969,2016/10/12 3:53,130.6128543,46.32724667,5133396.215,393182.8163,9.4452,124.3,TRUE,4.2,500,300
5970,2016/10/12 3:53,130.6129537,46.3271925,5133390.06,393190.3605,9.4452,129.3,TRUE,4.2,500,300
5971,2016/10/12 3:53,130.6130563,46.32713083,5133383.067,393198.1457,9.4452,134.8,TRUE,4.2,500,300
5972,2016/10/12 3:53,130.6131502,46.3270805,5133377.346,393205.2738,8.7044,129.2,TRUE,4.2,500,300
5973,2016/10/12 3:53,130.6132542,46.32701833,5133370.295,393213.1613,9.8156,129.9,TRUE,4.2,500,300
5974,2016/10/12 3:53,130.6133648,46.3269565,5133363.273,393221.5623,9.8156,129.8,TRUE,4.2,500,300
5975,2016/10/12 3:54,130.6134773,46.32689583,5133356.377,393230.1073,9.8156,126.5,TRUE,4.2,500,300
5976,2016/10/12 3:54,130.6135833,46.3268365,5133349.64,393238.1544,9.6304,129.8,TRUE,4.2,500,300
5977,2016/10/12 3:54,130.6136947,46.3267745,5133342.598,393246.6075,10.3712,128.8,TRUE,4.2,500,300
5978,2016/10/12 3:54,130.6138088,46.326708,5133335.052,393255.269,10.0008,131.4,TRUE,4.2,500,300
5979,2016/10/12 3:54,130.61393,46.32663917,5133327.238,393264.4658,10.9268,129.7,TRUE,4.2,500,300
5980,2016/10/12 3:54,130.61405,46.32657167,5133319.573,393273.5751,10.7416,131.6,TRUE,4.2,500,300
5981,2016/10/12 3:54,130.614163,46.3265055,5133312.066,393282.148,10.0008,131.1,TRUE,4.2,500,300
5982,2016/10/12 3:54,130.614281,46.32644167,5133304.811,393291.1105,10.186,125.9,TRUE,4.2,500,300
5983,2016/10/12 3:54,130.6143937,46.326376,5133297.36,393299.659,10.3712,132.2,TRUE,4.2,500,300
5984,2016/10/12 3:54,130.614515,46.326312,5133290.083,393308.8776,10.3712,128.3,TRUE,4.2,500,300
5985,2016/10/12 3:54,130.6146318,46.3262445,5133282.422,393317.743,10.5564,130.3,TRUE,4.2,500,300
5986,2016/10/12 3:54,130.6147523,46.32618033,5133275.127,393326.8974,10.3712,127.8,TRUE,4.2,500,300
5987,2016/10/12 3:54,130.614874,46.3261115,5133267.312,393336.1329,11.4824,130.1,TRUE,4.2,500,300
5988,2016/10/12 3:54,130.6149955,46.326052,5133260.535,393345.3735,10.3712,125.5,TRUE,4.2,500,300
5989,2016/10/12 3:54,130.6151147,46.32599033,5133253.519,393354.4304,10.3712,123.1,TRUE,4.2,500,300
5990,2016/10/12 3:55,130.6152308,46.32592717,5133246.342,393363.2527,9.6304,125.5,TRUE,4.2,500,300
5991,2016/10/12 3:55,130.615348,46.32584333,5133236.865,393372.1126,10.9268,130.4,TRUE,4.2,500,300
5992,2016/10/12 3:55,130.6154592,46.32576517,5133228.028,393380.5215,9.0748,128.7,TRUE,4.2,500,300
5993,2016/10/12 3:55,130.6155672,46.32569667,5133220.268,393388.7051,9.6304,126.4,TRUE,4.2,500,300
5994,2016/10/12 3:55,130.6156818,46.325623,5133211.925,393397.3915,10.5564,131.8,TRUE,4.2,500,300
5995,2016/10/12 3:55,130.6158017,46.32554883,5133203.519,393406.4759,10.9268,126.5,TRUE,4.2,500,300
5996,2016/10/12 3:55,130.6159152,46.32548417,5133196.179,393415.0906,8.334,120,TRUE,4.2,500,300
5997,2016/10/12 3:55,130.6160187,46.325418,5133188.684,393422.9323,9.26,130.2,TRUE,4.2,500,300
5998,2016/10/12 3:55,130.616118,46.32534,5133179.881,393430.4299,9.26,127.9,TRUE,4.2,500,300
5999,2016/10/12 3:55,130.6161927,46.325282,5133173.333,393436.0673,5.556,131,TRUE,4.2,500,300
6000,2016/10/12 3:55,130.6162223,46.32525367,5133170.144,393438.2964,0,0,FALSE,4.2,0,300
6001,2016/10/12 3:55,130.6161885,46.32525717,5133170.579,393435.698,2.5928,284.9,FALSE,4.2,0,300
6002,2016/10/12 3:55,130.616177,46.32525317,5133170.15,393434.8047,0.7408,104.8,FALSE,4.2,0,300
6003,2016/10/12 3:55,130.6162388,46.32527217,5133172.178,393439.6029,5.1856,35,FALSE,4.2,0,300
6004,2016/10/12 3:55,130.6162558,46.3253345,5133179.084,393441.0331,5.9264,356.6,FALSE,4.2,0,300
6005,2016/10/12 3:56,130.6162435,46.32539867,5133186.233,393440.2082,6.482,342.5,FALSE,4.2,0,300
6006,2016/10/12 3:56,130.6162168,46.32545917,5133192.994,393438.2719,6.2968,342.2,FALSE,4.2,0,300
6007,2016/10/12 3:56,130.6161642,46.32551217,5133198.956,393434.3197,6.6672,318.8,FALSE,4.2,0,300
6008,2016/10/12 3:56,130.6161093,46.32557933,5133206.495,393430.2271,8.334,329.3,FALSE,4.2,0,300
6009,2016/10/12 3:56,130.6160383,46.325634,5133212.668,393424.8658,7.408,307.9,FALSE,4.2,0,300
6010,2016/10/12 3:56,130.6159542,46.325682,5133218.117,393418.4781,7.778399,314.6,TRUE,4.2,500,300
6011,2016/10/12 3:56,130.6158658,46.32573367,5133223.979,393411.7757,8.1488,306.5,TRUE,4.2,500,300
6012,2016/10/12 3:56,130.6157817,46.32578833,5133230.168,393405.4011,8.1488,311,TRUE,4.2,500,300
6013,2016/10/12 3:56,130.6156928,46.32584333,5133236.401,393398.6667,8.1488,309,TRUE,4.2,500,300
6014,2016/10/12 3:56,130.6156023,46.32589617,5133242.396,393391.8003,8.1488,312.4,TRUE,4.2,500,300
6015,2016/10/12 3:56,130.6155157,46.32594583,5133248.033,393385.2234,7.408,310.4,TRUE,4.2,500,300
6016,2016/10/12 3:56,130.6154193,46.32600517,5133254.759,393377.9199,9.4452,312.4,TRUE,4.2,500,300
6017,2016/10/12 3:56,130.6153197,46.326065,5133261.543,393370.3618,9.26,309.3,TRUE,4.2,500,300
6018,2016/10/12 3:56,130.6152217,46.32612267,5133268.086,393362.9273,9.4452,309,TRUE,4.2,500,300
6019,2016/10/12 3:56,130.6151277,46.32617617,5133274.159,393355.7927,8.334,305.9,TRUE,4.2,500,300
6020,2016/10/12 3:57,130.615035,46.32622983,5133280.249,393348.7609,8.1488,310.2,TRUE,4.2,500,300
6021,2016/10/12 3:57,130.6149312,46.326287,5133286.743,393340.8765,10.0008,308.2,TRUE,4.2,500,300
6022,2016/10/12 3:57,130.6148283,46.326346,5133293.44,393333.0719,9.26,308.5,TRUE,4.2,500,300
6023,2016/10/12 3:57,130.6147293,46.3264015,5133299.742,393325.5563,8.519199,306.1,TRUE,4.2,500,300
6024,2016/10/12 3:57,130.6146313,46.32645067,5133305.34,393318.1053,8.889601,306.8,TRUE,4.2,500,300
6025,2016/10/12 3:57,130.614535,46.32650583,5133311.601,393310.7947,9.0748,305.7,TRUE,4.2,500,300
6026,2016/10/12 3:57,130.6144345,46.326562,5133317.98,393303.1648,9.4452,310.4,TRUE,4.2,500,300
6027,2016/10/12 3:57,130.6143283,46.3266165,5133324.181,393295.0952,9.0748,304.7,TRUE,4.2,500,300
6028,2016/10/12 3:57,130.6142237,46.32667533,5133330.861,393287.1502,9.0748,308.4,TRUE,4.2,500,300
6029,2016/10/12 3:57,130.6141207,46.326734,5133337.522,393279.3328,9.0748,306,TRUE,4.2,500,300
6030,2016/10/12 3:57,130.6140142,46.32678967,5133343.853,393271.2401,8.889601,305.7,TRUE,4.2,500,300
6031,2016/10/12 3:57,130.6139183,46.32684117,5133349.707,393263.9601,8.334,305.4,TRUE,4.2,500,300
6032,2016/10/12 3:57,130.613819,46.32689517,5133355.843,393256.4163,9.0748,310.2,TRUE,4.2,500,300
6033,2016/10/12 3:57,130.6137243,46.32695267,5133362.362,393249.2381,8.1488,311,TRUE,4.2,500,300
6034,2016/10/12 3:57,130.6136275,46.32701083,5133368.958,393241.8949,8.519199,306.2,TRUE,4.2,500,300
6035,2016/10/12 3:58,130.6135337,46.327064,5133374.995,393234.773,8.1488,305.8,TRUE,4.2,500,300
6036,2016/10/12 3:58,130.6134425,46.32711267,5133380.527,393227.8472,7.0376,307.3,TRUE,4.2,500,300
6037,2016/10/12 3:58,130.6133555,46.32716417,5133386.369,393221.248,8.334,309,TRUE,4.2,500,300
6038,2016/10/12 3:58,130.613263,46.32721583,5133392.236,393214.2257,7.778399,303.9,TRUE,4.2,500,300
6039,2016/10/12 3:58,130.6131708,46.3272695,5133398.326,393207.2326,7.9636,313.9,TRUE,4.2,500,300
6040,2016/10/12 3:58,130.6130872,46.32731317,5133403.293,393200.8755,7.2228,309.4,TRUE,4.2,500,300
6041,2016/10/12 3:58,130.6130102,46.3273535,5133407.88,393195.0246,5.0004,306.6,TRUE,4.2,500,300
6042,2016/10/12 3:58,130.6129337,46.327397,5133412.819,393189.2185,9.6304,309.5,TRUE,4.2,500,300
6043,2016/10/12 3:58,130.6128338,46.327458,5133419.734,393181.6492,9.26,312.4,TRUE,4.2,500,300
6044,2016/10/12 3:58,130.6127362,46.32751733,5133426.46,393174.2445,9.0748,311.6,TRUE,4.2,500,300
6045,2016/10/12 3:58,130.612656,46.3275705,5133432.479,393168.1746,7.5932,310.5,TRUE,4.2,500,300
6046,2016/10/12 3:58,130.6125868,46.32761133,5133437.11,393162.9277,3.704,309.9,TRUE,4.2,500,300
6047,2016/10/12 3:58,130.6125172,46.32765117,5133441.633,393157.6412,7.408,306.7,TRUE,4.2,500,300
6048,2016/10/12 3:58,130.6124158,46.32770633,5133447.901,393149.9451,8.889601,305.6,TRUE,4.2,500,300
6049,2016/10/12 3:58,130.6123257,46.32776183,5133454.192,393143.1105,8.334,307.4,TRUE,4.2,500,300
6050,2016/10/12 3:59,130.6122138,46.32781633,5133460.401,393134.6046,9.4452,305.7,TRUE,4.2,500,300
6051,2016/10/12 3:59,130.6121157,46.32786517,5133465.962,393127.1411,6.8524,289.9,TRUE,4.2,500,300
6052,2016/10/12 3:59,130.6120257,46.32791633,5133471.77,393120.3104,7.9636,302.9,TRUE,4.2,500,300
6053,2016/10/12 3:59,130.6119407,46.327964,5133477.184,393113.858,6.6672,305,TRUE,4.2,500,300
6054,2016/10/12 3:59,130.6118803,46.32800383,5133481.693,393109.2892,6.2968,314.7,TRUE,4.2,500,300
6055,2016/10/12 3:59,130.611811,46.32805167,5133487.104,393104.0438,6.6672,308.3,TRUE,4.2,500,300
6056,2016/10/12 3:59,130.6117085,46.32811267,5133494.023,393096.2698,9.26,310.5,TRUE,4.2,500,300
6057,2016/10/12 3:59,130.6116155,46.3281745,5133501.021,393089.229,8.519199,309.2,TRUE,4.2,500,300
6058,2016/10/12 3:59,130.6115168,46.32823683,5133508.083,393081.7526,7.9636,315,TRUE,4.2,500,300
6059,2016/10/12 3:59,130.611424,46.32829133,5133514.266,393074.7106,7.9636,312.1,TRUE,4.2,500,300
6060,2016/10/12 3:59,130.6113265,46.32834,5133519.808,393067.2977,9.0748,307.6,TRUE,4.2,500,300
6061,2016/10/12 3:59,130.611226,46.32839167,5133525.687,393059.6596,9.0748,309,TRUE,4.2,500,300
6062,2016/10/12 3:59,130.6111265,46.32844433,5133531.675,393052.1005,8.1488,305.3,TRUE,4.2,500,300
6063,2016/10/12 3:59,130.6110388,46.32850067,5133538.056,393045.4595,7.5932,313.2,TRUE,4.2,500,300
6064,2016/10/12 3:59,130.6109482,46.32855267,5133543.958,393038.5798,8.334,305.9,TRUE,4.2,500,300
6065,2016/10/12 4:00,130.6108588,46.3286035,5133549.729,393031.7995,7.408,307.3,TRUE,4.2,500,300
6066,2016/10/12 4:00,130.6107742,46.32865133,5133555.16,393025.3738,6.6672,307.3,TRUE,4.2,500,300
6067,2016/10/12 4:00,130.6106978,46.328694,5133560.006,393019.5786,7.778399,311.8,TRUE,4.2,500,300
6068,2016/10/12 4:00,130.6106315,46.32870767,5133561.615,393014.4977,5.7412,269.6,FALSE,4.2,0,300
6069,2016/10/12 4:00,130.610592,46.32866167,5133556.555,393011.3664,5.9264,183.1,FALSE,4.2,0,300
6070,2016/10/12 4:00,130.6105923,46.32860583,5133550.348,393011.2829,5.3708,178.2,FALSE,4.2,0,300
6071,2016/10/12 4:00,130.6106138,46.32855783,5133544.983,393012.8449,5.9264,134.5,FALSE,4.2,0,300
6072,2016/10/12 4:00,130.6106717,46.32853483,5133542.349,393017.2539,4.4448,126.9,TRUE,4.2,152,300
6073,2016/10/12 4:00,130.6107373,46.32851133,5133539.648,393022.264,7.0376,122.2,TRUE,4.2,500,300
6074,2016/10/12 4:00,130.6108273,46.32847033,5133534.969,393029.1143,7.2228,123.2,TRUE,4.2,500,300
6075,2016/10/12 4:00,130.6109107,46.3284165,5133528.873,393035.4268,7.778399,136.6,TRUE,4.2,500,300
6076,2016/10/12 4:00,130.6110012,46.32836467,5133522.989,393042.2945,8.334,129.5,TRUE,4.2,500,300
6077,2016/10/12 4:00,130.6111023,46.32830467,5133516.183,393049.9671,9.4452,130.8,TRUE,4.2,500,300
6078,2016/10/12 4:00,130.611203,46.3282485,5133509.804,393057.6095,8.7044,127,TRUE,4.2,500,300
6079,2016/10/12 4:00,130.6113047,46.32819933,5133504.201,393065.3425,8.1488,127.3,TRUE,4.2,500,300
6080,2016/10/12 4:01,130.611398,46.328145,5133498.036,393072.4233,8.1488,133.4,TRUE,4.2,500,300
6081,2016/10/12 4:01,130.6114937,46.32808517,5133491.256,393079.6736,9.8156,134.7,TRUE,4.2,500,300
6082,2016/10/12 4:01,130.6115913,46.328034,5133485.436,393087.0941,8.1488,122.9,TRUE,4.2,500,300
6083,2016/10/12 4:01,130.6116988,46.32798633,5133479.992,393095.279,9.6304,121.9,TRUE,4.2,500,300
6084,2016/10/12 4:01,130.6117925,46.32793183,5133473.808,393102.3857,7.5932,127,TRUE,4.2,500,300
6085,2016/10/12 4:01,130.6118815,46.32787717,5133467.612,393109.1325,8.7044,134.1,TRUE,4.2,500,300
6086,2016/10/12 4:01,130.6119582,46.3278325,5133462.543,393114.9494,5.0004,127.5,TRUE,4.2,500,300
6087,2016/10/12 4:01,130.6120105,46.32779467,5133458.267,393118.9053,5.9264,140.4,TRUE,4.2,500,300
6088,2016/10/12 4:01,130.6120997,46.32774367,5133452.478,393125.6723,7.778399,129.7,TRUE,4.2,500,300
6089,2016/10/12 4:01,130.6121868,46.3276875,5133446.117,393132.2746,8.1488,134.3,TRUE,4.2,500,300
6090,2016/10/12 4:01,130.6122748,46.32763683,5133440.366,393138.9522,8.889601,132.3,TRUE,4.2,500,300
6091,2016/10/12 4:01,130.612371,46.32758483,5133434.456,393146.2564,8.7044,126.8,TRUE,4.2,500,300
6092,2016/10/12 4:01,130.6124767,46.327522,5133427.329,393154.271,9.6304,136.8,TRUE,4.2,500,300
6093,2016/10/12 4:01,130.6125755,46.32746467,5133420.824,393161.7697,8.334,132.7,TRUE,4.2,500,300
6094,2016/10/12 4:01,130.6126812,46.3273985,5133413.326,393169.7779,10.186,130.4,TRUE,4.2,500,300
6095,2016/10/12 4:02,130.6127877,46.32733683,5133406.327,393177.8587,9.8156,127.9,TRUE,4.2,500,300
6096,2016/10/12 4:02,130.6129113,46.32727,5133398.732,393187.251,9.8156,126.6,TRUE,4.2,500,300
6097,2016/10/12 4:02,130.6130225,46.32720633,5133391.505,393195.6876,10.0008,131.7,TRUE,4.2,500,300
6098,2016/10/12 4:02,130.6131258,46.32714867,5133384.956,393203.5322,8.889601,133.6,TRUE,4.2,500,300
6099,2016/10/12 4:02,130.6132292,46.3270855,5133377.795,393211.3669,10.186,132.4,TRUE,4.2,500,300
6100,2016/10/12 4:02,130.613345,46.32701783,5133370.117,393220.1547,10.186,130.5,TRUE,4.2,500,300
6101,2016/10/12 4:02,130.6134632,46.32695217,5133362.659,393229.1265,10.0008,128.9,TRUE,4.2,500,300
6102,2016/10/12 4:02,130.6135832,46.326884,5133354.92,393238.2345,11.112,131.7,TRUE,4.2,500,300
6103,2016/10/12 4:02,130.6137007,46.3268145,5133347.036,393247.1473,11.112,132.3,TRUE,4.2,500,300
6104,2016/10/12 4:02,130.6138183,46.3267485,5133339.541,393256.0793,10.186,127,TRUE,4.2,500,300
6105,2016/10/12 4:02,130.6139317,46.32668183,5133331.977,393264.6774,10.3712,134,TRUE,4.2,500,300
6106,2016/10/12 4:02,130.6140505,46.326615,5133324.389,393273.6979,10.0008,125.7,TRUE,4.2,500,300
6107,2016/10/12 4:02,130.614171,46.32654583,5133316.538,393282.8425,10.9268,127.8,TRUE,4.2,500,300
6108,2016/10/12 4:02,130.6143112,46.32647083,5133308.012,393293.4905,12.038,128.9,TRUE,4.2,500,300
6109,2016/10/12 4:02,130.614435,46.32639333,5133299.231,393302.8753,10.5564,131.3,TRUE,4.2,500,300
6110,2016/10/12 4:03,130.6145598,46.32632383,5133291.337,393312.3528,11.2972,126.1,TRUE,4.2,500,300
6111,2016/10/12 4:03,130.6146885,46.32624533,5133282.438,393322.1085,11.4824,130.5,TRUE,4.2,500,300
6112,2016/10/12 4:03,130.6148197,46.32617033,5133273.925,393332.0635,11.2972,129.7,TRUE,4.2,500,300
6113,2016/10/12 4:03,130.6149507,46.3260945,5133265.319,393342.0039,11.6676,130.6,TRUE,4.2,500,300
6114,2016/10/12 4:03,130.6150773,46.32602417,5133257.331,393351.6208,10.9268,126.8,TRUE,4.2,500,300
6115,2016/10/12 4:03,130.6152073,46.32595,5133248.912,393361.4874,12.038,130,TRUE,4.2,500,300
6116,2016/10/12 4:03,130.6153332,46.32587617,5133240.536,393371.0344,12.038,129.4,TRUE,4.2,500,300
6117,2016/10/12 4:03,130.6154602,46.3258035,5133232.287,393380.673,11.112,128.7,TRUE,4.2,500,300
6118,2016/10/12 4:03,130.6155698,46.32573783,5133224.84,393388.9899,9.4452,127.2,TRUE,4.2,500,300
6119,2016/10/12 4:03,130.6156955,46.32566383,5133216.445,393398.5235,11.8528,131.9,TRUE,4.2,500,300
6120,2016/10/12 4:03,130.615822,46.325591,5133208.179,393408.1234,10.9268,126.9,TRUE,4.2,500,300
6121,2016/10/12 4:03,130.6159518,46.3255165,5133199.723,393417.9765,11.112,126.5,TRUE,4.2,500,300
6122,2016/10/12 4:03,130.6160673,46.32545133,5133192.324,393426.7442,10.0008,127,TRUE,4.2,500,300
6123,2016/10/12 4:03,130.6161688,46.32538133,5133184.406,393434.4244,8.334,134.9,TRUE,4.2,500,300
6124,2016/10/12 4:03,130.6162607,46.32532217,5133177.707,393441.3818,6.2968,129.1,TRUE,4.2,500,300
6125,2016/10/12 4:04,130.6162448,46.32533183,5133178.802,393440.1808,2.9632,301.6,FALSE,4.2,0,300
6126,2016/10/12 4:04,130.6161857,46.32532917,5133178.586,393435.6199,3.1484,234.6,FALSE,4.2,0,300
6127,2016/10/12 4:04,130.6162075,46.32533183,5133178.852,393437.3061,6.1116,64.5,FALSE,4.2,0,300
6128,2016/10/12 4:04,130.6162688,46.32538067,5133184.198,393442.1238,6.482,15.2,FALSE,4.2,0,300
6129,2016/10/12 4:04,130.6162543,46.32544217,5133191.054,393441.1267,6.1116,337.5,FALSE,4.2,0,300
6130,2016/10/12 4:04,130.6161933,46.32551017,5133198.695,393436.5613,8.1488,327.9,FALSE,4.2,0,300
6131,2016/10/12 4:04,130.6161308,46.32558067,5133206.615,393431.8853,8.7044,329.6,FALSE,4.2,0,300
6132,2016/10/12 4:04,130.6160527,46.325653,5133214.76,393426.0069,8.889601,321.7,FALSE,4.2,0,300
6133,2016/10/12 4:04,130.6159828,46.32572767,5133223.154,393420.7738,9.0748,320.9,FALSE,4.2,0,300
6134,2016/10/12 4:04,130.615893,46.325785,5133229.648,393413.9677,8.1488,309.6,TRUE,4.2,500,300
6135,2016/10/12 4:04,130.6158033,46.32583833,5133235.697,393407.1662,8.334,308.6,TRUE,4.2,500,300
6136,2016/10/12 4:04,130.6157085,46.32589483,5133242.105,393399.9734,8.519199,315.9,TRUE,4.2,500,300
6137,2016/10/12 4:04,130.6156123,46.32594767,5133248.107,393392.6704,8.519199,307.5,TRUE,4.2,500,300
6138,2016/10/12 4:04,130.6155143,46.32600117,5133254.186,393385.2277,8.519199,307.3,TRUE,4.2,500,300
6139,2016/10/12 4:04,130.6154163,46.3260565,5133260.468,393377.7887,8.334,306.3,TRUE,4.2,500,300
6140,2016/10/12 4:05,130.6153152,46.32611733,5133267.366,393370.117,9.6304,307.2,TRUE,4.2,500,300
6141,2016/10/12 4:05,130.6152043,46.3261775,5133274.204,393361.6986,9.0748,311.1,TRUE,4.2,500,300
6142,2016/10/12 4:05,130.6151052,46.32623783,5133281.043,393354.1799,8.7044,309.1,TRUE,4.2,500,300
6143,2016/10/12 4:05,130.6149982,46.32629967,5133288.061,393346.0605,9.6304,310.1,TRUE,4.2,500,300
6144,2016/10/12 4:05,130.6148877,46.32636283,5133295.231,393337.6742,10.3712,308.4,TRUE,4.2,500,300
6145,2016/10/12 4:05,130.6147882,46.32641917,5133301.627,393330.1216,8.519199,311.1,TRUE,4.2,500,300
6146,2016/10/12 4:05,130.6147057,46.32646683,5133307.036,393323.8613,7.0376,310.3,TRUE,4.2,500,300
6147,2016/10/12 4:05,130.6146175,46.32651033,5133311.99,393317.1564,7.9636,303.8,TRUE,4.2,500,300
6148,2016/10/12 4:05,130.6145065,46.3265725,5133319.05,393308.7296,10.5564,309.2,TRUE,4.2,500,300
6149,2016/10/12 4:05,130.6143908,46.32663983,5133326.69,393299.9534,10.0008,306.5,TRUE,4.2,500,300
6150,2016/10/12 4:05,130.6142805,46.326707,5133334.305,393291.588,10.186,310.3,TRUE,4.2,500,300
6151,2016/10/12 4:05,130.6141677,46.32676783,5133341.219,393283.0179,10.0008,308.4,TRUE,4.2,500,300
6152,2016/10/12 4:05,130.6139395,46.32689517,5133355.681,393265.6953,10.9268,313,TRUE,4.2,500,300
6153,2016/10/12 4:05,130.6138195,46.32696567,5133363.679,393256.5919,10.9268,312.7,TRUE,4.2,500,300
6154,2016/10/12 4:06,130.6137025,46.32703483,5133371.525,393247.7169,10.5564,311.1,TRUE,4.2,500,300
6155,2016/10/12 4:06,130.613593,46.327102,5133379.138,393239.4156,9.8156,312.6,TRUE,4.2,500,300
6156,2016/10/12 4:06,130.613488,46.32716883,5133386.709,393231.4602,9.6304,312.6,TRUE,4.2,500,300
6157,2016/10/12 4:06,130.6133868,46.32723467,5133394.164,393223.7978,8.7044,310.2,TRUE,4.2,500,300
6158,2016/10/12 4:06,130.613279,46.327287,5133400.126,393215.5962,9.8156,304.4,TRUE,4.2,500,300
6159,2016/10/12 4:06,130.613171,46.32734783,5133407.033,393207.3982,8.889601,307.4,TRUE,4.2,500,300
6160,2016/10/12 4:06,130.6130833,46.32740217,5133413.191,393200.753,7.408,313,TRUE,4.2,500,300
6161,2016/10/12 4:06,130.6129805,46.32746683,5133420.517,393192.9605,10.3712,310,TRUE,4.2,500,300
6162,2016/10/12 4:06,130.612877,46.32752533,5133427.16,393185.1045,9.4452,305.9,TRUE,4.2,500,300
6163,2016/10/12 4:06,130.6127648,46.327584,5133433.832,393176.5812,9.26,303.4,TRUE,4.2,500,300
6164,2016/10/12 4:06,130.612647,46.32765133,5133441.476,393167.6389,10.5564,310.7,TRUE,4.2,500,300
6165,2016/10/12 4:06,130.612539,46.32771467,5133448.662,393159.4459,10.186,305.5,TRUE,4.2,500,300
6166,2016/10/12 4:06,130.6124277,46.32777967,5133456.037,393150.9996,10.0008,309.9,TRUE,4.2,500,300
6167,2016/10/12 4:06,130.6123192,46.32783783,5133462.648,393142.758,10.0008,310.6,TRUE,4.2,500,300
6168,2016/10/12 4:06,130.6122092,46.32789783,5133469.466,393134.4045,7.778399,306.1,TRUE,4.2,500,300
6169,2016/10/12 4:07,130.6121198,46.3279485,5133475.219,393127.6237,7.9636,309.2,TRUE,4.2,500,300
6170,2016/10/12 4:07,130.6120293,46.32800067,5133481.14,393120.7565,7.5932,309.5,TRUE,4.2,500,300
6171,2016/10/12 4:07,130.6119483,46.32804917,5133486.641,393114.6138,7.2228,311.2,TRUE,4.2,500,300
6172,2016/10/12 4:07,130.611855,46.328112,5133493.751,393107.5495,7.9636,317.2,TRUE,4.2,500,300
6173,2016/10/12 4:07,130.6117593,46.32816683,5133499.974,393100.2894,10.186,309.3,TRUE,4.2,426,300
6174,2016/10/12 4:07,130.61167,46.32821983,5133505.986,393093.514,8.519199,309.2,TRUE,4.2,500,300
6175,2016/10/12 4:07,130.6115617,46.32828167,5133513.006,393085.2928,9.6304,307.3,TRUE,4.2,500,300
6176,2016/10/12 4:07,130.6114443,46.32834117,5133519.779,393076.3732,9.4452,305.1,TRUE,4.2,500,300
6177,2016/10/12 4:07,130.6113438,46.32839433,5133525.823,393068.738,8.7044,305.5,TRUE,4.2,500,300
6178,2016/10/12 4:07,130.6112288,46.3284555,5133532.778,393060.002,9.8156,307.6,TRUE,4.2,500,300
6179,2016/10/12 4:07,130.6111205,46.32851533,5133539.575,393051.7769,9.26,307.6,TRUE,4.2,500,300
6180,2016/10/12 4:07,130.6110173,46.32857317,5133546.143,393043.9453,9.4452,308.1,TRUE,4.2,500,300
6181,2016/10/12 4:07,130.6109218,46.328625,5133552.034,393036.6926,8.334,308.9,TRUE,4.2,500,300
6182,2016/10/12 4:07,130.6108157,46.32867883,5133558.161,393028.623,8.7044,303.7,TRUE,4.2,500,300
6183,2016/10/12 4:07,130.6107272,46.32873117,5133564.098,393021.9103,6.482,315,TRUE,4.2,500,300
6184,2016/10/12 4:08,130.6106762,46.32877633,5133569.187,393018.0713,4.0744,326.7,TRUE,4.2,273,300
6185,2016/10/12 4:08,130.6106847,46.32885,5133577.364,393018.8695,8.334,14.3,FALSE,4.2,0,300
6186,2016/10/12 4:08,130.6107098,46.328911,5133584.111,393020.9258,2.9632,15.9,FALSE,4.2,0,300
6187,2016/10/12 4:08,130.6107223,46.32894117,5133587.447,393021.9471,2.9632,20.7,FALSE,4.2,0,300
6188,2016/10/12 4:08,130.6107328,46.32897083,5133590.73,393022.8135,2.4076,13.9,FALSE,4.2,0,300
6189,2016/10/12 4:08,130.6107483,46.3290005,5133594.007,393024.0649,3.5188,19,FALSE,4.2,0,300
6869,2016/10/12 4:53,130.6107373,46.32899083,5133592.947,393023.199,6.8524,201.4,FALSE,4.2,0,300
6870,2016/10/12 4:53,130.610701,46.328922,5133585.345,393020.2673,7.2228,199,FALSE,4.2,0,300
6871,2016/10/12 4:53,130.6106708,46.328844,5133576.716,393017.792,7.9636,200.1,FALSE,4.2,0,300
6872,2016/10/12 4:53,130.6106328,46.32877533,5133569.134,393014.7321,6.8524,206.8,FALSE,4.2,0,300
6873,2016/10/12 4:54,130.6106087,46.32870233,5133561.052,393012.7293,6.482,178.6,FALSE,4.2,0,300
6874,2016/10/12 4:54,130.6106227,46.32866467,5133556.847,393013.7339,3.704,160.8,FALSE,4.2,0,300
6875,2016/10/12 4:54,130.6106625,46.3286395,5133553.996,393016.7518,5.1856,121.6,FALSE,4.2,0,300
6876,2016/10/12 4:54,130.610734,46.328599,5133549.397,393022.1785,7.2228,128.2,TRUE,4.2,500,300
6877,2016/10/12 4:54,130.6108088,46.328546,5133543.405,393027.8373,6.8524,131,TRUE,4.2,500,300
6878,2016/10/12 4:54,130.6108833,46.32849383,5133537.505,393033.4723,7.2228,130.3,TRUE,4.2,500,300
6879,2016/10/12 4:54,130.61096,46.32843817,5133531.215,393039.2675,8.889601,133.6,TRUE,4.2,500,300
6880,2016/10/12 4:54,130.6110538,46.32838083,5133524.714,393046.3809,9.26,131.6,TRUE,4.2,500,300
6881,2016/10/12 4:54,130.6111402,46.3283295,5133518.892,393052.9293,8.334,131.2,TRUE,4.2,500,300
6882,2016/10/12 4:54,130.6112313,46.32827367,5133512.563,393059.84,8.1488,130,TRUE,4.2,500,300
6883,2016/10/12 4:54,130.6113293,46.32821467,5133505.873,393067.2713,9.26,128,TRUE,4.2,500,300
6884,2016/10/12 4:54,130.6114345,46.32815483,5133499.079,393075.2531,9.26,130.5,TRUE,4.2,500,300
6885,2016/10/12 4:54,130.6115375,46.3280885,5133491.567,393083.0552,10.0008,132.1,TRUE,4.2,500,300
6886,2016/10/12 4:54,130.611644,46.3280255,5133484.42,393091.1333,9.4452,128,TRUE,4.2,500,300
6887,2016/10/12 4:54,130.6117552,46.32796467,5133477.509,393099.5752,9.0748,126.1,TRUE,4.2,500,300
6888,2016/10/12 4:55,130.6118558,46.3279095,5133471.24,393107.2188,8.334,124,TRUE,4.2,500,300
6889,2016/10/12 4:55,130.6119482,46.32785967,5133465.577,393114.2323,8.334,126.9,TRUE,4.2,500,300
6890,2016/10/12 4:55,130.6120408,46.32780583,5133459.467,393121.2625,7.778399,129.3,TRUE,4.2,500,300
6891,2016/10/12 4:55,130.612134,46.3277455,5133452.635,393128.3194,9.8156,130.5,TRUE,4.2,500,300
6892,2016/10/12 4:55,130.6122408,46.327686,5133445.877,393136.4298,8.889601,126.8,TRUE,4.2,500,300
6893,2016/10/12 4:55,130.6123462,46.32762417,5133438.862,393144.421,9.8156,127.9,TRUE,4.2,500,300
6894,2016/10/12 4:55,130.6124333,46.32757033,5133432.76,393151.0278,8.334,133.7,TRUE,4.2,500,300
6895,2016/10/12 4:55,130.612532,46.32751133,5133426.069,393158.5109,8.519199,128.8,TRUE,4.2,500,300
6896,2016/10/12 4:55,130.6126197,46.3274665,5133420.967,393165.1745,8.1488,128.2,TRUE,4.2,500,300
6897,2016/10/12 4:55,130.612729,46.3274065,5133414.151,393173.4766,10.5564,128.5,TRUE,4.2,500,300
6898,2016/10/12 4:55,130.6128353,46.32734233,5133406.874,393181.5395,9.8156,130.1,TRUE,4.2,500,300
6899,2016/10/12 4:55,130.612933,46.3272825,5133400.092,393188.944,8.7044,129.9,TRUE,4.2,500,300
6900,2016/10/12 4:55,130.6130225,46.32723,5133394.136,393195.7337,7.778399,131,TRUE,4.2,500,300
6901,2016/10/12 4:55,130.613116,46.32717783,5133388.211,393202.832,8.7044,130.8,TRUE,4.2,500,300
6902,2016/10/12 4:55,130.6132003,46.32712367,5133382.077,393209.2204,7.408,133.1,TRUE,4.2,500,300
6903,2016/10/12 4:56,130.6132987,46.32706383,5133375.292,393216.6766,9.26,130.3,TRUE,4.2,500,300
6904,2016/10/12 4:56,130.6134087,46.32700033,5133368.086,393225.0235,9.6304,129.1,TRUE,4.2,500,300
6905,2016/10/12 4:56,130.6135275,46.32692767,5133359.849,393234.0326,10.9268,130.2,TRUE,4.2,500,300
6906,2016/10/12 4:56,130.6136508,46.32685417,5133351.513,393243.3866,11.112,130,TRUE,4.2,500,300
6907,2016/10/12 4:56,130.6137747,46.32678,5133343.101,393252.7786,11.8528,133.5,TRUE,4.2,500,300
6908,2016/10/12 4:56,130.613904,46.32670117,5133334.165,393262.5843,12.038,131.6,TRUE,4.2,500,300
6909,2016/10/12 4:56,130.6140337,46.326633,5133326.412,393272.4369,11.8528,127.7,TRUE,4.2,500,300
6910,2016/10/12 4:56,130.6141638,46.3265555,5133317.622,393282.3092,11.8528,135.4,TRUE,4.2,500,300
6911,2016/10/12 4:56,130.6142947,46.32647467,5133308.461,393292.2274,12.038,131.7,TRUE,4.2,500,300
6912,2016/10/12 4:56,130.6144247,46.32640017,5133300.005,393302.0932,11.2972,130.3,TRUE,4.2,500,300
6913,2016/10/12 4:56,130.6145492,46.3263305,5133292.093,393311.5449,11.112,131.5,TRUE,4.2,500,300
6914,2016/10/12 4:56,130.6146727,46.3262555,5133283.59,393320.9093,11.4824,129.6,TRUE,4.2,500,300
6915,2016/10/12 4:56,130.6148,46.326182,5133275.248,393330.5715,11.2972,130.1,TRUE,4.2,500,300
6916,2016/10/12 4:56,130.6149328,46.32610417,5133266.418,393340.6489,12.5936,131.3,TRUE,4.2,500,300
6917,2016/10/12 4:56,130.6150628,46.32602233,5133257.146,393350.5006,11.8528,132.7,TRUE,4.2,500,300
6918,2016/10/12 4:57,130.6151935,46.3259465,5133248.541,393360.4156,12.2232,132.7,TRUE,4.2,500,300
6919,2016/10/12 4:57,130.6153243,46.32587233,5133240.121,393370.3462,11.2972,128.7,TRUE,4.2,500,300
6920,2016/10/12 4:57,130.6154565,46.32579433,5133231.273,393380.3726,11.4824,131.6,TRUE,4.2,500,300
6921,2016/10/12 4:57,130.615579,46.32572083,5133222.938,393389.663,10.7416,128.9,TRUE,4.2,500,300
6922,2016/10/12 4:57,130.6157123,46.32564533,5133214.366,393399.7836,12.4084,130.3,TRUE,4.2,500,300
6923,2016/10/12 4:57,130.6158442,46.3255705,5133205.871,393409.7908,11.2972,132,TRUE,4.2,500,300
6924,2016/10/12 4:57,130.6159722,46.32549567,5133197.381,393419.5023,11.6676,129.8,TRUE,4.2,500,300
6925,2016/10/12 4:57,130.6160965,46.32542333,5133189.172,393428.9361,10.7416,132.2,TRUE,4.2,500,300
6926,2016/10/12 4:57,130.616209,46.32535083,5133180.962,393437.4585,10.3712,132.1,TRUE,4.2,500,300
6927,2016/10/12 4:57,130.6162633,46.32532167,5133177.648,393441.5857,0.5556,179.8,FALSE,4.2,0,300
6928,2016/10/12 4:57,130.6162308,46.32533917,5133179.637,393439.117,4.4448,296.4,FALSE,4.2,0,300
6929,2016/10/12 4:57,130.6161768,46.3253345,5133179.19,393434.9495,3.3336,243.9,FALSE,4.2,0,300
6930,2016/10/12 4:57,130.6162125,46.32534617,5133180.439,393437.719,6.482,63.6,FALSE,4.2,0,300
6931,2016/10/12 4:57,130.6162273,46.3253955,5133185.903,393438.9568,5.556,339.5,FALSE,4.2,0,300
6932,2016/10/12 4:57,130.6161667,46.32542933,5133189.745,393434.3513,5.1856,300,FALSE,4.2,0,300
6933,2016/10/12 4:58,130.6161047,46.325465,5133193.793,393429.6462,6.1116,315.3,TRUE,4.2,500,300
6934,2016/10/12 4:58,130.6160137,46.32552517,5133200.604,393422.7554,9.26,313.3,TRUE,4.2,500,300
6935,2016/10/12 4:58,130.6159092,46.325583,5133207.173,393414.8205,9.6304,309.9,TRUE,4.2,500,300
6936,2016/10/12 4:58,130.6157977,46.32564783,5133214.529,393406.3602,10.0008,310.1,TRUE,4.2,500,300
6937,2016/10/12 4:58,130.6156887,46.32570883,5133221.456,393398.085,10.3712,307.9,TRUE,4.2,500,300
6938,2016/10/12 4:58,130.6155673,46.32577717,5133229.216,393388.8738,11.112,309.3,TRUE,4.2,500,300
6939,2016/10/12 4:58,130.6154382,46.325849,5133237.374,393379.0673,11.8528,310.1,TRUE,4.2,500,300
6940,2016/10/12 4:58,130.6153095,46.3259205,5133245.495,393369.2978,11.6676,309.8,TRUE,4.2,500,300
6941,2016/10/12 4:58,130.6151812,46.325997,5133254.171,393359.5643,11.2972,310.5,TRUE,4.2,500,300
6942,2016/10/12 4:58,130.6150673,46.3260645,5133261.828,393350.9291,11.4824,308.9,TRUE,4.2,500,300
6943,2016/10/12 4:58,130.6149455,46.32614133,5133270.532,393341.6968,11.2972,312.2,TRUE,4.2,500,300
6944,2016/10/12 4:58,130.6148197,46.32620967,5133278.298,393332.14,11.112,308.4,TRUE,4.2,500,300
6945,2016/10/12 4:58,130.614695,46.32628283,5133286.598,393322.682,11.8528,307.5,TRUE,4.2,500,300
6946,2016/10/12 4:58,130.6144497,46.32642283,5133302.49,393304.0624,9.8156,307.7,TRUE,4.2,500,300
6947,2016/10/12 4:59,130.6143312,46.32649,5133310.116,393295.0679,10.0008,307.6,TRUE,4.2,500,300
6948,2016/10/12 4:59,130.6140763,46.32663483,5133326.558,393275.7255,11.8528,310.4,TRUE,4.2,500,300
6949,2016/10/12 4:59,130.6139447,46.32671167,5133335.277,393265.7365,12.038,311,TRUE,4.2,500,300
6950,2016/10/12 4:59,130.613824,46.32678417,5133343.498,393256.5853,11.112,309.6,TRUE,4.2,500,300
6951,2016/10/12 4:59,130.6136952,46.326857,5133351.767,393246.8065,11.8528,308.9,TRUE,4.2,500,300
6952,2016/10/12 4:59,130.6135647,46.32693233,5133360.317,393236.9039,11.6676,308.4,TRUE,4.2,500,300
6953,2016/10/12 4:59,130.6134388,46.32700617,5133368.694,393227.3573,11.8528,309.4,TRUE,4.2,500,300
6954,2016/10/12 4:59,130.6133053,46.3270835,5133377.47,393217.2277,11.112,310.5,TRUE,4.2,500,300
6955,2016/10/12 4:59,130.6131747,46.3271625,5133386.427,393207.3201,11.4824,310,TRUE,4.2,500,300
6956,2016/10/12 4:59,130.6130467,46.3272325,5133394.381,393197.5997,11.2972,306.9,TRUE,4.2,500,300
6957,2016/10/12 4:59,130.612934,46.32729133,5133401.072,393189.0382,9.8156,310,TRUE,4.2,500,300
6958,2016/10/12 4:59,130.6128303,46.32735283,5133408.048,393181.1749,9.4452,309.8,TRUE,4.2,500,300
6959,2016/10/12 4:59,130.6127015,46.32742133,5133415.836,393171.3878,11.4824,303.5,TRUE,4.2,500,300
6960,2016/10/12 4:59,130.612566,46.32748917,5133423.56,393161.0859,10.5564,303.7,TRUE,4.2,500,300
6961,2016/10/12 5:00,130.6124572,46.32755233,5133430.727,393152.8285,9.26,311,TRUE,4.2,500,300
6962,2016/10/12 5:00,130.6123698,46.32760567,5133436.774,393146.2069,9.26,310.3,TRUE,4.2,500,300
6963,2016/10/12 5:00,130.6122403,46.3276815,5133445.378,393136.3826,11.4824,308.7,TRUE,4.2,500,300
6964,2016/10/12 5:00,130.6121183,46.327749,5133453.045,393127.1196,9.6304,308.8,TRUE,4.2,500,300
6965,2016/10/12 5:00,130.6119957,46.32781917,5133461.011,393117.811,11.112,306.6,TRUE,4.2,500,300
6966,2016/10/12 5:00,130.6118647,46.327888,5133468.838,393107.8577,10.7416,308.2,TRUE,4.2,500,300
6967,2016/10/12 5:00,130.6117518,46.32795233,5133476.141,393099.2939,9.4452,309.2,TRUE,4.2,500,300
6968,2016/10/12 5:00,130.6116602,46.32800233,5133481.823,393092.3332,5.7412,310.6,TRUE,4.2,500,300
6969,2016/10/12 5:00,130.611651,46.328006,5133482.243,393091.6343,0.926,287.5,TRUE,4.2,500,300
6970,2016/10/12 5:00,130.6115882,46.32804367,5133486.515,393086.8696,4.63,312.5,TRUE,4.2,500,300
6971,2016/10/12 5:00,130.6115405,46.32807667,5133490.248,393083.2631,4.2596,317.3,TRUE,4.2,500,300
6972,2016/10/12 5:00,130.6114585,46.32813117,5133496.417,393077.0551,7.5932,312.1,TRUE,4.2,500,300
6973,2016/10/12 5:00,130.6113767,46.32817967,5133501.918,393070.8484,7.408,312.7,TRUE,4.2,500,300
6974,2016/10/12 5:00,130.6113065,46.32822783,5133507.366,393065.539,5.7412,308.4,TRUE,4.2,500,300
6975,2016/10/12 5:00,130.6112255,46.328272,5133512.385,393059.3879,7.2228,302.9,TRUE,4.2,500,300
6976,2016/10/12 5:01,130.611144,46.328317,5133517.497,393053.1998,6.8524,305.2,TRUE,4.2,500,300
6977,2016/10/12 5:01,130.6110613,46.328365,5133522.945,393046.9276,7.2228,306.5,TRUE,4.2,500,300
6978,2016/10/12 5:01,130.6109765,46.32841483,5133528.598,393040.4926,7.408,309.3,TRUE,4.2,500,300
6979,2016/10/12 5:01,130.6108923,46.32846367,5133534.141,393034.1065,7.5932,309.3,TRUE,4.2,500,300
6980,2016/10/12 5:01,130.610812,46.32850883,5133539.269,393028.0089,6.6672,311.1,TRUE,4.2,500,300
6981,2016/10/12 5:01,130.6107347,46.32855083,5133544.042,393022.1362,6.8524,303.1,TRUE,4.2,500,300
6982,2016/10/12 5:01,130.6106482,46.32858983,5133548.494,393015.5515,5.9264,288.9,TRUE,4.2,500,300
6983,2016/10/12 5:01,130.6106178,46.32862083,5133551.981,393013.2757,2.5928,336.8,FALSE,4.2,0,300
6984,2016/10/12 5:01,130.610623,46.328659,5133556.217,393013.7483,4.2596,9,FALSE,4.2,0,300
6985,2016/10/12 5:01,130.6106465,46.32870767,5133561.595,393015.6527,5.0004,26.1,FALSE,4.2,0,300
6986,2016/10/12 5:01,130.610669,46.32875583,5133566.918,393017.4792,4.8152,29.6,FALSE,4.2,0,300
6987,2016/10/12 5:01,130.6107238,46.32877283,5133568.733,393021.7344,5.0004,103.4,TRUE,4.2,141,300
6988,2016/10/12 5:01,130.6107917,46.32874267,5133565.289,393026.8994,7.778399,132.1,TRUE,4.2,500,300
6989,2016/10/12 5:01,130.6108712,46.32869667,5133560.069,393032.9314,7.5932,133.6,TRUE,4.2,500,300
6990,2016/10/12 5:01,130.6109535,46.3286485,5133554.603,393039.1771,7.408,128.7,TRUE,4.2,500,300
6991,2016/10/12 5:02,130.6110405,46.32859983,5133549.076,393045.7814,8.1488,129.5,TRUE,4.2,500,300
6992,2016/10/12 5:02,130.6111255,46.32854983,5133543.403,393052.2292,7.778399,139.6,TRUE,4.2,500,300
6993,2016/10/12 5:02,130.6112113,46.32849767,5133537.489,393058.7366,8.1488,135.9,TRUE,4.2,500,300
6994,2016/10/12 5:02,130.611307,46.32844683,5133531.709,393066.0044,9.4452,126.9,TRUE,4.2,500,300
6995,2016/10/12 5:02,130.6114115,46.328392,5133525.473,393073.9443,9.26,126.9,TRUE,4.2,500,300
6996,2016/10/12 5:02,130.6115097,46.32833983,5133519.541,393081.402,9.4452,128.6,TRUE,4.2,500,300
6997,2016/10/12 5:02,130.61161,46.328286,5133513.422,393089.0228,9.6304,129.5,TRUE,4.2,500,300
6998,2016/10/12 5:02,130.6117175,46.32822683,5133506.7,393097.1853,9.6304,130.4,TRUE,4.2,500,300
6999,2016/10/12 5:02,130.6118185,46.32816817,5133500.043,393104.8483,9.0748,134.3,TRUE,4.2,500,300
7000,2016/10/12 5:02,130.6119198,46.32811,5133493.441,393112.5377,8.889601,129.8,TRUE,4.2,500,300
7001,2016/10/12 5:02,130.6120073,46.328055,5133487.209,393119.1683,7.5932,131.5,TRUE,4.2,500,300
7002,2016/10/12 5:02,130.6120925,46.32800333,5133481.351,393125.626,7.408,131,TRUE,4.2,500,300
7003,2016/10/12 5:02,130.6121928,46.327946,5133474.843,393133.2401,9.26,131.1,TRUE,4.2,500,300
7004,2016/10/12 5:02,130.6122983,46.32788433,5133467.845,393141.2438,9.6304,125.5,TRUE,4.2,500,300
7005,2016/10/12 5:02,130.6124083,46.32782033,5133460.583,393149.5896,8.889601,131.7,TRUE,4.2,500,300
7006,2016/10/12 5:03,130.6125122,46.32775517,5133453.2,393157.4587,10.186,132.6,TRUE,4.2,500,300
7007,2016/10/12 5:03,130.6126175,46.32769333,5133446.184,393165.4491,9.4452,130,TRUE,4.2,500,300
7008,2016/10/12 5:03,130.6127148,46.3276385,5133439.958,393172.8371,8.519199,129.1,TRUE,4.2,500,300
7009,2016/10/12 5:03,130.6128145,46.32758067,5133433.395,393180.3995,8.1488,131.2,TRUE,4.2,500,300
7010,2016/10/12 5:03,130.6129073,46.32752817,5133427.434,393187.4456,8.889601,128.8,TRUE,4.2,500,300
7011,2016/10/12 5:03,130.6130108,46.32747633,5133421.533,393195.3146,9.4452,127.4,TRUE,4.2,500,300
7012,2016/10/12 5:03,130.6131147,46.32741483,5133414.556,393203.1909,8.519199,132.7,TRUE,4.2,500,300
7013,2016/10/12 5:03,130.6132133,46.327359,5133408.217,393210.6795,9.8156,132.1,TRUE,4.2,500,300
7014,2016/10/12 5:03,130.6133165,46.32730683,5133402.279,393218.5225,8.519199,127.2,TRUE,4.2,500,300
7015,2016/10/12 5:03,130.6134145,46.32725867,5133396.794,393225.9752,7.5932,127.2,TRUE,4.2,500,300
7016,2016/10/12 5:03,130.6135097,46.327208,5133391.033,393233.2051,7.9636,129.5,TRUE,4.2,500,300
7017,2016/10/12 5:03,130.6135957,46.327162,5133385.804,393239.738,7.408,127.7,TRUE,4.2,500,300
7018,2016/10/12 5:03,130.6136878,46.32710833,5133379.714,393246.7303,9.4452,133.1,TRUE,4.2,500,300
7019,2016/10/12 5:03,130.6137842,46.32704917,5133373.008,393254.0338,8.334,129.4,TRUE,4.2,500,300
7020,2016/10/12 5:03,130.6138837,46.3269895,5133366.242,393261.5797,10.7416,133.4,TRUE,4.2,500,300
7021,2016/10/12 5:04,130.6140022,46.3269165,5133357.968,393270.5627,10.3712,129.4,TRUE,4.2,500,300
7022,2016/10/12 5:04,130.6141215,46.326851,5133350.526,393279.6243,10.5564,129.2,TRUE,4.2,500,300
7023,2016/10/12 5:04,130.6142435,46.32678117,5133342.6,393288.8831,10.9268,128.3,TRUE,4.2,500,300
7024,2016/10/12 5:04,130.6143648,46.3267105,5133334.581,393298.0887,10.186,128.3,TRUE,4.2,500,300
7025,2016/10/12 5:04,130.614485,46.3266405,5133326.638,393307.2063,11.112,130.2,TRUE,4.2,500,300
7026,2016/10/12 5:04,130.6146113,46.32656967,5133318.594,393316.7966,10.7416,128,TRUE,4.2,500,300
7027,2016/10/12 5:04,130.6147412,46.3264945,5133310.064,393326.6488,10.7416,129.7,TRUE,4.2,500,300
7028,2016/10/12 5:04,130.6148583,46.32643283,5133303.051,393335.5509,10.3712,129.7,TRUE,4.2,500,300
7029,2016/10/12 5:04,130.6149802,46.32636383,5133295.217,393344.7991,10.7416,127,TRUE,4.2,500,300
7030,2016/10/12 5:04,130.6151027,46.32629433,5133287.327,393354.0972,10.7416,130.4,TRUE,4.2,500,300
7031,2016/10/12 5:04,130.6152162,46.3262255,5133279.523,393362.7036,10.0008,132,TRUE,4.2,500,300
7032,2016/10/12 5:04,130.6153362,46.326154,5133271.414,393371.8053,10.9268,130.8,TRUE,4.2,500,300
7033,2016/10/12 5:04,130.6154528,46.32609283,5133264.458,393380.67,9.4452,126.6,TRUE,4.2,500,300
7034,2016/10/12 5:04,130.6155563,46.32602967,5133257.298,393388.5174,7.9636,132.5,TRUE,4.2,500,300
7035,2016/10/12 5:04,130.6155923,46.32600917,5133254.97,393391.2498,0.7408,324.5,TRUE,4.2,249,300
7036,2016/10/12 5:05,130.615562,46.32603,5133257.327,393388.9546,5.1856,318.4,TRUE,4.2,180,300
7037,2016/10/12 5:05,130.6155093,46.32606933,5133261.769,393384.9752,6.1116,328.1,FALSE,4.2,0,300
7038,2016/10/12 5:05,130.615516,46.32612,5133267.393,393385.5872,4.4448,23.6,FALSE,4.2,0,300
7039,2016/10/12 5:05,130.6155288,46.32613167,5133268.673,393386.5979,0.5556,224,FALSE,4.2,0,300
7040,2016/10/12 5:05,130.6154875,46.3261195,5133267.375,393383.3916,3.5188,272.2,FALSE,4.2,0,300
7041,2016/10/12 5:05,130.6154403,46.32613717,5133269.403,393379.7936,4.4448,311.5,FALSE,4.2,0,300
7042,2016/10/12 5:05,130.615384,46.326176,5133273.795,393375.5313,6.482,312.4,TRUE,4.2,500,300
7043,2016/10/12 5:05,130.6153048,46.32622317,5133279.145,393369.5264,7.2228,307.8,TRUE,4.2,500,300
7044,2016/10/12 5:05,130.6152203,46.32627417,5133284.928,393363.1185,8.1488,311.5,TRUE,4.2,500,300
7045,2016/10/12 5:05,130.6151297,46.3263265,5133290.867,393356.2389,8.1488,308.4,TRUE,4.2,500,300
7046,2016/10/12 5:05,130.6150278,46.32639017,5133298.081,393348.5204,10.0008,312.6,TRUE,4.2,500,300
7047,2016/10/12 5:05,130.6149298,46.32644917,5133304.771,393341.0886,9.26,308,TRUE,4.2,500,300
7048,2016/10/12 5:05,130.6148302,46.32650467,5133311.075,393333.5221,8.519199,310.2,TRUE,4.2,500,300
7049,2016/10/12 5:05,130.6147475,46.32655383,5133316.65,393327.2516,7.408,313.2,TRUE,4.2,500,300
7050,2016/10/12 5:05,130.6146537,46.326602,5133322.131,393320.1199,9.26,304.7,TRUE,4.2,271,300
7051,2016/10/12 5:06,130.6145622,46.3266545,5133328.09,393313.176,8.1488,311.8,TRUE,4.2,500,300
7052,2016/10/12 5:06,130.6144678,46.326709,5133334.275,393306.0173,9.0748,308.7,TRUE,4.2,500,300
7053,2016/10/12 5:06,130.6143678,46.3267625,5133340.357,393298.4208,8.7044,307.8,TRUE,4.2,500,300
7054,2016/10/12 5:06,130.6142743,46.32681517,5133346.337,393291.3233,9.0748,309.7,TRUE,4.2,500,300
7055,2016/10/12 5:06,130.6141757,46.32687117,5133352.695,393283.8349,8.519199,312.3,TRUE,4.2,500,300
7056,2016/10/12 5:06,130.6140847,46.32692367,5133358.653,393276.9296,8.334,310.2,TRUE,4.2,500,300
7057,2016/10/12 5:06,130.6139912,46.326978,5133364.818,393269.8353,8.334,310.2,TRUE,4.2,500,300
7058,2016/10/12 5:06,130.6138932,46.32703867,5133371.694,393262.4069,9.4452,312.7,TRUE,4.2,500,300
7059,2016/10/12 5:06,130.6138015,46.327098,5133378.413,393255.4633,8.519199,312.2,TRUE,4.2,500,300
7060,2016/10/12 5:06,130.6137022,46.32715233,5133384.586,393247.9201,8.7044,307.1,TRUE,4.2,500,300
7061,2016/10/12 5:06,130.6135972,46.32721133,5133391.286,393239.9495,9.4452,308.6,TRUE,4.2,500,300
7062,2016/10/12 5:06,130.6134882,46.3272695,5133397.898,393231.6692,9.26,306.7,TRUE,4.2,500,300
7063,2016/10/12 5:06,130.6133895,46.32732333,5133404.015,393224.1759,9.6304,307.2,TRUE,4.2,500,300
7064,2016/10/12 5:06,130.6132843,46.32737917,5133410.364,393216.1861,8.519199,305.7,TRUE,4.2,500,300
7065,2016/10/12 5:06,130.6131678,46.32743983,5133417.264,393207.3331,10.5564,303.5,FALSE,4.2,0,300
7066,2016/10/12 5:07,130.6130193,46.327504,5133424.597,393196.023,12.038,301.8,FALSE,4.2,0,300
7067,2016/10/12 5:07,130.6128793,46.327571,5133432.233,393185.3728,11.6676,302.2,FALSE,4.2,0,300
7068,2016/10/12 5:07,130.6127548,46.32765833,5133442.108,393175.9559,12.038,315.3,FALSE,4.2,0,300
7069,2016/10/12 5:07,130.612621,46.32773617,5133450.941,393165.802,11.2972,309,FALSE,4.2,0,300
7070,2016/10/12 5:07,130.6124842,46.32780917,5133459.24,393155.4078,12.2232,307.9,FALSE,4.2,0,300
7071,2016/10/12 5:07,130.6123523,46.3278845,5133467.791,393145.4024,11.4824,314.6,FALSE,4.2,0,300
7072,2016/10/12 5:07,130.6122395,46.3279625,5133476.614,393136.866,10.186,311.5,FALSE,4.2,0,300
7073,2016/10/12 5:07,130.612134,46.32802833,5133484.074,393128.8704,8.7044,304.9,TRUE,4.2,500,300
7074,2016/10/12 5:07,130.6120532,46.32807717,5133489.612,393122.7413,7.9636,304.4,TRUE,4.2,500,300
7075,2016/10/12 5:07,130.6119503,46.32813483,5133496.16,393114.9346,8.889601,310.9,TRUE,4.2,500,300
7076,2016/10/12 5:07,130.6118498,46.32819833,5133503.354,393107.3196,9.6304,313.1,TRUE,4.2,500,300
7077,2016/10/12 5:07,130.611745,46.32825917,5133510.258,393099.3659,9.6304,308.4,TRUE,4.2,500,300
7078,2016/10/12 5:07,130.611643,46.32831667,5133516.787,393091.6236,7.9636,305.8,TRUE,4.2,500,300
7079,2016/10/12 5:07,130.6115548,46.32836533,5133522.315,393084.9291,8.334,309.2,TRUE,4.2,500,300
7080,2016/10/12 5:07,130.6114565,46.32842233,5133528.784,393077.4685,9.26,313.8,TRUE,4.2,500,300
7081,2016/10/12 5:08,130.6113605,46.32847267,5133534.509,393070.1744,8.334,306.4,TRUE,4.2,500,300
7082,2016/10/12 5:08,130.6112657,46.32853117,5133541.139,393062.9862,7.9636,311.3,TRUE,4.2,500,300
7083,2016/10/12 5:08,130.6111802,46.3285825,5133546.961,393056.5026,8.1488,308.9,TRUE,4.2,500,300
7084,2016/10/12 5:08,130.6110848,46.3286395,5133553.425,393049.2723,7.5932,310.6,TRUE,4.2,500,300
7085,2016/10/12 5:08,130.610986,46.3287025,5133560.562,393041.7849,9.0748,314,TRUE,4.2,500,300
7086,2016/10/12 5:08,130.6108903,46.328761,5133567.193,393034.5322,8.334,305.3,TRUE,4.2,500,300
7087,2016/10/12 5:08,130.610794,46.328814,5133573.215,393027.2179,7.778399,310.7,TRUE,4.2,500,300
7088,2016/10/12 5:08,130.6107342,46.32885867,5133578.261,393022.698,4.0744,331.3,TRUE,4.2,442,300
7089,2016/10/12 5:08,130.610735,46.32890633,5133583.558,393022.8548,5.3708,20,FALSE,4.2,0,300
7090,2016/10/12 5:08,130.6107708,46.32895217,5133588.605,393025.7032,5.1856,43.8,FALSE,4.2,0,300
7091,2016/10/12 5:08,130.6108302,46.3289775,5133591.34,393030.3218,5.0004,78.5,FALSE,4.2,0,300
7092,2016/10/12 5:08,130.610905,46.32897317,5133590.758,393036.0755,4.63,112.3,FALSE,4.2,0,300
7093,2016/10/12 5:08,130.6109673,46.3289585,5133589.043,393040.8464,5.556,116.1,TRUE,4.2,500,300
7094,2016/10/12 5:08,130.611089,46.32891883,5133584.469,393050.1379,10.186,117.8,TRUE,4.2,500,300
7095,2016/10/12 5:08,130.6112118,46.32888483,5133580.524,393059.5298,9.4452,111.5,TRUE,4.2,500,300
7096,2016/10/12 5:09,130.6113372,46.32885767,5133577.335,393069.1283,8.7044,112,TRUE,4.2,500,300
7097,2016/10/12 5:09,130.6114328,46.328794,5133570.129,393076.3702,8.889601,141.6,TRUE,4.2,500,300
7098,2016/10/12 5:09,130.6114877,46.328714,5133561.162,393080.4371,7.2228,156.6,TRUE,4.2,500,300
7099,2016/10/12 5:09,130.611531,46.328667,5133555.88,393083.682,5.7412,142,TRUE,4.2,500,300
7100,2016/10/12 5:09,130.6115905,46.3286125,5133549.741,393088.1574,7.0376,142.7,TRUE,4.2,500,300
7101,2016/10/12 5:09,130.611643,46.32854367,5133542.02,393092.0659,8.519199,163.9,TRUE,4.2,500,300
7102,2016/10/12 5:09,130.6116517,46.328463,5133533.041,393092.5764,6.8524,178.8,TRUE,4.2,500,300
7103,2016/10/12 5:09,130.6116555,46.328405,5133526.589,393092.7583,3.5188,183.5,TRUE,4.2,500,300
7104,2016/10/12 5:09,130.6116693,46.3283795,5133523.735,393093.7735,5.9264,165.6,TRUE,4.2,500,300
7105,2016/10/12 5:09,130.6117263,46.32830617,5133515.507,393098.0198,9.4452,140.9,TRUE,4.2,386,300
7106,2016/10/12 5:09,130.6118575,46.3282305,5133506.919,393107.9728,11.8528,133.1,FALSE,4.2,0,300
7107,2016/10/12 5:09,130.6119795,46.328141,5133496.806,393117.1928,12.038,132,FALSE,4.2,0,300
7108,2016/10/12 5:09,130.6121068,46.32805417,5133486.983,393126.8285,12.5936,138.2,FALSE,4.2,0,300
7109,2016/10/12 5:09,130.6122363,46.32796583,5133476.988,393136.6284,11.4824,132.2,FALSE,4.2,0,300
7110,2016/10/12 5:09,130.612369,46.32788,5133467.269,393146.6772,12.4084,131.7,FALSE,4.2,0,300
7111,2016/10/12 5:10,130.6125048,46.32779917,5133458.101,393156.9792,12.2232,130.7,FALSE,4.2,0,300
7112,2016/10/12 5:10,130.612642,46.32772567,5133449.746,393167.3987,12.038,127.9,FALSE,4.2,0,300
7113,2016/10/12 5:10,130.6127712,46.327642,5133440.271,393177.1823,12.2232,137.6,FALSE,4.2,0,300
7114,2016/10/12 5:10,130.6129047,46.32756833,5133431.902,393187.3189,12.038,126.9,FALSE,4.2,0,300
7115,2016/10/12 5:10,130.6130503,46.3275025,5133424.388,393198.4072,12.4084,124.1,FALSE,4.2,0,300
7116,2016/10/12 5:10,130.6132052,46.327435,5133416.676,393210.1991,12.4084,119.1,FALSE,4.2,0,300
7117,2016/10/12 5:10,130.6133668,46.32738233,5133410.604,393222.5451,12.2232,120.7,FALSE,4.2,0,300
7118,2016/10/12 5:10,130.6135103,46.32731267,5133402.667,393233.4596,12.038,127.2,FALSE,4.2,0,300
7119,2016/10/12 5:10,130.6136442,46.32723567,5133393.928,393243.616,12.2232,134.8,FALSE,4.2,0,300
7120,2016/10/12 5:10,130.6137667,46.3271695,5133386.407,393252.9203,10.7416,128.7,TRUE,4.2,500,300
7121,2016/10/12 5:10,130.6138855,46.32710633,5133379.226,393261.9479,10.7416,131,TRUE,4.2,500,300
7122,2016/10/12 5:10,130.6140033,46.32704017,5133371.713,393270.8926,11.112,129.9,TRUE,4.2,500,300
7123,2016/10/12 5:10,130.6141262,46.32696933,5133363.673,393280.2141,10.5564,130.3,TRUE,4.2,500,300
7124,2016/10/12 5:10,130.6142493,46.32690167,5133355.986,393289.5664,10.5564,128.6,TRUE,4.2,500,300
7125,2016/10/12 5:10,130.6143713,46.32683017,5133347.874,393298.8219,10.7416,132.2,TRUE,4.2,500,300
7126,2016/10/12 5:11,130.6144947,46.32675567,5133339.427,393308.1749,11.112,130,TRUE,4.2,500,300
7127,2016/10/12 5:11,130.614621,46.32668233,5133331.104,393317.7603,11.4824,130.6,TRUE,4.2,500,300
7128,2016/10/12 5:11,130.614752,46.32661133,5133323.036,393327.7099,12.038,128.4,TRUE,4.2,500,300
7129,2016/10/12 5:11,130.6148775,46.32653783,5133314.697,393337.2312,11.112,130.9,TRUE,4.2,500,300
7130,2016/10/12 5:11,130.614997,46.326466,5133306.551,393346.2937,11.112,133.1,TRUE,4.2,500,300
7131,2016/10/12 5:11,130.6151127,46.32639833,5133298.874,393355.0694,9.8156,129.5,TRUE,4.2,500,300
7132,2016/10/12 5:11,130.6152245,46.32633283,5133291.442,393363.5536,9.6304,130.9,TRUE,4.2,500,300
7133,2016/10/12 5:11,130.6153178,46.32628583,5133286.092,393370.6492,7.408,125,TRUE,4.2,500,300
7134,2016/10/12 5:11,130.6154035,46.32623717,5133280.568,393377.1518,6.6672,127.7,TRUE,4.2,500,300
7135,2016/10/12 5:11,130.6154752,46.32623467,5133280.194,393382.6659,6.2968,67.9,FALSE,4.2,0,300
7136,2016/10/12 5:11,130.6154848,46.32629783,5133287.202,393383.5325,7.408,331.2,FALSE,4.2,0,300
7137,2016/10/12 5:11,130.6153977,46.32634417,5133292.47,393376.9107,7.9636,300.3,FALSE,4.2,0,300
7138,2016/10/12 5:11,130.6153385,46.32641467,5133300.386,393372.4913,9.0748,345.2,FALSE,4.2,0,300
7139,2016/10/12 5:11,130.615299,46.3265005,5133309.98,393369.6164,9.26,340.9,FALSE,4.2,0,300
7140,2016/10/12 5:11,130.6152592,46.32658367,5133319.278,393366.7109,9.4452,342.7,FALSE,4.2,0,300
7141,2016/10/12 5:12,130.6152147,46.32666583,5133328.471,393363.4439,8.7044,332.2,FALSE,4.2,0,300
7142,2016/10/12 5:12,130.6151423,46.3267375,5133336.535,393358.0126,7.408,319.1,TRUE,4.2,500,300
7143,2016/10/12 5:12,130.6150693,46.32679117,5133342.599,393352.4956,7.778399,314,TRUE,4.2,500,300
7144,2016/10/12 5:12,130.6149865,46.326844,5133348.583,393346.2199,7.9636,307.1,TRUE,4.2,500,300
7145,2016/10/12 5:12,130.6148983,46.32689067,5133353.889,393339.5211,7.5932,304.1,TRUE,4.2,500,300
7146,2016/10/12 5:12,130.6148112,46.32693633,5133359.082,393332.8982,7.5932,303.3,TRUE,4.2,500,300
7147,2016/10/12 5:12,130.6147268,46.32697117,5133363.068,393326.4713,6.2968,294.3,TRUE,4.2,500,300
7148,2016/10/12 5:12,130.614636,46.326997,5133366.062,393319.5272,6.6672,292.1,TRUE,4.2,500,300
7149,2016/10/12 5:12,130.6145318,46.32701517,5133368.222,393311.541,7.9636,278,TRUE,4.2,500,300
7150,2016/10/12 5:12,130.6144235,46.32702717,5133369.701,393303.2224,6.6672,283.8,TRUE,4.2,500,300
7151,2016/10/12 5:12,130.614322,46.32703317,5133370.505,393295.4181,8.1488,268.4,TRUE,4.2,500,300
7152,2016/10/12 5:12,130.6142287,46.32704617,5133372.076,393288.2565,6.8524,282.6,TRUE,4.2,500,300
7153,2016/10/12 5:12,130.6141287,46.32708383,5133376.397,393280.6293,7.408,304.9,TRUE,4.2,500,300
7154,2016/10/12 5:12,130.6140428,46.32712317,5133380.885,393274.0957,7.408,304.6,TRUE,4.2,500,300
7155,2016/10/12 5:12,130.6139832,46.32714233,5133383.096,393269.5389,3.8892,284.1,TRUE,4.2,500,300
7156,2016/10/12 5:13,130.6139125,46.32713333,5133382.19,393264.0795,5.3708,235.9,FALSE,4.2,0,300
7157,2016/10/12 5:13,130.6139033,46.32712417,5133381.185,393263.3556,2.778,27.3,FALSE,4.2,0,300
7158,2016/10/12 5:13,130.6138995,46.32714767,5133383.802,393263.1064,1.852,356.3,FALSE,4.2,0,300
7159,2016/10/12 5:13,130.6139282,46.327111,5133379.687,393265.2427,5.7412,134.3,TRUE,4.2,500,300
7160,2016/10/12 5:13,130.613997,46.32707683,5133375.796,393270.4765,6.2968,123,TRUE,4.2,500,300
7161,2016/10/12 5:13,130.614086,46.32702833,5133370.285,393277.2356,8.1488,132.9,TRUE,4.2,500,300
7162,2016/10/12 5:13,130.6141838,46.3269755,5133364.281,393284.6662,8.889601,128.6,TRUE,4.2,500,300
7163,2016/10/12 5:13,130.6142648,46.32693167,5133359.3,393290.8183,6.6672,129.5,TRUE,4.2,500,300
7164,2016/10/12 5:13,130.6143577,46.32687817,5133353.228,393297.8634,8.889601,128.5,TRUE,4.2,500,300
7165,2016/10/12 5:13,130.614469,46.32681783,5133346.371,393306.319,10.3712,132.1,TRUE,4.2,500,300
7166,2016/10/12 5:13,130.6145767,46.3267565,5133339.408,393314.4909,9.4452,128.2,TRUE,4.2,500,300
7167,2016/10/12 5:13,130.6146838,46.32669167,5133332.058,393322.6167,10.0008,131.4,TRUE,4.2,500,300
7168,2016/10/12 5:13,130.61479,46.32663167,5133325.246,393330.6757,8.7044,127.4,TRUE,4.2,500,300
7169,2016/10/12 5:13,130.6148853,46.3265715,5133318.429,393337.8996,8.334,132.5,TRUE,4.2,500,300
7170,2016/10/12 5:13,130.6149977,46.3265065,5133311.052,393346.424,10.186,133.1,TRUE,4.2,500,300
7171,2016/10/12 5:14,130.615111,46.32644033,5133303.545,393355.0225,10.0008,131.3,TRUE,4.2,500,300
7172,2016/10/12 5:14,130.6152185,46.326375,5133296.138,393363.1736,10.0008,131.9,TRUE,4.2,500,300
7173,2016/10/12 5:14,130.6153142,46.32631867,5133289.748,393370.4312,8.519199,129.9,TRUE,4.2,500,300
7174,2016/10/12 5:14,130.6153827,46.3262895,5133286.413,393375.6494,4.4448,114.1,TRUE,4.2,281,300
7175,2016/10/12 5:14,130.61545,46.32633483,5133291.361,393380.9223,7.2228,10.2,FALSE,4.2,0,300
7176,2016/10/12 5:14,130.6153995,46.32640767,5133299.526,393377.1751,8.334,335,FALSE,4.2,0,300
7177,2016/10/12 5:14,130.6153503,46.326487,5133308.41,393373.5429,8.334,337.7,FALSE,4.2,0,300
7178,2016/10/12 5:14,130.6153063,46.326568,5133317.473,393370.312,8.519199,335.2,FALSE,4.2,0,300
7179,2016/10/12 5:14,130.6152393,46.3266395,5133325.511,393365.2916,8.1488,320.5,FALSE,4.2,0,300
7180,2016/10/12 5:14,130.6151595,46.32669583,5133331.88,393359.2538,7.2228,314.1,TRUE,4.2,500,300
7181,2016/10/12 5:14,130.6150845,46.32674017,5133336.909,393353.5646,7.0376,311.3,TRUE,4.2,500,300
7182,2016/10/12 5:14,130.615003,46.3267935,5133342.947,393347.3924,7.9636,316,TRUE,4.2,500,300
7183,2016/10/12 5:14,130.614919,46.32684383,5133348.655,393341.0218,7.778399,308.8,TRUE,4.2,500,300
7184,2016/10/12 5:14,130.6148335,46.32689533,5133354.494,393334.538,7.778399,311.7,TRUE,4.2,500,300
7185,2016/10/12 5:14,130.6147443,46.32694333,5133359.95,393327.7648,7.2228,307,TRUE,4.2,500,300
7186,2016/10/12 5:15,130.6146597,46.32697833,5133363.954,393321.3136,6.482,300.4,TRUE,4.2,500,300
7187,2016/10/12 5:15,130.614583,46.327002,5133366.689,393315.4557,5.556,291,TRUE,4.2,500,300
7188,2016/10/12 5:15,130.6144932,46.32701783,5133368.569,393308.5691,7.2228,283.4,TRUE,4.2,500,300
7189,2016/10/12 5:15,130.6143855,46.32702633,5133369.659,393300.2946,7.9636,272.6,TRUE,4.2,500,300
7190,2016/10/12 5:15,130.6142753,46.32702633,5133369.808,393291.811,7.9636,269.9,TRUE,4.2,500,300
7191,2016/10/12 5:15,130.6141713,46.327048,5133372.357,393283.8446,7.2228,297.2,TRUE,4.2,500,300
7192,2016/10/12 5:15,130.6140788,46.32708367,5133376.446,393276.7911,7.2228,300.4,TRUE,4.2,500,300
7193,2016/10/12 5:15,130.6139747,46.32712117,5133380.755,393268.8432,8.519199,289.8,TRUE,4.2,500,300
7194,2016/10/12 5:15,130.613858,46.32714133,5133383.153,393259.8983,7.5932,283.4,TRUE,4.2,500,300
7195,2016/10/12 5:15,130.6137367,46.3271775,5133387.337,393250.6258,8.7044,296.4,TRUE,4.2,500,300
7196,2016/10/12 5:15,130.6136223,46.32722533,5133392.808,393241.9141,9.0748,301,TRUE,4.2,500,300
7197,2016/10/12 5:15,130.6134962,46.32727567,5133398.574,393232.2972,9.8156,300.2,TRUE,4.2,500,300
7198,2016/10/12 5:15,130.613374,46.32732617,5133404.352,393222.9879,10.3712,299.7,TRUE,4.2,500,300
7199,2016/10/12 5:15,130.613245,46.32737667,5133410.139,393213.1526,9.8156,301.4,TRUE,4.2,500,300
7200,2016/10/12 5:15,130.6131202,46.327446,5133418.014,393203.6751,11.4824,319,FALSE,4.2,0,300
7201,2016/10/12 5:16,130.612982,46.32752617,5133427.111,393193.1916,11.8528,306.1,FALSE,4.2,0,300
7202,2016/10/12 5:16,130.6128418,46.327603,5133435.841,393182.5475,12.2232,310.4,FALSE,4.2,0,300
7203,2016/10/12 5:16,130.612717,46.32768317,5133444.92,393173.0912,12.038,313.7,FALSE,4.2,0,300
7204,2016/10/12 5:16,130.6125803,46.3277555,5133453.145,393162.7079,11.6676,306.7,FALSE,4.2,0,300
7205,2016/10/12 5:16,130.6124462,46.3278335,5133461.996,393152.529,12.2232,312,FALSE,4.2,0,300
7206,2016/10/12 5:16,130.6123148,46.327913,5133471.01,393142.5702,12.038,313.1,FALSE,4.2,0,300
7207,2016/10/12 5:16,130.6121883,46.32799567,5133480.37,393132.9903,12.2232,315.2,FALSE,4.2,0,300
7208,2016/10/12 5:16,130.6120663,46.32807867,5133489.761,393123.7576,11.8528,315.1,FALSE,4.2,0,300
7209,2016/10/12 5:16,130.6119308,46.32816433,5133499.465,393113.4906,12.4084,311.1,FALSE,4.2,0,300
7210,2016/10/12 5:16,130.6118055,46.32824933,5133509.082,393104.0054,11.4824,310.6,FALSE,4.2,0,300
7211,2016/10/12 5:16,130.6116803,46.3283315,5133518.385,393094.527,11.8528,321.2,FALSE,4.2,0,300
7212,2016/10/12 5:16,130.6116493,46.32843483,5133529.913,393092.3413,9.8156,352.1,TRUE,4.2,500,300
7213,2016/10/12 5:16,130.611623,46.32849783,5133536.951,393090.4366,6.6672,342.6,TRUE,4.2,500,300
7214,2016/10/12 5:16,130.6115713,46.32856717,5133544.728,393086.593,9.26,332.1,TRUE,4.2,500,300
7215,2016/10/12 5:16,130.6115223,46.32861933,5133550.593,393082.9215,3.704,330.7,TRUE,4.2,500,300
7216,2016/10/12 5:17,130.6114467,46.328694,5133558.995,393077.241,8.889601,327.2,TRUE,4.2,500,300
7217,2016/10/12 5:17,130.6113787,46.3287705,5133567.59,393072.154,7.0376,326.8,TRUE,4.2,500,300
7218,2016/10/12 5:17,130.6113222,46.3288125,5133572.335,393067.8852,6.482,312.6,TRUE,4.2,500,300
7219,2016/10/12 5:17,130.6112372,46.32884433,5133575.988,393061.4021,3.5188,287.6,TRUE,4.2,500,300
7220,2016/10/12 5:17,130.611174,46.328863,5133578.148,393056.5742,4.63,289.2,TRUE,4.2,500,300
7221,2016/10/12 5:17,130.6110807,46.32889517,5133581.85,393049.4503,6.8524,294.6,TRUE,4.2,500,300
7222,2016/10/12 5:17,130.6109818,46.32892867,5133585.707,393041.9048,7.778399,292.5,TRUE,4.2,500,300
7223,2016/10/12 5:17,130.6108677,46.3289655,5133589.955,393033.186,8.334,294.6,TRUE,4.2,500,300
7224,2016/10/12 5:17,130.610776,46.32898383,5133592.117,393026.163,6.1116,280.9,TRUE,4.2,336,300
7225,2016/10/12 5:17,130.6107253,46.32896683,5133590.296,393022.2282,4.2596,222.3,FALSE,4.2,0,300
7226,2016/10/12 5:17,130.6107215,46.32892417,5133585.559,393021.8501,5.0004,164.1,FALSE,4.2,0,300
7227,2016/10/12 5:17,130.6107623,46.32889067,5133581.78,393024.9287,4.8152,123.6,FALSE,4.2,0,300
7228,2016/10/12 5:17,130.6108445,46.328845,5133576.592,393031.1669,9.0748,132.4,TRUE,4.2,500,300
7229,2016/10/12 5:17,130.6109458,46.328788,5133570.12,393038.8584,8.889601,130.7,TRUE,4.2,500,300
7230,2016/10/12 5:17,130.6110402,46.328728,5133563.323,393046.0059,7.408,127.5,TRUE,4.2,500,300
7231,2016/10/12 5:18,130.6111095,46.32868583,5133558.542,393051.2622,6.6672,132.2,TRUE,4.2,500,300
7232,2016/10/12 5:18,130.6111922,46.32863733,5133553.039,393057.5335,7.408,130.1,TRUE,4.2,500,300
7233,2016/10/12 5:18,130.6112832,46.32858333,5133546.914,393064.4354,8.334,129.8,TRUE,4.2,500,300
7234,2016/10/12 5:18,130.6113767,46.3285325,5133541.137,393071.5361,7.9636,130.2,TRUE,4.2,500,300
7235,2016/10/12 5:18,130.6114765,46.328471,5133534.167,393079.1034,9.0748,129.5,TRUE,4.2,500,300
7236,2016/10/12 5:18,130.6115768,46.32841433,5133527.732,393086.7186,8.889601,127.5,TRUE,4.2,500,300
7237,2016/10/12 5:18,130.6116668,46.32834533,5133519.941,393093.5144,8.889601,142.8,TRUE,4.2,500,300
7238,2016/10/12 5:18,130.6117835,46.32826333,5133510.668,393102.3386,11.8528,136.6,TRUE,4.2,248,300
7239,2016/10/12 5:18,130.6119275,46.32816983,5133500.081,393113.2449,13.1492,135.8,FALSE,4.2,0,300
7240,2016/10/12 5:18,130.6120742,46.32807467,5133489.305,393124.3535,13.89,134.9,FALSE,4.2,0,300
7241,2016/10/12 5:18,130.6122187,46.32797367,5133477.884,393135.2838,14.2604,134.3,FALSE,4.2,0,300
7242,2016/10/12 5:18,130.6123662,46.3278775,5133466.995,393146.4544,14.2604,134.1,FALSE,4.2,0,300
7243,2016/10/12 5:18,130.612518,46.32778667,5133456.693,393157.969,14.0752,129.2,FALSE,4.2,0,300
7244,2016/10/12 5:18,130.6126767,46.32769867,5133446.698,393170.0158,14.0752,131.7,FALSE,4.2,0,300
7245,2016/10/12 5:18,130.6128215,46.32760533,5133436.127,393180.9865,13.5196,133.6,FALSE,4.2,0,300
7246,2016/10/12 5:19,130.6129763,46.32752617,5133427.119,393192.7549,13.3344,123.4,FALSE,4.2,0,300
7247,2016/10/12 5:19,130.6131483,46.327455,5133418.976,393205.8611,13.1492,122.4,FALSE,4.2,0,300
7248,2016/10/12 5:19,130.6133243,46.32739167,5133411.699,393219.2906,13.5196,121.8,FALSE,4.2,0,300
7249,2016/10/12 5:19,130.6134883,46.3273155,5133403.011,393231.771,13.3344,127.2,FALSE,4.2,0,300
7250,2016/10/12 5:19,130.6136498,46.327237,5133394.068,393244.0545,13.7048,125.5,FALSE,4.2,0,300
7251,2016/10/12 5:19,130.6138328,46.32717833,5133387.3,393258.0321,13.7048,112.4,FALSE,4.2,0,300
7252,2016/10/12 5:19,130.6139892,46.32711683,5133380.253,393269.9514,11.8528,126.6,TRUE,4.2,318,300
7253,2016/10/12 5:19,130.6141168,46.32706117,5133373.894,393279.6735,10.186,121.8,TRUE,4.2,500,300
7254,2016/10/12 5:19,130.6142363,46.32699367,5133366.23,393288.7443,9.8156,130.8,TRUE,4.2,500,300
7255,2016/10/12 5:19,130.6143582,46.326922,5133358.099,393297.9871,11.2972,128.3,TRUE,4.2,500,300
7256,2016/10/12 5:19,130.6144817,46.32685367,5133350.338,393307.3644,10.9268,129.9,TRUE,4.2,500,300
7257,2016/10/12 5:19,130.6146045,46.32678483,5133342.52,393316.689,12.038,130,TRUE,4.2,500,300
7258,2016/10/12 5:19,130.6147298,46.32671283,5133334.348,393326.2001,11.4824,130.7,TRUE,4.2,500,300
7259,2016/10/12 5:19,130.6148563,46.32663883,5133325.952,393335.7974,10.9268,130.6,TRUE,4.2,500,300
7260,2016/10/12 5:19,130.6149848,46.32656133,5133317.164,393345.5419,11.2972,132.6,TRUE,4.2,500,300
7261,2016/10/12 5:20,130.6151022,46.32649033,5133309.114,393354.4397,11.112,130.8,TRUE,4.2,500,300
7262,2016/10/12 5:20,130.6152088,46.32642533,5133301.746,393362.5267,9.26,130.2,TRUE,4.2,500,300
7263,2016/10/12 5:20,130.6153073,46.32636983,5133295.444,393370.0039,7.2228,126.9,TRUE,4.2,500,300
7264,2016/10/12 5:20,130.6153742,46.32634817,5133292.946,393375.1089,4.2596,99.7,FALSE,4.2,0,300
7265,2016/10/12 5:20,130.6154283,46.3263635,5133294.577,393379.3093,3.8892,33.7,FALSE,4.2,0,300
7266,2016/10/12 5:20,130.6154382,46.32637117,5133295.417,393380.0819,1.1112,163.6,FALSE,4.2,0,300
7267,2016/10/12 5:20,130.6154363,46.32635467,5133293.585,393379.9082,2.2224,180,FALSE,4.2,0,300
7268,2016/10/12 5:20,130.6154363,46.32637167,5133295.475,393379.9412,4.63,357.8,FALSE,4.2,0,300
7269,2016/10/12 5:20,130.6153965,46.32642433,5133301.382,393376.9764,7.2228,319.1,TRUE,4.2,113,300
7270,2016/10/12 5:20,130.6153453,46.326493,5133309.084,393373.1695,8.519199,338,FALSE,4.2,0,300
7271,2016/10/12 5:20,130.6152985,46.32656633,5133317.298,393369.7058,8.1488,329.6,FALSE,4.2,0,300
7272,2016/10/12 5:20,130.6152168,46.3266185,5133323.207,393363.5182,7.778399,309.5,FALSE,4.2,0,300
7273,2016/10/12 5:20,130.615139,46.32666483,5133328.461,393357.6149,7.408,308.5,TRUE,4.2,500,300
7274,2016/10/12 5:20,130.6150522,46.3267135,5133333.988,393351.0232,7.9636,313.9,TRUE,4.2,500,300
7275,2016/10/12 5:20,130.614967,46.326765,5133339.828,393344.5648,8.1488,309.2,TRUE,4.2,500,300
7276,2016/10/12 5:21,130.6148815,46.32681517,5133345.519,393338.0784,7.9636,311.3,TRUE,4.2,500,300
7277,2016/10/12 5:21,130.6147908,46.32686733,5133351.439,393331.1977,8.334,311.2,TRUE,4.2,500,300
7278,2016/10/12 5:21,130.614694,46.32691967,5133357.388,393323.8431,9.26,307.1,TRUE,4.2,500,300
7279,2016/10/12 5:21,130.6145762,46.32696483,5133362.566,393314.8575,8.7044,294.3,TRUE,4.2,500,300
7280,2016/10/12 5:21,130.614458,46.32699633,5133366.227,393305.8191,8.7044,289.7,TRUE,4.2,500,300
7281,2016/10/12 5:21,130.614329,46.32702233,5133369.291,393295.936,10.0008,292.5,TRUE,4.2,500,300
7282,2016/10/12 5:21,130.6142092,46.32706117,5133373.77,393286.7841,9.0748,295.3,TRUE,4.2,330,300
7283,2016/10/12 5:21,130.6140762,46.3271125,5133379.654,393276.6423,11.2972,300.4,FALSE,4.2,0,300
7284,2016/10/12 5:21,130.6139268,46.32715633,5133384.728,393265.2277,11.112,292.2,FALSE,4.2,0,300
7285,2016/10/12 5:21,130.6137763,46.32720267,5133390.081,393253.7287,11.4824,296.9,FALSE,4.2,0,300
7286,2016/10/12 5:21,130.6136335,46.327256,5133396.202,393242.8339,10.5564,301.6,FALSE,4.2,0,300
7287,2016/10/12 5:21,130.6134922,46.32733083,5133404.71,393232.0965,12.2232,307,FALSE,4.2,0,300
7288,2016/10/12 5:21,130.6133412,46.32739467,5133412.01,393220.5931,11.8528,298.5,FALSE,4.2,0,300
7289,2016/10/12 5:21,130.6131862,46.32745,5133418.369,393208.7652,12.038,301.9,FALSE,4.2,0,300
7290,2016/10/12 5:21,130.6130355,46.32751333,5133425.612,393197.2863,12.5936,305.2,FALSE,4.2,0,300
7291,2016/10/12 5:22,130.6128958,46.32758267,5133433.508,393186.6661,12.2232,306.2,FALSE,4.2,0,300
7292,2016/10/12 5:22,130.6127635,46.32765967,5133442.245,393176.6261,11.4824,312.6,FALSE,4.2,0,300
7293,2016/10/12 5:22,130.6126222,46.32773583,5133450.902,393165.8915,12.2232,306.8,FALSE,4.2,0,300
7294,2016/10/12 5:22,130.6124917,46.32781533,5133459.915,393155.9973,12.038,307.1,FALSE,4.2,0,300
7295,2016/10/12 5:22,130.6123582,46.32789233,5133468.654,393145.8673,11.8528,306.9,FALSE,4.2,0,300
7296,2016/10/12 5:22,130.6122283,46.32797833,5133478.388,393136.0367,12.5936,314.2,FALSE,4.2,0,300
7297,2016/10/12 5:22,130.6121088,46.328063,5133487.961,393126.9997,12.038,313.5,FALSE,4.2,0,300
7298,2016/10/12 5:22,130.6119815,46.32814317,5133497.045,393117.3511,11.8528,311.9,FALSE,4.2,0,300
7299,2016/10/12 5:22,130.6118523,46.32822567,5133506.389,393107.5653,11.6676,314.6,FALSE,4.2,0,300
7300,2016/10/12 5:22,130.6117385,46.32830433,5133515.286,393098.9533,10.9268,317.1,FALSE,4.2,0,300
7301,2016/10/12 5:22,130.6116665,46.32837567,5133523.314,393093.5481,8.889601,335.3,FALSE,4.2,0,300
7302,2016/10/12 5:22,130.6116147,46.3284575,5133532.479,393089.7166,8.519199,331,FALSE,4.2,0,300
7303,2016/10/12 5:22,130.6115462,46.328523,5133539.853,393084.5695,7.0376,321.2,TRUE,4.2,500,300
7304,2016/10/12 5:22,130.6114905,46.32858433,5133546.745,393080.4023,6.482,335.7,TRUE,4.2,500,300
7305,2016/10/12 5:22,130.6114457,46.3286365,5133552.605,393077.052,5.0004,327.4,TRUE,4.2,500,300
7306,2016/10/12 5:23,130.6113768,46.328703,5133560.089,393071.8807,8.889601,324.9,TRUE,4.2,500,300
7307,2016/10/12 5:23,130.6113265,46.32876167,5133566.679,393068.1195,4.63,324,TRUE,4.2,500,300
7308,2016/10/12 5:23,130.6112602,46.3288015,5133571.196,393063.0896,7.0376,299.7,TRUE,4.2,500,300
7309,2016/10/12 5:23,130.6111835,46.328831,5133574.578,393057.2434,8.1488,299.8,TRUE,4.2,326,300
7310,2016/10/12 5:23,130.6110897,46.32885933,5133577.854,393050.0735,7.778399,299.8,TRUE,4.2,500,300
7311,2016/10/12 5:23,130.6110147,46.3288955,5133581.976,393044.3688,5.556,305.3,TRUE,4.2,500,300
7312,2016/10/12 5:23,130.6110462,46.3288825,5133580.488,393046.7691,4.63,121.5,FALSE,4.2,0,300
7313,2016/10/12 5:23,130.6111003,46.32884067,5133575.766,393050.858,5.3708,141.1,FALSE,4.2,0,300
7314,2016/10/12 5:23,130.6111622,46.32880383,5133571.587,393055.548,5.9264,131.5,FALSE,4.2,0,300
7315,2016/10/12 5:23,130.6112267,46.3287665,5133567.351,393060.4418,5.556,127.2,FALSE,4.2,0,300
7316,2016/10/12 5:23,130.6112962,46.32872717,5133562.885,393065.7168,5.9264,126.2,FALSE,4.2,0,300
7317,2016/10/12 5:23,130.6113662,46.32868817,5133558.455,393071.031,6.482,128.3,FALSE,4.2,0,300
7318,2016/10/12 5:23,130.6114228,46.328662,5133555.47,393075.3429,0.926,71.5,FALSE,4.2,0,300
7319,2016/10/12 5:23,130.6114043,46.32866833,5133556.198,393073.9307,5.556,307,TRUE,4.2,500,300
7320,2016/10/12 5:23,130.6113372,46.32870933,5133560.847,393068.8391,4.0744,310.5,TRUE,4.2,500,300
7321,2016/10/12 5:24,130.6112833,46.32874067,5133564.403,393064.7544,6.2968,309.9,TRUE,4.2,500,300
7322,2016/10/12 5:24,130.6112193,46.32877583,5133568.398,393059.8948,3.5188,315.1,TRUE,4.2,500,300
7323,2016/10/12 5:24,130.611151,46.32881033,5133572.325,393054.7005,8.1488,303.5,TRUE,4.2,500,300
7324,2016/10/12 5:24,130.6110718,46.32885583,5133577.489,393048.6929,5.9264,314.9,TRUE,4.2,500,300
7325,2016/10/12 5:24,130.6110045,46.328893,5133581.712,393043.5809,5.7412,308.8,TRUE,4.2,500,300
7326,2016/10/12 5:24,130.610919,46.32894017,5133587.071,393037.0891,7.408,306.4,TRUE,4.2,500,300
7327,2016/10/12 5:24,130.6108332,46.32897633,5133591.206,393030.5506,6.6672,293.4,TRUE,4.2,500,300
7328,2016/10/12 5:24,130.6107652,46.3289925,5133593.095,393025.346,4.4448,266.3,FALSE,4.2,0,300
7329,2016/10/12 5:24,130.6107218,46.32896567,5133590.171,393021.9564,4.63,198.5,FALSE,4.2,0,300
7330,2016/10/12 5:24,130.6107475,46.328926,5133585.727,393023.8557,4.63,130.6,FALSE,4.2,0,300
7331,2016/10/12 5:24,130.610802,46.32890817,5133583.672,393028.0175,3.1484,112.9,FALSE,4.2,0,300
7332,2016/10/12 5:24,130.6108778,46.328867,5133578.993,393033.7763,8.1488,131.2,TRUE,4.2,500,300
7333,2016/10/12 5:24,130.6109675,46.3288115,5133572.703,393040.5729,8.334,128.9,TRUE,4.2,500,300
7334,2016/10/12 5:24,130.6110508,46.32876433,5133567.347,393046.8975,7.5932,129.2,TRUE,4.2,500,300
7335,2016/10/12 5:24,130.6111358,46.32871617,5133561.879,393053.3488,7.408,124.9,TRUE,4.2,500,300
7336,2016/10/12 5:25,130.6112187,46.3286665,5133556.246,393059.6309,7.5932,126.9,TRUE,4.2,500,300
7337,2016/10/12 5:25,130.6112822,46.32862833,5133551.917,393064.4461,4.8152,125.4,TRUE,4.2,500,300
7338,2016/10/12 5:25,130.6113552,46.328586,5133547.113,393069.9848,7.5932,130.6,TRUE,4.2,500,300
7339,2016/10/12 5:25,130.6114485,46.3285385,5133541.707,393077.0789,7.408,127.3,TRUE,4.2,500,300
7340,2016/10/12 5:25,130.6115333,46.3284895,5133536.146,393083.5155,8.1488,131.8,TRUE,4.2,500,300
7341,2016/10/12 5:25,130.6116123,46.32843117,5133529.556,393089.4851,8.1488,142.4,TRUE,4.2,500,300
7342,2016/10/12 5:25,130.6116743,46.328355,5133521.005,393094.1108,7.9636,156.5,FALSE,4.2,0,300
7343,2016/10/12 5:25,130.6117643,46.32827333,5133511.806,393100.8819,10.0008,138.8,FALSE,4.2,0,300
7344,2016/10/12 5:25,130.6118733,46.328206,5133504.174,393109.1441,10.7416,133.2,FALSE,4.2,0,300
7345,2016/10/12 5:25,130.6119913,46.32813133,5133495.715,393118.085,11.112,132.9,FALSE,4.2,0,300
7346,2016/10/12 5:25,130.6121143,46.32806,5133487.62,393127.4174,11.8528,132,TRUE,4.2,170,300
7347,2016/10/12 5:25,130.6122295,46.32797483,5133477.998,393136.12,11.4824,140.6,FALSE,4.2,0,300
7348,2016/10/12 5:25,130.6123445,46.327898,5133469.303,393144.8257,10.3712,134.4,FALSE,4.2,0,300
7349,2016/10/12 5:25,130.6124647,46.3278295,5133461.526,393153.9458,10.9268,131.2,FALSE,4.2,0,300
7350,2016/10/12 5:25,130.6125848,46.32776767,5133454.491,393163.0782,9.8156,126.4,FALSE,4.2,0,300
7351,2016/10/12 5:26,130.6127047,46.327693,5133446.03,393172.1609,10.9268,132.9,FALSE,4.2,0,300
7352,2016/10/12 5:26,130.612821,46.3276255,5133438.37,393180.9873,10.9268,130.9,FALSE,4.2,0,300
7353,2016/10/12 5:26,130.6129427,46.32756217,5133431.166,393190.2331,10.9268,124.9,FALSE,4.2,0,300
7354,2016/10/12 5:26,130.6130788,46.3275045,5133424.572,393200.6057,10.9268,117.3,TRUE,4.2,100,300
7355,2016/10/12 5:26,130.6132153,46.32744917,5133418.238,393211.009,10.9268,117,FALSE,4.2,0,300
7356,2016/10/12 5:26,130.6133542,46.32738983,5133411.455,393221.5848,10.9268,122.8,FALSE,4.2,0,300
7357,2016/10/12 5:26,130.6134885,46.32732717,5133404.308,393231.8068,10.7416,126.4,FALSE,4.2,0,300
7358,2016/10/12 5:26,130.613615,46.32726117,5133396.802,393241.4194,10.3712,125.6,FALSE,4.2,0,300
7359,2016/10/12 5:26,130.6137592,46.32721567,5133391.55,393252.4326,10.7416,108.1,FALSE,4.2,0,300
7360,2016/10/12 5:26,130.613907,46.3271815,5133387.552,393263.7497,10.9268,112.1,FALSE,4.2,0,300
7361,2016/10/12 5:26,130.6140497,46.32713367,5133382.043,393274.6429,10.7416,119.8,TRUE,4.2,226,300
7362,2016/10/12 5:26,130.6141837,46.327072,5133375.008,393284.8415,10.7416,125.3,FALSE,4.2,0,300
7363,2016/10/12 5:26,130.6143033,46.3270075,5133367.677,393293.9305,8.334,129.4,TRUE,4.2,500,300
7364,2016/10/12 5:26,130.6144088,46.32694967,5133361.107,393301.942,9.26,125.2,TRUE,4.2,500,300
7365,2016/10/12 5:26,130.6145117,46.32689133,5133354.483,393309.7477,10.3712,131.1,TRUE,4.2,500,300
7366,2016/10/12 5:27,130.6146178,46.32683233,5133347.782,393317.8078,8.7044,127.3,TRUE,4.2,500,300
7367,2016/10/12 5:27,130.6146955,46.32679167,5133343.158,393323.7098,1.2964,122.7,TRUE,4.2,500,300
7368,2016/10/12 5:27,130.614697,46.32678967,5133342.933,393323.8214,0,0,FALSE,4.2,0,300
7369,2016/10/12 5:27,130.614699,46.3267885,5133342.801,393323.9731,0,0,FALSE,4.2,0,300
7370,2016/10/12 5:27,130.6147092,46.326781,5133341.953,393324.7417,2.0372,124,TRUE,4.2,500,300
7371,2016/10/12 5:27,130.6147987,46.326731,5133336.275,393331.5364,8.519199,129,TRUE,4.2,500,300
7372,2016/10/12 5:27,130.6148893,46.32667733,5133330.187,393338.4134,8.334,130.7,TRUE,4.2,500,300
7373,2016/10/12 5:27,130.6149742,46.32662567,5133324.331,393344.8461,6.8524,129.8,TRUE,4.2,500,300
7374,2016/10/12 5:27,130.6150617,46.32657967,5133319.1,393351.4946,8.1488,127,TRUE,4.2,500,300
7375,2016/10/12 5:27,130.6151505,46.32653133,5133313.607,393358.241,7.778399,133,TRUE,4.2,500,300
7376,2016/10/12 5:27,130.6152337,46.32648,5133307.789,393364.5458,7.5932,126,TRUE,4.2,500,300
7377,2016/10/12 5:27,130.6153117,46.32643583,5133302.774,393370.4664,5.556,128.7,TRUE,4.2,500,300
7378,2016/10/12 5:27,130.6153697,46.32642133,5133301.084,393374.9045,2.5928,84.2,FALSE,4.2,0,300
7379,2016/10/12 5:27,130.6153813,46.32642217,5133301.162,393375.8041,0,0,FALSE,4.2,0,300
7380,2016/10/12 5:27,130.6153552,46.32640833,5133299.659,393373.7627,3.704,232.4,FALSE,4.2,0,300
7381,2016/10/12 5:28,130.615339,46.3263925,5133297.921,393372.4868,0,0,FALSE,4.2,0,300
7382,2016/10/12 5:28,130.6153697,46.326435,5133302.604,393374.9311,5.7412,10.8,FALSE,4.2,0,300
7383,2016/10/12 5:28,130.6153418,46.32649117,5133308.885,393372.8964,6.1116,331.1,FALSE,4.2,0,300
7384,2016/10/12 5:28,130.615288,46.32653667,5133314.015,393368.8396,6.482,314.3,FALSE,4.2,0,300
7385,2016/10/12 5:28,130.6152315,46.32657383,5133318.222,393364.5611,3.8892,317.1,TRUE,4.2,500,300
7386,2016/10/12 5:28,130.6151815,46.32660083,5133321.29,393360.7633,4.0744,309.1,TRUE,4.2,500,300
7387,2016/10/12 5:28,130.6151083,46.326642,5133325.965,393355.2088,7.408,307.2,TRUE,4.2,500,300
7388,2016/10/12 5:28,130.6150235,46.32669217,5133331.656,393348.774,7.778399,307.3,TRUE,4.2,500,300
7389,2016/10/12 5:28,130.6149452,46.32674017,5133337.097,393342.8355,6.8524,311.4,TRUE,4.2,500,300
7390,2016/10/12 5:28,130.6148637,46.32678583,5133342.282,393336.6483,7.2228,311,TRUE,4.2,500,300
7391,2016/10/12 5:28,130.6147775,46.32683633,5133348.012,393330.111,7.778399,310.7,TRUE,4.2,500,300
7392,2016/10/12 5:28,130.6146902,46.32688183,5133353.187,393323.4746,8.519199,306.5,TRUE,4.2,500,300
7393,2016/10/12 5:28,130.6145937,46.3269225,5133357.838,393316.1227,7.5932,301.6,TRUE,4.2,500,300
7394,2016/10/12 5:28,130.6145008,46.32695217,5133361.261,393309.0313,7.5932,290.5,TRUE,4.2,500,300
7395,2016/10/12 5:28,130.6144012,46.326982,5133364.711,393301.415,7.0376,297.4,TRUE,4.2,500,300
7396,2016/10/12 5:29,130.6143018,46.3270215,5133369.235,393293.8422,9.4452,301,TRUE,4.2,325,300
7397,2016/10/12 5:29,130.6141837,46.327059,5133373.563,393284.8163,8.889601,298.3,FALSE,4.2,0,300
7398,2016/10/12 5:29,130.61407,46.32710483,5133378.81,393276.1523,9.26,298.1,FALSE,4.2,0,300
7399,2016/10/12 5:29,130.6139498,46.3271425,5133383.159,393266.9719,9.6304,290.2,FALSE,4.2,0,300
7400,2016/10/12 5:29,130.6138192,46.3271775,5133387.226,393256.9786,10.3712,295.3,FALSE,4.2,0,300
7401,2016/10/12 5:29,130.6136842,46.3272245,5133392.632,393246.6745,10.0008,298.4,FALSE,4.2,0,300
7402,2016/10/12 5:29,130.6135622,46.32728683,5133399.725,393237.4012,10.9268,304.4,FALSE,4.2,0,300
7403,2016/10/12 5:29,130.6134353,46.3273415,5133405.973,393227.7404,10.5564,302.4,FALSE,4.2,0,300
7404,2016/10/12 5:29,130.6133047,46.327391,5133411.651,393217.7754,10.5564,301.9,FALSE,4.2,0,300
7405,2016/10/12 5:29,130.6131723,46.32743817,5133417.073,393207.6764,9.8156,296.7,FALSE,4.2,0,300
7406,2016/10/12 5:29,130.6130437,46.327493,5133423.341,393197.8758,10.186,301.6,FALSE,4.2,0,300
7407,2016/10/12 5:29,130.6129227,46.3275555,5133430.452,393188.68,10.0008,305.8,FALSE,4.2,0,300
7408,2016/10/12 5:29,130.6128075,46.32762283,5133438.091,393179.9426,10.3712,313.4,FALSE,4.2,0,300
7409,2016/10/12 5:29,130.6126937,46.3276915,5133445.878,393171.3109,11.112,312.4,FALSE,4.2,0,300
7410,2016/10/12 5:29,130.6125805,46.32775967,5133453.608,393162.7292,9.8156,311.2,FALSE,4.2,0,300
7411,2016/10/12 5:30,130.6124647,46.3278285,5133461.415,393153.9439,10.9268,313.2,FALSE,4.2,0,300
7412,2016/10/12 5:30,130.6123557,46.32789,5133468.398,393145.6703,8.7044,310.7,FALSE,4.2,0,300
7413,2016/10/12 5:30,130.6122455,46.32796717,5133477.125,393137.3371,10.186,316.6,FALSE,4.2,0,300
7414,2016/10/12 5:30,130.6121418,46.32803267,5133484.545,393129.4817,10.186,312,FALSE,4.2,0,300
7415,2016/10/12 5:30,130.6120338,46.32810367,5133492.583,393121.3037,10.7416,310.5,FALSE,4.2,0,300
7416,2016/10/12 5:30,130.6119165,46.328182,5133501.448,393112.4215,11.112,314.2,FALSE,4.2,0,300
7417,2016/10/12 5:30,130.6118015,46.32825517,5133509.737,393103.7087,11.112,314.7,FALSE,4.2,0,300
7418,2016/10/12 5:30,130.611705,46.32833667,5133518.926,393096.4368,10.0008,328.4,FALSE,4.2,0,300
7419,2016/10/12 5:30,130.6116527,46.32843633,5133530.075,393092.6014,9.8156,337.3,FALSE,4.2,0,300
7420,2016/10/12 5:30,130.611574,46.328511,5133538.481,393086.6891,9.0748,314.1,FALSE,4.2,0,300
7421,2016/10/12 5:30,130.6115017,46.32856033,5133544.062,393081.2157,6.482,314.4,TRUE,4.2,500,300
7422,2016/10/12 5:30,130.6114305,46.328607,5133549.346,393075.8263,6.2968,314.2,TRUE,4.2,500,300
7423,2016/10/12 5:30,130.6113508,46.328647,5133553.9,393069.7695,6.8524,302,TRUE,4.2,500,300
7424,2016/10/12 5:30,130.6112668,46.3286935,5133559.182,393063.3919,7.778399,309.2,TRUE,4.2,500,300
7425,2016/10/12 5:30,130.6111898,46.32873817,5133564.251,393057.5498,7.5932,310.1,TRUE,4.2,500,300
7426,2016/10/12 5:31,130.611106,46.32878683,5133569.773,393051.1896,7.5932,309,TRUE,4.2,500,300
7427,2016/10/12 5:31,130.6110315,46.3288315,5133574.839,393045.54,6.2968,311.3,TRUE,4.2,500,300
7428,2016/10/12 5:31,130.610947,46.3288775,5133580.067,393039.123,8.1488,310.1,TRUE,4.2,500,300
7429,2016/10/12 5:31,130.6108547,46.32893283,5133586.342,393032.1213,7.2228,311.4,TRUE,4.2,500,300
7430,2016/10/12 5:31,130.6107787,46.32897283,5133590.89,393026.3471,4.63,306,TRUE,4.2,500,300
7431,2016/10/12 5:31,130.6107233,46.3289715,5133590.817,393022.0833,3.704,252.8,FALSE,4.2,0,300
7432,2016/10/12 5:31,130.6107035,46.32895367,5133588.862,393020.5216,0.7408,107.3,FALSE,4.2,0,300
7433,2016/10/12 5:31,130.6107083,46.3289605,5133589.615,393020.9068,2.4076,35.9,FALSE,4.2,0,300
7434,2016/10/12 5:31,130.6107258,46.32898133,5133591.907,393022.2949,1.852,34.2,FALSE,4.2,0,300
7435,2016/10/12 5:31,130.6107392,46.3290025,5133594.242,393023.3634,1.852,28.7,FALSE,4.2,0,300
7436,2016/10/12 5:31,130.6107372,46.329,5133593.967,393023.2045,1.1112,208.2,TRUE,4.2,74,300
7437,2016/10/12 5:31,130.610753,46.328972,5133590.833,393024.3689,3.3336,152.4,FALSE,4.2,0,300
7438,2016/10/12 5:31,130.6107957,46.32895183,5133588.533,393027.6152,4.0744,116.4,FALSE,4.2,0,300
7439,2016/10/12 5:31,130.6108452,46.328924,5133585.373,393031.3726,5.7412,131.4,TRUE,4.2,500,300
7440,2016/10/12 5:31,130.6109362,46.32887567,5133579.878,393038.2855,8.334,127.7,TRUE,4.2,500,300
7441,2016/10/12 5:32,130.6110292,46.3288265,5133574.287,393045.3509,7.778399,128.7,TRUE,4.2,500,300
7442,2016/10/12 5:32,130.6111265,46.32877017,5133567.894,393052.7357,8.889601,132.9,TRUE,4.2,500,300
7443,2016/10/12 5:32,130.6112227,46.32871783,5133561.946,393060.039,8.1488,124.8,TRUE,4.2,500,300
7444,2016/10/12 5:32,130.6113378,46.32865283,5133554.565,393068.7798,10.186,128.5,TRUE,4.2,500,300
7445,2016/10/12 5:32,130.6114323,46.3285845,5133546.842,393075.9234,9.6304,137.6,TRUE,4.2,500,300
7446,2016/10/12 5:32,130.611522,46.32850017,5133537.348,393082.6639,10.3712,145.4,TRUE,4.2,500,300
7447,2016/10/12 5:32,130.611581,46.32841583,5133527.893,393087.0427,7.778399,158.4,TRUE,4.2,500,300
7448,2016/10/12 5:32,130.6116443,46.32834017,5133519.397,393091.7718,8.1488,144.6,TRUE,4.2,500,300
7449,2016/10/12 5:32,130.6117378,46.32826817,5133511.268,393098.8313,10.186,134.8,TRUE,4.2,500,300
7450,2016/10/12 5:32,130.6118427,46.3282055,5133504.16,393106.7822,9.6304,131.7,TRUE,4.2,500,300
7451,2016/10/12 5:32,130.611954,46.32813783,5133496.488,393115.2231,10.186,133.8,TRUE,4.2,500,300
7452,2016/10/12 5:32,130.6120557,46.32806683,5133488.459,393122.9137,8.889601,137.8,TRUE,4.2,500,300
7453,2016/10/12 5:32,130.6121252,46.32801417,5133482.512,393128.1628,6.482,135.3,TRUE,4.2,500,300
7454,2016/10/12 5:32,130.612238,46.32793667,5133473.745,393136.7002,11.2972,134.5,TRUE,4.2,500,300
7455,2016/10/12 5:32,130.6123572,46.3278625,5133465.339,393145.7322,10.5564,131.4,TRUE,4.2,500,300
7456,2016/10/12 5:33,130.6124852,46.32779383,5133457.534,393155.4549,11.2972,128.2,TRUE,4.2,500,300
7457,2016/10/12 5:33,130.6126125,46.32771683,5133448.803,393165.1099,11.2972,134.1,TRUE,4.2,500,300
7458,2016/10/12 5:33,130.6127343,46.32764617,5133440.784,393174.3536,10.9268,128.1,TRUE,4.2,500,300
7459,2016/10/12 5:33,130.6128548,46.327578,5133433.044,393183.4999,10.9268,126.4,TRUE,4.2,500,300
7460,2016/10/12 5:33,130.612984,46.327513,5133425.645,393193.3199,11.2972,122,TRUE,4.2,500,300
7461,2016/10/12 5:33,130.613126,46.327448,5133418.228,393204.128,10.9268,124.3,TRUE,4.2,500,300
7462,2016/10/12 5:33,130.61326,46.32739367,5133412.008,393214.3408,10.9268,122.3,TRUE,4.2,500,300
7463,2016/10/12 5:33,130.613397,46.3273355,5133405.358,393224.7771,11.112,119.5,TRUE,4.2,500,300
7464,2016/10/12 5:33,130.6135333,46.32727467,5133398.412,393235.1568,11.2972,121,TRUE,4.2,500,300
7465,2016/10/12 5:33,130.6136718,46.32721317,5133391.389,393245.7022,11.6676,123,TRUE,4.2,500,300
7466,2016/10/12 5:33,130.6138225,46.32716733,5133386.091,393257.2153,11.6676,111.1,TRUE,4.2,500,300
7467,2016/10/12 5:33,130.6139772,46.32712833,5133381.547,393269.0497,11.112,109.5,TRUE,4.2,500,300
7468,2016/10/12 5:33,130.6141245,46.327074,5133375.31,393280.2891,12.038,118.4,TRUE,4.2,500,300
7469,2016/10/12 5:33,130.6142735,46.32702533,5133369.699,393291.6681,10.9268,110.7,TRUE,4.2,500,300
7470,2016/10/12 5:33,130.6144238,46.32698033,5133364.494,393303.1567,10.9268,116.6,TRUE,4.2,500,300
7471,2016/10/12 5:34,130.6145547,46.3269135,5133356.89,393313.102,10.9268,122.2,TRUE,4.2,500,300
7472,2016/10/12 5:34,130.6146885,46.32684483,5133349.076,393323.2741,11.6676,126.6,TRUE,4.2,500,300
7473,2016/10/12 5:34,130.6148115,46.32677517,5133341.167,393332.6103,10.3712,127,TRUE,4.2,500,300
7474,2016/10/12 5:34,130.6149313,46.326702,5133332.873,393341.6955,10.9268,131.5,TRUE,4.2,500,300
7475,2016/10/12 5:34,130.6150482,46.32663317,5133325.065,393350.559,9.8156,127.5,TRUE,4.2,500,300
7476,2016/10/12 5:34,130.615166,46.3265625,5133317.05,393359.4952,10.5564,130.2,TRUE,4.2,500,300
7477,2016/10/12 5:34,130.615279,46.32648083,5133307.82,393368.0381,11.2972,138.6,TRUE,4.2,500,300
7478,2016/10/12 5:34,130.615345,46.32638883,5133297.505,393372.9417,9.6304,165.5,TRUE,4.2,500,300
7479,2016/10/12 5:34,130.615391,46.3263095,5133288.625,393376.3297,7.5932,158.3,TRUE,4.2,500,300
7480,2016/10/12 5:34,130.615428,46.32623183,5133279.942,393379.028,7.778399,164.9,TRUE,4.2,500,300
7481,2016/10/12 5:34,130.6154768,46.3261575,5133271.614,393382.6438,7.9636,155.9,TRUE,4.2,500,300
7482,2016/10/12 5:34,130.6155402,46.32609067,5133264.1,393387.3915,7.9636,146.3,TRUE,4.2,500,300
7483,2016/10/12 5:34,130.6156038,46.32601317,5133255.4,393392.1431,8.334,148.9,TRUE,4.2,500,300
7484,2016/10/12 5:34,130.6156917,46.32594433,5133247.629,393398.7736,8.889601,136.9,TRUE,4.2,500,300
7485,2016/10/12 5:34,130.615779,46.3258795,5133240.306,393405.3726,8.7044,140.1,TRUE,4.2,500,300
7486,2016/10/12 5:35,130.615868,46.3258135,5133232.85,393412.0979,8.519199,134,TRUE,4.2,500,300
7487,2016/10/12 5:35,130.6159542,46.32574983,5133225.656,393418.6099,8.519199,140.4,TRUE,4.2,500,300
7488,2016/10/12 5:35,130.6160322,46.32568033,5133217.826,393424.4814,9.26,139.7,TRUE,4.2,500,300
7489,2016/10/12 5:35,130.6161098,46.325613,5133210.237,393430.331,8.1488,143.4,TRUE,4.2,500,300
7490,2016/10/12 5:35,130.616173,46.32554683,5133202.797,393435.067,8.334,151.1,TRUE,4.2,500,300
7491,2016/10/12 5:35,130.6162175,46.32547183,5133194.4,393438.3481,8.334,161.4,TRUE,4.2,500,300
7492,2016/10/12 5:35,130.6162395,46.32539383,5133185.701,393439.8908,8.519199,175.1,TRUE,4.2,500,300
7493,2016/10/12 5:35,130.6162382,46.32531233,5133176.643,393439.6301,8.334,183.7,TRUE,4.2,500,300
7494,2016/10/12 5:35,130.6162465,46.32523867,5133168.444,393440.1285,6.8524,170.4,TRUE,4.2,500,300
7495,2016/10/12 5:35,130.6162623,46.32516917,5133160.698,393441.2125,6.482,170.3,TRUE,4.2,500,300
7496,2016/10/12 5:35,130.6162825,46.325092,5133152.093,393442.6159,7.9636,172.1,TRUE,4.2,500,300
7497,2016/10/12 5:35,130.6162958,46.32501217,5133143.201,393443.4874,7.9636,172.7,TRUE,4.2,500,300
7498,2016/10/12 5:35,130.6162998,46.32493067,5133134.136,393443.6372,7.778399,180.1,TRUE,4.2,500,300
7499,2016/10/12 5:35,130.6163012,46.32484733,5133124.871,393443.5785,8.334,180.9,TRUE,4.2,500,300
7500,2016/10/12 5:35,130.616306,46.3247655,5133115.768,393443.7916,8.1488,176.3,TRUE,4.2,500,300
7501,2016/10/12 5:36,130.6163197,46.3246825,5133106.524,393444.6831,7.778399,175.1,TRUE,4.2,500,300
7502,2016/10/12 5:36,130.6163335,46.32460033,5133097.372,393445.5885,8.334,174.7,TRUE,4.2,500,300
7503,2016/10/12 5:36,130.6163548,46.32452033,5133088.451,393447.0758,8.334,167.1,TRUE,4.2,500,300
7504,2016/10/12 5:36,130.6163757,46.32443367,5133078.79,393448.5123,8.334,169.8,TRUE,4.2,500,300
7505,2016/10/12 5:36,130.616394,46.32435067,5133069.539,393449.7627,8.7044,171.7,TRUE,4.2,500,300
7506,2016/10/12 5:36,130.616406,46.324265,5133060,393450.5205,8.519199,177.1,TRUE,4.2,500,300
7507,2016/10/12 5:36,130.6164005,46.3241805,5133050.615,393449.9328,8.1488,185,TRUE,4.2,500,300
7508,2016/10/12 5:36,130.616393,46.324095,5133041.121,393449.1893,8.7044,180.5,TRUE,4.2,500,300
7509,2016/10/12 5:36,130.6164045,46.32400783,5133031.416,393449.9056,9.26,176.3,TRUE,4.2,500,300
7510,2016/10/12 5:36,130.6164203,46.32392467,5133022.151,393450.9632,8.519199,171.2,TRUE,4.2,500,300
7511,2016/10/12 5:36,130.6164423,46.32384183,5133012.913,393452.4965,7.778399,166.9,TRUE,4.2,500,300
7512,2016/10/12 5:36,130.6164762,46.3237605,5133003.828,393454.9446,8.889601,160.2,TRUE,4.2,500,300
7513,2016/10/12 5:36,130.6165062,46.32368117,5132994.969,393457.1008,8.1488,166.5,TRUE,4.2,500,300
7514,2016/10/12 5:36,130.616528,46.32360733,5132986.732,393458.6386,7.2228,169.2,TRUE,4.2,500,300
7515,2016/10/12 5:36,130.6165107,46.32353633,5132978.863,393457.1662,7.778399,202.1,TRUE,4.2,500,300
7516,2016/10/12 5:37,130.6164318,46.32347817,5132972.504,393450.9818,8.334,234.1,TRUE,4.2,500,300
7517,2016/10/12 5:37,130.61635,46.32344617,5132969.058,393444.618,6.482,241.4,TRUE,4.2,500,300
7518,2016/10/12 5:37,130.6162657,46.32341167,5132965.336,393438.0567,6.482,240.3,TRUE,4.2,500,300
7519,2016/10/12 5:37,130.6161795,46.32337917,5132961.839,393431.3577,6.6672,242.8,TRUE,4.2,500,300
7520,2016/10/12 5:37,130.6160942,46.32335267,5132959.009,393424.735,6.2968,242.9,TRUE,4.2,500,300
7521,2016/10/12 5:37,130.616017,46.3233195,5132955.425,393418.7277,6.6672,241,TRUE,4.2,500,300
7522,2016/10/12 5:37,130.6159347,46.323292,5132952.479,393412.3341,6.482,244.3,TRUE,4.2,500,300
7523,2016/10/12 5:37,130.6158412,46.3232715,5132950.327,393405.0938,6.482,258.4,TRUE,4.2,500,300
7524,2016/10/12 5:37,130.6157442,46.32325583,5132948.715,393397.5934,6.8524,252.9,TRUE,4.2,500,300
7525,2016/10/12 5:37,130.615657,46.32324,5132947.073,393390.8497,7.2228,256.1,TRUE,4.2,500,300
7526,2016/10/12 5:37,130.615545,46.3232195,5132944.945,393382.1848,8.334,258.1,TRUE,4.2,500,300
7527,2016/10/12 5:37,130.6154422,46.323204,5132943.361,393374.2357,7.2228,259,TRUE,4.2,500,300
7528,2016/10/12 5:37,130.61533,46.32318883,5132941.825,393365.568,7.778399,262.1,TRUE,4.2,500,300
7529,2016/10/12 5:37,130.6152817,46.323182,5132941.131,393361.8328,2.5928,244.1,TRUE,4.2,500,300
7530,2016/10/12 5:37,130.6152132,46.3231685,5132939.723,393356.5314,7.408,253.6,TRUE,4.2,500,300
7531,2016/10/12 5:38,130.615109,46.32315467,5132938.326,393348.4824,7.2228,258.6,TRUE,4.2,500,300
7532,2016/10/12 5:38,130.6150098,46.32314217,5132937.07,393340.821,6.2968,255,TRUE,4.2,500,300
7533,2016/10/12 5:38,130.614898,46.3231205,5132934.812,393332.1668,8.334,254.5,TRUE,4.2,500,300
7534,2016/10/12 5:38,130.6147923,46.323098,5132932.453,393323.9854,7.0376,256.8,TRUE,4.2,500,300
7535,2016/10/12 5:38,130.6146778,46.3230765,5132930.217,393315.126,8.1488,250,TRUE,4.2,500,300
7536,2016/10/12 5:38,130.6145723,46.32304133,5132926.45,393306.933,7.9636,244,TRUE,4.2,500,300
7537,2016/10/12 5:38,130.6144773,46.32302033,5132924.244,393299.5762,4.63,274.6,FALSE,4.2,0,300
7538,2016/10/12 5:38,130.6144533,46.32302433,5132924.721,393297.7357,0.5556,94.3,FALSE,4.2,0,300
7539,2016/10/12 5:38,130.6144855,46.32301383,5132923.51,393300.1927,2.5928,104.6,FALSE,4.2,0,300
7540,2016/10/12 5:38,130.6145067,46.32299817,5132921.741,393301.7926,2.4076,127.8,FALSE,4.2,0,300
7541,2016/10/12 5:38,130.6144955,46.32300467,5132922.479,393300.945,3.704,324.5,FALSE,4.2,0,300
7542,2016/10/12 5:38,130.6144853,46.32303717,5132926.105,393300.225,3.704,13.5,FALSE,4.2,0,300
7543,2016/10/12 5:38,130.6145173,46.323064,5132929.044,393302.7415,3.5188,48.7,TRUE,4.2,500,300
7544,2016/10/12 5:38,130.6146005,46.3230945,5132932.322,393309.2058,9.26,66.4,TRUE,4.2,500,300
7545,2016/10/12 5:38,130.6147117,46.32311983,5132934.988,393317.8162,8.334,72.2,TRUE,4.2,500,300
7546,2016/10/12 5:39,130.6148238,46.32314367,5132937.487,393326.5,8.519199,71.6,TRUE,4.2,500,300
7547,2016/10/12 5:39,130.6149393,46.3231655,5132939.758,393335.4371,8.334,75.6,TRUE,4.2,500,300
7548,2016/10/12 5:39,130.6150225,46.32318467,5132941.777,393341.8793,4.8152,67.3,TRUE,4.2,500,300
7549,2016/10/12 5:39,130.6151053,46.323196,5132942.925,393348.2801,8.1488,78.2,TRUE,4.2,500,300
7550,2016/10/12 5:39,130.6152062,46.3232105,5132944.401,393356.074,7.5932,82.5,TRUE,4.2,500,300
7551,2016/10/12 5:39,130.6153132,46.3232315,5132946.591,393364.3548,8.889601,75.2,TRUE,4.2,500,300
7552,2016/10/12 5:39,130.6154283,46.32324833,5132948.307,393373.256,8.1488,76.9,TRUE,4.2,500,300
7553,2016/10/12 5:39,130.6155492,46.3232705,5132950.608,393382.605,8.889601,72.4,TRUE,4.2,500,300
7554,2016/10/12 5:39,130.6156667,46.32329067,5132952.692,393391.6928,7.778399,74.1,TRUE,4.2,500,300
7555,2016/10/12 5:39,130.6157832,46.32330933,5132954.61,393400.7007,7.5932,75.8,TRUE,4.2,500,300
7556,2016/10/12 5:39,130.6159005,46.323333,5132957.083,393409.7823,7.9636,70,TRUE,4.2,500,300
7557,2016/10/12 5:39,130.6160052,46.32336783,5132960.814,393417.9105,8.519199,64.8,TRUE,4.2,500,300
7558,2016/10/12 5:39,130.6161057,46.32340083,5132964.346,393425.7141,7.408,68,TRUE,4.2,500,300
7559,2016/10/12 5:39,130.6162028,46.32342383,5132966.772,393433.2411,6.1116,78.6,TRUE,4.2,500,300
7560,2016/10/12 5:39,130.616301,46.323462,5132970.883,393440.8752,7.2228,63.8,TRUE,4.2,500,300
7561,2016/10/12 5:40,130.6163948,46.32349867,5132974.833,393448.1722,7.2228,54.5,TRUE,4.2,500,300
7562,2016/10/12 5:40,130.6164513,46.323559,5132981.463,393452.6404,6.482,22.8,TRUE,4.2,500,300
7563,2016/10/12 5:40,130.6164402,46.3236355,5132989.981,393451.9295,7.9636,343.3,TRUE,4.2,500,300
7564,2016/10/12 5:40,130.616408,46.32371283,5132998.62,393449.6023,7.9636,342.4,TRUE,4.2,500,300
7565,2016/10/12 5:40,130.6163873,46.3237905,5133007.282,393448.1613,8.1488,350.7,TRUE,4.2,500,300
7566,2016/10/12 5:40,130.61636,46.32386983,5133016.137,393446.2107,7.5932,344.7,TRUE,4.2,500,300
7567,2016/10/12 5:40,130.616342,46.32394533,5133024.553,393444.9712,7.778399,351.3,TRUE,4.2,500,300
7568,2016/10/12 5:40,130.6163287,46.32401933,5133032.797,393444.0883,6.482,356.4,TRUE,4.2,500,300
7569,2016/10/12 5:40,130.6163287,46.3240985,5133041.597,393444.2421,8.7044,2.6,TRUE,4.2,500,300
7570,2016/10/12 5:40,130.616335,46.32417533,5133050.128,393444.8787,7.9636,4.4,TRUE,4.2,500,300
7571,2016/10/12 5:40,130.616329,46.3242485,5133058.27,393444.5588,7.2228,356.7,TRUE,4.2,500,300
7572,2016/10/12 5:40,130.6163138,46.324325,5133066.794,393443.5391,7.408,351.9,TRUE,4.2,500,300
7573,2016/10/12 5:40,130.6163022,46.3244005,5133075.202,393442.7878,7.408,354.7,TRUE,4.2,500,300
7574,2016/10/12 5:40,130.6162875,46.32447167,5133083.132,393441.7963,6.8524,353.5,TRUE,4.2,500,300
7575,2016/10/12 5:40,130.616272,46.324552,5133092.082,393440.7587,7.408,353.8,TRUE,4.2,500,300
7576,2016/10/12 5:41,130.6162527,46.32462983,5133100.76,393439.4213,7.778399,350,TRUE,4.2,500,300
7577,2016/10/12 5:41,130.6162335,46.32471267,5133109.994,393438.1059,8.1488,347.7,TRUE,4.2,500,300
7578,2016/10/12 5:41,130.6162208,46.32478917,5133118.514,393437.2788,7.778399,355.2,TRUE,4.2,500,300
7579,2016/10/12 5:41,130.6162213,46.32486717,5133127.184,393437.4687,7.9636,2.6,TRUE,4.2,500,300
7580,2016/10/12 5:41,130.6162207,46.3249485,5133136.225,393437.5759,7.5932,2.4,TRUE,4.2,500,300
7581,2016/10/12 5:41,130.6162147,46.32502733,5133144.995,393437.2669,7.5932,357.3,TRUE,4.2,500,300
7582,2016/10/12 5:41,130.6161997,46.32510267,5133153.39,393436.2581,7.778399,349.4,TRUE,4.2,500,300
7583,2016/10/12 5:41,130.61619,46.32517983,5133161.98,393435.6633,7.0376,355.2,TRUE,4.2,500,300
7584,2016/10/12 5:41,130.616177,46.32526017,5133170.928,393434.8182,7.778399,352,TRUE,4.2,500,300
7585,2016/10/12 5:41,130.6161668,46.32533917,5133179.723,393434.1885,7.778399,359.3,TRUE,4.2,500,300
7586,2016/10/12 5:41,130.6161573,46.32541967,5133188.684,393433.6133,7.9636,352.1,TRUE,4.2,500,300
7587,2016/10/12 5:41,130.6161155,46.325491,5133196.669,393430.5306,7.5932,326.7,TRUE,4.2,500,300
7588,2016/10/12 5:41,130.6160488,46.32555567,5133203.947,393425.5222,7.9636,318.3,TRUE,4.2,500,300
7589,2016/10/12 5:41,130.6159743,46.325619,5133211.087,393419.9082,8.1488,315.1,TRUE,4.2,500,300
7590,2016/10/12 5:41,130.6159012,46.32568433,5133218.447,393414.4013,8.1488,315.6,TRUE,4.2,500,300
7591,2016/10/12 5:42,130.6158232,46.32574633,5133225.443,393408.5152,8.334,318.6,TRUE,4.2,500,300
7592,2016/10/12 5:42,130.6157408,46.325805,5133232.076,393402.2885,8.1488,315.8,TRUE,4.2,500,300
7593,2016/10/12 5:42,130.6156623,46.32587167,5133239.592,393396.373,7.778399,321.4,TRUE,4.2,500,300
7594,2016/10/12 5:42,130.6155882,46.32594117,5133247.417,393390.7973,8.334,322,TRUE,4.2,500,300
7595,2016/10/12 5:42,130.6155217,46.32601183,5133255.361,393385.8137,8.1488,328,TRUE,4.2,500,300
7596,2016/10/12 5:42,130.615462,46.32609283,5133264.445,393381.3761,9.26,336.1,TRUE,4.2,500,300
7597,2016/10/12 5:42,130.6154118,46.32617583,5133273.739,393377.674,9.0748,337.2,TRUE,4.2,500,300
7598,2016/10/12 5:42,130.6153705,46.32624933,5133281.964,393374.6342,8.334,337.3,TRUE,4.2,500,300
7599,2016/10/12 5:42,130.615326,46.32632983,5133290.972,393371.3639,9.26,339.6,TRUE,4.2,500,300
7600,2016/10/12 5:42,130.6152957,46.326424,5133301.481,393369.2113,9.26,352.8,TRUE,4.2,500,300
7601,2016/10/12 5:42,130.6152643,46.32651733,5133311.897,393366.9793,8.7044,348.6,TRUE,4.2,500,300
7602,2016/10/12 5:42,130.6152367,46.32659767,5133320.865,393365.0055,7.2228,345.3,TRUE,4.2,500,300
7603,2016/10/12 5:42,130.6152003,46.3266655,5133328.453,393362.339,5.7412,331.2,TRUE,4.2,500,300
7604,2016/10/12 5:42,130.615143,46.3267285,5133335.533,393358.0467,7.9636,324.8,TRUE,4.2,500,300
7605,2016/10/12 5:42,130.615064,46.32678867,5133342.328,393352.0803,8.1488,313.2,TRUE,4.2,500,300
7606,2016/10/12 5:43,130.6149772,46.326842,5133348.373,393345.4976,8.1488,306.2,TRUE,4.2,500,300
7607,2016/10/12 5:43,130.6148828,46.32689933,5133354.873,393338.3444,8.7044,312.1,TRUE,4.2,500,300
7608,2016/10/12 5:43,130.6147893,46.32694617,5133360.205,393331.2355,7.778399,304.2,TRUE,4.2,500,300
7609,2016/10/12 5:43,130.6146853,46.32698733,5133364.92,393323.307,8.7044,292.1,TRUE,4.2,500,300
7610,2016/10/12 5:43,130.6145763,46.3270175,5133368.421,393314.9722,8.1488,286.7,TRUE,4.2,500,300
7611,2016/10/12 5:43,130.6144577,46.3270325,5133370.248,393305.864,8.334,278,TRUE,4.2,500,300
7612,2016/10/12 5:43,130.614343,46.3270445,5133371.736,393297.0572,7.9636,275,TRUE,4.2,500,300
7613,2016/10/12 5:43,130.6142298,46.32706,5133373.612,393288.3727,8.334,288.6,TRUE,4.2,500,300
7614,2016/10/12 5:43,130.6141198,46.32709933,5133378.132,393279.9787,8.519199,303.3,TRUE,4.2,500,300
7615,2016/10/12 5:43,130.614011,46.327139,5133382.688,393271.6755,7.5932,295.2,TRUE,4.2,500,300
7616,2016/10/12 5:43,130.6139023,46.32717233,5133386.539,393263.3722,7.778399,294.1,TRUE,4.2,500,300
7617,2016/10/12 5:43,130.6137922,46.32720083,5133389.856,393254.9449,7.9636,294.1,TRUE,4.2,500,300
7618,2016/10/12 5:43,130.6136915,46.327231,5133393.345,393247.2516,7.408,294.8,TRUE,4.2,500,300
7619,2016/10/12 5:43,130.6136017,46.32727717,5133398.598,393240.4241,7.408,308.6,TRUE,4.2,500,300
7620,2016/10/12 5:43,130.6135157,46.3273225,5133403.753,393233.8899,7.5932,304,TRUE,4.2,500,300
7621,2016/10/12 5:44,130.613423,46.32736233,5133408.305,393226.8315,7.778399,300.5,TRUE,4.2,500,300
7622,2016/10/12 5:44,130.6133205,46.3274,5133412.63,393219.0118,7.778399,301.5,TRUE,4.2,500,300
7623,2016/10/12 5:44,130.6132128,46.32743883,5133417.092,393210.7964,8.7044,299,TRUE,4.2,500,300
7624,2016/10/12 5:44,130.6131112,46.32748133,5133421.953,393203.0509,8.1488,302.6,TRUE,4.2,500,300
7625,2016/10/12 5:44,130.6130093,46.3275295,5133427.445,393195.3026,8.7044,302.2,TRUE,4.2,500,300
7626,2016/10/12 5:44,130.6129105,46.32757967,5133433.155,393187.7899,8.519199,306.4,TRUE,4.2,500,300
7627,2016/10/12 5:44,130.6128202,46.3276335,5133439.26,393180.939,8.334,312.6,TRUE,4.2,500,300
7628,2016/10/12 5:44,130.6127367,46.32768617,5133445.227,393174.6117,7.778399,309.4,TRUE,4.2,500,300
7629,2016/10/12 5:44,130.6126512,46.32773167,5133450.4,393168.1165,7.408,306.7,TRUE,4.2,500,300
7630,2016/10/12 5:44,130.6125662,46.3277825,5133456.165,393161.6701,7.5932,309.5,TRUE,4.2,500,300
7631,2016/10/12 5:44,130.6124753,46.32783717,5133462.364,393154.7816,8.519199,309.8,TRUE,4.2,500,300
7632,2016/10/12 5:44,130.612383,46.3278825,5133467.528,393147.7602,7.2228,304.2,TRUE,4.2,500,300
7633,2016/10/12 5:44,130.6123085,46.32792917,5133472.816,393142.1143,6.6672,311.4,TRUE,4.2,500,300
7634,2016/10/12 5:44,130.612241,46.3279845,5133479.057,393137.0243,7.2228,319.6,TRUE,4.2,500,300
7635,2016/10/12 5:44,130.6121725,46.328034,5133484.652,393131.846,5.7412,309.7,TRUE,4.2,500,300
7636,2016/10/12 5:45,130.6120913,46.32808417,5133490.338,393125.6934,8.1488,313.5,TRUE,4.2,500,300
7637,2016/10/12 5:45,130.6120083,46.328138,5133496.434,393119.407,8.7044,315.5,TRUE,4.2,500,300
7638,2016/10/12 5:45,130.6119297,46.32819183,5133502.523,393113.4548,6.8524,313.3,TRUE,4.2,500,300
7639,2016/10/12 5:45,130.6118438,46.32823867,5133507.846,393106.9361,7.2228,306.4,TRUE,4.2,500,300
7640,2016/10/12 5:45,130.61176,46.32828983,5133513.646,393100.5807,8.1488,315,TRUE,4.2,500,300
7641,2016/10/12 5:45,130.6117075,46.32834533,5133519.886,393096.6461,5.0004,344.6,TRUE,4.2,500,300
7642,2016/10/12 5:45,130.6117062,46.32840533,5133526.557,393096.6606,2.778,7.4,TRUE,4.2,500,300
7643,2016/10/12 5:45,130.6117078,46.328443,5133530.742,393096.8619,3.704,3.6,TRUE,4.2,500,300
7644,2016/10/12 5:45,130.611691,46.32850217,5133537.342,393095.6812,5.556,344.4,TRUE,4.2,500,300
7645,2016/10/12 5:45,130.6116572,46.328556,5133543.371,393093.1811,4.8152,329.2,TRUE,4.2,500,300
7646,2016/10/12 5:45,130.611608,46.328607,5133549.106,393089.4943,6.482,318.4,TRUE,4.2,500,300
7647,2016/10/12 5:45,130.611556,46.328655,5133554.512,393085.5837,5.1856,326.4,TRUE,4.2,500,300
7648,2016/10/12 5:45,130.6115128,46.3287045,5133560.073,393082.356,5.1856,338.1,TRUE,4.2,500,300
7649,2016/10/12 5:45,130.6114823,46.3287655,5133566.894,393080.1263,6.2968,342.9,TRUE,4.2,500,300
7650,2016/10/12 5:45,130.611436,46.328821,5133573.126,393076.6669,6.2968,328.7,TRUE,4.2,500,300
7651,2016/10/12 5:46,130.6113645,46.32885667,5133577.187,393071.2308,6.1116,289.3,TRUE,4.2,500,300
7652,2016/10/12 5:46,130.6112785,46.32887683,5133579.544,393064.6479,6.8524,284.6,TRUE,4.2,500,300
7653,2016/10/12 5:46,130.6111905,46.328903,5133582.572,393057.9227,6.482,295.6,TRUE,4.2,500,300
7654,2016/10/12 5:46,130.6111052,46.32892767,5133585.43,393051.4002,5.9264,294.9,TRUE,4.2,500,300
7655,2016/10/12 5:46,130.6110233,46.32895317,5133588.375,393045.1481,5.9264,293.3,TRUE,4.2,500,300
7656,2016/10/12 5:46,130.6109327,46.328976,5133591.035,393038.2116,6.1116,289.1,TRUE,4.2,500,300
7657,2016/10/12 5:46,130.6108565,46.32899017,5133592.713,393032.374,3.5188,267.2,FALSE,4.2,0,300
7658,2016/10/12 5:46,130.6108213,46.32898783,5133592.5,393029.6613,2.778,255,FALSE,4.2,0,300
7659,2016/10/12 5:46,130.6107898,46.32896533,5133590.042,393027.1919,2.4076,222.6,FALSE,4.2,0,300
7660,2016/10/12 5:46,130.610776,46.32894533,5133587.837,393026.0879,0.5556,23.6,TRUE,4.2,476,300
7661,2016/10/12 5:46,130.6107813,46.32897033,5133590.609,393026.5471,2.9632,23.9,FALSE,4.2,0,300
7662,2016/10/12 5:46,130.6107913,46.32897933,5133591.596,393027.3347,0,0,FALSE,4.2,0,300
7663,2016/10/12 5:46,130.6107863,46.328971,5133590.677,393026.9334,3.8892,205,TRUE,4.2,500,300
7664,2016/10/12 5:46,130.6107707,46.32894583,5133587.9,393025.6785,4.2596,203.3,TRUE,4.2,500,300
7665,2016/10/12 5:46,130.610748,46.3288975,5133582.558,393023.8386,5.0004,194.6,TRUE,4.2,500,300
7666,2016/10/12 5:47,130.6107263,46.328844,5133576.641,393022.0657,5.7412,196.6,TRUE,4.2,500,300
7667,2016/10/12 5:47,130.610705,46.328797,5133571.445,393020.3316,5.0004,199.6,TRUE,4.2,500,300
7668,2016/10/12 5:47,130.6106748,46.32874867,5133566.114,393017.9142,5.9264,205.3,TRUE,4.2,500,300
7669,2016/10/12 5:47,130.6106517,46.32870183,5133560.939,393016.0395,5.0004,202.2,TRUE,4.2,500,300
7670,2016/10/12 5:47,130.6106255,46.32865133,5133555.361,393013.9258,5.3708,200.2,TRUE,4.2,500,300
7671,2016/10/12 5:47,130.6105908,46.32860267,5133549.999,393011.1613,5.1856,207.9,TRUE,4.2,500,300
7672,2016/10/12 5:47,130.610561,46.32855383,5133544.61,393008.769,5.1856,203.5,TRUE,4.2,500,300
7673,2016/10/12 5:47,130.6105432,46.3285035,5133539.04,393007.2979,5.3708,197.3,TRUE,4.2,500,300
7674,2016/10/12 5:47,130.6105128,46.3284515,5133533.3,393004.8603,5.0004,202.7,TRUE,4.2,500,300
7675,2016/10/12 5:47,130.6104875,46.32840267,5133527.907,393002.8146,4.8152,200.3,TRUE,4.2,500,300
7676,2016/10/12 5:47,130.6104635,46.328354,5133522.529,393000.8716,5.0004,193.2,TRUE,4.2,500,300
7677,2016/10/12 5:47,130.6104347,46.32830533,5133517.158,392998.5567,4.4448,199.5,TRUE,4.2,500,300
7678,2016/10/12 5:47,130.6104085,46.32825317,5133511.396,392996.4398,5.556,194.6,TRUE,4.2,500,300
7679,2016/10/12 5:47,130.6103805,46.32820433,5133506.005,392994.1884,5.1856,206.1,TRUE,4.2,500,300
7680,2016/10/12 5:47,130.6103505,46.32815433,5133500.487,392991.7808,5.1856,197.7,TRUE,4.2,500,300
7681,2016/10/12 5:48,130.6103222,46.32810717,5133495.284,392989.5073,4.8152,205.8,TRUE,4.2,500,300
7682,2016/10/12 5:48,130.6102947,46.328056,5133489.633,392987.2899,5.7412,201.1,TRUE,4.2,500,300
7683,2016/10/12 5:48,130.6102717,46.32801217,5133484.792,392985.4334,4.8152,201.3,TRUE,4.2,500,300
7684,2016/10/12 5:48,130.6102405,46.327965,5133479.591,392982.9412,5.0004,200.6,TRUE,4.2,500,300
7685,2016/10/12 5:48,130.6102105,46.32792033,5133474.666,392980.5439,4.63,200.1,TRUE,4.2,500,300
7686,2016/10/12 5:48,130.6101847,46.32787217,5133469.348,392978.461,5.3708,199.4,TRUE,4.2,500,300
7687,2016/10/12 5:48,130.610156,46.32782167,5133463.773,392976.1548,5.0004,200.4,TRUE,4.2,500,300
7688,2016/10/12 5:48,130.6101367,46.327776,5133458.723,392974.5772,5.0004,196.4,TRUE,4.2,500,300
7689,2016/10/12 5:48,130.6101158,46.32772567,5133453.156,392972.8743,5.1856,198.3,TRUE,4.2,500,300
7690,2016/10/12 5:48,130.6100915,46.3276735,5133447.39,392970.899,5.1856,198.6,TRUE,4.2,500,300
7691,2016/10/12 5:48,130.6100668,46.32762483,5133442.014,392968.9044,5.3708,200.8,TRUE,4.2,500,300
7692,2016/10/12 5:48,130.6100417,46.32757283,5133436.267,392966.8656,4.4448,198.9,TRUE,4.2,500,300
7693,2016/10/12 5:48,130.6100135,46.32752533,5133431.026,392964.6037,4.63,207.9,TRUE,4.2,500,300
7694,2016/10/12 5:48,130.6099962,46.32747317,5133425.251,392963.1675,4.63,190.3,TRUE,4.2,500,300
7695,2016/10/12 5:48,130.609967,46.327421,5133419.491,392960.8195,5.556,201.6,TRUE,4.2,500,300
7696,2016/10/12 5:49,130.6099428,46.327372,5133414.078,392958.8627,5.1856,196.5,TRUE,4.2,500,300
7697,2016/10/12 5:49,130.6099112,46.32732017,5133408.359,392956.3236,5.0004,204.3,TRUE,4.2,500,300
7698,2016/10/12 5:49,130.6098842,46.327269,5133402.708,392954.1447,5.0004,201.9,TRUE,4.2,500,300
7699,2016/10/12 5:49,130.6098575,46.32721433,5133396.667,392951.9843,5.1856,198.2,TRUE,4.2,500,300
7700,2016/10/12 5:49,130.6098358,46.327166,5133391.324,392950.2213,4.63,195.7,TRUE,4.2,500,300
7701,2016/10/12 5:49,130.609811,46.327113,5133385.466,392948.2059,4.4448,193.1,TRUE,4.2,500,300
7702,2016/10/12 5:49,130.6097882,46.32706667,5133380.347,392946.3575,4.63,199,TRUE,4.2,500,300
7703,2016/10/12 5:49,130.6097603,46.32701567,5133374.716,392944.1141,5.0004,203,TRUE,4.2,500,300
7704,2016/10/12 5:49,130.6097397,46.32696567,5133369.186,392942.4257,4.63,189.9,TRUE,4.2,500,300
7705,2016/10/12 5:49,130.6097147,46.326921,5133364.254,392940.4134,4.63,199.3,TRUE,4.2,500,300
7706,2016/10/12 5:49,130.6096887,46.32686483,5133358.046,392938.3017,5.1856,194.8,TRUE,4.2,500,300
7707,2016/10/12 5:49,130.6096662,46.3268105,5133352.037,392936.463,5.556,199.7,TRUE,4.2,500,300
7708,2016/10/12 5:49,130.6096398,46.32675817,5133346.256,392934.3326,5.0004,197.3,TRUE,4.2,500,300
7709,2016/10/12 5:49,130.609617,46.32670533,5133340.413,392932.4715,5.556,194.3,TRUE,4.2,500,300
7710,2016/10/12 5:49,130.60959,46.326653,5133334.633,392930.2902,5.556,198.7,TRUE,4.2,500,300
7711,2016/10/12 5:50,130.6095633,46.32660133,5133328.926,392928.1357,5.0004,199.6,TRUE,4.2,500,300
7712,2016/10/12 5:50,130.6095408,46.32654967,5133323.214,392926.3022,5.7412,196.1,TRUE,4.2,500,300
7713,2016/10/12 5:50,130.6095255,46.32650583,5133318.361,392925.0362,4.0744,192,TRUE,4.2,500,300
7714,2016/10/12 5:50,130.6095035,46.3264575,5133313.019,392923.2477,5.556,196,TRUE,4.2,500,300
7715,2016/10/12 5:50,130.609485,46.3264155,5133308.375,392921.7412,4.2596,200.3,TRUE,4.2,500,300
7716,2016/10/12 5:50,130.6094603,46.3263615,5133302.406,392919.7361,5.1856,195.2,TRUE,4.2,500,300
7717,2016/10/12 5:50,130.6094357,46.32630917,5133296.623,392917.735,4.8152,203.5,TRUE,4.2,500,300
7718,2016/10/12 5:50,130.6094083,46.326256,5133290.75,392915.5259,6.1116,194,TRUE,4.2,500,300
7719,2016/10/12 5:50,130.6093747,46.32620733,5133285.385,392912.8389,4.4448,207.8,TRUE,4.2,500,300
7720,2016/10/12 5:50,130.6093455,46.32616517,5133280.738,392910.5103,4.0744,206.8,TRUE,4.2,500,300
7721,2016/10/12 5:50,130.609313,46.32612183,5133275.965,392907.923,5.0004,204.5,TRUE,4.2,500,300
7722,2016/10/12 5:50,130.6092727,46.326076,5133270.925,392904.7279,5.3708,209.9,TRUE,4.2,500,300
7723,2016/10/12 5:50,130.6092328,46.326031,5133265.977,392901.5722,5.3708,213,TRUE,4.2,500,300
7724,2016/10/12 5:50,130.6091905,46.32598683,5133261.124,392898.2263,4.8152,213.1,TRUE,4.2,500,300
7725,2016/10/12 5:50,130.6091442,46.3259445,5133256.482,392894.576,4.8152,221.9,TRUE,4.2,500,300
7726,2016/10/12 5:51,130.6090913,46.32590233,5133251.866,392890.4247,5.7412,221.2,TRUE,4.2,500,300
7727,2016/10/12 5:51,130.6090388,46.32586517,5133247.806,392886.3093,5.0004,230.5,TRUE,4.2,500,300
7728,2016/10/12 5:51,130.6089727,46.32583467,5133244.505,392881.155,5.556,238.9,TRUE,4.2,500,300
7729,2016/10/12 5:51,130.6089128,46.325802,5133240.955,392876.4832,4.63,218.9,TRUE,4.2,500,300
7730,2016/10/12 5:51,130.6088925,46.32577517,5133238,392874.8652,4.8152,206,TRUE,4.2,500,300
7731,2016/10/12 5:51,130.6088878,46.32577,5133237.432,392874.4955,1.4816,11.3,FALSE,4.2,0,300
7732,2016/10/12 5:51,130.608891,46.3257865,5133239.261,392874.7719,1.2964,345.2,FALSE,4.2,0,300
7733,2016/10/12 5:51,130.6088835,46.32579967,5133240.735,392874.22,1.6668,333,FALSE,4.2,0,300
7734,2016/10/12 5:51,130.608876,46.32580683,5133241.542,392873.6565,0,0,FALSE,4.2,0,300
7735,2016/10/12 5:51,130.6088972,46.32578983,5133239.623,392875.2535,2.2224,129.1,FALSE,4.2,0,300
7736,2016/10/12 5:51,130.608942,46.32578717,5133239.267,392878.7005,3.5188,96,FALSE,4.2,0,300
7737,2016/10/12 5:51,130.6089905,46.3258065,5133241.35,392882.473,4.0744,49.2,TRUE,4.2,500,300
7738,2016/10/12 5:51,130.6090447,46.32583933,5133244.926,392886.7086,5.556,45.1,TRUE,4.2,500,300
7739,2016/10/12 5:51,130.6090983,46.32587017,5133248.281,392890.9009,5.0004,42.5,TRUE,4.2,500,300
7740,2016/10/12 5:51,130.6091408,46.32591017,5133252.67,392894.2518,4.63,37.8,TRUE,4.2,500,300
7741,2016/10/12 5:52,130.6091838,46.32594267,5133256.225,392897.6265,4.63,38.3,TRUE,4.2,500,300
7742,2016/10/12 5:52,130.6092238,46.3259755,5133259.82,392900.7708,4.2596,41.7,TRUE,4.2,500,300
7743,2016/10/12 5:52,130.6092688,46.326011,5133263.705,392904.3054,4.8152,40.4,TRUE,4.2,500,300
7744,2016/10/12 5:52,130.6093072,46.32604533,5133267.469,392907.3248,4.8152,34.2,TRUE,4.2,500,300
7745,2016/10/12 5:52,130.6093438,46.32608333,5133271.644,392910.222,3.8892,32.1,TRUE,4.2,500,300
7746,2016/10/12 5:52,130.6093838,46.32613117,5133276.907,392913.3956,4.8152,30.5,TRUE,4.2,500,300
7747,2016/10/12 5:52,130.6094203,46.32618,5133282.286,392916.3016,5.3708,25.5,TRUE,4.2,500,300
7748,2016/10/12 5:52,130.6094477,46.3262325,5133288.084,392918.5094,5.3708,20.1,TRUE,4.2,500,300
7749,2016/10/12 5:52,130.609478,46.32628567,5133293.953,392920.9488,5.0004,15.6,TRUE,4.2,500,300
7750,2016/10/12 5:52,130.6094988,46.3263365,5133299.575,392922.652,5.3708,16.8,TRUE,4.2,500,300
7751,2016/10/12 5:52,130.6095218,46.3263955,5133306.103,392924.5383,5.3708,18.1,TRUE,4.2,500,300
7752,2016/10/12 5:52,130.609549,46.326451,5133312.235,392926.7388,5.7412,18.2,TRUE,4.2,500,300
7753,2016/10/12 5:52,130.6095765,46.32650483,5133318.181,392928.9615,6.482,14.3,TRUE,4.2,500,300
7754,2016/10/12 5:52,130.6096045,46.32656283,5133324.591,392931.2308,6.6672,13.8,TRUE,4.2,500,300
7755,2016/10/12 5:52,130.6096412,46.3266285,5133331.841,392934.1828,5.1856,22,TRUE,4.2,500,300
7756,2016/10/12 5:53,130.6096682,46.32668517,5133338.103,392936.3725,6.8524,14.6,TRUE,4.2,500,300
7757,2016/10/12 5:53,130.6096932,46.32674767,5133345.017,392938.4196,7.0376,16.3,TRUE,4.2,500,300
7758,2016/10/12 5:53,130.6097203,46.326807,5133351.575,392940.6268,5.0004,14.6,TRUE,4.2,500,300
7759,2016/10/12 5:53,130.6097535,46.32687967,5133359.608,392943.3228,7.778399,19.1,TRUE,4.2,500,300
7760,2016/10/12 5:53,130.609784,46.32693917,5133366.18,392945.7876,7.0376,19.6,TRUE,4.2,500,300
7761,2016/10/12 5:53,130.6098188,46.32701283,5133374.321,392948.6134,8.1488,17.5,TRUE,4.2,500,300
7762,2016/10/12 5:53,130.6098435,46.32707283,5133380.957,392950.6301,6.1116,11.4,TRUE,4.2,500,300
7763,2016/10/12 5:53,130.609878,46.32714417,5133388.84,392953.426,7.5932,17.1,TRUE,4.2,500,300
7764,2016/10/12 5:53,130.6099105,46.327209,5133396.003,392956.0551,5.556,20.4,TRUE,4.2,500,300
7765,2016/10/12 5:53,130.6099442,46.327274,5133403.182,392958.7747,6.482,19.3,TRUE,4.2,500,300
7766,2016/10/12 5:53,130.609978,46.3273435,5133410.862,392961.5153,7.2228,20.8,TRUE,4.2,500,300
7767,2016/10/12 5:53,130.6100122,46.32740517,5133417.671,392964.2669,5.7412,23.8,TRUE,4.2,500,300
7768,2016/10/12 5:53,130.6100498,46.3274805,5133425.993,392967.3138,7.778399,16.7,TRUE,4.2,500,300
7769,2016/10/12 5:53,130.610081,46.32755183,5133433.88,392969.8531,7.2228,15.3,TRUE,4.2,500,300
7770,2016/10/12 5:53,130.6101102,46.32760967,5133440.27,392972.2122,5.9264,14.7,TRUE,4.2,500,300
7771,2016/10/12 5:54,130.610144,46.32768267,5133448.339,392974.9596,5.7412,16.8,TRUE,4.2,500,300
7772,2016/10/12 5:54,130.6101748,46.32774917,5133455.689,392977.4634,5.9264,17.9,TRUE,4.2,500,300
7773,2016/10/12 5:54,130.6102105,46.32781567,5133463.032,392980.3398,7.5932,25.4,TRUE,4.2,500,300
7774,2016/10/12 5:54,130.6102503,46.3278835,5133470.518,392983.5392,7.2228,23.7,TRUE,4.2,500,300
7775,2016/10/12 5:54,130.610291,46.32795033,5133477.892,392986.8012,7.5932,20.2,TRUE,4.2,500,300
7776,2016/10/12 5:54,130.6103303,46.3280175,5133485.305,392989.9608,7.0376,22.1,TRUE,4.2,500,300
7777,2016/10/12 5:54,130.6103723,46.32808983,5133493.288,392993.336,8.334,23.6,TRUE,4.2,500,300
7778,2016/10/12 5:54,130.6104103,46.328162,5133501.259,392996.4029,8.334,22.8,TRUE,4.2,500,300
7779,2016/10/12 5:54,130.6104537,46.32823317,5133509.112,392999.879,8.519199,21.3,TRUE,4.2,500,300
7780,2016/10/12 5:54,130.6104937,46.32831267,5133517.895,393003.1141,8.519199,17.4,TRUE,4.2,500,300
7781,2016/10/12 5:54,130.6105383,46.32838633,5133526.022,393006.6967,8.1488,21.7,TRUE,4.2,500,300
7782,2016/10/12 5:54,130.6105818,46.328457,5133533.819,393010.1842,7.9636,19.2,TRUE,4.2,500,300
7783,2016/10/12 5:54,130.6106277,46.328528,5133541.649,393013.8524,7.0376,23.9,TRUE,4.2,500,300
7784,2016/10/12 5:54,130.6106737,46.32860167,5133549.776,393017.5382,7.408,21.7,TRUE,4.2,500,300
7785,2016/10/12 5:54,130.6107042,46.32867917,5133558.349,393020.0379,8.1488,13.8,TRUE,4.2,500,300
7786,2016/10/12 5:55,130.6107197,46.3287655,5133567.924,393021.3998,8.7044,6.9,TRUE,4.2,500,300
7787,2016/10/12 5:55,130.6107195,46.3288465,5133576.928,393021.5446,6.6672,5.5,TRUE,4.2,462,300
7788,2016/10/12 5:55,130.6107183,46.3289025,5133583.154,393021.5637,4.63,2.7,FALSE,4.2,0,300
7789,2016/10/12 5:55,130.6107337,46.32895,5133588.414,393022.8375,4.8152,19.2,FALSE,4.2,0,300
7790,2016/10/12 5:55,130.6107545,46.328998,5133593.721,393024.5351,5.0004,20.5,FALSE,4.2,0,300
