序列号,GPS时间,经度,纬度,x,y,速度(km/h),航向,工作状态,幅宽(m),深度(mm),深度标准值
1,2022/10/8 6:03,131.3923883,46.869683,5192938.998,453675.2986,0.62968,0,FALSE,3.6,0,300
2,2022/10/8 6:03,131.3923868,46.86969983,5192940.87,453675.1987,0,0,FALSE,3.6,0,300
3,2022/10/8 6:03,131.3923795,46.8697025,5192941.171,453674.6445,0,0,FALSE,3.6,0,300
4,2022/10/8 6:03,131.3923775,46.86970567,5192941.525,453674.4947,0,0,FALSE,3.6,0,300
5,2022/10/8 6:03,131.3923745,46.86970733,5192941.711,453674.2674,0,0,FALSE,3.6,0,300
6,2022/10/8 6:03,131.3923762,46.86970433,5192941.377,453674.3944,0,0,FALSE,3.6,0,300
7,2022/10/8 6:03,131.3923772,46.86970267,5192941.192,453674.4693,0,0,FALSE,3.6,0,300
8,2022/10/8 6:03,131.392378,46.8697015,5192941.061,453674.5292,0,0,FALSE,3.6,0,300
9,2022/10/8 6:03,131.392378,46.8697005,5192940.95,453674.5284,0,0,FALSE,3.6,0,300
10,2022/10/8 6:03,131.3923777,46.86969967,5192940.858,453674.5048,0,0,FALSE,3.6,0,300
11,2022/10/8 6:03,131.3923775,46.8696995,5192940.839,453674.4894,0,0,FALSE,3.6,0,300
12,2022/10/8 6:03,131.3923775,46.86969933,5192940.82,453674.4892,0,0,FALSE,3.6,0,300
13,2022/10/8 6:03,131.3923773,46.869699,5192940.784,453674.4737,0,0,FALSE,3.6,0,300
14,2022/10/8 6:03,131.3923772,46.86969917,5192940.802,453674.4662,0,0,FALSE,3.6,0,300
15,2022/10/8 6:04,131.392377,46.86969933,5192940.82,453674.4511,0,0,FALSE,3.6,0,300
16,2022/10/8 6:04,131.3923768,46.86969933,5192940.82,453674.4359,0,0,FALSE,3.6,0,300
17,2022/10/8 6:04,131.3923767,46.8696995,5192940.839,453674.4284,0,0,FALSE,3.6,0,300
18,2022/10/8 6:04,131.3923763,46.86969967,5192940.859,453674.3981,0,0,FALSE,3.6,0,300
19,2022/10/8 6:04,131.3923762,46.86969967,5192940.859,453674.3904,0,0,FALSE,3.6,0,300
20,2022/10/8 6:04,131.3923758,46.86969983,5192940.877,453674.3601,0,0,FALSE,3.6,0,300
21,2022/10/8 6:04,131.3923757,46.86970017,5192940.915,453674.3527,0,0,FALSE,3.6,0,300
22,2022/10/8 6:04,131.3923755,46.86970017,5192940.915,453674.3375,0,0,FALSE,3.6,0,300
23,2022/10/8 6:04,131.3923752,46.86970067,5192940.97,453674.315,0,0,FALSE,3.6,0,300
24,2022/10/8 6:04,131.392375,46.869701,5192941.007,453674.3001,0,0,FALSE,3.6,0,300
25,2022/10/8 6:04,131.3923747,46.86970133,5192941.044,453674.2775,0,0,FALSE,3.6,0,300
26,2022/10/8 6:04,131.3923742,46.86970167,5192941.082,453674.2397,0,0,FALSE,3.6,0,300
27,2022/10/8 6:04,131.3923738,46.86970167,5192941.082,453674.2092,0,0,FALSE,3.6,0,300
28,2022/10/8 6:04,131.3923733,46.86970183,5192941.1,453674.1712,0,0,FALSE,3.6,0,300
29,2022/10/8 6:04,131.3923728,46.869702,5192941.12,453674.1332,0,0,FALSE,3.6,0,300
30,2022/10/8 6:05,131.3923725,46.869702,5192941.12,453674.1103,0,0,FALSE,3.6,0,300
31,2022/10/8 6:05,131.3923722,46.869702,5192941.12,453674.0875,0,0,FALSE,3.6,0,300
32,2022/10/8 6:05,131.3923718,46.86970183,5192941.101,453674.0568,0,0,FALSE,3.6,0,300
33,2022/10/8 6:05,131.3923713,46.86970183,5192941.102,453674.0187,0,0,FALSE,3.6,0,300
34,2022/10/8 6:05,131.392371,46.86970167,5192941.084,453673.9957,0,0,FALSE,3.6,0,300
35,2022/10/8 6:05,131.3923707,46.8697015,5192941.065,453673.9727,0,0,FALSE,3.6,0,300
36,2022/10/8 6:05,131.3923705,46.8697015,5192941.065,453673.9574,0,0,FALSE,3.6,0,300
37,2022/10/8 6:05,131.3923702,46.8697015,5192941.066,453673.9346,0,0,FALSE,3.6,0,300
38,2022/10/8 6:05,131.39237,46.8697015,5192941.066,453673.9193,0,0,FALSE,3.6,0,300
39,2022/10/8 6:05,131.3923697,46.86970133,5192941.047,453673.8963,0,0,FALSE,3.6,0,300
40,2022/10/8 6:05,131.3923693,46.86970133,5192941.047,453673.8658,0,0,FALSE,3.6,0,300
41,2022/10/8 6:05,131.3923692,46.8697015,5192941.066,453673.8583,0,0,FALSE,3.6,0,300
42,2022/10/8 6:05,131.3923688,46.8697015,5192941.066,453673.8278,0,0,FALSE,3.6,0,300
43,2022/10/8 6:05,131.3923685,46.86970133,5192941.048,453673.8048,0,0,FALSE,3.6,0,300
44,2022/10/8 6:05,131.3923682,46.86970133,5192941.048,453673.7819,0,0,FALSE,3.6,0,300
45,2022/10/8 6:06,131.3923678,46.86970133,5192941.048,453673.7514,0,0,FALSE,3.6,0,300
46,2022/10/8 6:06,131.3923677,46.86970133,5192941.048,453673.7438,0,0,FALSE,3.6,0,300
47,2022/10/8 6:06,131.3923675,46.86970133,5192941.048,453673.7286,0,0,FALSE,3.6,0,300
48,2022/10/8 6:06,131.3923672,46.86970117,5192941.031,453673.7056,0,0,FALSE,3.6,0,300
49,2022/10/8 6:06,131.392367,46.869701,5192941.012,453673.6902,0,0,FALSE,3.6,0,300
50,2022/10/8 6:06,131.3923667,46.86970083,5192940.993,453673.6671,0,0,FALSE,3.6,0,300
51,2022/10/8 6:06,131.3923665,46.86970083,5192940.993,453673.6519,0,0,FALSE,3.6,0,300
52,2022/10/8 6:06,131.392373,46.86970417,5192941.361,453674.1503,1.81496,53.1,FALSE,3.6,0,300
53,2022/10/8 6:06,131.3923798,46.8697085,5192941.838,453674.6725,0,0,FALSE,3.6,0,300
54,2022/10/8 6:06,131.3923713,46.86970183,5192941.102,453674.0187,2.2224,214.4,FALSE,3.6,0,300
55,2022/10/8 6:06,131.392356,46.8696765,5192938.295,453672.8304,2.53724,187.6,FALSE,3.6,0,300
56,2022/10/8 6:06,131.3923505,46.86965867,5192936.316,453672.3958,3.20396,208.2,FALSE,3.6,0,300
57,2022/10/8 6:06,131.3923392,46.86963167,5192933.321,453671.511,3.46324,174.1,TRUE,3.6,476,300
58,2022/10/8 6:06,131.3923533,46.86958883,5192928.55,453672.5492,4.05588,170.9,TRUE,3.6,493,300
59,2022/10/8 6:06,131.392364,46.86954383,5192923.541,453673.3262,4.87076,175.2,TRUE,3.6,479,300
60,2022/10/8 6:07,131.3923717,46.86949217,5192917.794,453673.8688,5.51896,173.8,TRUE,3.6,470,300
61,2022/10/8 6:07,131.3923787,46.86943417,5192911.342,453674.3526,5.40784,170,TRUE,3.6,500,300
62,2022/10/8 6:07,131.3923817,46.86937933,5192905.244,453674.5341,5.13004,171,TRUE,3.6,498,300
63,2022/10/8 6:07,131.3923897,46.86933067,5192899.83,453675.1022,5.556,171.8,TRUE,3.6,447,300
64,2022/10/8 6:07,131.392398,46.86927433,5192893.562,453675.6865,5.2782,175.4,TRUE,3.6,474,300
65,2022/10/8 6:07,131.3924087,46.86921767,5192887.257,453676.4535,5.63008,173.9,TRUE,3.6,487,300
66,2022/10/8 6:07,131.3924178,46.86916883,5192881.822,453677.1053,4.20404,173.5,TRUE,3.6,444,300
67,2022/10/8 6:07,131.3924222,46.86911517,5192875.854,453677.3946,5.29672,174.3,TRUE,3.6,472,300
68,2022/10/8 6:07,131.3924337,46.869059,5192869.603,453678.2231,5.61156,170.3,TRUE,3.6,500,300
69,2022/10/8 6:07,131.3924497,46.86899833,5192862.849,453679.3907,4.70408,173.6,TRUE,3.6,446,300
70,2022/10/8 6:07,131.3924587,46.868947,5192857.137,453680.0327,4.8152,169.1,TRUE,3.6,492,300
71,2022/10/8 6:07,131.3924513,46.86890617,5192852.603,453679.4334,5.48192,174.8,TRUE,3.6,467,300
72,2022/10/8 6:07,131.3924568,46.86885583,5192847.003,453679.8094,5.22264,174.7,TRUE,3.6,442,300
73,2022/10/8 6:07,131.3924688,46.86880033,5192840.826,453680.6766,5.35228,176,TRUE,3.6,500,300
74,2022/10/8 6:07,131.3924773,46.868754,5192835.671,453681.2848,3.46324,180.4,TRUE,3.6,459,300
75,2022/10/8 6:08,131.3924818,46.8687185,5192831.722,453681.5973,3.38916,170,TRUE,3.6,474,300
76,2022/10/8 6:08,131.3924903,46.8686775,5192827.159,453682.2101,4.68556,167.8,TRUE,3.6,500,300
77,2022/10/8 6:08,131.3925015,46.86862433,5192821.241,453683.0183,5.40784,178.8,TRUE,3.6,500,300
78,2022/10/8 6:08,131.3925117,46.86857217,5192815.437,453683.7511,5.79676,172.5,TRUE,3.6,494,300
79,2022/10/8 6:08,131.392525,46.86851833,5192809.444,453684.7188,5.3708,172.4,TRUE,3.6,490,300
80,2022/10/8 6:08,131.3925337,46.868467,5192803.732,453685.338,4.94484,171.6,TRUE,3.6,495,300
81,2022/10/8 6:08,131.3925428,46.868421,5192798.613,453685.9922,4.20404,167.7,TRUE,3.6,461,300
82,2022/10/8 6:08,131.3925487,46.8683695,5192792.885,453686.3977,5.14856,171.9,TRUE,3.6,500,300
83,2022/10/8 6:08,131.392557,46.868316,5192786.932,453686.9845,4.96336,176.2,TRUE,3.6,489,300
84,2022/10/8 6:08,131.3925627,46.868266,5192781.371,453687.3761,5.61156,172.5,TRUE,3.6,439,300
85,2022/10/8 6:08,131.3925702,46.868214,5192775.585,453687.9032,5.40784,176.5,TRUE,3.6,500,300
86,2022/10/8 6:08,131.3925792,46.86815883,5192769.447,453688.5419,5.3708,176.9,TRUE,3.6,456,300
87,2022/10/8 6:08,131.3925867,46.8681045,5192763.403,453689.067,4.96336,169.6,TRUE,3.6,473,300
88,2022/10/8 6:08,131.3925985,46.8680485,5192757.17,453689.9185,5.88936,178.5,TRUE,3.6,483,300
89,2022/10/8 6:08,131.3926005,46.86800083,5192751.87,453690.03,5.4634,175.3,TRUE,3.6,499,300
90,2022/10/8 6:09,131.3926107,46.86794833,5192746.028,453690.7625,5.05596,180,TRUE,3.6,466,300
91,2022/10/8 6:09,131.3926203,46.86789667,5192740.279,453691.45,5.90788,181.1,TRUE,3.6,500,300
92,2022/10/8 6:09,131.3926317,46.86783467,5192733.38,453692.2659,6.2042,177.5,TRUE,3.6,479,300
93,2022/10/8 6:09,131.3926393,46.86778567,5192727.928,453692.8032,4.51888,174.7,TRUE,3.6,499,300
94,2022/10/8 6:09,131.3926467,46.86773317,5192722.087,453693.3222,5.7412,177.5,TRUE,3.6,437,300
95,2022/10/8 6:09,131.392648,46.86769267,5192717.584,453693.3865,5.42636,176.8,TRUE,3.6,477,300
96,2022/10/8 6:09,131.392657,46.86764317,5192712.076,453694.0301,4.57444,172,TRUE,3.6,473,300
97,2022/10/8 6:09,131.3926687,46.8675955,5192706.77,453694.8812,3.96328,173.3,TRUE,3.6,473,300
98,2022/10/8 6:09,131.3926783,46.86754667,5192701.336,453695.5711,5.556,173.7,TRUE,3.6,496,300
99,2022/10/8 6:09,131.3926825,46.86749883,5192696.015,453695.8502,5.51896,178.1,TRUE,3.6,500,300
100,2022/10/8 6:09,131.3926888,46.8674545,5192691.083,453696.2924,3.90772,174.9,TRUE,3.6,478,300
101,2022/10/8 6:09,131.3926967,46.8674075,5192685.854,453696.8543,5.98196,176.5,TRUE,3.6,485,300
102,2022/10/8 6:09,131.3927095,46.86734617,5192679.028,453697.7775,5.556,174,TRUE,3.6,487,300
103,2022/10/8 6:09,131.3927207,46.86728967,5192672.741,453698.5829,4.94484,173.5,TRUE,3.6,480,300
104,2022/10/8 6:09,131.3927257,46.8672445,5192667.716,453698.9252,3.74104,170.1,TRUE,3.6,500,300
105,2022/10/8 6:10,131.3927167,46.86722067,5192665.073,453698.2185,3.241,175.1,TRUE,3.6,490,300
106,2022/10/8 6:10,131.3927238,46.86716983,5192659.417,453698.7162,5.66712,174.6,TRUE,3.6,500,300
107,2022/10/8 6:10,131.3927297,46.86710817,5192652.559,453699.113,6.09308,176.8,TRUE,3.6,484,300
108,2022/10/8 6:10,131.3927457,46.86705333,5192646.453,453700.2857,6.09308,179,TRUE,3.6,450,300
109,2022/10/8 6:10,131.3927605,46.8670005,5192640.571,453701.3687,5.98196,173.4,TRUE,3.6,478,300
110,2022/10/8 6:10,131.392771,46.866944,5192634.284,453702.1207,5.4634,177.9,TRUE,3.6,495,300
111,2022/10/8 6:10,131.3927858,46.8668865,5192627.883,453703.1997,5.29672,177.8,TRUE,3.6,477,300
112,2022/10/8 6:10,131.3927818,46.86682933,5192621.53,453702.8455,4.98188,168.7,TRUE,3.6,449,300
113,2022/10/8 6:10,131.3927878,46.86678067,5192616.117,453703.2612,5.24116,179.6,TRUE,3.6,496,300
114,2022/10/8 6:10,131.3927935,46.86672433,5192609.85,453703.6473,6.09308,177.5,TRUE,3.6,439,300
115,2022/10/8 6:10,131.3928015,46.8666695,5192603.75,453704.2101,5.98196,174.2,TRUE,3.6,500,300
116,2022/10/8 6:10,131.3928117,46.86661317,5192597.482,453704.9394,5.98196,182.6,TRUE,3.6,488,300
117,2022/10/8 6:10,131.3928173,46.8665555,5192591.068,453705.3168,5.61156,176.2,TRUE,3.6,494,300
118,2022/10/8 6:10,131.3928283,46.86650533,5192585.484,453706.1124,5.3708,178.4,TRUE,3.6,500,300
119,2022/10/8 6:10,131.392836,46.86644967,5192579.292,453706.6516,5.14856,182,TRUE,3.6,478,300
120,2022/10/8 6:11,131.392853,46.86640067,5192573.835,453707.9056,6.019,174.1,TRUE,3.6,447,300
121,2022/10/8 6:11,131.392869,46.866346,5192567.748,453709.0786,5.8338,183.3,TRUE,3.6,487,300
122,2022/10/8 6:11,131.392874,46.8662855,5192561.019,453709.4078,5.24116,180.4,TRUE,3.6,474,300
123,2022/10/8 6:11,131.3928723,46.86623833,5192555.776,453709.2376,5.68564,176.4,TRUE,3.6,470,300
124,2022/10/8 6:11,131.392878,46.866191,5192550.511,453709.6315,5.72268,173.9,TRUE,3.6,469,300
125,2022/10/8 6:11,131.3928875,46.86614233,5192545.095,453710.314,5.66712,172.5,TRUE,3.6,500,300
126,2022/10/8 6:11,131.3929067,46.86609133,5192539.414,453711.7341,5.38932,174,TRUE,3.6,500,300
127,2022/10/8 6:11,131.392924,46.86603917,5192533.606,453713.0083,6.27828,177.1,TRUE,3.6,490,300
128,2022/10/8 6:11,131.39294,46.86598533,5192527.611,453714.1819,5.6486,176.8,TRUE,3.6,500,300
129,2022/10/8 6:11,131.3929567,46.8659295,5192521.395,453715.4073,5.44488,177.2,TRUE,3.6,494,300
130,2022/10/8 6:11,131.3929633,46.86588133,5192516.036,453715.8691,5.03744,174.5,TRUE,3.6,438,300
131,2022/10/8 6:11,131.3929542,46.86582767,5192510.076,453715.1291,4.85224,179.5,TRUE,3.6,379,300
132,2022/10/8 6:11,131.392958,46.86576767,5192503.403,453715.3673,5.556,176.5,TRUE,3.6,500,300
133,2022/10/8 6:11,131.3929687,46.865712,5192497.208,453716.1353,5.68564,175.4,TRUE,3.6,500,300
134,2022/10/8 6:11,131.3929837,46.86567,5192492.531,453717.2428,5.6486,181.8,TRUE,3.6,494,300
135,2022/10/8 6:12,131.3929983,46.86561417,5192486.315,453718.3081,5.01892,172.6,TRUE,3.6,479,300
136,2022/10/8 6:12,131.3930023,46.86555567,5192479.81,453718.5628,6.2042,166.6,TRUE,3.6,500,300
137,2022/10/8 6:12,131.3930147,46.8655005,5192473.669,453719.4608,5.33376,174.1,TRUE,3.6,470,300
138,2022/10/8 6:12,131.3930235,46.8654485,5192467.883,453720.0871,5.33376,172.6,TRUE,3.6,500,300
139,2022/10/8 6:12,131.3930302,46.86539367,5192461.784,453720.5508,5.8338,179.6,TRUE,3.6,500,300
140,2022/10/8 6:12,131.3930353,46.8653355,5192455.314,453720.8897,5.63008,176,TRUE,3.6,496,300
141,2022/10/8 6:12,131.3930388,46.86528083,5192449.235,453721.1095,5.85232,173.7,TRUE,3.6,500,300
142,2022/10/8 6:12,131.3930393,46.86522183,5192442.676,453721.097,5.7412,175.2,TRUE,3.6,499,300
143,2022/10/8 6:12,131.3930478,46.86517017,5192436.928,453721.7007,5.77824,175.3,TRUE,3.6,500,300
144,2022/10/8 6:12,131.3930632,46.865115,5192430.786,453722.8275,5.7412,176,TRUE,3.6,497,300
145,2022/10/8 6:12,131.3930782,46.865061,5192424.774,453723.9248,6.13012,174.3,TRUE,3.6,500,300
146,2022/10/8 6:12,131.3930907,46.865005,5192418.541,453724.8297,5.9264,178.3,TRUE,3.6,485,300
147,2022/10/8 6:12,131.3931008,46.864944,5192411.754,453725.5474,4.83372,166.6,TRUE,3.6,495,300
148,2022/10/8 6:12,131.3930982,46.86488683,5192405.4,453725.3,5.9264,173.5,TRUE,3.6,500,300
149,2022/10/8 6:12,131.3930952,46.864827,5192398.75,453725.0199,6.27828,173.3,TRUE,3.6,490,300
150,2022/10/8 6:13,131.3931068,46.86477383,5192392.833,453725.8586,5.87084,177.1,TRUE,3.6,480,300
151,2022/10/8 6:13,131.393127,46.86471767,5192386.578,453727.3506,6.07456,176.1,TRUE,3.6,497,300
152,2022/10/8 6:13,131.3931432,46.86466283,5192380.472,453728.5387,5.96344,174.7,TRUE,3.6,500,300
153,2022/10/8 6:13,131.3931498,46.86460183,5192373.687,453728.9895,5.96344,178.1,TRUE,3.6,500,300
154,2022/10/8 6:13,131.3931572,46.86454283,5192367.123,453729.503,5.51896,170.4,TRUE,3.6,477,300
155,2022/10/8 6:13,131.3931633,46.86448633,5192360.839,453729.9196,5.90788,172.3,TRUE,3.6,477,300
156,2022/10/8 6:13,131.3931787,46.86442883,5192354.437,453731.0444,5.77824,173.4,TRUE,3.6,487,300
157,2022/10/8 6:13,131.3931912,46.86437,5192347.89,453731.947,5.44488,179.5,TRUE,3.6,494,300
158,2022/10/8 6:13,131.3931908,46.86430983,5192341.201,453731.8648,6.22272,178.6,TRUE,3.6,500,300
159,2022/10/8 6:13,131.3931997,46.86425283,5192334.86,453732.4944,6.18568,177.3,TRUE,3.6,489,300
160,2022/10/8 6:13,131.393216,46.86419483,5192328.402,453733.6874,6.05604,175.2,TRUE,3.6,500,300
161,2022/10/8 6:13,131.3932265,46.86413483,5192321.726,453734.4365,5.38932,178.4,TRUE,3.6,483,300
162,2022/10/8 6:13,131.3932415,46.8640845,5192316.122,453735.537,5.31524,177.7,TRUE,3.6,469,300
163,2022/10/8 6:13,131.393258,46.86403467,5192310.573,453736.7522,5.4634,175.1,TRUE,3.6,494,300
164,2022/10/8 6:13,131.3932707,46.86397733,5192304.191,453737.6713,6.05604,178.2,TRUE,3.6,500,300
165,2022/10/8 6:14,131.3932777,46.863916,5192297.369,453738.1524,5.90788,178.8,TRUE,3.6,500,300
166,2022/10/8 6:14,131.3932828,46.8638565,5192290.751,453738.4901,5.2782,173.4,TRUE,3.6,438,300
167,2022/10/8 6:14,131.3932892,46.86380367,5192284.875,453738.9328,5.50044,180.5,TRUE,3.6,490,300
168,2022/10/8 6:14,131.3932857,46.86374267,5192278.095,453738.6135,5.24116,176.7,TRUE,3.6,481,300
169,2022/10/8 6:14,131.3932987,46.86369,5192272.233,453739.5595,5.87084,174.7,TRUE,3.6,500,300
170,2022/10/8 6:14,131.3933088,46.86364033,5192266.705,453740.2869,5.72268,175.3,TRUE,3.6,486,300
171,2022/10/8 6:14,131.3933148,46.86358667,5192260.736,453740.6983,5.11152,175,TRUE,3.6,500,300
172,2022/10/8 6:14,131.3933152,46.8635345,5192254.936,453740.684,5.24116,183.2,TRUE,3.6,500,300
173,2022/10/8 6:14,131.3933192,46.86347917,5192248.783,453740.9415,5.4634,179.8,TRUE,3.6,500,300
174,2022/10/8 6:14,131.3933355,46.86342517,5192242.77,453742.1379,5.44488,176.2,TRUE,3.6,487,300
175,2022/10/8 6:14,131.3933535,46.86337367,5192237.035,453743.4662,5.07448,176,TRUE,3.6,500,300
176,2022/10/8 6:14,131.393361,46.8633205,5192231.119,453743.9924,5.42636,174.4,TRUE,3.6,500,300
177,2022/10/8 6:14,131.393371,46.86326883,5192225.369,453744.7105,5.59304,174,TRUE,3.6,486,300
178,2022/10/8 6:14,131.3933743,46.863208,5192218.605,453744.9099,5.87084,176.3,TRUE,3.6,500,300
179,2022/10/8 6:14,131.3933692,46.86314417,5192211.512,453744.4662,5.07448,171.6,TRUE,3.6,468,300
180,2022/10/8 6:15,131.3933902,46.863094,5192205.923,453746.0243,5.87084,174.4,TRUE,3.6,494,300
181,2022/10/8 6:15,131.3934007,46.86303417,5192199.265,453746.7736,5.31524,175.9,TRUE,3.6,467,300
182,2022/10/8 6:15,131.3934125,46.86298167,5192193.422,453747.6282,6.24124,170.8,TRUE,3.6,500,300
183,2022/10/8 6:15,131.3934088,46.86292333,5192186.939,453747.296,5.75972,175.9,TRUE,3.6,471,300
184,2022/10/8 6:15,131.3934118,46.86286617,5192180.583,453747.4757,5.66712,181.2,TRUE,3.6,500,300
185,2022/10/8 6:15,131.3934195,46.8628155,5192174.945,453748.0193,5.7412,175,TRUE,3.6,499,300
186,2022/10/8 6:15,131.393422,46.86275917,5192168.682,453748.1615,5.81528,176.1,TRUE,3.6,490,300
187,2022/10/8 6:15,131.393436,46.86271,5192163.207,453749.1868,5.50044,177.2,TRUE,3.6,500,300
188,2022/10/8 6:15,131.3934547,46.86266283,5192157.953,453750.5722,5.556,176,TRUE,3.6,500,300
189,2022/10/8 6:15,131.393469,46.86260667,5192151.701,453751.6143,5.16708,177.6,TRUE,3.6,500,300
190,2022/10/8 6:15,131.3934783,46.862554,5192145.84,453752.2782,5.35228,174,TRUE,3.6,500,300
191,2022/10/8 6:15,131.3934892,46.86249533,5192139.312,453753.059,5.79676,181.7,TRUE,3.6,500,300
192,2022/10/8 6:15,131.3935,46.86243083,5192132.135,453753.8271,5.77824,176.3,TRUE,3.6,495,300
193,2022/10/8 6:15,131.3935085,46.86237033,5192125.404,453754.4233,6.05604,172.8,TRUE,3.6,500,300
194,2022/10/8 6:15,131.3935112,46.862313,5192119.029,453754.5799,5.50044,175,TRUE,3.6,500,300
195,2022/10/8 6:16,131.3935258,46.862257,5192112.795,453755.6451,5.57452,175.7,TRUE,3.6,500,300
196,2022/10/8 6:16,131.3935413,46.86219767,5192106.191,453756.776,5.77824,175.8,TRUE,3.6,500,300
197,2022/10/8 6:16,131.3935493,46.862144,5192100.22,453757.34,5.3708,177,TRUE,3.6,447,300
198,2022/10/8 6:16,131.3935572,46.86208883,5192094.082,453757.895,5.03744,173.2,TRUE,3.6,481,300
199,2022/10/8 6:16,131.3935705,46.86203267,5192087.831,453758.8609,6.00048,173.7,TRUE,3.6,496,300
200,2022/10/8 6:16,131.3935623,46.86197133,5192081.017,453758.183,3.83364,177.8,TRUE,3.6,481,300
201,2022/10/8 6:16,131.3935727,46.86192817,5192076.213,453758.9389,3.96328,179.9,TRUE,3.6,407,300
202,2022/10/8 6:16,131.3935717,46.86188117,5192070.988,453758.8223,5.72268,221.1,FALSE,3.6,0,300
203,2022/10/8 6:16,131.3935167,46.86187033,5192069.816,453754.6192,4.09292,257.4,FALSE,3.6,0,300
204,2022/10/8 6:16,131.3934718,46.861875,5192070.361,453751.1995,4.70408,261.3,FALSE,3.6,0,300
205,2022/10/8 6:16,131.3934305,46.86187383,5192070.255,453748.0493,4.09292,295.7,FALSE,3.6,0,300
206,2022/10/8 6:16,131.3934093,46.86189367,5192072.473,453746.4498,2.4076,352.8,FALSE,3.6,0,300
207,2022/10/8 6:16,131.3934,46.86191267,5192074.591,453745.757,3.03728,353.7,FALSE,3.6,0,300
208,2022/10/8 6:16,131.3933838,46.8619485,5192078.584,453744.5525,4.12996,4.1,TRUE,3.6,441,300
209,2022/10/8 6:16,131.3933773,46.86198983,5192083.182,453744.0923,4.20404,354.1,TRUE,3.6,500,300
210,2022/10/8 6:17,131.393368,46.862029,5192087.542,453743.4169,4.87076,351.8,TRUE,3.6,498,300
211,2022/10/8 6:17,131.3933575,46.86207583,5192092.754,453742.6564,5.50044,354,TRUE,3.6,479,300
212,2022/10/8 6:17,131.3933498,46.86212533,5192098.262,453742.1118,5.31524,355.1,TRUE,3.6,500,300
213,2022/10/8 6:17,131.3933367,46.86218033,5192104.384,453741.1602,5.22264,353,TRUE,3.6,490,300
214,2022/10/8 6:17,131.393329,46.86223167,5192110.095,453740.6171,5.2782,354.7,TRUE,3.6,499,300
215,2022/10/8 6:17,131.393319,46.86228767,5192116.327,453739.9027,5.9264,355.2,TRUE,3.6,500,300
216,2022/10/8 6:17,131.3933142,46.862338,5192121.925,453739.58,6.13012,352.8,TRUE,3.6,500,300
217,2022/10/8 6:17,131.393301,46.86239567,5192128.343,453738.623,5.94492,352.8,TRUE,3.6,486,300
218,2022/10/8 6:17,131.3932918,46.86245567,5192135.019,453737.973,5.70416,354.8,TRUE,3.6,494,300
219,2022/10/8 6:17,131.3932872,46.86251317,5192141.414,453737.6717,6.2968,352.6,TRUE,3.6,500,300
220,2022/10/8 6:17,131.3932743,46.862573,5192148.073,453736.7394,6.22272,351.3,TRUE,3.6,485,300
221,2022/10/8 6:17,131.3932627,46.86263267,5192154.713,453735.9062,5.85232,355,TRUE,3.6,500,300
222,2022/10/8 6:17,131.3932535,46.86269533,5192161.684,453735.2585,6.40792,353,TRUE,3.6,465,300
223,2022/10/8 6:17,131.393245,46.86275267,5192168.063,453734.6596,5.22264,352.1,TRUE,3.6,460,300
224,2022/10/8 6:17,131.393237,46.86280367,5192173.738,453734.0935,5.4634,355.1,TRUE,3.6,494,300
225,2022/10/8 6:18,131.3932307,46.86285717,5192179.689,453733.659,6.46348,355,TRUE,3.6,482,300
226,2022/10/8 6:18,131.39322,46.8629175,5192186.402,453732.895,5.51896,356.7,TRUE,3.6,500,300
227,2022/10/8 6:18,131.3932018,46.86297683,5192193.008,453731.5582,5.98196,350.9,TRUE,3.6,492,300
228,2022/10/8 6:18,131.393197,46.8630325,5192199.2,453731.24,6.019,355.5,TRUE,3.6,433,300
229,2022/10/8 6:18,131.3931885,46.86309017,5192205.616,453730.6415,5.75972,354,TRUE,3.6,490,300
230,2022/10/8 6:18,131.3931818,46.86314817,5192212.067,453730.1804,5.57452,354.1,TRUE,3.6,500,300
231,2022/10/8 6:18,131.3931717,46.86320467,5192218.354,453729.4589,6.55608,357.5,TRUE,3.6,497,300
232,2022/10/8 6:18,131.3931615,46.86326217,5192224.753,453728.7305,5.72268,358.3,TRUE,3.6,482,300
233,2022/10/8 6:18,131.3931523,46.86331783,5192230.946,453728.0768,5.94492,356.1,TRUE,3.6,493,300
234,2022/10/8 6:18,131.3931442,46.86337683,5192237.509,453727.5099,5.59304,357.2,TRUE,3.6,500,300
235,2022/10/8 6:18,131.3931368,46.86343117,5192243.554,453726.9924,5.59304,351.4,TRUE,3.6,401,300
236,2022/10/8 6:18,131.3931288,46.8634855,5192249.599,453726.4291,5.38932,349.6,TRUE,3.6,448,300
237,2022/10/8 6:18,131.393121,46.86354233,5192255.921,453725.8831,5.81528,357.9,TRUE,3.6,447,300
238,2022/10/8 6:18,131.393112,46.86360333,5192262.708,453725.2493,5.94492,357.9,TRUE,3.6,478,300
239,2022/10/8 6:18,131.3931018,46.86366183,5192269.217,453724.5218,5.72268,353.1,TRUE,3.6,493,300
240,2022/10/8 6:19,131.3930922,46.86371833,5192275.504,453723.8384,5.48192,354.7,TRUE,3.6,496,300
241,2022/10/8 6:19,131.3930843,46.86377383,5192281.678,453723.2837,5.51896,354.1,TRUE,3.6,473,300
242,2022/10/8 6:19,131.3930738,46.86382983,5192287.91,453722.5312,5.8338,352,TRUE,3.6,488,300
243,2022/10/8 6:19,131.3930718,46.86389433,5192295.081,453722.4342,5.3708,350,TRUE,3.6,500,300
244,2022/10/8 6:19,131.3930603,46.863949,5192301.166,453721.6043,5.98196,358.1,TRUE,3.6,464,300
245,2022/10/8 6:19,131.3930485,46.86400517,5192307.417,453720.7528,5.51896,354.7,TRUE,3.6,500,300
246,2022/10/8 6:19,131.3930367,46.864061,5192313.63,453719.9011,5.35228,351.1,TRUE,3.6,487,300
247,2022/10/8 6:19,131.3930267,46.86412083,5192320.287,453719.19,5.59304,353.5,TRUE,3.6,443,300
248,2022/10/8 6:19,131.3930263,46.86418433,5192327.347,453719.2141,5.40784,355.6,TRUE,3.6,476,300
249,2022/10/8 6:19,131.3930178,46.8642445,5192334.041,453718.6177,6.22272,351.9,TRUE,3.6,500,300
250,2022/10/8 6:19,131.393008,46.86429983,5192340.197,453717.918,5.24116,354.5,TRUE,3.6,495,300
251,2022/10/8 6:19,131.3930013,46.86436067,5192346.965,453717.4594,5.42636,353.6,TRUE,3.6,445,300
252,2022/10/8 6:19,131.3929927,46.86442567,5192354.196,453716.8596,6.05604,354.1,TRUE,3.6,485,300
253,2022/10/8 6:19,131.3929823,46.8644875,5192361.075,453716.1197,5.556,351.7,TRUE,3.6,500,300
254,2022/10/8 6:19,131.3929743,46.86454633,5192367.62,453715.5603,6.24124,3,TRUE,3.6,452,300
255,2022/10/8 6:20,131.392965,46.86460683,5192374.351,453714.9032,5.53748,353.7,TRUE,3.6,461,300
256,2022/10/8 6:20,131.3929522,46.864664,5192380.714,453713.9764,5.22264,352.7,TRUE,3.6,500,300
257,2022/10/8 6:20,131.3929422,46.86471983,5192386.927,453713.2619,5.70416,357.4,TRUE,3.6,499,300
258,2022/10/8 6:20,131.3929322,46.864774,5192392.955,453712.546,5.72268,354.3,TRUE,3.6,500,300
259,2022/10/8 6:20,131.392922,46.86482933,5192399.111,453711.8158,6.13012,354.8,TRUE,3.6,486,300
260,2022/10/8 6:20,131.3929132,46.86489133,5192406.009,453711.1982,5.81528,352.6,TRUE,3.6,481,300
261,2022/10/8 6:20,131.3929077,46.8649465,5192412.145,453710.8262,5.90788,353.7,TRUE,3.6,483,300
262,2022/10/8 6:20,131.3928953,46.8650015,5192418.267,453709.928,6.09308,354.9,TRUE,3.6,493,300
263,2022/10/8 6:20,131.3928843,46.86505567,5192424.295,453709.1359,6.22272,353.4,TRUE,3.6,496,300
264,2022/10/8 6:20,131.3928737,46.86511317,5192430.694,453708.3771,5.85232,357.3,TRUE,3.6,491,300
265,2022/10/8 6:20,131.392863,46.8651755,5192437.629,453707.6148,5.42636,352.4,TRUE,3.6,470,300
266,2022/10/8 6:20,131.392852,46.865235,5192444.25,453706.8273,5.53748,351.4,TRUE,3.6,473,300
267,2022/10/8 6:20,131.392843,46.86528633,5192449.962,453706.1852,5.88936,352.9,TRUE,3.6,500,300
268,2022/10/8 6:20,131.3928368,46.8653495,5192456.988,453705.7668,5.88936,354.1,TRUE,3.6,484,300
269,2022/10/8 6:20,131.39283,46.865402,5192462.828,453705.2934,5.68564,357.8,TRUE,3.6,432,300
270,2022/10/8 6:21,131.3928197,46.86545383,5192468.596,453704.5526,6.13012,354.6,TRUE,3.6,464,300
271,2022/10/8 6:21,131.3928073,46.86551733,5192475.663,453703.6618,5.96344,353.8,TRUE,3.6,497,300
272,2022/10/8 6:21,131.392799,46.86557367,5192481.931,453703.0774,5.556,355.7,TRUE,3.6,457,300
273,2022/10/8 6:21,131.3927923,46.86562567,5192487.715,453702.6112,5.38932,354.1,TRUE,3.6,498,300
274,2022/10/8 6:21,131.3927843,46.86567717,5192493.445,453702.0455,6.09308,350.8,TRUE,3.6,500,300
275,2022/10/8 6:21,131.3927738,46.86574233,5192500.695,453701.301,6.13012,356.1,TRUE,3.6,491,300
276,2022/10/8 6:21,131.3927623,46.86580083,5192507.205,453700.4744,5.50044,357.5,TRUE,3.6,481,300
277,2022/10/8 6:21,131.392755,46.86585883,5192513.657,453699.9677,5.68564,356.7,TRUE,3.6,483,300
278,2022/10/8 6:21,131.3927453,46.865925,5192521.019,453699.285,5.90788,350.6,TRUE,3.6,500,300
279,2022/10/8 6:21,131.3927372,46.865979,5192527.027,453698.7139,5.4634,351.1,TRUE,3.6,499,300
280,2022/10/8 6:21,131.3927248,46.86603233,5192532.963,453697.8143,5.42636,358.8,TRUE,3.6,495,300
281,2022/10/8 6:21,131.3927197,46.8660825,5192538.543,453697.4686,6.00048,353.5,TRUE,3.6,463,300
282,2022/10/8 6:21,131.3927025,46.86614167,5192545.131,453696.208,5.48192,351.2,TRUE,3.6,495,300
283,2022/10/8 6:21,131.392692,46.86618733,5192550.213,453695.4467,5.13004,353.4,TRUE,3.6,480,300
284,2022/10/8 6:21,131.3926788,46.8662315,5192555.131,453694.4783,4.77816,2.1,TRUE,3.6,500,300
285,2022/10/8 6:22,131.3926757,46.86628417,5192560.988,453694.2872,4.79668,349.3,TRUE,3.6,482,300
286,2022/10/8 6:22,131.3926745,46.86634417,5192567.659,453694.2473,5.556,350.6,TRUE,3.6,500,300
287,2022/10/8 6:22,131.3926718,46.86640383,5192574.293,453694.0927,5.40784,347.9,TRUE,3.6,500,300
288,2022/10/8 6:22,131.3926523,46.86646417,5192581.012,453692.6579,5.33376,356.3,TRUE,3.6,491,300
289,2022/10/8 6:22,131.392643,46.86652133,5192587.372,453691.9979,5.81528,356.4,TRUE,3.6,500,300
290,2022/10/8 6:22,131.3926328,46.86658517,5192594.475,453691.2751,5.98196,356.5,TRUE,3.6,476,300
291,2022/10/8 6:22,131.3926165,46.86665217,5192601.933,453690.09,5.51896,350.7,TRUE,3.6,483,300
292,2022/10/8 6:22,131.392612,46.86670517,5192607.827,453689.7924,5.98196,355.1,TRUE,3.6,500,300
293,2022/10/8 6:22,131.3925987,46.866765,5192614.486,453688.8299,6.24124,353.7,TRUE,3.6,467,300
294,2022/10/8 6:22,131.392582,46.8668235,5192621,453687.6069,5.66712,352,TRUE,3.6,486,300
295,2022/10/8 6:22,131.392576,46.86687833,5192627.098,453687.1966,6.31532,349.8,TRUE,3.6,496,300
296,2022/10/8 6:22,131.3925712,46.866935,5192633.401,453686.8793,5.07448,0.1,TRUE,3.6,474,300
297,2022/10/8 6:22,131.3925618,46.86698917,5192639.429,453686.2092,5.51896,358.7,TRUE,3.6,494,300
298,2022/10/8 6:22,131.392568,46.86704967,5192646.151,453686.734,5.98196,352.6,TRUE,3.6,500,300
299,2022/10/8 6:22,131.3925587,46.86710083,5192651.843,453686.0689,5.77824,353.6,TRUE,3.6,490,300
300,2022/10/8 6:23,131.3925423,46.8671595,5192658.375,453684.869,5.88936,355.6,TRUE,3.6,455,300
301,2022/10/8 6:23,131.392533,46.86722433,5192665.588,453684.2157,5.72268,354.9,TRUE,3.6,492,300
302,2022/10/8 6:23,131.3925197,46.86728083,5192671.877,453683.2502,5.35228,354.1,TRUE,3.6,500,300
303,2022/10/8 6:23,131.3925092,46.86733433,5192677.83,453682.4957,6.05604,352.5,TRUE,3.6,500,300
304,2022/10/8 6:23,131.3924992,46.8673885,5192683.858,453681.7799,5.556,352.7,TRUE,3.6,470,300
305,2022/10/8 6:23,131.3924878,46.86744783,5192690.461,453680.9617,5.61156,356.7,TRUE,3.6,500,300
306,2022/10/8 6:23,131.3924788,46.86750483,5192696.802,453680.3246,5.7412,352.3,TRUE,3.6,438,300
307,2022/10/8 6:23,131.3924738,46.86755783,5192702.697,453679.9889,6.2042,354.9,TRUE,3.6,496,300
308,2022/10/8 6:23,131.3924665,46.867607,5192708.168,453679.4747,5.40784,354.9,TRUE,3.6,492,300
309,2022/10/8 6:23,131.3924585,46.86767233,5192715.435,453678.9209,5.63008,0.2,TRUE,3.6,478,300
310,2022/10/8 6:23,131.392442,46.86772983,5192721.837,453677.7124,4.83372,356.9,TRUE,3.6,466,300
311,2022/10/8 6:23,131.3924292,46.8677835,5192727.811,453676.7826,5.96344,349.7,TRUE,3.6,500,300
312,2022/10/8 6:23,131.3924213,46.8678375,5192733.819,453676.2268,4.92632,354.9,TRUE,3.6,485,300
313,2022/10/8 6:23,131.3924058,46.86788817,5192739.461,453675.0886,5.75972,351.1,TRUE,3.6,452,300
314,2022/10/8 6:23,131.3923985,46.86794167,5192745.412,453674.578,5.63008,348.8,TRUE,3.6,488,300
315,2022/10/8 6:24,131.3923962,46.86799783,5192751.657,453674.451,4.9078,352.7,TRUE,3.6,481,300
316,2022/10/8 6:24,131.3923923,46.86805617,5192758.145,453674.2039,5.68564,356.8,TRUE,3.6,495,300
317,2022/10/8 6:24,131.3923753,46.86810667,5192763.769,453672.9512,5.50044,356.4,TRUE,3.6,481,300
318,2022/10/8 6:24,131.3923585,46.86816683,5192770.467,453671.7221,5.96344,354,TRUE,3.6,495,300
319,2022/10/8 6:24,131.3923477,46.8682225,5192776.662,453670.9465,6.22272,351.6,TRUE,3.6,472,300
320,2022/10/8 6:24,131.3923387,46.86828,5192783.059,453670.3098,5.87084,356.4,TRUE,3.6,486,300
321,2022/10/8 6:24,131.3923305,46.86834333,5192790.104,453669.7391,5.44488,356.2,TRUE,3.6,479,300
322,2022/10/8 6:24,131.3923235,46.868401,5192796.519,453669.2551,5.59304,355.1,TRUE,3.6,495,300
323,2022/10/8 6:24,131.3923165,46.86845533,5192802.563,453668.7681,5.57452,351.6,TRUE,3.6,500,300
324,2022/10/8 6:24,131.3923078,46.8685115,5192808.813,453668.1531,6.09308,349.6,TRUE,3.6,493,300
325,2022/10/8 6:24,131.3923003,46.86856967,5192815.284,453667.6314,5.77824,355.6,TRUE,3.6,481,300
326,2022/10/8 6:24,131.3922883,46.868631,5192822.109,453666.7693,5.556,345.6,TRUE,3.6,491,300
327,2022/10/8 6:24,131.3922787,46.86868617,5192828.248,453666.0848,5.50044,355.6,TRUE,3.6,498,300
328,2022/10/8 6:24,131.3922677,46.8687475,5192835.072,453665.2989,5.79676,353.7,TRUE,3.6,500,300
329,2022/10/8 6:24,131.3922605,46.86881183,5192842.228,453664.8054,5.05596,354.5,TRUE,3.6,452,300
330,2022/10/8 6:25,131.3922487,46.86886867,5192848.553,453663.9546,6.31532,356.4,TRUE,3.6,500,300
331,2022/10/8 6:25,131.3922417,46.86891933,5192854.189,453663.4645,6.05604,353.1,TRUE,3.6,424,300
332,2022/10/8 6:25,131.3922305,46.86897517,5192860.403,453662.6587,5.6486,351.8,TRUE,3.6,500,300
333,2022/10/8 6:25,131.3922187,46.8690335,5192866.895,453661.8092,6.482,351.1,TRUE,3.6,483,300
334,2022/10/8 6:25,131.3922113,46.869091,5192873.291,453661.2945,5.53748,354,TRUE,3.6,493,300
335,2022/10/8 6:25,131.3921958,46.86915683,5192880.619,453660.1694,5.75972,1.4,TRUE,3.6,500,300
336,2022/10/8 6:25,131.3921902,46.86921067,5192886.607,453659.7888,5.6486,355.2,TRUE,3.6,469,300
337,2022/10/8 6:25,131.3921767,46.8692695,5192893.155,453658.8102,5.75972,356.7,TRUE,3.6,497,300
338,2022/10/8 6:25,131.3921645,46.869331,5192899.999,453657.933,6.31532,354.8,TRUE,3.6,459,300
339,2022/10/8 6:25,131.3921647,46.869388,5192906.336,453657.9973,6.14864,356.4,TRUE,3.6,500,300
340,2022/10/8 6:25,131.392159,46.86944167,5192912.306,453657.6089,5.50044,357.9,TRUE,3.6,472,300
341,2022/10/8 6:25,131.3921558,46.869501,5192918.903,453657.416,5.48192,349.9,TRUE,3.6,469,300
342,2022/10/8 6:25,131.3921493,46.8695495,5192924.298,453656.9622,4.31516,0.4,TRUE,3.6,466,300
343,2022/10/8 6:25,131.392137,46.86959183,5192929.011,453656.0609,4.22256,354.6,TRUE,3.6,483,300
344,2022/10/8 6:25,131.3921258,46.8696315,5192933.428,453655.2411,3.87068,344,TRUE,3.6,432,300
345,2022/10/8 6:26,131.3920933,46.869663,5192936.949,453652.7904,2.55576,316,FALSE,3.6,0,300
346,2022/10/8 6:26,131.3920788,46.86966933,5192937.661,453651.6904,0,309.2,FALSE,3.6,0,300
347,2022/10/8 6:26,131.3920747,46.86967383,5192938.164,453651.3817,0,0,FALSE,3.6,0,300
348,2022/10/8 6:26,131.3920698,46.869674,5192938.186,453651.0083,0,0,FALSE,3.6,0,300
349,2022/10/8 6:26,131.3920677,46.86967467,5192938.262,453650.8487,0,0,FALSE,3.6,0,300
350,2022/10/8 6:26,131.392068,46.86967617,5192938.428,453650.8729,0,0,FALSE,3.6,0,300
351,2022/10/8 6:26,131.3920677,46.86967717,5192938.539,453650.8509,0,0,FALSE,3.6,0,300
352,2022/10/8 6:26,131.3920678,46.86967783,5192938.613,453650.8591,0,0,FALSE,3.6,0,300
353,2022/10/8 6:26,131.392069,46.8696785,5192938.687,453650.9511,0,0,FALSE,3.6,0,300
354,2022/10/8 6:26,131.39207,46.86967833,5192938.667,453651.0272,0,0,FALSE,3.6,0,300
355,2022/10/8 6:26,131.3920702,46.869678,5192938.63,453651.0422,0,0,FALSE,3.6,0,300
356,2022/10/8 6:26,131.3920703,46.86967867,5192938.705,453651.0504,0,0,FALSE,3.6,0,300
357,2022/10/8 6:26,131.3920703,46.86967917,5192938.76,453651.0508,0,90.1,FALSE,3.6,0,300
358,2022/10/8 6:26,131.3920708,46.8696795,5192938.797,453651.0892,0,0,FALSE,3.6,0,300
359,2022/10/8 6:26,131.39207,46.86967983,5192938.834,453651.0285,3.25952,269.4,FALSE,3.6,0,300
360,2022/10/8 6:27,131.3920082,46.869678,5192938.667,453646.3153,2.61132,232.2,FALSE,3.6,0,300
361,2022/10/8 6:27,131.3919647,46.86965467,5192936.099,453642.9787,3.83364,192.8,FALSE,3.6,0,300
362,2022/10/8 6:27,131.3919573,46.86962333,5192932.619,453642.3876,2.55576,159.4,TRUE,3.6,126,300
363,2022/10/8 6:27,131.3919628,46.86958833,5192928.725,453642.7768,3.11136,166.7,FALSE,3.6,0,300
364,2022/10/8 6:27,131.391974,46.86955133,5192924.605,453643.5988,2.62984,170.2,FALSE,3.6,0,300
365,2022/10/8 6:27,131.391972,46.86951283,5192920.327,453643.4132,3.53732,178.8,TRUE,3.6,355,300
366,2022/10/8 6:27,131.391977,46.86948383,5192917.1,453643.7694,1.92608,184.8,TRUE,3.6,486,300
367,2022/10/8 6:27,131.3919807,46.8694625,5192914.726,453644.0331,1.852,167.9,TRUE,3.6,498,300
368,2022/10/8 6:27,131.3919855,46.869448,5192913.112,453644.3866,2.38908,177.4,TRUE,3.6,491,300
369,2022/10/8 6:27,131.3919908,46.86941817,5192909.792,453644.765,4.64852,173.7,TRUE,3.6,494,300
370,2022/10/8 6:27,131.3919917,46.86937083,5192904.529,453644.7929,3.31508,175.8,TRUE,3.6,488,300
371,2022/10/8 6:27,131.3919993,46.86932867,5192899.838,453645.336,4.31516,175.4,TRUE,3.6,497,300
372,2022/10/8 6:27,131.3920072,46.86928667,5192895.164,453645.9021,4.8152,171.9,TRUE,3.6,486,300
373,2022/10/8 6:27,131.3920175,46.86923917,5192889.878,453646.6465,4.74112,175.6,TRUE,3.6,495,300
374,2022/10/8 6:27,131.3920252,46.8691955,5192885.018,453647.196,5.31524,172.1,TRUE,3.6,500,300
375,2022/10/8 6:28,131.3920297,46.86914533,5192879.438,453647.4959,4.37072,178.6,TRUE,3.6,500,300
376,2022/10/8 6:28,131.3920342,46.86910617,5192875.082,453647.8053,3.55584,179.1,TRUE,3.6,485,300
377,2022/10/8 6:28,131.3920403,46.86906267,5192870.243,453648.2329,4.94484,177.3,TRUE,3.6,476,300
378,2022/10/8 6:28,131.392058,46.86901283,5192864.692,453649.5394,5.2782,176.2,TRUE,3.6,500,300
379,2022/10/8 6:28,131.3920542,46.86897233,5192860.192,453649.2149,3.29656,183.1,TRUE,3.6,499,300
380,2022/10/8 6:28,131.3920593,46.86892833,5192855.297,453649.5658,5.42636,173.9,TRUE,3.6,500,300
381,2022/10/8 6:28,131.3920667,46.86887567,5192849.439,453650.0847,5.33376,180.7,TRUE,3.6,449,300
382,2022/10/8 6:28,131.3920747,46.86882083,5192843.338,453650.6474,5.75972,173.4,TRUE,3.6,482,300
383,2022/10/8 6:28,131.3920923,46.8687715,5192837.844,453651.9468,5.7412,174.3,TRUE,3.6,500,300
384,2022/10/8 6:28,131.3921088,46.86872233,5192832.368,453653.1624,5.093,178,TRUE,3.6,500,300
385,2022/10/8 6:28,131.3921223,46.8686675,5192826.264,453654.1445,5.31524,175.4,TRUE,3.6,500,300
386,2022/10/8 6:28,131.3921313,46.868617,5192820.645,453654.7872,5.87084,177,TRUE,3.6,500,300
387,2022/10/8 6:28,131.3921418,46.86855983,5192814.283,453655.5386,5.90788,174.1,TRUE,3.6,498,300
388,2022/10/8 6:28,131.3921507,46.86850283,5192807.942,453656.1681,5.42636,173.3,TRUE,3.6,500,300
389,2022/10/8 6:28,131.39216,46.86844517,5192801.526,453656.8275,5.05596,178.5,TRUE,3.6,446,300
390,2022/10/8 6:29,131.39217,46.86839067,5192795.462,453657.543,5.01892,176.7,TRUE,3.6,490,300
391,2022/10/8 6:29,131.392178,46.868343,5192790.157,453658.1119,5.33376,172.4,TRUE,3.6,499,300
392,2022/10/8 6:29,131.3921807,46.86828567,5192783.783,453658.2684,5.25968,169.2,TRUE,3.6,476,300
393,2022/10/8 6:29,131.3921878,46.86823,5192777.59,453658.7618,5.61156,178.1,TRUE,3.6,500,300
394,2022/10/8 6:29,131.3921938,46.86817567,5192771.546,453659.1725,5.70416,176.7,TRUE,3.6,482,300
395,2022/10/8 6:29,131.392199,46.86811883,5192765.225,453659.5201,5.88936,177.3,TRUE,3.6,482,300
396,2022/10/8 6:29,131.3922092,46.86806567,5192759.309,453660.252,5.70416,175.4,TRUE,3.6,493,300
397,2022/10/8 6:29,131.3922152,46.868014,5192753.561,453660.665,5.44488,175.6,TRUE,3.6,500,300
398,2022/10/8 6:29,131.3922212,46.86795967,5192747.518,453661.0757,5.59304,177.6,TRUE,3.6,495,300
399,2022/10/8 6:29,131.3922328,46.86790617,5192741.564,453661.914,5.79676,171.6,TRUE,3.6,447,300
400,2022/10/8 6:29,131.3922437,46.86785167,5192735.499,453662.6982,4.87076,176.1,TRUE,3.6,500,300
401,2022/10/8 6:29,131.3922503,46.86779633,5192729.343,453663.1538,5.11152,171.7,TRUE,3.6,498,300
402,2022/10/8 6:29,131.3922605,46.86774183,5192723.278,453663.8845,5.50044,173.1,TRUE,3.6,471,300
403,2022/10/8 6:29,131.392267,46.86768533,5192716.993,453664.3315,5.16708,183.9,TRUE,3.6,477,300
404,2022/10/8 6:29,131.3922707,46.86763,5192710.84,453664.566,5.20412,174.1,TRUE,3.6,500,300
405,2022/10/8 6:30,131.3922848,46.86757483,5192704.699,453665.5935,5.66712,170.8,TRUE,3.6,488,300
406,2022/10/8 6:30,131.3922947,46.86752333,5192698.968,453666.304,5.6486,173.1,TRUE,3.6,458,300
407,2022/10/8 6:30,131.3922992,46.86747383,5192693.462,453666.6045,5.57452,178.4,TRUE,3.6,499,300
408,2022/10/8 6:30,131.392309,46.86742183,5192687.676,453667.307,5.7412,178.2,TRUE,3.6,491,300
409,2022/10/8 6:30,131.3923137,46.86737167,5192682.097,453667.6222,5.1856,176.9,TRUE,3.6,496,300
410,2022/10/8 6:30,131.3923265,46.86732183,5192676.549,453668.5552,5.35228,170.9,TRUE,3.6,466,300
411,2022/10/8 6:30,131.3923388,46.867262,5192669.89,453669.4415,5.85232,174.8,TRUE,3.6,497,300
412,2022/10/8 6:30,131.3923498,46.867204,5192663.436,453670.2303,5.8338,179.4,TRUE,3.6,500,300
413,2022/10/8 6:30,131.3923537,46.867154,5192657.875,453670.4846,5.59304,175.5,TRUE,3.6,464,300
414,2022/10/8 6:30,131.392367,46.86709617,5192651.439,453671.4489,5.81528,175.3,TRUE,3.6,473,300
415,2022/10/8 6:30,131.3923752,46.86703967,5192645.153,453672.0255,5.3708,172.9,TRUE,3.6,475,300
416,2022/10/8 6:30,131.392387,46.86699267,5192639.921,453672.8848,4.83372,173.3,TRUE,3.6,480,300
417,2022/10/8 6:30,131.3923903,46.86694083,5192634.156,453673.0918,5.33376,174.3,TRUE,3.6,494,300
418,2022/10/8 6:30,131.3923948,46.866877,5192627.057,453673.3799,5.87084,176.2,TRUE,3.6,500,300
419,2022/10/8 6:30,131.3924018,46.86682067,5192620.791,453673.8652,5.3708,173.1,TRUE,3.6,500,300
420,2022/10/8 6:31,131.3924185,46.86677017,5192615.167,453675.095,5.44488,176.7,TRUE,3.6,474,300
421,2022/10/8 6:31,131.3924242,46.866717,5192609.253,453675.4839,5.42636,173.7,TRUE,3.6,477,300
422,2022/10/8 6:31,131.3924397,46.866667,5192603.686,453676.6227,5.94492,174.9,TRUE,3.6,348,300
423,2022/10/8 6:31,131.3924465,46.86661933,5192598.382,453677.1001,5.16708,177.2,TRUE,3.6,479,300
424,2022/10/8 6:31,131.3924605,46.8665705,5192592.946,453678.1255,5.14856,172.7,TRUE,3.6,475,300
425,2022/10/8 6:31,131.3924568,46.86651417,5192586.686,453677.795,5.7412,170.9,TRUE,3.6,485,300
426,2022/10/8 6:31,131.3924612,46.8664565,5192580.272,453678.0808,5.3708,175.2,TRUE,3.6,497,300
427,2022/10/8 6:31,131.3924675,46.86639667,5192573.617,453678.5097,5.51896,171.4,TRUE,3.6,500,300
428,2022/10/8 6:31,131.3924663,46.86633383,5192566.632,453678.3642,5.25968,176.9,TRUE,3.6,462,300
429,2022/10/8 6:31,131.3924635,46.86627383,5192559.964,453678.0991,5.51896,176.3,TRUE,3.6,500,300
430,2022/10/8 6:31,131.392486,46.86622483,5192554.503,453679.7724,5.50044,174.9,TRUE,3.6,490,300
431,2022/10/8 6:31,131.392505,46.866172,5192548.619,453681.1756,5.51896,173.7,TRUE,3.6,500,300
432,2022/10/8 6:31,131.3925218,46.86611783,5192542.587,453682.41,5.88936,176.3,TRUE,3.6,500,300
433,2022/10/8 6:31,131.3925255,46.8660615,5192536.323,453682.6436,5.68564,174.7,TRUE,3.6,472,300
434,2022/10/8 6:31,131.3925373,46.86600917,5192530.499,453683.4983,5.48192,173,TRUE,3.6,459,300
435,2022/10/8 6:32,131.3925485,46.86595867,5192524.878,453684.3088,5.87084,173.2,TRUE,3.6,493,300
436,2022/10/8 6:32,131.3925603,46.86590683,5192519.108,453685.1639,5.77824,176,TRUE,3.6,500,300
437,2022/10/8 6:32,131.3925582,46.86584717,5192512.477,453684.9525,5.50044,176.8,TRUE,3.6,493,300
438,2022/10/8 6:32,131.3925737,46.86579117,5192506.243,453686.0861,5.3708,172.3,TRUE,3.6,490,300
439,2022/10/8 6:32,131.3925815,46.86573333,5192499.808,453686.6311,5.2782,172.6,TRUE,3.6,488,300
440,2022/10/8 6:32,131.3925945,46.86567983,5192493.853,453687.5763,5.25968,169.7,TRUE,3.6,493,300
441,2022/10/8 6:32,131.3926032,46.8656255,5192487.808,453688.1929,5.40784,169.5,TRUE,3.6,500,300
442,2022/10/8 6:32,131.39261,46.8655715,5192481.801,453688.665,4.94484,170.3,TRUE,3.6,482,300
443,2022/10/8 6:32,131.3926107,46.8655135,5192475.353,453688.6684,5.24116,175.1,TRUE,3.6,500,300
444,2022/10/8 6:32,131.3926202,46.86546917,5192470.419,453689.3547,5.38932,170.1,TRUE,3.6,496,300
445,2022/10/8 6:32,131.3926218,46.8654135,5192464.229,453689.4288,5.9264,172.8,TRUE,3.6,464,300
446,2022/10/8 6:32,131.392638,46.86535567,5192457.791,453690.6142,5.68564,177.2,TRUE,3.6,460,300
447,2022/10/8 6:32,131.3926433,46.865294,5192450.932,453690.9653,5.88936,176.7,TRUE,3.6,500,300
448,2022/10/8 6:32,131.3926587,46.86524117,5192445.05,453692.0941,5.96344,171.3,TRUE,3.6,454,300
449,2022/10/8 6:32,131.3926732,46.8651855,5192438.853,453693.1518,5.31524,173.4,TRUE,3.6,482,300
450,2022/10/8 6:33,131.3926792,46.86512733,5192432.383,453693.5592,5.31524,171.6,TRUE,3.6,500,300
451,2022/10/8 6:33,131.392688,46.86506967,5192425.968,453694.1806,5.50044,174,TRUE,3.6,489,300
452,2022/10/8 6:33,131.3926962,46.86501417,5192419.793,453694.7581,5.3708,177.5,TRUE,3.6,500,300
453,2022/10/8 6:33,131.3927052,46.86495967,5192413.729,453695.3975,5.2782,172,TRUE,3.6,500,300
454,2022/10/8 6:33,131.3927125,46.8649015,5192407.258,453695.9041,5.13004,172.2,TRUE,3.6,475,300
455,2022/10/8 6:33,131.3927143,46.86484967,5192401.495,453695.9968,5.05596,172.9,TRUE,3.6,471,300
456,2022/10/8 6:33,131.3927308,46.8647965,5192395.575,453697.2091,5.53748,170.8,TRUE,3.6,465,300
457,2022/10/8 6:33,131.392734,46.86474417,5192389.755,453697.4081,5.51896,175.2,TRUE,3.6,500,300
458,2022/10/8 6:33,131.3927295,46.86469117,5192383.866,453697.0194,5.40784,169.1,TRUE,3.6,498,300
459,2022/10/8 6:33,131.3927385,46.86463683,5192377.82,453697.6589,5.7412,174.5,TRUE,3.6,468,300
460,2022/10/8 6:33,131.3927492,46.864581,5192371.607,453698.4268,5.2782,164.4,TRUE,3.6,453,300
461,2022/10/8 6:33,131.3927652,46.86452483,5192365.353,453699.5984,5.57452,174.6,TRUE,3.6,500,300
462,2022/10/8 6:33,131.3927797,46.86447217,5192359.491,453700.6588,5.68564,176.6,TRUE,3.6,498,300
463,2022/10/8 6:33,131.3927827,46.8644175,5192353.411,453700.8405,6.1116,173.1,TRUE,3.6,500,300
464,2022/10/8 6:33,131.3928022,46.86436267,5192347.305,453702.2802,6.14864,175.7,TRUE,3.6,500,300
465,2022/10/8 6:34,131.3928025,46.86430233,5192340.596,453702.2512,5.66712,179.2,TRUE,3.6,484,300
466,2022/10/8 6:34,131.3928148,46.86424517,5192334.235,453703.1399,5.25968,167,TRUE,3.6,500,300
467,2022/10/8 6:34,131.3928227,46.86419083,5192328.189,453703.6955,5.35228,174.2,TRUE,3.6,498,300
468,2022/10/8 6:34,131.3928362,46.864142,5192322.753,453704.6829,5.85232,172.6,TRUE,3.6,500,300
469,2022/10/8 6:34,131.3928417,46.8640915,5192317.136,453705.0589,5.07448,171,TRUE,3.6,500,300
470,2022/10/8 6:34,131.3928505,46.864034,5192310.739,453705.6804,5.0004,171.4,TRUE,3.6,491,300
471,2022/10/8 6:34,131.3928493,46.863978,5192304.514,453705.5408,5.38932,175.6,TRUE,3.6,500,300
472,2022/10/8 6:34,131.3928653,46.86392617,5192298.743,453706.7162,6.1116,174.1,TRUE,3.6,464,300
473,2022/10/8 6:34,131.3928707,46.86386583,5192292.032,453707.0761,5.16708,172.6,TRUE,3.6,500,300
474,2022/10/8 6:34,131.3928798,46.86381433,5192286.301,453707.7257,5.7412,175.5,TRUE,3.6,491,300
475,2022/10/8 6:34,131.3928952,46.8637545,5192279.641,453708.8485,5.1856,172.3,TRUE,3.6,490,300
476,2022/10/8 6:34,131.3929093,46.8637025,5192273.852,453709.8789,6.019,177.3,TRUE,3.6,464,300
477,2022/10/8 6:34,131.3929207,46.863645,5192267.453,453710.6987,5.6486,173.5,TRUE,3.6,487,300
478,2022/10/8 6:34,131.3929287,46.863591,5192261.445,453711.2623,5.6486,175.5,TRUE,3.6,489,300
479,2022/10/8 6:34,131.392935,46.8635335,5192255.049,453711.6932,5.31524,172.7,TRUE,3.6,500,300
480,2022/10/8 6:35,131.392943,46.8634825,5192249.375,453712.2594,5.2782,175.6,TRUE,3.6,478,300
481,2022/10/8 6:35,131.3929498,46.86343083,5192243.627,453712.7335,5.87084,175.8,TRUE,3.6,500,300
482,2022/10/8 6:35,131.392958,46.8633745,5192237.36,453713.3103,5.70416,169.3,TRUE,3.6,500,300
483,2022/10/8 6:35,131.3929678,46.86331917,5192231.203,453714.01,5.556,176.7,TRUE,3.6,464,300
484,2022/10/8 6:35,131.3929772,46.8632645,5192225.12,453714.6797,5.50044,170.9,TRUE,3.6,496,300
485,2022/10/8 6:35,131.3929863,46.86320833,5192218.871,453715.3253,5.25968,173.8,TRUE,3.6,495,300
486,2022/10/8 6:35,131.39299,46.863149,5192212.273,453715.5565,6.00048,171.2,TRUE,3.6,500,300
487,2022/10/8 6:35,131.3930002,46.86309667,5192206.449,453716.2892,5.50044,170.3,TRUE,3.6,495,300
488,2022/10/8 6:35,131.393009,46.86303983,5192200.125,453716.9114,6.09308,172.2,TRUE,3.6,482,300
489,2022/10/8 6:35,131.3930213,46.86298367,5192193.875,453717.801,5.6486,177.3,TRUE,3.6,497,300
490,2022/10/8 6:35,131.3930315,46.86293,5192187.903,453718.5326,5.1856,171.4,TRUE,3.6,500,300
491,2022/10/8 6:35,131.3930425,46.86288033,5192182.374,453719.3287,5.42636,177.4,TRUE,3.6,483,300
492,2022/10/8 6:35,131.3930458,46.862819,5192175.555,453719.5276,5.29672,171.9,TRUE,3.6,500,300
493,2022/10/8 6:35,131.3930542,46.8627655,5192169.602,453720.1221,4.87076,166.5,TRUE,3.6,487,300
494,2022/10/8 6:35,131.3930703,46.862715,5192163.979,453721.3063,5.20412,176.2,TRUE,3.6,497,300
495,2022/10/8 6:36,131.3930807,46.86266183,5192158.062,453722.0537,5.29672,170.9,TRUE,3.6,500,300
496,2022/10/8 6:36,131.3930848,46.862606,5192151.853,453722.3183,4.94484,168.6,TRUE,3.6,480,300
497,2022/10/8 6:36,131.3930945,46.86255467,5192146.141,453723.0138,5.14856,173.3,TRUE,3.6,499,300
498,2022/10/8 6:36,131.3930972,46.86249867,5192139.914,453723.1716,5.35228,166.9,TRUE,3.6,497,300
499,2022/10/8 6:36,131.3931065,46.8624415,5192133.553,453723.8316,5.77824,172,TRUE,3.6,494,300
500,2022/10/8 6:36,131.3931085,46.86238183,5192126.918,453723.9328,4.88928,174.8,TRUE,3.6,500,300
501,2022/10/8 6:36,131.3931205,46.86233017,5192121.168,453724.8034,5.31524,172.1,TRUE,3.6,497,300
502,2022/10/8 6:36,131.3931278,46.86227633,5192115.179,453725.3138,5.7412,168.5,TRUE,3.6,500,300
503,2022/10/8 6:36,131.393139,46.8622215,5192109.077,453726.1207,5.38932,174.4,TRUE,3.6,500,300
504,2022/10/8 6:36,131.3931532,46.862163,5192102.565,453727.1532,5.4634,173.6,TRUE,3.6,500,300
505,2022/10/8 6:36,131.3931637,46.8621075,5192096.389,453727.9062,5.50044,175.2,TRUE,3.6,457,300
506,2022/10/8 6:36,131.3931757,46.86205817,5192090.898,453728.7788,5.24116,174.1,TRUE,3.6,456,300
507,2022/10/8 6:36,131.3931857,46.86200333,5192084.796,453729.4942,5.14856,171.1,TRUE,3.6,500,300
508,2022/10/8 6:36,131.3931917,46.86194817,5192078.66,453729.9043,5.70416,169.8,TRUE,3.6,500,300
509,2022/10/8 6:37,131.3931993,46.86185967,5192068.817,453730.4078,3.25952,177,TRUE,3.6,500,300
510,2022/10/8 6:37,131.3932042,46.86182867,5192065.368,453730.7548,3.03728,182.4,TRUE,3.6,373,300
511,2022/10/8 6:37,131.393147,46.86178317,5192060.344,453726.3541,4.05588,272.2,FALSE,3.6,0,300
512,2022/10/8 6:37,131.3931025,46.861787,5192060.796,453722.9642,3.77808,288.3,FALSE,3.6,0,300
513,2022/10/8 6:37,131.3930892,46.86180383,5192062.675,453721.9645,3.3336,328.8,FALSE,3.6,0,300
514,2022/10/8 6:37,131.393087,46.8618335,5192065.974,453721.8222,3.83364,354.7,TRUE,3.6,112,300
515,2022/10/8 6:37,131.3930792,46.8618625,5192069.203,453721.2524,3.66696,353.4,FALSE,3.6,0,300
516,2022/10/8 6:37,131.3930675,46.86188833,5192072.081,453720.3825,0,0,FALSE,3.6,0,300
517,2022/10/8 6:37,131.3930635,46.86189483,5192072.806,453720.083,0,0,FALSE,3.6,0,300
518,2022/10/8 6:37,131.3930625,46.86189617,5192072.956,453720.0079,0,0,FALSE,3.6,0,300
519,2022/10/8 6:37,131.3930622,46.86189717,5192073.067,453719.9859,0,0,FALSE,3.6,0,300
520,2022/10/8 6:37,131.3930612,46.861898,5192073.16,453719.9104,0,0,FALSE,3.6,0,300
521,2022/10/8 6:37,131.3930612,46.86189533,5192072.863,453719.9081,0,0,FALSE,3.6,0,300
522,2022/10/8 6:37,131.3930795,46.86185617,5192068.499,453721.2698,3.92624,163.9,FALSE,3.6,0,300
523,2022/10/8 6:38,131.3930925,46.861814,5192063.803,453722.2249,2.85208,158.8,FALSE,3.6,0,300
524,2022/10/8 6:38,131.39309,46.861805,5192062.804,453722.0265,0,0,FALSE,3.6,0,300
525,2022/10/8 6:38,131.3930892,46.86180467,5192062.768,453721.9652,0,0,FALSE,3.6,0,300
526,2022/10/8 6:38,131.3930898,46.861805,5192062.804,453722.0113,0,91.2,FALSE,3.6,0,300
527,2022/10/8 6:38,131.3930873,46.861839,5192066.586,453721.8498,3.38916,348.6,FALSE,3.6,0,300
528,2022/10/8 6:38,131.3930862,46.861876,5192070.7,453721.7978,1.852,347.7,TRUE,3.6,500,300
529,2022/10/8 6:38,131.393089,46.86187867,5192070.995,453722.0136,0,171.4,FALSE,3.6,0,300
530,2022/10/8 6:38,131.3930882,46.86187783,5192070.902,453721.9518,0,0,FALSE,3.6,0,300
531,2022/10/8 6:38,131.3930867,46.86187717,5192070.829,453721.8369,0,0,FALSE,3.6,0,300
532,2022/10/8 6:38,131.3930853,46.86187683,5192070.792,453721.7299,0,0,FALSE,3.6,0,300
533,2022/10/8 6:38,131.3930768,46.8619125,5192074.763,453721.1124,4.31516,355.5,TRUE,3.6,415,300
534,2022/10/8 6:38,131.393069,46.861973,5192081.493,453720.5696,5.77824,351.7,TRUE,3.6,439,300
535,2022/10/8 6:38,131.3930595,46.8620345,5192088.335,453719.8981,5.81528,357,TRUE,3.6,454,300
536,2022/10/8 6:38,131.3930537,46.862101,5192095.731,453719.5129,6.00048,357.4,TRUE,3.6,478,300
537,2022/10/8 6:38,131.393052,46.862155,5192101.735,453719.4297,6.42644,356.6,TRUE,3.6,473,300
538,2022/10/8 6:39,131.3930475,46.86221217,5192108.094,453719.1357,6.00048,357.2,TRUE,3.6,435,300
539,2022/10/8 6:39,131.393041,46.86226567,5192114.045,453718.6861,6.35236,1.5,TRUE,3.6,466,300
540,2022/10/8 6:39,131.3930227,46.86231917,5192120.003,453717.3367,5.8338,355.8,TRUE,3.6,452,300
541,2022/10/8 6:39,131.393018,46.86237117,5192125.787,453717.023,6.46348,356.1,TRUE,3.6,474,300
542,2022/10/8 6:39,131.3929988,46.86243817,5192133.246,453715.6165,5.90788,350.9,TRUE,3.6,486,300
543,2022/10/8 6:39,131.3929877,46.86249433,5192139.496,453714.8184,5.79676,352.9,TRUE,3.6,474,300
544,2022/10/8 6:39,131.3929785,46.8625485,5192145.523,453714.1635,5.79676,352.1,TRUE,3.6,457,300
545,2022/10/8 6:39,131.3929692,46.8626125,5192152.644,453713.5093,5.98196,355,TRUE,3.6,500,300
546,2022/10/8 6:39,131.3929612,46.862669,5192158.929,453712.9479,5.79676,0.5,TRUE,3.6,455,300
547,2022/10/8 6:39,131.3929508,46.86272883,5192165.587,453712.2063,5.79676,358.4,TRUE,3.6,494,300
548,2022/10/8 6:39,131.3929415,46.86278217,5192171.522,453711.543,5.90788,352.6,TRUE,3.6,500,300
549,2022/10/8 6:39,131.3929343,46.8628345,5192177.343,453711.039,5.0004,352.1,TRUE,3.6,498,300
550,2022/10/8 6:39,131.3929252,46.8628885,5192183.352,453710.3916,5.556,353.5,TRUE,3.6,475,300
551,2022/10/8 6:39,131.3929165,46.86294417,5192189.546,453709.776,5.44488,350.6,TRUE,3.6,493,300
552,2022/10/8 6:39,131.3929055,46.862995,5192195.203,453708.981,5.94492,357,TRUE,3.6,471,300
553,2022/10/8 6:40,131.3928908,46.86305183,5192201.529,453707.909,6.14864,355.5,TRUE,3.6,444,300
554,2022/10/8 6:40,131.3928878,46.86310717,5192207.683,453707.7278,4.8152,356.9,TRUE,3.6,490,300
555,2022/10/8 6:40,131.3928798,46.86315967,5192213.524,453707.1629,5.31524,352.3,TRUE,3.6,500,300
556,2022/10/8 6:40,131.3928708,46.863215,5192219.68,453706.5242,5.48192,358.7,TRUE,3.6,500,300
557,2022/10/8 6:40,131.3928613,46.86326433,5192225.17,453705.8423,4.7226,355.3,TRUE,3.6,474,300
558,2022/10/8 6:40,131.3928478,46.863306,5192229.81,453704.8487,3.7966,356.3,TRUE,3.6,490,300
559,2022/10/8 6:40,131.3928433,46.86335917,5192235.723,453704.5513,6.019,356,TRUE,3.6,500,300
560,2022/10/8 6:40,131.3928315,46.86342133,5192242.641,453703.705,5.7412,1.6,TRUE,3.6,488,300
561,2022/10/8 6:40,131.3928233,46.86347883,5192249.038,453703.1292,5.48192,355.6,TRUE,3.6,480,300
562,2022/10/8 6:40,131.3928105,46.86353117,5192254.864,453702.1982,5.2782,352.1,TRUE,3.6,499,300
563,2022/10/8 6:40,131.3927983,46.86358333,5192260.669,453701.3128,4.79668,355.6,TRUE,3.6,448,300
564,2022/10/8 6:40,131.3927915,46.86363633,5192266.565,453700.8399,5.093,353.4,TRUE,3.6,473,300
565,2022/10/8 6:40,131.392784,46.86368883,5192272.406,453700.3131,4.59296,357.1,TRUE,3.6,500,300
566,2022/10/8 6:40,131.3927793,46.86374217,5192278.338,453700.0006,5.87084,354,TRUE,3.6,500,300
567,2022/10/8 6:40,131.3927653,46.863802,5192284.998,453698.9846,5.24116,354,TRUE,3.6,452,300
568,2022/10/8 6:41,131.392755,46.86385333,5192290.71,453698.2434,5.35228,353.3,TRUE,3.6,500,300
569,2022/10/8 6:41,131.3927505,46.86390633,5192296.605,453697.9458,5.556,355.7,TRUE,3.6,490,300
570,2022/10/8 6:41,131.392741,46.86395967,5192302.54,453697.2673,6.33384,344.5,TRUE,3.6,480,300
571,2022/10/8 6:41,131.3927303,46.86401883,5192309.123,453696.5023,4.96336,355.8,TRUE,3.6,500,300
572,2022/10/8 6:41,131.3927242,46.8640725,5192315.093,453696.0833,5.3708,352.8,TRUE,3.6,484,300
573,2022/10/8 6:41,131.3927132,46.86412383,5192320.806,453695.2888,5.24116,353.4,TRUE,3.6,484,300
574,2022/10/8 6:41,131.3927032,46.864183,5192327.389,453694.5771,5.29672,356.5,TRUE,3.6,498,300
575,2022/10/8 6:41,131.3926925,46.86424117,5192333.862,453693.8113,5.48192,356.6,TRUE,3.6,485,300
576,2022/10/8 6:41,131.3926847,46.864293,5192339.629,453693.2611,5.556,356.7,TRUE,3.6,498,300
577,2022/10/8 6:41,131.3926763,46.86434917,5192345.878,453692.669,5.48192,355.9,TRUE,3.6,416,300
578,2022/10/8 6:41,131.3926653,46.864405,5192352.091,453691.8782,5.72268,354.6,TRUE,3.6,500,300
579,2022/10/8 6:41,131.3926627,46.864456,5192357.762,453691.7239,5.70416,352.2,TRUE,3.6,468,300
580,2022/10/8 6:41,131.3926567,46.86450683,5192363.416,453691.3101,5.72268,355.5,TRUE,3.6,488,300
581,2022/10/8 6:41,131.3926473,46.86456,5192369.333,453690.6391,5.20412,353,TRUE,3.6,476,300
582,2022/10/8 6:41,131.3926368,46.8646135,5192375.286,453689.8845,5.59304,359.4,TRUE,3.6,485,300
583,2022/10/8 6:42,131.3926277,46.86466483,5192380.998,453689.2348,5.11152,352.4,TRUE,3.6,500,300
584,2022/10/8 6:42,131.3926202,46.86472017,5192387.154,453688.7105,5.72268,359.4,TRUE,3.6,460,300
585,2022/10/8 6:42,131.3926085,46.86477183,5192392.904,453687.8628,5.11152,351.8,TRUE,3.6,480,300
586,2022/10/8 6:42,131.392603,46.86482617,5192398.948,453687.4902,5.22264,355.4,TRUE,3.6,497,300
587,2022/10/8 6:42,131.3926013,46.86488367,5192405.341,453687.41,5.98196,353.3,TRUE,3.6,500,300
588,2022/10/8 6:42,131.3925852,46.8649415,5192411.78,453686.2322,5.8338,353.7,TRUE,3.6,499,300
589,2022/10/8 6:42,131.3925755,46.86499717,5192417.974,453685.5405,5.77824,358.7,TRUE,3.6,481,300
590,2022/10/8 6:42,131.3925683,46.86505133,5192423.999,453685.0381,5.7412,356.8,TRUE,3.6,454,300
591,2022/10/8 6:42,131.392555,46.8651025,5192429.696,453684.068,6.09308,353.8,TRUE,3.6,500,300
592,2022/10/8 6:42,131.392544,46.86516133,5192436.242,453683.2799,5.59304,354.4,TRUE,3.6,500,300
593,2022/10/8 6:42,131.3925397,46.865217,5192442.433,453682.9999,5.03744,353.3,TRUE,3.6,500,300
594,2022/10/8 6:42,131.3925292,46.86527217,5192448.573,453682.2468,5.38932,355.1,TRUE,3.6,482,300
595,2022/10/8 6:42,131.3925207,46.86532983,5192454.988,453681.6483,5.72268,353.5,TRUE,3.6,493,300
596,2022/10/8 6:42,131.392511,46.865384,5192461.015,453680.9553,5.59304,355.8,TRUE,3.6,476,300
597,2022/10/8 6:42,131.3925028,46.865441,5192467.357,453680.3791,4.74112,351.5,TRUE,3.6,445,300
598,2022/10/8 6:43,131.3924962,46.8654925,5192473.086,453679.9202,5.25968,349.3,TRUE,3.6,472,300
599,2022/10/8 6:43,131.3924888,46.86554733,5192479.185,453679.4031,5.05596,350.5,TRUE,3.6,483,300
600,2022/10/8 6:43,131.3924793,46.86559533,5192484.527,453678.7201,5.6486,354.5,TRUE,3.6,489,300
601,2022/10/8 6:43,131.3924652,46.86565233,5192490.872,453677.694,5.77824,0,TRUE,3.6,488,300
602,2022/10/8 6:43,131.3924573,46.86571217,5192497.529,453677.1432,6.09308,354.3,TRUE,3.6,467,300
603,2022/10/8 6:43,131.3924493,46.86577333,5192504.333,453676.5858,5.94492,354.4,TRUE,3.6,500,300
604,2022/10/8 6:43,131.3924405,46.86582817,5192510.434,453675.962,5.85232,355,TRUE,3.6,499,300
605,2022/10/8 6:43,131.3924262,46.865879,5192516.093,453674.9154,5.6486,353.9,TRUE,3.6,496,300
606,2022/10/8 6:43,131.3924215,46.86593517,5192522.34,453674.6054,6.14864,354.1,TRUE,3.6,478,300
607,2022/10/8 6:43,131.3924083,46.86598733,5192528.147,453673.6438,4.64852,353.4,TRUE,3.6,426,300
608,2022/10/8 6:43,131.3923967,46.86603567,5192533.527,453672.801,6.14864,355.7,TRUE,3.6,467,300
609,2022/10/8 6:43,131.3923952,46.8660905,5192539.624,453672.7338,5.75972,351.7,TRUE,3.6,491,300
610,2022/10/8 6:43,131.3923872,46.86615217,5192546.484,453672.1769,5.7412,355.2,TRUE,3.6,500,300
611,2022/10/8 6:43,131.3923772,46.86620417,5192552.271,453671.4592,4.98188,355.2,TRUE,3.6,480,300
612,2022/10/8 6:43,131.392367,46.86625817,5192558.28,453670.7279,5.29672,356.1,TRUE,3.6,500,300
613,2022/10/8 6:44,131.3923598,46.86631083,5192564.138,453670.2243,5.61156,358,TRUE,3.6,500,300
614,2022/10/8 6:44,131.3923472,46.866364,5192570.056,453669.3093,5.53748,355.7,TRUE,3.6,471,300
615,2022/10/8 6:44,131.3923445,46.866424,5192576.728,453669.1551,5.4634,359,TRUE,3.6,498,300
616,2022/10/8 6:44,131.3923403,46.86648283,5192583.271,453668.8855,5.81528,348.7,TRUE,3.6,473,300
617,2022/10/8 6:44,131.3923312,46.86653633,5192589.223,453668.2377,5.38932,356.9,TRUE,3.6,460,300
618,2022/10/8 6:44,131.3923252,46.86659733,5192596.008,453667.8327,5.8338,351.6,TRUE,3.6,500,300
619,2022/10/8 6:44,131.3923103,46.86665,5192601.872,453666.742,5.85232,355.2,TRUE,3.6,489,300
620,2022/10/8 6:44,131.3923013,46.86670933,5192608.473,453666.1068,5.40784,354,TRUE,3.6,500,300
621,2022/10/8 6:44,131.392292,46.86676517,5192614.686,453665.4458,5.24116,351.6,TRUE,3.6,479,300
622,2022/10/8 6:44,131.3922805,46.86681383,5192620.102,453664.6108,5.81528,352.4,TRUE,3.6,499,300
623,2022/10/8 6:44,131.3922763,46.8668635,5192625.627,453664.3334,5.38932,351.6,TRUE,3.6,478,300
624,2022/10/8 6:44,131.3922665,46.86691283,5192631.116,453663.6286,6.03752,354.5,TRUE,3.6,465,300
625,2022/10/8 6:44,131.3922502,46.866965,5192636.926,453662.4307,5.79676,354.6,TRUE,3.6,491,300
626,2022/10/8 6:44,131.3922388,46.8670155,5192642.546,453661.605,5.40784,356.6,TRUE,3.6,497,300
627,2022/10/8 6:44,131.3922312,46.86707067,5192648.684,453661.073,5.70416,355.4,TRUE,3.6,473,300
628,2022/10/8 6:45,131.3922255,46.8671285,5192655.116,453660.6882,5.556,354,TRUE,3.6,457,300
629,2022/10/8 6:45,131.392216,46.86718467,5192661.366,453660.0122,5.77824,359,TRUE,3.6,495,300
630,2022/10/8 6:45,131.3922067,46.86723833,5192667.337,453659.3493,4.77816,353.4,TRUE,3.6,500,300
631,2022/10/8 6:45,131.392198,46.86729133,5192673.234,453658.7316,5.63008,350.4,TRUE,3.6,436,300
632,2022/10/8 6:45,131.3921912,46.86734917,5192679.668,453658.2629,5.87084,354.8,TRUE,3.6,479,300
633,2022/10/8 6:45,131.392184,46.86740333,5192685.693,453657.7606,6.09308,359.4,TRUE,3.6,489,300
634,2022/10/8 6:45,131.3921728,46.8674615,5192692.166,453656.9567,5.6486,354.7,TRUE,3.6,435,300
635,2022/10/8 6:45,131.3921617,46.86751833,5192698.49,453656.1594,5.77824,357.4,TRUE,3.6,500,300
636,2022/10/8 6:45,131.3921565,46.86757633,5192704.941,453655.8128,5.51896,354,TRUE,3.6,460,300
637,2022/10/8 6:45,131.3921443,46.86762833,5192710.729,453654.9274,5.8338,356.6,TRUE,3.6,493,300
638,2022/10/8 6:45,131.3921352,46.86768483,5192717.015,453654.2822,5.98196,352.2,TRUE,3.6,500,300
639,2022/10/8 6:45,131.3921297,46.86773683,5192722.799,453653.9076,5.48192,348.7,TRUE,3.6,448,300
640,2022/10/8 6:45,131.3921208,46.86778733,5192728.419,453653.2725,5.61156,354.2,TRUE,3.6,500,300
641,2022/10/8 6:45,131.392111,46.86783983,5192734.261,453652.5705,5.093,352.6,TRUE,3.6,476,300
642,2022/10/8 6:45,131.3921008,46.8678885,5192739.677,453651.8348,5.31524,355.4,TRUE,3.6,500,300
643,2022/10/8 6:46,131.3920885,46.86794367,5192745.818,453650.9445,5.11152,348.6,TRUE,3.6,491,300
644,2022/10/8 6:46,131.3920768,46.86800183,5192752.29,453650.1025,4.55592,357,TRUE,3.6,460,300
645,2022/10/8 6:46,131.3920687,46.86805533,5192758.242,453649.531,6.019,356.6,TRUE,3.6,483,300
646,2022/10/8 6:46,131.3920658,46.86810567,5192763.84,453649.3532,5.4634,351.6,TRUE,3.6,457,300
647,2022/10/8 6:46,131.3920563,46.86815817,5192769.682,453648.6741,5.72268,355.1,TRUE,3.6,500,300
648,2022/10/8 6:46,131.3920453,46.868213,5192775.784,453647.8826,5.59304,354.9,TRUE,3.6,487,300
649,2022/10/8 6:46,131.3920357,46.86827567,5192782.757,453647.2046,5.72268,354,TRUE,3.6,500,300
650,2022/10/8 6:46,131.3920265,46.86833083,5192788.894,453646.5507,5.556,355.2,TRUE,3.6,500,300
651,2022/10/8 6:46,131.392016,46.86838783,5192795.237,453645.7992,5.59304,347.5,TRUE,3.6,443,300
652,2022/10/8 6:46,131.3920067,46.86844517,5192801.617,453645.1395,6.3894,355.8,TRUE,3.6,433,300
653,2022/10/8 6:46,131.3919983,46.8684975,5192807.439,453644.5442,4.94484,351.9,TRUE,3.6,447,300
654,2022/10/8 6:46,131.3919892,46.868553,5192813.614,453643.8981,5.63008,353.3,TRUE,3.6,463,300
655,2022/10/8 6:46,131.3919823,46.86860883,5192819.825,453643.4201,5.87084,353.5,TRUE,3.6,465,300
656,2022/10/8 6:46,131.391976,46.86865983,5192825.498,453642.9837,5.81528,354.4,TRUE,3.6,464,300
657,2022/10/8 6:46,131.3919672,46.86871,5192831.081,453642.356,5.07448,354.9,TRUE,3.6,474,300
658,2022/10/8 6:47,131.3919587,46.86875717,5192836.329,453641.7485,2.25944,353.9,TRUE,3.6,500,300
659,2022/10/8 6:47,131.3919535,46.868791,5192840.093,453641.3812,5.90788,354.2,TRUE,3.6,500,300
660,2022/10/8 6:47,131.3919432,46.86884483,5192846.083,453640.6423,5.77824,353.8,TRUE,3.6,500,300
661,2022/10/8 6:47,131.3919365,46.86889417,5192851.572,453640.1739,5.05596,351.2,TRUE,3.6,443,300
662,2022/10/8 6:47,131.391925,46.86894783,5192857.545,453639.3434,5.03744,358,TRUE,3.6,464,300
663,2022/10/8 6:47,131.3919205,46.86900133,5192863.495,453639.0464,5.05596,352.1,TRUE,3.6,500,300
664,2022/10/8 6:47,131.3919118,46.869052,5192869.133,453638.4267,5.33376,351.1,TRUE,3.6,492,300
665,2022/10/8 6:47,131.3919027,46.86910717,5192875.271,453637.7804,5.50044,351.6,TRUE,3.6,475,300
666,2022/10/8 6:47,131.391892,46.86915967,5192881.114,453637.0098,5.29672,356.2,TRUE,3.6,500,300
667,2022/10/8 6:47,131.3918787,46.8692115,5192886.884,453636.0404,5.50044,355.4,TRUE,3.6,500,300
668,2022/10/8 6:47,131.3918713,46.86926567,5192892.91,453635.5229,6.14864,352.5,TRUE,3.6,483,300
669,2022/10/8 6:47,131.3918638,46.869318,5192898.732,453634.9962,4.75964,355.1,TRUE,3.6,409,300
670,2022/10/8 6:47,131.3918557,46.86937183,5192904.721,453634.425,5.61156,359.1,TRUE,3.6,483,300
671,2022/10/8 6:47,131.3918498,46.86941833,5192909.893,453634.0152,5.44488,356.7,TRUE,3.6,373,300
672,2022/10/8 6:47,131.3918427,46.86947233,5192915.901,453633.5204,5.87084,353.4,TRUE,3.6,500,300
673,2022/10/8 6:48,131.3918347,46.86952433,5192921.686,453632.9552,5.90788,1.2,TRUE,3.6,364,300
674,2022/10/8 6:48,131.3918335,46.86955767,5192925.393,453632.8925,2.42612,354.8,TRUE,3.6,499,300
675,2022/10/8 6:48,131.39183,46.86958433,5192928.359,453632.6486,3.25952,349.1,FALSE,3.6,0,300
676,2022/10/8 6:48,131.3918027,46.86961567,5192931.859,453630.5942,2.5002,331.1,FALSE,3.6,0,300
677,2022/10/8 6:48,131.3917628,46.86962167,5192932.55,453627.5574,5.16708,287.3,FALSE,3.6,0,300
678,2022/10/8 6:48,131.3916917,46.8696055,5192930.794,453622.1227,5.38932,215.7,FALSE,3.6,0,300
679,2022/10/8 6:48,131.3916507,46.86956283,5192926.075,453618.9601,4.00032,188.8,FALSE,3.6,0,300
680,2022/10/8 6:48,131.3916498,46.86953217,5192922.667,453618.8651,3.46324,160.3,FALSE,3.6,0,300
681,2022/10/8 6:48,131.3916703,46.8694845,5192917.355,453620.387,4.70408,166,FALSE,3.6,0,300
682,2022/10/8 6:48,131.391685,46.86941567,5192909.695,453621.4484,4.3522,168.4,FALSE,3.6,0,300
683,2022/10/8 6:48,131.391683,46.86941233,5192909.325,453621.293,0,0,FALSE,3.6,0,300
684,2022/10/8 6:48,131.391682,46.869413,5192909.4,453621.2174,0,0,FALSE,3.6,0,300
685,2022/10/8 6:48,131.3916815,46.8694165,5192909.789,453621.1823,0,0,FALSE,3.6,0,300
686,2022/10/8 6:48,131.3916753,46.86945817,5192914.425,453620.7455,3.20396,356.9,FALSE,3.6,0,300
687,2022/10/8 6:48,131.3916687,46.869499,5192918.968,453620.2775,2.2224,347.8,FALSE,3.6,0,300
688,2022/10/8 6:49,131.3916673,46.8695075,5192919.914,453620.178,0,0,FALSE,3.6,0,300
689,2022/10/8 6:49,131.3916675,46.8695065,5192919.803,453620.1924,5.1856,165.7,TRUE,3.6,303,300
690,2022/10/8 6:49,131.3916753,46.86945633,5192914.221,453620.7439,2.51872,172.1,TRUE,3.6,491,300
691,2022/10/8 6:49,131.3916817,46.86941583,5192909.715,453621.197,3.66696,167.6,TRUE,3.6,500,300
692,2022/10/8 6:49,131.3916867,46.86938267,5192906.026,453621.5496,3.96328,170,TRUE,3.6,500,300
693,2022/10/8 6:49,131.3916938,46.86933367,5192900.574,453622.0487,5.20412,170.4,TRUE,3.6,496,300
694,2022/10/8 6:49,131.3917007,46.86928467,5192895.123,453622.5325,2.2224,173.3,TRUE,3.6,476,300
695,2022/10/8 6:49,131.3917025,46.86927783,5192894.361,453622.6639,0,0,FALSE,3.6,0,300
696,2022/10/8 6:49,131.3917075,46.8692385,5192889.986,453623.0112,2.9632,182.4,TRUE,3.6,500,300
697,2022/10/8 6:49,131.3917125,46.869214,5192887.26,453623.3713,1.61124,174.4,TRUE,3.6,452,300
698,2022/10/8 6:49,131.3917183,46.86917517,5192882.94,453623.7801,5.31524,175.3,TRUE,3.6,471,300
699,2022/10/8 6:49,131.391728,46.86912133,5192876.949,453624.4732,4.85224,171,TRUE,3.6,479,300
700,2022/10/8 6:49,131.3917368,46.86906833,5192871.051,453625.0985,5.093,173.2,TRUE,3.6,470,300
701,2022/10/8 6:49,131.3917452,46.869013,5192864.896,453625.6913,4.75964,173.3,TRUE,3.6,500,300
702,2022/10/8 6:49,131.3917552,46.868966,5192859.665,453626.4132,4.50036,178.7,TRUE,3.6,493,300
703,2022/10/8 6:50,131.3917618,46.86891267,5192853.732,453626.8705,5.79676,177.3,TRUE,3.6,500,300
704,2022/10/8 6:50,131.391771,46.8688545,5192847.26,453627.5218,4.98188,172.6,TRUE,3.6,445,300
705,2022/10/8 6:50,131.3917795,46.86880017,5192841.215,453628.1231,5.51896,174.6,TRUE,3.6,466,300
706,2022/10/8 6:50,131.3917873,46.8687505,5192835.689,453628.675,4.64852,159.1,TRUE,3.6,457,300
707,2022/10/8 6:50,131.3917975,46.86869683,5192829.717,453629.4064,5.24116,177.7,TRUE,3.6,492,300
708,2022/10/8 6:50,131.3918042,46.86864267,5192823.692,453629.8706,5.25968,178.6,TRUE,3.6,496,300
709,2022/10/8 6:50,131.3918135,46.86858767,5192817.572,453630.5323,5.33376,175,TRUE,3.6,478,300
710,2022/10/8 6:50,131.3918165,46.86854133,5192812.419,453630.7211,5.57452,171.4,TRUE,3.6,500,300
711,2022/10/8 6:50,131.3918245,46.86848733,5192806.411,453631.2845,5.24116,167.3,TRUE,3.6,486,300
712,2022/10/8 6:50,131.3918332,46.86843267,5192800.329,453631.9008,4.09292,173,TRUE,3.6,359,300
713,2022/10/8 6:50,131.3918397,46.868385,5192795.026,453632.3553,4.50036,173.4,TRUE,3.6,476,300
714,2022/10/8 6:50,131.3918475,46.86834083,5192790.111,453632.9119,3.6114,175.3,TRUE,3.6,435,300
715,2022/10/8 6:50,131.3918508,46.86829467,5192784.978,453633.1238,5.01892,174.2,TRUE,3.6,497,300
716,2022/10/8 6:50,131.3918575,46.86824167,5192779.082,453633.589,5.20412,172.8,TRUE,3.6,453,300
717,2022/10/8 6:50,131.3918602,46.86818583,5192772.873,453633.7467,5.1856,168.1,TRUE,3.6,471,300
718,2022/10/8 6:51,131.3918582,46.86813783,5192767.538,453633.5529,4.55592,173.9,TRUE,3.6,497,300
719,2022/10/8 6:51,131.3918673,46.8680885,5192762.049,453634.2042,4.7226,175,TRUE,3.6,463,300
720,2022/10/8 6:51,131.3918785,46.86803133,5192755.687,453635.0089,5.6486,164.1,TRUE,3.6,500,300
721,2022/10/8 6:51,131.3918908,46.86797717,5192749.659,453635.9001,5.07448,170.6,TRUE,3.6,495,300
722,2022/10/8 6:51,131.3918973,46.86792883,5192744.281,453636.354,4.85224,178.5,TRUE,3.6,496,300
723,2022/10/8 6:51,131.391907,46.86787583,5192738.383,453637.048,4.87076,175.2,TRUE,3.6,500,300
724,2022/10/8 6:51,131.3919202,46.86782317,5192732.521,453638.009,4.4448,174.1,TRUE,3.6,500,300
725,2022/10/8 6:51,131.3919293,46.86777083,5192726.697,453638.6578,4.66704,171.4,TRUE,3.6,488,300
726,2022/10/8 6:51,131.3919377,46.867721,5192721.153,453639.2553,4.40776,175.4,TRUE,3.6,492,300
727,2022/10/8 6:51,131.391946,46.86768,5192716.59,453639.8528,4.63,171.9,TRUE,3.6,490,300
728,2022/10/8 6:51,131.3919568,46.8676325,5192711.303,453640.6354,5.66712,175.7,TRUE,3.6,500,300
729,2022/10/8 6:51,131.3919647,46.86757517,5192704.925,453641.1883,5.51896,173.6,TRUE,3.6,500,300
730,2022/10/8 6:51,131.3919753,46.86752217,5192699.027,453641.9509,5.3708,171.7,TRUE,3.6,500,300
731,2022/10/8 6:51,131.3919843,46.86746617,5192692.797,453642.5888,5.63008,175.5,TRUE,3.6,498,300
732,2022/10/8 6:51,131.3919918,46.867416,5192687.215,453643.1175,5.48192,170.9,TRUE,3.6,500,300
733,2022/10/8 6:52,131.3920003,46.86736033,5192681.021,453643.7176,4.4448,174.1,TRUE,3.6,478,300
734,2022/10/8 6:52,131.392012,46.867312,5192675.641,453644.5681,4.40776,172.1,TRUE,3.6,435,300
735,2022/10/8 6:52,131.3920202,46.86726217,5192670.097,453645.1504,4.68556,175.6,TRUE,3.6,486,300
736,2022/10/8 6:52,131.3920327,46.86721383,5192664.716,453646.0618,4.96336,165.6,TRUE,3.6,500,300
737,2022/10/8 6:52,131.3920432,46.86716483,5192659.262,453646.8202,5.16708,174.5,TRUE,3.6,500,300
738,2022/10/8 6:52,131.3920532,46.86710967,5192653.124,453647.5351,4.9078,180.7,TRUE,3.6,477,300
739,2022/10/8 6:52,131.3920622,46.86706067,5192647.672,453648.1792,4.8152,166.3,TRUE,3.6,466,300
740,2022/10/8 6:52,131.392072,46.86701017,5192642.052,453648.8829,5.22264,174.1,TRUE,3.6,482,300
741,2022/10/8 6:52,131.3920797,46.8669585,5192636.304,453649.4255,5.50044,171.5,TRUE,3.6,495,300
742,2022/10/8 6:52,131.3920877,46.86690617,5192630.481,453649.9904,4.94484,173.4,TRUE,3.6,500,300
743,2022/10/8 6:52,131.392095,46.86685283,5192624.547,453650.5011,4.8152,175.1,TRUE,3.6,431,300
744,2022/10/8 6:52,131.3921033,46.86680167,5192618.855,453651.0898,4.92632,175,TRUE,3.6,500,300
745,2022/10/8 6:52,131.3921035,46.8667495,5192613.055,453651.0602,5.2782,174.1,TRUE,3.6,486,300
746,2022/10/8 6:52,131.3921102,46.866695,5192606.993,453651.5241,5.90788,171.5,TRUE,3.6,455,300
747,2022/10/8 6:52,131.3921213,46.86664067,5192600.947,453652.3237,5.48192,171.9,TRUE,3.6,499,300
748,2022/10/8 6:53,131.3921283,46.86659167,5192595.495,453652.8152,3.241,171.8,TRUE,3.6,484,300
749,2022/10/8 6:53,131.3921373,46.86655267,5192591.154,453653.4678,4.7226,176.9,TRUE,3.6,500,300
750,2022/10/8 6:53,131.392142,46.86651233,5192586.667,453653.7915,6.25976,166.7,TRUE,3.6,485,300
751,2022/10/8 6:53,131.3921502,46.86645633,5192580.437,453654.3685,5.7412,171.6,TRUE,3.6,434,300
752,2022/10/8 6:53,131.3921612,46.866399,5192574.057,453655.1578,5.70416,173.4,TRUE,3.6,432,300
753,2022/10/8 6:53,131.3921702,46.86633783,5192567.252,453655.7914,6.33384,169,TRUE,3.6,487,300
754,2022/10/8 6:53,131.392181,46.86628267,5192561.113,453656.5674,5.44488,169.8,TRUE,3.6,483,300
755,2022/10/8 6:53,131.3921903,46.866227,5192554.919,453657.2285,5.3708,173,TRUE,3.6,471,300
756,2022/10/8 6:53,131.3921987,46.86617,5192548.578,453657.8199,5.51896,174.7,TRUE,3.6,420,300
757,2022/10/8 6:53,131.3922082,46.86611283,5192542.216,453658.4951,5.05596,167.2,TRUE,3.6,471,300
758,2022/10/8 6:53,131.3922187,46.86606,5192536.337,453659.2502,5.68564,173.1,TRUE,3.6,492,300
759,2022/10/8 6:53,131.3922295,46.866005,5192530.217,453660.0263,5.77824,170.2,TRUE,3.6,484,300
760,2022/10/8 6:53,131.392237,46.86594583,5192523.634,453660.5472,5.4634,180.9,TRUE,3.6,434,300
761,2022/10/8 6:53,131.3922455,46.8658925,5192517.701,453661.1494,6.07456,181.9,TRUE,3.6,474,300
762,2022/10/8 6:53,131.3922557,46.865836,5192511.414,453661.8785,6.2968,179.4,TRUE,3.6,495,300
763,2022/10/8 6:54,131.3922643,46.8657805,5192505.239,453662.4865,5.35228,174,TRUE,3.6,456,300
764,2022/10/8 6:54,131.3922735,46.865721,5192498.619,453663.1367,5.63008,172.9,TRUE,3.6,475,300
765,2022/10/8 6:54,131.3922818,46.86566083,5192491.925,453663.7178,5.98196,173.8,TRUE,3.6,456,300
766,2022/10/8 6:54,131.3922895,46.86560233,5192485.417,453664.2546,5.96344,169.3,TRUE,3.6,461,300
767,2022/10/8 6:54,131.3923017,46.86554483,5192479.018,453665.1353,5.63008,175.2,TRUE,3.6,464,300
768,2022/10/8 6:54,131.392307,46.8654865,5192472.53,453665.4892,5.94492,177.9,TRUE,3.6,497,300
769,2022/10/8 6:54,131.3923177,46.86543017,5192466.262,453666.2566,4.98188,170.5,TRUE,3.6,398,300
770,2022/10/8 6:54,131.3923255,46.86537383,5192459.994,453666.8028,5.20412,172.6,TRUE,3.6,420,300
771,2022/10/8 6:54,131.3923357,46.86532117,5192454.134,453667.5352,5.1856,173.5,TRUE,3.6,415,300
772,2022/10/8 6:54,131.3923447,46.86526483,5192447.866,453668.173,6.00048,173,TRUE,3.6,486,300
773,2022/10/8 6:54,131.3923545,46.86521117,5192441.895,453668.874,5.20412,174.5,TRUE,3.6,493,300
774,2022/10/8 6:54,131.3923622,46.86515667,5192435.831,453669.4142,5.3708,178.3,TRUE,3.6,462,300
775,2022/10/8 6:54,131.3923698,46.86510433,5192430.008,453669.9487,5.53748,172.5,TRUE,3.6,437,300
776,2022/10/8 6:54,131.3923818,46.865046,5192423.517,453670.8134,5.11152,171.4,TRUE,3.6,458,300
777,2022/10/8 6:54,131.3923913,46.864992,5192417.508,453671.4913,5.556,175.4,TRUE,3.6,499,300
778,2022/10/8 6:55,131.3924007,46.86493617,5192411.296,453672.16,5.57452,173.6,TRUE,3.6,475,300
779,2022/10/8 6:55,131.3924095,46.86487733,5192404.75,453672.7804,5.63008,171.7,TRUE,3.6,500,300
780,2022/10/8 6:55,131.3924188,46.86481617,5192397.945,453673.4369,6.2042,171.7,TRUE,3.6,427,300
781,2022/10/8 6:55,131.3924278,46.864757,5192391.362,453674.0722,5.98196,173.4,TRUE,3.6,440,300
782,2022/10/8 6:55,131.3924348,46.86469867,5192384.874,453674.5557,5.42636,173.2,TRUE,3.6,459,300
783,2022/10/8 6:55,131.3924442,46.864647,5192379.124,453675.228,5.68564,177.2,TRUE,3.6,480,300
784,2022/10/8 6:55,131.3924527,46.864588,5192372.56,453675.8254,5.6486,172.7,TRUE,3.6,445,300
785,2022/10/8 6:55,131.3924628,46.86453467,5192366.626,453676.5496,5.68564,178.5,TRUE,3.6,430,300
786,2022/10/8 6:55,131.3924715,46.86448033,5192360.58,453677.1662,5.24116,175.9,TRUE,3.6,460,300
787,2022/10/8 6:55,131.3924787,46.86442317,5192354.221,453677.666,5.8338,176.5,TRUE,3.6,480,300
788,2022/10/8 6:55,131.3924885,46.864367,5192347.971,453678.3649,5.40784,174.6,TRUE,3.6,441,300
789,2022/10/8 6:55,131.3924992,46.8643085,5192341.461,453679.1305,5.07448,170.1,TRUE,3.6,500,300
790,2022/10/8 6:55,131.3925088,46.86425133,5192335.1,453679.8133,5.50044,171.9,TRUE,3.6,494,300
791,2022/10/8 6:55,131.3925187,46.8641975,5192329.11,453680.5218,5.88936,172.5,TRUE,3.6,409,300
792,2022/10/8 6:55,131.3925287,46.86414283,5192323.027,453681.2373,5.556,174.5,TRUE,3.6,470,300
793,2022/10/8 6:56,131.3925367,46.86408167,5192316.223,453681.7947,5.31524,174.2,TRUE,3.6,455,300
794,2022/10/8 6:56,131.3925452,46.864024,5192309.807,453682.3932,5.68564,177.4,TRUE,3.6,485,300
795,2022/10/8 6:56,131.3925537,46.86396667,5192303.429,453682.992,5.87084,173.2,TRUE,3.6,485,300
796,2022/10/8 6:56,131.3925655,46.86391133,5192297.27,453683.8441,5.66712,173.8,TRUE,3.6,500,300
797,2022/10/8 6:56,131.3925727,46.86385517,5192291.022,453684.3448,5.90788,171.9,TRUE,3.6,451,300
798,2022/10/8 6:56,131.3925822,46.8637985,5192284.717,453685.0204,5.093,174,TRUE,3.6,496,300
799,2022/10/8 6:56,131.3925922,46.8637405,5192278.263,453685.733,6.019,172.2,TRUE,3.6,464,300
800,2022/10/8 6:56,131.392601,46.86368267,5192271.829,453686.3543,5.31524,172.8,TRUE,3.6,468,300
801,2022/10/8 6:56,131.39261,46.86362633,5192265.561,453686.9921,5.35228,170.2,TRUE,3.6,494,300
802,2022/10/8 6:56,131.3926168,46.8635715,5192259.461,453687.4634,5.66712,172.7,TRUE,3.6,381,300
803,2022/10/8 6:56,131.3926293,46.863518,5192253.506,453688.3705,5.87084,172.8,TRUE,3.6,476,300
804,2022/10/8 6:56,131.3926385,46.86346133,5192247.201,453689.0233,5.8338,173.5,TRUE,3.6,462,300
805,2022/10/8 6:56,131.3926467,46.863406,5192241.045,453689.6009,5.44488,172.4,TRUE,3.6,471,300
806,2022/10/8 6:56,131.3926583,46.86334767,5192234.554,453690.4353,5.3708,170.3,TRUE,3.6,445,300
807,2022/10/8 6:56,131.3926665,46.86329033,5192228.175,453691.0112,5.70416,176.6,TRUE,3.6,480,300
808,2022/10/8 6:57,131.3926758,46.86323017,5192221.482,453691.6686,5.79676,173.4,TRUE,3.6,487,300
809,2022/10/8 6:57,131.3926867,46.86317817,5192215.694,453692.455,5.31524,171,TRUE,3.6,455,300
810,2022/10/8 6:57,131.3926927,46.86312017,5192209.243,453692.8626,6.22272,171.8,TRUE,3.6,485,300
811,2022/10/8 6:57,131.3927013,46.8630655,5192203.161,453693.4714,5.48192,173.1,TRUE,3.6,485,300
812,2022/10/8 6:57,131.3927097,46.86300783,5192196.745,453694.0623,5.48192,169.9,TRUE,3.6,438,300
813,2022/10/8 6:57,131.392717,46.86295033,5192190.348,453694.5695,5.6486,178.8,TRUE,3.6,470,300
814,2022/10/8 6:57,131.3927252,46.86289283,5192183.951,453695.1453,5.77824,0,TRUE,3.6,471,300
815,2022/10/8 6:57,131.3927337,46.86283917,5192177.981,453695.7473,6.24124,172.4,TRUE,3.6,493,300
816,2022/10/8 6:57,131.3927458,46.8627805,5192171.451,453696.6194,5.4634,168.4,TRUE,3.6,458,300
817,2022/10/8 6:57,131.3927538,46.86272183,5192164.925,453697.179,5.72268,171.6,TRUE,3.6,475,300
818,2022/10/8 6:57,131.3927625,46.86266733,5192158.861,453697.7955,5.3708,173,TRUE,3.6,443,300
819,2022/10/8 6:57,131.3927712,46.86261067,5192152.557,453698.4102,5.51896,177,TRUE,3.6,477,300
820,2022/10/8 6:57,131.3927797,46.86255333,5192146.177,453699.009,5.6486,171.8,TRUE,3.6,444,300
821,2022/10/8 6:57,131.3927873,46.86249817,5192140.041,453699.5411,5.70416,170.3,TRUE,3.6,497,300
822,2022/10/8 6:57,131.392799,46.86244433,5192134.049,453700.3869,5.33376,173.2,TRUE,3.6,469,300
823,2022/10/8 6:58,131.3928058,46.8623875,5192127.727,453700.8566,5.85232,178.8,TRUE,3.6,500,300
824,2022/10/8 6:58,131.3928145,46.86233333,5192121.7,453701.4734,4.79668,171.8,TRUE,3.6,493,300
825,2022/10/8 6:58,131.3928195,46.862284,5192116.213,453701.8122,5.40784,173.9,TRUE,3.6,500,300
826,2022/10/8 6:58,131.3928297,46.86222917,5192110.112,453702.5429,5.093,172,TRUE,3.6,497,300
827,2022/10/8 6:58,131.3928403,46.86217117,5192103.658,453703.3013,5.8338,170.1,TRUE,3.6,500,300
828,2022/10/8 6:58,131.3928503,46.862117,5192097.63,453704.0172,5.53748,173.9,TRUE,3.6,500,300
829,2022/10/8 6:58,131.3928612,46.86205833,5192091.101,453704.7979,5.70416,175.5,TRUE,3.6,470,300
830,2022/10/8 6:58,131.3928678,46.86199983,5192084.594,453705.2509,6.07456,172.1,TRUE,3.6,484,300
831,2022/10/8 6:58,131.3928753,46.86194567,5192078.569,453705.7762,5.2782,172.6,TRUE,3.6,467,300
832,2022/10/8 6:58,131.3928865,46.86189117,5192072.504,453706.5834,5.24116,171.1,TRUE,3.6,479,300
833,2022/10/8 6:58,131.3928975,46.86183317,5192066.049,453707.3723,5.90788,174.8,TRUE,3.6,459,300
834,2022/10/8 6:58,131.3929072,46.861781,5192060.244,453708.0671,2.6854,185.2,TRUE,3.6,460,300
835,2022/10/8 6:58,131.3929072,46.8617565,5192057.52,453708.046,1.59272,188.1,TRUE,3.6,124,300
836,2022/10/8 6:58,131.3928912,46.86173733,5192055.399,453706.8095,2.66688,218.6,FALSE,3.6,0,300
837,2022/10/8 6:58,131.3928588,46.86172783,5192054.362,453704.3308,2.51872,250.2,FALSE,3.6,0,300
838,2022/10/8 6:59,131.3928162,46.8617205,5192053.572,453701.0762,3.53732,298.1,FALSE,3.6,0,300
839,2022/10/8 6:59,131.3927782,46.861729,5192054.539,453698.1859,4.20404,316.6,FALSE,3.6,0,300
840,2022/10/8 6:59,131.3927605,46.86175917,5192057.904,453696.8622,3.72252,352.9,FALSE,3.6,0,300
841,2022/10/8 6:59,131.392764,46.86179383,5192061.755,453697.1589,6.22272,8.2,FALSE,3.6,0,300
842,2022/10/8 6:59,131.3928013,46.8618585,5192068.922,453700.0587,7.51912,4,FALSE,3.6,0,300
843,2022/10/8 6:59,131.3927758,46.86191133,5192074.81,453698.1597,0.9630399,348.9,FALSE,3.6,0,300
844,2022/10/8 6:59,131.3927733,46.86191067,5192074.738,453697.9685,0,0,FALSE,3.6,0,300
845,2022/10/8 6:59,131.3927738,46.86191217,5192074.905,453698.0079,0,0,FALSE,3.6,0,300
846,2022/10/8 6:59,131.3927748,46.86191317,5192075.015,453698.085,0,0,FALSE,3.6,0,300
847,2022/10/8 6:59,131.392775,46.86191283,5192074.977,453698.1,0,0,FALSE,3.6,0,300
848,2022/10/8 6:59,131.3927888,46.86187917,5192071.227,453699.1233,2.70392,178.2,FALSE,3.6,0,300
849,2022/10/8 6:59,131.3927987,46.861842,5192067.089,453699.8462,2.94468,177.6,FALSE,3.6,0,300
850,2022/10/8 6:59,131.3928005,46.86180833,5192063.345,453699.9545,1.59272,197.4,FALSE,3.6,0,300
851,2022/10/8 6:59,131.3928065,46.86177633,5192059.784,453700.3845,2.51872,174.7,FALSE,3.6,0,300
852,2022/10/8 6:59,131.3928065,46.861744,5192056.19,453700.3567,3.25952,161.5,FALSE,3.6,0,300
853,2022/10/8 7:00,131.3928072,46.861739,5192055.634,453700.4058,0,0,FALSE,3.6,0,300
854,2022/10/8 7:00,131.3928052,46.86173917,5192055.654,453700.2535,0,0,FALSE,3.6,0,300
855,2022/10/8 7:00,131.3928028,46.86174067,5192055.822,453700.0717,0,0,FALSE,3.6,0,300
856,2022/10/8 7:00,131.3928002,46.86174067,5192055.824,453699.8735,0,0,FALSE,3.6,0,300
857,2022/10/8 7:00,131.3927942,46.86174767,5192056.606,453699.422,0,0,FALSE,3.6,0,300
858,2022/10/8 7:00,131.392791,46.86176017,5192057.997,453699.1887,3.4262,347.7,FALSE,3.6,0,300
859,2022/10/8 7:00,131.3927762,46.86179917,5192062.341,453698.0937,0.42596,355.9,FALSE,3.6,0,300
860,2022/10/8 7:00,131.392765,46.86181417,5192064.015,453697.2526,0,0,FALSE,3.6,0,300
861,2022/10/8 7:00,131.3927632,46.861813,5192063.886,453697.1144,0,0,FALSE,3.6,0,300
862,2022/10/8 7:00,131.3927635,46.86181067,5192063.627,453697.1352,0,0,FALSE,3.6,0,300
863,2022/10/8 7:00,131.3927675,46.86179533,5192061.92,453697.4271,2.24092,172.7,FALSE,3.6,0,300
864,2022/10/8 7:00,131.3927715,46.86176833,5192058.916,453697.7088,0,166.7,FALSE,3.6,0,300
865,2022/10/8 7:00,131.3927688,46.86176783,5192058.862,453697.5025,0,0,FALSE,3.6,0,300
866,2022/10/8 7:00,131.3927683,46.86176683,5192058.751,453697.4636,0,0,FALSE,3.6,0,300
867,2022/10/8 7:00,131.3927685,46.86176567,5192058.622,453697.4778,0,0,FALSE,3.6,0,300
868,2022/10/8 7:01,131.3927693,46.8617655,5192058.602,453697.5387,0,0,FALSE,3.6,0,300
869,2022/10/8 7:01,131.3927693,46.86176583,5192058.639,453697.5389,0,0,FALSE,3.6,0,300
870,2022/10/8 7:01,131.392769,46.86176583,5192058.639,453697.5161,0,0,FALSE,3.6,0,300
871,2022/10/8 7:01,131.392769,46.86176583,5192058.639,453697.5161,0,0,FALSE,3.6,0,300
872,2022/10/8 7:01,131.3927695,46.861766,5192058.658,453697.5543,0,97.9,FALSE,3.6,0,300
873,2022/10/8 7:01,131.3927698,46.861766,5192058.658,453697.5772,0,0,FALSE,3.6,0,300
874,2022/10/8 7:01,131.3927697,46.86176633,5192058.694,453697.5699,0,0,FALSE,3.6,0,300
875,2022/10/8 7:01,131.3927698,46.86176633,5192058.694,453697.5775,0,0,FALSE,3.6,0,300
876,2022/10/8 7:01,131.3927698,46.86176633,5192058.694,453697.5775,0,0,FALSE,3.6,0,300
877,2022/10/8 7:01,131.3927697,46.8617665,5192058.713,453697.57,0,0,FALSE,3.6,0,300
878,2022/10/8 7:01,131.3927693,46.8617665,5192058.713,453697.5395,0,0,FALSE,3.6,0,300
879,2022/10/8 7:01,131.392769,46.86176667,5192058.733,453697.5168,0,0,FALSE,3.6,0,300
880,2022/10/8 7:01,131.3927687,46.8617665,5192058.714,453697.4938,0,0,FALSE,3.6,0,300
881,2022/10/8 7:01,131.3927685,46.8617665,5192058.714,453697.4785,0,0,FALSE,3.6,0,300
882,2022/10/8 7:01,131.3927683,46.8617665,5192058.714,453697.4633,0,0,FALSE,3.6,0,300
883,2022/10/8 7:02,131.3927683,46.8617665,5192058.714,453697.4633,0,0,FALSE,3.6,0,300
884,2022/10/8 7:02,131.3927682,46.86176667,5192058.733,453697.4558,0,0,FALSE,3.6,0,300
885,2022/10/8 7:02,131.392768,46.861767,5192058.77,453697.4408,0,0,FALSE,3.6,0,300
886,2022/10/8 7:02,131.3927682,46.86176717,5192058.789,453697.4562,0,0,FALSE,3.6,0,300
887,2022/10/8 7:02,131.3927682,46.8617675,5192058.825,453697.4565,0,0,FALSE,3.6,0,300
888,2022/10/8 7:02,131.3927632,46.861802,5192062.664,453697.1049,1.87052,4.2,TRUE,3.6,500,300
889,2022/10/8 7:02,131.3927622,46.861815,5192064.109,453697.0398,0,0,FALSE,3.6,0,300
890,2022/10/8 7:02,131.3927587,46.861848,5192067.78,453696.8013,5.0004,354.3,TRUE,3.6,475,300
891,2022/10/8 7:02,131.3927557,46.86190433,5192074.044,453696.621,4.48184,352.5,TRUE,3.6,500,300
892,2022/10/8 7:02,131.3927533,46.86194917,5192079.03,453696.4765,4.92632,352.5,TRUE,3.6,487,300
893,2022/10/8 7:02,131.3927408,46.8620075,5192085.522,453695.5736,5.13004,353.6,TRUE,3.6,500,300
894,2022/10/8 7:02,131.3927408,46.8620555,5192090.858,453695.6148,6.46348,351.4,TRUE,3.6,500,300
895,2022/10/8 7:02,131.3927298,46.86210517,5192096.386,453694.8188,6.019,358.5,TRUE,3.6,495,300
896,2022/10/8 7:02,131.392725,46.86215867,5192102.336,453694.4988,5.85232,356.1,TRUE,3.6,500,300
897,2022/10/8 7:02,131.3927238,46.86221567,5192108.674,453694.4563,5.53748,352.5,TRUE,3.6,500,300
898,2022/10/8 7:03,131.3927093,46.862266,5192114.277,453693.3939,5.79676,350.9,TRUE,3.6,460,300
899,2022/10/8 7:03,131.3926977,46.86231833,5192120.101,453692.5544,5.51896,352.8,TRUE,3.6,496,300
900,2022/10/8 7:03,131.3926787,46.862377,5192126.635,453691.1561,5.66712,358.4,TRUE,3.6,500,300
901,2022/10/8 7:03,131.3926873,46.86243533,5192133.114,453691.862,5.87084,353.1,TRUE,3.6,500,300
902,2022/10/8 7:03,131.3926742,46.8624845,5192138.588,453690.9054,4.83372,359.5,TRUE,3.6,479,300
903,2022/10/8 7:03,131.3926672,46.86253317,5192144.003,453690.4135,5.25968,352.7,TRUE,3.6,497,300
904,2022/10/8 7:03,131.3926553,46.86258467,5192149.735,453689.5504,5.13004,354.6,TRUE,3.6,486,300
905,2022/10/8 7:03,131.392647,46.8626405,5192155.946,453688.9655,5.98196,351.2,TRUE,3.6,500,300
906,2022/10/8 7:03,131.3926448,46.86269367,5192161.858,453688.8435,5.556,352.9,TRUE,3.6,500,300
907,2022/10/8 7:03,131.3926322,46.86274967,5192168.091,453687.9309,5.70416,355.2,TRUE,3.6,500,300
908,2022/10/8 7:03,131.3926253,46.8628005,5192173.746,453687.4485,4.75964,353.9,TRUE,3.6,498,300
909,2022/10/8 7:03,131.3926183,46.86284583,5192178.789,453686.9537,5.14856,352.5,TRUE,3.6,500,300
910,2022/10/8 7:03,131.3926098,46.86289717,5192184.502,453686.3497,4.92632,355.5,TRUE,3.6,500,300
911,2022/10/8 7:03,131.3925967,46.86295133,5192190.53,453685.3974,5.31524,351.1,TRUE,3.6,497,300
912,2022/10/8 7:03,131.3925907,46.863007,5192196.722,453684.9878,5.16708,355.5,TRUE,3.6,500,300
913,2022/10/8 7:04,131.3925778,46.86305933,5192202.547,453684.0492,5.7412,353.1,TRUE,3.6,500,300
914,2022/10/8 7:04,131.3925783,46.8631005,5192207.124,453684.1227,5.44488,355.2,TRUE,3.6,488,300
915,2022/10/8 7:04,131.3925757,46.86315217,5192212.87,453683.9689,5.63008,357.9,TRUE,3.6,500,300
916,2022/10/8 7:04,131.3925635,46.8632055,5192218.805,453683.0845,5.7412,353.1,TRUE,3.6,500,300
917,2022/10/8 7:04,131.3925547,46.8632595,5192224.814,453682.46,5.51896,357.6,TRUE,3.6,500,300
918,2022/10/8 7:04,131.392542,46.86331967,5192231.51,453681.5434,5.35228,353.1,TRUE,3.6,500,300
919,2022/10/8 7:04,131.3925297,46.86337633,5192237.816,453680.6542,5.77824,355.1,TRUE,3.6,500,300
920,2022/10/8 7:04,131.3925178,46.86343033,5192243.826,453679.7933,5.85232,358.5,TRUE,3.6,498,300
921,2022/10/8 7:04,131.392512,46.863486,5192250.018,453679.399,5.38932,351.7,TRUE,3.6,496,300
922,2022/10/8 7:04,131.3925082,46.86353333,5192255.282,453679.1499,4.87076,354.7,TRUE,3.6,491,300
923,2022/10/8 7:04,131.3925022,46.86358667,5192261.215,453678.7383,5.53748,356,TRUE,3.6,500,300
924,2022/10/8 7:04,131.3924947,46.86364083,5192267.241,453678.213,5.4634,357.5,TRUE,3.6,486,300
925,2022/10/8 7:04,131.3924787,46.8636875,5192272.438,453677.0332,5.01892,356.4,TRUE,3.6,429,300
926,2022/10/8 7:04,131.392474,46.86373467,5192277.685,453676.7154,5.093,349.9,TRUE,3.6,486,300
927,2022/10/8 7:04,131.3924667,46.86378333,5192283.098,453676.2006,5.25968,354.2,TRUE,3.6,459,300
928,2022/10/8 7:05,131.3924577,46.86383617,5192288.978,453675.5599,5.87084,351.2,TRUE,3.6,483,300
929,2022/10/8 7:05,131.3924438,46.86388567,5192294.489,453674.5426,5.24116,357.6,TRUE,3.6,499,300
930,2022/10/8 7:05,131.3924363,46.863936,5192300.088,453674.014,5.1856,353.9,TRUE,3.6,456,300
931,2022/10/8 7:05,131.3924342,46.86398567,5192305.611,453673.8966,4.7226,355.7,TRUE,3.6,478,300
932,2022/10/8 7:05,131.3924275,46.86403183,5192310.747,453673.4255,5.40784,354.2,TRUE,3.6,500,300
933,2022/10/8 7:05,131.3924195,46.864086,5192316.773,453672.8621,5.24116,354.8,TRUE,3.6,471,300
934,2022/10/8 7:05,131.3924045,46.86414433,5192323.267,453671.7685,6.05604,353.4,TRUE,3.6,497,300
935,2022/10/8 7:05,131.3923947,46.86419683,5192329.109,453671.0665,5.7412,356.6,TRUE,3.6,466,300
936,2022/10/8 7:05,131.3923907,46.86425483,5192335.559,453670.8114,5.093,352,TRUE,3.6,500,300
937,2022/10/8 7:05,131.392384,46.86430733,5192341.399,453670.3457,5.31524,353.6,TRUE,3.6,500,300
938,2022/10/8 7:05,131.3923738,46.8643645,5192347.761,453669.6171,5.13004,351.5,TRUE,3.6,477,300
939,2022/10/8 7:05,131.3923655,46.8643995,5192351.656,453669.0144,5.01892,355.9,TRUE,3.6,500,300
940,2022/10/8 7:05,131.3923665,46.86445017,5192357.289,453669.1342,4.63,349,TRUE,3.6,481,300
941,2022/10/8 7:05,131.3923615,46.86449467,5192362.239,453668.7913,5.2782,351.4,TRUE,3.6,500,300
942,2022/10/8 7:05,131.3923458,46.864547,5192368.065,453667.6392,5.66712,357.9,TRUE,3.6,500,300
943,2022/10/8 7:06,131.3923385,46.864598,5192373.739,453667.1265,5.25968,355.4,TRUE,3.6,500,300
944,2022/10/8 7:06,131.392337,46.864644,5192378.854,453667.0517,4.50036,353.9,TRUE,3.6,500,300
945,2022/10/8 7:06,131.3923325,46.86469083,5192384.062,453666.7489,5.63008,355,TRUE,3.6,497,300
946,2022/10/8 7:06,131.3923098,46.864754,5192391.098,453665.0724,5.556,352,TRUE,3.6,500,300
947,2022/10/8 7:06,131.3923035,46.86481333,5192397.698,453664.6431,5.9264,355.3,TRUE,3.6,492,300
948,2022/10/8 7:06,131.3922935,46.8648595,5192402.836,453663.9203,5.68564,354.8,TRUE,3.6,500,300
949,2022/10/8 7:06,131.392289,46.86491017,5192408.472,453663.6208,5.68564,352.2,TRUE,3.6,500,300
950,2022/10/8 7:06,131.3922863,46.86496633,5192414.716,453663.4633,5.4634,351.2,TRUE,3.6,500,300
951,2022/10/8 7:06,131.3922723,46.86502917,5192421.71,453662.4499,5.72268,354.7,TRUE,3.6,500,300
952,2022/10/8 7:06,131.3922578,46.86508567,5192428,453661.3929,5.79676,351.5,TRUE,3.6,487,300
953,2022/10/8 7:06,131.392248,46.86513833,5192433.86,453660.691,5.79676,352.9,TRUE,3.6,500,300
954,2022/10/8 7:06,131.3922515,46.86518467,5192439.009,453660.9978,5.70416,353.7,TRUE,3.6,471,300
955,2022/10/8 7:06,131.392244,46.8652385,5192444.998,453660.4723,5.38932,353.5,TRUE,3.6,494,300
956,2022/10/8 7:06,131.3922282,46.86528483,5192450.158,453659.3074,4.57444,353,TRUE,3.6,500,300
957,2022/10/8 7:06,131.392222,46.86533083,5192455.275,453658.8743,4.46332,352.2,TRUE,3.6,500,300
958,2022/10/8 7:07,131.3922195,46.865374,5192460.076,453658.7208,5.0004,351.8,TRUE,3.6,500,300
959,2022/10/8 7:07,131.3922127,46.8654245,5192465.694,453658.2458,4.98188,356.9,TRUE,3.6,500,300
960,2022/10/8 7:07,131.3921993,46.8654835,5192472.26,453657.2749,5.40784,0.6,TRUE,3.6,476,300
961,2022/10/8 7:07,131.3921853,46.865523,5192476.66,453656.2414,5.44488,355,TRUE,3.6,500,300
962,2022/10/8 7:07,131.3921797,46.86557317,5192482.24,453655.8576,5.63008,355.4,TRUE,3.6,495,300
963,2022/10/8 7:07,131.3921755,46.86562817,5192488.357,453655.5847,5.70416,352.2,TRUE,3.6,500,300
964,2022/10/8 7:07,131.3921725,46.865684,5192494.565,453655.404,5.44488,358.2,TRUE,3.6,484,300
965,2022/10/8 7:07,131.3921642,46.86572917,5192499.592,453654.8101,5.96344,355,TRUE,3.6,478,300
966,2022/10/8 7:07,131.3921535,46.86578067,5192505.323,453654.0386,5.44488,357,TRUE,3.6,500,300
967,2022/10/8 7:07,131.3921445,46.86584083,5192512.016,453653.4041,5.33376,351.2,TRUE,3.6,500,300
968,2022/10/8 7:07,131.3921262,46.8658895,5192517.438,453652.0507,5.53748,346.8,TRUE,3.6,496,300
969,2022/10/8 7:07,131.3921197,46.8659375,5192522.778,453651.5964,4.48184,359,TRUE,3.6,500,300
970,2022/10/8 7:07,131.3921167,46.86599067,5192528.69,453651.4135,4.74112,351.7,TRUE,3.6,500,300
971,2022/10/8 7:07,131.3921125,46.86603383,5192533.491,453651.1304,5.0004,356.9,TRUE,3.6,485,300
972,2022/10/8 7:07,131.3921012,46.86608967,5192539.705,453650.3169,5.75972,353.4,TRUE,3.6,500,300
973,2022/10/8 7:08,131.3920892,46.86615033,5192546.455,453649.4541,5.2782,349.2,TRUE,3.6,500,300
974,2022/10/8 7:08,131.3920843,46.866203,5192552.314,453649.1259,6.03752,356.2,TRUE,3.6,500,300
975,2022/10/8 7:08,131.3920778,46.86624767,5192557.283,453648.6687,5.9264,354.2,TRUE,3.6,499,300
976,2022/10/8 7:08,131.3920675,46.86629117,5192562.125,453647.9208,4.59296,353.4,TRUE,3.6,500,300
977,2022/10/8 7:08,131.3920562,46.8663455,5192568.172,453647.106,5.24116,1.1,TRUE,3.6,500,300
978,2022/10/8 7:08,131.3920452,46.866392,5192573.347,453646.3074,5.40784,349.1,TRUE,3.6,500,300
979,2022/10/8 7:08,131.392047,46.86644233,5192578.941,453646.4879,4.83372,0.7,TRUE,3.6,500,300
980,2022/10/8 7:08,131.3920402,46.86649,5192584.245,453646.0105,5.3708,355.7,TRUE,3.6,480,300
981,2022/10/8 7:08,131.3920267,46.86655417,5192591.386,453645.0365,5.13004,357,TRUE,3.6,500,300
982,2022/10/8 7:08,131.3920147,46.86660617,5192597.174,453644.1663,5.01892,353.5,TRUE,3.6,498,300
983,2022/10/8 7:08,131.392007,46.86665883,5192603.033,453643.6245,5.42636,354.3,TRUE,3.6,498,300
984,2022/10/8 7:08,131.3919933,46.86671367,5192609.137,453642.6272,5.14856,359.5,TRUE,3.6,500,300
985,2022/10/8 7:08,131.3919913,46.86675917,5192614.197,453642.5139,4.9078,353.4,TRUE,3.6,500,300
986,2022/10/8 7:08,131.3919787,46.86680933,5192619.78,453641.5964,5.16708,352.7,TRUE,3.6,480,300
987,2022/10/8 7:08,131.39196,46.866871,5192626.647,453640.2237,5.05596,0,TRUE,3.6,468,300
988,2022/10/8 7:09,131.3919475,46.8669205,5192632.157,453639.3133,4.64852,356.1,TRUE,3.6,500,300
989,2022/10/8 7:09,131.391938,46.866968,5192637.443,453638.6298,4.8152,356.2,TRUE,3.6,497,300
990,2022/10/8 7:09,131.391936,46.86702267,5192643.522,453638.5244,5.16708,354.1,TRUE,3.6,488,300
991,2022/10/8 7:09,131.3919428,46.86707017,5192648.799,453639.0838,5.42636,356,TRUE,3.6,500,300
992,2022/10/8 7:09,131.3919332,46.867122,5192654.566,453638.3965,5.05596,354.1,TRUE,3.6,500,300
993,2022/10/8 7:09,131.391924,46.86717017,5192659.926,453637.7365,5.25968,356.7,TRUE,3.6,500,300
994,2022/10/8 7:09,131.3919127,46.86722083,5192665.565,453636.9186,5.093,353.3,TRUE,3.6,500,300
995,2022/10/8 7:09,131.391907,46.867272,5192671.257,453636.528,5.01892,356.9,TRUE,3.6,480,300
996,2022/10/8 7:09,131.3918973,46.86732383,5192677.024,453635.8331,5.03744,358.7,TRUE,3.6,499,300
997,2022/10/8 7:09,131.391885,46.867364,5192681.497,453634.9299,5.556,359,TRUE,3.6,487,300
998,2022/10/8 7:09,131.391885,46.86741867,5192687.575,453634.977,5.51896,356.3,TRUE,3.6,500,300
999,2022/10/8 7:09,131.391879,46.86747367,5192693.692,453634.5669,5.24116,352.4,TRUE,3.6,500,300
1000,2022/10/8 7:09,131.3918675,46.86752967,5192699.925,453633.7383,5.72268,354.6,TRUE,3.6,500,300
1001,2022/10/8 7:09,131.391848,46.8675885,5192706.476,453632.3022,5.57452,358.4,TRUE,3.6,472,300
1002,2022/10/8 7:09,131.3918505,46.867642,5192712.422,453632.5389,5.53748,356.4,TRUE,3.6,500,300
1003,2022/10/8 7:10,131.3918202,46.8677485,5192724.279,453630.3204,5.90788,353.6,TRUE,3.6,496,300
1004,2022/10/8 7:10,131.3918215,46.86778917,5192728.8,453630.4545,5.94492,354.8,TRUE,3.6,496,300
1005,2022/10/8 7:10,131.3918157,46.86789233,5192740.271,453630.1012,5.50044,347.4,TRUE,3.6,500,300
1006,2022/10/8 7:10,131.3917938,46.86795133,5192746.843,453628.4823,6.07456,355.2,TRUE,3.6,498,300
1007,2022/10/8 7:10,131.3917802,46.86801,5192753.373,453627.4959,5.81528,354.7,TRUE,3.6,479,300
1008,2022/10/8 7:10,131.3917708,46.86806517,5192759.512,453626.8267,5.16708,347.6,TRUE,3.6,500,300
1009,2022/10/8 7:10,131.391764,46.86811367,5192764.908,453626.35,5.42636,357.5,TRUE,3.6,482,300
1010,2022/10/8 7:10,131.3917673,46.868164,5192770.501,453626.645,5.4634,356.4,TRUE,3.6,500,300
1011,2022/10/8 7:10,131.391767,46.86821167,5192775.8,453626.6632,5.72268,355.6,TRUE,3.6,491,300
1012,2022/10/8 7:10,131.3917497,46.8682655,5192781.795,453625.3905,5.25968,354.7,TRUE,3.6,499,300
1013,2022/10/8 7:10,131.3917355,46.868322,5192788.084,453624.3566,5.13004,357,TRUE,3.6,500,300
1014,2022/10/8 7:10,131.3917287,46.868379,5192794.425,453623.8872,5.0004,356.8,TRUE,3.6,491,300
1015,2022/10/8 7:10,131.3917272,46.86842867,5192799.947,453623.8156,5.24116,350.8,TRUE,3.6,488,300
1016,2022/10/8 7:11,131.3917195,46.86847483,5192805.083,453623.2683,4.92632,355.5,TRUE,3.6,500,300
1017,2022/10/8 7:11,131.3917173,46.8685295,5192811.162,453623.1477,4.3522,357.1,TRUE,3.6,500,300
1018,2022/10/8 7:11,131.3917053,46.868583,5192817.117,453622.2789,5.31524,355.2,TRUE,3.6,500,300
1019,2022/10/8 7:11,131.3916917,46.86864217,5192823.703,453621.2929,5.57452,354.8,TRUE,3.6,499,300
1020,2022/10/8 7:11,131.391679,46.86869833,5192829.953,453620.373,5.3708,358.3,TRUE,3.6,499,300
1021,2022/10/8 7:11,131.3916658,46.86875133,5192835.853,453619.4123,5.90788,357.8,TRUE,3.6,500,300
1022,2022/10/8 7:11,131.3916575,46.8687995,5192841.213,453618.821,5.40784,1.4,TRUE,3.6,486,300
1023,2022/10/8 7:11,131.3916575,46.86885033,5192846.864,453618.8648,5.556,356.5,TRUE,3.6,491,300
1024,2022/10/8 7:11,131.3916452,46.868902,5192852.615,453617.9715,4.98188,0.6,TRUE,3.6,431,300
1025,2022/10/8 7:11,131.391632,46.86895467,5192858.478,453617.0105,5.59304,357.1,TRUE,3.6,494,300
1026,2022/10/8 7:11,131.391629,46.86900567,5192864.149,453616.8257,5.66712,356.3,TRUE,3.6,491,300
1027,2022/10/8 7:11,131.391629,46.86905783,5192869.948,453616.8707,5.40784,357.4,TRUE,3.6,500,300
1028,2022/10/8 7:11,131.3916267,46.8691075,5192875.471,453616.7381,5.1856,356.5,TRUE,3.6,498,300
1029,2022/10/8 7:11,131.3916122,46.8691625,5192881.594,453615.68,5.05596,351.6,TRUE,3.6,499,300
1030,2022/10/8 7:11,131.391593,46.8692215,5192888.164,453614.267,5.35228,350.4,TRUE,3.6,484,300
1031,2022/10/8 7:12,131.3915867,46.86926833,5192893.374,453613.827,6.31532,349.2,TRUE,3.6,500,300
1032,2022/10/8 7:12,131.391576,46.86932633,5192899.828,453613.0612,5.79676,354.2,TRUE,3.6,500,300
1033,2022/10/8 7:12,131.3915625,46.86938233,5192906.061,453612.0802,6.3894,355.8,TRUE,3.6,481,300
1034,2022/10/8 7:12,131.3915482,46.86943383,5192911.795,453611.0343,5.20412,350.1,TRUE,3.6,461,300
1035,2022/10/8 7:12,131.3915427,46.86948017,5192916.949,453610.6549,3.83364,356.3,TRUE,3.6,500,300
1036,2022/10/8 7:12,131.3915405,46.869508,5192920.045,453610.5112,3.72252,347.5,TRUE,3.6,500,300
1037,2022/10/8 7:12,131.3915303,46.86953983,5192923.589,453609.7609,3.85216,325.1,TRUE,3.6,264,300
1038,2022/10/8 7:12,131.3914848,46.86956867,5192926.822,453606.3168,4.167,304.7,TRUE,3.6,136,300
1039,2022/10/8 7:12,131.3914422,46.8695735,5192927.384,453603.0731,3.40768,259.8,TRUE,3.6,190,300
1040,2022/10/8 7:12,131.3913992,46.86955583,5192925.445,453599.7796,3.20396,219.3,TRUE,3.6,114,300
1041,2022/10/8 7:12,131.3913698,46.8695325,5192922.869,453597.518,4.31516,171.6,FALSE,3.6,0,300
1042,2022/10/8 7:12,131.3913792,46.86948717,5192917.824,453598.1956,2.44464,134.5,TRUE,3.6,190,300
1043,2022/10/8 7:12,131.391386,46.86943733,5192912.28,453598.6711,3.20396,174.2,TRUE,3.6,203,300
1044,2022/10/8 7:12,131.3913768,46.869426,5192911.026,453597.9599,5.51896,180.3,FALSE,3.6,0,300
1045,2022/10/8 7:12,131.3913765,46.86941617,5192909.933,453597.9285,0,0,FALSE,3.6,0,300
1046,2022/10/8 7:13,131.3913777,46.86942033,5192910.395,453598.0236,0,0,FALSE,3.6,0,300
1047,2022/10/8 7:13,131.3913777,46.86942433,5192910.839,453598.0271,3.57436,352.1,FALSE,3.6,0,300
1048,2022/10/8 7:13,131.3913687,46.8694655,5192915.421,453597.3764,3.77808,347.7,FALSE,3.6,0,300
1049,2022/10/8 7:13,131.3913638,46.869489,5192918.037,453597.0231,3.53732,353.7,FALSE,3.6,0,300
1050,2022/10/8 7:13,131.3913597,46.86949767,5192919.003,453596.7179,0,0,FALSE,3.6,0,300
1051,2022/10/8 7:13,131.3913553,46.869476,5192916.597,453596.3638,3.3336,184.9,FALSE,3.6,0,300
1052,2022/10/8 7:13,131.391364,46.86941783,5192910.125,453596.977,7.38948,176.3,FALSE,3.6,0,300
1053,2022/10/8 7:13,131.3913785,46.86935317,5192902.928,453598.0267,6.13012,176.2,TRUE,3.6,421,300
1054,2022/10/8 7:13,131.391391,46.8692925,5192896.176,453598.9275,6.019,168.3,TRUE,3.6,422,300
1055,2022/10/8 7:13,131.3914022,46.86923517,5192889.796,453599.7319,5.25968,178.8,TRUE,3.6,465,300
1056,2022/10/8 7:13,131.391406,46.86917483,5192883.086,453599.9697,5.50044,175.6,TRUE,3.6,368,300
1057,2022/10/8 7:13,131.3914195,46.86912017,5192877.002,453600.9518,5.556,172,TRUE,3.6,432,300
1058,2022/10/8 7:13,131.3914302,46.86906067,5192870.381,453601.7163,5.13004,174.3,TRUE,3.6,437,300
1059,2022/10/8 7:13,131.391438,46.8690065,5192864.354,453602.2643,5.53748,172.8,TRUE,3.6,430,300
1060,2022/10/8 7:13,131.3914483,46.86895017,5192858.086,453603.0011,5.05596,171.8,TRUE,3.6,482,300
1061,2022/10/8 7:14,131.3914573,46.86889783,5192852.262,453603.6421,5.77824,173.2,TRUE,3.6,491,300
1062,2022/10/8 7:14,131.3914648,46.8688425,5192846.107,453604.1663,5.79676,176.7,TRUE,3.6,485,300
1063,2022/10/8 7:14,131.3914717,46.86878433,5192839.636,453604.6422,5.7412,175.6,TRUE,3.6,496,300
1064,2022/10/8 7:14,131.3914822,46.86873167,5192833.776,453605.3974,5.66712,174.5,TRUE,3.6,429,300
1065,2022/10/8 7:14,131.3914922,46.86867333,5192827.285,453606.1095,5.51896,175.2,TRUE,3.6,490,300
1066,2022/10/8 7:14,131.3914973,46.86862117,5192821.483,453606.4534,5.40784,172,TRUE,3.6,439,300
1067,2022/10/8 7:14,131.3915107,46.8685665,5192815.398,453607.428,5.61156,173,TRUE,3.6,443,300
1068,2022/10/8 7:14,131.3915095,46.868514,5192809.562,453607.2912,5.22264,169.4,TRUE,3.6,470,300
1069,2022/10/8 7:14,131.3915158,46.86846033,5192803.592,453607.7253,6.019,169,TRUE,3.6,421,300
1070,2022/10/8 7:14,131.3915182,46.86841217,5192798.237,453607.8668,5.31524,168.1,TRUE,3.6,471,300
1071,2022/10/8 7:14,131.3915325,46.86835983,5192792.41,453608.912,5.44488,171.7,TRUE,3.6,434,300
1072,2022/10/8 7:14,131.3915413,46.86830367,5192786.161,453609.5345,5.24116,167.2,TRUE,3.6,454,300
1073,2022/10/8 7:14,131.3915477,46.86824867,5192780.043,453609.9751,4.87076,173.5,TRUE,3.6,434,300
1074,2022/10/8 7:14,131.3915637,46.8681895,5192773.456,453611.144,5.44488,180.6,TRUE,3.6,451,300
1075,2022/10/8 7:14,131.3915747,46.86813533,5192767.428,453611.936,5.50044,172.1,TRUE,3.6,440,300
1076,2022/10/8 7:15,131.3915853,46.86808083,5192761.363,453612.6972,5.88936,171.1,TRUE,3.6,465,300
1077,2022/10/8 7:15,131.3915992,46.86802733,5192755.407,453613.7109,5.556,178.7,TRUE,3.6,500,300
1078,2022/10/8 7:15,131.391611,46.86796717,5192748.712,453614.5587,6.09308,175.7,TRUE,3.6,460,300
1079,2022/10/8 7:15,131.391625,46.86791067,5192742.423,453615.5774,5.75972,170.6,TRUE,3.6,410,300
1080,2022/10/8 7:15,131.391636,46.867852,5192735.894,453616.3656,6.019,179,TRUE,3.6,491,300
1081,2022/10/8 7:15,131.391643,46.8677945,5192729.498,453616.8497,5.59304,167.8,TRUE,3.6,444,300
1082,2022/10/8 7:15,131.3916502,46.86774183,5192723.638,453617.3533,5.77824,174.6,TRUE,3.6,447,300
1083,2022/10/8 7:15,131.3916563,46.8676855,5192717.373,453617.7699,5.20412,170.6,TRUE,3.6,459,300
1084,2022/10/8 7:15,131.3916635,46.86763267,5192711.495,453618.2733,6.13012,171.9,TRUE,3.6,500,300
1085,2022/10/8 7:15,131.3916697,46.86757817,5192705.433,453618.6991,5.44488,170.8,TRUE,3.6,450,300
1086,2022/10/8 7:15,131.3916762,46.8675315,5192700.241,453619.1545,5.42636,171.4,TRUE,3.6,489,300
1087,2022/10/8 7:15,131.3916918,46.86747133,5192693.543,453620.292,5.22264,176.3,TRUE,3.6,480,300
1088,2022/10/8 7:15,131.391691,46.86742,5192687.837,453620.1868,5.0004,173.4,TRUE,3.6,461,300
1089,2022/10/8 7:15,131.391699,46.86736483,5192681.699,453620.7493,4.55592,170.3,TRUE,3.6,486,300
1090,2022/10/8 7:15,131.3917127,46.86731617,5192676.282,453621.7519,5.31524,179.2,TRUE,3.6,426,300
1091,2022/10/8 7:16,131.391718,46.86726067,5192670.109,453622.1082,5.61156,173.7,TRUE,3.6,468,300
1092,2022/10/8 7:16,131.391726,46.8672085,5192664.304,453622.6732,5.68564,176.1,TRUE,3.6,433,300
1093,2022/10/8 7:16,131.3917373,46.8671495,5192657.739,453623.4839,5.59304,176.1,TRUE,3.6,433,300
1094,2022/10/8 7:16,131.3917498,46.8670905,5192651.173,453624.3862,4.85224,172.2,TRUE,3.6,444,300
1095,2022/10/8 7:16,131.3917533,46.8670345,5192644.945,453624.6048,5.81528,172.4,TRUE,3.6,464,300
1096,2022/10/8 7:16,131.3917622,46.86698217,5192639.122,453625.2383,6.27828,176.5,TRUE,3.6,452,300
1097,2022/10/8 7:16,131.3917782,46.86692267,5192632.499,453626.407,5.85232,171.8,TRUE,3.6,500,300
1098,2022/10/8 7:16,131.3917855,46.866867,5192626.305,453626.9156,5.81528,170.7,TRUE,3.6,452,300
1099,2022/10/8 7:16,131.3918015,46.86680817,5192619.756,453628.0848,5.9264,173.7,TRUE,3.6,483,300
1100,2022/10/8 7:16,131.3918103,46.8667535,5192613.673,453628.7087,6.2968,177.5,TRUE,3.6,390,300
1101,2022/10/8 7:16,131.391811,46.8666965,5192607.336,453628.713,5.33376,172.9,TRUE,3.6,494,300
1102,2022/10/8 7:16,131.3918193,46.8666375,5192600.772,453629.295,5.53748,172.4,TRUE,3.6,473,300
1103,2022/10/8 7:16,131.3918325,46.86657717,5192594.058,453630.2495,6.1116,171.9,TRUE,3.6,424,300
1104,2022/10/8 7:16,131.3918377,46.8665215,5192587.866,453630.598,5.68564,172.4,TRUE,3.6,458,300
1105,2022/10/8 7:16,131.3918447,46.86647133,5192582.285,453631.0885,5.6486,173.6,TRUE,3.6,476,300
1106,2022/10/8 7:17,131.391853,46.866414,5192575.907,453631.672,5.2782,176.4,TRUE,3.6,491,300
1107,2022/10/8 7:17,131.391862,46.8663655,5192570.51,453632.3165,5.98196,173.7,TRUE,3.6,480,300
1108,2022/10/8 7:17,131.3918767,46.86630467,5192563.739,453633.3849,5.42636,169.1,TRUE,3.6,482,300
1109,2022/10/8 7:17,131.3918865,46.86624717,5192557.341,453634.0826,6.019,176.3,TRUE,3.6,471,300
1110,2022/10/8 7:17,131.3918915,46.8661955,5192551.594,453634.4193,5.57452,170.9,TRUE,3.6,462,300
1111,2022/10/8 7:17,131.3919057,46.86613433,5192544.785,453635.4493,6.13012,173.7,TRUE,3.6,470,300
1112,2022/10/8 7:17,131.3919137,46.86607817,5192538.537,453636.0109,5.85232,169.1,TRUE,3.6,457,300
1113,2022/10/8 7:17,131.3919272,46.86602483,5192532.6,453636.9943,5.24116,176,TRUE,3.6,469,300
1114,2022/10/8 7:17,131.3919427,46.8659645,5192525.884,453638.1242,5.66712,174.4,TRUE,3.6,481,300
1115,2022/10/8 7:17,131.3919477,46.86591167,5192520.008,453638.4599,5.50044,170,TRUE,3.6,443,300
1116,2022/10/8 7:17,131.3919518,46.86585983,5192514.242,453638.7279,5.38932,169.3,TRUE,3.6,470,300
1117,2022/10/8 7:17,131.391958,46.86580017,5192507.606,453639.1493,5.75972,170,TRUE,3.6,464,300
1118,2022/10/8 7:17,131.3919572,46.86574833,5192501.844,453639.0436,5.6486,173.4,TRUE,3.6,498,300
1119,2022/10/8 7:17,131.3919682,46.86569033,5192495.39,453639.8324,5.79676,170.6,TRUE,3.6,500,300
1120,2022/10/8 7:17,131.3919777,46.86563483,5192489.214,453640.509,5.16708,172.6,TRUE,3.6,480,300
1121,2022/10/8 7:18,131.3919868,46.86557333,5192482.372,453641.1499,5.66712,171,TRUE,3.6,447,300
1122,2022/10/8 7:18,131.3919972,46.8655105,5192475.381,453641.8887,6.16716,177.5,TRUE,3.6,486,300
1123,2022/10/8 7:18,131.3920042,46.86545267,5192468.948,453642.3727,5.96344,174.1,TRUE,3.6,476,300
1124,2022/10/8 7:18,131.3920062,46.865397,5192462.758,453642.4772,5.72268,168.8,TRUE,3.6,489,300
1125,2022/10/8 7:18,131.3920222,46.86533883,5192456.282,453643.6471,5.98196,174.5,TRUE,3.6,476,300
1126,2022/10/8 7:18,131.3920402,46.865282,5192449.954,453644.9706,5.81528,167.2,TRUE,3.6,469,300
1127,2022/10/8 7:18,131.392049,46.86522833,5192443.982,453645.5954,5.98196,176.5,TRUE,3.6,473,300
1128,2022/10/8 7:18,131.3920545,46.86517383,5192437.921,453645.9678,5.81528,169.3,TRUE,3.6,437,300
1129,2022/10/8 7:18,131.3920643,46.86511717,5192431.616,453646.6663,5.24116,172.4,TRUE,3.6,466,300
1130,2022/10/8 7:18,131.3920753,46.86506217,5192425.495,453647.4576,5.57452,174.8,TRUE,3.6,496,300
1131,2022/10/8 7:18,131.3920818,46.86501233,5192419.951,453647.9104,5.48192,166.9,TRUE,3.6,493,300
1132,2022/10/8 7:18,131.3920857,46.86496017,5192414.15,453648.1628,5.35228,170.4,TRUE,3.6,465,300
1133,2022/10/8 7:18,131.3920988,46.864906,5192408.12,453649.115,5.33376,171.9,TRUE,3.6,500,300
1134,2022/10/8 7:18,131.3921065,46.864844,5192401.223,453649.6488,5.40784,164.5,TRUE,3.6,489,300
1135,2022/10/8 7:18,131.3921165,46.8647825,5192394.381,453650.3583,6.53756,170.1,TRUE,3.6,429,300
1136,2022/10/8 7:19,131.3921268,46.8647245,5192387.927,453651.0937,5.98196,176.7,TRUE,3.6,500,300
1137,2022/10/8 7:19,131.3921363,46.86466767,5192381.604,453651.7692,6.07456,174.6,TRUE,3.6,500,300
1138,2022/10/8 7:19,131.392145,46.86460783,5192374.946,453652.381,4.98188,170.9,TRUE,3.6,500,300
1139,2022/10/8 7:19,131.3921583,46.86455083,5192368.602,453653.3461,5.8338,171.5,TRUE,3.6,476,300
1140,2022/10/8 7:19,131.392169,46.864494,5192362.278,453654.113,5.51896,175.3,TRUE,3.6,500,300
1141,2022/10/8 7:19,131.3921763,46.86444233,5192356.529,453654.6251,5.20412,170.1,TRUE,3.6,492,300
1142,2022/10/8 7:19,131.3921893,46.8643875,5192350.426,453655.5692,4.24108,171.4,TRUE,3.6,431,300
1143,2022/10/8 7:19,131.3921985,46.86433217,5192344.27,453656.223,5.20412,177,TRUE,3.6,453,300
1144,2022/10/8 7:19,131.3922032,46.8642795,5192338.412,453656.5361,5.20412,172.1,TRUE,3.6,438,300
1145,2022/10/8 7:19,131.3922123,46.864225,5192332.348,453657.183,5.4634,172.1,TRUE,3.6,500,300
1146,2022/10/8 7:19,131.3922172,46.86416967,5192326.194,453657.509,5.81528,174.9,TRUE,3.6,491,300
1147,2022/10/8 7:19,131.3922242,46.86411367,5192319.965,453657.9946,5.61156,171.5,TRUE,3.6,492,300
1148,2022/10/8 7:19,131.392233,46.864063,5192314.327,453658.622,5.50044,174.5,TRUE,3.6,446,300
1149,2022/10/8 7:19,131.3922422,46.8640085,5192308.263,453659.2765,5.44488,176.1,TRUE,3.6,491,300
1150,2022/10/8 7:19,131.3922407,46.86395333,5192302.13,453659.1147,4.85224,174.7,TRUE,3.6,471,300
1151,2022/10/8 7:20,131.3922535,46.86390167,5192296.38,453660.0462,5.51896,179.7,TRUE,3.6,500,300
1152,2022/10/8 7:20,131.3922645,46.86384633,5192290.221,453660.8373,4.92632,175,TRUE,3.6,489,300
1153,2022/10/8 7:20,131.3922695,46.86379583,5192284.604,453661.1751,5.24116,174.7,TRUE,3.6,462,300
1154,2022/10/8 7:20,131.39228,46.863742,5192278.614,453661.9294,6.13012,168.7,TRUE,3.6,488,300
1155,2022/10/8 7:20,131.3922932,46.8636795,5192271.658,453662.8821,5.2782,169.6,TRUE,3.6,492,300
1156,2022/10/8 7:20,131.3922968,46.8636205,5192265.097,453663.1059,4.75964,174.9,TRUE,3.6,430,300
1157,2022/10/8 7:20,131.3923065,46.86356283,5192258.681,453663.7959,5.25968,169.1,TRUE,3.6,487,300
1158,2022/10/8 7:20,131.3923158,46.863509,5192252.691,453664.4587,5.13004,169.8,TRUE,3.6,497,300
1159,2022/10/8 7:20,131.392325,46.863456,5192246.794,453665.1145,5.77824,174.6,TRUE,3.6,500,300
1160,2022/10/8 7:20,131.3923328,46.8634045,5192241.064,453665.665,5.59304,168.9,TRUE,3.6,486,300
1161,2022/10/8 7:20,131.3923483,46.86334217,5192234.126,453666.7932,5.07448,170.9,TRUE,3.6,481,300
1162,2022/10/8 7:20,131.3923588,46.86328833,5192228.134,453667.5475,4.94484,167,TRUE,3.6,490,300
1163,2022/10/8 7:20,131.3923673,46.8632345,5192222.145,453668.1493,5.4634,176.4,TRUE,3.6,453,300
1164,2022/10/8 7:20,131.392374,46.86317567,5192215.601,453668.6096,5.16708,161.6,TRUE,3.6,454,300
1165,2022/10/8 7:20,131.3923802,46.86311383,5192208.723,453669.0291,5.4634,173.2,TRUE,3.6,438,300
1166,2022/10/8 7:21,131.3923932,46.86304983,5192201.6,453669.9653,5.16708,166.6,TRUE,3.6,471,300
1167,2022/10/8 7:21,131.3924018,46.8629955,5192195.555,453670.5743,5.05596,173.5,TRUE,3.6,471,300
1168,2022/10/8 7:21,131.3924122,46.86294567,5192190.01,453671.3245,5.22264,169.7,TRUE,3.6,385,300
1169,2022/10/8 7:21,131.392422,46.86289283,5192184.13,453672.0262,4.98188,170.6,TRUE,3.6,467,300
1170,2022/10/8 7:21,131.3924258,46.86283983,5192178.236,453672.2704,5.68564,177.7,TRUE,3.6,462,300
1171,2022/10/8 7:21,131.3924293,46.8627885,5192172.527,453672.4931,5.33376,172.6,TRUE,3.6,458,300
1172,2022/10/8 7:21,131.392438,46.86272383,5192165.333,453673.1009,5.38932,170.4,TRUE,3.6,493,300
1173,2022/10/8 7:21,131.3924625,46.86266683,5192158.982,453674.92,4.98188,169.6,TRUE,3.6,436,300
1174,2022/10/8 7:21,131.3924682,46.86261217,5192152.902,453675.3076,5.24116,174.4,TRUE,3.6,436,300
1175,2022/10/8 7:21,131.3924743,46.86255567,5192146.618,453675.7241,5.66712,169,TRUE,3.6,483,300
1176,2022/10/8 7:21,131.3924847,46.86250617,5192141.109,453676.4745,5.38932,168.1,TRUE,3.6,447,300
1177,2022/10/8 7:21,131.392498,46.8624495,5192134.801,453677.4399,5.85232,174.4,TRUE,3.6,459,300
1178,2022/10/8 7:21,131.3925005,46.86238817,5192127.982,453677.5778,5.70416,172.3,TRUE,3.6,487,300
1179,2022/10/8 7:21,131.39251,46.86232883,5192121.379,453678.2511,5.94492,176.2,TRUE,3.6,500,300
1180,2022/10/8 7:21,131.392518,46.8622755,5192115.446,453678.8153,5.68564,176,TRUE,3.6,448,300
1181,2022/10/8 7:22,131.3925285,46.862223,5192109.604,453679.5708,5.25968,176.7,TRUE,3.6,457,300
1182,2022/10/8 7:22,131.392537,46.86216267,5192102.892,453680.167,5.63008,175.5,TRUE,3.6,436,300
1183,2022/10/8 7:22,131.3925463,46.862101,5192096.031,453680.8231,5.29672,173,TRUE,3.6,472,300
1184,2022/10/8 7:22,131.3925562,46.862042,5192089.466,453681.5272,6.13012,170.5,TRUE,3.6,487,300
1185,2022/10/8 7:22,131.3925652,46.86198833,5192083.494,453682.1673,5.4634,172.6,TRUE,3.6,498,300
1186,2022/10/8 7:22,131.3925778,46.86193333,5192077.373,453683.0808,5.63008,174.3,TRUE,3.6,485,300
1187,2022/10/8 7:22,131.3925947,46.861876,5192070.989,453684.3201,5.38932,170.2,TRUE,3.6,472,300
1188,2022/10/8 7:22,131.3925983,46.86182267,5192065.059,453684.5488,5.68564,171.3,TRUE,3.6,436,300
1189,2022/10/8 7:22,131.3926102,46.86177017,5192059.215,453685.411,4.64852,175.2,TRUE,3.6,338,300
1190,2022/10/8 7:22,131.3926158,46.861725,5192054.191,453685.7992,4.79668,165,TRUE,3.6,500,300
1191,2022/10/8 7:22,131.3926232,46.86168233,5192049.443,453686.3268,4.20404,179.5,FALSE,3.6,0,300
1192,2022/10/8 7:22,131.3926085,46.86165167,5192046.043,453685.1795,3.87068,232.5,FALSE,3.6,0,300
1193,2022/10/8 7:22,131.3925732,46.8616535,5192046.267,453682.4894,3.87068,268.5,FALSE,3.6,0,300
1194,2022/10/8 7:22,131.3925348,46.86166933,5192048.05,453679.5749,3.77808,326.1,FALSE,3.6,0,300
1195,2022/10/8 7:22,131.392506,46.861702,5192051.698,453677.407,3.44472,5.5,FALSE,3.6,0,300
1196,2022/10/8 7:23,131.3925055,46.86170483,5192052.013,453677.3713,0,0,FALSE,3.6,0,300
1197,2022/10/8 7:23,131.3925083,46.86170333,5192051.845,453677.5835,0,0,FALSE,3.6,0,300
1198,2022/10/8 7:23,131.3925068,46.8616985,5192051.309,453677.465,0,0,FALSE,3.6,0,300
1199,2022/10/8 7:23,131.3925162,46.86172083,5192053.786,453678.2009,5.13004,359,FALSE,3.6,0,300
1200,2022/10/8 7:23,131.3925022,46.8617605,5192058.204,453677.1675,3.241,351.9,TRUE,3.6,117,300
1201,2022/10/8 7:23,131.3925152,46.86177467,5192059.772,453678.171,0,355.6,FALSE,3.6,0,300
1202,2022/10/8 7:23,131.3925182,46.86177317,5192059.603,453678.3985,0,0,FALSE,3.6,0,300
1203,2022/10/8 7:23,131.3925215,46.86175633,5192057.729,453678.6356,4.167,174.8,FALSE,3.6,0,300
1204,2022/10/8 7:23,131.3925342,46.86170283,5192051.774,453679.558,4.14848,172.1,FALSE,3.6,0,300
1205,2022/10/8 7:23,131.392538,46.86169383,5192050.771,453679.84,3.09284,170.5,FALSE,3.6,0,300
1206,2022/10/8 7:23,131.3925435,46.86168633,5192049.934,453680.2529,0,0,FALSE,3.6,0,300
1207,2022/10/8 7:23,131.3925415,46.8616865,5192049.954,453680.1006,0,0,FALSE,3.6,0,300
1208,2022/10/8 7:23,131.3925373,46.8617015,5192051.624,453679.7932,4.63,354.4,TRUE,3.6,453,300
1209,2022/10/8 7:23,131.3925318,46.86176367,5192058.539,453679.4273,5.38932,359.9,TRUE,3.6,448,300
1210,2022/10/8 7:23,131.3925187,46.86182667,5192065.55,453678.4826,5.13004,355.2,TRUE,3.6,472,300
1211,2022/10/8 7:24,131.3925037,46.86187667,5192071.118,453677.3818,5.31524,352.7,TRUE,3.6,475,300
1212,2022/10/8 7:24,131.3924863,46.86192433,5192076.426,453676.0961,6.09308,353.4,TRUE,3.6,472,300
1213,2022/10/8 7:24,131.3924807,46.86197517,5192082.081,453675.7128,6.019,354.3,TRUE,3.6,480,300
1214,2022/10/8 7:24,131.3924713,46.862026,5192087.737,453675.0397,5.66712,353.8,TRUE,3.6,480,300
1215,2022/10/8 7:24,131.3924667,46.86206917,5192092.539,453674.7261,5.68564,354.5,TRUE,3.6,471,300
1216,2022/10/8 7:24,131.3924495,46.86213067,5192099.386,453673.4675,5.093,354.5,TRUE,3.6,489,300
1217,2022/10/8 7:24,131.3924408,46.86218033,5192104.912,453672.8468,5.556,355.7,TRUE,3.6,466,300
1218,2022/10/8 7:24,131.3924288,46.862241,5192111.663,453671.984,6.2968,357.1,TRUE,3.6,468,300
1219,2022/10/8 7:24,131.392418,46.86229567,5192117.747,453671.2075,6.14864,353.5,TRUE,3.6,488,300
1220,2022/10/8 7:24,131.392419,46.86234617,5192123.361,453671.3272,5.9264,355.8,TRUE,3.6,500,300
1221,2022/10/8 7:24,131.3924157,46.86239883,5192129.217,453671.1209,5.88936,356.1,TRUE,3.6,488,300
1222,2022/10/8 7:24,131.3924082,46.8624575,5192135.743,453670.5995,6.13012,357,TRUE,3.6,472,300
1223,2022/10/8 7:24,131.3923985,46.86251267,5192141.882,453669.9073,5.38932,356.7,TRUE,3.6,467,300
1224,2022/10/8 7:24,131.3923943,46.862568,5192148.036,453669.6347,6.03752,355.4,TRUE,3.6,500,300
1225,2022/10/8 7:24,131.392383,46.8626305,5192154.99,453668.8268,5.33376,357.8,TRUE,3.6,495,300
1226,2022/10/8 7:25,131.3923818,46.86267533,5192159.975,453668.7739,5.9264,352.2,TRUE,3.6,485,300
1227,2022/10/8 7:25,131.3923773,46.862721,5192165.054,453668.47,5.093,354.2,TRUE,3.6,485,300
1228,2022/10/8 7:25,131.3923687,46.86277083,5192170.599,453667.8572,5.50044,356.9,TRUE,3.6,500,300
1229,2022/10/8 7:25,131.3923643,46.86282367,5192176.476,453667.5671,5.72268,353.6,TRUE,3.6,489,300
1230,2022/10/8 7:25,131.3923505,46.86288267,5192183.043,453666.5656,4.83372,354,TRUE,3.6,500,300
1231,2022/10/8 7:25,131.3923485,46.862925,5192187.75,453666.4495,5.14856,1.1,TRUE,3.6,493,300
1232,2022/10/8 7:25,131.3923407,46.86297533,5192193.349,453665.8981,5.556,356.1,TRUE,3.6,500,300
1233,2022/10/8 7:25,131.3923227,46.86303317,5192199.79,453664.5754,5.48192,354.3,TRUE,3.6,500,300
1234,2022/10/8 7:25,131.3923205,46.86308383,5192205.423,453664.4512,5.68564,354.9,TRUE,3.6,500,300
1235,2022/10/8 7:25,131.3923013,46.86314283,5192211.993,453663.038,5.96344,353.3,TRUE,3.6,500,300
1236,2022/10/8 7:25,131.3922708,46.863209,5192219.367,453660.7693,6.019,354.6,TRUE,3.6,500,300
1237,2022/10/8 7:25,131.39226,46.863268,5192225.932,453659.9966,6.019,353.2,TRUE,3.6,466,300
1238,2022/10/8 7:25,131.3922453,46.86332583,5192232.37,453658.9255,6.14864,353.5,TRUE,3.6,500,300
1239,2022/10/8 7:25,131.3922452,46.86338583,5192239.04,453658.9695,5.96344,353,TRUE,3.6,468,300
1240,2022/10/8 7:25,131.3922512,46.86342717,5192243.632,453659.4625,5.70416,353.6,TRUE,3.6,477,300
1241,2022/10/8 7:26,131.3922463,46.86347583,5192249.044,453659.1308,5.03744,351.7,TRUE,3.6,500,300
1242,2022/10/8 7:26,131.3922308,46.86353117,5192255.206,453657.9965,5.59304,355.5,TRUE,3.6,494,300
1243,2022/10/8 7:26,131.3922213,46.8635905,5192261.807,453657.3232,5.68564,356.7,TRUE,3.6,500,300
1244,2022/10/8 7:26,131.3922118,46.86364333,5192267.685,453656.6443,5.94492,351.1,TRUE,3.6,450,300
1245,2022/10/8 7:26,131.3921895,46.863694,5192273.331,453654.9876,5.33376,357.6,TRUE,3.6,485,300
1246,2022/10/8 7:26,131.3921923,46.86374467,5192278.963,453655.2447,5.48192,355.3,TRUE,3.6,500,300
1247,2022/10/8 7:26,131.3921917,46.86379267,5192284.299,453655.2403,5.14856,356.4,TRUE,3.6,500,300
1248,2022/10/8 7:26,131.3921715,46.86384783,5192290.443,453653.7475,5.87084,356.9,TRUE,3.6,500,300
1249,2022/10/8 7:26,131.3921693,46.86389883,5192296.114,453653.6236,5.81528,358.6,TRUE,3.6,500,300
1250,2022/10/8 7:26,131.3921652,46.86395283,5192302.119,453653.3575,5.63008,354.8,TRUE,3.6,473,300
1251,2022/10/8 7:26,131.3921498,46.86400383,5192307.798,453652.2272,5.63008,356.3,TRUE,3.6,499,300
1252,2022/10/8 7:26,131.3921465,46.8640575,5192313.766,453652.0217,5.38932,356.3,TRUE,3.6,477,300
1253,2022/10/8 7:26,131.3921478,46.86411583,5192320.25,453652.1711,5.90788,357.4,TRUE,3.6,475,300
1254,2022/10/8 7:26,131.3921337,46.864172,5192326.503,453651.1443,5.94492,357.4,TRUE,3.6,488,300
1255,2022/10/8 7:26,131.3921127,46.86422633,5192332.555,453649.5899,5.556,2.1,TRUE,3.6,481,300
1256,2022/10/8 7:27,131.3920993,46.86428283,5192338.844,453648.6168,5.35228,354.4,TRUE,3.6,484,300
1257,2022/10/8 7:27,131.3920935,46.864337,5192344.869,453648.2212,5.6486,1.2,TRUE,3.6,500,300
1258,2022/10/8 7:27,131.3920787,46.86438933,5192350.695,453647.1377,4.8152,359.4,TRUE,3.6,500,300
1259,2022/10/8 7:27,131.392084,46.8644365,5192355.936,453647.5824,5.59304,358.5,TRUE,3.6,470,300
1260,2022/10/8 7:27,131.3920807,46.86448617,5192361.459,453647.3736,6.2042,358.8,TRUE,3.6,500,300
1261,2022/10/8 7:27,131.3920675,46.86453833,5192367.266,453646.412,5.48192,356.1,TRUE,3.6,500,300
1262,2022/10/8 7:27,131.392066,46.86458717,5192372.696,453646.3397,5.13004,355.2,TRUE,3.6,500,300
1263,2022/10/8 7:27,131.3920608,46.86463467,5192377.98,453645.9841,5.20412,355.7,TRUE,3.6,482,300
1264,2022/10/8 7:27,131.3920465,46.8646805,5192383.083,453644.9332,5.81528,349.3,TRUE,3.6,472,300
1265,2022/10/8 7:27,131.3920335,46.86474233,5192389.964,453643.9952,5.556,356.5,TRUE,3.6,500,300
1266,2022/10/8 7:27,131.3920013,46.864804,5192396.839,453641.5931,5.3708,3.2,TRUE,3.6,464,300
1267,2022/10/8 7:27,131.3919912,46.86486267,5192403.367,453640.8735,6.24124,352.2,TRUE,3.6,458,300
1268,2022/10/8 7:27,131.3919895,46.86492483,5192410.278,453640.7974,6.00048,359.1,TRUE,3.6,480,300
1269,2022/10/8 7:27,131.3919895,46.86497167,5192415.485,453640.8377,6.14864,356.4,TRUE,3.6,477,300
1270,2022/10/8 7:27,131.3919828,46.86502433,5192421.343,453640.3722,5.57452,356.6,TRUE,3.6,500,300
1271,2022/10/8 7:28,131.3919635,46.865086,5192428.21,453638.9537,5.6486,357.1,TRUE,3.6,489,300
1272,2022/10/8 7:28,131.3919568,46.86514067,5192434.292,453638.49,5.33376,3.4,TRUE,3.6,450,300
1273,2022/10/8 7:28,131.3919502,46.8652005,5192440.947,453638.0382,5.2782,356.7,TRUE,3.6,495,300
1274,2022/10/8 7:28,131.3919468,46.8652455,5192445.952,453637.8177,5.3708,355.7,TRUE,3.6,488,300
1275,2022/10/8 7:28,131.391947,46.86529683,5192451.658,453637.8772,5.556,350.5,TRUE,3.6,500,300
1276,2022/10/8 7:28,131.3919377,46.8653585,5192458.519,453637.2212,5.90788,346.9,TRUE,3.6,500,300
1277,2022/10/8 7:28,131.3919317,46.865409,5192464.136,453636.8072,5.57452,355.8,TRUE,3.6,488,300
1278,2022/10/8 7:28,131.3919143,46.86546117,5192469.946,453635.5254,6.24124,353.9,TRUE,3.6,495,300
1279,2022/10/8 7:28,131.3919012,46.86551817,5192476.291,453634.5757,5.44488,352.8,TRUE,3.6,436,300
1280,2022/10/8 7:28,131.3918997,46.865571,5192482.165,453634.5068,5.79676,358.7,TRUE,3.6,474,300
1281,2022/10/8 7:28,131.3918872,46.865624,5192488.064,453633.5994,5.81528,356.6,TRUE,3.6,500,300
1282,2022/10/8 7:28,131.3918905,46.86567883,5192494.157,453633.8982,5.40784,354.4,TRUE,3.6,482,300
1283,2022/10/8 7:28,131.3918692,46.8657375,5192500.692,453632.3247,6.13012,355,TRUE,3.6,489,300
1284,2022/10/8 7:28,131.3918482,46.86579083,5192506.633,453630.7694,5.77824,355.4,TRUE,3.6,489,300
1285,2022/10/8 7:28,131.3918448,46.86584367,5192512.509,453630.5557,5.48192,357.8,TRUE,3.6,475,300
1286,2022/10/8 7:29,131.3918428,46.8659005,5192518.828,453630.4521,6.31532,354.1,TRUE,3.6,500,300
1287,2022/10/8 7:29,131.391836,46.86595733,5192525.15,453629.9826,5.63008,358.4,TRUE,3.6,500,300
1288,2022/10/8 7:29,131.3918268,46.86600767,5192530.751,453629.3245,5.70416,351.9,TRUE,3.6,484,300
1289,2022/10/8 7:29,131.3918105,46.86605933,5192536.504,453628.1262,5.29672,358,TRUE,3.6,489,300
1290,2022/10/8 7:29,131.391809,46.86611,5192542.138,453628.0554,5.8338,352.5,TRUE,3.6,493,300
1291,2022/10/8 7:29,131.3917865,46.86617117,5192548.951,453626.3926,5.68564,350.5,TRUE,3.6,500,300
1292,2022/10/8 7:29,131.3917958,46.866218,5192554.151,453627.142,4.98188,355.7,TRUE,3.6,464,300
1293,2022/10/8 7:29,131.3917877,46.86626317,5192559.178,453626.5633,4.85224,1.4,TRUE,3.6,479,300
1294,2022/10/8 7:29,131.3917895,46.86631467,5192564.902,453626.7449,5.16708,357.7,TRUE,3.6,468,300
1295,2022/10/8 7:29,131.3917797,46.8663605,5192570.002,453626.0372,5.22264,352.9,TRUE,3.6,496,300
1296,2022/10/8 7:29,131.3917615,46.86641017,5192575.535,453624.6923,5.16708,357.4,TRUE,3.6,487,300
1297,2022/10/8 7:29,131.3917608,46.866467,5192581.853,453624.6879,5.7412,351.6,TRUE,3.6,486,300
1298,2022/10/8 7:29,131.3917465,46.8665255,5192588.365,453623.6479,5.72268,356.7,TRUE,3.6,500,300
1299,2022/10/8 7:29,131.3917427,46.86657383,5192593.74,453623.3998,5.44488,359.9,TRUE,3.6,486,300
1300,2022/10/8 7:29,131.3917347,46.86662733,5192599.692,453622.836,5.87084,353.5,TRUE,3.6,475,300
1301,2022/10/8 7:30,131.3917252,46.86668133,5192605.701,453622.1581,5.14856,356.9,TRUE,3.6,500,300
1302,2022/10/8 7:30,131.3917168,46.866726,5192610.671,453621.5562,5.38932,355.1,TRUE,3.6,491,300
1303,2022/10/8 7:30,131.3916995,46.86678033,5192616.721,453620.2839,5.50044,356.2,TRUE,3.6,483,300
1304,2022/10/8 7:30,131.3917062,46.86683333,5192622.609,453620.8404,5.6486,353,TRUE,3.6,488,300
1305,2022/10/8 7:30,131.3917017,46.86689333,5192629.282,453620.549,5.79676,354.6,TRUE,3.6,499,300
1306,2022/10/8 7:30,131.3916803,46.86694933,5192635.52,453618.9656,5.59304,352.8,TRUE,3.6,486,300
1307,2022/10/8 7:30,131.3916548,46.867008,5192642.057,453617.0719,6.00048,353.1,TRUE,3.6,500,300
1308,2022/10/8 7:30,131.3916773,46.86706183,5192648.028,453618.8338,5.35228,359.6,TRUE,3.6,457,300
1309,2022/10/8 7:30,131.3916662,46.86711117,5192653.52,453618.03,6.35236,357,TRUE,3.6,500,300
1310,2022/10/8 7:30,131.3916423,46.86716833,5192659.888,453616.257,5.07448,358,TRUE,3.6,430,300
1311,2022/10/8 7:30,131.391656,46.86722833,5192666.55,453617.3532,5.57452,355.5,TRUE,3.6,472,300
1312,2022/10/8 7:30,131.3916568,46.86728483,5192672.831,453617.4629,5.25968,353.6,TRUE,3.6,492,300
1313,2022/10/8 7:30,131.3916485,46.8673345,5192678.357,453616.8728,5.2782,358.7,TRUE,3.6,500,300
1314,2022/10/8 7:30,131.3916478,46.86738467,5192683.935,453616.8627,5.4634,0.6,TRUE,3.6,500,300
1315,2022/10/8 7:30,131.3916372,46.86743933,5192690.018,453616.1016,5.44488,355.6,TRUE,3.6,425,300
1316,2022/10/8 7:31,131.391596,46.86748967,5192695.638,453613.0037,5.38932,356.4,TRUE,3.6,499,300
1317,2022/10/8 7:31,131.3915673,46.867534,5192700.583,453610.8537,5.33376,354.7,TRUE,3.6,496,300
1318,2022/10/8 7:31,131.3915542,46.86758567,5192706.335,453609.8994,5.33376,355.2,TRUE,3.6,428,300
1319,2022/10/8 7:31,131.3915598,46.86763817,5192712.168,453610.3716,5.38932,355,TRUE,3.6,495,300
1320,2022/10/8 7:31,131.3915565,46.867693,5192718.265,453610.1673,5.63008,352.9,TRUE,3.6,472,300
1321,2022/10/8 7:31,131.3915613,46.86774083,5192723.58,453610.5744,4.70408,351,TRUE,3.6,500,300
1322,2022/10/8 7:31,131.3915515,46.86778933,5192728.977,453609.869,5.093,348.6,TRUE,3.6,479,300
1323,2022/10/8 7:31,131.3915402,46.86784117,5192734.747,453609.0522,5.16708,356.9,TRUE,3.6,473,300
1324,2022/10/8 7:31,131.3915105,46.86790417,5192741.768,453606.842,5.0004,358.8,TRUE,3.6,500,300
1325,2022/10/8 7:31,131.3915162,46.867957,5192747.638,453607.3221,5.7412,356,TRUE,3.6,496,300
1326,2022/10/8 7:31,131.3915058,46.86801033,5192753.572,453606.5752,5.7412,358.8,TRUE,3.6,499,300
1327,2022/10/8 7:31,131.3914995,46.86806567,5192759.728,453606.1425,5.24116,355.5,TRUE,3.6,491,300
1328,2022/10/8 7:31,131.3915012,46.868113,5192764.989,453606.3129,5.4634,358.1,TRUE,3.6,493,300
1329,2022/10/8 7:31,131.3914952,46.86816767,5192771.07,453605.9025,5.85232,358.2,TRUE,3.6,500,300
1330,2022/10/8 7:31,131.3914898,46.86823517,5192778.577,453605.549,6.2042,359.7,TRUE,3.6,490,300
1331,2022/10/8 7:32,131.3914653,46.868308,5192786.688,453603.7438,5.556,355.4,TRUE,3.6,498,300
1332,2022/10/8 7:32,131.3914497,46.8683615,5192792.644,453602.6005,5.48192,358.2,TRUE,3.6,500,300
1333,2022/10/8 7:32,131.3914425,46.86840583,5192797.577,453602.0898,5.24116,356.4,TRUE,3.6,498,300
1334,2022/10/8 7:32,131.3914453,46.8684505,5192802.541,453602.3418,5.093,0.7,TRUE,3.6,474,300
1335,2022/10/8 7:32,131.391442,46.8684995,5192807.99,453602.1324,5.85232,355.9,TRUE,3.6,475,300
1336,2022/10/8 7:32,131.3914295,46.86855283,5192813.926,453601.2253,5.25968,2.1,TRUE,3.6,490,300
1337,2022/10/8 7:32,131.3914187,46.8686025,5192819.454,453600.4447,5.42636,352.8,TRUE,3.6,492,300
1338,2022/10/8 7:32,131.3914022,46.86866383,5192826.282,453599.2396,5.31524,352.9,TRUE,3.6,495,300
1339,2022/10/8 7:32,131.3913953,46.86872033,5192832.567,453598.7622,5.75972,355.1,TRUE,3.6,500,300
1340,2022/10/8 7:32,131.3913873,46.868769,5192837.982,453598.1942,5.63008,357.7,TRUE,3.6,500,300
1341,2022/10/8 7:32,131.3913723,46.868828,5192844.55,453597.1014,5.16708,6.5,TRUE,3.6,493,300
1342,2022/10/8 7:32,131.3913688,46.8688785,5192850.166,453596.8781,5.11152,358.3,TRUE,3.6,500,300
1343,2022/10/8 7:32,131.3913627,46.86893083,5192855.987,453596.4581,4.98188,359.6,TRUE,3.6,495,300
1344,2022/10/8 7:32,131.3913487,46.86897983,5192861.442,453595.433,5.14856,356.2,TRUE,3.6,440,300
1345,2022/10/8 7:32,131.3913383,46.86903233,5192867.285,453594.6853,4.64852,353.3,TRUE,3.6,497,300
1346,2022/10/8 7:33,131.3913317,46.86908467,5192873.107,453594.2272,4.98188,352.8,TRUE,3.6,483,300
1347,2022/10/8 7:33,131.3913232,46.869139,5192879.152,453593.626,5.8338,0.3,TRUE,3.6,494,300
1348,2022/10/8 7:33,131.3913287,46.86918883,5192884.688,453594.0883,5.14856,3.1,TRUE,3.6,500,300
1349,2022/10/8 7:33,131.3913195,46.86924217,5192890.623,453593.4328,5.6486,0.3,TRUE,3.6,500,300
1350,2022/10/8 7:33,131.3913127,46.869294,5192896.389,453592.9591,4.96336,357.3,TRUE,3.6,423,300
1351,2022/10/8 7:33,131.3913105,46.86935083,5192902.708,453592.8403,4.85224,353.5,TRUE,3.6,485,300
1352,2022/10/8 7:33,131.391296,46.86940283,5192908.498,453591.7797,5.11152,356.2,TRUE,3.6,500,300
1353,2022/10/8 7:33,131.3912997,46.86945467,5192914.258,453592.1064,4.61148,12.7,TRUE,3.6,453,300
1354,2022/10/8 7:33,131.391302,46.869489,5192918.073,453592.3114,2.79652,14.4,TRUE,3.6,449,300
1355,2022/10/8 7:33,131.3913033,46.869517,5192921.185,453592.4346,2.6854,17.9,FALSE,3.6,0,300
1356,2022/10/8 7:33,131.3913203,46.8695385,5192923.565,453593.7492,3.09284,63.9,FALSE,3.6,0,300
1357,2022/10/8 7:33,131.3913615,46.86954567,5192924.338,453596.8965,2.90764,90.8,FALSE,3.6,0,300
1358,2022/10/8 7:33,131.3913928,46.869541,5192923.8,453599.2788,2.51872,116.6,FALSE,3.6,0,300
1359,2022/10/8 7:33,131.3914167,46.86952233,5192921.711,453601.0849,2.74096,148,FALSE,3.6,0,300
1360,2022/10/8 7:33,131.3914312,46.86949083,5192918.2,453602.1633,2.74096,167.5,FALSE,3.6,0,300
1361,2022/10/8 7:34,131.3914298,46.86946033,5192914.811,453602.0302,1.31492,162.8,FALSE,3.6,0,300
1362,2022/10/8 7:34,131.3914192,46.86943583,5192912.093,453601.201,0.75932,174,FALSE,3.6,0,300
1363,2022/10/8 7:34,131.3914157,46.86943883,5192912.429,453600.9367,0,0,FALSE,3.6,0,300
1364,2022/10/8 7:34,131.3914155,46.86943983,5192912.54,453600.9223,0,0,FALSE,3.6,0,300
1365,2022/10/8 7:34,131.3914152,46.869439,5192912.448,453600.8987,4.27812,174,TRUE,3.6,500,300
1366,2022/10/8 7:34,131.3914272,46.86937767,5192905.623,453601.7608,0.75932,172.6,TRUE,3.6,500,300
1367,2022/10/8 7:34,131.3914233,46.86937483,5192905.31,453601.461,0,0,FALSE,3.6,0,300
1368,2022/10/8 7:34,131.3914245,46.8693725,5192905.05,453601.5505,0,0,FALSE,3.6,0,300
1369,2022/10/8 7:34,131.3914258,46.86937,5192904.771,453601.6474,0,0,FALSE,3.6,0,300
1370,2022/10/8 7:34,131.3914252,46.86936983,5192904.753,453601.6015,2.57428,1.2,FALSE,3.6,0,300
1371,2022/10/8 7:34,131.391419,46.8693955,5192907.61,453601.151,2.6854,356.4,FALSE,3.6,0,300
1372,2022/10/8 7:34,131.3914117,46.86943183,5192911.653,453600.6257,2.55576,355.1,FALSE,3.6,0,300
1373,2022/10/8 7:34,131.391406,46.86946283,5192915.103,453600.2179,2.70392,353.8,FALSE,3.6,0,300
1374,2022/10/8 7:34,131.391408,46.8694925,5192918.4,453600.3959,2.62984,354.1,TRUE,3.6,286,300
1375,2022/10/8 7:34,131.3914098,46.86951417,5192920.808,453600.5518,2.5002,358,TRUE,3.6,258,300
1376,2022/10/8 7:35,131.3914018,46.86953867,5192923.536,453599.963,2.94468,0.5,TRUE,3.6,184,300
1377,2022/10/8 7:35,131.391389,46.86956567,5192926.545,453599.0104,0,351.5,FALSE,3.6,0,300
1378,2022/10/8 7:35,131.391388,46.86956033,5192925.952,453598.9296,0,0,FALSE,3.6,0,300
1379,2022/10/8 7:35,131.3913938,46.86956017,5192925.931,453599.3716,0,0,FALSE,3.6,0,300
1380,2022/10/8 7:35,131.3913963,46.86956083,5192926.003,453599.5628,0,0,FALSE,3.6,0,300
1381,2022/10/8 7:35,131.3913972,46.86956067,5192925.984,453599.6313,0,0,FALSE,3.6,0,300
1382,2022/10/8 7:35,131.3913977,46.86955967,5192925.873,453599.6685,0,0,FALSE,3.6,0,300
1383,2022/10/8 7:35,131.391398,46.86955917,5192925.817,453599.691,0,0,FALSE,3.6,0,300
1384,2022/10/8 7:35,131.3913987,46.869559,5192925.798,453599.7442,0,0,FALSE,3.6,0,300
1385,2022/10/8 7:35,131.3913995,46.86955933,5192925.834,453599.8055,0,0,FALSE,3.6,0,300
1386,2022/10/8 7:35,131.3914002,46.86955983,5192925.889,453599.8593,0,0,FALSE,3.6,0,300
1387,2022/10/8 7:35,131.3914003,46.86956017,5192925.927,453599.8672,0,0,FALSE,3.6,0,300
1388,2022/10/8 7:35,131.3914005,46.86956033,5192925.945,453599.8826,0,0,FALSE,3.6,0,300
1389,2022/10/8 7:35,131.3914008,46.86956067,5192925.982,453599.9057,0,0,FALSE,3.6,0,300
1390,2022/10/8 7:35,131.3914013,46.869561,5192926.019,453599.9441,0,0,FALSE,3.6,0,300
1391,2022/10/8 7:36,131.3914018,46.86956133,5192926.055,453599.9825,0,0,FALSE,3.6,0,300
1392,2022/10/8 7:36,131.3914023,46.8695615,5192926.074,453600.0208,0,0,FALSE,3.6,0,300
1393,2022/10/8 7:36,131.3914028,46.86956183,5192926.11,453600.0592,0,0,FALSE,3.6,0,300
1394,2022/10/8 7:36,131.391403,46.86956183,5192926.11,453600.0745,0,0,FALSE,3.6,0,300
1395,2022/10/8 7:36,131.3914032,46.86956167,5192926.092,453600.0896,0,0,FALSE,3.6,0,300
1396,2022/10/8 7:36,131.3914032,46.8695615,5192926.073,453600.0894,0,0,FALSE,3.6,0,300
1397,2022/10/8 7:36,131.3914033,46.8695615,5192926.073,453600.097,0,0,FALSE,3.6,0,300
1398,2022/10/8 7:36,131.3914038,46.8695615,5192926.073,453600.1352,0,0,FALSE,3.6,0,300
1399,2022/10/8 7:36,131.3914042,46.86956167,5192926.091,453600.1658,0,0,FALSE,3.6,0,300
1400,2022/10/8 7:36,131.3914043,46.86956183,5192926.109,453600.1736,0,0,FALSE,3.6,0,300
1401,2022/10/8 7:36,131.3914045,46.869562,5192926.128,453600.189,0,0,FALSE,3.6,0,300
1402,2022/10/8 7:36,131.3914047,46.86956217,5192926.147,453600.2044,0,0,FALSE,3.6,0,300
1403,2022/10/8 7:36,131.3914048,46.86956233,5192926.165,453600.2121,0,0,FALSE,3.6,0,300
1404,2022/10/8 7:36,131.3914048,46.86956267,5192926.202,453600.2124,0,0,FALSE,3.6,0,300
1405,2022/10/8 7:36,131.391405,46.86956283,5192926.22,453600.2278,0,0,FALSE,3.6,0,300
1406,2022/10/8 7:37,131.391405,46.869563,5192926.239,453600.2279,0,0,FALSE,3.6,0,300
1407,2022/10/8 7:37,131.3914053,46.86956333,5192926.275,453600.2511,0,0,FALSE,3.6,0,300
1408,2022/10/8 7:37,131.3914057,46.8695635,5192926.294,453600.2817,0,0,FALSE,3.6,0,300
1409,2022/10/8 7:37,131.3914058,46.86956367,5192926.313,453600.2895,0,0,FALSE,3.6,0,300
1410,2022/10/8 7:37,131.3914062,46.86956367,5192926.313,453600.32,0,0,FALSE,3.6,0,300
1411,2022/10/8 7:37,131.3914063,46.86956383,5192926.33,453600.3278,0,0,FALSE,3.6,0,300
1412,2022/10/8 7:37,131.3914065,46.86956383,5192926.33,453600.343,0,0,FALSE,3.6,0,300
1413,2022/10/8 7:37,131.3914068,46.86956383,5192926.33,453600.3659,0,0,FALSE,3.6,0,300
1414,2022/10/8 7:37,131.391407,46.86956383,5192926.33,453600.3811,0,0,FALSE,3.6,0,300
1415,2022/10/8 7:37,131.3914072,46.86956383,5192926.33,453600.3964,0,0,FALSE,3.6,0,300
1416,2022/10/8 7:37,131.3914072,46.86956383,5192926.33,453600.3964,0,0,FALSE,3.6,0,300
1417,2022/10/8 7:37,131.3914073,46.86956383,5192926.33,453600.404,0,0,FALSE,3.6,0,300
1418,2022/10/8 7:37,131.3914072,46.86956383,5192926.33,453600.3964,0,0,FALSE,3.6,0,300
1419,2022/10/8 7:37,131.3914072,46.86956383,5192926.33,453600.3964,0,0,FALSE,3.6,0,300
1420,2022/10/8 7:37,131.3914072,46.869564,5192926.349,453600.3965,0,0,FALSE,3.6,0,300
1421,2022/10/8 7:38,131.3914072,46.869564,5192926.349,453600.3965,0,0,FALSE,3.6,0,300
1422,2022/10/8 7:38,131.391407,46.86956383,5192926.33,453600.3811,0,0,FALSE,3.6,0,300
1423,2022/10/8 7:38,131.3914068,46.86956367,5192926.312,453600.3658,0,0,FALSE,3.6,0,300
1424,2022/10/8 7:38,131.3914067,46.86956367,5192926.312,453600.3581,0,0,FALSE,3.6,0,300
1425,2022/10/8 7:38,131.3914065,46.86956367,5192926.312,453600.3429,0,0,FALSE,3.6,0,300
1426,2022/10/8 7:38,131.3914065,46.8695635,5192926.294,453600.3427,0,0,FALSE,3.6,0,300
1427,2022/10/8 7:38,131.3914063,46.8695635,5192926.294,453600.3275,0,0,FALSE,3.6,0,300
1428,2022/10/8 7:38,131.3914063,46.8695635,5192926.294,453600.3275,0,0,FALSE,3.6,0,300
1429,2022/10/8 7:38,131.3914062,46.8695635,5192926.294,453600.3199,0,0,FALSE,3.6,0,300
1430,2022/10/8 7:38,131.3914062,46.8695635,5192926.294,453600.3199,0,0,FALSE,3.6,0,300
1431,2022/10/8 7:38,131.3914062,46.86956367,5192926.313,453600.32,0,0,FALSE,3.6,0,300
1432,2022/10/8 7:38,131.391406,46.86956367,5192926.313,453600.3048,0,0,FALSE,3.6,0,300
1433,2022/10/8 7:38,131.391406,46.86956367,5192926.313,453600.3048,0,0,FALSE,3.6,0,300
1434,2022/10/8 7:38,131.391406,46.86956367,5192926.313,453600.3048,0,0,FALSE,3.6,0,300
1435,2022/10/8 7:38,131.391406,46.86956383,5192926.331,453600.3049,0,0,FALSE,3.6,0,300
1436,2022/10/8 7:39,131.3914062,46.86956383,5192926.33,453600.3201,0,0,FALSE,3.6,0,300
1437,2022/10/8 7:39,131.3914062,46.86956383,5192926.33,453600.3201,0,0,FALSE,3.6,0,300
1438,2022/10/8 7:39,131.3914063,46.869564,5192926.349,453600.3279,0,0,FALSE,3.6,0,300
1439,2022/10/8 7:39,131.3914063,46.869564,5192926.349,453600.3279,0,0,FALSE,3.6,0,300
1440,2022/10/8 7:39,131.3914063,46.86956417,5192926.368,453600.3281,0,0,FALSE,3.6,0,300
1441,2022/10/8 7:39,131.3914063,46.86956417,5192926.368,453600.3281,0,0,FALSE,3.6,0,300
1442,2022/10/8 7:39,131.3914065,46.86956433,5192926.386,453600.3435,0,0,FALSE,3.6,0,300
1443,2022/10/8 7:39,131.3914065,46.86956433,5192926.386,453600.3435,0,0,FALSE,3.6,0,300
1444,2022/10/8 7:39,131.3914063,46.86956433,5192926.386,453600.3282,0,0,FALSE,3.6,0,300
1445,2022/10/8 7:39,131.3914063,46.86956433,5192926.386,453600.3282,0,91.3,FALSE,3.6,0,300
1446,2022/10/8 7:39,131.3914063,46.86956433,5192926.386,453600.3282,0,0,FALSE,3.6,0,300
1447,2022/10/8 7:39,131.3914063,46.86956433,5192926.386,453600.3282,0,0,FALSE,3.6,0,300
1448,2022/10/8 7:39,131.3914062,46.86956417,5192926.368,453600.3204,0,0,FALSE,3.6,0,300
1449,2022/10/8 7:39,131.391406,46.86956417,5192926.368,453600.3052,0,0,FALSE,3.6,0,300
1450,2022/10/8 7:39,131.391406,46.86956433,5192926.386,453600.3053,0,0,FALSE,3.6,0,300
1451,2022/10/8 7:40,131.3914058,46.86956433,5192926.386,453600.2901,0,0,FALSE,3.6,0,300
1452,2022/10/8 7:40,131.3914057,46.86956433,5192926.386,453600.2825,0,0,FALSE,3.6,0,300
1453,2022/10/8 7:40,131.3914055,46.8695645,5192926.405,453600.2674,0,0,FALSE,3.6,0,300
1454,2022/10/8 7:40,131.3914055,46.8695645,5192926.405,453600.2674,0,0,FALSE,3.6,0,300
1455,2022/10/8 7:40,131.3914053,46.86956467,5192926.424,453600.2523,0,0,FALSE,3.6,0,300
1456,2022/10/8 7:40,131.3914052,46.86956467,5192926.424,453600.2446,0,0,FALSE,3.6,0,300
1457,2022/10/8 7:40,131.3914052,46.86956483,5192926.442,453600.2448,0,0,FALSE,3.6,0,300
1458,2022/10/8 7:40,131.3914052,46.86956483,5192926.442,453600.2448,0,0,FALSE,3.6,0,300
1459,2022/10/8 7:40,131.391405,46.869565,5192926.461,453600.2297,0,0,FALSE,3.6,0,300
1460,2022/10/8 7:40,131.3914048,46.86956517,5192926.48,453600.2146,0,0,FALSE,3.6,0,300
1461,2022/10/8 7:40,131.3914048,46.86956517,5192926.48,453600.2146,0,0,FALSE,3.6,0,300
1462,2022/10/8 7:40,131.3914048,46.86956533,5192926.498,453600.2147,0,0,FALSE,3.6,0,300
1463,2022/10/8 7:40,131.3914047,46.86956533,5192926.498,453600.2071,0,0,FALSE,3.6,0,300
1464,2022/10/8 7:40,131.3914047,46.8695655,5192926.517,453600.2072,0,0,FALSE,3.6,0,300
1465,2022/10/8 7:40,131.3914047,46.86956567,5192926.536,453600.2074,0,0,FALSE,3.6,0,300
1466,2022/10/8 7:41,131.3914045,46.86956567,5192926.536,453600.1921,0,0,FALSE,3.6,0,300
1467,2022/10/8 7:41,131.3914045,46.86956583,5192926.554,453600.1923,0,0,FALSE,3.6,0,300
1468,2022/10/8 7:41,131.3914045,46.86956583,5192926.554,453600.1923,0,0,FALSE,3.6,0,300
1469,2022/10/8 7:41,131.3914045,46.869566,5192926.573,453600.1924,0,0,FALSE,3.6,0,300
1470,2022/10/8 7:41,131.3914045,46.869566,5192926.573,453600.1924,0,0,FALSE,3.6,0,300
1471,2022/10/8 7:41,131.3914045,46.86956617,5192926.592,453600.1926,0,0,FALSE,3.6,0,300
1472,2022/10/8 7:41,131.3914045,46.86956617,5192926.592,453600.1926,0,91.3,FALSE,3.6,0,300
1473,2022/10/8 7:41,131.3914047,46.86956617,5192926.591,453600.2078,0,0,FALSE,3.6,0,300
1474,2022/10/8 7:41,131.3914047,46.86956617,5192926.591,453600.2078,0,0,FALSE,3.6,0,300
1475,2022/10/8 7:41,131.3914047,46.86956633,5192926.609,453600.2079,0,0,FALSE,3.6,0,300
1476,2022/10/8 7:41,131.3914047,46.86956633,5192926.609,453600.2079,0,0,FALSE,3.6,0,300
1477,2022/10/8 7:41,131.3914048,46.8695665,5192926.628,453600.2157,0,0,FALSE,3.6,0,300
1478,2022/10/8 7:41,131.3914048,46.8695665,5192926.628,453600.2157,0,0,FALSE,3.6,0,300
1479,2022/10/8 7:41,131.3914048,46.8695665,5192926.628,453600.2157,0,0,FALSE,3.6,0,300
1480,2022/10/8 7:41,131.3914048,46.86956667,5192926.647,453600.2159,0,0,FALSE,3.6,0,300
1481,2022/10/8 7:42,131.3914048,46.86956667,5192926.647,453600.2159,0,0,FALSE,3.6,0,300
1482,2022/10/8 7:42,131.3914048,46.86956667,5192926.647,453600.2159,0,0,FALSE,3.6,0,300
1483,2022/10/8 7:42,131.3914048,46.86956683,5192926.665,453600.216,0,0,FALSE,3.6,0,300
1484,2022/10/8 7:42,131.3914048,46.86956683,5192926.665,453600.216,0,0,FALSE,3.6,0,300
1485,2022/10/8 7:42,131.391405,46.86956683,5192926.665,453600.2312,0,0,FALSE,3.6,0,300
1486,2022/10/8 7:42,131.391405,46.86956683,5192926.665,453600.2312,0,0,FALSE,3.6,0,300
1487,2022/10/8 7:42,131.391405,46.86956683,5192926.665,453600.2312,0,0,FALSE,3.6,0,300
1488,2022/10/8 7:42,131.391405,46.86956683,5192926.665,453600.2312,0,0,FALSE,3.6,0,300
1489,2022/10/8 7:42,131.391405,46.86956683,5192926.665,453600.2312,0,0,FALSE,3.6,0,300
1490,2022/10/8 7:42,131.391405,46.869567,5192926.684,453600.2314,0,0,FALSE,3.6,0,300
1491,2022/10/8 7:42,131.3914048,46.869567,5192926.684,453600.2161,0,91.3,FALSE,3.6,0,300
1492,2022/10/8 7:42,131.3914048,46.869567,5192926.684,453600.2161,0,91.3,FALSE,3.6,0,300
1493,2022/10/8 7:42,131.3914048,46.869567,5192926.684,453600.2161,0,0,FALSE,3.6,0,300
1494,2022/10/8 7:42,131.3914048,46.869567,5192926.684,453600.2161,0,0,FALSE,3.6,0,300
1495,2022/10/8 7:43,131.3914048,46.86956683,5192926.665,453600.216,0,0,FALSE,3.6,0,300
1496,2022/10/8 7:43,131.3914048,46.86956683,5192926.665,453600.216,0,0,FALSE,3.6,0,300
1497,2022/10/8 7:43,131.3914048,46.86956683,5192926.665,453600.216,0,0,FALSE,3.6,0,300
1498,2022/10/8 7:43,131.391405,46.86956683,5192926.665,453600.2312,0,0,FALSE,3.6,0,300
1499,2022/10/8 7:43,131.391405,46.86956683,5192926.665,453600.2312,0,0,FALSE,3.6,0,300
1500,2022/10/8 7:43,131.391405,46.86956683,5192926.665,453600.2312,0,0,FALSE,3.6,0,300
1501,2022/10/8 7:43,131.391405,46.86956683,5192926.665,453600.2312,0,0,FALSE,3.6,0,300
1502,2022/10/8 7:43,131.3914052,46.86956683,5192926.665,453600.2465,0,0,FALSE,3.6,0,300
1503,2022/10/8 7:43,131.3914052,46.86956683,5192926.665,453600.2465,0,0,FALSE,3.6,0,300
1504,2022/10/8 7:43,131.3914052,46.86956683,5192926.665,453600.2465,0,0,FALSE,3.6,0,300
1505,2022/10/8 7:43,131.3914053,46.86956683,5192926.664,453600.2541,0,0,FALSE,3.6,0,300
1506,2022/10/8 7:43,131.3914053,46.86956683,5192926.664,453600.2541,0,0,FALSE,3.6,0,300
1507,2022/10/8 7:43,131.3914055,46.86956683,5192926.664,453600.2694,0,0,FALSE,3.6,0,300
1508,2022/10/8 7:43,131.3914055,46.86956683,5192926.664,453600.2694,0,0,FALSE,3.6,0,300
1509,2022/10/8 7:44,131.3914055,46.86956683,5192926.664,453600.2694,0,0,FALSE,3.6,0,300
1510,2022/10/8 7:44,131.3914057,46.86956667,5192926.646,453600.2845,0,0,FALSE,3.6,0,300
1511,2022/10/8 7:44,131.3914057,46.86956667,5192926.646,453600.2845,0,0,FALSE,3.6,0,300
1512,2022/10/8 7:44,131.3914057,46.86956667,5192926.646,453600.2845,0,0,FALSE,3.6,0,300
1513,2022/10/8 7:44,131.3914057,46.86956667,5192926.646,453600.2845,0,0,FALSE,3.6,0,300
1514,2022/10/8 7:44,131.3914057,46.86956667,5192926.646,453600.2845,0,0,FALSE,3.6,0,300
1515,2022/10/8 7:44,131.3914057,46.86956667,5192926.646,453600.2845,0,0,FALSE,3.6,0,300
1516,2022/10/8 7:44,131.3914057,46.86956667,5192926.646,453600.2845,0,0,FALSE,3.6,0,300
1517,2022/10/8 7:44,131.3914057,46.86956667,5192926.646,453600.2845,0,0,FALSE,3.6,0,300
1518,2022/10/8 7:44,131.3914057,46.86956667,5192926.646,453600.2845,0,0,FALSE,3.6,0,300
1519,2022/10/8 7:44,131.3914057,46.86956667,5192926.646,453600.2845,0,0,FALSE,3.6,0,300
1520,2022/10/8 7:44,131.3914058,46.86956683,5192926.664,453600.2922,0,0,FALSE,3.6,0,300
1521,2022/10/8 7:44,131.3914058,46.86956683,5192926.664,453600.2922,0,0,FALSE,3.6,0,300
1522,2022/10/8 7:44,131.3914058,46.86956683,5192926.664,453600.2922,0,0,FALSE,3.6,0,300
1523,2022/10/8 7:44,131.3914058,46.86956683,5192926.664,453600.2922,0,0,FALSE,3.6,0,300
1524,2022/10/8 7:45,131.391406,46.86956683,5192926.664,453600.3075,0,0,FALSE,3.6,0,300
1525,2022/10/8 7:45,131.391406,46.869567,5192926.683,453600.3076,0,0,FALSE,3.6,0,300
1526,2022/10/8 7:45,131.391406,46.869567,5192926.683,453600.3076,0,0,FALSE,3.6,0,300
1527,2022/10/8 7:45,131.391406,46.869567,5192926.683,453600.3076,0,0,FALSE,3.6,0,300
1528,2022/10/8 7:45,131.3914062,46.869567,5192926.683,453600.3229,0,0,FALSE,3.6,0,300
1529,2022/10/8 7:45,131.3914062,46.869567,5192926.683,453600.3229,0,0,FALSE,3.6,0,300
1530,2022/10/8 7:45,131.3914062,46.869567,5192926.683,453600.3229,0,91.3,FALSE,3.6,0,300
1531,2022/10/8 7:45,131.3914062,46.869567,5192926.683,453600.3229,0,0,FALSE,3.6,0,300
1532,2022/10/8 7:45,131.3914063,46.869567,5192926.683,453600.3305,0,0,FALSE,3.6,0,300
1533,2022/10/8 7:45,131.3914063,46.86956717,5192926.702,453600.3306,0,0,FALSE,3.6,0,300
1534,2022/10/8 7:45,131.3914063,46.86956717,5192926.702,453600.3306,0,0,FALSE,3.6,0,300
1535,2022/10/8 7:45,131.3914065,46.86956717,5192926.702,453600.3459,0,0,FALSE,3.6,0,300
1536,2022/10/8 7:45,131.3914065,46.86956717,5192926.702,453600.3459,0,0,FALSE,3.6,0,300
1537,2022/10/8 7:45,131.3914065,46.86956717,5192926.702,453600.3459,0,0,FALSE,3.6,0,300
1538,2022/10/8 7:45,131.3914065,46.86956717,5192926.702,453600.3459,0,0,FALSE,3.6,0,300
1539,2022/10/8 7:46,131.3914065,46.86956717,5192926.702,453600.3459,0,0,FALSE,3.6,0,300
1540,2022/10/8 7:46,131.3914065,46.86956717,5192926.702,453600.3459,0,0,FALSE,3.6,0,300
1541,2022/10/8 7:46,131.3914067,46.86956717,5192926.701,453600.3611,0,0,FALSE,3.6,0,300
1542,2022/10/8 7:46,131.3914067,46.86956717,5192926.701,453600.3611,0,0,FALSE,3.6,0,300
1543,2022/10/8 7:46,131.3914067,46.86956733,5192926.719,453600.3613,0,0,FALSE,3.6,0,300
1544,2022/10/8 7:46,131.3914067,46.86956733,5192926.719,453600.3613,0,0,FALSE,3.6,0,300
1545,2022/10/8 7:46,131.3914067,46.86956733,5192926.719,453600.3613,0,0,FALSE,3.6,0,300
1546,2022/10/8 7:46,131.3914067,46.86956733,5192926.719,453600.3613,0,0,FALSE,3.6,0,300
1547,2022/10/8 7:46,131.3914068,46.86956733,5192926.719,453600.3689,0,0,FALSE,3.6,0,300
1548,2022/10/8 7:46,131.3914068,46.86956733,5192926.719,453600.3689,0,0,FALSE,3.6,0,300
1549,2022/10/8 7:46,131.3914068,46.86956733,5192926.719,453600.3689,0,0,FALSE,3.6,0,300
1550,2022/10/8 7:46,131.3914068,46.86956733,5192926.719,453600.3689,0,0,FALSE,3.6,0,300
1551,2022/10/8 7:46,131.3914068,46.86956733,5192926.719,453600.3689,0,91.3,FALSE,3.6,0,300
1552,2022/10/8 7:46,131.3914068,46.86956733,5192926.719,453600.3689,0,0,FALSE,3.6,0,300
1553,2022/10/8 7:46,131.3914068,46.8695675,5192926.738,453600.3691,0,0,FALSE,3.6,0,300
1554,2022/10/8 7:47,131.3914068,46.8695675,5192926.738,453600.3691,0,0,FALSE,3.6,0,300
1555,2022/10/8 7:47,131.391407,46.8695675,5192926.738,453600.3843,0,0,FALSE,3.6,0,300
1556,2022/10/8 7:47,131.391407,46.8695675,5192926.738,453600.3843,0,0,FALSE,3.6,0,300
1557,2022/10/8 7:47,131.3914068,46.8695675,5192926.738,453600.3691,0,0,FALSE,3.6,0,300
1558,2022/10/8 7:47,131.3914068,46.86956733,5192926.719,453600.3689,0,0,FALSE,3.6,0,300
1559,2022/10/8 7:47,131.3914068,46.86956733,5192926.719,453600.3689,0,0,FALSE,3.6,0,300
1560,2022/10/8 7:47,131.3914068,46.86956733,5192926.719,453600.3689,0,0,FALSE,3.6,0,300
1561,2022/10/8 7:47,131.3914068,46.86956733,5192926.719,453600.3689,0,0,FALSE,3.6,0,300
1562,2022/10/8 7:47,131.3914067,46.86956733,5192926.719,453600.3613,0,0,FALSE,3.6,0,300
1563,2022/10/8 7:47,131.3914067,46.86956733,5192926.719,453600.3613,0,0,FALSE,3.6,0,300
1564,2022/10/8 7:47,131.3914067,46.86956733,5192926.719,453600.3613,0,0,FALSE,3.6,0,300
1565,2022/10/8 7:47,131.3914067,46.86956733,5192926.719,453600.3613,0,0,FALSE,3.6,0,300
1566,2022/10/8 7:47,131.3914067,46.86956733,5192926.719,453600.3613,0,0,FALSE,3.6,0,300
1567,2022/10/8 7:47,131.3914067,46.86956733,5192926.719,453600.3613,0,0,FALSE,3.6,0,300
1568,2022/10/8 7:47,131.3914065,46.86956717,5192926.702,453600.3459,0,0,FALSE,3.6,0,300
1569,2022/10/8 7:48,131.3914065,46.86956717,5192926.702,453600.3459,0,0,FALSE,3.6,0,300
1570,2022/10/8 7:48,131.3914065,46.86956717,5192926.702,453600.3459,0,0,FALSE,3.6,0,300
1571,2022/10/8 7:48,131.3914063,46.86956717,5192926.702,453600.3306,0,0,FALSE,3.6,0,300
1572,2022/10/8 7:48,131.3914063,46.86956717,5192926.702,453600.3306,0,0,FALSE,3.6,0,300
1573,2022/10/8 7:48,131.3914062,46.86956717,5192926.702,453600.323,0,0,FALSE,3.6,0,300
1574,2022/10/8 7:48,131.3914062,46.86956717,5192926.702,453600.323,0,0,FALSE,3.6,0,300
1575,2022/10/8 7:48,131.3914062,46.86956717,5192926.702,453600.323,0,0,FALSE,3.6,0,300
1576,2022/10/8 7:48,131.391406,46.869567,5192926.683,453600.3076,0,0,FALSE,3.6,0,300
1577,2022/10/8 7:48,131.391406,46.869567,5192926.683,453600.3076,0,0,FALSE,3.6,0,300
1578,2022/10/8 7:48,131.391406,46.869567,5192926.683,453600.3076,0,0,FALSE,3.6,0,300
1579,2022/10/8 7:48,131.391406,46.869567,5192926.683,453600.3076,0,0,FALSE,3.6,0,300
1580,2022/10/8 7:48,131.3914058,46.869567,5192926.683,453600.2924,0,91.3,FALSE,3.6,0,300
1581,2022/10/8 7:48,131.3914058,46.86956717,5192926.702,453600.2925,0,0,FALSE,3.6,0,300
1582,2022/10/8 7:48,131.3914058,46.86956717,5192926.702,453600.2925,0,0,FALSE,3.6,0,300
1583,2022/10/8 7:48,131.3914058,46.86956717,5192926.702,453600.2925,0,0,FALSE,3.6,0,300
1584,2022/10/8 7:49,131.3914058,46.869567,5192926.683,453600.2924,0,0,FALSE,3.6,0,300
1585,2022/10/8 7:49,131.3914058,46.869567,5192926.683,453600.2924,0,0,FALSE,3.6,0,300
1586,2022/10/8 7:49,131.3914058,46.869567,5192926.683,453600.2924,0,0,FALSE,3.6,0,300
1587,2022/10/8 7:49,131.3914058,46.869567,5192926.683,453600.2924,0,0,FALSE,3.6,0,300
1588,2022/10/8 7:49,131.3914058,46.869567,5192926.683,453600.2924,0,0,FALSE,3.6,0,300
1589,2022/10/8 7:49,131.3914058,46.869567,5192926.683,453600.2924,0,0,FALSE,3.6,0,300
1590,2022/10/8 7:49,131.391406,46.869567,5192926.683,453600.3076,0,0,FALSE,3.6,0,300
1591,2022/10/8 7:49,131.391406,46.869567,5192926.683,453600.3076,0,0,FALSE,3.6,0,300
1592,2022/10/8 7:49,131.391406,46.86956683,5192926.664,453600.3075,0,0,FALSE,3.6,0,300
1593,2022/10/8 7:49,131.391406,46.86956683,5192926.664,453600.3075,0,0,FALSE,3.6,0,300
1594,2022/10/8 7:49,131.391406,46.86956683,5192926.664,453600.3075,0,0,FALSE,3.6,0,300
1595,2022/10/8 7:49,131.391406,46.86956683,5192926.664,453600.3075,0,0,FALSE,3.6,0,300
1596,2022/10/8 7:49,131.391406,46.86956683,5192926.664,453600.3075,0,0,FALSE,3.6,0,300
1597,2022/10/8 7:49,131.391406,46.86956683,5192926.664,453600.3075,0,0,FALSE,3.6,0,300
1598,2022/10/8 7:49,131.391406,46.86956683,5192926.664,453600.3075,0,0,FALSE,3.6,0,300
1599,2022/10/8 7:50,131.391406,46.86956683,5192926.664,453600.3075,0,0,FALSE,3.6,0,300
1600,2022/10/8 7:50,131.391406,46.86956683,5192926.664,453600.3075,0,0,FALSE,3.6,0,300
1601,2022/10/8 7:50,131.3914058,46.86956667,5192926.646,453600.2921,0,0,FALSE,3.6,0,300
1602,2022/10/8 7:50,131.3914058,46.86956667,5192926.646,453600.2921,0,0,FALSE,3.6,0,300
1603,2022/10/8 7:50,131.3914058,46.86956667,5192926.646,453600.2921,0,0,FALSE,3.6,0,300
1604,2022/10/8 7:50,131.3914058,46.8695665,5192926.627,453600.292,0,0,FALSE,3.6,0,300
1605,2022/10/8 7:50,131.3914057,46.8695665,5192926.628,453600.2843,0,0,FALSE,3.6,0,300
1606,2022/10/8 7:50,131.3914057,46.8695665,5192926.628,453600.2843,0,0,FALSE,3.6,0,300
1607,2022/10/8 7:50,131.3914057,46.8695665,5192926.628,453600.2843,0,0,FALSE,3.6,0,300
1608,2022/10/8 7:50,131.3914057,46.8695665,5192926.628,453600.2843,0,0,FALSE,3.6,0,300
1609,2022/10/8 7:50,131.3914057,46.8695665,5192926.628,453600.2843,0,0,FALSE,3.6,0,300
1610,2022/10/8 7:50,131.3914057,46.8695665,5192926.628,453600.2843,0,0,FALSE,3.6,0,300
1611,2022/10/8 7:50,131.3914057,46.8695665,5192926.628,453600.2843,0,0,FALSE,3.6,0,300
1612,2022/10/8 7:50,131.3914057,46.8695665,5192926.628,453600.2843,0,0,FALSE,3.6,0,300
1613,2022/10/8 7:50,131.3914058,46.8695665,5192926.627,453600.292,0,0,FALSE,3.6,0,300
1614,2022/10/8 7:51,131.3914058,46.8695665,5192926.627,453600.292,0,0,FALSE,3.6,0,300
1615,2022/10/8 7:51,131.3914058,46.86956633,5192926.609,453600.2918,0,0,FALSE,3.6,0,300
1616,2022/10/8 7:51,131.3914058,46.86956633,5192926.609,453600.2918,0,0,FALSE,3.6,0,300
1617,2022/10/8 7:51,131.3914058,46.86956633,5192926.609,453600.2918,0,0,FALSE,3.6,0,300
1618,2022/10/8 7:51,131.3914057,46.86956633,5192926.609,453600.2842,0,0,FALSE,3.6,0,300
1619,2022/10/8 7:51,131.3914058,46.86956633,5192926.609,453600.2918,0,0,FALSE,3.6,0,300
1620,2022/10/8 7:51,131.3914058,46.86956633,5192926.609,453600.2918,0,0,FALSE,3.6,0,300
1621,2022/10/8 7:51,131.3914058,46.86956633,5192926.609,453600.2918,0,0,FALSE,3.6,0,300
1622,2022/10/8 7:51,131.3914058,46.86956633,5192926.609,453600.2918,0,91.1,FALSE,3.6,0,300
1623,2022/10/8 7:51,131.3914058,46.86956633,5192926.609,453600.2918,0,0,FALSE,3.6,0,300
1624,2022/10/8 7:51,131.3914058,46.86956617,5192926.591,453600.2917,0,0,FALSE,3.6,0,300
1625,2022/10/8 7:51,131.3914058,46.86956617,5192926.591,453600.2917,0,0,FALSE,3.6,0,300
1626,2022/10/8 7:51,131.3914058,46.86956617,5192926.591,453600.2917,0,0,FALSE,3.6,0,300
1627,2022/10/8 7:51,131.3914058,46.86956617,5192926.591,453600.2917,0,0,FALSE,3.6,0,300
1628,2022/10/8 7:51,131.3914058,46.86956617,5192926.591,453600.2917,0,0,FALSE,3.6,0,300
1629,2022/10/8 7:52,131.3914058,46.86956617,5192926.591,453600.2917,0,0,FALSE,3.6,0,300
1630,2022/10/8 7:52,131.3914058,46.86956617,5192926.591,453600.2917,0,0,FALSE,3.6,0,300
1631,2022/10/8 7:52,131.3914058,46.86956617,5192926.591,453600.2917,0,0,FALSE,3.6,0,300
1632,2022/10/8 7:52,131.391406,46.86956617,5192926.591,453600.3069,0,0,FALSE,3.6,0,300
1633,2022/10/8 7:52,131.391406,46.86956617,5192926.591,453600.3069,0,0,FALSE,3.6,0,300
1634,2022/10/8 7:52,131.3914058,46.869566,5192926.572,453600.2915,0,0,FALSE,3.6,0,300
1635,2022/10/8 7:52,131.3914058,46.869566,5192926.572,453600.2915,0,0,FALSE,3.6,0,300
1636,2022/10/8 7:52,131.3914058,46.869566,5192926.572,453600.2915,0,0,FALSE,3.6,0,300
1637,2022/10/8 7:52,131.3914058,46.869566,5192926.572,453600.2915,0,0,FALSE,3.6,0,300
1638,2022/10/8 7:52,131.3914058,46.869566,5192926.572,453600.2915,0,0,FALSE,3.6,0,300
1639,2022/10/8 7:52,131.3914058,46.869566,5192926.572,453600.2915,0,0,FALSE,3.6,0,300
1640,2022/10/8 7:52,131.3914058,46.869566,5192926.572,453600.2915,0,0,FALSE,3.6,0,300
1641,2022/10/8 7:52,131.3914058,46.86956583,5192926.553,453600.2914,0,0,FALSE,3.6,0,300
1642,2022/10/8 7:52,131.3914058,46.86956583,5192926.553,453600.2914,0,0,FALSE,3.6,0,300
1643,2022/10/8 7:52,131.3914058,46.86956583,5192926.553,453600.2914,0,0,FALSE,3.6,0,300
1644,2022/10/8 7:53,131.3914058,46.86956583,5192926.553,453600.2914,0,0,FALSE,3.6,0,300
1645,2022/10/8 7:53,131.3914058,46.86956583,5192926.553,453600.2914,0,0,FALSE,3.6,0,300
1646,2022/10/8 7:53,131.3914058,46.86956567,5192926.535,453600.2912,0,0,FALSE,3.6,0,300
1647,2022/10/8 7:53,131.3914058,46.86956567,5192926.535,453600.2912,0,0,FALSE,3.6,0,300
1648,2022/10/8 7:53,131.3914058,46.86956567,5192926.535,453600.2912,0,0,FALSE,3.6,0,300
1649,2022/10/8 7:53,131.391406,46.86956567,5192926.535,453600.3065,0,0,FALSE,3.6,0,300
1650,2022/10/8 7:53,131.391406,46.86956567,5192926.535,453600.3065,0,0,FALSE,3.6,0,300
1651,2022/10/8 7:53,131.391406,46.86956567,5192926.535,453600.3065,0,0,FALSE,3.6,0,300
1652,2022/10/8 7:53,131.3914062,46.86956567,5192926.535,453600.3217,0,0,FALSE,3.6,0,300
1653,2022/10/8 7:53,131.3914062,46.86956567,5192926.535,453600.3217,0,0,FALSE,3.6,0,300
1654,2022/10/8 7:53,131.3914062,46.8695655,5192926.516,453600.3216,0,0,FALSE,3.6,0,300
1655,2022/10/8 7:53,131.3914062,46.8695655,5192926.516,453600.3216,0,0,FALSE,3.6,0,300
1656,2022/10/8 7:53,131.3914062,46.8695655,5192926.516,453600.3216,0,0,FALSE,3.6,0,300
1657,2022/10/8 7:53,131.3914062,46.8695655,5192926.516,453600.3216,2.11128,166.7,FALSE,3.6,0,300
1658,2022/10/8 7:53,131.3914085,46.86955767,5192925.644,453600.4902,0,0,FALSE,3.6,0,300
1659,2022/10/8 7:54,131.391411,46.86955467,5192925.309,453600.6782,0,0,FALSE,3.6,0,300
1660,2022/10/8 7:54,131.3914127,46.86955233,5192925.048,453600.8058,0,0,FALSE,3.6,0,300
1661,2022/10/8 7:54,131.3914137,46.86955067,5192924.863,453600.8806,0,0,FALSE,3.6,0,300
1662,2022/10/8 7:54,131.3914148,46.869549,5192924.677,453600.963,0,0,FALSE,3.6,0,300
1663,2022/10/8 7:54,131.391416,46.86954767,5192924.528,453601.0534,0,0,FALSE,3.6,0,300
1664,2022/10/8 7:54,131.3914167,46.86954617,5192924.361,453601.1055,0,0,FALSE,3.6,0,300
1665,2022/10/8 7:54,131.3914177,46.869546,5192924.342,453601.1815,0,0,FALSE,3.6,0,300
1666,2022/10/8 7:54,131.3914185,46.8695455,5192924.285,453601.2421,0,0,FALSE,3.6,0,300
1667,2022/10/8 7:54,131.3914192,46.86954533,5192924.266,453601.2953,0,0,FALSE,3.6,0,300
1668,2022/10/8 7:54,131.39142,46.86954533,5192924.266,453601.3563,0,0,FALSE,3.6,0,300
1669,2022/10/8 7:54,131.3914203,46.86954517,5192924.248,453601.3791,0,0,FALSE,3.6,0,300
1670,2022/10/8 7:54,131.3914207,46.86954517,5192924.247,453601.4096,0,0,FALSE,3.6,0,300
1671,2022/10/8 7:54,131.391421,46.869545,5192924.228,453601.4323,0,0,FALSE,3.6,0,300
1672,2022/10/8 7:54,131.391421,46.869545,5192924.228,453601.4323,0,0,FALSE,3.6,0,300
1673,2022/10/8 7:54,131.391421,46.869545,5192924.228,453601.4323,0,0,FALSE,3.6,0,300
1674,2022/10/8 7:55,131.391421,46.86954483,5192924.21,453601.4321,0,0,FALSE,3.6,0,300
1675,2022/10/8 7:55,131.3914212,46.86954483,5192924.209,453601.4474,0,0,FALSE,3.6,0,300
1676,2022/10/8 7:55,131.3914213,46.86954483,5192924.209,453601.455,0,0,FALSE,3.6,0,300
1677,2022/10/8 7:55,131.3914213,46.86954467,5192924.192,453601.4549,0,0,FALSE,3.6,0,300
1678,2022/10/8 7:55,131.3914213,46.8695445,5192924.173,453601.4547,0,0,FALSE,3.6,0,300
1679,2022/10/8 7:55,131.3914212,46.8695445,5192924.173,453601.4471,0,0,FALSE,3.6,0,300
1680,2022/10/8 7:55,131.391421,46.8695445,5192924.173,453601.4319,0,0,FALSE,3.6,0,300
1681,2022/10/8 7:55,131.391421,46.86954433,5192924.154,453601.4317,0,0,FALSE,3.6,0,300
1682,2022/10/8 7:55,131.3914207,46.86954433,5192924.154,453601.4088,0,0,FALSE,3.6,0,300
1683,2022/10/8 7:55,131.3914203,46.86954417,5192924.137,453601.3782,0,0,FALSE,3.6,0,300
1684,2022/10/8 7:55,131.3914202,46.86954433,5192924.154,453601.3707,0,0,FALSE,3.6,0,300
1685,2022/10/8 7:55,131.39142,46.86954433,5192924.155,453601.3555,0,0,FALSE,3.6,0,300
1686,2022/10/8 7:55,131.3914198,46.86954417,5192924.137,453601.3401,0,0,FALSE,3.6,0,300
1687,2022/10/8 7:55,131.3914198,46.869544,5192924.118,453601.3399,0,0,FALSE,3.6,0,300
1688,2022/10/8 7:55,131.3914198,46.86954383,5192924.099,453601.3398,0,0,FALSE,3.6,0,300
1689,2022/10/8 7:56,131.3914198,46.8695435,5192924.062,453601.3395,0,0,FALSE,3.6,0,300
1690,2022/10/8 7:56,131.3914195,46.86954333,5192924.044,453601.3165,0,0,FALSE,3.6,0,300
1691,2022/10/8 7:56,131.3914195,46.86954317,5192924.026,453601.3163,0,0,FALSE,3.6,0,300
1692,2022/10/8 7:56,131.3914192,46.86954283,5192923.988,453601.2932,0,0,FALSE,3.6,0,300
1693,2022/10/8 7:56,131.3914188,46.86954267,5192923.971,453601.2625,0,0,FALSE,3.6,0,300
1694,2022/10/8 7:56,131.3914185,46.86954233,5192923.933,453601.2394,0,0,FALSE,3.6,0,300
1695,2022/10/8 7:56,131.391418,46.86954217,5192923.916,453601.2011,0,0,FALSE,3.6,0,300
1696,2022/10/8 7:56,131.3914178,46.869542,5192923.897,453601.1857,0,0,FALSE,3.6,0,300
1697,2022/10/8 7:56,131.3914175,46.86954183,5192923.878,453601.1627,0,0,FALSE,3.6,0,300
1698,2022/10/8 7:56,131.3914172,46.86954167,5192923.86,453601.1397,0,0,FALSE,3.6,0,300
1699,2022/10/8 7:56,131.3914167,46.86954167,5192923.861,453601.1016,0,0,FALSE,3.6,0,300
1700,2022/10/8 7:56,131.3914165,46.8695415,5192923.842,453601.0862,0,0,FALSE,3.6,0,300
1701,2022/10/8 7:56,131.3914162,46.8695415,5192923.842,453601.0633,0,0,FALSE,3.6,0,300
1702,2022/10/8 7:56,131.3914158,46.86954117,5192923.806,453601.0325,0,0,FALSE,3.6,0,300
1703,2022/10/8 7:56,131.3914155,46.869541,5192923.787,453601.0095,0,0,FALSE,3.6,0,300
1704,2022/10/8 7:57,131.3914153,46.869541,5192923.787,453600.9943,0,0,FALSE,3.6,0,300
1705,2022/10/8 7:57,131.3914152,46.86954083,5192923.768,453600.9865,0,0,FALSE,3.6,0,300
1706,2022/10/8 7:57,131.391415,46.86954067,5192923.751,453600.9711,0,0,FALSE,3.6,0,300
1707,2022/10/8 7:57,131.391415,46.86954067,5192923.751,453600.9711,0,0,FALSE,3.6,0,300
1708,2022/10/8 7:57,131.3914152,46.8695405,5192923.732,453600.9862,0,0,FALSE,3.6,0,300
1709,2022/10/8 7:57,131.3914152,46.8695405,5192923.732,453600.9862,0,0,FALSE,3.6,0,300
1710,2022/10/8 7:57,131.391415,46.86954033,5192923.713,453600.9708,0,0,FALSE,3.6,0,300
1711,2022/10/8 7:57,131.3914148,46.86954033,5192923.713,453600.9556,0,0,FALSE,3.6,0,300
1712,2022/10/8 7:57,131.3914147,46.86954033,5192923.713,453600.9479,0,0,FALSE,3.6,0,300
1713,2022/10/8 7:57,131.3914145,46.86954017,5192923.695,453600.9326,0,0,FALSE,3.6,0,300
1714,2022/10/8 7:57,131.3914142,46.86954017,5192923.695,453600.9097,0,0,FALSE,3.6,0,300
1715,2022/10/8 7:57,131.3914138,46.86954017,5192923.696,453600.8792,0,0,FALSE,3.6,0,300
1716,2022/10/8 7:57,131.3914137,46.86954033,5192923.714,453600.8717,0,0,FALSE,3.6,0,300
1717,2022/10/8 7:57,131.3914133,46.86954033,5192923.714,453600.8412,0,0,FALSE,3.6,0,300
1718,2022/10/8 7:57,131.3914132,46.86954033,5192923.714,453600.8336,0,0,FALSE,3.6,0,300
1719,2022/10/8 7:58,131.391413,46.8695405,5192923.733,453600.8185,0,0,FALSE,3.6,0,300
1720,2022/10/8 7:58,131.3914128,46.8695405,5192923.733,453600.8032,0,0,FALSE,3.6,0,300
1721,2022/10/8 7:58,131.3914128,46.8695405,5192923.733,453600.8032,0,0,FALSE,3.6,0,300
1722,2022/10/8 7:58,131.3914128,46.86954033,5192923.714,453600.8031,0,0,FALSE,3.6,0,300
1723,2022/10/8 7:58,131.3914128,46.86954033,5192923.714,453600.8031,0,0,FALSE,3.6,0,300
1724,2022/10/8 7:58,131.3914128,46.86954033,5192923.714,453600.8031,0,0,FALSE,3.6,0,300
1725,2022/10/8 7:58,131.3914128,46.86954033,5192923.714,453600.8031,0,0,FALSE,3.6,0,300
1726,2022/10/8 7:58,131.391413,46.86954017,5192923.696,453600.8182,0,0,FALSE,3.6,0,300
1727,2022/10/8 7:58,131.391413,46.86954017,5192923.696,453600.8182,0,0,FALSE,3.6,0,300
1728,2022/10/8 7:58,131.3914132,46.86954017,5192923.696,453600.8334,0,0,FALSE,3.6,0,300
1729,2022/10/8 7:58,131.3914133,46.86954017,5192923.696,453600.8411,0,0,FALSE,3.6,0,300
1730,2022/10/8 7:58,131.3914133,46.86954033,5192923.714,453600.8412,0,0,FALSE,3.6,0,300
1731,2022/10/8 7:58,131.3914135,46.86954033,5192923.714,453600.8565,0,0,FALSE,3.6,0,300
1732,2022/10/8 7:58,131.3914135,46.86954033,5192923.714,453600.8565,0,0,FALSE,3.6,0,300
1733,2022/10/8 7:58,131.3914135,46.8695405,5192923.733,453600.8566,0,0,FALSE,3.6,0,300
1734,2022/10/8 7:59,131.3914137,46.8695405,5192923.732,453600.8718,0,0,FALSE,3.6,0,300
1735,2022/10/8 7:59,131.3914137,46.86954067,5192923.751,453600.872,0,0,FALSE,3.6,0,300
1736,2022/10/8 7:59,131.3914138,46.86954067,5192923.751,453600.8796,0,0,FALSE,3.6,0,300
1737,2022/10/8 7:59,131.3914138,46.86954067,5192923.751,453600.8796,0,0,FALSE,3.6,0,300
1738,2022/10/8 7:59,131.3914138,46.86954067,5192923.751,453600.8796,0,0,FALSE,3.6,0,300
1739,2022/10/8 7:59,131.3914138,46.86954067,5192923.751,453600.8796,0,0,FALSE,3.6,0,300
1740,2022/10/8 7:59,131.3914137,46.86954067,5192923.751,453600.872,0,0,FALSE,3.6,0,300
1741,2022/10/8 7:59,131.3914137,46.86954083,5192923.769,453600.8721,0,0,FALSE,3.6,0,300
1742,2022/10/8 7:59,131.3914137,46.86954083,5192923.769,453600.8721,0,0,FALSE,3.6,0,300
1743,2022/10/8 7:59,131.3914137,46.86954083,5192923.769,453600.8721,0,0,FALSE,3.6,0,300
1744,2022/10/8 7:59,131.3914135,46.86954083,5192923.769,453600.8569,0,0,FALSE,3.6,0,300
1745,2022/10/8 7:59,131.3914135,46.86954083,5192923.769,453600.8569,0,0,FALSE,3.6,0,300
1746,2022/10/8 7:59,131.3914135,46.869541,5192923.788,453600.857,0,0,FALSE,3.6,0,300
1747,2022/10/8 7:59,131.3914135,46.869541,5192923.788,453600.857,0,90,FALSE,3.6,0,300
1748,2022/10/8 7:59,131.3914135,46.869541,5192923.788,453600.857,0,0,FALSE,3.6,0,300
1749,2022/10/8 8:00,131.3914135,46.86954117,5192923.807,453600.8572,0,0,FALSE,3.6,0,300
1750,2022/10/8 8:00,131.3914137,46.86954117,5192923.807,453600.8724,0,0,FALSE,3.6,0,300
1751,2022/10/8 8:00,131.3914138,46.86954117,5192923.807,453600.88,0,0,FALSE,3.6,0,300
1752,2022/10/8 8:00,131.391414,46.86954133,5192923.825,453600.8954,0,0,FALSE,3.6,0,300
1753,2022/10/8 8:00,131.3914143,46.86954133,5192923.824,453600.9183,0,0,FALSE,3.6,0,300
1754,2022/10/8 8:00,131.3914145,46.86954133,5192923.824,453600.9336,0,0,FALSE,3.6,0,300
1755,2022/10/8 8:00,131.3914145,46.8695415,5192923.843,453600.9337,0,0,FALSE,3.6,0,300
1756,2022/10/8 8:00,131.3914145,46.8695415,5192923.843,453600.9337,0,0,FALSE,3.6,0,300
1757,2022/10/8 8:00,131.3914147,46.8695415,5192923.843,453600.9489,0,0,FALSE,3.6,0,300
1758,2022/10/8 8:00,131.3914147,46.86954167,5192923.862,453600.9491,0,0,FALSE,3.6,0,300
1759,2022/10/8 8:00,131.3914147,46.86954167,5192923.862,453600.9491,0,0,FALSE,3.6,0,300
1760,2022/10/8 8:00,131.3914147,46.86954167,5192923.862,453600.9491,0,0,FALSE,3.6,0,300
1761,2022/10/8 8:00,131.3914148,46.86954167,5192923.862,453600.9567,0,0,FALSE,3.6,0,300
1762,2022/10/8 8:00,131.3914148,46.86954183,5192923.88,453600.9569,0,0,FALSE,3.6,0,300
1763,2022/10/8 8:01,131.391415,46.86954183,5192923.88,453600.9721,0,0,FALSE,3.6,0,300
1764,2022/10/8 8:01,131.391415,46.86954183,5192923.88,453600.9721,0,0,FALSE,3.6,0,300
1765,2022/10/8 8:01,131.3914152,46.86954183,5192923.879,453600.9874,0,0,FALSE,3.6,0,300
1766,2022/10/8 8:01,131.3914152,46.86954183,5192923.879,453600.9874,0,0,FALSE,3.6,0,300
1767,2022/10/8 8:01,131.3914152,46.86954183,5192923.879,453600.9874,0,0,FALSE,3.6,0,300
1768,2022/10/8 8:01,131.3914152,46.86954183,5192923.879,453600.9874,0,0,FALSE,3.6,0,300
1769,2022/10/8 8:01,131.3914152,46.86954183,5192923.879,453600.9874,0,0,FALSE,3.6,0,300
1770,2022/10/8 8:01,131.3914152,46.86954167,5192923.862,453600.9872,0,0,FALSE,3.6,0,300
1771,2022/10/8 8:01,131.3914152,46.86954167,5192923.862,453600.9872,0,0,FALSE,3.6,0,300
1772,2022/10/8 8:01,131.3914152,46.86954167,5192923.862,453600.9872,0,0,FALSE,3.6,0,300
1773,2022/10/8 8:01,131.3914152,46.8695415,5192923.843,453600.9871,0,0,FALSE,3.6,0,300
1774,2022/10/8 8:01,131.3914152,46.8695415,5192923.843,453600.9871,0,0,FALSE,3.6,0,300
1775,2022/10/8 8:01,131.3914152,46.86954133,5192923.824,453600.9869,0,0,FALSE,3.6,0,300
1776,2022/10/8 8:01,131.3914153,46.86954133,5192923.824,453600.9945,0,0,FALSE,3.6,0,300
1777,2022/10/8 8:01,131.3914152,46.86954117,5192923.806,453600.9868,0,0,FALSE,3.6,0,300
1778,2022/10/8 8:02,131.3914152,46.869541,5192923.787,453600.9866,0,0,FALSE,3.6,0,300
1779,2022/10/8 8:02,131.3914152,46.869541,5192923.787,453600.9866,0,0,FALSE,3.6,0,300
1780,2022/10/8 8:02,131.3914152,46.86954083,5192923.768,453600.9865,0,0,FALSE,3.6,0,300
1781,2022/10/8 8:02,131.3914152,46.86954083,5192923.768,453600.9865,0,0,FALSE,3.6,0,300
1782,2022/10/8 8:02,131.3914152,46.86954067,5192923.75,453600.9864,0,0,FALSE,3.6,0,300
1783,2022/10/8 8:02,131.3914152,46.86954067,5192923.75,453600.9864,0,0,FALSE,3.6,0,300
1784,2022/10/8 8:02,131.3914152,46.8695405,5192923.732,453600.9862,0,0,FALSE,3.6,0,300
1785,2022/10/8 8:02,131.3914152,46.8695405,5192923.732,453600.9862,0,0,FALSE,3.6,0,300
1786,2022/10/8 8:02,131.3914152,46.8695405,5192923.732,453600.9862,0,0,FALSE,3.6,0,300
1787,2022/10/8 8:02,131.3914152,46.86954033,5192923.713,453600.9861,0,0,FALSE,3.6,0,300
1788,2022/10/8 8:02,131.3914152,46.86954033,5192923.713,453600.9861,0,0,FALSE,3.6,0,300
1789,2022/10/8 8:02,131.3914152,46.86954033,5192923.713,453600.9861,0,0,FALSE,3.6,0,300
1790,2022/10/8 8:02,131.391415,46.86954033,5192923.713,453600.9708,0,0,FALSE,3.6,0,300
1791,2022/10/8 8:02,131.3914152,46.8695405,5192923.732,453600.9862,0,0,FALSE,3.6,0,300
1792,2022/10/8 8:02,131.3914152,46.8695405,5192923.732,453600.9862,0,0,FALSE,3.6,0,300
1793,2022/10/8 8:03,131.3914152,46.8695405,5192923.732,453600.9862,0,0,FALSE,3.6,0,300
1794,2022/10/8 8:03,131.3914152,46.8695405,5192923.732,453600.9862,0,0,FALSE,3.6,0,300
1795,2022/10/8 8:03,131.3914152,46.8695405,5192923.732,453600.9862,0,0,FALSE,3.6,0,300
1796,2022/10/8 8:03,131.3914152,46.8695405,5192923.732,453600.9862,0,0,FALSE,3.6,0,300
1797,2022/10/8 8:03,131.3914152,46.8695405,5192923.732,453600.9862,0,0,FALSE,3.6,0,300
1798,2022/10/8 8:03,131.3914152,46.86954067,5192923.75,453600.9864,0,0,FALSE,3.6,0,300
1799,2022/10/8 8:03,131.3914152,46.86954067,5192923.75,453600.9864,0,0,FALSE,3.6,0,300
1800,2022/10/8 8:03,131.3914153,46.86954067,5192923.75,453600.994,0,0,FALSE,3.6,0,300
1801,2022/10/8 8:03,131.3914153,46.86954067,5192923.75,453600.994,0,0,FALSE,3.6,0,300
1802,2022/10/8 8:03,131.3914153,46.86954067,5192923.75,453600.994,0,0,FALSE,3.6,0,300
1803,2022/10/8 8:03,131.3914155,46.86954067,5192923.75,453601.0092,0,0,FALSE,3.6,0,300
1804,2022/10/8 8:03,131.3914155,46.86954083,5192923.768,453601.0094,0,0,FALSE,3.6,0,300
1805,2022/10/8 8:03,131.3914155,46.86954083,5192923.768,453601.0094,0,0,FALSE,3.6,0,300
1806,2022/10/8 8:03,131.3914155,46.86954083,5192923.768,453601.0094,0,0,FALSE,3.6,0,300
1807,2022/10/8 8:03,131.3914155,46.86954083,5192923.768,453601.0094,0,0,FALSE,3.6,0,300
1808,2022/10/8 8:04,131.3914157,46.869541,5192923.787,453601.0248,0,0,FALSE,3.6,0,300
1809,2022/10/8 8:04,131.3914157,46.869541,5192923.787,453601.0248,0,0,FALSE,3.6,0,300
1810,2022/10/8 8:04,131.3914157,46.869541,5192923.787,453601.0248,0,0,FALSE,3.6,0,300
1811,2022/10/8 8:04,131.3914157,46.869541,5192923.787,453601.0248,0,0,FALSE,3.6,0,300
1812,2022/10/8 8:04,131.3914157,46.86954117,5192923.806,453601.0249,0,0,FALSE,3.6,0,300
1813,2022/10/8 8:04,131.3914155,46.86954117,5192923.806,453601.0097,0,0,FALSE,3.6,0,300
1814,2022/10/8 8:04,131.3914155,46.86954117,5192923.806,453601.0097,0,0,FALSE,3.6,0,300
1815,2022/10/8 8:04,131.3914155,46.86954117,5192923.806,453601.0097,0,0,FALSE,3.6,0,300
1816,2022/10/8 8:04,131.3914153,46.86954117,5192923.806,453600.9944,0,0,FALSE,3.6,0,300
1817,2022/10/8 8:04,131.3914153,46.86954117,5192923.806,453600.9944,0,0,FALSE,3.6,0,300
1818,2022/10/8 8:04,131.3914153,46.86954117,5192923.806,453600.9944,0,0,FALSE,3.6,0,300
1819,2022/10/8 8:04,131.3914153,46.86954133,5192923.824,453600.9945,0,0,FALSE,3.6,0,300
1820,2022/10/8 8:04,131.3914152,46.86954133,5192923.824,453600.9869,0,0,FALSE,3.6,0,300
1821,2022/10/8 8:04,131.3914152,46.86954133,5192923.824,453600.9869,0,0,FALSE,3.6,0,300
1822,2022/10/8 8:04,131.3914152,46.86954117,5192923.806,453600.9868,0,0,FALSE,3.6,0,300
1823,2022/10/8 8:05,131.391415,46.86954117,5192923.806,453600.9715,0,0,FALSE,3.6,0,300
1824,2022/10/8 8:05,131.391415,46.86954117,5192923.806,453600.9715,0,0,FALSE,3.6,0,300
1825,2022/10/8 8:05,131.391415,46.86954117,5192923.806,453600.9715,0,0,FALSE,3.6,0,300
1826,2022/10/8 8:05,131.391415,46.86954117,5192923.806,453600.9715,0,0,FALSE,3.6,0,300
1827,2022/10/8 8:05,131.391415,46.86954117,5192923.806,453600.9715,0,89.9,FALSE,3.6,0,300
1828,2022/10/8 8:05,131.391415,46.86954117,5192923.806,453600.9715,0,0,FALSE,3.6,0,300
1829,2022/10/8 8:05,131.391415,46.869541,5192923.787,453600.9714,0,0,FALSE,3.6,0,300
1830,2022/10/8 8:05,131.391415,46.869541,5192923.787,453600.9714,0,0,FALSE,3.6,0,300
1831,2022/10/8 8:05,131.3914148,46.869541,5192923.787,453600.9561,0,0,FALSE,3.6,0,300
1832,2022/10/8 8:05,131.3914148,46.869541,5192923.787,453600.9561,0,0,FALSE,3.6,0,300
1833,2022/10/8 8:05,131.3914148,46.869541,5192923.787,453600.9561,0,90,FALSE,3.6,0,300
1834,2022/10/8 8:05,131.3914148,46.86954083,5192923.768,453600.956,0,0,FALSE,3.6,0,300
1835,2022/10/8 8:05,131.3914148,46.86954083,5192923.768,453600.956,0,0,FALSE,3.6,0,300
1836,2022/10/8 8:05,131.3914147,46.86954083,5192923.769,453600.9484,0,0,FALSE,3.6,0,300
1837,2022/10/8 8:05,131.3914147,46.86954067,5192923.751,453600.9482,0,0,FALSE,3.6,0,300
1838,2022/10/8 8:06,131.3914147,46.86954067,5192923.751,453600.9482,0,0,FALSE,3.6,0,300
1839,2022/10/8 8:06,131.3914147,46.8695405,5192923.732,453600.9481,0,0,FALSE,3.6,0,300
1840,2022/10/8 8:06,131.3914145,46.8695405,5192923.732,453600.9328,0,0,FALSE,3.6,0,300
1841,2022/10/8 8:06,131.3914145,46.8695405,5192923.732,453600.9328,0,0,FALSE,3.6,0,300
1842,2022/10/8 8:06,131.3914145,46.8695405,5192923.732,453600.9328,0,0,FALSE,3.6,0,300
1843,2022/10/8 8:06,131.3914145,46.86954033,5192923.713,453600.9327,0,0,FALSE,3.6,0,300
1844,2022/10/8 8:06,131.3914145,46.86954033,5192923.713,453600.9327,0,0,FALSE,3.6,0,300
1845,2022/10/8 8:06,131.3914145,46.86954033,5192923.713,453600.9327,0,0,FALSE,3.6,0,300
1846,2022/10/8 8:06,131.3914143,46.86954017,5192923.695,453600.9173,0,0,FALSE,3.6,0,300
1847,2022/10/8 8:06,131.3914143,46.86954017,5192923.695,453600.9173,0,0,FALSE,3.6,0,300
1848,2022/10/8 8:06,131.3914143,46.86954017,5192923.695,453600.9173,0,0,FALSE,3.6,0,300
1849,2022/10/8 8:06,131.3914143,46.86954,5192923.677,453600.9172,0,0,FALSE,3.6,0,300
1850,2022/10/8 8:06,131.3914143,46.86954,5192923.677,453600.9172,0,0,FALSE,3.6,0,300
1851,2022/10/8 8:06,131.3914143,46.86953983,5192923.658,453600.917,0,0,FALSE,3.6,0,300
1852,2022/10/8 8:06,131.3914142,46.86953983,5192923.658,453600.9094,0,0,FALSE,3.6,0,300
1853,2022/10/8 8:07,131.3914142,46.86953967,5192923.64,453600.9093,0,0,FALSE,3.6,0,300
1854,2022/10/8 8:07,131.3914142,46.86953967,5192923.64,453600.9093,0,0,FALSE,3.6,0,300
1855,2022/10/8 8:07,131.3914142,46.86953967,5192923.64,453600.9093,0,0,FALSE,3.6,0,300
1856,2022/10/8 8:07,131.3914142,46.8695395,5192923.621,453600.9091,0,0,FALSE,3.6,0,300
1857,2022/10/8 8:07,131.3914142,46.86953933,5192923.602,453600.909,0,0,FALSE,3.6,0,300
1858,2022/10/8 8:07,131.3914142,46.86953933,5192923.602,453600.909,0,0,FALSE,3.6,0,300
1859,2022/10/8 8:07,131.391414,46.86953917,5192923.584,453600.8936,0,0,FALSE,3.6,0,300
1860,2022/10/8 8:07,131.391414,46.86953917,5192923.584,453600.8936,0,0,FALSE,3.6,0,300
1861,2022/10/8 8:07,131.3914138,46.86953917,5192923.585,453600.8783,0,0,FALSE,3.6,0,300
1862,2022/10/8 8:07,131.3914138,46.869539,5192923.566,453600.8782,0,0,FALSE,3.6,0,300
1863,2022/10/8 8:07,131.3914137,46.869539,5192923.566,453600.8706,0,0,FALSE,3.6,0,300
1864,2022/10/8 8:07,131.3914137,46.869539,5192923.566,453600.8706,0,0,FALSE,3.6,0,300
1865,2022/10/8 8:07,131.3914137,46.86953883,5192923.547,453600.8704,0,0,FALSE,3.6,0,300
1866,2022/10/8 8:07,131.3914137,46.86953883,5192923.547,453600.8704,0,0,FALSE,3.6,0,300
1867,2022/10/8 8:07,131.3914137,46.86953883,5192923.547,453600.8704,0,0,FALSE,3.6,0,300
1868,2022/10/8 8:08,131.391419,46.86952033,5192921.487,453601.2585,2.51872,151.8,FALSE,3.6,0,300
1869,2022/10/8 8:08,131.3914265,46.86947783,5192916.758,453601.7937,2.46316,165.7,TRUE,3.6,446,300
1870,2022/10/8 8:08,131.3914125,46.869437,5192912.227,453600.6912,2.72244,159.2,TRUE,3.6,473,300
1871,2022/10/8 8:08,131.3914065,46.86939483,5192907.543,453600.1974,3.83364,174,TRUE,3.6,499,300
1872,2022/10/8 8:08,131.3914205,46.86935367,5192902.959,453601.2293,4.05588,171.1,TRUE,3.6,500,300
1873,2022/10/8 8:08,131.3914387,46.86930767,5192897.834,453602.5772,4.85224,170,TRUE,3.6,500,300
1874,2022/10/8 8:08,131.3914443,46.86925283,5192891.735,453602.9569,4.63,166.6,TRUE,3.6,500,300
1875,2022/10/8 8:08,131.3914647,46.86920333,5192886.22,453604.4696,5.05596,171,TRUE,3.6,500,300
1876,2022/10/8 8:08,131.3914785,46.86915267,5192880.58,453605.4781,4.92632,166.4,TRUE,3.6,500,300
1877,2022/10/8 8:08,131.3914762,46.86909483,5192874.151,453605.2529,5.33376,175.5,TRUE,3.6,489,300
1878,2022/10/8 8:08,131.3914823,46.86903583,5192867.589,453605.6671,5.03744,170.5,TRUE,3.6,500,300
1879,2022/10/8 8:08,131.3914948,46.8689775,5192861.097,453606.5698,4.5374,172.9,TRUE,3.6,499,300
1880,2022/10/8 8:08,131.3915073,46.86892483,5192855.234,453607.4775,5.2782,173.1,TRUE,3.6,500,300
1881,2022/10/8 8:08,131.39152,46.8688825,5192850.521,453608.4093,5.24116,173.6,TRUE,3.6,500,300
1882,2022/10/8 8:08,131.391533,46.86883,5192844.677,453609.3552,4.96336,171.8,TRUE,3.6,500,300
1883,2022/10/8 8:09,131.3915297,46.8687795,5192839.065,453609.0601,4.8152,173.6,TRUE,3.6,500,300
1884,2022/10/8 8:09,131.3915308,46.86872833,5192833.376,453609.0999,4.77816,173.5,TRUE,3.6,496,300
1885,2022/10/8 8:09,131.3915312,46.8686745,5192827.392,453609.084,5.48192,175.8,TRUE,3.6,500,300
1886,2022/10/8 8:09,131.3915485,46.86862117,5192821.453,453610.357,4.9078,177.8,TRUE,3.6,498,300
1887,2022/10/8 8:09,131.3915573,46.86856467,5192815.167,453610.9793,4.38924,182.6,TRUE,3.6,478,300
1888,2022/10/8 8:09,131.3915702,46.86851717,5192809.879,453611.9219,4.3522,176.9,TRUE,3.6,479,300
1889,2022/10/8 8:09,131.391581,46.86846533,5192804.109,453612.7006,4.46332,179.6,TRUE,3.6,500,300
1890,2022/10/8 8:09,131.391588,46.8684205,5192799.121,453613.1957,4.70408,178,TRUE,3.6,485,300
1891,2022/10/8 8:09,131.3915982,46.86837183,5192793.705,453613.9314,4.61148,181.7,TRUE,3.6,500,300
1892,2022/10/8 8:09,131.3916093,46.8683195,5192787.881,453614.7326,4.3522,176.2,TRUE,3.6,476,300
1893,2022/10/8 8:09,131.3916145,46.86827733,5192783.19,453615.0928,4.4448,180.5,TRUE,3.6,500,300
1894,2022/10/8 8:09,131.391623,46.8682315,5192778.09,453615.7013,4.27812,175.9,TRUE,3.6,496,300
1895,2022/10/8 8:09,131.3916382,46.86818183,5192772.559,453616.8174,3.48176,174.6,TRUE,3.6,500,300
1896,2022/10/8 8:09,131.3916402,46.8681505,5192769.075,453616.9429,2.81504,178.7,TRUE,3.6,500,300
1897,2022/10/8 8:09,131.3916472,46.868113,5192764.902,453617.4443,3.38916,177.7,TRUE,3.6,500,300
1898,2022/10/8 8:10,131.3916602,46.86807733,5192760.929,453618.4048,3.96328,168.3,TRUE,3.6,499,300
1899,2022/10/8 8:10,131.3916628,46.86803067,5192755.741,453618.5628,3.85216,170.8,TRUE,3.6,500,300
1900,2022/10/8 8:10,131.3916673,46.867983,5192750.439,453618.8648,5.40784,172.6,TRUE,3.6,497,300
1901,2022/10/8 8:10,131.3916873,46.86792767,5192744.276,453620.342,5.1856,171.7,TRUE,3.6,475,300
1902,2022/10/8 8:10,131.3917057,46.8678745,5192738.354,453621.6991,4.9078,170.7,TRUE,3.6,485,300
1903,2022/10/8 8:10,131.3917177,46.86781767,5192732.029,453622.5651,5.44488,168.3,TRUE,3.6,496,300
1904,2022/10/8 8:10,131.3917247,46.86775833,5192725.429,453623.0477,5.22264,170.6,TRUE,3.6,500,300
1905,2022/10/8 8:10,131.3917212,46.86770117,5192719.076,453622.7316,5.20412,171,TRUE,3.6,471,300
1906,2022/10/8 8:10,131.391724,46.86764483,5192712.811,453622.8965,5.2782,176.5,TRUE,3.6,495,300
1907,2022/10/8 8:10,131.3917415,46.8675865,5192706.317,453624.1805,5.13004,183.7,TRUE,3.6,461,300
1908,2022/10/8 8:10,131.3917528,46.86753417,5192700.493,453624.997,5.66712,173.3,TRUE,3.6,500,300
1909,2022/10/8 8:10,131.391766,46.86747817,5192694.259,453625.9552,5.40784,179.4,TRUE,3.6,454,300
1910,2022/10/8 8:10,131.391767,46.86742117,5192687.922,453625.9824,4.9078,174.6,TRUE,3.6,441,300
1911,2022/10/8 8:10,131.3917803,46.86736767,5192681.967,453626.9503,5.38932,175.8,TRUE,3.6,485,300
1912,2022/10/8 8:10,131.391787,46.86731033,5192675.589,453627.4118,5.38932,165.8,TRUE,3.6,492,300
1913,2022/10/8 8:11,131.3917998,46.8672595,5192669.93,453628.3439,4.88928,174.5,TRUE,3.6,482,300
1914,2022/10/8 8:11,131.3918063,46.867204,5192663.757,453628.7917,5.05596,172.6,TRUE,3.6,471,300
1915,2022/10/8 8:11,131.3918125,46.8671495,5192657.694,453629.2175,5.44488,166.1,TRUE,3.6,500,300
1916,2022/10/8 8:11,131.3918228,46.86708983,5192651.055,453629.9514,5.31524,174,TRUE,3.6,500,300
1917,2022/10/8 8:11,131.3918325,46.86702933,5192644.324,453630.6389,5.16708,176,TRUE,3.6,491,300
1918,2022/10/8 8:11,131.391842,46.86697417,5192638.186,453631.3157,5.1856,176.8,TRUE,3.6,478,300
1919,2022/10/8 8:11,131.3918528,46.86691917,5192632.065,453632.0918,5.66712,171.1,TRUE,3.6,486,300
1920,2022/10/8 8:11,131.3918578,46.8668555,5192624.984,453632.4182,5.90788,175,TRUE,3.6,463,300
1921,2022/10/8 8:11,131.391872,46.866805,5192619.362,453633.4574,5.59304,176,TRUE,3.6,478,300
1922,2022/10/8 8:11,131.3918828,46.866746,5192612.797,453634.23,5.38932,172.9,TRUE,3.6,471,300
1923,2022/10/8 8:11,131.391895,46.86669,5192606.564,453635.112,4.92632,172.7,TRUE,3.6,490,300
1924,2022/10/8 8:11,131.391902,46.8666335,5192600.279,453635.597,5.13004,173.4,TRUE,3.6,496,300
1925,2022/10/8 8:11,131.3919082,46.86657067,5192593.291,453636.0156,5.77824,173.3,TRUE,3.6,462,300
1926,2022/10/8 8:11,131.391921,46.86650883,5192586.408,453636.9383,5.35228,172,TRUE,3.6,492,300
1927,2022/10/8 8:11,131.3919348,46.86645083,5192579.953,453637.9406,5.51896,175.1,TRUE,3.6,467,300
1928,2022/10/8 8:12,131.3919402,46.866391,5192573.298,453638.3008,5.59304,166.5,TRUE,3.6,493,300
1929,2022/10/8 8:12,131.3919468,46.86633133,5192566.661,453638.7526,4.94484,178.7,TRUE,3.6,500,300
1930,2022/10/8 8:12,131.3919495,46.86627433,5192560.323,453638.9094,5.33376,171.2,TRUE,3.6,462,300
1931,2022/10/8 8:12,131.391961,46.8662175,5192553.998,453639.7373,5.51896,176.3,TRUE,3.6,496,300
1932,2022/10/8 8:12,131.391983,46.86616267,5192547.89,453641.3675,5.98196,176.3,TRUE,3.6,455,300
1933,2022/10/8 8:12,131.3919935,46.8661075,5192541.751,453642.1206,4.75964,167.3,TRUE,3.6,441,300
1934,2022/10/8 8:12,131.3919982,46.86604733,5192535.059,453642.4271,5.87084,169.8,TRUE,3.6,500,300
1935,2022/10/8 8:12,131.3919998,46.8659865,5192528.296,453642.4968,5.16708,174.7,TRUE,3.6,487,300
1936,2022/10/8 8:12,131.3920113,46.86593267,5192522.305,453643.3272,5.11152,171.5,TRUE,3.6,497,300
1937,2022/10/8 8:12,131.3920195,46.86587767,5192516.186,453643.9051,4.94484,176.1,TRUE,3.6,500,300
1938,2022/10/8 8:12,131.3920285,46.86582667,5192510.511,453644.5474,5.48192,168.6,TRUE,3.6,465,300
1939,2022/10/8 8:12,131.3920357,46.865769,5192504.095,453645.0467,5.63008,176.6,TRUE,3.6,500,300
1940,2022/10/8 8:12,131.3920507,46.86571317,5192497.88,453646.1424,5.57452,173.6,TRUE,3.6,497,300
1941,2022/10/8 8:12,131.3920612,46.86565583,5192491.5,453646.8936,5.20412,173.3,TRUE,3.6,465,300
1942,2022/10/8 8:12,131.3920745,46.86559917,5192485.193,453647.8589,4.92632,169.7,TRUE,3.6,492,300
1943,2022/10/8 8:13,131.3920873,46.865545,5192479.163,453648.7882,5.66712,174.6,TRUE,3.6,497,300
1944,2022/10/8 8:13,131.3920932,46.86548617,5192472.62,453649.1874,5.1856,174.2,TRUE,3.6,447,300
1945,2022/10/8 8:13,131.3921023,46.86542633,5192465.962,453649.8298,5.22264,172.1,TRUE,3.6,454,300
1946,2022/10/8 8:13,131.3921128,46.86536683,5192459.342,453650.5791,5.40784,181.1,TRUE,3.6,484,300
1947,2022/10/8 8:13,131.3921215,46.86530583,5192452.555,453651.19,5.1856,177.2,TRUE,3.6,470,300
1948,2022/10/8 8:13,131.392128,46.8652525,5192446.623,453651.6397,5.68564,176.3,TRUE,3.6,483,300
1949,2022/10/8 8:13,131.3921353,46.8651995,5192440.727,453652.1507,5.14856,168.6,TRUE,3.6,481,300
1950,2022/10/8 8:13,131.3921437,46.86514683,5192434.866,453652.7458,6.03752,175,TRUE,3.6,489,300
1951,2022/10/8 8:13,131.3921525,46.86508467,5192427.951,453653.3633,5.3708,176.6,TRUE,3.6,483,300
1952,2022/10/8 8:13,131.3921623,46.865028,5192421.645,453654.0617,4.96336,173,TRUE,3.6,480,300
1953,2022/10/8 8:13,131.3921683,46.864971,5192415.305,453654.4702,4.92632,174.2,TRUE,3.6,478,300
1954,2022/10/8 8:13,131.3921788,46.86491617,5192409.204,453655.2236,4.74112,170.5,TRUE,3.6,480,300
1955,2022/10/8 8:13,131.3921918,46.86486517,5192403.526,453656.1709,4.96336,170.6,TRUE,3.6,483,300
1956,2022/10/8 8:13,131.3921998,46.86481267,5192397.685,453656.7357,5.16708,174.6,TRUE,3.6,462,300
1957,2022/10/8 8:13,131.3922128,46.86475667,5192391.452,453657.6787,5.33376,177.8,TRUE,3.6,470,300
1958,2022/10/8 8:14,131.3922223,46.86469767,5192384.888,453658.3523,6.14864,171.2,TRUE,3.6,477,300
1959,2022/10/8 8:14,131.3922262,46.86463733,5192378.178,453658.5977,5.50044,172.5,TRUE,3.6,476,300
1960,2022/10/8 8:14,131.3922378,46.8645775,5192371.52,453659.4307,5.25968,163.1,TRUE,3.6,489,300
1961,2022/10/8 8:14,131.3922485,46.86451567,5192364.64,453660.1933,5.24116,169.2,TRUE,3.6,491,300
1962,2022/10/8 8:14,131.3922545,46.86445533,5192357.928,453660.5989,5.3708,178.6,TRUE,3.6,459,300
1963,2022/10/8 8:14,131.3922632,46.86439633,5192351.364,453661.2115,5.01892,170.5,TRUE,3.6,500,300
1964,2022/10/8 8:14,131.3922717,46.8643415,5192345.264,453661.8124,5.66712,168.9,TRUE,3.6,492,300
1965,2022/10/8 8:14,131.392277,46.86428317,5192338.777,453662.1663,5.4634,176.7,TRUE,3.6,485,300
1966,2022/10/8 8:14,131.3922927,46.86422583,5192332.393,453663.3141,5.70416,174.5,TRUE,3.6,490,300
1967,2022/10/8 8:14,131.3923023,46.8641675,5192325.903,453663.9959,5.8338,174.3,TRUE,3.6,446,300
1968,2022/10/8 8:14,131.3923102,46.8641115,5192319.673,453664.5501,5.72268,175,TRUE,3.6,477,300
1969,2022/10/8 8:14,131.3923228,46.86405033,5192312.865,453665.4582,5.31524,178.7,TRUE,3.6,500,300
1970,2022/10/8 8:14,131.3923317,46.8639915,5192306.32,453666.0862,5.44488,169.4,TRUE,3.6,488,300
1971,2022/10/8 8:14,131.3923383,46.86393183,5192299.683,453666.5381,5.8338,175,TRUE,3.6,465,300
1972,2022/10/8 8:14,131.3923483,46.863877,5192293.581,453667.2534,5.44488,178.3,TRUE,3.6,457,300
1973,2022/10/8 8:15,131.3923522,46.86381833,5192287.057,453667.5003,5.77824,171.8,TRUE,3.6,500,300
1974,2022/10/8 8:15,131.392361,46.86376183,5192280.771,453668.1226,5.90788,176.1,TRUE,3.6,491,300
1975,2022/10/8 8:15,131.3923807,46.863647,5192267.994,453669.526,5.01892,168.8,TRUE,3.6,479,300
1976,2022/10/8 8:15,131.3923943,46.86359033,5192261.686,453670.5142,5.093,174,TRUE,3.6,485,300
1977,2022/10/8 8:15,131.3924013,46.863533,5192255.308,453670.9986,5.093,173.7,TRUE,3.6,493,300
1978,2022/10/8 8:15,131.3924088,46.863477,5192249.079,453671.5223,5.68564,169.5,TRUE,3.6,493,300
1979,2022/10/8 8:15,131.3924183,46.86342017,5192242.755,453672.1978,5.3708,173.6,TRUE,3.6,453,300
1980,2022/10/8 8:15,131.392427,46.86336317,5192236.414,453672.8121,5.61156,169.6,TRUE,3.6,500,300
1981,2022/10/8 8:15,131.3924392,46.8633115,5192230.662,453673.6979,5.42636,168.7,TRUE,3.6,500,300
1982,2022/10/8 8:15,131.3924432,46.86325067,5192223.898,453673.9506,5.66712,175.4,TRUE,3.6,479,300
1983,2022/10/8 8:15,131.3924517,46.86319167,5192217.334,453674.5479,5.87084,170.7,TRUE,3.6,492,300
1984,2022/10/8 8:15,131.392464,46.86313467,5192210.99,453675.4368,4.77816,172.4,TRUE,3.6,468,300
1985,2022/10/8 8:15,131.3924762,46.863079,5192204.794,453676.3191,5.35228,175.5,TRUE,3.6,484,300
1986,2022/10/8 8:15,131.3924847,46.86302267,5192198.527,453676.9188,5.22264,173,TRUE,3.6,492,300
1987,2022/10/8 8:16,131.392498,46.8629655,5192192.164,453677.8838,5.50044,164.4,TRUE,3.6,484,300
1988,2022/10/8 8:16,131.3924988,46.862902,5192185.104,453677.8901,5.70416,178.5,TRUE,3.6,456,300
1989,2022/10/8 8:16,131.3925137,46.86284267,5192178.5,453678.9752,5.38932,174.4,TRUE,3.6,464,300
1990,2022/10/8 8:16,131.3925242,46.86278533,5192172.119,453679.7265,5.556,168.3,TRUE,3.6,467,300
1991,2022/10/8 8:16,131.3925312,46.86273333,5192166.334,453680.2156,5.33376,167.8,TRUE,3.6,476,300
1992,2022/10/8 8:16,131.3925393,46.8626785,5192160.234,453680.786,4.92632,169.1,TRUE,3.6,493,300
1993,2022/10/8 8:16,131.3925447,46.86262467,5192154.247,453681.1515,5.16708,171,TRUE,3.6,459,300
1994,2022/10/8 8:16,131.3925468,46.8625655,5192147.668,453681.2607,5.20412,173.2,TRUE,3.6,499,300
1995,2022/10/8 8:16,131.3925543,46.86250867,5192141.346,453681.7837,5.44488,177.3,TRUE,3.6,500,300
1996,2022/10/8 8:16,131.3925722,46.86245417,5192135.276,453683.1017,5.88936,174.7,TRUE,3.6,500,300
1997,2022/10/8 8:16,131.3925875,46.86240033,5192129.282,453684.2221,5.57452,175.1,TRUE,3.6,475,300
1998,2022/10/8 8:16,131.3925928,46.8623425,5192122.85,453684.5765,5.29672,176.2,TRUE,3.6,474,300
1999,2022/10/8 8:16,131.3926018,46.86228533,5192116.489,453685.2136,5.48192,171.6,TRUE,3.6,469,300
2000,2022/10/8 8:16,131.3926087,46.86221883,5192109.093,453685.6825,5.68564,176.1,TRUE,3.6,480,300
2001,2022/10/8 8:16,131.392617,46.86215733,5192102.251,453686.2625,5.70416,169,TRUE,3.6,495,300
2002,2022/10/8 8:17,131.3926295,46.86210333,5192096.241,453687.1692,5.2782,177,TRUE,3.6,466,300
2003,2022/10/8 8:17,131.3926407,46.86204567,5192089.824,453687.9736,5.29672,175.7,TRUE,3.6,483,300
2004,2022/10/8 8:17,131.392646,46.86198383,5192082.946,453688.3246,5.50044,171.2,TRUE,3.6,463,300
2005,2022/10/8 8:17,131.3926623,46.86192717,5192076.638,453689.5188,5.61156,171.7,TRUE,3.6,442,300
2006,2022/10/8 8:17,131.392668,46.8618655,5192069.779,453689.9004,5.4634,178.7,TRUE,3.6,481,300
2007,2022/10/8 8:17,131.392666,46.8618025,5192062.776,453689.6937,6.00048,179.2,TRUE,3.6,500,300
2008,2022/10/8 8:17,131.3926823,46.8617405,5192055.874,453690.8833,5.57452,176.9,TRUE,3.6,482,300
2009,2022/10/8 8:17,131.392688,46.861687,5192049.924,453691.2719,4.05588,188,TRUE,3.6,478,300
2010,2022/10/8 8:17,131.392675,46.86165917,5192046.837,453690.2567,4.55592,203.5,FALSE,3.6,0,300
2011,2022/10/8 8:17,131.3926398,46.86163517,5192044.19,453687.552,3.48176,248.4,FALSE,3.6,0,300
2012,2022/10/8 8:17,131.3925878,46.861627,5192043.313,453683.5799,4.33368,256.6,FALSE,3.6,0,300
2013,2022/10/8 8:17,131.3925288,46.86162667,5192043.311,453679.0807,3.55584,279.5,FALSE,3.6,0,300
2014,2022/10/8 8:17,131.3925018,46.861638,5192044.586,453677.0317,4.29664,313.8,FALSE,3.6,0,300
2015,2022/10/8 8:17,131.3924865,46.86166267,5192047.338,453675.8862,4.31516,357,FALSE,3.6,0,300
2016,2022/10/8 8:17,131.3924857,46.86169933,5192051.414,453675.8568,3.92624,351.5,TRUE,3.6,202,300
2017,2022/10/8 8:18,131.3924728,46.8617475,5192056.776,453674.9146,3.18544,355.5,TRUE,3.6,500,300
2018,2022/10/8 8:18,131.3924525,46.86177933,5192060.327,453673.394,3.38916,0.1,TRUE,3.6,500,300
2019,2022/10/8 8:18,131.3924452,46.8618135,5192064.13,453672.8668,5.07448,351.3,TRUE,3.6,464,300
2020,2022/10/8 8:18,131.3924473,46.86186817,5192070.206,453673.0739,4.9078,0.9,TRUE,3.6,468,300
2021,2022/10/8 8:18,131.3924412,46.86192283,5192076.286,453672.6558,5.16708,356.7,TRUE,3.6,431,300
2022,2022/10/8 8:18,131.3924292,46.8619745,5192082.037,453671.7853,5.20412,353.7,TRUE,3.6,461,300
2023,2022/10/8 8:18,131.3924082,46.862032,5192088.442,453670.2334,6.07456,352.1,TRUE,3.6,448,300
2024,2022/10/8 8:18,131.3924037,46.86209467,5192095.411,453669.9442,5.38932,355.6,TRUE,3.6,500,300
2025,2022/10/8 8:18,131.3923938,46.86214633,5192101.16,453669.2338,5.85232,356.6,TRUE,3.6,465,300
2026,2022/10/8 8:18,131.3923803,46.8622005,5192107.19,453668.251,6.22272,355.8,TRUE,3.6,468,300
2027,2022/10/8 8:18,131.3923782,46.86225417,5192113.157,453668.137,6.72276,356.9,TRUE,3.6,443,300
2028,2022/10/8 8:18,131.3923732,46.86230483,5192118.792,453667.7994,6.13012,357.5,TRUE,3.6,474,300
2029,2022/10/8 8:18,131.392357,46.86236517,5192125.51,453666.616,5.90788,357.8,TRUE,3.6,460,300
2030,2022/10/8 8:18,131.392352,46.862428,5192132.497,453666.2888,5.90788,353.8,TRUE,3.6,450,300
2031,2022/10/8 8:18,131.3923447,46.862485,5192138.838,453665.7812,6.25976,352.7,TRUE,3.6,440,300
2032,2022/10/8 8:19,131.392333,46.8625515,5192146.238,453664.9463,6.03752,355.4,TRUE,3.6,465,300
2033,2022/10/8 8:19,131.3923217,46.8626165,5192153.47,453664.1406,5.50044,354.8,TRUE,3.6,464,300
2034,2022/10/8 8:19,131.3923313,46.8626685,5192159.245,453664.9174,5.50044,355.5,TRUE,3.6,499,300
2035,2022/10/8 8:19,131.3923193,46.86272983,5192166.07,453664.0551,5.79676,358.8,TRUE,3.6,476,300
2036,2022/10/8 8:19,131.3923107,46.86278567,5192172.283,453663.4474,5.88936,356.1,TRUE,3.6,475,300
2037,2022/10/8 8:19,131.3922953,46.86284333,5192178.702,453662.3228,5.72268,357.9,TRUE,3.6,454,300
2038,2022/10/8 8:19,131.3922795,46.862904,5192185.456,453661.1702,6.2042,356.1,TRUE,3.6,476,300
2039,2022/10/8 8:19,131.392263,46.86296667,5192192.432,453659.966,5.66712,357.8,TRUE,3.6,462,300
2040,2022/10/8 8:19,131.3922527,46.86302067,5192198.442,453659.2271,5.77824,358.8,TRUE,3.6,448,300
2041,2022/10/8 8:19,131.3922513,46.863078,5192204.816,453659.1697,5.25968,354,TRUE,3.6,500,300
2042,2022/10/8 8:19,131.3922437,46.8631355,5192211.212,453658.6397,6.27828,358.2,TRUE,3.6,476,300
2043,2022/10/8 8:19,131.3922308,46.8631935,5192217.668,453657.706,5.75972,355.2,TRUE,3.6,495,300
2044,2022/10/8 8:19,131.3922165,46.86325783,5192224.827,453656.671,5.6486,355,TRUE,3.6,491,300
2045,2022/10/8 8:19,131.3922107,46.86331517,5192231.205,453656.2781,6.03752,355.8,TRUE,3.6,455,300
2046,2022/10/8 8:19,131.3922083,46.86337017,5192237.321,453656.1424,5.8338,357.3,TRUE,3.6,430,300
2047,2022/10/8 8:20,131.3921975,46.86343083,5192244.071,453655.3711,5.94492,349.1,TRUE,3.6,491,300
2048,2022/10/8 8:20,131.3921842,46.8634915,5192250.823,453654.4092,5.94492,355,TRUE,3.6,465,300
2049,2022/10/8 8:20,131.3921725,46.86354717,5192257.019,453653.565,5.96344,354.3,TRUE,3.6,447,300
2050,2022/10/8 8:20,131.3921662,46.8636045,5192263.396,453653.134,6.482,358.8,TRUE,3.6,444,300
2051,2022/10/8 8:20,131.392161,46.86366417,5192270.032,453652.7888,6.27828,356.1,TRUE,3.6,483,300
2052,2022/10/8 8:20,131.3921402,46.863724,5192276.696,453651.2543,5.8338,353,TRUE,3.6,417,300
2053,2022/10/8 8:20,131.3921275,46.86378367,5192283.336,453650.3373,6.13012,354.3,TRUE,3.6,447,300
2054,2022/10/8 8:20,131.3921253,46.86384233,5192289.859,453650.2201,5.16708,354.1,TRUE,3.6,440,300
2055,2022/10/8 8:20,131.3921122,46.86389933,5192296.203,453649.2703,5.6486,354.2,TRUE,3.6,383,300
2056,2022/10/8 8:20,131.3920975,46.8639605,5192303.012,453648.2021,6.13012,1.2,TRUE,3.6,459,300
2057,2022/10/8 8:20,131.3920982,46.86401717,5192309.311,453648.3042,5.8338,349,TRUE,3.6,453,300
2058,2022/10/8 8:20,131.392084,46.86407267,5192315.49,453647.2693,6.019,359.7,TRUE,3.6,471,300
2059,2022/10/8 8:20,131.3920665,46.86413317,5192322.226,453645.987,6.019,357.7,TRUE,3.6,463,300
2060,2022/10/8 8:20,131.3920495,46.864195,5192329.109,453644.744,5.48192,349.2,TRUE,3.6,439,300
2061,2022/10/8 8:20,131.392041,46.86425083,5192335.321,453644.144,5.72268,356.8,TRUE,3.6,474,300
2062,2022/10/8 8:21,131.3920358,46.8643065,5192341.512,453643.7954,6.07456,355.9,TRUE,3.6,482,300
2063,2022/10/8 8:21,131.3920195,46.86436867,5192348.433,453642.6061,6.35236,355.9,TRUE,3.6,500,300
2064,2022/10/8 8:21,131.39201,46.86441967,5192354.109,453641.9256,6.16716,2.4,TRUE,3.6,449,300
2065,2022/10/8 8:21,131.392004,46.8644755,5192360.319,453641.5162,5.57452,359.1,TRUE,3.6,453,300
2066,2022/10/8 8:21,131.3920047,46.8645315,5192366.544,453641.6178,5.98196,358.3,TRUE,3.6,437,300
2067,2022/10/8 8:21,131.3920015,46.86458083,5192372.029,453641.4162,5.51896,349.7,TRUE,3.6,433,300
2068,2022/10/8 8:21,131.3919888,46.8646405,5192378.67,453640.4993,5.20412,358.8,TRUE,3.6,452,300
2069,2022/10/8 8:21,131.3919763,46.86469933,5192385.218,453639.5968,5.38932,357.4,TRUE,3.6,442,300
2070,2022/10/8 8:21,131.3919693,46.86474783,5192390.613,453639.1048,5.29672,355.3,TRUE,3.6,468,300
2071,2022/10/8 8:21,131.3919548,46.8648035,5192396.811,453638.0472,5.4634,354,TRUE,3.6,438,300
2072,2022/10/8 8:21,131.3919438,46.86486867,5192404.062,453637.2646,5.98196,353.8,TRUE,3.6,438,300
2073,2022/10/8 8:21,131.3919498,46.8649265,5192410.487,453637.7718,5.85232,358.2,TRUE,3.6,463,300
2074,2022/10/8 8:21,131.3919373,46.86498583,5192417.09,453636.8698,6.1116,353.7,TRUE,3.6,420,300
2075,2022/10/8 8:21,131.391925,46.86504283,5192423.434,453635.9811,5.88936,354.8,TRUE,3.6,446,300
2076,2022/10/8 8:21,131.3919148,46.86510217,5192430.037,453635.2544,5.87084,357.8,TRUE,3.6,463,300
2077,2022/10/8 8:22,131.3919002,46.86516117,5192436.604,453634.192,6.019,357.6,TRUE,3.6,461,300
2078,2022/10/8 8:22,131.3918867,46.86522,5192443.152,453633.2134,5.59304,354.3,TRUE,3.6,455,300
2079,2022/10/8 8:22,131.39187,46.8652695,5192448.665,453631.9827,5.68564,359.6,TRUE,3.6,439,300
2080,2022/10/8 8:22,131.3918643,46.86531933,5192454.208,453631.591,5.94492,356.6,TRUE,3.6,449,300
2081,2022/10/8 8:22,131.39187,46.8653795,5192460.893,453632.0774,5.88936,355.6,TRUE,3.6,444,300
2082,2022/10/8 8:22,131.3918522,46.865443,5192467.963,453630.7749,5.96344,353.3,TRUE,3.6,440,300
2083,2022/10/8 8:22,131.3918555,46.86550117,5192474.428,453631.0766,5.59304,355,TRUE,3.6,442,300
2084,2022/10/8 8:22,131.3918442,46.86556467,5192481.494,453630.2697,5.77824,354.9,TRUE,3.6,464,300
2085,2022/10/8 8:22,131.3918292,46.86562283,5192487.968,453629.1761,5.81528,356.3,TRUE,3.6,449,300
2086,2022/10/8 8:22,131.3918097,46.86567767,5192494.076,453627.7365,5.48192,357.7,TRUE,3.6,450,300
2087,2022/10/8 8:22,131.3918122,46.86573133,5192500.04,453627.9733,5.59304,354.7,TRUE,3.6,436,300
2088,2022/10/8 8:22,131.3918112,46.86578517,5192506.026,453627.9434,5.70416,358.8,TRUE,3.6,447,300
2089,2022/10/8 8:22,131.3917912,46.865844,5192512.577,453626.4692,5.75972,357.1,TRUE,3.6,455,300
2090,2022/10/8 8:22,131.3917882,46.86589683,5192518.452,453626.2859,5.98196,358.8,TRUE,3.6,474,300
2091,2022/10/8 8:22,131.3917683,46.8659555,5192524.986,453624.8192,5.63008,357.6,TRUE,3.6,448,300
2092,2022/10/8 8:23,131.3917575,46.86602317,5192532.515,453624.054,6.53756,358.8,TRUE,3.6,480,300
2093,2022/10/8 8:23,131.3917352,46.8660915,5192540.125,453622.4126,6.00048,357.5,TRUE,3.6,499,300
2094,2022/10/8 8:23,131.391726,46.86615233,5192546.892,453621.7635,5.87084,351.6,TRUE,3.6,474,300
2095,2022/10/8 8:23,131.3917178,46.866211,5192553.419,453621.1888,5.72268,354.3,TRUE,3.6,481,300
2096,2022/10/8 8:23,131.3916967,46.866279,5192560.991,453619.6386,5.75972,349.6,TRUE,3.6,444,300
2097,2022/10/8 8:23,131.39169,46.866337,5192567.443,453619.1777,6.40792,359.4,TRUE,3.6,428,300
2098,2022/10/8 8:23,131.391681,46.86640167,5192574.637,453618.5472,6.03752,358.3,TRUE,3.6,480,300
2099,2022/10/8 8:23,131.391681,46.866454,5192580.455,453618.5923,6.09308,359.1,TRUE,3.6,386,300
2100,2022/10/8 8:23,131.3916827,46.866503,5192585.901,453618.7641,5.79676,355.1,TRUE,3.6,485,300
2101,2022/10/8 8:23,131.3916773,46.866559,5192592.13,453618.4006,6.25976,359,TRUE,3.6,456,300
2102,2022/10/8 8:23,131.3916537,46.86662117,5192599.055,453616.6548,6.24124,357.6,TRUE,3.6,485,300
2103,2022/10/8 8:23,131.3916402,46.86668333,5192605.973,453615.6791,6.16716,355.1,TRUE,3.6,500,300
2104,2022/10/8 8:23,131.391651,46.866735,5192611.711,453616.547,6.51904,357,TRUE,3.6,477,300
2105,2022/10/8 8:23,131.3916425,46.86678833,5192617.644,453615.9449,6.77832,358,TRUE,3.6,467,300
2106,2022/10/8 8:23,131.391643,46.866844,5192623.833,453616.031,6.24124,353.2,TRUE,3.6,475,300
2107,2022/10/8 8:24,131.3916327,46.86690683,5192630.824,453615.2998,6.07456,0.6,TRUE,3.6,500,300
2108,2022/10/8 8:24,131.3916295,46.86696317,5192637.089,453615.1043,5.72268,353.2,TRUE,3.6,500,300
2109,2022/10/8 8:24,131.39162,46.867023,5192643.745,453614.4315,5.70416,355.4,TRUE,3.6,485,300
2110,2022/10/8 8:24,131.3916183,46.86707967,5192650.046,453614.3507,6.2042,352.7,TRUE,3.6,500,300
2111,2022/10/8 8:24,131.3916208,46.86713267,5192655.937,453614.587,5.66712,358.8,TRUE,3.6,493,300
2112,2022/10/8 8:24,131.3916235,46.86718317,5192661.549,453614.8364,6.25976,5.8,TRUE,3.6,492,300
2113,2022/10/8 8:24,131.3916222,46.86724333,5192668.238,453614.7891,5.48192,357.4,TRUE,3.6,478,300
2114,2022/10/8 8:24,131.3916168,46.86729683,5192674.188,453614.4234,5.51896,4.5,TRUE,3.6,462,300
2115,2022/10/8 8:24,131.3916078,46.86734967,5192680.068,453613.7828,5.8338,0,TRUE,3.6,498,300
2116,2022/10/8 8:24,131.391596,46.867403,5192686.003,453612.929,6.07456,348.1,TRUE,3.6,473,300
2117,2022/10/8 8:24,131.3915917,46.86746533,5192692.935,453612.6549,5.4634,351.1,TRUE,3.6,467,300
2118,2022/10/8 8:24,131.391579,46.86752233,5192699.279,453611.7357,6.61164,348.8,TRUE,3.6,416,300
2119,2022/10/8 8:24,131.3915672,46.8675735,5192704.975,453610.8801,5.51896,355.5,TRUE,3.6,435,300
2120,2022/10/8 8:24,131.3915613,46.8676275,5192710.981,453610.4768,5.4634,347.9,TRUE,3.6,479,300
2121,2022/10/8 8:24,131.3915408,46.86768233,5192717.089,453608.9611,5.68564,349.2,TRUE,3.6,455,300
2122,2022/10/8 8:25,131.3915303,46.8677355,5192723.006,453608.2063,5.96344,355.2,TRUE,3.6,478,300
2123,2022/10/8 8:25,131.3915437,46.8677935,5192729.445,453609.2779,5.556,352.5,TRUE,3.6,500,300
2124,2022/10/8 8:25,131.3915245,46.867856,5192736.405,453607.8679,6.13012,359.1,TRUE,3.6,482,300
2125,2022/10/8 8:25,131.3915195,46.86791183,5192742.614,453607.5348,5.6486,358.1,TRUE,3.6,500,300
2126,2022/10/8 8:25,131.3914912,46.86797133,5192749.245,453605.4284,6.22272,352.6,TRUE,3.6,481,300
2127,2022/10/8 8:25,131.391473,46.8680235,5192755.056,453604.0857,5.6486,358.8,TRUE,3.6,432,300
2128,2022/10/8 8:25,131.3914792,46.868086,5192762,453604.6123,5.61156,352.7,TRUE,3.6,436,300
2129,2022/10/8 8:25,131.391482,46.868149,5192769.002,453604.8801,6.50052,4.9,TRUE,3.6,481,300
2130,2022/10/8 8:25,131.3914807,46.86821017,5192775.803,453604.8337,4.85224,354,TRUE,3.6,455,300
2131,2022/10/8 8:25,131.3914662,46.86826467,5192781.87,453603.7751,5.51896,1.5,TRUE,3.6,382,300
2132,2022/10/8 8:25,131.3914737,46.86831767,5192787.758,453604.3926,5.44488,15.5,TRUE,3.6,436,300
2133,2022/10/8 8:25,131.3914913,46.86836417,5192792.916,453605.7745,5.42636,2.1,TRUE,3.6,396,300
2134,2022/10/8 8:25,131.3914952,46.86841,5192798.009,453606.1114,5.94492,2.1,FALSE,3.6,0,300
2135,2022/10/8 8:25,131.3914925,46.86846183,5192803.772,453605.9502,5.07448,352.4,FALSE,3.6,0,300
2136,2022/10/8 8:25,131.3914738,46.86851233,5192809.397,453604.5679,5.70416,352.2,FALSE,3.6,0,300
2137,2022/10/8 8:26,131.3914622,46.86855833,5192814.518,453603.7232,5.51896,359.2,FALSE,3.6,0,300
2138,2022/10/8 8:26,131.39146,46.86861533,5192820.856,453603.6046,5.50044,0.3,FALSE,3.6,0,300
2139,2022/10/8 8:26,131.3914583,46.86866933,5192826.86,453603.5215,5.40784,351.5,FALSE,3.6,0,300
2140,2022/10/8 8:26,131.391448,46.8687295,5192833.555,453602.788,6.16716,355.5,FALSE,3.6,0,300
2141,2022/10/8 8:26,131.3914273,46.86878883,5192840.163,453601.261,5.79676,348.8,FALSE,3.6,0,300
2142,2022/10/8 8:26,131.3914125,46.8688475,5192846.694,453600.1831,6.33384,1.9,FALSE,3.6,0,300
2143,2022/10/8 8:26,131.3914002,46.868911,5192853.76,453599.3001,5.79676,359.1,FALSE,3.6,0,300
2144,2022/10/8 8:26,131.3913937,46.86897417,5192860.787,453598.859,6.25976,357,FALSE,3.6,0,300
2145,2022/10/8 8:26,131.391394,46.86903283,5192867.307,453598.9324,5.96344,359.5,FALSE,3.6,0,300
2146,2022/10/8 8:26,131.3913892,46.8690915,5192873.833,453598.617,6.2968,357.3,FALSE,3.6,0,300
2147,2022/10/8 8:26,131.391374,46.86915317,5192880.697,453597.5113,6.24124,356.1,FALSE,3.6,0,300
2148,2022/10/8 8:26,131.3913643,46.86921167,5192887.206,453596.8222,5.61156,356.8,FALSE,3.6,0,300
2149,2022/10/8 8:26,131.3913482,46.86927133,5192893.848,453595.6461,5.94492,0.6,FALSE,3.6,0,300
2150,2022/10/8 8:26,131.391337,46.86933483,5192900.914,453594.8469,6.16716,355.1,FALSE,3.6,0,300
2151,2022/10/8 8:26,131.3913375,46.86939683,5192907.806,453594.9385,6.00048,1.7,FALSE,3.6,0,300
2152,2022/10/8 8:27,131.3913452,46.86945283,5192914.027,453595.5738,4.9078,355.7,FALSE,3.6,0,300
2153,2022/10/8 8:27,131.3913545,46.86949833,5192919.079,453596.3221,3.64844,28.6,FALSE,3.6,0,300
2154,2022/10/8 8:27,131.3913898,46.86952733,5192922.283,453599.0383,4.64852,77.2,FALSE,3.6,0,300
2155,2022/10/8 8:27,131.3914013,46.869533,5192922.906,453599.92,0,0,FALSE,3.6,0,300
2156,2022/10/8 8:27,131.391399,46.86953233,5192922.833,453599.7441,3.87068,267.4,FALSE,3.6,0,300
2157,2022/10/8 8:27,131.3913337,46.869535,5192923.168,453594.7679,3.77808,284.6,FALSE,3.6,0,300
2158,2022/10/8 8:27,131.3912962,46.869548,5192924.636,453591.92,0,295.9,FALSE,3.6,0,300
2159,2022/10/8 8:27,131.3913065,46.869537,5192923.407,453592.6958,2.92616,123,FALSE,3.6,0,300
2160,2022/10/8 8:27,131.3913452,46.869504,5192919.715,453595.6179,3.00024,172.9,FALSE,3.6,0,300
2161,2022/10/8 8:27,131.3913523,46.8694845,5192917.543,453596.1424,0,184.8,FALSE,3.6,0,300
2162,2022/10/8 8:27,131.3913515,46.86947367,5192916.34,453596.0721,0,184.4,FALSE,3.6,0,300
2163,2022/10/8 8:27,131.391348,46.869464,5192915.267,453595.7969,4.98188,187.5,FALSE,3.6,0,300
2164,2022/10/8 8:27,131.3913468,46.86943367,5192911.896,453595.6793,3.83364,181.8,TRUE,3.6,484,300
2165,2022/10/8 8:27,131.3913392,46.8693845,5192906.434,453595.0575,4.55592,171.1,TRUE,3.6,500,300
2166,2022/10/8 8:27,131.3913442,46.86933217,5192900.614,453595.3936,4.48184,172.2,TRUE,3.6,500,300
2167,2022/10/8 8:28,131.3913597,46.869285,5192895.361,453596.5346,4.22256,171.7,TRUE,3.6,460,300
2168,2022/10/8 8:28,131.3913635,46.8692345,5192889.745,453596.7808,4.87076,171.9,TRUE,3.6,477,300
2169,2022/10/8 8:28,131.391368,46.86917633,5192883.275,453597.0738,5.3708,174.5,TRUE,3.6,500,300
2170,2022/10/8 8:28,131.391379,46.86912267,5192877.304,453597.8662,5.20412,171.2,TRUE,3.6,500,300
2171,2022/10/8 8:28,131.39139,46.86907,5192871.442,453598.6595,5.50044,174.2,TRUE,3.6,494,300
2172,2022/10/8 8:28,131.3913983,46.86901,5192864.767,453599.2406,4.83372,167,TRUE,3.6,488,300
2173,2022/10/8 8:28,131.3914075,46.8689555,5192858.703,453599.895,5.1856,175.5,TRUE,3.6,496,300
2174,2022/10/8 8:28,131.3914135,46.86890183,5192852.733,453600.3062,5.3708,176.6,TRUE,3.6,500,300
2175,2022/10/8 8:28,131.3914253,46.8688475,5192846.686,453601.159,4.87076,173.4,TRUE,3.6,500,300
2176,2022/10/8 8:28,131.3914358,46.86880217,5192841.641,453601.9205,5.24116,171.6,TRUE,3.6,496,300
2177,2022/10/8 8:28,131.3914467,46.8687475,5192835.557,453602.7044,5.31524,171.8,TRUE,3.6,481,300
2178,2022/10/8 8:28,131.3914567,46.86868783,5192828.918,453603.4154,4.98188,173.6,TRUE,3.6,482,300
2179,2022/10/8 8:28,131.3914663,46.86863267,5192822.78,453604.0998,5.68564,172.8,TRUE,3.6,500,300
2180,2022/10/8 8:28,131.391471,46.86856933,5192815.736,453604.4036,5.14856,175.4,TRUE,3.6,500,300
2181,2022/10/8 8:28,131.3914772,46.8685155,5192809.748,453604.8299,5.88936,178.4,TRUE,3.6,485,300
2182,2022/10/8 8:29,131.3914917,46.86846633,5192804.273,453605.893,5.16708,175,TRUE,3.6,493,300
2183,2022/10/8 8:29,131.3914993,46.86841117,5192798.137,453606.425,5.11152,172.4,TRUE,3.6,500,300
2184,2022/10/8 8:29,131.3915115,46.86835383,5192791.755,453607.3057,4.85224,174.2,TRUE,3.6,494,300
2185,2022/10/8 8:29,131.3915225,46.86830983,5192786.857,453608.1065,3.07432,176.9,TRUE,3.6,500,300
2186,2022/10/8 8:29,131.3915295,46.868279,5192783.426,453608.6136,6.09308,171.6,TRUE,3.6,472,300
2187,2022/10/8 8:29,131.391537,46.86821767,5192776.603,453609.1326,5.63008,171.8,TRUE,3.6,446,300
2188,2022/10/8 8:29,131.391543,46.86815533,5192769.67,453609.5363,5.53748,177.1,TRUE,3.6,438,300
2189,2022/10/8 8:29,131.3915528,46.868098,5192763.291,453610.2341,5.33376,165.4,TRUE,3.6,456,300
2190,2022/10/8 8:29,131.3915617,46.8680405,5192756.893,453610.8631,5.68564,172.7,TRUE,3.6,459,300
2191,2022/10/8 8:29,131.3915742,46.867985,5192750.716,453611.7683,5.9264,174.7,TRUE,3.6,488,300
2192,2022/10/8 8:29,131.3915775,46.86792217,5192743.729,453611.9658,5.25968,173.6,TRUE,3.6,469,300
2193,2022/10/8 8:29,131.3915882,46.86786533,5192737.404,453612.7326,5.556,171.4,TRUE,3.6,494,300
2194,2022/10/8 8:29,131.3915978,46.8678095,5192731.192,453613.4165,5.4634,175.1,TRUE,3.6,463,300
2195,2022/10/8 8:29,131.3916053,46.86774817,5192724.37,453613.9355,4.8152,171.7,TRUE,3.6,495,300
2196,2022/10/8 8:29,131.3916145,46.86768867,5192717.75,453614.5856,5.81528,172.1,TRUE,3.6,475,300
2197,2022/10/8 8:30,131.3916263,46.86762983,5192711.202,453615.4346,5.75972,175.2,TRUE,3.6,479,300
2198,2022/10/8 8:30,131.3916338,46.86757417,5192705.01,453615.9585,5.72268,176.1,TRUE,3.6,456,300
2199,2022/10/8 8:30,131.3916447,46.86751817,5192698.778,453616.7413,6.13012,175.4,TRUE,3.6,440,300
2200,2022/10/8 8:30,131.3916577,46.86745817,5192692.1,453617.6808,5.14856,171.9,TRUE,3.6,419,300
2201,2022/10/8 8:30,131.3916703,46.8674015,5192685.793,453618.5927,5.556,175.9,TRUE,3.6,434,300
2202,2022/10/8 8:30,131.3916795,46.86734133,5192679.098,453619.2423,5.3708,172.1,TRUE,3.6,478,300
2203,2022/10/8 8:30,131.3916852,46.8672825,5192672.555,453619.6262,5.87084,180.8,TRUE,3.6,458,300
2204,2022/10/8 8:30,131.3916932,46.86722533,5192666.195,453620.1869,5.88936,170.4,TRUE,3.6,463,300
2205,2022/10/8 8:30,131.3917008,46.86716917,5192659.947,453620.718,6.31532,179,TRUE,3.6,496,300
2206,2022/10/8 8:30,131.3917097,46.86711033,5192653.401,453621.3459,6.019,167.9,TRUE,3.6,488,300
2207,2022/10/8 8:30,131.3917208,46.86705517,5192647.262,453622.1447,5.53748,175.4,TRUE,3.6,489,300
2208,2022/10/8 8:30,131.3917322,46.86700283,5192641.437,453622.9688,5.87084,174.4,TRUE,3.6,477,300
2209,2022/10/8 8:30,131.3917403,46.86694767,5192635.3,453623.5388,6.25976,175.9,TRUE,3.6,499,300
2210,2022/10/8 8:30,131.3917457,46.866885,5192628.33,453623.8966,6.2042,175.3,TRUE,3.6,478,300
2211,2022/10/8 8:30,131.3917553,46.866825,5192621.654,453624.5768,6.00048,176.1,TRUE,3.6,459,300
2212,2022/10/8 8:31,131.3917628,46.866766,5192615.091,453625.0979,6.03752,176.2,TRUE,3.6,480,300
2213,2022/10/8 8:31,131.3917752,46.8667085,5192608.691,453625.9938,5.48192,171.5,TRUE,3.6,493,300
2214,2022/10/8 8:31,131.3917922,46.8666515,5192602.345,453627.2408,5.6486,176.2,TRUE,3.6,471,300
2215,2022/10/8 8:31,131.391803,46.86659167,5192595.687,453628.0128,5.7412,177.6,TRUE,3.6,472,300
2216,2022/10/8 8:31,131.3918088,46.86653317,5192589.181,453628.4046,5.72268,173.6,TRUE,3.6,417,300
2217,2022/10/8 8:31,131.3918145,46.8664795,5192583.211,453628.793,5.61156,169.8,TRUE,3.6,491,300
2218,2022/10/8 8:31,131.3918182,46.86641833,5192576.408,453629.0224,5.3708,169,TRUE,3.6,500,300
2219,2022/10/8 8:31,131.39183,46.86636017,5192569.936,453629.872,5.42636,181.6,TRUE,3.6,484,300
2220,2022/10/8 8:31,131.3918355,46.86630333,5192563.614,453630.2424,6.14864,169.2,TRUE,3.6,491,300
2221,2022/10/8 8:31,131.3918503,46.86624133,5192556.713,453631.3175,6.07456,175,TRUE,3.6,478,300
2222,2022/10/8 8:31,131.3918618,46.86618167,5192550.074,453632.1429,5.33376,179.2,TRUE,3.6,485,300
2223,2022/10/8 8:31,131.3918682,46.86612367,5192543.622,453632.5809,4.92632,179,TRUE,3.6,487,300
2224,2022/10/8 8:31,131.3918765,46.8660685,5192537.484,453633.1663,4.9078,179,TRUE,3.6,496,300
2225,2022/10/8 8:31,131.3918885,46.8660095,5192530.918,453634.0304,5.01892,177.3,TRUE,3.6,479,300
2226,2022/10/8 8:31,131.391901,46.86595033,5192524.333,453634.9325,5.42636,170.2,TRUE,3.6,481,300
2227,2022/10/8 8:32,131.3919125,46.8658955,5192518.231,453635.7621,5.35228,180.7,TRUE,3.6,461,300
2228,2022/10/8 8:32,131.3919227,46.86584017,5192512.074,453636.4922,6.05604,172.5,TRUE,3.6,459,300
2229,2022/10/8 8:32,131.3919323,46.8657815,5192505.546,453637.1737,5.88936,170.9,TRUE,3.6,459,300
2230,2022/10/8 8:32,131.3919427,46.86572367,5192499.111,453637.9168,5.8338,176.5,TRUE,3.6,482,300
2231,2022/10/8 8:32,131.3919483,46.86566033,5192492.066,453638.2893,5.50044,178.6,TRUE,3.6,500,300
2232,2022/10/8 8:32,131.3919557,46.865595,5192484.799,453638.7972,4.9078,168.1,TRUE,3.6,472,300
2233,2022/10/8 8:32,131.3919703,46.86554017,5192478.696,453639.8632,5.6486,172,TRUE,3.6,500,300
2234,2022/10/8 8:32,131.3919697,46.86548017,5192472.026,453639.7658,5.8338,175.6,TRUE,3.6,481,300
2235,2022/10/8 8:32,131.391975,46.86542267,5192465.631,453640.1204,5.61156,174.1,TRUE,3.6,426,300
2236,2022/10/8 8:32,131.3919902,46.86536767,5192459.507,453641.232,5.72268,172.1,TRUE,3.6,495,300
2237,2022/10/8 8:32,131.3920007,46.86530867,5192452.942,453641.9818,5.35228,175,TRUE,3.6,494,300
2238,2022/10/8 8:32,131.3920088,46.86524983,5192446.396,453642.5488,5.51896,177.5,TRUE,3.6,437,300
2239,2022/10/8 8:32,131.3920277,46.86519333,5192440.104,453643.9412,5.22264,171.8,TRUE,3.6,436,300
2240,2022/10/8 8:32,131.3920388,46.865134,5192433.502,453644.7365,5.07448,173.3,TRUE,3.6,450,300
2241,2022/10/8 8:32,131.3920468,46.86507567,5192427.013,453645.2962,5.57452,174.4,TRUE,3.6,470,300
2242,2022/10/8 8:33,131.3920533,46.86501533,5192420.301,453645.7399,6.05604,178.9,TRUE,3.6,482,300
2243,2022/10/8 8:33,131.3920635,46.864959,5192414.033,453646.4691,5.20412,172.2,TRUE,3.6,497,300
2244,2022/10/8 8:33,131.392067,46.86489933,5192407.398,453646.6846,5.20412,174.9,TRUE,3.6,482,300
2245,2022/10/8 8:33,131.3920785,46.86484167,5192400.981,453647.5118,5.20412,182.8,TRUE,3.6,500,300
2246,2022/10/8 8:33,131.3920877,46.86478,5192394.12,453648.1602,5.51896,175,TRUE,3.6,439,300
2247,2022/10/8 8:33,131.392094,46.86471983,5192387.427,453648.5888,5.13004,176.7,TRUE,3.6,495,300
2248,2022/10/8 8:33,131.3921087,46.86465517,5192380.23,453649.654,5.11152,173.3,TRUE,3.6,477,300
2249,2022/10/8 8:33,131.3921188,46.86460117,5192374.221,453650.3776,5.94492,173.1,TRUE,3.6,482,300
2250,2022/10/8 8:33,131.3921297,46.86454283,5192367.729,453651.1585,5.68564,175.3,TRUE,3.6,374,300
2251,2022/10/8 8:33,131.3921363,46.86448467,5192361.26,453651.6117,5.14856,172.1,TRUE,3.6,453,300
2252,2022/10/8 8:33,131.3921537,46.86443183,5192355.376,453652.8929,5.2782,174.7,TRUE,3.6,474,300
2253,2022/10/8 8:33,131.3921613,46.86436817,5192348.294,453653.4176,5.44488,179.9,TRUE,3.6,437,300
2254,2022/10/8 8:33,131.392163,46.86431467,5192342.346,453653.5012,6.09308,172.7,TRUE,3.6,500,300
2255,2022/10/8 8:33,131.3921755,46.864259,5192336.15,453654.4064,5.59304,176.4,TRUE,3.6,479,300
2256,2022/10/8 8:33,131.392187,46.8642015,5192329.751,453655.2337,5.63008,173.5,TRUE,3.6,441,300
2257,2022/10/8 8:34,131.3921927,46.8641445,5192323.411,453655.6193,5.90788,170.7,TRUE,3.6,466,300
2258,2022/10/8 8:34,131.3921988,46.86408217,5192316.478,453656.0308,5.8338,173.4,TRUE,3.6,438,300
2259,2022/10/8 8:34,131.3922142,46.864027,5192310.336,453657.1575,5.98196,172.1,TRUE,3.6,434,300
2260,2022/10/8 8:34,131.3922213,46.863963,5192303.217,453657.6438,5.70416,171.8,TRUE,3.6,433,300
2261,2022/10/8 8:34,131.3922273,46.86390767,5192297.062,453658.0537,5.48192,169.6,TRUE,3.6,497,300
2262,2022/10/8 8:34,131.3922405,46.86385,5192290.644,453659.0105,5.87084,176.6,TRUE,3.6,445,300
2263,2022/10/8 8:34,131.3922473,46.86378533,5192283.45,453659.4734,5.59304,173.3,TRUE,3.6,488,300
2264,2022/10/8 8:34,131.3922625,46.86373283,5192277.605,453660.5872,5.81528,171.9,TRUE,3.6,500,300
2265,2022/10/8 8:34,131.3922737,46.86367217,5192270.855,453661.389,5.53748,177,TRUE,3.6,464,300
2266,2022/10/8 8:34,131.3922827,46.86361783,5192264.809,453662.0284,5.05596,172.8,TRUE,3.6,409,300
2267,2022/10/8 8:34,131.3922933,46.86356217,5192258.615,453662.7888,5.33376,168.4,TRUE,3.6,482,300
2268,2022/10/8 8:34,131.3923062,46.86350017,5192251.715,453663.7191,5.40784,177.3,TRUE,3.6,464,300
2269,2022/10/8 8:34,131.3923113,46.86343483,5192244.448,453664.0517,5.85232,170.7,TRUE,3.6,439,300
2270,2022/10/8 8:34,131.3923172,46.86337333,5192237.608,453664.4487,5.7412,169.1,TRUE,3.6,471,300
2271,2022/10/8 8:34,131.3923237,46.863314,5192231.008,453664.8932,5.48192,171.5,TRUE,3.6,472,300
2272,2022/10/8 8:35,131.39233,46.863255,5192224.446,453665.3228,5.61156,169,TRUE,3.6,477,300
2273,2022/10/8 8:35,131.392342,46.86319733,5192218.028,453666.1882,5.6486,172.1,TRUE,3.6,483,300
2274,2022/10/8 8:35,131.3923555,46.86313767,5192211.387,453667.1663,5.8338,173.4,TRUE,3.6,458,300
2275,2022/10/8 8:35,131.3923637,46.8630765,5192204.583,453667.7389,5.77824,172.4,TRUE,3.6,429,300
2276,2022/10/8 8:35,131.3923753,46.86301883,5192198.165,453668.5738,4.96336,174.6,TRUE,3.6,438,300
2277,2022/10/8 8:35,131.3923848,46.862958,5192191.397,453669.2458,5.96344,171.4,TRUE,3.6,457,300
2278,2022/10/8 8:35,131.3923907,46.86289333,5192184.204,453669.64,5.20412,171.8,TRUE,3.6,455,300
2279,2022/10/8 8:35,131.3924012,46.862835,5192177.713,453670.3905,5.48192,175.9,TRUE,3.6,460,300
2280,2022/10/8 8:35,131.3924108,46.86277633,5192171.186,453671.072,5.81528,177.6,TRUE,3.6,494,300
2281,2022/10/8 8:35,131.3924212,46.86272117,5192165.047,453671.8176,4.92632,171,TRUE,3.6,450,300
2282,2022/10/8 8:35,131.3924303,46.86266717,5192159.039,453672.465,6.09308,174.7,TRUE,3.6,500,300
2283,2022/10/8 8:35,131.3924425,46.86260583,5192152.213,453673.3425,4.79668,168.4,TRUE,3.6,491,300
2284,2022/10/8 8:35,131.3924513,46.86255083,5192146.093,453673.9662,5.0004,169.5,TRUE,3.6,458,300
2285,2022/10/8 8:35,131.3924553,46.86249383,5192139.754,453674.2221,5.01892,171.6,TRUE,3.6,465,300
2286,2022/10/8 8:35,131.3924713,46.8624385,5192133.594,453675.3946,5.3708,172.7,TRUE,3.6,454,300
2287,2022/10/8 8:36,131.3924757,46.86238183,5192127.292,453675.6813,5.57452,175.7,TRUE,3.6,500,300
2288,2022/10/8 8:36,131.3924848,46.86232083,5192120.505,453676.3227,5.0004,171.8,TRUE,3.6,492,300
2289,2022/10/8 8:36,131.392492,46.86225783,5192113.497,453676.8176,4.9078,171.4,TRUE,3.6,468,300
2290,2022/10/8 8:36,131.392504,46.862208,5192107.951,453677.6897,5.2782,171.7,TRUE,3.6,469,300
2291,2022/10/8 8:36,131.3925105,46.862154,5192101.944,453678.1389,6.09308,171.2,TRUE,3.6,495,300
2292,2022/10/8 8:36,131.392516,46.86209283,5192095.14,453678.5057,5.63008,170.5,TRUE,3.6,449,300
2293,2022/10/8 8:36,131.3925267,46.8620335,5192088.538,453679.2705,4.98188,172.9,TRUE,3.6,485,300
2294,2022/10/8 8:36,131.3925375,46.86197467,5192081.992,453680.0434,5.03744,171.3,TRUE,3.6,416,300
2295,2022/10/8 8:36,131.3925515,46.86190617,5192074.369,453681.052,5.44488,169,TRUE,3.6,484,300
2296,2022/10/8 8:36,131.3925523,46.86184767,5192067.865,453681.0627,5.29672,177.7,TRUE,3.6,496,300
2297,2022/10/8 8:36,131.3925617,46.86178617,5192061.023,453681.7266,5.31524,177.1,TRUE,3.6,447,300
2298,2022/10/8 8:36,131.3925723,46.8617265,5192054.383,453682.4835,4.64852,168.1,TRUE,3.6,468,300
2299,2022/10/8 8:36,131.392591,46.86169267,5192050.611,453683.8804,4.38924,170.2,TRUE,3.6,410,300
2300,2022/10/8 8:36,131.3925908,46.86165533,5192046.46,453683.833,3.72252,198.7,TRUE,3.6,131,300
2301,2022/10/8 8:36,131.3925545,46.8616285,5192043.499,453681.042,4.11144,244.9,FALSE,3.6,0,300
2302,2022/10/8 8:37,131.3924912,46.8616175,5192042.314,453676.2058,3.94476,268.2,FALSE,3.6,0,300
2303,2022/10/8 8:37,131.3924508,46.861625,5192043.171,453673.1316,4.27812,329.6,FALSE,3.6,0,300
2304,2022/10/8 8:37,131.3924188,46.861655,5192046.525,453670.7174,5.25968,345.9,FALSE,3.6,0,300
2305,2022/10/8 8:37,131.3924143,46.86168833,5192050.233,453670.4029,4.2596,356.8,TRUE,3.6,471,300
2306,2022/10/8 8:37,131.3924123,46.8617365,5192055.589,453670.2919,5.05596,356.1,TRUE,3.6,498,300
2307,2022/10/8 8:37,131.3923975,46.86178667,5192061.175,453669.2065,5.1856,352.9,TRUE,3.6,500,300
2308,2022/10/8 8:37,131.3923863,46.861835,5192066.554,453668.3941,4.74112,356.2,TRUE,3.6,500,300
2309,2022/10/8 8:37,131.3923783,46.86188567,5192072.192,453667.8276,4.85224,357.5,TRUE,3.6,500,300
2310,2022/10/8 8:37,131.3923665,46.8619375,5192077.961,453666.9725,5.29672,354.2,TRUE,3.6,500,300
2311,2022/10/8 8:37,131.3923537,46.86199533,5192084.397,453666.0462,5.25968,354.6,TRUE,3.6,495,300
2312,2022/10/8 8:37,131.3923452,46.86204283,5192089.683,453665.4389,4.98188,355.1,TRUE,3.6,500,300
2313,2022/10/8 8:37,131.392339,46.862089,5192094.819,453665.0059,5.96344,355.3,TRUE,3.6,488,300
2314,2022/10/8 8:37,131.3923348,46.86214467,5192101.01,453664.7335,5.81528,358.6,TRUE,3.6,499,300
2315,2022/10/8 8:37,131.3923278,46.862199,5192107.054,453664.2465,5.57452,356.8,TRUE,3.6,500,300
2316,2022/10/8 8:37,131.3923198,46.86225083,5192112.821,453663.6811,4.94484,354,TRUE,3.6,499,300
2317,2022/10/8 8:38,131.3923123,46.86229783,5192118.05,453663.1497,5.13004,351.9,TRUE,3.6,497,300
2318,2022/10/8 8:38,131.3923133,46.86234783,5192123.608,453663.2689,5.48192,352.3,TRUE,3.6,500,300
2319,2022/10/8 8:38,131.3923113,46.86239517,5192128.872,453663.1572,5.25968,355.4,TRUE,3.6,500,300
2320,2022/10/8 8:38,131.3923072,46.8624455,5192134.469,453662.8878,4.55592,355.6,TRUE,3.6,500,300
2321,2022/10/8 8:38,131.392286,46.8625025,5192140.818,453661.3204,5.03744,356.8,TRUE,3.6,500,300
2322,2022/10/8 8:38,131.3922792,46.86255183,5192146.306,453660.8443,5.11152,357.3,TRUE,3.6,479,300
2323,2022/10/8 8:38,131.3922655,46.862604,5192152.114,453659.8446,4.12996,353.3,TRUE,3.6,500,300
2324,2022/10/8 8:38,131.3922577,46.8626405,5192156.176,453659.2812,3.40768,354.2,TRUE,3.6,457,300
2325,2022/10/8 8:38,131.3922562,46.86269483,5192162.217,453659.2136,5.44488,351.7,TRUE,3.6,476,300
2326,2022/10/8 8:38,131.3922502,46.86275283,5192168.668,453658.806,5.61156,355.1,TRUE,3.6,434,300
2327,2022/10/8 8:38,131.3922362,46.86281067,5192175.106,453657.7883,5.79676,352.7,TRUE,3.6,480,300
2328,2022/10/8 8:38,131.3922268,46.8628685,5192181.54,453657.1213,5.63008,358.3,TRUE,3.6,492,300
2329,2022/10/8 8:38,131.3922255,46.86292333,5192187.637,453657.0694,5.75972,353.5,TRUE,3.6,474,300
2330,2022/10/8 8:38,131.3922185,46.86297617,5192193.515,453656.5811,6.07456,355.3,TRUE,3.6,438,300
2331,2022/10/8 8:38,131.392214,46.8630325,5192199.779,453656.2864,5.7412,357.1,TRUE,3.6,452,300
2332,2022/10/8 8:39,131.3922002,46.86309417,5192206.643,453655.2872,6.00048,352.8,TRUE,3.6,498,300
2333,2022/10/8 8:39,131.392188,46.86316083,5192214.061,453654.4144,5.79676,348.8,TRUE,3.6,460,300
2334,2022/10/8 8:39,131.3921653,46.86322583,5192221.3,453652.7394,5.556,356.8,TRUE,3.6,459,300
2335,2022/10/8 8:39,131.3921598,46.86328817,5192228.234,453652.3737,5.24116,359.6,TRUE,3.6,481,300
2336,2022/10/8 8:39,131.39215,46.8633505,5192235.169,453651.6801,6.2968,353.6,TRUE,3.6,484,300
2337,2022/10/8 8:39,131.3921383,46.86344017,5192245.144,453650.8652,5.87084,356.3,TRUE,3.6,500,300
2338,2022/10/8 8:39,131.3921297,46.863511,5192253.023,453650.2704,6.03752,356.5,TRUE,3.6,500,300
2339,2022/10/8 8:39,131.392115,46.86356667,5192259.22,453649.1975,5.8338,359,TRUE,3.6,500,300
2340,2022/10/8 8:39,131.3921073,46.8636265,5192265.876,453648.6618,6.07456,352.2,TRUE,3.6,500,300
2341,2022/10/8 8:39,131.3920983,46.8636835,5192272.218,453648.0246,5.87084,356.1,TRUE,3.6,440,300
2342,2022/10/8 8:39,131.3920898,46.863738,5192278.282,453647.4234,5.8338,356,TRUE,3.6,497,300
2343,2022/10/8 8:39,131.3920807,46.86379533,5192284.66,453646.7789,5.75972,356,TRUE,3.6,457,300
2344,2022/10/8 8:39,131.3920727,46.86385117,5192290.873,453646.217,5.6486,352.9,TRUE,3.6,500,300
2345,2022/10/8 8:39,131.3920622,46.86390717,5192297.104,453645.4646,5.3708,354.6,TRUE,3.6,494,300
2346,2022/10/8 8:40,131.3920498,46.86396683,5192303.744,453644.5705,5.77824,354.7,TRUE,3.6,471,300
2347,2022/10/8 8:40,131.3920428,46.8640235,5192310.048,453644.0855,5.66712,356,TRUE,3.6,484,300
2348,2022/10/8 8:40,131.3920353,46.86408033,5192316.37,453643.5626,5.57452,355.1,TRUE,3.6,481,300
2349,2022/10/8 8:40,131.3920223,46.86414183,5192323.214,453642.6243,5.98196,356.9,TRUE,3.6,473,300
2350,2022/10/8 8:40,131.3920172,46.8641965,5192329.295,453642.2825,6.07456,351,TRUE,3.6,417,300
2351,2022/10/8 8:40,131.3920022,46.86426217,5192336.604,453641.1953,7.2228,353.4,FALSE,3.6,0,300
2352,2022/10/8 8:40,131.391995,46.8643205,5192343.093,453640.6965,6.51904,348.6,FALSE,3.6,0,300
2353,2022/10/8 8:40,131.391983,46.86438083,5192349.807,453639.8335,6.482,357.2,FALSE,3.6,0,300
2354,2022/10/8 8:40,131.3919695,46.86444333,5192356.763,453638.8579,5.68564,352.6,FALSE,3.6,0,300
2355,2022/10/8 8:40,131.3919662,46.8644985,5192362.898,453638.6538,4.70408,356.9,FALSE,3.6,0,300
2356,2022/10/8 8:40,131.39197,46.86454717,5192368.306,453638.9855,4.03736,27,FALSE,3.6,0,300
2357,2022/10/8 8:40,131.3920158,46.864583,5192372.262,453642.5085,4.40776,65.2,FALSE,3.6,0,300
2358,2022/10/8 8:40,131.3920648,46.8645845,5192372.4,453646.2459,0,89.5,FALSE,3.6,0,300
2359,2022/10/8 8:40,131.3920532,46.8645845,5192372.407,453645.3614,0,94.3,FALSE,3.6,0,300
2360,2022/10/8 8:40,131.3920392,46.8645885,5192372.86,453644.2974,4.59296,274.5,FALSE,3.6,0,300
2361,2022/10/8 8:41,131.3919952,46.864609,5192375.165,453640.9601,4.88928,298.2,FALSE,3.6,0,300
2362,2022/10/8 8:41,131.3919467,46.8646465,5192379.362,453637.2944,5.44488,328.6,FALSE,3.6,0,300
2363,2022/10/8 8:41,131.3919183,46.864685,5192383.659,453635.1621,4.33368,338.4,FALSE,3.6,0,300
2364,2022/10/8 8:41,131.3919093,46.86473017,5192388.686,453634.5148,4.98188,354.5,FALSE,3.6,0,300
2365,2022/10/8 8:41,131.391902,46.86477683,5192393.877,453633.9984,5.14856,358.1,FALSE,3.6,0,300
2366,2022/10/8 8:41,131.391898,46.864823,5192399.012,453633.7331,4.87076,355,FALSE,3.6,0,300
2367,2022/10/8 8:41,131.3918895,46.86487467,5192404.761,453633.1295,5.51896,352.5,FALSE,3.6,0,300
2368,2022/10/8 8:41,131.3918808,46.86492467,5192410.325,453632.5092,5.42636,348.5,FALSE,3.6,0,300
2369,2022/10/8 8:41,131.3918702,46.864976,5192416.037,453631.7452,5.11152,357.7,FALSE,3.6,0,300
2370,2022/10/8 8:41,131.3918667,46.86502783,5192421.801,453631.523,5.16708,353.8,FALSE,3.6,0,300
2371,2022/10/8 8:41,131.3918637,46.86507867,5192427.455,453631.338,5.66712,2.2,FALSE,3.6,0,300
2372,2022/10/8 8:41,131.3918548,46.865126,5192432.721,453630.7001,5.35228,355,FALSE,3.6,0,300
2373,2022/10/8 8:41,131.3918495,46.865179,5192438.616,453630.3417,5.63008,351.8,FALSE,3.6,0,300
2374,2022/10/8 8:41,131.3918372,46.8652255,5192443.793,453629.4439,4.55592,351.8,FALSE,3.6,0,300
2375,2022/10/8 8:41,131.391834,46.86526917,5192448.65,453629.2375,5.20412,357.8,FALSE,3.6,0,300
2376,2022/10/8 8:42,131.3918277,46.86531583,5192453.84,453628.7973,4.59296,359.5,FALSE,3.6,0,300
2377,2022/10/8 8:42,131.3918152,46.86535617,5192458.332,453627.879,5.0004,335.7,FALSE,3.6,0,300
2378,2022/10/8 8:42,131.3917913,46.86539333,5192462.477,453626.0887,5.72268,341.5,FALSE,3.6,0,300
2379,2022/10/8 8:42,131.3917825,46.86544483,5192468.208,453625.4621,5.2782,358,FALSE,3.6,0,300
2380,2022/10/8 8:42,131.3917798,46.86549083,5192473.323,453625.2958,5.16708,2.8,FALSE,3.6,0,300
2381,2022/10/8 8:42,131.39178,46.86554033,5192478.826,453625.3537,5.16708,352.9,FALSE,3.6,0,300
2382,2022/10/8 8:42,131.3917698,46.86559067,5192484.428,453624.6193,4.85224,358.3,FALSE,3.6,0,300
2383,2022/10/8 8:42,131.3917705,46.86564717,5192490.708,453624.7214,5.20412,351,FALSE,3.6,0,300
2384,2022/10/8 8:42,131.3917655,46.86569483,5192496.01,453624.3812,4.55592,353.1,FALSE,3.6,0,300
2385,2022/10/8 8:42,131.3917595,46.86574533,5192501.627,453623.9672,5.556,356.1,FALSE,3.6,0,300
2386,2022/10/8 8:42,131.3917523,46.865796,5192507.264,453623.4619,5.9264,355.6,FALSE,3.6,0,300
2387,2022/10/8 8:42,131.3917423,46.86584383,5192512.587,453622.7406,5.14856,353.4,FALSE,3.6,0,300
2388,2022/10/8 8:42,131.3917342,46.8658945,5192518.225,453622.1667,4.94484,356,FALSE,3.6,0,300
2389,2022/10/8 8:42,131.3917337,46.86592683,5192521.819,453622.1564,0,0.3,FALSE,3.6,0,300
2390,2022/10/8 8:42,131.3917363,46.86592133,5192521.206,453622.3499,0,0,FALSE,3.6,0,300
2391,2022/10/8 8:43,131.3917385,46.86591867,5192520.909,453622.5153,0,0,FALSE,3.6,0,300
2392,2022/10/8 8:43,131.391738,46.86587833,5192516.425,453622.4425,4.33368,183.2,TRUE,3.6,410,300
2393,2022/10/8 8:43,131.3917398,46.86582467,5192510.459,453622.5335,3.85216,174.5,TRUE,3.6,436,300
2394,2022/10/8 8:43,131.3917635,46.865776,5192505.034,453624.2986,4.55592,181.2,TRUE,3.6,440,300
2395,2022/10/8 8:43,131.3917708,46.86572633,5192499.508,453624.8124,4.75964,181.1,TRUE,3.6,474,300
2396,2022/10/8 8:43,131.391772,46.86567733,5192494.06,453624.8617,4.55592,176.9,TRUE,3.6,500,300
2397,2022/10/8 8:43,131.3917727,46.86562883,5192488.668,453624.8733,5.48192,184.9,TRUE,3.6,461,300
2398,2022/10/8 8:43,131.3917795,46.86557933,5192483.162,453625.3492,5.48192,172.3,TRUE,3.6,500,300
2399,2022/10/8 8:43,131.3917837,46.86552717,5192477.361,453625.6245,5.07448,176.2,TRUE,3.6,500,300
2400,2022/10/8 8:43,131.3917902,46.86547567,5192471.632,453626.0757,5.20412,170.9,TRUE,3.6,500,300
2401,2022/10/8 8:43,131.3918117,46.865422,5192465.652,453627.6688,4.51888,163.5,TRUE,3.6,500,300
2402,2022/10/8 8:43,131.3918265,46.86536783,5192459.622,453628.7506,5.05596,169.6,TRUE,3.6,493,300
2403,2022/10/8 8:43,131.3918352,46.86531317,5192453.54,453629.3669,4.66704,172.3,TRUE,3.6,496,300
2404,2022/10/8 8:43,131.3918383,46.86525783,5192447.386,453629.5556,5.3708,162.9,TRUE,3.6,500,300
2405,2022/10/8 8:43,131.3918443,46.86520217,5192441.195,453629.9651,5.2782,174.5,TRUE,3.6,483,300
2406,2022/10/8 8:44,131.3918515,46.865149,5192435.28,453630.4683,5.94492,169.9,TRUE,3.6,460,300
2407,2022/10/8 8:44,131.3918563,46.86509483,5192429.255,453630.7877,4.18552,186.3,TRUE,3.6,433,300
2408,2022/10/8 8:44,131.3918603,46.86503783,5192422.916,453631.0436,4.85224,178,TRUE,3.6,498,300
2409,2022/10/8 8:44,131.391863,46.86498683,5192417.245,453631.2055,5.03744,171.1,TRUE,3.6,447,300
2410,2022/10/8 8:44,131.3918707,46.8649335,5192411.312,453631.7467,5.33376,173.3,TRUE,3.6,496,300
2411,2022/10/8 8:44,131.3918773,46.8648775,5192405.083,453632.2017,5.33376,169.8,TRUE,3.6,453,300
2412,2022/10/8 8:44,131.3918937,46.86481583,5192398.217,453633.3991,5.6486,173.5,TRUE,3.6,499,300
2413,2022/10/8 8:44,131.391906,46.864759,5192391.893,453634.288,5.33376,171.2,TRUE,3.6,500,300
2414,2022/10/8 8:44,131.3919158,46.8647035,5192385.717,453634.9874,5.70416,174.2,TRUE,3.6,495,300
2415,2022/10/8 8:44,131.391919,46.86464833,5192379.582,453635.1839,5.40784,171.1,TRUE,3.6,495,300
2416,2022/10/8 8:44,131.3919233,46.8645955,5192373.706,453635.4663,5.57452,173.3,TRUE,3.6,452,300
2417,2022/10/8 8:44,131.3919315,46.86453767,5192367.273,453636.0417,6.16716,173.3,TRUE,3.6,450,300
2418,2022/10/8 8:44,131.3919352,46.86448117,5192360.99,453636.2752,5.35228,168.4,TRUE,3.6,500,300
2419,2022/10/8 8:44,131.3919407,46.86442567,5192354.816,453636.6468,5.1856,176.6,TRUE,3.6,491,300
2420,2022/10/8 8:44,131.3919457,46.86436967,5192348.588,453636.9798,5.81528,177.6,TRUE,3.6,477,300
2421,2022/10/8 8:45,131.3919572,46.8643145,5192342.448,453637.8092,5.01892,170,TRUE,3.6,466,300
2422,2022/10/8 8:45,131.3919622,46.86426,5192336.387,453638.1435,4.40776,175.3,TRUE,3.6,474,300
2423,2022/10/8 8:45,131.3919653,46.86420483,5192330.252,453638.3324,5.79676,180.1,TRUE,3.6,444,300
2424,2022/10/8 8:45,131.3919658,46.86415,5192324.156,453638.3233,5.94492,184.8,TRUE,3.6,478,300
2425,2022/10/8 8:45,131.3919705,46.86409617,5192318.169,453638.6353,4.66704,183,TRUE,3.6,500,300
2426,2022/10/8 8:45,131.3919697,46.86403567,5192311.444,453638.5222,5.40784,182.5,TRUE,3.6,500,300
2427,2022/10/8 8:45,131.391969,46.86399583,5192307.015,453638.4346,5.59304,180.4,TRUE,3.6,500,300
2428,2022/10/8 8:45,131.3919778,46.8639415,5192300.97,453639.0588,5.48192,181.2,TRUE,3.6,500,300
2429,2022/10/8 8:45,131.3919857,46.86388967,5192295.204,453639.6165,4.92632,184.3,TRUE,3.6,490,300
2430,2022/10/8 8:45,131.3919973,46.86383517,5192289.138,453640.4541,5.6486,173.4,TRUE,3.6,463,300
2431,2022/10/8 8:45,131.3920102,46.86378033,5192283.034,453641.3905,4.79668,172.1,TRUE,3.6,489,300
2432,2022/10/8 8:45,131.3920147,46.86372633,5192277.029,453641.6871,4.94484,177.4,TRUE,3.6,480,300
2433,2022/10/8 8:45,131.3920203,46.86366667,5192270.393,453642.0627,4.61148,176.7,TRUE,3.6,489,300
2434,2022/10/8 8:45,131.392027,46.86361,5192264.089,453642.5248,4.8152,171.9,TRUE,3.6,461,300
2435,2022/10/8 8:45,131.3920343,46.863561,5192258.638,453643.0393,4.18552,172.3,TRUE,3.6,449,300
2436,2022/10/8 8:46,131.3920432,46.86351,5192252.963,453643.674,4.74112,172.7,TRUE,3.6,500,300
2437,2022/10/8 8:46,131.3920462,46.86345817,5192247.199,453643.8581,4.92632,174.6,TRUE,3.6,452,300
2438,2022/10/8 8:46,131.3920573,46.86340417,5192241.19,453644.658,4.9078,176.7,TRUE,3.6,475,300
2439,2022/10/8 8:46,131.3920598,46.86335383,5192235.592,453644.8053,5.2782,186.6,TRUE,3.6,492,300
2440,2022/10/8 8:46,131.3920675,46.86330467,5192230.123,453645.3501,5.24116,176.9,TRUE,3.6,455,300
2441,2022/10/8 8:46,131.392074,46.86325067,5192224.116,453645.7992,4.96336,169.3,TRUE,3.6,480,300
2442,2022/10/8 8:46,131.392089,46.86319883,5192218.344,453646.8984,4.83372,172.2,TRUE,3.6,430,300
2443,2022/10/8 8:46,131.392102,46.86314717,5192212.593,453647.8451,4.59296,178.7,TRUE,3.6,481,300
2444,2022/10/8 8:46,131.3921102,46.8630965,5192206.956,453648.4268,4.96336,168.1,TRUE,3.6,500,300
2445,2022/10/8 8:46,131.3921123,46.86303583,5192200.21,453648.5347,5.093,174.4,TRUE,3.6,487,300
2446,2022/10/8 8:46,131.3921105,46.862987,5192194.782,453648.3554,4.96336,175.6,TRUE,3.6,445,300
2447,2022/10/8 8:46,131.3921183,46.86293117,5192188.571,453648.9021,4.20404,172.3,TRUE,3.6,433,300
2448,2022/10/8 8:46,131.3921297,46.86288083,5192182.968,453649.728,5.2782,172.6,TRUE,3.6,441,300
2449,2022/10/8 8:46,131.3921417,46.8628255,5192176.81,453650.5954,5.14856,172.7,TRUE,3.6,419,300
2450,2022/10/8 8:46,131.3921532,46.862773,5192170.967,453651.4271,5.07448,176.1,TRUE,3.6,483,300
2451,2022/10/8 8:47,131.3921583,46.86272017,5192165.091,453651.7705,4.88928,180,TRUE,3.6,480,300
2452,2022/10/8 8:47,131.392165,46.86266983,5192159.491,453652.2381,5.03744,172.6,TRUE,3.6,500,300
2453,2022/10/8 8:47,131.3921762,46.8626185,5192153.778,453653.0479,5.556,176.9,TRUE,3.6,497,300
2454,2022/10/8 8:47,131.3921837,46.8625635,5192147.66,453653.5724,5.24116,167.7,TRUE,3.6,491,300
2455,2022/10/8 8:47,131.3921928,46.86251317,5192142.059,453654.223,5.50044,176.9,TRUE,3.6,435,300
2456,2022/10/8 8:47,131.392202,46.86246283,5192136.458,453654.8812,4.42628,183.8,TRUE,3.6,437,300
2457,2022/10/8 8:47,131.3922055,46.86241033,5192130.619,453655.1029,5.31524,177.6,TRUE,3.6,461,300
2458,2022/10/8 8:47,131.3922125,46.86235817,5192124.817,453655.5918,5.38932,170,TRUE,3.6,489,300
2459,2022/10/8 8:47,131.3922267,46.862307,5192119.12,453656.6305,4.87076,165.6,TRUE,3.6,470,300
2460,2022/10/8 8:47,131.3922407,46.8622545,5192113.275,453657.6528,4.98188,167.4,TRUE,3.6,500,300
2461,2022/10/8 8:47,131.3922435,46.86219933,5192107.14,453657.8188,5.31524,169.8,TRUE,3.6,481,300
2462,2022/10/8 8:47,131.3922555,46.862143,5192100.871,453658.6854,5.22264,173.6,TRUE,3.6,500,300
2463,2022/10/8 8:47,131.3922662,46.86208533,5192094.454,453659.4517,5.66712,172.2,TRUE,3.6,500,300
2464,2022/10/8 8:47,131.392275,46.86202983,5192088.279,453660.0749,5.11152,178.2,TRUE,3.6,485,300
2465,2022/10/8 8:47,131.3922862,46.8619805,5192082.788,453660.8865,5.07448,171.4,TRUE,3.6,500,300
2466,2022/10/8 8:48,131.3922965,46.86192783,5192076.927,453661.6265,5.70416,170.5,TRUE,3.6,495,300
2467,2022/10/8 8:48,131.392301,46.8618705,5192070.551,453661.9203,5.25968,175.6,TRUE,3.6,500,300
2468,2022/10/8 8:48,131.3923147,46.86181683,5192064.577,453662.9188,5.40784,174.7,TRUE,3.6,500,300
2469,2022/10/8 8:48,131.392323,46.86175883,5192058.124,453663.5018,5.79676,174.3,TRUE,3.6,495,300
2470,2022/10/8 8:48,131.3923333,46.86170267,5192051.875,453664.2389,5.1856,171.8,TRUE,3.6,500,300
2471,2022/10/8 8:48,131.3923383,46.86165083,5192046.109,453664.5755,4.85224,174.5,TRUE,3.6,500,300
2472,2022/10/8 8:48,131.3923735,46.86161433,5192042.031,453667.2282,4.66704,144.1,TRUE,3.6,270,300
2473,2022/10/8 8:48,131.392428,46.86158117,5192038.312,453671.3554,4.48184,95,FALSE,3.6,0,300
2474,2022/10/8 8:48,131.392503,46.8615875,5192038.972,453677.0797,5.6486,38.1,FALSE,3.6,0,300
2475,2022/10/8 8:48,131.3925273,46.86163667,5192044.423,453678.975,6.3894,8.1,FALSE,3.6,0,300
2476,2022/10/8 8:48,131.3925352,46.86169017,5192050.366,453679.6234,5.81528,10.7,FALSE,3.6,0,300
2477,2022/10/8 8:48,131.3925368,46.8617345,5192055.293,453679.7835,4.51888,355.4,TRUE,3.6,322,300
2478,2022/10/8 8:48,131.3925405,46.86177383,5192059.663,453680.0994,0.38892,355.6,FALSE,3.6,0,300
2479,2022/10/8 8:48,131.3925487,46.86177167,5192059.418,453680.7228,0,0,FALSE,3.6,0,300
2480,2022/10/8 8:48,131.3925522,46.86176917,5192059.138,453680.9876,0,0,FALSE,3.6,0,300
2481,2022/10/8 8:49,131.3925525,46.8617385,5192055.729,453680.9841,3.03728,164.8,FALSE,3.6,0,300
2482,2022/10/8 8:49,131.392551,46.86169983,5192051.431,453680.8364,3.48176,173.6,FALSE,3.6,0,300
2483,2022/10/8 8:49,131.392561,46.86167667,5192048.85,453681.579,0,165.3,FALSE,3.6,0,300
2484,2022/10/8 8:49,131.392567,46.86167567,5192048.735,453682.0357,0,0,FALSE,3.6,0,300
2485,2022/10/8 8:49,131.392568,46.8616775,5192048.938,453682.1135,0,0,FALSE,3.6,0,300
2486,2022/10/8 8:49,131.3925558,46.86171783,5192053.429,453681.2179,5.75972,355.7,TRUE,3.6,335,300
2487,2022/10/8 8:49,131.392553,46.8617795,5192060.286,453681.0575,5.81528,354.5,TRUE,3.6,444,300
2488,2022/10/8 8:49,131.3925495,46.861832,5192066.125,453680.8357,4.94484,351.5,TRUE,3.6,372,300
2489,2022/10/8 8:49,131.3925403,46.86188733,5192072.281,453680.1818,5.6486,355.8,TRUE,3.6,413,300
2490,2022/10/8 8:49,131.3925288,46.861945,5192078.699,453679.3545,6.7598,356.8,TRUE,3.6,371,300
2491,2022/10/8 8:49,131.3925325,46.86200517,5192085.386,453679.6884,6.05604,353.8,TRUE,3.6,411,300
2492,2022/10/8 8:49,131.3925222,46.86206267,5192091.784,453678.9525,5.96344,357.8,TRUE,3.6,458,300
2493,2022/10/8 8:49,131.3925072,46.8621205,5192098.221,453677.8584,6.2042,355.2,TRUE,3.6,447,300
2494,2022/10/8 8:49,131.392493,46.86217883,5192104.714,453676.8258,5.63008,355.2,TRUE,3.6,475,300
2495,2022/10/8 8:49,131.3924853,46.86224633,5192112.223,453676.2968,5.96344,348.7,TRUE,3.6,466,300
2496,2022/10/8 8:50,131.3924835,46.8623005,5192118.246,453676.2061,6.05604,354.3,TRUE,3.6,460,300
2497,2022/10/8 8:50,131.3924743,46.86235167,5192123.94,453675.5486,5.87084,353.1,TRUE,3.6,458,300
2498,2022/10/8 8:50,131.3924592,46.862407,5192130.099,453674.4448,5.81528,349.5,TRUE,3.6,458,300
2499,2022/10/8 8:50,131.3924527,46.8624615,5192136.162,453673.9961,5.94492,353.7,TRUE,3.6,500,300
2500,2022/10/8 8:50,131.3924343,46.862521,5192142.787,453672.6443,6.1116,348.8,TRUE,3.6,483,300
2501,2022/10/8 8:50,131.3924297,46.86258283,5192149.663,453672.3467,5.8338,355.8,TRUE,3.6,462,300
2502,2022/10/8 8:50,131.3924188,46.8626425,5192156.303,453671.5669,5.61156,356.8,TRUE,3.6,457,300
2503,2022/10/8 8:50,131.3924203,46.862696,5192162.25,453671.7273,5.7412,354.2,TRUE,3.6,476,300
2504,2022/10/8 8:50,131.3924092,46.86275183,5192168.463,453670.9289,6.16716,353.8,TRUE,3.6,417,300
2505,2022/10/8 8:50,131.392395,46.8628085,5192174.771,453669.8949,6.00048,354.9,TRUE,3.6,451,300
2506,2022/10/8 8:50,131.3923867,46.86286517,5192181.076,453669.3108,6.1116,352.8,TRUE,3.6,488,300
2507,2022/10/8 8:50,131.392378,46.862923,5192187.51,453668.6972,6.00048,355.1,TRUE,3.6,447,300
2508,2022/10/8 8:50,131.3923665,46.86298067,5192193.928,453667.8699,5.63008,356.9,TRUE,3.6,469,300
2509,2022/10/8 8:50,131.3923507,46.86303667,5192200.162,453666.7134,5.79676,354.9,TRUE,3.6,433,300
2510,2022/10/8 8:50,131.3923423,46.863099,5192207.096,453666.1265,6.00048,348.8,TRUE,3.6,497,300
2511,2022/10/8 8:51,131.3923387,46.8631585,5192213.713,453665.9032,6.42644,355.2,TRUE,3.6,500,300
2512,2022/10/8 8:51,131.3923293,46.86321867,5192220.408,453665.2382,5.72268,351.9,TRUE,3.6,448,300
2513,2022/10/8 8:51,131.3923182,46.86327467,5192226.639,453664.44,6.07456,350.2,TRUE,3.6,469,300
2514,2022/10/8 8:51,131.3923032,46.86333533,5192233.392,453663.3485,5.90788,352.9,TRUE,3.6,468,300
2515,2022/10/8 8:51,131.392294,46.86339133,5192239.623,453662.6952,6.16716,354.5,TRUE,3.6,436,300
2516,2022/10/8 8:51,131.3922865,46.86345117,5192246.279,453662.1748,5.2782,352.9,TRUE,3.6,496,300
2517,2022/10/8 8:51,131.3922847,46.86350783,5192252.579,453662.0863,5.556,353.9,TRUE,3.6,443,300
2518,2022/10/8 8:51,131.392273,46.8635625,5192258.664,453661.2412,5.35228,350.6,TRUE,3.6,482,300
2519,2022/10/8 8:51,131.3922588,46.86361967,5192265.027,453660.2077,5.79676,357.7,TRUE,3.6,492,300
2520,2022/10/8 8:51,131.392246,46.86367433,5192271.111,453659.2787,5.79676,353.9,TRUE,3.6,447,300
2521,2022/10/8 8:51,131.392235,46.86373617,5192277.993,453658.4932,6.55608,357.8,TRUE,3.6,460,300
2522,2022/10/8 8:51,131.3922282,46.86378983,5192283.962,453658.0209,5.88936,356.5,TRUE,3.6,458,300
2523,2022/10/8 8:51,131.3922203,46.86384833,5192290.47,453657.4689,6.05604,350,TRUE,3.6,423,300
2524,2022/10/8 8:51,131.3922105,46.86390967,5192297.295,453656.7744,6.33384,352.4,TRUE,3.6,452,300
2525,2022/10/8 8:51,131.3922002,46.8639665,5192303.618,453656.038,5.61156,352,TRUE,3.6,433,300
2526,2022/10/8 8:52,131.3921915,46.864024,5192310.016,453655.4241,5.87084,351.1,TRUE,3.6,498,300
2527,2022/10/8 8:52,131.3921787,46.8640785,5192316.082,453654.495,5.77824,357.1,TRUE,3.6,472,300
2528,2022/10/8 8:52,131.3921705,46.86413867,5192322.776,453653.9216,5.98196,351.7,TRUE,3.6,496,300
2529,2022/10/8 8:52,131.3921648,46.864198,5192329.375,453653.538,6.07456,357.6,TRUE,3.6,442,300
2530,2022/10/8 8:52,131.392156,46.8642555,5192335.772,453652.9165,6.14864,352.1,TRUE,3.6,466,300
2531,2022/10/8 8:52,131.3921462,46.8643135,5192342.225,453652.2192,6.019,357.5,TRUE,3.6,453,300
2532,2022/10/8 8:52,131.3921285,46.86436267,5192347.702,453650.9119,4.92632,351.3,TRUE,3.6,448,300
2533,2022/10/8 8:52,131.3921208,46.86441367,5192353.376,453650.3687,5.48192,352.1,TRUE,3.6,419,300
2534,2022/10/8 8:52,131.3921135,46.864474,5192360.087,453649.864,5.1856,350.7,TRUE,3.6,451,300
2535,2022/10/8 8:52,131.3921123,46.86453033,5192366.35,453649.821,5.29672,358.4,TRUE,3.6,498,300
2536,2022/10/8 8:52,131.392105,46.8645815,5192372.043,453649.3085,5.53748,353.5,TRUE,3.6,497,300
2537,2022/10/8 8:52,131.3920855,46.864631,5192377.557,453647.8642,5.35228,359,TRUE,3.6,452,300
2538,2022/10/8 8:52,131.3920805,46.86468683,5192383.767,453647.531,5.33376,348.9,TRUE,3.6,435,300
2539,2022/10/8 8:52,131.3920692,46.86474883,5192390.666,453646.7228,5.94492,353.5,TRUE,3.6,435,300
2540,2022/10/8 8:52,131.3920675,46.86481217,5192397.708,453646.6477,5.42636,351.6,TRUE,3.6,446,300
2541,2022/10/8 8:53,131.3920528,46.8648705,5192404.201,453645.5771,6.13012,348.8,TRUE,3.6,427,300
2542,2022/10/8 8:53,131.3920497,46.86492683,5192410.465,453645.3892,5.96344,358.4,TRUE,3.6,457,300
2543,2022/10/8 8:53,131.3920308,46.86498733,5192417.202,453644.0002,5.8338,354.4,TRUE,3.6,500,300
2544,2022/10/8 8:53,131.3920237,46.865046,5192423.728,453643.5094,5.48192,357.9,TRUE,3.6,459,300
2545,2022/10/8 8:53,131.3920135,46.86510233,5192429.996,453642.7802,5.79676,352.5,TRUE,3.6,489,300
2546,2022/10/8 8:53,131.3920102,46.86515817,5192436.206,453642.5766,5.31524,351,TRUE,3.6,456,300
2547,2022/10/8 8:53,131.392005,46.86521567,5192442.601,453642.2296,5.40784,350.4,TRUE,3.6,463,300
2548,2022/10/8 8:53,131.3919942,46.865274,5192449.092,453641.4564,5.66712,353.8,TRUE,3.6,431,300
2549,2022/10/8 8:53,131.3919817,46.86533183,5192455.528,453640.5531,6.03752,0.4,TRUE,3.6,497,300
2550,2022/10/8 8:53,131.3919788,46.86538433,5192461.366,453640.3772,5.6486,356.8,TRUE,3.6,445,300
2551,2022/10/8 8:53,131.3919615,46.86544017,5192467.584,453639.1062,5.88936,358.2,TRUE,3.6,437,300
2552,2022/10/8 8:53,131.3919565,46.86550367,5192474.646,453638.7796,6.14864,358.6,TRUE,3.6,500,300
2553,2022/10/8 8:53,131.3919488,46.86556367,5192481.321,453638.2442,5.81528,351.1,TRUE,3.6,500,300
2554,2022/10/8 8:53,131.3919423,46.86562217,5192487.828,453637.7989,6.2042,355.8,TRUE,3.6,483,300
2555,2022/10/8 8:53,131.391934,46.86567783,5192494.02,453637.214,5.98196,354.1,TRUE,3.6,500,300
2556,2022/10/8 8:54,131.3919263,46.86573633,5192500.528,453636.6773,6.24124,353.3,TRUE,3.6,477,300
2557,2022/10/8 8:54,131.3919172,46.86579433,5192506.981,453636.0334,6.09308,351.3,TRUE,3.6,471,300
2558,2022/10/8 8:54,131.3918998,46.8658495,5192513.125,453634.7542,5.6486,353.6,TRUE,3.6,469,300
2559,2022/10/8 8:54,131.3918955,46.86590333,5192519.111,453634.4727,6.27828,351.6,TRUE,3.6,451,300
2560,2022/10/8 8:54,131.3918795,46.86596083,5192525.513,453633.3023,5.44488,349.2,TRUE,3.6,469,300
2561,2022/10/8 8:54,131.3918667,46.86601483,5192531.524,453632.3728,6.27828,357.5,TRUE,3.6,489,300
2562,2022/10/8 8:54,131.3918562,46.86607233,5192537.922,453631.6218,5.59304,359.3,TRUE,3.6,467,300
2563,2022/10/8 8:54,131.391852,46.866129,5192544.224,453631.3503,5.3708,354.5,TRUE,3.6,441,300
2564,2022/10/8 8:54,131.3918398,46.866187,5192550.679,453630.4701,6.00048,354.6,TRUE,3.6,442,300
2565,2022/10/8 8:54,131.3918228,46.8662435,5192556.97,453629.2226,5.87084,357.1,TRUE,3.6,466,300
2566,2022/10/8 8:54,131.3918208,46.86630483,5192563.789,453629.1229,5.98196,352.5,TRUE,3.6,488,300
2567,2022/10/8 8:54,131.3918168,46.86636483,5192570.462,453628.8696,5.61156,353.4,TRUE,3.6,476,300
2568,2022/10/8 8:54,131.3918037,46.8664185,5192576.436,453627.917,6.25976,355.4,TRUE,3.6,485,300
2569,2022/10/8 8:54,131.3917923,46.86648233,5192583.539,453627.1028,5.68564,354.8,TRUE,3.6,450,300
2570,2022/10/8 8:54,131.3917768,46.86653367,5192589.255,453625.9652,6.2968,354,TRUE,3.6,446,300
2571,2022/10/8 8:55,131.3917668,46.86659167,5192595.709,453625.2527,6.13012,353.3,TRUE,3.6,470,300
2572,2022/10/8 8:55,131.3917637,46.8666565,5192602.918,453625.0722,6.5746,357.9,TRUE,3.6,500,300
2573,2022/10/8 8:55,131.391753,46.86671267,5192609.168,453624.3047,6.09308,354.5,TRUE,3.6,453,300
2574,2022/10/8 8:55,131.3917447,46.866773,5192615.88,453623.7239,6.35236,354.6,TRUE,3.6,450,300
2575,2022/10/8 8:55,131.3917427,46.86683317,5192622.57,453623.6232,5.53748,354.4,TRUE,3.6,463,300
2576,2022/10/8 8:55,131.391737,46.86688817,5192628.688,453623.236,6.03752,356,TRUE,3.6,500,300
2577,2022/10/8 8:55,131.3917325,46.86694567,5192635.082,453622.9424,5.79676,356.6,TRUE,3.6,487,300
2578,2022/10/8 8:55,131.3917205,46.86700433,5192641.611,453622.078,5.94492,353.1,TRUE,3.6,453,300
2579,2022/10/8 8:55,131.3917148,46.86705733,5192647.506,453621.6891,5.79676,354.2,TRUE,3.6,497,300
2580,2022/10/8 8:55,131.3917048,46.8671155,5192653.978,453620.9767,6.05604,356.8,TRUE,3.6,447,300
2581,2022/10/8 8:55,131.3916852,46.8671715,5192660.215,453619.5306,6.09308,355.2,TRUE,3.6,465,300
2582,2022/10/8 8:55,131.3916772,46.8672315,5192666.89,453618.9723,5.85232,356.9,TRUE,3.6,482,300
2583,2022/10/8 8:55,131.3916697,46.86728683,5192673.045,453618.4481,5.81528,356.8,TRUE,3.6,479,300
2584,2022/10/8 8:55,131.3916638,46.86734667,5192679.701,453618.0498,5.85232,353,TRUE,3.6,488,300
2585,2022/10/8 8:55,131.3916492,46.867401,5192685.75,453616.9835,5.85232,354.7,TRUE,3.6,485,300
2586,2022/10/8 8:56,131.3916398,46.86745783,5192692.073,453616.3157,5.9264,356.3,TRUE,3.6,478,300
2587,2022/10/8 8:56,131.391632,46.86751267,5192698.174,453615.7683,5.70416,353.2,TRUE,3.6,495,300
2588,2022/10/8 8:56,131.391623,46.867569,5192704.441,453615.1306,6.07456,0.6,TRUE,3.6,479,300
2589,2022/10/8 8:56,131.3916163,46.86762017,5192710.134,453614.6639,6.07456,352,TRUE,3.6,478,300
2590,2022/10/8 8:56,131.3916103,46.86767717,5192716.474,453614.2555,5.556,357.3,TRUE,3.6,436,300
2591,2022/10/8 8:56,131.3916003,46.86772917,5192722.26,453613.5379,5.7412,352.4,TRUE,3.6,500,300
2592,2022/10/8 8:56,131.3915837,46.867787,5192728.699,453612.3221,6.44496,356.7,TRUE,3.6,490,300
2593,2022/10/8 8:56,131.391581,46.8678505,5192735.76,453612.1709,5.72268,350.5,TRUE,3.6,459,300
2594,2022/10/8 8:56,131.3915665,46.8679095,5192742.327,453611.1162,5.53748,353.6,TRUE,3.6,462,300
2595,2022/10/8 8:56,131.3915597,46.867968,5192748.835,453610.6482,5.70416,4,TRUE,3.6,492,300
2596,2022/10/8 8:56,131.3915508,46.86802317,5192754.973,453610.0171,6.019,352.8,TRUE,3.6,457,300
2597,2022/10/8 8:56,131.3915475,46.86808083,5192761.385,453609.8152,5.61156,0.1,TRUE,3.6,484,300
2598,2022/10/8 8:56,131.3915383,46.8681395,5192767.913,453609.1643,5.68564,351.2,TRUE,3.6,441,300
2599,2022/10/8 8:56,131.3915155,46.8681885,5192773.373,453607.4682,5.88936,346.7,TRUE,3.6,416,300
2600,2022/10/8 8:56,131.3915087,46.86824217,5192779.344,453606.996,5.63008,0.4,TRUE,3.6,417,300
2601,2022/10/8 8:57,131.3914932,46.86829483,5192785.207,453605.8596,5.42636,347.8,TRUE,3.6,494,300
2602,2022/10/8 8:57,131.3914822,46.86834367,5192790.643,453605.063,5.51896,359.7,TRUE,3.6,494,300
2603,2022/10/8 8:57,131.3914767,46.8684095,5192797.964,453604.7004,5.22264,354.2,TRUE,3.6,445,300
2604,2022/10/8 8:57,131.3914725,46.86846667,5192804.322,453604.4295,5.70416,355.5,TRUE,3.6,465,300
2605,2022/10/8 8:57,131.3914593,46.86852067,5192810.333,453603.4696,5.40784,352.2,TRUE,3.6,412,300
2606,2022/10/8 8:57,131.3914432,46.86858267,5192817.235,453602.2955,5.79676,357.3,TRUE,3.6,460,300
2607,2022/10/8 8:57,131.3914327,46.86864433,5192824.096,453601.5481,5.40784,353.2,TRUE,3.6,497,300
2608,2022/10/8 8:57,131.3914305,46.8687035,5192830.675,453601.4314,5.75972,353.2,TRUE,3.6,473,300
2609,2022/10/8 8:57,131.3914197,46.86875733,5192836.666,453600.6544,5.75972,351.2,TRUE,3.6,447,300
2610,2022/10/8 8:57,131.3914163,46.86881617,5192843.209,453600.4459,5.81528,353.9,TRUE,3.6,480,300
2611,2022/10/8 8:57,131.3914068,46.86887183,5192849.402,453599.7695,5.61156,349.5,TRUE,3.6,489,300
2612,2022/10/8 8:57,131.391394,46.86892283,5192855.079,453598.8376,5.7412,354.3,TRUE,3.6,471,300
2613,2022/10/8 8:57,131.3913712,46.86897817,5192861.245,453597.147,5.44488,352.9,TRUE,3.6,486,300
2614,2022/10/8 8:57,131.391358,46.86903133,5192867.162,453596.1864,5.66712,352.8,TRUE,3.6,481,300
2615,2022/10/8 8:57,131.3913548,46.86908933,5192873.612,453595.9924,5.77824,350.6,TRUE,3.6,491,300
2616,2022/10/8 8:58,131.391355,46.86914967,5192880.319,453596.0597,5.57452,1,TRUE,3.6,477,300
2617,2022/10/8 8:58,131.3913477,46.86921233,5192887.29,453595.5571,5.13004,359.7,TRUE,3.6,470,300
2618,2022/10/8 8:58,131.3913423,46.86926483,5192893.129,453595.1907,6.18568,354.9,TRUE,3.6,500,300
2619,2022/10/8 8:58,131.391334,46.86932567,5192899.897,453594.6103,5.4634,3.9,TRUE,3.6,484,300
2620,2022/10/8 8:58,131.3913267,46.86937933,5192905.867,453594.1,5.0004,356.1,TRUE,3.6,456,300
2621,2022/10/8 8:58,131.3913118,46.86942883,5192911.379,453593.0067,6.24124,357.5,TRUE,3.6,500,300
2622,2022/10/8 8:58,131.3913108,46.869477,5192916.734,453592.972,5.96344,355,TRUE,3.6,436,300
2623,2022/10/8 8:58,131.391338,46.86951467,5192920.906,453595.0782,4.88928,40.6,FALSE,3.6,0,300
2624,2022/10/8 8:58,131.3914032,46.86953967,5192923.646,453600.0706,6.35236,77.5,FALSE,3.6,0,300
2625,2022/10/8 8:58,131.391472,46.86953817,5192923.439,453605.3147,6.24124,92.3,FALSE,3.6,0,300
2626,2022/10/8 8:58,131.3915437,46.86954033,5192923.637,453610.783,4.75964,95.4,FALSE,3.6,0,300
2627,2022/10/8 8:58,131.3915988,46.869534,5192922.9,453614.9784,5.53748,129.5,FALSE,3.6,0,300
2628,2022/10/8 8:58,131.3916273,46.86949667,5192918.734,453617.1191,5.13004,182.8,FALSE,3.6,0,300
2629,2022/10/8 8:58,131.3916202,46.86944983,5192913.531,453616.5374,3.27804,186.1,TRUE,3.6,482,300
2630,2022/10/8 8:58,131.3916198,46.869412,5192909.326,453616.4743,4.14848,182,TRUE,3.6,500,300
2631,2022/10/8 8:59,131.3916272,46.86937533,5192905.245,453617.0069,3.37064,177.2,TRUE,3.6,484,300
2632,2022/10/8 8:59,131.391646,46.869331,5192900.306,453618.4021,4.66704,176.4,TRUE,3.6,500,300
2633,2022/10/8 8:59,131.3916593,46.86927883,5192894.498,453619.3711,5.14856,179.4,TRUE,3.6,484,300
2634,2022/10/8 8:59,131.3916693,46.8692285,5192888.897,453620.0902,5.29672,177.1,TRUE,3.6,499,300
2635,2022/10/8 8:59,131.3916747,46.8691735,5192882.78,453620.4545,5.44488,175.3,TRUE,3.6,486,300
2636,2022/10/8 8:59,131.3916832,46.86911983,5192876.808,453621.0563,5.79676,175.7,TRUE,3.6,486,300
2637,2022/10/8 8:59,131.3916912,46.8690675,5192870.986,453621.6212,5.25968,181.4,TRUE,3.6,500,300
2638,2022/10/8 8:59,131.3917007,46.86902233,5192865.959,453622.3066,4.96336,176.1,TRUE,3.6,500,300
2639,2022/10/8 8:59,131.391708,46.86897233,5192860.396,453622.8201,5.20412,168.5,TRUE,3.6,500,300
2640,2022/10/8 8:59,131.3917188,46.86891767,5192854.313,453623.5964,5.66712,172.9,TRUE,3.6,474,300
2641,2022/10/8 8:59,131.3917325,46.868858,5192847.672,453624.5895,5.35228,178,TRUE,3.6,483,300
2642,2022/10/8 8:59,131.3917403,46.868802,5192841.442,453625.136,5.59304,173.7,TRUE,3.6,500,300
2643,2022/10/8 8:59,131.3917488,46.86874317,5192834.897,453625.7333,5.61156,174.5,TRUE,3.6,477,300
2644,2022/10/8 8:59,131.3917585,46.86868833,5192828.795,453626.4257,5.48192,176.6,TRUE,3.6,500,300
2645,2022/10/8 8:59,131.3917697,46.86863483,5192822.841,453627.2335,5.35228,170,TRUE,3.6,486,300
2646,2022/10/8 9:00,131.3917748,46.86857567,5192816.261,453627.5714,5.0004,170.6,TRUE,3.6,500,300
2647,2022/10/8 9:00,131.391789,46.868525,5192810.62,453628.6104,5.20412,176.3,TRUE,3.6,492,300
2648,2022/10/8 9:00,131.3917935,46.86846467,5192803.91,453628.9015,5.35228,171.8,TRUE,3.6,468,300
2649,2022/10/8 9:00,131.3918003,46.86840383,5192797.143,453629.3676,5.2782,173.5,TRUE,3.6,489,300
2650,2022/10/8 9:00,131.3918105,46.86835083,5192791.245,453630.0996,5.25968,174,TRUE,3.6,500,300
2651,2022/10/8 9:00,131.3918217,46.86829667,5192785.217,453630.9068,5.9264,177.3,TRUE,3.6,500,300
2652,2022/10/8 9:00,131.3918312,46.86823967,5192778.875,453631.5821,5.22264,175.4,TRUE,3.6,500,300
2653,2022/10/8 9:00,131.3918388,46.86818017,5192772.256,453632.1103,5.2782,175.4,TRUE,3.6,489,300
2654,2022/10/8 9:00,131.391847,46.86812883,5192766.544,453632.6912,5.40784,174.4,TRUE,3.6,480,300
2655,2022/10/8 9:00,131.3918603,46.8680805,5192761.163,453633.6637,5.38932,176.5,TRUE,3.6,481,300
2656,2022/10/8 9:00,131.3918695,46.86802817,5192755.341,453634.32,5.11152,174.9,TRUE,3.6,465,300
2657,2022/10/8 9:00,131.391884,46.86797417,5192749.329,453635.379,5.24116,173.5,TRUE,3.6,500,300
2658,2022/10/8 9:00,131.3918882,46.86791083,5192742.285,453635.6447,5.72268,179.7,TRUE,3.6,492,300
2659,2022/10/8 9:00,131.3918927,46.86784883,5192735.39,453635.9344,5.2782,175.4,TRUE,3.6,481,300
2660,2022/10/8 9:00,131.3919077,46.86779583,5192729.489,453637.0324,5.70416,180.3,TRUE,3.6,500,300
2661,2022/10/8 9:01,131.3919175,46.86774017,5192723.296,453637.7317,5.14856,180,TRUE,3.6,485,300
2662,2022/10/8 9:01,131.3919287,46.86768967,5192717.675,453638.5421,5.40784,180.6,TRUE,3.6,453,300
2663,2022/10/8 9:01,131.391946,46.86763383,5192711.458,453639.8131,5.57452,174.7,TRUE,3.6,500,300
2664,2022/10/8 9:01,131.3919487,46.86757383,5192704.786,453639.9673,5.59304,175.2,TRUE,3.6,500,300
2665,2022/10/8 9:01,131.3919513,46.867514,5192698.133,453640.114,5.72268,172.6,TRUE,3.6,495,300
2666,2022/10/8 9:01,131.3919582,46.86745717,5192691.811,453640.5911,4.8152,178.6,TRUE,3.6,489,300
2667,2022/10/8 9:01,131.39197,46.8674005,5192685.505,453641.442,5.61156,178.1,TRUE,3.6,496,300
2668,2022/10/8 9:01,131.3919838,46.86734583,5192679.419,453642.4471,5.3708,178.8,TRUE,3.6,487,300
2669,2022/10/8 9:01,131.3919933,46.86728917,5192673.114,453643.1227,5.70416,179.7,TRUE,3.6,484,300
2670,2022/10/8 9:01,131.3919927,46.8672305,5192666.593,453643.0264,5.29672,177.3,TRUE,3.6,483,300
2671,2022/10/8 9:01,131.3919947,46.86717617,5192660.552,453643.1321,5.2782,176.6,TRUE,3.6,442,300
2672,2022/10/8 9:01,131.3920065,46.86712433,5192654.782,453643.9872,5.556,172,TRUE,3.6,485,300
2673,2022/10/8 9:01,131.3920162,46.86706983,5192648.717,453644.6798,5.33376,172.7,TRUE,3.6,480,300
2674,2022/10/8 9:01,131.3920257,46.86701133,5192642.208,453645.3538,5.556,180.2,TRUE,3.6,489,300
2675,2022/10/8 9:01,131.392034,46.8669525,5192635.664,453645.9359,5.31524,174.2,TRUE,3.6,500,300
2676,2022/10/8 9:02,131.3920437,46.866899,5192629.71,453646.6295,5.57452,178.2,TRUE,3.6,495,300
2677,2022/10/8 9:02,131.3920562,46.86684317,5192623.496,453647.5345,5.48192,179.8,TRUE,3.6,485,300
2678,2022/10/8 9:02,131.39207,46.86678683,5192617.225,453648.5381,5.59304,179.6,TRUE,3.6,492,300
2679,2022/10/8 9:02,131.3920685,46.86672883,5192610.778,453648.3738,5.90788,172.4,TRUE,3.6,500,300
2680,2022/10/8 9:02,131.3920815,46.86667967,5192605.306,453649.3227,5.4634,175.7,TRUE,3.6,495,300
2681,2022/10/8 9:02,131.3921025,46.8666295,5192599.716,453650.8807,5.29672,177.3,TRUE,3.6,500,300
2682,2022/10/8 9:02,131.3921135,46.86657633,5192593.799,453651.6736,5.0004,178.6,TRUE,3.6,417,300
2683,2022/10/8 9:02,131.39212,46.86652883,5192588.514,453652.1283,5.16708,181.9,TRUE,3.6,485,300
2684,2022/10/8 9:02,131.3921272,46.86647217,5192582.211,453652.6285,5.51896,180.1,TRUE,3.6,500,300
2685,2022/10/8 9:02,131.392141,46.8664225,5192576.681,453653.6379,5.01892,172.9,TRUE,3.6,491,300
2686,2022/10/8 9:02,131.3921427,46.8663685,5192570.677,453653.721,5.81528,179,TRUE,3.6,460,300
2687,2022/10/8 9:02,131.3921415,46.8663035,5192563.452,453653.5736,6.019,183.3,TRUE,3.6,480,300
2688,2022/10/8 9:02,131.3921477,46.8662515,5192557.668,453654.0016,5.24116,180.8,TRUE,3.6,500,300
2689,2022/10/8 9:02,131.3921682,46.86619367,5192551.227,453655.5148,6.18568,177.2,TRUE,3.6,500,300
2690,2022/10/8 9:02,131.3921902,46.866144,5192545.692,453657.1495,5.75972,172.6,TRUE,3.6,483,300
2691,2022/10/8 9:03,131.3922057,46.86608533,5192539.161,453658.2808,5.8338,170.5,TRUE,3.6,500,300
2692,2022/10/8 9:03,131.3922067,46.8660325,5192533.287,453658.3116,5.4634,177.4,TRUE,3.6,462,300
2693,2022/10/8 9:03,131.3922073,46.865977,5192527.117,453658.3096,4.68556,172.6,TRUE,3.6,472,300
2694,2022/10/8 9:03,131.3922102,46.86592217,5192521.02,453658.4835,4.96336,174.3,TRUE,3.6,491,300
2695,2022/10/8 9:03,131.3922157,46.86586333,5192514.476,453658.8522,5.48192,177.8,TRUE,3.6,500,300
2696,2022/10/8 9:03,131.3922232,46.86580567,5192508.061,453659.3744,4.92632,170.1,TRUE,3.6,495,300
2697,2022/10/8 9:03,131.3922307,46.86575333,5192502.238,453659.9012,6.18568,171.3,TRUE,3.6,475,300
2698,2022/10/8 9:03,131.3922468,46.8657015,5192496.467,453661.0842,5.53748,174.2,TRUE,3.6,482,300
2699,2022/10/8 9:03,131.3922562,46.86564567,5192490.255,453661.7528,5.556,174.4,TRUE,3.6,500,300
2700,2022/10/8 9:03,131.3922658,46.86558983,5192484.042,453662.4368,5.57452,176.3,TRUE,3.6,488,300
2701,2022/10/8 9:03,131.3922737,46.86553283,5192477.7,453662.9901,5.70416,172.2,TRUE,3.6,499,300
2702,2022/10/8 9:03,131.3922882,46.86548083,5192471.911,453664.0509,6.05604,179.6,TRUE,3.6,474,300
2703,2022/10/8 9:03,131.3922932,46.86542367,5192465.554,453664.3829,5.44488,174.9,TRUE,3.6,477,300
2704,2022/10/8 9:03,131.3922895,46.86535433,5192457.848,453664.0412,5.4634,176.8,TRUE,3.6,481,300
2705,2022/10/8 9:03,131.3922968,46.86529833,5192451.618,453664.5496,5.24116,176.5,TRUE,3.6,472,300
2706,2022/10/8 9:04,131.3923103,46.86524117,5192445.256,453665.5297,5.556,177.5,TRUE,3.6,428,300
2707,2022/10/8 9:04,131.3923135,46.8651835,5192438.843,453665.7241,5.22264,176.8,TRUE,3.6,470,300
2708,2022/10/8 9:04,131.392321,46.86512683,5192432.538,453666.2472,5.01892,175.4,TRUE,3.6,500,300
2709,2022/10/8 9:04,131.3923377,46.86507933,5192427.248,453667.4796,5.94492,172.5,TRUE,3.6,495,300
2710,2022/10/8 9:04,131.392337,46.8650195,5192420.597,453667.3748,5.13004,170.3,TRUE,3.6,500,300
2711,2022/10/8 9:04,131.3923508,46.86496633,5192414.678,453668.3812,5.556,178.3,TRUE,3.6,500,300
2712,2022/10/8 9:04,131.3923718,46.86491167,5192408.59,453669.9354,5.38932,173.9,TRUE,3.6,461,300
2713,2022/10/8 9:04,131.3923755,46.86485583,5192402.38,453670.1695,5.7412,170.2,TRUE,3.6,473,300
2714,2022/10/8 9:04,131.3923842,46.86479633,5192395.76,453670.7816,5.3708,172.1,TRUE,3.6,473,300
2715,2022/10/8 9:04,131.3923962,46.86474467,5192390.01,453671.6522,5.77824,177.4,TRUE,3.6,500,300
2716,2022/10/8 9:04,131.392409,46.864687,5192383.592,453672.5785,5.25968,173.1,TRUE,3.6,485,300
2717,2022/10/8 9:04,131.3924195,46.86462717,5192376.934,453673.3276,5.66712,178.1,TRUE,3.6,487,300
2718,2022/10/8 9:04,131.3924188,46.8645675,5192370.301,453673.2229,5.9264,179.9,TRUE,3.6,458,300
2719,2022/10/8 9:04,131.3924278,46.8645105,5192363.959,453673.8601,6.24124,175.1,TRUE,3.6,500,300
2720,2022/10/8 9:04,131.392437,46.86445433,5192357.71,453674.5133,5.57452,176.2,TRUE,3.6,429,300
2721,2022/10/8 9:05,131.3924547,46.8643985,5192351.493,453675.8148,5.51896,176,TRUE,3.6,480,300
2722,2022/10/8 9:05,131.3924553,46.86434,5192344.989,453675.8103,5.7412,177.1,TRUE,3.6,496,300
2723,2022/10/8 9:05,131.392469,46.86428567,5192338.941,453676.8081,5.90788,179.1,TRUE,3.6,467,300
2724,2022/10/8 9:05,131.3924643,46.86422817,5192332.552,453676.4003,6.13012,179.4,TRUE,3.6,500,300
2725,2022/10/8 9:05,131.3924712,46.864172,5192326.303,453676.8781,5.59304,175.2,TRUE,3.6,488,300
2726,2022/10/8 9:05,131.392494,46.8641235,5192320.898,453678.5748,5.87084,179.2,TRUE,3.6,500,300
2727,2022/10/8 9:05,131.3925025,46.8640675,5192314.668,453679.1748,5.33376,179.3,TRUE,3.6,440,300
2728,2022/10/8 9:05,131.392512,46.86401467,5192308.789,453679.8537,5.44488,176,TRUE,3.6,484,300
2729,2022/10/8 9:05,131.3925297,46.8639605,5192302.757,453681.1567,5.51896,176.8,TRUE,3.6,490,300
2730,2022/10/8 9:05,131.3925375,46.86390333,5192296.397,453681.7023,6.00048,179,TRUE,3.6,500,300
2731,2022/10/8 9:05,131.3925405,46.86384133,5192289.503,453681.8777,5.68564,178,TRUE,3.6,470,300
2732,2022/10/8 9:05,131.392543,46.86378617,5192283.369,453682.0209,5.25968,176.7,TRUE,3.6,476,300
2733,2022/10/8 9:05,131.3925535,46.86373083,5192277.211,453682.7739,5.40784,178.7,TRUE,3.6,480,300
2734,2022/10/8 9:05,131.3925677,46.86367517,5192271.015,453683.8087,5.6486,180.6,TRUE,3.6,495,300
2735,2022/10/8 9:05,131.3925792,46.86362183,5192265.079,453684.6397,5.14856,174.5,TRUE,3.6,431,300
2736,2022/10/8 9:06,131.392586,46.86357117,5192259.443,453685.1147,5.79676,179,TRUE,3.6,403,300
2737,2022/10/8 9:06,131.3925895,46.86351683,5192253.4,453685.3348,5.03744,181.1,TRUE,3.6,455,300
2738,2022/10/8 9:06,131.3926057,46.86346317,5192247.425,453686.5239,5.68564,173.4,TRUE,3.6,480,300
2739,2022/10/8 9:06,131.3926033,46.86340817,5192241.312,453686.2936,6.24124,175,TRUE,3.6,449,300
2740,2022/10/8 9:06,131.3926097,46.86334933,5192234.767,453686.731,5.61156,172.1,TRUE,3.6,499,300
2741,2022/10/8 9:06,131.3926255,46.86330017,5192229.293,453687.8934,6.019,172.2,TRUE,3.6,498,300
2742,2022/10/8 9:06,131.3926383,46.86324233,5192222.855,453688.8197,5.42636,175.7,TRUE,3.6,482,300
2743,2022/10/8 9:06,131.3926493,46.86318617,5192216.606,453689.6101,5.9264,172.9,TRUE,3.6,500,300
2744,2022/10/8 9:06,131.392656,46.86312683,5192210.005,453690.07,5.51896,179.6,TRUE,3.6,492,300
2745,2022/10/8 9:06,131.3926652,46.86307283,5192203.997,453690.725,5.6486,178.3,TRUE,3.6,472,300
2746,2022/10/8 9:06,131.3926835,46.86301733,5192197.816,453692.0727,5.51896,177.4,TRUE,3.6,469,300
2747,2022/10/8 9:06,131.3926865,46.862963,5192191.775,453692.2547,5.72268,173.8,TRUE,3.6,492,300
2748,2022/10/8 9:06,131.3926997,46.8629085,5192185.708,453693.2144,5.33376,173.6,TRUE,3.6,484,300
2749,2022/10/8 9:06,131.3927003,46.86285317,5192179.557,453693.2125,5.72268,174.5,TRUE,3.6,500,300
2750,2022/10/8 9:06,131.3926985,46.8627925,5192172.813,453693.0231,5.35228,181.2,TRUE,3.6,458,300
2751,2022/10/8 9:07,131.3927113,46.86273967,5192166.933,453693.9537,5.03744,179.6,TRUE,3.6,462,300
2752,2022/10/8 9:07,131.392716,46.86268317,5192160.649,453694.2635,5.24116,172.1,TRUE,3.6,496,300
2753,2022/10/8 9:07,131.392734,46.86263217,5192154.969,453695.5921,5.14856,176.4,TRUE,3.6,496,300
2754,2022/10/8 9:07,131.392738,46.8625745,5192148.555,453695.8476,5.40784,175.9,TRUE,3.6,500,300
2755,2022/10/8 9:07,131.392749,46.862517,5192142.157,453696.6369,5.88936,176.1,TRUE,3.6,480,300
2756,2022/10/8 9:07,131.3927552,46.86245917,5192135.724,453697.0599,4.77816,173.3,TRUE,3.6,500,300
2757,2022/10/8 9:07,131.3927702,46.862406,5192129.805,453698.158,5.20412,172.9,TRUE,3.6,500,300
2758,2022/10/8 9:07,131.392768,46.86234983,5192123.562,453697.9419,5.51896,176.5,TRUE,3.6,496,300
2759,2022/10/8 9:07,131.392777,46.86229417,5192117.369,453698.5803,5.38932,182.2,TRUE,3.6,479,300
2760,2022/10/8 9:07,131.3927813,46.862238,5192111.122,453698.8599,5.59304,175.4,TRUE,3.6,493,300
2761,2022/10/8 9:07,131.3927902,46.8621845,5192105.169,453699.4925,6.24124,174.9,TRUE,3.6,500,300
2762,2022/10/8 9:07,131.3928078,46.862128,5192098.878,453700.786,5.61156,179.4,TRUE,3.6,431,300
2763,2022/10/8 9:07,131.3928208,46.86207317,5192092.775,453701.7301,5.40784,173.9,TRUE,3.6,500,300
2764,2022/10/8 9:07,131.3928343,46.8620165,5192086.467,453702.7108,5.14856,176,TRUE,3.6,500,300
2765,2022/10/8 9:07,131.3928325,46.86196133,5192080.335,453702.5261,5.48192,176.7,TRUE,3.6,486,300
2766,2022/10/8 9:08,131.3928448,46.861906,5192074.177,453703.4164,5.7412,174.8,TRUE,3.6,496,300
2767,2022/10/8 9:08,131.3928532,46.8618465,5192067.557,453704.0058,5.66712,171.1,TRUE,3.6,500,300
2768,2022/10/8 9:08,131.3928617,46.86179917,5192062.291,453704.6133,4.05588,174.5,TRUE,3.6,499,300
2769,2022/10/8 9:08,131.3928715,46.86175567,5192057.449,453705.3231,4.37072,176.5,TRUE,3.6,491,300
2770,2022/10/8 9:08,131.3928785,46.86170817,5192052.165,453705.8161,3.1484,224.4,FALSE,3.6,0,300
2771,2022/10/8 9:08,131.3928182,46.86168617,5192049.755,453701.1992,4.9078,265.8,FALSE,3.6,0,300
2772,2022/10/8 9:08,131.3927595,46.86170217,5192051.568,453696.7369,4.27812,316.4,FALSE,3.6,0,300
2773,2022/10/8 9:08,131.3927523,46.86172567,5192054.185,453696.2081,5.25968,3,FALSE,3.6,0,300
2774,2022/10/8 9:08,131.3927563,46.86175983,5192057.98,453696.5425,4.09292,357.2,TRUE,3.6,286,300
2775,2022/10/8 9:08,131.3927507,46.86180433,5192062.93,453696.1538,3.72252,351.6,TRUE,3.6,500,300
2776,2022/10/8 9:08,131.3927492,46.86185267,5192068.305,453696.0809,3.92624,353.8,TRUE,3.6,500,300
2777,2022/10/8 9:08,131.3927453,46.86189383,5192072.883,453695.819,4.74112,354.3,TRUE,3.6,500,300
2778,2022/10/8 9:08,131.3927337,46.86193817,5192077.819,453694.9726,5.16708,354.8,TRUE,3.6,500,300
2779,2022/10/8 9:08,131.3927238,46.86198733,5192083.289,453694.2599,5.68564,353.9,TRUE,3.6,500,300
2780,2022/10/8 9:08,131.3927088,46.86204183,5192089.357,453693.163,6.00048,352,TRUE,3.6,499,300
2781,2022/10/8 9:09,131.3927012,46.86209917,5192095.736,453692.6328,5.20412,358.5,TRUE,3.6,500,300
2782,2022/10/8 9:09,131.3926885,46.86214683,5192101.042,453691.7054,5.22264,353.5,TRUE,3.6,495,300
2783,2022/10/8 9:09,131.3926867,46.862191,5192105.953,453691.6061,4.75964,351.8,TRUE,3.6,500,300
2784,2022/10/8 9:09,131.3926782,46.862232,5192110.516,453690.9933,4.68556,351.1,TRUE,3.6,490,300
2785,2022/10/8 9:09,131.3926795,46.8622855,5192116.463,453691.1384,4.42628,353.9,TRUE,3.6,500,300
2786,2022/10/8 9:09,131.3926635,46.86233317,5192121.771,453689.9594,5.01892,0.5,TRUE,3.6,500,300
2787,2022/10/8 9:09,131.3926542,46.8623885,5192127.928,453689.2978,5.4634,353.5,TRUE,3.6,500,300
2788,2022/10/8 9:09,131.3926423,46.86244017,5192133.679,453688.4349,5.3708,353.4,TRUE,3.6,500,300
2789,2022/10/8 9:09,131.3926442,46.86249783,5192140.088,453688.6293,6.00048,355.7,TRUE,3.6,500,300
2790,2022/10/8 9:09,131.3926403,46.86255217,5192146.131,453688.3787,5.61156,349.6,TRUE,3.6,500,300
2791,2022/10/8 9:09,131.3926312,46.86260867,5192152.417,453687.7334,5.51896,353.2,TRUE,3.6,483,300
2792,2022/10/8 9:09,131.3926212,46.86266467,5192158.648,453687.019,5.2782,357.7,TRUE,3.6,488,300
2793,2022/10/8 9:09,131.3926105,46.8627085,5192163.527,453686.2409,5.87084,356.8,TRUE,3.6,500,300
2794,2022/10/8 9:09,131.3925958,46.8627565,5192168.872,453685.1613,5.093,358.2,TRUE,3.6,492,300
2795,2022/10/8 9:09,131.392581,46.86280433,5192174.198,453684.0739,5.16708,353.1,TRUE,3.6,500,300
2796,2022/10/8 9:10,131.3925817,46.86286217,5192180.627,453684.177,5.05596,355.3,TRUE,3.6,500,300
2797,2022/10/8 9:10,131.3925655,46.86291067,5192186.029,453682.9835,4.4448,355.7,TRUE,3.6,500,300
2798,2022/10/8 9:10,131.3925613,46.86296717,5192192.312,453682.7118,4.03736,354.9,TRUE,3.6,495,300
2799,2022/10/8 9:10,131.3925583,46.86301017,5192197.094,453682.5201,4.75964,355.5,TRUE,3.6,500,300
2800,2022/10/8 9:10,131.392553,46.863053,5192201.858,453682.1528,4.96336,357.2,TRUE,3.6,496,300
2801,2022/10/8 9:10,131.3925447,46.86310117,5192207.218,453681.5613,5.093,349.8,TRUE,3.6,477,300
2802,2022/10/8 9:10,131.3925398,46.86315033,5192212.686,453681.23,5.556,357.1,TRUE,3.6,499,300
2803,2022/10/8 9:10,131.3925322,46.86319783,5192217.971,453680.6913,5.3708,354.2,TRUE,3.6,490,300
2804,2022/10/8 9:10,131.3925215,46.86324983,5192223.758,453679.9202,5.75972,350.3,TRUE,3.6,500,300
2805,2022/10/8 9:10,131.3925097,46.863303,5192229.676,453679.0662,5.66712,352.9,TRUE,3.6,500,300
2806,2022/10/8 9:10,131.3925072,46.86336167,5192236.2,453678.926,6.019,353.1,TRUE,3.6,500,300
2807,2022/10/8 9:10,131.392487,46.86341717,5192242.381,453677.4335,5.51896,359.8,TRUE,3.6,500,300
2808,2022/10/8 9:10,131.392476,46.86347033,5192248.297,453676.6405,5.16708,354,TRUE,3.6,498,300
2809,2022/10/8 9:10,131.3924735,46.863525,5192254.376,453676.4969,5.53748,358.8,TRUE,3.6,498,300
2810,2022/10/8 9:10,131.3924655,46.86357733,5192260.199,453675.9319,5.05596,355.5,TRUE,3.6,495,300
2811,2022/10/8 9:11,131.3924587,46.8636295,5192266.002,453675.4583,4.27812,357.3,TRUE,3.6,489,300
2812,2022/10/8 9:11,131.3924502,46.863674,5192270.954,453674.8485,4.18552,354.8,TRUE,3.6,500,300
2813,2022/10/8 9:11,131.392448,46.86371867,5192275.921,453674.7192,4.77816,354,TRUE,3.6,474,300
2814,2022/10/8 9:11,131.3924372,46.86377117,5192281.764,453673.9408,5.59304,355.4,TRUE,3.6,470,300
2815,2022/10/8 9:11,131.392425,46.86382617,5192287.886,453673.0579,5.16708,1.1,TRUE,3.6,500,300
2816,2022/10/8 9:11,131.3924057,46.86388233,5192294.14,453671.6346,4.9078,353,TRUE,3.6,480,300
2817,2022/10/8 9:11,131.3923953,46.86393317,5192299.798,453670.8854,5.70416,355.4,TRUE,3.6,496,300
2818,2022/10/8 9:11,131.3923882,46.86399017,5192306.139,453670.3931,6.27828,352.4,TRUE,3.6,493,300
2819,2022/10/8 9:11,131.3923885,46.864047,5192312.456,453670.4648,5.556,356.5,TRUE,3.6,500,300
2820,2022/10/8 9:11,131.3923838,46.86410667,5192319.092,453670.1578,5.70416,352.5,TRUE,3.6,500,300
2821,2022/10/8 9:11,131.3923762,46.86416683,5192325.785,453669.6301,6.1116,353.6,TRUE,3.6,500,300
2822,2022/10/8 9:11,131.3923675,46.86421967,5192331.664,453669.0122,5.72268,350.8,TRUE,3.6,477,300
2823,2022/10/8 9:11,131.3923602,46.8642755,5192337.875,453668.5036,5.22264,353.4,TRUE,3.6,499,300
2824,2022/10/8 9:11,131.3923497,46.86432917,5192343.847,453667.7492,5.6486,351.9,TRUE,3.6,471,300
2825,2022/10/8 9:11,131.3923315,46.8643875,5192350.342,453666.4116,5.66712,356.8,TRUE,3.6,500,300
2826,2022/10/8 9:12,131.3923253,46.8644425,5192356.46,453665.9862,6.09308,357.6,TRUE,3.6,500,300
2827,2022/10/8 9:12,131.3923193,46.8644915,5192361.911,453665.5709,5.11152,352,TRUE,3.6,488,300
2828,2022/10/8 9:12,131.392313,46.86454567,5192367.937,453665.1371,4.61148,353.6,TRUE,3.6,494,300
2829,2022/10/8 9:12,131.3922985,46.864597,5192373.652,453664.0757,4.9078,356.9,TRUE,3.6,500,300
2830,2022/10/8 9:12,131.3922958,46.86465217,5192379.786,453663.9173,5.53748,352.3,TRUE,3.6,482,300
2831,2022/10/8 9:12,131.3922868,46.8647085,5192386.054,453663.2796,6.07456,354.4,TRUE,3.6,496,300
2832,2022/10/8 9:12,131.3922708,46.864765,5192392.344,453662.1082,6.09308,355.5,TRUE,3.6,488,300
2833,2022/10/8 9:12,131.3922598,46.864823,5192398.798,453661.3194,5.77824,349.9,TRUE,3.6,500,300
2834,2022/10/8 9:12,131.3922467,46.86487683,5192404.79,453660.3669,5.8338,353,TRUE,3.6,482,300
2835,2022/10/8 9:12,131.3922377,46.864931,5192410.818,453659.7273,6.00048,346.9,TRUE,3.6,484,300
2836,2022/10/8 9:12,131.3922268,46.86499667,5192418.124,453658.9527,5.8338,358.3,TRUE,3.6,488,300
2837,2022/10/8 9:12,131.3922162,46.86505617,5192424.745,453658.1957,6.00048,351.6,TRUE,3.6,500,300
2838,2022/10/8 9:12,131.3922063,46.865114,5192431.18,453657.4906,5.48192,355.6,TRUE,3.6,500,300
2839,2022/10/8 9:12,131.3922032,46.86516817,5192437.204,453657.3009,4.66704,351.2,TRUE,3.6,500,300
2840,2022/10/8 9:12,131.3922045,46.86521883,5192442.835,453657.4436,5.05596,357.4,TRUE,3.6,496,300
2841,2022/10/8 9:13,131.3921958,46.865267,5192448.195,453656.8217,4.92632,353.2,TRUE,3.6,487,300
2842,2022/10/8 9:13,131.3921872,46.86532067,5192454.166,453656.2122,5.07448,353.9,TRUE,3.6,495,300
2843,2022/10/8 9:13,131.3921732,46.8653745,5192460.159,453655.191,5.13004,353.9,TRUE,3.6,487,300
2844,2022/10/8 9:13,131.3921658,46.8654325,5192466.611,453654.6767,5.13004,357.6,TRUE,3.6,497,300
2845,2022/10/8 9:13,131.3921528,46.86548883,5192472.88,453653.734,5.59304,354,TRUE,3.6,500,300
2846,2022/10/8 9:13,131.3921398,46.86554217,5192478.818,453652.7887,5.50044,355.4,TRUE,3.6,482,300
2847,2022/10/8 9:13,131.3921327,46.865592,5192484.361,453652.2903,5.44488,349,TRUE,3.6,464,300
2848,2022/10/8 9:13,131.3921332,46.86565167,5192490.995,453652.3797,6.1116,358.6,TRUE,3.6,500,300
2849,2022/10/8 9:13,131.3921127,46.86570617,5192497.065,453650.8636,6.61164,352.3,TRUE,3.6,500,300
2850,2022/10/8 9:13,131.3921065,46.865766,5192503.72,453650.4424,5.96344,2.1,TRUE,3.6,500,300
2851,2022/10/8 9:13,131.3921022,46.8658195,5192509.67,453650.1606,5.79676,356.8,TRUE,3.6,500,300
2852,2022/10/8 9:13,131.3921013,46.865876,5192515.952,453650.1406,6.00048,355.1,TRUE,3.6,488,300
2853,2022/10/8 9:13,131.3920863,46.865933,5192522.297,453649.046,5.14856,359.7,TRUE,3.6,493,300
2854,2022/10/8 9:13,131.3920785,46.86598833,5192528.453,453648.4989,5.48192,358.6,TRUE,3.6,491,300
2855,2022/10/8 9:13,131.3920715,46.86604183,5192534.404,453648.0112,5.61156,356.6,TRUE,3.6,500,300
2856,2022/10/8 9:14,131.3920598,46.86609667,5192540.508,453647.1663,6.33384,1.9,TRUE,3.6,477,300
2857,2022/10/8 9:14,131.3920525,46.86615183,5192546.644,453646.6572,5.44488,356.6,TRUE,3.6,489,300
2858,2022/10/8 9:14,131.392043,46.8662085,5192552.949,453645.9817,5.50044,358,TRUE,3.6,500,300
2859,2022/10/8 9:14,131.3920313,46.86626017,5192558.7,453645.1341,5.50044,355.8,TRUE,3.6,499,300
2860,2022/10/8 9:14,131.3920197,46.866311,5192564.358,453644.2934,5.72268,350.7,TRUE,3.6,500,300
2861,2022/10/8 9:14,131.3920192,46.866367,5192570.584,453644.3035,6.1116,353,TRUE,3.6,500,300
2862,2022/10/8 9:14,131.3920155,46.866425,5192577.033,453644.0713,6.09308,350.2,TRUE,3.6,499,300
2863,2022/10/8 9:14,131.3920053,46.86648483,5192583.691,453643.3451,5.63008,350.9,TRUE,3.6,500,300
2864,2022/10/8 9:14,131.391992,46.866539,5192589.72,453642.3777,5.35228,355.2,TRUE,3.6,496,300
2865,2022/10/8 9:14,131.3919847,46.86659583,5192596.042,453641.87,5.53748,353.3,TRUE,3.6,500,300
2866,2022/10/8 9:14,131.3919688,46.86665233,5192602.333,453640.7064,5.8338,353.8,TRUE,3.6,482,300
2867,2022/10/8 9:14,131.3919597,46.86670667,5192608.379,453640.0593,5.51896,357.2,TRUE,3.6,482,300
2868,2022/10/8 9:14,131.3919472,46.8667555,5192613.815,453639.1483,4.77816,354.1,TRUE,3.6,490,300
2869,2022/10/8 9:14,131.3919387,46.86681033,5192619.915,453638.5475,5.87084,355.8,TRUE,3.6,484,300
2870,2022/10/8 9:14,131.3919303,46.86686967,5192626.517,453637.9581,5.6486,355.5,TRUE,3.6,499,300
2871,2022/10/8 9:15,131.3919242,46.86693083,5192633.319,453637.5457,5.66712,358.2,TRUE,3.6,500,300
2872,2022/10/8 9:15,131.3919182,46.86698067,5192638.864,453637.1311,5.68564,355.4,TRUE,3.6,500,300
2873,2022/10/8 9:15,131.3919128,46.86703467,5192644.87,453636.7659,5.79676,356.5,TRUE,3.6,500,300
2874,2022/10/8 9:15,131.391901,46.86708867,5192650.88,453635.9127,5.14856,350.2,TRUE,3.6,498,300
2875,2022/10/8 9:15,131.3918838,46.86713617,5192656.17,453634.6422,5.88936,354.1,TRUE,3.6,478,300
2876,2022/10/8 9:15,131.391879,46.86718917,5192662.065,453634.3219,5.50044,359.4,TRUE,3.6,500,300
2877,2022/10/8 9:15,131.3918727,46.86724633,5192668.423,453633.8908,5.61156,353.8,TRUE,3.6,499,300
2878,2022/10/8 9:15,131.391867,46.86730367,5192674.801,453633.5055,5.4634,351.9,TRUE,3.6,462,300
2879,2022/10/8 9:15,131.391857,46.867357,5192680.735,453632.789,5.2782,354.8,TRUE,3.6,500,300
2880,2022/10/8 9:15,131.3918493,46.86741083,5192686.724,453632.2483,6.00048,350.5,TRUE,3.6,485,300
2881,2022/10/8 9:15,131.3918327,46.86746433,5192692.681,453631.0287,5.556,352.3,TRUE,3.6,500,300
2882,2022/10/8 9:15,131.3918332,46.86751567,5192698.389,453631.1111,5.25968,350.6,TRUE,3.6,477,300
2883,2022/10/8 9:15,131.3918157,46.86757167,5192704.624,453629.825,4.51888,353,TRUE,3.6,488,300
2884,2022/10/8 9:15,131.3918048,46.86762633,5192710.707,453629.0411,5.1856,359.1,TRUE,3.6,488,300
2885,2022/10/8 9:15,131.3918008,46.8676795,5192716.62,453628.7819,4.9078,354.4,TRUE,3.6,500,300
2886,2022/10/8 9:16,131.3917925,46.86773133,5192722.387,453628.1937,5.33376,351.7,TRUE,3.6,500,300
2887,2022/10/8 9:16,131.3917773,46.86777783,5192727.565,453627.0748,4.87076,353.4,TRUE,3.6,500,300
2888,2022/10/8 9:16,131.391765,46.86782617,5192732.946,453626.1787,5.42636,355.1,TRUE,3.6,485,300
2889,2022/10/8 9:16,131.3917568,46.86787867,5192738.788,453625.5987,5.48192,352,TRUE,3.6,500,300
2890,2022/10/8 9:16,131.3917508,46.86793467,5192745.017,453625.1895,5.01892,351.1,TRUE,3.6,500,300
2891,2022/10/8 9:16,131.3917478,46.86799083,5192751.262,453625.0091,5.20412,1.1,TRUE,3.6,499,300
2892,2022/10/8 9:16,131.391732,46.8680435,5192757.126,453623.8498,5.35228,2.1,TRUE,3.6,493,300
2893,2022/10/8 9:16,131.3917152,46.8680955,5192762.917,453622.6138,5.87084,349.7,TRUE,3.6,485,300
2894,2022/10/8 9:16,131.3917122,46.868151,5192769.088,453622.4328,5.24116,353.8,TRUE,3.6,500,300
2895,2022/10/8 9:16,131.3917052,46.868204,5192774.984,453621.9448,6.14864,354.8,TRUE,3.6,500,300
2896,2022/10/8 9:16,131.391695,46.868257,5192780.882,453621.2128,5.51896,349.1,TRUE,3.6,500,300
2897,2022/10/8 9:16,131.3916812,46.8683115,5192786.949,453620.2076,5.98196,353.6,TRUE,3.6,497,300
2898,2022/10/8 9:16,131.3916762,46.8683645,5192792.844,453619.872,5.22264,347.4,TRUE,3.6,499,300
2899,2022/10/8 9:16,131.3916607,46.86842,5192799.023,453618.7381,5.81528,352.1,TRUE,3.6,488,300
2900,2022/10/8 9:16,131.3916635,46.86847567,5192805.21,453618.9995,4.42628,355,TRUE,3.6,480,300
2901,2022/10/8 9:17,131.3916617,46.8685275,5192810.973,453618.9069,5.63008,351.1,TRUE,3.6,488,300
2902,2022/10/8 9:17,131.3916503,46.86857583,5192816.352,453618.0794,5.40784,351,TRUE,3.6,500,300
2903,2022/10/8 9:17,131.3916397,46.86862817,5192822.177,453617.3163,5.25968,352.6,TRUE,3.6,500,300
2904,2022/10/8 9:17,131.3916317,46.8686825,5192828.222,453616.7532,5.44488,356,TRUE,3.6,500,300
2905,2022/10/8 9:17,131.3916267,46.86873667,5192834.247,453616.4186,5.44488,357.1,TRUE,3.6,500,300
2906,2022/10/8 9:17,131.3916217,46.868792,5192840.4,453616.0851,5.68564,353,TRUE,3.6,492,300
2907,2022/10/8 9:17,131.3916138,46.86885,5192846.853,453615.5327,6.03752,353.1,TRUE,3.6,500,300
2908,2022/10/8 9:17,131.391604,46.86890733,5192853.232,453614.835,5.81528,355.2,TRUE,3.6,500,300
2909,2022/10/8 9:17,131.3915952,46.868964,5192859.537,453614.2129,4.96336,350.5,TRUE,3.6,500,300
2910,2022/10/8 9:17,131.3915823,46.8690155,5192865.27,453613.2737,5.1856,358,TRUE,3.6,500,300
2911,2022/10/8 9:17,131.3915695,46.86906483,5192870.761,453612.3403,6.16716,350.4,TRUE,3.6,500,300
2912,2022/10/8 9:17,131.3915613,46.86911783,5192876.658,453611.7608,5.72268,356.7,TRUE,3.6,500,300
2913,2022/10/8 9:17,131.3915563,46.86917167,5192882.646,453611.426,5.44488,356.3,TRUE,3.6,475,300
2914,2022/10/8 9:17,131.391543,46.86922583,5192888.675,453610.4586,5.90788,353.7,TRUE,3.6,476,300
2915,2022/10/8 9:17,131.3915297,46.86928167,5192894.89,453609.4927,5.87084,352.9,TRUE,3.6,496,300
2916,2022/10/8 9:18,131.3915223,46.86933667,5192901.009,453608.976,5.1856,352.1,TRUE,3.6,460,300
2917,2022/10/8 9:18,131.3915133,46.86939283,5192907.257,453608.3382,5.44488,352.8,TRUE,3.6,500,300
2918,2022/10/8 9:18,131.3915037,46.8694475,5192913.341,453607.6534,5.87084,353.7,TRUE,3.6,464,300
2919,2022/10/8 9:18,131.3915028,46.86949867,5192919.03,453607.6288,4.83372,356.7,TRUE,3.6,500,300
2920,2022/10/8 9:18,131.391522,46.8695445,5192924.113,453609.1322,4.98188,41.2,FALSE,3.6,0,300
2921,2022/10/8 9:18,131.3915848,46.86957117,5192927.041,453613.943,4.57444,67.7,FALSE,3.6,0,300
2922,2022/10/8 9:18,131.3916625,46.86958033,5192928.013,453619.8748,5.42636,85.6,FALSE,3.6,0,300
2923,2022/10/8 9:18,131.3917297,46.86957383,5192927.251,453624.9926,4.11144,115.5,FALSE,3.6,0,300
2924,2022/10/8 9:18,131.3917865,46.86953883,5192923.327,453629.2929,3.704,157.6,FALSE,3.6,0,300
2925,2022/10/8 9:18,131.3917897,46.869496,5192918.563,453629.5,4.85224,180.7,TRUE,3.6,470,300
2926,2022/10/8 9:18,131.3917862,46.86945433,5192913.933,453629.1973,4.48184,168.2,TRUE,3.6,500,300
2927,2022/10/8 9:18,131.3917983,46.869408,5192908.775,453630.0799,4.87076,175.7,TRUE,3.6,500,300
2928,2022/10/8 9:18,131.3918025,46.86935817,5192903.233,453630.3572,5.22264,177.8,TRUE,3.6,497,300
2929,2022/10/8 9:18,131.3918078,46.86929967,5192896.727,453630.7109,5.33376,177.5,TRUE,3.6,490,300
2930,2022/10/8 9:18,131.3918163,46.869246,5192890.756,453631.3127,5.2782,179.5,TRUE,3.6,500,300
2931,2022/10/8 9:19,131.3918233,46.86919233,5192884.785,453631.8002,4.98188,174.6,TRUE,3.6,480,300
2932,2022/10/8 9:19,131.3918168,46.8691335,5192878.249,453631.2539,5.3708,180.1,TRUE,3.6,500,300
2933,2022/10/8 9:19,131.3918188,46.86907867,5192872.152,453631.3592,4.7226,177,TRUE,3.6,497,300
2934,2022/10/8 9:19,131.3918263,46.86902967,5192866.701,453631.8888,5.16708,179.3,TRUE,3.6,485,300
2935,2022/10/8 9:19,131.3918382,46.86897617,5192860.746,453632.75,5.61156,183,TRUE,3.6,443,300
2936,2022/10/8 9:19,131.3918465,46.86893233,5192855.868,453633.3451,5.8338,171.5,TRUE,3.6,478,300
2937,2022/10/8 9:19,131.3918567,46.86887467,5192849.452,453634.0731,5.16708,179.6,TRUE,3.6,411,300
2938,2022/10/8 9:19,131.3918697,46.86881767,5192843.108,453635.0151,5.42636,175.4,TRUE,3.6,465,300
2939,2022/10/8 9:19,131.3918725,46.86876283,5192837.009,453635.1814,5.3708,170.6,TRUE,3.6,500,300
2940,2022/10/8 9:19,131.3918777,46.86870717,5192830.819,453635.5299,5.42636,177.8,TRUE,3.6,483,300
2941,2022/10/8 9:19,131.3918933,46.86864917,5192824.362,453636.6693,5.40784,177.2,TRUE,3.6,425,300
2942,2022/10/8 9:19,131.391896,46.86858933,5192817.708,453636.8237,5.68564,181.3,TRUE,3.6,476,300
2943,2022/10/8 9:19,131.3919038,46.8685365,5192811.83,453637.3729,5.70416,179.4,TRUE,3.6,500,300
2944,2022/10/8 9:19,131.3919192,46.86847467,5192804.948,453638.4938,5.53748,177.5,TRUE,3.6,500,300
2945,2022/10/8 9:19,131.391936,46.8684205,5192798.916,453639.728,5.16708,177.7,TRUE,3.6,426,300
2946,2022/10/8 9:20,131.3919465,46.86836833,5192793.11,453640.4836,5.57452,180.7,TRUE,3.6,477,300
2947,2022/10/8 9:20,131.391957,46.868315,5192787.175,453641.2382,5.48192,177.7,TRUE,3.6,497,300
2948,2022/10/8 9:20,131.3919718,46.86826033,5192781.089,453642.3195,5.7412,176.1,TRUE,3.6,465,300
2949,2022/10/8 9:20,131.3919805,46.86820817,5192775.285,453642.9379,5.90788,179.6,TRUE,3.6,500,300
2950,2022/10/8 9:20,131.3919878,46.8681505,5192768.87,453643.4449,5.11152,176.3,TRUE,3.6,440,300
2951,2022/10/8 9:20,131.3919968,46.86809783,5192763.009,453644.0857,5.66712,169.7,TRUE,3.6,485,300
2952,2022/10/8 9:20,131.3920092,46.8680435,5192756.962,453644.9843,5.7412,180.8,TRUE,3.6,451,300
2953,2022/10/8 9:20,131.392018,46.867987,5192750.676,453645.6066,5.31524,183.7,TRUE,3.6,500,300
2954,2022/10/8 9:20,131.3920173,46.86793117,5192744.47,453645.5052,4.59296,175.9,TRUE,3.6,500,300
2955,2022/10/8 9:20,131.39202,46.86787717,5192738.465,453645.6646,5.8338,174.7,TRUE,3.6,496,300
2956,2022/10/8 9:20,131.3920338,46.8678245,5192732.602,453646.6714,5.57452,175.1,TRUE,3.6,494,300
2957,2022/10/8 9:20,131.3920493,46.86777517,5192727.109,453647.8107,5.53748,172.8,TRUE,3.6,466,300
2958,2022/10/8 9:20,131.392059,46.8677205,5192721.026,453648.5032,5.70416,171.8,TRUE,3.6,486,300
2959,2022/10/8 9:20,131.3920775,46.86760733,5192708.434,453649.8163,5.4634,179.7,TRUE,3.6,448,300
2960,2022/10/8 9:21,131.3920853,46.867555,5192702.612,453650.3659,5.05596,180,TRUE,3.6,442,300
2961,2022/10/8 9:21,131.3921065,46.8674405,5192689.871,453651.8837,5.25968,177.9,TRUE,3.6,480,300
2962,2022/10/8 9:21,131.3921108,46.86738567,5192683.773,453652.1644,5.07448,173.4,TRUE,3.6,493,300
2963,2022/10/8 9:21,131.3920973,46.86733333,5192677.962,453651.09,5.38932,173.7,TRUE,3.6,463,300
2964,2022/10/8 9:21,131.3921115,46.8672785,5192671.859,453652.1255,6.05604,175.4,TRUE,3.6,475,300
2965,2022/10/8 9:21,131.3921155,46.86722117,5192665.483,453652.3811,5.4634,179,TRUE,3.6,453,300
2966,2022/10/8 9:21,131.3921192,46.86716283,5192658.995,453652.613,5.1856,171.3,TRUE,3.6,500,300
2967,2022/10/8 9:21,131.3921307,46.86710833,5192652.93,453653.4429,5.70416,179.3,TRUE,3.6,500,300
2968,2022/10/8 9:21,131.392137,46.86704967,5192646.405,453653.8727,6.019,180,TRUE,3.6,500,300
2969,2022/10/8 9:21,131.3921482,46.866989,5192639.654,453654.6745,5.94492,176.4,TRUE,3.6,488,300
2970,2022/10/8 9:21,131.3921588,46.866934,5192633.533,453655.4353,5.81528,178.8,TRUE,3.6,490,300
2971,2022/10/8 9:21,131.3921717,46.86687933,5192627.448,453656.3718,5.61156,181.1,TRUE,3.6,475,300
2972,2022/10/8 9:21,131.3921837,46.86682733,5192621.66,453657.242,5.38932,181.2,TRUE,3.6,460,300
2973,2022/10/8 9:21,131.3921903,46.86676833,5192615.098,453657.6944,5.66712,179.8,TRUE,3.6,460,300
2974,2022/10/8 9:22,131.3922003,46.86671283,5192608.922,453658.4091,5.44488,178.7,TRUE,3.6,440,300
2975,2022/10/8 9:22,131.392215,46.86666083,5192603.132,453659.4852,5.70416,177.6,TRUE,3.6,465,300
2976,2022/10/8 9:22,131.3922282,46.86660883,5192597.344,453660.4468,5.59304,174.7,TRUE,3.6,476,300
2977,2022/10/8 9:22,131.3922483,46.86655417,5192591.256,453661.9323,5.51896,176.5,TRUE,3.6,436,300
2978,2022/10/8 9:22,131.3922625,46.86649933,5192585.151,453662.9678,5.59304,173.6,TRUE,3.6,476,300
2979,2022/10/8 9:22,131.3922753,46.86644283,5192578.862,453663.8951,5.6486,173.6,TRUE,3.6,461,300
2980,2022/10/8 9:22,131.3922833,46.8663885,5192572.818,453664.4583,5.63008,173.7,TRUE,3.6,499,300
2981,2022/10/8 9:22,131.3922898,46.86632933,5192566.236,453664.903,5.87084,172.5,TRUE,3.6,468,300
2982,2022/10/8 9:22,131.3923,46.86626967,5192559.598,453665.6294,6.14864,172.9,TRUE,3.6,480,300
2983,2022/10/8 9:22,131.3923113,46.86620917,5192552.865,453666.4389,6.2968,173.7,TRUE,3.6,482,300
2984,2022/10/8 9:22,131.3923178,46.86615433,5192546.765,453666.8873,5.63008,172.9,TRUE,3.6,480,300
2985,2022/10/8 9:22,131.39232,46.86609467,5192540.132,453667.0037,5.77824,179.1,TRUE,3.6,475,300
2986,2022/10/8 9:22,131.3923207,46.86602983,5192532.923,453667.0013,6.22272,183.6,TRUE,3.6,500,300
2987,2022/10/8 9:22,131.392326,46.86596883,5192526.139,453667.3529,5.40784,177,TRUE,3.6,500,300
2988,2022/10/8 9:22,131.3923243,46.86590667,5192519.23,453667.1698,5.31524,181.6,TRUE,3.6,484,300
2989,2022/10/8 9:23,131.3923317,46.86584667,5192512.555,453667.6824,5.68564,177.4,TRUE,3.6,470,300
2990,2022/10/8 9:23,131.3923458,46.86578617,5192505.821,453668.7054,5.29672,176.9,TRUE,3.6,443,300
2991,2022/10/8 9:23,131.3923548,46.86572983,5192499.553,453669.3431,5.79676,176.2,TRUE,3.6,471,300
2992,2022/10/8 9:23,131.3923655,46.86566967,5192492.858,453670.1072,5.50044,174.3,TRUE,3.6,497,300
2993,2022/10/8 9:23,131.3923762,46.86561583,5192486.867,453670.8767,5.72268,180.3,TRUE,3.6,453,300
2994,2022/10/8 9:23,131.3923882,46.86555317,5192479.894,453671.7378,5.31524,177.4,TRUE,3.6,457,300
2995,2022/10/8 9:23,131.3924082,46.86549917,5192473.879,453673.2162,5.72268,179.2,TRUE,3.6,462,300
2996,2022/10/8 9:23,131.3924248,46.86544333,5192467.662,453674.4339,5.44488,176.4,TRUE,3.6,428,300
2997,2022/10/8 9:23,131.3924428,46.865389,5192461.611,453675.7596,5.6486,182.1,TRUE,3.6,463,300
2998,2022/10/8 9:23,131.3924478,46.865333,5192455.383,453676.0926,5.63008,179.1,TRUE,3.6,491,300
2999,2022/10/8 9:23,131.392466,46.86527733,5192449.184,453677.4324,5.9264,174.5,TRUE,3.6,500,300
3000,2022/10/8 9:23,131.392476,46.86521633,5192442.396,453678.1424,5.59304,173.8,TRUE,3.6,500,300
3001,2022/10/8 9:23,131.3924765,46.865157,5192435.801,453678.1295,5.66712,178.5,TRUE,3.6,467,300
3002,2022/10/8 9:23,131.3924933,46.865102,5192429.676,453679.3632,5.75972,175.8,TRUE,3.6,438,300
3003,2022/10/8 9:23,131.3925097,46.865052,5192424.108,453680.5706,5.90788,172,TRUE,3.6,465,300
3004,2022/10/8 9:24,131.3925123,46.86499717,5192418.011,453680.7217,6.03752,180.3,TRUE,3.6,466,300
3005,2022/10/8 9:24,131.3925222,46.864942,5192411.873,453681.4291,5.42636,168.7,TRUE,3.6,457,300
3006,2022/10/8 9:24,131.3925288,46.86488217,5192405.217,453681.8808,5.2782,176.7,TRUE,3.6,477,300
3007,2022/10/8 9:24,131.3925418,46.8648175,5192398.021,453682.8164,6.03752,173.8,TRUE,3.6,458,300
3008,2022/10/8 9:24,131.3925457,46.8647585,5192391.459,453683.063,6.87092,176.4,TRUE,3.6,489,300
3009,2022/10/8 9:24,131.3925547,46.86470517,5192385.525,453683.7034,5.59304,173.7,TRUE,3.6,444,300
3010,2022/10/8 9:24,131.3925675,46.8646475,5192379.107,453684.6298,5.63008,176.4,TRUE,3.6,463,300
3011,2022/10/8 9:24,131.3925718,46.86458983,5192372.693,453684.908,5.42636,177.5,TRUE,3.6,436,300
3012,2022/10/8 9:24,131.392583,46.86452933,5192365.961,453685.71,5.96344,175.3,TRUE,3.6,477,300
3013,2022/10/8 9:24,131.392589,46.864465,5192358.806,453686.1121,5.53748,177.8,TRUE,3.6,439,300
3014,2022/10/8 9:24,131.392593,46.86440617,5192352.264,453686.3665,5.88936,179.8,TRUE,3.6,359,300
3015,2022/10/8 9:24,131.392599,46.8643545,5192346.516,453686.7796,6.3894,174,TRUE,3.6,459,300
3016,2022/10/8 9:24,131.3926028,46.8642975,5192340.177,453687.0203,6.50052,175.5,TRUE,3.6,486,300
3017,2022/10/8 9:24,131.3926153,46.86423283,5192332.981,453687.9178,6.019,174.6,TRUE,3.6,467,300
3018,2022/10/8 9:24,131.3926313,46.86417633,5192326.69,453689.0892,5.96344,176.5,TRUE,3.6,487,300
3019,2022/10/8 9:25,131.3926382,46.86412233,5192320.683,453689.5688,5.51896,172.7,TRUE,3.6,491,300
3020,2022/10/8 9:25,131.3926517,46.86406583,5192314.394,453690.5496,6.44496,180.5,TRUE,3.6,442,300
3021,2022/10/8 9:25,131.392656,46.86400617,5192307.759,453690.8262,6.00048,174.6,TRUE,3.6,442,300
3022,2022/10/8 9:25,131.3926572,46.86394933,5192301.44,453690.8688,6.2968,177.1,TRUE,3.6,449,300
3023,2022/10/8 9:25,131.3926668,46.86388733,5192294.542,453691.5475,5.90788,174.2,TRUE,3.6,460,300
3024,2022/10/8 9:25,131.3926892,46.86382917,5192288.063,453693.2054,5.63008,176.8,TRUE,3.6,440,300
3025,2022/10/8 9:25,131.392699,46.863772,5192281.702,453693.9035,5.44488,171.4,TRUE,3.6,478,300
3026,2022/10/8 9:25,131.392706,46.863715,5192275.361,453694.3882,5.85232,174.9,TRUE,3.6,441,300
3027,2022/10/8 9:25,131.3927132,46.86366183,5192269.446,453694.8915,5.63008,175.8,TRUE,3.6,408,300
3028,2022/10/8 9:25,131.3927175,46.86359933,5192262.496,453695.1656,5.81528,182.5,TRUE,3.6,435,300
3029,2022/10/8 9:25,131.392733,46.8635435,5192256.28,453696.2995,5.9264,172,TRUE,3.6,480,300
3030,2022/10/8 9:25,131.3927395,46.86348283,5192249.532,453696.7429,5.63008,173.1,TRUE,3.6,464,300
3031,2022/10/8 9:25,131.3927398,46.863419,5192242.436,453696.7109,5.53748,176.1,TRUE,3.6,478,300
3032,2022/10/8 9:25,131.3927555,46.86336383,5192236.293,453697.8606,5.68564,174,TRUE,3.6,429,300
3033,2022/10/8 9:25,131.3927705,46.86330567,5192229.819,453698.9543,5.98196,174.7,TRUE,3.6,427,300
3034,2022/10/8 9:26,131.3927742,46.86324283,5192222.831,453699.1824,5.87084,171.4,TRUE,3.6,371,300
3035,2022/10/8 9:26,131.3927907,46.86318683,5192216.596,453700.3924,6.16716,174.5,TRUE,3.6,483,300
3036,2022/10/8 9:26,131.3927963,46.86313083,5192210.367,453700.7713,5.48192,175,TRUE,3.6,480,300
3037,2022/10/8 9:26,131.392807,46.86307167,5192203.784,453701.5363,5.87084,177.4,TRUE,3.6,479,300
3038,2022/10/8 9:26,131.3928162,46.8630185,5192197.868,453702.1921,5.88936,176.7,TRUE,3.6,452,300
3039,2022/10/8 9:26,131.392824,46.86296067,5192191.434,453702.7371,5.48192,177.4,TRUE,3.6,418,300
3040,2022/10/8 9:26,131.392835,46.862905,5192185.239,453703.528,5.50044,180.6,TRUE,3.6,431,300
3041,2022/10/8 9:26,131.3928507,46.86284133,5192178.152,453704.6704,5.70416,180.5,TRUE,3.6,476,300
3042,2022/10/8 9:26,131.3928577,46.8627875,5192172.164,453705.1579,5.88936,174.3,TRUE,3.6,452,300
3043,2022/10/8 9:26,131.3928565,46.862722,5192164.883,453705.01,5.66712,179.6,TRUE,3.6,486,300
3044,2022/10/8 9:26,131.3928585,46.86265983,5192157.97,453705.1091,5.68564,177.5,TRUE,3.6,455,300
3045,2022/10/8 9:26,131.3928677,46.86260367,5192151.722,453705.7623,6.07456,177,TRUE,3.6,498,300
3046,2022/10/8 9:26,131.3928817,46.86254333,5192145.006,453706.778,5.38932,176.1,TRUE,3.6,449,300
3047,2022/10/8 9:26,131.3928953,46.86249817,5192139.977,453707.7762,5.44488,174,TRUE,3.6,497,300
3048,2022/10/8 9:26,131.3929152,46.862437,5192133.165,453709.241,5.79676,176,TRUE,3.6,437,300
3049,2022/10/8 9:27,131.3929235,46.86237733,5192126.527,453709.8226,6.07456,176.9,TRUE,3.6,470,300
3050,2022/10/8 9:27,131.3929277,46.86232483,5192120.688,453710.0977,5.50044,173.5,TRUE,3.6,494,300
3051,2022/10/8 9:27,131.3929393,46.86227183,5192114.79,453710.9366,5.40784,177.2,TRUE,3.6,444,300
3052,2022/10/8 9:27,131.3929485,46.86221533,5192108.503,453711.5896,5.94492,178.6,TRUE,3.6,465,300
3053,2022/10/8 9:27,131.3929602,46.86215883,5192102.215,453712.4332,6.13012,167.2,TRUE,3.6,500,300
3054,2022/10/8 9:27,131.3929735,46.86210667,5192096.409,453713.4025,5.42636,174.1,TRUE,3.6,461,300
3055,2022/10/8 9:27,131.3929882,46.86204467,5192089.508,453714.4701,5.9264,174.8,TRUE,3.6,469,300
3056,2022/10/8 9:27,131.3929932,46.861989,5192083.316,453714.8035,5.96344,174.8,TRUE,3.6,465,300
3057,2022/10/8 9:27,131.3929977,46.86193133,5192076.903,453715.0971,5.7412,178.7,TRUE,3.6,478,300
3058,2022/10/8 9:27,131.3930062,46.86187283,5192070.394,453715.6949,5.90788,174.6,TRUE,3.6,446,300
3059,2022/10/8 9:27,131.3930202,46.86181433,5192063.883,453716.7122,4.7226,170.8,TRUE,3.6,426,300
3060,2022/10/8 9:27,131.3930322,46.86175417,5192057.188,453717.5755,5.38932,195.7,TRUE,3.6,201,300
3061,2022/10/8 9:27,131.3929887,46.86172783,5192054.285,453714.2359,4.14848,252.6,FALSE,3.6,0,300
3062,2022/10/8 9:27,131.3929148,46.861725,5192054.014,453708.5985,5.85232,288.1,FALSE,3.6,0,300
3063,2022/10/8 9:27,131.3928593,46.86175983,5192057.919,453704.3964,5.20412,326.1,FALSE,3.6,0,300
3064,2022/10/8 9:28,131.3928628,46.86180917,5192063.402,453704.7057,5.24116,342.5,FALSE,3.6,0,300
3065,2022/10/8 9:28,131.3928732,46.861853,5192068.268,453705.5364,5.35228,0.6,TRUE,3.6,422,300
3066,2022/10/8 9:28,131.3928548,46.86189883,5192073.374,453704.1728,0,0,FALSE,3.6,0,300
3067,2022/10/8 9:28,131.3928515,46.86189567,5192073.025,453703.9184,0,0,FALSE,3.6,0,300
3068,2022/10/8 9:28,131.3928495,46.86189417,5192072.859,453703.7647,0,0,FALSE,3.6,0,300
3069,2022/10/8 9:28,131.3928487,46.861892,5192072.618,453703.7018,0,0,FALSE,3.6,0,300
3070,2022/10/8 9:28,131.3928513,46.86186317,5192069.412,453703.8753,2.6854,176,FALSE,3.6,0,300
3071,2022/10/8 9:28,131.392858,46.8618195,5192064.553,453704.3486,4.27812,170.7,FALSE,3.6,0,300
3072,2022/10/8 9:28,131.3928627,46.86178267,5192060.456,453704.6753,3.22248,175.3,FALSE,3.6,0,300
3073,2022/10/8 9:28,131.392867,46.86175167,5192057.007,453704.9766,0,167.5,FALSE,3.6,0,300
3074,2022/10/8 9:28,131.3928685,46.86175583,5192057.469,453705.0945,0,0,FALSE,3.6,0,300
3075,2022/10/8 9:28,131.3928655,46.86175967,5192057.897,453704.8691,0,0,FALSE,3.6,0,300
3076,2022/10/8 9:28,131.3928597,46.86178483,5192060.698,453704.4484,5.79676,347.1,TRUE,3.6,361,300
3077,2022/10/8 9:28,131.3928478,46.86186367,5192069.469,453703.6088,6.14864,353.3,TRUE,3.6,454,300
3078,2022/10/8 9:28,131.3928417,46.86192333,5192076.105,453703.195,5.31524,354.3,TRUE,3.6,472,300
3079,2022/10/8 9:29,131.392833,46.86198017,5192082.429,453702.5804,5.77824,352.2,TRUE,3.6,466,300
3080,2022/10/8 9:29,131.3928268,46.86203883,5192088.954,453702.1581,6.53756,353.3,TRUE,3.6,495,300
3081,2022/10/8 9:29,131.39281,46.862097,5192095.43,453700.9271,5.8338,353,TRUE,3.6,500,300
3082,2022/10/8 9:29,131.3927968,46.86215,5192101.33,453699.9661,5.42636,355.4,TRUE,3.6,498,300
3083,2022/10/8 9:29,131.3927913,46.86220683,5192107.651,453699.5956,5.57452,355.4,TRUE,3.6,489,300
3084,2022/10/8 9:29,131.3927828,46.8622625,5192113.845,453698.9953,5.68564,352.9,TRUE,3.6,500,300
3085,2022/10/8 9:29,131.3927717,46.86231767,5192119.984,453698.1964,5.66712,357.1,TRUE,3.6,500,300
3086,2022/10/8 9:29,131.3927608,46.862374,5192126.253,453697.4137,5.88936,356.6,TRUE,3.6,462,300
3087,2022/10/8 9:29,131.392756,46.8624295,5192132.426,453697.0954,5.85232,357.5,TRUE,3.6,473,300
3088,2022/10/8 9:29,131.3927473,46.8624865,5192138.767,453696.481,5.556,356.4,TRUE,3.6,496,300
3089,2022/10/8 9:29,131.3927343,46.86254517,5192145.297,453695.5402,5.59304,350.9,TRUE,3.6,492,300
3090,2022/10/8 9:29,131.3927225,46.86260117,5192151.529,453694.6886,5.72268,350.3,TRUE,3.6,486,300
3091,2022/10/8 9:29,131.3927157,46.8626585,5192157.907,453694.2194,5.72268,351.7,TRUE,3.6,500,300
3092,2022/10/8 9:29,131.3927053,46.86271133,5192163.786,453693.4718,5.2782,352.8,TRUE,3.6,481,300
3093,2022/10/8 9:29,131.3926972,46.86276433,5192169.683,453692.8998,5.88936,356.8,TRUE,3.6,465,300
3094,2022/10/8 9:30,131.3926957,46.86281533,5192175.353,453692.8292,5.9264,354.9,TRUE,3.6,500,300
3095,2022/10/8 9:30,131.3926847,46.86287517,5192182.012,453692.042,5.48192,350.6,TRUE,3.6,500,300
3096,2022/10/8 9:30,131.3926742,46.86293733,5192188.928,453691.2948,5.94492,346.6,TRUE,3.6,500,300
3097,2022/10/8 9:30,131.3926653,46.86299283,5192195.103,453690.6639,5.85232,353.3,TRUE,3.6,500,300
3098,2022/10/8 9:30,131.3926568,46.863045,5192200.908,453690.0606,6.05604,353,TRUE,3.6,478,300
3099,2022/10/8 9:30,131.3926478,46.8630975,5192206.749,453689.4195,5.556,351.6,TRUE,3.6,479,300
3100,2022/10/8 9:30,131.3926347,46.86314983,5192212.575,453688.4656,5.75972,354,TRUE,3.6,491,300
3101,2022/10/8 9:30,131.3926247,46.86320517,5192218.732,453687.7507,5.72268,352.5,TRUE,3.6,500,300
3102,2022/10/8 9:30,131.3926145,46.8632625,5192225.112,453687.0223,5.53748,349.7,TRUE,3.6,500,300
3103,2022/10/8 9:30,131.3926043,46.863316,5192231.065,453686.2906,6.13012,355,TRUE,3.6,494,300
3104,2022/10/8 9:30,131.3925965,46.863372,5192237.295,453685.744,5.42636,355.6,TRUE,3.6,500,300
3105,2022/10/8 9:30,131.392585,46.86342817,5192243.546,453684.9154,6.07456,351,TRUE,3.6,500,300
3106,2022/10/8 9:30,131.392578,46.86348367,5192249.72,453684.4294,5.77824,356.2,TRUE,3.6,500,300
3107,2022/10/8 9:30,131.3925673,46.86354167,5192256.174,453683.6634,5.77824,357.9,TRUE,3.6,499,300
3108,2022/10/8 9:30,131.3925583,46.86360067,5192262.739,453683.0279,5.85232,345.6,TRUE,3.6,495,300
3109,2022/10/8 9:31,131.3925485,46.86365583,5192268.876,453682.3281,5.72268,354.4,TRUE,3.6,476,300
3110,2022/10/8 9:31,131.3925442,46.86371567,5192275.531,453682.0517,6.07456,354.9,TRUE,3.6,486,300
3111,2022/10/8 9:31,131.3925333,46.8637715,5192281.744,453681.2686,6.14864,353.8,TRUE,3.6,490,300
3112,2022/10/8 9:31,131.3925215,46.8638245,5192287.643,453680.4145,6.00048,358,TRUE,3.6,489,300
3113,2022/10/8 9:31,131.3925082,46.86387883,5192293.691,453679.4471,6.24124,354.7,TRUE,3.6,433,300
3114,2022/10/8 9:31,131.392498,46.863928,5192299.163,453678.7117,5.57452,356.9,TRUE,3.6,500,300
3115,2022/10/8 9:31,131.3924867,46.86398333,5192305.32,453677.8976,5.72268,352.4,TRUE,3.6,500,300
3116,2022/10/8 9:31,131.3924805,46.8640395,5192311.568,453677.4732,6.03752,355.5,TRUE,3.6,470,300
3117,2022/10/8 9:31,131.3924735,46.8641,5192318.298,453676.9915,5.61156,351.9,TRUE,3.6,434,300
3118,2022/10/8 9:31,131.3924683,46.86415617,5192324.545,453676.6434,5.63008,353.3,TRUE,3.6,472,300
3119,2022/10/8 9:31,131.3924623,46.86421583,5192331.181,453676.2372,6.35236,356.2,TRUE,3.6,459,300
3120,2022/10/8 9:31,131.3924495,46.86427633,5192337.914,453675.3133,6.019,351.9,TRUE,3.6,473,300
3121,2022/10/8 9:31,131.3924417,46.86433817,5192344.794,453674.7717,6.13012,352.2,TRUE,3.6,493,300
3122,2022/10/8 9:31,131.3924277,46.86439333,5192350.934,453673.7517,6.05604,351.2,TRUE,3.6,461,300
3123,2022/10/8 9:31,131.3924238,46.864456,5192357.903,453673.5082,5.87084,354.1,TRUE,3.6,446,300
3124,2022/10/8 9:32,131.3924085,46.86449917,5192362.711,453672.3788,5.2782,353.6,TRUE,3.6,470,300
3125,2022/10/8 9:32,131.3923985,46.86454917,5192368.275,453671.6593,5.68564,354.5,TRUE,3.6,452,300
3126,2022/10/8 9:32,131.39239,46.86460133,5192374.079,453671.0561,5.63008,351.9,TRUE,3.6,489,300
3127,2022/10/8 9:32,131.3923827,46.864653,5192379.827,453670.5439,5.57452,357.3,TRUE,3.6,470,300
3128,2022/10/8 9:32,131.3923752,46.86470733,5192385.872,453670.0188,6.00048,355.2,TRUE,3.6,500,300
3129,2022/10/8 9:32,131.3923737,46.8647635,5192392.117,453669.9528,6.00048,354.4,TRUE,3.6,500,300
3130,2022/10/8 9:32,131.3923595,46.86482233,5192398.665,453668.9207,5.81528,351.2,TRUE,3.6,499,300
3131,2022/10/8 9:32,131.3923482,46.8648785,5192404.916,453668.1074,5.4634,349.6,TRUE,3.6,500,300
3132,2022/10/8 9:32,131.3923383,46.864936,5192411.314,453667.402,5.59304,355.8,TRUE,3.6,500,300
3133,2022/10/8 9:32,131.3923307,46.864994,5192417.766,453666.8725,5.556,355.2,TRUE,3.6,500,300
3134,2022/10/8 9:32,131.3923247,46.86504783,5192423.754,453666.4613,5.51896,353.1,TRUE,3.6,497,300
3135,2022/10/8 9:32,131.3923158,46.86510417,5192430.022,453665.8312,5.3708,356.7,TRUE,3.6,488,300
3136,2022/10/8 9:32,131.3923015,46.86516167,5192436.423,453664.7903,5.68564,357.1,TRUE,3.6,500,300
3137,2022/10/8 9:32,131.3922915,46.8652175,5192442.635,453664.0759,5.88936,352.6,TRUE,3.6,488,300
3138,2022/10/8 9:32,131.3922802,46.865272,5192448.701,453663.2612,5.96344,356.6,TRUE,3.6,492,300
3139,2022/10/8 9:33,131.3922747,46.865322,5192454.262,453662.8849,5.11152,354.8,TRUE,3.6,437,300
3140,2022/10/8 9:33,131.3922657,46.86537917,5192460.623,453662.2479,5.7412,355.8,TRUE,3.6,500,300
3141,2022/10/8 9:33,131.3922615,46.865436,5192466.943,453661.9765,5.38932,348.2,TRUE,3.6,500,300
3142,2022/10/8 9:33,131.3922502,46.86549367,5192473.361,453661.1646,5.98196,350.4,TRUE,3.6,465,300
3143,2022/10/8 9:33,131.3922407,46.86555017,5192479.648,453660.4888,5.7412,350.3,TRUE,3.6,500,300
3144,2022/10/8 9:33,131.3922343,46.86560817,5192486.099,453660.0508,6.3894,349.2,TRUE,3.6,500,300
3145,2022/10/8 9:33,131.3922238,46.8656645,5192492.367,453659.2987,5.90788,351.1,TRUE,3.6,494,300
3146,2022/10/8 9:33,131.392212,46.86572233,5192498.803,453658.4487,5.57452,346.9,TRUE,3.6,500,300
3147,2022/10/8 9:33,131.392203,46.86577883,5192505.089,453657.8112,5.75972,357.2,TRUE,3.6,488,300
3148,2022/10/8 9:33,131.392198,46.8658365,5192511.503,453657.4796,5.48192,355.4,TRUE,3.6,500,300
3149,2022/10/8 9:33,131.3921837,46.86589183,5192517.663,453656.4369,5.13004,356,TRUE,3.6,484,300
3150,2022/10/8 9:33,131.3921732,46.865949,5192524.024,453655.6855,5.556,357.4,TRUE,3.6,494,300
3151,2022/10/8 9:33,131.3921637,46.86600633,5192530.403,453655.0105,6.24124,349.5,TRUE,3.6,494,300
3152,2022/10/8 9:33,131.3921543,46.86606083,5192536.468,453654.3407,5.72268,354.9,TRUE,3.6,478,300
3153,2022/10/8 9:33,131.392147,46.86611767,5192542.791,453653.833,5.72268,353.2,TRUE,3.6,493,300
3154,2022/10/8 9:34,131.3921353,46.86617367,5192549.023,453652.9891,5.8338,351.6,TRUE,3.6,491,300
3155,2022/10/8 9:34,131.3921255,46.86622883,5192555.161,453652.2894,5.63008,355,TRUE,3.6,491,300
3156,2022/10/8 9:34,131.392115,46.86628383,5192561.281,453651.5362,5.70416,355.8,TRUE,3.6,492,300
3157,2022/10/8 9:34,131.3921052,46.86634033,5192567.568,453650.8376,5.7412,347.1,TRUE,3.6,492,300
3158,2022/10/8 9:34,131.3920995,46.86639533,5192573.686,453650.4504,5.8338,352.1,TRUE,3.6,500,300
3159,2022/10/8 9:34,131.3920892,46.86645233,5192580.028,453649.7141,6.1116,351.7,TRUE,3.6,500,300
3160,2022/10/8 9:34,131.3920805,46.866509,5192586.333,453649.0995,5.51896,349.8,TRUE,3.6,495,300
3161,2022/10/8 9:34,131.3920698,46.86656767,5192592.862,453648.3342,5.53748,353.2,TRUE,3.6,491,300
3162,2022/10/8 9:34,131.3920592,46.86662517,5192599.26,453647.5755,5.77824,351.4,TRUE,3.6,500,300
3163,2022/10/8 9:34,131.3920532,46.86668067,5192605.433,453647.1658,6.14864,356.3,TRUE,3.6,500,300
3164,2022/10/8 9:34,131.3920435,46.86673883,5192611.905,453646.4763,5.42636,355.8,TRUE,3.6,493,300
3165,2022/10/8 9:34,131.3920353,46.86679733,5192618.413,453645.9015,6.27828,353.5,TRUE,3.6,500,300
3166,2022/10/8 9:34,131.3920267,46.86685467,5192624.792,453645.2951,6.37088,353.3,TRUE,3.6,499,300
3167,2022/10/8 9:34,131.3920188,46.86691117,5192631.078,453644.7415,5.33376,357.1,TRUE,3.6,500,300
3168,2022/10/8 9:34,131.3920077,46.86696717,5192637.31,453643.9434,6.2042,355.4,TRUE,3.6,491,300
3169,2022/10/8 9:35,131.3919992,46.86702417,5192643.652,453643.3443,5.77824,350.7,TRUE,3.6,453,300
3170,2022/10/8 9:35,131.3919882,46.86708333,5192650.235,453642.5566,5.85232,351.2,TRUE,3.6,500,300
3171,2022/10/8 9:35,131.3919778,46.86713767,5192656.282,453641.8104,5.556,350.6,TRUE,3.6,500,300
3172,2022/10/8 9:35,131.3919692,46.8671915,5192662.271,453641.2011,5.7412,357.1,TRUE,3.6,482,300
3173,2022/10/8 9:35,131.3919615,46.86724583,5192668.315,453640.6608,5.7412,353.6,TRUE,3.6,481,300
3174,2022/10/8 9:35,131.391954,46.86730217,5192674.583,453640.1375,6.22272,354.4,TRUE,3.6,498,300
3175,2022/10/8 9:35,131.3919457,46.86735567,5192680.535,453639.5507,5.96344,351.8,TRUE,3.6,496,300
3176,2022/10/8 9:35,131.3919377,46.86740983,5192686.561,453638.9874,5.7412,356.5,TRUE,3.6,500,300
3177,2022/10/8 9:35,131.3919288,46.86746667,5192692.885,453638.3578,5.79676,356.2,TRUE,3.6,492,300
3178,2022/10/8 9:35,131.3919187,46.8675235,5192699.209,453637.6366,5.31524,349.4,TRUE,3.6,495,300
3179,2022/10/8 9:35,131.3919102,46.8675805,5192705.55,453637.0376,6.16716,351.2,TRUE,3.6,491,300
3180,2022/10/8 9:35,131.3918967,46.86763767,5192711.914,453636.0576,5.25968,355.3,TRUE,3.6,498,300
3181,2022/10/8 9:35,131.3918938,46.86768933,5192717.658,453635.881,5.48192,355.8,TRUE,3.6,499,300
3182,2022/10/8 9:35,131.391882,46.86774333,5192723.668,453635.0278,5.3708,353.3,TRUE,3.6,500,300
3183,2022/10/8 9:35,131.3918703,46.86779633,5192729.567,453634.1814,5.03744,355.9,TRUE,3.6,474,300
3184,2022/10/8 9:36,131.3918608,46.86785233,5192735.798,453633.5053,5.48192,354.5,TRUE,3.6,487,300
3185,2022/10/8 9:36,131.391853,46.86790883,5192742.084,453632.9593,5.85232,354.9,TRUE,3.6,500,300
3186,2022/10/8 9:36,131.391844,46.867965,5192748.333,453632.3214,5.51896,357.6,TRUE,3.6,500,300
3187,2022/10/8 9:36,131.3918328,46.86801933,5192754.38,453631.5143,5.6486,348.2,TRUE,3.6,495,300
3188,2022/10/8 9:36,131.391826,46.86807717,5192760.814,453631.0457,5.94492,350.4,TRUE,3.6,492,300
3189,2022/10/8 9:36,131.3918173,46.86813467,5192767.211,453630.4319,5.75972,357.9,TRUE,3.6,477,300
3190,2022/10/8 9:36,131.3918087,46.86819233,5192773.626,453629.8258,6.1116,350.5,TRUE,3.6,449,300
3191,2022/10/8 9:36,131.3917972,46.86825033,5192780.08,453628.999,5.6486,352.2,TRUE,3.6,500,300
3192,2022/10/8 9:36,131.3917893,46.86830633,5192786.31,453628.4449,5.31524,353,TRUE,3.6,491,300
3193,2022/10/8 9:36,131.3917765,46.86835983,5192792.266,453627.5151,5.59304,350.4,TRUE,3.6,478,300
3194,2022/10/8 9:36,131.3917697,46.86841583,5192798.495,453627.0449,5.57452,353,TRUE,3.6,468,300
3195,2022/10/8 9:36,131.3917628,46.86847217,5192804.762,453626.5673,5.61156,354.2,TRUE,3.6,495,300
3196,2022/10/8 9:36,131.3917483,46.86852067,5192810.162,453625.5036,5.6486,356,TRUE,3.6,496,300
3197,2022/10/8 9:36,131.3917455,46.86857833,5192816.574,453625.3398,5.24116,355,TRUE,3.6,486,300
3198,2022/10/8 9:36,131.3917373,46.86863283,5192822.637,453624.7615,5.40784,352.9,TRUE,3.6,438,300
3199,2022/10/8 9:37,131.3917283,46.8686905,5192829.054,453624.125,5.85232,350.9,TRUE,3.6,489,300
3200,2022/10/8 9:37,131.3917143,46.86874,5192834.565,453623.1003,5.42636,357,TRUE,3.6,500,300
3201,2022/10/8 9:37,131.3917068,46.86879167,5192840.313,453622.573,5.68564,356.1,TRUE,3.6,499,300
3202,2022/10/8 9:37,131.3917008,46.8688495,5192846.746,453622.1653,5.24116,354.6,TRUE,3.6,476,300
3203,2022/10/8 9:37,131.3916888,46.86890383,5192852.793,453621.2972,5.79676,355.4,TRUE,3.6,500,300
3204,2022/10/8 9:37,131.391679,46.8689585,5192858.876,453620.5972,5.48192,353.4,TRUE,3.6,491,300
3205,2022/10/8 9:37,131.391672,46.869021,5192865.828,453620.1173,5.8338,351.5,TRUE,3.6,500,300
3206,2022/10/8 9:37,131.3916625,46.86907633,5192871.985,453619.4407,5.4634,359.3,TRUE,3.6,497,300
3207,2022/10/8 9:37,131.3916557,46.86912967,5192877.918,453618.9682,5.66712,354.4,TRUE,3.6,500,300
3208,2022/10/8 9:37,131.3916473,46.86918567,5192884.149,453618.376,5.556,0.8,TRUE,3.6,500,300
3209,2022/10/8 9:37,131.3916347,46.86924067,5192890.27,453617.4627,5.51896,354.4,TRUE,3.6,497,300
3210,2022/10/8 9:37,131.3916288,46.86929867,5192896.722,453617.0629,5.61156,357.6,TRUE,3.6,482,300
3211,2022/10/8 9:37,131.3916233,46.8693595,5192903.487,453616.696,5.48192,351.9,TRUE,3.6,492,300
3212,2022/10/8 9:37,131.3916132,46.869417,5192909.885,453615.9755,5.07448,2.1,TRUE,3.6,482,300
3213,2022/10/8 9:37,131.3916015,46.8694715,5192915.951,453615.1304,5.40784,359.8,TRUE,3.6,497,300
3214,2022/10/8 9:38,131.3915945,46.86952967,5192922.422,453614.6468,6.24124,353.2,TRUE,3.6,500,300
3215,2022/10/8 9:38,131.3916103,46.86958317,5192928.36,453615.8975,5.81528,27.8,TRUE,3.6,342,300
3216,2022/10/8 9:38,131.3916627,46.86960867,5192931.164,453619.9145,4.8152,80.3,FALSE,3.6,0,300
3217,2022/10/8 9:38,131.3917283,46.86958917,5192928.957,453624.8991,4.83372,140.8,FALSE,3.6,0,300
3218,2022/10/8 9:38,131.3917512,46.86953117,5192922.496,453626.595,5.63008,185.4,FALSE,3.6,0,300
3219,2022/10/8 9:38,131.3917377,46.86947967,5192916.779,453625.5214,3.241,195.1,TRUE,3.6,500,300
3220,2022/10/8 9:38,131.3917365,46.8694535,5192913.87,453625.4074,4.27812,173.8,TRUE,3.6,500,300
3221,2022/10/8 9:38,131.3917443,46.86941017,5192909.049,453625.9648,4.12996,176.1,TRUE,3.6,500,300
3222,2022/10/8 9:38,131.3917567,46.869358,5192903.242,453626.8652,4.24108,176.3,TRUE,3.6,500,300
3223,2022/10/8 9:38,131.3917582,46.86930667,5192897.535,453626.9354,4.7226,172.7,TRUE,3.6,494,300
3224,2022/10/8 9:38,131.3917647,46.86925983,5192892.324,453627.3906,5.48192,176.8,TRUE,3.6,456,300
3225,2022/10/8 9:38,131.3917697,46.869209,5192886.67,453627.728,5.24116,168.7,TRUE,3.6,500,300
3226,2022/10/8 9:38,131.3917868,46.86915183,5192880.304,453628.9825,5.556,171,TRUE,3.6,496,300
3227,2022/10/8 9:38,131.3917968,46.8691025,5192874.815,453629.7024,4.79668,177.3,TRUE,3.6,497,300
3228,2022/10/8 9:38,131.3917993,46.8690485,5192868.81,453629.8465,5.35228,175,TRUE,3.6,455,300
3229,2022/10/8 9:39,131.3918105,46.86899533,5192862.893,453630.6546,5.0004,173.8,TRUE,3.6,464,300
3230,2022/10/8 9:39,131.3918177,46.86894017,5192856.756,453631.1561,5.22264,179.8,TRUE,3.6,500,300
3231,2022/10/8 9:39,131.3918207,46.8688875,5192850.899,453631.3394,4.92632,175,TRUE,3.6,486,300
3232,2022/10/8 9:39,131.391828,46.8688345,5192845.003,453631.8503,5.0004,176.9,TRUE,3.6,419,300
3233,2022/10/8 9:39,131.3918365,46.86878267,5192839.236,453632.4538,5.40784,170.9,TRUE,3.6,488,300
3234,2022/10/8 9:39,131.3918488,46.86872733,5192833.077,453633.3439,4.77816,175.2,TRUE,3.6,492,300
3235,2022/10/8 9:39,131.391857,46.8686745,5192827.199,453633.9236,4.79668,170.6,TRUE,3.6,459,300
3236,2022/10/8 9:39,131.3918648,46.86861917,5192821.044,453634.4706,5.90788,176.4,TRUE,3.6,487,300
3237,2022/10/8 9:39,131.3918735,46.86855883,5192814.331,453635.082,5.63008,173.5,TRUE,3.6,445,300
3238,2022/10/8 9:39,131.391874,46.868498,5192807.568,453635.0677,5.25968,175.4,TRUE,3.6,478,300
3239,2022/10/8 9:39,131.3918825,46.8684405,5192801.171,453635.6662,5.7412,172.4,TRUE,3.6,500,300
3240,2022/10/8 9:39,131.3918943,46.86838883,5192795.42,453636.5214,5.093,170.2,TRUE,3.6,465,300
3241,2022/10/8 9:39,131.3919018,46.868335,5192789.431,453637.0469,5.33376,180.1,TRUE,3.6,428,300
3242,2022/10/8 9:39,131.391917,46.868284,5192783.753,453638.1618,5.61156,175.5,TRUE,3.6,439,300
3243,2022/10/8 9:39,131.391928,46.8682265,5192777.354,453638.951,5.03744,179.3,TRUE,3.6,484,300
3244,2022/10/8 9:40,131.3919365,46.86817417,5192771.532,453639.554,5.13004,177.4,TRUE,3.6,473,300
3245,2022/10/8 9:40,131.3919423,46.86811817,5192765.303,453639.948,5.24116,180,TRUE,3.6,473,300
3246,2022/10/8 9:40,131.3919552,46.86806317,5192759.181,453640.8842,5.33376,176.1,TRUE,3.6,498,300
3247,2022/10/8 9:40,131.39196,46.8680095,5192753.212,453641.2039,5.31524,181.8,TRUE,3.6,497,300
3248,2022/10/8 9:40,131.391968,46.86795767,5192747.445,453641.7692,5.2782,177,TRUE,3.6,485,300
3249,2022/10/8 9:40,131.3919902,46.86785667,5192736.204,453643.3749,4.88928,180.9,TRUE,3.6,472,300
3250,2022/10/8 9:40,131.3919967,46.867813,5192731.346,453643.8329,4.64852,175.4,TRUE,3.6,500,300
3251,2022/10/8 9:40,131.3920095,46.86775817,5192725.243,453644.7616,5.6486,178.7,TRUE,3.6,489,300
3252,2022/10/8 9:40,131.3920073,46.867707,5192719.555,453644.5498,5.22264,173.2,TRUE,3.6,440,300
3253,2022/10/8 9:40,131.3920147,46.86764867,5192713.067,453645.0638,5.70416,172.1,TRUE,3.6,465,300
3254,2022/10/8 9:40,131.392026,46.867598,5192707.427,453645.8817,5.29672,173.5,TRUE,3.6,497,300
3255,2022/10/8 9:40,131.3920373,46.8675405,5192701.028,453646.6937,5.07448,169.4,TRUE,3.6,469,300
3256,2022/10/8 9:40,131.3920492,46.8674815,5192694.462,453647.5503,5.63008,174.7,TRUE,3.6,478,300
3257,2022/10/8 9:40,131.3920605,46.86742983,5192688.712,453648.3673,5.01892,165,TRUE,3.6,490,300
3258,2022/10/8 9:41,131.3920668,46.86737417,5192682.52,453648.7997,4.96336,172.2,TRUE,3.6,500,300
3259,2022/10/8 9:41,131.3920728,46.8673235,5192676.884,453649.2136,5.40784,176.8,TRUE,3.6,500,300
3260,2022/10/8 9:41,131.3920862,46.86726333,5192670.187,453650.1835,4.83372,174.8,TRUE,3.6,500,300
3261,2022/10/8 9:41,131.3920965,46.86721,5192664.252,453650.9229,4.79668,164.3,TRUE,3.6,494,300
3262,2022/10/8 9:41,131.3920932,46.86715033,5192657.621,453650.6199,5.8338,178,TRUE,3.6,491,300
3263,2022/10/8 9:41,131.3921015,46.86709417,5192651.373,453651.2044,5.40784,175.8,TRUE,3.6,469,300
3264,2022/10/8 9:41,131.3921117,46.867036,5192644.9,453651.932,4.9078,172.7,TRUE,3.6,491,300
3265,2022/10/8 9:41,131.3921225,46.86698633,5192639.372,453652.7127,5.53748,176.5,TRUE,3.6,468,300
3266,2022/10/8 9:41,131.3921317,46.86693433,5192633.586,453653.3694,5.50044,175.9,TRUE,3.6,445,300
3267,2022/10/8 9:41,131.3921402,46.866877,5192627.208,453653.9681,4.75964,172.6,TRUE,3.6,491,300
3268,2022/10/8 9:41,131.3921548,46.86683017,5192621.993,453655.041,5.05596,174,TRUE,3.6,500,300
3269,2022/10/8 9:41,131.3921607,46.8667815,5192616.579,453655.4489,5.48192,172.4,TRUE,3.6,461,300
3270,2022/10/8 9:41,131.3921697,46.86672633,5192610.441,453656.0876,5.093,174.1,TRUE,3.6,500,300
3271,2022/10/8 9:41,131.3921808,46.8666725,5192604.45,453656.8876,4.22256,186.3,TRUE,3.6,459,300
3272,2022/10/8 9:41,131.3921882,46.86662267,5192598.906,453657.409,5.05596,172.3,TRUE,3.6,500,300
3273,2022/10/8 9:42,131.3921972,46.8665645,5192592.434,453658.0451,5.6486,174.5,TRUE,3.6,500,300
3274,2022/10/8 9:42,131.3922047,46.86651467,5192586.89,453658.574,4.68556,172.5,TRUE,3.6,500,300
3275,2022/10/8 9:42,131.3922142,46.8664685,5192581.752,453659.2586,3.81512,174.3,TRUE,3.6,378,300
3276,2022/10/8 9:42,131.3922243,46.86641867,5192576.207,453659.9858,4.7226,164.6,TRUE,3.6,429,300
3277,2022/10/8 9:42,131.3922325,46.866363,5192570.013,453660.5631,5.556,169,TRUE,3.6,470,300
3278,2022/10/8 9:42,131.3922405,46.86630817,5192563.913,453661.1259,5.88936,177.1,TRUE,3.6,481,300
3279,2022/10/8 9:42,131.3922492,46.86624567,5192556.96,453661.7355,5.68564,173.4,TRUE,3.6,491,300
3280,2022/10/8 9:42,131.3922533,46.86619133,5192550.916,453662.0013,5.77824,175.6,TRUE,3.6,450,300
3281,2022/10/8 9:42,131.3922612,46.86613567,5192544.724,453662.5557,5.556,174.6,TRUE,3.6,466,300
3282,2022/10/8 9:42,131.3922668,46.86608433,5192539.014,453662.9385,5.556,174.8,TRUE,3.6,485,300
3283,2022/10/8 9:42,131.3922813,46.86602467,5192532.373,453663.9928,5.01892,170.7,TRUE,3.6,479,300
3284,2022/10/8 9:42,131.392291,46.86596283,5192525.492,453664.6791,5.63008,169.8,TRUE,3.6,471,300
3285,2022/10/8 9:42,131.3923023,46.86590333,5192518.871,453665.4895,5.01892,171,TRUE,3.6,470,300
3286,2022/10/8 9:42,131.3923118,46.86584717,5192512.622,453666.1655,4.3522,175.3,TRUE,3.6,415,300
3287,2022/10/8 9:42,131.3923202,46.86579,5192506.262,453666.7568,5.2782,176.3,TRUE,3.6,483,300
3288,2022/10/8 9:43,131.3923282,46.86573333,5192499.957,453667.318,5.556,177.7,TRUE,3.6,426,300
3289,2022/10/8 9:43,131.3923387,46.86567467,5192493.43,453668.0681,5.556,173.7,TRUE,3.6,476,300
3290,2022/10/8 9:43,131.3923482,46.86561617,5192486.921,453668.7421,6.2042,176.2,TRUE,3.6,358,300
3291,2022/10/8 9:43,131.3923608,46.865562,5192480.892,453669.6562,5.48192,172.7,TRUE,3.6,486,300
3292,2022/10/8 9:43,131.3923665,46.865503,5192474.33,453670.0401,5.11152,172.6,TRUE,3.6,361,300
3293,2022/10/8 9:43,131.3923783,46.86544433,5192467.8,453670.8893,5.01892,176.8,TRUE,3.6,493,300
3294,2022/10/8 9:43,131.3923835,46.86539117,5192461.888,453671.24,5.24116,176.1,TRUE,3.6,477,300
3295,2022/10/8 9:43,131.392393,46.86533183,5192455.285,453671.9133,5.556,174.1,TRUE,3.6,472,300
3296,2022/10/8 9:43,131.3924065,46.86527283,5192448.718,453672.8919,5.2782,170.4,TRUE,3.6,470,300
3297,2022/10/8 9:43,131.3924173,46.86521683,5192442.487,453673.6672,5.50044,178.7,TRUE,3.6,486,300
3298,2022/10/8 9:43,131.3924233,46.86516267,5192436.462,453674.0781,5.29672,177.6,TRUE,3.6,482,300
3299,2022/10/8 9:43,131.3924315,46.8651055,5192430.102,453674.6541,5.87084,176.3,TRUE,3.6,472,300
3300,2022/10/8 9:43,131.392442,46.86504867,5192423.778,453675.4058,6.09308,177.7,TRUE,3.6,486,300
3301,2022/10/8 9:43,131.3924522,46.86499117,5192417.38,453676.1341,6.019,175.5,TRUE,3.6,452,300
3302,2022/10/8 9:43,131.3924603,46.86493383,5192411.001,453676.7023,5.90788,173.1,TRUE,3.6,467,300
3303,2022/10/8 9:44,131.3924785,46.864872,5192404.117,453678.0368,5.25968,169.8,TRUE,3.6,442,300
3304,2022/10/8 9:44,131.3924832,46.864813,5192397.555,453678.3445,5.40784,171.9,TRUE,3.6,498,300
3305,2022/10/8 9:44,131.3924895,46.86475367,5192390.956,453678.7738,5.8338,183,TRUE,3.6,470,300
3306,2022/10/8 9:44,131.3924955,46.86469517,5192384.449,453679.1809,5.40784,171.8,TRUE,3.6,478,300
3307,2022/10/8 9:44,131.3925118,46.864634,5192377.639,453680.3712,5.77824,175.4,TRUE,3.6,472,300
3308,2022/10/8 9:44,131.3925165,46.86457483,5192371.058,453680.6786,5.72268,182.4,TRUE,3.6,473,300
3309,2022/10/8 9:44,131.3925192,46.86451883,5192364.831,453680.8363,5.53748,174,TRUE,3.6,447,300
3310,2022/10/8 9:44,131.3925242,46.86446417,5192358.752,453681.1706,5.59304,176.5,TRUE,3.6,432,300
3311,2022/10/8 9:44,131.3925435,46.86440717,5192352.404,453682.5931,6.18568,172.4,TRUE,3.6,384,300
3312,2022/10/8 9:44,131.392559,46.86435,5192346.039,453683.7258,5.22264,168.5,TRUE,3.6,458,300
3313,2022/10/8 9:44,131.3925622,46.8642945,5192339.868,453683.922,5.87084,177.2,TRUE,3.6,459,300
3314,2022/10/8 9:44,131.3925702,46.8642375,5192333.526,453684.483,5.31524,175.5,TRUE,3.6,465,300
3315,2022/10/8 9:44,131.3925842,46.86417933,5192327.052,453685.5005,5.14856,169,TRUE,3.6,435,300
3316,2022/10/8 9:44,131.3925923,46.86412033,5192320.488,453686.0673,5.94492,180.4,TRUE,3.6,459,300
3317,2022/10/8 9:44,131.3925997,46.86406167,5192313.962,453686.5811,4.79668,175.4,TRUE,3.6,420,300
3318,2022/10/8 9:45,131.3926055,46.86400933,5192308.141,453686.9783,5.40784,177.9,TRUE,3.6,461,300
3319,2022/10/8 9:45,131.392617,46.863952,5192301.76,453687.8059,5.2782,174.6,TRUE,3.6,478,300
3320,2022/10/8 9:45,131.3926272,46.8638935,5192295.251,453688.5333,5.63008,174.2,TRUE,3.6,427,300
3321,2022/10/8 9:45,131.3926427,46.86383317,5192288.535,453689.6633,5.98196,171.7,TRUE,3.6,494,300
3322,2022/10/8 9:45,131.3926528,46.863774,5192281.951,453690.3825,5.79676,177.6,TRUE,3.6,471,300
3323,2022/10/8 9:45,131.3926622,46.86371567,5192275.462,453691.0491,5.88936,170.5,TRUE,3.6,466,300
3324,2022/10/8 9:45,131.3926718,46.863659,5192269.156,453691.7324,5.7412,177.7,TRUE,3.6,484,300
3325,2022/10/8 9:45,131.3926765,46.86360317,5192262.947,453692.0427,5.53748,175.5,TRUE,3.6,470,300
3326,2022/10/8 9:45,131.3926845,46.86354833,5192256.846,453692.6055,5.38932,175,TRUE,3.6,459,300
3327,2022/10/8 9:45,131.392695,46.86349233,5192250.614,453693.358,5.63008,181,TRUE,3.6,460,300
3328,2022/10/8 9:45,131.3927077,46.86343383,5192244.103,453694.2761,5.61156,175.2,TRUE,3.6,435,300
3329,2022/10/8 9:45,131.3927122,46.86338017,5192238.135,453694.5731,5.51896,172.5,TRUE,3.6,482,300
3330,2022/10/8 9:45,131.3927193,46.8633235,5192231.831,453695.0657,5.6486,174.7,TRUE,3.6,448,300
3331,2022/10/8 9:45,131.3927272,46.863266,5192225.434,453695.6186,5.59304,171.2,TRUE,3.6,470,300
3332,2022/10/8 9:45,131.3927417,46.8632095,5192219.145,453696.6757,5.70416,179.1,TRUE,3.6,490,300
3333,2022/10/8 9:46,131.3927528,46.86315033,5192212.561,453697.4712,6.2042,176.1,TRUE,3.6,500,300
3334,2022/10/8 9:46,131.39276,46.86309467,5192206.369,453697.9723,6.61164,177.4,TRUE,3.6,480,300
3335,2022/10/8 9:46,131.3927662,46.86303383,5192199.602,453698.3927,5.6486,179,TRUE,3.6,456,300
3336,2022/10/8 9:46,131.3927765,46.86297683,5192193.259,453699.1291,5.556,175.9,TRUE,3.6,437,300
3337,2022/10/8 9:46,131.3927867,46.86292383,5192187.361,453699.8613,5.03744,178.3,TRUE,3.6,491,300
3338,2022/10/8 9:46,131.3927975,46.86286683,5192181.018,453700.6358,5.13004,178.6,TRUE,3.6,422,300
3339,2022/10/8 9:46,131.3928155,46.86280683,5192174.337,453701.9567,5.8338,175.9,TRUE,3.6,438,300
3340,2022/10/8 9:46,131.3928132,46.86275633,5192168.725,453701.7379,5.51896,173.1,TRUE,3.6,466,300
3341,2022/10/8 9:46,131.3928292,46.86269883,5192162.323,453702.9085,5.13004,178.6,TRUE,3.6,452,300
3342,2022/10/8 9:46,131.3928365,46.862642,5192156.001,453703.4163,5.68564,171.6,TRUE,3.6,410,300
3343,2022/10/8 9:46,131.3928463,46.86258517,5192149.678,453704.1147,6.18568,177.5,TRUE,3.6,481,300
3344,2022/10/8 9:46,131.3928558,46.86253117,5192143.669,453704.7926,5.20412,180.8,TRUE,3.6,434,300
3345,2022/10/8 9:46,131.3928655,46.8624745,5192137.364,453705.4835,5.70416,179,TRUE,3.6,500,300
3346,2022/10/8 9:46,131.392884,46.86241617,5192130.868,453706.844,5.40784,175.1,TRUE,3.6,441,300
3347,2022/10/8 9:46,131.3928943,46.86235667,5192124.248,453707.5783,5.57452,174.1,TRUE,3.6,406,300
3348,2022/10/8 9:47,131.3929027,46.86229933,5192117.868,453708.1695,5.3708,177.8,TRUE,3.6,460,300
3349,2022/10/8 9:47,131.3929073,46.86224133,5192111.418,453708.4704,5.40784,173.9,TRUE,3.6,442,300
3350,2022/10/8 9:47,131.3929135,46.86218267,5192104.893,453708.8927,5.94492,173.6,TRUE,3.6,455,300
3351,2022/10/8 9:47,131.3929222,46.86212167,5192098.107,453709.5037,5.79676,179.1,TRUE,3.6,483,300
3352,2022/10/8 9:47,131.3929347,46.86206317,5192091.596,453710.4065,5.96344,175,TRUE,3.6,468,300
3353,2022/10/8 9:47,131.3929422,46.86200417,5192085.033,453710.9277,5.44488,175.7,TRUE,3.6,469,300
3354,2022/10/8 9:47,131.3929477,46.86194833,5192078.822,453711.2991,5.38932,172.5,TRUE,3.6,476,300
3355,2022/10/8 9:47,131.3929583,46.86189317,5192072.684,453712.06,5.25968,167,TRUE,3.6,438,300
3356,2022/10/8 9:47,131.3929795,46.861837,5192066.427,453713.6282,5.66712,169.5,TRUE,3.6,475,300
3357,2022/10/8 9:47,131.3929898,46.86178017,5192060.103,453714.3648,5.33376,162.8,TRUE,3.6,464,300
3358,2022/10/8 9:47,131.393033,46.861717,5192053.055,453717.6045,7.5006,112.2,TRUE,3.6,129,300
3359,2022/10/8 9:47,131.393124,46.86170683,5192051.871,453724.5347,7.79692,66,FALSE,3.6,0,300
3360,2022/10/8 9:47,131.3931772,46.86175867,5192057.603,453728.6358,7.5006,13.5,FALSE,3.6,0,300
3361,2022/10/8 9:47,131.393192,46.8618315,5192065.69,453729.8269,7.871,6,FALSE,3.6,0,300
3362,2022/10/8 9:47,131.3931893,46.86188583,5192071.732,453729.6677,5.63008,351.3,TRUE,3.6,435,300
3363,2022/10/8 9:48,131.3931793,46.8619335,5192077.037,453728.9462,5.48192,355.2,TRUE,3.6,438,300
3364,2022/10/8 9:48,131.3931697,46.8619885,5192083.157,453728.2614,5.20412,352.6,TRUE,3.6,491,300
3365,2022/10/8 9:48,131.3931617,46.86204483,5192089.423,453727.6998,5.98196,351.6,TRUE,3.6,480,300
3366,2022/10/8 9:48,131.3931548,46.86209933,5192095.486,453727.2205,5.6486,352.6,TRUE,3.6,500,300
3367,2022/10/8 9:48,131.3931477,46.8621555,5192101.735,453726.7274,5.40784,355.7,TRUE,3.6,486,300
3368,2022/10/8 9:48,131.3931337,46.862208,5192107.579,453725.705,5.51896,357.7,TRUE,3.6,500,300
3369,2022/10/8 9:48,131.3931245,46.86226417,5192113.829,453725.0517,5.96344,358.9,TRUE,3.6,491,300
3370,2022/10/8 9:48,131.3931158,46.86232183,5192120.244,453724.4379,5.8338,348.2,TRUE,3.6,494,300
3371,2022/10/8 9:48,131.3931017,46.86237667,5192126.349,453723.4099,5.75972,352.1,TRUE,3.6,470,300
3372,2022/10/8 9:48,131.3930913,46.86243217,5192132.525,453722.6646,5.25968,353.1,TRUE,3.6,500,300
3373,2022/10/8 9:48,131.3930888,46.862489,5192138.844,453722.5228,5.24116,356,TRUE,3.6,500,300
3374,2022/10/8 9:48,131.3930788,46.862545,5192145.075,453721.8084,5.3708,354.8,TRUE,3.6,447,300
3375,2022/10/8 9:48,131.3930725,46.862594,5192150.526,453721.3701,5.6486,355.2,TRUE,3.6,473,300
3376,2022/10/8 9:48,131.3930615,46.86265167,5192156.944,453720.5809,5.79676,353.8,TRUE,3.6,499,300
3377,2022/10/8 9:48,131.3930503,46.86271117,5192163.565,453719.7781,5.81528,354.9,TRUE,3.6,500,300
3378,2022/10/8 9:49,131.3930442,46.86276633,5192169.7,453719.3603,5.7412,359.6,TRUE,3.6,500,300
3379,2022/10/8 9:49,131.393034,46.86282167,5192175.858,453718.6301,5.20412,350,TRUE,3.6,490,300
3380,2022/10/8 9:49,131.3930217,46.86287267,5192181.535,453717.7361,5.14856,353.1,TRUE,3.6,500,300
3381,2022/10/8 9:49,131.3930143,46.86292517,5192187.376,453717.217,5.48192,354.3,TRUE,3.6,495,300
3382,2022/10/8 9:49,131.3930068,46.862981,5192193.587,453716.6931,5.79676,354,TRUE,3.6,500,300
3383,2022/10/8 9:49,131.3929955,46.86303733,5192199.855,453715.8799,5.44488,352.1,TRUE,3.6,500,300
3384,2022/10/8 9:49,131.3929905,46.863089,5192205.602,453715.543,5.35228,346.6,TRUE,3.6,492,300
3385,2022/10/8 9:49,131.3929758,46.86314383,5192211.706,453714.4693,5.88936,359.4,TRUE,3.6,497,300
3386,2022/10/8 9:49,131.3929587,46.8631985,5192217.794,453713.2124,5.35228,351.4,TRUE,3.6,495,300
3387,2022/10/8 9:49,131.3929543,46.863256,5192224.189,453712.9263,6.07456,355.6,TRUE,3.6,476,300
3388,2022/10/8 9:49,131.3929487,46.86331,5192230.195,453712.5457,6.03752,355.1,TRUE,3.6,492,300
3389,2022/10/8 9:49,131.3929433,46.86336633,5192236.46,453712.1824,5.13004,355.8,TRUE,3.6,485,300
3390,2022/10/8 9:49,131.392927,46.86341817,5192242.233,453710.9841,5.9264,0.7,TRUE,3.6,499,300
3391,2022/10/8 9:49,131.392913,46.86346567,5192247.522,453709.9574,5.63008,353,TRUE,3.6,483,300
3392,2022/10/8 9:49,131.3929027,46.86352017,5192253.586,453709.2189,5.51896,355.8,TRUE,3.6,480,300
3393,2022/10/8 9:50,131.3928957,46.86357467,5192259.649,453708.732,5.1856,351.4,TRUE,3.6,459,300
3394,2022/10/8 9:50,131.3928892,46.86362683,5192265.452,453708.2812,5.14856,350.5,TRUE,3.6,482,300
3395,2022/10/8 9:50,131.3928825,46.863676,5192270.922,453707.8126,5.20412,353.7,TRUE,3.6,499,300
3396,2022/10/8 9:50,131.392874,46.86372917,5192276.837,453707.2102,5.20412,356.1,TRUE,3.6,496,300
3397,2022/10/8 9:50,131.3928627,46.863783,5192282.828,453706.3949,4.77816,349.3,TRUE,3.6,474,300
3398,2022/10/8 9:50,131.3928532,46.8638365,5192288.781,453705.7165,5.38932,356.6,TRUE,3.6,493,300
3399,2022/10/8 9:50,131.3928415,46.86388917,5192294.643,453704.8697,5.70416,359.4,TRUE,3.6,499,300
3400,2022/10/8 9:50,131.3928387,46.86394317,5192300.648,453704.7026,5.40784,354.3,TRUE,3.6,500,300
3401,2022/10/8 9:50,131.392829,46.86400167,5192307.157,453704.0133,5.61156,352.6,TRUE,3.6,500,300
3402,2022/10/8 9:50,131.3928197,46.86406,5192313.647,453703.3543,5.33376,357.9,TRUE,3.6,480,300
3403,2022/10/8 9:50,131.3928082,46.864116,5192319.879,453702.5256,5.57452,358.3,TRUE,3.6,458,300
3404,2022/10/8 9:50,131.3927942,46.8641765,5192326.613,453701.5101,6.13012,356.2,TRUE,3.6,500,300
3405,2022/10/8 9:50,131.3927868,46.864231,5192332.676,453700.9928,6.05604,352,TRUE,3.6,500,300
3406,2022/10/8 9:50,131.392777,46.86428017,5192338.148,453700.2878,5.57452,351.5,TRUE,3.6,489,300
3407,2022/10/8 9:50,131.3927627,46.864328,5192343.474,453699.2386,6.13012,356.3,TRUE,3.6,474,300
3408,2022/10/8 9:51,131.3927538,46.86437933,5192349.185,453698.6041,5.14856,352.3,TRUE,3.6,500,300
3409,2022/10/8 9:51,131.3927478,46.864434,5192355.266,453698.1936,6.05604,352.9,TRUE,3.6,479,300
3410,2022/10/8 9:51,131.3927402,46.86449167,5192361.682,453697.6637,5.87084,350.5,TRUE,3.6,460,300
3411,2022/10/8 9:51,131.3927295,46.86454383,5192367.487,453696.8927,5.59304,358.7,TRUE,3.6,469,300
3412,2022/10/8 9:51,131.3927105,46.86459983,5192373.723,453695.4922,5.48192,356,TRUE,3.6,465,300
3413,2022/10/8 9:51,131.3927013,46.8646525,5192379.584,453694.836,5.40784,352.7,TRUE,3.6,500,300
3414,2022/10/8 9:51,131.3926957,46.86469867,5192384.72,453694.4487,5.4634,351.6,TRUE,3.6,499,300
3415,2022/10/8 9:51,131.3926803,46.8647525,5192390.713,453693.3208,5.96344,355.9,TRUE,3.6,496,300
3416,2022/10/8 9:51,131.3926725,46.8648135,5192397.499,453692.7785,6.019,353.9,TRUE,3.6,491,300
3417,2022/10/8 9:51,131.3926673,46.86486933,5192403.708,453692.43,5.59304,347.9,TRUE,3.6,490,300
3418,2022/10/8 9:51,131.3926598,46.864922,5192409.568,453691.9035,5.40784,350.3,TRUE,3.6,500,300
3419,2022/10/8 9:51,131.3926525,46.86497783,5192415.779,453691.3949,5.31524,354.4,TRUE,3.6,500,300
3420,2022/10/8 9:51,131.3926438,46.86503117,5192421.714,453690.7774,5.22264,353,TRUE,3.6,500,300
3421,2022/10/8 9:51,131.3926323,46.86508583,5192427.797,453689.9476,5.11152,353.6,TRUE,3.6,500,300
3422,2022/10/8 9:51,131.3926287,46.86514083,5192433.913,453689.7204,5.093,358.7,TRUE,3.6,481,300
3423,2022/10/8 9:52,131.3926227,46.86519483,5192439.92,453689.3093,5.48192,350.3,TRUE,3.6,499,300
3424,2022/10/8 9:52,131.3926115,46.8652495,5192446.004,453688.5024,5.77824,357.3,TRUE,3.6,500,300
3425,2022/10/8 9:52,131.3925985,46.86530033,5192451.662,453687.5549,5.79676,354.1,TRUE,3.6,500,300
3426,2022/10/8 9:52,131.392595,46.86535367,5192457.594,453687.3339,5.38932,350.4,TRUE,3.6,500,300
3427,2022/10/8 9:52,131.3925863,46.86540567,5192463.38,453686.7153,5.42636,356,TRUE,3.6,495,300
3428,2022/10/8 9:52,131.3925792,46.86546217,5192469.665,453686.2225,5.14856,351.4,TRUE,3.6,495,300
3429,2022/10/8 9:52,131.3925677,46.865517,5192475.767,453685.3929,5.48192,352,TRUE,3.6,490,300
3430,2022/10/8 9:52,131.3925623,46.86557417,5192482.126,453685.0303,5.35228,352.7,TRUE,3.6,491,300
3431,2022/10/8 9:52,131.3925457,46.86563433,5192488.823,453683.8164,5.75972,355,TRUE,3.6,500,300
3432,2022/10/8 9:52,131.3925408,46.86568917,5192494.923,453683.4899,5.7412,354.7,TRUE,3.6,500,300
3433,2022/10/8 9:52,131.3925313,46.8657425,5192500.857,453682.8115,6.22272,354.7,TRUE,3.6,500,300
3434,2022/10/8 9:52,131.3925188,46.86580433,5192507.738,453681.9116,5.11152,357.3,TRUE,3.6,500,300
3435,2022/10/8 9:52,131.3925107,46.865861,5192514.043,453681.3427,5.2782,350.6,TRUE,3.6,500,300
3436,2022/10/8 9:52,131.392501,46.86591583,5192520.144,453680.6503,5.8338,356.7,TRUE,3.6,485,300
3437,2022/10/8 9:52,131.3924865,46.865973,5192526.508,453679.5939,5.25968,351.9,TRUE,3.6,493,300
3438,2022/10/8 9:53,131.3924707,46.86603983,5192533.946,453678.4467,5.90788,351.9,TRUE,3.6,500,300
3439,2022/10/8 9:53,131.3924745,46.86609133,5192539.669,453678.7808,5.20412,355.8,TRUE,3.6,500,300
3440,2022/10/8 9:53,131.3924733,46.86613933,5192545.006,453678.7306,5.01892,352.4,TRUE,3.6,492,300
3441,2022/10/8 9:53,131.3924567,46.8661905,5192550.704,453677.5089,5.11152,357,TRUE,3.6,500,300
3442,2022/10/8 9:53,131.3924518,46.8662425,5192556.488,453677.18,5.44488,354.5,TRUE,3.6,500,300
3443,2022/10/8 9:53,131.3924423,46.86630017,5192562.904,453676.5053,5.44488,349.4,TRUE,3.6,475,300
3444,2022/10/8 9:53,131.3924352,46.8663555,5192569.06,453676.0116,5.48192,355.6,TRUE,3.6,498,300
3445,2022/10/8 9:53,131.3924253,46.86641,5192575.124,453675.3036,5.53748,357.1,TRUE,3.6,493,300
3446,2022/10/8 9:53,131.3924177,46.8664625,5192580.965,453674.7693,5.51896,352.4,TRUE,3.6,500,300
3447,2022/10/8 9:53,131.3924088,46.866518,5192587.14,453674.1385,5.556,354.4,TRUE,3.6,478,300
3448,2022/10/8 9:53,131.3924013,46.86657717,5192593.722,453673.6176,5.75972,352.2,TRUE,3.6,481,300
3449,2022/10/8 9:53,131.392394,46.86663283,5192599.914,453673.1089,5.40784,357.2,TRUE,3.6,487,300
3450,2022/10/8 9:53,131.3923832,46.86668533,5192605.757,453672.3306,6.019,351.8,TRUE,3.6,491,300
3451,2022/10/8 9:53,131.3923775,46.86674033,5192611.874,453671.9433,5.57452,355.2,TRUE,3.6,477,300
3452,2022/10/8 9:53,131.3923685,46.86679483,5192617.938,453671.304,5.68564,353.9,TRUE,3.6,500,300
3453,2022/10/8 9:54,131.3923592,46.86685033,5192624.114,453670.6427,5.3708,357.1,TRUE,3.6,494,300
3454,2022/10/8 9:54,131.3923483,46.86690367,5192630.05,453669.8575,5.75972,354.9,TRUE,3.6,484,300
3455,2022/10/8 9:54,131.3923375,46.86696217,5192636.559,453669.0844,5.59304,351.8,TRUE,3.6,495,300
3456,2022/10/8 9:54,131.3923297,46.86701783,5192642.752,453668.5376,5.75972,352,TRUE,3.6,443,300
3457,2022/10/8 9:54,131.3923257,46.86707267,5192648.85,453668.2798,5.14856,356,TRUE,3.6,491,300
3458,2022/10/8 9:54,131.3923072,46.86718133,5192660.941,453666.9628,5.66712,354.5,TRUE,3.6,481,300
3459,2022/10/8 9:54,131.3922988,46.86723833,5192667.282,453666.3714,5.61156,358.4,TRUE,3.6,493,300
3460,2022/10/8 9:54,131.3922778,46.86734683,5192679.356,453664.8636,5.63008,351.5,TRUE,3.6,461,300
3461,2022/10/8 9:54,131.392269,46.86740283,5192685.587,453664.2409,5.33376,356.3,TRUE,3.6,500,300
3462,2022/10/8 9:54,131.3922598,46.86745733,5192691.651,453663.5863,5.57452,350.2,TRUE,3.6,500,300
3463,2022/10/8 9:54,131.3922505,46.8675125,5192697.79,453662.9248,5.24116,357.5,TRUE,3.6,489,300
3464,2022/10/8 9:54,131.3922487,46.86756583,5192703.719,453662.8334,6.13012,350.5,TRUE,3.6,491,300
3465,2022/10/8 9:54,131.3922382,46.86762033,5192709.784,453662.0798,4.83372,352.4,TRUE,3.6,495,300
3466,2022/10/8 9:55,131.3922283,46.867674,5192715.756,453661.3711,4.75964,355,TRUE,3.6,487,300
3467,2022/10/8 9:55,131.39222,46.8677325,5192722.265,453660.7887,5.44488,353.3,TRUE,3.6,428,300
3468,2022/10/8 9:55,131.3922123,46.8677875,5192728.383,453660.2489,5.44488,351.9,TRUE,3.6,500,300
3469,2022/10/8 9:55,131.3922032,46.86784133,5192734.373,453659.6014,5.48192,357.1,TRUE,3.6,499,300
3470,2022/10/8 9:55,131.3921965,46.86789433,5192740.269,453659.1362,5.3708,356.5,TRUE,3.6,500,300
3471,2022/10/8 9:55,131.3921897,46.86794883,5192746.332,453658.6647,5.29672,354.8,TRUE,3.6,494,300
3472,2022/10/8 9:55,131.3921837,46.86800033,5192752.06,453658.2516,5.85232,354.6,TRUE,3.6,500,300
3473,2022/10/8 9:55,131.3921697,46.86805483,5192758.127,453657.2311,5.38932,356.7,TRUE,3.6,467,300
3474,2022/10/8 9:55,131.3921608,46.86811,5192764.266,453656.6,4.96336,347.6,TRUE,3.6,500,300
3475,2022/10/8 9:55,131.3921495,46.8681685,5192770.776,453655.7888,5.25968,356.5,TRUE,3.6,500,300
3476,2022/10/8 9:55,131.3921402,46.8682265,5192777.229,453655.1297,5.51896,353.5,TRUE,3.6,500,300
3477,2022/10/8 9:55,131.3921292,46.86827817,5192782.979,453654.3355,5.96344,352.9,TRUE,3.6,500,300
3478,2022/10/8 9:55,131.3921165,46.86833383,5192789.174,453653.4151,4.92632,352,TRUE,3.6,500,300
3479,2022/10/8 9:55,131.3921102,46.868386,5192794.978,453652.9797,5.40784,353.3,TRUE,3.6,500,300
3480,2022/10/8 9:55,131.392103,46.86843783,5192800.744,453652.4754,5.96344,351.8,TRUE,3.6,477,300
3481,2022/10/8 9:56,131.3920977,46.86849183,5192806.75,453652.1177,5.61156,355.6,TRUE,3.6,469,300
3482,2022/10/8 9:56,131.3920987,46.86854667,5192812.846,453652.2412,5.8338,357.1,TRUE,3.6,500,300
3483,2022/10/8 9:56,131.3920908,46.868603,5192819.113,453651.6874,5.87084,356.2,TRUE,3.6,500,300
3484,2022/10/8 9:56,131.3920817,46.86866133,5192825.602,453651.0438,5.66712,352.4,TRUE,3.6,482,300
3485,2022/10/8 9:56,131.3920725,46.86872017,5192832.149,453650.393,5.90788,355.8,TRUE,3.6,492,300
3486,2022/10/8 9:56,131.3920642,46.8687765,5192838.416,453649.8087,4.88928,353.5,TRUE,3.6,500,300
3487,2022/10/8 9:56,131.3920545,46.86883067,5192844.444,453649.1158,5.7412,355.7,TRUE,3.6,500,300
3488,2022/10/8 9:56,131.3920483,46.86888767,5192850.784,453648.6922,5.75972,358.6,TRUE,3.6,483,300
3489,2022/10/8 9:56,131.3920382,46.86893983,5192856.588,453647.967,5.556,354.6,TRUE,3.6,490,300
3490,2022/10/8 9:56,131.3920287,46.86899,5192862.171,453647.2859,5.90788,353.3,TRUE,3.6,460,300
3491,2022/10/8 9:56,131.3920183,46.86904417,5192868.199,453646.5396,6.25976,352.1,TRUE,3.6,471,300
3492,2022/10/8 9:56,131.3920087,46.86909783,5192874.17,453645.8539,5.66712,357.8,TRUE,3.6,497,300
3493,2022/10/8 9:56,131.392001,46.869155,5192880.53,453645.3161,5.3708,349.6,TRUE,3.6,500,300
3494,2022/10/8 9:56,131.3919912,46.869208,5192886.428,453644.6146,5.03744,355.1,TRUE,3.6,478,300
3495,2022/10/8 9:56,131.3919825,46.86926267,5192892.511,453643.9983,5.1856,351.9,TRUE,3.6,453,300
3496,2022/10/8 9:57,131.3919735,46.8693155,5192898.389,453643.3576,5.98196,354.3,TRUE,3.6,482,300
3497,2022/10/8 9:57,131.3919643,46.86936967,5192904.416,453642.7029,5.42636,356.9,TRUE,3.6,487,300
3498,2022/10/8 9:57,131.3919542,46.86942467,5192910.537,453641.9802,5.093,349.5,TRUE,3.6,482,300
3499,2022/10/8 9:57,131.3919453,46.8694805,5192916.748,453641.3497,5.2782,356.6,TRUE,3.6,498,300
3500,2022/10/8 9:57,131.3919418,46.86953267,5192922.55,453641.1278,4.59296,0.8,TRUE,3.6,495,300
3501,2022/10/8 9:57,131.3919467,46.86958233,5192928.068,453641.5441,6.35236,7.3,TRUE,3.6,147,300
3502,2022/10/8 9:57,131.391985,46.86962667,5192932.974,453644.5023,5.14856,61.5,FALSE,3.6,0,300
3503,2022/10/8 9:57,131.3920597,46.86963317,5192933.653,453650.2031,5.35228,109,FALSE,3.6,0,300
3504,2022/10/8 9:57,131.3920858,46.8696255,5192932.785,453652.1864,0,0,FALSE,3.6,0,300
3505,2022/10/8 9:57,131.392083,46.86962617,5192932.861,453651.9735,0,0,FALSE,3.6,0,300
3506,2022/10/8 9:57,131.3920817,46.86962683,5192932.935,453651.8749,0,0,FALSE,3.6,0,300
3507,2022/10/8 9:57,131.392045,46.86963783,5192934.18,453649.0864,0,293.6,FALSE,3.6,0,300
3508,2022/10/8 9:57,131.3920355,46.86963933,5192934.352,453648.3634,0,0,FALSE,3.6,0,300
3509,2022/10/8 9:57,131.3920305,46.869641,5192934.54,453647.9836,0,0,FALSE,3.6,0,300
3510,2022/10/8 9:57,131.3920285,46.86964167,5192934.616,453647.8317,0,0,FALSE,3.6,0,300
3511,2022/10/8 9:58,131.3920268,46.86964167,5192934.617,453647.7021,0,0,FALSE,3.6,0,300
3512,2022/10/8 9:58,131.3920245,46.86964183,5192934.636,453647.5269,0,0,FALSE,3.6,0,300
3513,2022/10/8 9:58,131.3920218,46.86964317,5192934.787,453647.3222,0,0,FALSE,3.6,0,300
3514,2022/10/8 9:58,131.3920208,46.869643,5192934.769,453647.2458,0,86.3,FALSE,3.6,0,300
3515,2022/10/8 9:58,131.3920203,46.86964283,5192934.75,453647.2075,0,0,FALSE,3.6,0,300
3516,2022/10/8 9:58,131.3920202,46.86964267,5192934.732,453647.1998,0,0,FALSE,3.6,0,300
3517,2022/10/8 9:58,131.3920197,46.86964317,5192934.788,453647.1621,0,0,FALSE,3.6,0,300
3518,2022/10/8 9:58,131.3920193,46.86964367,5192934.844,453647.132,0,0,FALSE,3.6,0,300
3519,2022/10/8 9:58,131.3920193,46.869644,5192934.881,453647.1323,0,0,FALSE,3.6,0,300
3520,2022/10/8 9:58,131.3920193,46.86964433,5192934.917,453647.1326,0,0,FALSE,3.6,0,300
3521,2022/10/8 9:58,131.392019,46.86964483,5192934.973,453647.1101,0,0,FALSE,3.6,0,300
3522,2022/10/8 9:58,131.3920187,46.86964533,5192935.029,453647.0877,0,0,FALSE,3.6,0,300
3523,2022/10/8 9:58,131.3920183,46.86964583,5192935.085,453647.0576,0,0,FALSE,3.6,0,300
3524,2022/10/8 9:58,131.392018,46.8696465,5192935.159,453647.0353,0,0,FALSE,3.6,0,300
3525,2022/10/8 9:58,131.3920178,46.86964683,5192935.196,453647.0204,0,0,FALSE,3.6,0,300
3526,2022/10/8 9:59,131.3920177,46.86964717,5192935.234,453647.013,0,0,FALSE,3.6,0,300
3527,2022/10/8 9:59,131.3920175,46.8696475,5192935.271,453646.9981,0,0,FALSE,3.6,0,300
3528,2022/10/8 9:59,131.3920175,46.86964783,5192935.307,453646.9984,0,0,FALSE,3.6,0,300
3529,2022/10/8 9:59,131.3920173,46.86964833,5192935.363,453646.9835,0,0,FALSE,3.6,0,300
3530,2022/10/8 9:59,131.3920175,46.86964867,5192935.401,453646.9991,0,0,FALSE,3.6,0,300
3531,2022/10/8 9:59,131.3920178,46.869649,5192935.437,453647.0222,0,0,FALSE,3.6,0,300
3532,2022/10/8 9:59,131.392018,46.86964917,5192935.456,453647.0376,0,0,FALSE,3.6,0,300
3533,2022/10/8 9:59,131.3920182,46.8696495,5192935.493,453647.0532,0,0,FALSE,3.6,0,300
3534,2022/10/8 9:59,131.3920183,46.86964983,5192935.529,453647.0611,0,0,FALSE,3.6,0,300
3535,2022/10/8 9:59,131.3920185,46.86965033,5192935.585,453647.0767,0,0,FALSE,3.6,0,300
3536,2022/10/8 9:59,131.3920185,46.86965067,5192935.623,453647.077,0,0,FALSE,3.6,0,300
3537,2022/10/8 9:59,131.3920185,46.869651,5192935.659,453647.0773,0,0,FALSE,3.6,0,300
3538,2022/10/8 9:59,131.3920183,46.86965133,5192935.696,453647.0624,0,0,FALSE,3.6,0,300
3539,2022/10/8 9:59,131.3920182,46.86965167,5192935.734,453647.055,0,0,FALSE,3.6,0,300
3540,2022/10/8 9:59,131.3920182,46.86965217,5192935.789,453647.0555,0,0,FALSE,3.6,0,300
3541,2022/10/8 10:00,131.3920182,46.86965217,5192935.789,453647.0555,0,0,FALSE,3.6,0,300
3542,2022/10/8 10:00,131.3920183,46.86965233,5192935.807,453647.0632,0,0,FALSE,3.6,0,300
3543,2022/10/8 10:00,131.3920183,46.8696525,5192935.826,453647.0634,0,0,FALSE,3.6,0,300
3544,2022/10/8 10:00,131.3920183,46.8696525,5192935.826,453647.0634,0,0,FALSE,3.6,0,300
3545,2022/10/8 10:00,131.3920185,46.8696525,5192935.826,453647.0786,0,0,FALSE,3.6,0,300
3546,2022/10/8 10:00,131.3920183,46.86965267,5192935.845,453647.0635,0,0,FALSE,3.6,0,300
3547,2022/10/8 10:00,131.3920183,46.86965267,5192935.845,453647.0635,0,0,FALSE,3.6,0,300
3548,2022/10/8 10:00,131.3920183,46.86965267,5192935.845,453647.0635,0,0,FALSE,3.6,0,300
3549,2022/10/8 10:00,131.3920183,46.86965267,5192935.845,453647.0635,0,0,FALSE,3.6,0,300
3550,2022/10/8 10:00,131.3920182,46.86965267,5192935.845,453647.0559,0,0,FALSE,3.6,0,300
3551,2022/10/8 10:00,131.392018,46.8696525,5192935.826,453647.0405,0,0,FALSE,3.6,0,300
3552,2022/10/8 10:00,131.3920178,46.8696525,5192935.826,453647.0252,0,0,FALSE,3.6,0,300
3553,2022/10/8 10:00,131.3920177,46.8696525,5192935.826,453647.0176,0,0,FALSE,3.6,0,300
3554,2022/10/8 10:00,131.3920175,46.8696525,5192935.827,453647.0024,0,0,FALSE,3.6,0,300
3555,2022/10/8 10:00,131.3920173,46.8696525,5192935.827,453646.9871,0,0,FALSE,3.6,0,300
3556,2022/10/8 10:01,131.3920172,46.86965267,5192935.846,453646.9797,0,0,FALSE,3.6,0,300
3557,2022/10/8 10:01,131.392017,46.86965283,5192935.864,453646.9645,0,0,FALSE,3.6,0,300
3558,2022/10/8 10:01,131.3920165,46.86965317,5192935.902,453646.9267,0,0,FALSE,3.6,0,300
3559,2022/10/8 10:01,131.3920163,46.86965333,5192935.92,453646.9116,0,0,FALSE,3.6,0,300
3560,2022/10/8 10:01,131.392016,46.8696535,5192935.939,453646.8889,0,0,FALSE,3.6,0,300
3561,2022/10/8 10:01,131.3920158,46.86965367,5192935.958,453646.8738,0,0,FALSE,3.6,0,300
3562,2022/10/8 10:01,131.3920153,46.86965383,5192935.976,453646.8358,0,0,FALSE,3.6,0,300
3563,2022/10/8 10:01,131.392015,46.869654,5192935.995,453646.8131,0,0,FALSE,3.6,0,300
3564,2022/10/8 10:01,131.3920145,46.86965417,5192936.014,453646.7751,0,0,FALSE,3.6,0,300
3565,2022/10/8 10:01,131.3920142,46.86965433,5192936.032,453646.7524,0,0,FALSE,3.6,0,300
3566,2022/10/8 10:01,131.3920138,46.86965433,5192936.032,453646.7219,0,0,FALSE,3.6,0,300
3567,2022/10/8 10:01,131.3920137,46.86965433,5192936.032,453646.7142,0,0,FALSE,3.6,0,300
3568,2022/10/8 10:01,131.3920133,46.86965433,5192936.032,453646.6837,0,0,FALSE,3.6,0,300
3569,2022/10/8 10:01,131.3920132,46.86965417,5192936.015,453646.676,0,0,FALSE,3.6,0,300
3570,2022/10/8 10:01,131.392013,46.86965417,5192936.015,453646.6607,0,0,FALSE,3.6,0,300
3571,2022/10/8 10:02,131.3920132,46.869654,5192935.996,453646.6758,2.07424,163,FALSE,3.6,0,300
3572,2022/10/8 10:02,131.3920318,46.86961933,5192932.131,453648.0641,1.81496,173,FALSE,3.6,0,300
3573,2022/10/8 10:02,131.3920552,46.86956017,5192925.54,453649.7972,3.62992,183.8,TRUE,3.6,459,300
3574,2022/10/8 10:02,131.3920548,46.86952717,5192921.872,453649.7383,1.03712,178.9,TRUE,3.6,500,300
3575,2022/10/8 10:02,131.3920577,46.86952183,5192921.277,453649.9548,0,0,FALSE,3.6,0,300
3576,2022/10/8 10:02,131.3920597,46.8695185,5192920.905,453650.1044,4.09292,179.3,TRUE,3.6,370,300
3577,2022/10/8 10:02,131.3920748,46.869462,5192914.615,453651.207,5.63008,175.1,TRUE,3.6,441,300
3578,2022/10/8 10:02,131.392082,46.869406,5192908.386,453651.7077,4.63,172.2,TRUE,3.6,478,300
3579,2022/10/8 10:02,131.3921012,46.8693485,5192901.982,453653.122,5.556,174.4,TRUE,3.6,480,300
3580,2022/10/8 10:02,131.3921072,46.86929383,5192895.901,453653.5324,5.38932,177.1,TRUE,3.6,448,300
3581,2022/10/8 10:02,131.3921187,46.86923617,5192889.484,453654.3595,5.81528,174.3,TRUE,3.6,500,300
3582,2022/10/8 10:02,131.3921255,46.86917767,5192882.977,453654.8276,5.70416,177,TRUE,3.6,454,300
3583,2022/10/8 10:02,131.3921348,46.86912433,5192877.042,453655.4908,6.16716,176,TRUE,3.6,438,300
3584,2022/10/8 10:02,131.3921487,46.869066,5192870.549,453656.5003,6.1116,174.6,TRUE,3.6,437,300
3585,2022/10/8 10:02,131.39216,46.86900933,5192864.243,453657.3131,5.50044,172.8,TRUE,3.6,500,300
3586,2022/10/8 10:03,131.3921703,46.8689555,5192858.252,453658.052,4.92632,181.9,TRUE,3.6,490,300
3587,2022/10/8 10:03,131.3921818,46.8689005,5192852.131,453658.8814,5.50044,173.7,TRUE,3.6,468,300
3588,2022/10/8 10:03,131.3921885,46.86884667,5192846.143,453659.3459,5.6486,173.1,TRUE,3.6,485,300
3589,2022/10/8 10:03,131.3922033,46.86879183,5192840.038,453660.4271,5.61156,174.2,TRUE,3.6,467,300
3590,2022/10/8 10:03,131.3922097,46.86873417,5192833.624,453660.8654,5.63008,166.6,TRUE,3.6,500,300
3591,2022/10/8 10:03,131.3922147,46.86867667,5192827.229,453661.1972,5.4634,172,TRUE,3.6,476,300
3592,2022/10/8 10:03,131.3922232,46.8686165,5192820.535,453661.7934,5.50044,174.3,TRUE,3.6,458,300
3593,2022/10/8 10:03,131.3922275,46.86856117,5192814.382,453662.0737,5.9264,169.6,TRUE,3.6,490,300
3594,2022/10/8 10:03,131.3922383,46.8685065,5192808.298,453662.85,5.75972,177.9,TRUE,3.6,495,300
3595,2022/10/8 10:03,131.3922552,46.86844833,5192801.821,453664.0885,6.03752,175,TRUE,3.6,459,300
3596,2022/10/8 10:03,131.3922577,46.8683965,5192796.058,453664.2345,6.18568,170.4,TRUE,3.6,474,300
3597,2022/10/8 10:03,131.3922678,46.86833867,5192789.623,453664.9547,6.019,177.5,TRUE,3.6,500,300
3598,2022/10/8 10:03,131.3922782,46.86828167,5192783.28,453665.6986,5.20412,181.1,TRUE,3.6,475,300
3599,2022/10/8 10:03,131.3922865,46.86822733,5192777.235,453666.2847,5.33376,173.5,TRUE,3.6,470,300
3600,2022/10/8 10:03,131.3922977,46.8681725,5192771.133,453667.0914,5.48192,179.1,TRUE,3.6,500,300
3601,2022/10/8 10:04,131.3923052,46.8681155,5192764.792,453667.6142,6.019,174.5,TRUE,3.6,485,300
3602,2022/10/8 10:04,131.3923122,46.86805783,5192758.377,453668.0982,5.01892,179.4,TRUE,3.6,500,300
3603,2022/10/8 10:04,131.3923225,46.86800483,5192752.479,453668.8379,5.4634,173.6,TRUE,3.6,500,300
3604,2022/10/8 10:04,131.3923302,46.86794867,5192746.231,453669.3767,4.96336,168.7,TRUE,3.6,463,300
3605,2022/10/8 10:04,131.3923403,46.86789183,5192739.906,453670.0978,5.53748,172,TRUE,3.6,500,300
3606,2022/10/8 10:04,131.3923532,46.86783467,5192733.544,453671.0322,5.4634,173,TRUE,3.6,459,300
3607,2022/10/8 10:04,131.3923655,46.86777317,5192726.7,453671.917,5.20412,169.5,TRUE,3.6,500,300
3608,2022/10/8 10:04,131.3923743,46.86771967,5192720.747,453672.542,5.48192,179.6,TRUE,3.6,500,300
3609,2022/10/8 10:04,131.3923802,46.86766417,5192714.574,453672.944,5.50044,171.8,TRUE,3.6,481,300
3610,2022/10/8 10:04,131.3923892,46.8676065,5192708.158,453673.5806,5.20412,174.5,TRUE,3.6,481,300
3611,2022/10/8 10:04,131.3924018,46.867549,5192701.758,453674.4918,5.53748,169.3,TRUE,3.6,493,300
3612,2022/10/8 10:04,131.3924088,46.8674905,5192695.251,453674.9752,5.4634,172.2,TRUE,3.6,500,300
3613,2022/10/8 10:04,131.3924213,46.8674345,5192689.018,453675.88,5.68564,175.3,TRUE,3.6,500,300
3614,2022/10/8 10:04,131.39243,46.86737833,5192682.768,453676.495,5.0004,171.4,TRUE,3.6,500,300
3615,2022/10/8 10:04,131.3924365,46.867321,5192676.391,453676.9413,5.9264,172.9,TRUE,3.6,490,300
3616,2022/10/8 10:05,131.3924463,46.86726417,5192670.068,453677.6396,5.75972,174.3,TRUE,3.6,487,300
3617,2022/10/8 10:05,131.3924525,46.86720883,5192663.912,453678.0647,5.35228,171.9,TRUE,3.6,500,300
3618,2022/10/8 10:05,131.392466,46.86714783,5192657.123,453679.0415,5.53748,180.9,TRUE,3.6,493,300
3619,2022/10/8 10:05,131.3924752,46.86709317,5192651.041,453679.696,5.48192,177.1,TRUE,3.6,500,300
3620,2022/10/8 10:05,131.3924832,46.86703933,5192645.051,453680.2596,5.68564,167.5,TRUE,3.6,500,300
3621,2022/10/8 10:05,131.3924907,46.86698333,5192638.821,453680.7832,5.6486,175.2,TRUE,3.6,434,300
3622,2022/10/8 10:05,131.3924958,46.866927,5192632.556,453681.1236,6.2968,180.6,TRUE,3.6,500,300
3623,2022/10/8 10:05,131.3925088,46.86686567,5192625.731,453682.0621,6.22272,173.9,TRUE,3.6,500,300
3624,2022/10/8 10:05,131.3925202,46.86680867,5192619.387,453682.8822,5.38932,177.2,TRUE,3.6,500,300
3625,2022/10/8 10:05,131.3925288,46.8667495,5192612.804,453683.487,5.2782,174.6,TRUE,3.6,495,300
3626,2022/10/8 10:05,131.3925365,46.866693,5192606.519,453684.0255,5.20412,177.3,TRUE,3.6,483,300
3627,2022/10/8 10:05,131.3925428,46.8666355,5192600.123,453684.4564,6.07456,178.8,TRUE,3.6,476,300
3628,2022/10/8 10:05,131.3925563,46.86657967,5192593.909,453685.4377,5.29672,172.6,TRUE,3.6,495,300
3629,2022/10/8 10:05,131.3925678,46.86652517,5192587.843,453686.2676,5.87084,176.2,TRUE,3.6,499,300
3630,2022/10/8 10:05,131.3925783,46.86646667,5192581.334,453687.0179,5.61156,168.8,TRUE,3.6,500,300
3631,2022/10/8 10:06,131.3925872,46.86641083,5192575.121,453687.6484,6.00048,173.2,TRUE,3.6,494,300
3632,2022/10/8 10:06,131.3925958,46.86635483,5192568.89,453688.256,5.3708,174.1,TRUE,3.6,495,300
3633,2022/10/8 10:06,131.3926047,46.86629783,5192562.549,453688.8855,6.00048,170.8,TRUE,3.6,496,300
3634,2022/10/8 10:06,131.3926135,46.866241,5192556.226,453689.5076,5.66712,172.2,TRUE,3.6,472,300
3635,2022/10/8 10:06,131.3926245,46.86618483,5192549.975,453690.298,5.59304,172.7,TRUE,3.6,500,300
3636,2022/10/8 10:06,131.3926308,46.86613217,5192544.117,453690.7331,5.01892,172.1,TRUE,3.6,500,300
3637,2022/10/8 10:06,131.3926387,46.86607667,5192537.943,453691.2877,5.77824,178.7,TRUE,3.6,490,300
3638,2022/10/8 10:06,131.3926503,46.8660165,5192531.247,453692.1204,5.2782,172.5,TRUE,3.6,490,300
3639,2022/10/8 10:06,131.3926617,46.8659595,5192524.903,453692.9406,5.093,171.9,TRUE,3.6,500,300
3640,2022/10/8 10:06,131.3926728,46.86590717,5192519.08,453693.7419,5.01892,171.3,TRUE,3.6,474,300
3641,2022/10/8 10:06,131.3926833,46.86585533,5192513.31,453694.4979,4.9078,178.5,TRUE,3.6,500,300
3642,2022/10/8 10:06,131.3926885,46.86579767,5192506.897,453694.8448,5.24116,174.6,TRUE,3.6,491,300
3643,2022/10/8 10:06,131.392692,46.865744,5192500.929,453695.0655,5.29672,174.2,TRUE,3.6,500,300
3644,2022/10/8 10:06,131.3927022,46.86568867,5192494.772,453695.7956,5.75972,170.7,TRUE,3.6,490,300
3645,2022/10/8 10:06,131.3927092,46.86563717,5192489.043,453696.2851,5.98196,179.3,TRUE,3.6,484,300
3646,2022/10/8 10:07,131.3927223,46.86557633,5192482.272,453697.2316,5.85232,174.9,TRUE,3.6,500,300
3647,2022/10/8 10:07,131.3927345,46.8655155,5192475.502,453698.1095,5.2782,176.8,TRUE,3.6,500,300
3648,2022/10/8 10:07,131.392743,46.86545517,5192468.79,453698.7057,5.093,176.5,TRUE,3.6,482,300
3649,2022/10/8 10:07,131.3927542,46.86540217,5192462.892,453699.5141,5.75972,171.3,TRUE,3.6,500,300
3650,2022/10/8 10:07,131.392762,46.86534783,5192456.846,453700.0621,5.38932,170.9,TRUE,3.6,480,300
3651,2022/10/8 10:07,131.3927718,46.8652935,5192450.801,453700.7626,4.92632,174.3,TRUE,3.6,483,300
3652,2022/10/8 10:07,131.3927788,46.86523917,5192444.757,453701.2496,5.50044,173.1,TRUE,3.6,476,300
3653,2022/10/8 10:07,131.3927892,46.86517933,5192438.098,453701.9911,5.38932,176.1,TRUE,3.6,474,300
3654,2022/10/8 10:07,131.3927997,46.86512367,5192431.905,453702.7438,5.4634,170,TRUE,3.6,468,300
3655,2022/10/8 10:07,131.3928095,46.86506483,5192425.358,453703.4405,5.22264,175.3,TRUE,3.6,489,300
3656,2022/10/8 10:07,131.3928192,46.865009,5192419.146,453704.1321,5.1856,175.2,TRUE,3.6,480,300
3657,2022/10/8 10:07,131.392822,46.86495167,5192412.771,453704.2963,5.50044,173.3,TRUE,3.6,500,300
3658,2022/10/8 10:07,131.3928345,46.8648935,5192406.297,453705.1994,5.59304,174.7,TRUE,3.6,482,300
3659,2022/10/8 10:07,131.3928445,46.864838,5192400.121,453705.9141,5.48192,170.2,TRUE,3.6,482,300
3660,2022/10/8 10:07,131.3928502,46.86478333,5192394.04,453706.3017,5.25968,173.6,TRUE,3.6,491,300
3661,2022/10/8 10:08,131.3928598,46.86473067,5192388.18,453706.9884,5.63008,173.7,TRUE,3.6,482,300
3662,2022/10/8 10:08,131.3928682,46.86467233,5192381.69,453707.5788,5.90788,172.9,TRUE,3.6,496,300
3663,2022/10/8 10:08,131.3928792,46.864618,5192375.644,453708.3708,5.66712,171.4,TRUE,3.6,489,300
3664,2022/10/8 10:08,131.3928902,46.86456183,5192369.393,453709.1612,5.31524,173.2,TRUE,3.6,493,300
3665,2022/10/8 10:08,131.392899,46.864506,5192363.181,453709.7842,5.6486,173.2,TRUE,3.6,500,300
3666,2022/10/8 10:08,131.3929083,46.86445083,5192357.043,453710.4459,5.31524,172.5,TRUE,3.6,500,300
3667,2022/10/8 10:08,131.3929198,46.8643925,5192350.551,453711.2726,5.70416,170.5,TRUE,3.6,493,300
3668,2022/10/8 10:08,131.392928,46.86433333,5192343.969,453711.847,5.87084,171.7,TRUE,3.6,461,300
3669,2022/10/8 10:08,131.3929333,46.86427267,5192337.222,453712.1989,5.87084,177.9,TRUE,3.6,500,300
3670,2022/10/8 10:08,131.3929372,46.8642125,5192330.531,453712.4446,5.9264,170.9,TRUE,3.6,483,300
3671,2022/10/8 10:08,131.3929465,46.86415783,5192324.448,453713.1067,5.75972,171.5,TRUE,3.6,500,300
3672,2022/10/8 10:08,131.3929525,46.86410483,5192318.552,453713.5186,5.11152,174.7,TRUE,3.6,483,300
3673,2022/10/8 10:08,131.3929738,46.864044,5192311.778,453715.0905,5.31524,172.2,TRUE,3.6,472,300
3674,2022/10/8 10:08,131.392989,46.863985,5192305.21,453716.1987,5.40784,173,TRUE,3.6,498,300
3675,2022/10/8 10:08,131.3929975,46.86392783,5192298.849,453716.7977,5.72268,179,TRUE,3.6,500,300
3676,2022/10/8 10:09,131.3929967,46.86387333,5192292.791,453716.6899,5.6486,174.9,TRUE,3.6,500,300
3677,2022/10/8 10:09,131.3930018,46.86381717,5192286.545,453717.0305,5.48192,172.6,TRUE,3.6,495,300
3678,2022/10/8 10:09,131.3930088,46.8637625,5192280.463,453717.5172,5.29672,169.6,TRUE,3.6,468,300
3679,2022/10/8 10:09,131.393014,46.86370417,5192273.976,453717.8636,5.79676,172.4,TRUE,3.6,496,300
3680,2022/10/8 10:09,131.3930285,46.86364667,5192267.575,453718.9198,5.53748,175.9,TRUE,3.6,499,300
3681,2022/10/8 10:09,131.393037,46.86358867,5192261.122,453719.518,5.77824,169.6,TRUE,3.6,500,300
3682,2022/10/8 10:09,131.3930478,46.863534,5192255.038,453720.2945,5.59304,177.1,TRUE,3.6,500,300
3683,2022/10/8 10:09,131.393055,46.863481,5192249.142,453720.798,5.61156,176.6,TRUE,3.6,498,300
3684,2022/10/8 10:09,131.3930648,46.863426,5192243.022,453721.498,6.03752,174.5,TRUE,3.6,500,300
3685,2022/10/8 10:09,131.393072,46.86337133,5192236.94,453722,5.42636,171.9,TRUE,3.6,495,300
3686,2022/10/8 10:09,131.3930775,46.86331483,5192230.656,453722.3708,6.07456,174.6,TRUE,3.6,481,300
3687,2022/10/8 10:09,131.3930872,46.86325417,5192223.907,453723.0583,5.88936,176.9,TRUE,3.6,500,300
3688,2022/10/8 10:09,131.3930945,46.86320033,5192217.917,453723.5687,5.44488,174.7,TRUE,3.6,492,300
3689,2022/10/8 10:09,131.3931057,46.863146,5192211.871,453724.376,5.20412,171.7,TRUE,3.6,500,300
3690,2022/10/8 10:09,131.3931185,46.8630855,5192205.138,453725.3,5.556,169.8,TRUE,3.6,492,300
3691,2022/10/8 10:10,131.3931208,46.86302767,5192198.708,453725.4257,5.57452,174.7,TRUE,3.6,500,300
3692,2022/10/8 10:10,131.3931298,46.86297067,5192192.366,453726.0629,5.7412,167.6,TRUE,3.6,494,300
3693,2022/10/8 10:10,131.3931407,46.862908,5192185.393,453726.8402,5.01892,171.4,TRUE,3.6,487,300
3694,2022/10/8 10:10,131.393152,46.86285317,5192179.291,453727.6547,4.87076,172.8,TRUE,3.6,431,300
3695,2022/10/8 10:10,131.3931657,46.862793,5192172.594,453728.6476,4.92632,172.3,TRUE,3.6,499,300
3696,2022/10/8 10:10,131.3931713,46.8627395,5192166.643,453729.0287,5.77824,173.8,TRUE,3.6,459,300
3697,2022/10/8 10:10,131.393176,46.8626875,5192160.859,453729.3424,5.31524,171.9,TRUE,3.6,486,300
3698,2022/10/8 10:10,131.3931815,46.862637,5192155.242,453729.7184,5.61156,173,TRUE,3.6,472,300
3699,2022/10/8 10:10,131.3931913,46.86258533,5192149.492,453730.4212,5.57452,171.6,TRUE,3.6,489,300
3700,2022/10/8 10:10,131.3932032,46.86252783,5192143.093,453731.2792,5.72268,172.4,TRUE,3.6,500,300
3701,2022/10/8 10:10,131.3932075,46.86246967,5192136.625,453731.5571,5.42636,168.7,TRUE,3.6,477,300
3702,2022/10/8 10:10,131.3932143,46.86241367,5192130.396,453732.0275,5.44488,178.1,TRUE,3.6,500,300
3703,2022/10/8 10:10,131.3932233,46.86235883,5192124.294,453732.6667,5.3708,176.1,TRUE,3.6,500,300
3704,2022/10/8 10:10,131.3932367,46.8622995,5192117.69,453733.6374,5.9264,175.5,TRUE,3.6,490,300
3705,2022/10/8 10:10,131.3932422,46.86224517,5192111.647,453734.0101,6.09308,172.4,TRUE,3.6,491,300
3706,2022/10/8 10:11,131.3932488,46.862187,5192105.177,453734.4634,6.00048,171,TRUE,3.6,491,300
3707,2022/10/8 10:11,131.3932618,46.86212283,5192098.036,453735.3996,5.68564,173.7,TRUE,3.6,500,300
3708,2022/10/8 10:11,131.3932753,46.8620605,5192091.099,453736.3754,6.2968,172.9,TRUE,3.6,496,300
3709,2022/10/8 10:11,131.3932777,46.862002,5192084.594,453736.5082,5.70416,174.6,TRUE,3.6,500,300
3710,2022/10/8 10:11,131.3932883,46.86194717,5192078.492,453737.2693,5.85232,172.5,TRUE,3.6,490,300
3711,2022/10/8 10:11,131.3932948,46.86188667,5192071.763,453737.713,5.25968,173.1,TRUE,3.6,500,300
3712,2022/10/8 10:11,131.3932978,46.8618365,5192066.184,453737.8987,5.8338,179,TRUE,3.6,276,300
3713,2022/10/8 10:11,131.3932677,46.86179533,5192061.625,453735.5681,5.03744,229.4,FALSE,3.6,0,300
3714,2022/10/8 10:11,131.3931905,46.8617955,5192061.689,453729.6816,5.53748,279.7,FALSE,3.6,0,300
3715,2022/10/8 10:11,131.3931643,46.86181483,5192063.853,453727.7005,5.7412,326.3,FALSE,3.6,0,300
3716,2022/10/8 10:11,131.393153,46.8618685,5192069.826,453726.8849,5.57452,352,TRUE,3.6,436,300
3717,2022/10/8 10:11,131.3931347,46.86191333,5192074.821,453725.528,4.87076,357.1,TRUE,3.6,496,300
3718,2022/10/8 10:11,131.3931295,46.86196033,5192080.049,453725.1719,5.31524,355.2,TRUE,3.6,485,300
3719,2022/10/8 10:11,131.3931147,46.86201117,5192085.709,453724.0871,5.07448,355.8,TRUE,3.6,500,300
3720,2022/10/8 10:11,131.3931053,46.86206167,5192091.329,453723.4137,4.74112,350,TRUE,3.6,482,300
3721,2022/10/8 10:12,131.393097,46.86211417,5192097.17,453722.8259,5.3708,353.9,TRUE,3.6,457,300
3722,2022/10/8 10:12,131.393087,46.862169,5192103.271,453722.1105,6.61164,354.1,TRUE,3.6,493,300
3723,2022/10/8 10:12,131.3930812,46.86222567,5192109.574,453721.717,5.94492,353.5,TRUE,3.6,500,300
3724,2022/10/8 10:12,131.393071,46.862281,5192115.731,453720.9868,5.59304,351.1,TRUE,3.6,500,300
3725,2022/10/8 10:12,131.393056,46.86234133,5192122.447,453719.8949,5.38932,356.7,TRUE,3.6,500,300
3726,2022/10/8 10:12,131.3930447,46.86239867,5192128.828,453719.0825,6.00048,351.1,TRUE,3.6,500,300
3727,2022/10/8 10:12,131.393039,46.86245283,5192134.852,453718.6944,5.90788,358.7,TRUE,3.6,500,300
3728,2022/10/8 10:12,131.393031,46.8625085,5192141.046,453718.1322,5.88936,355.1,TRUE,3.6,500,300
3729,2022/10/8 10:12,131.3930207,46.86256483,5192147.314,453717.3953,5.59304,354.3,TRUE,3.6,500,300
3730,2022/10/8 10:12,131.3930117,46.86262033,5192153.489,453716.7567,5.59304,359.3,TRUE,3.6,492,300
3731,2022/10/8 10:12,131.3930035,46.8626725,5192159.293,453716.1763,5.07448,353.9,TRUE,3.6,491,300
3732,2022/10/8 10:12,131.3929913,46.86272633,5192165.285,453715.2923,5.68564,353.4,TRUE,3.6,486,300
3733,2022/10/8 10:12,131.3929847,46.862778,5192171.033,453714.8335,4.51888,349.1,TRUE,3.6,487,300
3734,2022/10/8 10:12,131.3929782,46.86282533,5192176.298,453714.3785,5.66712,354.2,TRUE,3.6,495,300
3735,2022/10/8 10:12,131.3929652,46.86288667,5192183.125,453713.44,5.70416,352.1,TRUE,3.6,476,300
3736,2022/10/8 10:13,131.392959,46.86294367,5192189.465,453713.0162,5.87084,357.2,TRUE,3.6,492,300
3737,2022/10/8 10:13,131.392948,46.86300317,5192196.086,453712.2286,5.70416,351.7,TRUE,3.6,500,300
3738,2022/10/8 10:13,131.3929315,46.86305567,5192201.932,453711.0156,5.98196,352.4,TRUE,3.6,500,300
3739,2022/10/8 10:13,131.3929188,46.86311917,5192208.999,453710.1018,6.1116,355,TRUE,3.6,500,300
3740,2022/10/8 10:13,131.3929098,46.863177,5192215.433,453709.4653,5.2782,351,TRUE,3.6,500,300
3741,2022/10/8 10:13,131.392906,46.863231,5192221.438,453709.222,6.019,355.7,TRUE,3.6,478,300
3742,2022/10/8 10:13,131.3928965,46.86328733,5192227.706,453708.546,5.94492,353.3,TRUE,3.6,487,300
3743,2022/10/8 10:13,131.392888,46.863348,5192234.455,453707.95,5.59304,349.2,TRUE,3.6,485,300
3744,2022/10/8 10:13,131.3928777,46.86340783,5192241.113,453707.2161,5.4634,0.4,TRUE,3.6,500,300
3745,2022/10/8 10:13,131.3928688,46.86346433,5192247.399,453706.5861,5.9264,352.5,TRUE,3.6,500,300
3746,2022/10/8 10:13,131.3928593,46.86352467,5192254.112,453705.9136,5.68564,357.9,TRUE,3.6,452,300
3747,2022/10/8 10:13,131.3928525,46.86358283,5192260.582,453705.4451,5.98196,353.1,TRUE,3.6,476,300
3748,2022/10/8 10:13,131.3928417,46.86363833,5192266.758,453704.6693,6.16716,349.1,TRUE,3.6,500,300
3749,2022/10/8 10:13,131.3928313,46.863699,5192273.509,453703.9285,6.019,358.9,TRUE,3.6,500,300
3750,2022/10/8 10:13,131.3928212,46.86375417,5192279.648,453703.2058,6.25976,356.7,TRUE,3.6,490,300
3751,2022/10/8 10:14,131.3928113,46.86381183,5192286.063,453702.5005,6.2968,354.4,TRUE,3.6,493,300
3752,2022/10/8 10:14,131.392795,46.863877,5192293.318,453701.3137,5.77824,354.6,TRUE,3.6,500,300
3753,2022/10/8 10:14,131.3927847,46.8639385,5192300.161,453700.5812,5.38932,351.8,TRUE,3.6,500,300
3754,2022/10/8 10:14,131.392775,46.86399417,5192306.355,453699.8894,5.51896,357.6,TRUE,3.6,500,300
3755,2022/10/8 10:14,131.392766,46.864048,5192312.345,453699.2495,6.019,354.5,TRUE,3.6,471,300
3756,2022/10/8 10:14,131.3927578,46.864106,5192318.797,453698.6741,5.6486,351.5,TRUE,3.6,469,300
3757,2022/10/8 10:14,131.3927487,46.86416233,5192325.065,453698.0287,5.81528,351,TRUE,3.6,481,300
3758,2022/10/8 10:14,131.3927385,46.86422117,5192331.612,453697.3015,6.31532,356.3,TRUE,3.6,485,300
3759,2022/10/8 10:14,131.3927323,46.86428033,5192338.192,453696.8797,6.1116,357.2,TRUE,3.6,453,300
3760,2022/10/8 10:14,131.392723,46.864338,5192344.609,453696.2201,5.98196,355.1,TRUE,3.6,470,300
3761,2022/10/8 10:14,131.392713,46.86439833,5192351.321,453695.5095,6.07456,355.6,TRUE,3.6,471,300
3762,2022/10/8 10:14,131.3927012,46.8644565,5192357.795,453694.6598,6.79684,356.2,TRUE,3.6,451,300
3763,2022/10/8 10:14,131.3926923,46.864515,5192364.304,453694.0315,5.79676,355.2,TRUE,3.6,462,300
3764,2022/10/8 10:14,131.392689,46.86457067,5192370.494,453693.8278,6.46348,357.8,TRUE,3.6,439,300
3765,2022/10/8 10:14,131.3926813,46.86463183,5192377.298,453693.2933,5.96344,351.1,TRUE,3.6,488,300
3766,2022/10/8 10:15,131.3926725,46.86469117,5192383.9,453692.6733,5.94492,347.4,TRUE,3.6,490,300
3767,2022/10/8 10:15,131.3926592,46.86474883,5192390.317,453691.7088,6.24124,352.4,TRUE,3.6,500,300
3768,2022/10/8 10:15,131.3926545,46.864811,5192397.231,453691.4039,6.79684,354.5,TRUE,3.6,468,300
3769,2022/10/8 10:15,131.3926428,46.86487233,5192404.056,453690.5646,5.81528,352.3,TRUE,3.6,485,300
3770,2022/10/8 10:15,131.3926335,46.86493117,5192410.603,453689.9061,6.482,355.4,TRUE,3.6,476,300
3771,2022/10/8 10:15,131.3926223,46.86499317,5192417.502,453689.1054,6.00048,355.2,TRUE,3.6,489,300
3772,2022/10/8 10:15,131.3926113,46.86505217,5192424.067,453688.3174,5.59304,1.1,TRUE,3.6,338,300
3773,2022/10/8 10:15,131.3926073,46.86510783,5192430.257,453688.0603,6.09308,351.7,TRUE,3.6,433,300
3774,2022/10/8 10:15,131.3925978,46.865167,5192436.841,453687.3869,5.44488,353.5,TRUE,3.6,498,300
3775,2022/10/8 10:15,131.392586,46.8652235,5192443.129,453686.5357,5.556,351.7,TRUE,3.6,438,300
3776,2022/10/8 10:15,131.3925775,46.865284,5192449.859,453685.9397,6.019,352.8,TRUE,3.6,500,300
3777,2022/10/8 10:15,131.3925677,46.86534383,5192456.516,453685.2439,5.57452,359.9,TRUE,3.6,497,300
3778,2022/10/8 10:15,131.3925608,46.86540367,5192463.173,453684.7693,5.66712,354.6,TRUE,3.6,459,300
3779,2022/10/8 10:15,131.3925508,46.86546367,5192469.849,453684.0584,5.66712,351.7,TRUE,3.6,499,300
3780,2022/10/8 10:15,131.392541,46.86552017,5192476.135,453683.3598,5.50044,351.1,TRUE,3.6,484,300
3781,2022/10/8 10:16,131.392529,46.86557633,5192482.386,453682.4932,5.01892,348.8,TRUE,3.6,410,300
3782,2022/10/8 10:16,131.3925188,46.86563617,5192489.044,453681.7669,6.22272,355.1,TRUE,3.6,497,300
3783,2022/10/8 10:16,131.3925133,46.8656935,5192495.42,453681.3969,5.8338,353.6,TRUE,3.6,500,300
3784,2022/10/8 10:16,131.3925002,46.86575617,5192502.395,453680.452,6.55608,355.9,TRUE,3.6,500,300
3785,2022/10/8 10:16,131.3924902,46.86581833,5192509.311,453679.743,5.98196,355.8,TRUE,3.6,471,300
3786,2022/10/8 10:16,131.3924832,46.86587533,5192515.652,453679.2583,5.7412,350.5,TRUE,3.6,480,300
3787,2022/10/8 10:16,131.3924735,46.8659325,5192522.013,453678.5679,6.1116,351.4,TRUE,3.6,500,300
3788,2022/10/8 10:16,131.3924632,46.86599083,5192528.503,453677.8327,6.2968,358.8,TRUE,3.6,497,300
3789,2022/10/8 10:16,131.3924538,46.86604933,5192535.012,453677.1663,6.44496,348.8,TRUE,3.6,500,300
3790,2022/10/8 10:16,131.392443,46.86610833,5192541.578,453676.3936,6.3894,352,TRUE,3.6,413,300
3791,2022/10/8 10:16,131.3924338,46.86617017,5192548.458,453675.7454,5.81528,352,TRUE,3.6,416,300
3792,2022/10/8 10:16,131.3924242,46.86622983,5192555.096,453675.0648,5.70416,356.6,TRUE,3.6,493,300
3793,2022/10/8 10:16,131.3924163,46.86628733,5192561.492,453674.5119,6.35236,352.1,TRUE,3.6,454,300
3794,2022/10/8 10:16,131.3924072,46.86634583,5192568.001,453673.8684,5.79676,355.4,TRUE,3.6,500,300
3795,2022/10/8 10:16,131.3923968,46.86640233,5192574.288,453673.124,5.94492,354.4,TRUE,3.6,476,300
3796,2022/10/8 10:17,131.392389,46.86646183,5192580.907,453672.5805,6.53756,355.3,TRUE,3.6,500,300
3797,2022/10/8 10:17,131.3923772,46.8665205,5192587.436,453671.7313,5.9264,352.7,TRUE,3.6,500,300
3798,2022/10/8 10:17,131.392369,46.86657633,5192593.648,453671.1541,5.87084,350.7,TRUE,3.6,500,300
3799,2022/10/8 10:17,131.3923608,46.86663333,5192599.989,453670.578,6.50052,354.4,TRUE,3.6,486,300
3800,2022/10/8 10:17,131.3923533,46.8666875,5192606.016,453670.0527,5.81528,355.1,TRUE,3.6,475,300
3801,2022/10/8 10:17,131.392344,46.866745,5192612.413,453669.3931,5.98196,351.1,TRUE,3.6,500,300
3802,2022/10/8 10:17,131.3923352,46.86680533,5192619.125,453668.7741,5.556,356.2,TRUE,3.6,500,300
3803,2022/10/8 10:17,131.3923242,46.86686417,5192625.673,453667.986,5.87084,354.8,TRUE,3.6,465,300
3804,2022/10/8 10:17,131.3923162,46.86691867,5192631.736,453667.423,5.79676,351.7,TRUE,3.6,496,300
3805,2022/10/8 10:17,131.3923078,46.866974,5192637.892,453666.8301,5.96344,354.7,TRUE,3.6,451,300
3806,2022/10/8 10:17,131.392297,46.86703467,5192644.643,453666.0589,6.2968,357.5,TRUE,3.6,500,300
3807,2022/10/8 10:17,131.3922852,46.867095,5192651.357,453665.2111,6.482,359.9,TRUE,3.6,485,300
3808,2022/10/8 10:17,131.3922717,46.86715783,5192658.349,453664.2359,5.72268,348.8,TRUE,3.6,500,300
3809,2022/10/8 10:17,131.3922583,46.86721467,5192664.676,453663.2632,5.77824,349.4,TRUE,3.6,490,300
3810,2022/10/8 10:17,131.3922487,46.86726967,5192670.796,453662.5785,6.42644,348.4,TRUE,3.6,430,300
3811,2022/10/8 10:18,131.3922407,46.86732883,5192677.377,453662.0195,5.66712,351.2,TRUE,3.6,390,300
3812,2022/10/8 10:18,131.3922338,46.86738417,5192683.533,453661.5411,6.31532,356.5,TRUE,3.6,456,300
3813,2022/10/8 10:18,131.3922308,46.8674355,5192689.241,453661.3565,6.019,355.3,TRUE,3.6,423,300
3814,2022/10/8 10:18,131.3922238,46.867489,5192695.193,453660.8688,6.482,353.9,TRUE,3.6,494,300
3815,2022/10/8 10:18,131.392211,46.86754867,5192701.834,453659.9443,5.53748,353.9,TRUE,3.6,469,300
3816,2022/10/8 10:18,131.3922037,46.86760417,5192708.008,453659.4355,5.90788,355.6,TRUE,3.6,483,300
3817,2022/10/8 10:18,131.3921948,46.8676635,5192714.609,453658.808,6.22272,358.1,TRUE,3.6,500,300
3818,2022/10/8 10:18,131.3921855,46.8677215,5192721.062,453658.1488,5.87084,346.4,TRUE,3.6,500,300
3819,2022/10/8 10:18,131.3921768,46.86777983,5192727.552,453657.5357,5.77824,355.2,TRUE,3.6,470,300
3820,2022/10/8 10:18,131.3921675,46.86783483,5192733.671,453656.874,5.48192,346,TRUE,3.6,495,300
3821,2022/10/8 10:18,131.3921575,46.86788733,5192739.514,453656.1567,5.40784,353.6,TRUE,3.6,480,300
3822,2022/10/8 10:18,131.392151,46.86794033,5192745.409,453655.7068,5.77824,356.1,TRUE,3.6,500,300
3823,2022/10/8 10:18,131.3921408,46.86799783,5192751.808,453654.9786,5.85232,351.7,TRUE,3.6,500,300
3824,2022/10/8 10:18,131.3921347,46.86805517,5192758.186,453654.5629,5.6486,351.1,TRUE,3.6,500,300
3825,2022/10/8 10:18,131.3921222,46.8681095,5192764.233,453653.6566,5.51896,353.2,TRUE,3.6,487,300
3826,2022/10/8 10:19,131.3921195,46.86816633,5192770.552,453653.4996,5.87084,351.6,TRUE,3.6,500,300
3827,2022/10/8 10:19,131.392111,46.868225,5192777.079,453652.9021,5.61156,351.5,TRUE,3.6,500,300
3828,2022/10/8 10:19,131.3920975,46.86828233,5192783.46,453651.9222,5.88936,353.1,TRUE,3.6,470,300
3829,2022/10/8 10:19,131.39209,46.86833617,5192789.45,453651.3967,5.25968,355.6,TRUE,3.6,482,300
3830,2022/10/8 10:19,131.3920817,46.86839067,5192795.514,453650.8108,5.42636,352.2,TRUE,3.6,462,300
3831,2022/10/8 10:19,131.3920745,46.8684465,5192801.724,453650.3099,5.81528,348.1,TRUE,3.6,448,300
3832,2022/10/8 10:19,131.3920625,46.8685065,5192808.402,453649.4467,5.44488,352.2,TRUE,3.6,450,300
3833,2022/10/8 10:19,131.3920547,46.86856633,5192815.057,453648.9035,5.75972,353.3,TRUE,3.6,500,300
3834,2022/10/8 10:19,131.392041,46.86862567,5192821.662,453647.91,5.70416,354.9,TRUE,3.6,478,300
3835,2022/10/8 10:19,131.392029,46.868686,5192828.376,453647.0471,5.57452,351.7,TRUE,3.6,500,300
3836,2022/10/8 10:19,131.3920227,46.86874333,5192834.753,453646.6161,6.00048,353.7,TRUE,3.6,476,300
3837,2022/10/8 10:19,131.3920148,46.868801,5192841.169,453646.0634,6.03752,356.2,TRUE,3.6,484,300
3838,2022/10/8 10:19,131.3920038,46.86886033,5192847.771,453645.2759,6.07456,352.1,TRUE,3.6,489,300
3839,2022/10/8 10:19,131.3919963,46.868916,5192853.964,453644.752,6.019,354.4,TRUE,3.6,484,300
3840,2022/10/8 10:19,131.3919917,46.86897167,5192860.155,453644.4492,5.75972,355.5,TRUE,3.6,500,300
3841,2022/10/8 10:20,131.3919827,46.86902967,5192866.608,453643.813,6.019,353.1,TRUE,3.6,478,300
3842,2022/10/8 10:20,131.3919713,46.86908683,5192872.97,453642.993,6.05604,356.8,TRUE,3.6,500,300
3843,2022/10/8 10:20,131.3919617,46.8691445,5192879.386,453642.3108,5.75972,353.2,TRUE,3.6,500,300
3844,2022/10/8 10:20,131.3919505,46.869205,5192886.119,453641.509,5.90788,359,TRUE,3.6,496,300
3845,2022/10/8 10:20,131.3919427,46.8692605,5192892.293,453640.9621,5.75972,354.4,TRUE,3.6,448,300
3846,2022/10/8 10:20,131.3919368,46.86931483,5192898.336,453640.559,5.40784,352.6,TRUE,3.6,447,300
3847,2022/10/8 10:20,131.3919247,46.86937333,5192904.847,453639.6869,5.70416,357.3,TRUE,3.6,479,300
3848,2022/10/8 10:20,131.3919153,46.86942983,5192911.133,453639.0189,5.75972,353.4,TRUE,3.6,451,300
3849,2022/10/8 10:20,131.3919053,46.86948867,5192917.68,453638.3071,5.85232,354.7,TRUE,3.6,486,300
3850,2022/10/8 10:20,131.3919032,46.869548,5192924.277,453638.1981,4.40776,359.5,TRUE,3.6,500,300
3851,2022/10/8 10:20,131.3918963,46.86960317,5192930.414,453637.7196,5.63008,24.5,FALSE,3.6,0,300
3852,2022/10/8 10:20,131.3919622,46.86963367,5192933.766,453642.7701,5.20412,70.5,FALSE,3.6,0,300
3853,2022/10/8 10:20,131.3920515,46.86963667,5192934.047,453649.5809,5.42636,94.8,FALSE,3.6,0,300
3854,2022/10/8 10:20,131.392139,46.86963933,5192934.291,453656.2543,4.61148,91.4,FALSE,3.6,0,300
3855,2022/10/8 10:20,131.3921998,46.86962483,5192932.643,453660.8772,3.9818,133.7,FALSE,3.6,0,300
3856,2022/10/8 10:21,131.3922117,46.8695835,5192928.041,453661.7489,5.66712,175.1,FALSE,3.6,0,300
3857,2022/10/8 10:21,131.3922087,46.86952717,5192921.781,453661.4717,5.14856,167.7,TRUE,3.6,498,300
3858,2022/10/8 10:21,131.3922177,46.86948717,5192917.329,453662.1234,2.98172,176,TRUE,3.6,500,300
3859,2022/10/8 10:21,131.3922285,46.86944817,5192912.987,453662.9133,4.46332,174.1,TRUE,3.6,500,300
3860,2022/10/8 10:21,131.3922375,46.86939717,5192907.312,453663.5555,5.4634,168.9,TRUE,3.6,489,300
3861,2022/10/8 10:21,131.3922475,46.86933783,5192900.71,453664.2669,5.556,173.5,TRUE,3.6,498,300
3862,2022/10/8 10:21,131.3922612,46.86928067,5192894.347,453665.2622,5.98196,176.4,TRUE,3.6,453,300
3863,2022/10/8 10:21,131.392268,46.86922367,5192888.007,453665.7316,4.98188,173.3,TRUE,3.6,492,300
3864,2022/10/8 10:21,131.3922763,46.869167,5192881.702,453666.3156,5.20412,172,TRUE,3.6,476,300
3865,2022/10/8 10:21,131.3922848,46.86911133,5192875.508,453666.9158,5.88936,176.8,TRUE,3.6,500,300
3866,2022/10/8 10:21,131.3922933,46.86905433,5192869.166,453667.5148,5.66712,170,TRUE,3.6,500,300
3867,2022/10/8 10:21,131.3923083,46.86899933,5192863.043,453668.6111,5.556,175.2,TRUE,3.6,500,300
3868,2022/10/8 10:21,131.3923152,46.86894283,5192856.758,453669.0885,5.1856,175.8,TRUE,3.6,500,300
3869,2022/10/8 10:21,131.3923235,46.86888867,5192850.733,453669.6747,5.22264,176.3,TRUE,3.6,500,300
3870,2022/10/8 10:21,131.392332,46.86883317,5192844.558,453670.275,5.94492,173.2,TRUE,3.6,500,300
3871,2022/10/8 10:22,131.3923443,46.86878,5192838.64,453671.167,5.16708,174.3,TRUE,3.6,472,300
3872,2022/10/8 10:22,131.3923547,46.86872917,5192832.983,453671.9162,5.25968,174.4,TRUE,3.6,499,300
3873,2022/10/8 10:22,131.3923638,46.868674,5192826.844,453672.5625,5.20412,168.7,TRUE,3.6,477,300
3874,2022/10/8 10:22,131.3923742,46.86861983,5192820.816,453673.3088,5.4634,174.9,TRUE,3.6,500,300
3875,2022/10/8 10:22,131.392381,46.86856517,5192814.736,453673.7802,5.35228,176.2,TRUE,3.6,500,300
3876,2022/10/8 10:22,131.3923895,46.8685115,5192808.764,453674.3821,5.40784,171.3,TRUE,3.6,480,300
3877,2022/10/8 10:22,131.3923983,46.86845583,5192802.571,453675.0052,5.33376,170.5,TRUE,3.6,498,300
3878,2022/10/8 10:22,131.39241,46.868397,5192796.024,453675.8466,5.72268,175.1,TRUE,3.6,500,300
3879,2022/10/8 10:22,131.3924195,46.8683425,5192789.959,453676.524,5.81528,175.2,TRUE,3.6,500,300
3880,2022/10/8 10:22,131.39243,46.86828433,5192783.487,453677.2745,5.16708,177.9,TRUE,3.6,500,300
3881,2022/10/8 10:22,131.3924395,46.86822733,5192777.144,453677.9498,5.38932,171.1,TRUE,3.6,500,300
3882,2022/10/8 10:22,131.3924492,46.86817133,5192770.913,453678.6411,5.59304,175.6,TRUE,3.6,500,300
3883,2022/10/8 10:22,131.3924575,46.868115,5192764.646,453679.2255,5.72268,174.3,TRUE,3.6,500,300
3884,2022/10/8 10:22,131.3924653,46.86805933,5192758.453,453679.7723,5.94492,176.2,TRUE,3.6,487,300
3885,2022/10/8 10:22,131.3924753,46.86800133,5192751.999,453680.4848,5.61156,174.7,TRUE,3.6,500,300
3886,2022/10/8 10:23,131.3924835,46.8679445,5192745.677,453681.0611,5.79676,172.4,TRUE,3.6,487,300
3887,2022/10/8 10:23,131.392493,46.86788917,5192739.52,453681.7378,6.07456,172.9,TRUE,3.6,496,300
3888,2022/10/8 10:23,131.3925023,46.86783267,5192733.234,453682.3983,6.019,175.8,TRUE,3.6,500,300
3889,2022/10/8 10:23,131.392513,46.867776,5192726.928,453683.1653,5.6486,172.3,TRUE,3.6,493,300
3890,2022/10/8 10:23,131.3925212,46.86772167,5192720.883,453683.7438,5.1856,175.6,TRUE,3.6,483,300
3891,2022/10/8 10:23,131.3925293,46.867668,5192714.912,453684.3152,5.1856,170.7,TRUE,3.6,494,300
3892,2022/10/8 10:23,131.3925398,46.86761083,5192708.55,453685.0666,5.51896,174.5,TRUE,3.6,500,300
3893,2022/10/8 10:23,131.3925478,46.86755433,5192702.264,453685.6279,5.9264,173.6,TRUE,3.6,500,300
3894,2022/10/8 10:23,131.3925567,46.86750217,5192696.461,453686.2616,5.14856,180.3,TRUE,3.6,500,300
3895,2022/10/8 10:23,131.3925657,46.86744633,5192690.248,453686.8998,5.63008,177.4,TRUE,3.6,481,300
3896,2022/10/8 10:23,131.3925738,46.867393,5192684.314,453687.4715,5.50044,172.5,TRUE,3.6,478,300
3897,2022/10/8 10:23,131.3925822,46.86733867,5192678.27,453688.0652,5.48192,166.6,TRUE,3.6,491,300
3898,2022/10/8 10:23,131.3925905,46.86728383,5192672.168,453688.6509,5.59304,175.7,TRUE,3.6,500,300
3899,2022/10/8 10:23,131.3925993,46.86722833,5192665.993,453689.2741,6.3894,171.6,TRUE,3.6,498,300
3900,2022/10/8 10:23,131.392609,46.86717683,5192660.263,453689.9694,4.61148,176.7,TRUE,3.6,497,300
3901,2022/10/8 10:24,131.3926175,46.867125,5192654.496,453690.5729,5.7412,177.9,TRUE,3.6,471,300
3902,2022/10/8 10:24,131.3926255,46.86707117,5192648.507,453691.1365,5.11152,175.3,TRUE,3.6,500,300
3903,2022/10/8 10:24,131.392635,46.86701767,5192642.554,453691.8148,5.87084,174.3,TRUE,3.6,499,300
3904,2022/10/8 10:24,131.3926393,46.86696317,5192636.493,453692.0958,5.70416,173.1,TRUE,3.6,500,300
3905,2022/10/8 10:24,131.3926495,46.86690933,5192630.501,453692.8272,4.98188,169.6,TRUE,3.6,477,300
3906,2022/10/8 10:24,131.392659,46.86685667,5192624.642,453693.5062,5.57452,173.2,TRUE,3.6,476,300
3907,2022/10/8 10:24,131.392666,46.86680267,5192618.634,453693.9935,5.6486,173.1,TRUE,3.6,500,300
3908,2022/10/8 10:24,131.3926743,46.866748,5192612.552,453694.5793,5.2782,169,TRUE,3.6,500,300
3909,2022/10/8 10:24,131.3926843,46.86669283,5192606.413,453695.2943,5.75972,175.5,TRUE,3.6,488,300
3910,2022/10/8 10:24,131.3926937,46.866637,5192600.201,453695.963,5.57452,170.6,TRUE,3.6,500,300
3911,2022/10/8 10:24,131.392705,46.866583,5192594.191,453696.7781,5.4634,172.2,TRUE,3.6,492,300
3912,2022/10/8 10:24,131.3927115,46.86652933,5192588.221,453697.2276,5.20412,175,TRUE,3.6,500,300
3913,2022/10/8 10:24,131.3927183,46.866476,5192582.288,453697.7002,5.40784,177.1,TRUE,3.6,496,300
3914,2022/10/8 10:24,131.3927283,46.86642217,5192576.298,453698.4164,5.63008,174.4,TRUE,3.6,500,300
3915,2022/10/8 10:24,131.3927388,46.86636717,5192570.178,453699.1696,4.88928,172.8,TRUE,3.6,500,300
3916,2022/10/8 10:25,131.3927468,46.86631217,5192564.059,453699.7323,5.25968,174.3,TRUE,3.6,500,300
3917,2022/10/8 10:25,131.3927555,46.86625617,5192557.828,453700.3475,5.63008,174.7,TRUE,3.6,500,300
3918,2022/10/8 10:25,131.3927653,46.8662005,5192551.634,453701.0468,5.59304,176.4,TRUE,3.6,476,300
3919,2022/10/8 10:25,131.3927733,46.86614733,5192545.718,453701.6111,5.57452,175.9,TRUE,3.6,488,300
3920,2022/10/8 10:25,131.3927812,46.8660935,5192539.73,453702.1671,5.14856,176.2,TRUE,3.6,469,300
3921,2022/10/8 10:25,131.3927907,46.86604067,5192533.851,453702.846,4.85224,169.7,TRUE,3.6,488,300
3922,2022/10/8 10:25,131.3928013,46.86598883,5192528.082,453703.6097,4.8152,172.9,TRUE,3.6,500,300
3923,2022/10/8 10:25,131.3928082,46.86593583,5192522.186,453704.0902,5.44488,174.1,TRUE,3.6,500,300
3924,2022/10/8 10:25,131.3928188,46.86588217,5192516.214,453704.8523,4.8152,174.7,TRUE,3.6,442,300
3925,2022/10/8 10:25,131.3928265,46.86583367,5192510.818,453705.3977,5.61156,176.4,TRUE,3.6,429,300
3926,2022/10/8 10:25,131.3928343,46.865779,5192504.736,453705.9454,6.00048,170.9,TRUE,3.6,472,300
3927,2022/10/8 10:25,131.392846,46.86572183,5192498.374,453706.7883,5.24116,174,TRUE,3.6,495,300
3928,2022/10/8 10:25,131.392851,46.86566767,5192492.35,453707.123,5.31524,172.8,TRUE,3.6,499,300
3929,2022/10/8 10:25,131.3928598,46.865611,5192486.045,453707.7452,5.79676,171.3,TRUE,3.6,500,300
3930,2022/10/8 10:25,131.3928707,46.86555467,5192479.776,453708.5279,5.35228,170.4,TRUE,3.6,482,300
3931,2022/10/8 10:26,131.3928832,46.86550267,5192473.988,453709.4363,5.4634,173.2,TRUE,3.6,469,300
3932,2022/10/8 10:26,131.3928915,46.86544717,5192467.813,453710.0214,6.03752,173.8,TRUE,3.6,500,300
3933,2022/10/8 10:26,131.3928985,46.865392,5192461.676,453710.5077,6.09308,174.5,TRUE,3.6,474,300
3934,2022/10/8 10:26,131.3929088,46.86533283,5192455.092,453711.2422,5.7412,174.8,TRUE,3.6,500,300
3935,2022/10/8 10:26,131.3929157,46.86527417,5192448.567,453711.7179,5.8338,173.9,TRUE,3.6,490,300
3936,2022/10/8 10:26,131.3929252,46.86521417,5192441.891,453712.3906,5.90788,175.9,TRUE,3.6,500,300
3937,2022/10/8 10:26,131.3929338,46.86515767,5192435.605,453712.9978,5.61156,177.6,TRUE,3.6,494,300
3938,2022/10/8 10:26,131.3929412,46.86509917,5192429.098,453713.5117,6.13012,176.1,TRUE,3.6,488,300
3939,2022/10/8 10:26,131.3929503,46.86504267,5192422.811,453714.157,5.90788,172.7,TRUE,3.6,490,300
3940,2022/10/8 10:26,131.3929625,46.86498983,5192416.93,453715.0418,5.51896,171.9,TRUE,3.6,486,300
3941,2022/10/8 10:26,131.392969,46.8649345,5192410.775,453715.4899,5.093,174.9,TRUE,3.6,447,300
3942,2022/10/8 10:26,131.3929785,46.86487467,5192404.118,453716.1628,6.25976,173.7,TRUE,3.6,469,300
3943,2022/10/8 10:26,131.392987,46.86481333,5192397.294,453716.7582,5.31524,174.9,TRUE,3.6,500,300
3944,2022/10/8 10:26,131.3929992,46.86475767,5192391.1,453717.6405,5.9264,173.6,TRUE,3.6,493,300
3945,2022/10/8 10:26,131.393011,46.86469833,5192384.496,453718.4893,5.85232,173.2,TRUE,3.6,500,300
3946,2022/10/8 10:27,131.393018,46.86463917,5192377.915,453718.9721,6.05604,173.5,TRUE,3.6,500,300
3947,2022/10/8 10:27,131.3930267,46.86458067,5192371.407,453719.5852,5.7412,172.5,TRUE,3.6,467,300
3948,2022/10/8 10:27,131.393036,46.86452017,5192364.676,453720.2423,5.98196,171.7,TRUE,3.6,500,300
3949,2022/10/8 10:27,131.3930447,46.8644615,5192358.148,453720.8553,6.1116,170.6,TRUE,3.6,456,300
3950,2022/10/8 10:27,131.393056,46.864402,5192351.527,453721.6657,5.96344,177.8,TRUE,3.6,493,300
3951,2022/10/8 10:27,131.3930673,46.86434433,5192345.109,453722.4778,5.48192,176.6,TRUE,3.6,494,300
3952,2022/10/8 10:27,131.3930783,46.86428583,5192338.6,453723.2662,5.7412,172.6,TRUE,3.6,500,300
3953,2022/10/8 10:27,131.3930875,46.86422283,5192331.591,453723.9136,5.98196,174.8,TRUE,3.6,500,300
3954,2022/10/8 10:27,131.3930972,46.86416117,5192324.73,453724.6002,5.96344,175.7,TRUE,3.6,500,300
3955,2022/10/8 10:27,131.3931058,46.8641005,5192317.981,453725.2038,5.94492,175,TRUE,3.6,476,300
3956,2022/10/8 10:27,131.39312,46.86404167,5192311.432,453726.236,6.18568,177.9,TRUE,3.6,480,300
3957,2022/10/8 10:27,131.3931235,46.86398283,5192304.889,453726.4523,5.85232,167.4,TRUE,3.6,500,300
3958,2022/10/8 10:27,131.3931347,46.86392333,5192298.268,453727.2551,5.72268,171.7,TRUE,3.6,485,300
3959,2022/10/8 10:27,131.3931457,46.86386667,5192291.963,453728.0452,5.63008,173.1,TRUE,3.6,461,300
3960,2022/10/8 10:27,131.3931545,46.86380933,5192285.583,453728.6669,5.90788,176.5,TRUE,3.6,489,300
3961,2022/10/8 10:28,131.393162,46.8637525,5192279.261,453729.1899,6.00048,176.9,TRUE,3.6,442,300
3962,2022/10/8 10:28,131.3931708,46.8636945,5192272.808,453729.8111,5.53748,179,TRUE,3.6,456,300
3963,2022/10/8 10:28,131.3931785,46.8636355,5192266.245,453730.3475,5.9264,174.3,TRUE,3.6,489,300
3964,2022/10/8 10:28,131.3931852,46.8635775,5192259.793,453730.8086,5.63008,169.9,TRUE,3.6,497,300
3965,2022/10/8 10:28,131.3931978,46.863518,5192253.171,453731.7182,5.9264,171.3,TRUE,3.6,494,300
3966,2022/10/8 10:28,131.3932072,46.86345967,5192246.681,453732.3848,5.31524,176.1,TRUE,3.6,428,300
3967,2022/10/8 10:28,131.3932148,46.86340233,5192240.302,453732.915,6.50052,170.2,TRUE,3.6,451,300
3968,2022/10/8 10:28,131.393226,46.86334067,5192233.441,453733.7161,6.25976,179,TRUE,3.6,493,300
3969,2022/10/8 10:28,131.3932322,46.86328083,5192226.785,453734.1374,6.00048,168.2,TRUE,3.6,489,300
3970,2022/10/8 10:28,131.3932403,46.86322383,5192220.444,453734.706,5.98196,176.9,TRUE,3.6,437,300
3971,2022/10/8 10:28,131.393248,46.863162,5192213.566,453735.24,5.96344,173.8,TRUE,3.6,481,300
3972,2022/10/8 10:28,131.393259,46.863103,5192207.001,453736.0281,6.16716,171.3,TRUE,3.6,438,300
3973,2022/10/8 10:28,131.3932692,46.86304333,5192200.361,453736.7546,5.8338,172.9,TRUE,3.6,469,300
3974,2022/10/8 10:28,131.3932765,46.86298433,5192193.798,453737.2605,6.2042,171.6,TRUE,3.6,459,300
3975,2022/10/8 10:28,131.3932883,46.86292517,5192187.214,453738.1095,5.90788,176.9,TRUE,3.6,476,300
3976,2022/10/8 10:29,131.3932962,46.86286667,5192180.706,453738.6616,5.29672,167.1,TRUE,3.6,477,300
3977,2022/10/8 10:29,131.3933072,46.86280883,5192174.27,453739.4506,6.05604,174.3,TRUE,3.6,471,300
3978,2022/10/8 10:29,131.3933158,46.86275017,5192167.744,453740.056,5.8338,172.4,TRUE,3.6,483,300
3979,2022/10/8 10:29,131.3933273,46.862692,5192161.27,453740.8829,5.94492,176.6,TRUE,3.6,498,300
3980,2022/10/8 10:29,131.3933332,46.86263433,5192154.856,453741.2833,6.019,176.3,TRUE,3.6,483,300
3981,2022/10/8 10:29,131.3933437,46.862575,5192148.254,453742.0329,5.31524,174,TRUE,3.6,476,300
3982,2022/10/8 10:29,131.3933542,46.86251617,5192141.708,453742.783,6.00048,173.2,TRUE,3.6,500,300
3983,2022/10/8 10:29,131.3933662,46.86245283,5192134.659,453743.6436,6.482,171.2,TRUE,3.6,489,300
3984,2022/10/8 10:29,131.3933775,46.86239117,5192127.798,453744.4523,5.556,172.7,TRUE,3.6,500,300
3985,2022/10/8 10:29,131.3933832,46.862331,5192121.106,453744.8353,5.44488,177.1,TRUE,3.6,488,300
3986,2022/10/8 10:29,131.3933965,46.86227217,5192114.558,453745.7989,5.94492,170.2,TRUE,3.6,442,300
3987,2022/10/8 10:29,131.3934055,46.86221167,5192107.827,453746.4332,5.61156,169.9,TRUE,3.6,473,300
3988,2022/10/8 10:29,131.3934163,46.862154,5192101.41,453747.2071,5.85232,173.3,TRUE,3.6,499,300
3989,2022/10/8 10:29,131.3934285,46.86209533,5192094.88,453748.087,6.13012,174.5,TRUE,3.6,484,300
3990,2022/10/8 10:29,131.3934395,46.862036,5192088.278,453748.8748,6.5746,176.3,TRUE,3.6,477,300
3991,2022/10/8 10:30,131.3934458,46.86197733,5192081.752,453749.3048,6.25976,176.3,TRUE,3.6,500,300
3992,2022/10/8 10:30,131.3934572,46.86191933,5192075.298,453750.1243,5.94492,172.8,TRUE,3.6,479,300
3993,2022/10/8 10:30,131.3934522,46.86186167,5192068.891,453749.6935,6.07456,201.2,TRUE,3.6,385,300
3994,2022/10/8 10:30,131.393414,46.86182283,5192064.596,453746.7473,5.01892,239.5,FALSE,3.6,0,300
3995,2022/10/8 10:30,131.3933538,46.86181833,5192064.131,453742.1531,6.40792,289.6,FALSE,3.6,0,300
3996,2022/10/8 10:30,131.393309,46.86184683,5192067.325,453738.7615,5.81528,336.8,FALSE,3.6,0,300
3997,2022/10/8 10:30,131.3932833,46.8618995,5192073.196,453736.8471,5.90788,358.8,FALSE,3.6,0,300
3998,2022/10/8 10:30,131.393273,46.861941,5192077.815,453736.0974,4.11144,352.9,TRUE,3.6,500,300
3999,2022/10/8 10:30,131.393267,46.86197817,5192081.951,453735.6718,4.40776,356.4,TRUE,3.6,491,300
4000,2022/10/8 10:30,131.3932612,46.86202533,5192087.197,453735.2701,5.16708,355.3,TRUE,3.6,480,300
4001,2022/10/8 10:30,131.393261,46.86207617,5192092.849,453735.2985,5.11152,355.4,TRUE,3.6,496,300
4002,2022/10/8 10:30,131.39326,46.86212467,5192098.241,453735.2639,5.57452,351.9,TRUE,3.6,500,300
4003,2022/10/8 10:30,131.393256,46.86217917,5192104.302,453735.0057,5.0004,358.5,TRUE,3.6,500,300
4004,2022/10/8 10:30,131.3932477,46.86223167,5192110.143,453734.4179,5.1856,358,TRUE,3.6,490,300
4005,2022/10/8 10:30,131.3932335,46.862284,5192115.969,453733.3801,4.9078,354.6,TRUE,3.6,500,300
4006,2022/10/8 10:31,131.393219,46.86234417,5192122.667,453732.3262,5.61156,352.2,TRUE,3.6,494,300
4007,2022/10/8 10:31,131.3932087,46.862401,5192128.99,453731.5896,5.63008,355.3,TRUE,3.6,479,300
4008,2022/10/8 10:31,131.3931977,46.862457,5192135.222,453730.799,5.38932,355.4,TRUE,3.6,483,300
4009,2022/10/8 10:31,131.3931803,46.86251633,5192141.828,453729.5232,5.70416,356.6,TRUE,3.6,490,300
4010,2022/10/8 10:31,131.393169,46.86257317,5192148.154,453728.7104,5.48192,351.1,TRUE,3.6,486,300
4011,2022/10/8 10:31,131.393156,46.86262867,5192154.331,453727.7668,5.68564,350.8,TRUE,3.6,498,300
4012,2022/10/8 10:31,131.3931463,46.862684,5192160.488,453727.0747,5.63008,350.9,TRUE,3.6,497,300
4013,2022/10/8 10:31,131.3931368,46.86274167,5192166.904,453726.3999,5.66712,353.7,TRUE,3.6,491,300
4014,2022/10/8 10:31,131.3931262,46.8627955,5192172.895,453725.6379,5.25968,355.6,TRUE,3.6,454,300
4015,2022/10/8 10:31,131.3931205,46.86284867,5192178.809,453725.249,5.4634,352.7,TRUE,3.6,500,300
4016,2022/10/8 10:31,131.3931127,46.86289283,5192183.723,453724.6922,4.79668,357.1,TRUE,3.6,492,300
4017,2022/10/8 10:31,131.3931082,46.86294033,5192189.006,453724.3899,5.35228,350.8,TRUE,3.6,440,300
4018,2022/10/8 10:31,131.3931033,46.862993,5192194.864,453724.0615,5.44488,357.7,TRUE,3.6,497,300
4019,2022/10/8 10:31,131.3930968,46.8630465,5192200.815,453723.6118,5.68564,355.6,TRUE,3.6,500,300
4020,2022/10/8 10:31,131.3930893,46.86309983,5192206.748,453723.0858,5.4634,354.1,TRUE,3.6,475,300
4021,2022/10/8 10:32,131.3930777,46.86315583,5192212.98,453722.2494,5.44488,351.3,TRUE,3.6,487,300
4022,2022/10/8 10:32,131.3930605,46.86326033,5192224.608,453721.0277,6.05604,352.6,TRUE,3.6,491,300
4023,2022/10/8 10:32,131.3930497,46.86331733,5192230.95,453720.2532,5.01892,351.1,TRUE,3.6,480,300
4024,2022/10/8 10:32,131.393039,46.86337133,5192236.96,453719.4838,5.7412,354.7,TRUE,3.6,500,300
4025,2022/10/8 10:32,131.3930195,46.86348267,5192249.349,453718.0926,5.13004,357.5,TRUE,3.6,485,300
4026,2022/10/8 10:32,131.3930052,46.86353983,5192255.712,453717.0513,5.75972,354.4,TRUE,3.6,479,300
4027,2022/10/8 10:32,131.3929975,46.863593,5192261.627,453716.5099,5.57452,358.5,TRUE,3.6,500,300
4028,2022/10/8 10:32,131.3929938,46.86364683,5192267.613,453716.2741,5.51896,353.8,TRUE,3.6,485,300
4029,2022/10/8 10:32,131.3929815,46.86370083,5192273.624,453715.3826,5.24116,358.3,TRUE,3.6,474,300
4030,2022/10/8 10:32,131.3929722,46.863754,5192279.54,453714.7192,5.31524,353.8,TRUE,3.6,431,300
4031,2022/10/8 10:32,131.3929625,46.86380983,5192285.752,453714.0276,5.25968,353.5,TRUE,3.6,492,300
4032,2022/10/8 10:32,131.392954,46.863862,5192291.557,453713.4243,5.42636,354.7,TRUE,3.6,500,300
4033,2022/10/8 10:32,131.3929475,46.8639155,5192297.508,453712.9747,5.33376,354.9,TRUE,3.6,477,300
4034,2022/10/8 10:33,131.3929415,46.863969,5192303.459,453712.5632,5.16708,354.2,TRUE,3.6,500,300
4035,2022/10/8 10:33,131.3929338,46.8640245,5192309.633,453712.0238,5.50044,359.2,TRUE,3.6,500,300
4036,2022/10/8 10:33,131.392922,46.8640795,5192315.755,453711.1713,5.16708,355,TRUE,3.6,482,300
4037,2022/10/8 10:33,131.3929115,46.86413367,5192321.783,453710.4173,4.96336,351.9,TRUE,3.6,477,300
4038,2022/10/8 10:33,131.3928933,46.86419367,5192328.463,453709.0811,5.42636,354.5,TRUE,3.6,500,300
4039,2022/10/8 10:33,131.392884,46.86424333,5192333.99,453708.4147,5.1856,354.6,TRUE,3.6,476,300
4040,2022/10/8 10:33,131.3928738,46.86429967,5192340.259,453707.6854,5.35228,354.6,TRUE,3.6,482,300
4041,2022/10/8 10:33,131.3928663,46.86435967,5192346.933,453707.1651,5.53748,356,TRUE,3.6,496,300
4042,2022/10/8 10:33,131.3928585,46.86441583,5192353.181,453706.6187,5.63008,353.8,TRUE,3.6,483,300
4043,2022/10/8 10:33,131.3928477,46.864474,5192359.654,453705.8452,5.85232,355.2,TRUE,3.6,433,300
4044,2022/10/8 10:33,131.392841,46.86452933,5192365.809,453705.3819,5.44488,350.9,TRUE,3.6,430,300
4045,2022/10/8 10:33,131.3928338,46.864583,5192371.779,453704.879,5.40784,354.7,TRUE,3.6,482,300
4046,2022/10/8 10:33,131.3928213,46.8646405,5192378.179,453703.9754,5.16708,357.4,TRUE,3.6,500,300
4047,2022/10/8 10:33,131.3928152,46.86469467,5192384.205,453703.5568,4.8152,355.6,TRUE,3.6,479,300
4048,2022/10/8 10:33,131.3928075,46.8647495,5192390.304,453703.0169,6.13012,353,TRUE,3.6,500,300
4049,2022/10/8 10:34,131.3927945,46.86480917,5192396.945,453702.077,5.11152,0.9,TRUE,3.6,500,300
4050,2022/10/8 10:34,131.3927897,46.86485967,5192402.562,453701.7544,4.63,351,TRUE,3.6,414,300
4051,2022/10/8 10:34,131.3927788,46.864918,5192409.053,453700.9735,5.68564,353.6,TRUE,3.6,469,300
4052,2022/10/8 10:34,131.3927685,46.86497533,5192415.432,453700.2374,5.33376,0.4,TRUE,3.6,500,300
4053,2022/10/8 10:34,131.3927598,46.8650335,5192421.904,453699.6241,5.29672,357.2,TRUE,3.6,497,300
4054,2022/10/8 10:34,131.3927528,46.86508733,5192427.893,453699.1366,6.00048,350.8,TRUE,3.6,497,300
4055,2022/10/8 10:34,131.3927473,46.865142,5192433.973,453698.7643,5.70416,357.8,TRUE,3.6,499,300
4056,2022/10/8 10:34,131.392739,46.86519783,5192440.185,453698.1794,5.59304,358.6,TRUE,3.6,497,300
4057,2022/10/8 10:34,131.392732,46.86525267,5192446.285,453697.6929,5.85232,354.1,TRUE,3.6,463,300
4058,2022/10/8 10:34,131.3927225,46.8653065,5192452.275,453697.0148,6.16716,349.9,TRUE,3.6,480,300
4059,2022/10/8 10:34,131.3927137,46.86536183,5192458.431,453696.3914,5.7412,352,TRUE,3.6,485,300
4060,2022/10/8 10:34,131.3927045,46.86541667,5192464.533,453695.7371,5.96344,354.1,TRUE,3.6,500,300
4061,2022/10/8 10:34,131.392701,46.86547167,5192470.649,453695.5175,5.81528,358.5,TRUE,3.6,481,300
4062,2022/10/8 10:34,131.3926938,46.86552717,5192476.823,453695.0163,5.29672,354.1,TRUE,3.6,499,300
4063,2022/10/8 10:34,131.392686,46.8655815,5192482.868,453694.4683,5.25968,353.4,TRUE,3.6,499,300
4064,2022/10/8 10:35,131.3926798,46.86563467,5192488.782,453694.0413,5.63008,357.2,TRUE,3.6,500,300
4065,2022/10/8 10:35,131.3926698,46.865693,5192495.272,453693.329,5.8338,357.3,TRUE,3.6,500,300
4066,2022/10/8 10:35,131.3926608,46.86575217,5192501.856,453692.6936,5.72268,355.5,TRUE,3.6,495,300
4067,2022/10/8 10:35,131.3926505,46.86580833,5192508.105,453691.9566,6.05604,348.2,TRUE,3.6,500,300
4068,2022/10/8 10:35,131.3926412,46.86586383,5192514.28,453691.2952,5.25968,356.9,TRUE,3.6,492,300
4069,2022/10/8 10:35,131.3926275,46.86592367,5192520.941,453690.3021,5.13004,357,TRUE,3.6,494,300
4070,2022/10/8 10:35,131.3926217,46.86597783,5192526.965,453689.9065,5.16708,351.3,TRUE,3.6,485,300
4071,2022/10/8 10:35,131.392609,46.86602783,5192532.531,453688.9812,5.81528,356.6,TRUE,3.6,500,300
4072,2022/10/8 10:35,131.3926027,46.86608033,5192538.371,453688.546,5.38932,356.7,TRUE,3.6,500,300
4073,2022/10/8 10:35,131.3925995,46.86613283,5192544.209,453688.3471,5.72268,352.7,TRUE,3.6,500,300
4074,2022/10/8 10:35,131.3925895,46.86618933,5192550.496,453687.6333,5.38932,357,TRUE,3.6,471,300
4075,2022/10/8 10:35,131.3925867,46.86624667,5192556.872,453687.4691,5.556,1.4,TRUE,3.6,498,300
4076,2022/10/8 10:35,131.392574,46.86630267,5192563.105,453686.549,5.2782,357.7,TRUE,3.6,500,300
4077,2022/10/8 10:35,131.3925605,46.8663615,5192569.653,453685.5703,5.3708,359.3,TRUE,3.6,488,300
4078,2022/10/8 10:35,131.3925505,46.866416,5192575.717,453684.8547,5.8338,355.2,TRUE,3.6,500,300
4079,2022/10/8 10:36,131.3925437,46.866471,5192581.835,453684.3835,5.11152,355.9,TRUE,3.6,500,300
4080,2022/10/8 10:36,131.392531,46.86652617,5192587.976,453683.4627,5.24116,356.8,TRUE,3.6,500,300
4081,2022/10/8 10:36,131.3925183,46.866583,5192594.301,453682.5432,5.33376,358.9,TRUE,3.6,480,300
4082,2022/10/8 10:36,131.3925048,46.866644,5192601.09,453681.5664,5.35228,356.5,TRUE,3.6,500,300
4083,2022/10/8 10:36,131.3924968,46.866696,5192606.876,453681.0012,4.98188,355.9,TRUE,3.6,500,300
4084,2022/10/8 10:36,131.3924902,46.866747,5192612.549,453680.5418,5.11152,354,TRUE,3.6,500,300
4085,2022/10/8 10:36,131.3924845,46.86680067,5192618.519,453680.1534,5.53748,356.6,TRUE,3.6,500,300
4086,2022/10/8 10:36,131.3924768,46.86685383,5192624.433,453679.6121,6.00048,352.6,TRUE,3.6,500,300
4087,2022/10/8 10:36,131.3924687,46.86690717,5192630.368,453679.0404,5.24116,354,TRUE,3.6,482,300
4088,2022/10/8 10:36,131.3924623,46.86695867,5192636.097,453678.5967,5.85232,353.3,TRUE,3.6,497,300
4089,2022/10/8 10:36,131.392464,46.86701233,5192642.061,453678.7725,5.22264,357.5,TRUE,3.6,479,300
4090,2022/10/8 10:36,131.3924502,46.8670675,5192648.202,453677.7678,5.25968,358.5,TRUE,3.6,500,300
4091,2022/10/8 10:36,131.3924423,46.86712167,5192654.229,453677.212,5.66712,347.5,TRUE,3.6,496,300
4092,2022/10/8 10:36,131.3924233,46.86718,5192660.724,453675.8136,5.35228,355.1,TRUE,3.6,500,300
4093,2022/10/8 10:36,131.3924163,46.86723583,5192666.935,453675.3279,5.44488,353.9,TRUE,3.6,500,300
4094,2022/10/8 10:37,131.392408,46.86729067,5192673.036,453674.7423,5.4634,355.8,TRUE,3.6,500,300
4095,2022/10/8 10:37,131.3923983,46.86734317,5192678.878,453674.0479,6.14864,351.5,TRUE,3.6,486,300
4096,2022/10/8 10:37,131.3923918,46.867398,5192684.978,453673.5995,5.94492,350.8,TRUE,3.6,471,300
4097,2022/10/8 10:37,131.3923782,46.867454,5192691.211,453672.6107,5.98196,350.6,TRUE,3.6,483,300
4098,2022/10/8 10:37,131.392372,46.86750483,5192696.865,453672.1817,5.50044,354.1,TRUE,3.6,500,300
4099,2022/10/8 10:37,131.3923667,46.86755583,5192702.538,453671.8215,5.66712,350.5,TRUE,3.6,500,300
4100,2022/10/8 10:37,131.3923612,46.8676075,5192708.285,453671.4467,5.07448,355.8,TRUE,3.6,482,300
4101,2022/10/8 10:37,131.3923523,46.86765483,5192713.552,453670.8088,5.16708,354.3,TRUE,3.6,500,300
4102,2022/10/8 10:37,131.3923412,46.86770367,5192718.988,453670.0045,5.093,353.6,TRUE,3.6,497,300
4103,2022/10/8 10:37,131.3923215,46.86776217,5192725.503,453668.5529,4.57444,350.3,TRUE,3.6,500,300
4104,2022/10/8 10:37,131.3923117,46.86781267,5192731.123,453667.8492,4.94484,351.1,TRUE,3.6,496,300
4105,2022/10/8 10:37,131.3923042,46.86786433,5192736.87,453667.3218,5.1856,352.6,TRUE,3.6,485,300
4106,2022/10/8 10:37,131.3922968,46.86791267,5192742.248,453666.7992,4.85224,354.8,TRUE,3.6,500,300
4107,2022/10/8 10:37,131.3922885,46.8679665,5192748.238,453666.2127,5.16708,355.4,TRUE,3.6,500,300
4108,2022/10/8 10:37,131.3922818,46.86801867,5192754.041,453665.7468,5.57452,353.9,TRUE,3.6,476,300
4109,2022/10/8 10:38,131.3922768,46.8680725,5192760.028,453665.4119,5.29672,351.8,TRUE,3.6,494,300
4110,2022/10/8 10:38,131.392265,46.86813333,5192766.798,453664.5645,5.16708,349.1,TRUE,3.6,488,300
4111,2022/10/8 10:38,131.3922563,46.86819067,5192773.177,453663.9506,5.63008,354.9,TRUE,3.6,500,300
4112,2022/10/8 10:38,131.3922528,46.8682405,5192778.719,453663.7266,4.87076,356.5,TRUE,3.6,491,300
4113,2022/10/8 10:38,131.3922442,46.86829467,5192784.746,453663.1175,5.20412,354.4,TRUE,3.6,467,300
4114,2022/10/8 10:38,131.3922398,46.86835067,5192790.974,453662.8303,5.35228,350.1,TRUE,3.6,496,300
4115,2022/10/8 10:38,131.3922407,46.86839917,5192796.365,453662.9406,5.72268,352.8,TRUE,3.6,491,300
4116,2022/10/8 10:38,131.3922368,46.8684515,5192802.184,453662.6883,5.40784,356.1,TRUE,3.6,495,300
4117,2022/10/8 10:38,131.392229,46.86850883,5192808.562,453662.143,5.68564,355.7,TRUE,3.6,488,300
4118,2022/10/8 10:38,131.3922152,46.86856683,5192815.018,453661.1407,5.63008,353,TRUE,3.6,473,300
4119,2022/10/8 10:38,131.392198,46.8686185,5192820.772,453659.8739,6.2968,353.2,TRUE,3.6,469,300
4120,2022/10/8 10:38,131.392191,46.86867217,5192826.743,453659.3864,5.33376,356,TRUE,3.6,480,300
4121,2022/10/8 10:38,131.3921858,46.8687245,5192832.563,453659.0349,4.85224,348.9,TRUE,3.6,500,300
4122,2022/10/8 10:38,131.392173,46.86878417,5192839.204,453658.1104,5.14856,355,TRUE,3.6,483,300
4123,2022/10/8 10:38,131.3921683,46.86883417,5192844.766,453657.7951,5.33376,359.5,TRUE,3.6,500,300
4124,2022/10/8 10:39,131.3921633,46.86888517,5192850.438,453657.4578,5.556,355.7,TRUE,3.6,455,300
4125,2022/10/8 10:39,131.3921557,46.86893867,5192856.39,453656.9244,5.38932,354.7,TRUE,3.6,489,300
4126,2022/10/8 10:39,131.3921295,46.86898983,5192862.093,453654.9709,5.72268,355.7,TRUE,3.6,476,300
4127,2022/10/8 10:39,131.3921233,46.86904033,5192867.71,453654.5417,5.3708,350.1,TRUE,3.6,500,300
4128,2022/10/8 10:39,131.3921188,46.86909417,5192873.698,453654.2449,5.61156,0.4,TRUE,3.6,480,300
4129,2022/10/8 10:39,131.392114,46.869152,5192880.13,453653.9288,5.90788,352.5,TRUE,3.6,460,300
4130,2022/10/8 10:39,131.3921115,46.86920533,5192886.06,453653.7841,5.1856,349.3,TRUE,3.6,490,300
4131,2022/10/8 10:39,131.3920977,46.8692615,5192892.313,453652.7803,5.53748,348.1,TRUE,3.6,492,300
4132,2022/10/8 10:39,131.3920845,46.86931683,5192898.471,453651.8215,5.75972,352.4,TRUE,3.6,500,300
4133,2022/10/8 10:39,131.3920748,46.8693755,5192904.999,453651.1325,5.90788,349.9,TRUE,3.6,500,300
4134,2022/10/8 10:39,131.392067,46.86943283,5192911.377,453650.5872,5.85232,353.1,TRUE,3.6,482,300
4135,2022/10/8 10:39,131.3920678,46.8694845,5192917.121,453650.6926,5.14856,356.2,TRUE,3.6,493,300
4136,2022/10/8 10:39,131.392046,46.86954433,5192923.785,453649.0821,5.85232,353.3,TRUE,3.6,473,300
4137,2022/10/8 10:39,131.3920517,46.86959367,5192929.266,453649.5592,5.35228,7.8,TRUE,3.6,338,300
4138,2022/10/8 10:39,131.3921013,46.86962933,5192933.201,453653.3714,5.3708,66.1,FALSE,3.6,0,300
4139,2022/10/8 10:40,131.3921655,46.86964083,5192934.442,453658.2759,4.3522,114.2,FALSE,3.6,0,300
4140,2022/10/8 10:40,131.3921838,46.86960167,5192930.078,453659.6374,5.07448,172.8,FALSE,3.6,0,300
4141,2022/10/8 10:40,131.3921555,46.86954067,5192923.313,453657.4273,5.61156,191,FALSE,3.6,0,300
4142,2022/10/8 10:40,131.3921465,46.86949183,5192917.889,453656.6991,3.03728,175.3,TRUE,3.6,500,300
4143,2022/10/8 10:40,131.3921503,46.86946733,5192915.163,453656.9677,4.42628,168.8,TRUE,3.6,499,300
4144,2022/10/8 10:40,131.3921632,46.8694195,5192909.838,453657.9101,4.46332,171.2,TRUE,3.6,496,300
4145,2022/10/8 10:40,131.3921795,46.86937383,5192904.752,453659.1135,4.87076,172.8,TRUE,3.6,489,300
4146,2022/10/8 10:40,131.3921847,46.86931983,5192898.746,453659.4635,5.51896,180.7,TRUE,3.6,500,300
4147,2022/10/8 10:40,131.3921923,46.86926633,5192892.794,453659.9968,5.0004,176.7,TRUE,3.6,495,300
4148,2022/10/8 10:40,131.3921987,46.869214,5192886.972,453660.4398,5.7412,175,TRUE,3.6,500,300
4149,2022/10/8 10:40,131.3922113,46.86916433,5192881.443,453661.3576,5.2782,174.2,TRUE,3.6,484,300
4150,2022/10/8 10:40,131.392217,46.86911367,5192875.808,453661.7486,5.33376,175.3,TRUE,3.6,479,300
4151,2022/10/8 10:40,131.3922327,46.869064,5192870.277,453662.9029,4.87076,177.8,TRUE,3.6,500,300
4152,2022/10/8 10:40,131.3922445,46.869015,5192864.823,453663.7603,3.92624,174.4,TRUE,3.6,491,300
4153,2022/10/8 10:40,131.3922445,46.8689635,5192859.098,453663.716,5.8338,179.1,TRUE,3.6,487,300
4154,2022/10/8 10:41,131.3922498,46.86891233,5192853.406,453664.0761,5.25968,176.2,TRUE,3.6,500,300
4155,2022/10/8 10:41,131.3922698,46.868862,5192847.799,453665.5576,5.20412,178.3,TRUE,3.6,500,300
4156,2022/10/8 10:41,131.3922775,46.86881417,5192842.478,453666.1035,5.42636,171.2,TRUE,3.6,500,300
4157,2022/10/8 10:41,131.392283,46.86876017,5192836.471,453666.4763,5.79676,176.8,TRUE,3.6,500,300
4158,2022/10/8 10:41,131.3922895,46.86870917,5192830.798,453666.928,5.77824,172.8,TRUE,3.6,500,300
4159,2022/10/8 10:41,131.3923027,46.8686555,5192824.824,453667.8882,5.24116,178.7,TRUE,3.6,499,300
4160,2022/10/8 10:41,131.3923088,46.86860067,5192818.725,453668.3061,5.16708,172.9,TRUE,3.6,477,300
4161,2022/10/8 10:41,131.3923182,46.8685495,5192813.031,453668.9788,5.16708,176.8,TRUE,3.6,500,300
4162,2022/10/8 10:41,131.3923247,46.86849933,5192807.45,453669.4312,5.79676,172.4,TRUE,3.6,476,300
4163,2022/10/8 10:41,131.3923312,46.86844683,5192801.61,453669.8816,5.3708,176.7,TRUE,3.6,489,300
4164,2022/10/8 10:41,131.3923452,46.86839783,5192796.154,453670.9068,5.38932,176.3,TRUE,3.6,500,300
4165,2022/10/8 10:41,131.3923495,46.868344,5192790.167,453671.1883,4.79668,178.7,TRUE,3.6,498,300
4166,2022/10/8 10:41,131.3923523,46.8682855,5192783.662,453671.3515,4.74112,170.2,TRUE,3.6,499,300
4167,2022/10/8 10:41,131.3923685,46.868239,5192778.484,453672.5466,5.3708,186.4,TRUE,3.6,490,300
4168,2022/10/8 10:41,131.3923708,46.86818633,5192772.627,453672.6766,5.22264,177.1,TRUE,3.6,500,300
4169,2022/10/8 10:42,131.3923855,46.8681365,5192767.079,453673.7545,5.38932,176,TRUE,3.6,500,300
4170,2022/10/8 10:42,131.3923955,46.86808433,5192761.273,453674.4721,5.20412,172.8,TRUE,3.6,500,300
4171,2022/10/8 10:42,131.3924053,46.86803183,5192755.431,453675.1741,5.11152,169.8,TRUE,3.6,500,300
4172,2022/10/8 10:42,131.3924097,46.86797383,5192748.981,453675.4596,5.75972,174.9,TRUE,3.6,484,300
4173,2022/10/8 10:42,131.392422,46.86792133,5192743.137,453676.3523,4.98188,176.7,TRUE,3.6,494,300
4174,2022/10/8 10:42,131.3924298,46.8678715,5192737.593,453676.9041,5.66712,174.4,TRUE,3.6,492,300
4175,2022/10/8 10:42,131.3924395,46.867816,5192731.418,453677.5959,5.53748,176.2,TRUE,3.6,500,300
4176,2022/10/8 10:42,131.392445,46.86776383,5192725.615,453677.9703,5.38932,172.2,TRUE,3.6,492,300
4177,2022/10/8 10:42,131.392459,46.86770933,5192719.548,453678.9909,5.16708,170.9,TRUE,3.6,484,300
4178,2022/10/8 10:42,131.3924717,46.867658,5192713.834,453679.915,5.87084,178.2,TRUE,3.6,492,300
4179,2022/10/8 10:42,131.3924793,46.86760017,5192707.401,453680.4447,5.44488,173,TRUE,3.6,490,300
4180,2022/10/8 10:42,131.3924865,46.8675465,5192701.43,453680.9475,5.16708,175.2,TRUE,3.6,500,300
4181,2022/10/8 10:42,131.392498,46.86749817,5192696.051,453681.7827,5.05596,173.5,TRUE,3.6,500,300
4182,2022/10/8 10:42,131.392501,46.86744183,5192689.786,453681.963,5.24116,177.7,TRUE,3.6,497,300
4183,2022/10/8 10:42,131.3925087,46.86738867,5192683.871,453682.5043,5.3708,176.3,TRUE,3.6,500,300
4184,2022/10/8 10:43,131.39251,46.86732567,5192676.867,453682.5492,5.72268,179.9,TRUE,3.6,475,300
4185,2022/10/8 10:43,131.3925183,46.86726717,5192670.359,453683.1317,5.4634,175.2,TRUE,3.6,492,300
4186,2022/10/8 10:43,131.39253,46.86721517,5192664.571,453683.9791,5.9264,171,TRUE,3.6,500,300
4187,2022/10/8 10:43,131.3925425,46.86716317,5192658.783,453684.8874,5.33376,172,TRUE,3.6,500,300
4188,2022/10/8 10:43,131.3925547,46.8671085,5192652.698,453685.7705,5.31524,176.1,TRUE,3.6,484,300
4189,2022/10/8 10:43,131.3925595,46.867051,5192646.303,453686.0871,5.44488,171.7,TRUE,3.6,500,300
4190,2022/10/8 10:43,131.3925785,46.86700267,5192640.92,453687.4941,5.14856,175.5,TRUE,3.6,500,300
4191,2022/10/8 10:43,131.3925835,46.866944,5192634.394,453687.8249,5.50044,174.6,TRUE,3.6,487,300
4192,2022/10/8 10:43,131.3925928,46.866891,5192628.497,453688.4884,5.29672,174.1,TRUE,3.6,500,300
4193,2022/10/8 10:43,131.392601,46.86683133,5192621.859,453689.0623,5.05596,173.4,TRUE,3.6,500,300
4194,2022/10/8 10:43,131.3926048,46.86677283,5192615.353,453689.3017,5.24116,173.1,TRUE,3.6,498,300
4195,2022/10/8 10:43,131.3926222,46.86672717,5192610.267,453690.5891,5.63008,175.2,TRUE,3.6,499,300
4196,2022/10/8 10:43,131.3926372,46.866678,5192604.792,453691.6904,5.70416,177.5,TRUE,3.6,500,300
4197,2022/10/8 10:43,131.392644,46.8666275,5192599.174,453692.1655,5.48192,177.8,TRUE,3.6,495,300
4198,2022/10/8 10:43,131.3926448,46.866572,5192593.004,453692.1787,4.98188,175.7,TRUE,3.6,500,300
4199,2022/10/8 10:44,131.3926478,46.86651467,5192586.629,453692.3582,5.38932,176.4,TRUE,3.6,491,300
4200,2022/10/8 10:44,131.3926543,46.866453,5192579.769,453692.8007,5.87084,172.7,TRUE,3.6,500,300
4201,2022/10/8 10:44,131.3926635,46.86639683,5192573.519,453693.4539,5.57452,179.4,TRUE,3.6,493,300
4202,2022/10/8 10:44,131.3926798,46.86634717,5192567.989,453694.654,5.57452,174.1,TRUE,3.6,500,300
4203,2022/10/8 10:44,131.3926975,46.86629383,5192562.049,453695.9576,5.9264,178.8,TRUE,3.6,500,300
4204,2022/10/8 10:44,131.392709,46.86624317,5192556.411,453696.7909,5.98196,171.6,TRUE,3.6,453,300
4205,2022/10/8 10:44,131.3927143,46.86618333,5192549.755,453697.1435,5.13004,171.5,TRUE,3.6,500,300
4206,2022/10/8 10:44,131.3927257,46.86612983,5192543.801,453697.9667,5.3708,177.8,TRUE,3.6,500,300
4207,2022/10/8 10:44,131.3927325,46.866066,5192536.701,453698.4303,6.019,178.2,TRUE,3.6,493,300
4208,2022/10/8 10:44,131.392746,46.866013,5192530.801,453699.4141,4.85224,170.2,TRUE,3.6,484,300
4209,2022/10/8 10:44,131.3927538,46.86595867,5192524.757,453699.9621,5.59304,174.9,TRUE,3.6,500,300
4210,2022/10/8 10:44,131.392759,46.8658995,5192518.176,453700.3077,5.7412,171.9,TRUE,3.6,473,300
4211,2022/10/8 10:44,131.3927605,46.865844,5192512.005,453700.3743,4.88928,171.7,TRUE,3.6,500,300
4212,2022/10/8 10:44,131.3927748,46.865795,5192506.55,453701.4225,5.14856,173,TRUE,3.6,500,300
4213,2022/10/8 10:44,131.3927862,46.86573417,5192499.781,453702.2394,5.77824,180,TRUE,3.6,480,300
4214,2022/10/8 10:45,131.3927917,46.8656755,5192493.255,453702.6083,5.61156,174.7,TRUE,3.6,500,300
4215,2022/10/8 10:45,131.3928047,46.86561883,5192486.948,453703.5508,5.07448,172.7,TRUE,3.6,500,300
4216,2022/10/8 10:45,131.3928122,46.86556283,5192480.718,453704.0745,5.20412,174,TRUE,3.6,500,300
4217,2022/10/8 10:45,131.3928172,46.86550183,5192473.934,453704.4033,5.59304,174.2,TRUE,3.6,487,300
4218,2022/10/8 10:45,131.392826,46.86545067,5192468.241,453705.0303,4.98188,177.8,TRUE,3.6,496,300
4219,2022/10/8 10:45,131.3928357,46.8653985,5192462.436,453705.725,6.03752,178.3,TRUE,3.6,487,300
4220,2022/10/8 10:45,131.3928525,46.865349,5192456.923,453706.9634,5.59304,176.8,TRUE,3.6,495,300
4221,2022/10/8 10:45,131.3928662,46.86529767,5192451.209,453707.9638,5.20412,175.6,TRUE,3.6,495,300
4222,2022/10/8 10:45,131.3928763,46.865249,5192445.792,453708.6921,5.53748,174.2,TRUE,3.6,482,300
4223,2022/10/8 10:45,131.3928833,46.86519333,5192439.599,453709.178,5.4634,174.5,TRUE,3.6,500,300
4224,2022/10/8 10:45,131.3928927,46.865142,5192433.888,453709.8506,5.57452,176.3,TRUE,3.6,500,300
4225,2022/10/8 10:45,131.392898,46.86508917,5192428.011,453710.2093,4.98188,177.4,TRUE,3.6,500,300
4226,2022/10/8 10:45,131.3928973,46.865049,5192423.546,453710.1214,5.53748,176.2,TRUE,3.6,500,300
4227,2022/10/8 10:45,131.3929053,46.86500117,5192418.224,453710.6902,5.24116,173.5,TRUE,3.6,439,300
4228,2022/10/8 10:45,131.392915,46.8649435,5192411.808,453711.3802,5.31524,177.1,TRUE,3.6,468,300
4229,2022/10/8 10:46,131.392915,46.86487583,5192404.285,453711.3221,6.05604,182.8,TRUE,3.6,420,300
4230,2022/10/8 10:46,131.3929202,46.86481867,5192397.927,453711.6694,5.59304,174.3,TRUE,3.6,450,300
4231,2022/10/8 10:46,131.392925,46.86475517,5192390.865,453711.9808,5.29672,171.8,TRUE,3.6,433,300
4232,2022/10/8 10:46,131.3929392,46.864695,5192384.168,453713.0118,5.81528,176.4,TRUE,3.6,489,300
4233,2022/10/8 10:46,131.3929483,46.86463667,5192377.678,453713.6555,5.68564,176.3,TRUE,3.6,424,300
4234,2022/10/8 10:46,131.3929582,46.86458,5192371.373,453714.3617,5.53748,171.9,TRUE,3.6,482,300
4235,2022/10/8 10:46,131.3929722,46.86452483,5192365.231,453715.3817,5.70416,167.1,TRUE,3.6,491,300
4236,2022/10/8 10:46,131.3929843,46.86446167,5192358.203,453716.25,6.09308,172.7,TRUE,3.6,459,300
4237,2022/10/8 10:46,131.3929932,46.864405,5192351.898,453716.8799,5.7412,168.8,TRUE,3.6,473,300
4238,2022/10/8 10:46,131.3930023,46.86434033,5192344.703,453717.5182,5.79676,175.5,TRUE,3.6,419,300
4239,2022/10/8 10:46,131.3930068,46.86427967,5192337.957,453717.8092,5.87084,172.1,TRUE,3.6,442,300
4240,2022/10/8 10:46,131.3930232,46.86422283,5192331.629,453719.0108,5.85232,172.3,TRUE,3.6,500,300
4241,2022/10/8 10:46,131.3930312,46.86416233,5192324.898,453719.5688,6.44496,174.5,TRUE,3.6,469,300
4242,2022/10/8 10:46,131.3930382,46.86410033,5192318.002,453720.0493,6.00048,170,TRUE,3.6,450,300
4243,2022/10/8 10:46,131.3930515,46.86403917,5192311.195,453721.0108,6.6672,171.5,TRUE,3.6,414,300
4244,2022/10/8 10:47,131.3930652,46.863984,5192305.054,453722.008,6.13012,176.1,TRUE,3.6,437,300
4245,2022/10/8 10:47,131.3930748,46.8639295,5192298.989,453722.6931,6.03752,173.7,TRUE,3.6,425,300
4246,2022/10/8 10:47,131.3930762,46.86386717,5192292.059,453722.7463,5.79676,172.3,TRUE,3.6,449,300
4247,2022/10/8 10:47,131.393087,46.863803,5192284.919,453723.5147,6.03752,172,TRUE,3.6,412,300
4248,2022/10/8 10:47,131.3930975,46.86373867,5192277.762,453724.26,6.019,171.2,TRUE,3.6,450,300
4249,2022/10/8 10:47,131.3931017,46.863678,5192271.015,453724.5281,4.79668,173.1,TRUE,3.6,448,300
4250,2022/10/8 10:47,131.393114,46.863628,5192265.449,453725.423,5.68564,175.2,TRUE,3.6,488,300
4251,2022/10/8 10:47,131.3931248,46.86357067,5192259.069,453726.1972,5.66712,176.2,TRUE,3.6,458,300
4252,2022/10/8 10:47,131.393136,46.86351883,5192253.3,453727.0067,5.8338,173.7,TRUE,3.6,478,300
4253,2022/10/8 10:47,131.3931463,46.86346133,5192246.902,453727.7426,5.556,180.7,TRUE,3.6,493,300
4254,2022/10/8 10:47,131.3931543,46.86341183,5192241.394,453728.3101,5.35228,166.6,TRUE,3.6,483,300
4255,2022/10/8 10:47,131.3931663,46.86335633,5192235.217,453729.1774,5.31524,170.3,TRUE,3.6,495,300
4256,2022/10/8 10:47,131.3931697,46.86329867,5192228.805,453729.3871,4.7226,178.9,TRUE,3.6,486,300
4257,2022/10/8 10:47,131.3931802,46.8632465,5192223,453730.1429,5.01892,167,TRUE,3.6,494,300
4258,2022/10/8 10:47,131.393195,46.863197,5192217.488,453731.2289,5.72268,171.9,TRUE,3.6,448,300
4259,2022/10/8 10:48,131.3932048,46.86314267,5192211.442,453731.9295,5.42636,174,TRUE,3.6,500,300
4260,2022/10/8 10:48,131.3932103,46.86308117,5192204.602,453732.296,6.07456,169.8,TRUE,3.6,500,300
4261,2022/10/8 10:48,131.3932228,46.86302833,5192198.721,453733.2037,5.61156,177.4,TRUE,3.6,498,300
4262,2022/10/8 10:48,131.3932277,46.8629685,5192192.067,453733.5259,5.24116,174.9,TRUE,3.6,500,300
4263,2022/10/8 10:48,131.3932352,46.86291317,5192185.912,453734.0503,5.35228,172.5,TRUE,3.6,487,300
4264,2022/10/8 10:48,131.3932448,46.8628585,5192179.828,453734.7353,5.16708,172.2,TRUE,3.6,500,300
4265,2022/10/8 10:48,131.3932573,46.86280533,5192173.91,453735.6428,5.22264,173.4,TRUE,3.6,500,300
4266,2022/10/8 10:48,131.3932688,46.86275267,5192168.049,453736.4744,5.40784,177.5,TRUE,3.6,500,300
4267,2022/10/8 10:48,131.3932743,46.86269617,5192161.765,453736.8452,5.35228,175.8,TRUE,3.6,498,300
4268,2022/10/8 10:48,131.3932798,46.8626435,5192155.907,453737.2194,5.20412,177.3,TRUE,3.6,486,300
4269,2022/10/8 10:48,131.3932827,46.86258533,5192149.438,453737.3905,4.98188,176.9,TRUE,3.6,483,300
4270,2022/10/8 10:48,131.3932995,46.86253367,5192143.686,453738.6272,5.3708,172.5,TRUE,3.6,500,300
4271,2022/10/8 10:48,131.3933137,46.86247783,5192137.47,453739.6619,5.96344,175.4,TRUE,3.6,500,300
4272,2022/10/8 10:48,131.3933205,46.8624185,5192130.87,453740.1295,5.556,172.3,TRUE,3.6,500,300
4273,2022/10/8 10:48,131.3933277,46.86236217,5192124.604,453740.6301,5.61156,171,TRUE,3.6,500,300
4274,2022/10/8 10:49,131.393337,46.862307,5192118.465,453741.2919,5.2782,174,TRUE,3.6,500,300
4275,2022/10/8 10:49,131.3933438,46.86225167,5192112.31,453741.7628,6.07456,175.7,TRUE,3.6,500,300
4276,2022/10/8 10:49,131.393347,46.86219017,5192105.471,453741.954,5.85232,174.3,TRUE,3.6,499,300
4277,2022/10/8 10:49,131.3933547,46.8621325,5192099.056,453742.4916,5.6486,171.7,TRUE,3.6,492,300
4278,2022/10/8 10:49,131.3933647,46.86207783,5192092.972,453743.2072,5.53748,174.6,TRUE,3.6,475,300
4279,2022/10/8 10:49,131.3933783,46.86202633,5192087.239,453744.1999,6.25976,173.6,TRUE,3.6,492,300
4280,2022/10/8 10:49,131.3933842,46.86197183,5192081.177,453744.603,6.019,173.7,TRUE,3.6,484,300
4281,2022/10/8 10:49,131.393389,46.86191733,5192075.116,453744.9222,5.03744,181.1,TRUE,3.6,487,300
4282,2022/10/8 10:49,131.3934102,46.8618635,5192069.119,453746.4925,5.70416,150.6,TRUE,3.6,500,300
4283,2022/10/8 10:49,131.3934777,46.8618235,5192064.633,453751.6051,5.85232,110.9,FALSE,3.6,0,300
4284,2022/10/8 10:49,131.3935523,46.8618325,5192065.589,453757.3012,5.31524,42.5,FALSE,3.6,0,300
4285,2022/10/8 10:49,131.393608,46.86189,5192071.948,453761.5978,6.44496,358.7,FALSE,3.6,0,300
4286,2022/10/8 10:49,131.3935855,46.86194533,5192078.113,453759.9297,6.24124,350.8,FALSE,3.6,0,300
4287,2022/10/8 10:49,131.393581,46.86199467,5192083.6,453759.6289,4.79668,358.3,TRUE,3.6,486,300
4288,2022/10/8 10:49,131.3935685,46.86204033,5192088.684,453758.715,4.77816,356.5,TRUE,3.6,500,300
4289,2022/10/8 10:50,131.3935623,46.86208467,5192093.616,453758.2803,5.40784,350.6,TRUE,3.6,500,300
4290,2022/10/8 10:50,131.3935572,46.862134,5192099.103,453757.9338,5.35228,355.9,TRUE,3.6,496,300
4291,2022/10/8 10:50,131.3935517,46.86217817,5192104.017,453757.5523,5.38932,355.6,TRUE,3.6,500,300
4292,2022/10/8 10:50,131.3935465,46.86222733,5192109.485,453757.198,5.22264,354.7,TRUE,3.6,500,300
4293,2022/10/8 10:50,131.3935418,46.86227267,5192114.528,453756.8786,5.70416,354.1,TRUE,3.6,481,300
4294,2022/10/8 10:50,131.3935243,46.862331,5192121.023,453755.5943,6.42644,351.2,TRUE,3.6,500,300
4295,2022/10/8 10:50,131.3935138,46.86238967,5192127.551,453754.844,5.87084,355.1,TRUE,3.6,500,300
4296,2022/10/8 10:50,131.3935013,46.86245517,5192134.84,453753.9471,6.42644,354.3,TRUE,3.6,476,300
4297,2022/10/8 10:50,131.3934798,46.8625205,5192142.115,453752.3638,6.37088,352.6,TRUE,3.6,492,300
4298,2022/10/8 10:50,131.3934777,46.86257633,5192148.323,453752.2516,6.00048,347.2,TRUE,3.6,500,300
4299,2022/10/8 10:50,131.3934735,46.86263017,5192154.311,453751.9776,5.16708,353.2,TRUE,3.6,486,300
4300,2022/10/8 10:50,131.3934612,46.86268517,5192160.432,453751.087,5.51896,351.3,TRUE,3.6,445,300
4301,2022/10/8 10:50,131.3934533,46.8627435,5192166.921,453750.5347,6.00048,353.3,TRUE,3.6,500,300
4302,2022/10/8 10:50,131.3934457,46.86279883,5192173.077,453750.0027,6.22272,351.9,TRUE,3.6,500,300
4303,2022/10/8 10:50,131.3934308,46.8628615,5192180.052,453748.9204,6.6672,355.2,TRUE,3.6,498,300
4304,2022/10/8 10:51,131.3934238,46.86292283,5192186.874,453748.4393,5.75972,351.7,TRUE,3.6,500,300
4305,2022/10/8 10:51,131.393416,46.862979,5192193.123,453747.8928,6.37088,353.3,TRUE,3.6,472,300
4306,2022/10/8 10:51,131.3934082,46.86303467,5192199.317,453747.3459,5.59304,355,TRUE,3.6,489,300
4307,2022/10/8 10:51,131.3933952,46.8630885,5192205.308,453746.4009,6.05604,349.7,TRUE,3.6,452,300
4308,2022/10/8 10:51,131.3933873,46.86314417,5192211.502,453745.8463,5.4634,351.4,TRUE,3.6,500,300
4309,2022/10/8 10:51,131.3933803,46.8631995,5192217.657,453745.3601,5.3708,350.9,TRUE,3.6,492,300
4310,2022/10/8 10:51,131.393376,46.86325267,5192223.57,453745.0779,6.1116,353,TRUE,3.6,498,300
4311,2022/10/8 10:51,131.3933663,46.86330917,5192229.857,453744.3868,5.63008,354.8,TRUE,3.6,487,300
4312,2022/10/8 10:51,131.3933483,46.8633685,5192236.463,453743.0653,6.07456,357.9,TRUE,3.6,467,300
4313,2022/10/8 10:51,131.3933388,46.86342767,5192243.046,453742.3917,5.77824,353,TRUE,3.6,500,300
4314,2022/10/8 10:51,131.3933342,46.86348433,5192249.348,453742.0896,5.44488,353.7,TRUE,3.6,464,300
4315,2022/10/8 10:51,131.3933262,46.86353733,5192255.244,453741.5252,5.77824,355.8,TRUE,3.6,492,300
4316,2022/10/8 10:51,131.3933198,46.86358967,5192261.067,453741.0821,6.03752,355.1,TRUE,3.6,500,300
4317,2022/10/8 10:51,131.3933038,46.863652,5192268.005,453739.9157,6.14864,350.3,TRUE,3.6,500,300
4318,2022/10/8 10:51,131.3932913,46.86371233,5192274.719,453739.0144,5.98196,356.3,TRUE,3.6,470,300
4319,2022/10/8 10:52,131.39328,46.8637695,5192281.081,453738.2019,5.70416,351.7,TRUE,3.6,486,300
4320,2022/10/8 10:52,131.3932852,46.86382117,5192286.822,453738.6428,5.9264,355.9,TRUE,3.6,490,300
4321,2022/10/8 10:52,131.3932747,46.863875,5192292.813,453737.8884,5.79676,353.1,TRUE,3.6,498,300
4322,2022/10/8 10:52,131.3932593,46.86393767,5192299.789,453736.768,5.59304,356.5,TRUE,3.6,500,300
4323,2022/10/8 10:52,131.3932527,46.863989,5192305.499,453736.3089,5.38932,353.3,TRUE,3.6,478,300
4324,2022/10/8 10:52,131.3932352,46.864051,5192312.402,453735.0278,5.90788,348.3,TRUE,3.6,483,300
4325,2022/10/8 10:52,131.3932245,46.86410833,5192318.781,453734.2612,5.63008,355.3,TRUE,3.6,485,300
4326,2022/10/8 10:52,131.393221,46.86416583,5192325.175,453734.0437,6.33384,353.6,TRUE,3.6,494,300
4327,2022/10/8 10:52,131.393207,46.864233,5192332.651,453733.034,5.77824,353.5,TRUE,3.6,486,300
4328,2022/10/8 10:52,131.3931998,46.86428467,5192338.399,453732.5294,6.03752,353.7,TRUE,3.6,480,300
4329,2022/10/8 10:52,131.3931982,46.86433883,5192344.421,453732.4539,6.019,352.4,TRUE,3.6,490,300
4330,2022/10/8 10:52,131.3931952,46.8643935,5192350.5,453732.2721,6.00048,351.7,TRUE,3.6,500,300
4331,2022/10/8 10:52,131.3931787,46.86445833,5192357.717,453731.0698,6.33384,352.8,TRUE,3.6,485,300
4332,2022/10/8 10:52,131.3931645,46.86451983,5192364.562,453730.0399,6.16716,354.1,TRUE,3.6,500,300
4333,2022/10/8 10:52,131.3931568,46.86458017,5192371.274,453729.5046,6.27828,352.6,TRUE,3.6,500,300
4334,2022/10/8 10:53,131.3931468,46.8646345,5192377.32,453728.7888,6.05604,352,TRUE,3.6,500,300
4335,2022/10/8 10:53,131.3931363,46.86469333,5192383.866,453728.0388,6.16716,355,TRUE,3.6,498,300
4336,2022/10/8 10:53,131.3931272,46.86475433,5192390.653,453727.3973,6.24124,352.2,TRUE,3.6,500,300
4337,2022/10/8 10:53,131.3931135,46.86481333,5192397.22,453726.4034,6.5746,356.9,TRUE,3.6,429,300
4338,2022/10/8 10:53,131.3931005,46.864878,5192404.417,453725.4678,6.2042,351.1,TRUE,3.6,500,300
4339,2022/10/8 10:53,131.3930902,46.86493867,5192411.167,453724.7346,5.90788,347.2,TRUE,3.6,483,300
4340,2022/10/8 10:53,131.3930805,46.86499383,5192417.305,453724.0424,5.9264,354.7,TRUE,3.6,496,300
4341,2022/10/8 10:53,131.3930725,46.86505167,5192423.74,453723.4821,6.03752,352.3,TRUE,3.6,488,300
4342,2022/10/8 10:53,131.393065,46.86510667,5192429.858,453722.9575,6.35236,356.2,TRUE,3.6,500,300
4343,2022/10/8 10:53,131.393064,46.86516367,5192436.196,453722.9303,5.7412,350.1,TRUE,3.6,500,300
4344,2022/10/8 10:53,131.393046,46.86522533,5192443.061,453721.6108,5.48192,4.8,TRUE,3.6,443,300
4345,2022/10/8 10:53,131.3930383,46.86528417,5192449.606,453721.0743,5.81528,348.9,TRUE,3.6,497,300
4346,2022/10/8 10:53,131.3930322,46.86534117,5192455.947,453720.6582,5.8338,351.2,TRUE,3.6,500,300
4347,2022/10/8 10:53,131.3930242,46.86540167,5192462.677,453720.1002,5.96344,349.4,TRUE,3.6,494,300
4348,2022/10/8 10:53,131.3930153,46.86545967,5192469.13,453719.4715,5.81528,354.2,TRUE,3.6,500,300
4349,2022/10/8 10:54,131.3930118,46.86550883,5192474.597,453719.2468,5.50044,359,TRUE,3.6,481,300
4350,2022/10/8 10:54,131.3929977,46.86556967,5192481.369,453718.2241,5.94492,352.8,TRUE,3.6,500,300
4351,2022/10/8 10:54,131.3929855,46.86563017,5192488.102,453717.3459,6.42644,351.5,TRUE,3.6,500,300
4352,2022/10/8 10:54,131.3929838,46.86568567,5192494.272,453717.2639,5.96344,358.6,TRUE,3.6,495,300
4353,2022/10/8 10:54,131.3929762,46.86574217,5192500.558,453716.733,5.72268,353.6,TRUE,3.6,500,300
4354,2022/10/8 10:54,131.3929532,46.86580383,5192507.426,453715.0324,6.31532,351.3,TRUE,3.6,500,300
4355,2022/10/8 10:54,131.3929492,46.865858,5192513.45,453714.774,5.20412,351.3,TRUE,3.6,500,300
4356,2022/10/8 10:54,131.3929405,46.86591217,5192519.478,453714.1572,5.98196,353.7,TRUE,3.6,498,300
4357,2022/10/8 10:54,131.3929337,46.86596517,5192525.373,453713.6843,5.556,355.8,TRUE,3.6,499,300
4358,2022/10/8 10:54,131.3929215,46.8660145,5192530.865,453712.7965,6.09308,354.9,TRUE,3.6,500,300
4359,2022/10/8 10:54,131.3929097,46.86607283,5192537.356,453711.9469,5.66712,354.8,TRUE,3.6,500,300
4360,2022/10/8 10:54,131.3929075,46.86612833,5192543.527,453711.8269,5.79676,353.1,TRUE,3.6,500,300
4361,2022/10/8 10:54,131.3928987,46.86618533,5192549.869,453711.2049,5.51896,355.8,TRUE,3.6,500,300
4362,2022/10/8 10:54,131.3928845,46.86624433,5192556.436,453710.173,5.51896,352.4,TRUE,3.6,484,300
4363,2022/10/8 10:54,131.3928748,46.86629833,5192562.445,453709.4798,6.07456,351.4,TRUE,3.6,500,300
4364,2022/10/8 10:55,131.3928685,46.86635333,5192568.563,453709.0467,6.09308,355,TRUE,3.6,500,300
4365,2022/10/8 10:55,131.3928563,46.86641517,5192575.445,453708.1697,6.22272,352.1,TRUE,3.6,500,300
4366,2022/10/8 10:55,131.3928442,46.86647867,5192582.511,453707.3017,6.07456,351.2,TRUE,3.6,476,300
4367,2022/10/8 10:55,131.3928368,46.8665345,5192588.722,453706.7855,6.40792,350.3,TRUE,3.6,478,300
4368,2022/10/8 10:55,131.3928253,46.86659517,5192595.473,453705.9609,5.59304,350.3,TRUE,3.6,483,300
4369,2022/10/8 10:55,131.392817,46.86665283,5192601.888,453705.3776,5.87084,349.8,TRUE,3.6,500,300
4370,2022/10/8 10:55,131.3928112,46.86670817,5192608.043,453704.983,6.14864,353.3,TRUE,3.6,500,300
4371,2022/10/8 10:55,131.3928035,46.86675667,5192613.44,453704.4376,5.59304,354.4,TRUE,3.6,496,300
4372,2022/10/8 10:55,131.3927922,46.866813,5192619.708,453703.6244,5.72268,356.4,TRUE,3.6,465,300
4373,2022/10/8 10:55,131.3927858,46.866869,5192625.937,453703.1846,5.7412,349.5,TRUE,3.6,492,300
4374,2022/10/8 10:55,131.392775,46.86692833,5192632.539,453702.4122,6.53756,359.6,TRUE,3.6,485,300
4375,2022/10/8 10:55,131.392764,46.8669855,5192638.901,453701.6227,5.4634,355,TRUE,3.6,496,300
4376,2022/10/8 10:55,131.3927535,46.86703667,5192644.596,453700.8661,5.4634,353.4,TRUE,3.6,500,300
4377,2022/10/8 10:55,131.3927482,46.86709033,5192650.564,453700.5082,6.31532,354.4,TRUE,3.6,500,300
4378,2022/10/8 10:55,131.392738,46.86714883,5192657.074,453699.7808,5.38932,352.9,TRUE,3.6,500,300
4379,2022/10/8 10:56,131.3927262,46.8672085,5192663.714,453698.9324,5.85232,352,TRUE,3.6,500,300
4380,2022/10/8 10:56,131.392718,46.86726583,5192670.092,453698.3565,5.8338,352.2,TRUE,3.6,500,300
4381,2022/10/8 10:56,131.3927122,46.867323,5192676.451,453697.9634,6.40792,353,TRUE,3.6,500,300
4382,2022/10/8 10:56,131.3926988,46.86738483,5192683.332,453696.9949,5.57452,353.8,TRUE,3.6,495,300
4383,2022/10/8 10:56,131.392693,46.86743933,5192689.395,453696.5996,5.85232,357.1,TRUE,3.6,485,300
4384,2022/10/8 10:56,131.3926893,46.86748983,5192695.011,453696.3609,5.87084,351.7,TRUE,3.6,500,300
4385,2022/10/8 10:56,131.3926765,46.867546,5192701.263,453695.4333,5.72268,349.5,TRUE,3.6,468,300
4386,2022/10/8 10:56,131.3926683,46.86760183,5192707.474,453694.8561,6.13012,354.7,TRUE,3.6,500,300
4387,2022/10/8 10:56,131.3926657,46.86765317,5192713.183,453694.702,5.70416,354.9,TRUE,3.6,499,300
4388,2022/10/8 10:56,131.3926615,46.86770217,5192718.632,453694.424,5.9264,347,TRUE,3.6,500,300
4389,2022/10/8 10:56,131.3926508,46.86775917,5192724.975,453693.6572,6.16716,354.6,TRUE,3.6,500,300
4390,2022/10/8 10:56,131.3926338,46.86782,5192731.748,453692.4134,5.75972,353.4,TRUE,3.6,489,300
4391,2022/10/8 10:56,131.392626,46.86787783,5192738.181,453691.8684,5.88936,351.6,TRUE,3.6,484,300
4392,2022/10/8 10:56,131.3926222,46.86793117,5192744.113,453691.6246,4.96336,355.7,TRUE,3.6,488,300
4393,2022/10/8 10:56,131.3926072,46.867989,5192750.551,453690.5306,5.94492,356.9,TRUE,3.6,476,300
4394,2022/10/8 10:57,131.3926022,46.86804133,5192756.371,453690.1944,5.13004,356.6,TRUE,3.6,490,300
4395,2022/10/8 10:57,131.3925998,46.86808733,5192761.486,453690.051,5.25968,358,TRUE,3.6,481,300
4396,2022/10/8 10:57,131.3925897,46.86814217,5192767.589,453689.3281,5.44488,350,TRUE,3.6,500,300
4397,2022/10/8 10:57,131.3925748,46.868204,5192774.471,453688.2453,5.42636,354.6,TRUE,3.6,500,300
4398,2022/10/8 10:57,131.3925682,46.8682605,5192780.756,453687.7907,6.03752,349.6,TRUE,3.6,498,300
4399,2022/10/8 10:57,131.3925503,46.86832383,5192787.807,453686.4804,5.77824,349.4,TRUE,3.6,500,300
4400,2022/10/8 10:57,131.3925343,46.86838817,5192794.969,453685.3159,5.556,354.7,TRUE,3.6,499,300
4401,2022/10/8 10:57,131.392528,46.86844483,5192801.271,453684.8843,5.68564,351.1,TRUE,3.6,476,300
4402,2022/10/8 10:57,131.3925223,46.86849767,5192807.149,453684.4952,5.59304,352.7,TRUE,3.6,486,300
4403,2022/10/8 10:57,131.3925193,46.86854933,5192812.893,453684.3109,5.53748,350.4,TRUE,3.6,490,300
4404,2022/10/8 10:57,131.3925118,46.86860317,5192818.883,453683.7854,5.57452,359.1,TRUE,3.6,500,300
4405,2022/10/8 10:57,131.3925053,46.8686565,5192824.815,453683.3357,6.46348,354.9,TRUE,3.6,475,300
4406,2022/10/8 10:57,131.3924948,46.86871517,5192831.344,453682.5856,5.85232,351.7,TRUE,3.6,479,300
4407,2022/10/8 10:57,131.3924842,46.86877417,5192837.909,453681.8282,6.27828,355.3,TRUE,3.6,487,300
4408,2022/10/8 10:57,131.3924722,46.868835,5192844.678,453680.9657,5.4634,356.9,TRUE,3.6,496,300
4409,2022/10/8 10:58,131.3924647,46.86889083,5192850.889,453680.4419,6.07456,354,TRUE,3.6,467,300
4410,2022/10/8 10:58,131.3924583,46.86894233,5192856.618,453679.9982,5.81528,354.8,TRUE,3.6,499,300
4411,2022/10/8 10:58,131.392452,46.868996,5192862.588,453679.5641,6.16716,354.2,TRUE,3.6,500,300
4412,2022/10/8 10:58,131.3924388,46.8690525,5192868.877,453678.6063,5.6486,354.6,TRUE,3.6,500,300
4413,2022/10/8 10:58,131.3924345,46.86911117,5192875.402,453678.3289,5.63008,353.9,TRUE,3.6,497,300
4414,2022/10/8 10:58,131.392426,46.86916783,5192881.706,453677.7296,5.51896,354.5,TRUE,3.6,500,300
4415,2022/10/8 10:58,131.3924152,46.86922983,5192888.605,453676.9596,6.019,354,TRUE,3.6,470,300
4416,2022/10/8 10:58,131.3924063,46.86928383,5192894.613,453676.3275,6.09308,353.7,TRUE,3.6,495,300
4417,2022/10/8 10:58,131.3923945,46.86934233,5192901.123,453675.4782,5.8338,354.4,TRUE,3.6,496,300
4418,2022/10/8 10:58,131.3923782,46.8694015,5192907.711,453674.2864,6.09308,355.3,TRUE,3.6,499,300
4419,2022/10/8 10:58,131.3923708,46.86946683,5192914.977,453673.7784,6.14864,353.6,TRUE,3.6,479,300
4420,2022/10/8 10:58,131.3923677,46.86952833,5192921.816,453673.595,5.77824,355.7,TRUE,3.6,500,300
4421,2022/10/8 10:58,131.3923575,46.869583,5192927.9,453672.8643,3.8892,1.4,TRUE,3.6,500,300
4422,2022/10/8 10:58,131.3923517,46.8696375,5192933.962,453672.469,5.20412,353.9,TRUE,3.6,446,300
4423,2022/10/8 10:58,131.3923807,46.86968517,5192939.244,453674.721,4.46332,53.4,FALSE,3.6,0,300
4424,2022/10/8 10:59,131.3924495,46.8696985,5192940.685,453679.9778,4.33368,93.6,FALSE,3.6,0,300
4425,2022/10/8 10:59,131.3925278,46.86968617,5192939.268,453685.9369,5.07448,126.3,FALSE,3.6,0,300
4426,2022/10/8 10:59,131.3925625,46.86965,5192935.227,453688.5513,4.27812,172.2,FALSE,3.6,0,300
4427,2022/10/8 10:59,131.392573,46.8695995,5192929.607,453689.3084,5.25968,170.5,TRUE,3.6,452,300
4428,2022/10/8 10:59,131.3925793,46.86954483,5192923.526,453689.7417,4.79668,173.3,TRUE,3.6,496,300
4429,2022/10/8 10:59,131.3925877,46.86949183,5192917.629,453690.3365,5.59304,173.6,TRUE,3.6,493,300
4430,2022/10/8 10:59,131.3925967,46.8694385,5192911.695,453690.9768,4.7226,179.4,TRUE,3.6,467,300
4431,2022/10/8 10:59,131.3926047,46.869388,5192906.076,453691.5433,5.40784,175,TRUE,3.6,500,300
4432,2022/10/8 10:59,131.3926115,46.86933783,5192900.495,453692.0186,5.59304,176.5,TRUE,3.6,496,300
4433,2022/10/8 10:59,131.3926192,46.86928667,5192894.803,453692.5616,5.1856,176,TRUE,3.6,497,300
4434,2022/10/8 10:59,131.3926248,46.869235,5192889.056,453692.9442,4.22256,176.3,TRUE,3.6,475,300
4435,2022/10/8 10:59,131.3926348,46.8691845,5192883.436,453693.6631,5.7412,168.5,TRUE,3.6,498,300
4436,2022/10/8 10:59,131.3926412,46.8691285,5192877.207,453694.1029,5.98196,177.1,TRUE,3.6,500,300
4437,2022/10/8 10:59,131.3926588,46.86907467,5192871.212,453695.3985,5.7412,173.2,TRUE,3.6,495,300
4438,2022/10/8 10:59,131.3926672,46.86902267,5192865.426,453695.9942,5.13004,174.3,TRUE,3.6,483,300
4439,2022/10/8 11:00,131.392677,46.86897,5192859.565,453696.696,5.35228,173.4,TRUE,3.6,500,300
4440,2022/10/8 11:00,131.3926878,46.86891783,5192853.759,453697.4746,5.40784,182,TRUE,3.6,487,300
4441,2022/10/8 11:00,131.3926967,46.86886067,5192847.4,453698.104,5.57452,173.6,TRUE,3.6,497,300
4442,2022/10/8 11:00,131.3927077,46.86880333,5192841.019,453698.8933,6.2042,176.4,TRUE,3.6,486,300
4443,2022/10/8 11:00,131.3927147,46.86875267,5192835.383,453699.3835,5.3708,177.3,TRUE,3.6,490,300
4444,2022/10/8 11:00,131.3927193,46.86869933,5192829.451,453699.6883,5.68564,177.8,TRUE,3.6,500,300
4445,2022/10/8 11:00,131.392725,46.86864283,5192823.166,453700.0743,5.33376,175.9,TRUE,3.6,476,300
4446,2022/10/8 11:00,131.3927352,46.868593,5192817.621,453700.8091,5.13004,177,TRUE,3.6,500,300
4447,2022/10/8 11:00,131.3927463,46.8685405,5192811.778,453701.6103,5.11152,173,TRUE,3.6,500,300
4448,2022/10/8 11:00,131.392756,46.86848383,5192805.472,453702.3011,4.66704,173.7,TRUE,3.6,487,300
4449,2022/10/8 11:00,131.3927662,46.86843217,5192799.723,453703.0343,5.42636,176.7,TRUE,3.6,496,300
4450,2022/10/8 11:00,131.3927722,46.86837917,5192793.828,453703.4462,5.25968,170.3,TRUE,3.6,495,300
4451,2022/10/8 11:00,131.3927798,46.86832867,5192788.209,453703.9822,5.57452,176.4,TRUE,3.6,476,300
4452,2022/10/8 11:00,131.3927865,46.8682675,5192781.405,453704.4405,4.57444,171.2,TRUE,3.6,449,300
4453,2022/10/8 11:00,131.3927952,46.86821633,5192775.712,453705.0598,5.35228,174.3,TRUE,3.6,500,300
4454,2022/10/8 11:01,131.3928033,46.86816267,5192769.742,453705.6312,5.8338,170.4,TRUE,3.6,498,300
4455,2022/10/8 11:01,131.3928098,46.86810333,5192763.141,453706.0757,4.94484,175.9,TRUE,3.6,500,300
4456,2022/10/8 11:01,131.392822,46.868051,5192757.317,453706.9609,5.13004,173.8,TRUE,3.6,489,300
4457,2022/10/8 11:01,131.3928317,46.86799183,5192750.733,453707.6496,5.3708,172.1,TRUE,3.6,500,300
4458,2022/10/8 11:01,131.3928423,46.86793867,5192744.817,453708.4121,5.87084,173.7,TRUE,3.6,486,300
4459,2022/10/8 11:01,131.392849,46.86788133,5192738.439,453708.8736,5.48192,174,TRUE,3.6,485,300
4460,2022/10/8 11:01,131.39286,46.86782433,5192732.096,453709.6633,5.35228,175.6,TRUE,3.6,486,300
4461,2022/10/8 11:01,131.3928667,46.86776917,5192725.96,453710.1267,4.79668,167.2,TRUE,3.6,450,300
4462,2022/10/8 11:01,131.3928793,46.86771483,5192719.911,453711.0406,5.59304,173.2,TRUE,3.6,500,300
4463,2022/10/8 11:01,131.3928843,46.86766133,5192713.961,453711.3759,5.14856,175.4,TRUE,3.6,492,300
4464,2022/10/8 11:01,131.3928895,46.86760533,5192707.733,453711.7242,4.77816,177.6,TRUE,3.6,466,300
4465,2022/10/8 11:01,131.3929033,46.86755317,5192701.926,453712.7315,5.03744,174.3,TRUE,3.6,500,300
4466,2022/10/8 11:01,131.39291,46.867501,5192696.122,453713.1975,5.1856,174.1,TRUE,3.6,500,300
4467,2022/10/8 11:01,131.3929188,46.86745417,5192690.911,453713.8282,5.20412,175.3,TRUE,3.6,495,300
4468,2022/10/8 11:01,131.3929317,46.86740317,5192685.234,453714.7679,5.61156,173,TRUE,3.6,489,300
4469,2022/10/8 11:02,131.3929432,46.8673525,5192679.594,453715.6011,6.03752,169.3,TRUE,3.6,474,300
4470,2022/10/8 11:02,131.3929457,46.86729517,5192673.22,453715.7424,5.63008,174.9,TRUE,3.6,495,300
4471,2022/10/8 11:02,131.3929545,46.8672415,5192667.248,453716.3673,5.25968,170.4,TRUE,3.6,473,300
4472,2022/10/8 11:02,131.392966,46.86719533,5192662.109,453717.2044,5.68564,171.7,TRUE,3.6,498,300
4473,2022/10/8 11:02,131.3929745,46.86714033,5192655.989,453717.8052,4.9078,173.5,TRUE,3.6,474,300
4474,2022/10/8 11:02,131.3929855,46.86708683,5192650.035,453718.5979,5.16708,174.9,TRUE,3.6,477,300
4475,2022/10/8 11:02,131.3929865,46.86703067,5192643.792,453718.6258,5.57452,171.7,TRUE,3.6,498,300
4476,2022/10/8 11:02,131.392992,46.86697633,5192637.748,453718.9985,5.77824,173.9,TRUE,3.6,500,300
4477,2022/10/8 11:02,131.3929968,46.86691983,5192631.464,453719.3159,5.38932,175.2,TRUE,3.6,449,300
4478,2022/10/8 11:02,131.393006,46.86686583,5192625.455,453719.9709,5.25968,169.4,TRUE,3.6,500,300
4479,2022/10/8 11:02,131.3930117,46.86680867,5192619.098,453720.3564,5.0004,172.7,TRUE,3.6,472,300
4480,2022/10/8 11:02,131.3930245,46.86675533,5192613.16,453721.2865,5.24116,173.8,TRUE,3.6,481,300
4481,2022/10/8 11:02,131.3930338,46.86669917,5192606.912,453721.9473,5.20412,177.1,TRUE,3.6,500,300
4482,2022/10/8 11:02,131.3930365,46.8666485,5192601.277,453722.1096,5.40784,179.8,TRUE,3.6,481,300
4483,2022/10/8 11:02,131.3930495,46.86659333,5192595.136,453723.0534,5.50044,179.5,TRUE,3.6,500,300
4484,2022/10/8 11:03,131.3930578,46.86653533,5192588.684,453723.6364,5.53748,174.3,TRUE,3.6,500,300
4485,2022/10/8 11:03,131.3930698,46.86648183,5192582.729,453724.5053,5.90788,173.2,TRUE,3.6,500,300
4486,2022/10/8 11:03,131.3930782,46.86642033,5192575.887,453725.0929,5.01892,175.4,TRUE,3.6,500,300
4487,2022/10/8 11:03,131.3930862,46.86636033,5192569.213,453725.6513,5.51896,172.2,TRUE,3.6,500,300
4488,2022/10/8 11:03,131.3930983,46.866309,5192563.499,453726.5298,5.31524,174.8,TRUE,3.6,495,300
4489,2022/10/8 11:03,131.3931072,46.86625033,5192556.972,453727.1579,5.81528,174.4,TRUE,3.6,494,300
4490,2022/10/8 11:03,131.3931128,46.86619067,5192550.336,453727.5337,5.093,170.4,TRUE,3.6,484,300
4491,2022/10/8 11:03,131.3931262,46.86614517,5192545.27,453728.5162,5.25968,170.7,TRUE,3.6,499,300
4492,2022/10/8 11:03,131.3931418,46.866093,5192539.461,453729.6608,5.33376,173.6,TRUE,3.6,492,300
4493,2022/10/8 11:03,131.3931512,46.86604333,5192533.934,453730.3349,5.556,176,TRUE,3.6,483,300
4494,2022/10/8 11:03,131.3931587,46.86599133,5192528.149,453730.862,5.81528,172.4,TRUE,3.6,500,300
4495,2022/10/8 11:03,131.3931655,46.86593617,5192522.013,453731.3331,4.74112,177.5,TRUE,3.6,479,300
4496,2022/10/8 11:03,131.3931743,46.8658865,5192516.486,453731.9614,5.2782,173.4,TRUE,3.6,500,300
4497,2022/10/8 11:03,131.3931805,46.86583317,5192510.554,453732.3883,5.0004,178.7,TRUE,3.6,480,300
4498,2022/10/8 11:03,131.393186,46.8657805,5192504.695,453732.7624,5.51896,174.6,TRUE,3.6,459,300
4499,2022/10/8 11:04,131.393195,46.86572767,5192498.817,453733.4032,4.94484,173,TRUE,3.6,500,300
4500,2022/10/8 11:04,131.393201,46.86567183,5192492.606,453733.8127,4.83372,174.5,TRUE,3.6,500,300
4501,2022/10/8 11:04,131.3932043,46.8656185,5192486.675,453734.0185,5.51896,174.8,TRUE,3.6,485,300
4502,2022/10/8 11:04,131.3932065,46.86555883,5192480.041,453734.135,5.44488,174.4,TRUE,3.6,494,300
4503,2022/10/8 11:04,131.3932153,46.8655045,5192473.996,453734.7593,5.79676,177.8,TRUE,3.6,500,300
4504,2022/10/8 11:04,131.3932247,46.86545067,5192468.006,453735.4297,5.63008,172.6,TRUE,3.6,497,300
4505,2022/10/8 11:04,131.3932337,46.86539867,5192462.22,453736.0713,5.093,174.4,TRUE,3.6,498,300
4506,2022/10/8 11:04,131.393243,46.865344,5192456.137,453736.7334,5.25968,169.5,TRUE,3.6,500,300
4507,2022/10/8 11:04,131.393252,46.86528217,5192449.258,453737.3665,5.3708,171.3,TRUE,3.6,500,300
4508,2022/10/8 11:04,131.3932523,46.86522283,5192442.661,453737.3384,5.4634,168.7,TRUE,3.6,487,300
4509,2022/10/8 11:04,131.3932652,46.86517033,5192436.817,453738.2769,5.20412,174.7,TRUE,3.6,500,300
4510,2022/10/8 11:04,131.3932757,46.86512317,5192431.569,453739.0369,5.50044,170.3,TRUE,3.6,499,300
4511,2022/10/8 11:04,131.3932872,46.86507067,5192425.725,453739.8687,6.2968,174.7,TRUE,3.6,500,300
4512,2022/10/8 11:04,131.3932938,46.86501517,5192419.552,453740.3242,5.29672,172.4,TRUE,3.6,468,300
4513,2022/10/8 11:04,131.3933042,46.86496283,5192413.727,453741.0722,6.09308,176.7,TRUE,3.6,500,300
4514,2022/10/8 11:05,131.3933132,46.86490483,5192407.274,453741.7086,5.4634,176.6,TRUE,3.6,490,300
4515,2022/10/8 11:05,131.3933175,46.864847,5192400.843,453741.9868,5.29672,175,TRUE,3.6,478,300
4516,2022/10/8 11:05,131.393332,46.86479333,5192394.868,453743.0463,5.07448,176,TRUE,3.6,500,300
4517,2022/10/8 11:05,131.3933403,46.86474317,5192389.287,453743.6361,5.90788,175.1,TRUE,3.6,500,300
4518,2022/10/8 11:05,131.3933528,46.86468867,5192383.221,453744.5424,5.70416,173.3,TRUE,3.6,500,300
4519,2022/10/8 11:05,131.3933623,46.864635,5192377.249,453745.2206,4.9078,173.1,TRUE,3.6,499,300
4520,2022/10/8 11:05,131.393376,46.86458183,5192371.33,453746.2195,5.53748,171.4,TRUE,3.6,500,300
4521,2022/10/8 11:05,131.3933875,46.8645265,5192365.172,453747.0489,5.61156,175.8,TRUE,3.6,492,300
4522,2022/10/8 11:05,131.3934108,46.86429333,5192339.237,453748.6252,6.00048,172.5,TRUE,3.6,500,300
4523,2022/10/8 11:05,131.3934163,46.86423333,5192332.564,453748.993,5.22264,176.3,TRUE,3.6,482,300
4524,2022/10/8 11:05,131.3934288,46.86417883,5192326.498,453749.8993,5.63008,172.4,TRUE,3.6,500,300
4525,2022/10/8 11:05,131.393441,46.86412467,5192320.47,453750.783,5.8338,172.7,TRUE,3.6,454,300
4526,2022/10/8 11:06,131.3934512,46.8640725,5192314.664,453751.5159,5.70416,172.1,TRUE,3.6,500,300
4527,2022/10/8 11:06,131.3934628,46.86401617,5192308.396,453752.352,5.31524,172.6,TRUE,3.6,470,300
4528,2022/10/8 11:06,131.393471,46.86396083,5192302.239,453752.9297,5.40784,175,TRUE,3.6,500,300
4529,2022/10/8 11:06,131.3934792,46.86390417,5192295.935,453753.5063,5.24116,173.3,TRUE,3.6,487,300
4530,2022/10/8 11:06,131.3935007,46.86379817,5192284.139,453755.0546,5.556,170.2,TRUE,3.6,500,300
4531,2022/10/8 11:06,131.3935107,46.86374283,5192277.981,453755.7696,5.13004,174.9,TRUE,3.6,500,300
4532,2022/10/8 11:06,131.3935233,46.863691,5192272.211,453756.6858,5.35228,172.9,TRUE,3.6,499,300
4533,2022/10/8 11:06,131.3935347,46.86363733,5192266.238,453757.509,5.66712,176.6,TRUE,3.6,500,300
4534,2022/10/8 11:06,131.3935432,46.8635835,5192260.249,453758.1109,4.88928,176.8,TRUE,3.6,484,300
4535,2022/10/8 11:06,131.3935482,46.8635295,5192254.243,453758.4458,5.53748,172.2,TRUE,3.6,500,300
4536,2022/10/8 11:06,131.3935548,46.86347717,5192248.422,453758.9041,4.85224,173.6,TRUE,3.6,480,300
4537,2022/10/8 11:06,131.3935707,46.863427,5192242.835,453760.0734,5.1856,173.3,TRUE,3.6,494,300
4538,2022/10/8 11:06,131.3935727,46.8633715,5192236.664,453760.1782,5.35228,176,TRUE,3.6,457,300
4539,2022/10/8 11:06,131.3935855,46.86332033,5192230.968,453761.1103,5.68564,177.5,TRUE,3.6,500,300
4540,2022/10/8 11:07,131.3935903,46.86326433,5192224.74,453761.4282,5.66712,174.8,TRUE,3.6,500,300
4541,2022/10/8 11:07,131.3936013,46.86320767,5192218.435,453762.2183,5.48192,176.1,TRUE,3.6,493,300
4542,2022/10/8 11:07,131.3936097,46.86314933,5192211.944,453762.8087,5.01892,181,TRUE,3.6,498,300
4543,2022/10/8 11:07,131.393618,46.86309267,5192205.641,453763.3929,5.51896,174,TRUE,3.6,498,300
4544,2022/10/8 11:07,131.3936298,46.86304033,5192199.815,453764.2477,5.2782,171.2,TRUE,3.6,497,300
4545,2022/10/8 11:07,131.3936407,46.8629855,5192193.713,453765.0318,5.88936,179.1,TRUE,3.6,498,300
4546,2022/10/8 11:07,131.3936425,46.8629255,5192187.042,453765.1175,5.2782,176.8,TRUE,3.6,500,300
4547,2022/10/8 11:07,131.3936472,46.86286733,5192180.573,453765.4259,4.59296,177.5,TRUE,3.6,500,300
4548,2022/10/8 11:07,131.3936553,46.86281033,5192174.232,453765.9946,5.96344,172.7,TRUE,3.6,494,300
4549,2022/10/8 11:07,131.3936652,46.86275483,5192168.056,453766.7019,5.14856,172.6,TRUE,3.6,472,300
4550,2022/10/8 11:07,131.3936763,46.86270367,5192162.362,453767.5043,4.61148,172.5,TRUE,3.6,500,300
4551,2022/10/8 11:07,131.3936832,46.86265767,5192157.244,453767.991,5.16708,172.5,TRUE,3.6,482,300
4552,2022/10/8 11:07,131.3936922,46.8626125,5192152.218,453768.6384,5.13004,174.9,TRUE,3.6,486,300
4553,2022/10/8 11:07,131.3937043,46.862557,5192146.041,453769.5134,5.20412,171.7,TRUE,3.6,500,300
4554,2022/10/8 11:07,131.3937108,46.86250083,5192139.793,453769.9608,5.38932,175.1,TRUE,3.6,489,300
4555,2022/10/8 11:08,131.393722,46.86244583,5192133.672,453770.7676,5.98196,178.6,TRUE,3.6,500,300
4556,2022/10/8 11:08,131.393725,46.86239483,5192128,453770.9526,5.33376,175.9,TRUE,3.6,475,300
4557,2022/10/8 11:08,131.3937373,46.86234383,5192122.324,453771.8467,5.556,179,TRUE,3.6,490,300
4558,2022/10/8 11:08,131.3937555,46.86228067,5192115.292,453773.1803,5.14856,175.5,TRUE,3.6,500,300
4559,2022/10/8 11:08,131.3937642,46.8622235,5192108.931,453773.7946,4.83372,172.8,TRUE,3.6,496,300
4560,2022/10/8 11:08,131.3937705,46.86217067,5192103.054,453774.2296,4.96336,175.4,TRUE,3.6,500,300
4561,2022/10/8 11:08,131.3937827,46.8621165,5192097.025,453775.1134,5.11152,170.8,TRUE,3.6,500,300
4562,2022/10/8 11:08,131.3937813,46.86205833,5192090.559,453774.9567,5.0004,177.2,TRUE,3.6,500,300
4563,2022/10/8 11:08,131.3937863,46.86200483,5192084.609,453775.292,4.27812,159.4,TRUE,3.6,467,300
4564,2022/10/8 11:08,131.3937953,46.86195717,5192079.305,453775.9374,5.1856,173.7,TRUE,3.6,466,300
4565,2022/10/8 11:08,131.3937687,46.86190167,5192073.151,453773.8615,4.66704,243.6,FALSE,3.6,0,300
4566,2022/10/8 11:08,131.393701,46.8619045,5192073.506,453768.7017,5.94492,307.6,FALSE,3.6,0,300
4567,2022/10/8 11:08,131.3936718,46.86195383,5192079.007,453766.5175,5.75972,352.7,FALSE,3.6,0,300
4568,2022/10/8 11:08,131.3936805,46.86199767,5192083.875,453767.2185,5.24116,14.7,TRUE,3.6,495,300
4569,2022/10/8 11:08,131.3936838,46.86203067,5192087.542,453767.4984,1.98164,350.8,TRUE,3.6,500,300
4570,2022/10/8 11:09,131.393679,46.86202983,5192087.451,453767.1317,0,0,FALSE,3.6,0,300
4571,2022/10/8 11:09,131.393679,46.86202833,5192087.284,453767.1304,0,0,FALSE,3.6,0,300
4572,2022/10/8 11:09,131.3936797,46.86202567,5192086.988,453767.1815,3.16692,182.5,FALSE,3.6,0,300
4573,2022/10/8 11:09,131.393677,46.86197567,5192081.432,453766.9327,3.20396,189.3,FALSE,3.6,0,300
4574,2022/10/8 11:09,131.3936797,46.86195733,5192079.391,453767.1229,0,0,FALSE,3.6,0,300
4575,2022/10/8 11:09,131.3936825,46.86195383,5192079,453767.3334,0,0,FALSE,3.6,0,300
4576,2022/10/8 11:09,131.3936828,46.86198083,5192082.002,453767.3794,4.55592,352.7,TRUE,3.6,452,300
4577,2022/10/8 11:09,131.3936705,46.86204167,5192088.772,453766.4937,5.22264,348.1,TRUE,3.6,500,300
4578,2022/10/8 11:09,131.3936583,46.86209767,5192095.005,453765.6116,5.05596,352.7,TRUE,3.6,500,300
4579,2022/10/8 11:09,131.3936382,46.86215133,5192100.982,453764.125,5.53748,352.1,TRUE,3.6,500,300
4580,2022/10/8 11:09,131.3936292,46.86220567,5192107.028,453763.4854,5.556,350.8,TRUE,3.6,492,300
4581,2022/10/8 11:09,131.3936262,46.862253,5192112.292,453763.2973,5.42636,350,TRUE,3.6,483,300
4582,2022/10/8 11:09,131.3936205,46.86230367,5192117.928,453762.9061,5.61156,352.6,TRUE,3.6,500,300
4583,2022/10/8 11:09,131.3936092,46.86236567,5192124.827,453762.0977,5.90788,350.5,TRUE,3.6,485,300
4584,2022/10/8 11:09,131.3936042,46.8624195,5192130.814,453761.7627,6.13012,354.9,TRUE,3.6,472,300
4585,2022/10/8 11:10,131.393593,46.86247517,5192137.009,453760.9565,5.51896,354.6,TRUE,3.6,499,300
4586,2022/10/8 11:10,131.393581,46.86253517,5192143.686,453760.093,6.00048,356.3,TRUE,3.6,500,300
4587,2022/10/8 11:10,131.3935718,46.86259367,5192150.195,453759.4417,5.4634,353.9,TRUE,3.6,500,300
4588,2022/10/8 11:10,131.3935615,46.86264983,5192156.444,453758.7045,5.48192,351.7,TRUE,3.6,500,300
4589,2022/10/8 11:10,131.3935505,46.8627045,5192162.528,453757.9127,6.22272,352.7,TRUE,3.6,489,300
4590,2022/10/8 11:10,131.3935397,46.86276017,5192168.724,453757.137,5.87084,355.2,TRUE,3.6,500,300
4591,2022/10/8 11:10,131.3935312,46.8628185,5192175.213,453756.539,6.482,354.2,TRUE,3.6,489,300
4592,2022/10/8 11:10,131.393523,46.86287633,5192181.647,453755.9634,5.79676,351.7,TRUE,3.6,500,300
4593,2022/10/8 11:10,131.393517,46.86293133,5192187.764,453755.5531,5.25968,348.7,TRUE,3.6,500,300
4594,2022/10/8 11:10,131.3935068,46.86298783,5192194.051,453754.8239,5.72268,355.6,TRUE,3.6,490,300
4595,2022/10/8 11:10,131.3934983,46.8630435,5192200.245,453754.2236,6.03752,355.3,TRUE,3.6,484,300
4596,2022/10/8 11:10,131.3934892,46.86310133,5192206.679,453753.5794,5.59304,355.3,TRUE,3.6,483,300
4597,2022/10/8 11:10,131.3934823,46.86315533,5192212.686,453753.0996,5.59304,350.9,TRUE,3.6,486,300
4598,2022/10/8 11:10,131.3934763,46.86321033,5192218.804,453752.6894,6.59312,352.5,TRUE,3.6,500,300
4599,2022/10/8 11:10,131.393467,46.863268,5192225.221,453752.0298,5.20412,349.6,TRUE,3.6,497,300
4600,2022/10/8 11:11,131.3934593,46.86332283,5192231.321,453751.4897,6.44496,353.4,TRUE,3.6,500,300
4601,2022/10/8 11:11,131.3934498,46.8633805,5192237.737,453750.8149,6.1116,352.5,TRUE,3.6,467,300
4602,2022/10/8 11:11,131.3934412,46.86343283,5192243.56,453750.2041,5.98196,356.7,TRUE,3.6,493,300
4603,2022/10/8 11:11,131.3934345,46.86348567,5192249.438,453749.7386,5.6486,355,TRUE,3.6,500,300
4604,2022/10/8 11:11,131.393422,46.863543,5192255.818,453748.8347,5.2782,348.6,TRUE,3.6,500,300
4605,2022/10/8 11:11,131.393411,46.8636,5192262.161,453748.0449,5.42636,354.4,TRUE,3.6,500,300
4606,2022/10/8 11:11,131.393402,46.8636565,5192268.448,453747.4072,5.44488,355,TRUE,3.6,496,300
4607,2022/10/8 11:11,131.3933913,46.86371167,5192274.587,453746.6387,5.556,352.5,TRUE,3.6,500,300
4608,2022/10/8 11:11,131.3933845,46.86376417,5192280.427,453746.1653,5.68564,354.3,TRUE,3.6,497,300
4609,2022/10/8 11:11,131.3933747,46.8638205,5192286.695,453745.4665,5.40784,358,TRUE,3.6,473,300
4610,2022/10/8 11:11,131.3933675,46.86386933,5192292.128,453744.9594,5.22264,355.5,TRUE,3.6,491,300
4611,2022/10/8 11:11,131.3933553,46.86392733,5192298.583,453744.079,5.05596,355.4,TRUE,3.6,484,300
4612,2022/10/8 11:11,131.3933483,46.86397917,5192304.35,453743.5898,5.57452,352.3,TRUE,3.6,479,300
4613,2022/10/8 11:11,131.3933387,46.8640325,5192310.284,453742.9036,5.01892,356.3,TRUE,3.6,490,300
4614,2022/10/8 11:11,131.3933357,46.86407567,5192315.085,453742.712,5.11152,349.6,TRUE,3.6,500,300
4615,2022/10/8 11:12,131.3933242,46.8641255,5192320.631,453741.8779,5.3708,355.1,TRUE,3.6,448,300
4616,2022/10/8 11:12,131.3933122,46.8641825,5192326.975,453741.0119,5.77824,354.5,TRUE,3.6,500,300
4617,2022/10/8 11:12,131.3933025,46.86424217,5192333.614,453740.3235,6.2042,349.8,TRUE,3.6,498,300
4618,2022/10/8 11:12,131.3932898,46.864305,5192340.606,453739.4092,5.63008,345.7,TRUE,3.6,497,300
4619,2022/10/8 11:12,131.3932793,46.86436517,5192347.301,453738.6603,5.68564,352.4,TRUE,3.6,488,300
4620,2022/10/8 11:12,131.3932698,46.86442433,5192353.884,453737.9867,5.57452,355.1,TRUE,3.6,500,300
4621,2022/10/8 11:12,131.3932628,46.86447983,5192360.057,453737.5007,5.6486,357.1,TRUE,3.6,489,300
4622,2022/10/8 11:12,131.3932507,46.86453783,5192366.512,453736.6279,5.50044,356.7,TRUE,3.6,500,300
4623,2022/10/8 11:12,131.3932435,46.86459617,5192373.002,453736.129,5.70416,356.8,TRUE,3.6,496,300
4624,2022/10/8 11:12,131.3932373,46.86465083,5192379.082,453735.7033,5.24116,347.9,TRUE,3.6,463,300
4625,2022/10/8 11:12,131.3932355,46.86470567,5192385.18,453735.6131,5.44488,354.3,TRUE,3.6,500,300
4626,2022/10/8 11:12,131.3932233,46.864767,5192392.005,453734.7356,5.70416,356.6,TRUE,3.6,479,300
4627,2022/10/8 11:12,131.3932122,46.86482383,5192398.329,453733.9381,5.96344,349.1,TRUE,3.6,459,300
4628,2022/10/8 11:12,131.3932018,46.8648785,5192404.413,453733.1921,5.51896,353.1,TRUE,3.6,482,300
4629,2022/10/8 11:12,131.3931922,46.86493333,5192410.514,453732.5072,5.6486,353.2,TRUE,3.6,492,300
4630,2022/10/8 11:13,131.3931857,46.86499133,5192416.965,453732.0614,5.50044,351.6,TRUE,3.6,477,300
4631,2022/10/8 11:13,131.3931778,46.86504833,5192423.306,453731.5081,5.66712,355.4,TRUE,3.6,500,300
4632,2022/10/8 11:13,131.393168,46.8651055,5192429.668,453730.81,6.2042,351.9,TRUE,3.6,457,300
4633,2022/10/8 11:13,131.3931577,46.86516317,5192436.085,453730.0742,5.85232,353.9,TRUE,3.6,500,300
4634,2022/10/8 11:13,131.393155,46.86521767,5192442.145,453729.9151,5.87084,351.7,TRUE,3.6,467,300
4635,2022/10/8 11:13,131.3931478,46.86527433,5192448.448,453729.4149,5.42636,355.2,TRUE,3.6,500,300
4636,2022/10/8 11:13,131.3931403,46.865331,5192454.752,453728.8917,5.556,353.5,TRUE,3.6,487,300
4637,2022/10/8 11:13,131.3931323,46.865388,5192461.094,453728.3307,5.72268,354.3,TRUE,3.6,500,300
4638,2022/10/8 11:13,131.3931228,46.8654455,5192467.491,453727.6558,5.33376,351.1,TRUE,3.6,496,300
4639,2022/10/8 11:13,131.3931135,46.8655005,5192473.611,453726.9939,5.556,352.2,TRUE,3.6,484,300
4640,2022/10/8 11:13,131.3931002,46.86555483,5192479.659,453726.0266,5.88936,356,TRUE,3.6,491,300
4641,2022/10/8 11:13,131.393087,46.86560633,5192485.392,453725.0644,5.72268,352.2,TRUE,3.6,485,300
4642,2022/10/8 11:13,131.393077,46.86566383,5192491.79,453724.3513,5.8338,351.3,TRUE,3.6,479,300
4643,2022/10/8 11:13,131.3930663,46.86572033,5192498.077,453723.584,5.2782,351,TRUE,3.6,495,300
4644,2022/10/8 11:13,131.3930627,46.865781,5192504.824,453723.3617,5.7412,351.5,TRUE,3.6,496,300
4645,2022/10/8 11:14,131.3930543,46.865831,5192510.387,453722.7642,5.20412,355.6,TRUE,3.6,490,300
4646,2022/10/8 11:14,131.3930468,46.86588167,5192516.024,453722.2359,5.75972,351.3,TRUE,3.6,470,300
4647,2022/10/8 11:14,131.393036,46.86593483,5192521.94,453721.4581,4.94484,355.4,TRUE,3.6,500,300
4648,2022/10/8 11:14,131.3930247,46.86598783,5192527.839,453720.6421,4.9078,351.8,TRUE,3.6,465,300
4649,2022/10/8 11:14,131.3930147,46.86604083,5192533.737,453719.9252,5.48192,356.3,TRUE,3.6,500,300
4650,2022/10/8 11:14,131.39301,46.86609367,5192539.614,453719.6123,5.01892,349.2,TRUE,3.6,500,300
4651,2022/10/8 11:14,131.3929982,46.86614483,5192545.308,453718.7565,5.63008,349.8,TRUE,3.6,480,300
4652,2022/10/8 11:14,131.392988,46.86619167,5192550.521,453718.0191,5.50044,347.5,TRUE,3.6,500,300
4653,2022/10/8 11:14,131.3929797,46.866249,5192556.899,453717.4355,5.42636,348.6,TRUE,3.6,500,300
4654,2022/10/8 11:14,131.392976,46.866302,5192562.793,453717.199,5.33376,352.1,TRUE,3.6,480,300
4655,2022/10/8 11:14,131.3929675,46.8663545,5192568.634,453716.596,5.093,350.6,TRUE,3.6,500,300
4656,2022/10/8 11:14,131.3929602,46.86640917,5192574.716,453716.0864,5.66712,358.1,TRUE,3.6,500,300
4657,2022/10/8 11:14,131.3929443,46.866466,5192581.043,453714.923,5.59304,350.6,TRUE,3.6,500,300
4658,2022/10/8 11:14,131.3929275,46.86652767,5192587.909,453713.6951,5.94492,352.8,TRUE,3.6,500,300
4659,2022/10/8 11:14,131.3929195,46.8665845,5192594.231,453713.134,5.8338,349.8,TRUE,3.6,500,300
4660,2022/10/8 11:15,131.3929125,46.86663983,5192600.386,453712.6478,5.70416,351.1,TRUE,3.6,497,300
4661,2022/10/8 11:15,131.3929037,46.8666965,5192606.691,453712.0256,5.24116,353.2,TRUE,3.6,500,300
4662,2022/10/8 11:15,131.3928942,46.86675133,5192612.792,453711.3484,5.50044,357.3,TRUE,3.6,493,300
4663,2022/10/8 11:15,131.392888,46.86680517,5192618.781,453710.9219,5.35228,355.4,TRUE,3.6,495,300
4664,2022/10/8 11:15,131.3928797,46.8668625,5192625.159,453710.3384,5.87084,351.4,TRUE,3.6,500,300
4665,2022/10/8 11:15,131.3928687,46.86692,5192631.558,453709.5491,5.20412,355.9,TRUE,3.6,500,300
4666,2022/10/8 11:15,131.3928588,46.86697617,5192637.808,453708.8426,5.35228,355.5,TRUE,3.6,500,300
4667,2022/10/8 11:15,131.3928523,46.86702867,5192643.648,453708.3922,5.70416,356.3,TRUE,3.6,479,300
4668,2022/10/8 11:15,131.3928427,46.86708617,5192650.046,453707.7096,5.2782,352.4,TRUE,3.6,500,300
4669,2022/10/8 11:15,131.3928377,46.86713917,5192655.941,453707.374,4.98188,350.6,TRUE,3.6,478,300
4670,2022/10/8 11:15,131.392832,46.86719167,5192661.781,453706.9845,5.24116,350.3,TRUE,3.6,496,300
4671,2022/10/8 11:15,131.39282,46.86724583,5192667.809,453706.1162,5.51896,352.7,TRUE,3.6,469,300
4672,2022/10/8 11:15,131.3928137,46.86729867,5192673.686,453705.6813,5.29672,356,TRUE,3.6,500,300
4673,2022/10/8 11:15,131.3928023,46.86735367,5192679.807,453704.8594,5.1856,355.9,TRUE,3.6,476,300
4674,2022/10/8 11:15,131.3927918,46.8674095,5192686.02,453704.1068,5.31524,349.3,TRUE,3.6,492,300
4675,2022/10/8 11:16,131.3927832,46.867466,5192692.306,453703.4997,5.57452,352.2,TRUE,3.6,500,300
4676,2022/10/8 11:16,131.3927757,46.8675205,5192698.369,453702.9747,5.88936,359.2,TRUE,3.6,500,300
4677,2022/10/8 11:16,131.3927667,46.86757467,5192704.397,453702.3351,6.35236,353.2,TRUE,3.6,494,300
4678,2022/10/8 11:16,131.3927547,46.86762983,5192710.536,453701.4676,5.31524,346.7,TRUE,3.6,500,300
4679,2022/10/8 11:16,131.3927472,46.867684,5192716.562,453700.9424,5.98196,357.9,TRUE,3.6,488,300
4680,2022/10/8 11:16,131.3927378,46.86774067,5192722.867,453700.2744,5.9264,349.9,TRUE,3.6,462,300
4681,2022/10/8 11:16,131.3927272,46.8677985,5192729.303,453699.516,5.42636,353.4,TRUE,3.6,500,300
4682,2022/10/8 11:16,131.3927205,46.86785183,5192735.235,453699.051,5.68564,352.6,TRUE,3.6,488,300
4683,2022/10/8 11:16,131.392712,46.86790617,5192741.281,453698.4497,5.31524,350.2,TRUE,3.6,500,300
4684,2022/10/8 11:16,131.392702,46.86796283,5192747.586,453697.736,6.25976,349,TRUE,3.6,500,300
4685,2022/10/8 11:16,131.3926947,46.868016,5192753.501,453697.2251,5.07448,352.8,TRUE,3.6,500,300
4686,2022/10/8 11:16,131.3926872,46.86807133,5192759.656,453696.7009,5.13004,353.8,TRUE,3.6,500,300
4687,2022/10/8 11:16,131.3926788,46.86812467,5192765.591,453696.1063,5.31524,355.3,TRUE,3.6,492,300
4688,2022/10/8 11:16,131.39267,46.86817967,5192771.71,453695.4827,5.61156,354.3,TRUE,3.6,463,300
4689,2022/10/8 11:16,131.3926603,46.86823467,5192777.83,453694.7904,6.25976,357.1,TRUE,3.6,448,300
4690,2022/10/8 11:17,131.3926557,46.86829017,5192784.003,453694.4874,6.13012,353.6,TRUE,3.6,493,300
4691,2022/10/8 11:17,131.3926493,46.868346,5192790.213,453694.0475,6.019,350.5,TRUE,3.6,496,300
4692,2022/10/8 11:17,131.3926378,46.86840167,5192796.408,453693.2186,5.63008,350.6,TRUE,3.6,500,300
4693,2022/10/8 11:17,131.3926293,46.86845617,5192802.472,453692.6174,5.31524,357.5,TRUE,3.6,454,300
4694,2022/10/8 11:17,131.3926193,46.86851083,5192808.554,453691.902,5.77824,352.2,TRUE,3.6,497,300
4695,2022/10/8 11:17,131.3926112,46.8685665,5192814.748,453691.3323,5.31524,351,TRUE,3.6,484,300
4696,2022/10/8 11:17,131.3926048,46.86862167,5192820.885,453690.8918,5.35228,351.2,TRUE,3.6,500,300
4697,2022/10/8 11:17,131.3925963,46.86867533,5192826.855,453690.2899,5.51896,351.3,TRUE,3.6,500,300
4698,2022/10/8 11:17,131.3925857,46.86873133,5192833.087,453689.5299,5.42636,355.7,TRUE,3.6,500,300
4699,2022/10/8 11:17,131.3925778,46.86878017,5192838.521,453688.9696,5.63008,354.8,TRUE,3.6,493,300
4700,2022/10/8 11:17,131.3925678,46.86883317,5192844.419,453688.2528,5.94492,357.8,TRUE,3.6,500,300
4701,2022/10/8 11:17,131.3925572,46.86888567,5192850.261,453687.4898,5.68564,354.3,TRUE,3.6,500,300
4702,2022/10/8 11:17,131.3925482,46.86894033,5192856.343,453686.8506,5.51896,353.3,TRUE,3.6,500,300
4703,2022/10/8 11:17,131.3925388,46.86899467,5192862.389,453686.1807,5.48192,349.5,TRUE,3.6,478,300
4704,2022/10/8 11:17,131.392531,46.86904767,5192868.286,453685.6316,5.59304,351.9,TRUE,3.6,495,300
4705,2022/10/8 11:18,131.3925252,46.869096,5192873.662,453685.231,6.3894,0.4,TRUE,3.6,500,300
4706,2022/10/8 11:18,131.3925145,46.86915267,5192879.968,453684.4639,5.0004,351.3,TRUE,3.6,440,300
4707,2022/10/8 11:18,131.3925052,46.8692065,5192885.958,453683.8012,5.53748,357.8,TRUE,3.6,500,300
4708,2022/10/8 11:18,131.3924942,46.86926117,5192892.042,453683.0096,5.33376,353.9,TRUE,3.6,485,300
4709,2022/10/8 11:18,131.392486,46.86931833,5192898.401,453682.4336,5.22264,349.6,TRUE,3.6,500,300
4710,2022/10/8 11:18,131.3924762,46.86937383,5192904.577,453681.7342,5.3708,348.2,TRUE,3.6,500,300
4711,2022/10/8 11:18,131.3924648,46.86942183,5192909.919,453680.9063,5.05596,351.7,TRUE,3.6,495,300
4712,2022/10/8 11:18,131.3924538,46.86948167,5192916.578,453680.1191,5.53748,356.7,TRUE,3.6,480,300
4713,2022/10/8 11:18,131.3924442,46.86953833,5192922.883,453679.436,5.90788,353.3,TRUE,3.6,464,300
4714,2022/10/8 11:18,131.3924323,46.86959217,5192928.875,453678.575,4.83372,351.2,TRUE,3.6,451,300
4715,2022/10/8 11:18,131.3924303,46.86964017,5192934.212,453678.4638,5.70416,18.7,TRUE,3.6,479,300
4716,2022/10/8 11:18,131.3924405,46.8696955,5192940.357,453679.2891,4.85224,24.3,FALSE,3.6,0,300
4717,2022/10/8 11:18,131.3924912,46.8697305,5192944.218,453683.1846,4.55592,66.2,FALSE,3.6,0,300
4718,2022/10/8 11:18,131.3925707,46.86974433,5192945.709,453689.2576,5.63008,89.5,FALSE,3.6,0,300
4719,2022/10/8 11:18,131.3926507,46.86972833,5192943.883,453695.3431,3.66696,108.6,TRUE,3.6,79,300
4720,2022/10/8 11:19,131.3927013,46.86969033,5192939.629,453699.1682,5.31524,149.6,FALSE,3.6,0,300
4721,2022/10/8 11:19,131.3927168,46.86964367,5192934.432,453700.3098,5.31524,168.6,FALSE,3.6,0,300
4722,2022/10/8 11:19,131.3927165,46.86960633,5192930.281,453700.2548,4.64852,178.4,TRUE,3.6,486,300
4723,2022/10/8 11:19,131.3927287,46.86955633,5192924.716,453701.1419,5.03744,170.8,TRUE,3.6,485,300
4724,2022/10/8 11:19,131.3927322,46.86949483,5192917.877,453701.3559,5.77824,175.1,TRUE,3.6,500,300
4725,2022/10/8 11:19,131.3927385,46.86944367,5192912.186,453701.7922,5.29672,173.6,TRUE,3.6,500,300
4726,2022/10/8 11:19,131.3927457,46.869383,5192905.437,453702.289,5.94492,170.4,TRUE,3.6,492,300
4727,2022/10/8 11:19,131.3927542,46.86931883,5192898.298,453702.8818,5.85232,178.3,TRUE,3.6,455,300
4728,2022/10/8 11:19,131.392766,46.86926067,5192891.826,453703.7315,6.05604,172.1,TRUE,3.6,500,300
4729,2022/10/8 11:19,131.3927733,46.86920317,5192885.43,453704.2386,5.16708,176.1,TRUE,3.6,483,300
4730,2022/10/8 11:19,131.392791,46.86914383,5192878.822,453705.537,5.88936,174.4,TRUE,3.6,500,300
4731,2022/10/8 11:19,131.3928027,46.86908783,5192872.59,453706.3809,6.44496,181.6,TRUE,3.6,458,300
4732,2022/10/8 11:19,131.3928087,46.86901883,5192864.916,453706.779,5.66712,181.3,TRUE,3.6,480,300
4733,2022/10/8 11:19,131.3928155,46.86896017,5192858.391,453707.247,5.38932,172.6,TRUE,3.6,476,300
4734,2022/10/8 11:19,131.3928305,46.8689065,5192852.416,453708.3445,5.98196,174.8,TRUE,3.6,500,300
4735,2022/10/8 11:20,131.3928343,46.8688505,5192846.188,453708.5861,5.72268,175,TRUE,3.6,469,300
4736,2022/10/8 11:20,131.392842,46.86879317,5192839.81,453709.1239,5.87084,175.6,TRUE,3.6,458,300
4737,2022/10/8 11:20,131.392846,46.868734,5192833.23,453709.3779,6.22272,174.7,TRUE,3.6,462,300
4738,2022/10/8 11:20,131.3928622,46.86867667,5192826.847,453710.5638,6.61164,173.5,TRUE,3.6,480,300
4739,2022/10/8 11:20,131.3928718,46.86861733,5192820.245,453711.2447,5.75972,172.3,TRUE,3.6,465,300
4740,2022/10/8 11:20,131.3928792,46.868559,5192813.756,453711.7587,5.53748,178,TRUE,3.6,500,300
4741,2022/10/8 11:20,131.3928973,46.8685025,5192807.464,453713.0901,6.019,178.1,TRUE,3.6,456,300
4742,2022/10/8 11:20,131.3929105,46.8684475,5192801.342,453714.0493,6.79684,179.6,TRUE,3.6,492,300
4743,2022/10/8 11:20,131.3929233,46.86838817,5192794.739,453714.9742,6.14864,176.5,TRUE,3.6,500,300
4744,2022/10/8 11:20,131.3929302,46.86833367,5192788.677,453715.4534,6.09308,170.2,TRUE,3.6,500,300
4745,2022/10/8 11:20,131.39294,46.8682775,5192782.426,453716.1523,6.1116,177.8,TRUE,3.6,461,300
4746,2022/10/8 11:20,131.3929425,46.86821817,5192775.829,453716.2919,5.4634,173.9,TRUE,3.6,482,300
4747,2022/10/8 11:20,131.3929485,46.8681595,5192769.304,453716.6989,5.94492,178.2,TRUE,3.6,456,300
4748,2022/10/8 11:20,131.3929573,46.8681025,5192762.962,453717.3208,6.27828,175.5,TRUE,3.6,461,300
4749,2022/10/8 11:20,131.3929648,46.86803667,5192755.639,453717.8361,5.68564,180.5,TRUE,3.6,500,300
4750,2022/10/8 11:21,131.3929747,46.867974,5192748.667,453718.537,6.14864,178.1,TRUE,3.6,500,300
4751,2022/10/8 11:21,131.3929858,46.86792267,5192742.954,453719.3392,6.18568,179.4,TRUE,3.6,500,300
4752,2022/10/8 11:21,131.3929932,46.8678605,5192736.038,453719.8499,6.09308,177.7,TRUE,3.6,500,300
4753,2022/10/8 11:21,131.3929933,46.8677955,5192728.812,453719.8017,6.13012,179.7,TRUE,3.6,499,300
4754,2022/10/8 11:21,131.3930047,46.86773567,5192722.154,453720.6194,5.70416,165.1,TRUE,3.6,497,300
4755,2022/10/8 11:21,131.393013,46.867678,5192715.738,453721.2027,5.68564,181.7,TRUE,3.6,492,300
4756,2022/10/8 11:21,131.3930292,46.86761733,5192708.984,453722.3857,5.81528,176.6,TRUE,3.6,480,300
4757,2022/10/8 11:21,131.3930422,46.8675625,5192702.881,453723.3297,6.00048,176.4,TRUE,3.6,495,300
4758,2022/10/8 11:21,131.3930455,46.867509,5192696.932,453723.5354,5.24116,175.6,TRUE,3.6,459,300
4759,2022/10/8 11:21,131.3930588,46.86745283,5192690.68,453724.5011,5.48192,173.4,TRUE,3.6,454,300
4760,2022/10/8 11:21,131.3930722,46.86740167,5192684.984,453725.4788,5.13004,181.6,TRUE,3.6,484,300
4761,2022/10/8 11:21,131.393081,46.86734717,5192678.921,453726.1029,5.556,173.1,TRUE,3.6,473,300
4762,2022/10/8 11:21,131.3930868,46.86728733,5192672.265,453726.4937,5.33376,176,TRUE,3.6,444,300
4763,2022/10/8 11:21,131.3930923,46.8672275,5192665.61,453726.8616,5.59304,178.5,TRUE,3.6,447,300
4764,2022/10/8 11:21,131.3931,46.86716483,5192658.639,453727.3949,5.11152,177.1,TRUE,3.6,475,300
4765,2022/10/8 11:22,131.3931135,46.867107,5192652.202,453728.3745,5.51896,178.5,TRUE,3.6,500,300
4766,2022/10/8 11:22,131.3931272,46.8670525,5192646.135,453729.3722,5.35228,179.9,TRUE,3.6,476,300
4767,2022/10/8 11:22,131.3931295,46.86698967,5192639.149,453729.4935,5.53748,181.4,TRUE,3.6,487,300
4768,2022/10/8 11:22,131.3931378,46.86692967,5192632.474,453730.0748,5.81528,178,TRUE,3.6,428,300
4769,2022/10/8 11:22,131.3931492,46.86687117,5192625.964,453730.8937,5.33376,171.2,TRUE,3.6,487,300
4770,2022/10/8 11:22,131.3931668,46.86681033,5192619.191,453732.1833,5.75972,171.9,TRUE,3.6,495,300
4771,2022/10/8 11:22,131.3931773,46.86675717,5192613.275,453732.9382,5.87084,176.9,TRUE,3.6,472,300
4772,2022/10/8 11:22,131.3931872,46.8666995,5192606.858,453733.6435,5.81528,173.4,TRUE,3.6,480,300
4773,2022/10/8 11:22,131.3932025,46.866631,5192599.234,453734.7512,5.77824,178.3,TRUE,3.6,494,300
4774,2022/10/8 11:22,131.3932147,46.86656483,5192591.871,453735.6245,5.79676,179.5,TRUE,3.6,478,300
4775,2022/10/8 11:22,131.3932228,46.8665005,5192584.714,453736.1868,5.40784,171.9,TRUE,3.6,489,300
4776,2022/10/8 11:22,131.393232,46.86644167,5192578.169,453736.8378,5.8338,177.4,TRUE,3.6,440,300
4777,2022/10/8 11:22,131.3932423,46.86637967,5192571.271,453737.5698,5.75972,173.7,TRUE,3.6,454,300
4778,2022/10/8 11:22,131.3932542,46.8663215,5192564.797,453738.4271,5.77824,181.2,TRUE,3.6,500,300
4779,2022/10/8 11:22,131.3932568,46.86626067,5192558.033,453738.5731,5.85232,179,TRUE,3.6,487,300
4780,2022/10/8 11:23,131.3932652,46.8662035,5192551.673,453739.1645,5.90788,179.9,TRUE,3.6,468,300
4781,2022/10/8 11:23,131.393274,46.86614617,5192545.294,453739.7862,5.4634,177.7,TRUE,3.6,492,300
4782,2022/10/8 11:23,131.393276,46.86608717,5192538.734,453739.888,5.85232,172.2,TRUE,3.6,459,300
4783,2022/10/8 11:23,131.3932875,46.86602583,5192531.908,453740.7121,5.96344,175.4,TRUE,3.6,471,300
4784,2022/10/8 11:23,131.3932943,46.86596317,5192524.939,453741.1768,5.22264,174.8,TRUE,3.6,458,300
4785,2022/10/8 11:23,131.393304,46.865905,5192518.466,453741.8664,5.81528,177.7,TRUE,3.6,466,300
4786,2022/10/8 11:23,131.3933133,46.86584583,5192511.883,453742.5246,5.7412,177.3,TRUE,3.6,428,300
4787,2022/10/8 11:23,131.3933188,46.86578817,5192505.47,453742.8944,5.8338,172.6,TRUE,3.6,462,300
4788,2022/10/8 11:23,131.3933228,46.86572717,5192498.686,453743.147,6.16716,175.8,TRUE,3.6,456,300
4789,2022/10/8 11:23,131.393339,46.8656705,5192492.377,453744.3335,5.25968,178.9,TRUE,3.6,453,300
4790,2022/10/8 11:23,131.3933458,46.86561767,5192486.5,453744.8066,5.44488,172.1,TRUE,3.6,452,300
4791,2022/10/8 11:23,131.3933573,46.86556267,5192480.379,453745.6362,5.68564,173.6,TRUE,3.6,456,300
4792,2022/10/8 11:23,131.393362,46.865506,5192474.076,453745.9459,5.7412,175.6,TRUE,3.6,494,300
4793,2022/10/8 11:23,131.3933767,46.86545,5192467.842,453747.0186,5.13004,175.3,TRUE,3.6,461,300
4794,2022/10/8 11:23,131.393392,46.86538633,5192460.755,453748.1305,5.72268,173.6,TRUE,3.6,472,300
4795,2022/10/8 11:24,131.3934083,46.86532167,5192453.557,453749.3178,6.1116,173,TRUE,3.6,451,300
4796,2022/10/8 11:24,131.3934197,46.86525733,5192446.398,453750.1317,5.72268,175.7,TRUE,3.6,488,300
4797,2022/10/8 11:24,131.3934267,46.865194,5192439.354,453750.6111,5.77824,175.7,TRUE,3.6,486,300
4798,2022/10/8 11:24,131.3934402,46.865131,5192432.342,453751.5863,6.61164,172.5,TRUE,3.6,500,300
4799,2022/10/8 11:24,131.39345,46.86507217,5192425.796,453752.283,6.03752,171.4,TRUE,3.6,492,300
4800,2022/10/8 11:24,131.3934632,46.865012,5192419.1,453753.2378,5.48192,172.8,TRUE,3.6,494,300
4801,2022/10/8 11:24,131.3934682,46.864956,5192412.871,453753.5709,5.4634,176.4,TRUE,3.6,468,300
4802,2022/10/8 11:24,131.3934697,46.8648965,5192406.256,453753.6342,5.53748,171.4,TRUE,3.6,466,300
4803,2022/10/8 11:24,131.393484,46.86484083,5192400.059,453754.6767,5.57452,177.5,TRUE,3.6,492,300
4804,2022/10/8 11:24,131.3934982,46.8647765,5192392.899,453755.7042,5.9264,176.6,TRUE,3.6,500,300
4805,2022/10/8 11:24,131.3935008,46.86471733,5192386.32,453755.8516,6.00048,175.4,TRUE,3.6,467,300
4806,2022/10/8 11:24,131.3935075,46.864658,5192379.72,453756.3115,5.85232,178.3,TRUE,3.6,491,300
4807,2022/10/8 11:24,131.3935175,46.86459583,5192372.803,453757.0206,5.4634,176.2,TRUE,3.6,449,300
4808,2022/10/8 11:24,131.3935318,46.86453583,5192366.124,453758.0594,5.88936,179.2,TRUE,3.6,500,300
4809,2022/10/8 11:24,131.393545,46.8644715,5192358.965,453759.0106,5.8338,177.5,TRUE,3.6,463,300
4810,2022/10/8 11:25,131.393556,46.86441283,5192352.436,453759.799,6.2042,175.6,TRUE,3.6,458,300
4811,2022/10/8 11:25,131.3935683,46.864352,5192345.667,453760.6846,5.75972,175.5,TRUE,3.6,487,300
4812,2022/10/8 11:25,131.3935807,46.86428983,5192338.748,453761.5767,6.37088,169.7,TRUE,3.6,495,300
4813,2022/10/8 11:25,131.3935915,46.86422667,5192331.721,453762.346,6.25976,173.4,TRUE,3.6,495,300
4814,2022/10/8 11:25,131.3936035,46.86416533,5192324.894,453763.2083,5.59304,174.4,TRUE,3.6,465,300
4815,2022/10/8 11:25,131.3936055,46.8641075,5192318.464,453763.3111,5.50044,174.2,TRUE,3.6,465,300
4816,2022/10/8 11:25,131.3936135,46.86405167,5192312.253,453763.8732,5.87084,179.6,TRUE,3.6,442,300
4817,2022/10/8 11:25,131.393613,46.86398867,5192305.25,453763.7809,5.70416,180.2,TRUE,3.6,472,300
4818,2022/10/8 11:25,131.3936147,46.86392983,5192298.708,453763.86,6.22272,175.1,TRUE,3.6,486,300
4819,2022/10/8 11:25,131.3936283,46.86387033,5192292.085,453764.8459,6.482,179.3,TRUE,3.6,451,300
4820,2022/10/8 11:25,131.3936447,46.86381433,5192285.85,453766.0483,6.09308,177.8,TRUE,3.6,488,300
4821,2022/10/8 11:25,131.3936648,46.863754,5192279.132,453767.5292,6.31532,177.5,TRUE,3.6,451,300
4822,2022/10/8 11:25,131.3936737,46.86368917,5192271.919,453768.1521,6.019,177.5,TRUE,3.6,500,300
4823,2022/10/8 11:25,131.393683,46.863628,5192265.114,453768.8087,6.1116,177.5,TRUE,3.6,429,300
4824,2022/10/8 11:25,131.3936868,46.8635695,5192258.608,453769.0482,5.81528,173.8,TRUE,3.6,474,300
4825,2022/10/8 11:26,131.3936865,46.8635075,5192251.716,453768.9721,5.61156,177,TRUE,3.6,485,300
4826,2022/10/8 11:26,131.3936948,46.86345033,5192245.356,453769.5559,6.09308,176,TRUE,3.6,462,300
4827,2022/10/8 11:26,131.3936992,46.863389,5192238.535,453769.8388,6.05604,176.4,TRUE,3.6,483,300
4828,2022/10/8 11:26,131.3937102,46.8633255,5192231.47,453770.623,5.66712,176.5,TRUE,3.6,460,300
4829,2022/10/8 11:26,131.3937158,46.86326667,5192224.926,453770.9995,5.81528,174.9,TRUE,3.6,497,300
4830,2022/10/8 11:26,131.393729,46.86321333,5192218.989,453771.9602,5.31524,175.4,TRUE,3.6,479,300
4831,2022/10/8 11:26,131.3937357,46.8631575,5192212.778,453772.4232,5.70416,179.9,TRUE,3.6,500,300
4832,2022/10/8 11:26,131.3937515,46.863102,5192206.599,453773.5803,6.24124,177.3,TRUE,3.6,490,300
4833,2022/10/8 11:26,131.3937605,46.86304167,5192199.887,453774.2147,6.019,174.8,TRUE,3.6,495,300
4834,2022/10/8 11:26,131.3937715,46.86297633,5192192.617,453774.9974,5.9264,174.8,TRUE,3.6,494,300
4835,2022/10/8 11:26,131.3937842,46.86291567,5192185.866,453775.9137,6.1116,169.5,TRUE,3.6,454,300
4836,2022/10/8 11:26,131.3938037,46.86285933,5192179.591,453777.3522,5.40784,180.2,TRUE,3.6,478,300
4837,2022/10/8 11:26,131.393814,46.862801,5192173.101,453778.0875,5.88936,179.4,TRUE,3.6,500,300
4838,2022/10/8 11:26,131.3938172,46.8627375,5192166.04,453778.277,6.00048,175.7,TRUE,3.6,487,300
4839,2022/10/8 11:26,131.3938292,46.86268183,5192159.844,453779.1442,5.87084,171.5,TRUE,3.6,492,300
4840,2022/10/8 11:27,131.3938353,46.86262317,5192153.319,453779.559,5.44488,173.4,TRUE,3.6,472,300
4841,2022/10/8 11:27,131.3938427,46.8625645,5192146.793,453780.0729,5.94492,171,TRUE,3.6,465,300
4842,2022/10/8 11:27,131.3938487,46.86250133,5192139.767,453780.4762,5.33376,171.6,TRUE,3.6,458,300
4843,2022/10/8 11:27,131.3938667,46.8624405,5192132.994,453781.7965,5.51896,169.8,TRUE,3.6,480,300
4844,2022/10/8 11:27,131.3938683,46.8623785,5192126.101,453781.8653,5.25968,175.6,TRUE,3.6,455,300
4845,2022/10/8 11:27,131.3938747,46.862315,5192119.038,453782.2988,6.09308,172.8,TRUE,3.6,482,300
4846,2022/10/8 11:27,131.3938893,46.86225417,5192112.267,453783.3599,5.94492,174.1,TRUE,3.6,498,300
4847,2022/10/8 11:27,131.3938967,46.86219217,5192105.37,453783.8709,5.20412,175.5,TRUE,3.6,500,300
4848,2022/10/8 11:27,131.393911,46.86213033,5192098.487,453784.9083,4.94484,178.7,TRUE,3.6,442,300
4849,2022/10/8 11:27,131.3939238,46.86207117,5192091.903,453785.8335,5.61156,185.1,TRUE,3.6,482,300
4850,2022/10/8 11:27,131.393935,46.86201617,5192085.782,453786.6403,4.94484,164.6,TRUE,3.6,378,300
4851,2022/10/8 11:27,131.3939228,46.86195717,5192079.23,453785.6594,5.53748,217,FALSE,3.6,0,300
4852,2022/10/8 11:27,131.3938367,46.86193333,5192076.631,453779.0737,6.51904,255.6,FALSE,3.6,0,300
4853,2022/10/8 11:27,131.3937565,46.8619335,5192076.697,453772.9585,5.1856,296.3,FALSE,3.6,0,300
4854,2022/10/8 11:27,131.3937117,46.861971,5192080.892,453769.5746,6.70424,342.7,FALSE,3.6,0,300
4855,2022/10/8 11:28,131.3937292,46.86203067,5192087.515,453770.9603,7.20428,352.9,TRUE,3.6,205,300
4856,2022/10/8 11:28,131.393714,46.8620985,5192095.065,453769.8595,6.40792,348,TRUE,3.6,498,300
4857,2022/10/8 11:28,131.3936975,46.86215367,5192101.207,453768.6487,5.61156,353.8,TRUE,3.6,479,300
4858,2022/10/8 11:28,131.3936863,46.86220733,5192107.179,453767.8407,5.90788,351,TRUE,3.6,494,300
4859,2022/10/8 11:28,131.39369,46.86225683,5192112.68,453768.1654,6.63016,352.8,TRUE,3.6,492,300
4860,2022/10/8 11:28,131.393677,46.86231217,5192118.84,453767.2216,6.16716,0.2,TRUE,3.6,491,300
4861,2022/10/8 11:28,131.3936817,46.8623635,5192124.543,453767.624,0,355.8,FALSE,3.6,0,300
4862,2022/10/8 11:28,131.39368,46.86236067,5192124.229,453767.492,0,0,FALSE,3.6,0,300
4863,2022/10/8 11:28,131.3936783,46.86236017,5192124.175,453767.3619,0,0,FALSE,3.6,0,300
4864,2022/10/8 11:28,131.3936777,46.8623495,5192122.989,453767.307,3.40768,179.2,FALSE,3.6,0,300
4865,2022/10/8 11:28,131.3936777,46.862295,5192116.93,453767.2602,3.241,170.5,TRUE,3.6,124,300
4866,2022/10/8 11:28,131.3936865,46.86226067,5192113.109,453767.9018,0,180.5,FALSE,3.6,0,300
4867,2022/10/8 11:28,131.3936878,46.86226217,5192113.275,453768.0022,0,0,FALSE,3.6,0,300
4868,2022/10/8 11:28,131.393688,46.862264,5192113.478,453768.019,5.14856,355.4,TRUE,3.6,110,300
4869,2022/10/8 11:28,131.3936782,46.8623215,5192119.876,453767.3211,5.16708,350.7,FALSE,3.6,0,300
4870,2022/10/8 11:29,131.393682,46.86234633,5192122.634,453767.6322,0,16.7,FALSE,3.6,0,300
4871,2022/10/8 11:29,131.3936848,46.86233417,5192121.281,453767.8352,4.31516,173.5,FALSE,3.6,0,300
4872,2022/10/8 11:29,131.3936923,46.862283,5192115.588,453768.3632,4.24108,175.6,FALSE,3.6,0,300
4873,2022/10/8 11:29,131.3936948,46.86225633,5192112.621,453768.5309,0,172.1,FALSE,3.6,0,300
4874,2022/10/8 11:29,131.3936935,46.86225717,5192112.716,453768.4325,0,0,FALSE,3.6,0,300
4875,2022/10/8 11:29,131.3936963,46.86225733,5192112.732,453768.6462,4.24108,354.8,TRUE,3.6,485,300
4876,2022/10/8 11:29,131.3936882,46.8623125,5192118.87,453768.0759,5.59304,355.2,TRUE,3.6,500,300
4877,2022/10/8 11:29,131.3936773,46.86237183,5192125.472,453767.2957,4.48184,351.8,TRUE,3.6,484,300
4878,2022/10/8 11:29,131.3936697,46.86242633,5192131.535,453766.763,6.05604,355.1,TRUE,3.6,496,300
4879,2022/10/8 11:29,131.3936515,46.86249083,5192138.716,453765.4306,6.07456,353.9,TRUE,3.6,498,300
4880,2022/10/8 11:29,131.3936297,46.862558,5192146.196,453763.826,6.2042,354.6,TRUE,3.6,478,300
4881,2022/10/8 11:29,131.3936162,46.86262,5192153.096,453762.8498,6.13012,352.1,TRUE,3.6,500,300
4882,2022/10/8 11:29,131.3936045,46.862681,5192159.884,453762.0101,6.03752,354.8,TRUE,3.6,500,300
4883,2022/10/8 11:29,131.3936003,46.86273983,5192166.427,453761.7403,6.40792,355.5,TRUE,3.6,488,300
4884,2022/10/8 11:29,131.3935938,46.86279483,5192172.545,453761.2919,6.03752,351.5,TRUE,3.6,492,300
4885,2022/10/8 11:30,131.3935855,46.86284967,5192178.646,453760.7061,6.2042,351.9,TRUE,3.6,500,300
4886,2022/10/8 11:30,131.3935727,46.862905,5192184.805,453759.7776,5.57452,356.7,TRUE,3.6,500,300
4887,2022/10/8 11:30,131.3935633,46.8629625,5192191.202,453759.1103,5.96344,355,TRUE,3.6,487,300
4888,2022/10/8 11:30,131.3935542,46.863019,5192197.489,453758.4649,6.019,355.1,TRUE,3.6,500,300
4889,2022/10/8 11:30,131.3935463,46.8630755,5192203.774,453757.9111,5.96344,357.2,TRUE,3.6,492,300
4890,2022/10/8 11:30,131.3935365,46.86313217,5192210.08,453757.2125,6.33384,351.7,TRUE,3.6,491,300
4891,2022/10/8 11:30,131.3935258,46.8631885,5192216.348,453756.445,5.61156,354.7,TRUE,3.6,500,300
4892,2022/10/8 11:30,131.3935163,46.8632405,5192222.135,453755.7652,6.35236,355.5,TRUE,3.6,495,300
4893,2022/10/8 11:30,131.3935067,46.863302,5192228.977,453755.0861,5.88936,354.1,TRUE,3.6,471,300
4894,2022/10/8 11:30,131.3934987,46.86335633,5192235.021,453754.5227,5.48192,355,TRUE,3.6,494,300
4895,2022/10/8 11:30,131.3934875,46.86341317,5192241.347,453753.7175,5.87084,355.9,TRUE,3.6,500,300
4896,2022/10/8 11:30,131.3934792,46.8634705,5192247.725,453753.1339,5.9264,0.1,TRUE,3.6,500,300
4897,2022/10/8 11:30,131.3934722,46.8635295,5192254.288,453752.6508,6.5746,355.3,TRUE,3.6,496,300
4898,2022/10/8 11:30,131.3934633,46.8635865,5192260.63,453752.0212,5.7412,356.2,TRUE,3.6,477,300
4899,2022/10/8 11:30,131.3934567,46.86364433,5192267.063,453751.5676,6.31532,353.9,TRUE,3.6,467,300
4900,2022/10/8 11:31,131.393453,46.86370167,5192273.439,453751.3347,6.37088,352.5,TRUE,3.6,500,300
4901,2022/10/8 11:31,131.3934483,46.86376267,5192280.223,453751.0287,6.1116,353.2,TRUE,3.6,489,300
4902,2022/10/8 11:31,131.3934342,46.86382483,5192287.142,453750.007,6.25976,356.2,TRUE,3.6,429,300
4903,2022/10/8 11:31,131.393427,46.86388333,5192293.649,453749.5083,6.2968,351.5,TRUE,3.6,499,300
4904,2022/10/8 11:31,131.393417,46.863941,5192300.066,453748.7953,5.8338,357.8,TRUE,3.6,452,300
4905,2022/10/8 11:31,131.3934083,46.86399283,5192305.833,453748.1764,5.44488,359.2,TRUE,3.6,413,300
4906,2022/10/8 11:31,131.3934015,46.86405317,5192312.545,453747.7098,5.75972,352.4,TRUE,3.6,467,300
4907,2022/10/8 11:31,131.3933957,46.86410917,5192318.774,453747.3156,6.24124,356.2,TRUE,3.6,457,300
4908,2022/10/8 11:31,131.3933825,46.864172,5192325.766,453746.3631,6.1116,354.5,TRUE,3.6,479,300
4909,2022/10/8 11:31,131.3933663,46.86423283,5192332.538,453745.1802,6.40792,354,TRUE,3.6,470,300
4910,2022/10/8 11:31,131.3933592,46.86429133,5192339.046,453744.689,5.66712,354.5,TRUE,3.6,493,300
4911,2022/10/8 11:31,131.3933538,46.86435383,5192345.997,453744.331,6.09308,352.8,TRUE,3.6,489,300
4912,2022/10/8 11:31,131.3933433,46.864418,5192353.137,453743.5855,6.25976,357,TRUE,3.6,492,300
4913,2022/10/8 11:31,131.3933313,46.864476,5192359.591,453742.7204,5.98196,356.5,TRUE,3.6,495,300
4914,2022/10/8 11:31,131.3933235,46.864535,5192366.155,453742.1763,6.44496,355.5,TRUE,3.6,484,300
4915,2022/10/8 11:32,131.393313,46.86459517,5192372.85,453741.4274,6.35236,355.6,TRUE,3.6,465,300
4916,2022/10/8 11:32,131.393299,46.8646515,5192379.12,453740.4083,6.1116,357.7,TRUE,3.6,480,300
4917,2022/10/8 11:32,131.3932883,46.86470767,5192385.371,453739.6407,6.16716,354.2,TRUE,3.6,446,300
4918,2022/10/8 11:32,131.3932827,46.86477367,5192392.711,453739.2704,6.18568,355.2,TRUE,3.6,488,300
4919,2022/10/8 11:32,131.393276,46.8648365,5192399.7,453738.8135,6.27828,351.8,TRUE,3.6,480,300
4920,2022/10/8 11:32,131.3932637,46.86489517,5192406.229,453737.9261,6.18568,355.9,TRUE,3.6,474,300
4921,2022/10/8 11:32,131.3932538,46.864955,5192412.886,453737.2227,6.05604,354.5,TRUE,3.6,468,300
4922,2022/10/8 11:32,131.3932435,46.86501667,5192419.748,453736.4903,6.07456,353,TRUE,3.6,471,300
4923,2022/10/8 11:32,131.393235,46.8650745,5192426.182,453735.8919,5.90788,350.3,TRUE,3.6,420,300
4924,2022/10/8 11:32,131.393224,46.86513383,5192432.784,453735.1041,5.75972,355.9,TRUE,3.6,467,300
4925,2022/10/8 11:32,131.3932123,46.86519283,5192439.35,453734.2627,6.2968,356.1,TRUE,3.6,392,300
4926,2022/10/8 11:32,131.393203,46.865252,5192445.933,453733.6045,5.63008,351.2,TRUE,3.6,420,300
4927,2022/10/8 11:32,131.393196,46.86531117,5192452.515,453733.1216,6.53756,355,TRUE,3.6,497,300
4928,2022/10/8 11:32,131.3931868,46.86537567,5192459.691,453732.4755,6.2042,356.4,TRUE,3.6,500,300
4929,2022/10/8 11:32,131.3931768,46.86543983,5192466.829,453731.7682,6.77832,355.4,TRUE,3.6,497,300
4930,2022/10/8 11:33,131.3931672,46.8654995,5192473.468,453731.0875,6.019,354.2,TRUE,3.6,495,300
4931,2022/10/8 11:33,131.3931617,46.865559,5192480.086,453730.7193,6.44496,356.5,TRUE,3.6,459,300
4932,2022/10/8 11:33,131.3931588,46.86561833,5192486.683,453730.5491,5.85232,353.6,TRUE,3.6,473,300
4933,2022/10/8 11:33,131.3931445,46.86567317,5192492.788,453729.506,6.81536,351.7,TRUE,3.6,445,300
4934,2022/10/8 11:33,131.393139,46.865733,5192499.443,453729.138,6.25976,350,TRUE,3.6,490,300
4935,2022/10/8 11:33,131.3931225,46.86579317,5192506.141,453727.9317,6.09308,356.6,TRUE,3.6,467,300
4936,2022/10/8 11:33,131.3931165,46.8658505,5192512.518,453727.5234,6.05604,358.3,TRUE,3.6,500,300
4937,2022/10/8 11:33,131.3931023,46.86591033,5192519.178,453726.4922,6.33384,352.6,TRUE,3.6,434,300
4938,2022/10/8 11:33,131.3930883,46.86596883,5192525.689,453725.475,6.53756,356.6,TRUE,3.6,496,300
4939,2022/10/8 11:33,131.3930792,46.86602733,5192532.198,453724.8314,6.59312,0.1,TRUE,3.6,498,300
4940,2022/10/8 11:33,131.393076,46.866084,5192538.5,453724.6361,6.40792,352.4,TRUE,3.6,455,300
4941,2022/10/8 11:33,131.3930603,46.86614383,5192545.16,453723.4905,5.87084,359.6,TRUE,3.6,481,300
4942,2022/10/8 11:33,131.3930468,46.866203,5192551.746,453722.5121,5.96344,355.3,TRUE,3.6,427,300
4943,2022/10/8 11:33,131.3930357,46.86626183,5192558.292,453721.7163,6.44496,357.1,TRUE,3.6,475,300
4944,2022/10/8 11:33,131.3930307,46.86632217,5192565.003,453721.3869,6.482,357.8,TRUE,3.6,500,300
4945,2022/10/8 11:34,131.3930238,46.866382,5192571.658,453720.9122,5.29672,353.3,TRUE,3.6,452,300
4946,2022/10/8 11:34,131.3930117,46.86643767,5192577.854,453720.0375,6.019,351.8,TRUE,3.6,449,300
4947,2022/10/8 11:34,131.3930017,46.86649717,5192584.475,453719.3262,6.83388,356.1,TRUE,3.6,477,300
4948,2022/10/8 11:34,131.3929967,46.866555,5192590.906,453718.9947,6.24124,354.6,TRUE,3.6,495,300
4949,2022/10/8 11:34,131.3929842,46.866617,5192597.806,453718.0949,7.14872,355.1,TRUE,3.6,412,300
4950,2022/10/8 11:34,131.3929782,46.86667833,5192604.628,453717.6902,5.57452,355.9,TRUE,3.6,409,300
4951,2022/10/8 11:34,131.3929655,46.8667355,5192610.991,453716.771,6.27828,356.4,TRUE,3.6,483,300
4952,2022/10/8 11:34,131.3929505,46.86679383,5192617.484,453715.6775,5.7412,353,TRUE,3.6,458,300
4953,2022/10/8 11:34,131.3929458,46.86685033,5192623.768,453715.3677,6.019,351.8,TRUE,3.6,476,300
4954,2022/10/8 11:34,131.3929377,46.866913,5192630.739,453714.804,6.1116,351.8,TRUE,3.6,488,300
4955,2022/10/8 11:34,131.392924,46.86696967,5192637.047,453713.8082,5.94492,353.2,TRUE,3.6,488,300
4956,2022/10/8 11:34,131.392912,46.867029,5192643.65,453712.9442,6.37088,354.3,TRUE,3.6,474,300
4957,2022/10/8 11:34,131.3929002,46.8670865,5192650.049,453712.094,5.98196,351.9,TRUE,3.6,495,300
4958,2022/10/8 11:34,131.3928915,46.86714717,5192656.799,453711.4828,5.77824,352.5,TRUE,3.6,500,300
4959,2022/10/8 11:34,131.3928803,46.86720933,5192663.715,453710.6823,6.37088,357.9,TRUE,3.6,468,300
4960,2022/10/8 11:35,131.39288,46.86727067,5192670.535,453710.7122,6.6672,352.3,TRUE,3.6,463,300
4961,2022/10/8 11:35,131.392873,46.86732733,5192676.838,453710.2272,5.7412,348.6,TRUE,3.6,488,300
4962,2022/10/8 11:35,131.3928642,46.867379,5192682.587,453709.6006,5.38932,358.8,TRUE,3.6,439,300
4963,2022/10/8 11:35,131.3928518,46.867435,5192688.82,453708.7034,5.1856,356,TRUE,3.6,496,300
4964,2022/10/8 11:35,131.3928412,46.86749383,5192695.366,453707.9458,5.96344,356.7,TRUE,3.6,464,300
4965,2022/10/8 11:35,131.392827,46.867554,5192702.063,453706.9148,6.24124,354.1,TRUE,3.6,492,300
4966,2022/10/8 11:35,131.3928135,46.86760733,5192708,453705.9314,5.9264,0.2,TRUE,3.6,442,300
4967,2022/10/8 11:35,131.3928045,46.86766533,5192714.453,453705.2951,5.85232,353.5,TRUE,3.6,492,300
4968,2022/10/8 11:35,131.3927937,46.8677215,5192720.703,453704.5199,6.07456,358.3,TRUE,3.6,489,300
4969,2022/10/8 11:35,131.3927875,46.86778383,5192727.636,453704.1008,5.90788,358.5,TRUE,3.6,468,300
4970,2022/10/8 11:35,131.3927802,46.86783817,5192733.681,453703.591,6.25976,356.6,TRUE,3.6,498,300
4971,2022/10/8 11:35,131.392773,46.86789633,5192740.151,453703.092,5.94492,358.9,TRUE,3.6,442,300
4972,2022/10/8 11:35,131.3927643,46.8679555,5192746.734,453702.4796,6.13012,356.5,TRUE,3.6,453,300
4973,2022/10/8 11:35,131.3927593,46.868015,5192753.351,453702.1495,5.88936,356.2,TRUE,3.6,500,300
4974,2022/10/8 11:35,131.3927437,46.8680735,5192759.864,453701.0105,6.05604,356.1,TRUE,3.6,441,300
4975,2022/10/8 11:36,131.3927335,46.86813817,5192767.059,453700.2884,5.48192,350.9,TRUE,3.6,484,300
4976,2022/10/8 11:36,131.3927267,46.86819517,5192773.4,453699.819,6.05604,354.5,TRUE,3.6,477,300
4977,2022/10/8 11:36,131.392722,46.86825683,5192780.257,453699.5136,5.90788,352.2,TRUE,3.6,461,300
4978,2022/10/8 11:36,131.3927085,46.86831083,5192786.268,453698.5308,6.27828,353.2,TRUE,3.6,484,300
4979,2022/10/8 11:36,131.392695,46.86836767,5192792.595,453697.5504,5.87084,348.5,TRUE,3.6,453,300
4980,2022/10/8 11:36,131.392684,46.8684255,5192799.03,453696.7615,5.98196,352.4,TRUE,3.6,489,300
4981,2022/10/8 11:36,131.3926745,46.8684845,5192805.595,453696.0879,5.88936,355.1,TRUE,3.6,500,300
4982,2022/10/8 11:36,131.3926685,46.86854617,5192812.454,453695.6835,5.81528,352.9,TRUE,3.6,500,300
4983,2022/10/8 11:36,131.3926612,46.868608,5192819.332,453695.1801,6.37088,355.8,TRUE,3.6,500,300
4984,2022/10/8 11:36,131.3926448,46.86866517,5192825.697,453693.9789,6.44496,347.5,TRUE,3.6,500,300
4985,2022/10/8 11:36,131.3926345,46.868726,5192832.465,453693.2459,6.18568,357.2,TRUE,3.6,448,300
4986,2022/10/8 11:36,131.3926317,46.86878583,5192839.118,453693.0839,6.09308,353.5,TRUE,3.6,485,300
4987,2022/10/8 11:36,131.3926172,46.86884567,5192845.779,453692.0299,6.05604,350.3,TRUE,3.6,471,300
4988,2022/10/8 11:36,131.3926072,46.86890233,5192852.084,453691.3162,6.2042,356.6,TRUE,3.6,475,300
4989,2022/10/8 11:36,131.392592,46.86896167,5192858.689,453690.2084,6.1116,355.6,TRUE,3.6,471,300
4990,2022/10/8 11:37,131.3925837,46.86901917,5192865.086,453689.625,6.13012,356.8,TRUE,3.6,492,300
4991,2022/10/8 11:37,131.3925768,46.8690775,5192871.575,453689.1491,5.556,357.5,TRUE,3.6,480,300
4992,2022/10/8 11:37,131.3925705,46.869137,5192878.193,453688.72,5.53748,352.2,TRUE,3.6,435,300
4993,2022/10/8 11:37,131.3925593,46.86919267,5192884.388,453687.9139,6.07456,358.3,TRUE,3.6,469,300
4994,2022/10/8 11:37,131.3925458,46.86924967,5192890.733,453686.9337,6.35236,354,TRUE,3.6,477,300
4995,2022/10/8 11:37,131.3925418,46.86930833,5192897.256,453686.6792,5.70416,351.8,TRUE,3.6,477,300
4996,2022/10/8 11:37,131.3925282,46.8693645,5192903.509,453685.6907,5.6486,1.5,TRUE,3.6,485,300
4997,2022/10/8 11:37,131.3925238,46.86942333,5192910.051,453685.4058,5.70416,356.1,TRUE,3.6,484,300
4998,2022/10/8 11:37,131.3925162,46.8694805,5192916.411,453684.8756,5.72268,358.9,TRUE,3.6,500,300
4999,2022/10/8 11:37,131.3925052,46.86953483,5192922.458,453684.0836,5.40784,354.3,TRUE,3.6,430,300
5000,2022/10/8 11:37,131.3924985,46.8695965,5192929.317,453683.6259,6.25976,356.4,TRUE,3.6,375,300
5001,2022/10/8 11:37,131.3924862,46.86965283,5192935.587,453682.7366,5.093,1,TRUE,3.6,404,300
5002,2022/10/8 11:37,131.3924942,46.86970883,5192941.807,453683.3947,4.9078,29.5,FALSE,3.6,0,300
5003,2022/10/8 11:37,131.3925517,46.86972983,5192944.108,453687.7966,4.77816,91.9,FALSE,3.6,0,300
5004,2022/10/8 11:37,131.392613,46.86970867,5192941.719,453692.4519,7.1302,148.8,FALSE,3.6,0,300
5005,2022/10/8 11:38,131.3926088,46.86965283,5192935.514,453692.0837,5.88936,193.9,FALSE,3.6,0,300
5006,2022/10/8 11:38,131.3926142,46.8696055,5192930.25,453692.4547,0.7408,0,TRUE,3.6,500,300
5007,2022/10/8 11:38,131.3926157,46.86958467,5192927.933,453692.5511,3.90772,177.5,TRUE,3.6,500,300
5008,2022/10/8 11:38,131.392623,46.8695435,5192923.352,453693.0722,3.704,174.4,TRUE,3.6,500,300
5009,2022/10/8 11:38,131.3926222,46.86949883,5192918.387,453692.9728,4.79668,168,TRUE,3.6,500,300
5010,2022/10/8 11:38,131.3926287,46.86944717,5192912.64,453693.424,4.38924,179.4,TRUE,3.6,498,300
5011,2022/10/8 11:38,131.3926335,46.86940433,5192907.875,453693.7531,5.14856,173.3,TRUE,3.6,500,300
5012,2022/10/8 11:38,131.392642,46.86934933,5192901.755,453694.3538,5.2782,174.7,TRUE,3.6,477,300
5013,2022/10/8 11:38,131.3926522,46.86929667,5192895.895,453695.0862,5.38932,176.3,TRUE,3.6,495,300
5014,2022/10/8 11:38,131.3926535,46.869239,5192889.483,453695.1357,5.13004,172.7,TRUE,3.6,500,300
5015,2022/10/8 11:38,131.392667,46.869192,5192884.25,453696.1245,5.11152,166.6,TRUE,3.6,499,300
5016,2022/10/8 11:38,131.3926722,46.8691405,5192878.522,453696.4767,4.50036,174.9,TRUE,3.6,470,300
5017,2022/10/8 11:38,131.3926822,46.86909167,5192873.088,453697.1971,5.3708,171.6,TRUE,3.6,500,300
5018,2022/10/8 11:38,131.3927,46.869042,5192867.556,453698.5115,5.6486,173.7,TRUE,3.6,492,300
5019,2022/10/8 11:38,131.3927127,46.86898617,5192861.342,453699.4318,5.61156,174.4,TRUE,3.6,497,300
5020,2022/10/8 11:39,131.39272,46.8689365,5192855.816,453699.9456,5.4634,175.4,TRUE,3.6,487,300
5021,2022/10/8 11:39,131.3927295,46.8688845,5192850.029,453700.6252,5.13004,177.5,TRUE,3.6,496,300
5022,2022/10/8 11:39,131.392739,46.868829,5192843.854,453701.3018,5.14856,175.9,TRUE,3.6,500,300
5023,2022/10/8 11:39,131.392743,46.86877167,5192837.478,453701.5574,5.3708,172.9,TRUE,3.6,495,300
5024,2022/10/8 11:39,131.3927542,46.86871533,5192831.209,453702.3629,5.40784,176,TRUE,3.6,489,300
5025,2022/10/8 11:39,131.392765,46.868659,5192824.94,453703.1379,6.1116,175.1,TRUE,3.6,500,300
5026,2022/10/8 11:39,131.3927768,46.86860367,5192818.782,453703.99,5.61156,172.5,TRUE,3.6,500,300
5027,2022/10/8 11:39,131.3927863,46.86854517,5192812.273,453704.6639,5.44488,180,TRUE,3.6,489,300
5028,2022/10/8 11:39,131.3927998,46.868487,5192805.799,453705.6432,5.33376,171.5,TRUE,3.6,500,300
5029,2022/10/8 11:39,131.3928162,46.86843267,5192799.749,453706.8469,4.98188,176,TRUE,3.6,500,300
5030,2022/10/8 11:39,131.3928075,46.86837817,5192793.696,453706.1367,5.03744,172.9,TRUE,3.6,500,300
5031,2022/10/8 11:39,131.3928118,46.8683215,5192787.393,453706.4158,5.57452,176.4,TRUE,3.6,477,300
5032,2022/10/8 11:39,131.3928265,46.86826517,5192781.123,453707.4881,5.05596,176.4,TRUE,3.6,500,300
5033,2022/10/8 11:39,131.3928327,46.86820717,5192774.671,453707.911,5.48192,172.7,TRUE,3.6,500,300
5034,2022/10/8 11:39,131.392853,46.86815867,5192769.268,453709.417,5.48192,175.5,TRUE,3.6,500,300
5035,2022/10/8 11:40,131.3928793,46.86793883,5192744.813,453711.2332,5.03744,175.4,TRUE,3.6,500,300
5036,2022/10/8 11:40,131.392899,46.86788567,5192738.892,453712.6895,5.07448,171.9,TRUE,3.6,498,300
5037,2022/10/8 11:40,131.3929067,46.8678335,5192733.088,453713.2317,5.31524,169,TRUE,3.6,497,300
5038,2022/10/8 11:40,131.3929092,46.867786,5192727.806,453713.3815,3.68548,175.2,TRUE,3.6,467,300
5039,2022/10/8 11:40,131.3929217,46.86773983,5192722.666,453714.2948,5.7412,173.5,FALSE,3.6,0,300
5040,2022/10/8 11:40,131.3929182,46.867687,5192716.795,453713.9826,5.42636,172.2,TRUE,3.6,450,300
5041,2022/10/8 11:40,131.392927,46.86763083,5192710.545,453714.6052,6.00048,178.7,TRUE,3.6,486,300
5042,2022/10/8 11:40,131.3929458,46.86750567,5192696.62,453715.931,5.63008,176.6,TRUE,3.6,500,300
5043,2022/10/8 11:40,131.3929563,46.86744983,5192690.407,453716.6836,6.07456,174.8,TRUE,3.6,466,300
5044,2022/10/8 11:40,131.3929627,46.86739533,5192684.344,453717.1247,5.7412,174.6,TRUE,3.6,487,300
5045,2022/10/8 11:40,131.392975,46.86734317,5192678.538,453718.0176,6.2042,174.8,TRUE,3.6,466,300
5046,2022/10/8 11:41,131.39298,46.86728417,5192671.977,453718.3482,5.87084,174.4,TRUE,3.6,456,300
5047,2022/10/8 11:41,131.3929892,46.8672245,5192665.338,453718.9983,5.4634,176.4,TRUE,3.6,436,300
5048,2022/10/8 11:41,131.3930017,46.86715717,5192657.845,453719.8935,6.07456,175.2,TRUE,3.6,473,300
5049,2022/10/8 11:41,131.3930067,46.867091,5192650.486,453720.2178,6.31532,173.8,TRUE,3.6,476,300
5050,2022/10/8 11:41,131.393021,46.86703583,5192644.345,453721.2607,6.09308,178.6,TRUE,3.6,500,300
5051,2022/10/8 11:41,131.3930357,46.8669845,5192638.63,453722.3374,6.1116,175.7,TRUE,3.6,500,300
5052,2022/10/8 11:41,131.3930482,46.86692367,5192631.86,453723.2382,5.72268,180,TRUE,3.6,467,300
5053,2022/10/8 11:41,131.3930575,46.86686417,5192625.24,453723.8961,5.48192,172.2,TRUE,3.6,462,300
5054,2022/10/8 11:41,131.3930657,46.86680733,5192618.917,453724.4725,6.40792,172.7,TRUE,3.6,500,300
5055,2022/10/8 11:41,131.3930748,46.866749,5192612.427,453725.1161,6.2042,177.3,TRUE,3.6,497,300
5056,2022/10/8 11:41,131.3930863,46.86668867,5192605.713,453725.9411,6.05604,172.3,TRUE,3.6,493,300
5057,2022/10/8 11:41,131.3930998,46.86662767,5192598.924,453726.918,5.9264,174.8,TRUE,3.6,481,300
5058,2022/10/8 11:41,131.3931038,46.86657367,5192592.919,453727.1766,5.81528,172.4,TRUE,3.6,497,300
5059,2022/10/8 11:41,131.3931153,46.86651433,5192586.315,453728.0024,6.2968,179.3,TRUE,3.6,470,300
5060,2022/10/8 11:41,131.3931265,46.86645517,5192579.732,453728.8055,5.77824,170.2,TRUE,3.6,465,300
5061,2022/10/8 11:42,131.3931388,46.8663985,5192573.425,453729.6946,5.8338,174,TRUE,3.6,485,300
5062,2022/10/8 11:42,131.3931477,46.86633817,5192566.713,453730.3214,5.57452,171,TRUE,3.6,446,300
5063,2022/10/8 11:42,131.3931588,46.86627883,5192560.11,453731.1167,5.7412,173.9,TRUE,3.6,500,300
5064,2022/10/8 11:42,131.3931682,46.86622067,5192553.639,453731.7834,5.53748,175,TRUE,3.6,463,300
5065,2022/10/8 11:42,131.3931735,46.86615767,5192546.632,453732.1334,5.96344,175.6,TRUE,3.6,445,300
5066,2022/10/8 11:42,131.393179,46.86609933,5192540.143,453732.5026,6.27828,171.2,TRUE,3.6,478,300
5067,2022/10/8 11:42,131.3931898,46.866038,5192533.319,453733.2734,6.14864,172.6,TRUE,3.6,450,300
5068,2022/10/8 11:42,131.393199,46.86597733,5192526.569,453733.9227,5.98196,172.7,TRUE,3.6,477,300
5069,2022/10/8 11:42,131.3932072,46.86592167,5192520.376,453734.5001,5.75972,173.1,TRUE,3.6,493,300
5070,2022/10/8 11:42,131.3932175,46.8658605,5192513.57,453735.2329,5.33376,177.9,TRUE,3.6,473,300
5071,2022/10/8 11:42,131.3932253,46.8658055,5192507.451,453735.7803,5.33376,176,TRUE,3.6,459,300
5072,2022/10/8 11:42,131.3932373,46.865751,5192501.386,453736.6485,4.79668,175.6,TRUE,3.6,413,300
5073,2022/10/8 11:42,131.3932468,46.8656925,5192494.877,453737.3225,5.70416,174.2,TRUE,3.6,500,300
5074,2022/10/8 11:42,131.3932562,46.8656355,5192488.535,453737.9903,5.2782,173.8,TRUE,3.6,447,300
5075,2022/10/8 11:42,131.3932578,46.86558383,5192482.79,453738.0679,5.33376,172,TRUE,3.6,459,300
5076,2022/10/8 11:43,131.393273,46.865529,5192476.685,453739.1797,5.61156,173.8,TRUE,3.6,464,300
5077,2022/10/8 11:43,131.393281,46.8654695,5192470.066,453739.7386,5.57452,170.3,TRUE,3.6,474,300
5078,2022/10/8 11:43,131.393299,46.86541367,5192463.849,453741.0631,5.66712,175.6,TRUE,3.6,462,300
5079,2022/10/8 11:43,131.3933055,46.86536017,5192457.898,453741.5127,6.24124,175.9,TRUE,3.6,485,300
5080,2022/10/8 11:43,131.3933087,46.86529933,5192451.132,453741.7044,5.77824,169.2,TRUE,3.6,459,300
5081,2022/10/8 11:43,131.3933162,46.8652375,5192444.254,453742.2232,6.16716,178.7,TRUE,3.6,488,300
5082,2022/10/8 11:43,131.3933207,46.86517917,5192437.767,453742.5162,5.9264,170,TRUE,3.6,500,300
5083,2022/10/8 11:43,131.3933453,46.865118,5192430.953,453744.3393,5.57452,177.3,TRUE,3.6,470,300
5084,2022/10/8 11:43,131.3933517,46.8650575,5192424.223,453744.7753,5.81528,178.8,TRUE,3.6,498,300
5085,2022/10/8 11:43,131.393348,46.86500167,5192418.019,453744.4452,5.4634,174,TRUE,3.6,445,300
5086,2022/10/8 11:43,131.3933517,46.86494367,5192411.569,453744.6775,5.61156,174.5,TRUE,3.6,484,300
5087,2022/10/8 11:43,131.393363,46.8648855,5192405.096,453745.4892,5.57452,177.6,TRUE,3.6,500,300
5088,2022/10/8 11:43,131.3933683,46.86482917,5192398.831,453745.8449,5.94492,171.8,TRUE,3.6,460,300
5089,2022/10/8 11:43,131.393383,46.8647725,5192392.522,453746.917,5.81528,177.7,TRUE,3.6,485,300
5090,2022/10/8 11:43,131.3933965,46.86471133,5192385.714,453747.8938,5.79676,174.9,TRUE,3.6,500,300
5091,2022/10/8 11:44,131.3934055,46.864653,5192379.224,453748.53,6.13012,178.1,TRUE,3.6,476,300
5092,2022/10/8 11:44,131.393418,46.86459267,5192372.51,453749.4312,5.31524,172.4,TRUE,3.6,448,300
5093,2022/10/8 11:44,131.3934193,46.86452733,5192365.246,453749.4742,5.42636,176.2,TRUE,3.6,444,300
5094,2022/10/8 11:44,131.3934343,46.8644675,5192358.586,453750.5666,5.94492,171.9,TRUE,3.6,476,300
5095,2022/10/8 11:44,131.3934458,46.86440833,5192352.001,453751.3926,5.79676,176,TRUE,3.6,459,300
5096,2022/10/8 11:44,131.3934608,46.8643495,5192345.452,453752.4858,6.03752,175.7,TRUE,3.6,430,300
5097,2022/10/8 11:44,131.3934718,46.8642925,5192339.109,453753.2756,5.98196,172.6,TRUE,3.6,491,300
5098,2022/10/8 11:44,131.3934813,46.86423,5192332.156,453753.9463,5.77824,172.5,TRUE,3.6,462,300
5099,2022/10/8 11:44,131.3934875,46.86416667,5192325.112,453754.3646,6.22272,178.3,TRUE,3.6,479,300
5100,2022/10/8 11:44,131.3934962,46.864103,5192318.029,453754.9733,5.8338,175.6,TRUE,3.6,460,300
5101,2022/10/8 11:44,131.3935007,46.864044,5192311.467,453755.2658,5.66712,176.5,TRUE,3.6,500,300
5102,2022/10/8 11:44,131.3935132,46.86398517,5192304.92,453756.1683,6.05604,171.7,TRUE,3.6,500,300
5103,2022/10/8 11:44,131.3935248,46.86392833,5192298.594,453757.004,6.13012,174.7,TRUE,3.6,500,300
5104,2022/10/8 11:44,131.3935297,46.86387417,5192292.57,453757.3311,5.85232,169.5,TRUE,3.6,499,300
5105,2022/10/8 11:44,131.3935412,46.86381933,5192286.467,453758.1609,5.57452,176.2,TRUE,3.6,465,300
5106,2022/10/8 11:45,131.393547,46.86376417,5192280.332,453758.5558,5.75972,170,TRUE,3.6,464,300
5107,2022/10/8 11:45,131.3935578,46.86369583,5192272.728,453759.3206,5.63008,174.5,TRUE,3.6,500,300
5108,2022/10/8 11:45,131.3935752,46.8636425,5192266.789,453760.6015,5.53748,180.1,TRUE,3.6,500,300
5109,2022/10/8 11:45,131.3935863,46.86358267,5192260.132,453761.3965,5.50044,172.7,TRUE,3.6,487,300
5110,2022/10/8 11:45,131.3936015,46.8635195,5192253.1,453762.5013,6.1116,173.3,TRUE,3.6,500,300
5111,2022/10/8 11:45,131.3936058,46.86345983,5192246.464,453762.7779,5.90788,174.8,TRUE,3.6,481,300
5112,2022/10/8 11:45,131.3936137,46.86340117,5192239.938,453763.3299,5.35228,177.4,TRUE,3.6,456,300
5113,2022/10/8 11:45,131.3936132,46.86334717,5192233.936,453763.2454,5.88936,169.6,TRUE,3.6,500,300
5114,2022/10/8 11:45,131.3936197,46.86329017,5192227.595,453763.6921,5.0004,179.2,TRUE,3.6,480,300
5115,2022/10/8 11:45,131.3936245,46.8632345,5192221.404,453764.0103,5.66712,174.6,TRUE,3.6,460,300
5116,2022/10/8 11:45,131.3936322,46.86317683,5192214.988,453764.5479,5.0004,174.2,TRUE,3.6,488,300
5117,2022/10/8 11:45,131.3936473,46.8631155,5192208.161,453765.6466,5.90788,174.3,TRUE,3.6,480,300
5118,2022/10/8 11:45,131.3936612,46.8630505,5192200.927,453766.6507,5.38932,178.3,TRUE,3.6,500,300
5119,2022/10/8 11:45,131.3936653,46.8629925,5192194.477,453766.9135,6.019,175.6,TRUE,3.6,500,300
5120,2022/10/8 11:45,131.3936813,46.8629285,5192187.353,453768.0786,6.16716,170.8,TRUE,3.6,457,300
5121,2022/10/8 11:46,131.3936912,46.86287583,5192181.492,453768.7882,5.87084,174.2,TRUE,3.6,458,300
5122,2022/10/8 11:46,131.3936932,46.86282,5192175.284,453768.8928,6.25976,170.2,TRUE,3.6,483,300
5123,2022/10/8 11:46,131.393709,46.86275517,5192168.068,453770.0419,5.38932,171.9,TRUE,3.6,458,300
5124,2022/10/8 11:46,131.3937225,46.8627025,5192162.205,453771.0261,5.4634,178,TRUE,3.6,442,300
5125,2022/10/8 11:46,131.3937293,46.86264517,5192155.828,453771.4954,6.33384,175.5,TRUE,3.6,498,300
5126,2022/10/8 11:46,131.3937405,46.862586,5192149.243,453772.2986,5.72268,172.6,TRUE,3.6,471,300
5127,2022/10/8 11:46,131.3937525,46.862525,5192142.455,453773.1612,5.7412,172.6,TRUE,3.6,479,300
5128,2022/10/8 11:46,131.3937672,46.86246283,5192135.535,453774.2287,6.16716,177.2,TRUE,3.6,496,300
5129,2022/10/8 11:46,131.3937687,46.862399,5192128.438,453774.2883,5.38932,180.1,TRUE,3.6,485,300
5130,2022/10/8 11:46,131.3937735,46.86233383,5192121.191,453774.5984,5.68564,173.5,TRUE,3.6,494,300
5131,2022/10/8 11:46,131.3937798,46.8622705,5192114.147,453775.0244,5.96344,175.3,TRUE,3.6,475,300
5132,2022/10/8 11:46,131.3937922,46.86221117,5192107.544,453775.919,6.61164,170.8,TRUE,3.6,498,300
5133,2022/10/8 11:46,131.393801,46.86215183,5192100.942,453776.5391,5.35228,175.1,TRUE,3.6,496,300
5134,2022/10/8 11:46,131.3938097,46.86209217,5192094.304,453777.1513,5.3708,177.6,TRUE,3.6,460,300
5135,2022/10/8 11:46,131.3938132,46.86203383,5192087.817,453777.3681,5.98196,176.4,TRUE,3.6,461,300
5136,2022/10/8 11:47,131.3938235,46.86198817,5192082.735,453778.1143,4.20404,185.1,TRUE,3.6,380,300
5137,2022/10/8 11:47,131.3938443,46.8619545,5192078.98,453779.6714,4.4448,154.6,TRUE,3.6,185,300
5138,2022/10/8 11:47,131.3938957,46.86193483,5192076.763,453783.5738,0.5556,0,FALSE,3.6,0,300
5139,2022/10/8 11:47,131.3938983,46.86193667,5192076.966,453783.7737,0,0,FALSE,3.6,0,300
5140,2022/10/8 11:47,131.3938685,46.86195,5192078.465,453781.5128,2.2224,302.9,FALSE,3.6,0,300
5141,2022/10/8 11:47,131.3938585,46.86195483,5192079.008,453780.7545,0,0,FALSE,3.6,0,300
5142,2022/10/8 11:47,131.3939113,46.86194683,5192078.088,453784.7737,5.3708,66.9,TRUE,3.6,73,300
5143,2022/10/8 11:47,131.3939762,46.86197133,5192080.773,453789.7434,4.98188,28.5,FALSE,3.6,0,300
5144,2022/10/8 11:47,131.3939817,46.86201067,5192085.143,453790.1965,5.24116,356.2,FALSE,3.6,0,300
5145,2022/10/8 11:47,131.3939768,46.862057,5192090.296,453789.8627,5.53748,2.4,FALSE,3.6,0,300
5146,2022/10/8 11:47,131.3939695,46.862105,5192095.637,453789.3472,0,356.3,FALSE,3.6,0,300
5147,2022/10/8 11:47,131.3939692,46.86210517,5192095.656,453789.3245,4.92632,170.8,FALSE,3.6,0,300
5148,2022/10/8 11:47,131.3939837,46.8620645,5192091.126,453790.3952,2.48168,179.2,FALSE,3.6,0,300
5149,2022/10/8 11:47,131.3939917,46.8620535,5192089.898,453790.9958,0,0,FALSE,3.6,0,300
5150,2022/10/8 11:47,131.3939865,46.86205717,5192090.31,453790.6024,4.63,352.4,TRUE,3.6,227,300
5151,2022/10/8 11:48,131.3939797,46.86212133,5192097.446,453790.139,4.96336,355.5,TRUE,3.6,407,300
5152,2022/10/8 11:48,131.3939842,46.86216633,5192102.446,453790.5207,4.94484,355.8,TRUE,3.6,430,300
5153,2022/10/8 11:48,131.3939787,46.86222183,5192108.619,453790.149,5.2782,350.5,TRUE,3.6,409,300
5154,2022/10/8 11:48,131.3939685,46.862284,5192115.536,453789.4246,5.96344,350.5,TRUE,3.6,418,300
5155,2022/10/8 11:48,131.3939588,46.86234083,5192121.86,453788.7337,5.6486,353.8,TRUE,3.6,452,300
5156,2022/10/8 11:48,131.3939437,46.86240217,5192128.688,453787.6349,6.13012,359,TRUE,3.6,486,300
5157,2022/10/8 11:48,131.393934,46.86245917,5192135.03,453786.9442,6.22272,356.4,TRUE,3.6,447,300
5158,2022/10/8 11:48,131.393925,46.86251917,5192141.705,453786.3094,6.61164,357.2,TRUE,3.6,428,300
5159,2022/10/8 11:48,131.3939188,46.8625785,5192148.304,453785.8876,5.87084,358.1,TRUE,3.6,446,300
5160,2022/10/8 11:48,131.3939157,46.86263733,5192154.846,453785.7017,6.55608,353.5,TRUE,3.6,486,300
5161,2022/10/8 11:48,131.3939088,46.86269817,5192161.614,453785.2278,6.18568,354.6,TRUE,3.6,369,300
5162,2022/10/8 11:48,131.3938957,46.86276033,5192168.532,453784.2823,5.77824,350.4,TRUE,3.6,449,300
5163,2022/10/8 11:48,131.3938848,46.86281933,5192175.097,453783.5018,6.6672,0.3,TRUE,3.6,418,300
5164,2022/10/8 11:48,131.3938752,46.86288117,5192181.977,453782.8228,6.18568,355.8,TRUE,3.6,408,300
5165,2022/10/8 11:48,131.3938603,46.86294183,5192188.729,453781.7388,6.3894,353.5,TRUE,3.6,445,300
5166,2022/10/8 11:49,131.3938558,46.863,5192195.199,453781.4456,5.75972,352,TRUE,3.6,440,300
5167,2022/10/8 11:49,131.39384,46.86306317,5192202.231,453780.295,6.5746,357,TRUE,3.6,474,300
5168,2022/10/8 11:49,131.3938287,46.86312417,5192209.018,453779.4858,5.98196,357.7,TRUE,3.6,469,300
5169,2022/10/8 11:49,131.3938158,46.8631845,5192215.733,453778.5539,6.68572,0.5,TRUE,3.6,450,300
5170,2022/10/8 11:49,131.3938055,46.863243,5192222.242,453777.8188,6.42644,0.7,TRUE,3.6,493,300
5171,2022/10/8 11:49,131.3937985,46.86330317,5192228.935,453777.3367,6.53756,359.1,TRUE,3.6,498,300
5172,2022/10/8 11:49,131.3937918,46.86336183,5192235.46,453776.8761,6.27828,349.2,TRUE,3.6,435,300
5173,2022/10/8 11:49,131.3937858,46.86342117,5192242.061,453776.4696,5.96344,349.5,TRUE,3.6,466,300
5174,2022/10/8 11:49,131.3937707,46.8634815,5192248.776,453775.37,6.24124,351.5,TRUE,3.6,474,300
5175,2022/10/8 11:49,131.3937602,46.86354,5192255.286,453774.6196,6.55608,354.2,TRUE,3.6,468,300
5176,2022/10/8 11:49,131.3937488,46.86360133,5192262.11,453773.803,6.2042,355.1,TRUE,3.6,497,300
5177,2022/10/8 11:49,131.3937408,46.86366183,5192268.841,453773.2449,6.46348,354.3,TRUE,3.6,451,300
5178,2022/10/8 11:49,131.3937302,46.86372317,5192275.666,453772.4894,5.59304,356.7,TRUE,3.6,477,300
5179,2022/10/8 11:49,131.3937247,46.86378017,5192282.006,453772.1189,6.40792,351.4,TRUE,3.6,489,300
5180,2022/10/8 11:49,131.3937212,46.8638395,5192288.603,453771.903,6.019,353,TRUE,3.6,500,300
5181,2022/10/8 11:50,131.3937062,46.8639,5192295.338,453770.8112,6.24124,354.9,TRUE,3.6,426,300
5182,2022/10/8 11:50,131.3936982,46.86396033,5192302.049,453770.253,6.24124,355.8,TRUE,3.6,461,300
5183,2022/10/8 11:50,131.3936915,46.86402183,5192308.89,453769.7949,5.556,348.3,TRUE,3.6,468,300
5184,2022/10/8 11:50,131.3936795,46.86408183,5192315.567,453768.9315,5.72268,352.3,TRUE,3.6,477,300
5185,2022/10/8 11:50,131.3936703,46.864143,5192322.373,453768.2825,5.8338,352.5,TRUE,3.6,443,300
5186,2022/10/8 11:50,131.3936623,46.86420267,5192329.011,453767.7237,6.00048,348.6,TRUE,3.6,487,300
5187,2022/10/8 11:50,131.3936517,46.864264,5192335.835,453766.9681,5.77824,356.3,TRUE,3.6,454,300
5188,2022/10/8 11:50,131.3936413,46.86432467,5192342.586,453766.2273,6.24124,353.9,TRUE,3.6,478,300
5189,2022/10/8 11:50,131.3936342,46.86438283,5192349.055,453765.7358,5.61156,354.2,TRUE,3.6,441,300
5190,2022/10/8 11:50,131.393627,46.8644435,5192355.804,453765.2389,6.24124,358,TRUE,3.6,459,300
5191,2022/10/8 11:50,131.3936238,46.86450267,5192362.384,453765.0457,6.3894,356.8,TRUE,3.6,464,300
5192,2022/10/8 11:50,131.393612,46.864565,5192369.32,453764.1995,5.4634,357,TRUE,3.6,490,300
5193,2022/10/8 11:50,131.393594,46.86463067,5192376.631,453762.8835,6.05604,356.8,TRUE,3.6,425,300
5194,2022/10/8 11:50,131.3935775,46.864694,5192383.681,453761.6798,5.81528,355.8,TRUE,3.6,480,300
5195,2022/10/8 11:50,131.3935628,46.86475933,5192390.952,453760.615,5.53748,349.8,TRUE,3.6,467,300
5196,2022/10/8 11:51,131.3935612,46.86481333,5192396.956,453760.5394,6.1116,354.6,TRUE,3.6,468,300
5197,2022/10/8 11:51,131.3935577,46.864868,5192403.036,453760.3195,6.40792,355.2,TRUE,3.6,461,300
5198,2022/10/8 11:51,131.3935503,46.86492833,5192409.747,453759.807,5.72268,352.5,TRUE,3.6,471,300
5199,2022/10/8 11:51,131.3935413,46.86498667,5192416.238,453759.1709,6.03752,348.1,TRUE,3.6,482,300
5200,2022/10/8 11:51,131.393538,46.865042,5192422.391,453758.9668,6.00048,2.8,TRUE,3.6,427,300
5201,2022/10/8 11:51,131.3935303,46.86510017,5192428.862,453758.4297,6.16716,345.9,TRUE,3.6,421,300
5202,2022/10/8 11:51,131.393524,46.8651615,5192435.683,453758.002,6.50052,0.1,TRUE,3.6,409,300
5203,2022/10/8 11:51,131.3935167,46.86522167,5192442.377,453757.497,6.37088,354.8,TRUE,3.6,461,300
5204,2022/10/8 11:51,131.3935075,46.8652825,5192449.144,453756.8478,6.68572,357.9,TRUE,3.6,486,300
5205,2022/10/8 11:51,131.393496,46.86534667,5192456.285,453756.0261,6.63016,352.4,TRUE,3.6,434,300
5206,2022/10/8 11:51,131.393492,46.86540667,5192462.957,453755.7726,6.5746,355.5,TRUE,3.6,461,300
5207,2022/10/8 11:51,131.393476,46.86547017,5192470.026,453754.6072,6.09308,356,TRUE,3.6,450,300
5208,2022/10/8 11:51,131.393472,46.86552617,5192476.254,453754.3503,5.7412,354.5,TRUE,3.6,484,300
5209,2022/10/8 11:51,131.3934658,46.865583,5192482.575,453753.9264,6.24124,351.7,TRUE,3.6,475,300
5210,2022/10/8 11:51,131.393456,46.86564433,5192489.399,453753.2319,6.18568,1.3,TRUE,3.6,468,300
5211,2022/10/8 11:52,131.3934403,46.86570667,5192496.338,453752.0883,5.79676,353.9,TRUE,3.6,479,300
5212,2022/10/8 11:52,131.3934283,46.865772,5192503.608,453751.2295,5.81528,351.7,TRUE,3.6,429,300
5213,2022/10/8 11:52,131.393413,46.86583733,5192510.879,453750.119,5.38932,355,TRUE,3.6,478,300
5214,2022/10/8 11:52,131.393397,46.86589617,5192517.43,453748.9496,5.98196,350.5,TRUE,3.6,348,300
5215,2022/10/8 11:52,131.3933935,46.8659525,5192523.694,453748.7312,6.16716,350.2,TRUE,3.6,437,300
5216,2022/10/8 11:52,131.3933843,46.86601133,5192530.239,453748.0802,6.35236,350.6,TRUE,3.6,467,300
5217,2022/10/8 11:52,131.3933763,46.8660685,5192536.6,453747.5194,5.75972,353.8,TRUE,3.6,500,300
5218,2022/10/8 11:52,131.393366,46.86612867,5192543.295,453746.7857,6.2968,351.5,TRUE,3.6,451,300
5219,2022/10/8 11:52,131.3933548,46.8661865,5192549.73,453745.9815,6.05604,357.4,TRUE,3.6,421,300
5220,2022/10/8 11:52,131.3933435,46.86624533,5192556.277,453745.1704,6.18568,356.1,TRUE,3.6,456,300
5221,2022/10/8 11:52,131.3933347,46.866304,5192562.804,453744.5499,6.2042,353.5,TRUE,3.6,477,300
5222,2022/10/8 11:52,131.393324,46.866359,5192568.925,453743.7813,6.46348,350.4,TRUE,3.6,436,300
5223,2022/10/8 11:52,131.3933152,46.866423,5192576.045,453743.1653,5.94492,355.5,TRUE,3.6,459,300
5224,2022/10/8 11:52,131.3933132,46.86647883,5192582.252,453743.0608,5.88936,353.6,TRUE,3.6,468,300
5225,2022/10/8 11:52,131.39331,46.866537,5192588.721,453742.8668,5.96344,357.4,TRUE,3.6,456,300
5226,2022/10/8 11:53,131.3932953,46.8665975,5192595.455,453741.7979,6.3894,355.7,TRUE,3.6,417,300
5227,2022/10/8 11:53,131.3932837,46.86665967,5192602.373,453740.9669,6.6672,358.4,TRUE,3.6,445,300
5228,2022/10/8 11:53,131.3932817,46.86671483,5192608.506,453740.8618,6.25976,353.7,TRUE,3.6,402,300
5229,2022/10/8 11:53,131.3932657,46.8667825,5192616.039,453739.7,6.37088,350.7,TRUE,3.6,487,300
5230,2022/10/8 11:53,131.393251,46.86684383,5192622.865,453738.6319,6.16716,358.1,TRUE,3.6,467,300
5231,2022/10/8 11:53,131.3932463,46.86689933,5192629.038,453738.3213,5.44488,353.7,TRUE,3.6,452,300
5232,2022/10/8 11:53,131.3932313,46.86695933,5192635.717,453737.2291,6.16716,355.3,TRUE,3.6,438,300
5233,2022/10/8 11:53,131.393215,46.867023,5192642.804,453736.0411,5.66712,354.5,TRUE,3.6,444,300
5234,2022/10/8 11:53,131.3932048,46.86707917,5192649.055,453735.3116,6.27828,350.8,TRUE,3.6,464,300
5235,2022/10/8 11:53,131.3931995,46.86714033,5192655.857,453734.9601,5.79676,353.1,TRUE,3.6,470,300
5236,2022/10/8 11:53,131.3931907,46.86719783,5192662.254,453734.3385,5.90788,354.3,TRUE,3.6,435,300
5237,2022/10/8 11:53,131.393181,46.8672585,5192669.004,453733.6511,5.9264,353.6,TRUE,3.6,467,300
5238,2022/10/8 11:53,131.3931762,46.86731533,5192675.325,453733.334,6.44496,355,TRUE,3.6,430,300
5239,2022/10/8 11:53,131.3931612,46.867378,5192682.301,453732.2442,6.22272,355.7,TRUE,3.6,476,300
5240,2022/10/8 11:53,131.3931518,46.86743767,5192688.94,453731.5787,5.63008,355.3,TRUE,3.6,464,300
5241,2022/10/8 11:54,131.3931437,46.86749733,5192695.577,453731.0124,5.96344,350.8,TRUE,3.6,423,300
5242,2022/10/8 11:54,131.3931335,46.86755517,5192702.013,453730.2845,5.63008,353.4,TRUE,3.6,461,300
5243,2022/10/8 11:54,131.3931243,46.86761433,5192708.595,453729.6339,6.03752,350,TRUE,3.6,430,300
5244,2022/10/8 11:54,131.393105,46.8676785,5192715.74,453728.2175,5.75972,353.9,TRUE,3.6,438,300
5245,2022/10/8 11:54,131.3930967,46.86773983,5192722.562,453727.6374,5.40784,354.5,TRUE,3.6,456,300
5246,2022/10/8 11:54,131.3930938,46.86779817,5192729.05,453727.4664,5.51896,357.7,TRUE,3.6,469,300
5247,2022/10/8 11:54,131.3930867,46.86785867,5192735.78,453726.9771,5.94492,358.4,TRUE,3.6,413,300
5248,2022/10/8 11:54,131.3930718,46.86791467,5192742.014,453725.8892,6.25976,354.4,TRUE,3.6,484,300
5249,2022/10/8 11:54,131.3930562,46.86797567,5192748.804,453724.7522,5.79676,358.6,TRUE,3.6,462,300
5250,2022/10/8 11:54,131.3930483,46.86803333,5192755.219,453724.1995,5.40784,355.1,TRUE,3.6,421,300
5251,2022/10/8 11:54,131.3930325,46.86809233,5192761.787,453723.0455,5.44488,351.1,TRUE,3.6,456,300
5252,2022/10/8 11:54,131.3930277,46.86815067,5192768.275,453722.7297,5.94492,350.8,TRUE,3.6,464,300
5253,2022/10/8 11:54,131.3930178,46.8682115,5192775.044,453722.0272,5.63008,353.2,TRUE,3.6,448,300
5254,2022/10/8 11:54,131.3930063,46.86827167,5192781.739,453721.2021,6.07456,357.6,TRUE,3.6,463,300
5255,2022/10/8 11:54,131.3929943,46.86833333,5192788.601,453720.3402,6.07456,356.7,TRUE,3.6,471,300
5256,2022/10/8 11:55,131.3929948,46.86838717,5192794.586,453720.4246,6.18568,349.7,TRUE,3.6,444,300
5257,2022/10/8 11:55,131.3929827,46.86844467,5192800.985,453719.5515,5.94492,356,TRUE,3.6,500,300
5258,2022/10/8 11:55,131.3929695,46.86850617,5192807.83,453718.598,5.96344,353.2,TRUE,3.6,481,300
5259,2022/10/8 11:55,131.3929575,46.86856733,5192814.636,453717.7356,6.2968,358.3,TRUE,3.6,480,300
5260,2022/10/8 11:55,131.39295,46.868628,5192821.385,453717.216,6.1116,355.7,TRUE,3.6,500,300
5261,2022/10/8 11:55,131.392942,46.86868517,5192827.745,453716.6552,6.37088,351,TRUE,3.6,470,300
5262,2022/10/8 11:55,131.3929362,46.86874183,5192834.047,453716.2617,6.46348,352.2,TRUE,3.6,494,300
5263,2022/10/8 11:55,131.3929292,46.868799,5192840.407,453715.7771,6.55608,354,TRUE,3.6,499,300
5264,2022/10/8 11:55,131.392922,46.868862,5192847.415,453715.2824,5.66712,354.9,TRUE,3.6,440,300
5265,2022/10/8 11:55,131.3929062,46.86892133,5192854.02,453714.1287,5.77824,356,TRUE,3.6,447,300
5266,2022/10/8 11:55,131.3928928,46.86898467,5192861.069,453713.1616,5.9264,352.7,TRUE,3.6,489,300
5267,2022/10/8 11:55,131.3928837,46.86904883,5192868.207,453712.5229,6.44496,2.4,TRUE,3.6,476,300
5268,2022/10/8 11:55,131.3928802,46.8691045,5192874.398,453712.3039,5.87084,356.3,TRUE,3.6,500,300
5269,2022/10/8 11:55,131.3928633,46.86916967,5192881.652,453711.0715,6.24124,354.9,TRUE,3.6,445,300
5270,2022/10/8 11:55,131.3928552,46.8692295,5192888.308,453710.5054,6.3894,352.3,TRUE,3.6,433,300
5271,2022/10/8 11:56,131.3928443,46.86928667,5192894.67,453709.7235,5.59304,358.1,TRUE,3.6,500,300
5272,2022/10/8 11:56,131.3928432,46.86934317,5192900.952,453709.6882,6.09308,354.1,TRUE,3.6,500,300
5273,2022/10/8 11:56,131.3928308,46.86939833,5192907.091,453708.7902,6.13012,358.5,TRUE,3.6,462,300
5274,2022/10/8 11:56,131.392818,46.8694605,5192914.01,453707.8678,5.81528,353.8,TRUE,3.6,432,300
5275,2022/10/8 11:56,131.3928125,46.86952017,5192920.647,453707.4998,5.75972,351.2,TRUE,3.6,429,300
5276,2022/10/8 11:56,131.3928045,46.8695775,5192927.025,453706.9392,5.63008,358.7,TRUE,3.6,452,300
5277,2022/10/8 11:56,131.3927967,46.86963633,5192933.569,453706.3951,6.2968,0.7,TRUE,3.6,500,300
5278,2022/10/8 11:56,131.3927932,46.8696895,5192939.482,453706.1739,6.72276,349.8,TRUE,3.6,340,300
5279,2022/10/8 11:56,131.3927972,46.86974017,5192945.113,453706.5225,5.556,43.7,FALSE,3.6,0,300
5280,2022/10/8 11:56,131.3928687,46.86975967,5192947.238,453711.9904,5.40784,81.9,FALSE,3.6,0,300
5281,2022/10/8 11:56,131.3929038,46.86976433,5192947.736,453714.6705,0,80.1,FALSE,3.6,0,300
5282,2022/10/8 11:56,131.392901,46.86976333,5192947.626,453714.4561,0,0,FALSE,3.6,0,300
5283,2022/10/8 11:56,131.392901,46.869763,5192947.589,453714.4558,0,0,FALSE,3.6,0,300
5284,2022/10/8 11:56,131.3929017,46.869764,5192947.7,453714.5101,0,0,FALSE,3.6,0,300
5285,2022/10/8 11:56,131.392903,46.86976367,5192947.663,453714.6089,0,0,FALSE,3.6,0,300
5286,2022/10/8 11:57,131.3929043,46.86976333,5192947.624,453714.7077,0,86.4,FALSE,3.6,0,300
5287,2022/10/8 11:57,131.3929055,46.86976283,5192947.568,453714.7988,0,0,FALSE,3.6,0,300
5288,2022/10/8 11:57,131.3929068,46.86976283,5192947.567,453714.8979,0,0,FALSE,3.6,0,300
5289,2022/10/8 11:57,131.3929077,46.86976283,5192947.567,453714.9665,0,0,FALSE,3.6,0,300
5290,2022/10/8 11:57,131.3929078,46.869763,5192947.585,453714.9743,0,0,FALSE,3.6,0,300
5291,2022/10/8 11:57,131.3929078,46.86976283,5192947.566,453714.9741,0,0,FALSE,3.6,0,300
5292,2022/10/8 11:57,131.392908,46.8697625,5192947.53,453714.9891,0,0,FALSE,3.6,0,300
5293,2022/10/8 11:57,131.3929078,46.86976267,5192947.549,453714.974,0,0,FALSE,3.6,0,300
5294,2022/10/8 11:57,131.392908,46.8697625,5192947.53,453714.9891,0,0,FALSE,3.6,0,300
5295,2022/10/8 11:57,131.3929082,46.86976217,5192947.493,453715.0041,0,0,FALSE,3.6,0,300
5296,2022/10/8 11:57,131.3929082,46.86976217,5192947.493,453715.0041,0,0,FALSE,3.6,0,300
5297,2022/10/8 11:57,131.392908,46.86976233,5192947.511,453714.989,0,0,FALSE,3.6,0,300
5298,2022/10/8 11:57,131.3929075,46.86976267,5192947.549,453714.9511,0,0,FALSE,3.6,0,300
5299,2022/10/8 11:57,131.3929073,46.86976267,5192947.549,453714.9359,0,0,FALSE,3.6,0,300
5300,2022/10/8 11:57,131.3929068,46.86976283,5192947.567,453714.8979,0,0,FALSE,3.6,0,300
5301,2022/10/8 11:58,131.3929067,46.86976283,5192947.567,453714.8903,0,0,FALSE,3.6,0,300
5302,2022/10/8 11:58,131.3929063,46.869763,5192947.586,453714.8599,0,0,FALSE,3.6,0,300
5303,2022/10/8 11:58,131.3929062,46.869763,5192947.586,453714.8523,0,0,FALSE,3.6,0,300
5304,2022/10/8 11:58,131.3929058,46.86976283,5192947.568,453714.8217,0,0,FALSE,3.6,0,300
5305,2022/10/8 11:58,131.3929055,46.86976283,5192947.568,453714.7988,0,0,FALSE,3.6,0,300
5306,2022/10/8 11:58,131.392905,46.86976267,5192947.55,453714.7605,0,0,FALSE,3.6,0,300
5307,2022/10/8 11:58,131.3929045,46.86976267,5192947.551,453714.7224,0,0,FALSE,3.6,0,300
5308,2022/10/8 11:58,131.3929038,46.8697625,5192947.532,453714.6689,0,0,FALSE,3.6,0,300
5309,2022/10/8 11:58,131.3929032,46.8697625,5192947.532,453714.6231,0,0,FALSE,3.6,0,300
5310,2022/10/8 11:58,131.3929025,46.86976233,5192947.514,453714.5696,0,0,FALSE,3.6,0,300
5311,2022/10/8 11:58,131.392902,46.86976233,5192947.514,453714.5315,0,0,FALSE,3.6,0,300
5312,2022/10/8 11:58,131.3929015,46.86976217,5192947.497,453714.4933,0,0,FALSE,3.6,0,300
5313,2022/10/8 11:58,131.3929008,46.869762,5192947.478,453714.4397,0,0,FALSE,3.6,0,300
5314,2022/10/8 11:58,131.3929002,46.86976183,5192947.46,453714.3939,0,0,FALSE,3.6,0,300
5315,2022/10/8 11:58,131.3928995,46.86976183,5192947.46,453714.3405,0,0,FALSE,3.6,0,300
5316,2022/10/8 11:59,131.3928987,46.86976167,5192947.443,453714.2794,0,0,FALSE,3.6,0,300
5317,2022/10/8 11:59,131.3928982,46.8697615,5192947.424,453714.2411,0,0,FALSE,3.6,0,300
5318,2022/10/8 11:59,131.3928978,46.86976133,5192947.406,453714.2104,0,0,FALSE,3.6,0,300
5319,2022/10/8 11:59,131.3928973,46.86976133,5192947.406,453714.1723,0,0,FALSE,3.6,0,300
5320,2022/10/8 11:59,131.3928967,46.8697615,5192947.425,453714.1267,0,0,FALSE,3.6,0,300
5321,2022/10/8 11:59,131.3928962,46.8697615,5192947.425,453714.0886,0,0,FALSE,3.6,0,300
5322,2022/10/8 11:59,131.3928957,46.8697615,5192947.426,453714.0505,0,0,FALSE,3.6,0,300
5323,2022/10/8 11:59,131.392895,46.8697615,5192947.426,453713.9971,0,0,FALSE,3.6,0,300
5324,2022/10/8 11:59,131.3928945,46.86976167,5192947.445,453713.9591,0,0,FALSE,3.6,0,300
5325,2022/10/8 11:59,131.3928942,46.86976167,5192947.446,453713.9363,0,0,FALSE,3.6,0,300
5326,2022/10/8 11:59,131.3928937,46.86976183,5192947.464,453713.8983,0,85.6,FALSE,3.6,0,300
5327,2022/10/8 11:59,131.3928932,46.86976183,5192947.464,453713.8602,0,0,FALSE,3.6,0,300
5328,2022/10/8 11:59,131.3928927,46.86976183,5192947.464,453713.822,0,0,FALSE,3.6,0,300
5329,2022/10/8 11:59,131.3928922,46.869762,5192947.483,453713.7841,0,0,FALSE,3.6,0,300
5330,2022/10/8 11:59,131.3928917,46.869762,5192947.484,453713.746,0,0,FALSE,3.6,0,300
5331,2022/10/8 12:00,131.392891,46.86976217,5192947.503,453713.6927,0,0,FALSE,3.6,0,300
5332,2022/10/8 12:00,131.3928903,46.86976233,5192947.521,453713.6395,0,0,FALSE,3.6,0,300
5333,2022/10/8 12:00,131.3928897,46.86976233,5192947.522,453713.5938,0,0,FALSE,3.6,0,300
5334,2022/10/8 12:00,131.392889,46.8697625,5192947.541,453713.5405,0,0,FALSE,3.6,0,300
5335,2022/10/8 12:00,131.3928883,46.8697625,5192947.541,453713.4872,0,0,FALSE,3.6,0,300
5336,2022/10/8 12:00,131.3928877,46.86976267,5192947.561,453713.4416,0,0,FALSE,3.6,0,300
5337,2022/10/8 12:00,131.392887,46.86976267,5192947.561,453713.3882,0,0,FALSE,3.6,0,300
5338,2022/10/8 12:00,131.3928865,46.86976267,5192947.561,453713.3501,0,0,FALSE,3.6,0,300
5339,2022/10/8 12:00,131.3928858,46.86976267,5192947.562,453713.2967,0,0,FALSE,3.6,0,300
5340,2022/10/8 12:00,131.3928852,46.86976267,5192947.562,453713.251,0,0,FALSE,3.6,0,300
5341,2022/10/8 12:00,131.3928845,46.8697625,5192947.544,453713.1975,0,0,FALSE,3.6,0,300
5342,2022/10/8 12:00,131.392884,46.8697625,5192947.544,453713.1593,0,0,FALSE,3.6,0,300
5343,2022/10/8 12:00,131.3928833,46.86976233,5192947.525,453713.1058,0,0,FALSE,3.6,0,300
5344,2022/10/8 12:00,131.3928828,46.86976233,5192947.526,453713.0677,0,0,FALSE,3.6,0,300
5345,2022/10/8 12:00,131.3928823,46.86976217,5192947.508,453713.0294,0,0,FALSE,3.6,0,300
5346,2022/10/8 12:01,131.3928817,46.86976217,5192947.508,453712.9837,0,0,FALSE,3.6,0,300
5347,2022/10/8 12:01,131.3928812,46.86976217,5192947.509,453712.9456,0,0,FALSE,3.6,0,300
5348,2022/10/8 12:01,131.3928807,46.869762,5192947.49,453712.9073,0,0,FALSE,3.6,0,300
5349,2022/10/8 12:01,131.3928802,46.869762,5192947.49,453712.8692,0,0,FALSE,3.6,0,300
5350,2022/10/8 12:01,131.3928797,46.86976183,5192947.472,453712.8309,0,0,FALSE,3.6,0,300
5351,2022/10/8 12:01,131.3928793,46.86976183,5192947.472,453712.8004,0,0,FALSE,3.6,0,300
5352,2022/10/8 12:01,131.3928788,46.86976167,5192947.455,453712.7622,0,0,FALSE,3.6,0,300
5353,2022/10/8 12:01,131.3928785,46.8697615,5192947.436,453712.7392,0,0,FALSE,3.6,0,300
5354,2022/10/8 12:01,131.3928782,46.86976133,5192947.417,453712.7161,0,0,FALSE,3.6,0,300
5355,2022/10/8 12:01,131.3928777,46.86976117,5192947.4,453712.6779,0,0,FALSE,3.6,0,300
5356,2022/10/8 12:01,131.3928773,46.869761,5192947.381,453712.6472,0,0,FALSE,3.6,0,300
5357,2022/10/8 12:01,131.3928767,46.86976083,5192947.362,453712.6013,0,0,FALSE,3.6,0,300
5358,2022/10/8 12:01,131.3928762,46.86976067,5192947.345,453712.5631,0,0,FALSE,3.6,0,300
5359,2022/10/8 12:01,131.3928757,46.86976067,5192947.345,453712.525,0,85.7,FALSE,3.6,0,300
5360,2022/10/8 12:01,131.3928753,46.86976033,5192947.308,453712.4942,0,0,FALSE,3.6,0,300
5361,2022/10/8 12:02,131.392875,46.86976017,5192947.29,453712.4712,0,0,FALSE,3.6,0,300
5362,2022/10/8 12:02,131.3928745,46.86976,5192947.271,453712.4329,0,0,FALSE,3.6,0,300
5363,2022/10/8 12:02,131.3928742,46.86975983,5192947.253,453712.4099,0,0,FALSE,3.6,0,300
5364,2022/10/8 12:02,131.3928738,46.86975967,5192947.235,453712.3792,0,0,FALSE,3.6,0,300
5365,2022/10/8 12:02,131.3928733,46.8697595,5192947.217,453712.341,0,0,FALSE,3.6,0,300
5366,2022/10/8 12:02,131.392873,46.86975933,5192947.198,453712.318,0,0,FALSE,3.6,0,300
5367,2022/10/8 12:02,131.3928727,46.86975917,5192947.18,453712.295,0,0,FALSE,3.6,0,300
5368,2022/10/8 12:02,131.3928723,46.869759,5192947.162,453712.2643,0,0.7,FALSE,3.6,0,300
5369,2022/10/8 12:02,131.392872,46.86975883,5192947.143,453712.2413,0,0,FALSE,3.6,0,300
5370,2022/10/8 12:02,131.3928718,46.86975867,5192947.125,453712.2259,0,0,FALSE,3.6,0,300
5371,2022/10/8 12:02,131.3928715,46.86975833,5192947.088,453712.2027,0,0,FALSE,3.6,0,300
5372,2022/10/8 12:02,131.3928712,46.86975833,5192947.088,453712.1799,0,0,FALSE,3.6,0,300
5373,2022/10/8 12:02,131.392871,46.86975817,5192947.07,453712.1645,0,0,FALSE,3.6,0,300
5374,2022/10/8 12:02,131.3928708,46.86975817,5192947.07,453712.1492,0,0,FALSE,3.6,0,300
5375,2022/10/8 12:02,131.3928707,46.86975817,5192947.07,453712.1416,0,0,FALSE,3.6,0,300
5376,2022/10/8 12:03,131.3928705,46.86975817,5192947.07,453712.1264,0,0,FALSE,3.6,0,300
5377,2022/10/8 12:03,131.3928703,46.86975817,5192947.071,453712.1111,0,0,FALSE,3.6,0,300
5378,2022/10/8 12:03,131.3928702,46.86975817,5192947.071,453712.1035,0,0,FALSE,3.6,0,300
5379,2022/10/8 12:03,131.39287,46.869758,5192947.052,453712.0881,0,0,FALSE,3.6,0,300
5380,2022/10/8 12:03,131.39287,46.869758,5192947.052,453712.0881,0,0,FALSE,3.6,0,300
5381,2022/10/8 12:03,131.3928698,46.86975783,5192947.033,453712.0727,0,0,FALSE,3.6,0,300
5382,2022/10/8 12:03,131.3928698,46.86975783,5192947.033,453712.0727,0,0,FALSE,3.6,0,300
5383,2022/10/8 12:03,131.3928698,46.86975767,5192947.015,453712.0726,0,0,FALSE,3.6,0,300
5384,2022/10/8 12:03,131.3928698,46.86975767,5192947.015,453712.0726,0,0,FALSE,3.6,0,300
5385,2022/10/8 12:03,131.3928698,46.8697575,5192946.996,453712.0724,0,0,FALSE,3.6,0,300
5386,2022/10/8 12:03,131.3928698,46.8697575,5192946.996,453712.0724,0,85.6,FALSE,3.6,0,300
5387,2022/10/8 12:03,131.3928698,46.8697575,5192946.996,453712.0724,0,0,FALSE,3.6,0,300
5388,2022/10/8 12:03,131.3928698,46.86975733,5192946.977,453712.0723,0,0,FALSE,3.6,0,300
5389,2022/10/8 12:03,131.3928698,46.86975733,5192946.977,453712.0723,0,0,FALSE,3.6,0,300
5390,2022/10/8 12:03,131.3928698,46.86975717,5192946.96,453712.0721,0,0,FALSE,3.6,0,300
5391,2022/10/8 12:04,131.3928697,46.86975717,5192946.96,453712.0645,0,0,FALSE,3.6,0,300
5392,2022/10/8 12:04,131.3928697,46.869757,5192946.941,453712.0644,0,0,FALSE,3.6,0,300
5393,2022/10/8 12:04,131.3928697,46.869757,5192946.941,453712.0644,0,0,FALSE,3.6,0,300
5394,2022/10/8 12:04,131.3928697,46.86975683,5192946.922,453712.0642,0,0,FALSE,3.6,0,300
5395,2022/10/8 12:04,131.3928697,46.86975683,5192946.922,453712.0642,0,0,FALSE,3.6,0,300
5396,2022/10/8 12:04,131.3928697,46.86975683,5192946.922,453712.0642,0,0,FALSE,3.6,0,300
5397,2022/10/8 12:04,131.3928695,46.86975683,5192946.922,453712.049,0,0,FALSE,3.6,0,300
5398,2022/10/8 12:04,131.3928695,46.86975683,5192946.922,453712.049,0,0,FALSE,3.6,0,300
5399,2022/10/8 12:04,131.3928695,46.86975683,5192946.922,453712.049,0,0,FALSE,3.6,0,300
5400,2022/10/8 12:04,131.3928693,46.86975683,5192946.922,453712.0337,0,0,FALSE,3.6,0,300
5401,2022/10/8 12:04,131.3928693,46.86975683,5192946.922,453712.0337,0,0,FALSE,3.6,0,300
5402,2022/10/8 12:04,131.3928693,46.86975683,5192946.922,453712.0337,0,0,FALSE,3.6,0,300
5403,2022/10/8 12:04,131.3928692,46.86975683,5192946.922,453712.0261,0,0,FALSE,3.6,0,300
5404,2022/10/8 12:04,131.3928692,46.86975683,5192946.922,453712.0261,0,0,FALSE,3.6,0,300
5405,2022/10/8 12:04,131.3928692,46.869757,5192946.941,453712.0262,0,0,FALSE,3.6,0,300
5406,2022/10/8 12:05,131.3928692,46.869757,5192946.941,453712.0262,0,0,FALSE,3.6,0,300
5407,2022/10/8 12:05,131.392869,46.86975717,5192946.96,453712.0111,0,0,FALSE,3.6,0,300
5408,2022/10/8 12:05,131.392869,46.86975717,5192946.96,453712.0111,0,0,FALSE,3.6,0,300
5409,2022/10/8 12:05,131.392869,46.86975733,5192946.978,453712.0113,0,0,FALSE,3.6,0,300
5410,2022/10/8 12:05,131.392869,46.86975733,5192946.978,453712.0113,0,0,FALSE,3.6,0,300
5411,2022/10/8 12:05,131.392869,46.8697575,5192946.997,453712.0114,0,0,FALSE,3.6,0,300
5412,2022/10/8 12:05,131.392869,46.86975767,5192947.016,453712.0116,0,0,FALSE,3.6,0,300
5413,2022/10/8 12:05,131.392869,46.86975767,5192947.016,453712.0116,0,0,FALSE,3.6,0,300
5414,2022/10/8 12:05,131.392869,46.86975767,5192947.016,453712.0116,0,0,FALSE,3.6,0,300
5415,2022/10/8 12:05,131.392869,46.86975783,5192947.033,453712.0117,0,0,FALSE,3.6,0,300
5416,2022/10/8 12:05,131.392869,46.86975783,5192947.033,453712.0117,0,0,FALSE,3.6,0,300
5417,2022/10/8 12:05,131.392869,46.869758,5192947.052,453712.0119,0,0,FALSE,3.6,0,300
5418,2022/10/8 12:05,131.392869,46.869758,5192947.052,453712.0119,0,0,FALSE,3.6,0,300
5419,2022/10/8 12:05,131.392869,46.86975817,5192947.071,453712.012,0,0,FALSE,3.6,0,300
5420,2022/10/8 12:05,131.392869,46.86975817,5192947.071,453712.012,0,0,FALSE,3.6,0,300
5421,2022/10/8 12:06,131.392869,46.86975833,5192947.089,453712.0121,0,0,FALSE,3.6,0,300
5422,2022/10/8 12:06,131.392869,46.86975833,5192947.089,453712.0121,0,0,FALSE,3.6,0,300
5423,2022/10/8 12:06,131.3928688,46.8697585,5192947.108,453711.997,0,0,FALSE,3.6,0,300
5424,2022/10/8 12:06,131.3928688,46.8697585,5192947.108,453711.997,0,0,FALSE,3.6,0,300
5425,2022/10/8 12:06,131.3928688,46.86975867,5192947.127,453711.9972,0,0,FALSE,3.6,0,300
5426,2022/10/8 12:06,131.3928688,46.86975867,5192947.127,453711.9972,0,0,FALSE,3.6,0,300
5427,2022/10/8 12:06,131.3928688,46.86975883,5192947.145,453711.9973,0,0,FALSE,3.6,0,300
5428,2022/10/8 12:06,131.3928687,46.869759,5192947.164,453711.9898,0,0,FALSE,3.6,0,300
5429,2022/10/8 12:06,131.3928687,46.869759,5192947.164,453711.9898,0,0,FALSE,3.6,0,300
5430,2022/10/8 12:06,131.3928687,46.86975917,5192947.183,453711.99,0,0,FALSE,3.6,0,300
5431,2022/10/8 12:06,131.3928685,46.86975933,5192947.201,453711.9749,0,0,FALSE,3.6,0,300
5432,2022/10/8 12:06,131.3928685,46.86975933,5192947.201,453711.9749,0,0,FALSE,3.6,0,300
5433,2022/10/8 12:06,131.3928685,46.8697595,5192947.219,453711.975,0,0,FALSE,3.6,0,300
5434,2022/10/8 12:06,131.3928683,46.8697595,5192947.22,453711.9598,0,0,FALSE,3.6,0,300
5435,2022/10/8 12:06,131.3928683,46.86975967,5192947.238,453711.9599,0,0,FALSE,3.6,0,300
5436,2022/10/8 12:07,131.3928683,46.86975983,5192947.256,453711.9601,0,0,FALSE,3.6,0,300
5437,2022/10/8 12:07,131.3928682,46.86975983,5192947.256,453711.9524,0,0,FALSE,3.6,0,300
5438,2022/10/8 12:07,131.3928682,46.86976,5192947.275,453711.9526,0,0,FALSE,3.6,0,300
5439,2022/10/8 12:07,131.3928682,46.86976017,5192947.294,453711.9527,0,0,FALSE,3.6,0,300
5440,2022/10/8 12:07,131.392868,46.86976017,5192947.294,453711.9375,0,0,FALSE,3.6,0,300
5441,2022/10/8 12:07,131.392868,46.86976033,5192947.312,453711.9376,0,0,FALSE,3.6,0,300
5442,2022/10/8 12:07,131.392868,46.86976033,5192947.312,453711.9376,0,0,FALSE,3.6,0,300
5443,2022/10/8 12:07,131.392868,46.8697605,5192947.331,453711.9378,0,0,FALSE,3.6,0,300
5444,2022/10/8 12:07,131.3928678,46.8697605,5192947.331,453711.9225,0,0,FALSE,3.6,0,300
5445,2022/10/8 12:07,131.3928678,46.8697605,5192947.331,453711.9225,0,0,FALSE,3.6,0,300
5446,2022/10/8 12:07,131.3928678,46.86976067,5192947.35,453711.9227,0,0,FALSE,3.6,0,300
5447,2022/10/8 12:07,131.3928678,46.86976067,5192947.35,453711.9227,0,0,FALSE,3.6,0,300
5448,2022/10/8 12:07,131.3928677,46.86976083,5192947.368,453711.9152,0,0,FALSE,3.6,0,300
5449,2022/10/8 12:07,131.3928677,46.86976083,5192947.368,453711.9152,0,0,FALSE,3.6,0,300
5450,2022/10/8 12:07,131.3928677,46.86976083,5192947.368,453711.9152,0,0,FALSE,3.6,0,300
5451,2022/10/8 12:08,131.3928677,46.869761,5192947.387,453711.9153,0,0,FALSE,3.6,0,300
5452,2022/10/8 12:08,131.3928675,46.869761,5192947.387,453711.9001,0,0,FALSE,3.6,0,300
5453,2022/10/8 12:08,131.3928675,46.869761,5192947.387,453711.9001,0,0,FALSE,3.6,0,300
5454,2022/10/8 12:08,131.3928673,46.86976117,5192947.406,453711.885,0,0,FALSE,3.6,0,300
5455,2022/10/8 12:08,131.3928673,46.86976117,5192947.406,453711.885,0,0,FALSE,3.6,0,300
5456,2022/10/8 12:08,131.3928673,46.86976117,5192947.406,453711.885,0,0,FALSE,3.6,0,300
5457,2022/10/8 12:08,131.3928672,46.86976117,5192947.406,453711.8774,0,0,FALSE,3.6,0,300
5458,2022/10/8 12:08,131.3928672,46.86976133,5192947.424,453711.8775,0,0,FALSE,3.6,0,300
5459,2022/10/8 12:08,131.392867,46.86976133,5192947.424,453711.8622,0,0,FALSE,3.6,0,300
5460,2022/10/8 12:08,131.392867,46.8697615,5192947.443,453711.8624,0,0,FALSE,3.6,0,300
5461,2022/10/8 12:08,131.3928668,46.8697615,5192947.443,453711.8471,0,0,FALSE,3.6,0,300
5462,2022/10/8 12:08,131.3928668,46.8697615,5192947.443,453711.8471,0,0,FALSE,3.6,0,300
5463,2022/10/8 12:08,131.3928668,46.86976167,5192947.462,453711.8473,0,0,FALSE,3.6,0,300
5464,2022/10/8 12:08,131.3928667,46.86976167,5192947.462,453711.8397,0,0,FALSE,3.6,0,300
5465,2022/10/8 12:08,131.3928667,46.86976183,5192947.48,453711.8398,0,0,FALSE,3.6,0,300
5466,2022/10/8 12:09,131.3928665,46.86976183,5192947.48,453711.8246,0,0,FALSE,3.6,0,300
5467,2022/10/8 12:09,131.3928665,46.86976183,5192947.48,453711.8246,0,0,FALSE,3.6,0,300
5468,2022/10/8 12:09,131.3928665,46.869762,5192947.499,453711.8247,0,0,FALSE,3.6,0,300
5469,2022/10/8 12:09,131.3928663,46.869762,5192947.499,453711.8094,0,0,FALSE,3.6,0,300
5470,2022/10/8 12:09,131.3928663,46.869762,5192947.499,453711.8094,0,0,FALSE,3.6,0,300
5471,2022/10/8 12:09,131.3928662,46.86976217,5192947.518,453711.802,0,0,FALSE,3.6,0,300
5472,2022/10/8 12:09,131.3928662,46.86976217,5192947.518,453711.802,0,0,FALSE,3.6,0,300
5473,2022/10/8 12:09,131.3928662,46.86976233,5192947.535,453711.8021,0,0,FALSE,3.6,0,300
5474,2022/10/8 12:09,131.392866,46.86976233,5192947.536,453711.7869,0,85.5,FALSE,3.6,0,300
5475,2022/10/8 12:09,131.392866,46.86976233,5192947.536,453711.7869,0,0,FALSE,3.6,0,300
5476,2022/10/8 12:09,131.392866,46.8697625,5192947.554,453711.787,0,0,FALSE,3.6,0,300
5477,2022/10/8 12:09,131.3928658,46.8697625,5192947.555,453711.7718,0,0,FALSE,3.6,0,300
5478,2022/10/8 12:09,131.3928658,46.8697625,5192947.555,453711.7718,0,0,FALSE,3.6,0,300
5479,2022/10/8 12:09,131.3928658,46.86976267,5192947.573,453711.7719,0,0,FALSE,3.6,0,300
5480,2022/10/8 12:09,131.3928658,46.86976267,5192947.573,453711.7719,0,0,FALSE,3.6,0,300
5481,2022/10/8 12:10,131.3928658,46.86976267,5192947.573,453711.7719,0,0,FALSE,3.6,0,300
5482,2022/10/8 12:10,131.3928657,46.86976267,5192947.573,453711.7643,0,0,FALSE,3.6,0,300
5483,2022/10/8 12:10,131.3928657,46.86976283,5192947.591,453711.7644,0,0,FALSE,3.6,0,300
5484,2022/10/8 12:10,131.3928657,46.86976283,5192947.591,453711.7644,0,0,FALSE,3.6,0,300
5485,2022/10/8 12:10,131.3928657,46.86976283,5192947.591,453711.7644,0,0,FALSE,3.6,0,300
5486,2022/10/8 12:10,131.3928655,46.86976283,5192947.591,453711.7492,0,0,FALSE,3.6,0,300
5487,2022/10/8 12:10,131.3928655,46.86976283,5192947.591,453711.7492,0,0,FALSE,3.6,0,300
5488,2022/10/8 12:10,131.3928653,46.869763,5192947.61,453711.7341,0,0,FALSE,3.6,0,300
5489,2022/10/8 12:10,131.3928653,46.869763,5192947.61,453711.7341,0,0,FALSE,3.6,0,300
5490,2022/10/8 12:10,131.3928652,46.869763,5192947.61,453711.7264,0,0,FALSE,3.6,0,300
5491,2022/10/8 12:10,131.3928652,46.869763,5192947.61,453711.7264,0,0,FALSE,3.6,0,300
5492,2022/10/8 12:10,131.3928652,46.869763,5192947.61,453711.7264,0,0,FALSE,3.6,0,300
5493,2022/10/8 12:10,131.3928652,46.86976317,5192947.629,453711.7266,0,0,FALSE,3.6,0,300
5494,2022/10/8 12:10,131.3928652,46.86976317,5192947.629,453711.7266,0,0,FALSE,3.6,0,300
5495,2022/10/8 12:10,131.392865,46.86976317,5192947.629,453711.7113,0,0,FALSE,3.6,0,300
5496,2022/10/8 12:11,131.392865,46.86976317,5192947.629,453711.7113,0,0,FALSE,3.6,0,300
5497,2022/10/8 12:11,131.392865,46.86976317,5192947.629,453711.7113,0,0,FALSE,3.6,0,300
5498,2022/10/8 12:11,131.392865,46.86976317,5192947.629,453711.7113,0,0,FALSE,3.6,0,300
5499,2022/10/8 12:11,131.392865,46.86976317,5192947.629,453711.7113,0,0,FALSE,3.6,0,300
5500,2022/10/8 12:11,131.392865,46.86976333,5192947.647,453711.7115,0,0,FALSE,3.6,0,300
5501,2022/10/8 12:11,131.3928648,46.86976333,5192947.647,453711.6962,0,0,FALSE,3.6,0,300
5502,2022/10/8 12:11,131.3928648,46.86976333,5192947.647,453711.6962,0,0,FALSE,3.6,0,300
5503,2022/10/8 12:11,131.3928648,46.86976333,5192947.647,453711.6962,0,0,FALSE,3.6,0,300
5504,2022/10/8 12:11,131.3928648,46.86976333,5192947.647,453711.6962,0,0,FALSE,3.6,0,300
5505,2022/10/8 12:11,131.3928648,46.86976333,5192947.647,453711.6962,0,0,FALSE,3.6,0,300
5506,2022/10/8 12:11,131.3928648,46.86976333,5192947.647,453711.6962,0,0,FALSE,3.6,0,300
5507,2022/10/8 12:11,131.3928648,46.86976333,5192947.647,453711.6962,0,0,FALSE,3.6,0,300
5508,2022/10/8 12:11,131.3928648,46.86976333,5192947.647,453711.6962,0,0,FALSE,3.6,0,300
5509,2022/10/8 12:11,131.3928647,46.86976333,5192947.647,453711.6886,0,0,FALSE,3.6,0,300
5510,2022/10/8 12:11,131.3928647,46.86976333,5192947.647,453711.6886,0,0,FALSE,3.6,0,300
5511,2022/10/8 12:12,131.3928647,46.86976333,5192947.647,453711.6886,0,0,FALSE,3.6,0,300
5512,2022/10/8 12:12,131.3928647,46.86976333,5192947.647,453711.6886,0,0,FALSE,3.6,0,300
5513,2022/10/8 12:12,131.3928647,46.86976317,5192947.63,453711.6885,0,0,FALSE,3.6,0,300
5514,2022/10/8 12:12,131.3928647,46.86976317,5192947.63,453711.6885,0,0,FALSE,3.6,0,300
5515,2022/10/8 12:12,131.3928647,46.86976317,5192947.63,453711.6885,0,0,FALSE,3.6,0,300
5516,2022/10/8 12:12,131.3928645,46.86976317,5192947.63,453711.6732,0,0,FALSE,3.6,0,300
5517,2022/10/8 12:12,131.3928645,46.86976317,5192947.63,453711.6732,0,0,FALSE,3.6,0,300
5518,2022/10/8 12:12,131.3928645,46.86976317,5192947.63,453711.6732,0,0,FALSE,3.6,0,300
5519,2022/10/8 12:12,131.3928643,46.86976317,5192947.63,453711.658,0,0,FALSE,3.6,0,300
5520,2022/10/8 12:12,131.3928643,46.86976317,5192947.63,453711.658,0,0,FALSE,3.6,0,300
5521,2022/10/8 12:12,131.3928643,46.869763,5192947.611,453711.6578,0,0,FALSE,3.6,0,300
5522,2022/10/8 12:12,131.3928643,46.869763,5192947.611,453711.6578,0,0,FALSE,3.6,0,300
5523,2022/10/8 12:12,131.3928642,46.869763,5192947.611,453711.6502,0,0,FALSE,3.6,0,300
5524,2022/10/8 12:12,131.3928642,46.869763,5192947.611,453711.6502,0,0,FALSE,3.6,0,300
5525,2022/10/8 12:12,131.3928642,46.869763,5192947.611,453711.6502,0,0,FALSE,3.6,0,300
5526,2022/10/8 12:13,131.3928642,46.869763,5192947.611,453711.6502,0,0,FALSE,3.6,0,300
5527,2022/10/8 12:13,131.392864,46.869763,5192947.611,453711.635,0,0,FALSE,3.6,0,300
5528,2022/10/8 12:13,131.392864,46.869763,5192947.611,453711.635,0,0,FALSE,3.6,0,300
5529,2022/10/8 12:13,131.392864,46.869763,5192947.611,453711.635,0,0,FALSE,3.6,0,300
5530,2022/10/8 12:13,131.392864,46.869763,5192947.611,453711.635,0,0,FALSE,3.6,0,300
5531,2022/10/8 12:13,131.392864,46.869763,5192947.611,453711.635,0,0,FALSE,3.6,0,300
5532,2022/10/8 12:13,131.392864,46.869763,5192947.611,453711.635,0,0,FALSE,3.6,0,300
5533,2022/10/8 12:13,131.392864,46.869763,5192947.611,453711.635,0,0,FALSE,3.6,0,300
5534,2022/10/8 12:13,131.3928638,46.86976317,5192947.63,453711.6199,0,0,FALSE,3.6,0,300
5535,2022/10/8 12:13,131.3928638,46.86976317,5192947.63,453711.6199,0,0,FALSE,3.6,0,300
5536,2022/10/8 12:13,131.3928638,46.86976317,5192947.63,453711.6199,0,0,FALSE,3.6,0,300
5537,2022/10/8 12:13,131.3928638,46.86976317,5192947.63,453711.6199,0,0,FALSE,3.6,0,300
5538,2022/10/8 12:13,131.3928638,46.86976317,5192947.63,453711.6199,0,0,FALSE,3.6,0,300
5539,2022/10/8 12:13,131.3928638,46.86976317,5192947.63,453711.6199,0,0,FALSE,3.6,0,300
5540,2022/10/8 12:13,131.3928638,46.86976317,5192947.63,453711.6199,0,0,FALSE,3.6,0,300
5541,2022/10/8 12:14,131.3928638,46.86976317,5192947.63,453711.6199,0,0,FALSE,3.6,0,300
5542,2022/10/8 12:14,131.3928638,46.86976317,5192947.63,453711.6199,0,0,FALSE,3.6,0,300
5543,2022/10/8 12:14,131.3928638,46.86976317,5192947.63,453711.6199,0,0,FALSE,3.6,0,300
5544,2022/10/8 12:14,131.3928638,46.86976317,5192947.63,453711.6199,0,0,FALSE,3.6,0,300
5545,2022/10/8 12:14,131.3928638,46.86976333,5192947.648,453711.62,0,0,FALSE,3.6,0,300
5546,2022/10/8 12:14,131.3928638,46.86976333,5192947.648,453711.62,0,0,FALSE,3.6,0,300
5547,2022/10/8 12:14,131.3928638,46.86976333,5192947.648,453711.62,0,0,FALSE,3.6,0,300
5548,2022/10/8 12:14,131.3928638,46.86976333,5192947.648,453711.62,0,0,FALSE,3.6,0,300
5549,2022/10/8 12:14,131.3928638,46.86976333,5192947.648,453711.62,0,0,FALSE,3.6,0,300
5550,2022/10/8 12:14,131.3928638,46.8697635,5192947.667,453711.6201,0,0,FALSE,3.6,0,300
5551,2022/10/8 12:14,131.3928638,46.8697635,5192947.667,453711.6201,0,0,FALSE,3.6,0,300
5552,2022/10/8 12:14,131.3928638,46.8697635,5192947.667,453711.6201,0,0,FALSE,3.6,0,300
5553,2022/10/8 12:14,131.3928638,46.8697635,5192947.667,453711.6201,0,0,FALSE,3.6,0,300
5554,2022/10/8 12:14,131.3928638,46.8697635,5192947.667,453711.6201,0,0,FALSE,3.6,0,300
5555,2022/10/8 12:14,131.3928638,46.8697635,5192947.667,453711.6201,0,0,FALSE,3.6,0,300
5556,2022/10/8 12:15,131.3928638,46.8697635,5192947.667,453711.6201,0,0,FALSE,3.6,0,300
5557,2022/10/8 12:15,131.3928638,46.8697635,5192947.667,453711.6201,0,0,FALSE,3.6,0,300
5558,2022/10/8 12:15,131.3928638,46.86976367,5192947.686,453711.6203,0,0,FALSE,3.6,0,300
5559,2022/10/8 12:15,131.3928638,46.86976367,5192947.686,453711.6203,0,0,FALSE,3.6,0,300
5560,2022/10/8 12:15,131.3928958,46.86976283,5192947.574,453714.0593,2.24092,104.2,FALSE,3.6,0,300
5561,2022/10/8 12:15,131.3929307,46.86974783,5192945.885,453716.7071,3.66696,131.1,FALSE,3.6,0,300
5562,2022/10/8 12:15,131.392963,46.86972117,5192942.903,453719.1468,0.3704,147.8,FALSE,3.6,0,300
5563,2022/10/8 12:15,131.3929757,46.869708,5192941.431,453720.1037,1.55568,203.2,FALSE,3.6,0,300
5564,2022/10/8 12:15,131.3929727,46.86967233,5192937.467,453719.8443,4.12996,176.7,FALSE,3.6,0,300
5565,2022/10/8 12:15,131.3929777,46.869642,5192934.093,453720.1995,0,0,FALSE,3.6,0,300
5566,2022/10/8 12:15,131.3929707,46.86965033,5192935.023,453719.673,4.167,354.4,FALSE,3.6,0,300
5567,2022/10/8 12:15,131.3929635,46.869678,5192938.103,453719.1478,1.12972,342.2,FALSE,3.6,0,300
5568,2022/10/8 12:15,131.3929605,46.869688,5192939.217,453718.9277,0,347.3,FALSE,3.6,0,300
5569,2022/10/8 12:15,131.3929607,46.8696875,5192939.161,453718.9425,0,0,FALSE,3.6,0,300
5570,2022/10/8 12:15,131.3929618,46.86968833,5192939.253,453719.0271,0,0,FALSE,3.6,0,300
5571,2022/10/8 12:16,131.3929638,46.86967983,5192938.307,453719.1723,3.48176,172.9,TRUE,3.6,469,300
5572,2022/10/8 12:16,131.3929828,46.8696045,5192929.921,453720.5561,5.44488,176.4,TRUE,3.6,461,300
5573,2022/10/8 12:16,131.392995,46.86953433,5192922.113,453721.4259,6.019,168.1,TRUE,3.6,424,300
5574,2022/10/8 12:16,131.3930063,46.8694775,5192915.789,453722.2386,6.87092,179.8,TRUE,3.6,478,300
5575,2022/10/8 12:16,131.393013,46.86941933,5192909.318,453722.6994,5.42636,182.3,TRUE,3.6,478,300
5576,2022/10/8 12:16,131.3930252,46.86935967,5192902.679,453723.5782,6.2968,175.6,TRUE,3.6,500,300
5577,2022/10/8 12:16,131.3930327,46.86929967,5192896.004,453724.0985,5.42636,169.6,TRUE,3.6,500,300
5578,2022/10/8 12:16,131.3930418,46.8692425,5192889.643,453724.7431,5.94492,177.9,TRUE,3.6,467,300
5579,2022/10/8 12:16,131.3930562,46.86918883,5192883.669,453725.7949,5.96344,173.2,TRUE,3.6,498,300
5580,2022/10/8 12:16,131.3930627,46.869134,5192877.569,453726.2433,5.38932,175.5,TRUE,3.6,500,300
5581,2022/10/8 12:16,131.393067,46.8690745,5192870.952,453726.52,5.57452,173.6,TRUE,3.6,490,300
5582,2022/10/8 12:16,131.3930737,46.86901867,5192864.742,453726.9829,4.88928,170.5,TRUE,3.6,448,300
5583,2022/10/8 12:16,131.3930835,46.86896133,5192858.362,453727.6807,4.8152,176.5,TRUE,3.6,461,300
5584,2022/10/8 12:16,131.393092,46.86890783,5192852.409,453728.2828,5.94492,170.8,TRUE,3.6,500,300
5585,2022/10/8 12:16,131.3931027,46.86884983,5192845.955,453729.0488,5.90788,170.4,TRUE,3.6,493,300
5586,2022/10/8 12:17,131.3931117,46.86879317,5192839.651,453729.6862,5.4634,173.4,TRUE,3.6,500,300
5587,2022/10/8 12:17,131.3931205,46.86873817,5192833.532,453730.3099,6.00048,177.8,TRUE,3.6,484,300
5588,2022/10/8 12:17,131.3931325,46.8686835,5192827.447,453731.1778,5.07448,175.9,TRUE,3.6,497,300
5589,2022/10/8 12:17,131.393142,46.8686335,5192821.883,453731.8592,5.87084,178.6,TRUE,3.6,500,300
5590,2022/10/8 12:17,131.3931518,46.868576,5192815.485,453732.5569,5.51896,177.1,TRUE,3.6,500,300
5591,2022/10/8 12:17,131.3931647,46.86851817,5192809.049,453733.4907,5.556,170.8,TRUE,3.6,476,300
5592,2022/10/8 12:17,131.3931712,46.86846083,5192802.671,453733.937,5.4634,173.2,TRUE,3.6,500,300
5593,2022/10/8 12:17,131.3931793,46.86840333,5192796.274,453734.5052,5.48192,173.1,TRUE,3.6,500,300
5594,2022/10/8 12:17,131.393177,46.8683465,5192789.957,453734.281,5.16708,174.3,TRUE,3.6,500,300
5595,2022/10/8 12:17,131.3931902,46.8682915,5192783.835,453735.2402,5.61156,175,TRUE,3.6,500,300
5596,2022/10/8 12:17,131.3932048,46.8682355,5192777.601,453736.3052,5.40784,171.9,TRUE,3.6,482,300
5597,2022/10/8 12:17,131.393211,46.86817633,5192771.02,453736.727,5.4634,171.8,TRUE,3.6,496,300
5598,2022/10/8 12:17,131.3932202,46.86812017,5192764.771,453737.3802,6.09308,175.4,TRUE,3.6,497,300
5599,2022/10/8 12:17,131.3932355,46.868063,5192758.407,453738.4976,5.7412,173,TRUE,3.6,500,300
5600,2022/10/8 12:17,131.3932463,46.86800683,5192752.156,453739.2728,5.66712,178.6,TRUE,3.6,500,300
5601,2022/10/8 12:18,131.3932602,46.8679525,5192746.108,453740.2859,5.77824,176,TRUE,3.6,470,300
5602,2022/10/8 12:18,131.393266,46.8678945,5192739.657,453740.6782,5.33376,171.9,TRUE,3.6,500,300
5603,2022/10/8 12:18,131.3932748,46.86783483,5192733.018,453741.2979,5.2782,172.7,TRUE,3.6,495,300
5604,2022/10/8 12:18,131.3932957,46.86771667,5192719.871,453742.7899,5.85232,176.2,TRUE,3.6,493,300
5605,2022/10/8 12:18,131.3933093,46.86765967,5192713.526,453743.7778,5.4634,173.5,TRUE,3.6,489,300
5606,2022/10/8 12:18,131.3933143,46.86759783,5192706.648,453744.1059,5.6486,178.8,TRUE,3.6,447,300
5607,2022/10/8 12:18,131.3933167,46.867537,5192699.885,453744.2367,6.09308,174.4,TRUE,3.6,496,300
5608,2022/10/8 12:18,131.3933282,46.86748083,5192693.634,453745.0652,5.70416,175.4,TRUE,3.6,489,300
5609,2022/10/8 12:18,131.393341,46.86742583,5192687.512,453745.9939,5.44488,175.9,TRUE,3.6,472,300
5610,2022/10/8 12:18,131.3933435,46.867369,5192681.193,453746.1357,5.05596,175,TRUE,3.6,500,300
5611,2022/10/8 12:18,131.3933578,46.86731667,5192675.367,453747.181,5.98196,172.2,TRUE,3.6,477,300
5612,2022/10/8 12:18,131.3933703,46.86725633,5192668.652,453748.0822,5.79676,175.5,TRUE,3.6,499,300
5613,2022/10/8 12:18,131.3933813,46.8671995,5192662.327,453748.8721,5.48192,178.6,TRUE,3.6,500,300
5614,2022/10/8 12:18,131.393389,46.86714483,5192656.245,453749.4122,5.72268,172.8,TRUE,3.6,485,300
5615,2022/10/8 12:19,131.3934002,46.86709217,5192650.385,453750.2209,5.90788,176.1,TRUE,3.6,500,300
5616,2022/10/8 12:19,131.3934115,46.867034,5192643.911,453751.0325,5.61156,179.1,TRUE,3.6,494,300
5617,2022/10/8 12:19,131.3934245,46.86697767,5192637.642,453751.9753,5.1856,177.7,TRUE,3.6,461,300
5618,2022/10/8 12:19,131.3934378,46.86692167,5192631.408,453752.9412,5.85232,178.3,TRUE,3.6,493,300
5619,2022/10/8 12:19,131.3934483,46.86686717,5192625.344,453753.695,6.18568,172.5,TRUE,3.6,487,300
5620,2022/10/8 12:19,131.3934625,46.86680933,5192618.905,453754.728,5.51896,178.5,TRUE,3.6,500,300
5621,2022/10/8 12:19,131.3934675,46.86675017,5192612.326,453755.0584,5.63008,174.5,TRUE,3.6,491,300
5622,2022/10/8 12:19,131.3934735,46.86668917,5192605.541,453755.4635,6.09308,176.8,TRUE,3.6,473,300
5623,2022/10/8 12:19,131.393484,46.86662867,5192598.809,453756.2121,5.98196,173.3,TRUE,3.6,472,300
5624,2022/10/8 12:19,131.3934948,46.86657167,5192592.466,453756.9866,5.96344,172.8,TRUE,3.6,460,300
5625,2022/10/8 12:19,131.3935082,46.86651417,5192586.066,453757.9589,5.90788,172.3,TRUE,3.6,500,300
5626,2022/10/8 12:19,131.3935203,46.86645467,5192579.444,453758.8304,5.79676,173.3,TRUE,3.6,475,300
5627,2022/10/8 12:19,131.3935222,46.86639367,5192572.662,453758.9228,6.22272,173.6,TRUE,3.6,486,300
5628,2022/10/8 12:19,131.393526,46.866337,5192566.36,453759.1639,5.9264,177.3,TRUE,3.6,496,300
5629,2022/10/8 12:19,131.3935383,46.86627717,5192559.702,453760.0503,5.81528,176.4,TRUE,3.6,496,300
5630,2022/10/8 12:20,131.3935495,46.866222,5192553.562,453760.8569,5.59304,178.5,TRUE,3.6,496,300
5631,2022/10/8 12:20,131.393555,46.86616667,5192547.408,453761.2288,5.11152,172.6,TRUE,3.6,486,300
5632,2022/10/8 12:20,131.393564,46.8661095,5192541.047,453761.8659,5.66712,171,TRUE,3.6,493,300
5633,2022/10/8 12:20,131.393576,46.86605117,5192534.555,453762.7307,6.55608,171,TRUE,3.6,500,300
5634,2022/10/8 12:20,131.3935892,46.86599417,5192528.211,453763.6882,5.57452,174.1,TRUE,3.6,500,300
5635,2022/10/8 12:20,131.3935992,46.865938,5192521.961,453764.4025,5.79676,175.4,TRUE,3.6,500,300
5636,2022/10/8 12:20,131.3936085,46.86588333,5192515.878,453765.0646,5.7412,174.4,TRUE,3.6,500,300
5637,2022/10/8 12:20,131.3936168,46.8658275,5192509.666,453765.6495,5.24116,171.8,TRUE,3.6,500,300
5638,2022/10/8 12:20,131.393625,46.86576917,5192503.177,453766.2246,5.66712,173.4,TRUE,3.6,497,300
5639,2022/10/8 12:20,131.3936378,46.86571133,5192496.74,453767.1509,5.44488,172.9,TRUE,3.6,486,300
5640,2022/10/8 12:20,131.3936433,46.865655,5192490.474,453767.5219,5.72268,178.6,TRUE,3.6,471,300
5641,2022/10/8 12:20,131.3936485,46.86560083,5192484.449,453767.8719,5.35228,171.2,TRUE,3.6,500,300
5642,2022/10/8 12:20,131.39366,46.86554133,5192477.828,453768.6976,5.9264,173.9,TRUE,3.6,500,300
5643,2022/10/8 12:20,131.3936677,46.86548283,5192471.32,453769.2345,6.13012,176.1,TRUE,3.6,476,300
5644,2022/10/8 12:20,131.3936687,46.86542717,5192465.132,453769.263,5.53748,170.3,TRUE,3.6,500,300
5645,2022/10/8 12:21,131.3936838,46.865369,5192458.657,453770.3644,5.44488,174.4,TRUE,3.6,497,300
5646,2022/10/8 12:21,131.3936978,46.865314,5192452.534,453771.3846,5.24116,173.9,TRUE,3.6,493,300
5647,2022/10/8 12:21,131.3937065,46.8652555,5192446.026,453771.9977,5.57452,172.7,TRUE,3.6,500,300
5648,2022/10/8 12:21,131.3937167,46.86519967,5192439.813,453772.7275,4.88928,180.8,TRUE,3.6,494,300
5649,2022/10/8 12:21,131.3937252,46.86514717,5192433.972,453773.3305,5.44488,180,TRUE,3.6,500,300
5650,2022/10/8 12:21,131.3937322,46.86508867,5192427.464,453773.814,6.14864,172.4,TRUE,3.6,488,300
5651,2022/10/8 12:21,131.393745,46.86502733,5192420.638,453774.7373,6.07456,172.4,TRUE,3.6,500,300
5652,2022/10/8 12:21,131.3937477,46.86496217,5192413.393,453774.8873,6.13012,170.5,TRUE,3.6,500,300
5653,2022/10/8 12:21,131.3937583,46.86490783,5192407.345,453775.6489,5.20412,176.7,TRUE,3.6,477,300
5654,2022/10/8 12:21,131.3937748,46.86485217,5192401.148,453776.8592,5.98196,167.3,TRUE,3.6,472,300
5655,2022/10/8 12:21,131.3937822,46.86479717,5192395.03,453777.3762,6.14864,176.3,TRUE,3.6,500,300
5656,2022/10/8 12:21,131.3937882,46.86473783,5192388.429,453777.7827,5.63008,174,TRUE,3.6,500,300
5657,2022/10/8 12:21,131.3937937,46.86468,5192381.997,453778.1524,5.70416,173,TRUE,3.6,477,300
5658,2022/10/8 12:21,131.3938008,46.864621,5192375.434,453778.6432,6.03752,176.5,TRUE,3.6,500,300
5659,2022/10/8 12:21,131.3938107,46.864563,5192368.981,453779.3482,5.87084,177.6,TRUE,3.6,500,300
5660,2022/10/8 12:22,131.39382,46.86450617,5192362.657,453780.0086,5.70416,175.3,TRUE,3.6,485,300
5661,2022/10/8 12:22,131.3938352,46.86445117,5192356.534,453781.1203,5.3708,177.4,TRUE,3.6,500,300
5662,2022/10/8 12:22,131.3938433,46.86439567,5192350.36,453781.6903,5.79676,175.8,TRUE,3.6,500,300
5663,2022/10/8 12:22,131.3938555,46.86433933,5192344.089,453782.5722,5.88936,177.1,TRUE,3.6,486,300
5664,2022/10/8 12:22,131.3938642,46.86428283,5192337.803,453783.187,6.019,174.4,TRUE,3.6,499,300
5665,2022/10/8 12:22,131.3938762,46.86422333,5192331.182,453784.0509,5.61156,174.6,TRUE,3.6,500,300
5666,2022/10/8 12:22,131.3938807,46.8641635,5192324.528,453784.3427,5.66712,174.1,TRUE,3.6,492,300
5667,2022/10/8 12:22,131.3938857,46.86411083,5192318.67,453784.6788,5.51896,167.5,TRUE,3.6,500,300
5668,2022/10/8 12:22,131.393894,46.864048,5192311.68,453785.2577,5.87084,175.9,TRUE,3.6,497,300
5669,2022/10/8 12:22,131.3939052,46.8639925,5192305.504,453786.0641,5.57452,168.1,TRUE,3.6,495,300
5670,2022/10/8 12:22,131.3939128,46.86393083,5192298.644,453786.5906,5.59304,174.4,TRUE,3.6,485,300
5671,2022/10/8 12:22,131.3939203,46.8638775,5192292.711,453787.1167,5.51896,172.6,TRUE,3.6,497,300
5672,2022/10/8 12:22,131.3939302,46.8638225,5192286.59,453787.8244,5.96344,172.4,TRUE,3.6,478,300
5673,2022/10/8 12:22,131.3939393,46.86376617,5192280.323,453788.4699,5.77824,174.8,TRUE,3.6,495,300
5674,2022/10/8 12:22,131.3939503,46.86370617,5192273.646,453789.2572,6.44496,171.6,TRUE,3.6,500,300
5675,2022/10/8 12:23,131.3939645,46.8636525,5192267.672,453790.2938,5.79676,180.6,TRUE,3.6,488,300
5676,2022/10/8 12:23,131.3939772,46.86359183,5192260.92,453791.2101,5.25968,172.4,TRUE,3.6,498,300
5677,2022/10/8 12:23,131.3939838,46.86353417,5192254.506,453791.6639,6.16716,178.8,TRUE,3.6,491,300
5678,2022/10/8 12:23,131.3939852,46.86347283,5192247.686,453791.718,5.42636,176.2,TRUE,3.6,481,300
5679,2022/10/8 12:23,131.393998,46.86342183,5192242.009,453792.6503,5.70416,171.3,TRUE,3.6,500,300
5680,2022/10/8 12:23,131.394012,46.8633675,5192235.961,453793.6711,5.31524,173.5,TRUE,3.6,487,300
5681,2022/10/8 12:23,131.3940252,46.86331283,5192229.876,453794.6307,5.63008,173.2,TRUE,3.6,494,300
5682,2022/10/8 12:23,131.3940223,46.863254,5192223.337,453794.3591,6.25976,174.1,TRUE,3.6,494,300
5683,2022/10/8 12:23,131.3940258,46.86319917,5192217.24,453794.5789,5.2782,174.9,TRUE,3.6,475,300
5684,2022/10/8 12:23,131.3940357,46.863137,5192210.323,453795.2805,6.16716,167.2,TRUE,3.6,496,300
5685,2022/10/8 12:23,131.394045,46.86307567,5192203.499,453795.937,5.16708,175.8,TRUE,3.6,500,300
5686,2022/10/8 12:23,131.3940577,46.863021,5192197.414,453796.8584,5.53748,177,TRUE,3.6,495,300
5687,2022/10/8 12:23,131.3940697,46.86296817,5192191.534,453797.7281,5.42636,175.1,TRUE,3.6,500,300
5688,2022/10/8 12:23,131.394085,46.86291033,5192185.095,453798.8451,5.4634,170.3,TRUE,3.6,485,300
5689,2022/10/8 12:23,131.3940935,46.86285217,5192178.625,453799.4434,5.40784,176.4,TRUE,3.6,500,300
5690,2022/10/8 12:24,131.394098,46.8627935,5192172.1,453799.7361,5.57452,172,TRUE,3.6,500,300
5691,2022/10/8 12:24,131.3941122,46.86273533,5192165.625,453800.769,5.3708,179.9,TRUE,3.6,500,300
5692,2022/10/8 12:24,131.3941123,46.86267833,5192159.288,453800.7277,5.90788,177.6,TRUE,3.6,500,300
5693,2022/10/8 12:24,131.3941262,46.86262617,5192153.482,453801.7429,5.4634,176.2,TRUE,3.6,500,300
5694,2022/10/8 12:24,131.3941295,46.862567,5192146.902,453801.9437,5.70416,172.4,TRUE,3.6,500,300
5695,2022/10/8 12:24,131.3941363,46.86250733,5192140.265,453802.411,5.25968,176.3,TRUE,3.6,480,300
5696,2022/10/8 12:24,131.3941455,46.86245033,5192133.923,453803.0637,5.48192,176.7,TRUE,3.6,500,300
5697,2022/10/8 12:24,131.3941672,46.86239517,5192127.778,453804.671,5.25968,175.4,TRUE,3.6,500,300
5698,2022/10/8 12:24,131.3941788,46.86234183,5192121.841,453805.5097,5.31524,174.4,TRUE,3.6,500,300
5699,2022/10/8 12:24,131.3941868,46.86228717,5192115.76,453806.0729,5.48192,170.2,TRUE,3.6,500,300
5700,2022/10/8 12:24,131.3941912,46.86222633,5192108.994,453806.3562,5.6486,173.5,TRUE,3.6,489,300
5701,2022/10/8 12:24,131.3942033,46.86216483,5192102.15,453807.2261,5.75972,171.6,TRUE,3.6,478,300
5702,2022/10/8 12:24,131.3942087,46.86211417,5192096.515,453807.5944,4.77816,169,TRUE,3.6,485,300
5703,2022/10/8 12:24,131.394212,46.86206767,5192091.344,453807.8061,4.50036,195.4,TRUE,3.6,500,300
5704,2022/10/8 12:24,131.3942063,46.862057,5192090.161,453807.3623,4.14848,186,TRUE,3.6,413,300
5705,2022/10/8 12:25,131.3941672,46.86203067,5192087.257,453804.3583,4.11144,259.1,FALSE,3.6,0,300
5706,2022/10/8 12:25,131.3941012,46.862034,5192087.666,453799.3286,4.85224,312.2,FALSE,3.6,0,300
5707,2022/10/8 12:25,131.394082,46.86205717,5192090.253,453797.8844,0,336.1,FALSE,3.6,0,300
5708,2022/10/8 12:25,131.3940902,46.8620495,5192089.396,453798.5031,5.31524,159.2,TRUE,3.6,203,300
5709,2022/10/8 12:25,131.3941048,46.86200867,5192084.848,453799.5814,0,170.4,FALSE,3.6,0,300
5710,2022/10/8 12:25,131.3941072,46.86202167,5192086.292,453799.7755,6.31532,350.3,TRUE,3.6,206,300
5711,2022/10/8 12:25,131.3940992,46.86207083,5192091.762,453799.2077,5.22264,346,TRUE,3.6,275,300
5712,2022/10/8 12:25,131.3941063,46.86211617,5192096.798,453799.788,5.16708,8.9,TRUE,3.6,494,300
5713,2022/10/8 12:25,131.394099,46.86216717,5192102.472,453799.2751,5.48192,359.4,TRUE,3.6,488,300
5714,2022/10/8 12:25,131.3940825,46.86221917,5192108.262,453798.0615,5.24116,2.5,TRUE,3.6,500,300
5715,2022/10/8 12:25,131.3940732,46.862275,5192114.474,453797.4003,5.77824,353.1,TRUE,3.6,500,300
5716,2022/10/8 12:25,131.3940543,46.86233317,5192120.952,453796.0091,5.31524,355.6,TRUE,3.6,500,300
5717,2022/10/8 12:25,131.3940423,46.86238717,5192126.962,453795.1404,5.63008,359.8,TRUE,3.6,500,300
5718,2022/10/8 12:25,131.3940363,46.86244033,5192132.875,453794.7285,5.72268,354.2,TRUE,3.6,500,300
5719,2022/10/8 12:25,131.3940302,46.86249533,5192138.993,453794.3106,5.88936,358.5,TRUE,3.6,481,300
5720,2022/10/8 12:26,131.3940233,46.86255683,5192145.834,453793.8372,5.70416,353.1,TRUE,3.6,500,300
5721,2022/10/8 12:26,131.3940165,46.86261067,5192151.823,453793.3649,5.48192,355.6,TRUE,3.6,500,300
5722,2022/10/8 12:26,131.394014,46.8626645,5192157.809,453793.2204,5.38932,353.5,TRUE,3.6,492,300
5723,2022/10/8 12:26,131.3940067,46.86271817,5192163.78,453792.7099,5.90788,352.5,TRUE,3.6,500,300
5724,2022/10/8 12:26,131.3939957,46.862772,5192169.77,453791.9173,5.98196,355.8,TRUE,3.6,500,300
5725,2022/10/8 12:26,131.393988,46.862822,5192175.333,453791.3731,5.16708,359.6,TRUE,3.6,500,300
5726,2022/10/8 12:26,131.3939812,46.8628725,5192180.951,453790.8979,4.9078,356.1,TRUE,3.6,500,300
5727,2022/10/8 12:26,131.3939687,46.86292733,5192187.054,453789.9918,5.77824,350,TRUE,3.6,484,300
5728,2022/10/8 12:26,131.3939558,46.86298467,5192193.436,453789.0574,5.16708,356.5,TRUE,3.6,500,300
5729,2022/10/8 12:26,131.3939483,46.86304117,5192199.721,453788.534,5.70416,359.8,TRUE,3.6,500,300
5730,2022/10/8 12:26,131.3939435,46.86309667,5192205.894,453788.2156,5.70416,348.8,TRUE,3.6,500,300
5731,2022/10/8 12:26,131.3939403,46.86314967,5192211.788,453788.0171,5.81528,356.3,TRUE,3.6,496,300
5732,2022/10/8 12:26,131.3939252,46.863205,5192217.947,453786.9132,6.18568,353.8,TRUE,3.6,479,300
5733,2022/10/8 12:26,131.393915,46.86326417,5192224.531,453786.1863,5.61156,358.1,TRUE,3.6,485,300
5734,2022/10/8 12:26,131.3939083,46.8633185,5192230.575,453785.722,5.44488,353.4,TRUE,3.6,473,300
5735,2022/10/8 12:27,131.3938975,46.86337333,5192236.676,453784.9456,5.66712,350.6,TRUE,3.6,490,300
5736,2022/10/8 12:27,131.393885,46.8634335,5192243.373,453784.0441,5.88936,355.9,TRUE,3.6,500,300
5737,2022/10/8 12:27,131.3938847,46.86348367,5192248.95,453784.0643,5.81528,359.1,TRUE,3.6,500,300
5738,2022/10/8 12:27,131.3938777,46.8635395,5192255.161,453783.5784,5.24116,357.9,TRUE,3.6,500,300
5739,2022/10/8 12:27,131.3938613,46.863598,5192261.674,453782.3782,6.24124,353.3,TRUE,3.6,491,300
5740,2022/10/8 12:27,131.3938495,46.863657,5192268.24,453781.5291,6.46348,357.1,TRUE,3.6,500,300
5741,2022/10/8 12:27,131.3938432,46.86370967,5192274.099,453781.0939,5.51896,354.8,TRUE,3.6,487,300
5742,2022/10/8 12:27,131.393834,46.86376383,5192280.125,453780.4389,5.96344,355.7,TRUE,3.6,500,300
5743,2022/10/8 12:27,131.3938372,46.8638225,5192286.645,453780.7332,5.75972,350.2,TRUE,3.6,499,300
5744,2022/10/8 12:27,131.3938273,46.86388467,5192293.562,453780.0317,4.83372,352.8,TRUE,3.6,500,300
5745,2022/10/8 12:27,131.3938062,46.8639385,5192299.559,453778.4691,5.8338,353.6,TRUE,3.6,498,300
5746,2022/10/8 12:27,131.393799,46.86398517,5192304.751,453777.9602,5.75972,354.6,TRUE,3.6,475,300
5747,2022/10/8 12:27,131.3937972,46.86404567,5192311.478,453777.8748,5.2782,354,TRUE,3.6,500,300
5748,2022/10/8 12:27,131.393786,46.8641005,5192317.58,453777.0679,5.20412,353.7,TRUE,3.6,497,300
5749,2022/10/8 12:27,131.393775,46.86415417,5192323.553,453776.2753,5.093,351.9,TRUE,3.6,481,300
5750,2022/10/8 12:28,131.393767,46.8642065,5192329.375,453775.7102,6.35236,0.6,TRUE,3.6,500,300
5751,2022/10/8 12:28,131.3937503,46.86426767,5192336.185,453774.4894,6.019,354.9,TRUE,3.6,494,300
5752,2022/10/8 12:28,131.3937397,46.86432383,5192342.434,453773.7293,5.556,354.7,TRUE,3.6,500,300
5753,2022/10/8 12:28,131.3937273,46.864382,5192348.908,453772.8338,5.07448,351.4,TRUE,3.6,496,300
5754,2022/10/8 12:28,131.3937182,46.86443367,5192354.658,453772.1843,5.29672,352.3,TRUE,3.6,497,300
5755,2022/10/8 12:28,131.3937078,46.86448967,5192360.889,453771.4394,5.66712,351,TRUE,3.6,500,300
5756,2022/10/8 12:28,131.3936978,46.8645465,5192367.213,453770.7257,5.50044,355.1,TRUE,3.6,500,300
5757,2022/10/8 12:28,131.3936933,46.86460017,5192373.182,453770.4287,5.7412,353.4,TRUE,3.6,497,300
5758,2022/10/8 12:28,131.393688,46.86465283,5192379.039,453770.0698,5.07448,356.1,TRUE,3.6,486,300
5759,2022/10/8 12:28,131.3936878,46.86470317,5192384.635,453770.0977,5.31524,355.1,TRUE,3.6,494,300
5760,2022/10/8 12:28,131.3936753,46.86476233,5192391.219,453769.1954,5.9264,348.3,TRUE,3.6,495,300
5761,2022/10/8 12:28,131.3936642,46.86481833,5192397.451,453768.3972,5.77824,356.4,TRUE,3.6,488,300
5762,2022/10/8 12:28,131.3936553,46.864876,5192403.868,453767.7681,5.51896,352.2,TRUE,3.6,497,300
5763,2022/10/8 12:28,131.393649,46.8649345,5192410.375,453767.3379,5.35228,354.6,TRUE,3.6,498,300
5764,2022/10/8 12:28,131.393635,46.864988,5192416.33,453766.3164,5.3708,357.2,TRUE,3.6,500,300
5765,2022/10/8 12:29,131.3936187,46.86504583,5192422.769,453765.1232,5.63008,353.9,TRUE,3.6,500,300
5766,2022/10/8 12:29,131.3936195,46.86509833,5192428.605,453765.2293,5.61156,351.1,TRUE,3.6,490,300
5767,2022/10/8 12:29,131.3936148,46.86515017,5192434.37,453764.9155,5.98196,352.3,TRUE,3.6,500,300
5768,2022/10/8 12:29,131.3935955,46.86521417,5192441.496,453763.4988,5.90788,1.6,TRUE,3.6,500,300
5769,2022/10/8 12:29,131.3935823,46.86527733,5192448.526,453762.5466,6.16716,357.3,TRUE,3.6,500,300
5770,2022/10/8 12:29,131.3935767,46.86533267,5192454.681,453762.1672,5.85232,354.2,TRUE,3.6,486,300
5771,2022/10/8 12:29,131.3935753,46.86538967,5192461.018,453762.1094,6.03752,353.4,TRUE,3.6,471,300
5772,2022/10/8 12:29,131.3935737,46.86544667,5192467.356,453762.0363,6.00048,355.1,TRUE,3.6,492,300
5773,2022/10/8 12:29,131.3935562,46.86550683,5192474.054,453760.7536,5.90788,352.8,TRUE,3.6,500,300
5774,2022/10/8 12:29,131.3935475,46.86556317,5192480.322,453760.1387,5.8338,350,TRUE,3.6,500,300
5775,2022/10/8 12:29,131.3935402,46.86561883,5192486.514,453759.6299,6.1116,349.9,TRUE,3.6,493,300
5776,2022/10/8 12:29,131.3935223,46.86568117,5192493.455,453758.3186,5.79676,348.1,TRUE,3.6,445,300
5777,2022/10/8 12:29,131.3935102,46.86573917,5192499.91,453757.4458,6.55608,351.7,TRUE,3.6,469,300
5778,2022/10/8 12:29,131.3935088,46.86579233,5192505.82,453757.3847,5.6486,354.3,TRUE,3.6,500,300
5779,2022/10/8 12:29,131.3935038,46.8658465,5192511.845,453757.05,5.66712,354.1,TRUE,3.6,432,300
5780,2022/10/8 12:30,131.3934895,46.865905,5192518.357,453756.01,5.53748,0.5,TRUE,3.6,458,300
5781,2022/10/8 12:30,131.3934725,46.8659615,5192524.648,453754.7623,6.2968,354.4,TRUE,3.6,444,300
5782,2022/10/8 12:30,131.393456,46.8660165,5192530.772,453753.5515,5.96344,355.9,TRUE,3.6,496,300
5783,2022/10/8 12:30,131.3934548,46.86607017,5192536.739,453753.5061,6.37088,353.8,TRUE,3.6,473,300
5784,2022/10/8 12:30,131.3934445,46.866131,5192543.507,453752.773,5.35228,354.9,TRUE,3.6,470,300
5785,2022/10/8 12:30,131.3934357,46.86618417,5192549.423,453752.1477,5.85232,353,TRUE,3.6,490,300
5786,2022/10/8 12:30,131.3934192,46.86624333,5192556.01,453750.9405,5.87084,356.5,TRUE,3.6,468,300
5787,2022/10/8 12:30,131.393415,46.8662965,5192561.923,453750.6659,5.79676,1,TRUE,3.6,500,300
5788,2022/10/8 12:30,131.3934098,46.86634617,5192567.448,453750.3121,5.77824,352.1,TRUE,3.6,461,300
5789,2022/10/8 12:30,131.3934023,46.866409,5192574.437,453749.7942,5.75972,354.1,TRUE,3.6,433,300
5790,2022/10/8 12:30,131.3933892,46.86646917,5192581.134,453748.8471,6.18568,352.9,TRUE,3.6,490,300
5791,2022/10/8 12:30,131.3933828,46.86652917,5192587.807,453748.4107,5.8338,355.1,TRUE,3.6,489,300
5792,2022/10/8 12:30,131.3933712,46.86659167,5192594.762,453747.5799,5.85232,354.4,TRUE,3.6,500,300
5793,2022/10/8 12:30,131.3933623,46.86664533,5192600.733,453746.9474,5.72268,353.8,TRUE,3.6,489,300
5794,2022/10/8 12:30,131.3933497,46.86669967,5192606.781,453746.0334,6.1116,357.7,TRUE,3.6,466,300
5795,2022/10/8 12:31,131.3933428,46.86675633,5192613.084,453745.556,4.88928,356.2,TRUE,3.6,500,300
5796,2022/10/8 12:31,131.3933378,46.86680867,5192618.905,453745.2197,6.40792,356.1,TRUE,3.6,478,300
5797,2022/10/8 12:31,131.3933282,46.86686917,5192625.637,453744.5398,5.94492,351.7,TRUE,3.6,479,300
5798,2022/10/8 12:31,131.3933208,46.866927,5192632.07,453744.0252,5.94492,355.5,TRUE,3.6,500,300
5799,2022/10/8 12:31,131.3933115,46.86698467,5192638.486,453743.3657,6.13012,350.5,TRUE,3.6,487,300
5800,2022/10/8 12:31,131.3933038,46.8670365,5192644.253,453742.8231,6.16716,358,TRUE,3.6,493,300
5801,2022/10/8 12:31,131.3932918,46.86709317,5192650.56,453741.9569,5.98196,1.2,TRUE,3.6,500,300
5802,2022/10/8 12:31,131.3932932,46.86715083,5192656.969,453742.1132,6.13012,357.2,TRUE,3.6,500,300
5803,2022/10/8 12:31,131.3932913,46.86720667,5192663.178,453742.0163,5.66712,351.9,TRUE,3.6,438,300
5804,2022/10/8 12:31,131.393275,46.867265,5192669.672,453740.8236,5.77824,351.9,TRUE,3.6,441,300
5805,2022/10/8 12:31,131.3932655,46.86732267,5192676.088,453740.1488,6.18568,349.8,TRUE,3.6,491,300
5806,2022/10/8 12:31,131.3932602,46.86738133,5192682.612,453739.7952,6.25976,353.3,TRUE,3.6,500,300
5807,2022/10/8 12:31,131.3932447,46.86744,5192689.144,453738.6638,6.1116,354.3,TRUE,3.6,425,300
5808,2022/10/8 12:31,131.3932448,46.86749717,5192695.499,453738.7205,5.72268,353.1,TRUE,3.6,500,300
5809,2022/10/8 12:31,131.3932368,46.867554,5192701.822,453738.1594,6.13012,352.4,TRUE,3.6,446,300
5810,2022/10/8 12:32,131.3932167,46.8676105,5192708.114,453736.6755,6.24124,349.8,TRUE,3.6,497,300
5811,2022/10/8 12:32,131.3932033,46.86767167,5192714.922,453735.7064,5.98196,354.6,TRUE,3.6,447,300
5812,2022/10/8 12:32,131.3931978,46.86773017,5192721.429,453735.3373,6.25976,348.8,TRUE,3.6,499,300
5813,2022/10/8 12:32,131.3931937,46.86778383,5192727.397,453735.0708,6.03752,1.3,TRUE,3.6,478,300
5814,2022/10/8 12:32,131.3931943,46.867842,5192733.863,453735.1665,5.66712,354.8,TRUE,3.6,467,300
5815,2022/10/8 12:32,131.393189,46.86789617,5192739.888,453734.809,5.81528,359.1,TRUE,3.6,485,300
5816,2022/10/8 12:32,131.3931778,46.8679505,5192745.934,453734.0017,5.90788,356.2,TRUE,3.6,495,300
5817,2022/10/8 12:32,131.3931595,46.868007,5192752.226,453732.655,6.44496,0.3,TRUE,3.6,445,300
5818,2022/10/8 12:32,131.3931448,46.868068,5192759.016,453731.5867,6.1116,352.2,TRUE,3.6,500,300
5819,2022/10/8 12:32,131.3931312,46.86812517,5192765.38,453730.5989,5.48192,352.2,TRUE,3.6,500,300
5820,2022/10/8 12:32,131.3931253,46.86818283,5192771.793,453730.1986,5.7412,352.1,TRUE,3.6,500,300
5821,2022/10/8 12:32,131.3931065,46.86824333,5192778.53,453728.8173,5.98196,357.1,TRUE,3.6,497,300
5822,2022/10/8 12:32,131.3931017,46.8682995,5192784.777,453728.4996,6.31532,351.1,TRUE,3.6,490,300
5823,2022/10/8 12:32,131.393092,46.868368,5192792.398,453727.8189,5.63008,355.2,TRUE,3.6,481,300
5824,2022/10/8 12:32,131.3930963,46.8684285,5192799.121,453728.1987,5.61156,348.3,TRUE,3.6,477,300
5825,2022/10/8 12:33,131.393079,46.86848217,5192805.097,453726.9259,5.6486,356.7,TRUE,3.6,500,300
5826,2022/10/8 12:33,131.393069,46.8685315,5192810.587,453726.2058,5.75972,350.1,TRUE,3.6,491,300
5827,2022/10/8 12:33,131.393067,46.8685865,5192816.702,453726.1006,5.8338,352.4,TRUE,3.6,485,300
5828,2022/10/8 12:33,131.3930585,46.86863783,5192822.414,453725.4967,6.3894,352.3,TRUE,3.6,470,300
5829,2022/10/8 12:33,131.3930458,46.86869233,5192828.48,453724.5752,5.42636,348.8,TRUE,3.6,499,300
5830,2022/10/8 12:33,131.3930393,46.868743,5192834.117,453724.1232,5.33376,353.3,TRUE,3.6,484,300
5831,2022/10/8 12:33,131.393034,46.868796,5192840.012,453723.7647,5.68564,353.8,TRUE,3.6,492,300
5832,2022/10/8 12:33,131.393017,46.86885083,5192846.117,453722.5157,5.53748,359.6,TRUE,3.6,471,300
5833,2022/10/8 12:33,131.393013,46.86891683,5192853.456,453722.2675,6.09308,355.2,TRUE,3.6,497,300
5834,2022/10/8 12:33,131.393012,46.86897983,5192860.461,453722.2454,5.9264,349.7,TRUE,3.6,427,300
5835,2022/10/8 12:33,131.3929968,46.869039,5192867.047,453721.1374,6.35236,353.7,TRUE,3.6,498,300
5836,2022/10/8 12:33,131.392981,46.8690985,5192873.671,453719.9839,6.37088,353.1,TRUE,3.6,470,300
5837,2022/10/8 12:33,131.3929832,46.86915017,5192879.414,453720.196,5.68564,353.4,TRUE,3.6,432,300
5838,2022/10/8 12:33,131.392978,46.86920667,5192885.698,453719.8482,5.35228,355.1,TRUE,3.6,489,300
5839,2022/10/8 12:33,131.3929607,46.86926667,5192892.378,453718.5808,5.53748,355,TRUE,3.6,458,300
5840,2022/10/8 12:34,131.392955,46.86932033,5192898.347,453718.1923,5.90788,351.1,TRUE,3.6,489,300
5841,2022/10/8 12:34,131.3929418,46.8693805,5192905.044,453717.2377,5.556,354,TRUE,3.6,500,300
5842,2022/10/8 12:34,131.3929293,46.86944133,5192911.813,453716.3369,6.09308,355.6,TRUE,3.6,483,300
5843,2022/10/8 12:34,131.3929115,46.8695035,5192918.735,453715.0333,6.14864,349.6,TRUE,3.6,480,300
5844,2022/10/8 12:34,131.3929042,46.8695615,5192925.187,453714.5266,5.77824,354.6,TRUE,3.6,412,300
5845,2022/10/8 12:34,131.3929045,46.869615,5192931.134,453714.5955,5.2782,351.3,TRUE,3.6,477,300
5846,2022/10/8 12:34,131.3928945,46.86967,5192937.255,453713.8803,5.31524,354.5,TRUE,3.6,432,300
5847,2022/10/8 12:34,131.3929,46.86971383,5192942.124,453714.3373,5.66712,16.6,TRUE,3.6,200,300
5848,2022/10/8 12:34,131.392942,46.86975267,5192946.417,453717.5728,5.2782,54,TRUE,3.6,80,300
5849,2022/10/8 12:34,131.3930078,46.86976983,5192948.286,453722.6042,4.96336,75.8,FALSE,3.6,0,300
5850,2022/10/8 12:34,131.3930797,46.8697755,5192948.874,453728.0907,3.7966,86.4,TRUE,3.6,169,300
5851,2022/10/8 12:34,131.3931167,46.86977583,5192948.888,453730.9119,5.20412,129.5,FALSE,3.6,0,300
5852,2022/10/8 12:34,131.3931383,46.86973867,5192944.745,453732.5268,5.4634,164.5,TRUE,3.6,116,300
5853,2022/10/8 12:34,131.3931353,46.86969217,5192939.577,453732.2581,3.6114,179.9,TRUE,3.6,500,300
5854,2022/10/8 12:34,131.3931387,46.869647,5192934.554,453732.4785,3.07432,179.4,TRUE,3.6,483,300
5855,2022/10/8 12:35,131.3931495,46.86959717,5192929.008,453733.2591,4.96336,175.2,TRUE,3.6,456,300
5856,2022/10/8 12:35,131.3931647,46.8695365,5192922.254,453734.3658,5.42636,179.7,TRUE,3.6,480,300
5857,2022/10/8 12:35,131.393174,46.869481,5192916.079,453735.0271,5.4634,175.2,TRUE,3.6,500,300
5858,2022/10/8 12:35,131.3931802,46.8694245,5192909.794,453735.4513,5.38932,179.8,TRUE,3.6,500,300
5859,2022/10/8 12:35,131.3931872,46.86936883,5192903.602,453735.9371,5.66712,174.9,TRUE,3.6,500,300
5860,2022/10/8 12:35,131.3931962,46.86931217,5192897.298,453736.5746,5.88936,174.6,TRUE,3.6,497,300
5861,2022/10/8 12:35,131.3932075,46.86925533,5192890.972,453737.3873,5.14856,177.6,TRUE,3.6,496,300
5862,2022/10/8 12:35,131.3932172,46.869197,5192884.482,453738.0767,5.88936,172.6,TRUE,3.6,500,300
5863,2022/10/8 12:35,131.3932282,46.86913783,5192877.898,453738.8645,5.11152,169.5,TRUE,3.6,485,300
5864,2022/10/8 12:35,131.3932358,46.869081,5192871.576,453739.3951,5.8338,179.4,TRUE,3.6,500,300
5865,2022/10/8 12:35,131.3932428,46.8690225,5192865.068,453739.8786,5.88936,176,TRUE,3.6,496,300
5866,2022/10/8 12:35,131.3932562,46.86896433,5192858.594,453740.8502,5.40784,179.8,TRUE,3.6,500,300
5867,2022/10/8 12:35,131.3932665,46.86891,5192852.548,453741.5888,5.66712,175.4,TRUE,3.6,480,300
5868,2022/10/8 12:35,131.393277,46.86885267,5192846.168,453742.3401,5.35228,170.9,TRUE,3.6,493,300
5869,2022/10/8 12:35,131.3932827,46.86879717,5192839.995,453742.727,5.556,173.4,TRUE,3.6,452,300
5870,2022/10/8 12:36,131.3932942,46.86873933,5192833.558,453743.5541,5.8338,173.2,TRUE,3.6,500,300
5871,2022/10/8 12:36,131.3932973,46.86868433,5192827.442,453743.7432,5.94492,179.2,TRUE,3.6,500,300
5872,2022/10/8 12:36,131.393308,46.86862583,5192820.933,453744.5087,5.35228,172.1,TRUE,3.6,500,300
5873,2022/10/8 12:36,131.3933197,46.86857,5192814.719,453745.3528,4.94484,176.4,TRUE,3.6,500,300
5874,2022/10/8 12:36,131.393329,46.86851483,5192808.581,453746.0145,5.59304,175.5,TRUE,3.6,500,300
5875,2022/10/8 12:36,131.3933393,46.86845833,5192802.294,453746.7512,5.63008,177,TRUE,3.6,444,300
5876,2022/10/8 12:36,131.3933457,46.8684045,5192796.306,453747.1929,5.98196,173.2,TRUE,3.6,481,300
5877,2022/10/8 12:36,131.3933488,46.8683505,5192790.301,453747.3829,5.7412,176.3,TRUE,3.6,500,300
5878,2022/10/8 12:36,131.3933623,46.86829367,5192783.975,453748.3633,5.57452,174.8,TRUE,3.6,490,300
5879,2022/10/8 12:36,131.3933793,46.8682365,5192777.61,453749.6104,5.1856,171.7,TRUE,3.6,460,300
5880,2022/10/8 12:36,131.3933868,46.868181,5192771.435,453750.1345,5.11152,176.1,TRUE,3.6,443,300
5881,2022/10/8 12:36,131.3933977,46.86812217,5192764.889,453750.915,5.093,178.4,TRUE,3.6,498,300
5882,2022/10/8 12:36,131.3934028,46.8680635,5192758.364,453751.2535,5.77824,174.1,TRUE,3.6,500,300
5883,2022/10/8 12:36,131.3934108,46.8680055,5192751.911,453751.8136,5.22264,171.9,TRUE,3.6,494,300
5884,2022/10/8 12:36,131.3934172,46.86795,5192745.738,453752.2539,5.01892,171,TRUE,3.6,460,300
5885,2022/10/8 12:37,131.3934252,46.86789583,5192739.711,453752.8173,5.20412,174.3,TRUE,3.6,476,300
5886,2022/10/8 12:37,131.3934402,46.8678375,5192733.218,453753.9108,5.8338,173.2,TRUE,3.6,497,300
5887,2022/10/8 12:37,131.3934503,46.86777733,5192726.523,453754.6292,5.22264,174.4,TRUE,3.6,497,300
5888,2022/10/8 12:37,131.3934592,46.86771867,5192719.997,453755.2574,5.42636,174.9,TRUE,3.6,500,300
5889,2022/10/8 12:37,131.3934702,46.867659,5192713.357,453756.0448,5.16708,169.3,TRUE,3.6,489,300
5890,2022/10/8 12:37,131.3934792,46.867602,5192707.015,453756.682,5.31524,170.5,TRUE,3.6,476,300
5891,2022/10/8 12:37,131.3934802,46.86754017,5192700.141,453756.7052,5.51896,173.3,TRUE,3.6,500,300
5892,2022/10/8 12:37,131.3934982,46.86748117,5192693.571,453758.0269,5.33376,173.4,TRUE,3.6,500,300
5893,2022/10/8 12:37,131.3934995,46.86742367,5192687.178,453758.0766,5.48192,174.2,TRUE,3.6,489,300
5894,2022/10/8 12:37,131.3935107,46.86737067,5192681.28,453758.885,5.24116,174.1,TRUE,3.6,487,300
5895,2022/10/8 12:37,131.3935193,46.86731317,5192674.883,453759.4914,4.92632,175.7,TRUE,3.6,500,300
5896,2022/10/8 12:37,131.3935305,46.8672565,5192668.576,453760.2966,5.25968,179.3,TRUE,3.6,500,300
5897,2022/10/8 12:37,131.3935355,46.8671955,5192661.792,453760.6255,4.92632,169.4,TRUE,3.6,500,300
5898,2022/10/8 12:37,131.3935512,46.86713983,5192655.594,453761.7747,5.59304,173.7,TRUE,3.6,495,300
5899,2022/10/8 12:37,131.393555,46.867083,5192649.274,453762.0156,5.75972,171.8,TRUE,3.6,500,300
5900,2022/10/8 12:38,131.3935613,46.8670265,5192642.989,453762.4474,5.66712,170.5,TRUE,3.6,480,300
5901,2022/10/8 12:38,131.3935738,46.86697017,5192636.72,453763.3521,5.61156,171.8,TRUE,3.6,500,300
5902,2022/10/8 12:38,131.3935785,46.86691,5192630.028,453763.6588,5.98196,169.6,TRUE,3.6,480,300
5903,2022/10/8 12:38,131.3935825,46.86685133,5192623.504,453763.9134,5.70416,175.9,TRUE,3.6,500,300
5904,2022/10/8 12:38,131.393585,46.86680033,5192617.833,453764.0602,5.4634,172.6,TRUE,3.6,483,300
5905,2022/10/8 12:38,131.3935945,46.86674233,5192611.379,453764.7347,5.42636,170,TRUE,3.6,487,300
5906,2022/10/8 12:38,131.3936122,46.86668233,5192604.699,453766.0328,5.24116,177.3,TRUE,3.6,462,300
5907,2022/10/8 12:38,131.3936192,46.866628,5192598.655,453766.5198,5.093,172.9,TRUE,3.6,470,300
5908,2022/10/8 12:38,131.393632,46.86657867,5192593.163,453767.4534,5.16708,177.6,TRUE,3.6,467,300
5909,2022/10/8 12:38,131.3936395,46.86652017,5192586.656,453767.975,5.13004,177,TRUE,3.6,500,300
5910,2022/10/8 12:38,131.3936498,46.86646317,5192580.313,453768.7114,5.68564,171.6,TRUE,3.6,484,300
5911,2022/10/8 12:38,131.3936612,46.86641,5192574.396,453769.5349,5.53748,177.8,TRUE,3.6,478,300
5912,2022/10/8 12:38,131.393674,46.866344,5192567.051,453770.4542,6.18568,171.9,TRUE,3.6,484,300
5913,2022/10/8 12:38,131.3936812,46.86628417,5192560.396,453770.9518,5.77824,172.4,TRUE,3.6,500,300
5914,2022/10/8 12:38,131.3937043,46.86623167,5192554.546,453772.668,5.2782,172.2,TRUE,3.6,476,300
5915,2022/10/8 12:39,131.393707,46.86617017,5192547.707,453772.8211,5.61156,175.4,TRUE,3.6,484,300
5916,2022/10/8 12:39,131.3937185,46.86611117,5192541.142,453773.6472,5.70416,175.4,TRUE,3.6,500,300
5917,2022/10/8 12:39,131.3937322,46.866052,5192534.556,453774.641,5.90788,175.7,TRUE,3.6,500,300
5918,2022/10/8 12:39,131.3937428,46.86599517,5192528.232,453775.4004,5.59304,174.8,TRUE,3.6,500,300
5919,2022/10/8 12:39,131.3937512,46.86593967,5192522.057,453775.9932,5.42636,176.4,TRUE,3.6,480,300
5920,2022/10/8 12:39,131.393758,46.86588367,5192515.828,453776.4636,5.03744,173.9,TRUE,3.6,486,300
5921,2022/10/8 12:39,131.3937645,46.86582617,5192509.432,453776.9099,5.2782,178.1,TRUE,3.6,491,300
5922,2022/10/8 12:39,131.3937733,46.8657705,5192503.238,453777.5331,5.61156,172.6,TRUE,3.6,488,300
5923,2022/10/8 12:39,131.3937758,46.86571033,5192496.547,453777.672,4.94484,165.5,TRUE,3.6,490,300
5924,2022/10/8 12:39,131.3937752,46.86565283,5192490.155,453777.5769,5.51896,173.5,TRUE,3.6,491,300
5925,2022/10/8 12:39,131.3937863,46.86559767,5192484.017,453778.3759,5.16708,175.2,TRUE,3.6,472,300
5926,2022/10/8 12:39,131.3937998,46.86554183,5192477.801,453779.3573,5.29672,175.8,TRUE,3.6,461,300
5927,2022/10/8 12:39,131.3938007,46.86549117,5192472.169,453779.3824,5.22264,172,TRUE,3.6,500,300
5928,2022/10/8 12:39,131.3938113,46.86543267,5192465.66,453780.1404,4.87076,171.1,TRUE,3.6,484,300
5929,2022/10/8 12:39,131.393822,46.86537933,5192459.724,453780.9105,5.03744,181.5,TRUE,3.6,500,300
5930,2022/10/8 12:40,131.3938437,46.86532117,5192453.245,453782.5151,5.40784,174.1,TRUE,3.6,500,300
5931,2022/10/8 12:40,131.3938515,46.86527017,5192447.571,453783.0661,4.24108,170.8,TRUE,3.6,465,300
5932,2022/10/8 12:40,131.393857,46.86521433,5192441.36,453783.4375,4.94484,173.5,TRUE,3.6,500,300
5933,2022/10/8 12:40,131.3938693,46.8651585,5192435.147,453784.3274,5.63008,175.2,TRUE,3.6,500,300
5934,2022/10/8 12:40,131.3938787,46.8651035,5192429.027,453784.9969,5.77824,170.9,TRUE,3.6,488,300
5935,2022/10/8 12:40,131.3938928,46.865043,5192422.293,453786.0201,5.57452,171.8,TRUE,3.6,487,300
5936,2022/10/8 12:40,131.3938997,46.86498017,5192415.304,453786.4923,5.16708,176.4,TRUE,3.6,500,300
5937,2022/10/8 12:40,131.3939102,46.864926,5192409.276,453787.2464,5.66712,172.6,TRUE,3.6,500,300
5938,2022/10/8 12:40,131.3939117,46.86486317,5192402.29,453787.3069,5.20412,172.7,TRUE,3.6,487,300
5939,2022/10/8 12:40,131.3939102,46.86480667,5192396.01,453787.144,5.72268,171.1,TRUE,3.6,458,300
5940,2022/10/8 12:40,131.3939152,46.86474967,5192389.671,453787.4763,5.66712,173.6,TRUE,3.6,500,300
5941,2022/10/8 12:40,131.3939315,46.8646915,5192383.195,453788.6692,5.093,172.1,TRUE,3.6,463,300
5942,2022/10/8 12:40,131.3939387,46.86463767,5192377.206,453789.172,5.29672,175.8,TRUE,3.6,500,300
5943,2022/10/8 12:40,131.3939567,46.8645785,5192370.618,453790.4937,5.81528,171.3,TRUE,3.6,490,300
5944,2022/10/8 12:40,131.3939717,46.8645215,5192364.272,453791.5885,5.75972,170.1,TRUE,3.6,496,300
5945,2022/10/8 12:41,131.3939795,46.864464,5192357.876,453792.1339,6.22272,178.2,TRUE,3.6,488,300
5946,2022/10/8 12:41,131.3939677,46.864406,5192351.435,453791.1844,5.25968,173.7,TRUE,3.6,500,300
5947,2022/10/8 12:41,131.393982,46.8643445,5192344.59,453792.222,5.79676,177.1,TRUE,3.6,495,300
5948,2022/10/8 12:41,131.3939825,46.86428733,5192338.234,453792.211,5.6486,169.2,TRUE,3.6,488,300
5949,2022/10/8 12:41,131.393988,46.86422767,5192331.598,453792.5792,5.6486,168.1,TRUE,3.6,500,300
5950,2022/10/8 12:41,131.394006,46.86417217,5192325.418,453793.9041,5.88936,175.1,TRUE,3.6,479,300
5951,2022/10/8 12:41,131.394008,46.86411083,5192318.598,453794.0039,5.72268,176.6,TRUE,3.6,500,300
5952,2022/10/8 12:41,131.3940183,46.8640645,5192313.441,453794.7495,5.61156,174.6,TRUE,3.6,491,300
5953,2022/10/8 12:41,131.394028,46.86400183,5192306.469,453795.4354,5.2782,177.3,TRUE,3.6,480,300
5954,2022/10/8 12:41,131.3940325,46.863943,5192299.926,453795.728,5.44488,175.9,TRUE,3.6,473,300
5955,2022/10/8 12:41,131.3940518,46.86387917,5192292.819,453797.1448,5.2782,174.9,TRUE,3.6,499,300
5956,2022/10/8 12:41,131.3940558,46.86382633,5192286.942,453797.4045,5.90788,182.6,TRUE,3.6,484,300
5957,2022/10/8 12:41,131.3940685,46.863768,5192280.45,453798.3228,5.24116,177.4,TRUE,3.6,499,300
5958,2022/10/8 12:41,131.3940798,46.86371133,5192274.144,453799.1358,5.3708,178.1,TRUE,3.6,500,300
5959,2022/10/8 12:41,131.3940817,46.86365317,5192267.677,453799.2308,5.33376,174.8,TRUE,3.6,500,300
5960,2022/10/8 12:42,131.3940907,46.86359867,5192261.613,453799.8703,5.6486,173.1,TRUE,3.6,500,300
5961,2022/10/8 12:42,131.394106,46.86354233,5192255.341,453800.9886,4.92632,174.9,TRUE,3.6,500,300
5962,2022/10/8 12:42,131.3941315,46.86348967,5192249.472,453802.8877,5.03744,177,TRUE,3.6,500,300
5963,2022/10/8 12:42,131.3941485,46.86343917,5192243.848,453804.1407,5.556,174.9,TRUE,3.6,499,300
5964,2022/10/8 12:42,131.3941618,46.86338133,5192237.41,453805.1052,5.24116,178.5,TRUE,3.6,500,300
5965,2022/10/8 12:42,131.3941645,46.86332267,5192230.888,453805.2607,5.4634,172.2,TRUE,3.6,495,300
5966,2022/10/8 12:42,131.394174,46.86326817,5192224.823,453805.9383,5.4634,177.9,TRUE,3.6,488,300
5967,2022/10/8 12:42,131.3941825,46.86321417,5192218.815,453806.5401,5.61156,177.1,TRUE,3.6,500,300
5968,2022/10/8 12:42,131.3941897,46.86315583,5192212.326,453807.0391,5.24116,174.9,TRUE,3.6,489,300
5969,2022/10/8 12:42,131.394206,46.8630995,5192206.054,453808.2336,5.24116,175.9,TRUE,3.6,500,300
5970,2022/10/8 12:42,131.3942208,46.86304233,5192199.69,453809.3131,5.94492,174.7,TRUE,3.6,478,300
5971,2022/10/8 12:42,131.3942215,46.8629785,5192192.593,453809.3117,5.7412,174.2,TRUE,3.6,500,300
5972,2022/10/8 12:42,131.3942282,46.86292867,5192187.05,453809.7799,6.37088,176.4,TRUE,3.6,487,300
5973,2022/10/8 12:42,131.3942352,46.86286867,5192180.376,453810.2621,5.7412,176.5,TRUE,3.6,490,300
5974,2022/10/8 12:42,131.3942503,46.8628075,5192173.567,453811.3611,5.01892,177.2,TRUE,3.6,486,300
5975,2022/10/8 12:43,131.3942613,46.86275467,5192167.687,453812.1545,5.85232,173,TRUE,3.6,500,300
5976,2022/10/8 12:43,131.3942752,46.86269717,5192161.287,453813.1651,5.48192,168.7,TRUE,3.6,498,300
5977,2022/10/8 12:43,131.3942855,46.862642,5192155.148,453813.9031,5.33376,179.1,TRUE,3.6,500,300
5978,2022/10/8 12:43,131.394297,46.86258517,5192148.823,453814.7313,5.85232,173.2,TRUE,3.6,488,300
5979,2022/10/8 12:43,131.3943012,46.8625285,5192142.521,453815.0029,5.4634,172.8,TRUE,3.6,492,300
5980,2022/10/8 12:43,131.394309,46.86247417,5192136.477,453815.5511,5.75972,175,TRUE,3.6,495,300
5981,2022/10/8 12:43,131.394322,46.86240967,5192129.299,453816.487,5.38932,169.2,TRUE,3.6,500,300
5982,2022/10/8 12:43,131.3943255,46.8623545,5192123.164,453816.7066,5.42636,168.8,TRUE,3.6,499,300
5983,2022/10/8 12:43,131.3943435,46.86229017,5192116.002,453818.0239,5.13004,173.3,TRUE,3.6,495,300
5984,2022/10/8 12:43,131.3943397,46.862232,5192109.537,453817.6843,5.20412,179.4,TRUE,3.6,500,300
5985,2022/10/8 12:43,131.3943388,46.86217667,5192103.387,453817.5682,5.07448,176.8,TRUE,3.6,489,300
5986,2022/10/8 12:43,131.3943615,46.8621215,5192097.24,453819.2518,5.72268,185.5,TRUE,3.6,500,300
5987,2022/10/8 12:43,131.3943442,46.8620665,5192091.136,453817.8855,4.92632,223.1,TRUE,3.6,71,300
5988,2022/10/8 12:43,131.3942773,46.86204983,5192089.322,453812.77,6.2968,256.1,TRUE,3.6,72,300
5989,2022/10/8 12:43,131.3942067,46.86206683,5192091.254,453807.4013,6.6672,297.9,FALSE,3.6,0,300
5990,2022/10/8 12:44,131.3941687,46.86209817,5192094.76,453804.5306,5.40784,337.3,FALSE,3.6,0,300
5991,2022/10/8 12:44,131.3941612,46.8621495,5192100.471,453804.0027,6.09308,359.7,TRUE,3.6,439,300
5992,2022/10/8 12:44,131.3941475,46.862204,5192106.538,453803.0049,6.019,351.4,TRUE,3.6,465,300
5993,2022/10/8 12:44,131.3941398,46.86227133,5192114.027,453802.4755,5.90788,356,TRUE,3.6,500,300
5994,2022/10/8 12:44,131.3941308,46.86232967,5192120.518,453801.8393,6.019,354.8,TRUE,3.6,500,300
5995,2022/10/8 12:44,131.3941302,46.86239033,5192127.262,453801.8455,6.70424,353.1,TRUE,3.6,500,300
5996,2022/10/8 12:44,131.3941157,46.86245417,5192134.367,453800.7947,6.37088,355.4,TRUE,3.6,500,300
5997,2022/10/8 12:44,131.3941015,46.86251617,5192141.268,453799.7651,5.98196,357.3,TRUE,3.6,489,300
5998,2022/10/8 12:44,131.3940935,46.86258367,5192148.776,453799.213,5.88936,349.9,TRUE,3.6,500,300
5999,2022/10/8 12:44,131.3940808,46.8626345,5192154.435,453798.2882,5.61156,354.8,TRUE,3.6,500,300
6000,2022/10/8 12:44,131.3940753,46.86269167,5192160.793,453797.9179,5.98196,355.8,TRUE,3.6,497,300
6001,2022/10/8 12:44,131.3940645,46.86275367,5192167.692,453797.1476,6.03752,354.6,TRUE,3.6,487,300
6002,2022/10/8 12:44,131.3940503,46.86281067,5192174.037,453796.1137,5.85232,348,TRUE,3.6,500,300
6003,2022/10/8 12:44,131.394045,46.86286367,5192179.932,453795.7551,5.16708,352.1,TRUE,3.6,476,300
6004,2022/10/8 12:44,131.3940328,46.86292017,5192186.22,453794.8733,5.556,354.9,TRUE,3.6,455,300
6005,2022/10/8 12:45,131.394022,46.8629785,5192192.711,453794.0999,5.87084,355.7,TRUE,3.6,497,300
6006,2022/10/8 12:45,131.394013,46.86303333,5192198.811,453793.4607,5.7412,353,TRUE,3.6,491,300
6007,2022/10/8 12:45,131.3940063,46.86308933,5192205.041,453792.9978,5.48192,352.5,TRUE,3.6,496,300
6008,2022/10/8 12:45,131.3939903,46.863152,5192212.017,453791.8316,5.72268,349.6,TRUE,3.6,482,300
6009,2022/10/8 12:45,131.3939823,46.8632095,5192218.414,453791.2709,5.61156,359,TRUE,3.6,464,300
6010,2022/10/8 12:45,131.3939703,46.86327033,5192225.183,453790.4081,6.18568,354.7,TRUE,3.6,490,300
6011,2022/10/8 12:45,131.3939592,46.8633295,5192231.768,453789.6126,5.556,358.4,TRUE,3.6,439,300
6012,2022/10/8 12:45,131.3939505,46.86338667,5192238.128,453788.9982,5.88936,354.5,TRUE,3.6,461,300
6013,2022/10/8 12:45,131.3939422,46.8634415,5192244.228,453788.4124,5.42636,356.1,TRUE,3.6,425,300
6014,2022/10/8 12:45,131.3939342,46.86349783,5192250.495,453787.8508,5.90788,354.9,TRUE,3.6,500,300
6015,2022/10/8 12:45,131.3939255,46.86355583,5192256.948,453787.2372,6.2968,357.8,TRUE,3.6,477,300
6016,2022/10/8 12:45,131.3939145,46.863616,5192263.644,453786.4501,5.85232,351.5,TRUE,3.6,464,300
6017,2022/10/8 12:45,131.3939003,46.86367867,5192270.619,453785.4211,5.59304,356.1,TRUE,3.6,500,300
6018,2022/10/8 12:45,131.3938962,46.86373433,5192276.809,453785.1563,6.1116,356.1,TRUE,3.6,464,300
6019,2022/10/8 12:45,131.3938855,46.86379167,5192283.189,453784.3896,5.7412,348.3,TRUE,3.6,488,300
6020,2022/10/8 12:46,131.3938738,46.86385167,5192289.866,453783.549,5.1856,359.8,TRUE,3.6,500,300
6021,2022/10/8 12:46,131.393862,46.8639095,5192296.302,453782.6989,6.2042,350.5,TRUE,3.6,487,300
6022,2022/10/8 12:46,131.3938545,46.86396567,5192302.551,453782.1752,5.87084,347.4,TRUE,3.6,500,300
6023,2022/10/8 12:46,131.3938475,46.8640245,5192309.095,453781.692,6.33384,352,TRUE,3.6,482,300
6024,2022/10/8 12:46,131.3938373,46.86408417,5192315.734,453780.9655,5.50044,353.8,TRUE,3.6,469,300
6025,2022/10/8 12:46,131.3938258,46.86414433,5192322.429,453780.1402,6.22272,355.3,TRUE,3.6,474,300
6026,2022/10/8 12:46,131.3938182,46.86419533,5192328.103,453779.6045,5.94492,356.3,TRUE,3.6,487,300
6027,2022/10/8 12:46,131.3938082,46.86425483,5192334.723,453778.8931,6.07456,353.5,TRUE,3.6,497,300
6028,2022/10/8 12:46,131.393802,46.86430967,5192340.824,453778.4674,5.59304,355.8,TRUE,3.6,500,300
6029,2022/10/8 12:46,131.3937898,46.86437017,5192347.556,453777.5891,6.35236,352.9,TRUE,3.6,500,300
6030,2022/10/8 12:46,131.3937798,46.864429,5192354.102,453776.8772,5.94492,352.9,TRUE,3.6,498,300
6031,2022/10/8 12:46,131.3937698,46.86448717,5192360.575,453776.1646,6.019,357.3,TRUE,3.6,478,300
6032,2022/10/8 12:46,131.3937598,46.86454667,5192367.195,453775.4532,5.57452,351.4,TRUE,3.6,470,300
6033,2022/10/8 12:46,131.3937495,46.86460567,5192373.76,453774.7185,5.72268,355.5,TRUE,3.6,490,300
6034,2022/10/8 12:46,131.3937395,46.864663,5192380.139,453774.0052,5.48192,356,TRUE,3.6,500,300
6035,2022/10/8 12:47,131.3937305,46.86471867,5192386.333,453773.3668,5.40784,352.6,TRUE,3.6,500,300
6036,2022/10/8 12:47,131.3937218,46.864776,5192392.712,453772.7527,5.88936,353.3,TRUE,3.6,500,300
6037,2022/10/8 12:47,131.3937125,46.864835,5192399.276,453772.0942,5.70416,350.8,TRUE,3.6,500,300
6038,2022/10/8 12:47,131.3937013,46.86489383,5192405.823,453771.2907,5.72268,349.1,TRUE,3.6,439,300
6039,2022/10/8 12:47,131.3936938,46.864952,5192412.294,453770.7688,5.63008,357.1,TRUE,3.6,474,300
6040,2022/10/8 12:47,131.3936835,46.86501017,5192418.766,453770.0334,6.13012,353.7,TRUE,3.6,443,300
6041,2022/10/8 12:47,131.3936763,46.86506767,5192425.163,453769.5338,5.87084,354.6,TRUE,3.6,488,300
6042,2022/10/8 12:47,131.3936618,46.8651275,5192431.822,453768.4796,6.05604,352.2,TRUE,3.6,500,300
6043,2022/10/8 12:47,131.3936562,46.86518667,5192438.404,453768.1034,6.33384,354.6,TRUE,3.6,500,300
6044,2022/10/8 12:47,131.3936542,46.86524467,5192444.852,453768.0007,6.46348,356.9,TRUE,3.6,464,300
6045,2022/10/8 12:47,131.3936433,46.8653055,5192451.621,453767.2219,6.53756,352.7,TRUE,3.6,490,300
6046,2022/10/8 12:47,131.3936283,46.86535883,5192457.559,453766.1239,6.14864,356.5,TRUE,3.6,493,300
6047,2022/10/8 12:47,131.3936147,46.86542133,5192464.515,453765.1406,6.019,355.1,TRUE,3.6,435,300
6048,2022/10/8 12:47,131.3936117,46.86548167,5192471.224,453764.9637,6.13012,353.5,TRUE,3.6,485,300
6049,2022/10/8 12:47,131.3935987,46.8655465,5192478.439,453764.0282,6.2968,352.6,TRUE,3.6,500,300
6050,2022/10/8 12:48,131.3935887,46.86560683,5192485.152,453763.3175,5.9264,350.5,TRUE,3.6,477,300
6051,2022/10/8 12:48,131.393578,46.86566983,5192492.161,453762.5558,5.53748,355.6,TRUE,3.6,500,300
6052,2022/10/8 12:48,131.3935715,46.86572583,5192498.391,453762.1083,5.31524,352.6,TRUE,3.6,500,300
6053,2022/10/8 12:48,131.39357,46.86578,5192504.414,453762.0404,5.33376,355.9,TRUE,3.6,483,300
6054,2022/10/8 12:48,131.3935555,46.865842,5192511.314,453760.9881,5.2782,356.4,TRUE,3.6,488,300
6055,2022/10/8 12:48,131.3935475,46.86589467,5192517.174,453760.4233,5.88936,350.7,TRUE,3.6,453,300
6056,2022/10/8 12:48,131.3935377,46.865948,5192523.109,453759.7219,6.09308,354.5,TRUE,3.6,500,300
6057,2022/10/8 12:48,131.393533,46.86600533,5192529.485,453759.4128,5.77824,348.5,TRUE,3.6,473,300
6058,2022/10/8 12:48,131.3935145,46.86606967,5192536.648,453758.0575,5.85232,356.6,TRUE,3.6,498,300
6059,2022/10/8 12:48,131.3935085,46.86612817,5192543.155,453757.6503,5.8338,352.8,TRUE,3.6,456,300
6060,2022/10/8 12:48,131.3935025,46.86618733,5192549.735,453757.2436,5.77824,355.1,TRUE,3.6,491,300
6061,2022/10/8 12:48,131.3934973,46.86624433,5192556.075,453756.8961,5.85232,356.3,TRUE,3.6,500,300
6062,2022/10/8 12:48,131.3934857,46.86630283,5192562.585,453756.0619,6.18568,356.4,TRUE,3.6,496,300
6063,2022/10/8 12:48,131.3934772,46.86636,5192568.946,453755.4629,6.05604,359.3,TRUE,3.6,444,300
6064,2022/10/8 12:48,131.3934678,46.86641967,5192575.584,453754.7974,5.96344,356.8,TRUE,3.6,499,300
6065,2022/10/8 12:49,131.393458,46.866478,5192582.075,453754.1003,5.90788,350.6,TRUE,3.6,456,300
6066,2022/10/8 12:49,131.3934513,46.8665365,5192588.582,453753.6397,5.6486,355.9,TRUE,3.6,496,300
6067,2022/10/8 12:49,131.3934395,46.866596,5192595.203,453752.7911,5.79676,356.6,TRUE,3.6,500,300
6068,2022/10/8 12:49,131.3934312,46.866651,5192601.322,453752.2056,5.42636,357.9,TRUE,3.6,500,300
6069,2022/10/8 12:49,131.3934182,46.86670533,5192607.37,453751.261,5.68564,356,TRUE,3.6,500,300
6070,2022/10/8 12:49,131.3934108,46.8667585,5192613.285,453750.7425,5.31524,349.7,TRUE,3.6,485,300
6071,2022/10/8 12:49,131.3934018,46.86681083,5192619.108,453750.1012,5.7412,349.5,TRUE,3.6,500,300
6072,2022/10/8 12:49,131.3933945,46.86686883,5192625.56,453749.5945,5.8338,354.1,TRUE,3.6,500,300
6073,2022/10/8 12:49,131.3933918,46.86692117,5192631.38,453749.4336,6.33384,349.2,TRUE,3.6,478,300
6074,2022/10/8 12:49,131.3933788,46.86697967,5192637.891,453748.4926,6.42644,355.8,TRUE,3.6,487,300
6075,2022/10/8 12:49,131.3933707,46.86704117,5192644.732,453747.9279,5.57452,356.5,TRUE,3.6,489,300
6076,2022/10/8 12:49,131.3933672,46.86709933,5192651.2,453747.711,5.87084,354.8,TRUE,3.6,500,300
6077,2022/10/8 12:49,131.3933552,46.8671555,5192657.451,453746.8443,6.1116,353.9,TRUE,3.6,468,300
6078,2022/10/8 12:49,131.3933402,46.86721883,5192664.501,453745.7551,5.90788,355.3,TRUE,3.6,500,300
6079,2022/10/8 12:49,131.3933318,46.86727283,5192670.509,453745.161,5.4634,355.1,TRUE,3.6,500,300
6080,2022/10/8 12:50,131.3933177,46.86733117,5192677.002,453744.1361,6.55608,352.9,TRUE,3.6,500,300
6081,2022/10/8 12:50,131.393311,46.867387,5192683.213,453743.6732,5.51896,357.3,TRUE,3.6,500,300
6082,2022/10/8 12:50,131.3933038,46.8674385,5192688.942,453743.1685,5.51896,356.1,TRUE,3.6,477,300
6083,2022/10/8 12:50,131.3932895,46.867496,5192695.343,453742.1276,6.13012,355.3,TRUE,3.6,471,300
6084,2022/10/8 12:50,131.3932752,46.86755767,5192702.207,453741.0903,5.1856,358.2,TRUE,3.6,482,300
6085,2022/10/8 12:50,131.3932693,46.86761283,5192708.342,453740.6879,5.20412,354.9,TRUE,3.6,499,300
6086,2022/10/8 12:50,131.3932577,46.86767033,5192714.741,453739.8528,6.42644,355.6,TRUE,3.6,500,300
6087,2022/10/8 12:50,131.3932478,46.86772883,5192721.251,453739.1483,5.59304,357.9,TRUE,3.6,497,300
6088,2022/10/8 12:50,131.3932417,46.867786,5192727.61,453738.7323,5.70416,357.2,TRUE,3.6,476,300
6089,2022/10/8 12:50,131.393225,46.867846,5192734.29,453737.5106,5.68564,354.6,TRUE,3.6,499,300
6090,2022/10/8 12:50,131.3932168,46.8679065,5192741.02,453736.9374,5.42636,355.1,TRUE,3.6,476,300
6091,2022/10/8 12:50,131.3932053,46.86796017,5192746.993,453736.1067,5.87084,352.8,TRUE,3.6,500,300
6092,2022/10/8 12:50,131.3932065,46.86800917,5192752.44,453736.2403,5.57452,353.5,TRUE,3.6,463,300
6093,2022/10/8 12:50,131.3931993,46.868065,5192758.65,453735.7393,5.48192,359.4,TRUE,3.6,500,300
6094,2022/10/8 12:50,131.3931837,46.86812533,5192765.366,453734.6018,5.6486,357.2,TRUE,3.6,476,300
6095,2022/10/8 12:51,131.3931765,46.86818267,5192771.745,453734.1021,6.1116,351.1,TRUE,3.6,481,300
6096,2022/10/8 12:51,131.3931698,46.868239,5192778.011,453733.6397,5.77824,350.4,TRUE,3.6,483,300
6097,2022/10/8 12:51,131.3931673,46.86828233,5192782.829,453733.4863,5.38932,351.3,TRUE,3.6,491,300
6098,2022/10/8 12:51,131.3931553,46.868344,5192789.692,453732.6244,6.1116,352.4,TRUE,3.6,500,300
6099,2022/10/8 12:51,131.3931403,46.86840367,5192796.334,453731.532,5.25968,352.7,TRUE,3.6,497,300
6100,2022/10/8 12:51,131.393133,46.8684585,5192802.434,453731.0226,5.38932,354.3,TRUE,3.6,500,300
6101,2022/10/8 12:51,131.3931283,46.8685115,5192808.329,453730.7098,6.46348,349.6,TRUE,3.6,494,300
6102,2022/10/8 12:51,131.3931187,46.8685715,5192815.004,453730.0294,6.1116,354,TRUE,3.6,465,300
6103,2022/10/8 12:51,131.3931145,46.8686245,5192820.899,453729.7548,6.07456,0.8,TRUE,3.6,500,300
6104,2022/10/8 12:51,131.393105,46.86867867,5192826.926,453729.077,6.18568,357.9,TRUE,3.6,500,300
6105,2022/10/8 12:51,131.3930925,46.868732,5192832.862,453728.1698,5.16708,356.6,TRUE,3.6,423,300
6106,2022/10/8 12:51,131.3930855,46.86878733,5192839.017,453727.6837,6.37088,351.1,TRUE,3.6,488,300
6107,2022/10/8 12:51,131.393074,46.86884667,5192845.621,453726.8579,5.94492,353.2,TRUE,3.6,482,300
6108,2022/10/8 12:51,131.3930535,46.86895833,5192858.046,453725.3909,5.50044,353,TRUE,3.6,500,300
6109,2022/10/8 12:52,131.3930363,46.8690205,5192864.967,453724.133,5.98196,350.5,TRUE,3.6,500,300
6110,2022/10/8 12:52,131.3930228,46.869135,5192877.704,453723.2022,5.88936,355.7,TRUE,3.6,474,300
6111,2022/10/8 12:52,131.3930115,46.86919433,5192884.306,453722.3916,6.00048,353.4,TRUE,3.6,499,300
6112,2022/10/8 12:52,131.3930077,46.8692465,5192890.108,453722.1467,5.33376,355.5,TRUE,3.6,485,300
6113,2022/10/8 12:52,131.392995,46.869301,5192896.174,453721.2253,6.019,1.9,TRUE,3.6,500,300
6114,2022/10/8 12:52,131.3929898,46.86935583,5192902.273,453720.876,6.14864,352.3,TRUE,3.6,483,300
6115,2022/10/8 12:52,131.392973,46.86941583,5192908.953,453719.6467,6.05604,351.3,TRUE,3.6,500,300
6116,2022/10/8 12:52,131.3929597,46.86947683,5192915.742,453718.6852,6.13012,351.5,TRUE,3.6,461,300
6117,2022/10/8 12:52,131.3929547,46.8695355,5192922.267,453718.3544,5.4634,349.7,TRUE,3.6,472,300
6118,2022/10/8 12:52,131.3929457,46.8695925,5192928.609,453717.7172,5.22264,356.2,TRUE,3.6,495,300
6119,2022/10/8 12:52,131.3929345,46.86964633,5192934.6,453716.9096,5.63008,356.9,TRUE,3.6,479,300
6120,2022/10/8 12:52,131.392935,46.8697005,5192940.621,453716.9943,4.27812,4,TRUE,3.6,500,300
6121,2022/10/8 12:52,131.39295,46.86974583,5192945.652,453718.1769,5.38932,20.4,FALSE,3.6,0,300
6122,2022/10/8 12:52,131.3930012,46.86976733,5192948.012,453722.0989,5.1856,73,FALSE,3.6,0,300
6123,2022/10/8 12:53,131.3930887,46.8697895,5192950.425,453728.7889,4.83372,71.8,FALSE,3.6,0,300
6124,2022/10/8 12:53,131.3931573,46.86979683,5192951.199,453734.0253,5.2782,76.5,FALSE,3.6,0,300
6125,2022/10/8 12:53,131.3932392,46.8698045,5192952.003,453740.276,4.77816,87.6,FALSE,3.6,0,300
6126,2022/10/8 12:53,131.3932813,46.86979183,5192950.57,453743.4748,4.12996,144.7,FALSE,3.6,0,300
6127,2022/10/8 12:53,131.3932803,46.869743,5192945.142,453743.3566,5.40784,172.1,FALSE,3.6,0,300
6128,2022/10/8 12:53,131.3932797,46.8696975,5192940.085,453743.2718,4.01884,176.1,TRUE,3.6,500,300
6129,2022/10/8 12:53,131.3932895,46.86965567,5192935.429,453743.983,4.31516,177.4,TRUE,3.6,492,300
6130,2022/10/8 12:53,131.3932975,46.86960883,5192930.217,453744.5527,4.98188,173.2,TRUE,3.6,500,300
6131,2022/10/8 12:53,131.3933045,46.86955967,5192924.748,453745.0441,5.79676,169.5,TRUE,3.6,500,300
6132,2022/10/8 12:53,131.3933155,46.8695065,5192918.83,453745.8371,5.2782,175.2,TRUE,3.6,491,300
6133,2022/10/8 12:53,131.393321,46.8694565,5192913.269,453746.2135,5.25968,172.9,TRUE,3.6,500,300
6134,2022/10/8 12:53,131.3933313,46.8694015,5192907.149,453746.9515,5.72268,173.4,TRUE,3.6,495,300
6135,2022/10/8 12:53,131.3933432,46.86934283,5192900.619,453747.8084,5.556,172.7,TRUE,3.6,488,300
6136,2022/10/8 12:53,131.393348,46.86928733,5192894.447,453748.1267,5.63008,179.1,TRUE,3.6,486,300
6137,2022/10/8 12:53,131.3933555,46.86922883,5192887.939,453748.6482,5.4634,175,TRUE,3.6,491,300
6138,2022/10/8 12:54,131.3933698,46.869171,5192881.502,453749.6888,5.40784,174.1,TRUE,3.6,467,300
6139,2022/10/8 12:54,131.3933777,46.86911183,5192874.919,453750.2403,5.6486,176.3,TRUE,3.6,496,300
6140,2022/10/8 12:54,131.393388,46.869054,5192868.484,453750.9759,5.75972,178.4,TRUE,3.6,500,300
6141,2022/10/8 12:54,131.3934005,46.868994,5192861.807,453751.8774,5.66712,169.2,TRUE,3.6,486,300
6142,2022/10/8 12:54,131.3934082,46.86893783,5192855.558,453752.4162,6.13012,176.2,TRUE,3.6,500,300
6143,2022/10/8 12:54,131.393412,46.86888133,5192849.275,453752.6574,5.29672,181.7,TRUE,3.6,479,300
6144,2022/10/8 12:54,131.3934262,46.86882467,5192842.968,453753.6913,5.20412,172.5,TRUE,3.6,484,300
6145,2022/10/8 12:54,131.3934328,46.8687715,5192837.053,453754.1488,5.33376,179.6,TRUE,3.6,474,300
6146,2022/10/8 12:54,131.393439,46.868716,5192830.88,453754.5739,4.74112,172.5,TRUE,3.6,500,300
6147,2022/10/8 12:54,131.3934495,46.8686605,5192824.704,453755.3267,5.79676,177.7,TRUE,3.6,497,300
6148,2022/10/8 12:54,131.3934612,46.868602,5192818.193,453756.1685,5.44488,175.6,TRUE,3.6,497,300
6149,2022/10/8 12:54,131.3934732,46.86854267,5192811.591,453757.0325,5.42636,175.5,TRUE,3.6,476,300
6150,2022/10/8 12:54,131.3934805,46.8684855,5192805.231,453757.5399,4.77816,174.6,TRUE,3.6,492,300
6151,2022/10/8 12:54,131.3934935,46.86842667,5192798.683,453758.4806,5.90788,177.2,TRUE,3.6,500,300
6152,2022/10/8 12:54,131.3935085,46.86837667,5192793.116,453759.5813,5.25968,180.4,TRUE,3.6,491,300
6153,2022/10/8 12:55,131.393514,46.86831917,5192786.721,453759.9512,5.44488,175.6,TRUE,3.6,500,300
6154,2022/10/8 12:55,131.3935118,46.86826983,5192781.237,453759.7411,5.61156,173,TRUE,3.6,496,300
6155,2022/10/8 12:55,131.3935162,46.8682165,5192775.306,453760.0308,5.05596,179.4,TRUE,3.6,500,300
6156,2022/10/8 12:55,131.3935257,46.8681525,5192768.185,453760.7001,5.29672,174.9,TRUE,3.6,492,300
6157,2022/10/8 12:55,131.3935388,46.86809367,5192761.638,453761.6484,5.13004,176.2,TRUE,3.6,500,300
6158,2022/10/8 12:55,131.3935472,46.86803667,5192755.296,453762.2399,5.4634,181,TRUE,3.6,500,300
6159,2022/10/8 12:55,131.3935547,46.86797567,5192748.51,453762.7593,5.59304,177.6,TRUE,3.6,478,300
6160,2022/10/8 12:55,131.3935635,46.86791867,5192742.169,453763.3813,5.63008,175.4,TRUE,3.6,500,300
6161,2022/10/8 12:55,131.3935752,46.86785683,5192735.287,453764.2202,5.48192,179.3,TRUE,3.6,495,300
6162,2022/10/8 12:55,131.3935818,46.86780333,5192729.336,453764.6775,5.01892,178.6,TRUE,3.6,500,300
6163,2022/10/8 12:55,131.3935898,46.86774667,5192723.032,453765.2388,5.7412,174.5,TRUE,3.6,499,300
6164,2022/10/8 12:55,131.3936097,46.86768717,5192716.406,453766.7049,6.09308,174.4,TRUE,3.6,500,300
6165,2022/10/8 12:55,131.3936268,46.8676385,5192710.986,453767.9669,5.33376,185.2,TRUE,3.6,482,300
6166,2022/10/8 12:55,131.3936362,46.86759067,5192705.663,453768.6425,5.63008,181.3,TRUE,3.6,491,300
6167,2022/10/8 12:55,131.393653,46.867533,5192699.242,453769.8739,5.29672,173.7,TRUE,3.6,479,300
6168,2022/10/8 12:56,131.3936555,46.8674745,5192692.737,453770.0143,5.66712,178.8,TRUE,3.6,478,300
6169,2022/10/8 12:56,131.3936702,46.8674195,5192686.614,453771.0878,5.31524,180.9,TRUE,3.6,489,300
6170,2022/10/8 12:56,131.3936763,46.8673645,5192680.496,453771.5057,5.25968,175.7,TRUE,3.6,500,300
6171,2022/10/8 12:56,131.39369,46.86731067,5192674.504,453772.504,5.2782,176.7,TRUE,3.6,500,300
6172,2022/10/8 12:56,131.3936975,46.8672565,5192668.478,453773.0294,5.7412,179.7,TRUE,3.6,500,300
6173,2022/10/8 12:56,131.3937052,46.86720533,5192662.785,453773.5725,5.7412,176,TRUE,3.6,495,300
6174,2022/10/8 12:56,131.393713,46.8671555,5192657.241,453774.1244,5.4634,176.5,TRUE,3.6,500,300
6175,2022/10/8 12:56,131.393727,46.8670955,5192650.562,453775.1403,5.40784,177.1,TRUE,3.6,487,300
6176,2022/10/8 12:56,131.3937382,46.86703167,5192643.46,453775.9395,6.03752,177.8,TRUE,3.6,500,300
6177,2022/10/8 12:56,131.3937517,46.86696917,5192636.504,453776.9151,5.35228,180.5,TRUE,3.6,500,300
6178,2022/10/8 12:56,131.3937597,46.866912,5192630.144,453777.476,5.40784,178.7,TRUE,3.6,500,300
6179,2022/10/8 12:56,131.3937675,46.86686267,5192624.655,453778.0284,5.40784,171.5,TRUE,3.6,476,300
6180,2022/10/8 12:56,131.3937773,46.86680667,5192618.424,453778.7275,5.38932,175,TRUE,3.6,493,300
6181,2022/10/8 12:56,131.3937822,46.86674867,5192611.974,453779.0513,5.77824,176.8,TRUE,3.6,480,300
6182,2022/10/8 12:56,131.3937907,46.86668933,5192605.372,453779.6484,5.53748,167.5,TRUE,3.6,500,300
6183,2022/10/8 12:57,131.3937967,46.86663433,5192599.254,453780.0587,5.85232,177.4,TRUE,3.6,482,300
6184,2022/10/8 12:57,131.393802,46.86657733,5192592.914,453780.4139,5.51896,179.7,TRUE,3.6,500,300
6185,2022/10/8 12:57,131.3938128,46.866521,5192586.646,453781.189,5.68564,176.4,TRUE,3.6,500,300
6186,2022/10/8 12:57,131.393818,46.86646833,5192580.788,453781.5402,5.38932,174,TRUE,3.6,489,300
6187,2022/10/8 12:57,131.3938258,46.86641233,5192574.558,453782.0869,5.29672,180.7,TRUE,3.6,500,300
6188,2022/10/8 12:57,131.393837,46.866357,5192568.4,453782.8933,5.40784,175.2,TRUE,3.6,481,300
6189,2022/10/8 12:57,131.393844,46.86629667,5192561.689,453783.3753,5.48192,176.8,TRUE,3.6,475,300
6190,2022/10/8 12:57,131.3938527,46.86624117,5192555.514,453783.991,5.79676,178.4,TRUE,3.6,486,300
6191,2022/10/8 12:57,131.3938568,46.8661885,5192549.657,453784.2584,6.09308,177.4,TRUE,3.6,500,300
6192,2022/10/8 12:57,131.3938697,46.86613233,5192543.405,453785.1937,5.75972,179.2,TRUE,3.6,479,300
6193,2022/10/8 12:57,131.3938808,46.86607583,5192537.117,453785.9916,5.42636,173,TRUE,3.6,500,300
6194,2022/10/8 12:57,131.3938933,46.86602133,5192531.051,453786.8979,5.35228,178.9,TRUE,3.6,500,300
6195,2022/10/8 12:57,131.393894,46.86596767,5192525.086,453786.9052,5.70416,174.7,TRUE,3.6,500,300
6196,2022/10/8 12:57,131.3939032,46.8659115,5192518.836,453787.5584,5.44488,178,TRUE,3.6,491,300
6197,2022/10/8 12:57,131.3939177,46.86585483,5192512.528,453788.6154,5.01892,174,TRUE,3.6,500,300
6198,2022/10/8 12:58,131.3939288,46.86580267,5192506.722,453789.4169,5.05596,177.4,TRUE,3.6,500,300
6199,2022/10/8 12:58,131.3939308,46.86574517,5192500.329,453789.5201,5.48192,176.5,TRUE,3.6,500,300
6200,2022/10/8 12:58,131.3939363,46.8656875,5192493.915,453789.8899,5.35228,174.6,TRUE,3.6,499,300
6201,2022/10/8 12:58,131.393951,46.86563067,5192487.589,453790.962,5.48192,178.7,TRUE,3.6,498,300
6202,2022/10/8 12:58,131.3939578,46.86557117,5192480.97,453791.4294,5.40784,177.6,TRUE,3.6,467,300
6203,2022/10/8 12:58,131.3939667,46.86551667,5192474.906,453792.0612,5.48192,174.1,TRUE,3.6,500,300
6204,2022/10/8 12:58,131.3939698,46.86545967,5192468.568,453792.2487,5.63008,174.2,TRUE,3.6,483,300
6205,2022/10/8 12:58,131.3939773,46.8654025,5192462.208,453792.7715,5.38932,173.9,TRUE,3.6,494,300
6206,2022/10/8 12:58,131.3939898,46.8653415,5192455.419,453793.6722,5.33376,181.2,TRUE,3.6,500,300
6207,2022/10/8 12:58,131.3940008,46.86528183,5192448.779,453794.4597,5.38932,178.4,TRUE,3.6,480,300
6208,2022/10/8 12:58,131.3940083,46.86522417,5192442.365,453794.9821,5.20412,177.2,TRUE,3.6,497,300
6209,2022/10/8 12:58,131.3940173,46.86516283,5192435.541,453795.6157,4.83372,171.1,TRUE,3.6,500,300
6210,2022/10/8 12:58,131.3940273,46.86510367,5192428.958,453796.3274,5.87084,180,TRUE,3.6,500,300
6211,2022/10/8 12:58,131.3940382,46.86504367,5192422.282,453797.107,5.90788,179.2,TRUE,3.6,500,300
6212,2022/10/8 12:58,131.3940475,46.86498267,5192415.495,453797.7638,5.66712,172.5,TRUE,3.6,475,300
6213,2022/10/8 12:59,131.3940558,46.86492133,5192408.671,453798.344,4.9078,181.4,TRUE,3.6,500,300
6214,2022/10/8 12:59,131.3940708,46.86486183,5192402.048,453799.4366,5.31524,173.1,TRUE,3.6,485,300
6215,2022/10/8 12:59,131.3940665,46.86480467,5192395.696,453799.0597,6.16716,174.5,TRUE,3.6,498,300
6216,2022/10/8 12:59,131.3940713,46.86474667,5192389.245,453799.376,5.44488,175.5,TRUE,3.6,473,300
6217,2022/10/8 12:59,131.3940843,46.8646955,5192383.549,453800.3233,5.31524,177.1,TRUE,3.6,500,300
6218,2022/10/8 12:59,131.394093,46.86463967,5192377.338,453800.9387,5.51896,174.9,TRUE,3.6,453,300
6219,2022/10/8 12:59,131.3941097,46.8645855,5192371.306,453802.1656,5.51896,173.2,TRUE,3.6,472,300
6220,2022/10/8 12:59,131.3941165,46.86452717,5192364.817,453802.634,5.33376,173.1,TRUE,3.6,449,300
6221,2022/10/8 12:59,131.394128,46.86447133,5192358.603,453803.463,5.14856,176.2,TRUE,3.6,496,300
6222,2022/10/8 12:59,131.3941365,46.8644165,5192352.503,453804.0641,5.61156,175.6,TRUE,3.6,500,300
6223,2022/10/8 12:59,131.3941472,46.86435817,5192346.012,453804.8299,5.70416,174.3,TRUE,3.6,497,300
6224,2022/10/8 12:59,131.3941562,46.8642995,5192339.485,453805.4658,6.25976,172.7,TRUE,3.6,429,300
6225,2022/10/8 12:59,131.3941608,46.86423867,5192332.719,453805.7643,5.63008,176.8,TRUE,3.6,498,300
6226,2022/10/8 12:59,131.3941738,46.86418033,5192326.226,453806.7055,5.87084,174.4,TRUE,3.6,496,300
6227,2022/10/8 12:59,131.3941843,46.864121,5192319.625,453807.4552,4.83372,171.2,TRUE,3.6,500,300
6228,2022/10/8 13:00,131.3941913,46.864065,5192313.395,453807.9409,5.22264,176.1,TRUE,3.6,500,300
6229,2022/10/8 13:00,131.3942022,46.86400783,5192307.033,453808.723,5.0004,173.3,TRUE,3.6,484,300
6230,2022/10/8 13:00,131.3942138,46.8639475,5192300.32,453809.5557,5.33376,168.3,TRUE,3.6,500,300
6231,2022/10/8 13:00,131.3942232,46.863887,5192293.588,453810.2206,5.96344,179.7,TRUE,3.6,500,300
6232,2022/10/8 13:00,131.3942342,46.86382417,5192286.597,453811.0054,5.16708,178.8,TRUE,3.6,437,300
6233,2022/10/8 13:00,131.3942347,46.86376883,5192280.445,453810.9961,5.4634,176.1,TRUE,3.6,500,300
6234,2022/10/8 13:00,131.3942468,46.8637095,5192273.842,453811.8678,5.68564,173.2,TRUE,3.6,499,300
6235,2022/10/8 13:00,131.3942585,46.8636535,5192267.61,453812.7119,5.4634,174.5,TRUE,3.6,494,300
6236,2022/10/8 13:00,131.3942692,46.86359683,5192261.304,453813.4792,5.2782,173.6,TRUE,3.6,500,300
6237,2022/10/8 13:00,131.3942752,46.86353933,5192254.908,453813.8873,5.33376,172.3,TRUE,3.6,495,300
6238,2022/10/8 13:00,131.3942865,46.86348383,5192248.732,453814.7014,5.29672,173.2,TRUE,3.6,489,300
6239,2022/10/8 13:00,131.3942923,46.8634295,5192242.688,453815.097,5.2782,175.2,TRUE,3.6,470,300
6240,2022/10/8 13:00,131.394306,46.86338083,5192237.27,453816.0999,6.14864,176.3,TRUE,3.6,496,300
6241,2022/10/8 13:00,131.3943175,46.86332633,5192231.204,453816.93,5.63008,173,TRUE,3.6,500,300
6242,2022/10/8 13:00,131.3943238,46.86325717,5192223.512,453817.3511,5.42636,178.8,TRUE,3.6,485,300
6243,2022/10/8 13:01,131.3943332,46.86320417,5192217.615,453818.0224,5.48192,172.8,TRUE,3.6,490,300
6244,2022/10/8 13:01,131.3943442,46.8631445,5192210.975,453818.8099,5.66712,177.1,TRUE,3.6,496,300
6245,2022/10/8 13:01,131.3943522,46.8630875,5192204.634,453819.3711,6.22272,175.4,TRUE,3.6,487,300
6246,2022/10/8 13:01,131.394361,46.86302683,5192197.884,453819.99,6.03752,172.9,TRUE,3.6,500,300
6247,2022/10/8 13:01,131.3943693,46.8629695,5192191.506,453820.5737,6.05604,179.8,TRUE,3.6,500,300
6248,2022/10/8 13:01,131.3943748,46.8629115,5192185.055,453820.9434,5.3708,174.8,TRUE,3.6,486,300
6249,2022/10/8 13:01,131.3943895,46.86284733,5192177.913,453822.0092,5.2782,171.2,TRUE,3.6,482,300
6250,2022/10/8 13:01,131.3943975,46.86279717,5192172.332,453822.5762,5.07448,174.4,TRUE,3.6,470,300
6251,2022/10/8 13:01,131.3944082,46.86273967,5192165.933,453823.3428,5.63008,173.5,TRUE,3.6,482,300
6252,2022/10/8 13:01,131.3944238,46.862678,5192159.069,453824.4794,5.44488,168.6,TRUE,3.6,486,300
6253,2022/10/8 13:01,131.3944302,46.862618,5192152.395,453824.916,5.59304,173.2,TRUE,3.6,485,300
6254,2022/10/8 13:01,131.3944357,46.86256367,5192146.352,453825.2888,5.14856,172.7,TRUE,3.6,500,300
6255,2022/10/8 13:01,131.3944522,46.86251017,5192140.395,453826.501,5.59304,175.3,TRUE,3.6,500,300
6256,2022/10/8 13:01,131.3944617,46.86245033,5192133.737,453827.1741,5.61156,171,TRUE,3.6,479,300
6257,2022/10/8 13:01,131.394466,46.86238967,5192126.991,453827.45,5.33376,178.4,TRUE,3.6,493,300
6258,2022/10/8 13:02,131.3944712,46.86233267,5192120.651,453827.7976,5.24116,176.2,TRUE,3.6,440,300
6259,2022/10/8 13:02,131.3944797,46.86227933,5192114.716,453828.4,4.83372,173.4,TRUE,3.6,500,300
6260,2022/10/8 13:02,131.3944898,46.8622315,5192109.393,453829.1292,5.3708,178,TRUE,3.6,500,300
6261,2022/10/8 13:02,131.394494,46.86218117,5192103.796,453829.4063,3.59288,171.4,TRUE,3.6,474,300
6262,2022/10/8 13:02,131.3944983,46.8621455,5192099.828,453829.7036,4.51888,206.3,TRUE,3.6,328,300
6263,2022/10/8 13:02,131.3944703,46.86210333,5192095.156,453827.5324,3.90772,239.1,TRUE,3.6,203,300
6264,2022/10/8 13:02,131.3944007,46.86209783,5192094.586,453822.2206,5.093,267,FALSE,3.6,0,300
6265,2022/10/8 13:02,131.394359,46.862111,5192096.075,453819.0522,4.75964,294.4,FALSE,3.6,0,300
6266,2022/10/8 13:02,131.3943352,46.8621135,5192096.366,453817.2396,5.24116,332.3,FALSE,3.6,0,300
6267,2022/10/8 13:02,131.3943228,46.86213783,5192099.078,453816.3149,4.66704,353.7,FALSE,3.6,0,300
6268,2022/10/8 13:02,131.3943303,46.8621735,5192103.039,453816.9174,5.20412,6.3,TRUE,3.6,498,300
6269,2022/10/8 13:02,131.3943257,46.86221867,5192108.064,453816.6054,5.63008,352.7,TRUE,3.6,479,300
6270,2022/10/8 13:02,131.3943132,46.8622805,5192114.944,453815.7053,5.4634,352.4,TRUE,3.6,491,300
6271,2022/10/8 13:02,131.394296,46.86232967,5192120.421,453814.4359,5.05596,1,TRUE,3.6,478,300
6272,2022/10/8 13:02,131.3942757,46.86238717,5192126.825,453812.9373,5.70416,353.3,TRUE,3.6,500,300
6273,2022/10/8 13:03,131.394277,46.86244167,5192132.883,453813.0832,5.556,357.4,TRUE,3.6,491,300
6274,2022/10/8 13:03,131.3942807,46.86249,5192138.253,453813.4068,5.13004,355.9,TRUE,3.6,500,300
6275,2022/10/8 13:03,131.3942622,46.86255667,5192145.676,453812.0533,5.9264,359.5,TRUE,3.6,500,300
6276,2022/10/8 13:03,131.3942487,46.86262083,5192152.816,453811.079,6.16716,351,TRUE,3.6,500,300
6277,2022/10/8 13:03,131.3942435,46.86267717,5192159.082,453810.7308,6.51904,0,TRUE,3.6,481,300
6278,2022/10/8 13:03,131.39424,46.86273683,5192165.717,453810.5151,5.81528,359,TRUE,3.6,500,300
6279,2022/10/8 13:03,131.3942275,46.86279567,5192172.265,453809.6124,5.68564,1.4,TRUE,3.6,500,300
6280,2022/10/8 13:03,131.3942063,46.8628585,5192179.262,453808.0498,5.9264,349.5,TRUE,3.6,500,300
6281,2022/10/8 13:03,131.3941893,46.86291633,5192185.701,453806.8031,5.70416,352.7,TRUE,3.6,487,300
6282,2022/10/8 13:03,131.3941738,46.86297133,5192191.824,453805.6685,6.31532,356,TRUE,3.6,496,300
6283,2022/10/8 13:03,131.3941637,46.86303483,5192198.89,453804.9528,6.42644,355.7,TRUE,3.6,494,300
6284,2022/10/8 13:03,131.3941572,46.86309433,5192205.508,453804.5082,5.87084,354.4,TRUE,3.6,500,300
6285,2022/10/8 13:03,131.3941462,46.86315817,5192212.611,453803.7242,5.72268,348.4,TRUE,3.6,500,300
6286,2022/10/8 13:03,131.3941397,46.86321233,5192218.636,453803.2751,5.7412,352.6,TRUE,3.6,500,300
6287,2022/10/8 13:03,131.3941277,46.86327683,5192225.813,453802.4154,5.66712,357.9,TRUE,3.6,492,300
6288,2022/10/8 13:04,131.3941097,46.86333317,5192232.087,453801.0912,6.1116,0.7,TRUE,3.6,376,300
6289,2022/10/8 13:04,131.3941047,46.86338983,5192238.389,453800.7586,5.6486,355.1,TRUE,3.6,500,300
6290,2022/10/8 13:04,131.3940967,46.8634475,5192244.805,453800.1981,6.05604,356.1,TRUE,3.6,488,300
6291,2022/10/8 13:04,131.3940832,46.86350717,5192251.446,453799.2199,5.48192,359.1,TRUE,3.6,500,300
6292,2022/10/8 13:04,131.3940697,46.863567,5192258.105,453798.2419,6.83388,352.5,TRUE,3.6,494,300
6293,2022/10/8 13:04,131.394063,46.86362717,5192264.798,453797.7826,5.8338,351.1,TRUE,3.6,492,300
6294,2022/10/8 13:04,131.3940537,46.863686,5192271.343,453797.124,5.57452,356.4,TRUE,3.6,480,300
6295,2022/10/8 13:04,131.3940373,46.86374833,5192278.282,453795.927,5.90788,356.2,TRUE,3.6,500,300
6296,2022/10/8 13:04,131.3940325,46.863804,5192284.474,453795.6088,6.1116,351.8,TRUE,3.6,487,300
6297,2022/10/8 13:04,131.3940185,46.86386267,5192291.004,453794.5916,5.85232,353.2,TRUE,3.6,492,300
6298,2022/10/8 13:04,131.3940172,46.86391517,5192296.841,453794.5375,5.96344,356.1,TRUE,3.6,472,300
6299,2022/10/8 13:04,131.3940122,46.863973,5192303.273,453794.2059,6.09308,357.7,TRUE,3.6,492,300
6300,2022/10/8 13:04,131.394003,46.86402767,5192309.356,453793.5513,6.33384,355.6,TRUE,3.6,500,300
6301,2022/10/8 13:04,131.3939892,46.86408583,5192315.83,453792.549,5.3708,0.2,TRUE,3.6,489,300
6302,2022/10/8 13:04,131.3939855,46.864151,5192323.077,453792.3228,6.59312,357.9,TRUE,3.6,476,300
6303,2022/10/8 13:05,131.3939663,46.864211,5192329.758,453790.9103,5.72268,356.5,TRUE,3.6,500,300
6304,2022/10/8 13:05,131.393964,46.864268,5192336.096,453790.7839,6.09308,356.1,TRUE,3.6,500,300
6305,2022/10/8 13:05,131.393956,46.86432183,5192342.085,453790.2201,6.25976,356.3,TRUE,3.6,500,300
6306,2022/10/8 13:05,131.3939385,46.86438,5192348.562,453788.9357,6.25976,355.2,TRUE,3.6,491,300
6307,2022/10/8 13:05,131.393931,46.86444367,5192355.644,453788.4184,6.27828,354.9,TRUE,3.6,491,300
6308,2022/10/8 13:05,131.3939238,46.86449983,5192361.892,453787.9176,5.51896,355,TRUE,3.6,500,300
6309,2022/10/8 13:05,131.3939072,46.86455733,5192368.293,453786.7013,6.25976,354.2,TRUE,3.6,480,300
6310,2022/10/8 13:05,131.3938935,46.86461917,5192375.176,453785.7097,6.019,354.7,TRUE,3.6,491,300
6311,2022/10/8 13:05,131.393891,46.86467817,5192381.736,453785.5698,6.25976,355,TRUE,3.6,480,300
6312,2022/10/8 13:05,131.3938803,46.864736,5192388.172,453784.8035,6.2968,349.9,TRUE,3.6,489,300
6313,2022/10/8 13:05,131.3938648,46.86479517,5192394.759,453783.6725,5.38932,353.1,TRUE,3.6,500,300
6314,2022/10/8 13:05,131.3938643,46.86484883,5192400.724,453783.6804,5.68564,355.6,TRUE,3.6,498,300
6315,2022/10/8 13:05,131.3938603,46.8649025,5192406.693,453783.4215,5.59304,357.9,TRUE,3.6,482,300
6316,2022/10/8 13:05,131.3938488,46.86496067,5192413.166,453782.5946,5.94492,355.2,TRUE,3.6,500,300
6317,2022/10/8 13:05,131.3938318,46.86502017,5192419.791,453781.3494,6.64868,358.7,TRUE,3.6,481,300
6318,2022/10/8 13:06,131.393818,46.86508217,5192426.691,453780.3505,5.94492,355.6,TRUE,3.6,481,300
6319,2022/10/8 13:06,131.3938088,46.86513983,5192433.107,453779.6985,5.66712,351.9,TRUE,3.6,472,300
6320,2022/10/8 13:06,131.3937973,46.86519283,5192439.005,453778.8671,5.51896,352.5,TRUE,3.6,479,300
6321,2022/10/8 13:06,131.3937925,46.86525333,5192445.734,453778.5531,6.70424,353.5,TRUE,3.6,500,300
6322,2022/10/8 13:06,131.3937887,46.86531183,5192452.239,453778.3135,5.9264,351.1,TRUE,3.6,471,300
6323,2022/10/8 13:06,131.3937747,46.86537233,5192458.973,453777.298,6.33384,356.2,TRUE,3.6,491,300
6324,2022/10/8 13:06,131.3937632,46.865435,5192465.947,453776.475,6.2968,353.6,TRUE,3.6,492,300
6325,2022/10/8 13:06,131.3937587,46.86549517,5192472.638,453776.1835,5.98196,359.5,TRUE,3.6,500,300
6326,2022/10/8 13:06,131.3937522,46.865555,5192479.293,453775.7393,6.42644,351.6,TRUE,3.6,500,300
6327,2022/10/8 13:06,131.3937365,46.86561867,5192486.381,453774.5969,6.2042,356.5,TRUE,3.6,457,300
6328,2022/10/8 13:06,131.3937325,46.8656745,5192492.59,453774.3398,6.24124,355.4,TRUE,3.6,469,300
6329,2022/10/8 13:06,131.3937213,46.865734,5192499.211,453773.5369,5.31524,348.7,TRUE,3.6,468,300
6330,2022/10/8 13:06,131.3937098,46.86579333,5192505.813,453772.711,6.24124,353.8,TRUE,3.6,455,300
6331,2022/10/8 13:06,131.3936962,46.86585567,5192512.751,453771.7276,5.61156,353.5,TRUE,3.6,493,300
6332,2022/10/8 13:06,131.393688,46.86590883,5192518.666,453771.148,5.66712,353.3,TRUE,3.6,484,300
6333,2022/10/8 13:07,131.3936763,46.86596733,5192525.176,453770.3062,6.16716,358.5,TRUE,3.6,451,300
6334,2022/10/8 13:07,131.3936683,46.86602117,5192531.166,453769.7424,5.79676,355.8,TRUE,3.6,482,300
6335,2022/10/8 13:07,131.3936593,46.86607767,5192537.452,453769.1047,5.25968,353.6,TRUE,3.6,488,300
6336,2022/10/8 13:07,131.3936477,46.86613733,5192544.091,453768.2715,5.85232,359.5,TRUE,3.6,500,300
6337,2022/10/8 13:07,131.3936382,46.86619783,5192550.823,453767.5991,6.35236,352,TRUE,3.6,492,300
6338,2022/10/8 13:07,131.3936222,46.8662575,5192557.465,453766.4304,5.7412,352.1,TRUE,3.6,473,300
6339,2022/10/8 13:07,131.3936155,46.866314,5192563.75,453765.9681,6.27828,354,TRUE,3.6,483,300
6340,2022/10/8 13:07,131.3936093,46.86637017,5192569.998,453765.5436,5.70416,348.4,TRUE,3.6,481,300
6341,2022/10/8 13:07,131.3936005,46.86643,5192576.655,453764.924,6.482,0.3,TRUE,3.6,500,300
6342,2022/10/8 13:07,131.3935952,46.86648917,5192583.236,453764.5707,6.59312,355.8,TRUE,3.6,485,300
6343,2022/10/8 13:07,131.3935872,46.86655083,5192590.095,453764.0137,5.81528,1.3,TRUE,3.6,461,300
6344,2022/10/8 13:07,131.393581,46.86660733,5192596.38,453763.5895,6.37088,356,TRUE,3.6,486,300
6345,2022/10/8 13:07,131.3935752,46.86666867,5192603.202,453763.2,6.05604,356.6,TRUE,3.6,500,300
6346,2022/10/8 13:07,131.393571,46.86672733,5192609.726,453762.9301,5.57452,357.1,TRUE,3.6,498,300
6347,2022/10/8 13:07,131.3935595,46.86678517,5192616.162,453762.103,6.03752,2.4,TRUE,3.6,482,300
6348,2022/10/8 13:08,131.3935432,46.866843,5192622.601,453760.9098,5.9264,356.3,TRUE,3.6,500,300
6349,2022/10/8 13:08,131.3935315,46.866902,5192629.167,453760.0684,6.22272,355.4,TRUE,3.6,500,300
6350,2022/10/8 13:08,131.3935288,46.86695933,5192635.541,453759.9118,6.24124,352.7,TRUE,3.6,500,300
6351,2022/10/8 13:08,131.3935212,46.8670145,5192641.679,453759.3797,5.79676,359.7,TRUE,3.6,467,300
6352,2022/10/8 13:08,131.39351,46.86707333,5192648.226,453758.5763,6.1116,358.7,TRUE,3.6,495,300
6353,2022/10/8 13:08,131.3935023,46.86713317,5192654.882,453758.0406,5.6486,353,TRUE,3.6,500,300
6354,2022/10/8 13:08,131.3934897,46.86718967,5192661.171,453757.1285,6.1116,355.4,TRUE,3.6,460,300
6355,2022/10/8 13:08,131.3934828,46.86724517,5192667.345,453756.6501,5.88936,354.2,TRUE,3.6,463,300
6356,2022/10/8 13:08,131.3934687,46.86730133,5192673.596,453755.6233,5.8338,353.3,TRUE,3.6,500,300
6357,2022/10/8 13:08,131.3934532,46.86736183,5192680.331,453754.4934,6.03752,349.8,TRUE,3.6,500,300
6358,2022/10/8 13:08,131.3934403,46.86742017,5192686.824,453753.56,5.94492,354.8,TRUE,3.6,441,300
6359,2022/10/8 13:08,131.3934303,46.8674805,5192693.537,453752.8494,6.31532,0.3,TRUE,3.6,491,300
6360,2022/10/8 13:08,131.3934245,46.867541,5192700.266,453752.4591,6.019,355.8,TRUE,3.6,462,300
6361,2022/10/8 13:08,131.3934112,46.86760033,5192706.869,453751.4961,5.61156,354.8,TRUE,3.6,493,300
6362,2022/10/8 13:08,131.3934035,46.8676575,5192713.229,453750.9581,5.66712,354.7,TRUE,3.6,473,300
6363,2022/10/8 13:09,131.3933927,46.867715,5192719.628,453750.1841,6.87092,357.6,TRUE,3.6,486,300
6364,2022/10/8 13:09,131.3933868,46.86777633,5192726.449,453749.7869,6.09308,353.5,TRUE,3.6,476,300
6365,2022/10/8 13:09,131.3933747,46.86783467,5192732.942,453748.9145,5.98196,355.9,TRUE,3.6,498,300
6366,2022/10/8 13:09,131.3933648,46.86789083,5192739.191,453748.2079,6.27828,358.5,TRUE,3.6,474,300
6367,2022/10/8 13:09,131.3933542,46.867951,5192745.886,453747.4514,5.98196,353.5,TRUE,3.6,460,300
6368,2022/10/8 13:09,131.3933482,46.86800967,5192752.412,453747.0444,5.87084,352.7,TRUE,3.6,500,300
6369,2022/10/8 13:09,131.3933352,46.8680745,5192759.626,453746.1089,5.88936,353.3,TRUE,3.6,500,300
6370,2022/10/8 13:09,131.3933217,46.86813767,5192766.657,453745.1339,6.72276,358.6,TRUE,3.6,493,300
6371,2022/10/8 13:09,131.3933115,46.86819717,5192773.277,453744.4073,6.22272,355.1,TRUE,3.6,500,300
6372,2022/10/8 13:09,131.3933097,46.868255,5192779.707,453744.3198,6.5746,353.9,TRUE,3.6,468,300
6373,2022/10/8 13:09,131.3933067,46.86831183,5192786.027,453744.1399,5.94492,351.5,TRUE,3.6,496,300
6374,2022/10/8 13:09,131.3933038,46.8683695,5192792.439,453743.9683,5.75972,353,TRUE,3.6,496,300
6375,2022/10/8 13:09,131.3932872,46.86843067,5192799.249,453742.7552,5.77824,355.3,TRUE,3.6,496,300
6376,2022/10/8 13:09,131.3932847,46.86848583,5192805.383,453742.612,5.79676,357.5,TRUE,3.6,498,300
6377,2022/10/8 13:09,131.3932755,46.86854517,5192811.985,453741.9616,5.98196,355.2,TRUE,3.6,483,300
6378,2022/10/8 13:10,131.3932657,46.8686045,5192818.586,453741.2654,6.482,357.6,TRUE,3.6,492,300
6379,2022/10/8 13:10,131.393249,46.86866483,5192825.303,453740.044,6.31532,352,TRUE,3.6,493,300
6380,2022/10/8 13:10,131.3932443,46.86872483,5192831.976,453739.7372,6.00048,351.6,TRUE,3.6,500,300
6381,2022/10/8 13:10,131.3932393,46.8687825,5192838.39,453739.4055,6.33384,352.9,TRUE,3.6,493,300
6382,2022/10/8 13:10,131.3932283,46.86883967,5192844.752,453738.616,6.019,358.4,TRUE,3.6,479,300
6383,2022/10/8 13:10,131.393216,46.86889767,5192851.207,453737.728,5.90788,358.5,TRUE,3.6,500,300
6384,2022/10/8 13:10,131.3932067,46.86895667,5192857.771,453737.0697,5.77824,355.3,TRUE,3.6,500,300
6385,2022/10/8 13:10,131.3932,46.86901433,5192864.185,453736.6084,6.019,0.6,TRUE,3.6,461,300
6386,2022/10/8 13:10,131.3931862,46.869073,5192870.715,453735.6067,6.00048,354.1,TRUE,3.6,471,300
6387,2022/10/8 13:10,131.393169,46.86913267,5192877.359,453734.3466,6.35236,353.1,TRUE,3.6,478,300
6388,2022/10/8 13:10,131.393154,46.869195,5192884.297,453733.2566,5.0004,358.1,TRUE,3.6,500,300
6389,2022/10/8 13:10,131.3931452,46.86925317,5192890.769,453732.6356,5.98196,356.1,TRUE,3.6,496,300
6390,2022/10/8 13:10,131.3931358,46.86931117,5192897.222,453731.9688,5.94492,357.4,TRUE,3.6,476,300
6391,2022/10/8 13:10,131.3931247,46.86937233,5192904.028,453731.1751,5.90788,359.1,TRUE,3.6,481,300
6392,2022/10/8 13:10,131.3931165,46.86943167,5192910.629,453730.6009,6.44496,356.2,TRUE,3.6,496,300
6393,2022/10/8 13:11,131.3931068,46.86949233,5192917.378,453729.9135,6.35236,357.9,TRUE,3.6,500,300
6394,2022/10/8 13:11,131.3930973,46.8695495,5192923.739,453729.2383,6.59312,354.3,TRUE,3.6,500,300
6395,2022/10/8 13:11,131.3930878,46.86960717,5192930.156,453728.5636,7.11168,350.7,TRUE,3.6,500,300
6396,2022/10/8 13:11,131.3930743,46.86966083,5192936.129,453727.5805,5.556,356.5,TRUE,3.6,448,300
6397,2022/10/8 13:11,131.3930697,46.86971617,5192942.284,453727.2773,4.77816,359.4,TRUE,3.6,495,300
6398,2022/10/8 13:11,131.3930673,46.86977117,5192948.4,453727.1416,5.35228,18,FALSE,3.6,0,300
6399,2022/10/8 13:11,131.3931198,46.869808,5192952.463,453731.1759,4.8152,62.4,FALSE,3.6,0,300
6400,2022/10/8 13:11,131.3932073,46.86982533,5192954.338,453737.8618,6.05604,86.1,FALSE,3.6,0,300
6401,2022/10/8 13:11,131.393278,46.86982033,5192953.74,453743.2477,5.556,107.3,FALSE,3.6,0,300
6402,2022/10/8 13:11,131.3933363,46.869791,5192950.446,453747.6673,5.25968,158.9,FALSE,3.6,0,300
6403,2022/10/8 13:11,131.3933438,46.8697355,5192944.271,453748.1914,4.75964,183.5,TRUE,3.6,184,300
6404,2022/10/8 13:11,131.3933465,46.86968833,5192939.026,453748.3568,4.24108,178.9,TRUE,3.6,500,300
6405,2022/10/8 13:11,131.3933457,46.86964283,5192933.968,453748.2567,4.57444,180.2,TRUE,3.6,488,300
6406,2022/10/8 13:11,131.3933527,46.86959083,5192928.183,453748.7457,5.33376,175.7,TRUE,3.6,500,300
6407,2022/10/8 13:11,131.3933562,46.86953883,5192922.401,453748.9679,4.74112,175,TRUE,3.6,492,300
6408,2022/10/8 13:12,131.3933567,46.86948067,5192915.935,453748.956,4.70408,181.2,TRUE,3.6,500,300
6409,2022/10/8 13:12,131.3933683,46.8694385,5192911.24,453749.8042,4.51888,176,TRUE,3.6,500,300
6410,2022/10/8 13:12,131.3933773,46.86938483,5192905.268,453750.4443,4.50036,174.7,TRUE,3.6,445,300
6411,2022/10/8 13:12,131.393384,46.86932383,5192898.483,453750.9027,5.24116,176.7,TRUE,3.6,493,300
6412,2022/10/8 13:12,131.3933973,46.86926867,5192892.343,453751.8693,5.63008,175.8,TRUE,3.6,483,300
6413,2022/10/8 13:12,131.3934155,46.86921917,5192886.83,453753.2144,5.13004,181.7,TRUE,3.6,500,300
6414,2022/10/8 13:12,131.3934265,46.86916933,5192881.283,453754.0102,5.03744,177.3,TRUE,3.6,493,300
6415,2022/10/8 13:12,131.393433,46.869116,5192875.35,453754.46,5.31524,181,TRUE,3.6,480,300
6416,2022/10/8 13:12,131.3934442,46.8690605,5192869.174,453755.2662,5.85232,170.5,TRUE,3.6,500,300
6417,2022/10/8 13:12,131.3934553,46.8690065,5192863.164,453756.0661,5.2782,179.8,TRUE,3.6,500,300
6418,2022/10/8 13:12,131.3934638,46.86895133,5192857.026,453756.6668,5.3708,180.2,TRUE,3.6,500,300
6419,2022/10/8 13:12,131.3934768,46.8688995,5192851.257,453757.6134,5.33376,176.7,TRUE,3.6,500,300
6420,2022/10/8 13:12,131.3934895,46.86884833,5192845.561,453758.5377,5.29672,178.4,TRUE,3.6,500,300
6421,2022/10/8 13:12,131.393492,46.8687955,5192839.686,453758.683,5.31524,178.8,TRUE,3.6,498,300
6422,2022/10/8 13:12,131.3934825,46.86873783,5192833.281,453757.9091,5.57452,176.1,TRUE,3.6,500,300
6423,2022/10/8 13:13,131.3934842,46.8686825,5192827.129,453757.9912,5.05596,172.5,TRUE,3.6,500,300
6424,2022/10/8 13:13,131.393505,46.86862683,5192820.928,453759.5293,4.92632,175.1,TRUE,3.6,500,300
6425,2022/10/8 13:13,131.3935102,46.8685645,5192813.996,453759.8722,4.59296,178.5,TRUE,3.6,474,300
6426,2022/10/8 13:13,131.393512,46.86850917,5192807.844,453759.9619,5.556,178.5,TRUE,3.6,487,300
6427,2022/10/8 13:13,131.3935202,46.86845783,5192802.131,453760.543,5.4634,173,TRUE,3.6,483,300
6428,2022/10/8 13:13,131.393541,46.86840817,5192796.599,453762.0862,5.2782,177.9,TRUE,3.6,492,300
6429,2022/10/8 13:13,131.3935438,46.8683545,5192790.631,453762.2536,5.03744,180.5,TRUE,3.6,483,300
6430,2022/10/8 13:13,131.3935537,46.868297,5192784.233,453762.959,5.63008,179.7,TRUE,3.6,496,300
6431,2022/10/8 13:13,131.393565,46.86824217,5192778.131,453763.7735,5.07448,181.1,TRUE,3.6,476,300
6432,2022/10/8 13:13,131.393571,46.86818417,5192771.679,453764.1811,5.3708,176.1,TRUE,3.6,477,300
6433,2022/10/8 13:13,131.3935832,46.86812583,5192765.187,453765.0612,5.70416,178.6,TRUE,3.6,490,300
6434,2022/10/8 13:13,131.3936027,46.86807617,5192759.655,453766.5053,5.63008,177.3,TRUE,3.6,500,300
6435,2022/10/8 13:13,131.3936097,46.86802033,5192753.443,453766.991,5.33376,169.4,TRUE,3.6,500,300
6436,2022/10/8 13:13,131.393613,46.86795883,5192746.604,453767.1898,5.05596,172.2,TRUE,3.6,500,300
6437,2022/10/8 13:13,131.3936253,46.86790267,5192740.354,453768.0794,5.81528,178.3,TRUE,3.6,500,300
6438,2022/10/8 13:14,131.3936205,46.867841,5192733.501,453767.6605,5.24116,176.4,TRUE,3.6,500,300
6439,2022/10/8 13:14,131.3936138,46.867778,5192726.501,453767.0955,5.51896,171.8,TRUE,3.6,500,300
6440,2022/10/8 13:14,131.3936277,46.86772583,5192720.693,453768.1105,4.94484,173.1,TRUE,3.6,482,300
6441,2022/10/8 13:14,131.3936468,46.86767417,5192714.939,453769.5224,5.3708,181,TRUE,3.6,476,300
6442,2022/10/8 13:14,131.393666,46.867619,5192708.795,453770.9389,5.20412,173.9,TRUE,3.6,500,300
6443,2022/10/8 13:14,131.3936813,46.86756417,5192702.69,453772.0584,5.70416,177.2,TRUE,3.6,500,300
6444,2022/10/8 13:14,131.393682,46.86750233,5192695.815,453772.0586,5.29672,175.2,TRUE,3.6,494,300
6445,2022/10/8 13:14,131.3936977,46.86744733,5192689.692,453773.2084,5.87084,174.7,TRUE,3.6,500,300
6446,2022/10/8 13:14,131.3937032,46.86738867,5192683.167,453773.5774,5.38932,174.7,TRUE,3.6,500,300
6447,2022/10/8 13:14,131.3937178,46.867333,5192676.97,453774.6428,5.48192,175.1,TRUE,3.6,500,300
6448,2022/10/8 13:14,131.3937158,46.8672815,5192671.246,453774.4461,5.48192,178.7,TRUE,3.6,492,300
6449,2022/10/8 13:14,131.3937353,46.86723117,5192665.64,453775.8896,5.44488,175.3,TRUE,3.6,500,300
6450,2022/10/8 13:14,131.3937517,46.86717933,5192659.867,453777.0955,5.07448,173.1,TRUE,3.6,500,300
6451,2022/10/8 13:14,131.393765,46.86713033,5192654.412,453778.0675,6.00048,171.3,TRUE,3.6,494,300
6452,2022/10/8 13:14,131.3937728,46.8670685,5192647.534,453778.6091,5.07448,173.7,TRUE,3.6,498,300
6453,2022/10/8 13:15,131.3937765,46.86700367,5192640.325,453778.8356,5.8338,171.6,TRUE,3.6,494,300
6454,2022/10/8 13:15,131.393796,46.8669545,5192634.847,453780.2802,5.70416,177.1,TRUE,3.6,500,300
6455,2022/10/8 13:15,131.3938017,46.866896,5192628.34,453780.6645,5.57452,178,TRUE,3.6,500,300
6456,2022/10/8 13:15,131.3938022,46.8668405,5192622.17,453780.655,5.63008,176.4,TRUE,3.6,470,300
6457,2022/10/8 13:15,131.3938077,46.86678633,5192616.145,453781.0279,5.093,174.9,TRUE,3.6,497,300
6458,2022/10/8 13:15,131.3937975,46.866726,5192609.444,453780.1984,5.40784,175.7,TRUE,3.6,480,300
6459,2022/10/8 13:15,131.393817,46.866674,5192603.652,453781.6405,5.20412,177.4,TRUE,3.6,500,300
6460,2022/10/8 13:15,131.3938342,46.86662733,5192598.454,453782.9119,4.24108,173,TRUE,3.6,500,300
6461,2022/10/8 13:15,131.3938492,46.86657283,5192592.386,453784.0088,5.093,175.7,TRUE,3.6,498,300
6462,2022/10/8 13:15,131.3938563,46.86651083,5192585.49,453784.4969,5.3708,181,TRUE,3.6,490,300
6463,2022/10/8 13:15,131.3938555,46.86645583,5192579.376,453784.3887,5.44488,183.4,TRUE,3.6,500,300
6464,2022/10/8 13:15,131.3938613,46.86639633,5192572.758,453784.7798,5.72268,178.4,TRUE,3.6,490,300
6465,2022/10/8 13:15,131.3938777,46.86633717,5192566.172,453785.9795,5.51896,175.5,TRUE,3.6,499,300
6466,2022/10/8 13:15,131.393889,46.86627767,5192559.551,453786.79,5.556,178.8,TRUE,3.6,486,300
6467,2022/10/8 13:15,131.3938883,46.86622083,5192553.232,453786.6878,5.66712,174.3,TRUE,3.6,500,300
6468,2022/10/8 13:16,131.3938938,46.86616583,5192547.115,453787.06,6.05604,177.1,TRUE,3.6,500,300
6469,2022/10/8 13:16,131.3939067,46.86610817,5192540.697,453787.9941,5.61156,174.6,TRUE,3.6,493,300
6470,2022/10/8 13:16,131.3939178,46.86605133,5192534.372,453788.7916,5.24116,179,TRUE,3.6,486,300
6471,2022/10/8 13:16,131.3939295,46.86600217,5192528.9,453789.6415,4.9078,172.3,TRUE,3.6,494,300
6472,2022/10/8 13:16,131.3939455,46.86594783,5192522.85,453790.8148,5.48192,174.7,TRUE,3.6,488,300
6473,2022/10/8 13:16,131.393956,46.86589483,5192516.952,453791.5699,5.79676,176.6,TRUE,3.6,500,300
6474,2022/10/8 13:16,131.3939643,46.86583933,5192510.777,453792.1551,5.556,174.6,TRUE,3.6,476,300
6475,2022/10/8 13:16,131.3939777,46.86578933,5192505.211,453793.1339,4.59296,172.7,TRUE,3.6,490,300
6476,2022/10/8 13:16,131.3939807,46.86573117,5192498.743,453793.3127,5.20412,176.7,TRUE,3.6,500,300
6477,2022/10/8 13:16,131.393992,46.86567767,5192492.789,453794.1284,4.96336,176.8,TRUE,3.6,500,300
6478,2022/10/8 13:16,131.3940068,46.86562817,5192487.278,453795.2144,5.4634,174.1,TRUE,3.6,486,300
6479,2022/10/8 13:16,131.3940105,46.8655765,5192481.532,453795.4522,5.1856,175.3,TRUE,3.6,483,300
6480,2022/10/8 13:16,131.394017,46.865528,5192476.136,453795.9061,4.79668,179.9,TRUE,3.6,495,300
6481,2022/10/8 13:16,131.3940245,46.86547517,5192470.259,453796.4327,5.16708,173.5,TRUE,3.6,500,300
6482,2022/10/8 13:16,131.3940337,46.8654245,5192464.62,453797.0906,5.53748,171.9,TRUE,3.6,500,300
6483,2022/10/8 13:17,131.3940433,46.86535367,5192456.741,453797.7618,5.66712,178.6,TRUE,3.6,500,300
6484,2022/10/8 13:17,131.3940492,46.86528783,5192449.418,453798.1552,5.68564,175.2,TRUE,3.6,500,300
6485,2022/10/8 13:17,131.3940622,46.865232,5192443.204,453799.0985,5.01892,176.8,TRUE,3.6,500,300
6486,2022/10/8 13:17,131.3940795,46.86518367,5192437.821,453800.3761,4.96336,176.3,TRUE,3.6,500,300
6487,2022/10/8 13:17,131.3940895,46.86513217,5192432.09,453801.0944,5.68564,172.7,TRUE,3.6,500,300
6488,2022/10/8 13:17,131.3940993,46.86508017,5192426.303,453801.797,5.11152,174.3,TRUE,3.6,489,300
6489,2022/10/8 13:17,131.3940977,46.86502,5192419.615,453801.6234,5.75972,181.3,TRUE,3.6,496,300
6490,2022/10/8 13:17,131.3941003,46.86496467,5192413.463,453801.7742,6.27828,173.5,TRUE,3.6,493,300
6491,2022/10/8 13:17,131.394105,46.86491933,5192408.42,453802.0936,5.11152,173.4,TRUE,3.6,500,300
6492,2022/10/8 13:17,131.3941205,46.86487383,5192403.353,453803.2364,5.48192,178.5,TRUE,3.6,500,300
6493,2022/10/8 13:17,131.3941347,46.86481533,5192396.841,453804.269,5.16708,177.5,TRUE,3.6,493,300
6494,2022/10/8 13:17,131.3941367,46.8647585,5192390.522,453804.3727,4.57444,175.1,TRUE,3.6,500,300
6495,2022/10/8 13:17,131.3941525,46.86470167,5192384.195,453805.5287,5.72268,178.4,TRUE,3.6,500,300
6496,2022/10/8 13:17,131.3941553,46.86464083,5192377.43,453805.69,5.33376,174.2,TRUE,3.6,493,300
6497,2022/10/8 13:17,131.3941717,46.864588,5192371.547,453806.8951,5.70416,176.2,TRUE,3.6,497,300
6498,2022/10/8 13:18,131.3941923,46.864537,5192365.866,453808.4221,5.81528,177.5,TRUE,3.6,500,300
6499,2022/10/8 13:18,131.3941975,46.86448217,5192359.767,453808.7715,5.57452,174.8,TRUE,3.6,500,300
6500,2022/10/8 13:18,131.3942123,46.8644125,5192352.013,453809.8402,5.72268,174.6,TRUE,3.6,466,300
6501,2022/10/8 13:18,131.3942133,46.8643505,5192345.12,453809.8633,5.556,176.4,TRUE,3.6,500,300
6502,2022/10/8 13:18,131.3942155,46.864296,5192339.061,453809.9843,6.22272,177.4,TRUE,3.6,495,300
6503,2022/10/8 13:18,131.3942275,46.8642395,5192332.773,453810.8508,5.29672,175.9,TRUE,3.6,479,300
6504,2022/10/8 13:18,131.394238,46.86418133,5192326.3,453811.6015,5.7412,171.9,TRUE,3.6,477,300
6505,2022/10/8 13:18,131.3942487,46.8641215,5192319.642,453812.3661,5.24116,165,TRUE,3.6,461,300
6506,2022/10/8 13:18,131.3942577,46.86405617,5192312.374,453812.9963,5.63008,177,TRUE,3.6,491,300
6507,2022/10/8 13:18,131.3942652,46.86399967,5192306.089,453813.5197,5.79676,175,TRUE,3.6,487,300
6508,2022/10/8 13:18,131.3942715,46.86394367,5192299.86,453813.952,5.25968,177.1,TRUE,3.6,500,300
6509,2022/10/8 13:18,131.3942862,46.86387067,5192291.736,453815.0102,5.7412,171.4,TRUE,3.6,500,300
6510,2022/10/8 13:18,131.394295,46.8638135,5192285.375,453815.6322,6.03752,175.6,TRUE,3.6,500,300
6511,2022/10/8 13:18,131.3943025,46.86375517,5192278.886,453816.154,5.7412,178.1,TRUE,3.6,469,300
6512,2022/10/8 13:18,131.3943125,46.8636955,5192272.247,453816.8654,5.90788,178,TRUE,3.6,500,300
6513,2022/10/8 13:19,131.3943218,46.86363217,5192265.201,453817.5202,6.2042,175,TRUE,3.6,487,300
6514,2022/10/8 13:19,131.3943268,46.863575,5192258.843,453817.8524,5.40784,177,TRUE,3.6,500,300
6515,2022/10/8 13:19,131.3943357,46.8635145,5192252.112,453818.4791,5.8338,177.8,TRUE,3.6,480,300
6516,2022/10/8 13:19,131.3943498,46.863455,5192245.489,453819.5032,5.77824,179.2,TRUE,3.6,446,300
6517,2022/10/8 13:19,131.3943627,46.86339983,5192239.349,453820.4395,5.44488,176.6,TRUE,3.6,485,300
6518,2022/10/8 13:19,131.3943722,46.86334267,5192232.989,453821.1149,5.25968,177.2,TRUE,3.6,500,300
6519,2022/10/8 13:19,131.3943772,46.86328833,5192226.945,453821.4495,5.66712,174.4,TRUE,3.6,494,300
6520,2022/10/8 13:19,131.3943865,46.8632325,5192220.733,453822.1108,5.1856,181.3,TRUE,3.6,474,300
6521,2022/10/8 13:19,131.3943972,46.86317833,5192214.705,453822.8802,5.20412,173.4,TRUE,3.6,488,300
6522,2022/10/8 13:19,131.3944085,46.86312083,5192208.306,453823.6925,5.07448,169,TRUE,3.6,500,300
6523,2022/10/8 13:19,131.39442,46.86306333,5192201.907,453824.5201,6.00048,173.9,TRUE,3.6,500,300
6524,2022/10/8 13:19,131.3944318,46.86300517,5192195.435,453825.37,5.05596,167.3,TRUE,3.6,481,300
6525,2022/10/8 13:19,131.3944398,46.8629475,5192189.019,453825.9305,5.556,176.9,TRUE,3.6,488,300
6526,2022/10/8 13:19,131.3944465,46.86289417,5192183.086,453826.3957,5.1856,176.2,TRUE,3.6,459,300
6527,2022/10/8 13:19,131.3944553,46.8628335,5192176.337,453827.0146,5.66712,173.2,TRUE,3.6,500,300
6528,2022/10/8 13:20,131.394462,46.86277883,5192170.255,453827.4786,5.85232,174.5,TRUE,3.6,473,300
6529,2022/10/8 13:20,131.3944803,46.86271883,5192163.574,453828.8226,5.77824,173.5,TRUE,3.6,470,300
6530,2022/10/8 13:20,131.394484,46.86266817,5192157.94,453829.0613,5.556,175.2,TRUE,3.6,461,300
6531,2022/10/8 13:20,131.3944952,46.8626085,5192151.3,453829.8641,5.13004,177.9,TRUE,3.6,448,300
6532,2022/10/8 13:20,131.3944967,46.8625505,5192144.852,453829.9288,5.44488,173.7,TRUE,3.6,477,300
6533,2022/10/8 13:20,131.394507,46.86248867,5192137.972,453830.6611,5.11152,175,TRUE,3.6,493,300
6534,2022/10/8 13:20,131.3945143,46.862432,5192131.668,453831.1692,5.6486,171.3,TRUE,3.6,500,300
6535,2022/10/8 13:20,131.3945225,46.862374,5192125.215,453831.7447,6.27828,182,TRUE,3.6,448,300
6536,2022/10/8 13:20,131.394532,46.8623175,5192118.929,453832.4207,5.63008,178.7,TRUE,3.6,488,300
6537,2022/10/8 13:20,131.3945493,46.86226467,5192113.046,453833.6945,4.7226,176.8,TRUE,3.6,463,300
6538,2022/10/8 13:20,131.394558,46.8622085,5192106.796,453834.3098,5.31524,175.9,TRUE,3.6,500,300
6539,2022/10/8 13:20,131.3945512,46.862152,5192100.519,453833.7428,7.38948,181,TRUE,3.6,431,300
6540,2022/10/8 13:20,131.3945122,46.8621015,5192094.928,453830.7257,5.4634,233.7,FALSE,3.6,0,300
6541,2022/10/8 13:20,131.3944518,46.862092,5192093.908,453826.112,5.33376,307.3,FALSE,3.6,0,300
6542,2022/10/8 13:20,131.3944148,46.86212333,5192097.412,453823.3176,5.51896,341.8,FALSE,3.6,0,300
6543,2022/10/8 13:21,131.3944182,46.86217067,5192102.673,453823.6174,5.9264,356.8,TRUE,3.6,184,300
6544,2022/10/8 13:21,131.3944177,46.86220883,5192106.916,453823.612,5.1856,353,TRUE,3.6,500,300
6545,2022/10/8 13:21,131.3944197,46.86224717,5192111.177,453823.7974,4.87076,353.3,TRUE,3.6,499,300
6546,2022/10/8 13:21,131.3944043,46.862302,5192117.281,453822.6701,5.25968,352.9,TRUE,3.6,497,300
6547,2022/10/8 13:21,131.394395,46.8623505,5192122.678,453822.0026,4.98188,357.5,TRUE,3.6,483,300
6548,2022/10/8 13:21,131.394392,46.86239717,5192127.868,453821.8139,5.35228,356.7,TRUE,3.6,500,300
6549,2022/10/8 13:21,131.3943765,46.86245567,5192134.38,453820.6821,6.03752,354.9,TRUE,3.6,480,300
6550,2022/10/8 13:21,131.394368,46.86251133,5192140.573,453820.0817,5.81528,357.2,TRUE,3.6,488,300
6551,2022/10/8 13:21,131.3943568,46.86256583,5192146.638,453819.2745,5.556,354,TRUE,3.6,498,300
6552,2022/10/8 13:21,131.3943558,46.86261883,5192152.531,453819.2437,6.22272,351,TRUE,3.6,500,300
6553,2022/10/8 13:21,131.3943472,46.86266917,5192158.132,453818.6311,5.40784,354,TRUE,3.6,500,300
6554,2022/10/8 13:21,131.394335,46.862724,5192164.234,453817.7478,5.87084,356.2,TRUE,3.6,477,300
6555,2022/10/8 13:21,131.3943268,46.8627805,5192170.52,453817.171,5.35228,350.4,TRUE,3.6,500,300
6556,2022/10/8 13:21,131.3943207,46.8628235,5192175.304,453816.7428,5.01892,356.6,TRUE,3.6,499,300
6557,2022/10/8 13:21,131.394316,46.8628785,5192181.421,453816.4316,4.98188,353.7,TRUE,3.6,500,300
6558,2022/10/8 13:22,131.3943007,46.8629325,5192187.433,453815.3113,4.70408,352.6,TRUE,3.6,500,300
6559,2022/10/8 13:22,131.3942975,46.8629735,5192191.993,453815.1024,4.94484,348.5,TRUE,3.6,500,300
6560,2022/10/8 13:22,131.394288,46.86302,5192197.168,453814.4179,5.31524,353.3,TRUE,3.6,497,300
6561,2022/10/8 13:22,131.394282,46.86308233,5192204.1,453814.0139,5.38932,1.9,TRUE,3.6,479,300
6562,2022/10/8 13:22,131.3942693,46.86314033,5192210.556,453813.0953,5.61156,351.6,TRUE,3.6,500,300
6563,2022/10/8 13:22,131.3942657,46.8631955,5192216.691,453812.8681,5.6486,354,TRUE,3.6,494,300
6564,2022/10/8 13:22,131.3942582,46.86325317,5192223.106,453812.3457,5.68564,353.3,TRUE,3.6,496,300
6565,2022/10/8 13:22,131.3942483,46.86330967,5192229.393,453811.6393,5.57452,353.2,TRUE,3.6,488,300
6566,2022/10/8 13:22,131.3942373,46.86337,5192236.106,453810.8523,5.8338,354.4,TRUE,3.6,500,300
6567,2022/10/8 13:22,131.3942277,46.86342317,5192242.023,453810.1659,5.4634,354.7,TRUE,3.6,500,300
6568,2022/10/8 13:22,131.394221,46.86347483,5192247.77,453809.6993,5.11152,353.5,TRUE,3.6,477,300
6569,2022/10/8 13:22,131.394212,46.86353033,5192253.945,453809.0607,5.556,353.7,TRUE,3.6,488,300
6570,2022/10/8 13:22,131.3941972,46.8635855,5192260.087,453807.9795,5.61156,356.8,TRUE,3.6,500,300
6571,2022/10/8 13:22,131.3941867,46.8636435,5192266.541,453807.2286,5.38932,353.3,TRUE,3.6,500,300
6572,2022/10/8 13:22,131.3941802,46.86370017,5192272.844,453806.7816,5.01892,351.8,TRUE,3.6,494,300
6573,2022/10/8 13:23,131.3941697,46.86375417,5192278.853,453806.0273,5.8338,354.4,TRUE,3.6,490,300
6574,2022/10/8 13:23,131.3941613,46.86380567,5192284.584,453805.431,5.556,349.6,TRUE,3.6,475,300
6575,2022/10/8 13:23,131.394156,46.863864,5192291.071,453805.0769,6.2042,355.1,TRUE,3.6,500,300
6576,2022/10/8 13:23,131.394149,46.86391533,5192296.781,453804.5872,6.25976,359.8,TRUE,3.6,484,300
6577,2022/10/8 13:23,131.3941373,46.8639755,5192303.477,453803.7467,5.98196,347.5,TRUE,3.6,459,300
6578,2022/10/8 13:23,131.3941247,46.86403233,5192309.802,453802.8348,5.79676,354.1,TRUE,3.6,488,300
6579,2022/10/8 13:23,131.3941175,46.86409133,5192316.365,453802.3364,5.9264,354.7,TRUE,3.6,500,300
6580,2022/10/8 13:23,131.3941105,46.8641475,5192322.614,453801.8508,6.13012,348.4,TRUE,3.6,500,300
6581,2022/10/8 13:23,131.3941012,46.864204,5192328.9,453801.1902,6.05604,354,TRUE,3.6,500,300
6582,2022/10/8 13:23,131.3940963,46.8642565,5192334.74,453800.8616,6.07456,356.7,TRUE,3.6,500,300
6583,2022/10/8 13:23,131.3940837,46.86431367,5192341.102,453799.9499,6.22272,349.7,TRUE,3.6,496,300
6584,2022/10/8 13:23,131.394076,46.86437667,5192348.111,453799.4169,5.90788,354.2,TRUE,3.6,476,300
6585,2022/10/8 13:23,131.3940672,46.86442967,5192354.008,453798.7914,5.51896,355.2,TRUE,3.6,500,300
6586,2022/10/8 13:23,131.3940602,46.86448817,5192360.515,453798.3078,6.03752,352.9,TRUE,3.6,500,300
6587,2022/10/8 13:23,131.394053,46.86454417,5192366.745,453797.8069,5.94492,351.4,TRUE,3.6,498,300
6588,2022/10/8 13:24,131.3940417,46.86459717,5192372.643,453796.9908,6.13012,0.2,TRUE,3.6,500,300
6589,2022/10/8 13:24,131.3940308,46.86465083,5192378.615,453796.2057,5.98196,355.7,TRUE,3.6,500,300
6590,2022/10/8 13:24,131.3940238,46.864709,5192385.086,453795.7219,5.70416,349.9,TRUE,3.6,487,300
6591,2022/10/8 13:24,131.3940157,46.86476817,5192391.668,453795.1551,5.77824,354.5,TRUE,3.6,500,300
6592,2022/10/8 13:24,131.3940103,46.8648245,5192397.933,453794.7917,5.48192,353.5,TRUE,3.6,493,300
6593,2022/10/8 13:24,131.3940015,46.864879,5192403.997,453794.1674,5.9264,355.6,TRUE,3.6,483,300
6594,2022/10/8 13:24,131.3939897,46.86493317,5192410.026,453793.3142,5.66712,356.4,TRUE,3.6,499,300
6595,2022/10/8 13:24,131.393976,46.864985,5192415.796,453792.3141,5.25968,355.8,TRUE,3.6,484,300
6596,2022/10/8 13:24,131.3939752,46.865035,5192421.355,453792.296,6.68572,354.3,TRUE,3.6,495,300
6597,2022/10/8 13:24,131.3939607,46.86509117,5192427.608,453791.2386,6.019,352.9,TRUE,3.6,500,300
6598,2022/10/8 13:24,131.3939522,46.865153,5192434.486,453790.6436,5.53748,359,TRUE,3.6,481,300
6599,2022/10/8 13:24,131.3939408,46.86520783,5192440.588,453789.8214,5.05596,343.6,TRUE,3.6,487,300
6600,2022/10/8 13:24,131.3939402,46.86526567,5192447.019,453789.8253,6.42644,357.7,TRUE,3.6,497,300
6601,2022/10/8 13:24,131.3939352,46.86532583,5192453.709,453789.4957,6.07456,355.4,TRUE,3.6,500,300
6602,2022/10/8 13:24,131.39392,46.86538583,5192460.388,453788.3882,5.70416,354.8,TRUE,3.6,500,300
6603,2022/10/8 13:25,131.3939135,46.86544317,5192466.767,453787.9418,6.22272,350.9,TRUE,3.6,498,300
6604,2022/10/8 13:25,131.3939005,46.865502,5192473.314,453787.0011,6.09308,353.1,TRUE,3.6,442,300
6605,2022/10/8 13:25,131.3938937,46.865558,5192479.544,453786.5307,5.90788,351.9,TRUE,3.6,500,300
6606,2022/10/8 13:25,131.3938833,46.86561467,5192485.85,453785.7864,6.24124,352.5,TRUE,3.6,500,300
6607,2022/10/8 13:25,131.3938783,46.86567067,5192492.078,453785.4532,5.50044,354,TRUE,3.6,500,300
6608,2022/10/8 13:25,131.3938737,46.865731,5192498.787,453785.1543,5.9264,352.7,TRUE,3.6,481,300
6609,2022/10/8 13:25,131.3938702,46.86579017,5192505.367,453784.9382,5.68564,354.7,TRUE,3.6,500,300
6610,2022/10/8 13:25,131.3938567,46.86584483,5192511.452,453783.9558,5.63008,355.3,TRUE,3.6,496,300
6611,2022/10/8 13:25,131.3938487,46.865899,5192517.478,453783.3923,5.48192,351.4,TRUE,3.6,500,300
6612,2022/10/8 13:25,131.3938357,46.86595117,5192523.286,453782.4459,5.35228,352.6,TRUE,3.6,485,300
6613,2022/10/8 13:25,131.3938172,46.86600433,5192529.206,453781.081,5.01892,355,TRUE,3.6,500,300
6614,2022/10/8 13:25,131.3938138,46.86605683,5192535.045,453780.8668,5.75972,353.7,TRUE,3.6,500,300
6615,2022/10/8 13:25,131.393802,46.86611233,5192541.221,453780.0147,6.53756,352.5,TRUE,3.6,483,300
6616,2022/10/8 13:25,131.3937927,46.86617317,5192547.99,453779.3579,5.77824,352.9,TRUE,3.6,500,300
6617,2022/10/8 13:25,131.3937808,46.8662295,5192554.259,453778.4989,5.59304,354.7,TRUE,3.6,500,300
6618,2022/10/8 13:26,131.3937753,46.86627983,5192559.858,453778.1228,5.79676,346.9,TRUE,3.6,495,300
6619,2022/10/8 13:26,131.393768,46.86634,5192566.551,453777.6178,5.22264,358.1,TRUE,3.6,500,300
6620,2022/10/8 13:26,131.3937625,46.866402,5192573.447,453777.2517,6.37088,354.1,TRUE,3.6,493,300
6621,2022/10/8 13:26,131.3937578,46.866461,5192580.008,453776.944,5.8338,352.8,TRUE,3.6,488,300
6622,2022/10/8 13:26,131.393743,46.86652,5192586.576,453775.8662,6.1116,357.8,TRUE,3.6,486,300
6623,2022/10/8 13:26,131.3937302,46.86657917,5192593.161,453774.9411,5.88936,353.5,TRUE,3.6,500,300
6624,2022/10/8 13:26,131.3937173,46.86663817,5192599.728,453774.0082,6.18568,352.6,TRUE,3.6,496,300
6625,2022/10/8 13:26,131.3937137,46.86669167,5192605.677,453773.7796,6.25976,354.9,TRUE,3.6,500,300
6626,2022/10/8 13:26,131.3936993,46.86674767,5192611.911,453772.7298,5.4634,355.6,TRUE,3.6,494,300
6627,2022/10/8 13:26,131.3936923,46.86679883,5192617.603,453772.24,5.7412,355,TRUE,3.6,500,300
6628,2022/10/8 13:26,131.3936868,46.86685283,5192623.609,453771.867,5.96344,356.5,TRUE,3.6,500,300
6629,2022/10/8 13:26,131.3936738,46.86691517,5192630.547,453770.9293,5.53748,352.4,TRUE,3.6,494,300
6630,2022/10/8 13:26,131.3936583,46.86697017,5192636.67,453769.7948,5.98196,354.2,TRUE,3.6,492,300
6631,2022/10/8 13:26,131.393648,46.86702483,5192642.753,453769.0564,6.18568,351.3,TRUE,3.6,500,300
6632,2022/10/8 13:26,131.3936415,46.8670795,5192648.834,453768.6077,5.31524,350,TRUE,3.6,500,300
6633,2022/10/8 13:27,131.3936393,46.867129,5192654.338,453768.4825,6.31532,352.9,TRUE,3.6,500,300
6634,2022/10/8 13:27,131.393631,46.86718483,5192660.55,453767.8976,6.09308,356.4,TRUE,3.6,500,300
6635,2022/10/8 13:27,131.3936193,46.86729367,5192672.656,453767.099,6.18568,353.3,TRUE,3.6,487,300
6636,2022/10/8 13:27,131.3936063,46.86734533,5192678.407,453766.1522,5.77824,356.8,TRUE,3.6,481,300
6637,2022/10/8 13:27,131.3935828,46.8674605,5192691.224,453764.4594,5.1856,351.6,TRUE,3.6,482,300
6638,2022/10/8 13:27,131.3935753,46.8675135,5192697.12,453763.933,6.14864,352.4,TRUE,3.6,484,300
6639,2022/10/8 13:27,131.3935677,46.8675685,5192703.239,453763.4008,5.7412,352.9,TRUE,3.6,469,300
6640,2022/10/8 13:27,131.3935642,46.867625,5192709.522,453763.1825,5.77824,349.4,TRUE,3.6,499,300
6641,2022/10/8 13:27,131.3935557,46.8676865,5192716.363,453762.5872,6.16716,351.3,TRUE,3.6,500,300
6642,2022/10/8 13:27,131.3935498,46.867738,5192722.092,453762.1816,5.556,353.5,TRUE,3.6,494,300
6643,2022/10/8 13:27,131.3935348,46.86779433,5192728.363,453761.0863,5.87084,352.4,TRUE,3.6,490,300
6644,2022/10/8 13:27,131.3935237,46.86785033,5192734.595,453760.2881,5.38932,351.7,TRUE,3.6,475,300
6645,2022/10/8 13:27,131.3935053,46.8679095,5192741.184,453758.9361,5.4634,353.4,TRUE,3.6,490,300
6646,2022/10/8 13:28,131.3934983,46.86796433,5192747.283,453758.4495,5.75972,351.4,TRUE,3.6,476,300
6647,2022/10/8 13:28,131.3934977,46.8680185,5192753.305,453758.4502,5.51896,353.2,TRUE,3.6,497,300
6648,2022/10/8 13:28,131.3934877,46.8680775,5192759.87,453757.7385,5.75972,347.9,TRUE,3.6,500,300
6649,2022/10/8 13:28,131.3934733,46.86813517,5192766.29,453756.6901,6.2042,353.3,TRUE,3.6,492,300
6650,2022/10/8 13:28,131.3934593,46.868193,5192772.727,453755.6724,6.07456,347.8,TRUE,3.6,500,300
6651,2022/10/8 13:28,131.3934558,46.86824833,5192778.88,453755.4531,5.61156,357.2,TRUE,3.6,487,300
6652,2022/10/8 13:28,131.3934463,46.86830483,5192785.166,453754.7773,6.59312,356.1,TRUE,3.6,500,300
6653,2022/10/8 13:28,131.3934395,46.86836217,5192791.545,453754.3081,6.31532,350.3,TRUE,3.6,493,300
6654,2022/10/8 13:28,131.3934272,46.86841983,5192797.962,453753.4198,6.945,355.3,TRUE,3.6,500,300
6655,2022/10/8 13:28,131.393416,46.8684785,5192804.491,453752.6163,5.68564,351.6,TRUE,3.6,480,300
6656,2022/10/8 13:28,131.393399,46.8685365,5192810.948,453751.37,6.35236,351.4,TRUE,3.6,476,300
6657,2022/10/8 13:28,131.393394,46.868595,5192817.455,453751.0391,6.33384,348.9,TRUE,3.6,495,300
6658,2022/10/8 13:28,131.3933883,46.8686515,5192823.739,453750.653,5.85232,357.9,TRUE,3.6,491,300
6659,2022/10/8 13:28,131.393374,46.86870933,5192830.176,453749.6124,5.77824,352.6,TRUE,3.6,468,300
6660,2022/10/8 13:28,131.3933755,46.86876033,5192835.845,453749.7706,6.2968,356.3,TRUE,3.6,500,300
6661,2022/10/8 13:29,131.3933745,46.868814,5192841.812,453749.7405,5.98196,354.9,TRUE,3.6,500,300
6662,2022/10/8 13:29,131.3933623,46.86887,5192848.045,453748.8584,6.24124,357.4,TRUE,3.6,472,300
6663,2022/10/8 13:29,131.3933625,46.868928,5192854.492,453748.9235,6.16716,356.3,TRUE,3.6,480,300
6664,2022/10/8 13:29,131.3933463,46.86898633,5192860.986,453747.7385,5.7412,350.6,TRUE,3.6,496,300
6665,2022/10/8 13:29,131.3933318,46.86904733,5192867.776,453746.6854,5.94492,349.3,TRUE,3.6,500,300
6666,2022/10/8 13:29,131.3933253,46.86910283,5192873.95,453746.2375,5.70416,350.9,TRUE,3.6,497,300
6667,2022/10/8 13:29,131.3933103,46.86915933,5192880.239,453745.1424,6.53756,348.6,TRUE,3.6,483,300
6668,2022/10/8 13:29,131.3933002,46.8692215,5192887.157,453744.4258,5.556,356.6,TRUE,3.6,499,300
6669,2022/10/8 13:29,131.39329,46.86927683,5192893.314,453743.6957,5.77824,358.1,TRUE,3.6,500,300
6670,2022/10/8 13:29,131.39328,46.8693305,5192899.286,453742.9794,5.94492,350.3,TRUE,3.6,495,300
6671,2022/10/8 13:29,131.393274,46.86938533,5192905.385,453742.569,5.33376,357.4,TRUE,3.6,500,300
6672,2022/10/8 13:29,131.3932643,46.86944317,5192911.82,453741.8792,5.81528,351.7,TRUE,3.6,491,300
6673,2022/10/8 13:29,131.3932535,46.86949917,5192918.052,453741.1039,5.88936,356.4,TRUE,3.6,499,300
6674,2022/10/8 13:29,131.3932443,46.86955767,5192924.561,453740.4527,5.79676,356.5,TRUE,3.6,486,300
6675,2022/10/8 13:29,131.3932292,46.869619,5192931.388,453739.3542,5.85232,355.4,TRUE,3.6,500,300
6676,2022/10/8 13:30,131.393223,46.869677,5192937.839,453738.9313,6.53756,354.4,TRUE,3.6,495,300
6677,2022/10/8 13:30,131.3932113,46.86973317,5192944.09,453738.0876,5.556,0.7,TRUE,3.6,467,300
6678,2022/10/8 13:30,131.3932093,46.86977133,5192948.334,453737.9679,5.75972,1.8,TRUE,3.6,375,300
6679,2022/10/8 13:30,131.3932422,46.86982283,5192954.039,453740.5205,5.70416,51.7,FALSE,3.6,0,300
6680,2022/10/8 13:30,131.3933162,46.86983867,5192955.757,453746.1758,5.63008,80.5,FALSE,3.6,0,300
6681,2022/10/8 13:30,131.393384,46.86981617,5192953.216,453751.3256,5.48192,117.1,TRUE,3.6,226,300
6682,2022/10/8 13:30,131.3934295,46.869777,5192948.834,453754.7609,4.8152,151.8,TRUE,3.6,123,300
6683,2022/10/8 13:30,131.3934378,46.86972267,5192942.79,453755.347,5.61156,167.2,TRUE,3.6,465,300
6684,2022/10/8 13:30,131.3934427,46.86967367,5192937.339,453755.6785,4.50036,172.5,TRUE,3.6,500,300
6685,2022/10/8 13:30,131.3934427,46.86962567,5192932.003,453755.6373,5.50044,174.9,TRUE,3.6,500,300
6686,2022/10/8 13:30,131.3934597,46.86957067,5192925.879,453756.8861,5.94492,173.8,TRUE,3.6,493,300
6687,2022/10/8 13:30,131.3934738,46.86950717,5192918.812,453757.9066,5.29672,171.5,TRUE,3.6,487,300
6688,2022/10/8 13:30,131.3934827,46.86945117,5192912.581,453758.537,5.6486,173.8,TRUE,3.6,489,300
6689,2022/10/8 13:30,131.393495,46.8693985,5192906.719,453759.4296,5.4634,173,TRUE,3.6,500,300
6690,2022/10/8 13:30,131.3934997,46.869345,5192900.768,453759.7419,5.40784,173.5,TRUE,3.6,475,300
6691,2022/10/8 13:31,131.3935108,46.86929133,5192894.795,453760.5421,5.03744,175.7,TRUE,3.6,500,300
6692,2022/10/8 13:31,131.3935157,46.869239,5192888.975,453760.8708,5.05596,174.5,TRUE,3.6,461,300
6693,2022/10/8 13:31,131.3935272,46.86918483,5192882.946,453761.701,5.57452,177.1,TRUE,3.6,500,300
6694,2022/10/8 13:31,131.3935363,46.86912533,5192876.327,453762.3437,5.03744,177.7,TRUE,3.6,480,300
6695,2022/10/8 13:31,131.3935485,46.86907033,5192870.205,453763.2266,5.8338,179.5,TRUE,3.6,495,300
6696,2022/10/8 13:31,131.393555,46.86901433,5192863.976,453763.6741,5.33376,176.6,TRUE,3.6,500,300
6697,2022/10/8 13:31,131.3935618,46.86896083,5192858.024,453764.1466,5.29672,179.9,TRUE,3.6,500,300
6698,2022/10/8 13:31,131.3935668,46.86890467,5192851.778,453764.4796,5.20412,175.4,TRUE,3.6,500,300
6699,2022/10/8 13:31,131.3935793,46.86885067,5192845.768,453765.3862,5.13004,177.8,TRUE,3.6,491,300
6700,2022/10/8 13:31,131.3935892,46.86879117,5192839.148,453766.0899,5.59304,170.9,TRUE,3.6,500,300
6701,2022/10/8 13:31,131.3935937,46.868737,5192833.123,453766.3865,5.22264,176.3,TRUE,3.6,500,300
6702,2022/10/8 13:31,131.3936023,46.86868467,5192827.3,453766.9973,4.77816,183.1,TRUE,3.6,494,300
6703,2022/10/8 13:31,131.3936145,46.86862983,5192821.197,453767.8803,5.03744,171.5,TRUE,3.6,478,300
6704,2022/10/8 13:31,131.39362,46.86857667,5192815.284,453768.254,5.48192,178.5,TRUE,3.6,496,300
6705,2022/10/8 13:31,131.3936308,46.8685195,5192808.922,453769.0283,4.85224,172.1,TRUE,3.6,500,300
6706,2022/10/8 13:32,131.3936413,46.86846433,5192802.783,453769.7815,5.50044,174.4,TRUE,3.6,481,300
6707,2022/10/8 13:32,131.3936468,46.86841017,5192796.759,453770.1543,5.44488,177.3,TRUE,3.6,498,300
6708,2022/10/8 13:32,131.3936555,46.86835167,5192790.25,453770.7674,5.68564,170.7,TRUE,3.6,493,300
6709,2022/10/8 13:32,131.3936675,46.86829933,5192784.425,453771.6374,5.70416,174.8,TRUE,3.6,500,300
6710,2022/10/8 13:32,131.3936793,46.86824533,5192778.415,453772.4907,6.05604,169,TRUE,3.6,480,300
6711,2022/10/8 13:32,131.3936845,46.868188,5192772.038,453772.8379,5.4634,177.2,TRUE,3.6,481,300
6712,2022/10/8 13:32,131.3936928,46.86813383,5192766.011,453773.4242,5.70416,175.5,TRUE,3.6,494,300
6713,2022/10/8 13:32,131.3937052,46.86807783,5192759.779,453774.3216,5.40784,174.5,TRUE,3.6,495,300
6714,2022/10/8 13:32,131.3937145,46.86802317,5192753.697,453774.9837,5.53748,174.7,TRUE,3.6,500,300
6715,2022/10/8 13:32,131.393722,46.86796567,5192747.3,453775.5061,5.093,174.8,TRUE,3.6,500,300
6716,2022/10/8 13:32,131.3937363,46.86791,5192741.103,453776.5486,5.40784,173.7,TRUE,3.6,472,300
6717,2022/10/8 13:32,131.3937465,46.867854,5192734.872,453777.2782,5.48192,172.3,TRUE,3.6,485,300
6718,2022/10/8 13:32,131.3937523,46.8677975,5192728.587,453777.6719,5.94492,174.1,TRUE,3.6,481,300
6719,2022/10/8 13:32,131.3937633,46.86774467,5192722.708,453778.4653,5.50044,172.6,TRUE,3.6,500,300
6720,2022/10/8 13:32,131.393775,46.86768917,5192716.531,453779.3097,5.81528,177.3,TRUE,3.6,495,300
6721,2022/10/8 13:33,131.3937838,46.86763067,5192710.023,453779.9304,5.9264,179,TRUE,3.6,500,300
6722,2022/10/8 13:33,131.393793,46.867576,5192703.94,453780.5849,6.18568,174.8,TRUE,3.6,500,300
6723,2022/10/8 13:33,131.3938065,46.86752,5192697.706,453781.5661,5.3708,172.7,TRUE,3.6,482,300
6724,2022/10/8 13:33,131.393819,46.86746567,5192691.659,453782.4725,5.63008,174.4,TRUE,3.6,499,300
6725,2022/10/8 13:33,131.3938298,46.86741033,5192685.501,453783.2485,5.7412,173.8,TRUE,3.6,500,300
6726,2022/10/8 13:33,131.3938338,46.86735017,5192678.811,453783.5018,6.03752,174.8,TRUE,3.6,500,300
6727,2022/10/8 13:33,131.3938395,46.86728917,5192672.026,453783.884,6.14864,172.5,TRUE,3.6,486,300
6728,2022/10/8 13:33,131.3938493,46.86723383,5192665.868,453784.5837,5.7412,172.7,TRUE,3.6,500,300
6729,2022/10/8 13:33,131.3938658,46.86718233,5192660.133,453785.7975,5.77824,172.3,TRUE,3.6,484,300
6730,2022/10/8 13:33,131.3938792,46.86713133,5192654.456,453786.7754,5.77824,178.7,TRUE,3.6,500,300
6731,2022/10/8 13:33,131.3938902,46.86707533,5192648.224,453787.5661,5.94492,172.5,TRUE,3.6,490,300
6732,2022/10/8 13:33,131.3938923,46.867008,5192640.738,453787.6684,5.38932,176.8,TRUE,3.6,500,300
6733,2022/10/8 13:33,131.3939003,46.8669485,5192634.119,453788.2273,5.66712,178.5,TRUE,3.6,492,300
6734,2022/10/8 13:33,131.393916,46.86689917,5192628.626,453789.382,4.9078,175.3,TRUE,3.6,500,300
6735,2022/10/8 13:33,131.393928,46.86684817,5192622.949,453790.2532,5.29672,180.9,TRUE,3.6,488,300
6736,2022/10/8 13:34,131.3939368,46.866793,5192616.811,453790.8768,5.093,176.6,TRUE,3.6,425,300
6737,2022/10/8 13:34,131.3939407,46.86673467,5192610.324,453791.1241,4.94484,177.3,TRUE,3.6,487,300
6738,2022/10/8 13:34,131.3939492,46.86667783,5192604,453791.7234,5.68564,171.1,TRUE,3.6,495,300
6739,2022/10/8 13:34,131.3939585,46.8666205,5192597.621,453792.3832,5.24116,177.9,TRUE,3.6,500,300
6740,2022/10/8 13:34,131.393966,46.86656367,5192591.299,453792.9063,5.44488,172,TRUE,3.6,500,300
6741,2022/10/8 13:34,131.3939815,46.86650333,5192584.582,453794.0363,5.70416,176.4,TRUE,3.6,471,300
6742,2022/10/8 13:34,131.3939892,46.8664455,5192578.149,453794.5738,5.05596,174.9,TRUE,3.6,500,300
6743,2022/10/8 13:34,131.3939955,46.86639067,5192572.05,453795.0071,5.44488,173.7,TRUE,3.6,479,300
6744,2022/10/8 13:34,131.3940017,46.86632983,5192565.283,453795.4276,6.05604,180.2,TRUE,3.6,500,300
6745,2022/10/8 13:34,131.3940002,46.86627217,5192558.874,453795.2637,5.35228,173.7,TRUE,3.6,500,300
6746,2022/10/8 13:34,131.3940127,46.8662235,5192553.456,453796.1751,5.33376,173.8,TRUE,3.6,500,300
6747,2022/10/8 13:34,131.3940257,46.86616783,5192547.259,453797.1185,5.556,174.4,TRUE,3.6,500,300
6748,2022/10/8 13:34,131.3940397,46.866113,5192541.156,453798.1389,5.33376,175.9,TRUE,3.6,500,300
6749,2022/10/8 13:34,131.3940555,46.86605567,5192534.773,453799.2944,5.66712,171.9,TRUE,3.6,500,300
6750,2022/10/8 13:34,131.3940652,46.86600333,5192528.949,453799.989,4.85224,172.7,TRUE,3.6,500,300
6751,2022/10/8 13:35,131.3940717,46.86595217,5192523.258,453800.4407,5.22264,172.9,TRUE,3.6,487,300
6752,2022/10/8 13:35,131.3940825,46.86589767,5192517.193,453801.2174,5.51896,170.5,TRUE,3.6,494,300
6753,2022/10/8 13:35,131.394093,46.86584233,5192511.035,453801.9705,5.6486,173.2,TRUE,3.6,500,300
6754,2022/10/8 13:35,131.3941007,46.86579033,5192505.249,453802.513,5.66712,172.9,TRUE,3.6,500,300
6755,2022/10/8 13:35,131.394108,46.865738,5192499.428,453803.0247,4.92632,178.5,TRUE,3.6,480,300
6756,2022/10/8 13:35,131.3941127,46.86568683,5192493.737,453803.3392,5.70416,173.7,TRUE,3.6,500,300
6757,2022/10/8 13:35,131.394121,46.86562617,5192486.988,453803.92,5.13004,170.5,TRUE,3.6,470,300
6758,2022/10/8 13:35,131.3941302,46.86557017,5192480.757,453804.5734,5.42636,175.5,TRUE,3.6,481,300
6759,2022/10/8 13:35,131.394139,46.86551783,5192474.934,453805.1995,5.11152,174.6,TRUE,3.6,500,300
6760,2022/10/8 13:35,131.394145,46.86546433,5192468.983,453805.611,4.94484,169.5,TRUE,3.6,493,300
6761,2022/10/8 13:35,131.3941552,46.865409,5192462.826,453806.3413,5.3708,171.7,TRUE,3.6,492,300
6762,2022/10/8 13:35,131.3941657,46.86535417,5192456.724,453807.0949,5.22264,172,TRUE,3.6,494,300
6763,2022/10/8 13:35,131.3941733,46.8653005,5192450.753,453807.6283,5.16708,173.3,TRUE,3.6,453,300
6764,2022/10/8 13:35,131.3941793,46.86524667,5192444.766,453808.0396,5.556,177.8,TRUE,3.6,476,300
6765,2022/10/8 13:35,131.3941873,46.86519067,5192438.536,453808.6015,5.40784,176.3,TRUE,3.6,495,300
6766,2022/10/8 13:36,131.3941962,46.86513467,5192432.305,453809.2321,5.79676,173.6,TRUE,3.6,500,300
6767,2022/10/8 13:36,131.394197,46.86507583,5192425.763,453809.2426,5.16708,171.9,TRUE,3.6,500,300
6768,2022/10/8 13:36,131.3942075,46.8650155,5192419.05,453809.9915,5.79676,173,TRUE,3.6,500,300
6769,2022/10/8 13:36,131.3942155,46.86495583,5192412.412,453810.5503,5.94492,176.7,TRUE,3.6,486,300
6770,2022/10/8 13:36,131.3942215,46.8648965,5192405.813,453810.9568,5.53748,172.1,TRUE,3.6,500,300
6771,2022/10/8 13:36,131.3942255,46.86484,5192399.53,453811.2134,5.75972,176.2,TRUE,3.6,500,300
6772,2022/10/8 13:36,131.3942273,46.86477933,5192392.784,453811.2986,4.167,174.6,TRUE,3.6,500,300
6773,2022/10/8 13:36,131.3942437,46.86473133,5192387.439,453812.5079,5.3708,180.8,TRUE,3.6,500,300
6774,2022/10/8 13:36,131.3942508,46.864679,5192381.617,453813.0043,5.77824,172.2,TRUE,3.6,491,300
6775,2022/10/8 13:36,131.3942532,46.8646235,5192375.446,453813.1397,5.63008,171.4,TRUE,3.6,486,300
6776,2022/10/8 13:36,131.3942758,46.86456383,5192368.799,453814.8118,5.11152,173,TRUE,3.6,500,300
6777,2022/10/8 13:36,131.3942862,46.86451683,5192363.568,453815.5644,5.81528,175.3,TRUE,3.6,500,300
6778,2022/10/8 13:36,131.394291,46.86446367,5192357.656,453815.8848,5.33376,175.7,TRUE,3.6,500,300
6779,2022/10/8 13:36,131.394294,46.86440917,5192351.595,453816.0668,5.25968,174.3,TRUE,3.6,500,300
6780,2022/10/8 13:36,131.3943065,46.864356,5192345.677,453816.9743,5.68564,171.6,TRUE,3.6,497,300
6781,2022/10/8 13:37,131.3943145,46.8643,5192339.447,453817.5363,5.9264,178.1,TRUE,3.6,500,300
6782,2022/10/8 13:37,131.3943195,46.8642425,5192333.052,453817.8682,5.2782,174.2,TRUE,3.6,500,300
6783,2022/10/8 13:37,131.3943172,46.86418917,5192327.125,453817.6471,5.1856,176,TRUE,3.6,500,300
6784,2022/10/8 13:37,131.3943315,46.86413367,5192320.946,453818.6899,6.2042,174.6,TRUE,3.6,494,300
6785,2022/10/8 13:37,131.3943463,46.86407633,5192314.563,453819.7692,6.22272,174.3,TRUE,3.6,500,300
6786,2022/10/8 13:37,131.39435,46.86401883,5192308.169,453820.002,5.72268,172.9,TRUE,3.6,500,300
6787,2022/10/8 13:37,131.3943608,46.86396217,5192301.864,453820.7769,5.50044,173.5,TRUE,3.6,500,300
6788,2022/10/8 13:37,131.3943655,46.86390433,5192295.431,453821.0856,5.88936,171.1,TRUE,3.6,496,300
6789,2022/10/8 13:37,131.394375,46.863848,5192289.164,453821.7617,5.50044,173.3,TRUE,3.6,500,300
6790,2022/10/8 13:37,131.3943853,46.86379383,5192283.136,453822.5006,5.7412,176.4,TRUE,3.6,490,300
6791,2022/10/8 13:37,131.3943953,46.86373783,5192276.904,453823.2151,5.61156,174.2,TRUE,3.6,500,300
6792,2022/10/8 13:37,131.3944037,46.86368117,5192270.601,453823.807,5.98196,171.9,TRUE,3.6,500,300
6793,2022/10/8 13:37,131.3944132,46.86362783,5192264.665,453824.4856,5.63008,172.2,TRUE,3.6,476,300
6794,2022/10/8 13:37,131.3944238,46.86357583,5192258.878,453825.2493,5.35228,173.8,TRUE,3.6,474,300
6795,2022/10/8 13:37,131.3944305,46.8635165,5192252.279,453825.7093,5.85232,174.6,TRUE,3.6,492,300
6796,2022/10/8 13:38,131.394446,46.86346083,5192246.081,453826.8434,5.44488,177.8,TRUE,3.6,449,300
6797,2022/10/8 13:38,131.3944547,46.863407,5192240.092,453827.4606,5.31524,169.6,TRUE,3.6,472,300
6798,2022/10/8 13:38,131.3944572,46.86335283,5192234.068,453827.6048,5.68564,167.8,TRUE,3.6,500,300
6799,2022/10/8 13:38,131.3944643,46.8632955,5192227.691,453828.097,5.20412,178,TRUE,3.6,499,300
6800,2022/10/8 13:38,131.3944707,46.86323467,5192220.925,453828.5328,5.53748,172,TRUE,3.6,483,300
6801,2022/10/8 13:38,131.3944842,46.86317533,5192214.32,453829.5113,5.96344,170.1,TRUE,3.6,498,300
6802,2022/10/8 13:38,131.3945003,46.86312083,5192208.252,453830.6922,6.1116,175.2,TRUE,3.6,468,300
6803,2022/10/8 13:38,131.394505,46.86306,5192201.487,453830.9985,5.57452,174.8,TRUE,3.6,471,300
6804,2022/10/8 13:38,131.394524,46.86300367,5192195.214,453832.3989,5.63008,177,TRUE,3.6,463,300
6805,2022/10/8 13:38,131.3945282,46.86294717,5192188.93,453832.6707,5.42636,174.8,TRUE,3.6,500,300
6806,2022/10/8 13:38,131.394526,46.86288583,5192182.112,453832.4504,5.75972,177.1,TRUE,3.6,500,300
6807,2022/10/8 13:38,131.3945352,46.86282967,5192175.864,453833.1037,5.96344,172.5,TRUE,3.6,498,300
6808,2022/10/8 13:38,131.394552,46.86277267,5192169.517,453834.3359,5.556,177.5,TRUE,3.6,496,300
6809,2022/10/8 13:38,131.394559,46.86271883,5192163.528,453834.8235,5.61156,172.4,TRUE,3.6,489,300
6810,2022/10/8 13:38,131.3945783,46.862663,5192157.31,453836.2473,5.66712,172.8,TRUE,3.6,500,300
6811,2022/10/8 13:39,131.3945847,46.86260917,5192151.322,453836.6891,5.81528,177.5,TRUE,3.6,500,300
6812,2022/10/8 13:39,131.3945917,46.86255183,5192144.944,453837.1737,5.42636,175.2,TRUE,3.6,483,300
6813,2022/10/8 13:39,131.3945988,46.86249583,5192138.714,453837.6671,5.53748,173.8,TRUE,3.6,491,300
6814,2022/10/8 13:39,131.3946088,46.86243833,5192132.316,453838.3803,5.3708,174.2,TRUE,3.6,493,300
6815,2022/10/8 13:39,131.394618,46.86238167,5192126.012,453839.0333,5.2782,174.1,TRUE,3.6,458,300
6816,2022/10/8 13:39,131.3946372,46.86232333,5192119.515,453840.4473,5.20412,173,TRUE,3.6,500,300
6817,2022/10/8 13:39,131.394643,46.86226617,5192113.157,453840.8405,5.16708,174.3,TRUE,3.6,488,300
6818,2022/10/8 13:39,131.3946578,46.86221983,5192107.997,453841.9293,4.11144,169.3,TRUE,3.6,481,300
6819,2022/10/8 13:39,131.3946905,46.86216183,5192101.53,453844.373,5.87084,137.9,TRUE,3.6,293,300
6820,2022/10/8 13:39,131.3947638,46.86213167,5192098.134,453849.9364,6.2968,77.2,FALSE,3.6,0,300
6821,2022/10/8 13:39,131.394846,46.86216117,5192101.365,453856.2295,6.74128,36.7,FALSE,3.6,0,300
6822,2022/10/8 13:39,131.3948478,46.86222583,5192108.553,453856.4222,6.05604,346.4,FALSE,3.6,0,300
6823,2022/10/8 13:39,131.3948235,46.862271,5192113.588,453854.608,5.70416,3.1,FALSE,3.6,0,300
6824,2022/10/8 13:39,131.394807,46.86232783,5192119.916,453853.3985,5.8338,353,TRUE,3.6,460,300
6825,2022/10/8 13:39,131.39481,46.862376,5192125.269,453853.6685,5.57452,350.8,TRUE,3.6,500,300
6826,2022/10/8 13:40,131.3948108,46.86242883,5192131.141,453853.7748,6.945,350.6,TRUE,3.6,493,300
6827,2022/10/8 13:40,131.3948035,46.86248717,5192137.631,453853.2682,6.87092,352.8,TRUE,3.6,477,300
6828,2022/10/8 13:40,131.3947775,46.86255683,5192145.39,453851.3454,5.72268,354.1,TRUE,3.6,484,300
6829,2022/10/8 13:40,131.3947758,46.86261133,5192151.45,453851.2624,6.22272,354,TRUE,3.6,494,300
6830,2022/10/8 13:40,131.3947737,46.86265067,5192155.825,453851.136,4.98188,353.6,TRUE,3.6,463,300
6831,2022/10/8 13:40,131.3947557,46.86270083,5192161.411,453849.8065,6.22272,358.8,TRUE,3.6,490,300
6832,2022/10/8 13:40,131.3947515,46.862764,5192168.436,453849.5404,5.85232,352.4,TRUE,3.6,485,300
6833,2022/10/8 13:40,131.3947305,46.86282983,5192175.767,453847.9955,6.33384,353.6,TRUE,3.6,500,300
6834,2022/10/8 13:40,131.3947162,46.862895,5192183.02,453846.961,6.22272,354.6,TRUE,3.6,500,300
6835,2022/10/8 13:40,131.3947003,46.8629565,5192189.866,453845.8013,6.019,353.9,TRUE,3.6,448,300
6836,2022/10/8 13:40,131.3946893,46.86301933,5192196.857,453845.0164,6.14864,358.9,TRUE,3.6,492,300
6837,2022/10/8 13:40,131.3946828,46.86308483,5192204.143,453844.577,6.18568,356.1,TRUE,3.6,489,300
6838,2022/10/8 13:40,131.3946833,46.86314967,5192211.35,453844.6707,6.14864,354.8,TRUE,3.6,459,300
6839,2022/10/8 13:40,131.3946732,46.86321033,5192218.1,453843.9525,5.72268,353.3,TRUE,3.6,479,300
6840,2022/10/8 13:40,131.394662,46.8632705,5192224.795,453843.1501,5.70416,351.5,TRUE,3.6,456,300
6841,2022/10/8 13:41,131.3946528,46.8633325,5192231.693,453842.5017,6.35236,355.3,TRUE,3.6,442,300
6842,2022/10/8 13:41,131.3946443,46.86339417,5192238.554,453841.9065,5.31524,358,TRUE,3.6,500,300
6843,2022/10/8 13:41,131.394635,46.863452,5192244.988,453841.2469,6.2042,356.1,TRUE,3.6,500,300
6844,2022/10/8 13:41,131.3946282,46.863515,5192251.996,453840.7824,6.35236,355.6,TRUE,3.6,468,300
6845,2022/10/8 13:41,131.3946217,46.863578,5192259.003,453840.3408,6.22272,353.5,TRUE,3.6,489,300
6846,2022/10/8 13:41,131.3946088,46.86363567,5192265.422,453839.4066,6.42644,351.3,TRUE,3.6,489,300
6847,2022/10/8 13:41,131.3945965,46.86369467,5192271.988,453838.5193,6.46348,353.7,TRUE,3.6,491,300
6848,2022/10/8 13:41,131.3945907,46.86375733,5192278.957,453838.1308,6.35236,356.3,TRUE,3.6,484,300
6849,2022/10/8 13:41,131.394585,46.863818,5192285.705,453837.7482,5.79676,354.4,TRUE,3.6,467,300
6850,2022/10/8 13:41,131.3945737,46.86387617,5192292.178,453836.9365,5.98196,350.6,TRUE,3.6,441,300
6851,2022/10/8 13:41,131.3945625,46.863934,5192298.614,453836.132,6.13012,354.8,TRUE,3.6,495,300
6852,2022/10/8 13:41,131.3945562,46.86399517,5192305.418,453835.7041,6.37088,354,TRUE,3.6,495,300
6853,2022/10/8 13:41,131.3945405,46.864055,5192312.078,453834.5583,6.13012,359.6,TRUE,3.6,500,300
6854,2022/10/8 13:41,131.3945227,46.8641115,5192318.369,453833.2495,6.37088,358.7,TRUE,3.6,470,300
6855,2022/10/8 13:41,131.394515,46.8641725,5192325.155,453832.7147,6.25976,353,TRUE,3.6,481,300
6856,2022/10/8 13:42,131.3945092,46.86422917,5192331.458,453832.3211,6.482,356.8,TRUE,3.6,477,300
6857,2022/10/8 13:42,131.3945047,46.86429133,5192338.371,453832.0312,6.46348,355.4,TRUE,3.6,437,300
6858,2022/10/8 13:42,131.3944962,46.86435083,5192344.991,453831.4341,5.88936,349.8,TRUE,3.6,484,300
6859,2022/10/8 13:42,131.3944825,46.864412,5192351.799,453830.442,5.94492,352.4,TRUE,3.6,456,300
6860,2022/10/8 13:42,131.3944662,46.86447267,5192358.553,453829.2512,5.79676,353.4,TRUE,3.6,437,300
6861,2022/10/8 13:42,131.3944537,46.86452933,5192364.859,453828.3466,6.09308,354.2,TRUE,3.6,500,300
6862,2022/10/8 13:42,131.3944493,46.8645835,5192370.884,453828.0576,5.63008,355.9,TRUE,3.6,500,300
6863,2022/10/8 13:42,131.3944435,46.86464067,5192377.243,453827.6644,5.53748,351.7,TRUE,3.6,500,300
6864,2022/10/8 13:42,131.3944355,46.86469833,5192383.657,453827.1038,6.14864,351.1,TRUE,3.6,483,300
6865,2022/10/8 13:42,131.3944317,46.86475317,5192389.756,453826.8611,5.57452,356,TRUE,3.6,464,300
6866,2022/10/8 13:42,131.3944182,46.864808,5192395.859,453825.8788,6.2968,354,TRUE,3.6,461,300
6867,2022/10/8 13:42,131.3944117,46.86486683,5192402.403,453825.4336,6.33384,357.7,TRUE,3.6,500,300
6868,2022/10/8 13:42,131.3944085,46.86492983,5192409.409,453825.2437,5.94492,350.8,TRUE,3.6,482,300
6869,2022/10/8 13:42,131.3943995,46.86499367,5192416.511,453824.6122,6.09308,353.1,TRUE,3.6,500,300
6870,2022/10/8 13:42,131.3943782,46.86505517,5192423.36,453823.0409,5.57452,356.2,TRUE,3.6,482,300
6871,2022/10/8 13:43,131.3943673,46.86511167,5192429.647,453822.2582,6.07456,350.6,TRUE,3.6,459,300
6872,2022/10/8 13:43,131.3943565,46.86517117,5192436.268,453821.4858,6.25976,355.3,TRUE,3.6,470,300
6873,2022/10/8 13:43,131.3943503,46.86523417,5192443.276,453821.0671,5.90788,351,TRUE,3.6,493,300
6874,2022/10/8 13:43,131.3943422,46.86529883,5192450.468,453820.5049,5.79676,353.6,TRUE,3.6,460,300
6875,2022/10/8 13:43,131.394336,46.86535983,5192457.253,453820.0845,6.14864,350.2,TRUE,3.6,483,300
6876,2022/10/8 13:43,131.3943238,46.86542117,5192464.08,453819.2069,6.8524,353.9,TRUE,3.6,500,300
6877,2022/10/8 13:43,131.3943128,46.86548817,5192471.534,453818.4256,6.31532,357.7,TRUE,3.6,494,300
6878,2022/10/8 13:43,131.3942953,46.86554617,5192477.992,453817.1411,6.24124,354.2,TRUE,3.6,476,300
6879,2022/10/8 13:43,131.3942918,46.86560583,5192484.627,453816.9254,6.33384,353.6,TRUE,3.6,475,300
6880,2022/10/8 13:43,131.3942837,46.86566517,5192491.228,453816.3587,6.22272,354.3,TRUE,3.6,469,300
6881,2022/10/8 13:43,131.39427,46.86572183,5192497.535,453815.3627,5.8338,357.1,TRUE,3.6,449,300
6882,2022/10/8 13:43,131.3942618,46.86577833,5192503.821,453814.7859,5.96344,352.8,TRUE,3.6,456,300
6883,2022/10/8 13:43,131.3942538,46.86583617,5192510.255,453814.2256,5.70416,351.4,TRUE,3.6,494,300
6884,2022/10/8 13:43,131.394238,46.86589067,5192516.323,453813.0677,5.1856,354.4,TRUE,3.6,500,300
6885,2022/10/8 13:43,131.3942285,46.86594867,5192522.777,453812.3931,6.37088,351.9,TRUE,3.6,481,300
6886,2022/10/8 13:44,131.3942237,46.86600517,5192529.06,453812.0755,6.09308,350.7,TRUE,3.6,465,300
6887,2022/10/8 13:44,131.3942197,46.86606317,5192535.511,453811.8203,5.94492,355.7,TRUE,3.6,484,300
6888,2022/10/8 13:44,131.3942088,46.86611867,5192541.687,453811.0368,6.18568,352.8,TRUE,3.6,492,300
6889,2022/10/8 13:44,131.394193,46.866179,5192548.403,453809.8839,5.63008,354.1,TRUE,3.6,478,300
6890,2022/10/8 13:44,131.3941837,46.8662415,5192555.356,453809.2285,6.09308,354.5,TRUE,3.6,500,300
6891,2022/10/8 13:44,131.3941668,46.86630133,5192562.017,453807.9912,5.75972,352.9,TRUE,3.6,481,300
6892,2022/10/8 13:44,131.3941577,46.86636283,5192568.86,453807.3502,6.09308,350.7,TRUE,3.6,490,300
6893,2022/10/8 13:44,131.3941483,46.86642683,5192575.98,453806.6884,6.1116,355.4,TRUE,3.6,474,300
6894,2022/10/8 13:44,131.3941433,46.86647917,5192581.801,453806.352,6.35236,355.6,TRUE,3.6,500,300
6895,2022/10/8 13:44,131.3941403,46.86653433,5192587.935,453806.1706,6.16716,352,TRUE,3.6,489,300
6896,2022/10/8 13:44,131.3941317,46.866593,5192594.462,453805.5652,5.87084,356.3,TRUE,3.6,472,300
6897,2022/10/8 13:44,131.3941233,46.86665033,5192600.841,453804.974,6.37088,356.4,TRUE,3.6,492,300
6898,2022/10/8 13:44,131.3941125,46.866712,5192607.703,453804.2034,5.94492,352.3,TRUE,3.6,500,300
6899,2022/10/8 13:44,131.394101,46.86676967,5192614.12,453803.3761,5.50044,356.3,TRUE,3.6,500,300
6900,2022/10/8 13:44,131.3940945,46.8668245,5192620.22,453802.9275,5.94492,355.5,TRUE,3.6,447,300
6901,2022/10/8 13:45,131.3940738,46.8668835,5192626.791,453801.3999,6.16716,354.5,TRUE,3.6,486,300
6902,2022/10/8 13:45,131.3940605,46.866946,5192633.746,453800.4395,5.96344,348.3,TRUE,3.6,494,300
6903,2022/10/8 13:45,131.3940575,46.8669985,5192639.585,453800.2558,5.96344,353.9,TRUE,3.6,466,300
6904,2022/10/8 13:45,131.39405,46.867057,5192646.092,453799.7342,6.31532,354.6,TRUE,3.6,446,300
6905,2022/10/8 13:45,131.39404,46.86711667,5192652.732,453799.0229,5.88936,351.5,TRUE,3.6,473,300
6906,2022/10/8 13:45,131.3940298,46.86717433,5192659.148,453798.2947,5.98196,352.1,TRUE,3.6,475,300
6907,2022/10/8 13:45,131.3940203,46.867233,5192665.675,453797.6207,6.51904,359,TRUE,3.6,433,300
6908,2022/10/8 13:45,131.3940077,46.867292,5192672.242,453796.7107,6.31532,356.7,TRUE,3.6,458,300
6909,2022/10/8 13:45,131.3939998,46.86735333,5192679.064,453796.161,5.87084,355,TRUE,3.6,493,300
6910,2022/10/8 13:45,131.3939948,46.8674125,5192685.645,453795.8305,5.48192,354.5,TRUE,3.6,482,300
6911,2022/10/8 13:45,131.3939835,46.86747017,5192692.063,453795.0185,5.85232,0.1,TRUE,3.6,492,300
6912,2022/10/8 13:45,131.3939687,46.867531,5192698.834,453793.9423,5.68564,1.1,TRUE,3.6,493,300
6913,2022/10/8 13:45,131.3939613,46.86758933,5192705.322,453793.4281,6.3894,355.7,TRUE,3.6,499,300
6914,2022/10/8 13:45,131.393957,46.86764983,5192712.051,453793.1522,5.75972,353.8,TRUE,3.6,500,300
6915,2022/10/8 13:45,131.3939473,46.86770833,5192718.56,453792.4628,6.24124,353.1,TRUE,3.6,499,300
6916,2022/10/8 13:46,131.3939363,46.867765,5192724.866,453791.6728,5.8338,352.6,TRUE,3.6,497,300
6917,2022/10/8 13:46,131.3939275,46.867823,5192731.319,453791.0516,5.90788,356.7,TRUE,3.6,495,300
6918,2022/10/8 13:46,131.3939205,46.86788067,5192737.734,453790.5674,6.16716,353,TRUE,3.6,497,300
6919,2022/10/8 13:46,131.3939107,46.86794017,5192744.354,453789.8713,5.90788,1.2,TRUE,3.6,487,300
6920,2022/10/8 13:46,131.3938982,46.868,5192751.013,453788.9696,6.14864,355.6,TRUE,3.6,500,300
6921,2022/10/8 13:46,131.3938902,46.868057,5192757.354,453788.4086,5.61156,357.3,TRUE,3.6,462,300
6922,2022/10/8 13:46,131.3938847,46.868111,5192763.361,453788.0356,5.70416,354.5,TRUE,3.6,500,300
6923,2022/10/8 13:46,131.3938738,46.86816767,5192769.667,453787.2532,6.33384,355.8,TRUE,3.6,446,300
6924,2022/10/8 13:46,131.3938625,46.86822767,5192776.344,453786.4431,5.66712,355.5,TRUE,3.6,492,300
6925,2022/10/8 13:46,131.393847,46.868283,5192782.504,453785.3089,6.37088,354.8,TRUE,3.6,497,300
6926,2022/10/8 13:46,131.3938385,46.86834083,5192788.937,453784.7105,5.48192,356.8,TRUE,3.6,479,300
6927,2022/10/8 13:46,131.3938347,46.868397,5192795.184,453784.4689,6.13012,0.1,TRUE,3.6,484,300
6928,2022/10/8 13:46,131.3938275,46.86845117,5192801.21,453783.9665,5.24116,349.7,TRUE,3.6,479,300
6929,2022/10/8 13:46,131.3938157,46.8685085,5192807.59,453783.1161,5.20412,351.2,TRUE,3.6,500,300
6930,2022/10/8 13:46,131.3938025,46.86856767,5192814.176,453782.1604,5.70416,352.3,TRUE,3.6,472,300
6931,2022/10/8 13:47,131.393792,46.86862633,5192820.703,453781.4103,5.77824,351.4,TRUE,3.6,494,300
6932,2022/10/8 13:47,131.3937842,46.86868683,5192827.433,453780.8675,5.50044,356.8,TRUE,3.6,490,300
6933,2022/10/8 13:47,131.3937733,46.868742,5192833.573,453780.0838,5.7412,357.7,TRUE,3.6,500,300
6934,2022/10/8 13:47,131.3937648,46.8688,5192840.026,453779.4856,4.87076,353.2,TRUE,3.6,474,300
6935,2022/10/8 13:47,131.393755,46.868858,5192846.479,453778.7882,5.68564,356,TRUE,3.6,493,300
6936,2022/10/8 13:47,131.3937523,46.8689115,5192852.428,453778.6283,6.18568,355.7,TRUE,3.6,500,300
6937,2022/10/8 13:47,131.3937417,46.8689685,5192858.771,453777.869,6.22272,353.4,TRUE,3.6,500,300
6938,2022/10/8 13:47,131.3937245,46.86902583,5192865.155,453776.6069,5.87084,350.6,TRUE,3.6,492,300
6939,2022/10/8 13:47,131.393719,46.86908717,5192871.977,453776.2402,5.8338,356.6,TRUE,3.6,500,300
6940,2022/10/8 13:47,131.3937153,46.86914,5192877.852,453776.0035,5.59304,353.9,TRUE,3.6,500,300
6941,2022/10/8 13:47,131.393706,46.86919783,5192884.286,453775.3441,5.556,352.6,TRUE,3.6,481,300
6942,2022/10/8 13:47,131.393699,46.8692565,5192890.813,453774.8608,5.51896,353.9,TRUE,3.6,476,300
6943,2022/10/8 13:47,131.3936897,46.86931633,5192897.469,453774.2031,6.09308,355.5,TRUE,3.6,500,300
6944,2022/10/8 13:47,131.3936808,46.86937167,5192903.627,453773.5721,6.14864,359.4,TRUE,3.6,488,300
6945,2022/10/8 13:47,131.3936663,46.86943483,5192910.656,453772.5208,5.81528,352.8,TRUE,3.6,473,300
6946,2022/10/8 13:48,131.3936495,46.86949083,5192916.892,453771.2881,6.31532,355.6,TRUE,3.6,473,300
6947,2022/10/8 13:48,131.3936448,46.8695505,5192923.528,453770.981,5.90788,355,TRUE,3.6,495,300
6948,2022/10/8 13:48,131.3936385,46.86961283,5192930.461,453770.5542,5.75972,353.5,TRUE,3.6,500,300
6949,2022/10/8 13:48,131.3936213,46.869676,5192937.493,453769.2971,5.48192,0.1,TRUE,3.6,496,300
6950,2022/10/8 13:48,131.3936233,46.86973667,5192944.237,453769.5016,6.35236,350.2,TRUE,3.6,482,300
6951,2022/10/8 13:48,131.3936283,46.86979467,5192950.682,453769.9326,6.14864,350.7,TRUE,3.6,495,300
6952,2022/10/8 13:48,131.3936115,46.8698495,5192956.787,453768.6989,5.48192,16.6,TRUE,3.6,282,300
6953,2022/10/8 13:48,131.3936582,46.86988933,5192961.187,453772.2935,4.70408,61.3,FALSE,3.6,0,300
6954,2022/10/8 13:48,131.39372,46.86988883,5192961.095,453777.0047,5.20412,99.9,TRUE,3.6,108,300
6955,2022/10/8 13:48,131.393772,46.86985367,5192957.156,453780.939,4.75964,147.2,FALSE,3.6,0,300
6956,2022/10/8 13:48,131.3937845,46.86980283,5192951.497,453781.8484,5.75972,178.2,TRUE,3.6,339,300
6957,2022/10/8 13:48,131.393784,46.86975033,5192945.661,453781.7652,4.5374,177.5,TRUE,3.6,492,300
6958,2022/10/8 13:48,131.3937972,46.86970583,5192940.706,453782.7334,5.72268,172.6,TRUE,3.6,500,300
6959,2022/10/8 13:48,131.3938093,46.86964983,5192934.473,453783.6078,4.92632,171,TRUE,3.6,469,300
6960,2022/10/8 13:48,131.3938208,46.8695965,5192928.538,453784.4388,5.3708,167.8,TRUE,3.6,467,300
6961,2022/10/8 13:49,131.3938307,46.86953483,5192921.676,453785.1406,5.38932,175.5,TRUE,3.6,490,300
6962,2022/10/8 13:49,131.3938475,46.869468,5192914.237,453786.3641,5.57452,174.2,TRUE,3.6,467,300
6963,2022/10/8 13:49,131.393857,46.86941217,5192908.025,453787.0405,5.6486,172,TRUE,3.6,477,300
6964,2022/10/8 13:49,131.3938643,46.86934867,5192900.962,453787.5425,5.79676,176.2,TRUE,3.6,487,300
6965,2022/10/8 13:49,131.3938682,46.86929267,5192894.734,453787.7918,5.85232,173.5,TRUE,3.6,489,300
6966,2022/10/8 13:49,131.3938883,46.86923883,5192888.737,453789.2781,5.8338,171.8,TRUE,3.6,472,300
6967,2022/10/8 13:49,131.3939027,46.86918567,5192882.819,453790.3303,5.79676,172.6,TRUE,3.6,462,300
6968,2022/10/8 13:49,131.3939172,46.86913017,5192876.64,453791.3882,5.35228,169.3,TRUE,3.6,500,300
6969,2022/10/8 13:49,131.3939297,46.8690755,5192870.555,453792.2943,5.87084,179,TRUE,3.6,484,300
6970,2022/10/8 13:49,131.3939288,46.86901467,5192863.794,453792.1734,6.019,172.7,TRUE,3.6,461,300
6971,2022/10/8 13:49,131.3939312,46.86895567,5192857.233,453792.3058,6.00048,174.2,TRUE,3.6,500,300
6972,2022/10/8 13:49,131.3939387,46.86889217,5192850.17,453792.8231,5.96344,171.6,TRUE,3.6,485,300
6973,2022/10/8 13:49,131.3939477,46.86883717,5192844.05,453793.4621,6.33384,173.9,TRUE,3.6,452,300
6974,2022/10/8 13:49,131.3939652,46.86878167,5192837.87,453794.7487,6.25976,172.3,TRUE,3.6,461,300
6975,2022/10/8 13:49,131.393975,46.8687255,5192831.62,453795.4476,6.27828,174,TRUE,3.6,500,300
6976,2022/10/8 13:50,131.3939782,46.86866433,5192824.818,453795.6391,5.33376,171.3,TRUE,3.6,498,300
6977,2022/10/8 13:50,131.393981,46.86860583,5192818.313,453795.8024,5.98196,171.9,TRUE,3.6,492,300
6978,2022/10/8 13:50,131.3939925,46.86854483,5192811.525,453796.6268,6.07456,174.5,TRUE,3.6,500,300
6979,2022/10/8 13:50,131.3940108,46.86848733,5192805.122,453797.9727,6.14864,171.6,TRUE,3.6,433,300
6980,2022/10/8 13:50,131.3940187,46.86843017,5192798.763,453798.526,5.42636,169.2,TRUE,3.6,486,300
6981,2022/10/8 13:50,131.3940323,46.86836733,5192791.769,453799.509,5.88936,173.9,TRUE,3.6,494,300
6982,2022/10/8 13:50,131.3940355,46.86830967,5192785.357,453799.7035,5.70416,170,TRUE,3.6,490,300
6983,2022/10/8 13:50,131.3940418,46.86825317,5192779.073,453800.1353,5.66712,173.2,TRUE,3.6,500,300
6984,2022/10/8 13:50,131.3940533,46.86819883,5192773.025,453800.9655,5.4634,174.8,TRUE,3.6,462,300
6985,2022/10/8 13:50,131.3940638,46.86814633,5192767.183,453801.721,5.53748,174.1,TRUE,3.6,472,300
6986,2022/10/8 13:50,131.3940765,46.86808683,5192760.561,453802.6382,5.093,172.5,TRUE,3.6,500,300
6987,2022/10/8 13:50,131.3940798,46.86802883,5192754.111,453802.84,5.9264,172.6,TRUE,3.6,470,300
6988,2022/10/8 13:50,131.3940927,46.86796633,5192747.155,453803.77,5.6486,171.8,TRUE,3.6,500,300
6989,2022/10/8 13:50,131.3941042,46.8679095,5192740.831,453804.598,5.29672,175.7,TRUE,3.6,468,300
6990,2022/10/8 13:50,131.3941108,46.86785267,5192734.509,453805.0524,5.72268,174.3,TRUE,3.6,485,300
6991,2022/10/8 13:51,131.39412,46.86779583,5192728.185,453805.7051,5.96344,173.2,TRUE,3.6,496,300
6992,2022/10/8 13:51,131.3941327,46.86773633,5192721.563,453806.6223,5.87084,170.8,TRUE,3.6,498,300
6993,2022/10/8 13:51,131.3941425,46.8676745,5192714.684,453807.3165,6.1116,173.3,TRUE,3.6,484,300
6994,2022/10/8 13:51,131.3941587,46.86761233,5192707.763,453808.4983,5.53748,172.7,TRUE,3.6,495,300
6995,2022/10/8 13:51,131.3941618,46.86755667,5192701.574,453808.6869,5.59304,178.4,TRUE,3.6,500,300
6996,2022/10/8 13:51,131.3941708,46.86749917,5192695.176,453809.3238,5.63008,172.5,TRUE,3.6,484,300
6997,2022/10/8 13:51,131.3941833,46.86743867,5192688.443,453810.2249,5.6486,170.2,TRUE,3.6,472,300
6998,2022/10/8 13:51,131.3941895,46.8673785,5192681.751,453810.646,5.61156,175.5,TRUE,3.6,485,300
6999,2022/10/8 13:51,131.3942025,46.86732083,5192675.332,453811.5877,5.20412,174.7,TRUE,3.6,447,300
7000,2022/10/8 13:51,131.394218,46.86726117,5192668.691,453812.7183,5.9264,177.4,TRUE,3.6,494,300
7001,2022/10/8 13:51,131.3942253,46.8672035,5192662.275,453813.2254,5.6486,174.2,TRUE,3.6,470,300
7002,2022/10/8 13:51,131.3942323,46.86714517,5192655.787,453813.7091,5.33376,174,TRUE,3.6,500,300
7003,2022/10/8 13:51,131.3942425,46.86708617,5192649.222,453814.4362,5.33376,179.3,TRUE,3.6,469,300
7004,2022/10/8 13:51,131.3942477,46.8670255,5192642.474,453814.7806,5.9264,174.9,TRUE,3.6,477,300
7005,2022/10/8 13:51,131.394256,46.8669685,5192636.133,453815.3645,5.59304,173.7,TRUE,3.6,491,300
7006,2022/10/8 13:52,131.3942663,46.86690867,5192629.476,453816.0985,5.96344,173.1,TRUE,3.6,500,300
7007,2022/10/8 13:52,131.3942823,46.86684933,5192622.869,453817.2676,5.3708,172.3,TRUE,3.6,478,300
7008,2022/10/8 13:52,131.39429,46.86679083,5192616.362,453817.8045,5.40784,176.7,TRUE,3.6,500,300
7009,2022/10/8 13:52,131.3943025,46.86673767,5192610.445,453818.7119,5.48192,173.1,TRUE,3.6,500,300
7010,2022/10/8 13:52,131.3943102,46.86667983,5192604.01,453819.2494,5.61156,177.4,TRUE,3.6,485,300
7011,2022/10/8 13:52,131.3943103,46.8666255,5192597.97,453819.2104,5.72268,173.2,TRUE,3.6,500,300
7012,2022/10/8 13:52,131.3943168,46.86657117,5192591.927,453819.6594,5.61156,175,TRUE,3.6,500,300
7013,2022/10/8 13:52,131.3943235,46.866517,5192585.901,453820.1238,5.07448,176.9,TRUE,3.6,500,300
7014,2022/10/8 13:52,131.3943313,46.8664575,5192579.282,453820.6675,5.6486,172.9,TRUE,3.6,484,300
7015,2022/10/8 13:52,131.3943433,46.86640367,5192573.29,453821.5363,5.6486,176.1,TRUE,3.6,479,300
7016,2022/10/8 13:52,131.3943548,46.86634383,5192566.631,453822.3618,5.6486,177,TRUE,3.6,498,300
7017,2022/10/8 13:52,131.3943852,46.86628083,5192559.61,453824.6256,4.98188,166.4,TRUE,3.6,469,300
7018,2022/10/8 13:52,131.3943968,46.8662215,5192553.008,453825.4592,5.77824,175.7,TRUE,3.6,500,300
7019,2022/10/8 13:52,131.3943987,46.86616217,5192546.411,453825.5532,5.7412,177.8,TRUE,3.6,477,300
7020,2022/10/8 13:52,131.3944142,46.86610283,5192539.805,453826.6841,4.92632,175.7,TRUE,3.6,479,300
7021,2022/10/8 13:53,131.3944213,46.86604483,5192533.353,453827.1757,5.40784,175.9,TRUE,3.6,451,300
7022,2022/10/8 13:53,131.3944265,46.86598367,5192526.551,453827.5197,5.79676,174.4,TRUE,3.6,474,300
7023,2022/10/8 13:53,131.3944455,46.865926,5192520.129,453828.919,5.2782,177,TRUE,3.6,469,300
7024,2022/10/8 13:53,131.3944503,46.86587017,5192513.919,453829.2371,5.6486,175.8,TRUE,3.6,500,300
7025,2022/10/8 13:53,131.3944485,46.8658125,5192507.509,453829.0504,6.2042,172.9,TRUE,3.6,436,300
7026,2022/10/8 13:53,131.3944548,46.86575533,5192501.15,453829.4817,5.88936,179.4,TRUE,3.6,495,300
7027,2022/10/8 13:53,131.3944603,46.86570233,5192495.255,453829.8556,5.40784,176.1,TRUE,3.6,467,300
7028,2022/10/8 13:53,131.3944698,46.8656435,5192488.71,453830.5295,5.61156,177.5,TRUE,3.6,466,300
7029,2022/10/8 13:53,131.3944793,46.8655825,5192481.923,453831.2015,5.77824,169.5,TRUE,3.6,460,300
7030,2022/10/8 13:53,131.3944952,46.8655255,5192475.577,453832.365,5.63008,173.8,TRUE,3.6,500,300
7031,2022/10/8 13:53,131.3945107,46.8654755,5192470.009,453833.5039,5.42636,174.6,TRUE,3.6,489,300
7032,2022/10/8 13:53,131.3945222,46.8654205,5192463.888,453834.3336,5.16708,175.7,TRUE,3.6,464,300
7033,2022/10/8 13:53,131.394525,46.86535583,5192456.697,453834.4917,5.03744,168.8,TRUE,3.6,467,300
7034,2022/10/8 13:53,131.394533,46.86529783,5192450.245,453835.0519,5.81528,171.4,TRUE,3.6,450,300
7035,2022/10/8 13:53,131.3945382,46.865233,5192443.035,453835.3928,6.40792,174.8,TRUE,3.6,441,300
7036,2022/10/8 13:54,131.3945435,46.86517267,5192436.325,453835.7452,5.42636,171.2,TRUE,3.6,493,300
7037,2022/10/8 13:54,131.3945567,46.8651205,5192430.518,453836.7069,5.61156,173.7,TRUE,3.6,486,300
7038,2022/10/8 13:54,131.394558,46.865068,5192424.681,453836.7611,5.70416,174.8,TRUE,3.6,476,300
7039,2022/10/8 13:54,131.3945692,46.86500933,5192418.152,453837.5647,5.24116,177.7,TRUE,3.6,500,300
7040,2022/10/8 13:54,131.3945912,46.86495717,5192412.34,453839.1975,4.59296,174.3,TRUE,3.6,441,300
7041,2022/10/8 13:54,131.3946007,46.86490317,5192406.332,453839.8755,5.98196,175.4,TRUE,3.6,500,300
7042,2022/10/8 13:54,131.3946123,46.86484033,5192399.339,453840.7061,5.63008,172,TRUE,3.6,496,300
7043,2022/10/8 13:54,131.3946215,46.8647775,5192392.349,453841.3537,5.66712,174.5,TRUE,3.6,487,300
7044,2022/10/8 13:54,131.3946308,46.86471783,5192385.71,453842.0117,5.51896,167.2,TRUE,3.6,500,300
7045,2022/10/8 13:54,131.3946393,46.8646525,5192378.443,453842.6038,5.75972,177.4,TRUE,3.6,447,300
7046,2022/10/8 13:54,131.3946465,46.8645915,5192371.657,453843.1005,5.66712,177.2,TRUE,3.6,500,300
7047,2022/10/8 13:54,131.394666,46.86453433,5192365.29,453844.5383,6.53756,173.4,TRUE,3.6,500,300
7048,2022/10/8 13:54,131.3946757,46.864477,5192358.911,453845.2288,5.50044,184.2,TRUE,3.6,500,300
7049,2022/10/8 13:54,131.3946835,46.86441967,5192352.533,453845.7744,6.09308,173.2,TRUE,3.6,477,300
7050,2022/10/8 13:54,131.394692,46.86436233,5192346.154,453846.3733,5.98196,172.4,TRUE,3.6,500,300
7051,2022/10/8 13:55,131.3947048,46.86429933,5192339.143,453847.2953,5.556,175.3,TRUE,3.6,459,300
7052,2022/10/8 13:55,131.3947098,46.8642415,5192332.711,453847.627,5.98196,175.2,TRUE,3.6,500,300
7053,2022/10/8 13:55,131.3947128,46.8641815,5192326.039,453847.8043,5.8338,174.7,TRUE,3.6,500,300
7054,2022/10/8 13:55,131.3947362,46.86412017,5192319.208,453849.536,6.13012,176,TRUE,3.6,500,300
7055,2022/10/8 13:55,131.3947327,46.86406433,5192313.002,453849.2213,6.18568,176,TRUE,3.6,481,300
7056,2022/10/8 13:55,131.3947537,46.86400833,5192306.764,453850.7745,5.79676,173.2,TRUE,3.6,500,300
7057,2022/10/8 13:55,131.3947675,46.863952,5192300.494,453851.7784,6.24124,172.3,TRUE,3.6,496,300
7058,2022/10/8 13:55,131.39477,46.86389067,5192293.675,453851.9165,6.2042,175.2,TRUE,3.6,484,300
7059,2022/10/8 13:55,131.3947763,46.8638315,5192287.093,453852.3462,6.25976,174.3,TRUE,3.6,461,300
7060,2022/10/8 13:55,131.3947855,46.86377433,5192280.732,453852.9987,5.77824,173.6,TRUE,3.6,498,300
7061,2022/10/8 13:55,131.3948,46.863714,5192274.017,453854.0526,5.35228,178.3,TRUE,3.6,500,300
7062,2022/10/8 13:55,131.3948135,46.8636595,5192267.951,453855.0352,5.68564,173.4,TRUE,3.6,500,300
7063,2022/10/8 13:55,131.3948105,46.86359383,5192260.652,453854.7502,5.61156,175.8,TRUE,3.6,500,300
7064,2022/10/8 13:55,131.3948232,46.86353133,5192253.697,453855.665,5.9264,177.2,TRUE,3.6,500,300
7065,2022/10/8 13:55,131.3948343,46.86347317,5192247.224,453856.4616,6.13012,174.4,TRUE,3.6,498,300
7066,2022/10/8 13:56,131.394843,46.86341183,5192240.4,453857.0724,5.90788,175.5,TRUE,3.6,500,300
7067,2022/10/8 13:56,131.39485,46.86334817,5192233.319,453857.5516,5.75972,177.4,TRUE,3.6,476,300
7068,2022/10/8 13:56,131.3948552,46.8632885,5192226.683,453857.8969,5.81528,172.9,TRUE,3.6,476,300
7069,2022/10/8 13:56,131.3948597,46.863231,5192220.288,453858.1908,6.2042,174,TRUE,3.6,492,300
7070,2022/10/8 13:56,131.3948655,46.86317733,5192214.318,453858.587,5.90788,179.6,TRUE,3.6,500,300
7071,2022/10/8 13:56,131.3948745,46.86312533,5192208.532,453859.2287,5.63008,173.5,TRUE,3.6,500,300
7072,2022/10/8 13:56,131.3948882,46.86306567,5192201.892,453860.2222,5.75972,171.1,TRUE,3.6,500,300
7073,2022/10/8 13:56,131.3948888,46.862998,5192194.369,453860.21,5.9264,177.8,TRUE,3.6,491,300
7074,2022/10/8 13:56,131.3948978,46.86293883,5192187.786,453860.8456,5.79676,172.6,TRUE,3.6,500,300
7075,2022/10/8 13:56,131.3949088,46.8628785,5192181.073,453861.6326,5.556,176,TRUE,3.6,500,300
7076,2022/10/8 13:56,131.3949193,46.86282167,5192174.749,453862.3846,5.68564,176.6,TRUE,3.6,485,300
7077,2022/10/8 13:56,131.3949228,46.8627585,5192167.724,453862.5973,6.05604,172,TRUE,3.6,488,300
7078,2022/10/8 13:56,131.3949285,46.86270617,5192161.903,453862.9871,5.556,176,TRUE,3.6,492,300
7079,2022/10/8 13:56,131.3949453,46.86265033,5192155.686,453864.2203,5.01892,172.9,TRUE,3.6,500,300
7080,2022/10/8 13:56,131.394946,46.86259083,5192149.071,453864.2227,5.4634,168.3,TRUE,3.6,500,300
7081,2022/10/8 13:57,131.3949598,46.86253567,5192142.931,453865.2277,5.38932,178.1,TRUE,3.6,493,300
7082,2022/10/8 13:57,131.3949713,46.862488,5192137.625,453866.0637,5.05596,169.6,TRUE,3.6,461,300
7083,2022/10/8 13:57,131.3949865,46.86244083,5192132.372,453867.1824,5.07448,174.3,TRUE,3.6,477,300
7084,2022/10/8 13:57,131.394997,46.862379,5192125.492,453867.93,5.63008,171.4,TRUE,3.6,482,300
7085,2022/10/8 13:57,131.395002,46.8623215,5192119.097,453868.262,5.07448,167.1,TRUE,3.6,497,300
7086,2022/10/8 13:57,131.3950057,46.8622765,5192114.093,453868.5056,4.70408,173.7,TRUE,3.6,109,300
7087,2022/10/8 13:57,131.3949835,46.86222367,5192108.233,453866.7676,5.85232,238.1,FALSE,3.6,0,300
7088,2022/10/8 13:57,131.3949182,46.8621955,5192105.139,453861.7642,5.20412,261.3,FALSE,3.6,0,300
7089,2022/10/8 13:57,131.3948303,46.86220383,5192106.117,453855.0689,5.79676,273.9,FALSE,3.6,0,300
7090,2022/10/8 13:57,131.3947708,46.86222067,5192108.024,453850.5464,3.77808,315,FALSE,3.6,0,300
7091,2022/10/8 13:57,131.3947552,46.86225717,5192112.091,453849.3882,5.94492,345.8,FALSE,3.6,0,300
7092,2022/10/8 13:57,131.3947265,46.86230883,5192117.851,453847.244,5.94492,353.4,TRUE,3.6,364,300
7093,2022/10/8 13:57,131.3947098,46.86234917,5192122.345,453846.0052,5.59304,354.2,TRUE,3.6,488,300
7094,2022/10/8 13:57,131.3946943,46.86240017,5192128.024,453844.867,6.51904,352.2,TRUE,3.6,500,300
7095,2022/10/8 13:57,131.394685,46.8624595,5192134.625,453844.2088,6.33384,354.1,TRUE,3.6,500,300
7096,2022/10/8 13:58,131.3946787,46.862524,5192141.799,453843.7837,6.2042,352.6,TRUE,3.6,500,300
7097,2022/10/8 13:58,131.3946672,46.8625775,5192147.753,453842.9526,5.66712,353,TRUE,3.6,496,300
7098,2022/10/8 13:58,131.3946603,46.8626375,5192154.427,453842.4779,6.22272,355,TRUE,3.6,500,300
7099,2022/10/8 13:58,131.3946575,46.86269567,5192160.895,453842.3143,6.50052,350.7,TRUE,3.6,499,300
7100,2022/10/8 13:58,131.3946453,46.86274817,5192166.739,453841.429,6.24124,356.6,TRUE,3.6,478,300
7101,2022/10/8 13:58,131.3946363,46.86280717,5192173.303,453840.7934,6.33384,356,TRUE,3.6,500,300
7102,2022/10/8 13:58,131.394627,46.8628605,5192179.237,453840.1299,6.40792,357.5,TRUE,3.6,488,300
7103,2022/10/8 13:58,131.3946187,46.8629215,5192186.023,453839.5493,6.46348,355.1,TRUE,3.6,491,300
7104,2022/10/8 13:58,131.3946073,46.86297883,5192192.403,453838.7292,6.31532,355.7,TRUE,3.6,500,300
7105,2022/10/8 13:58,131.3945987,46.86303883,5192199.078,453838.1249,6.019,353.8,TRUE,3.6,490,300
7106,2022/10/8 13:58,131.394591,46.86310017,5192205.902,453837.5904,6.482,350,TRUE,3.6,500,300
7107,2022/10/8 13:58,131.3945782,46.86315133,5192211.597,453836.6582,5.72268,351.3,TRUE,3.6,500,300
7108,2022/10/8 13:58,131.3945705,46.86319967,5192216.975,453836.1125,5.7412,351.2,TRUE,3.6,485,300
7109,2022/10/8 13:58,131.3945642,46.86325683,5192223.333,453835.6812,5.68564,351.8,TRUE,3.6,500,300
7110,2022/10/8 13:58,131.3945543,46.86331517,5192229.825,453834.9763,5.68564,348.9,TRUE,3.6,500,300
7111,2022/10/8 13:59,131.3945443,46.8633745,5192236.426,453834.2647,5.9264,356,TRUE,3.6,500,300
7112,2022/10/8 13:59,131.3945365,46.86343533,5192243.193,453833.7221,5.88936,350.7,TRUE,3.6,500,300
7113,2022/10/8 13:59,131.3945285,46.86349517,5192249.85,453833.1634,5.66712,357.6,TRUE,3.6,453,300
7114,2022/10/8 13:59,131.3945222,46.86355133,5192256.097,453832.7312,5.40784,354.5,TRUE,3.6,500,300
7115,2022/10/8 13:59,131.3945117,46.86360767,5192262.366,453831.9789,5.53748,350.2,TRUE,3.6,496,300
7116,2022/10/8 13:59,131.3945002,46.86366483,5192268.727,453831.151,5.7412,357.1,TRUE,3.6,497,300
7117,2022/10/8 13:59,131.3944885,46.86372117,5192274.997,453830.3072,5.96344,350.5,TRUE,3.6,500,300
7118,2022/10/8 13:59,131.3944765,46.86377167,5192280.618,453829.4355,6.05604,354.2,TRUE,3.6,500,300
7119,2022/10/8 13:59,131.3944705,46.86382933,5192287.032,453829.0274,6.05604,353.5,TRUE,3.6,500,300
7120,2022/10/8 13:59,131.39446,46.86389067,5192293.857,453828.2794,6.05604,354.1,TRUE,3.6,500,300
7121,2022/10/8 13:59,131.3944488,46.863945,5192299.903,453827.472,6.13012,358.4,TRUE,3.6,485,300
7122,2022/10/8 13:59,131.3944417,46.86400017,5192306.041,453826.978,6.27828,350.7,TRUE,3.6,500,300
7123,2022/10/8 13:59,131.394432,46.86406317,5192313.05,453826.2924,5.90788,349.9,TRUE,3.6,487,300
7124,2022/10/8 13:59,131.3944203,46.864125,5192319.93,453825.4533,6.18568,351.3,TRUE,3.6,500,300
7125,2022/10/8 13:59,131.3944155,46.8641885,5192326.992,453825.1417,6.33384,353.7,TRUE,3.6,500,300
7126,2022/10/8 14:00,131.3944073,46.8642445,5192333.223,453824.5645,5.50044,355.3,TRUE,3.6,500,300
7127,2022/10/8 14:00,131.3943975,46.86429983,5192339.379,453823.8647,5.79676,346.8,TRUE,3.6,500,300
7128,2022/10/8 14:00,131.3943837,46.8643465,5192344.576,453822.8525,6.31532,353.2,TRUE,3.6,500,300
7129,2022/10/8 14:00,131.3943767,46.86439933,5192350.453,453822.3641,6.05604,348.8,TRUE,3.6,486,300
7130,2022/10/8 14:00,131.3943693,46.864459,5192357.09,453821.851,6.25976,351.8,TRUE,3.6,487,300
7131,2022/10/8 14:00,131.394359,46.864521,5192363.989,453821.1188,5.87084,356.4,TRUE,3.6,485,300
7132,2022/10/8 14:00,131.3943488,46.86457267,5192369.739,453820.3854,5.53748,354.7,TRUE,3.6,500,300
7133,2022/10/8 14:00,131.3943407,46.86462467,5192375.524,453819.8124,5.33376,351.6,TRUE,3.6,497,300
7134,2022/10/8 14:00,131.394331,46.86467183,5192380.773,453819.1132,5.40784,355.3,TRUE,3.6,499,300
7135,2022/10/8 14:00,131.3943248,46.86471867,5192385.984,453818.6807,5.77824,358.7,TRUE,3.6,478,300
7136,2022/10/8 14:00,131.3943158,46.86477183,5192391.899,453818.04,5.96344,355.5,TRUE,3.6,500,300
7137,2022/10/8 14:00,131.3943047,46.8648285,5192398.205,453817.2423,6.14864,355.7,TRUE,3.6,500,300
7138,2022/10/8 14:00,131.3942968,46.864889,5192404.935,453816.6918,6.24124,355,TRUE,3.6,493,300
7139,2022/10/8 14:00,131.3942835,46.8649405,5192410.668,453815.7219,6.33384,355.7,TRUE,3.6,495,300
7140,2022/10/8 14:00,131.394277,46.86500817,5192418.195,453815.2843,5.81528,350.4,TRUE,3.6,500,300
7141,2022/10/8 14:01,131.3942665,46.865073,5192425.408,453814.5394,5.88936,351.6,TRUE,3.6,492,300
7142,2022/10/8 14:01,131.3942548,46.8651255,5192431.251,453813.6923,6.31532,355.3,TRUE,3.6,495,300
7143,2022/10/8 14:01,131.394244,46.86518567,5192437.946,453812.9204,6.83388,352.4,TRUE,3.6,478,300
7144,2022/10/8 14:01,131.3942343,46.86524883,5192444.974,453812.235,6.40792,357.4,TRUE,3.6,482,300
7145,2022/10/8 14:01,131.3942268,46.86531317,5192452.13,453811.7184,6.22272,353.5,TRUE,3.6,500,300
7146,2022/10/8 14:01,131.3942157,46.86537133,5192458.603,453810.9219,6.7598,350.5,TRUE,3.6,500,300
7147,2022/10/8 14:01,131.3942123,46.86543767,5192465.979,453810.7196,6.482,359.2,TRUE,3.6,500,300
7148,2022/10/8 14:01,131.3942045,46.86550233,5192473.172,453810.1803,6.019,353,TRUE,3.6,500,300
7149,2022/10/8 14:01,131.3941922,46.86555567,5192479.109,453809.2882,6.31532,352.9,TRUE,3.6,500,300
7150,2022/10/8 14:01,131.3941832,46.86561183,5192485.357,453808.6502,6.09308,351.1,TRUE,3.6,497,300
7151,2022/10/8 14:01,131.3941758,46.86567833,5192492.755,453808.143,5.9264,355.4,TRUE,3.6,500,300
7152,2022/10/8 14:01,131.394165,46.86572983,5192498.486,453807.3637,5.85232,354.1,TRUE,3.6,500,300
7153,2022/10/8 14:01,131.3941612,46.86578883,5192505.047,453807.1246,5.38932,355.6,TRUE,3.6,500,300
7154,2022/10/8 14:01,131.3941495,46.86583467,5192510.15,453806.2719,5.03744,349.5,TRUE,3.6,494,300
7155,2022/10/8 14:01,131.39414,46.86588917,5192516.214,453805.5943,5.85232,350.5,TRUE,3.6,500,300
7156,2022/10/8 14:02,131.3941315,46.86594583,5192522.518,453804.9948,6.13012,351.5,TRUE,3.6,500,300
7157,2022/10/8 14:02,131.3941188,46.86599633,5192528.139,453804.0698,5.90788,347,TRUE,3.6,500,300
7158,2022/10/8 14:02,131.3941088,46.86605533,5192534.704,453803.358,5.98196,357,TRUE,3.6,487,300
7159,2022/10/8 14:02,131.3940987,46.86610983,5192540.769,453802.6346,5.556,350.6,TRUE,3.6,488,300
7160,2022/10/8 14:02,131.3940908,46.86616533,5192546.943,453802.0799,6.07456,353.8,TRUE,3.6,492,300
7161,2022/10/8 14:02,131.3940827,46.86622267,5192553.322,453801.5115,6.61164,352.9,TRUE,3.6,500,300
7162,2022/10/8 14:02,131.3940755,46.86627967,5192559.663,453801.0115,5.57452,356.3,TRUE,3.6,500,300
7163,2022/10/8 14:02,131.3940645,46.866338,5192566.154,453800.2228,5.87084,355.5,TRUE,3.6,500,300
7164,2022/10/8 14:02,131.3940532,46.86639467,5192572.461,453799.4099,6.482,356.2,TRUE,3.6,500,300
7165,2022/10/8 14:02,131.3940033,46.86669183,5192605.525,453795.8602,6.16716,358,TRUE,3.6,500,300
7166,2022/10/8 14:02,131.3939942,46.86674767,5192611.738,453795.2143,6.05604,353.4,TRUE,3.6,500,300
7167,2022/10/8 14:03,131.3939875,46.86680667,5192618.3,453794.7541,6.05604,352.5,TRUE,3.6,492,300
7168,2022/10/8 14:03,131.393977,46.866867,5192625.013,453794.0053,6.13012,352.7,TRUE,3.6,500,300
7169,2022/10/8 14:03,131.3939672,46.86692217,5192631.152,453793.3054,5.88936,352.9,TRUE,3.6,496,300
7170,2022/10/8 14:03,131.3939577,46.86697933,5192637.512,453792.6302,5.7412,355.5,TRUE,3.6,487,300
7171,2022/10/8 14:03,131.393937,46.86708783,5192649.586,453791.145,5.87084,354.4,TRUE,3.6,500,300
7172,2022/10/8 14:03,131.3939283,46.8671455,5192656.002,453790.5312,5.8338,348.7,TRUE,3.6,500,300
7173,2022/10/8 14:03,131.39392,46.86720317,5192662.418,453789.9479,6.1116,352.9,TRUE,3.6,500,300
7174,2022/10/8 14:03,131.3939102,46.867267,5192669.52,453789.2554,6.27828,354.4,TRUE,3.6,500,300
7175,2022/10/8 14:03,131.3939053,46.86732917,5192676.434,453788.9352,6.22272,352.2,TRUE,3.6,480,300
7176,2022/10/8 14:03,131.3938957,46.86738833,5192683.016,453788.254,5.9264,354.1,TRUE,3.6,490,300
7177,2022/10/8 14:03,131.393884,46.86744633,5192689.471,453787.4118,5.85232,353.8,TRUE,3.6,499,300
7178,2022/10/8 14:03,131.393876,46.86750417,5192695.906,453786.8515,5.63008,353,TRUE,3.6,500,300
7179,2022/10/8 14:03,131.3938688,46.86756467,5192702.636,453786.3544,6.18568,356.2,TRUE,3.6,500,300
7180,2022/10/8 14:03,131.393863,46.86762817,5192709.698,453785.9667,6.00048,354.8,TRUE,3.6,480,300
7181,2022/10/8 14:04,131.3938552,46.867687,5192716.243,453785.4225,6.16716,357.5,TRUE,3.6,500,300
7182,2022/10/8 14:04,131.3938475,46.8677465,5192722.862,453784.8865,5.75972,352.9,TRUE,3.6,496,300
7183,2022/10/8 14:04,131.393838,46.86780533,5192729.407,453784.2127,6.40792,355.8,TRUE,3.6,488,300
7184,2022/10/8 14:04,131.3938278,46.8678625,5192735.769,453783.4841,5.51896,349.8,TRUE,3.6,500,300
7185,2022/10/8 14:04,131.3938188,46.86791833,5192741.981,453782.8458,5.94492,352.4,TRUE,3.6,500,300
7186,2022/10/8 14:04,131.393813,46.86798083,5192748.932,453782.4573,6.2968,356.3,TRUE,3.6,462,300
7187,2022/10/8 14:04,131.3937992,46.86804267,5192755.815,453781.4582,5.98196,1.5,TRUE,3.6,500,300
7188,2022/10/8 14:04,131.3937913,46.86809433,5192761.562,453780.9002,5.42636,0.2,TRUE,3.6,494,300
7189,2022/10/8 14:04,131.3937822,46.86815,5192767.756,453780.2542,5.90788,354.1,TRUE,3.6,500,300
7190,2022/10/8 14:04,131.3937708,46.86820717,5192774.119,453779.4341,6.2968,355.1,TRUE,3.6,500,300
7191,2022/10/8 14:04,131.3937602,46.8682635,5192780.387,453778.6743,6.24124,357.1,TRUE,3.6,500,300
7192,2022/10/8 14:04,131.3937518,46.86832,5192786.673,453778.0824,6.16716,354.9,TRUE,3.6,485,300
7193,2022/10/8 14:04,131.3937433,46.86837833,5192793.162,453777.4844,6.05604,354.4,TRUE,3.6,500,300
7194,2022/10/8 14:04,131.3937337,46.8684385,5192799.857,453776.8041,6.25976,352.6,TRUE,3.6,496,300
7195,2022/10/8 14:04,131.3937255,46.86849433,5192806.068,453776.2269,6.482,352.3,TRUE,3.6,497,300
7196,2022/10/8 14:05,131.3937172,46.86854783,5192812.021,453775.64,5.8338,355.1,TRUE,3.6,479,300
7197,2022/10/8 14:05,131.393709,46.86860417,5192818.289,453775.0632,6.1116,354.4,TRUE,3.6,500,300
7198,2022/10/8 14:05,131.3936953,46.86866033,5192824.54,453774.0669,5.98196,357.6,TRUE,3.6,445,300
7199,2022/10/8 14:05,131.393687,46.86871667,5192830.808,453773.4824,6.18568,356.8,TRUE,3.6,482,300
7200,2022/10/8 14:05,131.3936792,46.868773,5192837.075,453772.9361,6.88944,357.3,TRUE,3.6,495,300
7201,2022/10/8 14:05,131.3936708,46.86882917,5192843.324,453772.3439,6.33384,357.5,TRUE,3.6,500,300
7202,2022/10/8 14:05,131.3936577,46.86888767,5192849.835,453771.3954,5.79676,353.1,TRUE,3.6,483,300
7203,2022/10/8 14:05,131.3936487,46.86894317,5192856.01,453770.7568,6.03752,349.8,TRUE,3.6,500,300
7204,2022/10/8 14:05,131.3936395,46.8690035,5192862.722,453770.1072,5.9264,353.3,TRUE,3.6,500,300
7205,2022/10/8 14:05,131.3936323,46.8690585,5192868.841,453769.6055,5.8338,357.5,TRUE,3.6,500,300
7206,2022/10/8 14:05,131.393622,46.86911517,5192875.147,453768.8689,5.4634,355.6,TRUE,3.6,468,300
7207,2022/10/8 14:05,131.3936125,46.86917317,5192881.6,453768.1944,6.019,356.1,TRUE,3.6,478,300
7208,2022/10/8 14:05,131.3936027,46.86922733,5192887.627,453767.4937,5.8338,356.8,TRUE,3.6,483,300
7209,2022/10/8 14:05,131.393595,46.86928633,5192894.19,453766.9573,5.8338,351.9,TRUE,3.6,500,300
7210,2022/10/8 14:05,131.3935878,46.86934267,5192900.457,453766.4568,5.9264,359.5,TRUE,3.6,461,300
7211,2022/10/8 14:06,131.393578,46.86939983,5192906.818,453765.7587,6.44496,354.5,TRUE,3.6,496,300
7212,2022/10/8 14:06,131.3935683,46.86945817,5192913.309,453765.0693,6.03752,357,TRUE,3.6,490,300
7213,2022/10/8 14:06,131.3935595,46.86951717,5192919.873,453764.449,5.4634,355.3,TRUE,3.6,455,300
7214,2022/10/8 14:06,131.3935503,46.8695755,5192926.363,453763.7977,5.9264,353.8,TRUE,3.6,500,300
7215,2022/10/8 14:06,131.3935418,46.86963367,5192932.834,453763.1996,6.2042,354.7,TRUE,3.6,496,300
7216,2022/10/8 14:06,131.3935332,46.86969117,5192939.232,453762.5933,5.87084,352.4,TRUE,3.6,479,300
7217,2022/10/8 14:06,131.3935207,46.86975183,5192945.982,453761.6924,6.13012,355.3,TRUE,3.6,473,300
7218,2022/10/8 14:06,131.3935145,46.86981083,5192952.545,453761.2704,3.85216,1.7,TRUE,3.6,446,300
7219,2022/10/8 14:06,131.3935188,46.86986417,5192958.472,453761.644,4.94484,6.6,TRUE,3.6,121,300
7220,2022/10/8 14:06,131.3935673,46.86989633,5192962.019,453765.3693,4.48184,62.2,TRUE,3.6,71,300
7221,2022/10/8 14:06,131.3936323,46.86990283,5192962.703,453770.3305,5.81528,70.1,FALSE,3.6,0,300
7222,2022/10/8 14:06,131.3937057,46.86991267,5192963.754,453775.9349,5.22264,75.1,FALSE,3.6,0,300
7223,2022/10/8 14:06,131.3937872,46.86991317,5192963.761,453782.1489,5.24116,84.3,FALSE,3.6,0,300
7224,2022/10/8 14:06,131.3938555,46.86990433,5192962.738,453787.3486,3.7966,99.9,FALSE,3.6,0,300
7225,2022/10/8 14:06,131.3939265,46.86988633,5192960.696,453792.7462,4.38924,137.5,FALSE,3.6,0,300
7226,2022/10/8 14:07,131.3939345,46.86983617,5192955.115,453793.313,4.5374,184.9,FALSE,3.6,0,300
7227,2022/10/8 14:07,131.3939075,46.86977767,5192948.627,453791.2043,2.8706,182.6,TRUE,3.6,490,300
7228,2022/10/8 14:07,131.3939012,46.86974533,5192945.036,453790.6963,2.315,177.5,TRUE,3.6,479,300
7229,2022/10/8 14:07,131.3939297,46.869708,5192940.869,453792.8371,5.72268,172.9,TRUE,3.6,478,300
7230,2022/10/8 14:07,131.3939327,46.86965783,5192935.29,453793.0227,5.24116,176.9,TRUE,3.6,494,300
7231,2022/10/8 14:07,131.3939397,46.86960333,5192929.227,453793.5097,5.13004,177.4,TRUE,3.6,479,300
7232,2022/10/8 14:07,131.393948,46.86954217,5192922.423,453794.09,5.11152,174.3,TRUE,3.6,500,300
7233,2022/10/8 14:07,131.3939688,46.86948933,5192916.537,453795.6304,5.81528,175.3,TRUE,3.6,500,300
7234,2022/10/8 14:07,131.3939932,46.86943517,5192910.502,453797.4442,6.55608,175,TRUE,3.6,468,300
7235,2022/10/8 14:07,131.394009,46.869379,5192904.248,453798.6006,6.09308,172.2,TRUE,3.6,491,300
7236,2022/10/8 14:07,131.3940153,46.869325,5192898.241,453799.0346,5.79676,169.6,TRUE,3.6,483,300
7237,2022/10/8 14:07,131.3940218,46.86927117,5192892.253,453799.484,5.70416,175.1,TRUE,3.6,491,300
7238,2022/10/8 14:07,131.3940435,46.8692205,5192886.608,453801.0949,5.94492,174.7,TRUE,3.6,474,300
7239,2022/10/8 14:07,131.3940565,46.86916483,5192880.411,453802.0383,6.16716,172.2,TRUE,3.6,500,300
7240,2022/10/8 14:07,131.3940613,46.86910117,5192873.332,453802.3496,5.87084,174.9,TRUE,3.6,497,300
7241,2022/10/8 14:08,131.3940593,46.869038,5192866.31,453802.143,6.24124,177.9,TRUE,3.6,481,300
7242,2022/10/8 14:08,131.3940745,46.868974,5192859.187,453803.2469,6.019,176.4,TRUE,3.6,500,300
7243,2022/10/8 14:08,131.3940783,46.86891033,5192852.106,453803.482,5.29672,169.6,TRUE,3.6,500,300
7244,2022/10/8 14:08,131.3940775,46.8688475,5192845.122,453803.3671,5.4634,170.8,TRUE,3.6,482,300
7245,2022/10/8 14:08,131.3940952,46.8687945,5192839.22,453804.6711,5.6486,177.9,TRUE,3.6,470,300
7246,2022/10/8 14:08,131.3940977,46.86873567,5192832.678,453804.8112,5.8338,177.2,TRUE,3.6,384,300
7247,2022/10/8 14:08,131.3941047,46.8686715,5192825.541,453805.2899,6.33384,173.7,TRUE,3.6,491,300
7248,2022/10/8 14:08,131.3941142,46.86860683,5192818.346,453805.9587,5.556,174.7,TRUE,3.6,500,300
7249,2022/10/8 14:08,131.3941388,46.86855683,5192812.773,453807.7913,5.50044,172.3,TRUE,3.6,500,300
7250,2022/10/8 14:08,131.3941492,46.86850417,5192806.913,453808.5391,5.4634,173.1,TRUE,3.6,488,300
7251,2022/10/8 14:08,131.394162,46.86845017,5192800.902,453809.4687,5.70416,170.5,TRUE,3.6,500,300
7252,2022/10/8 14:08,131.3941658,46.86839033,5192794.248,453809.707,5.87084,173.5,TRUE,3.6,496,300
7253,2022/10/8 14:08,131.3941647,46.86832783,5192787.3,453809.5696,6.24124,173.4,TRUE,3.6,500,300
7254,2022/10/8 14:08,131.394174,46.86826917,5192780.774,453810.2283,5.68564,176.2,TRUE,3.6,477,300
7255,2022/10/8 14:08,131.394182,46.86820967,5192774.154,453810.7872,6.07456,174.5,TRUE,3.6,500,300
7256,2022/10/8 14:09,131.3941838,46.86815217,5192767.761,453810.8751,6.13012,175.2,TRUE,3.6,500,300
7257,2022/10/8 14:09,131.3941973,46.8680935,5192761.231,453811.854,5.90788,171.4,TRUE,3.6,494,300
7258,2022/10/8 14:09,131.3942148,46.86804583,5192755.921,453813.1474,6.1116,176.8,TRUE,3.6,469,300
7259,2022/10/8 14:09,131.3942335,46.867994,5192750.149,453814.5287,5.63008,174,TRUE,3.6,476,300
7260,2022/10/8 14:09,131.3942387,46.86793167,5192743.216,453814.8717,5.53748,173.3,TRUE,3.6,485,300
7261,2022/10/8 14:09,131.3942465,46.86787617,5192737.042,453815.4188,5.16708,171.5,TRUE,3.6,497,300
7262,2022/10/8 14:09,131.3942543,46.867814,5192730.126,453815.9601,4.83372,172.3,TRUE,3.6,480,300
7263,2022/10/8 14:09,131.3942587,46.86775183,5192723.212,453816.2423,5.48192,174.6,TRUE,3.6,500,300
7264,2022/10/8 14:09,131.3942673,46.86769117,5192716.464,453816.846,5.4634,175.8,TRUE,3.6,484,300
7265,2022/10/8 14:09,131.3942768,46.86762917,5192709.566,453817.5171,5.81528,173.9,TRUE,3.6,492,300
7266,2022/10/8 14:09,131.3942873,46.86756633,5192702.574,453818.2637,6.00048,175.5,TRUE,3.6,500,300
7267,2022/10/8 14:09,131.3942812,46.86750833,5192696.13,453817.7489,5.7412,176.6,TRUE,3.6,497,300
7268,2022/10/8 14:09,131.3942847,46.86745017,5192689.662,453817.9659,5.48192,172.5,TRUE,3.6,500,300
7269,2022/10/8 14:09,131.3943088,46.867398,5192683.848,453819.7586,5.25968,170.3,TRUE,3.6,500,300
7270,2022/10/8 14:09,131.3943145,46.8673445,5192677.897,453820.1473,5.59304,172.8,TRUE,3.6,464,300
7271,2022/10/8 14:10,131.394326,46.86729333,5192672.202,453820.9802,5.51896,173,TRUE,3.6,477,300
7272,2022/10/8 14:10,131.3943417,46.867237,5192665.931,453822.129,5.3708,174.2,TRUE,3.6,472,300
7273,2022/10/8 14:10,131.3943532,46.86717867,5192659.44,453822.9557,5.16708,167.7,TRUE,3.6,499,300
7274,2022/10/8 14:10,131.394359,46.86711733,5192652.617,453823.3453,5.1856,172.8,TRUE,3.6,479,300
7275,2022/10/8 14:10,131.3943637,46.8670555,5192645.741,453823.6507,5.48192,174.7,TRUE,3.6,500,300
7276,2022/10/8 14:10,131.3943677,46.86699117,5192638.587,453823.9005,5.57452,176.4,TRUE,3.6,500,300
7277,2022/10/8 14:10,131.3943678,46.86693083,5192631.879,453823.8564,5.7412,176.4,TRUE,3.6,454,300
7278,2022/10/8 14:10,131.394383,46.8668715,5192625.275,453824.9644,5.33376,172.7,TRUE,3.6,500,300
7279,2022/10/8 14:10,131.3943988,46.86682283,5192619.855,453826.1273,5.40784,173.1,TRUE,3.6,493,300
7280,2022/10/8 14:10,131.3944012,46.86677383,5192614.406,453826.2683,6.22272,174.8,TRUE,3.6,496,300
7281,2022/10/8 14:10,131.3944258,46.86671717,5192608.093,453828.0953,5.53748,175,TRUE,3.6,486,300
7282,2022/10/8 14:10,131.3944395,46.86666317,5192602.082,453829.0936,5.70416,169.4,TRUE,3.6,491,300
7283,2022/10/8 14:10,131.3944477,46.86659983,5192595.036,453829.6645,5.79676,170.5,TRUE,3.6,499,300
7284,2022/10/8 14:10,131.394455,46.86653567,5192587.899,453830.166,5.24116,174.4,TRUE,3.6,490,300
7285,2022/10/8 14:10,131.39446,46.86647817,5192581.504,453830.498,5.03744,177.9,TRUE,3.6,477,300
7286,2022/10/8 14:11,131.3944703,46.86642083,5192575.123,453831.2341,5.77824,176.9,TRUE,3.6,474,300
7287,2022/10/8 14:11,131.3944897,46.86637817,5192570.37,453832.6767,5.98196,178.8,TRUE,3.6,475,300
7288,2022/10/8 14:11,131.3944997,46.86632517,5192564.472,453833.3937,6.16716,171.8,TRUE,3.6,453,300
7289,2022/10/8 14:11,131.3945057,46.866259,5192557.112,453833.7944,5.51896,175,TRUE,3.6,489,300
7290,2022/10/8 14:11,131.3945087,46.8661985,5192550.385,453833.9713,5.68564,177.2,TRUE,3.6,437,300
7291,2022/10/8 14:11,131.394513,46.86613383,5192543.193,453834.2437,6.37088,173.7,TRUE,3.6,425,300
7292,2022/10/8 14:11,131.3945207,46.8660725,5192536.371,453834.7782,5.50044,168.7,TRUE,3.6,500,300
7293,2022/10/8 14:11,131.3945288,46.866015,5192529.974,453835.3465,5.63008,172,TRUE,3.6,483,300
7294,2022/10/8 14:11,131.394534,46.86596217,5192524.098,453835.6977,6.13012,175.7,TRUE,3.6,466,300
7295,2022/10/8 14:11,131.3945448,46.86589933,5192517.106,453836.4673,6.019,175.8,TRUE,3.6,499,300
7296,2022/10/8 14:11,131.3945537,46.8658415,5192510.671,453837.0963,5.98196,174.1,TRUE,3.6,500,300
7297,2022/10/8 14:11,131.3945595,46.8657835,5192504.22,453837.4888,5.20412,175.7,TRUE,3.6,500,300
7298,2022/10/8 14:11,131.3945715,46.86572867,5192498.118,453838.3568,5.72268,169.6,TRUE,3.6,472,300
7299,2022/10/8 14:11,131.394579,46.86567433,5192492.073,453838.882,5.6486,173,TRUE,3.6,500,300
7300,2022/10/8 14:11,131.3945887,46.86561833,5192485.842,453839.5736,5.51896,173.8,TRUE,3.6,471,300
7301,2022/10/8 14:12,131.3945923,46.865569,5192480.356,453839.8058,5.556,172.6,TRUE,3.6,458,300
7302,2022/10/8 14:12,131.3946037,46.86551833,5192474.716,453840.6316,5.33376,174.1,TRUE,3.6,500,300
7303,2022/10/8 14:12,131.3946103,46.86546317,5192468.58,453841.0875,5.88936,175.5,TRUE,3.6,446,300
7304,2022/10/8 14:12,131.3946278,46.86540633,5192462.251,453842.3731,5.51896,172.9,TRUE,3.6,481,300
7305,2022/10/8 14:12,131.3946437,46.8653535,5192456.369,453843.5401,5.98196,178.3,TRUE,3.6,433,300
7306,2022/10/8 14:12,131.3946527,46.8652995,5192450.36,453844.1801,5.61156,173.6,TRUE,3.6,494,300
7307,2022/10/8 14:12,131.3946708,46.8652375,5192443.457,453845.507,6.00048,173.3,TRUE,3.6,440,300
7308,2022/10/8 14:12,131.3946918,46.86518217,5192437.294,453847.0608,5.66712,169.1,TRUE,3.6,476,300
7309,2022/10/8 14:12,131.3947005,46.865125,5192430.933,453847.6751,6.07456,175.7,TRUE,3.6,481,300
7310,2022/10/8 14:12,131.3947107,46.86506733,5192424.516,453848.4034,6.2042,173.8,TRUE,3.6,460,300
7311,2022/10/8 14:12,131.3947253,46.8650005,5192417.078,453849.4593,5.48192,177,TRUE,3.6,466,300
7312,2022/10/8 14:12,131.3947227,46.864931,5192409.354,453849.2015,5.85232,178,TRUE,3.6,481,300
7313,2022/10/8 14:12,131.394727,46.864875,5192403.126,453849.4814,5.6486,172.1,TRUE,3.6,500,300
7314,2022/10/8 14:12,131.3947357,46.86481317,5192396.247,453850.0918,6.2968,172.7,TRUE,3.6,480,300
7315,2022/10/8 14:12,131.3947442,46.86474517,5192388.683,453850.6816,6.50052,170.3,TRUE,3.6,485,300
7316,2022/10/8 14:13,131.3947535,46.86468883,5192382.414,453851.3424,6.61164,170,TRUE,3.6,500,300
7317,2022/10/8 14:13,131.3947688,46.86463183,5192376.069,453852.4601,6.13012,175.9,TRUE,3.6,492,300
7318,2022/10/8 14:13,131.3947798,46.86456633,5192368.781,453853.2427,6.09308,172.8,TRUE,3.6,500,300
7319,2022/10/8 14:13,131.3947927,46.864506,5192362.066,453854.1746,5.98196,169.4,TRUE,3.6,500,300
7320,2022/10/8 14:13,131.3948032,46.8644405,5192354.779,453854.9191,6.25976,175.1,TRUE,3.6,500,300
7321,2022/10/8 14:13,131.3948088,46.8643795,5192347.994,453855.2938,5.7412,172.1,TRUE,3.6,500,300
7322,2022/10/8 14:13,131.394808,46.86431933,5192341.306,453855.1813,5.94492,175.5,TRUE,3.6,500,300
7323,2022/10/8 14:13,131.3948237,46.86426117,5192334.831,453856.3285,6.05604,173.9,TRUE,3.6,493,300
7324,2022/10/8 14:13,131.3948312,46.86419783,5192327.785,453856.8461,6.00048,178.1,TRUE,3.6,463,300
7325,2022/10/8 14:13,131.3948327,46.8641365,5192320.966,453856.9079,5.87084,173.5,TRUE,3.6,500,300
7326,2022/10/8 14:13,131.3948413,46.86408017,5192314.699,453857.5154,5.68564,170.9,TRUE,3.6,495,300
7327,2022/10/8 14:13,131.3948568,46.8640305,5192309.168,453858.6547,5.093,170.1,TRUE,3.6,500,300
7328,2022/10/8 14:13,131.3948747,46.86397267,5192302.729,453859.97,5.40784,180.2,TRUE,3.6,488,300
7329,2022/10/8 14:13,131.3948873,46.86392,5192296.866,453860.8856,5.59304,172.4,TRUE,3.6,500,300
7330,2022/10/8 14:13,131.394896,46.86386183,5192290.395,453861.4991,5.51896,170.8,TRUE,3.6,454,300
7331,2022/10/8 14:14,131.3948937,46.863808,5192284.412,453861.2776,6.13012,177.1,TRUE,3.6,468,300
7332,2022/10/8 14:14,131.3949018,46.86374817,5192277.756,453861.844,6.00048,175.3,TRUE,3.6,500,300
7333,2022/10/8 14:14,131.3949132,46.8636925,5192271.561,453862.6655,5.9264,178.5,TRUE,3.6,500,300
7334,2022/10/8 14:14,131.3949212,46.863634,5192265.053,453863.2254,5.77824,180.5,TRUE,3.6,500,300
7335,2022/10/8 14:14,131.394928,46.8635725,5192258.212,453863.6912,5.59304,175.2,TRUE,3.6,500,300
7336,2022/10/8 14:14,131.3949252,46.86351583,5192251.913,453863.4292,5.63008,181.6,TRUE,3.6,500,300
7337,2022/10/8 14:14,131.3949298,46.86346017,5192245.723,453863.7322,5.77824,172.4,TRUE,3.6,500,300
7338,2022/10/8 14:14,131.394947,46.86340983,5192240.117,453865.0006,5.88936,176,TRUE,3.6,500,300
7339,2022/10/8 14:14,131.3949627,46.86334817,5192233.253,453866.1449,6.22272,177.7,TRUE,3.6,477,300
7340,2022/10/8 14:14,131.394982,46.86329067,5192226.85,453867.5672,6.00048,175.7,TRUE,3.6,483,300
7341,2022/10/8 14:14,131.3950017,46.86323683,5192220.853,453869.0232,6.33384,175.6,TRUE,3.6,500,300
7342,2022/10/8 14:14,131.3950137,46.86317967,5192214.491,453869.8893,5.75972,177,TRUE,3.6,500,300
7343,2022/10/8 14:14,131.3950195,46.86312017,5192207.873,453870.2805,6.16716,174.8,TRUE,3.6,500,300
7344,2022/10/8 14:14,131.3950287,46.86306083,5192201.271,453870.9312,5.8338,171,TRUE,3.6,500,300
7345,2022/10/8 14:14,131.395039,46.8630005,5192194.559,453871.6649,5.8338,174.4,TRUE,3.6,474,300
7346,2022/10/8 14:15,131.3950498,46.862943,5192188.16,453872.4391,5.66712,174.5,TRUE,3.6,474,300
7347,2022/10/8 14:15,131.3950585,46.86288417,5192181.615,453873.0521,6.70424,175.8,TRUE,3.6,472,300
7348,2022/10/8 14:15,131.395069,46.86282483,5192175.012,453873.8019,6.00048,170.6,TRUE,3.6,490,300
7349,2022/10/8 14:15,131.3950792,46.86276617,5192168.485,453874.5294,6.31532,174,TRUE,3.6,500,300
7350,2022/10/8 14:15,131.3950858,46.86270217,5192161.366,453874.9779,6.05604,169.9,TRUE,3.6,499,300
7351,2022/10/8 14:15,131.3950925,46.86263767,5192154.192,453875.4335,5.61156,170.6,TRUE,3.6,492,300
7352,2022/10/8 14:15,131.395103,46.8625795,5192147.719,453876.1843,5.53748,177,TRUE,3.6,485,300
7353,2022/10/8 14:15,131.3951135,46.86252033,5192141.135,453876.9343,5.66712,168.7,TRUE,3.6,489,300
7354,2022/10/8 14:15,131.3951253,46.86246433,5192134.903,453877.7861,6.42644,178.5,TRUE,3.6,378,300
7355,2022/10/8 14:15,131.3951295,46.8624035,5192128.138,453878.0542,6.55608,177.9,TRUE,3.6,500,300
7356,2022/10/8 14:15,131.395136,46.86234233,5192121.334,453878.4975,5.1856,169.6,TRUE,3.6,495,300
7357,2022/10/8 14:15,131.395143,46.86228767,5192115.254,453878.9844,4.77816,177.6,TRUE,3.6,413,300
7358,2022/10/8 14:15,131.395151,46.8622375,5192109.672,453879.5515,4.8152,213.7,FALSE,3.6,0,300
7359,2022/10/8 14:15,131.3950758,46.862199,5192105.436,453873.7844,6.1116,269.5,FALSE,3.6,0,300
7360,2022/10/8 14:15,131.3950072,46.86219283,5192104.79,453868.5483,5.42636,275.9,FALSE,3.6,0,300
7361,2022/10/8 14:16,131.3949433,46.8621945,5192105.014,453863.6773,5.22264,301.9,FALSE,3.6,0,300
7362,2022/10/8 14:16,131.3949225,46.86223583,5192109.62,453862.1267,5.77824,338.1,FALSE,3.6,0,300
7363,2022/10/8 14:16,131.3949228,46.86228767,5192115.383,453862.194,5.40784,352.7,TRUE,3.6,492,300
7364,2022/10/8 14:16,131.3948917,46.86233083,5192120.199,453859.8595,4.7226,356.2,TRUE,3.6,500,300
7365,2022/10/8 14:16,131.3948672,46.8623645,5192123.957,453858.0202,5.14856,357.6,TRUE,3.6,500,300
7366,2022/10/8 14:16,131.3948582,46.86242017,5192130.151,453857.3817,4.9078,355.4,TRUE,3.6,500,300
7367,2022/10/8 14:16,131.3948525,46.8624875,5192137.639,453857.0047,7.5932,355.2,TRUE,3.6,500,300
7368,2022/10/8 14:16,131.394855,46.862575,5192147.365,453857.2703,6.74128,348.4,TRUE,3.6,500,300
7369,2022/10/8 14:16,131.3948368,46.86263583,5192154.138,453855.9347,5.6486,349.4,TRUE,3.6,500,300
7370,2022/10/8 14:16,131.3948375,46.86269567,5192160.79,453856.0394,6.09308,353.2,TRUE,3.6,487,300
7371,2022/10/8 14:16,131.3948328,46.8627545,5192167.332,453855.7314,6.16716,349.8,TRUE,3.6,494,300
7372,2022/10/8 14:16,131.3948213,46.86281067,5192173.583,453854.9026,5.98196,358.2,TRUE,3.6,500,300
7373,2022/10/8 14:16,131.394809,46.8628705,5192180.242,453854.016,6.83388,352.7,TRUE,3.6,500,300
7374,2022/10/8 14:16,131.3947968,46.862928,5192186.641,453853.135,5.63008,355.8,TRUE,3.6,500,300
7375,2022/10/8 14:16,131.3947845,46.86298417,5192192.893,453852.2453,5.90788,355.4,TRUE,3.6,500,300
7376,2022/10/8 14:17,131.39478,46.86305033,5192200.25,453851.9589,5.85232,353.7,TRUE,3.6,491,300
7377,2022/10/8 14:17,131.3947638,46.86309917,5192205.689,453850.7655,6.482,353,TRUE,3.6,498,300
7378,2022/10/8 14:17,131.3947538,46.86315833,5192212.272,453850.0537,5.94492,358.2,TRUE,3.6,480,300
7379,2022/10/8 14:17,131.3947503,46.8632225,5192219.407,453849.8418,5.70416,357.6,TRUE,3.6,500,300
7380,2022/10/8 14:17,131.3947395,46.86328183,5192226.009,453849.0691,5.85232,350.4,TRUE,3.6,489,300
7381,2022/10/8 14:17,131.394722,46.86333633,5192232.078,453847.7815,5.98196,352.6,TRUE,3.6,483,300
7382,2022/10/8 14:17,131.394721,46.86339267,5192238.342,453847.7535,5.87084,354.6,TRUE,3.6,500,300
7383,2022/10/8 14:17,131.3947057,46.86344767,5192244.465,453846.634,5.4634,352.9,TRUE,3.6,500,300
7384,2022/10/8 14:17,131.3946987,46.8635005,5192250.342,453846.1456,5.42636,354.8,TRUE,3.6,500,300
7385,2022/10/8 14:17,131.3946935,46.86355667,5192256.59,453845.7972,5.8338,352.1,TRUE,3.6,500,300
7386,2022/10/8 14:17,131.3946872,46.86361167,5192262.708,453845.364,5.44488,356.5,TRUE,3.6,494,300
7387,2022/10/8 14:17,131.394669,46.86366283,5192268.406,453844.0201,4.92632,355,TRUE,3.6,497,300
7388,2022/10/8 14:17,131.3946662,46.8637145,5192274.151,453843.8509,5.70416,0.7,TRUE,3.6,496,300
7389,2022/10/8 14:17,131.394653,46.86376733,5192280.032,453842.8897,5.66712,355.6,TRUE,3.6,500,300
7390,2022/10/8 14:17,131.3946467,46.86382583,5192286.539,453842.4595,5.48192,349.4,TRUE,3.6,484,300
7391,2022/10/8 14:18,131.3946373,46.86388133,5192292.715,453841.7903,5.81528,1.4,TRUE,3.6,497,300
7392,2022/10/8 14:18,131.3946237,46.86393567,5192298.763,453840.7999,5.24116,358.2,TRUE,3.6,492,300
7393,2022/10/8 14:18,131.3946113,46.863988,5192304.588,453839.8993,5.94492,353.4,TRUE,3.6,497,300
7394,2022/10/8 14:18,131.3945997,46.86404433,5192310.857,453839.0631,5.85232,351.8,TRUE,3.6,498,300
7395,2022/10/8 14:18,131.3945893,46.86410167,5192317.237,453838.3192,6.27828,353,TRUE,3.6,500,300
7396,2022/10/8 14:18,131.3945697,46.864156,5192323.289,453836.8713,5.31524,355.6,TRUE,3.6,495,300
7397,2022/10/8 14:18,131.394564,46.8642115,5192329.462,453836.4843,6.03752,349.8,TRUE,3.6,500,300
7398,2022/10/8 14:18,131.3945532,46.86426783,5192335.73,453835.7091,5.72268,353.8,TRUE,3.6,500,300
7399,2022/10/8 14:18,131.3945387,46.86432183,5192341.742,453834.6498,5.2782,350.5,TRUE,3.6,500,300
7400,2022/10/8 14:18,131.3945348,46.86437717,5192347.896,453834.3999,5.88936,355.4,TRUE,3.6,500,300
7401,2022/10/8 14:18,131.3945228,46.86443033,5192353.813,453833.5305,5.31524,350.5,TRUE,3.6,489,300
7402,2022/10/8 14:18,131.3945148,46.8644865,5192360.062,453832.9687,5.07448,354,TRUE,3.6,489,300
7403,2022/10/8 14:18,131.394508,46.86453683,5192365.661,453832.4933,5.53748,350.2,TRUE,3.6,500,300
7404,2022/10/8 14:18,131.3945007,46.86458267,5192370.761,453831.976,5.20412,353.7,TRUE,3.6,500,300
7405,2022/10/8 14:18,131.3944982,46.86463933,5192377.062,453831.834,5.4634,354.4,TRUE,3.6,490,300
7406,2022/10/8 14:19,131.394497,46.864701,5192383.918,453831.7953,6.27828,354.7,TRUE,3.6,495,300
7407,2022/10/8 14:19,131.3944888,46.86476333,5192390.852,453831.2236,5.70416,352.2,TRUE,3.6,500,300
7408,2022/10/8 14:19,131.3944708,46.86481417,5192396.514,453829.8947,5.9264,353,TRUE,3.6,487,300
7409,2022/10/8 14:19,131.3944572,46.86486583,5192402.265,453828.902,5.24116,358.7,TRUE,3.6,500,300
7410,2022/10/8 14:19,131.3944497,46.86492767,5192409.144,453828.3832,5.3708,355.6,TRUE,3.6,500,300
7411,2022/10/8 14:19,131.3944532,46.86498267,5192415.256,453828.6972,4.7226,3.6,TRUE,3.6,500,300
7412,2022/10/8 14:19,131.3944433,46.86502183,5192419.615,453827.9759,5.85232,357.6,TRUE,3.6,467,300
7413,2022/10/8 14:19,131.394429,46.8650755,5192425.59,453826.9316,6.24124,357.4,TRUE,3.6,468,300
7414,2022/10/8 14:19,131.3944193,46.865129,5192431.543,453826.2379,6.2968,353.5,TRUE,3.6,500,300
7415,2022/10/8 14:19,131.3943987,46.86518217,5192437.466,453824.7128,6.70424,351.5,TRUE,3.6,500,300
7416,2022/10/8 14:19,131.3944012,46.86524683,5192444.653,453824.9589,6.1116,347.4,TRUE,3.6,488,300
7417,2022/10/8 14:19,131.3943973,46.86531117,5192451.808,453824.7167,6.63016,351.2,TRUE,3.6,495,300
7418,2022/10/8 14:19,131.3943837,46.86536817,5192458.152,453823.7286,6.81536,354.1,TRUE,3.6,484,300
7419,2022/10/8 14:19,131.3943642,46.86542467,5192464.445,453822.2903,6.14864,0.6,TRUE,3.6,500,300
7420,2022/10/8 14:19,131.394367,46.86548717,5192471.391,453822.5573,5.68564,352.6,TRUE,3.6,495,300
7421,2022/10/8 14:20,131.3943542,46.86555,5192478.383,453821.6353,5.13004,351.7,TRUE,3.6,500,300
7422,2022/10/8 14:20,131.3943405,46.8656145,5192485.562,453820.646,6.13012,355.2,TRUE,3.6,494,300
7423,2022/10/8 14:20,131.3943285,46.86568067,5192492.925,453819.7878,6.31532,353.3,TRUE,3.6,500,300
7424,2022/10/8 14:20,131.3943195,46.86573617,5192499.1,453819.1492,6.14864,358.5,TRUE,3.6,487,300
7425,2022/10/8 14:20,131.3943113,46.86579033,5192505.126,453818.5704,5.3708,357.2,TRUE,3.6,452,300
7426,2022/10/8 14:20,131.394304,46.865843,5192510.985,453818.059,6.27828,350.6,TRUE,3.6,500,300
7427,2022/10/8 14:20,131.3942897,46.8658955,5192516.83,453817.0137,5.31524,352.2,TRUE,3.6,485,300
7428,2022/10/8 14:20,131.3942837,46.8659515,5192523.059,453816.6043,5.66712,354.4,TRUE,3.6,468,300
7429,2022/10/8 14:20,131.3942788,46.86600833,5192529.379,453816.2794,5.4634,352,TRUE,3.6,500,300
7430,2022/10/8 14:20,131.3942687,46.86606567,5192535.76,453815.5585,5.31524,357.6,TRUE,3.6,497,300
7431,2022/10/8 14:20,131.3942547,46.86612067,5192541.882,453814.5382,5.31524,354.8,TRUE,3.6,499,300
7432,2022/10/8 14:20,131.3942485,46.866188,5192549.371,453814.1233,5.75972,349.9,TRUE,3.6,500,300
7433,2022/10/8 14:20,131.3942433,46.86624467,5192555.674,453813.7754,5.14856,352.6,TRUE,3.6,500,300
7434,2022/10/8 14:20,131.3942337,46.8663005,5192561.886,453813.0913,5.87084,354.9,TRUE,3.6,500,300
7435,2022/10/8 14:20,131.3942235,46.8663575,5192568.228,453812.3625,5.75972,351.8,TRUE,3.6,500,300
7436,2022/10/8 14:21,131.3942163,46.866418,5192574.958,453811.8654,5.98196,356.1,TRUE,3.6,500,300
7437,2022/10/8 14:21,131.3942078,46.8664755,5192581.355,453811.2667,5.66712,351.4,TRUE,3.6,481,300
7438,2022/10/8 14:21,131.394198,46.866531,5192587.531,453810.5671,6.40792,353.9,TRUE,3.6,500,300
7439,2022/10/8 14:21,131.3941908,46.86659183,5192594.297,453810.0703,5.87084,353,TRUE,3.6,500,300
7440,2022/10/8 14:21,131.3941825,46.86664317,5192600.01,453809.4815,6.27828,351.5,TRUE,3.6,493,300
7441,2022/10/8 14:21,131.3941717,46.86670283,5192606.648,453808.7093,6.44496,352.9,TRUE,3.6,486,300
7442,2022/10/8 14:21,131.3941542,46.86675817,5192612.811,453807.4224,5.25968,345.3,TRUE,3.6,500,300
7443,2022/10/8 14:21,131.394149,46.8668075,5192618.298,453807.0683,5.48192,356,TRUE,3.6,483,300
7444,2022/10/8 14:21,131.3941375,46.86686267,5192624.438,453806.2388,6.27828,353.3,TRUE,3.6,492,300
7445,2022/10/8 14:21,131.3941272,46.86691917,5192630.725,453805.502,6.03752,354.1,TRUE,3.6,500,300
7446,2022/10/8 14:21,131.39412,46.8669765,5192637.102,453805.0022,5.50044,350.3,TRUE,3.6,500,300
7447,2022/10/8 14:21,131.3941095,46.8670315,5192643.222,453804.2488,5.03744,349,TRUE,3.6,500,300
7448,2022/10/8 14:21,131.3941003,46.86708567,5192649.25,453803.5938,5.13004,349.1,TRUE,3.6,497,300
7449,2022/10/8 14:21,131.3940867,46.86714417,5192655.761,453802.6071,5.57452,350.5,TRUE,3.6,496,300
7450,2022/10/8 14:21,131.3940768,46.86720267,5192662.27,453801.9025,5.093,357.2,TRUE,3.6,500,300
7451,2022/10/8 14:22,131.3940727,46.86726267,5192668.943,453801.6414,5.6486,354.7,TRUE,3.6,500,300
7452,2022/10/8 14:22,131.3940578,46.86731783,5192675.084,453800.5527,5.7412,350,TRUE,3.6,474,300
7453,2022/10/8 14:22,131.3940403,46.8673755,5192681.505,453799.2679,5.66712,355.4,TRUE,3.6,495,300
7454,2022/10/8 14:22,131.3940328,46.86743267,5192687.865,453798.7451,5.77824,354.1,TRUE,3.6,476,300
7455,2022/10/8 14:22,131.3940363,46.86749117,5192694.366,453799.0621,5.66712,354.6,TRUE,3.6,500,300
7456,2022/10/8 14:22,131.394027,46.86754883,5192700.782,453798.4026,5.33376,343.8,TRUE,3.6,492,300
7457,2022/10/8 14:22,131.3940152,46.86760367,5192706.885,453797.5499,6.019,355.1,TRUE,3.6,489,300
7458,2022/10/8 14:22,131.3940062,46.86766317,5192713.505,453796.9148,5.8338,357.3,TRUE,3.6,500,300
7459,2022/10/8 14:22,131.3939968,46.86772033,5192719.865,453796.2472,5.87084,354,TRUE,3.6,500,300
7460,2022/10/8 14:22,131.393991,46.8677775,5192726.223,453795.854,5.98196,353.1,TRUE,3.6,500,300
7461,2022/10/8 14:22,131.3939788,46.86783417,5192732.531,453794.9725,5.31524,350,TRUE,3.6,499,300
7462,2022/10/8 14:22,131.3939565,46.86788667,5192738.38,453793.3173,5.42636,356.7,TRUE,3.6,476,300
7463,2022/10/8 14:22,131.3939548,46.86794317,5192744.662,453793.2362,5.77824,355.1,TRUE,3.6,500,300
7464,2022/10/8 14:22,131.3939555,46.86799933,5192750.905,453793.3377,5.20412,352.7,TRUE,3.6,500,300
7465,2022/10/8 14:22,131.3939448,46.8680555,5192757.155,453792.5702,5.63008,351.7,TRUE,3.6,479,300
7466,2022/10/8 14:23,131.393934,46.86811183,5192763.424,453791.7951,5.16708,352.1,TRUE,3.6,495,300
7467,2022/10/8 14:23,131.3939287,46.86816817,5192769.69,453791.4393,5.94492,351.4,TRUE,3.6,483,300
7468,2022/10/8 14:23,131.3939153,46.8682225,5192775.738,453790.4643,5.50044,353,TRUE,3.6,498,300
7469,2022/10/8 14:23,131.393906,46.86828067,5192782.21,453789.8052,5.33376,348.9,TRUE,3.6,479,300
7470,2022/10/8 14:23,131.3939003,46.86833683,5192788.456,453789.4188,5.98196,352.1,TRUE,3.6,497,300
7471,2022/10/8 14:23,131.3938947,46.8683895,5192794.315,453789.037,6.07456,358.3,TRUE,3.6,500,300
7472,2022/10/8 14:23,131.393886,46.86844317,5192800.286,453788.4198,5.35228,353.5,TRUE,3.6,490,300
7473,2022/10/8 14:23,131.3938757,46.86850067,5192806.685,453787.6839,6.27828,354.7,TRUE,3.6,500,300
7474,2022/10/8 14:23,131.3938612,46.868559,5192813.178,453786.6284,6.33384,353,TRUE,3.6,500,300
7475,2022/10/8 14:23,131.3938538,46.86861933,5192819.889,453786.116,5.53748,355.4,TRUE,3.6,500,300
7476,2022/10/8 14:23,131.3938458,46.86867833,5192826.452,453785.5567,6.31532,356.9,TRUE,3.6,461,300
7477,2022/10/8 14:23,131.393839,46.86873883,5192833.182,453785.0902,6.37088,356.4,TRUE,3.6,493,300
7478,2022/10/8 14:23,131.3938307,46.86879717,5192839.672,453784.5075,5.63008,355.4,TRUE,3.6,482,300
7479,2022/10/8 14:23,131.3938178,46.86885483,5192846.09,453783.5734,6.05604,355.1,TRUE,3.6,482,300
7480,2022/10/8 14:23,131.39381,46.868913,5192852.561,453783.0287,5.96344,350.6,TRUE,3.6,459,300
7481,2022/10/8 14:24,131.3938037,46.86897717,5192859.698,453782.6034,6.2968,355.2,TRUE,3.6,487,300
7482,2022/10/8 14:24,131.3937968,46.86903417,5192866.039,453782.1263,6.44496,354.2,TRUE,3.6,464,300
7483,2022/10/8 14:24,131.3937845,46.86909517,5192872.828,453781.2409,5.4634,349.8,TRUE,3.6,434,300
7484,2022/10/8 14:24,131.3937762,46.86915717,5192879.725,453780.6613,5.79676,356.1,TRUE,3.6,500,300
7485,2022/10/8 14:24,131.3937658,46.8692145,5192886.104,453779.9176,6.16716,355.1,TRUE,3.6,465,300
7486,2022/10/8 14:24,131.3937547,46.86927483,5192892.818,453779.1231,6.2042,353.6,TRUE,3.6,500,300
7487,2022/10/8 14:24,131.3937473,46.869333,5192899.289,453778.6089,6.16716,350.1,TRUE,3.6,500,300
7488,2022/10/8 14:24,131.3937323,46.86939283,5192905.949,453777.5167,5.57452,351.6,TRUE,3.6,483,300
7489,2022/10/8 14:24,131.3937217,46.86945217,5192912.552,453776.7594,5.94492,353.9,TRUE,3.6,442,300
7490,2022/10/8 14:24,131.393713,46.86950617,5192918.56,453776.1425,5.85232,355.2,TRUE,3.6,500,300
7491,2022/10/8 14:24,131.3936915,46.8695635,5192924.946,453774.5526,5.8338,346.2,TRUE,3.6,483,300
7492,2022/10/8 14:24,131.3936923,46.86962283,5192931.541,453774.6645,5.88936,354.3,TRUE,3.6,442,300
7493,2022/10/8 14:24,131.3936802,46.869682,5192938.126,453773.7928,5.50044,355,TRUE,3.6,494,300
7494,2022/10/8 14:24,131.3936772,46.869736,5192944.13,453773.6104,5.77824,356.5,TRUE,3.6,500,300
7495,2022/10/8 14:24,131.3936677,46.86979767,5192950.992,453772.9391,3.00024,355.8,TRUE,3.6,487,300
7496,2022/10/8 14:25,131.393665,46.8698335,5192954.977,453772.764,4.11144,350.8,TRUE,3.6,482,300
7497,2022/10/8 14:25,131.3936905,46.8698715,5192959.186,453774.7408,4.05588,48.5,FALSE,3.6,0,300
7498,2022/10/8 14:25,131.3937433,46.86989567,5192961.842,453778.787,5.093,73.5,FALSE,3.6,0,300
7499,2022/10/8 14:25,131.3938155,46.86990117,5192962.411,453784.2962,4.7226,74.2,FALSE,3.6,0,300
7500,2022/10/8 14:25,131.393883,46.86990017,5192962.26,453789.4416,4.70408,94.8,FALSE,3.6,0,300
7501,2022/10/8 14:25,131.3939018,46.86990683,5192962.989,453790.8806,0,0,FALSE,3.6,0,300
7502,2022/10/8 14:25,131.393903,46.86991067,5192963.415,453790.9754,0,0,FALSE,3.6,0,300
7503,2022/10/8 14:25,131.3938977,46.869911,5192963.455,453790.5716,0,86.3,FALSE,3.6,0,300
7504,2022/10/8 14:25,131.393898,46.869909,5192963.233,453790.5928,0,0,FALSE,3.6,0,300
7505,2022/10/8 14:25,131.3938965,46.86990783,5192963.103,453790.4774,0,0,FALSE,3.6,0,300
7506,2022/10/8 14:25,131.3938958,46.86990767,5192963.086,453790.4239,0,0,FALSE,3.6,0,300
7507,2022/10/8 14:25,131.3938942,46.86990717,5192963.031,453790.3015,0,0,FALSE,3.6,0,300
7508,2022/10/8 14:25,131.3938933,46.86990683,5192962.994,453790.2326,0,0,FALSE,3.6,0,300
7509,2022/10/8 14:25,131.393893,46.86990683,5192962.994,453790.2097,0,0,FALSE,3.6,0,300
7510,2022/10/8 14:25,131.3938922,46.86990683,5192962.995,453790.1487,0,0,FALSE,3.6,0,300
7511,2022/10/8 14:26,131.393891,46.86990667,5192962.978,453790.0571,0,0,FALSE,3.6,0,300
7512,2022/10/8 14:26,131.3938897,46.86990617,5192962.923,453789.9576,0,0,FALSE,3.6,0,300
7513,2022/10/8 14:26,131.3938885,46.86990583,5192962.886,453789.8658,0,0,FALSE,3.6,0,300
7514,2022/10/8 14:26,131.3938882,46.86990583,5192962.886,453789.8429,0,0,FALSE,3.6,0,300
7515,2022/10/8 14:26,131.393888,46.86990583,5192962.886,453789.8277,0,0,FALSE,3.6,0,300
7516,2022/10/8 14:26,131.3938867,46.86990517,5192962.813,453789.728,0,0,FALSE,3.6,0,300
7517,2022/10/8 14:26,131.3938857,46.86990517,5192962.814,453789.6517,0,0,FALSE,3.6,0,300
7518,2022/10/8 14:26,131.3938847,46.86990517,5192962.815,453789.5755,0,0,FALSE,3.6,0,300
7519,2022/10/8 14:26,131.393884,46.86990533,5192962.833,453789.5223,0,0,FALSE,3.6,0,300
7520,2022/10/8 14:26,131.3938833,46.86990583,5192962.889,453789.4693,0,0,FALSE,3.6,0,300
7521,2022/10/8 14:26,131.3938832,46.86990617,5192962.927,453789.462,0,0,FALSE,3.6,0,300
7522,2022/10/8 14:26,131.393883,46.8699065,5192962.963,453789.447,0,0,FALSE,3.6,0,300
7523,2022/10/8 14:26,131.3938823,46.86990617,5192962.927,453789.3934,0,0,FALSE,3.6,0,300
7524,2022/10/8 14:26,131.3938815,46.869906,5192962.909,453789.3322,0,0,FALSE,3.6,0,300
7525,2022/10/8 14:26,131.3938813,46.86990617,5192962.928,453789.3171,0,0,FALSE,3.6,0,300
7526,2022/10/8 14:27,131.393881,46.86990633,5192962.946,453789.2944,0,0,FALSE,3.6,0,300
7527,2022/10/8 14:27,131.3938812,46.86990667,5192962.983,453789.3099,0,0,FALSE,3.6,0,300
7528,2022/10/8 14:27,131.393881,46.869907,5192963.02,453789.295,0,0,FALSE,3.6,0,300
7529,2022/10/8 14:27,131.3938807,46.86990733,5192963.057,453789.2724,0,0,FALSE,3.6,0,300
7530,2022/10/8 14:27,131.3938807,46.86990767,5192963.095,453789.2727,0,0,FALSE,3.6,0,300
7531,2022/10/8 14:27,131.393881,46.869908,5192963.131,453789.2958,0,0,FALSE,3.6,0,300
7532,2022/10/8 14:27,131.393881,46.86990817,5192963.15,453789.296,0,0,FALSE,3.6,0,300
7533,2022/10/8 14:27,131.3938815,46.86990867,5192963.206,453789.3345,0,0,FALSE,3.6,0,300
7534,2022/10/8 14:27,131.3938817,46.869909,5192963.242,453789.3501,0,0,FALSE,3.6,0,300
7535,2022/10/8 14:27,131.3938815,46.86990917,5192963.261,453789.335,0,0,FALSE,3.6,0,300
7536,2022/10/8 14:27,131.3938815,46.86990917,5192963.261,453789.335,0,0,FALSE,3.6,0,300
7537,2022/10/8 14:27,131.3938813,46.86990917,5192963.261,453789.3197,0,0,FALSE,3.6,0,300
7538,2022/10/8 14:27,131.3938813,46.86990967,5192963.317,453789.3201,0,0,FALSE,3.6,0,300
7539,2022/10/8 14:27,131.3938815,46.86991017,5192963.372,453789.3358,0,0,FALSE,3.6,0,300
7540,2022/10/8 14:27,131.3938817,46.86991033,5192963.39,453789.3512,0,0,FALSE,3.6,0,300
7541,2022/10/8 14:28,131.3938815,46.86991017,5192963.372,453789.3358,0,0,FALSE,3.6,0,300
7542,2022/10/8 14:28,131.3938815,46.86991033,5192963.39,453789.336,0,0,FALSE,3.6,0,300
7543,2022/10/8 14:28,131.3938815,46.8699105,5192963.409,453789.3361,0,0,FALSE,3.6,0,300
7544,2022/10/8 14:28,131.3938815,46.86991067,5192963.428,453789.3362,0,0,FALSE,3.6,0,300
7545,2022/10/8 14:28,131.3938813,46.86991083,5192963.446,453789.3211,0,0.7,FALSE,3.6,0,300
7546,2022/10/8 14:28,131.3938813,46.869911,5192963.465,453789.3213,0,0,FALSE,3.6,0,300
7547,2022/10/8 14:28,131.3938817,46.869911,5192963.464,453789.3518,0,0,FALSE,3.6,0,300
7548,2022/10/8 14:28,131.3938822,46.869911,5192963.464,453789.3899,0,0,FALSE,3.6,0,300
7549,2022/10/8 14:28,131.3938823,46.86991117,5192963.483,453789.3977,0,0,FALSE,3.6,0,300
7550,2022/10/8 14:28,131.3938827,46.86991133,5192963.501,453789.4283,0,0,FALSE,3.6,0,300
7551,2022/10/8 14:28,131.393883,46.86991133,5192963.5,453789.4512,0,0,FALSE,3.6,0,300
7552,2022/10/8 14:28,131.3938833,46.8699115,5192963.519,453789.4742,0,0,FALSE,3.6,0,300
7553,2022/10/8 14:28,131.3938837,46.8699115,5192963.519,453789.5047,0,0,FALSE,3.6,0,300
7554,2022/10/8 14:28,131.393884,46.86991167,5192963.538,453789.5277,0,0,FALSE,3.6,0,300
7555,2022/10/8 14:28,131.3938843,46.86991183,5192963.555,453789.5507,0,0,FALSE,3.6,0,300
7556,2022/10/8 14:29,131.3938845,46.869912,5192963.574,453789.5661,0,0,FALSE,3.6,0,300
7557,2022/10/8 14:29,131.3938847,46.869912,5192963.574,453789.5814,0,0,FALSE,3.6,0,300
7558,2022/10/8 14:29,131.3938847,46.86991217,5192963.593,453789.5815,0,0,FALSE,3.6,0,300
7559,2022/10/8 14:29,131.3938847,46.86991233,5192963.611,453789.5816,0,0,FALSE,3.6,0,300
7560,2022/10/8 14:29,131.3938848,46.8699125,5192963.629,453789.5894,0,0,FALSE,3.6,0,300
7561,2022/10/8 14:29,131.393885,46.86991283,5192963.666,453789.6049,0,0,FALSE,3.6,0,300
7562,2022/10/8 14:29,131.393885,46.869913,5192963.685,453789.6051,0,0,FALSE,3.6,0,300
7563,2022/10/8 14:29,131.393885,46.86991333,5192963.722,453789.6054,0,0,FALSE,3.6,0,300
7564,2022/10/8 14:29,131.3938852,46.8699135,5192963.74,453789.6208,0,0,FALSE,3.6,0,300
7565,2022/10/8 14:29,131.3938848,46.8699135,5192963.741,453789.5903,0,0,FALSE,3.6,0,300
7566,2022/10/8 14:29,131.3938848,46.86991383,5192963.777,453789.5906,0,0,FALSE,3.6,0,300
7567,2022/10/8 14:29,131.3938847,46.869914,5192963.796,453789.5831,0,0,FALSE,3.6,0,300
7568,2022/10/8 14:29,131.3938848,46.86991417,5192963.815,453789.5908,0,0,FALSE,3.6,0,300
7569,2022/10/8 14:29,131.3938848,46.86991433,5192963.833,453789.591,0,0,FALSE,3.6,0,300
7570,2022/10/8 14:29,131.3938847,46.8699145,5192963.852,453789.5835,0,0,FALSE,3.6,0,300
7571,2022/10/8 14:30,131.3938848,46.86991467,5192963.871,453789.5913,0,0,FALSE,3.6,0,300
7572,2022/10/8 14:30,131.3938847,46.86991467,5192963.871,453789.5836,0,0,FALSE,3.6,0,300
7573,2022/10/8 14:30,131.3938845,46.86991483,5192963.889,453789.5685,0,0,FALSE,3.6,0,300
7574,2022/10/8 14:30,131.3938843,46.869915,5192963.908,453789.5534,0,0,FALSE,3.6,0,300
7575,2022/10/8 14:30,131.3938843,46.86991517,5192963.927,453789.5536,0,0,FALSE,3.6,0,300
7576,2022/10/8 14:30,131.3938842,46.86991517,5192963.927,453789.546,0,0,FALSE,3.6,0,300
7577,2022/10/8 14:30,131.393884,46.8699155,5192963.963,453789.531,0,0,FALSE,3.6,0,300
7578,2022/10/8 14:30,131.3938838,46.86991567,5192963.982,453789.5159,0,0,FALSE,3.6,0,300
7579,2022/10/8 14:30,131.3938837,46.86991583,5192964,453789.5084,0,0,FALSE,3.6,0,300
7580,2022/10/8 14:30,131.3938835,46.869916,5192964.019,453789.4933,0,0,FALSE,3.6,0,300
7581,2022/10/8 14:30,131.3938833,46.86991617,5192964.038,453789.4782,0,0,FALSE,3.6,0,300
7582,2022/10/8 14:30,131.3938832,46.86991633,5192964.056,453789.4707,0,0,FALSE,3.6,0,300
7583,2022/10/8 14:30,131.393883,46.8699165,5192964.075,453789.4556,0,0,FALSE,3.6,0,300
7584,2022/10/8 14:30,131.3938827,46.86991667,5192964.094,453789.4329,0,0,FALSE,3.6,0,300
7585,2022/10/8 14:30,131.3938825,46.86991683,5192964.112,453789.4178,0,0,FALSE,3.6,0,300
7586,2022/10/8 14:31,131.3938823,46.869917,5192964.131,453789.4027,0,0,FALSE,3.6,0,300
7587,2022/10/8 14:31,131.3938823,46.869917,5192964.131,453789.4027,0,0,FALSE,3.6,0,300
7588,2022/10/8 14:31,131.3938825,46.86991733,5192964.168,453789.4182,0,0,FALSE,3.6,0,300
7589,2022/10/8 14:31,131.3938825,46.86991733,5192964.168,453789.4182,0,0,FALSE,3.6,0,300
7590,2022/10/8 14:31,131.3938827,46.8699175,5192964.186,453789.4336,0,0,FALSE,3.6,0,300
7591,2022/10/8 14:31,131.3938827,46.86991767,5192964.205,453789.4337,0,0,FALSE,3.6,0,300
7592,2022/10/8 14:31,131.3938827,46.86991767,5192964.205,453789.4337,0,0,FALSE,3.6,0,300
7593,2022/10/8 14:31,131.3938828,46.86991783,5192964.223,453789.4415,0,0,FALSE,3.6,0,300
7594,2022/10/8 14:31,131.393883,46.869918,5192964.242,453789.4569,0,0,FALSE,3.6,0,300
7595,2022/10/8 14:31,131.393883,46.86991817,5192964.261,453789.457,0,0,FALSE,3.6,0,300
7596,2022/10/8 14:31,131.3938832,46.86991817,5192964.261,453789.4723,0,0,FALSE,3.6,0,300
7597,2022/10/8 14:31,131.3938832,46.86991833,5192964.278,453789.4724,0,0,FALSE,3.6,0,300
7598,2022/10/8 14:31,131.3938833,46.8699185,5192964.297,453789.4802,0,0,FALSE,3.6,0,300
7599,2022/10/8 14:31,131.3938833,46.8699185,5192964.297,453789.4802,0,86.4,FALSE,3.6,0,300
7600,2022/10/8 14:31,131.3938835,46.86991867,5192964.316,453789.4956,0,0,FALSE,3.6,0,300
7601,2022/10/8 14:32,131.3938837,46.86991883,5192964.334,453789.511,0,0,FALSE,3.6,0,300
7602,2022/10/8 14:32,131.3938838,46.86991883,5192964.334,453789.5186,0,0,FALSE,3.6,0,300
7603,2022/10/8 14:32,131.3938838,46.869919,5192964.353,453789.5187,0,0,FALSE,3.6,0,300
7604,2022/10/8 14:32,131.393884,46.86991917,5192964.371,453789.5341,0,0,FALSE,3.6,0,300
7605,2022/10/8 14:32,131.3938842,46.8699195,5192964.408,453789.5497,0,0,FALSE,3.6,0,300
7606,2022/10/8 14:32,131.3938842,46.8699195,5192964.408,453789.5497,0,0,FALSE,3.6,0,300
7607,2022/10/8 14:32,131.3938843,46.86991967,5192964.427,453789.5574,0,0,FALSE,3.6,0,300
7608,2022/10/8 14:32,131.3938843,46.86991983,5192964.445,453789.5576,0,0,FALSE,3.6,0,300
7609,2022/10/8 14:32,131.3938845,46.86992,5192964.463,453789.573,0,0,FALSE,3.6,0,300
7610,2022/10/8 14:32,131.3938847,46.86992,5192964.463,453789.5882,0,0,FALSE,3.6,0,300
7611,2022/10/8 14:32,131.3938847,46.86992,5192964.463,453789.5882,0,0,FALSE,3.6,0,300
7612,2022/10/8 14:32,131.3938848,46.86992,5192964.463,453789.5958,0,0,FALSE,3.6,0,300
7613,2022/10/8 14:32,131.3938848,46.86992017,5192964.482,453789.596,0,0,FALSE,3.6,0,300
7614,2022/10/8 14:32,131.3938848,46.86992017,5192964.482,453789.596,0,0,FALSE,3.6,0,300
7615,2022/10/8 14:32,131.393885,46.86992017,5192964.482,453789.6112,0,0,FALSE,3.6,0,300
7616,2022/10/8 14:33,131.393885,46.86992017,5192964.482,453789.6112,0,0,FALSE,3.6,0,300
7617,2022/10/8 14:33,131.3938852,46.86992017,5192964.482,453789.6265,0,0,FALSE,3.6,0,300
7618,2022/10/8 14:33,131.3938853,46.86992017,5192964.482,453789.6341,0,0,FALSE,3.6,0,300
7619,2022/10/8 14:33,131.3938853,46.86992017,5192964.482,453789.6341,0,0,FALSE,3.6,0,300
7620,2022/10/8 14:33,131.3938853,46.86992017,5192964.482,453789.6341,0,0,FALSE,3.6,0,300
7621,2022/10/8 14:33,131.3938853,46.86992033,5192964.5,453789.6342,0,0,FALSE,3.6,0,300
7622,2022/10/8 14:33,131.3938855,46.86992033,5192964.499,453789.6495,0,0,FALSE,3.6,0,300
7623,2022/10/8 14:33,131.3938855,46.86992033,5192964.499,453789.6495,0,0,FALSE,3.6,0,300
7624,2022/10/8 14:33,131.3938857,46.8699205,5192964.518,453789.6649,0,0,FALSE,3.6,0,300
7625,2022/10/8 14:33,131.3938857,46.8699205,5192964.518,453789.6649,0,0,FALSE,3.6,0,300
7626,2022/10/8 14:33,131.3938858,46.8699205,5192964.518,453789.6725,0,0,FALSE,3.6,0,300
7627,2022/10/8 14:33,131.3938858,46.8699205,5192964.518,453789.6725,0,0,FALSE,3.6,0,300
7628,2022/10/8 14:33,131.393886,46.86992067,5192964.537,453789.6879,0,0,FALSE,3.6,0,300
7629,2022/10/8 14:33,131.393886,46.86992067,5192964.537,453789.6879,0,0,FALSE,3.6,0,300
7630,2022/10/8 14:33,131.393886,46.86992067,5192964.537,453789.6879,0,0,FALSE,3.6,0,300
7631,2022/10/8 14:34,131.3938862,46.86992083,5192964.555,453789.7033,0,0,FALSE,3.6,0,300
7632,2022/10/8 14:34,131.3938862,46.86992083,5192964.555,453789.7033,0,0,FALSE,3.6,0,300
7633,2022/10/8 14:34,131.3938862,46.869921,5192964.574,453789.7034,0,0,FALSE,3.6,0,300
7634,2022/10/8 14:34,131.3938862,46.869921,5192964.574,453789.7034,0,0,FALSE,3.6,0,300
7635,2022/10/8 14:34,131.3938863,46.86992117,5192964.592,453789.7112,0,0,FALSE,3.6,0,300
7636,2022/10/8 14:34,131.3938865,46.86992117,5192964.592,453789.7265,0,0,FALSE,3.6,0,300
7637,2022/10/8 14:34,131.3938865,46.86992133,5192964.61,453789.7266,0,0,FALSE,3.6,0,300
7638,2022/10/8 14:34,131.3938867,46.86992133,5192964.61,453789.7418,0,0,FALSE,3.6,0,300
7639,2022/10/8 14:34,131.3938868,46.86992133,5192964.61,453789.7495,0,0,FALSE,3.6,0,300
7640,2022/10/8 14:34,131.393887,46.8699215,5192964.629,453789.7649,0,0,FALSE,3.6,0,300
7641,2022/10/8 14:34,131.393887,46.8699215,5192964.629,453789.7649,0,0,FALSE,3.6,0,300
7642,2022/10/8 14:34,131.3938872,46.8699215,5192964.629,453789.7801,0,0,FALSE,3.6,0,300
7643,2022/10/8 14:34,131.3938872,46.8699215,5192964.629,453789.7801,0,0,FALSE,3.6,0,300
7644,2022/10/8 14:34,131.3938873,46.86992167,5192964.647,453789.7879,0,0,FALSE,3.6,0,300
7645,2022/10/8 14:34,131.3938873,46.86992167,5192964.647,453789.7879,0,0,FALSE,3.6,0,300
7646,2022/10/8 14:35,131.3938875,46.86992167,5192964.647,453789.8031,0,0,FALSE,3.6,0,300
7647,2022/10/8 14:35,131.3938875,46.86992167,5192964.647,453789.8031,0,0,FALSE,3.6,0,300
7648,2022/10/8 14:35,131.3938875,46.86992167,5192964.647,453789.8031,0,0,FALSE,3.6,0,300
7649,2022/10/8 14:35,131.3939322,46.8699035,5192962.601,453793.1955,3.38916,121.4,TRUE,3.6,74,300
7650,2022/10/8 14:35,131.3939743,46.86985717,5192957.426,453796.3654,2.88912,173.1,FALSE,3.6,0,300
7651,2022/10/8 14:35,131.3939973,46.86982117,5192953.41,453798.0881,2.5928,180.3,TRUE,3.6,485,300
7652,2022/10/8 14:35,131.3939997,46.86977267,5192948.017,453798.2294,3.7966,166.9,TRUE,3.6,500,300
7653,2022/10/8 14:35,131.394011,46.8697275,5192942.989,453799.0522,4.24108,173.6,TRUE,3.6,481,300
7654,2022/10/8 14:35,131.3940157,46.86967533,5192937.187,453799.3657,5.16708,175.3,TRUE,3.6,489,300
7655,2022/10/8 14:35,131.394025,46.86962167,5192931.216,453800.0287,5.33376,178.3,TRUE,3.6,489,300
7656,2022/10/8 14:35,131.3940372,46.86956383,5192924.779,453800.9092,5.50044,173.4,TRUE,3.6,457,300
7657,2022/10/8 14:35,131.3940468,46.86950567,5192918.308,453801.5912,5.66712,173.4,TRUE,3.6,491,300
7658,2022/10/8 14:35,131.3940497,46.86944683,5192911.765,453801.7618,6.019,175,TRUE,3.6,460,300
7659,2022/10/8 14:35,131.3940517,46.86938917,5192905.354,453801.8648,5.22264,177.3,TRUE,3.6,451,300
7660,2022/10/8 14:35,131.3940597,46.86933417,5192899.235,453802.4276,5.48192,175.6,TRUE,3.6,473,300
7661,2022/10/8 14:36,131.3940747,46.86928467,5192893.723,453803.5287,5.33376,174.6,TRUE,3.6,485,300
7662,2022/10/8 14:36,131.3940892,46.869229,5192887.526,453804.5865,5.40784,171.1,TRUE,3.6,481,300
7663,2022/10/8 14:36,131.3940977,46.86916683,5192880.61,453805.1812,5.66712,169.2,TRUE,3.6,489,300
7664,2022/10/8 14:36,131.394101,46.86910533,5192873.771,453805.38,5.66712,171.1,TRUE,3.6,429,300
7665,2022/10/8 14:36,131.3941097,46.86905,5192867.615,453805.9958,5.24116,173,TRUE,3.6,435,300
7666,2022/10/8 14:36,131.3941185,46.86899417,5192861.403,453806.6188,5.20412,173.5,TRUE,3.6,500,300
7667,2022/10/8 14:36,131.3941287,46.8689475,5192856.209,453807.3565,4.96336,172.8,TRUE,3.6,485,300
7668,2022/10/8 14:36,131.394142,46.86889033,5192849.846,453808.3214,5.20412,170.5,TRUE,3.6,469,300
7669,2022/10/8 14:36,131.3941522,46.86883483,5192843.67,453809.0515,5.40784,167.8,TRUE,3.6,451,300
7670,2022/10/8 14:36,131.3941607,46.86877767,5192837.31,453809.6505,5.59304,178.4,TRUE,3.6,491,300
7671,2022/10/8 14:36,131.3941625,46.86872367,5192831.306,453809.7414,4.83372,171.6,TRUE,3.6,427,300
7672,2022/10/8 14:36,131.3941733,46.868671,5192825.445,453810.5196,5.31524,178.1,TRUE,3.6,461,300
7673,2022/10/8 14:36,131.3941785,46.86861017,5192818.679,453810.8639,5.51896,174.8,TRUE,3.6,450,300
7674,2022/10/8 14:36,131.394188,46.8685455,5192811.484,453811.5327,6.44496,171.5,TRUE,3.6,431,300
7675,2022/10/8 14:36,131.3942018,46.86848567,5192804.825,453812.5336,5.20412,179.8,TRUE,3.6,459,300
7676,2022/10/8 14:37,131.3942133,46.868426,5192798.185,453813.3592,6.25976,175.5,TRUE,3.6,431,300
7677,2022/10/8 14:37,131.3942192,46.86836883,5192791.826,453813.7599,5.85232,177.1,TRUE,3.6,440,300
7678,2022/10/8 14:37,131.3942248,46.868322,5192786.617,453814.1467,5.35228,167.3,TRUE,3.6,442,300
7679,2022/10/8 14:37,131.3942343,46.8682575,5192779.441,453814.8157,6.019,167.6,TRUE,3.6,448,300
7680,2022/10/8 14:37,131.3942468,46.86819417,5192772.393,453815.7144,5.59304,171.6,TRUE,3.6,434,300
7681,2022/10/8 14:37,131.3942517,46.86813233,5192765.516,453816.035,5.35228,174.8,TRUE,3.6,481,300
7682,2022/10/8 14:37,131.3942577,46.86807467,5192759.102,453816.443,5.7412,174.5,TRUE,3.6,463,300
7683,2022/10/8 14:37,131.3942665,46.86802133,5192753.167,453817.0681,5.42636,175,TRUE,3.6,500,300
7684,2022/10/8 14:37,131.3942755,46.86796467,5192746.863,453817.7057,5.3708,171.7,TRUE,3.6,491,300
7685,2022/10/8 14:37,131.394292,46.86791017,5192740.795,453818.917,5.31524,175.9,TRUE,3.6,482,300
7686,2022/10/8 14:37,131.3943043,46.8678715,5192736.489,453819.8216,5.1856,182.1,TRUE,3.6,500,300
7687,2022/10/8 14:37,131.3943092,46.86781417,5192730.113,453820.146,4.9078,178.1,TRUE,3.6,500,300
7688,2022/10/8 14:37,131.3943147,46.867756,5192723.643,453820.5155,4.98188,179,TRUE,3.6,500,300
7689,2022/10/8 14:37,131.3943207,46.86770033,5192717.451,453820.9252,5.14856,172.7,TRUE,3.6,483,300
7690,2022/10/8 14:37,131.3943412,46.8676475,5192711.566,453822.4429,5.59304,175.4,TRUE,3.6,467,300
7691,2022/10/8 14:38,131.3943522,46.86759333,5192705.537,453823.2351,5.48192,172.3,TRUE,3.6,486,300
7692,2022/10/8 14:38,131.3943567,46.86753367,5192698.902,453823.527,5.63008,174.4,TRUE,3.6,493,300
7693,2022/10/8 14:38,131.3943548,46.86747467,5192692.344,453823.3316,5.70416,176.8,TRUE,3.6,496,300
7694,2022/10/8 14:38,131.3943578,46.8674175,5192685.987,453823.5113,5.77824,178.5,TRUE,3.6,471,300
7695,2022/10/8 14:38,131.3943618,46.86735833,5192679.407,453823.7655,5.4634,172.8,TRUE,3.6,488,300
7696,2022/10/8 14:38,131.3943682,46.8673005,5192672.974,453824.2039,4.79668,171.9,TRUE,3.6,500,300
7697,2022/10/8 14:38,131.394378,46.86724567,5192666.873,453824.904,5.48192,173.3,TRUE,3.6,500,300
7698,2022/10/8 14:38,131.3943943,46.86718783,5192660.434,453826.0972,5.79676,175.9,TRUE,3.6,472,300
7699,2022/10/8 14:38,131.394402,46.86712317,5192653.241,453826.6288,6.019,175.8,TRUE,3.6,482,300
7700,2022/10/8 14:38,131.394415,46.86707,5192647.323,453827.5744,5.61156,177.6,TRUE,3.6,492,300
7701,2022/10/8 14:38,131.3944215,46.867013,5192640.982,453828.0211,5.29672,173.7,TRUE,3.6,410,300
7702,2022/10/8 14:38,131.3944272,46.86696133,5192635.235,453828.4114,4.22256,173,TRUE,3.6,500,300
7703,2022/10/8 14:38,131.3944377,46.86690833,5192629.337,453829.1665,5.72268,176.8,TRUE,3.6,469,300
7704,2022/10/8 14:38,131.3944517,46.86685233,5192623.103,453830.1859,5.3708,174.9,TRUE,3.6,494,300
7705,2022/10/8 14:38,131.3944685,46.866795,5192616.72,453831.4177,5.51896,174.6,TRUE,3.6,472,300
7706,2022/10/8 14:39,131.3944733,46.86672467,5192608.899,453831.7234,5.7412,181.6,TRUE,3.6,470,300
7707,2022/10/8 14:39,131.3944782,46.86666567,5192602.337,453832.0464,5.1856,173.8,TRUE,3.6,477,300
7708,2022/10/8 14:39,131.3944905,46.86661167,5192596.327,453832.9379,4.9078,182.6,TRUE,3.6,500,300
7709,2022/10/8 14:39,131.3945028,46.86655833,5192590.39,453833.83,5.48192,172.5,TRUE,3.6,483,300
7710,2022/10/8 14:39,131.394516,46.86650267,5192584.194,453834.7887,5.75972,170.7,TRUE,3.6,444,300
7711,2022/10/8 14:39,131.3945255,46.86644583,5192577.87,453835.4643,5.38932,169.9,TRUE,3.6,495,300
7712,2022/10/8 14:39,131.394534,46.86638917,5192571.566,453836.0638,5.81528,173.2,TRUE,3.6,484,300
7713,2022/10/8 14:39,131.3945443,46.86632733,5192564.686,453836.7961,5.79676,170.5,TRUE,3.6,461,300
7714,2022/10/8 14:39,131.3945503,46.86626933,5192558.234,453837.2038,5.01892,175.9,TRUE,3.6,500,300
7715,2022/10/8 14:39,131.3945515,46.86621317,5192551.991,453837.2472,5.556,175.9,TRUE,3.6,468,300
7716,2022/10/8 14:39,131.394557,46.8661545,5192545.465,453837.6162,5.57452,174.6,TRUE,3.6,500,300
7717,2022/10/8 14:39,131.3945647,46.86609633,5192538.994,453838.1535,5.85232,177.1,TRUE,3.6,500,300
7718,2022/10/8 14:39,131.3945755,46.86603667,5192532.355,453838.9258,5.68564,175.8,TRUE,3.6,500,300
7719,2022/10/8 14:39,131.3945835,46.86597317,5192525.291,453839.4813,5.3708,169.8,TRUE,3.6,500,300
7720,2022/10/8 14:39,131.3945903,46.86591383,5192518.691,453839.9489,6.00048,178.4,TRUE,3.6,500,300
7721,2022/10/8 14:40,131.3945995,46.8658585,5192512.534,453840.6029,5.1856,172.1,TRUE,3.6,496,300
7722,2022/10/8 14:40,131.394614,46.86580133,5192506.17,453841.6595,5.11152,178.6,TRUE,3.6,500,300
7723,2022/10/8 14:40,131.3946288,46.86574217,5192499.585,453842.7372,5.79676,170.6,TRUE,3.6,490,300
7724,2022/10/8 14:40,131.394636,46.86568317,5192493.022,453843.2356,5.53748,175.6,TRUE,3.6,472,300
7725,2022/10/8 14:40,131.394642,46.86562367,5192486.404,453843.6421,5.50044,180.8,TRUE,3.6,490,300
7726,2022/10/8 14:40,131.3946532,46.86556933,5192480.356,453844.4495,5.7412,172.2,TRUE,3.6,478,300
7727,2022/10/8 14:40,131.39466,46.865516,5192474.424,453844.9222,6.07456,176.5,TRUE,3.6,500,300
7728,2022/10/8 14:40,131.3946673,46.865457,5192467.861,453845.4283,5.66712,172.3,TRUE,3.6,499,300
7729,2022/10/8 14:40,131.3946765,46.86539733,5192461.222,453846.0786,5.4634,174.3,TRUE,3.6,481,300
7730,2022/10/8 14:40,131.3946885,46.86533983,5192454.823,453846.9443,5.7412,177.3,TRUE,3.6,500,300
7731,2022/10/8 14:40,131.394693,46.86529217,5192449.522,453847.2465,5.57452,171.4,TRUE,3.6,473,300
7732,2022/10/8 14:40,131.3947095,46.865239,5192443.601,453848.459,6.16716,174.8,TRUE,3.6,500,300
7733,2022/10/8 14:40,131.3947188,46.8651845,5192437.537,453849.1214,5.51896,176.2,TRUE,3.6,485,300
7734,2022/10/8 14:40,131.3947332,46.86513033,5192431.507,453850.173,5.72268,175.9,TRUE,3.6,493,300
7735,2022/10/8 14:40,131.3947463,46.86507083,5192424.885,453851.1208,6.05604,175,TRUE,3.6,474,300
7736,2022/10/8 14:41,131.3947532,46.8650115,5192418.285,453851.5961,6.019,175.1,TRUE,3.6,497,300
7737,2022/10/8 14:41,131.3947557,46.86495067,5192411.521,453851.7345,5.38932,169.1,TRUE,3.6,484,300
7738,2022/10/8 14:41,131.3947627,46.86489167,5192404.958,453852.2177,5.96344,175.9,TRUE,3.6,483,300
7739,2022/10/8 14:41,131.3947742,46.86483183,5192398.299,453853.0433,5.16708,175,TRUE,3.6,423,300
7740,2022/10/8 14:41,131.3947857,46.86477467,5192391.938,453853.8711,6.33384,173.9,TRUE,3.6,442,300
7741,2022/10/8 14:41,131.3948007,46.86470883,5192384.61,453854.9584,6.50052,172.2,TRUE,3.6,495,300
7742,2022/10/8 14:41,131.394807,46.864645,5192377.51,453855.3841,5.98196,175.4,TRUE,3.6,497,300
7743,2022/10/8 14:41,131.3948155,46.86458283,5192370.594,453855.9789,5.7412,180.2,TRUE,3.6,497,300
7744,2022/10/8 14:41,131.3948185,46.86452433,5192364.089,453856.1575,5.07448,176,TRUE,3.6,500,300
7745,2022/10/8 14:41,131.3948243,46.86446167,5192357.12,453856.5461,0,0,FALSE,3.6,0,300
7746,2022/10/8 14:41,131.3948552,46.8643465,5192344.298,453858.8035,5.35228,175.2,TRUE,3.6,470,300
7747,2022/10/8 14:41,131.394862,46.864284,5192337.346,453859.2684,5.81528,173,TRUE,3.6,500,300
7748,2022/10/8 14:41,131.3948712,46.86422917,5192331.246,453859.9229,5.77824,168.8,TRUE,3.6,486,300
7749,2022/10/8 14:41,131.3948798,46.86417083,5192324.755,453860.5286,5.70416,173,TRUE,3.6,500,300
7750,2022/10/8 14:42,131.3948878,46.8641135,5192318.377,453861.0895,5.51896,173.8,TRUE,3.6,500,300
7751,2022/10/8 14:42,131.394906,46.86399883,5192305.619,453862.379,5.63008,172.1,TRUE,3.6,480,300
7752,2022/10/8 14:42,131.3949223,46.86394333,5192299.439,453863.5743,5.48192,177.6,TRUE,3.6,474,300
7753,2022/10/8 14:42,131.3949353,46.863886,5192293.059,453864.5164,5.9264,169.7,TRUE,3.6,500,300
7754,2022/10/8 14:42,131.3949415,46.86383067,5192286.904,453864.9417,5.42636,178.3,TRUE,3.6,479,300
7755,2022/10/8 14:42,131.3949462,46.86377733,5192280.972,453865.2544,5.90788,174.1,TRUE,3.6,479,300
7756,2022/10/8 14:42,131.394957,46.86372333,5192274.962,453866.0316,5.556,175.1,TRUE,3.6,475,300
7757,2022/10/8 14:42,131.394964,46.86366233,5192268.177,453866.5131,6.2042,174.3,TRUE,3.6,500,300
7758,2022/10/8 14:42,131.3949737,46.8636045,5192261.742,453867.2032,5.87084,176,TRUE,3.6,495,300
7759,2022/10/8 14:42,131.3949818,46.863541,5192254.678,453867.7664,5.98196,174.1,TRUE,3.6,500,300
7760,2022/10/8 14:42,131.3949932,46.86348067,5192247.965,453868.584,5.7412,179.5,TRUE,3.6,494,300
7761,2022/10/8 14:42,131.395003,46.863424,5192241.659,453869.2827,5.6486,178.1,TRUE,3.6,468,300
7762,2022/10/8 14:42,131.3950142,46.86336733,5192235.353,453870.0881,6.00048,179.2,TRUE,3.6,500,300
7763,2022/10/8 14:42,131.3950205,46.8633095,5192228.92,453870.519,5.90788,178.2,TRUE,3.6,490,300
7764,2022/10/8 14:43,131.3950258,46.86325133,5192222.45,453870.8733,6.03752,178.2,TRUE,3.6,495,300
7765,2022/10/8 14:43,131.3950332,46.86319783,5192216.499,453871.3917,5.59304,174.7,TRUE,3.6,471,300
7766,2022/10/8 14:43,131.3950513,46.863143,5192210.393,453872.7248,5.22264,167.2,TRUE,3.6,476,300
7767,2022/10/8 14:43,131.3950573,46.863083,5192203.719,453873.1309,5.96344,180.7,TRUE,3.6,450,300
7768,2022/10/8 14:43,131.3950672,46.86302633,5192197.413,453873.8373,6.44496,178.6,TRUE,3.6,441,300
7769,2022/10/8 14:43,131.3950723,46.86296533,5192190.629,453874.1739,5.20412,172.5,TRUE,3.6,500,300
7770,2022/10/8 14:43,131.3950773,46.86289967,5192183.327,453874.4989,5.90788,173.1,TRUE,3.6,482,300
7771,2022/10/8 14:43,131.3950945,46.86284583,5192177.332,453875.7643,5.88936,172.5,TRUE,3.6,494,300
7772,2022/10/8 14:43,131.3951037,46.86278483,5192170.545,453876.4136,6.16716,172.5,TRUE,3.6,479,300
7773,2022/10/8 14:43,131.3951192,46.86273417,5192164.904,453877.552,5.94492,171.2,TRUE,3.6,478,300
7774,2022/10/8 14:43,131.3951373,46.86267567,5192158.39,453878.8821,6.2042,180.3,TRUE,3.6,492,300
7775,2022/10/8 14:43,131.3951437,46.862615,5192151.642,453879.3181,6.16716,178.9,TRUE,3.6,469,300
7776,2022/10/8 14:43,131.3951465,46.86255533,5192145.007,453879.4805,7.01908,181.2,TRUE,3.6,500,300
7777,2022/10/8 14:43,131.3951543,46.86249767,5192138.592,453880.0259,6.50052,173.8,TRUE,3.6,462,300
7778,2022/10/8 14:43,131.3951627,46.86243917,5192132.084,453880.6163,5.59304,179.1,TRUE,3.6,471,300
7779,2022/10/8 14:44,131.3951737,46.86237817,5192125.296,453881.4028,5.75972,177.5,TRUE,3.6,482,300
7780,2022/10/8 14:44,131.3951817,46.86231783,5192118.584,453881.9612,4.38924,183,TRUE,3.6,494,300
7781,2022/10/8 14:44,131.3951608,46.86226483,5192112.704,453880.3221,3.31508,193.1,TRUE,3.6,280,300
7782,2022/10/8 14:44,131.3951253,46.862234,5192109.298,453877.5888,1.33344,227.2,FALSE,3.6,0,300
7783,2022/10/8 14:44,131.3951265,46.86223617,5192109.538,453877.6822,0,0.8,FALSE,3.6,0,300
7784,2022/10/8 14:44,131.3951277,46.86223917,5192109.871,453877.7762,0,0,FALSE,3.6,0,300
7785,2022/10/8 14:44,131.3951287,46.86224067,5192110.037,453877.8538,0,0,FALSE,3.6,0,300
7786,2022/10/8 14:44,131.39513,46.86224167,5192110.148,453877.9538,0,0,FALSE,3.6,0,300
7787,2022/10/8 14:44,131.3951322,46.8622425,5192110.239,453878.1222,0,0,FALSE,3.6,0,300
7788,2022/10/8 14:44,131.3951407,46.86225033,5192111.104,453878.7771,5.03744,49.5,FALSE,3.6,0,300
7789,2022/10/8 14:44,131.3952027,46.86227533,5192113.847,453883.526,1.25936,53.5,FALSE,3.6,0,300
7790,2022/10/8 14:44,131.395209,46.8622835,5192114.751,453884.0134,0,58.1,FALSE,3.6,0,300
7791,2022/10/8 14:44,131.3952072,46.86228017,5192114.382,453883.8733,0,0,FALSE,3.6,0,300
7792,2022/10/8 14:44,131.3952065,46.8622775,5192114.086,453883.8176,0,0,FALSE,3.6,0,300
7793,2022/10/8 14:44,131.3952075,46.86227733,5192114.066,453883.8938,0,0,FALSE,3.6,0,300
7794,2022/10/8 14:45,131.39519,46.8622735,5192113.651,453882.5561,0,0,FALSE,3.6,0,300
7795,2022/10/8 14:45,131.3951372,46.86225883,5192112.051,453878.5175,5.66712,248.9,TRUE,3.6,338,300
7796,2022/10/8 14:45,131.395063,46.862238,5192109.779,453872.8418,5.22264,262.8,TRUE,3.6,456,300
7797,2022/10/8 14:45,131.394991,46.86222133,5192107.968,453867.3375,5.85232,253.4,TRUE,3.6,471,300
7798,2022/10/8 14:45,131.3949185,46.86220233,5192105.899,453861.793,4.96336,252.5,TRUE,3.6,447,300
7799,2022/10/8 14:45,131.3948502,46.86218667,5192104.198,453856.5716,6.2042,252,TRUE,3.6,384,300
7800,2022/10/8 14:45,131.394778,46.86216567,5192101.906,453851.0483,5.38932,248.1,TRUE,3.6,422,300
7801,2022/10/8 14:45,131.3947065,46.86215133,5192100.354,453845.584,5.51896,262.2,TRUE,3.6,413,300
7802,2022/10/8 14:45,131.3946323,46.86213083,5192098.118,453839.9086,5.05596,256.4,TRUE,3.6,478,300
7803,2022/10/8 14:45,131.3945542,46.8621105,5192095.904,453833.936,6.51904,254.1,TRUE,3.6,485,300
7804,2022/10/8 14:45,131.3944703,46.8620895,5192093.619,453827.5205,4.85224,252.5,TRUE,3.6,483,300
7805,2022/10/8 14:45,131.3943857,46.862076,5192092.168,453821.0581,4.68556,242.3,TRUE,3.6,500,300
7806,2022/10/8 14:45,131.3943158,46.8620625,5192090.708,453815.7166,5.20412,252.2,TRUE,3.6,494,300
7807,2022/10/8 14:45,131.3942417,46.86203933,5192088.176,453810.0465,5.51896,266.8,TRUE,3.6,350,300
7808,2022/10/8 14:45,131.3941647,46.86202633,5192086.776,453804.164,5.85232,253.2,TRUE,3.6,413,300
7809,2022/10/8 14:46,131.394088,46.86201233,5192085.265,453798.3035,5.33376,246.1,TRUE,3.6,449,300
7810,2022/10/8 14:46,131.3940083,46.86199533,5192083.422,453792.2117,5.48192,257.7,TRUE,3.6,405,300
7811,2022/10/8 14:46,131.3939352,46.8619775,5192081.483,453786.6224,4.55592,247.6,TRUE,3.6,468,300
7812,2022/10/8 14:46,131.3938668,46.86195967,5192079.541,453781.3915,4.33368,241,TRUE,3.6,288,300
7813,2022/10/8 14:46,131.393787,46.8619295,5192076.234,453775.2807,6.42644,261.4,TRUE,3.6,317,300
7814,2022/10/8 14:46,131.3937108,46.86191483,5192074.648,453769.4578,6.33384,248.2,TRUE,3.6,361,300
7815,2022/10/8 14:46,131.3936335,46.86189583,5192072.582,453763.5472,5.7412,256.1,TRUE,3.6,297,300
7816,2022/10/8 14:46,131.3935442,46.86188,5192070.874,453756.7244,6.09308,249.2,TRUE,3.6,378,300
7817,2022/10/8 14:46,131.3934625,46.86186233,5192068.958,453750.4795,5.7412,248.2,TRUE,3.6,307,300
7818,2022/10/8 14:46,131.3933845,46.86183367,5192065.818,453744.5072,4.92632,254.4,TRUE,3.6,196,300
7819,2022/10/8 14:46,131.3933058,46.86181133,5192063.381,453738.487,6.46348,254.6,TRUE,3.6,350,300
7820,2022/10/8 14:46,131.3932207,46.86179,5192061.06,453731.9797,5.8338,250.2,TRUE,3.6,348,300
7821,2022/10/8 14:46,131.3931448,46.8617665,5192058.492,453726.172,4.98188,250.9,TRUE,3.6,313,300
7822,2022/10/8 14:46,131.393058,46.86174667,5192056.339,453719.5363,6.03752,246.3,TRUE,3.6,276,300
7823,2022/10/8 14:46,131.3929695,46.861736,5192055.205,453712.7789,6.07456,257.1,TRUE,3.6,278,300
7824,2022/10/8 14:47,131.3928835,46.86171633,5192053.069,453706.2043,5.98196,238.4,TRUE,3.6,358,300
7825,2022/10/8 14:47,131.3928125,46.86169867,5192051.148,453700.7753,5.77824,238.1,TRUE,3.6,348,300
7826,2022/10/8 14:47,131.392732,46.8616765,5192048.73,453694.6179,6.05604,251,TRUE,3.6,369,300
7827,2022/10/8 14:47,131.392649,46.86165717,5192046.63,453688.2724,6.16716,236.9,TRUE,3.6,371,300
7828,2022/10/8 14:47,131.3925775,46.86163267,5192043.949,453682.7994,6.50052,245.3,TRUE,3.6,354,300
7829,2022/10/8 14:47,131.3924993,46.86160617,5192041.049,453676.8137,6.88944,262.5,TRUE,3.6,244,300
7830,2022/10/8 14:47,131.3924187,46.8615895,5192039.244,453670.6534,6.83388,262.7,TRUE,3.6,349,300
7831,2022/10/8 14:47,131.3923522,46.86159383,5192039.764,453665.5864,0,281.3,FALSE,3.6,0,300
7832,2022/10/8 14:47,131.3923525,46.86159517,5192039.913,453665.6104,0,0,FALSE,3.6,0,300
7833,2022/10/8 14:47,131.3923528,46.86159617,5192040.024,453665.6342,3.35212,109.3,FALSE,3.6,0,300
7834,2022/10/8 14:47,131.3923963,46.8615775,5192037.923,453668.9351,0,117.3,FALSE,3.6,0,300
7835,2022/10/8 14:47,131.3923887,46.86157717,5192037.891,453668.3553,3.0558,317.2,FALSE,3.6,0,300
7836,2022/10/8 14:47,131.3923592,46.86160333,5192040.816,453666.1283,2.64836,355.6,FALSE,3.6,0,300
7837,2022/10/8 14:47,131.3923525,46.8616325,5192044.063,453665.6425,2.83356,17,FALSE,3.6,0,300
7838,2022/10/8 14:47,131.3923482,46.86163467,5192044.307,453665.3165,0,0,FALSE,3.6,0,300
7839,2022/10/8 14:48,131.3923458,46.86163,5192043.789,453665.1295,0,0,FALSE,3.6,0,300
7840,2022/10/8 14:48,131.3923242,46.8616045,5192040.967,453663.4605,0.44448,228.2,FALSE,3.6,0,300
7841,2022/10/8 14:48,131.3923223,46.86159933,5192040.393,453663.3112,0,0,FALSE,3.6,0,300
7842,2022/10/8 14:48,131.3923232,46.8615975,5192040.189,453663.3782,2.66688,58,FALSE,3.6,0,300
7843,2022/10/8 14:48,131.3923695,46.86159817,5192040.236,453666.9093,3.25952,89.4,FALSE,3.6,0,300
7844,2022/10/8 14:48,131.392413,46.86159317,5192039.655,453670.2219,3.00024,80.6,FALSE,3.6,0,300
7845,2022/10/8 14:48,131.3924463,46.86159767,5192040.136,453672.765,0,74.3,FALSE,3.6,0,300
7846,2022/10/8 14:48,131.3924485,46.86159583,5192039.93,453672.9312,0,0,FALSE,3.6,0,300
7847,2022/10/8 14:48,131.3924172,46.86159,5192039.3,453670.5395,2.51872,258.9,FALSE,3.6,0,300
7848,2022/10/8 14:48,131.3923735,46.86158283,5192038.529,453667.2011,3.12988,262.5,FALSE,3.6,0,300
7849,2022/10/8 14:48,131.3923217,46.86158,5192038.245,453663.2488,2.61132,252.1,FALSE,3.6,0,300
7850,2022/10/8 14:48,131.392309,46.861578,5192038.03,453662.2787,0,0,FALSE,3.6,0,300
7851,2022/10/8 14:48,131.3923133,46.861578,5192038.027,453662.6066,0,0,FALSE,3.6,0,300
7852,2022/10/8 14:48,131.3923153,46.8615765,5192037.859,453662.7578,0,0,FALSE,3.6,0,300
7853,2022/10/8 14:48,131.3923187,46.8615755,5192037.746,453663.0162,3.85216,74.9,TRUE,3.6,330,300
7854,2022/10/8 14:49,131.3923942,46.8615955,5192039.925,453668.7904,4.5374,62.6,TRUE,3.6,350,300
7855,2022/10/8 14:49,131.3924715,46.861621,5192042.714,453674.7066,5.70416,72.1,TRUE,3.6,341,300
7856,2022/10/8 14:49,131.3925578,46.86163917,5192044.683,453681.3028,5.25968,59.3,TRUE,3.6,375,300
7857,2022/10/8 14:49,131.3926358,46.86165083,5192045.933,453687.2605,4.29664,71,TRUE,3.6,317,300
7858,2022/10/8 14:49,131.3927117,46.86166617,5192047.594,453693.0612,4.59296,58,TRUE,3.6,354,300
7859,2022/10/8 14:49,131.3927837,46.86169117,5192050.331,453698.5728,6.22272,80.4,TRUE,3.6,340,300
7860,2022/10/8 14:49,131.392871,46.8617095,5192052.317,453705.2453,5.70416,66.2,TRUE,3.6,432,300
7861,2022/10/8 14:49,131.3929377,46.86172833,5192054.371,453710.3475,5.40784,80.5,TRUE,3.6,482,300
7862,2022/10/8 14:49,131.3930145,46.8617445,5192056.123,453716.2175,6.09308,69.3,TRUE,3.6,384,300
7863,2022/10/8 14:49,131.3931003,46.86176483,5192058.333,453722.7774,5.7412,61.9,TRUE,3.6,404,300
7864,2022/10/8 14:49,131.3931777,46.86178417,5192060.437,453728.6959,6.1116,70,TRUE,3.6,399,300
7865,2022/10/8 14:49,131.3932575,46.86180117,5192062.28,453734.7954,5.7412,69,TRUE,3.6,433,300
7866,2022/10/8 14:49,131.3933375,46.861817,5192063.993,453740.9091,6.44496,73.4,TRUE,3.6,442,300
7867,2022/10/8 14:49,131.3934227,46.86183667,5192066.129,453747.4226,5.61156,61.6,TRUE,3.6,381,300
7868,2022/10/8 14:49,131.3934927,46.86186267,5192068.978,453752.7826,5.85232,70.6,TRUE,3.6,438,300
7869,2022/10/8 14:50,131.393576,46.8618845,5192071.356,453759.1531,6.1116,57,TRUE,3.6,347,300
7870,2022/10/8 14:50,131.3936542,46.861904,5192073.478,453765.1327,6.40792,61.2,TRUE,3.6,439,300
7871,2022/10/8 14:50,131.3937208,46.86192367,5192075.625,453770.2279,5.40784,55.5,TRUE,3.6,462,300
7872,2022/10/8 14:50,131.393791,46.86194333,5192077.769,453775.5976,4.48184,74.2,TRUE,3.6,479,300
7873,2022/10/8 14:50,131.3938645,46.86196133,5192079.727,453781.2175,5.68564,68,TRUE,3.6,476,300
7874,2022/10/8 14:50,131.3939518,46.861981,5192081.862,453787.8912,5.3708,72.3,TRUE,3.6,455,300
7875,2022/10/8 14:50,131.3940348,46.8620015,5192084.092,453794.2376,6.13012,79,TRUE,3.6,434,300
7876,2022/10/8 14:50,131.3941185,46.86201967,5192086.063,453800.6354,5.4634,71.5,TRUE,3.6,471,300
7877,2022/10/8 14:50,131.3941988,46.86204133,5192088.424,453806.777,6.42644,71.6,TRUE,3.6,353,300
7878,2022/10/8 14:50,131.3942753,46.8620615,5192090.621,453812.6275,5.77824,76,TRUE,3.6,371,300
7879,2022/10/8 14:50,131.3943497,46.86207483,5192092.059,453818.312,6.22272,68.7,TRUE,3.6,409,300
7880,2022/10/8 14:50,131.394434,46.86209383,5192094.122,453824.7563,5.01892,67.8,TRUE,3.6,500,300
7881,2022/10/8 14:50,131.3945092,46.86210867,5192095.727,453830.5031,5.33376,67.1,TRUE,3.6,436,300
7882,2022/10/8 14:50,131.394592,46.86213117,5192098.18,453836.836,7.0376,59.6,TRUE,3.6,495,300
7883,2022/10/8 14:50,131.3946823,46.86214717,5192099.905,453843.7352,5.05596,69.3,TRUE,3.6,500,300
7884,2022/10/8 14:51,131.3947668,46.86216267,5192101.579,453850.1917,5.42636,73.1,TRUE,3.6,494,300
7885,2022/10/8 14:51,131.3948468,46.86218267,5192103.755,453856.3089,6.25976,65.2,TRUE,3.6,365,300
7886,2022/10/8 14:51,131.3949332,46.86220333,5192106.001,453862.9147,6.13012,64.4,TRUE,3.6,468,300
7887,2022/10/8 14:51,131.3950187,46.86222817,5192108.712,453869.4555,5.51896,69.3,TRUE,3.6,347,300
7888,2022/10/8 14:51,131.3950985,46.86224567,5192110.611,453875.5553,5.1856,74.3,TRUE,3.6,361,300
7889,2022/10/8 14:51,131.3951842,46.862261,5192112.265,453882.1031,3.6114,47.7,TRUE,3.6,473,300
7890,2022/10/8 14:51,131.3951932,46.86227867,5192114.224,453882.8045,0,0,FALSE,3.6,0,300
7891,2022/10/8 14:51,131.3951843,46.86227833,5192114.191,453882.1256,0,0,FALSE,3.6,0,300
7892,2022/10/8 14:51,131.395186,46.86228267,5192114.673,453882.2589,0,0,FALSE,3.6,0,300
7893,2022/10/8 14:51,131.3951707,46.86227217,5192113.514,453881.0833,3.57436,214.7,FALSE,3.6,0,300
7894,2022/10/8 14:51,131.3951463,46.862244,5192110.397,453879.1986,1.51864,170.4,FALSE,3.6,0,300
7895,2022/10/8 14:51,131.3951417,46.862234,5192109.288,453878.8393,0,0,FALSE,3.6,0,300
7896,2022/10/8 14:51,131.3951367,46.86223483,5192109.383,453878.4588,5.03744,6.3,FALSE,3.6,0,300
7897,2022/10/8 14:51,131.3951173,46.86229017,5192115.547,453877.0269,4.09292,332,FALSE,3.6,0,300
7898,2022/10/8 14:51,131.3950838,46.86230717,5192117.456,453874.4871,3.7966,290.4,FALSE,3.6,0,300
7899,2022/10/8 14:52,131.3950683,46.86230567,5192117.299,453873.3039,0,0,FALSE,3.6,0,300
7900,2022/10/8 14:52,131.3951088,46.862298,5192116.422,453876.3855,3.22248,96.7,FALSE,3.6,0,300
7901,2022/10/8 14:52,131.39515,46.86228567,5192115.027,453879.5165,3.31508,93.9,FALSE,3.6,0,300
7902,2022/10/8 14:52,131.3951793,46.86228867,5192115.344,453881.7532,0,68.9,FALSE,3.6,0,300
7903,2022/10/8 14:52,131.395175,46.86228417,5192114.846,453881.4215,0,0,FALSE,3.6,0,300
7904,2022/10/8 14:52,131.3951723,46.86228417,5192114.847,453881.2156,0,0,FALSE,3.6,0,300
7905,2022/10/8 14:52,131.3951727,46.862285,5192114.939,453881.2468,0,0,FALSE,3.6,0,300
7906,2022/10/8 14:52,131.3951558,46.86228683,5192115.153,453879.9597,5.11152,271.7,TRUE,3.6,405,300
7907,2022/10/8 14:52,131.395082,46.862295,5192116.104,453874.3394,3.92624,257.2,TRUE,3.6,497,300
7908,2022/10/8 14:52,131.3950388,46.86229533,5192116.166,453871.0456,4.27812,258.6,TRUE,3.6,464,300
7909,2022/10/8 14:52,131.3949792,46.86228717,5192115.294,453866.4941,4.70408,243.7,TRUE,3.6,488,300
7910,2022/10/8 14:52,131.3949103,46.86226083,5192112.407,453861.2178,4.38924,258.8,TRUE,3.6,495,300
7911,2022/10/8 14:52,131.3948307,46.86224133,5192110.286,453855.1316,4.74112,256.7,TRUE,3.6,500,300
7912,2022/10/8 14:52,131.3947545,46.8622215,5192108.126,453849.3042,5.07448,252.9,TRUE,3.6,434,300
7913,2022/10/8 14:52,131.3946838,46.8621985,5192105.611,453843.8936,6.13012,249.5,TRUE,3.6,490,300
7914,2022/10/8 14:53,131.394612,46.86218667,5192104.338,453838.4086,5.40784,256.4,TRUE,3.6,317,300
7915,2022/10/8 14:53,131.3945282,46.862172,5192102.756,453832.0062,5.77824,257.9,TRUE,3.6,387,300
7916,2022/10/8 14:53,131.394448,46.862152,5192100.58,453825.8737,5.61156,253.7,TRUE,3.6,418,300
7917,2022/10/8 14:53,131.3943617,46.86213267,5192098.482,453819.2767,5.63008,246.2,TRUE,3.6,475,300
7918,2022/10/8 14:53,131.3942787,46.86211217,5192096.252,453812.9302,5.75972,252,TRUE,3.6,500,300
7919,2022/10/8 14:53,131.394196,46.86209,5192093.836,453806.6052,4.98188,261.2,TRUE,3.6,500,300
7920,2022/10/8 14:53,131.3941188,46.86207867,5192092.622,453800.7089,7.64876,261,TRUE,3.6,500,300
7921,2022/10/8 14:53,131.3940342,46.86206633,5192091.3,453794.2475,6.37088,254.4,TRUE,3.6,398,300
7922,2022/10/8 14:53,131.3939595,46.862054,5192089.973,453788.5409,5.57452,244.4,TRUE,3.6,466,300
7923,2022/10/8 14:53,131.3938793,46.86203217,5192087.593,453782.4069,6.25976,243.2,TRUE,3.6,432,300
7924,2022/10/8 14:53,131.3938023,46.86201333,5192085.544,453776.5193,5.75972,261.5,TRUE,3.6,439,300
7925,2022/10/8 14:53,131.3937247,46.86198867,5192082.849,453770.5811,5.85232,260.7,TRUE,3.6,372,300
7926,2022/10/8 14:53,131.3936392,46.86196183,5192079.915,453764.0385,5.51896,247.8,TRUE,3.6,370,300
7927,2022/10/8 14:53,131.3935563,46.86194283,5192077.852,453757.701,5.093,246.9,TRUE,3.6,441,300
7928,2022/10/8 14:53,131.3934772,46.861916,5192074.916,453751.6465,6.98204,257.9,TRUE,3.6,351,300
7929,2022/10/8 14:54,131.3933958,46.86189133,5192072.221,453745.4184,5.07448,256.6,TRUE,3.6,431,300
7930,2022/10/8 14:54,131.3933142,46.86187667,5192070.64,453739.1837,5.59304,258.4,TRUE,3.6,425,300
7931,2022/10/8 14:54,131.3932297,46.86185933,5192068.762,453732.7255,6.70424,267.8,TRUE,3.6,458,300
7932,2022/10/8 14:54,131.3931425,46.86183583,5192066.201,453726.0562,6.16716,249.9,TRUE,3.6,428,300
7933,2022/10/8 14:54,131.3930617,46.861811,5192063.488,453719.8737,5.98196,253.2,TRUE,3.6,342,300
7934,2022/10/8 14:54,131.3929793,46.86179183,5192061.406,453713.5741,6.31532,242.8,TRUE,3.6,489,300
7935,2022/10/8 14:54,131.3928965,46.861777,5192059.806,453707.2478,5.50044,252.7,TRUE,3.6,401,300
7936,2022/10/8 14:54,131.3928225,46.8617595,5192057.904,453701.5901,5.68564,252.3,TRUE,3.6,395,300
7937,2022/10/8 14:54,131.392741,46.86174233,5192056.043,453695.3608,6.25976,245.1,TRUE,3.6,445,300
7938,2022/10/8 14:54,131.3926637,46.86172817,5192054.515,453689.4544,6.18568,247.5,TRUE,3.6,444,300
7939,2022/10/8 14:54,131.3925863,46.8617045,5192051.929,453683.5321,6.22272,247.5,TRUE,3.6,459,300
7940,2022/10/8 14:54,131.3925035,46.86167133,5192048.29,453677.19,7.00056,262.3,TRUE,3.6,442,300
7941,2022/10/8 14:54,131.3924153,46.86165517,5192046.546,453670.4507,4.09292,252.2,TRUE,3.6,313,300
7942,2022/10/8 14:54,131.3923542,46.86163533,5192044.376,453665.7746,2.38908,246.3,TRUE,3.6,489,300
7943,2022/10/8 14:54,131.3923372,46.8616315,5192043.961,453664.475,0,40.9,FALSE,3.6,0,300
7944,2022/10/8 14:55,131.3923162,46.86162033,5192042.731,453662.8641,0,221.5,FALSE,3.6,0,300
7945,2022/10/8 14:55,131.3923178,46.86161717,5192042.379,453662.9834,0,0,FALSE,3.6,0,300
7946,2022/10/8 14:55,131.3923237,46.86163083,5192043.894,453663.445,3.6114,24.1,FALSE,3.6,0,300
7947,2022/10/8 14:55,131.3923363,46.86167267,5192048.538,453664.4418,3.18544,350.9,FALSE,3.6,0,300
7948,2022/10/8 14:55,131.3923482,46.86168367,5192049.754,453665.3587,0,0,FALSE,3.6,0,300
7949,2022/10/8 14:55,131.3923605,46.861653,5192046.337,453666.2702,2.9632,159.2,FALSE,3.6,0,300
7950,2022/10/8 14:55,131.3924008,46.86162233,5192042.904,453669.3168,3.64844,125.9,FALSE,3.6,0,300
7951,2022/10/8 14:55,131.3924565,46.861602,5192040.611,453673.5465,4.27812,73,FALSE,3.6,0,300
7952,2022/10/8 14:55,131.39247,46.86159767,5192040.122,453674.5722,0.926,58.3,FALSE,3.6,0,300
7953,2022/10/8 14:55,131.3924375,46.86159433,5192039.769,453672.0911,3.46324,245.2,FALSE,3.6,0,300
7954,2022/10/8 14:55,131.3923922,46.8615855,5192038.815,453668.6293,2.6854,236.4,FALSE,3.6,0,300
7955,2022/10/8 14:55,131.3923428,46.86157567,5192037.751,453664.854,3.27804,248.4,FALSE,3.6,0,300
7956,2022/10/8 14:55,131.3923022,46.8615635,5192036.422,453661.7477,2.37056,250.4,FALSE,3.6,0,300
7957,2022/10/8 14:55,131.3923082,46.86155933,5192035.955,453662.2016,0,0,FALSE,3.6,0,300
7958,2022/10/8 14:55,131.3923142,46.8615595,5192035.97,453662.6593,0,0,FALSE,3.6,0,300
7959,2022/10/8 14:56,131.3923158,46.8615625,5192036.303,453662.7839,0,0,FALSE,3.6,0,300
7960,2022/10/8 14:56,131.39235,46.86156683,5192036.764,453665.3954,3.9818,73.2,TRUE,3.6,432,300
7961,2022/10/8 14:56,131.39244,46.861576,5192037.73,453672.266,5.13004,76.1,TRUE,3.6,291,300
7962,2022/10/8 14:56,131.3925263,46.861592,5192039.458,453678.8603,5.59304,64.4,TRUE,3.6,319,300
7963,2022/10/8 14:56,131.3926292,46.86161217,5192041.64,453686.7239,6.51904,80.4,TRUE,3.6,408,300
7964,2022/10/8 14:56,131.3927098,46.86163517,5192044.149,453692.8896,5.61156,67.2,TRUE,3.6,446,300
7965,2022/10/8 14:56,131.3927842,46.861653,5192046.087,453698.5781,6.05604,78.2,TRUE,3.6,462,300
7966,2022/10/8 14:56,131.3928468,46.8616645,5192047.329,453703.3613,3.72252,78,TRUE,3.6,411,300
7967,2022/10/8 14:56,131.3929207,46.8616805,5192049.064,453709.0101,5.33376,75.6,TRUE,3.6,277,300
7968,2022/10/8 14:56,131.3929925,46.86170567,5192051.82,453714.5066,6.2042,61.2,TRUE,3.6,500,300
7969,2022/10/8 14:56,131.3930758,46.861721,5192053.475,453720.8716,5.90788,73,TRUE,3.6,439,300
7970,2022/10/8 14:56,131.3931553,46.86174217,5192055.781,453726.9518,5.9264,74.2,TRUE,3.6,499,300
7971,2022/10/8 14:56,131.3932277,46.86175967,5192057.684,453732.4874,4.87076,82.2,TRUE,3.6,421,300
7972,2022/10/8 14:56,131.3933018,46.86177783,5192059.659,453738.1533,5.6486,62.4,TRUE,3.6,325,300
7973,2022/10/8 14:56,131.39338,46.86180133,5192062.226,453744.1363,6.37088,75,TRUE,3.6,457,300
7974,2022/10/8 14:57,131.3934707,46.86181433,5192063.617,453751.0635,4.33368,61,TRUE,3.6,470,300
7975,2022/10/8 14:57,131.3935443,46.86183617,5192066.002,453756.6944,5.31524,78,TRUE,3.6,368,300
7976,2022/10/8 14:57,131.3936148,46.86186617,5192069.295,453762.0959,6.09308,66.3,TRUE,3.6,414,300
7977,2022/10/8 14:57,131.3936983,46.86188783,5192071.654,453768.4815,6.90796,78,TRUE,3.6,410,300
7978,2022/10/8 14:57,131.3937708,46.861906,5192073.631,453774.0253,5.29672,70,TRUE,3.6,437,300
7979,2022/10/8 14:57,131.3938455,46.86192883,5192076.125,453779.7409,5.03744,65.5,TRUE,3.6,458,300
7980,2022/10/8 14:57,131.3939232,46.86195233,5192078.692,453785.6858,6.00048,70.5,TRUE,3.6,448,300
7981,2022/10/8 14:57,131.3940058,46.8619765,5192081.33,453792.0049,5.33376,70.1,TRUE,3.6,424,300
7982,2022/10/8 14:57,131.394082,46.861991,5192082.897,453797.8277,5.2782,62.6,TRUE,3.6,376,300
7983,2022/10/8 14:57,131.3941553,46.862011,5192085.078,453803.4341,5.31524,67.5,TRUE,3.6,443,300
7984,2022/10/8 14:57,131.394235,46.862029,5192087.032,453809.5267,5.70416,80.8,TRUE,3.6,440,300
7985,2022/10/8 14:57,131.3943317,46.86204617,5192088.884,453816.9149,5.16708,76.8,TRUE,3.6,453,300
7986,2022/10/8 14:57,131.3944035,46.8620545,5192089.767,453822.3969,5.77824,73.5,TRUE,3.6,415,300
7987,2022/10/8 14:57,131.3944862,46.86207617,5192092.128,453828.7215,5.61156,74,TRUE,3.6,418,300
7988,2022/10/8 14:57,131.3945825,46.8620945,5192094.109,453836.0802,6.7598,74,TRUE,3.6,406,300
7989,2022/10/8 14:58,131.3946743,46.862114,5192096.223,453843.0968,5.79676,69.2,TRUE,3.6,391,300
7990,2022/10/8 14:58,131.3947572,46.86214283,5192099.379,453849.4427,6.33384,63.9,TRUE,3.6,454,300
7991,2022/10/8 14:58,131.394842,46.862163,5192101.571,453855.9261,6.019,56.5,TRUE,3.6,478,300
7992,2022/10/8 14:58,131.3949208,46.862186,5192104.082,453861.9544,6.31532,35.9,TRUE,3.6,349,300
7993,2022/10/8 14:58,131.3949615,46.86225083,5192111.265,453865.1133,6.44496,2.6,TRUE,3.6,399,300
7994,2022/10/8 14:58,131.3949528,46.8623125,5192118.126,453864.5028,3.6114,0.8,TRUE,3.6,482,300
7995,2022/10/8 14:58,131.3949445,46.86236417,5192123.875,453863.9141,5.53748,354.4,TRUE,3.6,500,300
7996,2022/10/8 14:58,131.3949352,46.862419,5192129.975,453863.252,4.92632,351.3,TRUE,3.6,500,300
7997,2022/10/8 14:58,131.3949413,46.86248,5192136.753,453863.7694,4.92632,350.4,TRUE,3.6,500,300
7998,2022/10/8 14:58,131.3949397,46.86253683,5192143.072,453863.6961,5.44488,348.2,TRUE,3.6,490,300
7999,2022/10/8 14:58,131.3949335,46.86259517,5192149.561,453863.2733,4.59296,345.8,TRUE,3.6,500,300
8000,2022/10/8 14:58,131.3949188,46.86264117,5192154.683,453862.1918,4.09292,349.1,TRUE,3.6,500,300
8001,2022/10/8 14:58,131.3949067,46.86268983,5192160.1,453861.3109,5.20412,349.3,TRUE,3.6,483,300
8002,2022/10/8 14:58,131.3949072,46.8627465,5192166.399,453861.3975,5.4634,353.1,TRUE,3.6,500,300
8003,2022/10/8 14:58,131.394898,46.8628075,5192173.186,453860.7483,5.40784,355.6,TRUE,3.6,483,300
8004,2022/10/8 14:59,131.394887,46.86286133,5192179.177,453859.9557,5.9264,351.9,TRUE,3.6,491,300
8005,2022/10/8 14:59,131.3948782,46.86291733,5192185.407,453859.3327,5.31524,356,TRUE,3.6,485,300
8006,2022/10/8 14:59,131.3948672,46.8629735,5192191.658,453858.542,4.96336,347.1,TRUE,3.6,500,300
8007,2022/10/8 14:59,131.394858,46.863031,5192198.055,453857.8898,5.35228,348.4,TRUE,3.6,499,300
8008,2022/10/8 14:59,131.3948462,46.863088,5192204.399,453857.0389,5.24116,349.2,TRUE,3.6,496,300
8009,2022/10/8 14:59,131.394836,46.86314133,5192210.334,453856.3068,5.40784,350.2,TRUE,3.6,498,300
8010,2022/10/8 14:59,131.3948268,46.86319817,5192216.658,453855.654,5.29672,343.1,TRUE,3.6,500,300
8011,2022/10/8 14:59,131.394815,46.86325317,5192222.779,453854.8014,5.44488,349.1,TRUE,3.6,500,300
8012,2022/10/8 14:59,131.3948022,46.8633125,5192229.382,453853.8763,5.14856,352.5,TRUE,3.6,487,300
8013,2022/10/8 14:59,131.3947932,46.86336933,5192235.705,453853.2387,5.2782,346.6,TRUE,3.6,482,300
8014,2022/10/8 14:59,131.394785,46.863427,5192242.121,453852.6629,4.94484,351.7,TRUE,3.6,500,300
8015,2022/10/8 14:59,131.3947782,46.86348383,5192248.443,453852.1931,5.4634,355.6,TRUE,3.6,500,300
8016,2022/10/8 14:59,131.3947677,46.86353967,5192254.656,453851.4403,5.6486,352.6,TRUE,3.6,497,300
8017,2022/10/8 14:59,131.3947602,46.86359983,5192261.349,453850.92,5.20412,352.3,TRUE,3.6,493,300
8018,2022/10/8 14:59,131.394756,46.86365683,5192267.688,453850.6486,5.40784,347.1,TRUE,3.6,494,300
8019,2022/10/8 15:00,131.3947487,46.86371233,5192273.862,453850.1396,5.29672,351.2,TRUE,3.6,498,300
8020,2022/10/8 15:00,131.3947403,46.86376967,5192280.241,453849.5482,5.70416,353.9,TRUE,3.6,483,300
8021,2022/10/8 15:00,131.3947253,46.86382583,5192286.493,453848.4526,5.50044,346.6,TRUE,3.6,500,300
8022,2022/10/8 15:00,131.3947162,46.86388133,5192292.668,453847.8063,5.556,356.5,TRUE,3.6,497,300
8023,2022/10/8 15:00,131.394717,46.8639385,5192299.023,453847.9163,4.77816,356.8,TRUE,3.6,500,300
8024,2022/10/8 15:00,131.3947102,46.86399767,5192305.605,453847.4485,5.6486,353.6,TRUE,3.6,495,300
8025,2022/10/8 15:00,131.3947042,46.864053,5192311.759,453847.0385,5.70416,347,TRUE,3.6,500,300
8026,2022/10/8 15:00,131.3946933,46.86411017,5192318.121,453846.2564,5.556,349.7,TRUE,3.6,500,300
8027,2022/10/8 15:00,131.3946822,46.86416383,5192324.093,453845.456,5.25968,351.6,TRUE,3.6,495,300
8028,2022/10/8 15:00,131.3946782,46.864218,5192330.117,453845.1974,5.8338,352.9,TRUE,3.6,500,300
8029,2022/10/8 15:00,131.3946627,46.86427633,5192336.611,453844.0656,5.57452,352.3,TRUE,3.6,500,300
8030,2022/10/8 15:00,131.3946483,46.864334,5192343.03,453843.017,5.38932,353.4,TRUE,3.6,479,300
8031,2022/10/8 15:00,131.3946452,46.86439283,5192349.572,453842.8311,4.7226,349.9,TRUE,3.6,486,300
8032,2022/10/8 15:00,131.3946347,46.86444283,5192355.137,453842.0733,5.31524,352,TRUE,3.6,499,300
8033,2022/10/8 15:00,131.394621,46.864497,5192361.167,453841.0752,4.85224,348.2,TRUE,3.6,500,300
8034,2022/10/8 15:01,131.3946033,46.86455383,5192367.495,453839.7743,5.13004,350.3,TRUE,3.6,491,300
8035,2022/10/8 15:01,131.3945942,46.8645985,5192372.466,453839.1187,5.3708,352.8,TRUE,3.6,492,300
8036,2022/10/8 15:01,131.3945912,46.86465533,5192378.786,453838.9387,5.7412,351,TRUE,3.6,500,300
8037,2022/10/8 15:01,131.3945853,46.86471033,5192384.903,453838.536,5.61156,351.6,TRUE,3.6,500,300
8038,2022/10/8 15:01,131.394586,46.8647735,5192391.925,453838.6435,5.98196,355.5,TRUE,3.6,500,300
8039,2022/10/8 15:01,131.3945692,46.8648345,5192398.716,453837.4149,5.75972,349.6,TRUE,3.6,490,300
8040,2022/10/8 15:01,131.3945693,46.86489083,5192404.978,453837.4708,5.16708,352.5,TRUE,3.6,500,300
8041,2022/10/8 15:01,131.3945518,46.8649445,5192410.955,453836.1825,5.48192,349.8,TRUE,3.6,500,300
8042,2022/10/8 15:01,131.394541,46.86500483,5192417.668,453835.4107,6.019,353.9,TRUE,3.6,480,300
8043,2022/10/8 15:01,131.3945367,46.86506483,5192424.341,453835.1343,5.51896,352.7,TRUE,3.6,500,300
8044,2022/10/8 15:01,131.3945248,46.8651205,5192430.536,453834.2747,5.16708,352.4,TRUE,3.6,500,300
8045,2022/10/8 15:01,131.394513,46.86517333,5192436.416,453833.4203,6.019,351.7,TRUE,3.6,500,300
8046,2022/10/8 15:01,131.3945065,46.86522583,5192442.257,453832.9697,6.07456,353,TRUE,3.6,500,300
8047,2022/10/8 15:01,131.3945025,46.86528133,5192448.429,453832.7123,5.90788,352.9,TRUE,3.6,492,300
8048,2022/10/8 15:01,131.394497,46.86533617,5192454.528,453832.3399,5.7412,351,TRUE,3.6,500,300
8049,2022/10/8 15:02,131.3944923,46.86539217,5192460.757,453832.0296,5.13004,354,TRUE,3.6,496,300
8050,2022/10/8 15:02,131.3944912,46.86545183,5192467.389,453831.9968,5.6486,353.7,TRUE,3.6,486,300
8051,2022/10/8 15:02,131.39448,46.86551383,5192474.288,453831.196,5.07448,352.1,TRUE,3.6,492,300
8052,2022/10/8 15:02,131.3944683,46.8655615,5192479.595,453830.3448,5.11152,354.3,TRUE,3.6,500,300
8053,2022/10/8 15:02,131.3944547,46.8656175,5192485.828,453829.3559,5.31524,347.3,TRUE,3.6,500,300
8054,2022/10/8 15:02,131.3944343,46.8656765,5192492.399,453827.8511,6.05604,354.8,TRUE,3.6,493,300
8055,2022/10/8 15:02,131.3944317,46.865728,5192498.126,453827.697,5.14856,351,TRUE,3.6,500,300
8056,2022/10/8 15:02,131.3944232,46.86577517,5192503.374,453827.0893,4.92632,348.8,TRUE,3.6,500,300
8057,2022/10/8 15:02,131.3944127,46.86582767,5192509.217,453826.3338,4.42628,350.7,TRUE,3.6,500,300
8058,2022/10/8 15:02,131.394405,46.86588967,5192516.114,453825.7998,6.14864,0.2,TRUE,3.6,500,300
8059,2022/10/8 15:02,131.3944005,46.86595183,5192523.027,453825.51,6.37088,356.1,TRUE,3.6,500,300
8060,2022/10/8 15:02,131.3944018,46.866015,5192530.048,453825.6633,5.40784,353.5,TRUE,3.6,500,300
8061,2022/10/8 15:02,131.394399,46.86607167,5192536.35,453825.4984,5.16708,353.4,TRUE,3.6,491,300
8062,2022/10/8 15:02,131.3943787,46.866123,5192542.068,453823.9947,4.96336,349.3,TRUE,3.6,500,300
8063,2022/10/8 15:02,131.394368,46.86616833,5192547.114,453823.2177,5.79676,356.6,TRUE,3.6,500,300
8064,2022/10/8 15:03,131.3943538,46.8662225,5192553.144,453822.1815,5.556,350.7,TRUE,3.6,488,300
8065,2022/10/8 15:03,131.3943495,46.86627867,5192559.391,453821.9018,5.61156,354.6,TRUE,3.6,475,300
8066,2022/10/8 15:03,131.3943383,46.86632883,5192564.974,453821.0909,4.63,347.5,TRUE,3.6,500,300
8067,2022/10/8 15:03,131.3943247,46.866382,5192570.892,453820.0995,5.4634,353.7,TRUE,3.6,480,300
8068,2022/10/8 15:03,131.3943173,46.86644217,5192577.586,453819.5869,5.48192,352.2,TRUE,3.6,494,300
8069,2022/10/8 15:03,131.394309,46.86649033,5192582.944,453818.9954,4.9078,356.2,TRUE,3.6,500,300
8070,2022/10/8 15:03,131.394303,46.86654267,5192588.766,453818.5828,5.01892,345.9,TRUE,3.6,500,300
8071,2022/10/8 15:03,131.3942828,46.8666075,5192595.985,453817.0983,4.85224,351.4,TRUE,3.6,499,300
8072,2022/10/8 15:03,131.394279,46.866655,5192601.268,453816.8493,5.59304,354.2,TRUE,3.6,500,300
8073,2022/10/8 15:03,131.3942692,46.8667135,5192607.777,453816.1523,5.50044,353.2,TRUE,3.6,482,300
8074,2022/10/8 15:03,131.3942643,46.866775,5192614.617,453815.8314,6.05604,351.3,TRUE,3.6,500,300
8075,2022/10/8 15:03,131.3942552,46.86683117,5192620.867,453815.1858,5.13004,354.1,TRUE,3.6,500,300
8076,2022/10/8 15:03,131.3942522,46.86688233,5192626.556,453815.0009,5.51896,350.1,TRUE,3.6,497,300
8077,2022/10/8 15:03,131.394244,46.866935,5192632.416,453814.4209,5.20412,349.2,TRUE,3.6,500,300
8078,2022/10/8 15:03,131.3942308,46.866994,5192638.982,453813.4651,5.3708,347.9,TRUE,3.6,500,300
8079,2022/10/8 15:04,131.3942073,46.86704167,5192644.296,453811.7142,5.2782,353.5,TRUE,3.6,500,300
8080,2022/10/8 15:04,131.3941938,46.86709167,5192649.862,453810.7278,5.50044,354.5,TRUE,3.6,476,300
8081,2022/10/8 15:04,131.3941855,46.8671475,5192656.073,453810.1429,5.50044,354.1,TRUE,3.6,492,300
8082,2022/10/8 15:04,131.3941847,46.86720117,5192662.04,453810.1279,5.13004,353.4,TRUE,3.6,500,300
8083,2022/10/8 15:04,131.394179,46.86725317,5192667.824,453809.7379,5.25968,354.3,TRUE,3.6,500,300
8084,2022/10/8 15:04,131.394173,46.8673115,5192674.312,453809.3305,6.31532,0.1,TRUE,3.6,486,300
8085,2022/10/8 15:04,131.3941567,46.86735767,5192679.454,453808.1273,4.63,356.8,TRUE,3.6,466,300
8086,2022/10/8 15:04,131.3941448,46.86741033,5192685.315,453807.2652,5.77824,354.2,TRUE,3.6,460,300
8087,2022/10/8 15:04,131.3941433,46.86747283,5192692.264,453807.2045,5.63008,349.9,TRUE,3.6,455,300
8088,2022/10/8 15:04,131.3941318,46.8675365,5192699.349,453806.3823,5.87084,357.7,TRUE,3.6,491,300
8089,2022/10/8 15:04,131.3941302,46.86758917,5192705.205,453806.3055,5.94492,354.3,TRUE,3.6,494,300
8090,2022/10/8 15:04,131.3941237,46.8676355,5192710.36,453805.8497,5.96344,357.8,TRUE,3.6,486,300
8091,2022/10/8 15:04,131.3941142,46.867681,5192715.423,453805.1644,5.66712,354.7,TRUE,3.6,462,300
8092,2022/10/8 15:04,131.3941095,46.86774533,5192722.577,453804.8612,5.4634,353.4,TRUE,3.6,500,300
8093,2022/10/8 15:04,131.3940907,46.86780667,5192729.408,453803.4805,5.75972,352.9,TRUE,3.6,495,300
8094,2022/10/8 15:05,131.3940777,46.867864,5192735.788,453802.5385,5.53748,351.5,TRUE,3.6,500,300
8095,2022/10/8 15:05,131.3940675,46.8679175,5192741.742,453801.8067,5.11152,351.2,TRUE,3.6,479,300
8096,2022/10/8 15:05,131.3940527,46.86797117,5192747.717,453800.7244,4.64852,355.2,TRUE,3.6,499,300
8097,2022/10/8 15:05,131.3940412,46.86802,5192753.152,453799.8895,5.51896,355,TRUE,3.6,500,300
8098,2022/10/8 15:05,131.3940402,46.868089,5192760.823,453799.8725,6.482,355,TRUE,3.6,500,300
8099,2022/10/8 15:05,131.394039,46.868148,5192767.383,453799.8316,4.98188,345.4,TRUE,3.6,483,300
8100,2022/10/8 15:05,131.3940382,46.86819967,5192773.127,453799.8149,5.98196,354.1,TRUE,3.6,494,300
8101,2022/10/8 15:05,131.3940338,46.8682575,5192779.559,453799.5291,6.51904,355.8,TRUE,3.6,464,300
8102,2022/10/8 15:05,131.3940213,46.86831133,5192785.55,453798.6222,6.2968,351.7,TRUE,3.6,495,300
8103,2022/10/8 15:05,131.3940167,46.86837233,5192792.334,453798.3239,5.57452,350.8,TRUE,3.6,500,300
8104,2022/10/8 15:05,131.3940017,46.868426,5192798.31,453797.2263,6.3894,356.2,TRUE,3.6,500,300
8105,2022/10/8 15:05,131.393985,46.86848767,5192805.175,453796.006,6.25976,351.4,TRUE,3.6,482,300
8106,2022/10/8 15:05,131.3939728,46.86855233,5192812.37,453795.1313,5.70416,353.9,TRUE,3.6,455,300
8107,2022/10/8 15:05,131.393967,46.86860883,5192818.655,453794.7376,5.51896,351.4,TRUE,3.6,498,300
8108,2022/10/8 15:05,131.3939555,46.86867033,5192825.498,453793.9136,5.7412,352.9,TRUE,3.6,500,300
8109,2022/10/8 15:06,131.3939427,46.86872567,5192831.658,453792.9852,5.33376,350.6,TRUE,3.6,456,300
8110,2022/10/8 15:06,131.3939345,46.86877817,5192837.499,453792.405,5.48192,349.2,TRUE,3.6,471,300
8111,2022/10/8 15:06,131.3939255,46.868832,5192843.489,453791.7651,6.46348,353.3,TRUE,3.6,500,300
8112,2022/10/8 15:06,131.3939197,46.86889333,5192850.31,453791.3755,5.44488,352.8,TRUE,3.6,484,300
8113,2022/10/8 15:06,131.3939125,46.868947,5192856.28,453790.8726,5.59304,345.7,TRUE,3.6,494,300
8114,2022/10/8 15:06,131.3939025,46.86900083,5192862.271,453790.1564,6.09308,354.7,TRUE,3.6,500,300
8115,2022/10/8 15:06,131.3938998,46.86906633,5192869.554,453790.0068,5.59304,359.2,TRUE,3.6,488,300
8116,2022/10/8 15:06,131.3938897,46.86912333,5192875.896,453789.2857,5.85232,352.2,TRUE,3.6,486,300
8117,2022/10/8 15:06,131.3938693,46.86917183,5192881.3,453787.772,5.90788,352.2,TRUE,3.6,499,300
8118,2022/10/8 15:06,131.393859,46.86923483,5192888.309,453787.0408,6.13012,357.3,TRUE,3.6,499,300
8119,2022/10/8 15:06,131.393857,46.869293,5192894.777,453786.9382,5.44488,357.7,TRUE,3.6,460,300
8120,2022/10/8 15:06,131.3938407,46.86934983,5192901.105,453785.7443,5.40784,346.9,TRUE,3.6,457,300
8121,2022/10/8 15:06,131.393839,46.86941017,5192907.813,453785.6664,5.94492,353.2,TRUE,3.6,487,300
8122,2022/10/8 15:06,131.3938128,46.8694645,5192913.869,453783.7156,5.51896,355.2,TRUE,3.6,500,300
8123,2022/10/8 15:06,131.3938058,46.8695255,5192920.654,453783.2342,6.46348,352.9,TRUE,3.6,482,300
8124,2022/10/8 15:07,131.3937928,46.86958567,5192927.351,453782.2948,5.94492,349.2,TRUE,3.6,474,300
8125,2022/10/8 15:07,131.393792,46.86965083,5192934.595,453782.2897,5.7412,354.9,TRUE,3.6,471,300
8126,2022/10/8 15:07,131.3937802,46.86970467,5192940.587,453781.4363,5.48192,353.1,TRUE,3.6,449,300
8127,2022/10/8 15:07,131.3937777,46.869765,5192947.295,453781.2975,5.556,347.5,TRUE,3.6,485,300
8128,2022/10/8 15:07,131.3937547,46.86981617,5192952.997,453779.5879,5.33376,358,TRUE,3.6,430,300
8129,2022/10/8 15:07,131.3937438,46.86986983,5192958.969,453778.8029,2.8706,338.7,TRUE,3.6,460,300
8130,2022/10/8 15:07,131.393723,46.86990433,5192962.816,453777.2467,4.00032,324.2,FALSE,3.6,0,300
8131,2022/10/8 15:07,131.3936818,46.8699125,5192963.749,453774.1127,0,299.3,FALSE,3.6,0,300
8132,2022/10/8 15:07,131.3936833,46.86991433,5192963.951,453774.2286,0,0,FALSE,3.6,0,300
8133,2022/10/8 15:07,131.3937123,46.8699085,5192963.286,453776.4346,2.90764,92.5,FALSE,3.6,0,300
8134,2022/10/8 15:07,131.393764,46.86991633,5192964.126,453780.3829,3.53732,76.2,FALSE,3.6,0,300
8135,2022/10/8 15:07,131.3938287,46.86992133,5192964.644,453785.3199,3.74104,77.9,FALSE,3.6,0,300
8136,2022/10/8 15:07,131.3938812,46.86993117,5192965.707,453789.331,3.96328,78.6,FALSE,3.6,0,300
8137,2022/10/8 15:07,131.3939185,46.8699345,5192966.055,453792.1776,3.6114,75,FALSE,3.6,0,300
8138,2022/10/8 15:07,131.3939758,46.8699395,5192966.577,453796.5504,3.37064,77.4,FALSE,3.6,0,300
8139,2022/10/8 15:08,131.3940197,46.86994883,5192967.589,453799.9054,0,84.4,FALSE,3.6,0,300
8140,2022/10/8 15:08,131.3940168,46.869949,5192967.609,453799.6844,0,0,FALSE,3.6,0,300
8141,2022/10/8 15:08,131.3940165,46.8699485,5192967.554,453799.6611,0,0,FALSE,3.6,0,300
8142,2022/10/8 15:08,131.3939875,46.86994417,5192967.09,453797.4464,5.75972,258.3,TRUE,3.6,500,300
8143,2022/10/8 15:08,131.3939158,46.86993433,5192966.038,453791.9716,5.14856,259.7,TRUE,3.6,345,300
8144,2022/10/8 15:08,131.393833,46.86992133,5192964.642,453785.6478,5.556,261.7,TRUE,3.6,499,300
8145,2022/10/8 15:08,131.3937527,46.86991233,5192963.688,453779.5179,4.92632,256,TRUE,3.6,500,300
8146,2022/10/8 15:08,131.3936745,46.869902,5192962.586,453773.5471,4.22256,258.6,TRUE,3.6,491,300
8147,2022/10/8 15:08,131.3935918,46.86988933,5192961.226,453767.2312,5.33376,256.7,TRUE,3.6,492,300
8148,2022/10/8 15:08,131.3935263,46.86988067,5192960.302,453762.23,6.2042,267.9,TRUE,3.6,445,300
8149,2022/10/8 15:08,131.3934385,46.86987067,5192959.242,453755.5275,2.74096,264.2,TRUE,3.6,500,300
8150,2022/10/8 15:08,131.3933868,46.86986367,5192958.494,453751.5799,5.68564,262.9,TRUE,3.6,305,300
8151,2022/10/8 15:08,131.393294,46.86984983,5192957.01,453744.4929,5.53748,263.4,TRUE,3.6,500,300
8152,2022/10/8 15:08,131.3932175,46.86983783,5192955.722,453738.6502,4.75964,267.8,TRUE,3.6,427,300
8153,2022/10/8 15:08,131.3931658,46.86982633,5192954.474,453734.6987,6.16716,250.4,TRUE,3.6,345,300
8154,2022/10/8 15:09,131.3930792,46.8698085,5192952.542,453728.081,5.3708,247.9,TRUE,3.6,444,300
8155,2022/10/8 15:09,131.3930032,46.86979033,5192950.567,453722.2711,5.94492,250.2,TRUE,3.6,338,300
8156,2022/10/8 15:09,131.3929192,46.869776,5192949.024,453715.8546,5.2782,271.4,TRUE,3.6,433,300
8157,2022/10/8 15:09,131.392846,46.869768,5192948.178,453710.2669,3.90772,266.5,TRUE,3.6,500,300
8158,2022/10/8 15:09,131.3927698,46.8697595,5192947.278,453704.4501,5.8338,261.4,TRUE,3.6,185,300
8159,2022/10/8 15:09,131.392697,46.869752,5192946.487,453698.8934,5.59304,261.7,TRUE,3.6,491,300
8160,2022/10/8 15:09,131.3926255,46.86974117,5192945.325,453693.4329,6.5746,262.3,TRUE,3.6,500,300
8161,2022/10/8 15:09,131.3925583,46.86973367,5192944.531,453688.3031,6.51904,260.5,TRUE,3.6,378,300
8162,2022/10/8 15:09,131.3925003,46.86972967,5192944.12,453683.8777,6.59312,258,TRUE,3.6,484,300
8163,2022/10/8 15:09,131.3924062,46.8697115,5192942.156,453676.6878,6.77832,263.2,TRUE,3.6,199,300
8164,2022/10/8 15:09,131.3923085,46.8696965,5192940.546,453669.2262,5.31524,254.1,FALSE,3.6,0,300
8165,2022/10/8 15:09,131.3922223,46.86968283,5192939.077,453662.6425,7.37096,259.1,TRUE,3.6,214,300
8166,2022/10/8 15:09,131.392133,46.86967217,5192937.945,453655.8251,7.24132,258.4,TRUE,3.6,390,300
8167,2022/10/8 15:09,131.3920492,46.86966167,5192936.827,453649.4271,6.2042,270.3,TRUE,3.6,443,300
8168,2022/10/8 15:09,131.3919512,46.8696525,5192935.866,453641.9476,5.75972,263.2,TRUE,3.6,375,300
8169,2022/10/8 15:10,131.3918707,46.8696385,5192934.357,453635.7982,5.35228,270.3,TRUE,3.6,426,300
8170,2022/10/8 15:10,131.391786,46.86962283,5192932.665,453629.3271,6.35236,262.2,TRUE,3.6,409,300
8171,2022/10/8 15:10,131.3916973,46.869612,5192931.513,453622.5553,5.61156,253.6,TRUE,3.6,488,300
8172,2022/10/8 15:10,131.3916088,46.8695945,5192929.62,453615.7929,5.87084,245.2,TRUE,3.6,465,300
8173,2022/10/8 15:10,131.3915342,46.86957583,5192927.589,453610.0893,4.64852,257.2,TRUE,3.6,328,300
8174,2022/10/8 15:10,131.3914472,46.8695545,5192925.269,453603.438,5.87084,248.2,TRUE,3.6,373,300
8175,2022/10/8 15:10,131.3913645,46.86954717,5192924.503,453597.1266,5.59304,260.4,TRUE,3.6,347,300
8176,2022/10/8 15:10,131.3912883,46.86954117,5192923.881,453591.3118,0.53708,260.9,TRUE,3.6,196,300
8177,2022/10/8 15:10,131.3912917,46.86954333,5192924.119,453591.5729,0,0,FALSE,3.6,0,300
8178,2022/10/8 15:10,131.3912905,46.869542,5192923.972,453591.4803,0,0,FALSE,3.6,0,300
8179,2022/10/8 15:10,131.3913132,46.8695395,5192923.681,453593.2088,4.38924,86.5,FALSE,3.6,0,300
8180,2022/10/8 15:10,131.3913852,46.86952667,5192922.212,453598.6871,4.4448,121.3,FALSE,3.6,0,300
8181,2022/10/8 15:10,131.3914257,46.8694975,5192918.945,453601.7497,4.33368,169.7,FALSE,3.6,0,300
8182,2022/10/8 15:10,131.3914027,46.86947417,5192916.365,453599.976,0,0,FALSE,3.6,0,300
8183,2022/10/8 15:10,131.3914077,46.8694955,5192918.733,453600.3756,5.11152,19.7,FALSE,3.6,0,300
8184,2022/10/8 15:11,131.3914288,46.86952067,5192921.519,453602.006,3.18544,60.4,FALSE,3.6,0,300
8185,2022/10/8 15:11,131.391432,46.86951,5192920.331,453602.2408,0,0,FALSE,3.6,0,300
8186,2022/10/8 15:11,131.3913972,46.86950083,5192919.332,453599.5797,4.7226,244.6,FALSE,3.6,0,300
8187,2022/10/8 15:11,131.391336,46.86948883,5192918.034,453594.9034,4.57444,265.7,FALSE,3.6,0,300
8188,2022/10/8 15:11,131.39128,46.86948733,5192917.901,453590.6326,1.07416,254.8,FALSE,3.6,0,300
8189,2022/10/8 15:11,131.3912302,46.86947967,5192917.079,453586.8292,1.03712,252.2,FALSE,3.6,0,300
8190,2022/10/8 15:11,131.3912287,46.8694785,5192916.949,453586.7139,0,0,FALSE,3.6,0,300
8191,2022/10/8 15:11,131.391234,46.8694755,5192916.613,453587.1154,3.59288,92.3,TRUE,3.6,79,300
8192,2022/10/8 15:11,131.3913027,46.86948217,5192917.314,453592.3589,3.8892,84.3,TRUE,3.6,485,300
8193,2022/10/8 15:11,131.3913332,46.869492,5192918.388,453594.6927,2.5002,77.2,TRUE,3.6,343,300
8194,2022/10/8 15:11,131.3913962,46.86950833,5192920.167,453599.5099,5.8338,77,TRUE,3.6,279,300
8195,2022/10/8 15:11,131.3914813,46.86951733,5192921.117,453606.0057,4.66704,82.5,TRUE,3.6,321,300
8196,2022/10/8 15:11,131.3915583,46.869527,5192922.146,453611.8846,4.7226,79.7,TRUE,3.6,375,300
8197,2022/10/8 15:11,131.3916305,46.869542,5192923.771,453617.4021,5.94492,84.3,TRUE,3.6,238,300
8198,2022/10/8 15:11,131.3917093,46.8695625,5192926.003,453623.4275,5.87084,82,TRUE,3.6,316,300
8199,2022/10/8 15:12,131.391795,46.869581,5192928.009,453629.9773,4.61148,77,TRUE,3.6,254,300
8200,2022/10/8 15:12,131.3918662,46.86959,5192928.968,453635.4134,6.18568,78.2,TRUE,3.6,477,300
8201,2022/10/8 15:12,131.3919398,46.86959083,5192929.017,453641.0254,5.59304,83.9,TRUE,3.6,459,300
8202,2022/10/8 15:12,131.3920158,46.8696065,5192930.714,453646.8332,5.0004,82.6,TRUE,3.6,443,300
8203,2022/10/8 15:12,131.3920845,46.86962133,5192932.322,453652.0837,5.40784,79,TRUE,3.6,411,300
8204,2022/10/8 15:12,131.3921623,46.86962733,5192932.943,453658.0203,5.81528,71.3,TRUE,3.6,419,300
8205,2022/10/8 15:12,131.3922517,46.86964417,5192934.762,453664.8507,5.33376,77.8,TRUE,3.6,364,300
8206,2022/10/8 15:12,131.392335,46.86965417,5192935.825,453671.2102,5.66712,79.4,TRUE,3.6,364,300
8207,2022/10/8 15:12,131.3924033,46.8696595,5192936.377,453676.422,5.98196,77.1,TRUE,3.6,262,300
8208,2022/10/8 15:12,131.3924888,46.869676,5192938.161,453682.9547,4.22256,83.1,TRUE,3.6,429,300
8209,2022/10/8 15:12,131.3925647,46.86968433,5192939.042,453688.7486,5.20412,83.9,TRUE,3.6,324,300
8210,2022/10/8 15:12,131.3926453,46.86969067,5192939.699,453694.899,5.50044,80.2,TRUE,3.6,380,300
8211,2022/10/8 15:12,131.3927282,46.869699,5192940.577,453701.2265,4.75964,83.6,TRUE,3.6,348,300
8212,2022/10/8 15:12,131.3927932,46.86970733,5192941.464,453706.1893,3.29656,79,TRUE,3.6,296,300
8213,2022/10/8 15:12,131.3928687,46.8697215,5192942.995,453711.9576,5.3708,65.4,TRUE,3.6,363,300
8214,2022/10/8 15:13,131.3929548,46.86974483,5192945.538,453718.542,4.2596,58.5,TRUE,3.6,301,300
8215,2022/10/8 15:13,131.3930415,46.86976667,5192947.915,453725.1708,5.03744,75.4,TRUE,3.6,380,300
8216,2022/10/8 15:13,131.3931212,46.8697785,5192949.183,453731.2573,4.57444,88.7,TRUE,3.6,335,300
8217,2022/10/8 15:13,131.393199,46.86978083,5192949.396,453737.1908,5.57452,89,TRUE,3.6,373,300
8218,2022/10/8 15:13,131.3932797,46.8697875,5192950.09,453743.3491,5.1856,74.2,TRUE,3.6,334,300
8219,2022/10/8 15:13,131.3933605,46.86981233,5192952.802,453749.5307,5.14856,73.5,TRUE,3.6,359,300
8220,2022/10/8 15:13,131.3934352,46.86981633,5192953.203,453755.2292,6.61164,82.7,TRUE,3.6,208,300
8221,2022/10/8 15:13,131.3935182,46.869829,5192954.563,453761.5681,6.13012,90.4,TRUE,3.6,326,300
8222,2022/10/8 15:13,131.393591,46.86983883,5192955.613,453767.1268,5.29672,84,TRUE,3.6,473,300
8223,2022/10/8 15:13,131.3936785,46.86985533,5192957.395,453773.812,5.94492,72.2,TRUE,3.6,436,300
8224,2022/10/8 15:13,131.3937705,46.86987117,5192959.102,453780.8397,4.7226,73.7,TRUE,3.6,472,300
8225,2022/10/8 15:13,131.393854,46.869886,5192960.702,453787.2185,6.1116,83.6,TRUE,3.6,437,300
8226,2022/10/8 15:13,131.3939415,46.8698955,5192961.706,453793.8976,6.13012,81.2,TRUE,3.6,424,300
8227,2022/10/8 15:13,131.3940052,46.8699005,5192962.225,453798.7584,6.83388,70.3,TRUE,3.6,500,300
