序列号,GPS时间,经度,纬度,x,y,速度(km/h),航向,工作状态,幅宽(m),深度(mm),深度标准值
10173,2022/10/19 13:39,131.4763013,47.0535905,5213337.859,460209.4549,5.3708,163.1,FALSE,5.3,0,300
10174,2022/10/19 13:39,131.4763193,47.05354683,5213332.995,460210.79,0,151.2,FALSE,5.3,0,300
10175,2022/10/19 13:39,131.4763102,47.05354333,5213332.611,460210.096,0,0,FALSE,5.3,0,300
10176,2022/10/19 13:39,131.4763083,47.05354417,5213332.705,460209.9522,0,82.8,FALSE,5.3,0,300
10177,2022/10/19 13:39,131.476308,47.05354433,5213332.723,460209.9296,0,0,FALSE,5.3,0,300
10178,2022/10/19 13:40,131.4763072,47.05354417,5213332.706,460209.8687,0,0,FALSE,5.3,0,300
10179,2022/10/19 13:40,131.4763048,47.05354283,5213332.558,460209.6853,0,0,FALSE,5.3,0,300
10180,2022/10/19 13:40,131.4763057,47.053542,5213332.465,460209.7531,0,0,FALSE,5.3,0,300
10181,2022/10/19 13:40,131.4763062,47.05354167,5213332.428,460209.7908,0,0,FALSE,5.3,0,300
10182,2022/10/19 13:40,131.4763077,47.05354233,5213332.501,460209.9053,0,0,FALSE,5.3,0,300
10183,2022/10/19 13:40,131.4763083,47.05354283,5213332.556,460209.9513,0,0,FALSE,5.3,0,300
10184,2022/10/19 13:40,131.4763103,47.053544,5213332.685,460210.1041,0,0,FALSE,5.3,0,300
10185,2022/10/19 13:40,131.4763125,47.053545,5213332.795,460210.272,0,0,FALSE,5.3,0,300
10186,2022/10/19 13:40,131.4763125,47.05354567,5213332.87,460210.2725,0,0,FALSE,5.3,0,300
10187,2022/10/19 13:40,131.476314,47.0535465,5213332.961,460210.3871,0,0,FALSE,5.3,0,300
10188,2022/10/19 13:40,131.4763153,47.05354717,5213333.035,460210.4863,0,0,FALSE,5.3,0,300
10189,2022/10/19 13:40,131.4763173,47.053548,5213333.126,460210.6389,0,0,FALSE,5.3,0,300
10190,2022/10/19 13:40,131.4763188,47.053549,5213333.237,460210.7536,0,0,FALSE,5.3,0,300
10191,2022/10/19 13:40,131.4763193,47.05354983,5213333.329,460210.7922,0,0,FALSE,5.3,0,300
10192,2022/10/19 13:40,131.4763202,47.05355067,5213333.422,460210.8612,0,0,FALSE,5.3,0,300
10193,2022/10/19 13:41,131.4763213,47.05355183,5213333.55,460210.9457,0,0,FALSE,5.3,0,300
10194,2022/10/19 13:41,131.4763228,47.05355267,5213333.643,460211.0603,0,0,FALSE,5.3,0,300
10195,2022/10/19 13:41,131.4763237,47.05355333,5213333.716,460211.1291,0,0,FALSE,5.3,0,300
10196,2022/10/19 13:41,131.4763235,47.05355383,5213333.771,460211.1143,0,0,FALSE,5.3,0,300
10197,2022/10/19 13:41,131.4763237,47.05355433,5213333.827,460211.1299,0,0,FALSE,5.3,0,300
10198,2022/10/19 13:41,131.4763242,47.05355483,5213333.882,460211.1683,0,0,FALSE,5.3,0,300
10199,2022/10/19 13:41,131.4763245,47.05355533,5213333.938,460211.1914,0,0,FALSE,5.3,0,300
10200,2022/10/19 13:41,131.476325,47.05355583,5213333.993,460211.2298,0,0,FALSE,5.3,0,300
10201,2022/10/19 13:41,131.4763253,47.05355633,5213334.048,460211.2529,0,0,FALSE,5.3,0,300
10202,2022/10/19 13:41,131.4763257,47.0535565,5213334.067,460211.2835,0,0,FALSE,5.3,0,300
10203,2022/10/19 13:41,131.4763258,47.05355683,5213334.104,460211.2913,0,0,FALSE,5.3,0,300
10204,2022/10/19 13:41,131.476326,47.05355733,5213334.159,460211.3069,0,0,FALSE,5.3,0,300
10205,2022/10/19 13:41,131.4763265,47.05355767,5213334.197,460211.3451,0,0,FALSE,5.3,0,300
10206,2022/10/19 13:41,131.4763263,47.05355783,5213334.215,460211.33,0,0,FALSE,5.3,0,300
10207,2022/10/19 13:41,131.4763265,47.053558,5213334.234,460211.3454,0,0,FALSE,5.3,0,300
10208,2022/10/19 13:42,131.4763263,47.05355833,5213334.27,460211.3304,0,0,FALSE,5.3,0,300
10209,2022/10/19 13:42,131.4763262,47.0535585,5213334.289,460211.3229,0,0,FALSE,5.3,0,300
10210,2022/10/19 13:42,131.476326,47.05355883,5213334.326,460211.308,0,0,FALSE,5.3,0,300
10211,2022/10/19 13:42,131.4763258,47.053559,5213334.345,460211.2929,0,0,FALSE,5.3,0,300
10212,2022/10/19 13:42,131.4763258,47.05355917,5213334.364,460211.2931,0,0,FALSE,5.3,0,300
10213,2022/10/19 13:42,131.4763257,47.05355933,5213334.382,460211.2856,0,0,FALSE,5.3,0,300
10214,2022/10/19 13:42,131.4763257,47.0535595,5213334.401,460211.2857,0,0,FALSE,5.3,0,300
10215,2022/10/19 13:42,131.4763257,47.0535595,5213334.401,460211.2857,0,0,FALSE,5.3,0,300
10216,2022/10/19 13:42,131.4763257,47.05355983,5213334.437,460211.2859,0,0,FALSE,5.3,0,300
10217,2022/10/19 13:42,131.4763257,47.05356017,5213334.475,460211.2862,0,0,FALSE,5.3,0,300
10218,2022/10/19 13:42,131.4763255,47.05356017,5213334.475,460211.271,0,0,FALSE,5.3,0,300
10219,2022/10/19 13:42,131.4763255,47.05356033,5213334.493,460211.2711,0,0,FALSE,5.3,0,300
10220,2022/10/19 13:42,131.4763257,47.0535605,5213334.512,460211.2864,0,0,FALSE,5.3,0,300
10221,2022/10/19 13:42,131.4763257,47.05356067,5213334.531,460211.2866,0,82,FALSE,5.3,0,300
10222,2022/10/19 13:42,131.4763258,47.05356117,5213334.586,460211.2945,0,0,FALSE,5.3,0,300
10223,2022/10/19 13:43,131.476326,47.0535615,5213334.623,460211.31,0,0,FALSE,5.3,0,300
10224,2022/10/19 13:43,131.4763262,47.05356167,5213334.642,460211.3253,0,0,FALSE,5.3,0,300
10225,2022/10/19 13:43,131.4763262,47.053562,5213334.678,460211.3255,0,0,FALSE,5.3,0,300
10226,2022/10/19 13:43,131.4763265,47.0535625,5213334.734,460211.3487,0,0,FALSE,5.3,0,300
10227,2022/10/19 13:43,131.4763267,47.05356283,5213334.77,460211.3642,0,0,FALSE,5.3,0,300
10228,2022/10/19 13:43,131.4763268,47.053563,5213334.789,460211.3719,0,0,FALSE,5.3,0,300
10229,2022/10/19 13:43,131.476327,47.053563,5213334.789,460211.3871,0,0,FALSE,5.3,0,300
10230,2022/10/19 13:43,131.476327,47.05356317,5213334.808,460211.3872,0,0,FALSE,5.3,0,300
10231,2022/10/19 13:43,131.4763272,47.0535635,5213334.845,460211.4026,0,0,FALSE,5.3,0,300
10232,2022/10/19 13:43,131.476327,47.05356383,5213334.881,460211.3877,0,0,FALSE,5.3,0,300
10233,2022/10/19 13:49,131.4765752,47.0535045,5213328.159,460230.2018,2.8706,105.2,TRUE,5.3,233,300
10234,2022/10/19 13:49,131.4766128,47.0535075,5213328.474,460233.0608,2.2224,127.6,TRUE,5.3,115,300
10235,2022/10/19 13:49,131.4766325,47.05349733,5213327.333,460234.5501,2.5002,127.7,TRUE,5.3,116,300
10236,2022/10/19 13:50,131.4767065,47.05346267,5213323.442,460240.1468,3.12988,115.7,TRUE,5.3,88,300
10237,2022/10/19 13:50,131.4767377,47.053455,5213322.574,460242.5117,2.46316,126.9,TRUE,5.3,125,300
10238,2022/10/19 13:50,131.4767543,47.0534325,5213320.064,460243.7562,1.74088,147.7,TRUE,5.3,141,300
10239,2022/10/19 13:50,131.4767602,47.0534615,5213323.285,460244.2261,0.90748,356.2,TRUE,5.3,148,300
10240,2022/10/19 13:50,131.4767687,47.05346283,5213323.429,460244.8729,0,0,FALSE,5.3,0,300
10241,2022/10/19 13:50,131.4767575,47.05352933,5213330.827,460244.0713,4.24108,18.7,TRUE,5.3,109,300
10242,2022/10/19 13:50,131.4767495,47.05357483,5213335.89,460243.4973,3.81512,0.9,TRUE,5.3,144,300
10243,2022/10/19 13:50,131.476757,47.05359083,5213337.665,460244.079,0,353.6,FALSE,5.3,0,300
10244,2022/10/19 13:50,131.476765,47.05359117,5213337.698,460244.6871,1.6668,355.8,TRUE,5.3,141,300
10245,2022/10/19 13:50,131.4767433,47.053621,5213341.026,460243.0605,3.27804,351.8,TRUE,5.3,125,300
10246,2022/10/19 13:50,131.4767417,47.053641,5213343.25,460242.9538,0,6.3,FALSE,5.3,0,300
10247,2022/10/19 13:50,131.4767458,47.053639,5213343.025,460243.2639,0,88.8,FALSE,5.3,0,300
10248,2022/10/19 13:51,131.4767465,47.05363983,5213343.117,460243.3177,0,0,FALSE,5.3,0,300
10249,2022/10/19 13:51,131.476744,47.05363883,5213343.007,460243.127,0,0,FALSE,5.3,0,300
10250,2022/10/19 13:51,131.47674,47.05363817,5213342.936,460242.8226,0,0,FALSE,5.3,0,300
10251,2022/10/19 13:51,131.4767385,47.05363717,5213342.826,460242.7079,0,0,FALSE,5.3,0,300
10252,2022/10/19 13:51,131.47674,47.053636,5213342.695,460242.821,0,0,FALSE,5.3,0,300
10253,2022/10/19 13:51,131.4767413,47.05363467,5213342.546,460242.9187,0,0,FALSE,5.3,0,300
10254,2022/10/19 13:51,131.4767422,47.0536335,5213342.416,460242.9863,0,0,FALSE,5.3,0,300
10255,2022/10/19 13:51,131.4767428,47.05363283,5213342.341,460243.0313,0,0,FALSE,5.3,0,300
10256,2022/10/19 13:51,131.4767425,47.05363167,5213342.212,460243.0077,0,0,FALSE,5.3,0,300
10257,2022/10/19 13:51,131.4767433,47.05363017,5213342.045,460243.0674,0,0,FALSE,5.3,0,300
10258,2022/10/19 13:51,131.4767435,47.05362933,5213341.951,460243.0819,0,0,FALSE,5.3,0,300
10259,2022/10/19 13:51,131.4767438,47.05362867,5213341.878,460243.1042,0,0,FALSE,5.3,0,300
10260,2022/10/19 13:51,131.476744,47.05362783,5213341.784,460243.1188,0,89.1,FALSE,5.3,0,300
10261,2022/10/19 13:51,131.4767442,47.05362733,5213341.729,460243.1336,0,0,FALSE,5.3,0,300
10262,2022/10/19 13:51,131.4767438,47.05362667,5213341.656,460243.1027,0,0,FALSE,5.3,0,300
10263,2022/10/19 13:52,131.4767437,47.05362617,5213341.6,460243.0948,0,0,FALSE,5.3,0,300
10264,2022/10/19 13:52,131.4767428,47.05362533,5213341.507,460243.0258,0,0,FALSE,5.3,0,300
10265,2022/10/19 13:52,131.4767423,47.053624,5213341.36,460242.9868,0,0,FALSE,5.3,0,300
10266,2022/10/19 13:52,131.4767423,47.053623,5213341.248,460242.9861,0,0,FALSE,5.3,0,300
10267,2022/10/19 13:52,131.4767425,47.053622,5213341.137,460243.0005,0,0,FALSE,5.3,0,300
10268,2022/10/19 13:52,131.4767428,47.053621,5213341.026,460243.0226,0,0,FALSE,5.3,0,300
10269,2022/10/19 13:52,131.476742,47.05361983,5213340.896,460242.9609,0,0,FALSE,5.3,0,300
10270,2022/10/19 13:52,131.4767413,47.05361867,5213340.768,460242.9069,0,0,FALSE,5.3,0,300
10271,2022/10/19 13:52,131.4767407,47.0536175,5213340.638,460242.8604,0,0,FALSE,5.3,0,300
10272,2022/10/19 13:52,131.47674,47.05361667,5213340.546,460242.8066,0,0,FALSE,5.3,0,300
10273,2022/10/19 13:52,131.4767393,47.05361583,5213340.453,460242.7528,0,0,FALSE,5.3,0,300
10274,2022/10/19 13:52,131.4767393,47.053615,5213340.361,460242.7522,0,0,FALSE,5.3,0,300
10275,2022/10/19 13:52,131.4767393,47.05361417,5213340.268,460242.7515,0,0,FALSE,5.3,0,300
10276,2022/10/19 13:52,131.4767392,47.0536135,5213340.194,460242.7435,0,0,FALSE,5.3,0,300
10277,2022/10/19 13:52,131.4767387,47.05361283,5213340.12,460242.705,0,0,FALSE,5.3,0,300
10278,2022/10/19 13:53,131.4767385,47.053612,5213340.027,460242.6892,0,0,FALSE,5.3,0,300
10279,2022/10/19 13:53,131.4767383,47.05361183,5213340.009,460242.6738,0,0,FALSE,5.3,0,300
10280,2022/10/19 13:53,131.4767382,47.053612,5213340.028,460242.6664,0,0,FALSE,5.3,0,300
10281,2022/10/19 13:53,131.4767385,47.05361217,5213340.046,460242.6893,0,0,FALSE,5.3,0,300
10282,2022/10/19 13:53,131.476739,47.053612,5213340.027,460242.7271,0,0,FALSE,5.3,0,300
10283,2022/10/19 13:53,131.4767392,47.053612,5213340.027,460242.7423,0,0,FALSE,5.3,0,300
10284,2022/10/19 13:53,131.4767387,47.05360483,5213339.23,460242.699,2.24092,175,TRUE,5.3,254,300
10285,2022/10/19 13:53,131.4767567,47.05355883,5213334.107,460244.0325,3.07432,178.1,TRUE,5.3,258,300
10286,2022/10/19 13:53,131.4767623,47.05352033,5213329.824,460244.4293,2.1298,171.1,TRUE,5.3,366,300
10287,2022/10/19 13:53,131.4767568,47.053496,5213327.122,460243.9934,3.22248,173.4,TRUE,5.3,400,300
10288,2022/10/19 13:53,131.4767798,47.053473,5213324.554,460245.7238,2.33352,153.3,TRUE,5.3,400,300
10289,2022/10/19 13:53,131.4767903,47.05344033,5213320.916,460246.4973,2.35204,154.1,TRUE,5.3,396,300
10290,2022/10/19 13:53,131.4767955,47.0534095,5213317.486,460246.8695,2.55576,165.2,TRUE,5.3,398,300
10291,2022/10/19 13:53,131.4768052,47.05338033,5213314.238,460247.5848,2.61132,168.9,TRUE,5.3,400,300
10292,2022/10/19 13:53,131.4768008,47.05334233,5213310.016,460247.2223,2.92616,171,TRUE,5.3,391,300
10293,2022/10/19 13:54,131.4768238,47.05330617,5213305.985,460248.943,2.98172,157.1,TRUE,5.3,400,300
10294,2022/10/19 13:54,131.476825,47.05327567,5213302.593,460249.0115,4.05588,164.3,TRUE,5.3,400,300
10295,2022/10/19 13:54,131.4768143,47.05322733,5213297.225,460248.1626,4.64852,175.8,TRUE,5.3,400,300
10296,2022/10/19 13:54,131.4768305,47.05317217,5213291.084,460249.3525,4.42628,165.5,TRUE,5.3,400,300
10297,2022/10/19 13:54,131.476864,47.053127,5213286.045,460251.8642,5.77824,168.5,TRUE,5.3,400,300
10298,2022/10/19 13:54,131.4768658,47.053075,5213280.264,460251.9624,4.85224,173.5,TRUE,5.3,400,300
10299,2022/10/19 13:54,131.4768935,47.05302517,5213274.71,460254.03,4.63,180.1,TRUE,5.3,400,300
10300,2022/10/19 13:54,131.4769097,47.052974,5213269.013,460255.2229,5.77824,176.3,TRUE,5.3,400,300
10301,2022/10/19 13:54,131.4769247,47.05291433,5213262.372,460256.3182,5.48192,164.2,TRUE,5.3,400,300
10302,2022/10/19 13:54,131.4769468,47.0528535,5213255.598,460257.9522,5.90788,172.6,TRUE,5.3,400,300
10303,2022/10/19 13:54,131.4769578,47.05279467,5213249.052,460258.7443,5.22264,176.7,TRUE,5.3,400,300
10304,2022/10/19 13:54,131.4769757,47.05274317,5213243.318,460260.0661,5.72268,174.8,TRUE,5.3,400,300
10305,2022/10/19 13:54,131.4769918,47.05268933,5213237.324,460261.2494,5.14856,159.8,TRUE,5.3,400,300
10306,2022/10/19 13:54,131.4770085,47.05262833,5213230.534,460262.473,6.05604,169.2,TRUE,5.3,400,300
10307,2022/10/19 13:54,131.4770155,47.052561,5213223.045,460262.9548,6.70424,173.5,TRUE,5.3,400,300
10308,2022/10/19 13:55,131.4770342,47.0525065,5213216.977,460264.3352,5.94492,168.5,TRUE,5.3,400,300
10309,2022/10/19 13:55,131.477042,47.05245217,5213210.933,460264.8875,6.70424,171.4,TRUE,5.3,400,300
10310,2022/10/19 13:55,131.4770615,47.0523885,5213203.845,460266.3218,6.37088,172.3,TRUE,5.3,400,300
10311,2022/10/19 13:55,131.4770793,47.05232833,5213197.147,460267.6296,5.98196,170.2,TRUE,5.3,400,300
10312,2022/10/19 13:55,131.4770955,47.05226617,5213190.228,460268.8144,6.1116,168.5,TRUE,5.3,400,300
10313,2022/10/19 13:55,131.4771095,47.05220567,5213183.495,460269.8332,6.18568,175.6,TRUE,5.3,400,300
10314,2022/10/19 13:55,131.4771238,47.05213483,5213175.613,460270.8671,6.05604,172.8,TRUE,5.3,400,300
10315,2022/10/19 13:55,131.4771403,47.05207583,5213169.045,460272.077,6.31532,171.4,TRUE,5.3,400,300
10316,2022/10/19 13:55,131.4771532,47.05202067,5213162.906,460273.0162,5.38932,169,TRUE,5.3,400,300
10317,2022/10/19 13:55,131.47717,47.05195833,5213155.967,460274.2464,6.2042,176.7,TRUE,5.3,400,300
10318,2022/10/19 13:55,131.4771898,47.05189133,5213148.509,460275.7011,6.019,172.8,TRUE,5.3,400,300
10319,2022/10/19 13:55,131.4772047,47.05183833,5213142.609,460276.7939,5.85232,169.1,TRUE,5.3,400,300
10320,2022/10/19 13:55,131.4772245,47.05178183,5213136.318,460278.2564,5.81528,166,TRUE,5.3,400,300
10321,2022/10/19 13:55,131.4772443,47.05171533,5213128.915,460279.7114,5.59304,165.6,TRUE,5.3,400,300
10322,2022/10/19 13:55,131.4772753,47.051644,5213120.969,460282.0139,5.38932,167.7,TRUE,5.3,398,300
10323,2022/10/19 13:56,131.477288,47.05158483,5213114.385,460282.935,5.59304,168.9,TRUE,5.3,400,300
10324,2022/10/19 13:56,131.477296,47.051527,5213107.952,460283.4999,5.556,175,TRUE,5.3,400,300
10325,2022/10/19 13:56,131.4773137,47.051464,5213100.939,460284.798,4.48184,165.6,TRUE,5.3,400,300
10326,2022/10/19 13:56,131.4773343,47.05140517,5213094.388,460286.3196,5.24116,166.4,TRUE,5.3,400,300
10327,2022/10/19 13:56,131.4773598,47.05134767,5213087.983,460288.2145,6.16716,167.1,TRUE,5.3,400,300
10328,2022/10/19 13:56,131.477369,47.0512865,5213081.178,460288.8681,5.6486,163.1,TRUE,5.3,400,300
10329,2022/10/19 13:56,131.4773798,47.05122233,5213074.039,460289.6411,5.44488,154.9,TRUE,5.3,400,300
10330,2022/10/19 13:56,131.477398,47.051157,5213066.767,460290.9755,6.14864,164.9,TRUE,5.3,400,300
10331,2022/10/19 13:56,131.4774217,47.05109683,5213060.065,460292.7317,6.46348,169.6,TRUE,5.3,400,300
10332,2022/10/19 13:56,131.4774368,47.05102583,5213052.164,460293.8263,6.88944,167.9,TRUE,5.3,400,300
10333,2022/10/19 13:56,131.4774472,47.05096383,5213045.267,460294.5705,6.40792,165.9,TRUE,5.3,400,300
10334,2022/10/19 13:56,131.4774635,47.05089317,5213037.403,460295.7566,7.00056,158.7,TRUE,5.3,400,300
10335,2022/10/19 13:56,131.477485,47.0508235,5213029.647,460297.3386,7.35244,169.6,TRUE,5.3,400,300
10336,2022/10/19 13:56,131.477507,47.05074917,5213021.372,460298.955,8.07472,173.4,TRUE,5.3,400,300
10337,2022/10/19 13:56,131.4775387,47.050682,5213013.889,460301.3139,6.945,169.6,TRUE,5.3,400,300
10338,2022/10/19 13:57,131.4775658,47.05061283,5213006.185,460303.3217,5.9264,173.8,TRUE,5.3,373,300
10339,2022/10/19 13:57,131.4775832,47.05054983,5212999.173,460304.5971,5.77824,175.6,TRUE,5.3,400,300
10340,2022/10/19 13:57,131.4776013,47.0504915,5212992.679,460305.9291,5.42636,168.2,TRUE,5.3,400,300
10341,2022/10/19 13:57,131.477609,47.05042883,5212985.708,460306.4677,7.74136,168.6,TRUE,5.3,390,300
10342,2022/10/19 13:57,131.4776345,47.0503555,5212977.543,460308.3509,7.5932,169.2,TRUE,5.3,400,300
10343,2022/10/19 13:57,131.4776512,47.05029517,5212970.827,460309.5751,3.85216,172.1,TRUE,5.3,400,300
10344,2022/10/19 13:57,131.477643,47.05027983,5212969.126,460308.9406,0,0,FALSE,5.3,0,300
10345,2022/10/19 13:57,131.4776385,47.0502795,5212969.092,460308.5985,0,0,FALSE,5.3,0,300
10346,2022/10/19 13:57,131.4776408,47.0502795,5212969.09,460308.7732,0,0,FALSE,5.3,0,300
10347,2022/10/19 13:57,131.4776433,47.05027867,5212968.997,460308.9626,0,0,FALSE,5.3,0,300
10348,2022/10/19 13:57,131.4776417,47.05025967,5212966.885,460308.8269,3.07432,180.6,TRUE,5.3,400,300
10349,2022/10/19 13:57,131.4776332,47.05022033,5212962.516,460308.1518,2.778,189.8,TRUE,5.3,400,300
10350,2022/10/19 13:57,131.47764,47.05019117,5212959.271,460308.6469,3.0558,165.4,TRUE,5.3,400,300
10351,2022/10/19 13:57,131.4776485,47.05017867,5212957.877,460309.2835,3.1484,167.5,TRUE,5.3,400,300
10352,2022/10/19 13:57,131.4776578,47.05015433,5212955.166,460309.9721,3.94476,160,TRUE,5.3,400,300
10353,2022/10/19 13:58,131.4776603,47.05012217,5212951.59,460310.1382,3.59288,170.9,TRUE,5.3,400,300
10354,2022/10/19 13:58,131.4776743,47.0500705,5212945.839,460311.1637,4.51888,170,TRUE,5.3,400,300
10355,2022/10/19 13:58,131.477698,47.0500215,5212940.379,460312.9281,4.00032,172.2,TRUE,5.3,400,300
10356,2022/10/19 13:58,131.4777085,47.04997567,5212935.279,460313.692,4.68556,176.4,TRUE,5.3,400,300
10357,2022/10/19 13:58,131.47772,47.0499295,5212930.14,460314.5316,4.03736,172.3,TRUE,5.3,400,300
10358,2022/10/19 13:58,131.4777345,47.04988217,5212924.871,460315.5982,4.40776,166.7,TRUE,5.3,400,300
10359,2022/10/19 13:58,131.4777493,47.0498305,5212919.119,460316.6845,4.77816,168.2,TRUE,5.3,400,300
10360,2022/10/19 13:58,131.4777637,47.0497785,5212913.331,460317.7401,5.24116,172.9,TRUE,5.3,400,300
10361,2022/10/19 13:58,131.4777727,47.04973233,5212908.194,460318.3897,5.16708,174.9,TRUE,5.3,400,300
10362,2022/10/19 13:58,131.477789,47.04967767,5212902.109,460319.5877,5.50044,165.6,TRUE,5.3,400,300
10363,2022/10/19 13:58,131.477807,47.04961917,5212895.596,460320.9121,5.07448,167.3,TRUE,5.3,400,300
10364,2022/10/19 13:58,131.4778352,47.04956317,5212889.356,460323.0134,5.03744,164.1,TRUE,5.3,400,300
10365,2022/10/19 13:58,131.4778577,47.04951117,5212883.564,460324.6845,6.13012,174.4,TRUE,5.3,400,300
10366,2022/10/19 13:58,131.4778768,47.04945533,5212877.347,460326.0944,6.22272,170.8,TRUE,5.3,400,300
10367,2022/10/19 13:58,131.477881,47.04939567,5212870.712,460326.3693,6.2042,174.2,TRUE,5.3,400,300
10368,2022/10/19 13:59,131.477891,47.0493305,5212863.462,460327.0808,6.00048,175.3,TRUE,5.3,400,300
10369,2022/10/19 13:59,131.4779173,47.04927333,5212857.093,460329.0368,6.2968,166.2,TRUE,5.3,400,300
10370,2022/10/19 13:59,131.4779498,47.0492225,5212851.425,460331.4687,6.03752,170.3,TRUE,5.3,400,300
10371,2022/10/19 13:59,131.4779657,47.04916117,5212844.599,460332.6314,6.00048,172.1,TRUE,5.3,400,300
10372,2022/10/19 13:59,131.4779778,47.04909367,5212837.089,460333.5008,6.55608,173.4,TRUE,5.3,400,300
10373,2022/10/19 13:59,131.477998,47.04903033,5212830.037,460334.9888,6.37088,166.4,TRUE,5.3,400,300
10374,2022/10/19 13:59,131.4780102,47.04897133,5212823.472,460335.872,5.9264,177.3,TRUE,5.3,400,300
10375,2022/10/19 13:59,131.4780472,47.04891217,5212816.876,460338.6397,6.63016,181.1,TRUE,5.3,400,300
10376,2022/10/19 13:59,131.4780568,47.04886267,5212811.368,460339.3325,6.00048,174.1,TRUE,5.3,400,300
10377,2022/10/19 13:59,131.4780615,47.04879667,5212804.029,460339.6407,6.63016,173.1,TRUE,5.3,400,300
10378,2022/10/19 13:59,131.478085,47.04873583,5212797.253,460341.3813,6.03752,170.3,TRUE,5.3,400,300
10379,2022/10/19 13:59,131.4781047,47.04867383,5212790.351,460342.8322,6.55608,172.4,TRUE,5.3,400,300
10380,2022/10/19 13:59,131.4781225,47.04860917,5212783.153,460344.1369,6.5746,177.3,TRUE,5.3,400,300
10381,2022/10/19 13:59,131.4781387,47.04854417,5212775.919,460345.3197,6.13012,179.1,TRUE,5.3,400,300
10382,2022/10/19 13:59,131.4781597,47.0484755,5212768.274,460346.8645,6.482,164.3,TRUE,5.3,400,300
10383,2022/10/19 14:00,131.4781733,47.04841483,5212761.522,460347.853,5.31524,165.6,TRUE,5.3,400,300
10384,2022/10/19 14:00,131.478193,47.0483605,5212755.472,460349.3097,5.85232,172.1,TRUE,5.3,400,300
10385,2022/10/19 14:00,131.4781977,47.04830433,5212749.226,460349.6252,4.96336,173.4,TRUE,5.3,400,300
10386,2022/10/19 14:00,131.4782168,47.04824667,5212742.806,460351.0338,4.79668,175,TRUE,5.3,397,300
10387,2022/10/19 14:00,131.4782263,47.04818683,5212736.148,460351.7113,5.85232,163.8,TRUE,5.3,400,300
10388,2022/10/19 14:00,131.4782262,47.04811583,5212728.255,460351.6511,6.482,172.1,TRUE,5.3,400,300
10389,2022/10/19 14:00,131.4782332,47.04805167,5212721.119,460352.1355,6.00048,167.3,TRUE,5.3,400,300
10390,2022/10/19 14:00,131.4782418,47.04798767,5212714,460352.7416,6.44496,165.3,TRUE,5.3,400,300
10391,2022/10/19 14:00,131.4782538,47.0479245,5212706.971,460353.6066,6.68572,172.1,TRUE,5.3,400,300
10392,2022/10/19 14:00,131.4782677,47.047855,5212699.237,460354.6113,6.6672,169.4,TRUE,5.3,400,300
10393,2022/10/19 14:00,131.4782873,47.04778733,5212691.705,460356.0506,7.38948,172.2,TRUE,5.3,400,300
10394,2022/10/19 14:00,131.4783145,47.04771483,5212683.631,460358.0637,6.83388,170.1,TRUE,5.3,400,300
10395,2022/10/19 14:00,131.4783452,47.04764283,5212675.611,460360.3432,7.14872,173.5,TRUE,5.3,400,300
10396,2022/10/19 14:00,131.4783655,47.04757017,5212667.523,460361.8319,7.778399,166,TRUE,5.3,400,300
10397,2022/10/19 14:00,131.478388,47.04749983,5212659.692,460363.4896,7.37096,167.4,TRUE,5.3,400,300
10398,2022/10/19 14:01,131.4784193,47.047429,5212651.802,460365.8155,7.74136,171.1,TRUE,5.3,400,300
10399,2022/10/19 14:01,131.4784293,47.04734783,5212642.773,460366.5153,7.83396,165.7,TRUE,5.3,400,300
10400,2022/10/19 14:01,131.4784555,47.047282,5212635.441,460368.4574,7.94508,171.8,TRUE,5.3,400,300
10401,2022/10/19 14:01,131.4784687,47.04720117,5212626.448,460369.4006,7.18576,175.2,TRUE,5.3,400,300
10402,2022/10/19 14:01,131.4784787,47.04712117,5212617.55,460370.1013,7.01908,170.1,TRUE,5.3,400,300
10403,2022/10/19 14:01,131.4785142,47.04705717,5212610.417,460372.7515,7.09316,166.9,TRUE,5.3,400,300
10404,2022/10/19 14:01,131.4785287,47.04698017,5212601.849,460373.7963,7.00056,172,TRUE,5.3,400,300
10405,2022/10/19 14:01,131.4785462,47.046905,5212593.484,460375.0704,7.871,177.1,TRUE,5.3,400,300
10406,2022/10/19 14:01,131.478576,47.0468295,5212585.075,460377.279,7.05612,169.7,TRUE,5.3,400,300
10407,2022/10/19 14:01,131.4786092,47.04676033,5212577.368,460379.7506,7.83396,171,TRUE,5.3,400,300
10408,2022/10/19 14:01,131.4786235,47.04668233,5212568.69,460380.7795,7.2228,169.5,TRUE,5.3,400,300
10409,2022/10/19 14:01,131.4786198,47.046617,5212561.429,460380.45,6.61164,173.8,TRUE,5.3,400,300
10410,2022/10/19 14:01,131.4786367,47.046547,5212553.638,460381.6824,7.48208,166,TRUE,5.3,400,300
10411,2022/10/19 14:01,131.4786503,47.046478,5212545.961,460382.6647,7.11168,168.9,TRUE,5.3,400,300
10412,2022/10/19 14:01,131.4786582,47.0463945,5212536.674,460383.2032,5.51896,154.4,TRUE,5.3,400,300
10413,2022/10/19 14:02,131.4786842,47.04632217,5212528.62,460385.1254,6.16716,170.6,TRUE,5.3,400,300
10414,2022/10/19 14:02,131.4786902,47.04625833,5212521.519,460385.5341,4.70408,176.4,TRUE,5.3,400,300
10415,2022/10/19 14:02,131.4787058,47.0462045,5212515.527,460386.6797,6.09308,161.1,TRUE,5.3,267,300
10416,2022/10/19 14:02,131.4787542,47.046136,5212507.887,460390.3069,5.3708,106.7,FALSE,5.3,0,300
10417,2022/10/19 14:02,131.4788508,47.0461285,5212507.005,460397.642,5.22264,85.4,FALSE,5.3,0,300
10418,2022/10/19 14:02,131.4789482,47.0461455,5212508.845,460405.0561,4.74112,34,FALSE,5.3,0,300
10419,2022/10/19 14:02,131.4789962,47.04619467,5212514.287,460408.74,3.77808,359.5,TRUE,5.3,243,300
10420,2022/10/19 14:02,131.479003,47.04623733,5212519.027,460409.2883,5.01892,356.6,TRUE,5.3,400,300
10421,2022/10/19 14:02,131.478994,47.0463,5212525.998,460408.6507,6.1116,353.2,TRUE,5.3,400,300
10422,2022/10/19 14:02,131.4789717,47.0463625,5212532.958,460407.0024,5.9264,355.6,TRUE,5.3,400,300
10423,2022/10/19 14:02,131.4789603,47.04642867,5212540.32,460406.1851,6.03752,358.7,TRUE,5.3,400,300
10424,2022/10/19 14:02,131.4789567,47.04647967,5212545.991,460405.9493,5.4634,355,TRUE,5.3,400,300
10425,2022/10/19 14:02,131.4789428,47.0465415,5212552.872,460404.9387,5.20412,355.2,TRUE,5.3,400,300
10426,2022/10/19 14:02,131.4789177,47.04659483,5212558.814,460403.0709,5.4634,353,TRUE,5.3,400,300
10427,2022/10/19 14:03,131.4788962,47.04667717,5212567.978,460401.498,5.75972,358,TRUE,5.3,400,300
10428,2022/10/19 14:03,131.4788708,47.04673117,5212573.994,460399.6079,4.7226,0.4,TRUE,5.3,400,300
10429,2022/10/19 14:03,131.4788645,47.04679167,5212580.723,460399.1739,6.55608,356,TRUE,5.3,400,300
10430,2022/10/19 14:03,131.4788453,47.046856,5212587.885,460397.7625,6.1116,353.5,TRUE,5.3,400,300
10431,2022/10/19 14:03,131.4788203,47.0469135,5212594.29,460395.9053,5.90788,354.9,TRUE,5.3,400,300
10432,2022/10/19 14:03,131.4788003,47.04698483,5212602.23,460394.4384,6.61164,352.9,TRUE,5.3,400,300
10433,2022/10/19 14:03,131.4787833,47.04706,5212610.595,460393.2022,7.37096,354.2,TRUE,5.3,400,300
10434,2022/10/19 14:03,131.4787712,47.0471365,5212619.106,460392.3394,6.5746,356.8,TRUE,5.3,400,300
10435,2022/10/19 14:03,131.478762,47.04720117,5212626.3,460391.6881,6.2042,345,TRUE,5.3,400,300
10436,2022/10/19 14:03,131.4787458,47.0472695,5212633.905,460390.5077,7.24132,355,TRUE,5.3,400,300
10437,2022/10/19 14:03,131.4787253,47.0473335,5212641.03,460388.9973,6.59312,354.7,TRUE,5.3,400,300
10438,2022/10/19 14:03,131.478707,47.04740533,5212649.025,460387.6599,5.7412,352.9,TRUE,5.3,400,300
10439,2022/10/19 14:03,131.4786997,47.04745817,5212654.903,460387.1443,5.90788,348.3,TRUE,5.3,400,300
10440,2022/10/19 14:03,131.478671,47.04752767,5212662.644,460385.0149,7.14872,355.6,TRUE,5.3,400,300
10441,2022/10/19 14:03,131.478659,47.0475925,5212669.857,460384.151,6.00048,354.1,TRUE,5.3,400,300
10442,2022/10/19 14:04,131.4786387,47.0476535,5212676.649,460382.6536,5.7412,354.7,TRUE,5.3,400,300
10443,2022/10/19 14:04,131.47863,47.0477195,5212683.99,460382.0414,6.18568,357.1,TRUE,5.3,400,300
10444,2022/10/19 14:04,131.478609,47.04780033,5212692.987,460380.5055,6.18568,354.9,TRUE,5.3,400,300
10445,2022/10/19 14:04,131.4785958,47.047863,5212699.961,460379.5489,6.22272,357.2,TRUE,5.3,400,300
10446,2022/10/19 14:04,131.4785808,47.04792733,5212707.12,460378.4567,6.2042,351.4,TRUE,5.3,400,300
10447,2022/10/19 14:04,131.4785615,47.04798933,5212714.022,460377.036,6.2968,354.2,TRUE,5.3,400,300
10448,2022/10/19 14:04,131.4785467,47.0480535,5212721.164,460375.9589,6.77832,359.2,TRUE,5.3,400,300
10449,2022/10/19 14:04,131.4785313,47.04811667,5212728.194,460374.8355,5.6486,356.2,TRUE,5.3,400,300
10450,2022/10/19 14:04,131.4785122,47.04817517,5212734.707,460373.4275,5.093,355.4,TRUE,5.3,400,300
10451,2022/10/19 14:04,131.4785035,47.04822833,5212740.622,460372.8058,6.25976,354.6,TRUE,5.3,400,300
10452,2022/10/19 14:04,131.4784817,47.04828767,5212747.23,460371.1932,5.7412,353.9,TRUE,5.3,400,300
10453,2022/10/19 14:04,131.478461,47.0483385,5212752.891,460369.6579,5.51896,355.6,TRUE,5.3,400,300
10454,2022/10/19 14:04,131.4784523,47.04838983,5212758.602,460369.0348,5.24116,348.3,TRUE,5.3,400,300
10455,2022/10/19 14:04,131.4784432,47.04844583,5212764.832,460368.3848,6.35236,357.2,TRUE,5.3,400,300
10456,2022/10/19 14:04,131.4784283,47.0485065,5212771.584,460367.2976,7.25984,353.5,TRUE,5.3,400,300
10457,2022/10/19 14:05,131.4784052,47.04857067,5212778.73,460365.5898,7.01908,353.2,TRUE,5.3,400,300
10458,2022/10/19 14:05,131.4783925,47.0486385,5212786.277,460364.675,6.00048,1.4,TRUE,5.3,400,300
10459,2022/10/19 14:05,131.4783837,47.04869667,5212792.748,460364.0494,6.27828,353.2,TRUE,5.3,400,300
10460,2022/10/19 14:05,131.4783702,47.048754,5212799.129,460363.0661,7.1302,2.4,TRUE,5.3,400,300
10461,2022/10/19 14:05,131.4783572,47.048819,5212806.361,460362.1264,6.00048,354.8,TRUE,5.3,400,300
10462,2022/10/19 14:05,131.4783312,47.0488845,5212813.656,460360.1993,7.33392,353.2,TRUE,5.3,399,300
10463,2022/10/19 14:05,131.478311,47.04895367,5212821.356,460358.7156,7.37096,354.4,TRUE,5.3,400,300
10464,2022/10/19 14:05,131.47829,47.049028,5212829.63,460357.175,6.40792,349.9,TRUE,5.3,400,300
10465,2022/10/19 14:05,131.4782675,47.04909317,5212836.887,460355.5136,6.83388,356.7,TRUE,5.3,400,300
10466,2022/10/19 14:05,131.4782483,47.04915983,5212844.307,460354.104,7.01908,353.6,TRUE,5.3,400,300
10467,2022/10/19 14:05,131.4782287,47.04923183,5212852.321,460352.6681,5.556,350.7,TRUE,5.3,400,300
10468,2022/10/19 14:05,131.4782125,47.049296,5212859.463,460351.4847,6.92648,350.8,TRUE,5.3,400,300
10469,2022/10/19 14:05,131.478192,47.04936717,5212867.386,460349.9797,7.33392,353.1,TRUE,5.3,400,300
10470,2022/10/19 14:05,131.478174,47.04943183,5212874.583,460348.6599,7.00056,352.5,TRUE,5.3,400,300
10471,2022/10/19 14:05,131.4781632,47.04949567,5212881.686,460347.8865,7.25984,350.3,TRUE,5.3,400,300
10472,2022/10/19 14:06,131.4781447,47.049564,5212889.292,460346.5315,6.72276,356.2,TRUE,5.3,400,300
10473,2022/10/19 14:06,131.4781243,47.04962383,5212895.954,460345.0257,5.66712,356,TRUE,5.3,400,300
10474,2022/10/19 14:06,131.4780978,47.04969883,5212904.305,460343.0677,7.64876,357.5,TRUE,5.3,400,300
10475,2022/10/19 14:06,131.4780807,47.04976667,5212911.855,460341.8186,7.07464,356.2,TRUE,5.3,400,300
10476,2022/10/19 14:06,131.4780617,47.04983283,5212919.22,460340.4239,5.75972,353.6,TRUE,5.3,400,300
10477,2022/10/19 14:06,131.4780505,47.049886,5212925.137,460339.6123,6.55608,358.1,TRUE,5.3,400,300
10478,2022/10/19 14:06,131.4780417,47.04993983,5212931.126,460338.9836,5.72268,358.8,TRUE,5.3,400,300
10479,2022/10/19 14:06,131.4780233,47.0499975,5212937.546,460337.6282,6.83388,356,TRUE,5.3,400,300
10480,2022/10/19 14:06,131.4780072,47.050058,5212944.28,460336.4497,6.68572,359.4,TRUE,5.3,400,300
10481,2022/10/19 14:06,131.4779945,47.05011783,5212950.938,460335.529,5.40784,351.8,TRUE,5.3,375,300
10482,2022/10/19 14:06,131.477976,47.05017817,5212957.655,460334.1681,5.70416,356.3,TRUE,5.3,400,300
10483,2022/10/19 14:06,131.4779563,47.05023617,5212964.113,460332.7142,7.14872,354.4,TRUE,5.3,400,300
10484,2022/10/19 14:06,131.477936,47.05030983,5212972.313,460331.2263,6.09308,353.6,TRUE,5.3,400,300
10485,2022/10/19 14:06,131.4779242,47.05036883,5212978.878,460330.3734,5.556,357.4,TRUE,5.3,400,300
10486,2022/10/19 14:06,131.477913,47.05042617,5212985.258,460329.5649,6.50052,354.9,TRUE,5.3,400,300
10487,2022/10/19 14:07,131.477899,47.05049567,5212992.991,460328.5527,7.463561,351.2,TRUE,5.3,399,300
10488,2022/10/19 14:07,131.4778812,47.050559,5213000.041,460327.2471,7.00056,356.8,TRUE,5.3,400,300
10489,2022/10/19 14:07,131.4778632,47.050621,5213006.943,460325.9254,6.09308,358.8,TRUE,5.3,400,300
10490,2022/10/19 14:07,131.4778472,47.05067433,5213012.88,460324.7492,6.24124,354,TRUE,5.3,400,300
10491,2022/10/19 14:07,131.4778227,47.05074367,5213020.601,460322.939,7.0376,359.1,TRUE,5.3,400,300
10492,2022/10/19 14:07,131.4777977,47.05081083,5213028.08,460321.0892,6.2042,359.1,TRUE,5.3,398,300
10493,2022/10/19 14:07,131.4777865,47.05087133,5213034.811,460320.2831,6.59312,355.9,TRUE,5.3,400,300
10494,2022/10/19 14:07,131.4777688,47.05093183,5213041.546,460318.9831,6.40792,348.1,TRUE,5.3,400,300
10495,2022/10/19 14:07,131.4777515,47.05099717,5213048.819,460317.717,6.50052,357.5,TRUE,5.3,400,300
10496,2022/10/19 14:07,131.477736,47.05106333,5213056.182,460316.5883,6.63016,353.4,TRUE,5.3,400,300
10497,2022/10/19 14:07,131.4777197,47.05113317,5213063.954,460315.4016,6.18568,351,TRUE,5.3,400,300
10498,2022/10/19 14:07,131.4777035,47.05119817,5213071.189,460314.2189,6.35236,348.6,TRUE,5.3,400,300
10499,2022/10/19 14:07,131.4776865,47.05126183,5213078.274,460312.9744,6.50052,349,TRUE,5.3,400,300
10500,2022/10/19 14:07,131.4776663,47.05132283,5213085.066,460311.4848,6.945,355.9,TRUE,5.3,400,300
10501,2022/10/19 14:07,131.47765,47.051387,5213092.208,460310.2939,6.33384,354.2,TRUE,5.3,400,300
10502,2022/10/19 14:08,131.4776352,47.05144683,5213098.867,460309.2137,6.51904,358.1,TRUE,5.3,400,300
10503,2022/10/19 14:08,131.4776163,47.05151283,5213106.214,460307.8266,7.14872,352.4,TRUE,5.3,400,300
10504,2022/10/19 14:08,131.4776023,47.05158367,5213114.096,460306.8154,6.96352,348.9,TRUE,5.3,400,300
10505,2022/10/19 14:08,131.4775807,47.0516525,5213121.759,460305.2253,7.09316,347.8,TRUE,5.3,400,300
10506,2022/10/19 14:08,131.4775612,47.05172083,5213129.366,460303.7943,7.0376,354.6,TRUE,5.3,400,300
10507,2022/10/19 14:08,131.4775365,47.051784,5213136.401,460301.9644,5.9264,356.1,TRUE,5.3,400,300
10508,2022/10/19 14:08,131.477519,47.051846,5213143.302,460300.6808,5.53748,357.7,TRUE,5.3,400,300
10509,2022/10/19 14:08,131.4775098,47.05190433,5213149.792,460300.025,5.63008,352.4,TRUE,5.3,400,300
10510,2022/10/19 14:08,131.4774953,47.05197217,5213157.341,460298.9736,6.16716,356,TRUE,5.3,400,300
10511,2022/10/19 14:08,131.4774798,47.05203183,5213163.981,460297.8402,6.1116,353.5,TRUE,5.3,400,300
10512,2022/10/19 14:08,131.477463,47.0520915,5213170.623,460296.608,5.3708,354.6,TRUE,5.3,400,300
10513,2022/10/19 14:08,131.4774455,47.05214233,5213176.283,460295.316,5.2782,352.1,TRUE,5.3,400,300
10514,2022/10/19 14:08,131.4774357,47.05219117,5213181.718,460294.6076,5.81528,353.6,TRUE,5.3,400,300
10515,2022/10/19 14:08,131.4774147,47.05225067,5213188.343,460293.0562,6.37088,351.8,TRUE,5.3,400,300
10516,2022/10/19 14:08,131.4774038,47.05231067,5213195.019,460292.2725,5.57452,357.1,TRUE,5.3,400,300
10517,2022/10/19 14:09,131.4773925,47.05237083,5213201.713,460291.4586,5.70416,354,TRUE,5.3,400,300
10518,2022/10/19 14:09,131.477372,47.05243983,5213209.394,460289.9522,5.75972,350.4,TRUE,5.3,400,300
10519,2022/10/19 14:09,131.4773485,47.0524965,5213215.706,460288.2087,5.53748,350.5,TRUE,5.3,400,300
10520,2022/10/19 14:09,131.4773287,47.05255817,5213222.572,460286.75,5.57452,355.3,TRUE,5.3,400,300
10521,2022/10/19 14:09,131.4773185,47.05261633,5213229.043,460286.0182,6.14864,350.6,TRUE,5.3,400,300
10522,2022/10/19 14:09,131.4773033,47.05266633,5213234.609,460284.9004,6.09308,351.7,TRUE,5.3,400,300
10523,2022/10/19 14:09,131.477286,47.05271483,5213240.01,460283.6219,5.38932,348.9,TRUE,5.3,400,300
10524,2022/10/19 14:09,131.477268,47.05276617,5213245.726,460282.2924,5.2782,348.9,TRUE,5.3,400,300
10525,2022/10/19 14:09,131.4772582,47.05282517,5213252.29,460281.5916,6.05604,352.6,TRUE,5.3,400,300
10526,2022/10/19 14:09,131.47724,47.05287767,5213258.136,460280.2477,5.556,351.5,TRUE,5.3,400,300
10527,2022/10/19 14:09,131.477227,47.052933,5213264.294,460279.3011,5.25968,357,TRUE,5.3,400,300
10528,2022/10/19 14:09,131.477211,47.052985,5213270.083,460278.124,5.556,357.2,TRUE,5.3,400,300
10529,2022/10/19 14:09,131.4771928,47.053041,5213276.318,460276.7827,4.85224,356.2,TRUE,5.3,400,300
10530,2022/10/19 14:09,131.477178,47.053081,5213280.772,460275.6879,4.85224,352.8,TRUE,5.3,400,300
10531,2022/10/19 14:09,131.4771658,47.05312283,5213285.429,460274.792,4.01884,354,TRUE,5.3,400,300
10532,2022/10/19 14:10,131.4771543,47.05316833,5213290.493,460273.952,3.75956,350.8,TRUE,5.3,400,300
10533,2022/10/19 14:10,131.4771513,47.05321167,5213295.313,460273.7563,3.29656,347.7,TRUE,5.3,400,300
10534,2022/10/19 14:10,131.4771453,47.05325533,5213300.169,460273.3328,4.70408,358.1,TRUE,5.3,400,300
10535,2022/10/19 14:10,131.4771303,47.05330933,5213306.18,460272.2332,5.31524,354.5,TRUE,5.3,400,300
10536,2022/10/19 14:10,131.4771032,47.05334967,5213310.679,460270.2041,3.92624,354.5,TRUE,5.3,400,300
10537,2022/10/19 14:10,131.4770903,47.05339567,5213315.799,460269.2581,4.59296,352.3,TRUE,5.3,400,300
10538,2022/10/19 14:10,131.4770803,47.05344367,5213321.14,460268.534,4.03736,352.5,TRUE,5.3,400,300
10539,2022/10/19 14:10,131.4770673,47.05348033,5213325.223,460267.5735,3.96328,354.1,TRUE,5.3,400,300
10540,2022/10/19 14:10,131.4770535,47.053517,5213329.306,460266.5522,6.05604,351.9,TRUE,5.3,376,300
10541,2022/10/19 14:10,131.4770367,47.05357117,5213335.337,460265.316,5.29672,356.7,TRUE,5.3,400,300
10542,2022/10/19 14:10,131.4770287,47.05362033,5213340.806,460264.7446,2.778,0.5,TRUE,5.3,400,300
10543,2022/10/19 14:10,131.477023,47.05366283,5213345.534,460264.3431,7.27836,346,TRUE,5.3,255,300
10544,2022/10/19 14:10,131.4769468,47.0537195,5213351.873,460258.5956,6.24124,278.5,TRUE,5.3,134,300
10545,2022/10/19 14:10,131.4768463,47.05372617,5213352.665,460250.9646,4.96336,251.3,FALSE,5.3,0,300
10546,2022/10/19 14:10,131.4768053,47.05372517,5213352.575,460247.8487,0,0,FALSE,5.3,0,300
10547,2022/10/19 14:11,131.4768045,47.0537275,5213352.834,460247.7896,0,0,FALSE,5.3,0,300
10548,2022/10/19 14:11,131.4768048,47.05372733,5213352.815,460247.8123,0,0,FALSE,5.3,0,300
10549,2022/10/19 14:11,131.4768072,47.05372717,5213352.796,460247.9945,0,0,FALSE,5.3,0,300
10550,2022/10/19 14:11,131.4768077,47.05372717,5213352.796,460248.0325,0,0,FALSE,5.3,0,300
10551,2022/10/19 14:11,131.476809,47.05372817,5213352.906,460248.132,0,0,FALSE,5.3,0,300
10552,2022/10/19 14:11,131.4768108,47.05372883,5213352.979,460248.2693,0,0,FALSE,5.3,0,300
10553,2022/10/19 14:11,131.4768125,47.05372933,5213353.034,460248.3988,0,0,FALSE,5.3,0,300
10554,2022/10/19 14:11,131.4768132,47.05372967,5213353.071,460248.4523,0,0,FALSE,5.3,0,300
10555,2022/10/19 14:11,131.4768138,47.05372983,5213353.089,460248.498,0,0,FALSE,5.3,0,300
10556,2022/10/19 14:11,131.4768135,47.0537305,5213353.163,460248.4757,0,85.3,FALSE,5.3,0,300
10557,2022/10/19 14:11,131.476813,47.05373033,5213353.145,460248.4376,0,0,FALSE,5.3,0,300
10558,2022/10/19 14:11,131.4768128,47.05373033,5213353.145,460248.4224,0,0,FALSE,5.3,0,300
10559,2022/10/19 14:11,131.4768132,47.0537305,5213353.163,460248.4529,0,0,FALSE,5.3,0,300
10560,2022/10/19 14:11,131.4768127,47.05373067,5213353.182,460248.415,0,0,FALSE,5.3,0,300
10561,2022/10/19 14:11,131.4767795,47.05371617,5213351.587,460245.8817,4.12996,231.6,FALSE,5.3,0,300
10562,2022/10/19 14:12,131.4767132,47.05368333,5213347.97,460240.8199,5.29672,183.5,FALSE,5.3,0,300
10563,2022/10/19 14:12,131.4766855,47.053651,5213344.39,460238.6912,0,198.5,FALSE,5.3,0,300
10564,2022/10/19 14:12,131.4766727,47.05364217,5213343.415,460237.7121,0,0,FALSE,5.3,0,300
10565,2022/10/19 14:12,131.4766713,47.053622,5213341.173,460237.5908,3.53732,176.2,TRUE,5.3,221,300
10566,2022/10/19 14:12,131.476671,47.05361033,5213339.876,460237.5593,0,0,FALSE,5.3,0,300
10567,2022/10/19 14:12,131.4766708,47.0536045,5213339.228,460237.5398,0,0,FALSE,5.3,0,300
10568,2022/10/19 14:12,131.4766712,47.05357433,5213335.874,460237.5477,6.7598,170.7,TRUE,5.3,339,300
10569,2022/10/19 14:12,131.4766855,47.05352733,5213330.641,460238.5993,2.8706,176,TRUE,5.3,344,300
10570,2022/10/19 14:12,131.4767023,47.053487,5213326.149,460239.8458,3.01876,163.2,TRUE,5.3,400,300
10571,2022/10/19 14:12,131.4767095,47.05346417,5213323.608,460240.3759,5.093,168.9,TRUE,5.3,400,300
10572,2022/10/19 14:12,131.4767168,47.05343467,5213320.324,460240.9086,2.0372,187.1,TRUE,5.3,400,300
10573,2022/10/19 14:12,131.4767223,47.05343283,5213320.117,460241.3251,2.24092,162.4,TRUE,5.3,259,300
10574,2022/10/19 14:12,131.4767382,47.05339467,5213315.867,460242.5048,3.40768,164.8,TRUE,5.3,400,300
10575,2022/10/19 14:12,131.4767478,47.053389,5213315.231,460243.23,0,0,FALSE,5.3,0,300
10576,2022/10/19 14:12,131.476763,47.0533605,5213312.055,460244.3637,2.2224,175.8,TRUE,5.3,400,300
10577,2022/10/19 14:13,131.4767737,47.0533485,5213310.716,460245.1678,0,0,FALSE,5.3,0,300
10578,2022/10/19 14:13,131.4767777,47.05332417,5213308.009,460245.4537,0.81488,175.8,TRUE,5.3,400,300
10579,2022/10/19 14:13,131.476771,47.053307,5213306.104,460244.9318,4.87076,166.2,TRUE,5.3,331,300
10580,2022/10/19 14:13,131.4767767,47.05325467,5213300.283,460245.326,3.3336,152.7,TRUE,5.3,400,300
10581,2022/10/19 14:13,131.476783,47.0532365,5213298.26,460245.7912,0.90748,0,TRUE,5.3,371,300
10582,2022/10/19 14:13,131.4767977,47.05320783,5213295.065,460246.8868,1.0186,161.5,TRUE,5.3,400,300
10583,2022/10/19 14:13,131.4767932,47.05319617,5213293.771,460246.5362,0,0,FALSE,5.3,0,300
10584,2022/10/19 14:13,131.4767972,47.053192,5213293.306,460246.837,2.18536,180.6,TRUE,5.3,369,300
10585,2022/10/19 14:13,131.4768107,47.0531535,5213289.019,460247.8342,3.62992,185.3,TRUE,5.3,400,300
10586,2022/10/19 14:13,131.476812,47.0531265,5213286.016,460247.9129,4.24108,176.3,TRUE,5.3,400,300
10587,2022/10/19 14:13,131.4768155,47.05308417,5213281.309,460248.1474,4.61148,174.5,TRUE,5.3,400,300
10588,2022/10/19 14:13,131.4768273,47.05304433,5213276.874,460249.0143,3.50028,173,TRUE,0,400,300
10589,2022/10/19 14:13,131.4768473,47.05300783,5213272.806,460250.5068,4.59296,173.5,TRUE,0,400,300
10590,2022/10/19 14:13,131.476859,47.05296233,5213267.741,460251.362,3.7966,174.4,TRUE,5.3,400,300
10591,2022/10/19 14:13,131.4768527,47.0529265,5213263.761,460250.8567,2.74096,187,TRUE,5.3,400,300
10592,2022/10/19 14:14,131.4768705,47.05289433,5213260.176,460252.1852,3.64844,170,TRUE,5.3,400,300
10593,2022/10/19 14:14,131.4768792,47.05285533,5213255.836,460252.8173,4.12996,177.2,TRUE,5.3,400,300
10594,2022/10/19 14:14,131.476882,47.05282,5213251.907,460253.0038,4.167,179.8,TRUE,5.3,400,300
10595,2022/10/19 14:14,131.4769165,47.05275717,5213244.904,460255.5784,3.16692,164.3,TRUE,5.3,400,300
10596,2022/10/19 14:14,131.4769237,47.05272517,5213241.343,460256.1017,4.85224,175.4,TRUE,5.3,400,300
10597,2022/10/19 14:14,131.4769365,47.05267967,5213236.278,460257.0405,3.83364,178.4,TRUE,5.3,400,300
10598,2022/10/19 14:14,131.4769432,47.05263783,5213231.623,460257.5185,3.92624,175.1,TRUE,5.3,400,300
10599,2022/10/19 14:14,131.4769547,47.05259367,5213226.708,460258.3594,5.59304,177.2,TRUE,5.3,400,300
10600,2022/10/19 14:14,131.4769592,47.05254167,5213220.925,460258.6627,5.96344,174.6,TRUE,5.3,400,300
10601,2022/10/19 14:14,131.4769802,47.05249,5213215.17,460260.22,6.019,170.2,TRUE,5.3,381,300
10602,2022/10/19 14:14,131.4770067,47.05243233,5213208.745,460262.1906,4.7226,170.6,TRUE,5.3,400,300
10603,2022/10/19 14:14,131.4770105,47.052389,5213203.926,460262.4472,5.11152,169.3,TRUE,5.3,400,300
10604,2022/10/19 14:14,131.477031,47.05234267,5213198.766,460263.9704,4.48184,171.7,TRUE,5.3,400,300
10605,2022/10/19 14:14,131.477052,47.0522955,5213193.511,460265.5309,6.16716,177.7,TRUE,5.3,400,300
10606,2022/10/19 14:14,131.4770702,47.05225317,5213188.796,460266.8824,5.35228,167.9,TRUE,5.3,400,300
10607,2022/10/19 14:15,131.4770868,47.05219667,5213182.506,460268.1017,4.57444,168.1,TRUE,5.3,400,300
10608,2022/10/19 14:15,131.477096,47.05214367,5213176.609,460268.7614,5.77824,175.9,TRUE,5.3,400,300
10609,2022/10/19 14:15,131.4771167,47.0520875,5213170.354,460270.2925,6.00048,167.8,TRUE,5.3,400,300
10610,2022/10/19 14:15,131.4771295,47.05203367,5213164.364,460271.2251,5.4634,171.3,TRUE,5.3,400,300
10611,2022/10/19 14:15,131.4771397,47.05196783,5213157.039,460271.9512,6.7598,175.2,TRUE,5.3,400,300
10612,2022/10/19 14:15,131.4771283,47.05190067,5213149.578,460271.0351,5.093,172.8,TRUE,5.3,400,300
10613,2022/10/19 14:15,131.4771483,47.05185133,5213144.083,460272.5181,5.70416,173.1,TRUE,5.3,400,300
10614,2022/10/19 14:15,131.4771693,47.05180617,5213139.052,460274.0802,6.51904,173.3,TRUE,5.3,400,300
10615,2022/10/19 14:15,131.477184,47.05175167,5213132.985,460275.1567,5.57452,168,TRUE,5.3,400,300
10616,2022/10/19 14:15,131.4771945,47.0516955,5213126.736,460275.9128,5.51896,171,TRUE,5.3,400,300
10617,2022/10/19 14:15,131.4772077,47.051639,5213120.448,460276.8738,5.40784,170.5,TRUE,5.3,400,300
10618,2022/10/19 14:15,131.4772087,47.05157533,5213113.369,460276.9025,5.7412,174.2,TRUE,5.3,400,300
10619,2022/10/19 14:15,131.4772255,47.051519,5213107.098,460278.1372,5.25968,173,TRUE,5.3,400,300
10620,2022/10/19 14:15,131.4772345,47.05146133,5213100.682,460278.7782,5.40784,173.6,TRUE,5.3,400,300
10621,2022/10/19 14:15,131.4772608,47.05140933,5213094.888,460280.738,5.6486,179.2,TRUE,5.3,400,300
10622,2022/10/19 14:16,131.4772808,47.05135783,5213089.153,460282.2194,6.14864,172,TRUE,5.3,400,300
10623,2022/10/19 14:16,131.4773112,47.05129983,5213082.689,460284.4862,6.33384,174,TRUE,5.3,400,300
10624,2022/10/19 14:16,131.4773323,47.05124267,5213076.324,460286.047,5.81528,166.8,TRUE,5.3,400,300
10625,2022/10/19 14:16,131.477336,47.0511795,5213069.299,460286.2813,6.50052,173.9,TRUE,5.3,400,300
10626,2022/10/19 14:16,131.4773528,47.05111367,5213061.972,460287.5089,6.22272,173.4,TRUE,5.3,400,300
10627,2022/10/19 14:16,131.477375,47.05106083,5213056.087,460289.1565,6.03752,168.9,TRUE,5.3,400,300
10628,2022/10/19 14:16,131.4773942,47.05100383,5213049.74,460290.5731,5.2782,173.9,TRUE,5.3,400,300
10629,2022/10/19 14:16,131.4774075,47.050946,5213043.305,460291.5407,5.59304,177.6,TRUE,5.3,400,300
10630,2022/10/19 14:16,131.477417,47.050887,5213036.741,460292.2188,5.96344,175.8,TRUE,5.3,393,300
10631,2022/10/19 14:16,131.4774243,47.0508335,5213030.789,460292.7338,4.98188,167.5,TRUE,5.3,400,300
10632,2022/10/19 14:16,131.4774362,47.050782,5213025.058,460293.5998,4.4448,169.9,TRUE,5.3,400,300
10633,2022/10/19 14:16,131.4774532,47.05073683,5213020.028,460294.858,5.33376,175.1,TRUE,5.3,400,300
10634,2022/10/19 14:16,131.4774655,47.050683,5213014.037,460295.7526,4.85224,178.5,TRUE,5.3,400,300
10635,2022/10/19 14:16,131.4774763,47.05063,5213008.139,460296.5339,5.05596,172.5,TRUE,5.3,400,300
10636,2022/10/19 14:16,131.4774965,47.05058167,5213002.756,460298.0329,5.87084,170.4,TRUE,5.3,400,300
10637,2022/10/19 14:17,131.4775158,47.0505275,5212996.724,460299.4592,5.48192,171.8,TRUE,5.3,400,300
10638,2022/10/19 14:17,131.4775185,47.05048017,5212991.461,460299.6292,4.42628,179,TRUE,5.3,373,300
10639,2022/10/19 14:17,131.477519,47.05041283,5212983.975,460299.6173,5.75972,174.7,TRUE,5.3,400,300
10640,2022/10/19 14:17,131.4775277,47.05035917,5212978.005,460300.2385,6.2042,176.5,TRUE,5.3,344,300
10641,2022/10/19 14:17,131.4775318,47.05029683,5212971.072,460300.5038,5.68564,171.5,TRUE,5.3,400,300
10642,2022/10/19 14:17,131.4775428,47.05024,5212964.749,460301.2974,5.24116,172.5,TRUE,5.3,400,300
10643,2022/10/19 14:17,131.4775482,47.05017333,5212957.334,460301.6583,5.72268,173.7,TRUE,5.3,400,300
10644,2022/10/19 14:17,131.4775762,47.0501255,5212952.003,460303.7504,5.03744,181.2,TRUE,5.3,400,300
10645,2022/10/19 14:17,131.4775943,47.0500835,5212947.324,460305.0945,4.42628,180.5,TRUE,5.3,400,300
10646,2022/10/19 14:17,131.4776255,47.05004033,5212942.509,460307.4332,5.05596,170.3,TRUE,5.3,400,300
10647,2022/10/19 14:17,131.4776505,47.04998783,5212936.66,460309.2939,4.3522,165.3,TRUE,5.3,400,300
10648,2022/10/19 14:17,131.4776637,47.04994933,5212932.373,460310.2683,5.0004,171.5,TRUE,5.3,400,300
10649,2022/10/19 14:17,131.4776788,47.049899,5212926.77,460311.3784,5.093,171.3,TRUE,5.3,400,300
10650,2022/10/19 14:17,131.477695,47.04984633,5212920.907,460312.5702,5.13004,165.4,TRUE,5.3,400,300
10651,2022/10/19 14:17,131.4777128,47.0497945,5212915.136,460313.8843,4.12996,166.6,TRUE,5.3,400,300
10652,2022/10/19 14:18,131.477732,47.04974667,5212909.809,460315.3078,5.2782,167.9,TRUE,5.3,400,300
10653,2022/10/19 14:18,131.4777247,47.04967833,5212902.215,460314.7024,5.07448,166.1,TRUE,5.3,400,300
10654,2022/10/19 14:18,131.4777325,47.0496215,5212895.893,460315.2529,6.59312,174.3,TRUE,5.3,400,300
10655,2022/10/19 14:18,131.4777428,47.049555,5212888.495,460315.9862,4.92632,173.6,TRUE,5.3,400,300
10656,2022/10/19 14:18,131.477731,47.04949917,5212882.294,460315.0482,4.63,173.1,TRUE,5.3,400,300
10657,2022/10/19 14:18,131.4777355,47.04943517,5212875.177,460315.3427,5.66712,179,TRUE,5.3,400,300
10658,2022/10/19 14:18,131.4777532,47.04937383,5212868.349,460316.6421,6.46348,166.8,TRUE,5.3,400,300
10659,2022/10/19 14:18,131.4777778,47.04931967,5212862.315,460318.4712,6.14864,172.4,TRUE,5.3,400,300
10660,2022/10/19 14:18,131.4777937,47.04925733,5212855.377,460319.6331,5.90788,176.1,TRUE,5.3,400,300
10661,2022/10/19 14:18,131.4777978,47.0492005,5212849.057,460319.9025,6.24124,174.1,TRUE,5.3,400,300
10662,2022/10/19 14:18,131.4778362,47.04913567,5212841.83,460322.7723,6.13012,173.4,TRUE,5.3,400,300
10663,2022/10/19 14:18,131.4778725,47.04908583,5212836.271,460325.4936,6.1116,169.9,TRUE,5.3,400,300
10664,2022/10/19 14:18,131.4778932,47.049036,5212830.721,460327.0296,5.90788,178.4,TRUE,5.3,400,300
10665,2022/10/19 14:18,131.4779052,47.0489755,5212823.989,460327.8966,5.8338,167.2,TRUE,5.3,400,300
10666,2022/10/19 14:18,131.4779047,47.04891583,5212817.355,460327.8143,6.14864,176,TRUE,5.3,400,300
10667,2022/10/19 14:19,131.4779372,47.04886133,5212811.28,460330.2435,4.42628,180.9,TRUE,5.3,400,300
10668,2022/10/19 14:19,131.477954,47.0488165,5212806.288,460331.4868,5.70416,177.8,TRUE,5.3,400,300
10669,2022/10/19 14:19,131.4779628,47.0487655,5212800.614,460332.1177,4.8152,173.9,TRUE,5.3,400,300
10670,2022/10/19 14:19,131.477978,47.048708,5212794.213,460333.2301,5.8338,175.2,TRUE,5.3,400,300
10671,2022/10/19 14:19,131.4779873,47.04864483,5212787.186,460333.8899,5.7412,172.7,TRUE,5.3,400,300
10672,2022/10/19 14:19,131.4779922,47.0485815,5212780.143,460334.2153,5.77824,174.4,TRUE,5.3,400,300
10673,2022/10/19 14:19,131.4780133,47.0485265,5212774.018,460335.7778,5.05596,177.2,TRUE,5.3,400,300
10674,2022/10/19 14:19,131.4780383,47.0484765,5212768.447,460337.6404,5.81528,167.2,TRUE,5.3,400,300
10675,2022/10/19 14:19,131.4780658,47.0484195,5212762.096,460339.6878,6.1116,163.6,TRUE,5.3,400,300
10676,2022/10/19 14:19,131.4780858,47.04836033,5212755.508,460341.1637,6.70424,171.8,TRUE,5.3,400,300
10677,2022/10/19 14:19,131.4781083,47.0483015,5212748.956,460342.8298,6.09308,183.7,TRUE,5.3,400,300
10678,2022/10/19 14:19,131.4781132,47.04823267,5212741.302,460343.1511,6.945,172.2,TRUE,5.3,400,300
10679,2022/10/19 14:19,131.4781168,47.04816267,5212733.518,460343.3728,6.482,168.6,TRUE,5.3,400,300
10680,2022/10/19 14:19,131.4781383,47.048086,5212724.984,460344.9497,7.778399,166,TRUE,5.3,400,300
10681,2022/10/19 14:19,131.4781677,47.04800967,5212716.483,460347.1272,6.6672,169,TRUE,5.3,396,300
10682,2022/10/19 14:20,131.4781992,47.04793433,5212708.091,460349.465,8.90812,177.3,TRUE,5.3,400,300
10683,2022/10/19 14:20,131.478223,47.04785283,5212699.019,460351.2131,8.64884,174.7,TRUE,5.3,400,300
10684,2022/10/19 14:20,131.4782523,47.0477725,5212690.074,460353.38,8.44512,175.5,TRUE,5.3,400,300
10685,2022/10/19 14:20,131.4782772,47.047692,5212681.112,460355.2124,8.74144,174.1,TRUE,5.3,400,300
10686,2022/10/19 14:20,131.4782863,47.0475965,5212670.49,460355.8332,8.72292,172.5,TRUE,5.3,400,300
10687,2022/10/19 14:20,131.4783068,47.04751333,5212661.234,460357.3293,8.519199,170.2,TRUE,5.3,400,300
10688,2022/10/19 14:20,131.4783417,47.04742817,5212651.749,460359.9182,8.926641,179.3,TRUE,5.3,400,300
10689,2022/10/19 14:20,131.4783702,47.04735433,5212643.525,460362.0292,8.35252,165,TRUE,5.3,400,300
10690,2022/10/19 14:20,131.4783993,47.047277,5212634.914,460364.1832,8.83404,164.5,TRUE,5.3,400,300
10691,2022/10/19 14:20,131.4784123,47.04718867,5212625.087,460365.1056,8.48216,170.2,TRUE,5.3,400,300
10692,2022/10/19 14:20,131.4784222,47.04709967,5212615.188,460365.792,8.27844,169,TRUE,5.3,368,300
10693,2022/10/19 14:20,131.4784415,47.04701767,5212606.062,460367.1978,8.64884,164.4,TRUE,5.3,400,300
10694,2022/10/19 14:20,131.4784698,47.04693433,5212596.783,460369.2866,8.25992,171.3,TRUE,5.3,400,300
10695,2022/10/19 14:20,131.478497,47.04686133,5212588.654,460371.2994,7.2228,175.6,TRUE,5.3,400,300
10696,2022/10/19 14:20,131.4785282,47.04677467,5212579.004,460373.6061,9.723,172.5,TRUE,5.3,400,300
10697,2022/10/19 14:21,131.4785415,47.046698,5212570.473,460374.56,7.92656,166.7,TRUE,5.3,400,300
10698,2022/10/19 14:21,131.4785613,47.046625,5212562.348,460376.0105,7.37096,167.5,TRUE,5.3,400,300
10699,2022/10/19 14:21,131.4785828,47.04654517,5212553.462,460377.5852,8.00064,170.3,TRUE,5.3,400,300
10700,2022/10/19 14:21,131.4785867,47.04647117,5212545.234,460377.8267,6.64868,167,TRUE,5.3,400,300
10701,2022/10/19 14:21,131.47862,47.046398,5212537.082,460380.303,7.9636,164.1,TRUE,5.3,400,300
10702,2022/10/19 14:21,131.4786425,47.0463195,5212528.344,460381.9547,8.334,159.6,TRUE,5.3,400,300
10703,2022/10/19 14:21,131.4786397,47.04623783,5212519.266,460381.6814,7.98212,171.8,TRUE,5.3,400,300
10704,2022/10/19 14:21,131.4786607,47.046177,5212512.493,460383.2322,5.556,161,TRUE,5.3,400,300
10705,2022/10/19 14:21,131.4787378,47.04612083,5212506.209,460389.0494,5.59304,114.6,FALSE,5.3,0,300
10706,2022/10/19 14:21,131.4788353,47.04609783,5212503.603,460396.4415,5.75972,69.8,FALSE,5.3,0,300
10707,2022/10/19 14:21,131.4789292,47.0461485,5212509.189,460403.6145,6.44496,20.7,FALSE,5.3,0,300
10708,2022/10/19 14:21,131.478968,47.04620683,5212515.654,460406.606,3.85216,357.2,TRUE,5.3,400,300
10709,2022/10/19 14:21,131.4789937,47.04625983,5212521.533,460408.5982,3.72252,359.8,TRUE,5.3,400,300
10710,2022/10/19 14:21,131.4789927,47.04630117,5212526.129,460408.5528,4.14848,349,TRUE,5.3,400,300
10711,2022/10/19 14:21,131.4789737,47.04634433,5212530.937,460407.1409,5.7412,339.6,TRUE,5.3,400,300
10712,2022/10/19 14:22,131.4789602,47.04639583,5212536.669,460406.1532,5.3708,351.5,TRUE,5.3,400,300
10713,2022/10/19 14:22,131.4789393,47.04645983,5212543.794,460404.6123,4.92632,351.2,TRUE,5.3,400,300
10714,2022/10/19 14:22,131.4789093,47.04651683,5212550.146,460402.3748,6.03752,350.3,TRUE,5.3,400,300
10715,2022/10/19 14:22,131.4788965,47.0465675,5212555.786,460401.4397,5.40784,350.9,TRUE,5.3,400,300
10716,2022/10/19 14:22,131.4788578,47.04663367,5212563.162,460398.5478,6.00048,348.3,TRUE,5.3,400,300
10717,2022/10/19 14:22,131.478833,47.04670033,5212570.585,460396.7126,5.96344,350.9,TRUE,5.3,400,300
10718,2022/10/19 14:22,131.4788152,47.04676683,5212577.987,460395.4092,5.16708,350.3,TRUE,5.3,400,300
10719,2022/10/19 14:22,131.4788042,47.04682633,5212584.607,460394.6174,5.7412,353.6,TRUE,5.3,400,300
10720,2022/10/19 14:22,131.478786,47.04688333,5212590.953,460393.2766,5.50044,354.4,TRUE,5.3,400,300
10721,2022/10/19 14:22,131.4787737,47.04694033,5212597.296,460392.3841,6.14864,355.4,TRUE,5.3,400,300
10722,2022/10/19 14:22,131.4787532,47.0470035,5212604.329,460390.8731,6.18568,353.7,TRUE,5.3,400,300
10723,2022/10/19 14:22,131.4787388,47.047069,5212611.618,460389.8273,6.13012,352.5,TRUE,5.3,400,300
10724,2022/10/19 14:22,131.4787223,47.04712667,5212618.038,460388.6162,6.14864,355.8,TRUE,5.3,400,300
10725,2022/10/19 14:22,131.478712,47.04718383,5212624.398,460387.8759,5.68564,355.4,TRUE,5.3,400,300
10726,2022/10/19 14:22,131.4786965,47.047243,5212630.983,460386.7418,5.59304,348.3,TRUE,5.3,400,300
10727,2022/10/19 14:23,131.4786748,47.047308,5212638.221,460385.141,6.05604,354,TRUE,5.3,400,300
10728,2022/10/19 14:23,131.4786505,47.04736483,5212644.551,460383.3366,5.77824,357.9,TRUE,5.3,400,300
10729,2022/10/19 14:23,131.4786452,47.04742317,5212651.039,460382.977,6.42644,351.7,TRUE,5.3,400,300
10730,2022/10/19 14:23,131.4786265,47.04748183,5212657.57,460381.5995,5.98196,355.9,TRUE,5.3,400,300
10731,2022/10/19 14:23,131.478609,47.04754033,5212664.082,460380.313,6.53756,353.7,TRUE,5.3,400,300
10732,2022/10/19 14:23,131.4785857,47.047599,5212670.617,460378.5859,5.72268,351.3,TRUE,5.3,400,300
10733,2022/10/19 14:23,131.478569,47.04766767,5212678.259,460377.3678,6.3894,350,TRUE,5.3,400,300
10734,2022/10/19 14:23,131.4785532,47.04773067,5212685.271,460376.2138,6.55608,357.3,TRUE,5.3,400,300
10735,2022/10/19 14:23,131.478531,47.04779433,5212692.359,460374.574,6.44496,354.4,TRUE,5.3,400,300
10736,2022/10/19 14:23,131.4785165,47.0478615,5212699.834,460373.5219,6.7598,0.5,TRUE,5.3,400,300
10737,2022/10/19 14:23,131.4785032,47.04792183,5212706.548,460372.556,5.68564,349.6,TRUE,5.3,400,300
10738,2022/10/19 14:23,131.4784905,47.04797583,5212712.557,460371.6309,5.77824,351.2,TRUE,5.3,400,300
10739,2022/10/19 14:23,131.4784767,47.04803483,5212719.124,460370.626,6.70424,351.6,TRUE,5.3,400,300
10740,2022/10/19 14:23,131.4784502,47.04810283,5212726.697,460368.6627,6.03752,352.2,TRUE,5.3,400,300
10741,2022/10/19 14:23,131.4784328,47.04815983,5212733.042,460367.3827,5.2782,357.3,TRUE,5.3,400,300
10742,2022/10/19 14:24,131.4784185,47.04821583,5212739.275,460366.3376,5.556,347.1,TRUE,5.3,400,300
10743,2022/10/19 14:24,131.478406,47.04827333,5212745.674,460365.4303,5.31524,353.8,TRUE,5.3,400,300
10744,2022/10/19 14:24,131.4783918,47.04833133,5212752.129,460364.3943,5.14856,352.9,TRUE,5.3,400,300
10745,2022/10/19 14:24,131.4783832,47.04838483,5212758.081,460363.7804,4.29664,354,TRUE,5.3,400,300
10746,2022/10/19 14:24,131.4783762,47.048432,5212763.328,460363.2835,5.556,350.5,TRUE,5.3,400,300
10747,2022/10/19 14:24,131.4783528,47.048493,5212770.122,460361.5506,5.98196,353.4,TRUE,5.3,400,300
10748,2022/10/19 14:24,131.4783385,47.048536,5212774.909,460360.4958,4.87076,355.5,TRUE,5.3,400,300
10749,2022/10/19 14:24,131.478308,47.04858183,5212780.02,460358.2122,5.63008,352.7,TRUE,5.3,400,300
10750,2022/10/19 14:24,131.4782918,47.048631,5212785.494,460357.0176,3.94476,354.2,TRUE,5.3,400,300
10751,2022/10/19 14:24,131.4782912,47.04868633,5212791.646,460357.013,4.9078,355.7,TRUE,5.3,400,300
10752,2022/10/19 14:24,131.4782888,47.048738,5212797.391,460356.8689,5.75972,347.5,TRUE,5.3,400,300
10753,2022/10/19 14:24,131.4782633,47.04880917,5212805.316,460354.984,5.29672,354.9,TRUE,5.3,400,300
10754,2022/10/19 14:24,131.4782508,47.04886067,5212811.048,460354.0723,5.77824,354.9,TRUE,5.3,400,300
10755,2022/10/19 14:24,131.4782427,47.048907,5212816.202,460353.4912,4.0744,355.6,TRUE,5.3,400,300
10756,2022/10/19 14:24,131.4782225,47.0489735,5212823.606,460352.0055,5.38932,356.3,TRUE,5.3,400,300
10757,2022/10/19 14:25,131.4782152,47.04902983,5212829.872,460351.4926,5.11152,347.3,TRUE,5.3,373,300
10758,2022/10/19 14:25,131.4781893,47.04908683,5212836.221,460349.5668,5.42636,350.2,TRUE,5.3,400,300
10759,2022/10/19 14:25,131.4781675,47.04914317,5212842.496,460347.952,4.51888,347.3,TRUE,5.3,400,300
10760,2022/10/19 14:25,131.478149,47.04918033,5212846.636,460346.5738,2.90764,356.9,TRUE,5.3,400,300
10761,2022/10/19 14:25,131.4781368,47.049218,5212850.83,460345.6747,4.8152,357.7,TRUE,5.3,400,300
10762,2022/10/19 14:25,131.4781295,47.04927,5212856.615,460345.1586,4.51888,341.3,TRUE,5.3,400,300
10763,2022/10/19 14:25,131.4781168,47.04932517,5212862.755,460344.2344,4.9078,356.7,TRUE,5.3,400,300
10764,2022/10/19 14:25,131.4780802,47.0494055,5212871.704,460341.5129,5.57452,347.3,TRUE,5.3,400,300
10765,2022/10/19 14:25,131.4780662,47.04946233,5212878.029,460340.4912,5.31524,357.8,TRUE,5.3,400,300
10766,2022/10/19 14:25,131.4780575,47.049519,5212884.333,460339.8722,5.2782,350.8,TRUE,5.3,400,300
10767,2022/10/19 14:25,131.4780392,47.0495705,5212890.068,460338.5198,5.24116,349.8,TRUE,5.3,397,300
10768,2022/10/19 14:25,131.4780208,47.04961983,5212895.561,460337.1582,5.88936,356.9,TRUE,5.3,400,300
10769,2022/10/19 14:25,131.4780177,47.0496755,5212901.752,460336.964,5.66712,353.6,TRUE,5.3,400,300
10770,2022/10/19 14:25,131.4780033,47.04974067,5212909.004,460335.9181,5.57452,350.7,TRUE,5.3,400,300
10771,2022/10/19 14:26,131.4779835,47.0498,5212915.61,460334.4576,5.98196,350.6,TRUE,5.3,400,300
10772,2022/10/19 14:26,131.4779652,47.04984983,5212921.159,460333.104,6.13012,350,TRUE,5.3,400,300
10773,2022/10/19 14:26,131.4779512,47.0499055,5212927.355,460332.0815,6.13012,356,TRUE,5.3,400,300
10774,2022/10/19 14:26,131.4779402,47.049957,5212933.086,460331.2838,4.92632,344.2,TRUE,5.3,400,300
10775,2022/10/19 14:26,131.4779265,47.05000867,5212938.837,460330.2811,6.24124,351.5,TRUE,5.3,400,300
10776,2022/10/19 14:26,131.4779165,47.05007617,5212946.346,460329.5713,5.2782,350.1,TRUE,5.3,400,300
10777,2022/10/19 14:26,131.4779138,47.05013433,5212952.813,460329.4093,5.3708,356.6,TRUE,5.3,400,300
10778,2022/10/19 14:26,131.477906,47.05019267,5212959.303,460328.8599,6.05604,354.3,TRUE,5.3,400,300
10779,2022/10/19 14:26,131.4778867,47.05025117,5212965.816,460327.4368,5.20412,353.1,TRUE,5.3,400,300
10780,2022/10/19 14:26,131.4778748,47.05030067,5212971.325,460326.5693,5.59304,351.2,TRUE,5.3,400,300
10781,2022/10/19 14:26,131.477843,47.05035683,5212977.585,460324.1946,5.53748,349.3,TRUE,5.3,400,300
10782,2022/10/19 14:26,131.477826,47.050413,5212983.838,460322.9445,5.59304,348.9,TRUE,5.3,400,300
10783,2022/10/19 14:26,131.477811,47.050466,5212989.738,460321.8441,5.07448,354.2,TRUE,5.3,400,300
10784,2022/10/19 14:26,131.4778,47.05051717,5212995.432,460321.0462,5.29672,349.6,TRUE,5.3,400,300
10785,2022/10/19 14:26,131.4777925,47.05057583,5213001.957,460320.5198,5.0004,348.1,TRUE,5.3,400,300
10786,2022/10/19 14:27,131.477782,47.050626,5213007.54,460319.7592,4.27812,355.8,TRUE,5.3,400,300
10787,2022/10/19 14:27,131.4777732,47.05066133,5213011.472,460319.1168,4.38924,359.9,TRUE,5.3,400,300
10788,2022/10/19 14:27,131.477772,47.05070417,5213016.235,460319.0573,4.46332,356,TRUE,5.3,400,300
10789,2022/10/19 14:27,131.4777468,47.05075233,5213021.602,460317.1783,5.40784,344.8,TRUE,5.3,400,300
10790,2022/10/19 14:27,131.4777285,47.05080633,5213027.614,460315.8278,4.75964,349.7,TRUE,5.3,400,300
10791,2022/10/19 14:27,131.4777032,47.05084583,5213032.018,460313.9347,4.66704,348.7,TRUE,5.3,400,300
10792,2022/10/19 14:27,131.4776965,47.050892,5213037.155,460313.4599,5.01892,350.8,TRUE,5.3,400,300
10793,2022/10/19 14:27,131.4776835,47.05094917,5213043.517,460312.5145,4.51888,351.2,TRUE,5.3,400,300
10794,2022/10/19 14:27,131.4776708,47.050998,5213048.952,460311.5858,5.53748,352.9,TRUE,5.3,400,300
10795,2022/10/19 14:27,131.4776577,47.05105667,5213055.481,460310.6339,5.31524,348.6,TRUE,5.3,400,300
10796,2022/10/19 14:27,131.4776317,47.05110417,5213060.775,460308.6936,5.13004,347.8,TRUE,5.3,400,300
10797,2022/10/19 14:27,131.4776225,47.05115567,5213066.505,460308.0327,5.24116,348.8,TRUE,5.3,400,300
10798,2022/10/19 14:27,131.4776038,47.0512125,5213072.832,460306.654,5.24116,349.8,TRUE,5.3,400,300
10799,2022/10/19 14:27,131.4775838,47.05127417,5213079.698,460305.1801,6.00048,354,TRUE,5.3,400,300
10800,2022/10/19 14:27,131.4775657,47.05133783,5213086.785,460303.8521,5.31524,355.6,TRUE,5.3,400,300
10801,2022/10/19 14:28,131.4775492,47.05139383,5213093.019,460302.6399,5.29672,351.8,TRUE,5.3,400,300
10802,2022/10/19 14:28,131.4775497,47.05145267,5213099.56,460302.7216,5.63008,353.9,TRUE,5.3,400,300
10803,2022/10/19 14:28,131.477528,47.05150817,5213105.741,460301.1139,5.4634,352.5,TRUE,5.3,400,300
10804,2022/10/19 14:28,131.477522,47.051555,5213110.95,460300.6928,5.11152,0,TRUE,5.3,400,300
10805,2022/10/19 14:28,131.4775027,47.05160283,5213116.277,460299.2618,5.4634,352.7,TRUE,5.3,400,300
10806,2022/10/19 14:28,131.477481,47.0516615,5213122.81,460297.6565,5.53748,344.8,TRUE,5.3,400,300
10807,2022/10/19 14:28,131.4774618,47.051717,5213128.99,460296.2388,5.16708,351,TRUE,5.3,400,300
10808,2022/10/19 14:28,131.4774463,47.051776,5213135.557,460295.1049,5.61156,353.1,TRUE,5.3,400,300
10809,2022/10/19 14:28,131.4774385,47.05183033,5213141.601,460294.5526,6.24124,351.3,TRUE,5.3,400,300
10810,2022/10/19 14:28,131.4774232,47.051893,5213148.576,460293.4366,5.05596,353.1,TRUE,5.3,400,300
10811,2022/10/19 14:28,131.4773983,47.05195467,5213155.445,460291.5904,5.4634,352.3,TRUE,5.3,400,300
10812,2022/10/19 14:28,131.477388,47.0520055,5213161.101,460290.8455,5.4634,346.8,TRUE,5.3,400,300
10813,2022/10/19 14:28,131.477374,47.05205683,5213166.814,460289.8198,3.38916,351.4,TRUE,5.3,400,300
10814,2022/10/19 14:28,131.4773615,47.05210083,5213171.712,460288.9027,6.13012,353.3,TRUE,5.3,400,300
10815,2022/10/19 14:28,131.4773468,47.0521695,5213179.354,460287.8368,6.27828,346.6,TRUE,5.3,400,300
10816,2022/10/19 14:29,131.477338,47.05223067,5213186.158,460287.2135,6.03752,351.6,TRUE,5.3,400,300
10817,2022/10/19 14:29,131.4773268,47.052282,5213191.871,460286.4007,5.51896,352.4,TRUE,5.3,400,300
10818,2022/10/19 14:29,131.4773057,47.05233183,5213197.421,460284.8344,5.9264,352.2,TRUE,5.3,400,300
10819,2022/10/19 14:29,131.4772908,47.05238933,5213203.821,460283.745,5.59304,346.3,TRUE,5.3,400,300
10820,2022/10/19 14:29,131.4772705,47.05244367,5213209.872,460282.2429,5.07448,351.4,TRUE,5.3,400,300
10821,2022/10/19 14:29,131.4772588,47.0524965,5213215.751,460281.3932,5.51896,347,TRUE,5.3,400,300
10822,2022/10/19 14:29,131.4772413,47.05255383,5213222.134,460280.1061,3.96328,351.9,TRUE,5.3,400,300
10823,2022/10/19 14:29,131.477228,47.05261633,5213229.089,460279.1419,5.31524,349.6,TRUE,5.3,400,300
10824,2022/10/19 14:29,131.477221,47.05267167,5213235.245,460278.6511,5.22264,355,TRUE,5.3,400,300
10825,2022/10/19 14:29,131.477207,47.05272417,5213241.088,460277.6264,5.2782,356.1,TRUE,5.3,400,300
10826,2022/10/19 14:29,131.4771863,47.05277433,5213246.675,460276.0908,4.77816,352.9,TRUE,5.3,400,300
10827,2022/10/19 14:29,131.4771633,47.0528225,5213252.042,460274.379,5.63008,348.2,TRUE,5.3,400,300
10828,2022/10/19 14:29,131.4771427,47.05288483,5213258.982,460272.8601,5.35228,356.8,TRUE,5.3,400,300
10829,2022/10/19 14:29,131.4771383,47.05294983,5213266.21,460272.5741,5.3708,353.2,TRUE,5.3,400,300
10830,2022/10/19 14:29,131.4771067,47.05299467,5213271.211,460270.2064,4.09292,353.5,TRUE,5.3,400,300
10831,2022/10/19 14:30,131.4770822,47.05304717,5213277.06,460268.3839,4.8152,351.9,TRUE,5.3,400,300
10832,2022/10/19 14:30,131.4770767,47.05310833,5213283.862,460268.0114,5.51896,351.5,TRUE,5.3,400,300
10833,2022/10/19 14:30,131.4770678,47.0531585,5213289.444,460267.3724,4.3522,352.1,TRUE,5.3,400,300
10834,2022/10/19 14:30,131.4770617,47.05320983,5213295.153,460266.9471,4.92632,0.9,TRUE,5.3,400,300
10835,2022/10/19 14:30,131.4770542,47.0532545,5213300.123,460266.4104,3.55584,6.2,TRUE,5.3,400,300
10836,2022/10/19 14:30,131.4770407,47.05329617,5213304.763,460265.4156,4.92632,356.5,TRUE,5.3,400,300
10837,2022/10/19 14:30,131.477024,47.053344,5213310.088,460264.1823,5.85232,352.1,TRUE,5.3,400,300
10838,2022/10/19 14:30,131.4770075,47.05339467,5213315.73,460262.9662,4.9078,358.1,TRUE,5.3,400,300
10839,2022/10/19 14:30,131.476996,47.05344717,5213321.572,460262.1315,4.37072,346,TRUE,5.3,400,300
10840,2022/10/19 14:30,131.47699,47.05347383,5213324.539,460261.6954,1.87052,357.2,TRUE,5.3,400,300
10841,2022/10/19 14:30,131.4769838,47.053505,5213328.008,460261.2475,4.20404,342.8,TRUE,5.3,395,300
10842,2022/10/19 14:30,131.4769653,47.0535405,5213331.963,460259.8682,2.37056,354.4,TRUE,5.3,354,300
10843,2022/10/19 14:30,131.4769648,47.0535445,5213332.408,460259.8332,0,0,FALSE,5.3,0,300
10844,2022/10/19 14:30,131.4769642,47.0535435,5213332.298,460259.7869,0,0,FALSE,5.3,0,300
10845,2022/10/19 14:30,131.4769637,47.05354367,5213332.317,460259.749,0,0,FALSE,5.3,0,300
10846,2022/10/19 14:31,131.4769625,47.053544,5213332.354,460259.6581,0,0,FALSE,5.3,0,300
10847,2022/10/19 14:31,131.4769617,47.05355433,5213333.503,460259.605,2.74096,355.2,TRUE,5.3,400,300
10848,2022/10/19 14:31,131.4769565,47.053588,5213337.249,460259.2349,2.27796,338.4,TRUE,5.3,400,300
10849,2022/10/19 14:31,131.4769532,47.05361417,5213340.16,460259.0036,1.1112,333.8,TRUE,5.3,371,300
10850,2022/10/19 14:31,131.4769498,47.0536525,5213344.423,460258.7737,4.94484,336.3,TRUE,5.3,173,300
10851,2022/10/19 14:31,131.4769155,47.05371217,5213351.074,460256.212,3.83364,282.4,FALSE,5.3,0,300
10852,2022/10/19 14:31,131.4768357,47.05372467,5213352.504,460250.1581,4.33368,247.2,FALSE,5.3,0,300
10853,2022/10/19 14:31,131.476739,47.05370833,5213350.736,460242.7987,3.81512,255.7,FALSE,5.3,0,300
10854,2022/10/19 14:31,131.4766737,47.0536915,5213348.898,460237.8248,5.33376,240.3,FALSE,5.3,0,300
10855,2022/10/19 14:31,131.476626,47.0536725,5213346.81,460234.1864,3.72252,213.9,FALSE,5.3,0,300
10856,2022/10/19 14:31,131.4766062,47.05362883,5213341.966,460232.6496,3.09284,179.2,FALSE,5.3,0,300
10857,2022/10/19 14:31,131.4766138,47.05358917,5213337.553,460233.1975,2.90764,177.1,TRUE,5.3,237,300
10858,2022/10/19 14:31,131.476631,47.05355233,5213333.448,460234.477,2.00016,174.4,TRUE,5.3,359,300
10859,2022/10/19 14:31,131.4766463,47.05353167,5213331.144,460235.6241,3.12988,143.4,TRUE,5.3,356,300
10860,2022/10/19 14:31,131.4766672,47.05350183,5213327.816,460237.1899,3.50028,176.9,TRUE,5.3,354,300
10861,2022/10/19 14:32,131.4766762,47.05347433,5213324.754,460237.8533,2.70392,180.3,TRUE,5.3,400,300
10862,2022/10/19 14:32,131.4766768,47.05344783,5213321.808,460237.8792,1.22232,189.5,TRUE,5.3,400,300
10863,2022/10/19 14:32,131.4766775,47.05342783,5213319.584,460237.9175,3.50028,175.3,TRUE,5.3,400,300
10864,2022/10/19 14:32,131.4766863,47.05339483,5213315.911,460238.5616,2.4076,180.2,TRUE,5.3,400,300
10865,2022/10/19 14:32,131.4766843,47.053388,5213315.153,460238.4046,0,0,FALSE,5.3,0,300
10866,2022/10/19 14:32,131.4766882,47.05338467,5213314.78,460238.6984,6.2042,169.1,TRUE,5.3,319,300
10867,2022/10/19 14:32,131.4767012,47.05333933,5213309.733,460239.6524,2.64836,171.8,TRUE,5.3,375,300
10868,2022/10/19 14:32,131.4767088,47.0533155,5213307.08,460240.2122,0.90748,169.2,TRUE,5.3,400,300
10869,2022/10/19 14:32,131.4767132,47.05330917,5213306.374,460240.5418,2.62984,170.1,TRUE,5.3,399,300
10870,2022/10/19 14:32,131.4767257,47.05327817,5213302.922,460241.4685,2.85208,170.3,TRUE,5.3,400,300
10871,2022/10/19 14:32,131.476744,47.053248,5213299.558,460242.8365,2.83356,177.3,TRUE,5.3,400,300
10872,2022/10/19 14:32,131.4767522,47.0532175,5213296.163,460243.4369,3.09284,173.2,TRUE,5.3,400,300
10873,2022/10/19 14:32,131.4767623,47.05318867,5213292.953,460244.1829,2.88912,171.5,TRUE,5.3,400,300
10874,2022/10/19 14:32,131.4767672,47.05315533,5213289.244,460244.5304,3.20396,169.5,TRUE,5.3,400,300
10875,2022/10/19 14:32,131.4767735,47.053117,5213284.98,460244.9806,3.53732,174.1,TRUE,5.3,400,300
10876,2022/10/19 14:33,131.4767733,47.0530815,5213281.033,460244.939,3.27804,169.1,TRUE,5.3,400,300
10877,2022/10/19 14:33,131.4767838,47.05304517,5213276.989,460245.7098,3.37064,170.5,TRUE,5.3,400,300
10878,2022/10/19 14:33,131.4767895,47.053008,5213272.854,460246.1153,3.75956,169,TRUE,5.3,400,300
10879,2022/10/19 14:33,131.4767993,47.05297033,5213268.661,460246.8319,2.37056,172.3,TRUE,5.3,400,300
10880,2022/10/19 14:33,131.4768057,47.0529535,5213266.787,460247.3057,4.40776,176.9,TRUE,5.3,400,300
10881,2022/10/19 14:33,131.4768207,47.05290567,5213261.462,460248.4098,4.57444,169.7,TRUE,5.3,400,300
10882,2022/10/19 14:33,131.4768333,47.05286467,5213256.897,460249.3367,4.70408,174.2,TRUE,5.3,400,300
10883,2022/10/19 14:33,131.4768458,47.0528205,5213251.981,460250.2536,4.48184,170.3,TRUE,5.3,400,300
10884,2022/10/19 14:33,131.4768517,47.05277833,5213247.29,460250.6706,4.79668,173.1,TRUE,5.3,400,300
10885,2022/10/19 14:33,131.4768685,47.05272967,5213241.871,460251.9109,4.61148,168,TRUE,5.3,400,300
10886,2022/10/19 14:33,131.4768758,47.05267633,5213235.938,460252.426,4.92632,174.6,TRUE,5.3,400,300
10887,2022/10/19 14:33,131.476893,47.05262,5213229.667,460253.691,5.9264,168.3,TRUE,5.3,400,300
10888,2022/10/19 14:33,131.4769137,47.0525625,5213223.264,460255.2211,4.59296,174.8,TRUE,5.3,400,300
10889,2022/10/19 14:33,131.4769275,47.05251533,5213218.013,460256.2346,4.68556,167,TRUE,5.3,400,300
10890,2022/10/19 14:33,131.4769403,47.052467,5213212.634,460257.1712,5.87084,169.1,TRUE,5.3,400,300
10891,2022/10/19 14:34,131.4769588,47.052408,5213206.065,460258.533,5.31524,172.7,TRUE,5.3,400,300
10892,2022/10/19 14:34,131.4769695,47.05235617,5213200.298,460259.3075,4.74112,169.4,TRUE,5.3,400,300
10893,2022/10/19 14:34,131.4769837,47.0523005,5213194.101,460260.3451,5.13004,167.2,TRUE,5.3,400,300
10894,2022/10/19 14:34,131.4770003,47.052251,5213188.59,460261.5696,4.61148,170.3,TRUE,5.3,400,300
10895,2022/10/19 14:34,131.4770147,47.05219617,5213182.487,460262.6231,5.05596,169.2,TRUE,5.3,400,300
10896,2022/10/19 14:34,131.4770208,47.05213933,5213176.165,460263.0443,5.556,173.5,TRUE,5.3,400,300
10897,2022/10/19 14:34,131.4770377,47.05208017,5213169.58,460264.2845,5.48192,167.5,TRUE,5.3,400,300
10898,2022/10/19 14:34,131.4770517,47.05201667,5213162.513,460265.3011,5.9264,170,TRUE,5.3,400,300
10899,2022/10/19 14:34,131.4770695,47.05195583,5213155.74,460266.6083,6.1116,170.8,TRUE,5.3,400,300
10900,2022/10/19 14:34,131.4770917,47.05189317,5213148.763,460268.2486,5.48192,171.4,TRUE,5.3,400,300
10901,2022/10/19 14:34,131.4771067,47.051835,5213142.289,460269.3451,5.22264,166.4,TRUE,5.3,400,300
10902,2022/10/19 14:34,131.4771263,47.0517775,5213135.886,460270.7917,5.94492,173,TRUE,5.3,400,300
10903,2022/10/19 14:34,131.4771397,47.05171333,5213128.746,460271.7622,6.24124,170.4,TRUE,5.3,400,300
10904,2022/10/19 14:34,131.4771587,47.05165217,5213121.937,460273.1604,6.16716,167.7,TRUE,5.3,400,300
10905,2022/10/19 14:34,131.4771763,47.05159583,5213115.664,460274.4559,5.88936,171.9,TRUE,5.3,400,300
10906,2022/10/19 14:35,131.4771912,47.0515465,5213110.173,460275.5514,4.68556,170.6,TRUE,5.3,400,300
10907,2022/10/19 14:35,131.477203,47.0515,5213104.997,460276.4135,4.57444,165.5,TRUE,5.3,400,300
10908,2022/10/19 14:35,131.477216,47.05145217,5213099.673,460277.3657,5.03744,171.6,TRUE,5.3,400,300
10909,2022/10/19 14:35,131.4772253,47.0513985,5213093.702,460278.0325,4.83372,174.5,TRUE,5.3,400,300
10910,2022/10/19 14:35,131.4772333,47.05135133,5213088.454,460278.6054,5.51896,174.1,TRUE,5.3,400,300
10911,2022/10/19 14:35,131.4772563,47.05130467,5213083.255,460280.3183,4.0744,167.9,TRUE,5.3,400,300
10912,2022/10/19 14:35,131.477269,47.051258,5213078.06,460281.2487,4.0744,172.2,TRUE,5.3,400,300
10913,2022/10/19 14:35,131.4772835,47.05121183,5213072.92,460282.3161,4.70408,169.3,TRUE,5.3,400,300
10914,2022/10/19 14:35,131.4772937,47.05117317,5213068.617,460283.0625,3.72252,167.2,TRUE,5.3,400,300
10915,2022/10/19 14:35,131.4773078,47.05113717,5213064.608,460284.1071,4.38924,166.9,TRUE,5.3,400,300
10916,2022/10/19 14:35,131.4773158,47.05109433,5213059.841,460284.6832,4.11144,167.8,TRUE,5.3,400,300
10917,2022/10/19 14:35,131.4773263,47.05105067,5213054.982,460285.4486,4.4448,171.9,TRUE,5.3,400,300
10918,2022/10/19 14:35,131.4773448,47.05100683,5213050.099,460286.8217,5.40784,168.5,TRUE,5.3,400,300
10919,2022/10/19 14:35,131.477362,47.05095683,5213044.532,460288.0915,4.48184,170,TRUE,5.3,400,300
10920,2022/10/19 14:35,131.4773772,47.050916,5213039.985,460289.2162,4.8152,168.8,TRUE,5.3,400,300
10921,2022/10/19 14:36,131.4773868,47.05086767,5213034.607,460289.9097,5.01892,174.5,TRUE,5.3,400,300
10922,2022/10/19 14:36,131.4774005,47.05082117,5213029.431,460290.9162,5.16708,175.9,TRUE,5.3,400,300
10923,2022/10/19 14:36,131.4774102,47.0507715,5213023.904,460291.6164,5.556,170.4,TRUE,5.3,400,300
10924,2022/10/19 14:36,131.4774285,47.05071367,5213017.465,460292.964,6.019,168.9,TRUE,5.3,400,300
10925,2022/10/19 14:36,131.4774485,47.05064867,5213010.229,460294.4354,5.66712,169,TRUE,5.3,400,300
10926,2022/10/19 14:36,131.4774548,47.05059167,5213003.889,460294.8718,4.5374,168.6,TRUE,5.3,400,300
10927,2022/10/19 14:36,131.4774652,47.05054483,5212998.677,460295.6273,5.40784,175.4,TRUE,5.3,400,300
10928,2022/10/19 14:36,131.4774828,47.05048733,5212992.275,460296.9219,4.66704,169.4,TRUE,5.3,400,300
10929,2022/10/19 14:36,131.4774963,47.050448,5212987.896,460297.9185,7.0376,168.5,TRUE,5.3,400,300
10930,2022/10/19 14:36,131.4775215,47.05038283,5212980.638,460299.785,7.01908,169.6,TRUE,5.3,400,300
10931,2022/10/19 14:36,131.47754,47.0503035,5212971.81,460301.1318,6.25976,175.4,TRUE,5.3,400,300
10932,2022/10/19 14:36,131.477545,47.05024533,5212965.34,460301.4686,5.6486,168.9,TRUE,5.3,400,300
10933,2022/10/19 14:36,131.4775618,47.050195,5212959.736,460302.7078,5.63008,166.6,TRUE,5.3,400,300
10934,2022/10/19 14:36,131.47758,47.05013883,5212953.483,460304.049,5.90788,171.3,TRUE,5.3,400,300
10935,2022/10/19 14:36,131.4776002,47.0500775,5212946.654,460305.5384,5.68564,169.6,TRUE,5.3,400,300
10936,2022/10/19 14:37,131.4776057,47.05001917,5212940.167,460305.913,5.24116,169.3,TRUE,5.3,400,300
10937,2022/10/19 14:37,131.477621,47.0499585,5212933.414,460307.0306,5.79676,167.3,TRUE,5.3,400,300
10938,2022/10/19 14:37,131.477639,47.04989633,5212926.494,460308.3522,6.019,166.2,TRUE,5.3,400,300
10939,2022/10/19 14:37,131.4776578,47.04983383,5212919.536,460309.7343,5.9264,175.8,TRUE,5.3,400,300
10940,2022/10/19 14:37,131.477677,47.049771,5212912.541,460311.1466,6.63016,171.1,TRUE,5.3,400,300
10941,2022/10/19 14:37,131.4776985,47.0497075,5212905.471,460312.7332,6.33384,169.2,TRUE,5.3,400,300
10942,2022/10/19 14:37,131.4777232,47.04964317,5212898.307,460314.5623,5.90788,163.9,TRUE,5.3,400,300
10943,2022/10/19 14:37,131.477734,47.049579,5212891.167,460315.3354,5.88936,170.5,TRUE,5.3,400,300
10944,2022/10/19 14:37,131.4777552,47.04951483,5212884.023,460316.8987,6.3894,168.6,TRUE,5.3,400,300
10945,2022/10/19 14:37,131.4777742,47.049451,5212876.917,460318.295,6.13012,172,TRUE,5.3,400,300
10946,2022/10/19 14:37,131.4777913,47.0493875,5212869.849,460319.5473,6.2968,172.2,TRUE,5.3,400,300
10947,2022/10/19 14:37,131.4778055,47.04932083,5212862.43,460320.5769,6.16716,169.8,TRUE,5.3,400,300
10948,2022/10/19 14:37,131.4778262,47.04925233,5212854.804,460322.099,7.408,173.3,TRUE,5.3,400,300
10949,2022/10/19 14:37,131.4778343,47.0491725,5212845.925,460322.6552,7.63024,169.8,TRUE,5.3,400,300
10950,2022/10/19 14:37,131.4778498,47.04910267,5212838.154,460323.7812,6.42644,169.4,TRUE,5.3,400,300
10951,2022/10/19 14:38,131.4778757,47.0490395,5212831.119,460325.7024,7.24132,169,TRUE,5.3,400,300
10952,2022/10/19 14:38,131.477898,47.04897467,5212823.9,460327.3489,7.79692,170.5,TRUE,5.3,400,300
10953,2022/10/19 14:38,131.4779208,47.04890083,5212815.68,460329.0266,7.18576,169.5,TRUE,5.3,400,300
10954,2022/10/19 14:38,131.4779387,47.04883483,5212808.333,460330.3378,6.79684,171.5,TRUE,5.3,400,300
10955,2022/10/19 14:38,131.4779605,47.0487595,5212799.948,460331.9385,7.24132,169.9,TRUE,5.3,400,300
10956,2022/10/19 14:38,131.4779838,47.04868633,5212791.801,460333.6547,7.33392,177.7,TRUE,5.3,400,300
10957,2022/10/19 14:38,131.4779915,47.04861533,5212783.904,460334.1872,7.463561,169.6,TRUE,5.3,400,300
10958,2022/10/19 14:38,131.4779998,47.04853933,5212775.451,460334.7615,7.778399,171.1,TRUE,5.3,400,300
10959,2022/10/19 14:38,131.4780268,47.04845967,5212766.582,460336.7541,7.81544,166.8,TRUE,5.3,400,300
10960,2022/10/19 14:38,131.4780563,47.04837817,5212757.506,460338.9353,8.27844,170.6,TRUE,5.3,400,300
10961,2022/10/19 14:38,131.4780717,47.04829667,5212748.438,460340.0451,7.51912,168.9,TRUE,5.3,400,300
10962,2022/10/19 14:38,131.4780965,47.048219,5212739.791,460341.872,7.35244,169.5,TRUE,5.3,400,300
10963,2022/10/19 14:38,131.4781147,47.04813567,5212730.517,460343.1932,7.90804,169.2,TRUE,5.3,400,300
10964,2022/10/19 14:38,131.4781308,47.04805133,5212721.133,460344.3541,8.07472,172.2,TRUE,5.3,400,300
10965,2022/10/19 14:38,131.4781567,47.04796883,5212711.948,460346.261,8.22288,166.4,TRUE,5.3,400,300
10966,2022/10/19 14:39,131.4781733,47.0478905,5212703.232,460347.4644,7.5006,168.8,TRUE,5.3,400,300
10967,2022/10/19 14:39,131.478182,47.0478185,5212695.223,460348.0721,7.98212,167.6,TRUE,5.3,400,300
10968,2022/10/19 14:39,131.4781965,47.0477475,5212687.323,460349.1213,7.16724,168.8,TRUE,5.3,400,300
10969,2022/10/19 14:39,131.478229,47.04766583,5212678.227,460351.5304,7.1302,169.2,TRUE,5.3,400,300
10970,2022/10/19 14:39,131.4782552,47.04758717,5212669.469,460353.463,7.35244,167.4,TRUE,5.3,400,300
10971,2022/10/19 14:39,131.4782795,47.04751233,5212661.136,460355.2541,7.852479,174,TRUE,5.3,400,300
10972,2022/10/19 14:39,131.4783027,47.04743533,5212652.564,460356.96,8.09324,171.2,TRUE,5.3,400,300
10973,2022/10/19 14:39,131.4783268,47.0473545,5212643.566,460358.7314,7.51912,168.4,TRUE,5.3,400,300
10974,2022/10/19 14:39,131.4783577,47.04727917,5212635.176,460361.0237,7.75988,166.5,TRUE,5.3,400,300
10975,2022/10/19 14:39,131.4783777,47.04719317,5212625.605,460362.4797,9.48224,165.9,TRUE,5.3,400,300
10976,2022/10/19 14:39,131.478388,47.04711417,5212616.817,460363.2039,6.87092,174.4,TRUE,5.3,400,300
10977,2022/10/19 14:39,131.478404,47.04703333,5212607.822,460364.3598,6.40792,168.8,TRUE,5.3,400,300
10978,2022/10/19 14:39,131.4784278,47.04695733,5212599.361,460366.1121,7.74136,173.7,TRUE,5.3,400,300
10979,2022/10/19 14:39,131.4784575,47.04689217,5212592.102,460368.3207,5.42636,172.4,TRUE,5.3,400,300
10980,2022/10/19 14:39,131.4784858,47.04683717,5212585.973,460370.4304,5.9264,176.8,TRUE,5.3,400,300
10981,2022/10/19 14:40,131.4784882,47.046764,5212577.838,460370.5586,5.0004,170.7,TRUE,5.3,400,300
10982,2022/10/19 14:40,131.4785095,47.0467055,5212571.323,460372.1339,6.70424,160,TRUE,5.3,400,300
10983,2022/10/19 14:40,131.4785323,47.0466385,5212563.863,460373.8168,5.88936,164.1,TRUE,5.3,400,300
10984,2022/10/19 14:40,131.4785548,47.0465735,5212556.626,460375.4784,5.40784,153.1,TRUE,5.3,400,300
10985,2022/10/19 14:40,131.4785998,47.04651083,5212549.636,460378.8516,6.22272,159.6,TRUE,5.3,400,300
10986,2022/10/19 14:40,131.4786155,47.046457,5212543.644,460380.0047,6.37088,169,TRUE,5.3,400,300
10987,2022/10/19 14:40,131.4786265,47.04639933,5212537.227,460380.7979,5.72268,167.8,TRUE,5.3,400,300
10988,2022/10/19 14:40,131.4786473,47.04633667,5212530.25,460382.3321,6.09308,165.3,TRUE,5.3,400,300
10989,2022/10/19 14:40,131.4786842,47.046281,5212524.043,460385.0949,4.61148,156.5,TRUE,5.3,400,300
10990,2022/10/19 14:40,131.4787097,47.04622417,5212517.712,460386.9906,5.29672,152.5,TRUE,5.3,400,300
10991,2022/10/19 14:40,131.4787505,47.04615667,5212510.187,460390.0411,5.51896,105.9,FALSE,5.3,0,300
10992,2022/10/19 14:40,131.478829,47.046132,5212507.405,460395.988,5.25968,37.8,FALSE,5.3,0,300
10993,2022/10/19 14:40,131.4789085,47.04618467,5212513.22,460402.0682,5.01892,354.9,TRUE,5.3,170,300
10994,2022/10/19 14:40,131.4789013,47.04624417,5212519.838,460401.5651,3.03728,358.3,TRUE,5.3,400,300
10995,2022/10/19 14:40,131.4788882,47.04629,5212524.94,460400.6036,4.4448,357.1,TRUE,5.3,400,300
10996,2022/10/19 14:41,131.4788842,47.04634033,5212530.537,460400.3369,5.44488,353.9,TRUE,5.3,400,300
10997,2022/10/19 14:41,131.4788617,47.0464,5212537.182,460398.6713,5.38932,1.7,TRUE,5.3,400,300
10998,2022/10/19 14:41,131.4788605,47.04645333,5212543.112,460398.6195,5.31524,359.7,TRUE,5.3,400,300
10999,2022/10/19 14:41,131.4788438,47.046504,5212548.753,460397.388,6.37088,350.9,TRUE,5.3,400,300
11000,2022/10/19 14:41,131.4788122,47.0465625,5212555.273,460395.03,6.27828,348.8,TRUE,5.3,400,300
11001,2022/10/19 14:41,131.4788015,47.046624,5212562.115,460394.2625,5.22264,350.8,TRUE,5.3,400,300
11002,2022/10/19 14:41,131.478792,47.04666867,5212567.086,460393.5736,4.63,357.2,TRUE,5.3,400,300
11003,2022/10/19 14:41,131.4787903,47.04672183,5212572.997,460393.4838,6.13012,359.9,TRUE,5.3,400,300
11004,2022/10/19 14:41,131.4787843,47.04678433,5212579.948,460393.0741,6.37088,352.7,TRUE,5.3,400,300
11005,2022/10/19 14:41,131.4787628,47.04684067,5212586.222,460391.4821,5.98196,354.2,TRUE,5.3,400,300
11006,2022/10/19 14:41,131.4787397,47.04690683,5212593.589,460389.7757,5.81528,355.2,TRUE,5.3,400,300
11007,2022/10/19 14:41,131.478732,47.04696433,5212599.985,460389.2331,6.33384,352.9,TRUE,5.3,400,300
11008,2022/10/19 14:41,131.4787105,47.04702367,5212606.593,460387.6433,5.556,356.5,TRUE,5.3,400,300
11009,2022/10/19 14:41,131.4786993,47.04708267,5212613.158,460386.8359,6.00048,352.3,TRUE,5.3,400,300
11010,2022/10/19 14:41,131.4786875,47.047143,5212619.871,460385.9839,6.55608,354.5,TRUE,5.3,400,300
11011,2022/10/19 14:42,131.4786772,47.04720917,5212627.232,460385.2502,6.31532,350.4,TRUE,5.3,400,300
11012,2022/10/19 14:42,131.4786628,47.04727367,5212634.41,460384.2037,6.27828,358.1,TRUE,5.3,400,300
11013,2022/10/19 14:42,131.4786507,47.04733167,5212640.864,460383.3272,6.09308,357.8,TRUE,5.3,400,300
11014,2022/10/19 14:42,131.4786333,47.047395,5212647.913,460382.0519,6.00048,354.6,TRUE,5.3,400,300
11015,2022/10/19 14:42,131.4786098,47.04745783,5212654.91,460380.3127,6.05604,358.3,TRUE,5.3,400,300
11016,2022/10/19 14:42,131.4785865,47.04751983,5212661.815,460378.5881,6.33384,355.6,TRUE,5.3,400,300
11017,2022/10/19 14:42,131.4785647,47.047581,5212668.626,460376.9768,6.00048,359,TRUE,5.3,400,300
11018,2022/10/19 14:42,131.478536,47.047644,5212675.644,460374.8426,5.59304,358.3,TRUE,5.3,400,300
11019,2022/10/19 14:42,131.4785155,47.04770833,5212682.806,460373.3325,5.77824,352.4,TRUE,5.3,400,300
11020,2022/10/19 14:42,131.4785,47.0477615,5212688.725,460372.1941,5.42636,354.4,TRUE,5.3,400,300
11021,2022/10/19 14:42,131.4784787,47.04781617,5212694.814,460370.616,5.03744,356.9,TRUE,5.3,400,300
11022,2022/10/19 14:42,131.478478,47.04787183,5212701.002,460370.604,5.05596,356.1,TRUE,5.3,400,300
11023,2022/10/19 14:42,131.4784767,47.04793067,5212707.544,460370.5488,6.00048,355.9,TRUE,5.3,400,300
11024,2022/10/19 14:42,131.4784605,47.04799267,5212714.445,460369.3638,6.24124,358,TRUE,5.3,400,300
11025,2022/10/19 14:42,131.4784452,47.04805283,5212721.141,460368.2457,6.40792,353.7,TRUE,5.3,400,300
11026,2022/10/19 14:43,131.4784225,47.04811733,5212728.323,460366.5686,5.70416,355.8,TRUE,5.3,400,300
11027,2022/10/19 14:43,131.4784073,47.04817483,5212734.723,460365.4562,6.3894,353.3,TRUE,5.3,400,300
11028,2022/10/19 14:43,131.4783987,47.04823783,5212741.731,460364.8493,6.25976,355.7,TRUE,5.3,400,300
11029,2022/10/19 14:43,131.4783783,47.048297,5212748.319,460363.343,6.31532,352,TRUE,5.3,400,300
11030,2022/10/19 14:43,131.4783557,47.04835333,5212754.593,460361.6675,5.90788,0.4,TRUE,5.3,400,300
11031,2022/10/19 14:43,131.4783415,47.048405,5212760.344,460360.6267,6.55608,356.8,TRUE,5.3,400,300
11032,2022/10/19 14:43,131.4783275,47.04846717,5212767.263,460359.609,5.4634,352,TRUE,5.3,400,300
11033,2022/10/19 14:43,131.4782898,47.04851983,5212773.136,460356.7833,5.94492,353.7,TRUE,5.3,400,300
11034,2022/10/19 14:43,131.4782682,47.048574,5212779.169,460355.1821,5.70416,344.4,TRUE,5.3,400,300
11035,2022/10/19 14:43,131.478243,47.048631,5212785.519,460353.3095,5.81528,356.4,TRUE,5.3,400,300
11036,2022/10/19 14:43,131.4782362,47.0486915,5212792.248,460352.8376,5.48192,354.7,TRUE,5.3,400,300
11037,2022/10/19 14:43,131.4782147,47.04874783,5212798.522,460351.2456,5.96344,352,TRUE,5.3,400,300
11038,2022/10/19 14:43,131.478183,47.04880267,5212804.634,460348.8775,6.019,0.1,TRUE,5.3,400,300
11039,2022/10/19 14:43,131.4781683,47.04885717,5212810.7,460347.8009,4.75964,353.3,TRUE,5.3,400,300
11040,2022/10/19 14:43,131.4781625,47.04891333,5212816.947,460347.4018,5.1856,347.8,TRUE,5.3,400,300
11041,2022/10/19 14:44,131.4781502,47.048967,5212822.92,460346.5069,4.9078,355.9,TRUE,5.3,400,300
11042,2022/10/19 14:44,131.4781423,47.04902283,5212829.13,460345.948,4.9078,354.6,TRUE,5.3,400,300
11043,2022/10/19 14:44,131.4781312,47.04907967,5212835.455,460345.1467,5.44488,352.9,TRUE,5.3,399,300
11044,2022/10/19 14:44,131.4781185,47.04914217,5212842.41,460344.228,6.2968,357.2,TRUE,5.3,400,300
11045,2022/10/19 14:44,131.4781022,47.04919683,5212848.494,460343.0299,5.79676,351.3,TRUE,5.3,400,300
11046,2022/10/19 14:44,131.4780868,47.049251,5212854.524,460341.8999,5.14856,359.2,TRUE,5.3,400,300
11047,2022/10/19 14:44,131.4780662,47.0493115,5212861.261,460340.3794,5.33376,351.4,TRUE,5.3,400,300
11048,2022/10/19 14:44,131.4780562,47.0493695,5212867.714,460339.6626,5.44488,351.8,TRUE,5.3,400,300
11049,2022/10/19 14:44,131.478045,47.04942567,5212873.964,460338.8532,6.2968,352.1,TRUE,5.3,400,300
11050,2022/10/19 14:44,131.4780345,47.0494805,5212880.065,460338.096,6.16716,352.8,TRUE,5.3,400,300
11051,2022/10/19 14:44,131.478013,47.04953083,5212885.671,460336.4996,4.05588,0.9,TRUE,5.3,400,300
11052,2022/10/19 14:44,131.4780038,47.04957767,5212890.883,460335.8352,4.61148,349.7,TRUE,5.3,400,300
11053,2022/10/19 14:44,131.4779887,47.049628,5212896.486,460334.7252,2.88912,358.1,TRUE,5.3,400,300
11054,2022/10/19 14:44,131.4779773,47.04967867,5212902.125,460333.8965,5.79676,356.5,TRUE,5.3,400,300
11055,2022/10/19 14:44,131.4779703,47.049732,5212908.057,460333.4042,4.31516,355.7,TRUE,5.3,400,300
11056,2022/10/19 14:45,131.4779608,47.0497845,5212913.898,460332.7212,4.57444,356.7,TRUE,5.3,400,300
11057,2022/10/19 14:45,131.4779487,47.049836,5212919.63,460331.84,5.31524,355.4,TRUE,5.3,400,300
11058,2022/10/19 14:45,131.4779317,47.0498875,5212925.364,460330.5864,4.8152,353.5,TRUE,5.3,400,300
11059,2022/10/19 14:45,131.4779102,47.04993817,5212931.008,460328.9903,5.11152,356.3,TRUE,5.3,400,300
11060,2022/10/19 14:45,131.4778988,47.04999,5212936.775,460328.1625,4.55592,356.4,TRUE,5.3,400,300
11061,2022/10/19 14:45,131.4778857,47.05004333,5212942.711,460327.2067,5.66712,0.5,TRUE,5.3,400,300
11062,2022/10/19 14:45,131.4778752,47.050094,5212948.349,460326.4464,5.61156,351.7,TRUE,5.3,400,300
11063,2022/10/19 14:45,131.4778542,47.05014367,5212953.882,460324.8876,5.57452,354.9,TRUE,5.3,400,300
11064,2022/10/19 14:45,131.4778412,47.05019717,5212959.836,460323.9394,5.38932,349.8,TRUE,5.3,400,300
11065,2022/10/19 14:45,131.477822,47.05025,5212965.719,460322.5197,5.9264,351.9,TRUE,5.3,400,300
11066,2022/10/19 14:45,131.4777888,47.0503115,5212972.573,460320.0426,5.85232,346.6,TRUE,5.3,400,300
11067,2022/10/19 14:45,131.4777733,47.05036533,5212978.565,460318.9048,6.61164,349.8,TRUE,5.3,400,300
11068,2022/10/19 14:45,131.4777498,47.05043017,5212985.785,460317.1673,6.18568,349.2,TRUE,5.3,400,300
11069,2022/10/19 14:45,131.4777228,47.05048317,5212991.691,460315.155,5.59304,351.3,TRUE,5.3,400,300
11070,2022/10/19 14:45,131.4777102,47.0505355,5212997.515,460314.2364,6.1116,345.7,TRUE,5.3,400,300
11071,2022/10/19 14:46,131.477702,47.050598,5213004.467,460313.6597,5.42636,355,TRUE,5.3,400,300
11072,2022/10/19 14:46,131.4777023,47.05065583,5213010.896,460313.7254,5.88936,354.8,TRUE,5.3,400,300
11073,2022/10/19 14:46,131.47769,47.0507085,5213016.758,460312.8299,6.09308,351.2,TRUE,5.3,398,300
11074,2022/10/19 14:46,131.4776703,47.05077367,5213024.013,460311.3814,6.51904,356.3,TRUE,5.3,400,300
11075,2022/10/19 14:46,131.4776457,47.0508455,5213032.011,460309.5654,6.22272,353.6,TRUE,5.3,400,300
11076,2022/10/19 14:46,131.4776212,47.05090683,5213038.842,460307.7493,4.40776,352.5,TRUE,5.3,400,300
11077,2022/10/19 14:46,131.4776118,47.050951,5213043.757,460307.0679,5.70416,349.7,TRUE,5.3,400,300
11078,2022/10/19 14:46,131.4776078,47.0510055,5213049.818,460306.8044,5.68564,355.7,TRUE,5.3,400,300
11079,2022/10/19 14:46,131.4775907,47.051068,5213056.775,460305.5514,5.94492,358.5,TRUE,5.3,400,300
11080,2022/10/19 14:46,131.477575,47.051129,5213063.564,460304.4038,6.5746,353.7,TRUE,5.3,400,300
11081,2022/10/19 14:46,131.4775567,47.05118983,5213070.336,460303.0584,5.94492,349.6,TRUE,5.3,400,300
11082,2022/10/19 14:46,131.4775303,47.051263,5213078.484,460301.1067,6.63016,352.1,TRUE,5.3,400,300
11083,2022/10/19 14:46,131.4775103,47.051324,5213085.275,460299.6323,6.482,352.7,TRUE,5.3,400,300
11084,2022/10/19 14:46,131.4774868,47.05138733,5213092.328,460297.8937,6.90796,355.7,TRUE,5.3,400,300
11085,2022/10/19 14:46,131.4774763,47.051446,5213098.855,460297.1395,6.27828,352.1,TRUE,5.3,400,300
11086,2022/10/19 14:47,131.4774715,47.0515025,5213105.139,460296.8167,6.53756,354,TRUE,5.3,400,300
11087,2022/10/19 14:47,131.4774602,47.05156767,5213112.39,460296.0064,6.35236,354.1,TRUE,5.3,400,300
11088,2022/10/19 14:47,131.4774435,47.05163917,5213120.347,460294.7906,6.945,354.7,TRUE,5.3,400,300
11089,2022/10/19 14:47,131.4774243,47.05170183,5213127.323,460293.3782,6.6672,348.9,TRUE,5.3,400,300
11090,2022/10/19 14:47,131.4774055,47.051766,5213134.466,460291.9974,6.88944,354.1,TRUE,5.3,400,300
11091,2022/10/19 14:47,131.4773818,47.05182817,5213141.39,460290.2428,6.482,352.9,TRUE,5.3,400,300
11092,2022/10/19 14:47,131.4773483,47.0518935,5213148.67,460287.7459,6.42644,353.9,TRUE,5.3,400,300
11093,2022/10/19 14:47,131.4773312,47.05195667,5213155.701,460286.4935,6.53756,352.1,TRUE,5.3,400,300
11094,2022/10/19 14:47,131.477328,47.05202233,5213163.002,460286.2991,6.13012,354.3,TRUE,5.3,400,300
11095,2022/10/19 14:47,131.4773292,47.052082,5213169.635,460286.4345,5.87084,353.4,TRUE,5.3,400,300
11096,2022/10/19 14:47,131.4773167,47.0521455,5213176.701,460285.5319,6.07456,354.3,TRUE,5.3,400,300
11097,2022/10/19 14:47,131.4773018,47.05220417,5213183.231,460284.4433,6.25976,352.6,TRUE,5.3,400,300
11098,2022/10/19 14:47,131.4772902,47.05226867,5213190.407,460283.6098,6.482,354.6,TRUE,5.3,400,300
11099,2022/10/19 14:47,131.477244,47.05235317,5213199.825,460280.1622,5.87084,351.7,TRUE,5.3,400,300
11100,2022/10/19 14:47,131.477222,47.05242,5213207.265,460278.5402,5.8338,348.5,TRUE,5.3,400,300
11101,2022/10/19 14:48,131.4772122,47.052482,5213214.163,460277.8417,5.88936,351.7,TRUE,5.3,400,300
11102,2022/10/19 14:48,131.477199,47.05254583,5213221.266,460276.8861,5.8338,358.8,TRUE,5.3,400,300
11103,2022/10/19 14:48,131.477174,47.052607,5213228.079,460275.032,6.019,354.5,TRUE,5.3,400,300
11104,2022/10/19 14:48,131.4771495,47.05266283,5213234.298,460273.2119,6.51904,356,TRUE,5.3,400,300
11105,2022/10/19 14:48,131.4771407,47.052715,5213240.102,460272.582,5.01892,349.5,TRUE,5.3,397,300
11106,2022/10/19 14:48,131.4771343,47.05276467,5213245.627,460272.1326,5.42636,348.5,TRUE,5.3,400,300
11107,2022/10/19 14:48,131.4771182,47.05281833,5213251.601,460270.9492,5.29672,353.6,TRUE,5.3,400,300
11108,2022/10/19 14:48,131.4770947,47.05286883,5213257.227,460269.2012,5.3708,347.7,TRUE,5.3,400,300
11109,2022/10/19 14:48,131.477086,47.05292517,5213263.495,460268.582,5.40784,347,TRUE,5.3,400,300
11110,2022/10/19 14:48,131.4770762,47.05297533,5213269.076,460267.8746,5.44488,347.6,TRUE,5.3,400,300
11111,2022/10/19 14:48,131.4770665,47.05302433,5213274.529,460267.174,5.24116,349.9,TRUE,5.3,400,300
11112,2022/10/19 14:48,131.4770383,47.0530735,5213280.009,460265.0679,4.75964,353.8,TRUE,5.3,400,300
11113,2022/10/19 14:48,131.47702,47.053124,5213285.633,460263.7149,5.68564,349.4,TRUE,5.3,400,300
11114,2022/10/19 14:48,131.4770087,47.053177,5213291.531,460262.8957,5.05596,354.9,TRUE,5.3,400,300
11115,2022/10/19 14:48,131.4769927,47.05323033,5213297.467,460261.7197,4.9078,346.1,TRUE,5.3,400,300
11116,2022/10/19 14:49,131.4769887,47.053283,5213303.325,460261.4549,4.24108,348.4,TRUE,5.3,400,300
11117,2022/10/19 14:49,131.4769842,47.0533225,5213307.718,460261.1423,4.03736,355,TRUE,5.3,400,300
11118,2022/10/19 14:49,131.476967,47.05336,5213311.896,460259.8633,4.75964,350.2,TRUE,5.3,400,300
11119,2022/10/19 14:49,131.476966,47.05341767,5213318.308,460259.8302,3.96328,358.8,TRUE,5.3,400,300
11120,2022/10/19 14:49,131.4769667,47.053447,5213321.568,460259.9051,3.92624,10,TRUE,5.3,400,300
11121,2022/10/19 14:49,131.4769637,47.05349083,5213326.442,460259.7098,2.98172,2.7,TRUE,5.3,400,300
11122,2022/10/19 14:49,131.4769445,47.05353517,5213331.382,460258.2839,4.2596,350.5,TRUE,5.3,400,300
11123,2022/10/19 14:49,131.476934,47.053572,5213335.481,460257.5135,2.66688,352.9,TRUE,5.3,400,300
11124,2022/10/19 14:49,131.4769223,47.05360667,5213339.342,460256.6503,3.20396,5,TRUE,5.3,397,300
11125,2022/10/19 14:49,131.4768987,47.05363267,5213342.244,460254.8765,2.83356,352.6,TRUE,5.3,400,300
11126,2022/10/19 14:49,131.4768875,47.05367383,5213346.825,460254.0561,3.81512,346,FALSE,5.3,0,300
11127,2022/10/19 14:49,131.4768365,47.05372183,5213352.188,460250.2168,2.8706,281,FALSE,5.3,0,300
11128,2022/10/19 14:49,131.4768382,47.05372717,5213352.78,460250.3499,3.83364,106.4,FALSE,5.3,0,300
11129,2022/10/19 14:49,131.4769078,47.05372467,5213352.467,460255.6362,0.53708,99.7,FALSE,5.3,0,300
11130,2022/10/19 14:49,131.4768367,47.05372867,5213352.948,460250.237,4.94484,271.2,FALSE,5.3,0,300
11131,2022/10/19 14:50,131.4767558,47.0537375,5213353.971,460244.0969,4.85224,247,FALSE,5.3,0,300
11132,2022/10/19 14:50,131.4766902,47.05371683,5213351.706,460239.0973,4.46332,248.8,FALSE,5.3,0,300
11133,2022/10/19 14:50,131.4766218,47.053694,5213349.203,460233.8833,4.37072,237.3,FALSE,5.3,0,300
11134,2022/10/19 14:50,131.4765682,47.05366467,5213345.969,460229.789,4.24108,220.6,FALSE,5.3,0,300
11135,2022/10/19 14:50,131.476552,47.05362233,5213341.271,460228.5266,1.92608,182.4,TRUE,5.3,253,300
11136,2022/10/19 14:50,131.4765413,47.053581,5213336.681,460227.6829,3.12988,185.6,TRUE,5.3,373,300
11137,2022/10/19 14:50,131.4765488,47.05354267,5213332.416,460228.2243,3.18544,194.3,TRUE,5.3,396,300
11138,2022/10/19 14:50,131.4765445,47.05351067,5213328.861,460227.8738,1.92608,189.7,TRUE,5.3,356,300
11139,2022/10/19 14:50,131.476546,47.05347983,5213325.432,460227.9648,2.74096,173.3,TRUE,5.3,400,300
11140,2022/10/19 14:50,131.4765675,47.0534535,5213322.494,460229.5788,4.03736,166.1,TRUE,5.3,357,300
11141,2022/10/19 14:50,131.4765835,47.053436,5213320.54,460230.7815,1.42604,165.8,TRUE,5.3,261,300
11142,2022/10/19 14:50,131.476598,47.05342,5213318.754,460231.8713,3.44472,160.8,TRUE,5.3,398,300
11143,2022/10/19 14:50,131.4765975,47.05339317,5213315.771,460231.8133,2.94468,182.4,TRUE,5.3,400,300
11144,2022/10/19 14:50,131.4765787,47.05335533,5213311.574,460230.3568,2.48168,171,TRUE,5.3,400,300
11145,2022/10/19 14:50,131.4765832,47.053332,5213308.978,460230.6814,2.88912,178.1,TRUE,5.3,400,300
11146,2022/10/19 14:51,131.4766037,47.05330767,5213306.263,460232.2209,3.20396,167.2,TRUE,5.3,400,300
11147,2022/10/19 14:51,131.4766127,47.05327533,5213302.663,460232.8806,3.241,168.3,TRUE,5.3,395,300
11148,2022/10/19 14:51,131.4766195,47.05323767,5213298.473,460233.3693,3.11136,171.8,TRUE,5.3,263,300
11149,2022/10/19 14:51,131.4766293,47.05319217,5213293.41,460234.0801,4.42628,173.6,TRUE,5.3,400,300
11150,2022/10/19 14:51,131.4766488,47.05314683,5213288.359,460235.528,4.167,182.8,TRUE,5.3,400,300
11151,2022/10/19 14:51,131.4766617,47.05311183,5213284.462,460236.4821,3.38916,176.8,TRUE,5.3,400,300
11152,2022/10/19 14:51,131.476672,47.05307333,5213280.176,460237.2361,4.63,165.5,TRUE,5.3,400,300
11153,2022/10/19 14:51,131.4766918,47.0530235,5213274.627,460238.7035,5.093,172.7,TRUE,0,400,300
11154,2022/10/19 14:51,131.4766913,47.05296467,5213268.087,460238.6218,3.62992,168.3,TRUE,0,400,300
11155,2022/10/19 14:51,131.4767015,47.052916,5213262.671,460239.3606,4.0744,168.4,TRUE,5.3,400,300
11156,2022/10/19 14:51,131.4767107,47.05286967,5213257.516,460240.0252,4.167,178.2,TRUE,5.3,400,300
11157,2022/10/19 14:51,131.4767242,47.05282783,5213252.857,460241.0198,4.42628,176.4,TRUE,5.3,400,300
11158,2022/10/19 14:51,131.4767445,47.05277917,5213247.437,460242.5261,4.37072,170.9,TRUE,5.3,400,300
11159,2022/10/19 14:51,131.476752,47.05273967,5213243.042,460243.0666,4.79668,171.7,TRUE,5.3,400,300
11160,2022/10/19 14:51,131.47676,47.05268383,5213236.83,460243.6329,5.13004,168.8,TRUE,5.3,400,300
11161,2022/10/19 14:52,131.4767703,47.05263083,5213230.933,460244.3761,5.88936,169.3,TRUE,5.3,400,300
11162,2022/10/19 14:52,131.476792,47.05256817,5213223.956,460245.9784,6.51904,168.8,TRUE,5.3,400,300
11163,2022/10/19 14:52,131.4768193,47.05251167,5213217.661,460248.0107,6.25976,174.1,TRUE,5.3,397,300
11164,2022/10/19 14:52,131.4768388,47.0524555,5213211.407,460249.4506,6.37088,176.2,TRUE,5.3,400,300
11165,2022/10/19 14:52,131.4768528,47.05239517,5213204.692,460250.4695,5.75972,168.7,TRUE,5.3,395,300
11166,2022/10/19 14:52,131.4768762,47.05233233,5213197.695,460252.2008,6.8524,173.3,TRUE,5.3,397,300
11167,2022/10/19 14:52,131.4768787,47.0522635,5213190.041,460252.3396,6.25976,169.7,TRUE,5.3,400,300
11168,2022/10/19 14:52,131.4768888,47.05219483,5213182.402,460253.056,6.00048,173.2,TRUE,5.3,400,300
11169,2022/10/19 14:52,131.4768993,47.05212783,5213174.948,460253.804,6.72276,177.1,TRUE,5.3,400,300
11170,2022/10/19 14:52,131.4769093,47.05206833,5213168.329,460254.5196,6.2968,177.4,TRUE,5.3,400,300
11171,2022/10/19 14:52,131.4769268,47.0520065,5213161.446,460255.8034,6.55608,167.1,TRUE,5.3,400,300
11172,2022/10/19 14:52,131.4769487,47.05195033,5213155.19,460257.4256,6.24124,174.6,TRUE,5.3,400,300
11173,2022/10/19 14:52,131.4769722,47.0518945,5213148.972,460259.1697,6.6672,176.4,TRUE,5.3,400,300
11174,2022/10/19 14:52,131.476975,47.051839,5213142.8,460259.3413,5.33376,179.1,TRUE,5.3,400,300
11175,2022/10/19 14:52,131.4769987,47.05178433,5213136.71,460261.1014,5.42636,180,TRUE,5.3,400,300
11176,2022/10/19 14:53,131.4770177,47.051723,5213129.883,460262.4995,5.87084,173,TRUE,5.3,400,300
11177,2022/10/19 14:53,131.4770458,47.05167017,5213123.995,460264.5954,5.05596,176.9,TRUE,5.3,400,300
11178,2022/10/19 14:53,131.4770648,47.05161467,5213117.815,460265.9978,6.05604,173.7,TRUE,5.3,400,300
11179,2022/10/19 14:53,131.4770855,47.05155533,5213111.208,460267.5266,6.22272,174.6,TRUE,5.3,400,300
11180,2022/10/19 14:53,131.4770985,47.05149433,5213104.42,460268.4691,6.05604,178.5,TRUE,5.3,400,300
11181,2022/10/19 14:53,131.4771037,47.051447,5213099.156,460268.829,6.55608,172.7,TRUE,5.3,400,300
11182,2022/10/19 14:53,131.4771255,47.05139,5213092.808,460270.4431,6.09308,175.9,TRUE,5.3,400,300
11183,2022/10/19 14:53,131.4771413,47.05133267,5213086.426,460271.6011,7.25984,173.6,TRUE,5.3,400,300
11184,2022/10/19 14:53,131.4771607,47.05126733,5213079.152,460273.0266,7.1302,168,TRUE,5.3,400,300
11185,2022/10/19 14:53,131.4771743,47.051197,5213071.327,460274.0078,6.40792,173.8,TRUE,5.3,400,300
11186,2022/10/19 14:53,131.4771863,47.05113167,5213064.058,460274.8711,7.27836,177.8,TRUE,5.3,400,300
11187,2022/10/19 14:53,131.477207,47.0510675,5213056.914,460276.3963,6.98204,173.8,TRUE,5.3,400,300
11188,2022/10/19 14:53,131.4772255,47.05100817,5213050.308,460277.7579,7.29688,174.3,TRUE,5.3,400,300
11189,2022/10/19 14:53,131.4772453,47.05095217,5213044.073,460279.2208,5.85232,167.7,TRUE,5.3,400,300
11190,2022/10/19 14:53,131.4772533,47.05088933,5213037.083,460279.782,5.98196,170.7,TRUE,5.3,400,300
11191,2022/10/19 14:54,131.4772612,47.05082617,5213030.057,460280.3354,6.51904,169.4,TRUE,5.3,400,300
11192,2022/10/19 14:54,131.4772745,47.05076233,5213022.953,460281.2986,5.8338,169.3,TRUE,5.3,400,300
11193,2022/10/19 14:54,131.4772945,47.05070367,5213016.422,460282.7747,6.2042,174.8,TRUE,5.3,400,300
11194,2022/10/19 14:54,131.4773137,47.0506455,5213009.945,460284.1904,6.8524,175.7,TRUE,5.3,400,300
11195,2022/10/19 14:54,131.4773375,47.05058367,5213003.059,460285.9529,5.94492,170.1,TRUE,5.3,400,300
11196,2022/10/19 14:54,131.4773548,47.0505205,5212996.028,460287.2206,6.13012,171.9,TRUE,5.3,400,300
11197,2022/10/19 14:54,131.4773667,47.0504585,5212989.129,460288.0788,6.63016,167.5,TRUE,5.3,400,300
11198,2022/10/19 14:54,131.477374,47.05039083,5212981.602,460288.5832,7.37096,173.3,TRUE,5.3,400,300
11199,2022/10/19 14:54,131.4773973,47.050333,5212975.162,460290.3107,6.7598,172.1,TRUE,5.3,400,300
11200,2022/10/19 14:54,131.4774062,47.05027683,5212968.913,460290.9453,7.24132,170.2,TRUE,5.3,400,300
11201,2022/10/19 14:54,131.4774245,47.05021583,5212962.122,460292.2905,7.14872,175.6,TRUE,5.3,400,300
11202,2022/10/19 14:54,131.4774422,47.05015133,5212954.942,460293.5876,6.00048,172.2,TRUE,5.3,400,300
11203,2022/10/19 14:54,131.4774585,47.05008867,5212947.968,460294.7796,6.72276,171.8,TRUE,5.3,400,300
11204,2022/10/19 14:54,131.4774747,47.0500235,5212940.715,460295.9622,6.83388,167.4,TRUE,5.3,400,300
11205,2022/10/19 14:54,131.4775002,47.04995967,5212933.606,460297.8525,6.44496,167.1,TRUE,5.3,400,300
11206,2022/10/19 14:55,131.4775177,47.04990617,5212927.649,460299.1425,6.33384,172.4,TRUE,5.3,400,300
11207,2022/10/19 14:55,131.4775212,47.049841,5212920.402,460299.3601,6.83388,174.9,TRUE,5.3,400,300
11208,2022/10/19 14:55,131.4775347,47.04977383,5212912.928,460300.336,6.25976,169.7,TRUE,5.3,400,300
11209,2022/10/19 14:55,131.4775607,47.04971183,5212906.022,460302.2657,6.42644,173.2,TRUE,5.3,400,300
11210,2022/10/19 14:55,131.4775788,47.04964567,5212898.658,460303.5919,6.50052,173.3,TRUE,5.3,400,300
11211,2022/10/19 14:55,131.4775978,47.04957783,5212891.106,460304.9853,6.72276,172.4,TRUE,5.3,400,300
11212,2022/10/19 14:55,131.4776048,47.04951083,5212883.654,460305.4675,6.53756,169.7,TRUE,5.3,400,300
11213,2022/10/19 14:55,131.4776233,47.04945,5212876.882,460306.8281,6.945,177.3,TRUE,5.3,400,300
11214,2022/10/19 14:55,131.477641,47.04937617,5212868.666,460308.1183,6.945,173.9,TRUE,5.3,400,300
11215,2022/10/19 14:55,131.4776617,47.04930433,5212860.669,460309.6379,6.8524,168.4,TRUE,5.3,400,300
11216,2022/10/19 14:55,131.4776785,47.04924317,5212853.861,460310.8691,6.09308,167.7,TRUE,5.3,400,300
11217,2022/10/19 14:55,131.4777005,47.04917433,5212846.197,460312.4897,6.8524,170.1,TRUE,5.3,400,300
11218,2022/10/19 14:55,131.4777302,47.04910717,5212838.715,460314.6966,7.98212,170.3,TRUE,5.3,400,300
11219,2022/10/19 14:55,131.4777592,47.04903183,5212830.325,460316.8444,6.945,169.1,TRUE,5.3,400,300
11220,2022/10/19 14:55,131.4777678,47.048975,5212824.003,460317.4557,7.27836,166.3,TRUE,5.3,400,300
11221,2022/10/19 14:56,131.4777825,47.048904,5212816.102,460318.52,6.98204,164.5,TRUE,5.3,400,300
11222,2022/10/19 14:56,131.4777922,47.04883117,5212808.001,460319.2031,8.00064,172,TRUE,5.3,400,300
11223,2022/10/19 14:56,131.4778022,47.0487605,5212800.139,460319.9105,7.11168,168.2,TRUE,5.3,400,300
11224,2022/10/19 14:56,131.4778253,47.04869217,5212792.531,460321.6152,7.20428,166.2,TRUE,5.3,400,300
11225,2022/10/19 14:56,131.4778298,47.0486195,5212784.45,460321.9032,7.90804,168.9,TRUE,5.3,400,300
11226,2022/10/19 14:56,131.4778415,47.04853917,5212775.514,460322.7327,7.42652,169.1,TRUE,5.3,400,300
11227,2022/10/19 14:56,131.4778695,47.04847017,5212767.829,460324.8091,7.07464,165.5,TRUE,5.3,400,300
11228,2022/10/19 14:56,131.477889,47.04839883,5212759.888,460326.238,8.22288,167.9,TRUE,5.3,400,300
11229,2022/10/19 14:56,131.477915,47.0483215,5212751.278,460328.1563,7.778399,170,TRUE,5.3,400,300
11230,2022/10/19 14:56,131.4779307,47.04824983,5212743.302,460329.2962,7.33392,168.6,TRUE,5.3,400,300
11231,2022/10/19 14:56,131.477959,47.04817333,5212734.783,460331.3899,7.704319,171.1,TRUE,5.3,400,300
11232,2022/10/19 14:56,131.4779805,47.04809683,5212726.268,460332.9669,8.09324,170.8,TRUE,5.3,400,300
11233,2022/10/19 14:56,131.4779893,47.04802517,5212718.297,460333.5825,7.72284,175.6,TRUE,5.3,400,300
11234,2022/10/19 14:56,131.4780243,47.0479455,5212709.422,460336.183,7.66728,166,TRUE,5.3,400,300
11235,2022/10/19 14:56,131.4780513,47.04787317,5212701.367,460338.181,7.48208,164.5,TRUE,5.3,400,300
11236,2022/10/19 14:57,131.4780487,47.04779683,5212692.882,460337.9269,7.74136,168.2,TRUE,5.3,400,300
11237,2022/10/19 14:57,131.4780685,47.047735,5212685.998,460339.3856,7.35244,172,TRUE,5.3,400,300
11238,2022/10/19 14:57,131.4780833,47.04765217,5212676.782,460340.4488,6.8524,170.8,TRUE,5.3,400,300
11239,2022/10/19 14:57,131.478096,47.04757517,5212668.215,460341.3568,7.29688,167.5,TRUE,5.3,400,300
11240,2022/10/19 14:57,131.4781322,47.0474975,5212659.562,460344.05,7.83396,172.8,TRUE,5.3,400,300
11241,2022/10/19 14:57,131.4781613,47.047414,5212650.265,460346.1994,7.05612,161.9,TRUE,5.3,400,300
11242,2022/10/19 14:57,131.4781973,47.0473485,5212642.965,460348.8864,8.01916,157.6,TRUE,5.3,400,300
11243,2022/10/19 14:57,131.4782383,47.04728083,5212635.421,460351.9518,8.64884,167.2,TRUE,5.3,400,300
11244,2022/10/19 14:57,131.4782595,47.04719283,5212625.627,460353.4976,8.74144,160.1,TRUE,5.3,400,300
11245,2022/10/19 14:57,131.4783007,47.04711667,5212617.14,460356.5719,8.59328,161.9,TRUE,5.3,400,300
11246,2022/10/19 14:57,131.478326,47.04702933,5212607.417,460358.4297,8.185841,159.7,TRUE,5.3,400,300
11247,2022/10/19 14:57,131.478356,47.04694417,5212597.934,460360.6463,2.07424,170.6,TRUE,5.3,400,300
11248,2022/10/19 14:57,131.4783548,47.046955,5212599.139,460360.5631,4.96336,344.2,TRUE,5.3,168,300
11249,2022/10/19 14:57,131.4783527,47.04702917,5212607.386,460360.4585,7.35244,24.3,FALSE,5.3,0,300
11250,2022/10/19 14:57,131.4784552,47.04709,5212614.096,460368.2924,4.29664,83.5,FALSE,5.3,0,300
11251,2022/10/19 14:58,131.4784443,47.0471,5212615.214,460367.4716,6.7598,303,FALSE,5.3,0,300
11252,2022/10/19 14:58,131.4784158,47.04714217,5212619.916,460365.3371,5.51896,342,TRUE,5.3,210,300
11253,2022/10/19 14:58,131.4784225,47.04718633,5212624.822,460365.8789,7.871,347.7,TRUE,5.3,400,300
11254,2022/10/19 14:58,131.478387,47.047248,5212631.696,460363.227,7.24132,348.3,TRUE,5.3,400,300
11255,2022/10/19 14:58,131.4783545,47.04731,5212638.605,460360.8033,6.42644,353.4,TRUE,5.3,400,300
11256,2022/10/19 14:58,131.4783265,47.047388,5212647.291,460358.7334,8.037681,352.6,TRUE,5.3,400,300
11257,2022/10/19 14:58,131.4782853,47.04746333,5212655.686,460355.6585,7.90804,350.8,TRUE,5.3,400,300
11258,2022/10/19 14:58,131.4782507,47.04753133,5212663.263,460353.0797,6.945,352.8,TRUE,5.3,400,300
11259,2022/10/19 14:58,131.4782272,47.04760667,5212671.651,460351.3498,7.72284,358.6,TRUE,5.3,400,300
11260,2022/10/19 14:58,131.4782075,47.0476775,5212679.535,460349.9053,7.704319,355.5,TRUE,5.3,400,300
11261,2022/10/19 14:58,131.4781795,47.04775533,5212688.202,460347.8353,7.37096,358.9,TRUE,5.3,400,300
11262,2022/10/19 14:58,131.4781692,47.047813,5212694.618,460347.0954,7.90804,349,TRUE,5.3,400,300
11263,2022/10/19 14:58,131.478129,47.04789233,5212703.458,460344.0995,7.53764,353.5,TRUE,5.3,400,300
11264,2022/10/19 14:58,131.478099,47.047976,5212712.775,460341.8819,7.24132,355.7,TRUE,5.3,400,300
11265,2022/10/19 14:58,131.4780835,47.04804067,5212719.972,460340.752,6.24124,357.4,TRUE,5.3,400,300
11266,2022/10/19 14:59,131.4780607,47.04809033,5212725.504,460339.0563,6.46348,0.3,TRUE,5.3,400,300
11267,2022/10/19 14:59,131.4780402,47.0481645,5212733.76,460337.5535,6.8524,1.6,TRUE,5.3,400,300
11268,2022/10/19 14:59,131.4779922,47.0482545,5212743.79,460333.9729,5.81528,8.1,TRUE,5.3,400,300
11269,2022/10/19 14:59,131.4779758,47.04832033,5212751.117,460332.7755,6.77832,8.9,TRUE,5.3,400,300
11270,2022/10/19 14:59,131.477975,47.0483875,5212758.585,460332.7645,6.40792,358.5,TRUE,5.3,400,300
11271,2022/10/19 14:59,131.4779555,47.04845617,5212766.229,460331.3336,6.6672,354,TRUE,5.3,400,300
11272,2022/10/19 14:59,131.4779355,47.04852833,5212774.261,460329.8674,6.16716,354.6,TRUE,5.3,400,300
11273,2022/10/19 14:59,131.477924,47.0485905,5212781.178,460329.0397,6.482,3.9,TRUE,5.3,400,300
11274,2022/10/19 14:59,131.4779105,47.0486535,5212788.189,460328.0605,6.27828,357.1,TRUE,5.3,400,300
11275,2022/10/19 14:59,131.4778815,47.04873567,5212797.338,460325.9179,6.7598,355.6,TRUE,5.3,400,300
11276,2022/10/19 14:59,131.4778572,47.04880933,5212805.54,460324.126,6.22272,5.2,TRUE,5.3,400,300
11277,2022/10/19 14:59,131.4778408,47.04888033,5212813.441,460322.9325,7.3154,2.4,TRUE,5.3,400,300
11278,2022/10/19 14:59,131.4778243,47.04893433,5212819.453,460321.7188,5.3708,352.9,TRUE,5.3,400,300
11279,2022/10/19 14:59,131.4777977,47.04898567,5212825.174,460319.7356,6.03752,358.2,TRUE,5.3,400,300
11280,2022/10/19 15:00,131.4777732,47.04906433,5212833.931,460317.9323,6.945,356.7,TRUE,5.3,400,300
11281,2022/10/19 15:00,131.4777332,47.049149,5212843.364,460314.9556,6.8524,359.4,TRUE,5.3,400,300
11282,2022/10/19 15:00,131.477699,47.049228,5212852.164,460312.4155,7.11168,352.6,TRUE,5.3,400,300
11283,2022/10/19 15:00,131.477684,47.04930017,5212860.195,460311.3293,6.3894,357.8,TRUE,5.3,400,300
11284,2022/10/19 15:00,131.4776828,47.04936467,5212867.366,460311.2859,6.98204,356.5,TRUE,5.3,400,300
11285,2022/10/19 15:00,131.4776728,47.049434,5212875.079,460310.5775,6.72276,351.8,TRUE,5.3,400,300
11286,2022/10/19 15:00,131.4776557,47.0494975,5212882.147,460309.3253,5.48192,357.9,TRUE,5.3,400,300
11287,2022/10/19 15:00,131.4776307,47.04956033,5212889.144,460307.4722,6.55608,354.4,TRUE,5.3,400,300
11288,2022/10/19 15:00,131.4776065,47.0496295,5212896.846,460305.6847,6.482,353.9,TRUE,5.3,400,300
11289,2022/10/19 15:00,131.4775833,47.04969917,5212904.603,460303.9735,5.51896,356.5,TRUE,5.3,400,300
11290,2022/10/19 15:00,131.4775697,47.049775,5212913.04,460302.9964,5.96344,359.7,TRUE,5.3,400,300
11291,2022/10/19 15:00,131.4775555,47.049843,5212920.607,460301.9679,7.6858,2.8,TRUE,5.3,400,300
11292,2022/10/19 15:00,131.477544,47.04992283,5212929.488,460301.1533,6.90796,353.2,TRUE,5.3,400,300
11293,2022/10/19 15:00,131.4775235,47.050001,5212938.189,460299.6536,6.88944,354.7,TRUE,5.3,400,300
11294,2022/10/19 15:00,131.4775078,47.05008817,5212947.887,460298.5253,7.29688,356.4,TRUE,5.3,398,300
11295,2022/10/19 15:01,131.4774977,47.05017433,5212957.471,460297.8218,6.63016,356,TRUE,5.3,400,300
11296,2022/10/19 15:01,131.477485,47.05024633,5212965.482,460296.9102,6.2042,352.9,TRUE,5.3,400,300
11297,2022/10/19 15:01,131.4774737,47.05031767,5212973.419,460296.1045,7.14872,355.6,TRUE,5.3,400,300
11298,2022/10/19 15:01,131.4774373,47.050396,5212982.145,460293.3969,7.0376,353.3,TRUE,5.3,400,300
11299,2022/10/19 15:01,131.4774197,47.05045867,5212989.121,460292.106,5.05596,357.8,TRUE,5.3,398,300
11300,2022/10/19 15:01,131.4773993,47.05050233,5212993.985,460290.5884,6.1116,353.6,TRUE,5.3,394,300
11301,2022/10/19 15:01,131.4773712,47.05055867,5213000.263,460288.495,6.68572,357.5,TRUE,5.3,400,300
11302,2022/10/19 15:01,131.4773312,47.050627,5213007.88,460285.5064,6.68572,359.5,TRUE,5.3,400,300
11303,2022/10/19 15:01,131.4773207,47.05068983,5213014.87,460284.7552,6.3894,353,TRUE,5.3,400,300
11304,2022/10/19 15:01,131.4773038,47.0507595,5213022.624,460283.5228,6.40792,353.7,TRUE,5.3,400,300
11305,2022/10/19 15:01,131.4772975,47.05082667,5213030.094,460283.094,6.09308,354.7,TRUE,5.3,400,300
11306,2022/10/19 15:01,131.4772872,47.05089833,5213038.066,460282.3645,5.01892,348.1,TRUE,5.3,400,300
11307,2022/10/19 15:01,131.477284,47.0509455,5213043.312,460282.1564,4.68556,1.6,TRUE,5.3,400,300
11308,2022/10/19 15:01,131.4772515,47.05100683,5213050.146,460279.7325,6.2042,350.4,TRUE,5.3,400,300
11309,2022/10/19 15:01,131.4772158,47.05107267,5213057.484,460277.0688,5.59304,353,TRUE,5.3,381,300
11310,2022/10/19 15:02,131.4771948,47.05113133,5213064.016,460275.5167,6.00048,352.9,TRUE,5.3,400,300
11311,2022/10/19 15:02,131.4771748,47.051197,5213071.327,460274.0458,5.2782,354.9,TRUE,5.3,400,300
11312,2022/10/19 15:02,131.477153,47.0512585,5213078.175,460272.435,4.94484,354.6,TRUE,5.3,400,300
11313,2022/10/19 15:02,131.4771402,47.05130783,5213083.665,460271.4991,5.77824,349.6,TRUE,5.3,400,300
11314,2022/10/19 15:02,131.477127,47.05137533,5213091.176,460270.5462,5.57452,359.9,TRUE,5.3,400,300
11315,2022/10/19 15:02,131.4771338,47.05143433,5213097.732,460271.1067,6.27828,358.4,TRUE,5.3,400,300
11316,2022/10/19 15:02,131.477115,47.05149483,5213104.467,460269.7232,6.24124,355.9,TRUE,5.3,400,300
11317,2022/10/19 15:02,131.4770898,47.05155533,5213111.206,460267.8533,5.3708,355.6,TRUE,5.3,400,300
11318,2022/10/19 15:02,131.4770608,47.05160383,5213116.612,460265.6859,6.2042,355.4,TRUE,5.3,400,300
11319,2022/10/19 15:02,131.4770465,47.05166617,5213123.55,460264.6456,5.75972,359.6,TRUE,5.3,400,300
11320,2022/10/19 15:02,131.4770375,47.05173633,5213131.354,460264.0139,5.50044,355.4,TRUE,5.3,400,300
11321,2022/10/19 15:02,131.4770372,47.0517845,5213136.71,460264.0269,4.4448,357.1,TRUE,5.3,400,300
11322,2022/10/19 15:02,131.477004,47.05184033,5213142.933,460261.5457,3.72252,359.8,TRUE,5.3,400,300
11323,2022/10/19 15:02,131.4769963,47.051898,5213149.348,460261.0035,5.40784,357.3,TRUE,5.3,400,300
11324,2022/10/19 15:02,131.4769973,47.05195233,5213155.388,460261.1198,4.75964,350.4,TRUE,5.3,400,300
11325,2022/10/19 15:03,131.4769868,47.05199717,5213160.378,460260.3553,5.07448,1.5,TRUE,5.3,397,300
11326,2022/10/19 15:03,131.4769838,47.05204667,5213165.883,460260.1642,5.48192,2.6,TRUE,5.3,400,300
11327,2022/10/19 15:03,131.4769868,47.05211917,5213173.941,460260.446,5.79676,1.2,TRUE,5.3,400,300
11328,2022/10/19 15:03,131.476973,47.05218933,5213181.748,460259.4495,5.59304,0.1,TRUE,5.3,400,300
11329,2022/10/19 15:03,131.476946,47.05225267,5213188.803,460257.4451,4.2596,0.8,TRUE,5.3,399,300
11330,2022/10/19 15:03,131.4769262,47.052298,5213193.853,460255.9743,4.50036,358,TRUE,5.3,400,300
11331,2022/10/19 15:03,131.476911,47.0523495,5213199.586,460254.8577,3.90772,4.3,TRUE,5.3,400,300
11332,2022/10/19 15:03,131.4768832,47.0524075,5213206.048,460252.7885,5.20412,0.3,TRUE,5.3,400,300
11333,2022/10/19 15:03,131.4768667,47.0524465,5213210.392,460251.5638,2.42612,11.1,TRUE,5.3,263,300
11334,2022/10/19 15:03,131.476864,47.05247417,5213213.469,460251.3792,4.05588,357.4,TRUE,5.3,400,300
11335,2022/10/19 15:03,131.476863,47.05252367,5213218.973,460251.34,4.05588,356.5,TRUE,5.3,400,300
11336,2022/10/19 15:03,131.4768453,47.0525615,5213223.187,460250.0232,4.70408,359.1,TRUE,5.3,400,300
11337,2022/10/19 15:03,131.4768238,47.05261267,5213228.887,460248.4276,5.35228,359.3,TRUE,5.3,400,300
11338,2022/10/19 15:03,131.4768152,47.05265617,5213233.727,460247.8065,0.463,0,FALSE,5.3,0,300
11339,2022/10/19 15:03,131.4768155,47.052654,5213233.486,460247.8277,0,0,FALSE,5.3,0,300
11340,2022/10/19 15:04,131.476816,47.05265267,5213233.338,460247.8647,0,0,FALSE,5.3,0,300
11341,2022/10/19 15:04,131.4768172,47.05265017,5213233.059,460247.954,0,0,FALSE,5.3,0,300
11342,2022/10/19 15:04,131.476817,47.05265067,5213233.115,460247.9392,0,0,FALSE,5.3,0,300
11343,2022/10/19 15:04,131.4768178,47.05265033,5213233.077,460247.9997,0,0,FALSE,5.3,0,300
11344,2022/10/19 15:04,131.4768183,47.05265133,5213233.188,460248.0385,0,0,FALSE,5.3,0,300
11345,2022/10/19 15:04,131.4768177,47.05265183,5213233.244,460247.9933,0,0,FALSE,5.3,0,300
11346,2022/10/19 15:04,131.4768173,47.05265267,5213233.337,460247.9635,0,0,FALSE,5.3,0,300
11347,2022/10/19 15:04,131.4768167,47.05265283,5213233.355,460247.918,0,0,FALSE,5.3,0,300
11348,2022/10/19 15:04,131.4768162,47.0526525,5213233.319,460247.8798,0,0,FALSE,5.3,0,300
11349,2022/10/19 15:04,131.4768155,47.05265217,5213233.283,460247.8263,0,0,FALSE,5.3,0,300
11350,2022/10/19 15:04,131.4768152,47.05265183,5213233.245,460247.8033,0,0,FALSE,5.3,0,300
11351,2022/10/19 15:04,131.4768145,47.05265167,5213233.227,460247.75,0,0,FALSE,5.3,0,300
11352,2022/10/19 15:04,131.4768142,47.05265183,5213233.245,460247.7273,0,0,FALSE,5.3,0,300
11353,2022/10/19 15:04,131.4768138,47.05265167,5213233.228,460247.6968,0,0,FALSE,5.3,0,300
11354,2022/10/19 15:04,131.4768138,47.0526515,5213233.209,460247.6967,0,0,FALSE,5.3,0,300
11355,2022/10/19 15:05,131.4768138,47.05265133,5213233.19,460247.6966,0,0,FALSE,5.3,0,300
11356,2022/10/19 15:05,131.4768137,47.05265133,5213233.19,460247.689,0,0,FALSE,5.3,0,300
11357,2022/10/19 15:05,131.4768135,47.05265117,5213233.172,460247.6736,0,0,FALSE,5.3,0,300
11358,2022/10/19 15:05,131.4768135,47.05265117,5213233.172,460247.6736,0,0,FALSE,5.3,0,300
11359,2022/10/19 15:05,131.4768135,47.052651,5213233.153,460247.6735,0,0,FALSE,5.3,0,300
11360,2022/10/19 15:05,131.4768135,47.05265083,5213233.135,460247.6734,0,0,FALSE,5.3,0,300
11361,2022/10/19 15:05,131.4768132,47.0526505,5213233.098,460247.6504,0,0,FALSE,5.3,0,300
11362,2022/10/19 15:05,131.4768127,47.0526505,5213233.098,460247.6124,0,0,FALSE,5.3,0,300
11363,2022/10/19 15:05,131.4768123,47.05265033,5213233.08,460247.5818,0,0,FALSE,5.3,0,300
11364,2022/10/19 15:05,131.4768118,47.05265,5213233.043,460247.5436,0,0,FALSE,5.3,0,300
11365,2022/10/19 15:05,131.4768113,47.05264967,5213233.007,460247.5054,0,0,FALSE,5.3,0,300
11366,2022/10/19 15:05,131.476811,47.05264933,5213232.969,460247.4823,0,0,FALSE,5.3,0,300
11367,2022/10/19 15:05,131.4768108,47.052649,5213232.932,460247.4669,0,0,FALSE,5.3,0,300
11368,2022/10/19 15:05,131.4768107,47.0526485,5213232.877,460247.4589,0,0,FALSE,5.3,0,300
11369,2022/10/19 15:05,131.4768102,47.05264817,5213232.841,460247.4207,0,0,FALSE,5.3,0,300
11370,2022/10/19 15:06,131.4768098,47.052648,5213232.822,460247.3902,0,0,FALSE,5.3,0,300
11371,2022/10/19 15:06,131.4768097,47.05264767,5213232.785,460247.3823,0,0,FALSE,5.3,0,300
11372,2022/10/19 15:06,131.4768092,47.05264733,5213232.748,460247.3441,0,0,FALSE,5.3,0,300
11373,2022/10/19 15:06,131.476809,47.052647,5213232.711,460247.3286,0,0,FALSE,5.3,0,300
11374,2022/10/19 15:06,131.4768087,47.05264667,5213232.675,460247.3056,0,0,FALSE,5.3,0,300
11375,2022/10/19 15:06,131.4768087,47.0526465,5213232.656,460247.3055,0,0,FALSE,5.3,0,300
11376,2022/10/19 15:06,131.4768087,47.05264633,5213232.637,460247.3053,0,0,FALSE,5.3,0,300
11377,2022/10/19 15:06,131.4768052,47.05266783,5213235.029,460247.0554,1.22232,92.7,TRUE,5.3,238,300
11378,2022/10/19 15:06,131.4768057,47.052696,5213238.16,460247.1143,3.57436,3.8,TRUE,5.3,230,300
11379,2022/10/19 15:06,131.4767993,47.0527385,5213242.888,460246.6596,2.62984,9.3,TRUE,5.3,400,300
11380,2022/10/19 15:06,131.4768033,47.0527625,5213245.554,460246.9814,3.4262,3.8,TRUE,5.3,400,300
11381,2022/10/19 15:06,131.4767988,47.052808,5213250.615,460246.6733,2.75948,354.3,TRUE,5.3,400,300
11382,2022/10/19 15:06,131.4767792,47.05284683,5213254.942,460245.2129,2.64836,13.2,TRUE,5.3,400,300
11383,2022/10/19 15:06,131.4767753,47.05287133,5213257.667,460244.9348,4.24108,359.9,TRUE,5.3,400,300
11384,2022/10/19 15:06,131.4767592,47.0529165,5213262.697,460243.7451,4.11144,1.7,TRUE,5.3,400,300
11385,2022/10/19 15:07,131.4767535,47.052953,5213266.758,460243.3391,3.4262,4.2,TRUE,5.3,400,300
11386,2022/10/19 15:07,131.4767443,47.0529895,5213270.82,460242.6672,4.167,356.1,TRUE,5.3,400,300
11387,2022/10/19 15:07,131.4767132,47.05304167,5213276.636,460240.343,3.64844,6.3,TRUE,5.3,400,300
11388,2022/10/19 15:07,131.4767033,47.05308217,5213281.143,460239.6209,4.20404,3.8,TRUE,5.3,400,300
11389,2022/10/19 15:07,131.4766978,47.053116,5213284.907,460239.2281,3.72252,357.8,TRUE,5.3,400,300
11390,2022/10/19 15:07,131.4766787,47.0531495,5213288.641,460237.8018,2.62984,350.5,TRUE,5.3,400,300
11391,2022/10/19 15:07,131.4766742,47.05318,5213292.034,460237.4826,3.03728,2.5,TRUE,5.3,400,300
11392,2022/10/19 15:07,131.4766757,47.05320383,5213294.682,460237.6142,2.88912,7.9,TRUE,5.3,400,300
11393,2022/10/19 15:07,131.4766765,47.05324867,5213299.667,460237.7084,3.9818,8.3,TRUE,5.3,400,300
11394,2022/10/19 15:07,131.4766638,47.053289,5213304.157,460236.7734,4.59296,358.3,TRUE,5.3,400,300
11395,2022/10/19 15:07,131.4766437,47.05333417,5213309.189,460235.2798,3.96328,4,TRUE,5.3,400,300
11396,2022/10/19 15:07,131.4766212,47.0533765,5213313.906,460233.6017,3.87068,1.5,TRUE,5.3,400,300
11397,2022/10/19 15:07,131.4766122,47.05340433,5213317.005,460232.9385,2.98172,357,TRUE,5.3,400,300
11398,2022/10/19 15:07,131.4765935,47.05342567,5213319.386,460231.5336,3.9818,4.3,TRUE,5.3,361,300
11399,2022/10/19 15:07,131.4765975,47.053465,5213323.757,460231.8667,2.94468,7,TRUE,5.3,400,300
11400,2022/10/19 15:08,131.4766083,47.05348867,5213326.383,460232.7049,4.48184,2.3,TRUE,5.3,400,300
11401,2022/10/19 15:08,131.476598,47.05352217,5213330.112,460231.9472,1.27788,11.8,TRUE,5.3,400,300
11402,2022/10/19 15:08,131.4765942,47.05352267,5213330.17,460231.6589,0,0,FALSE,5.3,0,300
11403,2022/10/19 15:08,131.476592,47.05354983,5213333.19,460231.5119,1.81496,24.2,TRUE,5.3,309,300
11404,2022/10/19 15:08,131.4765803,47.05358267,5213336.847,460230.6474,2.79652,5.8,TRUE,5.3,400,300
11405,2022/10/19 15:08,131.4765873,47.05358683,5213337.306,460231.1823,0,0,FALSE,5.3,0,300
11406,2022/10/19 15:08,131.4766087,47.05354983,5213333.182,460232.7808,4.22256,135.3,FALSE,5.3,0,300
11407,2022/10/19 15:08,131.4766443,47.053548,5213332.96,460235.4843,3.64844,305.7,FALSE,5.3,0,300
11408,2022/10/19 15:08,131.4765463,47.053567,5213335.122,460228.0524,5.51896,267.2,FALSE,5.3,0,300
11409,2022/10/19 15:08,131.4764517,47.05354883,5213333.15,460220.8512,2.85208,219.8,FALSE,5.3,0,300
11410,2022/10/19 15:08,131.4764412,47.053562,5213334.62,460220.0632,5.20412,2.8,FALSE,5.3,0,300
11411,2022/10/19 15:08,131.4764338,47.05357567,5213336.143,460219.5111,0,1.2,FALSE,5.3,0,300
11412,2022/10/19 15:08,131.4764337,47.05355033,5213333.326,460219.4847,3.29656,176.2,FALSE,5.3,0,300
11413,2022/10/19 15:08,131.4764302,47.05351583,5213329.493,460219.1931,2.29648,174.5,TRUE,5.3,144,300
11414,2022/10/19 15:08,131.4764198,47.05349367,5213327.034,460218.3864,2.5002,179.7,TRUE,5.3,376,300
11415,2022/10/19 15:09,131.4764167,47.05346833,5213324.219,460218.1321,1.9446,181.5,TRUE,5.3,392,300
11416,2022/10/19 15:09,131.4764142,47.0534415,5213321.237,460217.9222,3.64844,174.4,TRUE,5.3,265,300
11417,2022/10/19 15:09,131.4764245,47.05341233,5213317.989,460218.6831,2.51872,189.6,TRUE,5.3,400,300
11418,2022/10/19 15:09,131.4764382,47.05338383,5213314.814,460219.7028,2.74096,180.7,TRUE,5.3,370,300
11419,2022/10/19 15:09,131.4764453,47.05335267,5213311.346,460220.2191,2.98172,171.9,TRUE,5.3,366,300
11420,2022/10/19 15:09,131.4764593,47.05332433,5213308.189,460221.2617,2.66688,184.7,TRUE,5.3,376,300
11421,2022/10/19 15:09,131.4764743,47.05329117,5213304.494,460222.3768,4.00032,183,TRUE,5.3,363,300
11422,2022/10/19 15:09,131.4764857,47.05325367,5213300.32,460223.2151,3.00024,182.4,TRUE,5.3,374,300
11423,2022/10/19 15:09,131.4764895,47.05321983,5213296.556,460223.4786,4.3522,166.1,TRUE,5.3,372,300
11424,2022/10/19 15:09,131.4765005,47.053177,5213291.789,460224.2826,3.53732,166.9,TRUE,5.3,400,300
11425,2022/10/19 15:09,131.476514,47.05313733,5213287.372,460225.2788,3.62992,179.4,TRUE,5.3,376,300
11426,2022/10/19 15:09,131.4765232,47.05308767,5213281.846,460225.9409,5.29672,180.2,TRUE,5.3,400,300
11427,2022/10/19 15:09,131.4765448,47.05303483,5213275.961,460227.5428,5.556,174.1,TRUE,5.3,400,300
11428,2022/10/19 15:09,131.4765603,47.05299033,5213271.006,460228.6874,5.3708,168.8,TRUE,5.3,400,300
11429,2022/10/19 15:09,131.4765665,47.05294833,5213266.334,460229.1272,4.37072,171.7,TRUE,5.3,400,300
11430,2022/10/19 15:10,131.4765825,47.052907,5213261.731,460230.3122,4.77816,177.1,TRUE,5.3,400,300
11431,2022/10/19 15:10,131.4765987,47.0528555,5213255.997,460231.5048,4.96336,169.1,TRUE,5.3,400,300
11432,2022/10/19 15:10,131.4766085,47.05280467,5213250.341,460232.2116,5.05596,163.2,TRUE,5.3,389,300
11433,2022/10/19 15:10,131.4766257,47.052759,5213245.255,460233.4846,4.61148,161.5,TRUE,5.3,400,300
11434,2022/10/19 15:10,131.476646,47.0527075,5213239.52,460234.9887,4.92632,168.5,TRUE,5.3,400,300
11435,2022/10/19 15:10,131.4766588,47.05265383,5213233.547,460235.9214,4.94484,168,TRUE,5.3,400,300
11436,2022/10/19 15:10,131.4766747,47.05259717,5213227.24,460237.0873,5.33376,173.6,TRUE,5.3,400,300
11437,2022/10/19 15:10,131.476697,47.0525555,5213222.596,460238.7507,4.87076,165,TRUE,5.3,400,300
11438,2022/10/19 15:10,131.4767138,47.05248767,5213215.046,460239.9768,4.88928,178.6,TRUE,5.3,400,300
11439,2022/10/19 15:10,131.4767203,47.0524355,5213209.243,460240.4319,6.22272,174.9,TRUE,5.3,400,300
11440,2022/10/19 15:10,131.476725,47.05236633,5213201.551,460240.7376,7.3154,169,TRUE,5.3,400,300
11441,2022/10/19 15:10,131.4767162,47.0522955,5213193.681,460240.0163,6.42644,166.6,TRUE,5.3,400,300
11442,2022/10/19 15:10,131.4767282,47.05223717,5213187.191,460240.8848,5.88936,170.8,TRUE,5.3,400,300
11443,2022/10/19 15:10,131.4767607,47.05217217,5213179.948,460243.3059,6.482,172.7,TRUE,5.3,400,300
11444,2022/10/19 15:10,131.4767845,47.05211033,5213173.061,460245.0683,7.05612,176.3,TRUE,5.3,400,300
11445,2022/10/19 15:11,131.4767962,47.05205033,5213166.385,460245.9127,6.55608,177.4,TRUE,5.3,400,300
11446,2022/10/19 15:11,131.4768062,47.051984,5213159.006,460246.6232,6.53756,166.6,TRUE,5.3,400,300
11447,2022/10/19 15:11,131.4768242,47.0519145,5213151.27,460247.9392,6.27828,165.5,TRUE,5.3,400,300
11448,2022/10/19 15:11,131.4768503,47.05184733,5213143.79,460249.8725,6.05604,171.1,TRUE,5.3,400,300
11449,2022/10/19 15:11,131.4768772,47.051788,5213137.18,460251.8723,6.40792,168.1,TRUE,5.3,400,300
11450,2022/10/19 15:11,131.4768943,47.0517185,5213129.445,460253.12,6.945,175.8,TRUE,5.3,400,300
11451,2022/10/19 15:11,131.4769095,47.05166467,5213123.453,460254.2349,6.13012,173.6,TRUE,5.3,400,300
11452,2022/10/19 15:11,131.4769202,47.05159617,5213115.832,460254.997,6.7598,176.3,TRUE,5.3,400,300
11453,2022/10/19 15:11,131.4769148,47.0515225,5213107.645,460254.532,6.50052,164.4,TRUE,5.3,400,300
11454,2022/10/19 15:11,131.4769462,47.051462,5213100.903,460256.8729,6.24124,171.8,TRUE,5.3,400,300
11455,2022/10/19 15:11,131.4769672,47.051415,5213095.667,460258.4336,5.81528,168.2,TRUE,5.3,400,300
11456,2022/10/19 15:11,131.4769903,47.05134983,5213088.411,460260.1404,6.70424,163.1,TRUE,5.3,400,300
11457,2022/10/19 15:11,131.4770023,47.051281,5213080.753,460261.0011,6.14864,165.1,TRUE,5.3,400,300
11458,2022/10/19 15:11,131.47703,47.05122167,5213074.143,460263.0617,5.98196,167,TRUE,5.3,400,300
11459,2022/10/19 15:11,131.4770503,47.0511595,5213067.221,460264.558,6.98204,164.4,TRUE,5.3,400,300
11460,2022/10/19 15:12,131.4770603,47.05109667,5213060.231,460265.2712,6.55608,172.2,TRUE,5.3,400,300
11461,2022/10/19 15:12,131.4770917,47.051031,5213052.914,460267.6083,6.88944,174.8,TRUE,5.3,400,300
11462,2022/10/19 15:12,131.4770998,47.050962,5213045.239,460268.1725,6.77832,177.4,TRUE,5.3,400,300
11463,2022/10/19 15:12,131.4771008,47.05090533,5213038.939,460268.2064,6.51904,173.7,TRUE,5.3,400,300
11464,2022/10/19 15:12,131.477114,47.05084167,5213031.855,460269.1621,6.14864,167.7,TRUE,5.3,400,300
11465,2022/10/19 15:12,131.4771348,47.05077933,5213024.914,460270.6963,6.55608,175.1,TRUE,5.3,400,300
11466,2022/10/19 15:12,131.477152,47.050716,5213017.865,460271.9562,6.14864,170.8,TRUE,5.3,400,300
11467,2022/10/19 15:12,131.4771722,47.05065467,5213011.036,460273.4455,5.81528,169.2,TRUE,5.3,400,300
11468,2022/10/19 15:12,131.4771808,47.0505935,5213004.232,460274.0535,6.79684,182.1,TRUE,5.3,400,300
11469,2022/10/19 15:12,131.4771927,47.050531,5212997.277,460274.9114,6.482,168.6,TRUE,5.3,400,300
11470,2022/10/19 15:12,131.477213,47.0504675,5212990.208,460276.4067,5.68564,167.5,TRUE,5.3,400,300
11471,2022/10/19 15:12,131.4772455,47.050406,5212983.354,460278.8305,6.88944,168.7,TRUE,5.3,400,300
11472,2022/10/19 15:12,131.4772568,47.05033817,5212975.808,460279.6388,6.33384,179.8,TRUE,5.3,400,300
11473,2022/10/19 15:12,131.4772718,47.05027417,5212968.685,460280.731,5.63008,161.8,TRUE,5.3,400,300
11474,2022/10/19 15:12,131.4772802,47.05020967,5212961.51,460281.3214,6.2968,170.2,TRUE,5.3,400,300
11475,2022/10/19 15:13,131.4772933,47.05014133,5212953.906,460282.2661,7.5932,170.1,TRUE,5.3,400,300
11476,2022/10/19 15:13,131.4773128,47.050069,5212945.855,460283.6941,7.11168,171.7,TRUE,5.3,400,300
11477,2022/10/19 15:13,131.477331,47.05000217,5212938.416,460285.0274,6.87092,170,TRUE,5.3,400,300
11478,2022/10/19 15:13,131.4773565,47.04992483,5212929.805,460286.9076,7.48208,170.5,TRUE,5.3,400,300
11479,2022/10/19 15:13,131.4773853,47.04984767,5212921.213,460289.0387,7.6858,166.7,TRUE,5.3,400,300
11480,2022/10/19 15:13,131.4774068,47.049769,5212912.456,460290.614,7.44504,169.9,TRUE,5.3,400,300
11481,2022/10/19 15:13,131.4774207,47.04970033,5212904.815,460291.6192,7.0376,163,TRUE,5.3,396,300
11482,2022/10/19 15:13,131.4774588,47.04963917,5212897.996,460294.4688,6.79684,167.2,TRUE,5.3,400,300
11483,2022/10/19 15:13,131.4774842,47.049566,5212889.849,460296.3446,7.98212,166.8,TRUE,5.3,400,300
11484,2022/10/19 15:13,131.4774915,47.049485,5212880.84,460296.8392,7.5006,171.6,TRUE,5.3,399,300
11485,2022/10/19 15:13,131.4775058,47.0494205,5212873.663,460297.8779,7.42652,166.1,TRUE,5.3,400,300
11486,2022/10/19 15:13,131.4775322,47.04935067,5212865.886,460299.8321,7.83396,175.4,TRUE,5.3,400,300
11487,2022/10/19 15:13,131.4775563,47.04927317,5212857.258,460301.6058,6.64868,167.4,TRUE,5.3,400,300
11488,2022/10/19 15:13,131.477599,47.049198,5212848.88,460304.7947,7.79692,164.3,TRUE,5.3,367,300
11489,2022/10/19 15:13,131.4776027,47.0491235,5212840.595,460305.0205,6.35236,159,TRUE,5.3,400,300
11490,2022/10/19 15:14,131.4776082,47.049048,5212832.199,460305.3824,7.25984,166.8,TRUE,5.3,400,300
11491,2022/10/19 15:14,131.4776173,47.04897083,5212823.616,460306.0167,6.79684,169.5,TRUE,5.3,400,300
11492,2022/10/19 15:14,131.4776232,47.048889,5212814.515,460306.4043,7.44504,172,TRUE,5.3,400,300
11493,2022/10/19 15:14,131.4776722,47.04881883,5212806.69,460310.0756,7.55616,167.6,TRUE,5.3,400,300
11494,2022/10/19 15:14,131.477726,47.04873683,5212797.546,460314.1028,6.31532,167.6,TRUE,5.3,400,300
11495,2022/10/19 15:14,131.4777517,47.04865717,5212788.677,460315.9966,8.334,156.9,TRUE,5.3,400,300
11496,2022/10/19 15:14,131.477764,47.04856633,5212778.572,460316.8638,5.22264,179.8,TRUE,5.3,400,300
11497,2022/10/19 15:14,131.4777913,47.04849767,5212770.925,460318.8874,5.96344,177.7,TRUE,5.3,376,300
11498,2022/10/19 15:14,131.4778198,47.048438,5212764.277,460321.0087,7.61172,171.1,TRUE,5.3,400,300
11499,2022/10/19 15:14,131.4778617,47.04835583,5212755.121,460324.1317,7.42652,155.6,TRUE,5.3,400,300
11500,2022/10/19 15:14,131.4779033,47.0482765,5212746.281,460327.2339,0.53708,159.5,TRUE,5.3,400,300
11501,2022/10/19 15:14,131.477893,47.04829967,5212748.862,460326.4684,4.55592,346.3,TRUE,5.3,83,300
11502,2022/10/19 15:14,131.477877,47.0483535,5212754.854,460325.2925,4.33368,29.9,FALSE,5.3,0,300
11503,2022/10/19 15:14,131.4779315,47.04840467,5212760.515,460329.4718,4.31516,69.8,FALSE,5.3,0,300
11504,2022/10/19 15:14,131.4779388,47.04840783,5212760.863,460330.0288,5.7412,279.6,FALSE,5.3,0,300
11505,2022/10/19 15:15,131.4778988,47.0484245,5212762.736,460327.0017,4.94484,345.7,TRUE,5.3,188,300
11506,2022/10/19 15:15,131.4779145,47.04844967,5212765.527,460328.2134,3.68548,11,TRUE,5.3,400,300
11507,2022/10/19 15:15,131.4779188,47.04846683,5212767.432,460328.5528,5.57452,344.8,TRUE,5.3,400,300
11508,2022/10/19 15:15,131.4779298,47.04850883,5212772.096,460329.4198,8.01916,350.4,TRUE,5.3,400,300
11509,2022/10/19 15:15,131.4779075,47.048582,5212780.242,460327.7796,7.51912,358.6,TRUE,5.3,400,300
11510,2022/10/19 15:15,131.4778983,47.04865117,5212787.936,460327.1318,7.66728,350.4,TRUE,5.3,400,300
11511,2022/10/19 15:15,131.4778318,47.04873383,5212797.159,460322.14,6.63016,351.7,TRUE,5.3,400,300
11512,2022/10/19 15:15,131.4778157,47.04881067,5212805.71,460320.9736,6.945,351.1,TRUE,5.3,400,300
11513,2022/10/19 15:15,131.4777963,47.04887983,5212813.408,460319.5507,6.79684,6,TRUE,5.3,400,300
11514,2022/10/19 15:15,131.477772,47.04895683,5212821.981,460317.7614,7.53764,354.5,TRUE,5.3,400,300
11515,2022/10/19 15:15,131.477733,47.04902133,5212829.171,460314.8457,6.945,357.6,TRUE,5.3,400,300
11516,2022/10/19 15:15,131.4777147,47.0490985,5212837.759,460313.5124,6.74128,349.2,TRUE,5.3,400,300
11517,2022/10/19 15:15,131.477684,47.0491805,5212846.891,460311.2405,7.01908,0.7,TRUE,5.3,400,300
11518,2022/10/19 15:15,131.4776627,47.04925017,5212854.647,460309.6737,6.07456,356.2,TRUE,5.3,400,300
11519,2022/10/19 15:15,131.4776462,47.04931667,5212862.048,460308.4692,6.63016,359.3,TRUE,5.3,400,300
11520,2022/10/19 15:16,131.4775993,47.049395,5212870.78,460304.9636,7.24132,3.2,TRUE,5.3,400,300
11521,2022/10/19 15:16,131.4775678,47.04946267,5212878.319,460302.6203,6.87092,6.5,TRUE,5.3,400,300
11522,2022/10/19 15:16,131.4775513,47.04952467,5212885.22,460301.4125,6.482,354.6,TRUE,5.3,400,300
11523,2022/10/19 15:16,131.4775258,47.04960783,5212894.478,460299.5366,6.51904,1.6,TRUE,5.3,400,300
11524,2022/10/19 15:16,131.4775003,47.04967983,5212902.495,460297.6524,6.88944,359.9,TRUE,5.3,400,300
11525,2022/10/19 15:16,131.4774882,47.04974117,5212909.321,460296.7785,7.05612,355.8,TRUE,5.3,400,300
11526,2022/10/19 15:16,131.4774822,47.04980167,5212916.05,460296.3675,7.27836,359.2,TRUE,5.3,400,300
11527,2022/10/19 15:16,131.4774488,47.04987717,5212924.46,460293.8856,5.51896,5.8,TRUE,5.3,400,300
11528,2022/10/19 15:16,131.4774312,47.0499075,5212927.841,460292.5708,0,34,FALSE,5.3,0,300
11529,2022/10/19 15:16,131.4774312,47.04990267,5212927.304,460292.5672,0,0,FALSE,5.3,0,300
11530,2022/10/19 15:16,131.4774268,47.04989967,5212926.973,460292.2307,0,0,FALSE,5.3,0,300
11531,2022/10/19 15:16,131.4774253,47.04989433,5212926.38,460292.1127,0,0,FALSE,5.3,0,300
11532,2022/10/19 15:16,131.477426,47.04988883,5212925.768,460292.1618,0,0,FALSE,5.3,0,300
11533,2022/10/19 15:16,131.4774253,47.04988433,5212925.268,460292.1053,0,0,FALSE,5.3,0,300
11534,2022/10/19 15:16,131.4774292,47.04988067,5212924.859,460292.3989,0,0,FALSE,5.3,0,300
11535,2022/10/19 15:17,131.4774313,47.04988017,5212924.803,460292.5581,0,0,FALSE,5.3,0,300
11536,2022/10/19 15:17,131.4774318,47.04988,5212924.783,460292.596,0,0,FALSE,5.3,0,300
11537,2022/10/19 15:17,131.4774322,47.04987967,5212924.746,460292.6261,0,0,FALSE,5.3,0,300
11538,2022/10/19 15:17,131.4774327,47.0498805,5212924.838,460292.6647,0,0,FALSE,5.3,0,300
11539,2022/10/19 15:17,131.4774435,47.04992617,5212929.91,460293.5193,4.42628,2.8,TRUE,5.3,400,300
11540,2022/10/19 15:17,131.4774413,47.05000367,5212938.527,460293.4096,4.57444,8.9,TRUE,5.3,400,300
11541,2022/10/19 15:17,131.4774178,47.0500625,5212945.079,460291.6676,4.50036,1.8,TRUE,5.3,400,300
11542,2022/10/19 15:17,131.477392,47.05012133,5212951.633,460289.7509,6.31532,10.4,TRUE,5.3,400,300
11543,2022/10/19 15:17,131.4773742,47.05019133,5212959.424,460288.4503,5.05596,14.4,TRUE,5.3,400,300
11544,2022/10/19 15:17,131.477363,47.05024117,5212964.97,460287.6363,4.51888,1.7,TRUE,5.3,400,300
11545,2022/10/19 15:17,131.4773487,47.05029233,5212970.665,460286.5877,5.1856,4.5,TRUE,5.3,400,300
11546,2022/10/19 15:17,131.4773212,47.0503525,5212977.368,460284.5428,3.83364,4.8,TRUE,5.3,400,300
11547,2022/10/19 15:17,131.4773043,47.05041167,5212983.955,460283.3026,4.79668,1.2,TRUE,5.3,400,300
11548,2022/10/19 15:17,131.4772947,47.05046567,5212989.963,460282.6132,5.24116,8.3,TRUE,5.3,400,300
11549,2022/10/19 15:17,131.4772755,47.05052233,5212996.271,460281.1964,4.8152,349.2,TRUE,5.3,400,300
11550,2022/10/19 15:18,131.4772643,47.0505855,5213003.3,460280.3923,5.2782,356.4,TRUE,5.3,400,300
11551,2022/10/19 15:18,131.4772587,47.050642,5213009.584,460280.0087,5.40784,354.3,TRUE,5.3,400,300
11552,2022/10/19 15:18,131.4772378,47.050718,5213018.044,460278.4771,5.8338,356.1,TRUE,5.3,400,300
11553,2022/10/19 15:18,131.4772077,47.05078833,5213025.877,460276.2422,6.35236,355.7,TRUE,5.3,400,300
11554,2022/10/19 15:18,131.4771848,47.05086,5213033.857,460274.5554,5.72268,2.1,TRUE,5.3,396,300
11555,2022/10/19 15:18,131.4771703,47.05092383,5213040.96,460273.501,6.00048,4.9,TRUE,5.3,400,300
11556,2022/10/19 15:18,131.4771563,47.050981,5213047.323,460272.4797,5.61156,8.3,TRUE,5.3,400,300
11557,2022/10/19 15:18,131.4771522,47.0510375,5213053.606,460272.2101,5.87084,355.5,TRUE,5.3,393,300
11558,2022/10/19 15:18,131.477144,47.05109167,5213059.633,460271.6273,6.37088,358,TRUE,5.3,400,300
11559,2022/10/19 15:18,131.4771095,47.051165,5213067.802,460269.0603,5.94492,355.3,TRUE,5.3,400,300
11560,2022/10/19 15:18,131.477081,47.05123467,5213075.562,460266.9465,6.24124,356.4,TRUE,5.3,400,300
11561,2022/10/19 15:18,131.4770507,47.05130917,5213083.86,460264.6996,5.4634,5,TRUE,5.3,400,300
11562,2022/10/19 15:18,131.4770597,47.051356,5213089.061,460265.4182,5.1856,3.1,TRUE,5.3,400,300
11563,2022/10/19 15:18,131.4770325,47.05141533,5213095.671,460263.3955,5.7412,2.4,TRUE,5.3,400,300
11564,2022/10/19 15:18,131.4770267,47.0514695,5213101.696,460262.9951,4.74112,3.6,TRUE,5.3,400,300
11565,2022/10/19 15:19,131.4770043,47.051523,5213107.655,460261.3328,5.31524,4.1,TRUE,5.3,400,300
11566,2022/10/19 15:19,131.4769737,47.05158067,5213114.082,460259.0506,4.83372,359.4,TRUE,5.3,400,300
11567,2022/10/19 15:19,131.4769665,47.0516225,5213118.736,460258.5346,4.20404,3.1,TRUE,5.3,400,300
11568,2022/10/19 15:19,131.4769622,47.05167917,5213125.038,460258.25,5.24116,10.5,TRUE,5.3,400,300
11569,2022/10/19 15:19,131.4769423,47.051741,5213131.922,460256.7838,4.55592,8.8,TRUE,5.3,400,300
11570,2022/10/19 15:19,131.4768983,47.05181783,5213140.486,460253.4977,5.22264,359.2,TRUE,5.3,400,300
11571,2022/10/19 15:19,131.4768853,47.05188617,5213148.09,460252.5607,5.0004,2.6,TRUE,5.3,400,300
11572,2022/10/19 15:19,131.4768608,47.05195033,5213155.235,460250.7468,5.2782,1,TRUE,5.3,400,300
11573,2022/10/19 15:19,131.476851,47.052006,5213161.429,460250.0436,5.40784,350.8,TRUE,5.3,400,300
11574,2022/10/19 15:19,131.476848,47.05206567,5213168.064,460249.8599,5.48192,0.1,TRUE,5.3,400,300
11575,2022/10/19 15:19,131.4768498,47.0521265,5213174.826,460250.0419,5.85232,355.4,TRUE,5.3,400,300
11576,2022/10/19 15:19,131.4768268,47.05218717,5213181.582,460248.3394,5.24116,354.9,TRUE,5.3,400,300
11577,2022/10/19 15:19,131.476786,47.05225517,5213189.162,460245.2899,5.1856,353.3,TRUE,5.3,400,300
11578,2022/10/19 15:19,131.4767638,47.0523245,5213196.881,460243.6546,5.88936,359.3,TRUE,5.3,400,300
11579,2022/10/19 15:19,131.4767448,47.0523865,5213203.783,460242.257,4.88928,5.3,TRUE,5.3,400,300
11580,2022/10/19 15:20,131.4767428,47.05243283,5213208.935,460242.1395,4.5374,7,TRUE,5.3,400,300
11581,2022/10/19 15:20,131.4767292,47.05247783,5213213.945,460241.1396,4.57444,357,TRUE,5.3,400,300
11582,2022/10/19 15:20,131.476733,47.05252783,5213219.501,460241.4655,5.25968,2.3,TRUE,5.3,400,300
11583,2022/10/19 15:20,131.4767107,47.0525835,5213225.702,460239.8125,4.88928,355.1,TRUE,5.3,400,300
11584,2022/10/19 15:20,131.4766918,47.05263917,5213231.9,460238.4178,4.05588,0.7,TRUE,5.3,400,300
11585,2022/10/19 15:20,131.4766893,47.05268967,5213237.516,460238.2654,4.55592,357,TRUE,5.3,400,300
11586,2022/10/19 15:20,131.4766818,47.05275117,5213244.356,460237.7413,4.7226,352.3,TRUE,5.3,400,300
11587,2022/10/19 15:20,131.4766482,47.05281517,5213251.488,460235.2359,4.31516,2.1,TRUE,5.3,400,300
11588,2022/10/19 15:20,131.4766185,47.0528685,5213257.432,460233.0189,5.05596,2.5,TRUE,5.3,400,300
11589,2022/10/19 15:20,131.4766003,47.052922,5213263.389,460231.6758,3.9818,359.4,TRUE,5.3,400,300
11590,2022/10/19 15:20,131.476575,47.05297083,5213268.831,460229.7898,4.12996,358.6,TRUE,5.3,400,300
11591,2022/10/19 15:20,131.476554,47.05302283,5213274.622,460228.2329,3.87068,359,TRUE,5.3,400,300
11592,2022/10/19 15:20,131.476547,47.05306083,5213278.85,460227.7293,4.05588,359.6,TRUE,5.3,400,300
11593,2022/10/19 15:20,131.4765388,47.05309467,5213282.617,460227.1314,3.241,355,TRUE,5.3,400,300
11594,2022/10/19 15:20,131.4765365,47.05312367,5213285.842,460226.9782,3.53732,6.1,TRUE,5.3,400,300
11595,2022/10/19 15:21,131.476543,47.05314617,5213288.34,460227.4888,3.11136,2.2,TRUE,5.3,400,300
11596,2022/10/19 15:21,131.4765302,47.053186,5213292.774,460226.5459,3.57436,8.3,TRUE,5.3,400,300
11597,2022/10/19 15:21,131.4765343,47.05321933,5213296.477,460226.8822,3.4262,0.7,TRUE,5.3,400,300
11598,2022/10/19 15:21,131.4765157,47.05325333,5213300.267,460225.4942,1.55568,2.7,TRUE,5.3,400,300
11599,2022/10/19 15:21,131.4764923,47.05327017,5213302.151,460223.7288,0,0,FALSE,5.3,0,300
11600,2022/10/19 15:21,131.4764867,47.05327483,5213302.672,460223.3068,0,0,FALSE,5.3,0,300
11601,2022/10/19 15:21,131.4764818,47.05327617,5213302.823,460222.9355,0,0,FALSE,5.3,0,300
11602,2022/10/19 15:21,131.4764858,47.053297,5213305.137,460223.2549,3.50028,1.8,TRUE,5.3,400,300
11603,2022/10/19 15:21,131.4764897,47.05333667,5213309.545,460223.5807,2.66688,2.4,TRUE,5.3,400,300
11604,2022/10/19 15:21,131.4764878,47.05335533,5213311.62,460223.4502,2.18536,12.7,TRUE,5.3,366,300
11605,2022/10/19 15:21,131.4764908,47.05338783,5213315.232,460223.7023,0,354.8,FALSE,5.3,0,300
11606,2022/10/19 15:21,131.476488,47.05341117,5213317.828,460223.5069,2.74096,348,TRUE,5.3,385,300
11607,2022/10/19 15:21,131.4764727,47.053427,5213319.596,460222.3562,3.48176,353.4,TRUE,5.3,262,300
11608,2022/10/19 15:21,131.4764643,47.05346583,5213323.917,460221.7468,3.22248,8.7,TRUE,5.3,400,300
11609,2022/10/19 15:22,131.476454,47.05351083,5213328.925,460220.9977,1.81496,11.3,TRUE,5.3,400,300
11610,2022/10/19 15:22,131.476451,47.05351333,5213329.204,460220.7716,0,0,FALSE,5.3,0,300
11611,2022/10/19 15:22,131.4764637,47.05348917,5213326.512,460221.7186,5.14856,149.7,FALSE,5.3,0,300
11612,2022/10/19 15:22,131.4764402,47.05350233,5213327.987,460219.9429,5.24116,306.5,FALSE,5.3,0,300
11613,2022/10/19 15:22,131.4763492,47.05355217,5213333.574,460213.0658,5.3708,268.1,FALSE,5.3,0,300
11614,2022/10/19 15:22,131.4762568,47.0535435,5213332.657,460206.0388,2.57428,221.3,FALSE,5.3,0,300
11615,2022/10/19 15:22,131.4762448,47.05353367,5213331.57,460205.1197,0,0,FALSE,5.3,0,300
11616,2022/10/19 15:22,131.4762422,47.05353617,5213331.849,460204.924,4.96336,34.8,FALSE,5.3,0,300
11617,2022/10/19 15:22,131.4762755,47.05357817,5213336.502,460207.4854,2.53724,0.1,FALSE,5.3,0,300
11618,2022/10/19 15:22,131.4762668,47.05358833,5213337.636,460206.8319,0.42596,349,FALSE,5.3,0,300
11619,2022/10/19 15:22,131.4762662,47.05354533,5213332.856,460206.7544,5.0004,178.9,FALSE,5.3,0,300
11620,2022/10/19 15:22,131.4762597,47.053493,5213327.041,460206.2216,2.46316,186.8,FALSE,5.3,0,300
11621,2022/10/19 15:22,131.4762542,47.05343583,5213320.688,460205.7612,4.167,169.6,TRUE,5.3,219,300
11622,2022/10/19 15:22,131.4762557,47.05340017,5213316.723,460205.8486,3.07432,170.5,TRUE,5.3,400,300
11623,2022/10/19 15:22,131.4762732,47.05338683,5213315.231,460207.1683,4.51888,177.5,TRUE,5.3,400,300
11624,2022/10/19 15:23,131.4762855,47.05334183,5213310.222,460208.0694,3.38916,172.5,TRUE,5.3,400,300
11625,2022/10/19 15:23,131.4762987,47.05329933,5213305.491,460209.0407,3.29656,172.4,TRUE,5.3,400,300
11626,2022/10/19 15:23,131.4763123,47.05326467,5213301.631,460210.0483,3.57436,178.7,TRUE,5.3,400,300
11627,2022/10/19 15:23,131.4763185,47.053235,5213298.329,460210.4973,3.37064,179.3,TRUE,5.3,400,300
11628,2022/10/19 15:23,131.476327,47.05318867,5213293.174,460211.1087,4.38924,177.4,TRUE,5.3,400,300
11629,2022/10/19 15:23,131.4763458,47.05315133,5213289.014,460212.5093,2.61132,177,TRUE,5.3,400,300
11630,2022/10/19 15:23,131.4763443,47.05311367,5213284.828,460212.3673,3.85216,172,TRUE,5.3,400,300
11631,2022/10/19 15:23,131.4763505,47.053063,5213279.191,460212.8007,4.27812,176.5,TRUE,5.3,400,300
11632,2022/10/19 15:23,131.4763635,47.053022,5213274.627,460213.758,4.94484,172.8,TRUE,5.3,400,300
11633,2022/10/19 15:23,131.4763968,47.05297433,5213269.31,460216.2527,5.05596,178,TRUE,5.3,400,300
11634,2022/10/19 15:23,131.4764128,47.0529285,5213264.207,460217.4343,4.27812,169.6,TRUE,5.3,400,300
11635,2022/10/19 15:23,131.4764302,47.05288683,5213259.566,460218.7254,5.16708,174.4,TRUE,5.3,400,300
11636,2022/10/19 15:23,131.4764332,47.05283783,5213254.117,460218.9169,5.05596,173.2,TRUE,5.3,400,300
11637,2022/10/19 15:23,131.4764373,47.05278783,5213248.556,460219.1912,4.50036,172,TRUE,5.3,400,300
11638,2022/10/19 15:23,131.4764573,47.05273767,5213242.97,460220.6735,5.2782,180.9,TRUE,5.3,400,300
11639,2022/10/19 15:24,131.4764678,47.052686,5213237.22,460221.4329,4.94484,169.5,TRUE,5.3,400,300
11640,2022/10/19 15:24,131.476488,47.05262967,5213230.948,460222.9258,6.74128,180.9,TRUE,5.3,400,300
11641,2022/10/19 15:24,131.4764942,47.05255967,5213223.162,460223.3449,6.90796,175.6,TRUE,5.3,400,300
11642,2022/10/19 15:24,131.4764987,47.05248783,5213215.174,460223.6334,6.27828,174.7,TRUE,5.3,400,300
11643,2022/10/19 15:24,131.4765263,47.052429,5213208.619,460225.6867,7.16724,176.4,TRUE,5.3,400,300
11644,2022/10/19 15:24,131.4765563,47.05236617,5213201.619,460227.9194,6.72276,173.9,TRUE,5.3,400,300
11645,2022/10/19 15:24,131.4765788,47.05229867,5213194.104,460229.5788,6.07456,173.5,TRUE,5.3,400,300
11646,2022/10/19 15:24,131.4766055,47.052236,5213187.123,460231.561,6.35236,170.9,TRUE,5.3,400,300
11647,2022/10/19 15:24,131.4766313,47.05217533,5213180.365,460233.4762,5.94492,174.9,TRUE,5.3,399,300
11648,2022/10/19 15:24,131.4766495,47.0521075,5213172.815,460234.8086,6.2042,173.5,TRUE,5.3,400,300
11649,2022/10/19 15:24,131.4766545,47.05204083,5213165.401,460235.139,5.87084,162.8,TRUE,5.3,400,300
11650,2022/10/19 15:24,131.4766603,47.05197967,5213158.598,460235.5342,6.51904,175.2,TRUE,5.3,400,300
11651,2022/10/19 15:24,131.476687,47.05191617,5213151.526,460237.5157,7.20428,172.8,TRUE,5.3,400,300
11652,2022/10/19 15:24,131.4767,47.0518465,5213143.774,460238.4517,6.5746,162.5,TRUE,5.3,400,300
11653,2022/10/19 15:24,131.4767205,47.051778,5213136.148,460239.9585,5.68564,164.4,TRUE,5.3,400,300
11654,2022/10/19 15:25,131.476727,47.0517085,5213128.418,460240.4007,6.59312,182.4,TRUE,5.3,400,300
11655,2022/10/19 15:25,131.476743,47.05164817,5213121.703,460241.5716,7.07464,170.1,TRUE,5.3,400,300
11656,2022/10/19 15:25,131.4767742,47.051582,5213114.331,460243.8931,7.00056,168.3,TRUE,5.3,400,300
11657,2022/10/19 15:25,131.4768047,47.05151917,5213107.331,460246.1638,6.8524,158.2,TRUE,5.3,400,300
11658,2022/10/19 15:25,131.4768047,47.05144783,5213099.4,460246.1108,7.05612,168.8,TRUE,5.3,400,300
11659,2022/10/19 15:25,131.4768095,47.05137333,5213091.115,460246.4202,6.25976,169.7,TRUE,5.3,400,300
11660,2022/10/19 15:25,131.476831,47.051305,5213083.508,460248.003,6.61164,178.8,TRUE,5.3,400,300
11661,2022/10/19 15:25,131.4768502,47.05123983,5213076.253,460249.4135,6.2042,163.5,TRUE,5.3,400,300
11662,2022/10/19 15:25,131.4768792,47.05117783,5213069.346,460251.5709,6.13012,167.9,TRUE,5.3,400,300
11663,2022/10/19 15:25,131.4768978,47.05110767,5213061.536,460252.9321,6.27828,172.3,TRUE,5.3,400,300
11664,2022/10/19 15:25,131.4769077,47.05104033,5213054.045,460253.6343,6.31532,173.7,TRUE,5.3,376,300
11665,2022/10/19 15:25,131.4769202,47.05096917,5213046.128,460254.5312,6.88944,179.2,TRUE,5.3,400,300
11666,2022/10/19 15:25,131.476918,47.05090033,5213038.476,460254.3129,6.482,165.9,TRUE,5.3,400,300
11667,2022/10/19 15:25,131.4769325,47.05083583,5213031.298,460255.3668,7.1302,169.2,TRUE,5.3,400,300
11668,2022/10/19 15:25,131.4769503,47.05076883,5213023.84,460256.6695,6.40792,162,TRUE,5.3,400,300
11669,2022/10/19 15:26,131.4769747,47.05070533,5213016.769,460258.4763,5.9264,175.4,TRUE,5.3,393,300
11670,2022/10/19 15:26,131.4769927,47.05065017,5213010.627,460259.8031,8.09324,168.8,TRUE,5.3,397,300
11671,2022/10/19 15:26,131.4770217,47.05057767,5213002.552,460261.9527,7.852479,171,TRUE,5.3,400,300
11672,2022/10/19 15:26,131.4770478,47.05050083,5212993.997,460263.8789,7.63024,170,TRUE,5.3,400,300
11673,2022/10/19 15:26,131.4770503,47.0504315,5212986.288,460264.0173,5.90788,166.4,TRUE,5.3,391,300
11674,2022/10/19 15:26,131.4770627,47.05036683,5212979.092,460264.9115,6.87092,169.4,TRUE,5.3,400,300
11675,2022/10/19 15:26,131.4770938,47.05029933,5212971.572,460267.2245,6.96352,162.9,TRUE,5.3,399,300
11676,2022/10/19 15:26,131.4771188,47.05023033,5212963.889,460269.0728,6.31532,160.5,TRUE,5.3,400,300
11677,2022/10/19 15:26,131.4771403,47.05016267,5212956.356,460270.6563,7.0376,168.4,TRUE,5.3,400,300
11678,2022/10/19 15:26,131.4771607,47.05009283,5212948.582,460272.1545,7.64876,173,TRUE,5.3,400,300
11679,2022/10/19 15:26,131.4771822,47.050016,5212940.029,460273.7311,7.05612,168.6,TRUE,5.3,375,300
11680,2022/10/19 15:26,131.4772275,47.0499445,5212932.058,460277.1201,8.37104,169.2,TRUE,5.3,400,300
11681,2022/10/19 15:26,131.4772578,47.04986783,5212923.519,460279.3656,5.85232,162.3,TRUE,5.3,373,300
11682,2022/10/19 15:26,131.4772808,47.0497965,5212915.577,460281.0603,6.87092,156.6,TRUE,5.3,400,300
11683,2022/10/19 15:26,131.4773057,47.04972217,5212907.301,460282.8971,7.24132,162.2,TRUE,5.3,400,300
11684,2022/10/19 15:27,131.4773163,47.04963833,5212897.975,460283.6403,6.55608,166.7,TRUE,5.3,400,300
11685,2022/10/19 15:27,131.4773332,47.04955467,5212888.666,460284.8624,7.18576,164.6,TRUE,5.3,400,300
11686,2022/10/19 15:27,131.4773633,47.04948133,5212880.497,460287.0951,7.5006,163.9,TRUE,5.3,400,300
11687,2022/10/19 15:27,131.4773913,47.04941033,5212872.59,460289.17,0.5556,163.5,TRUE,5.3,400,300
11688,2022/10/19 15:27,131.4773873,47.04943417,5212875.242,460288.8837,5.63008,347.7,FALSE,5.3,0,300
11689,2022/10/19 15:27,131.4773948,47.04949317,5212881.798,460289.4974,6.14864,36.5,FALSE,5.3,0,300
11690,2022/10/19 15:27,131.4774688,47.04954117,5212887.096,460295.156,1.68532,47.4,FALSE,5.3,0,300
11691,2022/10/19 15:27,131.4774012,47.04954483,5212887.538,460290.0221,5.57452,301.1,FALSE,5.3,0,300
11692,2022/10/19 15:27,131.4773857,47.0495775,5212891.177,460288.8685,7.38948,0.2,FALSE,5.3,0,300
11693,2022/10/19 15:27,131.4773595,47.049634,5212897.472,460286.9197,6.07456,359.6,TRUE,5.3,400,300
11694,2022/10/19 15:27,131.4773413,47.04969633,5212904.41,460285.583,7.24132,350,TRUE,5.3,400,300
11695,2022/10/19 15:27,131.4773367,47.04975333,5212910.75,460285.2758,7.61172,354.1,TRUE,5.3,400,300
11696,2022/10/19 15:27,131.4773417,47.04983233,5212919.53,460285.7143,7.35244,349.4,TRUE,5.3,400,300
11697,2022/10/19 15:27,131.4773302,47.04990483,5212927.595,460284.8943,6.79684,344.3,TRUE,5.3,400,300
11698,2022/10/19 15:27,131.4773065,47.0499795,5212935.908,460283.1489,6.7598,356.2,TRUE,5.3,400,300
11699,2022/10/19 15:28,131.4772735,47.05005283,5212944.077,460280.6959,6.35236,351.7,TRUE,5.3,400,300
11700,2022/10/19 15:28,131.4772715,47.050115,5212950.99,460280.5901,6.46348,352.9,TRUE,5.3,400,300
11701,2022/10/19 15:28,131.4772408,47.050197,5212960.122,460278.3182,6.09308,355.2,TRUE,5.3,400,300
11702,2022/10/19 15:28,131.4772177,47.050264,5212967.582,460276.6127,6.14864,354.5,TRUE,5.3,400,300
11703,2022/10/19 15:28,131.4771842,47.05032233,5212974.083,460274.1105,6.16716,348.8,TRUE,5.3,400,300
11704,2022/10/19 15:28,131.4771743,47.0503865,5212981.222,460273.4059,6.74128,356.1,TRUE,5.3,400,300
11705,2022/10/19 15:28,131.4771505,47.05045167,5212988.48,460271.6459,4.27812,357.1,TRUE,5.3,400,300
11706,2022/10/19 15:28,131.4771163,47.0505225,5212996.371,460269.0999,5.01892,355,TRUE,5.3,400,300
11707,2022/10/19 15:28,131.4770912,47.05057183,5213001.868,460267.2293,6.6672,0.3,TRUE,5.3,400,300
11708,2022/10/19 15:28,131.4770842,47.0506405,5213009.506,460266.7484,7.24132,355.6,TRUE,5.3,400,300
11709,2022/10/19 15:28,131.477059,47.05070567,5213016.764,460264.882,6.77832,355,TRUE,5.3,400,300
11710,2022/10/19 15:28,131.4770487,47.05076717,5213023.606,460264.1451,6.72276,355,TRUE,5.3,400,300
11711,2022/10/19 15:28,131.4770172,47.050833,5213030.94,460261.8005,7.14872,356.7,TRUE,5.3,400,300
11712,2022/10/19 15:28,131.477013,47.0509075,5213039.225,460261.5367,8.25992,354.8,TRUE,5.3,400,300
11713,2022/10/19 15:28,131.4770002,47.050975,5213046.735,460260.6142,7.55616,355.6,TRUE,5.3,400,300
11714,2022/10/19 15:29,131.4769633,47.05105067,5213055.166,460257.8666,8.11176,353.2,TRUE,5.3,400,300
11715,2022/10/19 15:29,131.4769365,47.05113033,5213064.036,460255.8895,7.2228,352.6,TRUE,5.3,400,300
11716,2022/10/19 15:29,131.4769107,47.051201,5213071.905,460253.9816,6.92648,356.5,TRUE,5.3,400,300
11717,2022/10/19 15:29,131.4769015,47.05126683,5213079.228,460253.3315,6.482,351.8,TRUE,5.3,400,300
11718,2022/10/19 15:29,131.4768835,47.051335,5213086.816,460252.0144,7.1302,355.1,TRUE,5.3,400,300
11719,2022/10/19 15:29,131.4768875,47.05140167,5213094.226,460252.3679,7.00056,353.4,TRUE,5.3,400,300
11720,2022/10/19 15:29,131.4768563,47.05147317,5213102.191,460250.0504,7.20428,353.7,TRUE,5.3,400,300
11721,2022/10/19 15:29,131.4768248,47.05153917,5213109.544,460247.7059,7.871,354,TRUE,5.3,400,300
11722,2022/10/19 15:29,131.4768015,47.051609,5213117.319,460245.9874,7.57468,352.7,TRUE,5.3,400,300
11723,2022/10/19 15:29,131.4767795,47.0516735,5213124.501,460244.3638,7.42652,351,TRUE,5.3,400,300
11724,2022/10/19 15:29,131.4767635,47.051741,5213132.013,460243.1982,7.18576,354,TRUE,5.3,400,300
11725,2022/10/19 15:29,131.4767562,47.05181067,5213139.762,460242.6953,7.6858,354.2,TRUE,5.3,400,300
11726,2022/10/19 15:29,131.476716,47.05189267,5213148.898,460239.7018,6.72276,348.9,TRUE,5.3,400,300
11727,2022/10/19 15:29,131.4766905,47.05197017,5213157.527,460237.8218,7.408,355.4,TRUE,5.3,400,300
11728,2022/10/19 15:29,131.4766812,47.05204717,5213166.092,460237.1724,7.66728,357.2,TRUE,5.3,400,300
11729,2022/10/19 15:30,131.4766613,47.0521235,5213174.588,460235.7171,7.66728,348.2,TRUE,5.3,400,300
11730,2022/10/19 15:30,131.4766407,47.05219967,5213183.066,460234.2085,7.29688,353.5,TRUE,5.3,400,300
11731,2022/10/19 15:30,131.4766203,47.052276,5213191.562,460232.7152,6.51904,354.5,TRUE,5.3,400,300
11732,2022/10/19 15:30,131.4766013,47.0523425,5213198.965,460231.321,5.8338,351.5,TRUE,5.3,400,300
11733,2022/10/19 15:30,131.4765738,47.05240417,5213205.835,460229.2774,6.2968,349.8,TRUE,5.3,400,300
11734,2022/10/19 15:30,131.4765482,47.05246567,5213212.685,460227.378,7.1302,353,TRUE,5.3,400,300
11735,2022/10/19 15:30,131.4765358,47.05252633,5213219.435,460226.4809,5.68564,355.7,TRUE,5.3,400,300
11736,2022/10/19 15:30,131.4765193,47.052585,5213225.966,460225.2708,5.81528,348.3,TRUE,5.3,400,300
11737,2022/10/19 15:30,131.4765075,47.052643,5213232.42,460224.4174,6.68572,357.8,TRUE,5.3,400,300
11738,2022/10/19 15:30,131.4764988,47.05270083,5213238.853,460223.7993,5.48192,358.8,TRUE,5.3,400,300
11739,2022/10/19 15:30,131.4764878,47.052757,5213245.103,460223.0053,5.63008,353.2,TRUE,5.3,400,300
11740,2022/10/19 15:30,131.4764865,47.05281583,5213251.644,460222.9503,5.57452,352.9,TRUE,5.3,400,300
11741,2022/10/19 15:30,131.4764705,47.05287483,5213258.211,460221.7785,6.09308,355.1,TRUE,5.3,400,300
11742,2022/10/19 15:30,131.4764443,47.05293367,5213264.766,460219.8315,5.1856,349.6,TRUE,5.3,400,300
11743,2022/10/19 15:30,131.4764168,47.05298767,5213270.783,460217.7822,5.42636,359.2,TRUE,5.3,400,300
11744,2022/10/19 15:31,131.4764048,47.05304567,5213277.237,460216.9136,5.16708,356.2,TRUE,5.3,400,300
11745,2022/10/19 15:31,131.4763905,47.05309333,5213282.543,460215.8625,5.42636,358.9,TRUE,5.3,400,300
11746,2022/10/19 15:31,131.4763805,47.05314067,5213287.811,460215.1379,5.25968,355.5,TRUE,5.3,400,300
11747,2022/10/19 15:31,131.4763678,47.05319333,5213293.672,460214.2121,3.75956,3.2,TRUE,5.3,400,300
11748,2022/10/19 15:31,131.4763637,47.0532285,5213297.584,460213.9268,4.00032,348.7,TRUE,5.3,400,300
11749,2022/10/19 15:31,131.4763712,47.0532735,5213302.582,460214.5301,3.12988,4.4,TRUE,5.3,400,300
11750,2022/10/19 15:31,131.4763687,47.053307,5213306.308,460214.365,3.8892,354.8,TRUE,5.3,398,300
11751,2022/10/19 15:31,131.4763492,47.0533465,5213310.709,460212.9128,4.00032,356.9,TRUE,5.3,370,300
11752,2022/10/19 15:31,131.4763285,47.05338433,5213314.925,460211.3682,3.16692,345.7,TRUE,5.3,400,300
11753,2022/10/19 15:31,131.4763178,47.053418,5213318.674,460210.5802,4.83372,347.9,TRUE,5.3,400,300
11754,2022/10/19 15:31,131.4763027,47.05345467,5213322.758,460209.4602,1.53716,13,TRUE,5.3,400,300
11755,2022/10/19 15:31,131.4762798,47.053489,5213326.586,460207.7458,0.66672,5.8,TRUE,5.3,241,300
11756,2022/10/19 15:31,131.4762648,47.0534795,5213325.538,460206.599,5.2782,159.4,TRUE,5.3,274,300
11757,2022/10/19 15:31,131.4762907,47.0534385,5213320.967,460208.5364,2.01868,150.9,FALSE,5.3,0,300
11758,2022/10/19 15:31,131.4762325,47.05348083,5213325.702,460204.1459,4.51888,288.9,FALSE,5.3,0,300
11759,2022/10/19 15:32,131.4761363,47.0535125,5213329.272,460196.8602,4.92632,236.4,FALSE,5.3,0,300
11760,2022/10/19 15:32,131.47614,47.053526,5213330.771,460197.1513,5.38932,40.8,FALSE,5.3,0,300
11761,2022/10/19 15:32,131.4761567,47.05355183,5213333.634,460198.4394,2.64836,200.7,FALSE,5.3,0,300
11762,2022/10/19 15:32,131.4761205,47.05350283,5213328.205,460195.6525,2.5002,181.7,FALSE,5.3,0,300
11763,2022/10/19 15:32,131.4761128,47.05349867,5213327.746,460195.0643,0,328.5,FALSE,5.3,0,300
11764,2022/10/19 15:32,131.476113,47.053454,5213322.78,460195.0463,3.25952,173.8,TRUE,5.3,397,300
11765,2022/10/19 15:32,131.4761143,47.053411,5213317.999,460195.1131,2.38908,176.1,TRUE,5.3,400,300
11766,2022/10/19 15:32,131.4760935,47.05336117,5213312.47,460193.4956,3.27804,171,TRUE,5.3,385,300
11767,2022/10/19 15:32,131.4761035,47.05333233,5213309.259,460194.234,2.6854,172.5,TRUE,5.3,368,300
11768,2022/10/19 15:32,131.4761005,47.05330317,5213306.019,460193.9843,2.9632,178.6,TRUE,5.3,393,300
11769,2022/10/19 15:32,131.4760952,47.05327217,5213302.575,460193.5586,5.11152,172,TRUE,5.3,360,300
11770,2022/10/19 15:32,131.4760973,47.0532265,5213297.497,460193.6841,5.42636,169.7,TRUE,5.3,385,300
11771,2022/10/19 15:32,131.476129,47.05317733,5213292.014,460196.0561,5.11152,168.6,TRUE,5.3,378,300
11772,2022/10/19 15:32,131.476154,47.05313033,5213286.776,460197.9207,4.79668,176.5,TRUE,5.3,400,300
11773,2022/10/19 15:32,131.4761583,47.05307833,5213280.993,460198.2087,5.4634,171.9,TRUE,5.3,400,300
11774,2022/10/19 15:33,131.4761967,47.05303433,5213276.082,460201.0936,6.14864,172.5,TRUE,5.3,400,300
11775,2022/10/19 15:33,131.4762362,47.05297617,5213269.596,460204.0516,5.3708,167.5,TRUE,5.3,400,300
11776,2022/10/19 15:33,131.4762535,47.05292283,5213263.658,460205.3264,5.38932,168.1,TRUE,5.3,400,300
11777,2022/10/19 15:33,131.476262,47.05286467,5213257.188,460205.9289,5.22264,180,TRUE,5.3,348,300
11778,2022/10/19 15:33,131.4762695,47.05279983,5213249.976,460206.4505,6.63016,162.7,TRUE,5.3,400,300
11779,2022/10/19 15:33,131.4762825,47.05273167,5213242.391,460207.3876,7.00056,171.2,TRUE,5.3,400,300
11780,2022/10/19 15:33,131.476293,47.052669,5213235.419,460208.1388,6.64868,166,TRUE,5.3,400,300
11781,2022/10/19 15:33,131.4762933,47.052597,5213227.415,460208.108,6.55608,158.5,TRUE,5.3,400,300
11782,2022/10/19 15:33,131.4763257,47.05252983,5213219.931,460210.5198,6.63016,163.8,TRUE,5.3,400,300
11783,2022/10/19 15:33,131.4763395,47.0524615,5213212.327,460211.5176,7.42652,173.6,TRUE,5.3,400,300
11784,2022/10/19 15:33,131.4763368,47.0523905,5213204.435,460211.2596,5.94492,163.1,TRUE,5.3,400,300
11785,2022/10/19 15:33,131.47636,47.052327,5213197.364,460212.9752,6.77832,165.1,TRUE,5.3,400,300
11786,2022/10/19 15:33,131.476385,47.05226517,5213190.478,460214.8287,7.5006,173.2,TRUE,5.3,400,300
11787,2022/10/19 15:33,131.4764048,47.05218583,5213181.647,460216.2741,6.37088,172.5,TRUE,5.3,400,300
11788,2022/10/19 15:33,131.4763993,47.05211017,5213173.239,460215.8,6.53756,174,TRUE,5.3,400,300
11789,2022/10/19 15:34,131.476407,47.0520315,5213164.489,460216.3265,7.57468,163.4,TRUE,5.3,400,300
11790,2022/10/19 15:34,131.4764333,47.05196933,5213157.564,460218.2786,8.01916,173.9,TRUE,5.3,400,300
11791,2022/10/19 15:34,131.4764457,47.05189117,5213148.869,460219.1627,7.55616,167.9,TRUE,5.3,400,300
11792,2022/10/19 15:34,131.4764502,47.05183217,5213142.307,460219.4607,6.90796,172.4,TRUE,5.3,400,300
11793,2022/10/19 15:34,131.4764792,47.05177567,5213136.012,460221.6222,6.68572,170.2,TRUE,5.3,400,300
11794,2022/10/19 15:34,131.476494,47.05170667,5213128.333,460222.6954,7.35244,167.6,TRUE,5.3,400,300
11795,2022/10/19 15:34,131.4765163,47.05163867,5213120.762,460224.3393,7.1302,165.8,TRUE,5.3,400,300
11796,2022/10/19 15:34,131.4765363,47.05157883,5213114.1,460225.8144,7.11168,165.9,TRUE,5.3,400,300
11797,2022/10/19 15:34,131.4765523,47.05150367,5213105.736,460226.9743,6.03752,161.4,TRUE,5.3,400,300
11798,2022/10/19 15:34,131.4765675,47.05143383,5213097.964,460228.0773,6.35236,166,TRUE,5.3,400,300
11799,2022/10/19 15:34,131.4766047,47.05137433,5213091.33,460230.8596,6.8524,172.7,TRUE,5.3,400,300
11800,2022/10/19 15:34,131.4766272,47.05129917,5213082.963,460232.5134,6.50052,162.8,TRUE,5.3,400,300
11801,2022/10/19 15:34,131.476664,47.0512375,5213076.088,460235.2637,6.83388,167.4,TRUE,5.3,400,300
11802,2022/10/19 15:34,131.4767018,47.05117317,5213068.918,460238.0881,6.8524,159.1,TRUE,5.3,400,300
11803,2022/10/19 15:34,131.4767323,47.05111067,5213061.954,460240.3591,6.5746,172.5,TRUE,5.3,400,300
11804,2022/10/19 15:35,131.4767483,47.0510445,5213054.59,460241.5257,5.75972,145.9,TRUE,5.3,400,300
11805,2022/10/19 15:35,131.4767793,47.0509725,5213046.569,460243.8276,6.00048,166.1,TRUE,5.3,400,300
11806,2022/10/19 15:35,131.4768052,47.05090417,5213038.96,460245.7448,7.2228,158.2,TRUE,5.3,400,300
11807,2022/10/19 15:35,131.4768377,47.0508305,5213030.753,460248.1596,7.5006,158.5,TRUE,5.3,400,300
11808,2022/10/19 15:35,131.4768632,47.05076867,5213023.867,460250.0512,0.8334,156.8,TRUE,5.3,351,300
11809,2022/10/19 15:35,131.4768628,47.05077517,5213024.59,460250.0256,4.8152,157.9,TRUE,5.3,229,300
11810,2022/10/19 15:35,131.476896,47.0507075,5213017.05,460252.498,6.44496,162.3,TRUE,5.3,400,300
11811,2022/10/19 15:35,131.4769258,47.050646,5213010.198,460254.7166,5.90788,151.2,TRUE,5.3,400,300
11812,2022/10/19 15:35,131.4769608,47.050586,5213003.509,460257.3315,0,158.6,FALSE,5.3,0,300
11813,2022/10/19 15:35,131.4769672,47.05058767,5213003.692,460257.819,5.88936,345.3,TRUE,5.3,257,300
11814,2022/10/19 15:35,131.4769563,47.05065183,5213010.83,460257.0385,6.1116,44.6,FALSE,5.3,0,300
11815,2022/10/19 15:35,131.477059,47.0507005,5213016.189,460264.8782,4.68556,94.1,FALSE,5.3,0,300
11816,2022/10/19 15:35,131.4770135,47.05071767,5213018.121,460261.4337,6.40792,300.4,FALSE,5.3,0,300
11817,2022/10/19 15:35,131.476977,47.050772,5213024.179,460258.7006,8.25992,349.9,FALSE,5.3,0,300
11818,2022/10/19 15:35,131.4769713,47.05083283,5213030.945,460258.3127,8.0562,353.9,TRUE,5.3,400,300
11819,2022/10/19 15:36,131.4769625,47.05088617,5213036.879,460257.6837,8.537721,345.2,TRUE,5.3,400,300
11820,2022/10/19 15:36,131.4769317,47.05095583,5213044.639,460255.3951,7.92656,351.5,TRUE,5.3,400,300
11821,2022/10/19 15:36,131.4768833,47.0510395,5213053.965,460251.7797,7.20428,350.8,TRUE,5.3,400,300
11822,2022/10/19 15:36,131.4768577,47.05110733,5213061.519,460249.8849,7.463561,353.8,TRUE,5.3,400,300
11823,2022/10/19 15:36,131.4768338,47.05117383,5213068.924,460248.1183,7.92656,353.6,TRUE,5.3,400,300
11824,2022/10/19 15:36,131.4768218,47.05124083,5213076.378,460247.2563,7.05612,356,TRUE,5.3,400,300
11825,2022/10/19 15:36,131.476772,47.0513335,5213086.706,460243.5412,8.13028,349,TRUE,5.3,400,300
11826,2022/10/19 15:36,131.4767125,47.05142633,5213097.056,460239.0892,7.2228,352.8,TRUE,5.3,400,300
11827,2022/10/19 15:36,131.4767045,47.05150433,5213105.732,460238.5393,7.53764,2.4,TRUE,5.3,400,300
11828,2022/10/19 15:36,131.476678,47.05156617,5213112.62,460236.5718,7.1302,359.6,TRUE,5.3,400,300
11829,2022/10/19 15:36,131.47666,47.05164317,5213121.189,460235.2613,8.167319,353.5,TRUE,5.3,400,300
11830,2022/10/19 15:36,131.4766315,47.05171117,5213128.764,460233.1464,7.5006,356.6,TRUE,5.3,400,300
11831,2022/10/19 15:36,131.4766145,47.05178033,5213136.461,460231.9061,7.51912,356.7,TRUE,5.3,400,300
11832,2022/10/19 15:36,131.4766108,47.05184433,5213143.578,460231.6725,7.24132,3.1,TRUE,5.3,400,300
11833,2022/10/19 15:36,131.4766255,47.05191333,5213151.241,460232.8407,8.01916,353.3,TRUE,5.3,400,300
11834,2022/10/19 15:37,131.4765877,47.05199067,5213159.858,460230.0261,7.63024,352.8,TRUE,5.3,400,300
11835,2022/10/19 15:37,131.476536,47.052079,5213169.704,460226.1635,7.25984,351.2,TRUE,5.3,400,300
11836,2022/10/19 15:37,131.4765035,47.05215167,5213177.8,460223.7481,8.01916,353.3,TRUE,5.3,400,300
11837,2022/10/19 15:37,131.4764878,47.05222783,5213186.274,460222.6118,7.72284,355.2,TRUE,5.3,400,300
11838,2022/10/19 15:37,131.4764725,47.05230233,5213194.565,460221.5047,7.55616,358.6,TRUE,5.3,400,300
11839,2022/10/19 15:37,131.4764385,47.05236783,5213201.864,460218.9701,6.945,352.6,TRUE,5.3,400,300
11840,2022/10/19 15:37,131.4764258,47.052427,5213208.448,460218.0491,6.33384,0.5,TRUE,5.3,400,300
11841,2022/10/19 15:37,131.4764152,47.05249433,5213215.939,460217.2938,7.75988,356.5,TRUE,5.3,400,300
11842,2022/10/19 15:37,131.4763905,47.05256883,5213224.233,460215.4724,7.18576,352.8,TRUE,5.3,400,300
11843,2022/10/19 15:37,131.4763603,47.05264983,5213233.254,460213.238,6.40792,357.7,TRUE,5.3,400,300
11844,2022/10/19 15:37,131.4763563,47.0527265,5213241.779,460212.9911,7.1302,352.8,TRUE,5.3,400,300
11845,2022/10/19 15:37,131.476334,47.0528075,5213250.795,460211.357,7.35244,354.2,TRUE,5.3,400,300
11846,2022/10/19 15:37,131.4763063,47.05287833,5213258.684,460209.305,7.72284,352.8,TRUE,5.3,400,300
11847,2022/10/19 15:37,131.4762865,47.0529445,5213266.05,460207.8498,6.83388,358.7,TRUE,5.3,400,300
11848,2022/10/19 15:37,131.4762495,47.05301717,5213274.148,460205.0926,5.87084,356.9,TRUE,5.3,400,300
11849,2022/10/19 15:38,131.476224,47.05308667,5213281.887,460203.2068,6.59312,353.1,TRUE,5.3,400,300
11850,2022/10/19 15:38,131.4762297,47.05314517,5213288.388,460203.6834,6.09308,359.9,TRUE,5.3,400,300
11851,2022/10/19 15:38,131.4762198,47.05321133,5213295.748,460202.9804,5.44488,354.4,TRUE,5.3,400,300
11852,2022/10/19 15:38,131.4762155,47.05325883,5213301.031,460202.689,4.87076,355.8,TRUE,5.3,400,300
11853,2022/10/19 15:38,131.4762245,47.05329317,5213304.844,460203.3984,4.63,3.1,TRUE,5.3,400,300
11854,2022/10/19 15:38,131.4762078,47.05334133,5213310.206,460202.1654,2.53724,21.3,TRUE,5.3,400,300
11855,2022/10/19 15:38,131.4761857,47.053379,5213314.405,460200.5142,5.3708,354.4,TRUE,5.3,400,300
11856,2022/10/19 15:38,131.47616,47.05342867,5213319.94,460198.5985,5.13004,4,TRUE,5.3,224,300
11857,2022/10/19 15:38,131.4761582,47.0534385,5213321.034,460198.4691,0,0,FALSE,5.3,0,300
11858,2022/10/19 15:38,131.4761875,47.05339517,5213316.202,460200.663,5.79676,125.4,FALSE,5.3,0,300
11859,2022/10/19 15:38,131.4761803,47.05340467,5213317.262,460200.1231,5.16708,278.1,FALSE,5.3,0,300
11860,2022/10/19 15:38,131.4760762,47.05343283,5213320.445,460192.2345,6.59312,232.8,FALSE,5.3,0,300
11861,2022/10/19 15:38,131.4760013,47.05340233,5213317.093,460186.5209,0.926,205.1,TRUE,5.3,79,300
11862,2022/10/19 15:38,131.476028,47.0534485,5213322.212,460188.5839,6.482,18.6,FALSE,5.3,0,300
11863,2022/10/19 15:38,131.4760337,47.05347467,5213325.118,460189.0365,0,348.9,FALSE,5.3,0,300
11864,2022/10/19 15:39,131.4760217,47.05343483,5213320.696,460188.0951,4.79668,168,FALSE,5.3,0,300
11865,2022/10/19 15:39,131.4760287,47.053386,5213315.263,460188.5906,3.59288,162.5,TRUE,5.3,400,300
11866,2022/10/19 15:39,131.4760248,47.05334767,5213311.004,460188.2657,4.98188,176.1,TRUE,5.3,226,300
11867,2022/10/19 15:39,131.4760355,47.05330733,5213306.514,460189.0487,4.20404,168.4,TRUE,5.3,355,300
11868,2022/10/19 15:39,131.4760335,47.053261,5213301.365,460188.8623,4.14848,167.1,TRUE,5.3,400,300
11869,2022/10/19 15:39,131.4760222,47.0532165,5213296.423,460187.9706,4.22256,162.7,TRUE,5.3,395,300
11870,2022/10/19 15:39,131.4760302,47.05316933,5213291.175,460188.5433,5.07448,169,TRUE,5.3,397,300
11871,2022/10/19 15:39,131.4760547,47.05311517,5213285.142,460190.3645,5.53748,166.9,TRUE,5.3,400,300
11872,2022/10/19 15:39,131.4760607,47.0530495,5213277.838,460190.7715,5.50044,159.8,TRUE,5.3,400,300
11873,2022/10/19 15:39,131.4760852,47.052999,5213272.211,460192.5955,6.482,170,TRUE,5.3,400,300
11874,2022/10/19 15:39,131.4761047,47.05293983,5213265.623,460194.0331,6.44496,169.5,TRUE,5.3,376,300
11875,2022/10/19 15:39,131.476133,47.05287733,5213258.661,460196.1368,6.37088,174.8,TRUE,5.3,400,300
11876,2022/10/19 15:39,131.4761737,47.052804,5213250.488,460199.1747,6.16716,167.6,TRUE,5.3,400,300
11877,2022/10/19 15:39,131.4762022,47.05272867,5213242.099,460201.2841,5.9264,173.2,TRUE,5.3,400,300
11878,2022/10/19 15:39,131.4762275,47.05266283,5213234.766,460203.1574,6.72276,167.2,TRUE,5.3,375,300
11879,2022/10/19 15:40,131.4762383,47.05259533,5213227.257,460203.9278,7.51912,158.9,TRUE,5.3,400,300
11880,2022/10/19 15:40,131.4762582,47.05252,5213218.872,460205.3838,5.6486,166.8,TRUE,5.3,400,300
11881,2022/10/19 15:40,131.4762662,47.05244817,5213210.883,460205.9382,7.00056,169.2,TRUE,5.3,399,300
11882,2022/10/19 15:40,131.4762743,47.05237083,5213202.281,460206.4961,6.87092,165.4,TRUE,5.3,400,300
11883,2022/10/19 15:40,131.4763032,47.0522835,5213192.557,460208.627,5.75972,161,TRUE,5.3,400,300
11884,2022/10/19 15:40,131.4763465,47.05223183,5213186.791,460211.8786,7.2228,163.7,TRUE,5.3,400,300
11885,2022/10/19 15:40,131.4763698,47.05216017,5213178.813,460213.5957,7.00056,174.9,TRUE,5.3,400,300
11886,2022/10/19 15:40,131.4763657,47.05208867,5213170.866,460213.231,7.463561,171.7,TRUE,5.3,400,300
11887,2022/10/19 15:40,131.4763813,47.0520065,5213161.723,460214.3552,7.5006,170.4,TRUE,5.3,400,300
11888,2022/10/19 15:40,131.4763882,47.05194167,5213154.512,460214.8313,7.5932,161.9,TRUE,5.3,400,300
11889,2022/10/19 15:40,131.4764323,47.05185567,5213144.929,460218.1181,7.25984,166.5,TRUE,5.3,400,300
11890,2022/10/19 15:40,131.476472,47.051783,5213136.83,460221.0806,7.852479,156.4,TRUE,5.3,400,300
11891,2022/10/19 15:40,131.476513,47.051708,5213128.471,460224.1401,6.55608,162.7,TRUE,5.3,400,300
11892,2022/10/19 15:40,131.4765463,47.0516425,5213121.173,460226.6216,7.51912,155.3,TRUE,5.3,400,300
11893,2022/10/19 15:40,131.4765632,47.05156967,5213113.068,460227.8516,7.5932,161.5,TRUE,5.3,400,300
11894,2022/10/19 15:41,131.4765875,47.05151167,5213106.607,460229.6548,0,0,FALSE,5.3,0,300
11895,2022/10/19 15:41,131.4765798,47.0515645,5213112.484,460229.109,4.64852,359.6,FALSE,5.3,0,300
11896,2022/10/19 15:41,131.4765983,47.05160267,5213116.718,460230.5431,6.1116,57.3,FALSE,5.3,0,300
11897,2022/10/19 15:41,131.4766647,47.05162583,5213119.259,460235.6055,5.31524,282.4,FALSE,5.3,0,300
11898,2022/10/19 15:41,131.4765913,47.0516505,5213122.039,460230.0468,6.81536,330,FALSE,5.3,0,300
11899,2022/10/19 15:41,131.4765753,47.05172017,5213129.793,460228.8828,7.852479,353.8,FALSE,5.3,0,300
11900,2022/10/19 15:41,131.476544,47.05178467,5213136.979,460226.5525,6.83388,352.8,TRUE,5.3,400,300
11901,2022/10/19 15:41,131.4764933,47.05184533,5213143.749,460222.7453,6.51904,350.1,TRUE,5.3,400,300
11902,2022/10/19 15:41,131.4764727,47.05190817,5213150.745,460221.2268,7.53764,354.5,TRUE,5.3,400,300
11903,2022/10/19 15:41,131.476441,47.0519825,5213159.025,460218.8735,6.74128,349.1,TRUE,5.3,400,300
11904,2022/10/19 15:41,131.4764203,47.052055,5213167.095,460217.3546,7.3154,2.1,TRUE,5.3,400,300
11905,2022/10/19 15:41,131.4763982,47.05212517,5213174.907,460215.7276,6.019,356.6,TRUE,5.3,400,300
11906,2022/10/19 15:41,131.4763923,47.05220467,5213183.748,460215.3384,6.70424,353.3,TRUE,5.3,400,300
11907,2022/10/19 15:41,131.4763768,47.05226317,5213190.26,460214.2042,6.7598,355.9,TRUE,5.3,400,300
11908,2022/10/19 15:41,131.4763465,47.05232483,5213197.13,460211.9478,6.25976,345.1,TRUE,5.3,400,300
11909,2022/10/19 15:42,131.4763253,47.05238717,5213204.071,460210.3833,6.44496,352,TRUE,5.3,400,300
11910,2022/10/19 15:42,131.4763133,47.05245017,5213211.081,460209.5184,6.53756,355,TRUE,5.3,400,300
11911,2022/10/19 15:42,131.4762892,47.05252217,5213219.098,460207.7408,6.2968,3.7,TRUE,5.3,400,300
11912,2022/10/19 15:42,131.4762768,47.052594,5213227.089,460206.8521,6.24124,4.9,TRUE,5.3,400,300
11913,2022/10/19 15:42,131.4762528,47.0526635,5213234.828,460205.0803,5.72268,359.2,TRUE,5.3,400,300
11914,2022/10/19 15:42,131.4762458,47.05272133,5213241.261,460204.5914,7.14872,358.7,TRUE,5.3,400,300
11915,2022/10/19 15:42,131.4762265,47.05279617,5213249.591,460203.1806,6.88944,0.3,TRUE,5.3,400,300
11916,2022/10/19 15:42,131.4762058,47.05287083,5213257.901,460201.6634,6.13012,354.8,TRUE,5.3,400,300
11917,2022/10/19 15:42,131.476185,47.05291683,5213263.026,460200.1172,6.35236,359.7,TRUE,5.3,400,300
11918,2022/10/19 15:42,131.4761768,47.05299,5213271.164,460199.5486,7.889521,356,TRUE,5.3,400,300
11919,2022/10/19 15:42,131.4761538,47.05306417,5213279.421,460197.8562,6.27828,1,TRUE,5.3,400,300
11920,2022/10/19 15:42,131.4761363,47.0531275,5213286.471,460196.5737,7.0376,352.8,TRUE,5.3,400,300
11921,2022/10/19 15:42,131.4760953,47.053201,5213294.663,460193.5132,5.22264,6.5,TRUE,5.3,400,300
11922,2022/10/19 15:42,131.4760878,47.05324833,5213299.928,460192.9786,3.62992,2.4,TRUE,5.3,372,300
11923,2022/10/19 15:42,131.476095,47.0532855,5213304.057,460193.5533,2.57428,10.3,TRUE,5.3,400,300
11924,2022/10/19 15:43,131.476079,47.0533285,5213308.845,460192.3696,4.87076,358.6,TRUE,5.3,400,300
11925,2022/10/19 15:43,131.4760608,47.05337817,5213314.377,460191.0237,3.74104,351.8,TRUE,5.3,400,300
11926,2022/10/19 15:43,131.4760393,47.0534155,5213318.538,460189.4179,1.72236,152.8,TRUE,5.3,400,300
11927,2022/10/19 15:43,131.4760393,47.05340333,5213317.185,460189.4089,3.66696,157.1,FALSE,5.3,0,300
11928,2022/10/19 15:43,131.4760703,47.05337333,5213313.834,460191.7419,4.8152,321.8,TRUE,5.3,142,300
11929,2022/10/19 15:43,131.4760083,47.05342083,5213319.146,460187.0665,6.25976,276.7,FALSE,5.3,0,300
11930,2022/10/19 15:43,131.4759075,47.05341717,5213318.79,460179.405,5.1856,65.6,FALSE,5.3,0,300
11931,2022/10/19 15:43,131.4759207,47.05343167,5213320.396,460180.4188,4.63,266.7,FALSE,5.3,0,300
11932,2022/10/19 15:43,131.4758347,47.05340433,5213317.4,460173.8641,1.40752,214.3,FALSE,5.3,0,300
11933,2022/10/19 15:43,131.4758252,47.05337917,5213314.608,460173.1236,5.90788,190.2,TRUE,5.3,400,300
11934,2022/10/19 15:43,131.4758227,47.0533325,5213309.421,460172.8989,3.83364,161.5,TRUE,5.3,400,300
11935,2022/10/19 15:43,131.4758147,47.0532795,5213303.533,460172.2516,5.03744,163.7,TRUE,5.3,400,300
11936,2022/10/19 15:43,131.4758145,47.05322733,5213297.733,460172.1976,5.33376,167.1,TRUE,5.3,269,300
11937,2022/10/19 15:43,131.4758293,47.05318617,5213293.149,460173.2914,3.53732,153.5,TRUE,5.3,400,300
11938,2022/10/19 15:43,131.4758412,47.05313833,5213287.825,460174.16,4.31516,165.5,TRUE,5.3,400,300
11939,2022/10/19 15:44,131.4758718,47.053087,5213282.103,460176.4468,4.48184,168.3,TRUE,5.3,399,300
11940,2022/10/19 15:44,131.4759128,47.05303783,5213276.616,460179.5253,6.22272,160.4,TRUE,5.3,369,300
11941,2022/10/19 15:44,131.4759608,47.0529805,5213270.218,460183.1297,5.90788,165.2,TRUE,5.3,383,300
11942,2022/10/19 15:44,131.4759923,47.05293417,5213265.051,460185.4886,5.093,163,TRUE,5.3,377,300
11943,2022/10/19 15:44,131.4760025,47.0528805,5213259.08,460186.2237,5.35228,174.9,TRUE,5.3,371,300
11944,2022/10/19 15:44,131.476014,47.05280033,5213250.161,460187.0378,5.40784,175.7,TRUE,5.3,400,300
11945,2022/10/19 15:44,131.4760318,47.05274167,5213243.631,460188.3466,5.20412,156.5,TRUE,5.3,400,300
11946,2022/10/19 15:44,131.4760523,47.052691,5213237.987,460189.8665,5.77824,167.1,TRUE,5.3,400,300
11947,2022/10/19 15:44,131.4760825,47.05262967,5213231.154,460192.1155,6.37088,149.3,TRUE,5.3,386,300
11948,2022/10/19 15:44,131.4761155,47.05256267,5213223.688,460194.573,0.35188,155.6,FALSE,5.3,0,300
11949,2022/10/19 15:44,131.476107,47.05258117,5213225.749,460193.941,4.55592,346.7,FALSE,5.3,0,300
11950,2022/10/19 15:44,131.4761003,47.052627,5213230.848,460193.466,4.94484,17.5,FALSE,5.3,0,300
11951,2022/10/19 15:44,131.4761737,47.0526855,5213237.314,460199.0865,5.87084,78.1,FALSE,5.3,0,300
11952,2022/10/19 15:44,131.4761687,47.0527015,5213239.095,460198.7185,3.9818,285.7,FALSE,5.3,0,300
11953,2022/10/19 15:44,131.4761525,47.0527515,5213244.662,460197.5248,5.88936,359.4,TRUE,5.3,241,300
11954,2022/10/19 15:45,131.476134,47.052799,5213249.952,460196.1545,5.13004,355.1,TRUE,5.3,350,300
11955,2022/10/19 15:45,131.4761205,47.052838,5213254.295,460195.1578,4.66704,359.5,TRUE,5.3,400,300
11956,2022/10/19 15:45,131.4761072,47.05289517,5213260.657,460194.1898,5.50044,4.1,TRUE,5.3,400,300
11957,2022/10/19 15:45,131.476087,47.05295217,5213267.004,460192.6974,4.83372,353.9,TRUE,5.3,400,300
11958,2022/10/19 15:45,131.4760775,47.05300267,5213272.623,460192.0132,5.51896,356.4,TRUE,5.3,400,300
11959,2022/10/19 15:45,131.4760695,47.05305267,5213278.186,460191.4425,4.98188,8.7,TRUE,5.3,400,300
11960,2022/10/19 15:45,131.4760577,47.05309717,5213283.139,460190.5791,5.25968,356,TRUE,5.3,400,300
11961,2022/10/19 15:45,131.4760302,47.05315883,5213290.008,460188.5355,4.94484,356.1,TRUE,5.3,400,300
11962,2022/10/19 15:45,131.4760002,47.05321233,5213295.971,460186.2959,4.42628,357.1,TRUE,5.3,400,300
11963,2022/10/19 15:45,131.4759947,47.05326933,5213302.31,460185.9204,2.57428,7,TRUE,5.3,400,300
11964,2022/10/19 15:45,131.4759822,47.0533125,5213307.116,460185.0028,4.05588,352.3,TRUE,5.3,400,300
11965,2022/10/19 15:45,131.4759752,47.0533425,5213310.455,460184.4933,4.94484,6.6,TRUE,5.3,400,300
11966,2022/10/19 15:45,131.4759727,47.05338033,5213314.662,460184.3315,0.926,3.8,TRUE,5.3,400,300
11967,2022/10/19 15:45,131.475961,47.053383,5213314.964,460183.4445,4.94484,172.4,TRUE,5.3,123,300
11968,2022/10/19 15:45,131.4759232,47.0533295,5213309.036,460180.5327,0.44448,211.8,FALSE,5.3,0,300
11969,2022/10/19 15:46,131.4759098,47.05333117,5213309.228,460179.5158,0,80.7,FALSE,5.3,0,300
11970,2022/10/19 15:46,131.4759122,47.05334433,5213310.69,460179.7079,2.74096,73.5,TRUE,5.3,216,300
11971,2022/10/19 15:46,131.475969,47.05335683,5213312.051,460184.0329,3.64844,74.4,TRUE,5.3,400,300
11972,2022/10/19 15:46,131.4760047,47.05336933,5213313.422,460186.7547,4.31516,70.5,TRUE,5.3,400,300
11973,2022/10/19 15:46,131.4760357,47.053382,5213314.815,460189.1195,1.83348,67.6,TRUE,5.3,400,300
11974,2022/10/19 15:46,131.4760705,47.05338883,5213315.557,460191.7687,3.29656,79.8,TRUE,5.3,400,300
11975,2022/10/19 15:46,131.4761027,47.05340767,5213317.635,460194.2292,2.72244,74.3,TRUE,5.3,373,300
11976,2022/10/19 15:46,131.4761428,47.05341167,5213318.059,460197.279,2.9632,70.7,TRUE,5.3,400,300
11977,2022/10/19 15:46,131.4761842,47.05341833,5213318.779,460200.4295,2.4076,48,TRUE,5.3,400,300
11978,2022/10/19 15:46,131.4762367,47.05343967,5213321.124,460204.4344,3.68548,67.2,TRUE,5.3,400,300
11979,2022/10/19 15:46,131.4762743,47.053448,5213322.031,460207.2974,3.09284,62.4,TRUE,5.3,400,300
11980,2022/10/19 15:46,131.4763098,47.05345567,5213322.866,460210.0004,2.72244,56.3,TRUE,5.3,400,300
11981,2022/10/19 15:46,131.4763388,47.0534655,5213323.944,460212.2111,2.18536,88.5,TRUE,5.3,400,300
11982,2022/10/19 15:46,131.4763653,47.05347517,5213325.005,460214.2318,3.25952,76.4,TRUE,5.3,265,300
11983,2022/10/19 15:46,131.4764103,47.0534915,5213326.798,460217.663,2.90764,71.4,TRUE,5.3,400,300
11984,2022/10/19 15:47,131.4764428,47.05349933,5213327.652,460220.1382,2.79652,77.1,TRUE,5.3,400,300
11985,2022/10/19 15:47,131.4764767,47.05350867,5213328.673,460222.7208,2.1298,77.1,TRUE,5.3,400,300
11986,2022/10/19 15:47,131.4765072,47.05351667,5213329.547,460225.0442,3.75956,74.1,TRUE,5.3,226,300
11987,2022/10/19 15:47,131.4765313,47.0535325,5213331.295,460226.8871,4.03736,72.5,TRUE,5.3,400,300
11988,2022/10/19 15:47,131.4765603,47.05355083,5213333.318,460229.1041,3.75956,73.1,TRUE,5.3,400,300
11989,2022/10/19 15:47,131.4766143,47.05356283,5213334.624,460233.2159,2.48168,68.6,TRUE,5.3,400,300
11990,2022/10/19 15:47,131.4766663,47.0535725,5213335.673,460237.1741,3.40768,72.6,TRUE,5.3,373,300
11991,2022/10/19 15:47,131.4766963,47.053587,5213337.27,460239.4642,2.5002,69.7,TRUE,5.3,400,300
11992,2022/10/19 15:47,131.4767192,47.0535965,5213338.314,460241.2112,2.75948,69.4,TRUE,5.3,394,300
11993,2022/10/19 15:47,131.4767425,47.05361233,5213340.062,460242.9933,3.92624,76.8,TRUE,5.3,400,300
11994,2022/10/19 15:47,131.4767818,47.05362367,5213341.303,460245.9877,2.44464,81.4,TRUE,5.3,398,300
11995,2022/10/19 15:47,131.4768297,47.05363867,5213342.946,460249.6383,2.90764,71.1,TRUE,5.3,400,300
11996,2022/10/19 15:47,131.4768793,47.05364933,5213344.106,460253.4148,1.59272,98.5,TRUE,5.3,400,300
11997,2022/10/19 15:47,131.4768888,47.053652,5213344.398,460254.1386,1.74088,71,TRUE,5.3,301,300
11998,2022/10/19 15:47,131.4769262,47.05365983,5213345.249,460256.9861,2.51872,72.6,TRUE,5.3,365,300
11999,2022/10/19 15:48,131.4769682,47.05367833,5213347.285,460260.191,2.5002,83.8,TRUE,5.3,374,300
12000,2022/10/19 15:48,131.4770032,47.05368783,5213348.323,460262.8573,3.00024,58,TRUE,5.3,400,300
12001,2022/10/19 15:48,131.4770495,47.05370683,5213350.412,460266.3893,3.50028,77,TRUE,5.3,264,300
12002,2022/10/19 15:48,131.477081,47.05371933,5213351.786,460268.7919,3.18544,57.1,TRUE,5.3,368,300
12003,2022/10/19 15:48,131.4771272,47.05373583,5213353.596,460272.3144,2.94468,69.5,TRUE,5.3,400,300
12004,2022/10/19 15:48,131.4771637,47.0537475,5213354.875,460275.0963,2.42612,79.1,TRUE,5.3,362,300
12005,2022/10/19 15:48,131.4772043,47.05374983,5213355.114,460278.1828,3.03728,76.6,TRUE,5.3,347,300
12006,2022/10/19 15:48,131.4772482,47.05376433,5213356.703,460281.5291,3.64844,73.6,TRUE,5.3,352,300
12007,2022/10/19 15:48,131.4772902,47.053781,5213358.535,460284.7326,3.03728,50.4,TRUE,5.3,269,300
12008,2022/10/19 15:48,131.4773303,47.05379367,5213359.924,460287.7888,3.9818,72.2,TRUE,5.3,270,300
12009,2022/10/19 15:48,131.4773575,47.05380133,5213360.761,460289.8611,2.81504,59.2,TRUE,5.3,356,300
12010,2022/10/19 15:48,131.4774,47.05381883,5213362.685,460293.1032,3.59288,74.1,TRUE,5.3,357,300
12011,2022/10/19 15:48,131.4774373,47.0538285,5213363.741,460295.9444,3.44472,61,TRUE,5.3,347,300
12012,2022/10/19 15:48,131.4774778,47.05384133,5213365.147,460299.0311,3.66696,65.5,TRUE,5.3,347,300
12013,2022/10/19 15:48,131.4775088,47.053852,5213366.318,460301.3944,2.24092,70.7,TRUE,5.3,400,300
12014,2022/10/19 15:49,131.4775413,47.05386017,5213367.209,460303.8698,3.07432,67.4,TRUE,5.3,400,300
12015,2022/10/19 15:49,131.4775992,47.0538765,5213368.995,460308.2811,3.35212,61.3,TRUE,5.3,400,300
12016,2022/10/19 15:49,131.4776522,47.05389217,5213370.711,460312.3196,4.09292,55,TRUE,5.3,149,300
12017,2022/10/19 15:49,131.4776713,47.053911,5213372.794,460313.7848,3.9818,25.3,FALSE,5.3,0,300
12018,2022/10/19 15:49,131.4776627,47.0539375,5213375.745,460313.151,0.81488,353.1,FALSE,5.3,0,300
12019,2022/10/19 15:49,131.4776607,47.05393817,5213375.82,460312.9996,0,0,FALSE,5.3,0,300
12020,2022/10/19 15:49,131.4776572,47.0539415,5213376.192,460312.7361,0,0,FALSE,5.3,0,300
12021,2022/10/19 15:49,131.4776527,47.05394467,5213376.547,460312.3966,0,0,FALSE,5.3,0,300
12022,2022/10/19 15:49,131.4776497,47.05394533,5213376.622,460312.1691,0,0,FALSE,5.3,0,300
12023,2022/10/19 15:49,131.477647,47.05394517,5213376.605,460311.9639,0,0,FALSE,5.3,0,300
12024,2022/10/19 15:49,131.4776445,47.05394367,5213376.44,460311.7728,0,0,FALSE,5.3,0,300
12025,2022/10/19 15:49,131.4776438,47.05394283,5213376.347,460311.719,0,0,FALSE,5.3,0,300
12026,2022/10/19 15:49,131.4776433,47.05394233,5213376.292,460311.6806,0,0,FALSE,5.3,0,300
12027,2022/10/19 15:49,131.4776428,47.05394117,5213376.163,460311.6418,0,0,FALSE,5.3,0,300
12028,2022/10/19 15:49,131.4776425,47.05394083,5213376.125,460311.6187,0,0,FALSE,5.3,0,300
12029,2022/10/19 15:50,131.4776422,47.05394,5213376.033,460311.5953,0,0,FALSE,5.3,0,300
12030,2022/10/19 15:50,131.4776418,47.05393983,5213376.014,460311.5648,0,0,FALSE,5.3,0,300
12031,2022/10/19 15:50,131.4776423,47.05393967,5213375.996,460311.6027,0,0,FALSE,5.3,0,300
12032,2022/10/19 15:50,131.477642,47.05393933,5213375.959,460311.5796,0,0,FALSE,5.3,0,300
12033,2022/10/19 15:50,131.4776418,47.05393933,5213375.959,460311.5644,0,0,FALSE,5.3,0,300
12034,2022/10/19 15:50,131.4776413,47.05393983,5213376.015,460311.5268,0,0,FALSE,5.3,0,300
12035,2022/10/19 15:50,131.4776407,47.05394,5213376.034,460311.4814,0,0,FALSE,5.3,0,300
12036,2022/10/19 15:50,131.4776405,47.05393983,5213376.015,460311.466,0,0,FALSE,5.3,0,300
12037,2022/10/19 15:50,131.4776403,47.0539395,5213375.978,460311.4506,0,0,FALSE,5.3,0,300
12038,2022/10/19 15:50,131.4776403,47.05393933,5213375.96,460311.4505,0,0,FALSE,5.3,0,300
12039,2022/10/19 15:50,131.4776405,47.05393917,5213375.942,460311.4655,0,0,FALSE,5.3,0,300
12040,2022/10/19 15:50,131.4776405,47.05393933,5213375.959,460311.4657,0,0,FALSE,5.3,0,300
12041,2022/10/19 15:50,131.4776408,47.05393917,5213375.942,460311.4883,0,0,FALSE,5.3,0,300
12042,2022/10/19 15:50,131.4776415,47.0539395,5213375.978,460311.5418,0,0,FALSE,5.3,0,300
12043,2022/10/19 15:50,131.4776423,47.0539395,5213375.977,460311.6026,0,0,FALSE,5.3,0,300
12044,2022/10/19 15:51,131.4776428,47.05393983,5213376.014,460311.6408,0,0,FALSE,5.3,0,300
12045,2022/10/19 15:51,131.4776432,47.05394017,5213376.051,460311.6714,0,0,FALSE,5.3,0,300
12046,2022/10/19 15:51,131.4776433,47.0539405,5213376.088,460311.6793,0,0,FALSE,5.3,0,300
12047,2022/10/19 15:51,131.4776437,47.05394083,5213376.125,460311.7099,0,0,FALSE,5.3,0,300
12048,2022/10/19 15:51,131.4776438,47.05394133,5213376.18,460311.7179,0,0,FALSE,5.3,0,300
12049,2022/10/19 15:51,131.4776438,47.05394217,5213376.274,460311.7185,0,0,FALSE,5.3,0,300
12050,2022/10/19 15:51,131.4776442,47.05394267,5213376.329,460311.7493,0,0,FALSE,5.3,0,300
12051,2022/10/19 15:51,131.4776445,47.053943,5213376.365,460311.7723,0,0,FALSE,5.3,0,300
12052,2022/10/19 15:51,131.4776448,47.05394317,5213376.384,460311.7952,0,0,FALSE,5.3,0,300
12053,2022/10/19 15:51,131.4776452,47.0539435,5213376.421,460311.8259,0,0,FALSE,5.3,0,300
12054,2022/10/19 15:51,131.4776453,47.05394383,5213376.457,460311.8337,0,0,FALSE,5.3,0,300
12055,2022/10/19 15:51,131.4776457,47.05394433,5213376.513,460311.8645,0,0,FALSE,5.3,0,300
12056,2022/10/19 15:51,131.4776458,47.0539445,5213376.532,460311.8722,0,0,FALSE,5.3,0,300
12057,2022/10/19 15:51,131.477646,47.05394483,5213376.568,460311.8876,0,0,FALSE,5.3,0,300
12058,2022/10/19 15:51,131.4776463,47.053945,5213376.587,460311.9106,0,0,FALSE,5.3,0,300
12059,2022/10/19 15:52,131.4776467,47.053945,5213376.587,460311.9409,0,0,FALSE,5.3,0,300
12060,2022/10/19 15:52,131.477647,47.053945,5213376.586,460311.9637,0,0,FALSE,5.3,0,300
12061,2022/10/19 15:52,131.4776473,47.05394533,5213376.623,460311.9868,0,0,FALSE,5.3,0,300
12062,2022/10/19 15:52,131.4776477,47.05394517,5213376.605,460312.017,0,0,FALSE,5.3,0,300
12063,2022/10/19 15:52,131.4776602,47.05392017,5213373.819,460312.9482,2.48168,168.6,FALSE,5.3,0,300
12064,2022/10/19 15:52,131.4776752,47.05388183,5213369.549,460314.0595,0.53708,167.4,FALSE,5.3,0,300
12065,2022/10/19 15:52,131.4776802,47.05387783,5213369.102,460314.4364,0,0,FALSE,5.3,0,300
12066,2022/10/19 15:52,131.4776787,47.05387917,5213369.252,460314.3234,0,0,FALSE,5.3,0,300
12067,2022/10/19 15:52,131.4776785,47.05388233,5213369.603,460314.3106,0,0,FALSE,5.3,0,300
12068,2022/10/19 16:05,131.4773293,47.0538155,5213362.351,460287.729,0,0,FALSE,5.3,0,300
12069,2022/10/19 16:05,131.4773425,47.0538155,5213362.344,460288.7319,0,0,FALSE,5.3,0,300
12070,2022/10/19 16:05,131.4773382,47.05382567,5213363.477,460288.4128,0,77.1,FALSE,5.3,0,300
12071,2022/10/19 16:05,131.4773093,47.0537985,5213360.471,460286.1968,3.25952,174.7,FALSE,5.3,0,300
12072,2022/10/19 16:05,131.4772898,47.05375033,5213355.126,460284.6794,2.07424,187.7,FALSE,5.3,0,300
12073,2022/10/19 16:05,131.4772837,47.0537485,5213354.926,460284.2146,1.42604,144.1,TRUE,5.3,400,300
12074,2022/10/19 16:06,131.4772883,47.05375067,5213355.164,460284.5657,3.3336,161.5,TRUE,5.3,394,300
12075,2022/10/19 16:06,131.4773022,47.05372083,5213351.84,460285.5997,3.07432,157.9,TRUE,5.3,400,300
12076,2022/10/19 16:06,131.4772913,47.053676,5213346.862,460284.7382,3.4262,170.3,TRUE,5.3,394,300
12077,2022/10/19 16:06,131.477279,47.05366067,5213345.164,460283.7923,0,0,FALSE,5.3,0,300
12078,2022/10/19 16:06,131.4772702,47.05365583,5213344.63,460283.1201,0,0,FALSE,5.3,0,300
12079,2022/10/19 16:06,131.4772698,47.0536545,5213344.482,460283.0887,2.92616,178.3,TRUE,5.3,398,300
12080,2022/10/19 16:06,131.4772702,47.05364467,5213343.389,460283.1118,0,0,FALSE,5.3,0,300
12081,2022/10/19 16:06,131.477274,47.05365033,5213344.017,460283.4047,0,0,FALSE,5.3,0,300
12082,2022/10/19 16:06,131.4772765,47.05363433,5213342.237,460283.5828,3.20396,184.5,TRUE,5.3,400,300
12083,2022/10/19 16:06,131.4772893,47.053595,5213337.858,460284.5261,3.48176,176.5,TRUE,5.3,400,300
12084,2022/10/19 16:06,131.4773125,47.053559,5213333.844,460286.2621,4.0744,167.8,TRUE,5.3,400,300
12085,2022/10/19 16:06,131.477325,47.0535105,5213328.446,460287.1759,4.59296,177.2,TRUE,5.3,400,300
12086,2022/10/19 16:06,131.4773365,47.05346667,5213323.567,460288.0171,5.79676,171.4,TRUE,5.3,400,300
12087,2022/10/19 16:06,131.4773613,47.05341633,5213317.958,460289.864,5.35228,168.9,TRUE,5.3,400,300
12088,2022/10/19 16:06,131.4773827,47.05337967,5213313.872,460291.4628,4.64852,175.4,TRUE,5.3,400,300
12089,2022/10/19 16:07,131.4774003,47.0533065,5213305.729,460292.7457,6.5746,173.5,TRUE,5.3,400,300
12090,2022/10/19 16:07,131.4774128,47.05323783,5213298.088,460293.6445,6.59312,175.3,TRUE,5.3,400,300
12091,2022/10/19 16:07,131.4774272,47.05317433,5213291.021,460294.6915,6.31532,176.4,TRUE,5.3,400,300
12092,2022/10/19 16:07,131.4774328,47.05311017,5213283.886,460295.0694,6.05604,176.7,TRUE,5.3,400,300
12093,2022/10/19 16:07,131.4774458,47.053043,5213276.412,460296.0073,6.2042,173.1,TRUE,5.3,400,300
12094,2022/10/19 16:07,131.4774612,47.05297783,5213269.159,460297.129,6.03752,172.2,TRUE,5.3,400,300
12095,2022/10/19 16:07,131.4774707,47.0529245,5213263.225,460297.8112,6.05604,172.2,TRUE,5.3,375,300
12096,2022/10/19 16:07,131.4774892,47.05287017,5213257.176,460299.1766,6.40792,173.7,TRUE,5.3,373,300
12097,2022/10/19 16:07,131.4775027,47.05280533,5213249.961,460300.1542,5.72268,171.4,TRUE,5.3,361,300
12098,2022/10/19 16:07,131.4775163,47.05274283,5213243.006,460301.1411,5.31524,175,TRUE,5.3,400,300
12099,2022/10/19 16:07,131.4775322,47.05267817,5213235.809,460302.3012,5.29672,175.6,TRUE,5.3,374,300
12100,2022/10/19 16:07,131.4775532,47.05261633,5213228.924,460303.851,5.85232,172.1,TRUE,5.3,400,300
12101,2022/10/19 16:07,131.4775588,47.05255733,5213222.362,460304.2327,5.87084,182.5,TRUE,5.3,400,300
12102,2022/10/19 16:07,131.477579,47.0525025,5213216.256,460305.7268,6.25976,174.5,TRUE,5.3,400,300
12103,2022/10/19 16:07,131.4775977,47.0524405,5213209.354,460307.1017,6.37088,179,TRUE,5.3,400,300
12104,2022/10/19 16:08,131.4776113,47.05237767,5213202.362,460308.0884,6.00048,178.3,TRUE,5.3,400,300
12105,2022/10/19 16:08,131.4776338,47.05231067,5213194.902,460309.7483,6.59312,176.5,TRUE,5.3,400,300
12106,2022/10/19 16:08,131.4776492,47.05224833,5213187.964,460310.8721,6.7598,176.1,TRUE,5.3,400,300
12107,2022/10/19 16:08,131.477648,47.0521865,5213181.091,460310.7351,5.75972,172.5,TRUE,5.3,400,300
12108,2022/10/19 16:08,131.4776655,47.05213583,5213175.449,460312.0272,4.94484,178.3,TRUE,5.3,400,300
12109,2022/10/19 16:08,131.4776715,47.052069,5213168.016,460312.4335,5.4634,172.8,TRUE,5.3,400,300
12110,2022/10/19 16:08,131.4776777,47.05200683,5213161.102,460312.8584,5.16708,172.6,TRUE,5.3,400,300
12111,2022/10/19 16:08,131.4777027,47.05194783,5213154.53,460314.7142,4.9078,165,TRUE,5.3,400,300
12112,2022/10/19 16:08,131.4777348,47.05188583,5213147.621,460317.1073,6.81536,171.1,TRUE,5.3,400,300
12113,2022/10/19 16:08,131.4777468,47.05181967,5213140.26,460317.97,7.0376,176.3,TRUE,5.3,400,300
12114,2022/10/19 16:08,131.47776,47.05175567,5213133.138,460318.9255,6.98204,167.6,TRUE,5.3,400,300
12115,2022/10/19 16:08,131.4777618,47.05168433,5213125.206,460319.0093,6.96352,171.2,TRUE,5.3,400,300
12116,2022/10/19 16:08,131.477784,47.05162567,5213118.674,460320.6526,6.3894,175.2,TRUE,5.3,400,300
12117,2022/10/19 16:08,131.4778028,47.05155467,5213110.771,460322.0284,7.05612,168.1,TRUE,5.3,400,300
12118,2022/10/19 16:08,131.4778342,47.051483,5213102.787,460324.3611,7.42652,169.4,TRUE,5.3,400,300
12119,2022/10/19 16:09,131.4778492,47.05140667,5213094.294,460325.4443,6.50052,171.9,TRUE,5.3,400,300
12120,2022/10/19 16:09,131.4778792,47.05133867,5213086.719,460327.6733,7.92656,165.2,TRUE,5.3,400,300
12121,2022/10/19 16:09,131.4779052,47.05126883,5213078.942,460329.5971,6.83388,173.2,TRUE,5.3,400,300
12122,2022/10/19 16:09,131.4779177,47.05120367,5213071.691,460330.4986,5.8338,163.9,TRUE,5.3,400,300
12123,2022/10/19 16:09,131.4779308,47.05113967,5213064.57,460331.4465,4.66704,167.8,TRUE,5.3,400,300
12124,2022/10/19 16:09,131.4779215,47.05108083,5213058.033,460330.6962,7.00056,173.6,TRUE,5.3,400,300
12125,2022/10/19 16:09,131.4779397,47.05102117,5213051.391,460332.0349,6.98204,162.5,TRUE,5.3,400,300
12126,2022/10/19 16:09,131.4779618,47.050958,5213044.358,460333.6673,5.14856,165.1,TRUE,5.3,400,300
12127,2022/10/19 16:09,131.477987,47.05089967,5213037.86,460335.5388,5.94492,167.5,TRUE,5.3,400,300
12128,2022/10/19 16:09,131.4780157,47.0508415,5213031.379,460337.6764,5.48192,176.2,TRUE,5.3,400,300
12129,2022/10/19 16:09,131.478032,47.0507825,5213024.811,460338.8712,5.72268,172.8,TRUE,5.3,400,300
12130,2022/10/19 16:09,131.4780518,47.0507245,5213018.353,460340.3327,5.68564,170.1,TRUE,5.3,400,300
12131,2022/10/19 16:09,131.4780395,47.050654,5213010.522,460339.3458,4.77816,173.5,TRUE,5.3,400,300
12132,2022/10/19 16:09,131.4780562,47.05059517,5213003.973,460340.5711,5.94492,178.2,TRUE,5.3,400,300
12133,2022/10/19 16:09,131.4780623,47.05053983,5212997.818,460340.9936,5.61156,172.5,TRUE,5.3,400,300
12134,2022/10/19 16:10,131.4780733,47.050488,5212992.05,460341.791,5.07448,170.4,TRUE,5.3,400,300
12135,2022/10/19 16:10,131.4780832,47.0504325,5212985.875,460342.5021,3.96328,167.9,TRUE,5.3,395,300
12136,2022/10/19 16:10,131.4780958,47.05037983,5212980.014,460343.4205,5.24116,172.8,TRUE,5.3,400,300
12137,2022/10/19 16:10,131.4781082,47.05032933,5212974.393,460344.3253,6.1116,172.9,TRUE,5.3,400,300
12138,2022/10/19 16:10,131.4781308,47.05027717,5212968.583,460346.0038,5.14856,163.1,TRUE,5.3,400,300
12139,2022/10/19 16:10,131.4781572,47.0502265,5212962.937,460347.9723,5.556,168.7,TRUE,5.3,400,300
12140,2022/10/19 16:10,131.4781783,47.05017317,5212956.997,460349.536,4.98188,161.2,TRUE,5.3,400,300
12141,2022/10/19 16:10,131.4781845,47.050114,5212950.416,460349.9633,6.2042,168.4,TRUE,5.3,375,300
12142,2022/10/19 16:10,131.4782053,47.05005717,5212944.088,460351.5016,5.87084,170.8,TRUE,5.3,400,300
12143,2022/10/19 16:10,131.4782332,47.05000233,5212937.977,460353.581,5.48192,168.2,TRUE,5.3,400,300
12144,2022/10/19 16:10,131.4782602,47.04994833,5212931.96,460355.5926,5.94492,168.8,TRUE,5.3,400,300
12145,2022/10/19 16:10,131.4782878,47.04988633,5212925.053,460357.6438,5.87084,160.8,TRUE,5.3,400,300
12146,2022/10/19 16:10,131.4783152,47.04982617,5212918.351,460359.6812,5.2782,171.6,TRUE,5.3,400,300
12147,2022/10/19 16:10,131.4783147,47.04976883,5212911.977,460359.6007,5.42636,173.9,TRUE,5.3,400,300
12148,2022/10/19 16:10,131.4783247,47.0497015,5212904.487,460360.3107,6.019,171.4,TRUE,5.3,400,300
12149,2022/10/19 16:11,131.4783325,47.049641,5212897.757,460360.8586,5.44488,167.8,TRUE,5.3,400,300
12150,2022/10/19 16:11,131.4783423,47.04957867,5212890.823,460361.557,6.55608,168.9,TRUE,5.3,400,300
12151,2022/10/19 16:11,131.4783385,47.049513,5212883.524,460361.2196,5.03744,167.6,TRUE,5.3,400,300
12152,2022/10/19 16:11,131.478359,47.04945933,5212877.547,460362.7376,5.35228,161.4,TRUE,5.3,400,300
12153,2022/10/19 16:11,131.4783622,47.04940217,5212871.191,460362.9384,5.38932,162.8,TRUE,5.3,400,300
12154,2022/10/19 16:11,131.478392,47.049354,5212865.821,460365.1671,6.07456,165.6,TRUE,5.3,400,300
12155,2022/10/19 16:11,131.4784108,47.04929933,5212859.733,460366.5551,5.90788,169.2,TRUE,5.3,400,300
12156,2022/10/19 16:11,131.4784387,47.04924417,5212853.587,460368.6343,5.6486,176.9,TRUE,5.3,400,300
12157,2022/10/19 16:11,131.4784743,47.0491865,5212847.158,460371.2966,5.4634,171.8,TRUE,5.3,400,300
12158,2022/10/19 16:11,131.4785015,47.04913067,5212840.937,460373.3221,4.8152,162.4,TRUE,5.3,400,300
12159,2022/10/19 16:11,131.478499,47.04907167,5212834.379,460373.0884,5.01892,169.5,TRUE,5.3,400,300
12160,2022/10/19 16:11,131.4785065,47.04901367,5212827.928,460373.6154,5.57452,171.2,TRUE,5.3,400,300
12161,2022/10/19 16:11,131.4785218,47.04895567,5212821.472,460374.735,6.09308,177.1,TRUE,5.3,400,300
12162,2022/10/19 16:11,131.4785448,47.04890583,5212815.919,460376.4458,4.75964,173.2,TRUE,5.3,400,300
12163,2022/10/19 16:11,131.4785777,47.04885783,5212810.567,460378.9102,5.50044,168.5,TRUE,5.3,400,300
12164,2022/10/19 16:12,131.4785942,47.04880217,5212804.37,460380.1228,5.556,171.8,TRUE,5.3,400,300
12165,2022/10/19 16:12,131.4786133,47.04874717,5212798.246,460381.5334,5.77824,173.1,TRUE,5.3,400,300
12166,2022/10/19 16:12,131.4786352,47.04869617,5212792.565,460383.1597,5.48192,169,TRUE,5.3,400,300
12167,2022/10/19 16:12,131.4786685,47.048643,5212786.638,460385.6507,5.38932,167.7,TRUE,5.3,400,300
12168,2022/10/19 16:12,131.4786962,47.04858583,5212780.268,460387.7132,5.51896,165.8,TRUE,5.3,400,300
12169,2022/10/19 16:12,131.478712,47.048526,5212773.609,460388.8695,5.14856,166.3,TRUE,5.3,400,300
12170,2022/10/19 16:12,131.4787072,47.0484635,5212766.663,460388.4585,6.35236,175.6,TRUE,5.3,400,300
12171,2022/10/19 16:12,131.4787095,47.04840567,5212760.233,460388.5904,4.92632,180.9,TRUE,5.3,400,300
12172,2022/10/19 16:12,131.4787158,47.04834833,5212753.855,460389.0267,4.63,172.3,TRUE,5.3,400,300
12173,2022/10/19 16:12,131.4787363,47.04829633,5212748.064,460390.546,5.01892,174.9,TRUE,5.3,400,300
12174,2022/10/19 16:12,131.4787667,47.048237,5212741.452,460392.812,5.16708,171.4,TRUE,5.3,400,300
12175,2022/10/19 16:12,131.4787838,47.04817483,5212734.532,460394.0654,6.07456,168.7,TRUE,5.3,400,300
12176,2022/10/19 16:12,131.4788048,47.04810483,5212726.74,460395.6093,6.77832,168.7,TRUE,5.3,400,300
12177,2022/10/19 16:12,131.4788262,47.04803033,5212718.446,460397.1803,6.09308,169.1,TRUE,5.3,400,300
12178,2022/10/19 16:12,131.4788457,47.047963,5212710.951,460398.6122,6.72276,172,TRUE,5.3,400,300
12179,2022/10/19 16:13,131.4788612,47.047897,5212703.606,460399.7412,5.8338,179.4,TRUE,5.3,400,300
12180,2022/10/19 16:13,131.4788793,47.04783033,5212696.185,460401.0672,5.88936,167.4,TRUE,5.3,400,300
12181,2022/10/19 16:13,131.4788922,47.04776583,5212689.008,460401.9998,6.35236,174.4,TRUE,5.3,400,300
12182,2022/10/19 16:13,131.4789068,47.047702,5212681.905,460403.0619,6.03752,170.7,TRUE,5.3,400,300
12183,2022/10/19 16:13,131.4788972,47.047638,5212674.795,460402.2851,5.20412,171.7,TRUE,5.3,400,300
12184,2022/10/19 16:13,131.478908,47.047577,5212668.008,460403.0606,5.16708,168.6,TRUE,5.3,400,300
12185,2022/10/19 16:13,131.4789227,47.047523,5212661.997,460404.1377,5.96344,157.4,TRUE,5.3,400,300
12186,2022/10/19 16:13,131.4789493,47.0474725,5212656.369,460406.1216,4.79668,164.2,TRUE,5.3,400,300
12187,2022/10/19 16:13,131.478982,47.0474195,5212650.461,460408.5672,4.88928,172.2,TRUE,5.3,400,300
12188,2022/10/19 16:13,131.4789972,47.047371,5212645.061,460409.6863,4.8152,174.2,TRUE,5.3,400,300
12189,2022/10/19 16:13,131.4790097,47.04731333,5212638.644,460410.5935,5.29672,169.8,TRUE,5.3,400,300
12190,2022/10/19 16:13,131.4790275,47.04725133,5212631.742,460411.9003,6.13012,178.8,TRUE,5.3,400,300
12191,2022/10/19 16:13,131.4790355,47.04719183,5212625.123,460412.4641,5.61156,171.6,TRUE,5.3,400,300
12192,2022/10/19 16:13,131.4790627,47.04713967,5212619.311,460414.4925,6.6672,172.8,TRUE,5.3,400,300
12193,2022/10/19 16:13,131.4790815,47.04708183,5212612.871,460415.8783,6.14864,170.1,TRUE,5.3,400,300
12194,2022/10/19 16:14,131.479083,47.04701633,5212605.589,460415.9438,6.50052,171.4,TRUE,5.3,400,300
12195,2022/10/19 16:14,131.4790907,47.04693917,5212597.007,460416.4718,7.55616,177.9,TRUE,5.3,400,300
12196,2022/10/19 16:14,131.4791138,47.0468775,5212590.139,460418.1815,4.94484,176.9,TRUE,5.3,400,300
12197,2022/10/19 16:14,131.479139,47.0468215,5212583.901,460420.055,5.90788,173,TRUE,5.3,400,300
12198,2022/10/19 16:14,131.479157,47.046762,5212577.277,460421.3788,5.79676,173.4,TRUE,5.3,400,300
12199,2022/10/19 16:14,131.4791627,47.04670833,5212571.308,460421.7723,5.66712,175.4,TRUE,5.3,400,300
12200,2022/10/19 16:14,131.4791748,47.0466555,5212565.428,460422.6527,6.019,168.4,TRUE,5.3,400,300
12201,2022/10/19 16:14,131.4791872,47.04658733,5212557.843,460423.5445,6.7598,178.7,TRUE,5.3,400,300
12202,2022/10/19 16:14,131.4791937,47.0465225,5212550.633,460423.9905,5.53748,172.3,TRUE,5.3,400,300
12203,2022/10/19 16:14,131.4791993,47.04646633,5212544.386,460424.3745,5.29672,174.2,TRUE,5.3,400,300
12204,2022/10/19 16:14,131.479219,47.04641183,5212538.317,460425.8312,5.88936,173.6,TRUE,5.3,400,300
12205,2022/10/19 16:14,131.4792358,47.046354,5212531.879,460427.0651,6.16716,178.6,TRUE,5.3,400,300
12206,2022/10/19 16:14,131.4792275,47.0462875,5212524.491,460426.3852,3.64844,171.6,TRUE,5.3,351,300
12207,2022/10/19 16:14,131.4792513,47.04624217,5212519.439,460428.1602,3.6114,166.6,TRUE,5.3,400,300
12208,2022/10/19 16:14,131.4792622,47.04620683,5212515.505,460428.9624,4.18552,203.9,FALSE,5.3,0,300
12209,2022/10/19 16:15,131.4792157,47.04619367,5212514.065,460425.4191,5.1856,262.4,FALSE,5.3,0,300
12210,2022/10/19 16:15,131.4791538,47.04621,5212515.912,460420.7274,4.77816,289.3,FALSE,5.3,0,300
12211,2022/10/19 16:15,131.4790907,47.046241,5212519.39,460415.9553,4.85224,321.9,FALSE,5.3,0,300
12212,2022/10/19 16:15,131.4790998,47.04626,5212521.498,460416.6609,2.81504,9.6,TRUE,5.3,383,300
12213,2022/10/19 16:15,131.4791018,47.04627067,5212522.683,460416.8208,4.63,4.7,TRUE,5.3,364,300
12214,2022/10/19 16:15,131.4790918,47.04630483,5212526.486,460416.0861,4.27812,356.5,TRUE,5.3,400,300
12215,2022/10/19 16:15,131.4791028,47.04635917,5212532.521,460416.9622,4.63,1,TRUE,5.3,400,300
12216,2022/10/19 16:15,131.479095,47.04641617,5212538.862,460416.4117,5.33376,358.2,TRUE,5.3,400,300
12217,2022/10/19 16:15,131.4790887,47.04646783,5212544.608,460415.9711,6.25976,352.6,TRUE,5.3,400,300
12218,2022/10/19 16:15,131.4790722,47.04652183,5212550.62,460414.7573,5.77824,357.8,TRUE,5.3,400,300
12219,2022/10/19 16:15,131.479051,47.04658933,5212558.135,460413.1962,6.22272,355.4,TRUE,5.3,400,300
12220,2022/10/19 16:15,131.4790278,47.04666167,5212566.189,460411.4868,6.44496,354.4,TRUE,5.3,400,300
12221,2022/10/19 16:15,131.4790112,47.04672817,5212573.59,460410.2746,6.05604,356.4,TRUE,5.3,400,300
12222,2022/10/19 16:15,131.4789882,47.04679517,5212581.05,460408.5764,6.07456,353.9,TRUE,5.3,400,300
12223,2022/10/19 16:15,131.4789715,47.04686533,5212588.858,460407.3593,6.92648,356.4,TRUE,5.3,400,300
12224,2022/10/19 16:16,131.4789693,47.04692783,5212595.808,460407.2383,6.8524,353.4,TRUE,5.3,400,300
12225,2022/10/19 16:16,131.4789537,47.046991,5212602.838,460406.0997,5.94492,356,TRUE,5.3,400,300
12226,2022/10/19 16:16,131.4789278,47.047047,5212609.077,460404.173,6.00048,355.5,TRUE,5.3,400,300
12227,2022/10/19 16:16,131.4789147,47.04710667,5212615.717,460403.2217,5.75972,358.1,TRUE,5.3,400,300
12228,2022/10/19 16:16,131.4789017,47.04716567,5212622.283,460402.2775,5.093,353.9,TRUE,5.3,390,300
12229,2022/10/19 16:16,131.4788892,47.04722333,5212628.699,460401.3703,6.64868,357.5,TRUE,5.3,400,300
12230,2022/10/19 16:16,131.4788768,47.04728933,5212636.043,460400.4769,6.482,357.1,TRUE,5.3,400,300
12231,2022/10/19 16:16,131.4788545,47.04735333,5212643.169,460398.8297,5.556,357.5,TRUE,5.3,363,300
12232,2022/10/19 16:16,131.4788347,47.04740767,5212649.22,460397.3654,7.18576,352.2,TRUE,5.3,400,300
12233,2022/10/19 16:16,131.4788047,47.0474695,5212656.109,460395.1315,6.59312,352.4,TRUE,5.3,398,300
12234,2022/10/19 16:16,131.4787878,47.04751833,5212661.546,460393.8834,4.8152,359.6,TRUE,5.3,400,300
12235,2022/10/19 16:16,131.4787725,47.047567,5212666.965,460392.7568,4.59296,356.9,TRUE,5.3,400,300
12236,2022/10/19 16:16,131.4787627,47.04762217,5212673.103,460392.053,5.25968,357.3,TRUE,5.3,400,300
12237,2022/10/19 16:16,131.4787542,47.04767167,5212678.61,460391.4437,5.14856,353.2,TRUE,5.3,400,300
12238,2022/10/19 16:16,131.4787415,47.04772433,5212684.471,460390.5176,5.38932,358.7,TRUE,5.3,400,300
12239,2022/10/19 16:17,131.4787248,47.047778,5212690.446,460389.2884,6.2968,0,TRUE,5.3,400,300
12240,2022/10/19 16:17,131.4787063,47.047833,5212696.57,460387.9233,5.20412,356.1,TRUE,5.3,400,300
12241,2022/10/19 16:17,131.4786865,47.04788233,5212702.064,460386.4553,4.57444,355.4,TRUE,5.3,400,300
12242,2022/10/19 16:17,131.4786658,47.04793733,5212708.189,460384.9231,5.8338,350.8,TRUE,5.3,400,300
12243,2022/10/19 16:17,131.4786523,47.048,5212715.163,460383.9436,5.96344,353.1,TRUE,5.3,400,300
12244,2022/10/19 16:17,131.478642,47.04806133,5212721.986,460383.2064,5.98196,352,TRUE,5.3,400,300
12245,2022/10/19 16:17,131.4786243,47.04811933,5212728.443,460381.9043,5.40784,354.4,TRUE,5.3,400,300
12246,2022/10/19 16:17,131.4786082,47.04818533,5212735.788,460380.7298,5.59304,351.8,TRUE,5.3,400,300
12247,2022/10/19 16:17,131.4785948,47.04825417,5212743.448,460379.7625,5.87084,352.2,TRUE,5.3,400,300
12248,2022/10/19 16:17,131.4785692,47.04831683,5212750.427,460377.8637,5.57452,354.7,TRUE,5.3,400,300
12249,2022/10/19 16:17,131.4785543,47.04836533,5212755.826,460376.7674,5.9264,356.5,TRUE,5.3,400,300
12250,2022/10/19 16:17,131.47854,47.0484205,5212761.967,460375.7216,5.35228,356.4,TRUE,5.3,400,300
12251,2022/10/19 16:17,131.4785188,47.0484815,5212768.759,460374.1559,5.40784,345.8,TRUE,5.3,400,300
12252,2022/10/19 16:17,131.4785052,47.0485405,5212775.325,460373.1662,5.88936,356.2,TRUE,5.3,400,300
12253,2022/10/19 16:17,131.4784885,47.04859917,5212781.856,460371.9406,6.33384,351.8,TRUE,5.3,400,300
12254,2022/10/19 16:18,131.4784773,47.04865617,5212788.199,460371.1318,6.16716,350.5,TRUE,5.3,400,300
12255,2022/10/19 16:18,131.4784585,47.048721,5212795.415,460369.7513,6.13012,357.1,TRUE,5.3,400,300
12256,2022/10/19 16:18,131.4784347,47.048807,5212804.988,460368.0065,6.2042,354.5,TRUE,5.3,400,300
12257,2022/10/19 16:18,131.4784195,47.04886333,5212811.258,460366.8932,6.1116,355.2,TRUE,5.3,400,300
12258,2022/10/19 16:18,131.4784072,47.04891983,5212817.546,460366.0004,6.46348,355,TRUE,5.3,400,300
12259,2022/10/19 16:18,131.4783805,47.0489905,5212825.416,460364.024,6.09308,356.6,TRUE,5.3,400,300
12260,2022/10/19 16:18,131.4783673,47.04904917,5212831.945,460363.0644,5.70416,357.7,TRUE,5.3,400,300
12261,2022/10/19 16:18,131.4783578,47.04910783,5212838.471,460362.386,5.8338,356,TRUE,5.3,400,300
12262,2022/10/19 16:18,131.4783432,47.04916533,5212844.871,460361.3192,6.09308,352.9,TRUE,5.3,400,300
12263,2022/10/19 16:18,131.4783303,47.04922517,5212851.53,460360.3833,5.9264,358.1,TRUE,5.3,400,300
12264,2022/10/19 16:18,131.478316,47.04929133,5212858.892,460359.3457,5.63008,353.3,TRUE,5.3,400,300
12265,2022/10/19 16:18,131.478293,47.04934783,5212865.185,460357.6399,6.63016,356.4,TRUE,5.3,400,300
12266,2022/10/19 16:18,131.4782852,47.0494005,5212871.044,460357.0863,5.87084,350.9,TRUE,5.3,400,300
12267,2022/10/19 16:18,131.4782648,47.04946517,5212878.244,460355.5841,5.85232,355.7,TRUE,5.3,400,300
12268,2022/10/19 16:18,131.478243,47.049526,5212885.017,460353.9727,7.09316,348.6,TRUE,5.3,400,300
12269,2022/10/19 16:19,131.4782295,47.0495875,5212891.861,460352.9924,5.11152,355.6,TRUE,5.3,400,300
12270,2022/10/19 16:19,131.4782137,47.04964,5212897.706,460351.8308,5.2782,355.1,TRUE,5.3,400,300
12271,2022/10/19 16:19,131.4782007,47.04969633,5212903.975,460350.8847,5.7412,351,TRUE,5.3,400,300
12272,2022/10/19 16:19,131.47818,47.04975633,5212910.656,460349.3563,5.20412,354.6,TRUE,5.3,400,300
12273,2022/10/19 16:19,131.4781658,47.04981467,5212917.148,460348.3205,5.42636,353.6,TRUE,5.3,400,300
12274,2022/10/19 16:19,131.4781502,47.04987583,5212923.956,460347.1805,5.70416,352.4,TRUE,5.3,400,300
12275,2022/10/19 16:19,131.4781425,47.04993233,5212930.241,460346.6373,6.03752,348.6,TRUE,5.3,400,300
12276,2022/10/19 16:19,131.4781178,47.049996,5212937.331,460344.8076,5.6486,354.5,TRUE,5.3,400,300
12277,2022/10/19 16:19,131.4781007,47.050058,5212944.233,460343.5543,5.72268,348.6,TRUE,5.3,395,300
12278,2022/10/19 16:19,131.4780818,47.05012167,5212951.321,460342.1653,5.85232,351.5,TRUE,5.3,400,300
12279,2022/10/19 16:19,131.4780715,47.050184,5212958.255,460341.4289,5.33376,352.4,TRUE,5.3,400,300
12280,2022/10/19 16:19,131.478055,47.05024,5212964.489,460340.2167,5.20412,353.9,TRUE,5.3,400,300
12281,2022/10/19 16:19,131.4780418,47.05030133,5212971.314,460339.2591,5.63008,355.3,TRUE,5.3,400,300
12282,2022/10/19 16:19,131.478023,47.0503675,5212978.68,460337.8797,5.81528,352.6,TRUE,5.3,400,300
12283,2022/10/19 16:19,131.4780022,47.05042517,5212985.102,460336.342,6.03752,355.6,TRUE,5.3,400,300
12284,2022/10/19 16:20,131.4779887,47.05049483,5212992.853,460335.3678,5.96344,354.5,TRUE,5.3,400,300
12285,2022/10/19 16:20,131.4779715,47.050552,5212999.217,460334.1033,5.50044,355,TRUE,5.3,400,300
12286,2022/10/19 16:20,131.4779468,47.05060583,5213005.214,460332.2664,4.42628,355.2,TRUE,5.3,400,300
12287,2022/10/19 16:20,131.477929,47.05065633,5213010.837,460330.9513,5.20412,350,TRUE,5.3,400,300
12288,2022/10/19 16:20,131.4779092,47.0507135,5213017.203,460329.4892,5.40784,352,TRUE,5.3,400,300
12289,2022/10/19 16:20,131.4778992,47.05077067,5213023.563,460328.7718,5.2782,356.2,TRUE,5.3,400,300
12290,2022/10/19 16:20,131.4778797,47.05083133,5213030.317,460327.3351,5.05596,356.7,TRUE,5.3,400,300
12291,2022/10/19 16:20,131.4778715,47.05088767,5213036.585,460326.7538,5.25968,353.1,TRUE,5.3,400,300
12292,2022/10/19 16:20,131.477852,47.05094583,5213043.06,460325.3153,4.7226,352.9,TRUE,5.3,400,300
12293,2022/10/19 16:20,131.4778445,47.050995,5213048.53,460324.7819,4.85224,349.6,TRUE,5.3,400,300
12294,2022/10/19 16:20,131.477825,47.05104883,5213054.525,460323.3401,5.07448,353.7,TRUE,5.3,400,300
12295,2022/10/19 16:20,131.4778012,47.05110767,5213061.078,460321.5753,5.31524,348.7,TRUE,5.3,400,300
12296,2022/10/19 16:20,131.4777923,47.051166,5213067.567,460320.9423,5.9264,350.2,TRUE,5.3,400,300
12297,2022/10/19 16:20,131.4777775,47.05122917,5213074.597,460319.8646,5.50044,355.5,TRUE,5.3,400,300
12298,2022/10/19 16:20,131.477764,47.05128233,5213080.514,460318.8783,5.9264,350.5,TRUE,5.3,400,300
12299,2022/10/19 16:21,131.477749,47.05134533,5213087.525,460317.7853,5.63008,355.1,TRUE,5.3,400,300
12300,2022/10/19 16:21,131.4777342,47.05140783,5213094.481,460316.7071,5.98196,354.1,TRUE,5.3,400,300
12301,2022/10/19 16:21,131.4777175,47.05147183,5213101.605,460315.4857,6.05604,351.9,TRUE,5.3,400,300
12302,2022/10/19 16:21,131.4776978,47.05153433,5213108.563,460314.0352,5.87084,352.8,TRUE,5.3,400,300
12303,2022/10/19 16:21,131.477684,47.05159767,5213115.611,460313.0336,5.81528,359.2,TRUE,5.3,400,300
12304,2022/10/19 16:21,131.4776593,47.05164983,5213121.423,460311.1955,5.68564,356.2,TRUE,5.3,400,300
12305,2022/10/19 16:21,131.4776455,47.0517145,5213128.619,460310.1949,5.8338,352.7,TRUE,5.3,400,300
12306,2022/10/19 16:21,131.4776305,47.05178217,5213136.15,460309.1054,6.44496,354.4,TRUE,5.3,400,300
12307,2022/10/19 16:21,131.4776105,47.05183983,5213142.57,460307.6286,5.57452,359.2,TRUE,5.3,400,300
12308,2022/10/19 16:21,131.4775913,47.051891,5213148.268,460306.2077,6.07456,348.9,TRUE,5.3,400,300
12309,2022/10/19 16:21,131.4775685,47.051955,5213155.395,460304.5228,6.482,355.4,TRUE,5.3,400,300
12310,2022/10/19 16:21,131.4775497,47.05201767,5213162.372,460303.1408,5.61156,352.5,TRUE,5.3,398,300
12311,2022/10/19 16:21,131.477543,47.05207867,5213169.156,460302.677,6.019,350.3,TRUE,5.3,400,300
12312,2022/10/19 16:21,131.4775338,47.05213667,5213175.609,460302.021,5.11152,354.9,TRUE,5.3,400,300
12313,2022/10/19 16:21,131.4775177,47.05218417,5213180.898,460300.8329,4.85224,357.2,TRUE,5.3,400,300
12314,2022/10/19 16:22,131.477505,47.0522435,5213187.5,460299.912,5.9264,352.9,TRUE,5.3,400,300
12315,2022/10/19 16:22,131.47749,47.05229867,5213193.641,460298.8132,4.57444,354.7,TRUE,5.3,400,300
12316,2022/10/19 16:22,131.4774867,47.05235117,5213199.479,460298.6014,5.57452,352.9,TRUE,5.3,400,300
12317,2022/10/19 16:22,131.4774778,47.052413,5213206.357,460297.9711,5.51896,349,TRUE,5.3,400,300
12318,2022/10/19 16:22,131.4774662,47.05247683,5213213.459,460297.1371,5.16708,354.7,TRUE,5.3,400,300
12319,2022/10/19 16:22,131.477449,47.0525325,5213219.657,460295.8715,4.88928,354.9,TRUE,5.3,400,300
12320,2022/10/19 16:22,131.4774255,47.05259233,5213226.32,460294.1304,4.94484,358.8,TRUE,5.3,400,300
12321,2022/10/19 16:22,131.4774115,47.05263567,5213231.146,460293.0988,4.92632,355.1,TRUE,5.3,400,300
12322,2022/10/19 16:22,131.4774008,47.05269217,5213237.432,460292.3277,6.019,355.3,TRUE,5.3,400,300
12323,2022/10/19 16:22,131.4773863,47.052747,5213243.535,460291.2667,4.94484,356.9,TRUE,5.3,400,300
12324,2022/10/19 16:22,131.4773668,47.05279817,5213249.234,460289.8231,5.20412,3.9,TRUE,5.3,400,300
12325,2022/10/19 16:22,131.4773448,47.05286283,5213256.433,460288.1995,5.68564,354.1,TRUE,5.3,400,300
12326,2022/10/19 16:22,131.4773332,47.05293267,5213264.203,460287.37,5.75972,359.7,TRUE,5.3,400,300
12327,2022/10/19 16:22,131.4773132,47.0529965,5213271.31,460285.8977,6.14864,355,TRUE,5.3,400,300
12328,2022/10/19 16:22,131.4772975,47.05306217,5213278.618,460284.7536,7.408,350.1,TRUE,5.3,400,300
12329,2022/10/19 16:23,131.4772755,47.05312667,5213285.8,460283.1299,5.40784,355.7,TRUE,5.3,400,300
12330,2022/10/19 16:23,131.4772622,47.053177,5213291.402,460282.1567,4.96336,0.2,TRUE,5.3,400,300
12331,2022/10/19 16:23,131.4772647,47.05322283,5213296.496,460282.3807,6.31532,0.9,TRUE,5.3,400,300
12332,2022/10/19 16:23,131.4772495,47.05328917,5213303.878,460281.2751,6.3894,359.7,TRUE,5.3,400,300
12333,2022/10/19 16:23,131.4772232,47.05335033,5213310.691,460279.3222,5.85232,358.8,TRUE,5.3,400,300
12334,2022/10/19 16:23,131.4772213,47.05340867,5213317.178,460279.2212,5.22264,356.1,TRUE,5.3,400,300
12335,2022/10/19 16:23,131.4772282,47.053451,5213321.88,460279.7769,3.50028,0.9,TRUE,5.3,400,300
12336,2022/10/19 16:23,131.4772132,47.05349667,5213326.965,460278.6711,4.61148,358.8,TRUE,5.3,400,300
12337,2022/10/19 16:23,131.4771935,47.05354367,5213332.2,460277.2092,6.482,348.8,TRUE,5.3,365,300
12338,2022/10/19 16:23,131.477178,47.053596,5213338.026,460276.0703,3.01876,355.6,TRUE,5.3,400,300
12339,2022/10/19 16:23,131.4771722,47.05362717,5213341.494,460275.6528,2.8706,7.4,TRUE,5.3,400,300
12340,2022/10/19 16:23,131.4771622,47.053662,5213345.371,460274.9189,3.18544,358.1,TRUE,5.3,400,300
12341,2022/10/19 16:23,131.4771338,47.05370367,5213350.018,460272.792,4.48184,9.6,TRUE,5.3,400,300
12342,2022/10/19 16:23,131.4771272,47.0537515,5213355.338,460272.326,4.75964,3.8,TRUE,5.3,137,300
12343,2022/10/19 16:23,131.4771543,47.0537925,5213359.883,460274.4155,4.0744,56.2,FALSE,5.3,0,300
12344,2022/10/19 16:24,131.477197,47.05381017,5213361.826,460277.673,4.87076,87.5,FALSE,5.3,0,300
12345,2022/10/19 16:24,131.477244,47.05380833,5213361.597,460281.2426,5.77824,93.5,FALSE,5.3,0,300
12346,2022/10/19 16:24,131.4772968,47.05380167,5213360.83,460285.2494,5.11152,112.2,FALSE,5.3,0,300
12347,2022/10/19 16:24,131.477328,47.05377683,5213358.053,460287.6015,3.704,148.3,TRUE,5.3,400,300
12348,2022/10/19 16:24,131.4773348,47.053747,5213354.733,460288.096,3.90772,162.7,TRUE,5.3,400,300
12349,2022/10/19 16:24,131.4773445,47.05371717,5213351.412,460288.8109,4.00032,171.1,TRUE,5.3,400,300
12350,2022/10/19 16:24,131.4773543,47.053677,5213346.941,460289.5257,4.57444,179,TRUE,5.3,400,300
12351,2022/10/19 16:24,131.4773613,47.0536365,5213342.435,460290.0275,3.3336,178.1,TRUE,5.3,400,300
12352,2022/10/19 16:24,131.4773738,47.05359833,5213338.185,460290.9489,4.09292,176,TRUE,5.3,400,300
12353,2022/10/19 16:24,131.4773748,47.05354233,5213331.959,460290.9833,5.14856,175.2,TRUE,5.3,400,300
12354,2022/10/19 16:24,131.4773888,47.053483,5213325.356,460292.003,5.8338,168.9,TRUE,5.3,400,300
12355,2022/10/19 16:24,131.4774003,47.05342367,5213318.755,460292.8327,5.96344,174.2,TRUE,5.3,400,300
12356,2022/10/19 16:24,131.4774173,47.05336533,5213312.26,460294.0811,6.61164,174.5,TRUE,5.3,400,300
12357,2022/10/19 16:24,131.4774297,47.05330833,5213305.917,460294.9809,5.90788,169.6,TRUE,5.3,400,300
12358,2022/10/19 16:24,131.4774482,47.053267,5213301.313,460296.3559,4.94484,173.7,TRUE,5.3,400,300
12359,2022/10/19 16:25,131.4774618,47.05321167,5213295.155,460297.3481,4.92632,171.1,TRUE,5.3,400,300
12360,2022/10/19 16:25,131.4774758,47.05314833,5213288.106,460298.3648,5.90788,169.9,TRUE,5.3,400,300
12361,2022/10/19 16:25,131.477483,47.0530875,5213281.34,460298.8668,5.11152,174.2,TRUE,5.3,400,300
12362,2022/10/19 16:25,131.4774877,47.05303567,5213275.576,460299.1854,4.88928,173.4,TRUE,5.3,400,300
12363,2022/10/19 16:25,131.4775027,47.05298217,5213269.62,460300.2854,5.48192,176.1,TRUE,5.3,400,300
12364,2022/10/19 16:25,131.4775273,47.052916,5213262.252,460302.1054,6.18568,176.6,TRUE,5.3,400,300
12365,2022/10/19 16:25,131.47756,47.05285583,5213255.546,460304.5453,6.18568,176.7,TRUE,5.3,400,300
12366,2022/10/19 16:25,131.4775658,47.05280417,5213249.8,460304.9477,6.019,172.6,TRUE,5.3,400,300
12367,2022/10/19 16:25,131.4775857,47.052752,5213243.99,460306.421,5.98196,175.4,TRUE,5.3,400,300
12368,2022/10/19 16:25,131.4775942,47.0526885,5213236.926,460307.0197,5.31524,174.4,TRUE,5.3,400,300
12369,2022/10/19 16:25,131.4775922,47.05262683,5213230.071,460306.822,6.09308,171.9,TRUE,5.3,400,300
12370,2022/10/19 16:25,131.4776192,47.05257217,5213223.981,460308.8329,5.42636,168.5,TRUE,5.3,400,300
12371,2022/10/19 16:25,131.4776335,47.05251283,5213217.377,460309.8755,5.59304,177.9,TRUE,5.3,400,300
12372,2022/10/19 16:25,131.4776408,47.05244967,5213210.351,460310.3833,5.63008,174.4,TRUE,5.3,400,300
12373,2022/10/19 16:25,131.4776705,47.0523885,5213203.536,460312.5945,5.68564,178.4,TRUE,5.3,400,300
12374,2022/10/19 16:26,131.477708,47.05233033,5213197.05,460315.4007,5.88936,170.6,TRUE,5.3,400,300
12375,2022/10/19 16:26,131.477729,47.052272,5213190.555,460316.953,6.64868,173.7,TRUE,5.3,372,300
12376,2022/10/19 16:26,131.477734,47.05219733,5213182.251,460317.2775,4.98188,172.3,TRUE,5.3,400,300
12377,2022/10/19 16:26,131.477745,47.052132,5213174.983,460318.0649,7.33392,176,TRUE,5.3,400,300
12378,2022/10/19 16:26,131.4777637,47.05206267,5213167.266,460319.4343,7.53764,177.4,TRUE,5.3,394,300
12379,2022/10/19 16:26,131.4777858,47.05199033,5213159.212,460321.0599,7.3154,177.7,TRUE,5.3,400,300
12380,2022/10/19 16:26,131.4778073,47.051921,5213151.494,460322.642,6.87092,172.7,TRUE,5.3,400,300
12381,2022/10/19 16:26,131.477816,47.05184567,5213143.115,460323.2472,7.27836,171.9,TRUE,5.3,400,300
12382,2022/10/19 16:26,131.4778272,47.05177483,5213135.234,460324.0457,6.83388,175.5,TRUE,5.3,400,300
12383,2022/10/19 16:26,131.4778505,47.05170217,5213127.144,460325.7622,7.29688,176.9,TRUE,5.3,400,300
12384,2022/10/19 16:26,131.4778795,47.0516295,5213119.051,460327.9118,7.5932,170.3,TRUE,5.3,400,300
12385,2022/10/19 16:26,131.4779113,47.0515575,5213111.03,460330.2746,7.1302,174,TRUE,5.3,400,300
12386,2022/10/19 16:26,131.4779288,47.05148617,5213103.092,460331.5514,6.77832,176.5,TRUE,5.3,400,300
12387,2022/10/19 16:26,131.4779355,47.05141317,5213094.973,460332.0064,7.3154,170.5,TRUE,5.3,400,300
12388,2022/10/19 16:26,131.4779432,47.05134083,5213086.927,460332.5378,6.90796,176.3,TRUE,5.3,400,300
12389,2022/10/19 16:27,131.4779742,47.05126367,5213078.333,460334.8361,6.74128,167.3,TRUE,5.3,400,300
12390,2022/10/19 16:27,131.4779973,47.0511905,5213070.187,460336.5371,7.07464,174.3,TRUE,5.3,400,300
12391,2022/10/19 16:27,131.478014,47.05112467,5213062.86,460337.7572,7.33392,173.7,TRUE,5.3,400,300
12392,2022/10/19 16:27,131.4780105,47.0510565,5213055.283,460337.4407,6.90796,175.4,TRUE,5.3,400,300
12393,2022/10/19 16:27,131.4780277,47.05100133,5213049.141,460338.7067,6.03752,177.6,TRUE,5.3,369,300
12394,2022/10/19 16:27,131.4780637,47.05092817,5213040.99,460341.3879,6.92648,171.8,TRUE,5.3,395,300
12395,2022/10/19 16:27,131.4780825,47.05086117,5213033.532,460342.7667,6.07456,170.1,TRUE,5.3,391,300
12396,2022/10/19 16:27,131.4780982,47.05080117,5213026.853,460343.9152,7.00056,166.9,TRUE,5.3,400,300
12397,2022/10/19 16:27,131.4781247,47.05073717,5213019.725,460345.8813,6.68572,170.9,TRUE,5.3,400,300
12398,2022/10/19 16:27,131.4781567,47.05067833,5213013.167,460348.2692,7.35244,181.2,TRUE,5.3,376,300
12399,2022/10/19 16:27,131.478182,47.0506255,5213007.281,460350.1524,5.16708,175,TRUE,5.3,400,300
12400,2022/10/19 16:27,131.4781977,47.05056433,5213000.473,460351.3,6.24124,180.8,TRUE,5.3,400,300
12401,2022/10/19 16:27,131.4782013,47.0504985,5212993.153,460351.5248,6.42644,169.2,TRUE,5.3,400,300
12402,2022/10/19 16:27,131.4782257,47.05042983,5212985.506,460353.3279,7.00056,169,TRUE,5.3,400,300
12403,2022/10/19 16:27,131.4782263,47.05035833,5212977.557,460353.3205,6.64868,167.1,TRUE,5.3,400,300
12404,2022/10/19 16:28,131.4782175,47.050276,5212968.409,460352.5908,6.87092,168.8,TRUE,5.3,400,300
12405,2022/10/19 16:28,131.4782193,47.050199,5212959.848,460352.6705,6.16716,175.2,TRUE,5.3,394,300
12406,2022/10/19 16:28,131.4782257,47.05013067,5212952.248,460353.1062,6.83388,169.8,TRUE,5.3,400,300
12407,2022/10/19 16:28,131.4782482,47.05005717,5212944.066,460354.7614,6.96352,175.7,TRUE,5.3,400,300
12408,2022/10/19 16:28,131.4782733,47.04998417,5212935.938,460356.6145,7.74136,176.8,TRUE,5.3,400,300
12409,2022/10/19 16:28,131.4783078,47.049913,5212928.008,460359.1833,6.945,167.3,TRUE,5.3,400,300
12410,2022/10/19 16:28,131.4783383,47.04986317,5212922.453,460361.4639,6.42644,172.8,TRUE,5.3,400,300
12411,2022/10/19 16:28,131.4783677,47.0497985,5212915.249,460363.6499,7.07464,175,TRUE,5.3,400,300
12412,2022/10/19 16:28,131.4783942,47.0497415,5212908.898,460365.6213,6.35236,170.5,TRUE,5.3,400,300
12413,2022/10/19 16:28,131.478413,47.04968583,5212902.7,460367.0086,6.64868,169.5,TRUE,5.3,400,300
12414,2022/10/19 16:28,131.4784328,47.049628,5212896.261,460368.4703,5.98196,177.2,TRUE,5.3,400,300
12415,2022/10/19 16:28,131.4784497,47.04956267,5212888.989,460369.706,6.61164,168.1,TRUE,5.3,400,300
12416,2022/10/19 16:28,131.478467,47.049489,5212880.791,460370.966,6.83388,167.8,TRUE,5.3,400,300
12417,2022/10/19 16:28,131.4784855,47.04942633,5212873.814,460372.3253,6.00048,171.2,TRUE,5.3,400,300
12418,2022/10/19 16:28,131.4784918,47.04935817,5212866.234,460372.7535,7.05612,172.7,TRUE,5.3,400,300
12419,2022/10/19 16:29,131.4785047,47.04928783,5212858.407,460373.6817,6.79684,172.9,TRUE,5.3,400,300
12420,2022/10/19 16:29,131.4785293,47.0492245,5212851.354,460375.504,6.98204,178.4,TRUE,5.3,400,300
12421,2022/10/19 16:29,131.4785505,47.049154,5212843.506,460377.0627,7.3154,171.6,TRUE,5.3,400,300
12422,2022/10/19 16:29,131.478561,47.0490805,5212835.33,460377.8061,6.59312,170.9,TRUE,5.3,400,300
12423,2022/10/19 16:29,131.4785817,47.0490105,5212827.537,460379.3272,7.48208,167.6,TRUE,5.3,400,300
12424,2022/10/19 16:29,131.4786258,47.04892017,5212817.473,460382.6113,6.63016,168.3,TRUE,5.3,400,300
12425,2022/10/19 16:29,131.4786552,47.0488515,5212809.824,460384.7945,6.945,173.1,TRUE,5.3,400,300
12426,2022/10/19 16:29,131.478674,47.04878733,5212802.68,460386.1755,7.2228,177.3,TRUE,5.3,400,300
12427,2022/10/19 16:29,131.4786825,47.0487165,5212794.802,460386.7689,6.42644,166.4,TRUE,5.3,376,300
12428,2022/10/19 16:29,131.4787067,47.04864633,5212786.989,460388.5559,6.59312,171.2,TRUE,5.3,400,300
12429,2022/10/19 16:29,131.478727,47.04858517,5212780.179,460390.0531,7.53764,174.3,TRUE,5.3,400,300
12430,2022/10/19 16:29,131.4787382,47.048512,5212772.039,460390.85,7.79692,169.7,TRUE,5.3,400,300
12431,2022/10/19 16:29,131.4787525,47.04843867,5212763.879,460391.8823,6.96352,174.6,TRUE,5.3,400,300
12432,2022/10/19 16:29,131.47877,47.04837517,5212756.811,460393.1651,5.88936,166.1,TRUE,5.3,400,300
12433,2022/10/19 16:30,131.4787783,47.04831367,5212749.97,460393.7503,6.51904,170.8,TRUE,5.3,400,300
12434,2022/10/19 16:30,131.478811,47.0482425,5212742.041,460396.1824,6.70424,180.2,TRUE,5.3,400,300
12435,2022/10/19 16:30,131.4788242,47.04816983,5212733.956,460397.1316,6.42644,164.6,TRUE,5.3,400,300
12436,2022/10/19 16:30,131.4788418,47.04810917,5212727.203,460398.4241,5.22264,170.7,TRUE,5.3,400,300
12437,2022/10/19 16:30,131.4788678,47.048043,5212719.834,460400.3508,6.22272,167.2,TRUE,5.3,400,300
12438,2022/10/19 16:30,131.478877,47.04797267,5212712.011,460400.9978,6.05604,169.7,TRUE,5.3,400,300
12439,2022/10/19 16:30,131.4788888,47.04791183,5212705.241,460401.8494,6.945,173.6,TRUE,5.3,400,300
12440,2022/10/19 16:30,131.478914,47.04784467,5212697.762,460403.7146,5.13004,164,TRUE,5.3,400,300
12441,2022/10/19 16:30,131.478926,47.047781,5212690.678,460404.5794,5.75972,172.4,TRUE,5.3,400,300
12442,2022/10/19 16:30,131.4789698,47.04772483,5212684.411,460407.8661,6.51904,176.4,TRUE,5.3,400,300
12443,2022/10/19 16:30,131.4789968,47.04766433,5212677.671,460409.873,5.44488,175.3,TRUE,5.3,400,300
12444,2022/10/19 16:30,131.479011,47.0475975,5212670.235,460410.9026,5.6486,166.1,TRUE,5.3,400,300
12445,2022/10/19 16:30,131.479026,47.04752783,5212662.482,460411.9909,6.6672,171.7,TRUE,5.3,400,300
12446,2022/10/19 16:30,131.4790392,47.04745933,5212654.86,460412.9432,5.79676,174.3,TRUE,5.3,400,300
12447,2022/10/19 16:30,131.479051,47.04739683,5212647.906,460413.7936,6.87092,172.1,TRUE,5.3,400,300
12448,2022/10/19 16:31,131.4790647,47.0473305,5212640.525,460414.7856,6.70424,175.7,TRUE,5.3,400,300
12449,2022/10/19 16:31,131.4790795,47.04726683,5212633.439,460415.8631,6.42644,172.9,TRUE,5.3,400,300
12450,2022/10/19 16:31,131.4790932,47.04721,5212627.114,460416.8621,6.2042,171.5,TRUE,5.3,400,300
12451,2022/10/19 16:31,131.479105,47.04713433,5212618.696,460417.7028,6.07456,176.2,TRUE,5.3,400,300
12452,2022/10/19 16:31,131.4791223,47.0470715,5212611.702,460418.971,7.16724,173,TRUE,5.3,400,300
12453,2022/10/19 16:31,131.4791438,47.04701517,5212605.429,460420.5631,5.87084,175.6,TRUE,5.3,400,300
12454,2022/10/19 16:31,131.479154,47.04694767,5212597.92,460421.2882,6.83388,176.5,TRUE,5.3,400,300
12455,2022/10/19 16:31,131.4791692,47.04687533,5212589.87,460422.3897,5.63008,175.6,TRUE,5.3,395,300
12456,2022/10/19 16:31,131.4791858,47.04681683,5212583.358,460423.6079,6.74128,171.7,TRUE,5.3,400,300
12457,2022/10/19 16:31,131.4792088,47.04675167,5212576.102,460425.3075,6.51904,173.1,TRUE,5.3,400,300
12458,2022/10/19 16:31,131.4792148,47.04668217,5212568.373,460425.712,5.8338,175.6,TRUE,5.3,400,300
12459,2022/10/19 16:31,131.4792217,47.04661783,5212561.217,460426.1887,6.31532,183.5,TRUE,5.3,400,300
12460,2022/10/19 16:31,131.4792472,47.0465575,5212554.497,460428.0818,6.50052,172,TRUE,5.3,400,300
12461,2022/10/19 16:31,131.479267,47.04649083,5212547.075,460429.5371,6.77832,174,TRUE,5.3,400,300
12462,2022/10/19 16:31,131.4792482,47.04641433,5212538.58,460428.052,6.35236,179,TRUE,5.3,400,300
12463,2022/10/19 16:32,131.4792712,47.04635017,5212531.436,460429.7523,5.63008,173.5,TRUE,5.3,400,300
12464,2022/10/19 16:32,131.4792947,47.04628633,5212524.327,460431.4908,5.01892,169.1,TRUE,5.3,400,300
12465,2022/10/19 16:32,131.4792947,47.04623317,5212518.417,460431.4515,4.70408,177.9,TRUE,5.3,400,300
12466,2022/10/19 16:32,131.4792837,47.04619667,5212514.364,460430.5886,5.53748,208.6,TRUE,5.3,203,300
12467,2022/10/19 16:32,131.479238,47.04618467,5212513.053,460427.107,4.66704,279.4,FALSE,5.3,0,300
12468,2022/10/19 16:32,131.4792097,47.046211,5212515.995,460424.976,6.31532,302.8,FALSE,5.3,0,300
12469,2022/10/19 16:32,131.4791762,47.04623367,5212518.532,460422.4471,5.87084,348.9,FALSE,5.3,0,300
12470,2022/10/19 16:32,131.4791958,47.04626333,5212521.82,460423.9584,5.3708,5,TRUE,5.3,400,300
12471,2022/10/19 16:32,131.4792227,47.04628983,5212524.752,460426.0221,4.74112,6.7,TRUE,5.3,400,300
12472,2022/10/19 16:32,131.4792233,47.046316,5212527.661,460426.0871,4.2596,22,TRUE,5.3,400,300
12473,2022/10/19 16:32,131.4792013,47.04636233,5212532.823,460424.4496,4.87076,357.3,TRUE,5.3,398,300
12474,2022/10/19 16:32,131.4791787,47.04641817,5212539.042,460422.7735,5.13004,353.1,TRUE,5.3,400,300
12475,2022/10/19 16:32,131.479163,47.04648733,5212546.739,460421.6316,6.25976,359.7,TRUE,5.3,400,300
12476,2022/10/19 16:32,131.479161,47.046552,5212553.929,460421.5275,6.98204,351,TRUE,5.3,398,300
12477,2022/10/19 16:32,131.4791435,47.04662017,5212561.516,460420.2481,5.50044,1.7,TRUE,5.3,396,300
12478,2022/10/19 16:33,131.4791123,47.046685,5212568.739,460417.9252,6.1116,355.8,TRUE,5.3,400,300
12479,2022/10/19 16:33,131.4790853,47.04674617,5212575.553,460415.9187,6.00048,354.9,TRUE,5.3,395,300
12480,2022/10/19 16:33,131.479053,47.04681783,5212583.536,460413.5173,5.96344,356.1,TRUE,5.3,389,300
12481,2022/10/19 16:33,131.4790385,47.04688683,5212591.214,460412.4665,6.44496,358.4,TRUE,5.3,400,300
12482,2022/10/19 16:33,131.479016,47.04695033,5212598.285,460410.8037,6.1116,357.1,TRUE,0,377,300
12483,2022/10/19 16:33,131.4790032,47.04700883,5212604.795,460409.8743,6.27828,350.4,TRUE,0,396,300
12484,2022/10/19 16:33,131.4789823,47.0470825,5212612.996,460408.3406,6.42644,358.8,TRUE,5.3,400,300
12485,2022/10/19 16:33,131.4789647,47.047149,5212620.398,460407.0524,5.70416,355.6,TRUE,5.3,400,300
12486,2022/10/19 16:33,131.4789558,47.047194,5212625.405,460406.4094,5.79676,348.7,TRUE,5.3,400,300
12487,2022/10/19 16:33,131.4789365,47.04724533,5212631.121,460404.9808,5.63008,353.6,TRUE,5.3,400,300
12488,2022/10/19 16:33,131.4789182,47.0472945,5212636.597,460403.6266,4.94484,358.6,TRUE,5.3,400,300
12489,2022/10/19 16:33,131.478902,47.04735633,5212643.479,460402.4414,4.94484,350.1,TRUE,5.3,396,300
12490,2022/10/19 16:33,131.4788727,47.047428,5212651.461,460400.268,6.00048,352.5,TRUE,5.3,400,300
12491,2022/10/19 16:33,131.4788545,47.047485,5212657.807,460398.9272,5.66712,352.9,TRUE,5.3,400,300
12492,2022/10/19 16:33,131.4788418,47.04754567,5212664.558,460398.007,6.03752,355.3,TRUE,5.3,400,300
12493,2022/10/19 16:34,131.4788263,47.047605,5212671.162,460396.8731,6.07456,347.8,TRUE,5.3,400,300
12494,2022/10/19 16:34,131.4788112,47.047671,5212678.507,460395.7745,6.79684,345.7,TRUE,5.3,400,300
12495,2022/10/19 16:34,131.478794,47.04773883,5212686.056,460394.5177,6.42644,350.8,TRUE,5.3,400,300
12496,2022/10/19 16:34,131.4787755,47.047806,5212693.533,460393.1617,6.42644,352.7,TRUE,5.3,400,300
12497,2022/10/19 16:34,131.4787585,47.04787133,5212700.804,460391.9183,6.64868,351.6,TRUE,5.3,400,300
12498,2022/10/19 16:34,131.4787467,47.0479305,5212707.388,460391.0654,5.8338,348.3,TRUE,5.3,400,300
12499,2022/10/19 16:34,131.4787333,47.04799067,5212714.084,460390.0917,5.3708,347.3,TRUE,5.3,394,300
12500,2022/10/19 16:34,131.4787115,47.04806267,5212722.1,460388.4885,6.27828,352.5,TRUE,5.3,400,300
12501,2022/10/19 16:34,131.4786938,47.04812967,5212729.557,460387.1931,6.16716,352.3,TRUE,5.3,400,300
12502,2022/10/19 16:34,131.4786713,47.04818983,5212736.257,460385.5279,6.8524,354.3,TRUE,5.3,400,300
12503,2022/10/19 16:34,131.478664,47.04825283,5212743.264,460385.0199,6.05604,355.3,TRUE,5.3,400,300
12504,2022/10/19 16:34,131.47865,47.04830967,5212749.59,460383.9981,6.55608,350.8,TRUE,5.3,400,300
12505,2022/10/19 16:34,131.4786232,47.04837267,5212756.608,460382.0083,6.33384,358.1,TRUE,5.3,400,300
12506,2022/10/19 16:34,131.4786152,47.04843317,5212763.338,460381.4452,6.33384,349.9,TRUE,5.3,400,300
12507,2022/10/19 16:34,131.4786025,47.04850467,5212771.293,460380.5331,6.019,352.4,TRUE,5.3,400,300
12508,2022/10/19 16:35,131.4785893,47.04856517,5212778.025,460379.5749,5.94492,354.7,TRUE,5.3,400,300
12509,2022/10/19 16:35,131.4785545,47.04862667,5212784.88,460376.9761,5.77824,352.8,TRUE,5.3,400,300
12510,2022/10/19 16:35,131.4785422,47.04868467,5212791.334,460376.0844,6.1116,354.1,TRUE,5.3,400,300
12511,2022/10/19 16:35,131.4785367,47.04874167,5212797.674,460375.7087,5.87084,355.6,TRUE,5.3,400,300
12512,2022/10/19 16:35,131.4785113,47.0488015,5212804.338,460373.823,5.6486,351.5,TRUE,5.3,400,300
12513,2022/10/19 16:35,131.4785003,47.04886483,5212811.384,460373.034,5.556,359,TRUE,5.3,400,300
12514,2022/10/19 16:35,131.4784863,47.04892683,5212818.284,460372.0161,5.72268,355.3,TRUE,5.3,400,300
12515,2022/10/19 16:35,131.478469,47.048997,5212826.093,460370.7536,5.63008,350.8,TRUE,5.3,400,300
12516,2022/10/19 16:35,131.4784577,47.04905967,5212833.066,460369.9413,6.50052,352.8,TRUE,5.3,400,300
12517,2022/10/19 16:35,131.4784377,47.04911917,5212839.691,460368.4657,5.75972,352.9,TRUE,5.3,400,300
12518,2022/10/19 16:35,131.4784218,47.04918,5212846.462,460367.3026,6.00048,352.6,TRUE,5.3,400,300
12519,2022/10/19 16:35,131.4784088,47.04924067,5212853.213,460366.3597,6.07456,350.4,TRUE,5.3,400,300
12520,2022/10/19 16:35,131.4783843,47.04930367,5212860.229,460364.5447,5.94492,355.2,TRUE,5.3,400,300
12521,2022/10/19 16:35,131.478366,47.0493675,5212867.335,460363.2015,6.61164,353.7,TRUE,5.3,400,300
12522,2022/10/19 16:35,131.4783528,47.0494315,5212874.456,460362.2459,6.05604,357.8,TRUE,5.3,377,300
12523,2022/10/19 16:36,131.4783382,47.0494935,5212881.356,460361.1824,6.16716,356.8,TRUE,5.3,400,300
12524,2022/10/19 16:36,131.478331,47.0495505,5212887.697,460360.6775,6.09308,354.6,TRUE,5.3,400,300
12525,2022/10/19 16:36,131.4783032,47.04962233,5212895.696,460358.6184,6.14864,352.1,TRUE,5.3,400,300
12526,2022/10/19 16:36,131.4782852,47.04968683,5212902.876,460357.2984,6.00048,353.1,TRUE,5.3,400,300
12527,2022/10/19 16:36,131.4782628,47.04975917,5212910.929,460355.65,6.14864,349.6,TRUE,5.3,400,300
12528,2022/10/19 16:36,131.4782448,47.04981567,5212917.22,460354.3241,6.18568,357.2,TRUE,5.3,400,300
12529,2022/10/19 16:36,131.4782278,47.049876,5212923.935,460353.077,6.31532,353.3,TRUE,5.3,400,300
12530,2022/10/19 16:36,131.4782203,47.04993717,5212930.739,460352.5525,6.05604,357.7,TRUE,5.3,400,300
12531,2022/10/19 16:36,131.4782035,47.0500015,5212937.9,460351.3236,6.25976,355.2,TRUE,5.3,400,300
12532,2022/10/19 16:36,131.4781757,47.05007417,5212945.992,460349.2651,6.03752,356.8,TRUE,5.3,400,300
12533,2022/10/19 16:36,131.4781733,47.05013683,5212952.96,460349.1292,6.81536,358.1,TRUE,5.3,400,300
12534,2022/10/19 16:36,131.4781542,47.05020283,5212960.307,460347.7268,6.24124,354.4,TRUE,5.3,400,300
12535,2022/10/19 16:36,131.4781312,47.05025867,5212966.526,460346.0205,5.85232,349,TRUE,5.3,400,300
12536,2022/10/19 16:36,131.4781212,47.05032117,5212973.479,460345.307,6.59312,0.5,TRUE,5.3,399,300
12537,2022/10/19 16:36,131.478096,47.0503835,5212980.421,460343.4384,6.3894,357.1,TRUE,5.3,400,300
12538,2022/10/19 16:37,131.4780948,47.05043817,5212986.5,460343.3877,6.482,356,TRUE,5.3,397,300
12539,2022/10/19 16:37,131.4780748,47.05049817,5212993.18,460341.9125,5.4634,0.2,TRUE,5.3,400,300
12540,2022/10/19 16:37,131.4780555,47.05055617,5212999.638,460340.489,6.00048,353.6,TRUE,5.3,400,300
12541,2022/10/19 16:37,131.4780342,47.05061883,5213006.615,460338.917,6.05604,353.5,TRUE,5.3,400,300
12542,2022/10/19 16:37,131.4780175,47.0506845,5213013.924,460337.6968,5.87084,350.5,TRUE,5.3,400,300
12543,2022/10/19 16:37,131.4779988,47.050753,5213021.549,460336.3267,6.22272,358.1,TRUE,5.3,400,300
12544,2022/10/19 16:37,131.4779722,47.05080383,5213027.213,460334.3432,5.53748,352.5,TRUE,5.3,400,300
12545,2022/10/19 16:37,131.477954,47.05086767,5213034.319,460333.0076,5.16708,356,TRUE,5.3,400,300
12546,2022/10/19 16:37,131.477943,47.05092567,5213040.773,460332.2148,6.00048,355.2,TRUE,5.3,377,300
12547,2022/10/19 16:37,131.4779317,47.050982,5213047.041,460331.398,5.6486,354.3,TRUE,5.3,400,300
12548,2022/10/19 16:37,131.4779112,47.05104167,5213053.685,460329.8845,4.33368,353.4,TRUE,5.3,400,300
12549,2022/10/19 16:37,131.4778945,47.05109367,5213059.474,460328.6542,5.13004,354.7,TRUE,5.3,395,300
12550,2022/10/19 16:37,131.4778843,47.05115267,5213066.039,460327.9229,5.48192,353.5,TRUE,5.3,400,300
12551,2022/10/19 16:37,131.477878,47.051208,5213072.193,460327.4852,5.0004,354.3,TRUE,5.3,400,300
12552,2022/10/19 16:37,131.4778737,47.05126467,5213078.495,460327.2005,4.88928,1.8,TRUE,5.3,400,300
12553,2022/10/19 16:38,131.4778625,47.0513205,5213084.708,460326.3909,5.72268,359.9,TRUE,5.3,400,300
12554,2022/10/19 16:38,131.4778382,47.051381,5213091.446,460324.5894,6.03752,351.7,TRUE,5.3,400,300
12555,2022/10/19 16:38,131.4778168,47.05143883,5213097.886,460323.0063,6.2042,357.9,TRUE,5.3,400,300
12556,2022/10/19 16:38,131.477798,47.05149933,5213104.621,460321.6227,6.59312,359.3,TRUE,5.3,400,300
12557,2022/10/19 16:38,131.4777805,47.05156133,5213111.523,460320.339,6.13012,358.4,TRUE,5.3,400,300
12558,2022/10/19 16:38,131.4777627,47.05162267,5213118.351,460319.032,5.81528,355.8,TRUE,5.3,400,300
12559,2022/10/19 16:38,131.477763,47.05167433,5213124.094,460319.0931,5.7412,355.1,TRUE,5.3,400,300
12560,2022/10/19 16:38,131.4777477,47.05173467,5213130.81,460317.9753,5.20412,353,TRUE,5.3,384,300
12561,2022/10/19 16:38,131.4777348,47.05179217,5213137.209,460317.0378,6.25976,354.6,TRUE,5.3,400,300
12562,2022/10/19 16:38,131.477714,47.05185383,5213144.074,460315.5031,5.6486,353.5,TRUE,5.3,400,300
12563,2022/10/19 16:38,131.4776972,47.0519215,5213151.605,460314.2768,6.13012,350.8,TRUE,5.3,400,300
12564,2022/10/19 16:38,131.4776778,47.05198233,5213158.378,460312.8479,6.14864,357,TRUE,5.3,396,300
12565,2022/10/19 16:38,131.4776608,47.05203867,5213164.65,460311.598,5.40784,355.5,TRUE,5.3,400,300
12566,2022/10/19 16:38,131.4776415,47.05210567,5213172.108,460310.1812,6.27828,352.5,TRUE,5.3,400,300
12567,2022/10/19 16:38,131.4776227,47.05216883,5213179.139,460308.7996,5.98196,353.5,TRUE,5.3,398,300
12568,2022/10/19 16:39,131.4776013,47.05223,5213185.95,460307.219,4.59296,0,TRUE,5.3,400,300
12569,2022/10/19 16:39,131.4775912,47.05227867,5213191.366,460306.4877,4.66704,356.9,TRUE,5.3,400,300
12570,2022/10/19 16:39,131.4775758,47.052336,5213197.748,460305.3601,5.68564,355.9,TRUE,5.3,400,300
12571,2022/10/19 16:39,131.4775615,47.05239333,5213204.128,460304.3161,5.77824,357.3,TRUE,5.3,400,300
12572,2022/10/19 16:39,131.4775358,47.05245517,5213211.016,460302.4093,5.44488,353.2,TRUE,5.3,400,300
12573,2022/10/19 16:39,131.4775193,47.052523,5213218.565,460301.2059,5.85232,349.3,TRUE,5.3,400,300
12574,2022/10/19 16:39,131.4775098,47.05258167,5213225.093,460300.5277,6.24124,355.3,TRUE,5.3,400,300
12575,2022/10/19 16:39,131.4775085,47.05264067,5213231.652,460300.4727,5.98196,357.9,TRUE,5.3,400,300
12576,2022/10/19 16:39,131.4774938,47.0527025,5213238.534,460299.4016,6.2042,359.9,TRUE,5.3,400,300
12577,2022/10/19 16:39,131.4774845,47.05276533,5213245.523,460298.7416,5.0004,352,TRUE,5.3,400,300
12578,2022/10/19 16:39,131.4774647,47.05282567,5213252.241,460297.282,6.35236,357.6,TRUE,5.3,400,300
12579,2022/10/19 16:39,131.4774357,47.05289167,5213259.593,460295.1275,6.37088,358.2,TRUE,5.3,400,300
12580,2022/10/19 16:39,131.4774245,47.05295367,5213266.492,460294.3226,6.13012,349.7,TRUE,5.3,400,300
12581,2022/10/19 16:39,131.4773975,47.05301717,5213273.565,460292.3182,6.05604,354.6,TRUE,5.3,400,300
12582,2022/10/19 16:39,131.4773735,47.05307517,5213280.025,460290.5378,6.00048,352.9,TRUE,5.3,400,300
12583,2022/10/19 16:40,131.4773552,47.053131,5213286.241,460289.1888,5.093,354.7,TRUE,5.3,400,300
12584,2022/10/19 16:40,131.4773525,47.05318433,5213292.171,460289.0232,4.96336,351.3,TRUE,5.3,400,300
12585,2022/10/19 16:40,131.4773345,47.05323683,5213298.017,460287.6945,5.25968,352.9,TRUE,5.3,398,300
12586,2022/10/19 16:40,131.4773178,47.05328967,5213303.899,460286.4649,5.01892,351.4,TRUE,5.3,400,300
12587,2022/10/19 16:40,131.4773052,47.0533405,5213309.557,460285.5453,4.88928,351.2,TRUE,5.3,400,300
12588,2022/10/19 16:40,131.4772985,47.05338817,5213314.86,460285.0716,4.5374,352.4,TRUE,5.3,400,300
12589,2022/10/19 16:40,131.4772815,47.053435,5213320.074,460283.8147,5.48192,352.8,TRUE,5.3,385,300
12590,2022/10/19 16:40,131.4772638,47.053493,5213326.531,460282.5129,5.63008,354.9,TRUE,5.3,400,300
12591,2022/10/19 16:40,131.4772567,47.05354433,5213332.241,460282.0116,5.72268,348.8,TRUE,5.3,400,300
12592,2022/10/19 16:40,131.4772332,47.05358933,5213337.256,460280.2595,4.20404,356.2,TRUE,5.3,400,300
12593,2022/10/19 16:40,131.4772222,47.05363517,5213342.358,460279.4577,3.77808,0.4,TRUE,5.3,400,300
12594,2022/10/19 16:40,131.4772135,47.0536755,5213346.846,460278.8266,4.05588,8.1,TRUE,5.3,394,300
12595,2022/10/19 16:40,131.4772135,47.05371917,5213351.701,460278.8591,3.75956,358.9,TRUE,5.3,400,300
12596,2022/10/19 16:40,131.4771942,47.05375933,5213356.175,460277.4225,5.2782,4.6,TRUE,5.3,366,300
12597,2022/10/19 16:40,131.4772007,47.0538045,5213361.193,460277.9499,4.88928,37.3,FALSE,5.3,0,300
12598,2022/10/19 16:41,131.4772472,47.05382183,5213363.096,460281.4958,5.35228,70.7,FALSE,5.3,0,300
12599,2022/10/19 16:41,131.4773173,47.053837,5213364.747,460286.8332,4.24108,74.1,FALSE,5.3,0,300
12600,2022/10/19 16:41,131.4773697,47.05384467,5213365.573,460290.8202,4.51888,121.3,FALSE,5.3,0,300
12601,2022/10/19 16:41,131.477382,47.05383117,5213364.066,460291.7448,4.50036,169.3,FALSE,5.3,0,300
12602,2022/10/19 16:41,131.4773713,47.0537965,5213360.217,460290.906,4.5374,175.8,TRUE,5.3,365,300
12603,2022/10/19 16:41,131.4773862,47.0537565,5213355.763,460292.0084,3.29656,173.7,TRUE,5.3,400,300
12604,2022/10/19 16:41,131.4773912,47.05371833,5213351.517,460292.36,3.83364,166.6,TRUE,5.3,400,300
12605,2022/10/19 16:41,131.4774042,47.05367267,5213346.434,460293.3138,4.68556,177.6,TRUE,5.3,400,300
12606,2022/10/19 16:41,131.4774275,47.05362117,5213340.697,460295.0459,5.093,171,TRUE,5.3,400,300
12607,2022/10/19 16:41,131.4774467,47.05356817,5213334.795,460296.4654,4.24108,172.7,TRUE,5.3,400,300
12608,2022/10/19 16:41,131.4774563,47.05351833,5213329.25,460297.1578,5.093,164,TRUE,5.3,400,300
12609,2022/10/19 16:41,131.4774753,47.05346217,5213322.997,460298.5598,4.66704,167.1,TRUE,5.3,400,300
12610,2022/10/19 16:41,131.4774925,47.05340433,5213316.558,460299.8237,6.14864,169.3,TRUE,5.3,400,300
12611,2022/10/19 16:41,131.4775205,47.05334367,5213309.8,460301.9061,6.46348,166.4,TRUE,5.3,400,300
12612,2022/10/19 16:41,131.4775302,47.0532795,5213302.661,460302.5955,6.61164,166.2,TRUE,5.3,400,300
12613,2022/10/19 16:42,131.4775593,47.05322783,5213296.902,460304.7682,6.51904,173.3,TRUE,5.3,400,300
12614,2022/10/19 16:42,131.477561,47.05316333,5213289.731,460304.8495,5.61156,164,TRUE,5.3,400,300
12615,2022/10/19 16:42,131.4775718,47.05310967,5213283.76,460305.6303,5.53748,172.6,TRUE,5.3,400,300
12616,2022/10/19 16:42,131.4775978,47.053054,5213277.558,460307.5645,5.87084,166.5,TRUE,5.3,400,300
12617,2022/10/19 16:42,131.477615,47.05299833,5213271.36,460308.83,5.24116,167.3,TRUE,5.3,400,300
12618,2022/10/19 16:42,131.4776295,47.05294417,5213265.332,460309.8915,5.51896,170.6,TRUE,5.3,400,300
12619,2022/10/19 16:42,131.477639,47.05289,5213259.305,460310.5732,6.55608,166.8,TRUE,5.3,400,300
12620,2022/10/19 16:42,131.4776602,47.05282533,5213252.104,460312.136,6.64868,168.5,TRUE,5.3,400,300
12621,2022/10/19 16:42,131.477679,47.05276367,5213245.24,460313.5187,6.59312,172.6,TRUE,5.3,400,300
12622,2022/10/19 16:42,131.4776967,47.05270083,5213238.245,460314.8169,6.18568,175.5,TRUE,5.3,400,300
12623,2022/10/19 16:42,131.4777173,47.05264467,5213231.991,460316.3405,5.48192,168,TRUE,5.3,400,300
12624,2022/10/19 16:42,131.4777287,47.05258433,5213225.277,460317.1619,5.59304,172.5,TRUE,5.3,400,300
12625,2022/10/19 16:42,131.4777488,47.05252667,5213218.857,460318.6464,5.51896,168.3,TRUE,5.3,400,300
12626,2022/10/19 16:42,131.4777637,47.0524675,5213212.271,460319.7346,5.38932,174.1,TRUE,5.3,400,300
12627,2022/10/19 16:42,131.477791,47.05240683,5213205.513,460321.7639,6.24124,170.9,TRUE,5.3,400,300
12628,2022/10/19 16:43,131.4778097,47.0523395,5213198.018,460323.1348,7.24132,166.3,TRUE,5.3,400,300
12629,2022/10/19 16:43,131.4778395,47.05226767,5213190.018,460325.3458,6.7598,166.1,TRUE,5.3,400,300
12630,2022/10/19 16:43,131.4778565,47.0521955,5213181.986,460326.5839,7.18576,170.2,TRUE,5.3,400,300
12631,2022/10/19 16:43,131.4778668,47.05212383,5213174.013,460327.3134,7.01908,172.9,TRUE,5.3,400,300
12632,2022/10/19 16:43,131.4778942,47.05205517,5213166.366,460329.3444,6.1116,169.3,TRUE,5.3,400,300
12633,2022/10/19 16:43,131.4779047,47.05199667,5213159.857,460330.0988,7.0376,172.4,TRUE,5.3,400,300
12634,2022/10/19 16:43,131.4779193,47.05192517,5213151.901,460331.1551,7.05612,173.7,TRUE,5.3,400,300
12635,2022/10/19 16:43,131.4779362,47.05186117,5213144.777,460332.3918,6.2968,165.9,TRUE,5.3,400,300
12636,2022/10/19 16:43,131.4779487,47.05179467,5213137.378,460333.2922,6.50052,168.7,TRUE,5.3,400,300
12637,2022/10/19 16:43,131.477961,47.0517395,5213131.238,460334.1859,7.83396,167.1,TRUE,5.3,400,300
12638,2022/10/19 16:43,131.4779843,47.0516765,5213124.223,460335.9096,5.7412,173,TRUE,5.3,400,300
12639,2022/10/19 16:43,131.4780025,47.05161233,5213117.08,460337.2449,5.51896,169.2,TRUE,5.3,400,300
12640,2022/10/19 16:43,131.4780182,47.05153967,5213108.994,460338.384,6.79684,166,TRUE,5.3,400,300
12641,2022/10/19 16:43,131.4780412,47.05147633,5213101.941,460340.0846,6.35236,164.1,TRUE,5.3,388,300
12642,2022/10/19 16:43,131.4780643,47.0514045,5213093.944,460341.7866,7.20428,164.3,TRUE,5.3,397,300
12643,2022/10/19 16:44,131.4780785,47.05132367,5213084.95,460342.8056,7.33392,167.8,TRUE,5.3,400,300
12644,2022/10/19 16:44,131.4780955,47.05125567,5213077.382,460344.0469,7.408,164,TRUE,5.3,400,300
12645,2022/10/19 16:44,131.4781162,47.051185,5213069.515,460345.5674,6.77832,173,TRUE,5.3,400,300
12646,2022/10/19 16:44,131.4781417,47.05110817,5213060.961,460347.448,6.92648,169.1,TRUE,5.3,400,300
12647,2022/10/19 16:44,131.4781577,47.05104383,5213053.8,460348.616,6.2968,168.2,TRUE,5.3,400,300
12648,2022/10/19 16:44,131.4781695,47.05097933,5213046.624,460349.4648,7.72284,165,TRUE,5.3,400,300
12649,2022/10/19 16:44,131.4781972,47.0509095,5213038.846,460351.5178,6.1116,167.6,TRUE,5.3,400,300
12650,2022/10/19 16:44,131.4782107,47.05084017,5213031.132,460352.4922,6.98204,165.9,TRUE,5.3,378,300
12651,2022/10/19 16:44,131.4782263,47.05078083,5213024.527,460353.6336,6.53756,167,TRUE,5.3,400,300
12652,2022/10/19 16:44,131.4782548,47.05071733,5213017.453,460355.7521,7.00056,172.3,TRUE,5.3,391,300
12653,2022/10/19 16:44,131.4782652,47.05065367,5213010.371,460356.4951,6.68572,171.1,TRUE,5.3,395,300
12654,2022/10/19 16:44,131.4782837,47.050571,5213001.171,460357.8396,6.40792,167.9,TRUE,5.3,400,300
12655,2022/10/19 16:44,131.4783023,47.050511,5212994.491,460359.2084,7.27836,169.4,TRUE,5.3,400,300
12656,2022/10/19 16:44,131.4783258,47.05043767,5212986.327,460360.9397,6.68572,169.6,TRUE,5.3,400,300
12657,2022/10/19 16:44,131.4783453,47.050367,5212978.461,460362.3691,6.55608,164.3,TRUE,5.3,394,300
12658,2022/10/19 16:45,131.4783713,47.05029667,5212970.629,460364.2925,6.63016,165.9,TRUE,5.3,395,300
12659,2022/10/19 16:45,131.4783818,47.05022167,5212962.286,460365.0348,6.482,164.6,TRUE,5.3,400,300
12660,2022/10/19 16:45,131.4784035,47.05015733,5212955.122,460366.636,6.63016,169.6,TRUE,5.3,400,300
12661,2022/10/19 16:45,131.4784233,47.050088,5212947.405,460368.0892,6.16716,168.3,TRUE,5.3,400,300
12662,2022/10/19 16:45,131.4784318,47.05001317,5212939.081,460368.6796,6.13012,172.6,TRUE,5.3,400,300
12663,2022/10/19 16:45,131.4784628,47.04993733,5212930.634,460370.9789,6.3894,174.2,TRUE,5.3,400,300
12664,2022/10/19 16:45,131.4784783,47.0498695,5212923.086,460372.1065,6.22272,170.3,TRUE,5.3,374,300
12665,2022/10/19 16:45,131.478493,47.0498045,5212915.852,460373.1753,5.093,169.7,TRUE,5.3,383,300
12666,2022/10/19 16:45,131.4785108,47.04974233,5212908.932,460374.4818,7.27836,169.2,TRUE,5.3,400,300
12667,2022/10/19 16:45,131.4785275,47.0496745,5212901.382,460375.7005,4.94484,167.7,TRUE,5.3,382,300
12668,2022/10/19 16:45,131.478543,47.0496105,5212894.26,460376.8309,6.07456,170.2,TRUE,5.3,400,300
12669,2022/10/19 16:45,131.478554,47.04955767,5212888.381,460377.6276,6.1116,168,TRUE,5.3,400,300
12670,2022/10/19 16:45,131.4785663,47.04948683,5212880.499,460378.5098,7.16724,169.1,TRUE,5.3,400,300
12671,2022/10/19 16:45,131.47858,47.049415,5212872.507,460379.4976,7.29688,172,TRUE,5.3,398,300
12672,2022/10/19 16:45,131.4786098,47.0493455,5212864.765,460381.7105,6.77832,170,TRUE,5.3,400,300
12673,2022/10/19 16:46,131.4786262,47.0492795,5212857.42,460382.9078,7.63024,173,TRUE,5.3,400,300
12674,2022/10/19 16:46,131.478653,47.0492145,5212850.18,460384.8961,6.96352,173.5,TRUE,5.3,388,300
12675,2022/10/19 16:46,131.4786757,47.0491375,5212841.608,460386.5639,6.74128,171.1,TRUE,5.3,400,300
12676,2022/10/19 16:46,131.4786915,47.04907183,5212834.3,460387.7159,5.59304,166.3,TRUE,5.3,371,300
12677,2022/10/19 16:46,131.4787008,47.04900333,5212826.68,460388.3718,7.14872,171.3,TRUE,5.3,400,300
12678,2022/10/19 16:46,131.4787145,47.04893633,5212819.224,460389.3633,6.63016,166.6,TRUE,5.3,400,300
12679,2022/10/19 16:46,131.4787258,47.04886517,5212811.308,460390.1692,6.70424,168.9,TRUE,5.3,371,300
12680,2022/10/19 16:46,131.4787545,47.04879233,5212803.195,460392.2961,6.81536,167.2,TRUE,5.3,400,300
12681,2022/10/19 16:46,131.4787838,47.048715,5212794.584,460394.4653,7.83396,173,TRUE,5.3,400,300
12682,2022/10/19 16:46,131.4787903,47.048628,5212784.908,460394.8948,7.57468,170.9,TRUE,5.3,400,300
12683,2022/10/19 16:46,131.478807,47.04855017,5212776.248,460396.1061,6.74128,171.8,TRUE,5.3,398,300
12684,2022/10/19 16:46,131.4788227,47.04847817,5212768.235,460397.2458,7.1302,168.1,TRUE,5.3,400,300
12685,2022/10/19 16:46,131.4788433,47.04840383,5212759.96,460398.7562,7.14872,166.8,TRUE,5.3,400,300
12686,2022/10/19 16:46,131.4788695,47.0483335,5212752.128,460400.695,7.408,171.1,TRUE,5.3,398,300
12687,2022/10/19 16:46,131.4788918,47.04825617,5212743.52,460402.3322,7.53764,171.9,TRUE,5.3,400,300
12688,2022/10/19 16:47,131.4789148,47.04818083,5212735.133,460404.0242,7.53764,169.9,TRUE,5.3,400,300
12689,2022/10/19 16:47,131.4789363,47.048105,5212726.692,460405.6018,7.83396,167.6,TRUE,5.3,400,300
12690,2022/10/19 16:47,131.4789625,47.04803,5212718.341,460407.5372,7.79692,170.1,TRUE,5.3,373,300
12691,2022/10/19 16:47,131.4789755,47.04795517,5212710.015,460408.4697,7.53764,173.3,TRUE,5.3,382,300
12692,2022/10/19 16:47,131.4789988,47.04787933,5212701.572,460410.1841,6.79684,170.1,TRUE,5.3,370,300
12693,2022/10/19 16:47,131.4790158,47.04780317,5212693.097,460411.4195,6.72276,169.6,TRUE,5.3,400,300
12694,2022/10/19 16:47,131.4790437,47.047735,5212685.504,460413.4891,6.87092,172.2,TRUE,5.3,396,300
12695,2022/10/19 16:47,131.4790557,47.04766317,5212677.513,460414.3478,7.16724,168,TRUE,5.3,400,300
12696,2022/10/19 16:47,131.4790852,47.04758533,5212668.844,460416.5319,8.00064,168.1,TRUE,5.3,400,300
12697,2022/10/19 16:47,131.4790952,47.04750983,5212660.446,460417.2359,6.40792,166.7,TRUE,5.3,400,300
12698,2022/10/19 16:47,131.4791058,47.04743433,5212652.047,460417.9856,7.29688,170.8,TRUE,5.3,394,300
12699,2022/10/19 16:47,131.4791363,47.04735567,5212643.287,460420.245,7.55616,168.4,TRUE,5.3,400,300
12700,2022/10/19 16:47,131.4791642,47.047282,5212635.083,460422.3106,7.05612,174.9,TRUE,5.3,400,300
12701,2022/10/19 16:47,131.479186,47.04720483,5212626.492,460423.9101,7.25984,167.5,TRUE,5.3,400,300
12702,2022/10/19 16:47,131.479204,47.04713483,5212618.701,460425.2261,7.408,169.9,TRUE,5.3,373,300
12703,2022/10/19 16:48,131.479223,47.047068,5212611.262,460426.6205,6.63016,175.2,TRUE,5.3,399,300
12704,2022/10/19 16:48,131.4792328,47.04699617,5212603.272,460427.312,7.74136,170.9,TRUE,5.3,381,300
12705,2022/10/19 16:48,131.4792583,47.046913,5212594.013,460429.1882,8.1488,171.3,TRUE,5.3,400,300
12706,2022/10/19 16:48,131.4792733,47.0468355,5212585.389,460430.2708,7.29688,171.6,TRUE,5.3,400,300
12707,2022/10/19 16:48,131.4793028,47.04676283,5212577.296,460432.4587,7.38948,166.7,TRUE,5.3,400,300
12708,2022/10/19 16:48,131.479323,47.04669767,5212570.041,460433.9455,6.09308,172.6,TRUE,5.3,360,300
12709,2022/10/19 16:48,131.4793372,47.046627,5212562.178,460434.9723,7.48208,169.6,TRUE,5.3,400,300
12710,2022/10/19 16:48,131.479358,47.04656083,5212554.811,460436.504,6.945,166.7,TRUE,5.3,400,300
12711,2022/10/19 16:48,131.4793877,47.04648283,5212546.125,460438.7032,7.5932,167.4,TRUE,5.3,400,300
12712,2022/10/19 16:48,131.4794122,47.04641267,5212538.313,460440.5131,7.2228,171.5,TRUE,5.3,400,300
12713,2022/10/19 16:48,131.4794338,47.04635033,5212531.371,460442.1084,6.74128,169.5,TRUE,5.3,400,300
12714,2022/10/19 16:48,131.479454,47.04629483,5212525.191,460443.6023,5.68564,167.1,TRUE,5.3,398,300
12715,2022/10/19 16:48,131.4794573,47.04623667,5212518.724,460443.8101,4.51888,192.8,TRUE,5.3,332,300
12716,2022/10/19 16:48,131.4793898,47.04621767,5212516.645,460438.6667,5.33376,261.6,FALSE,5.3,0,300
12717,2022/10/19 16:48,131.4793183,47.04623217,5212518.294,460433.2441,6.25976,297.3,FALSE,5.3,0,300
12718,2022/10/19 16:49,131.4792915,47.04624833,5212520.104,460431.2196,5.01892,346.9,FALSE,5.3,0,300
12719,2022/10/19 16:49,131.479299,47.0462735,5212522.898,460431.8081,1.24084,2.3,TRUE,5.3,400,300
12720,2022/10/19 16:49,131.4793092,47.046305,5212526.395,460432.6065,5.87084,356.5,TRUE,5.3,366,300
12721,2022/10/19 16:49,131.4793065,47.04636333,5212532.881,460432.4445,5.2782,355,TRUE,5.3,348,300
12722,2022/10/19 16:49,131.4792983,47.0464135,5212538.462,460431.8584,5.33376,350.9,TRUE,5.3,395,300
12723,2022/10/19 16:49,131.479268,47.04647033,5212544.796,460429.598,6.03752,350.6,TRUE,5.3,400,300
12724,2022/10/19 16:49,131.4792608,47.0465265,5212551.044,460429.0924,5.90788,356.7,TRUE,5.3,400,300
12725,2022/10/19 16:49,131.4792335,47.04659133,5212558.265,460427.0658,6.1116,353,TRUE,5.3,400,300
12726,2022/10/19 16:49,131.4792162,47.04665067,5212564.87,460425.7951,5.98196,359.3,TRUE,5.3,397,300
12727,2022/10/19 16:49,131.4791992,47.0467165,5212572.197,460424.5519,6.05604,352.9,TRUE,5.3,395,300
12728,2022/10/19 16:49,131.47918,47.04678017,5212579.285,460423.14,6.18568,351.1,TRUE,5.3,400,300
12729,2022/10/19 16:49,131.4791635,47.04684167,5212586.131,460421.9317,6.55608,351,TRUE,5.3,400,300
12730,2022/10/19 16:49,131.4791497,47.04690117,5212592.752,460420.9271,6.09308,350.7,TRUE,5.3,396,300
12731,2022/10/19 16:49,131.4791283,47.046962,5212599.526,460419.3459,6.74128,353.5,TRUE,5.3,370,300
12732,2022/10/19 16:49,131.4791073,47.04703317,5212607.449,460417.8028,6.70424,353.4,TRUE,5.3,400,300
12733,2022/10/19 16:50,131.4790962,47.04709517,5212614.347,460417.0052,6.53756,353.8,TRUE,5.3,400,300
12734,2022/10/19 16:50,131.4790772,47.047166,5212622.231,460415.6138,7.27836,356.1,TRUE,5.3,400,300
12735,2022/10/19 16:50,131.4790542,47.04723667,5212630.099,460413.9183,6.03752,352.3,TRUE,5.3,400,300
12736,2022/10/19 16:50,131.4790233,47.047305,5212637.711,460411.6208,6.2968,353.7,TRUE,5.3,400,300
12737,2022/10/19 16:50,131.4790088,47.04736733,5212644.647,460410.5651,6.6672,357.7,TRUE,5.3,400,300
12738,2022/10/19 16:50,131.4789878,47.04743217,5212651.866,460409.0173,6.27828,350.4,TRUE,5.3,400,300
12739,2022/10/19 16:50,131.478979,47.047491,5212658.411,460408.3921,6.40792,355.1,TRUE,5.3,400,300
12740,2022/10/19 16:50,131.4789652,47.04755317,5212665.33,460407.3895,6.482,353.6,TRUE,5.3,400,300
12741,2022/10/19 16:50,131.4789397,47.0476225,5212673.05,460405.5031,6.09308,353.5,TRUE,5.3,400,300
12742,2022/10/19 16:50,131.478911,47.04768883,5212680.438,460403.3713,6.945,353.6,TRUE,5.3,400,300
12743,2022/10/19 16:50,131.4788857,47.04775983,5212688.344,460401.5014,6.2042,355.3,TRUE,5.3,400,300
12744,2022/10/19 16:50,131.4788772,47.04782983,5212696.131,460400.9073,6.5746,354.9,TRUE,5.3,400,300
12745,2022/10/19 16:50,131.4788577,47.04789717,5212703.627,460399.4754,6.68572,353.5,TRUE,5.3,384,300
12746,2022/10/19 16:50,131.4788443,47.04795567,5212710.137,460398.5004,7.2228,0.1,TRUE,5.3,398,300
12747,2022/10/19 16:50,131.4788333,47.04801483,5212716.72,460397.7084,6.51904,355.5,TRUE,5.3,397,300
12748,2022/10/19 16:51,131.4788167,47.048081,5212724.084,460396.4959,6.27828,355.8,TRUE,5.3,376,300
12749,2022/10/19 16:51,131.4787967,47.04814383,5212731.079,460395.0227,6.42644,355.8,TRUE,5.3,399,300
12750,2022/10/19 16:51,131.4787815,47.04820367,5212737.74,460393.912,5.87084,355.1,TRUE,5.3,400,300
12751,2022/10/19 16:51,131.4787598,47.04827267,5212745.421,460392.3141,6.44496,355.8,TRUE,5.3,400,300
12752,2022/10/19 16:51,131.4787387,47.048341,5212753.028,460390.7614,6.13012,353.1,TRUE,5.3,400,300
12753,2022/10/19 16:51,131.4787182,47.04840617,5212760.284,460389.2519,6.87092,353,TRUE,5.3,400,300
12754,2022/10/19 16:51,131.4786998,47.04846767,5212767.13,460387.8993,6.81536,352.7,TRUE,5.3,397,300
12755,2022/10/19 16:51,131.478683,47.04852483,5212773.493,460386.665,6.53756,0.2,TRUE,5.3,374,300
12756,2022/10/19 16:51,131.4786757,47.04859417,5212781.205,460386.1616,6.51904,358.1,TRUE,5.3,397,300
12757,2022/10/19 16:51,131.4786557,47.048661,5212788.645,460384.6914,6.61164,351.6,TRUE,5.3,374,300
12758,2022/10/19 16:51,131.478635,47.048721,5212795.326,460383.1629,6.24124,355.3,TRUE,5.3,400,300
12759,2022/10/19 16:51,131.4786188,47.04877983,5212801.874,460381.9755,6.482,351.3,TRUE,5.3,399,300
12760,2022/10/19 16:51,131.4786063,47.04884367,5212808.978,460381.0729,6.7598,353,TRUE,5.3,381,300
12761,2022/10/19 16:51,131.4785852,47.04890617,5212815.937,460379.5159,6.24124,354.5,TRUE,5.3,400,300
12762,2022/10/19 16:51,131.4785627,47.04897167,5212823.23,460377.8547,6.74128,350.4,TRUE,5.3,398,300
12763,2022/10/19 16:52,131.4785382,47.0490415,5212831.005,460376.0448,6.83388,351.3,TRUE,5.3,400,300
12764,2022/10/19 16:52,131.4785257,47.04910467,5212838.034,460375.1417,6.88944,355.3,TRUE,5.3,400,300
12765,2022/10/19 16:52,131.4785062,47.04917383,5212845.733,460373.7112,6.46348,352.2,TRUE,5.3,398,300
12766,2022/10/19 16:52,131.4784857,47.04924017,5212853.118,460372.2026,6.945,353.7,TRUE,5.3,400,300
12767,2022/10/19 16:52,131.478468,47.04930433,5212860.26,460370.9052,5.96344,351.9,TRUE,5.3,400,300
12768,2022/10/19 16:52,131.4784557,47.04936983,5212867.548,460370.0191,6.59312,359.3,TRUE,5.3,370,300
12769,2022/10/19 16:52,131.4784368,47.0494325,5212874.525,460368.6294,5.6486,356.8,TRUE,5.3,373,300
12770,2022/10/19 16:52,131.4784317,47.04949783,5212881.79,460368.2903,6.35236,354.8,TRUE,5.3,400,300
12771,2022/10/19 16:52,131.4784037,47.04956267,5212889.013,460366.2107,6.13012,353,TRUE,5.3,364,300
12772,2022/10/19 16:52,131.4783812,47.04963083,5212896.602,460364.5515,6.05604,350,TRUE,5.3,400,300
12773,2022/10/19 16:52,131.4783723,47.0496935,5212903.573,460363.9217,6.87092,357,TRUE,5.3,400,300
12774,2022/10/19 16:52,131.4783618,47.04974967,5212909.823,460363.1654,6.14864,355,TRUE,5.3,395,300
12775,2022/10/19 16:52,131.4783353,47.049817,5212917.322,460361.2017,6.72276,352.4,TRUE,5.3,400,300
12776,2022/10/19 16:52,131.4783188,47.0498835,5212924.723,460359.9972,6.79684,355.2,TRUE,5.3,397,300
12777,2022/10/19 16:52,131.4782958,47.049946,5212931.683,460358.2959,6.46348,355,TRUE,5.3,400,300
12778,2022/10/19 16:53,131.47828,47.05001067,5212938.88,460357.1432,6.07456,350.1,TRUE,5.3,400,300
12779,2022/10/19 16:53,131.4782613,47.05007233,5212945.745,460355.768,6.13012,349.1,TRUE,5.3,397,300
12780,2022/10/19 16:53,131.4782422,47.0501365,5212952.888,460354.3643,6.482,354.5,TRUE,5.3,397,300
12781,2022/10/19 16:53,131.4782282,47.05020267,5212960.251,460353.3495,6.40792,354.5,TRUE,5.3,360,300
12782,2022/10/19 16:53,131.4782163,47.05026317,5212966.983,460352.4901,6.5746,354.1,TRUE,5.3,384,300
12783,2022/10/19 16:53,131.478201,47.05032333,5212973.679,460351.3722,6.55608,354.7,TRUE,5.3,399,300
12784,2022/10/19 16:53,131.4781788,47.05039283,5212981.417,460349.7368,6.98204,354.6,TRUE,5.3,400,300
12785,2022/10/19 16:53,131.4781687,47.05045683,5212988.537,460349.0168,6.72276,353.1,TRUE,5.3,400,300
12786,2022/10/19 16:53,131.4781545,47.05051217,5212994.696,460347.9788,6.83388,352.1,TRUE,5.3,399,300
12787,2022/10/19 16:53,131.4781347,47.05058717,5213003.044,460346.53,7.01908,353.1,TRUE,5.3,400,300
12788,2022/10/19 16:53,131.4781127,47.05064883,5213009.91,460344.904,5.98196,358.1,TRUE,5.3,400,300
12789,2022/10/19 16:53,131.4780972,47.050712,5213016.941,460343.7731,6.13012,352.1,TRUE,5.3,400,300
12790,2022/10/19 16:53,131.4780732,47.05077717,5213024.198,460341.9978,6.13012,353.8,TRUE,5.3,400,300
12791,2022/10/19 16:53,131.4780518,47.050837,5213030.86,460340.4161,6.14864,354.4,TRUE,5.3,397,300
12792,2022/10/19 16:53,131.4780285,47.05089633,5213037.468,460338.6896,6.25976,351.4,TRUE,5.3,399,300
12793,2022/10/19 16:54,131.4780145,47.05096333,5213044.923,460337.6755,7.01908,349.6,TRUE,5.3,400,300
12794,2022/10/19 16:54,131.4780017,47.05102967,5213052.305,460336.7521,6.55608,356.2,TRUE,5.3,397,300
12795,2022/10/19 16:54,131.4779923,47.05109117,5213059.147,460336.0835,6.05604,352.3,TRUE,5.3,400,300
12796,2022/10/19 16:54,131.47797,47.05115267,5213065.995,460334.4347,6.74128,355.8,TRUE,5.3,400,300
12797,2022/10/19 16:54,131.477952,47.05122083,5213073.582,460333.1175,5.90788,352.3,TRUE,5.3,400,300
12798,2022/10/19 16:54,131.4779293,47.05128233,5213080.43,460331.4383,6.53756,354.5,TRUE,5.3,400,300
12799,2022/10/19 16:54,131.477902,47.05135183,5213088.171,460329.4155,6.98204,353.6,TRUE,5.3,400,300
12800,2022/10/19 16:54,131.4778945,47.05141167,5213094.827,460328.89,6.61164,351.7,TRUE,5.3,400,300
12801,2022/10/19 16:54,131.4778732,47.05147933,5213102.359,460327.3217,5.88936,357.3,TRUE,5.3,400,300
12802,2022/10/19 16:54,131.4778627,47.051542,5213109.332,460326.5704,6.24124,354.3,TRUE,5.3,393,300
12803,2022/10/19 16:54,131.4778478,47.051604,5213116.232,460325.4842,5.98196,354.1,TRUE,5.3,400,300
12804,2022/10/19 16:54,131.4778397,47.05166467,5213122.981,460324.9138,6.53756,351.6,TRUE,5.3,396,300
12805,2022/10/19 16:54,131.4778302,47.0517295,5213130.193,460324.24,6.14864,351.5,TRUE,5.3,400,300
12806,2022/10/19 16:54,131.4778033,47.05180233,5213138.303,460322.2501,6.92648,356.4,TRUE,5.3,378,300
12807,2022/10/19 16:54,131.4777808,47.05186367,5213145.134,460320.586,6.5746,355.1,TRUE,5.3,400,300
12808,2022/10/19 16:55,131.4777612,47.05194117,5213153.76,460319.1542,6.88944,356.3,TRUE,5.3,397,300
12809,2022/10/19 16:55,131.4777368,47.05200917,5213161.332,460317.3507,6.482,353.1,TRUE,5.3,400,300
12810,2022/10/19 16:55,131.4777153,47.05207767,5213168.958,460315.7679,6.3894,350.2,TRUE,5.3,393,300
12811,2022/10/19 16:55,131.4776977,47.05214,5213175.896,460314.4769,6.31532,349.1,TRUE,5.3,374,300
12812,2022/10/19 16:55,131.477681,47.052204,5213183.02,460313.2555,6.46348,349.5,TRUE,5.3,400,300
12813,2022/10/19 16:55,131.4776702,47.05226183,5213189.454,460312.4778,6.98204,351.2,TRUE,5.3,400,300
12814,2022/10/19 16:55,131.4776505,47.05233117,5213197.173,460311.0324,6.24124,350.4,TRUE,5.3,400,300
12815,2022/10/19 16:55,131.4776508,47.05239167,5213203.898,460311.1,7.00056,352.4,TRUE,5.3,400,300
12816,2022/10/19 16:55,131.4776242,47.052461,5213211.619,460309.1304,6.61164,351.3,TRUE,5.3,400,300
12817,2022/10/19 16:55,131.4775995,47.05253167,5213219.488,460307.3061,6.64868,351.1,TRUE,5.3,400,300
12818,2022/10/19 16:55,131.4775813,47.052599,5213226.983,460305.9732,5.59304,352.2,TRUE,5.3,400,300
12819,2022/10/19 16:55,131.4775737,47.05265633,5213233.36,460305.4383,6.51904,348,TRUE,5.3,400,300
12820,2022/10/19 16:55,131.4775568,47.05272117,5213240.577,460304.2023,6.27828,346.9,TRUE,5.3,397,300
12821,2022/10/19 16:55,131.4775467,47.05278267,5213247.419,460303.4805,6.13012,349.3,TRUE,5.3,400,300
12822,2022/10/19 16:55,131.4775227,47.05286033,5213256.065,460301.7146,6.40792,357.4,TRUE,5.3,374,300
12823,2022/10/19 16:56,131.4775107,47.05292167,5213262.89,460300.8484,6.96352,359.3,TRUE,5.3,389,300
12824,2022/10/19 16:56,131.477494,47.0529895,5213270.44,460299.6298,4.96336,352.5,TRUE,5.3,400,300
12825,2022/10/19 16:56,131.477471,47.0530545,5213277.677,460297.9305,5.75972,350,TRUE,5.3,400,300
12826,2022/10/19 16:56,131.477446,47.05312217,5213285.213,460296.0812,7.09316,353.9,TRUE,5.3,395,300
12827,2022/10/19 16:56,131.4774105,47.05318683,5213292.419,460293.4319,5.77824,350.7,TRUE,5.3,374,300
12828,2022/10/19 16:56,131.4774023,47.0532485,5213299.28,460292.8546,5.96344,352.8,TRUE,5.3,400,300
12829,2022/10/19 16:56,131.4773902,47.05330867,5213305.975,460291.9799,6.25976,351.1,TRUE,5.3,400,300
12830,2022/10/19 16:56,131.477389,47.05336583,5213312.33,460291.9312,6.87092,349.8,TRUE,5.3,400,300
12831,2022/10/19 16:56,131.4773628,47.05343367,5213319.885,460289.9909,5.90788,354.6,TRUE,5.3,396,300
12832,2022/10/19 16:56,131.4773447,47.0535015,5213327.435,460288.666,5.77824,353.3,TRUE,5.3,400,300
12833,2022/10/19 16:56,131.4773315,47.05356433,5213334.427,460287.7097,5.61156,352.4,TRUE,5.3,400,300
12834,2022/10/19 16:56,131.4773207,47.05360883,5213339.379,460286.9222,5.03744,351.4,TRUE,5.3,400,300
12835,2022/10/19 16:56,131.4773112,47.05365917,5213344.981,460286.2377,4.00032,350.3,TRUE,5.3,400,300
12836,2022/10/19 16:56,131.477291,47.0537015,5213349.697,460284.7344,3.38916,3.2,TRUE,5.3,400,300
12837,2022/10/19 16:56,131.4772762,47.05373817,5213353.781,460283.6371,3.07432,350.6,TRUE,5.3,400,300
12838,2022/10/19 16:57,131.4772775,47.05377167,5213357.505,460283.7607,4.27812,3.4,TRUE,5.3,400,300
12839,2022/10/19 16:57,131.4773013,47.05381367,5213362.162,460285.6002,4.40776,44.3,FALSE,5.3,0,300
12840,2022/10/19 16:57,131.4773442,47.05383767,5213364.808,460288.8776,5.40784,68.9,FALSE,5.3,0,300
12841,2022/10/19 16:57,131.477393,47.05385717,5213366.951,460292.5998,4.92632,69.2,FALSE,5.3,0,300
12842,2022/10/19 16:57,131.4774523,47.05388867,5213370.423,460297.1288,5.4634,74,FALSE,5.3,0,300
12843,2022/10/19 16:57,131.4775292,47.05389733,5213371.347,460302.978,5.07448,107.6,FALSE,5.3,0,300
12844,2022/10/19 16:57,131.4775598,47.05388183,5213369.608,460305.2915,4.11144,136,FALSE,5.3,0,300
12845,2022/10/19 16:57,131.4775578,47.053858,5213366.96,460305.1218,5.05596,179.1,TRUE,5.3,361,300
12846,2022/10/19 16:57,131.4775552,47.053825,5213363.292,460304.8998,1.70384,195.9,TRUE,5.3,268,300
12847,2022/10/19 16:57,131.4775563,47.053788,5213359.179,460304.9559,4.37072,171.1,TRUE,5.3,375,300
12848,2022/10/19 16:57,131.4775657,47.0537405,5213353.893,460305.6349,4.85224,171.9,TRUE,5.3,400,300
12849,2022/10/19 16:57,131.4775777,47.0536955,5213348.884,460306.5132,3.38916,165.4,TRUE,5.3,400,300
12850,2022/10/19 16:57,131.4775865,47.05364517,5213343.285,460307.1445,4.8152,169.2,TRUE,5.3,400,300
12851,2022/10/19 16:57,131.4775945,47.05359867,5213338.111,460307.7179,4.88928,173.4,TRUE,5.3,400,300
12852,2022/10/19 16:57,131.4776152,47.0535415,5213331.745,460309.2482,6.27828,172.3,TRUE,5.3,400,300
12853,2022/10/19 16:58,131.4776423,47.05348867,5213325.858,460311.2681,5.96344,169.8,TRUE,5.3,400,300
12854,2022/10/19 16:58,131.4776637,47.05344317,5213320.789,460312.8603,5.98196,168.3,TRUE,5.3,400,300
12855,2022/10/19 16:58,131.477682,47.05338017,5213313.776,460314.204,6.2042,171.9,TRUE,5.3,400,300
12856,2022/10/19 16:58,131.4776912,47.053315,5213306.526,460314.8547,5.16708,169.7,TRUE,5.3,400,300
12857,2022/10/19 16:58,131.4777077,47.0532555,5213299.903,460316.0642,6.07456,165.3,TRUE,5.3,400,300
12858,2022/10/19 16:58,131.4777252,47.05319167,5213292.798,460317.3465,6.50052,175.2,TRUE,5.3,400,300
12859,2022/10/19 16:58,131.477737,47.05312983,5213285.917,460318.1972,5.8338,169.8,TRUE,5.3,400,300
12860,2022/10/19 16:58,131.4777565,47.05306317,5213278.497,460319.6294,6.51904,169.3,TRUE,5.3,400,300
12861,2022/10/19 16:58,131.4777873,47.052993,5213270.68,460321.9175,5.94492,168.4,TRUE,5.3,400,300
12862,2022/10/19 16:58,131.4777893,47.05292333,5213262.934,460322.0178,7.14872,168.6,TRUE,5.3,400,300
12863,2022/10/19 16:58,131.477808,47.05285283,5213255.087,460323.3863,6.7598,168.5,TRUE,5.3,400,300
12864,2022/10/19 16:58,131.4778317,47.0527785,5213246.811,460325.132,7.20428,167.5,TRUE,5.3,400,300
12865,2022/10/19 16:58,131.4778438,47.05269983,5213238.059,460325.993,6.8524,171.9,TRUE,5.3,400,300
12866,2022/10/19 16:58,131.4778585,47.052627,5213229.955,460327.0559,7.74136,173,TRUE,5.3,400,300
12867,2022/10/19 16:58,131.4778785,47.05256117,5213222.627,460328.5267,7.408,170.6,TRUE,5.3,400,300
12868,2022/10/19 16:59,131.4779017,47.05248117,5213213.721,460330.2301,7.44504,170.6,TRUE,5.3,400,300
12869,2022/10/19 16:59,131.4779098,47.052412,5213206.027,460330.7943,6.14864,170.6,TRUE,5.3,400,300
12870,2022/10/19 16:59,131.4779278,47.0523495,5213199.07,460332.1156,5.57452,170.5,TRUE,5.3,400,300
12871,2022/10/19 16:59,131.4779533,47.05229067,5213192.517,460334.0095,5.70416,166.1,TRUE,5.3,400,300
12872,2022/10/19 16:59,131.4779735,47.05223717,5213186.559,460335.5047,6.482,167.7,TRUE,5.3,400,300
12873,2022/10/19 16:59,131.4779928,47.052175,5213179.638,460336.925,6.24124,166.1,TRUE,5.3,390,300
12874,2022/10/19 16:59,131.4779992,47.052103,5213171.63,460337.3579,7.27836,170,TRUE,5.3,400,300
12875,2022/10/19 16:59,131.4780215,47.05203717,5213164.3,460339.0035,7.1302,170.1,TRUE,5.3,400,300
12876,2022/10/19 16:59,131.478038,47.05197133,5213156.972,460340.2084,6.25976,163.6,TRUE,5.3,400,300
12877,2022/10/19 16:59,131.4780592,47.05190117,5213149.162,460341.7672,6.83388,167.1,TRUE,5.3,400,300
12878,2022/10/19 16:59,131.4780807,47.05182367,5213140.535,460343.3434,7.66728,170.2,TRUE,5.3,400,300
12879,2022/10/19 16:59,131.4780953,47.05174767,5213132.079,460344.3964,7.3154,169.9,TRUE,5.3,400,300
12880,2022/10/19 16:59,131.4781145,47.0516815,5213124.713,460345.8062,6.74128,164.7,TRUE,5.3,400,300
12881,2022/10/19 16:59,131.4781378,47.05161117,5213116.882,460347.5245,7.16724,169.5,TRUE,5.3,400,300
12882,2022/10/19 16:59,131.4781543,47.05153317,5213108.203,460348.7204,7.1302,169.8,TRUE,5.3,400,300
12883,2022/10/19 17:00,131.4781698,47.05146233,5213100.319,460349.8456,6.46348,168.5,TRUE,5.3,377,300
12884,2022/10/19 17:00,131.4781835,47.051391,5213092.382,460350.8337,8.037681,171.6,TRUE,5.3,400,300
12885,2022/10/19 17:00,131.478204,47.0513175,5213084.201,460352.3369,6.945,171.3,TRUE,5.3,400,300
12886,2022/10/19 17:00,131.4782342,47.051248,5213076.459,460354.5801,7.11168,167.4,TRUE,5.3,400,300
12887,2022/10/19 17:00,131.4782507,47.05118217,5213069.132,460355.785,7.871,171.8,TRUE,5.3,400,300
12888,2022/10/19 17:00,131.4782653,47.05111067,5213061.176,460356.8414,6.61164,173.4,TRUE,5.3,400,300
12889,2022/10/19 17:00,131.4782867,47.05104,5213053.309,460358.415,6.70424,175,TRUE,5.3,400,300
12890,2022/10/19 17:00,131.4782962,47.05097833,5213046.448,460359.0912,6.51904,173.2,TRUE,5.3,400,300
12891,2022/10/19 17:00,131.478309,47.05092267,5213040.254,460360.0225,6.945,174.4,TRUE,5.3,400,300
12892,2022/10/19 17:00,131.4783248,47.050851,5213032.278,460361.17,5.68564,174.4,TRUE,5.3,400,300
12893,2022/10/19 17:00,131.4783468,47.050791,5213025.597,460362.7972,6.35236,168.4,TRUE,5.3,400,300
12894,2022/10/19 17:00,131.4783673,47.05072383,5213018.119,460364.3051,7.18576,168.8,TRUE,5.3,373,300
12895,2022/10/19 17:00,131.478393,47.050651,5213010.009,460366.2039,7.5932,170.3,TRUE,5.3,400,300
12896,2022/10/19 17:00,131.4784057,47.050571,5213001.109,460367.1096,7.408,166.3,TRUE,5.3,377,300
12897,2022/10/19 17:00,131.4784212,47.05049517,5212992.671,460368.2312,7.64876,177.8,TRUE,5.3,400,300
12898,2022/10/19 17:01,131.4784422,47.05041983,5212984.285,460369.7711,7.1302,171.6,TRUE,5.3,400,300
12899,2022/10/19 17:01,131.4784615,47.05034733,5212976.215,460371.1839,7.704319,172.7,TRUE,5.3,400,300
12900,2022/10/19 17:01,131.4784767,47.05027483,5212968.148,460372.2851,7.83396,167.8,TRUE,5.3,400,300
12901,2022/10/19 17:01,131.4785087,47.0502015,5212959.979,460374.6623,7.35244,174.5,TRUE,5.3,400,300
12902,2022/10/19 17:01,131.4785275,47.05012983,5212952.002,460376.0377,7.5006,170.8,TRUE,5.3,400,300
12903,2022/10/19 17:01,131.4785512,47.05004883,5212942.985,460377.7786,6.96352,167.7,TRUE,5.3,400,300
12904,2022/10/19 17:01,131.4785613,47.04997183,5212934.42,460378.489,7.38948,167.4,TRUE,5.3,400,300
12905,2022/10/19 17:01,131.4785898,47.04989683,5212926.068,460380.599,7.81544,173.7,TRUE,5.3,400,300
12906,2022/10/19 17:01,131.4786065,47.04981917,5212917.426,460381.8105,7.5932,170.4,TRUE,5.3,400,300
12907,2022/10/19 17:01,131.4786352,47.04975133,5212909.869,460383.941,7.07464,168.5,TRUE,5.3,400,300
12908,2022/10/19 17:01,131.4786588,47.049678,5212901.705,460385.68,7.01908,165.5,TRUE,5.3,400,300
12909,2022/10/19 17:01,131.4786798,47.0496015,5212893.19,460387.219,7.37096,170.8,TRUE,5.3,400,300
12910,2022/10/19 17:01,131.4787235,47.04952483,5212884.644,460390.4828,7.29688,166,TRUE,5.3,400,300
12911,2022/10/19 17:01,131.4787355,47.04944983,5212876.3,460391.3391,8.334,171.8,TRUE,5.3,395,300
12912,2022/10/19 17:01,131.4787645,47.04936417,5212866.763,460393.4793,7.6858,174.7,TRUE,5.3,400,300
12913,2022/10/19 17:02,131.4787632,47.0492855,5212858.017,460393.3223,7.01908,166,TRUE,5.3,399,300
12914,2022/10/19 17:02,131.4787827,47.04921533,5212850.207,460394.752,7.35244,173.3,TRUE,5.3,373,300
12915,2022/10/19 17:02,131.478782,47.04914283,5212842.147,460394.6452,6.31532,166.7,TRUE,5.3,400,300
12916,2022/10/19 17:02,131.4787987,47.04906467,5212833.449,460395.8563,7.38948,165.5,TRUE,5.3,400,300
12917,2022/10/19 17:02,131.4788245,47.0489905,5212825.191,460397.7618,6.92648,169.9,TRUE,5.3,400,300
12918,2022/10/19 17:02,131.4788363,47.04891583,5212816.884,460398.6032,7.61172,170.6,TRUE,5.3,400,300
12919,2022/10/19 17:02,131.4788523,47.04883667,5212808.075,460399.7604,7.51912,164.8,TRUE,5.3,400,300
12920,2022/10/19 17:02,131.4788718,47.04876467,5212800.061,460401.1888,7.408,173.7,TRUE,5.3,400,300
12921,2022/10/19 17:02,131.4789023,47.04868233,5212790.892,460403.4455,7.66728,170.5,TRUE,5.3,400,300
12922,2022/10/19 17:02,131.4789327,47.04860583,5212782.372,460405.6989,7.852479,167.1,TRUE,5.3,400,300
12923,2022/10/19 17:02,131.4789563,47.04853717,5212774.727,460407.4414,7.3154,172.7,TRUE,5.3,400,300
12924,2022/10/19 17:02,131.4789665,47.04844983,5212765.012,460408.1518,7.44504,172.9,TRUE,5.3,370,300
12925,2022/10/19 17:02,131.4789938,47.048378,5212757.013,460410.1731,7.42652,178,TRUE,5.3,400,300
12926,2022/10/19 17:02,131.4790173,47.04829883,5212748.199,460411.9002,6.61164,170.8,TRUE,5.3,400,300
12927,2022/10/19 17:02,131.4790377,47.04823083,5212740.629,460413.4,7.463561,171,TRUE,5.3,400,300
12928,2022/10/19 17:03,131.4790612,47.048156,5212732.298,460415.1304,7.18576,166.3,TRUE,5.3,400,300
12929,2022/10/19 17:03,131.4790962,47.0480785,5212723.665,460417.7326,7.29688,170.8,TRUE,5.3,367,300
12930,2022/10/19 17:03,131.4791065,47.04800967,5212716.008,460418.4644,7.2228,166.2,TRUE,5.3,399,300
12931,2022/10/19 17:03,131.479109,47.04794367,5212708.669,460418.6055,7.18576,173.3,TRUE,5.3,400,300
12932,2022/10/19 17:03,131.4791185,47.0478685,5212700.308,460419.2718,7.81544,165.3,TRUE,5.3,400,300
12933,2022/10/19 17:03,131.4791347,47.0477895,5212691.517,460420.4443,7.5006,173.3,TRUE,5.3,400,300
12934,2022/10/19 17:03,131.4791648,47.04771667,5212683.405,460422.6777,6.44496,170.1,TRUE,5.3,369,300
12935,2022/10/19 17:03,131.4791838,47.0476465,5212675.595,460424.0696,7.33392,172.3,TRUE,5.3,400,300
12936,2022/10/19 17:03,131.4792043,47.04756883,5212666.95,460425.5699,8.22288,171.4,TRUE,5.3,400,300
12937,2022/10/19 17:03,131.4792182,47.04749067,5212658.253,460426.5683,7.33392,167.1,TRUE,5.3,400,300
12938,2022/10/19 17:03,131.4792585,47.0474155,5212649.876,460429.5751,6.61164,171.4,TRUE,5.3,359,300
12939,2022/10/19 17:03,131.4792802,47.04733933,5212641.397,460431.1677,7.90804,170.4,TRUE,5.3,400,300
12940,2022/10/19 17:03,131.4793053,47.04726133,5212632.713,460433.0173,7.63024,170,TRUE,5.3,400,300
12941,2022/10/19 17:03,131.479328,47.0471865,5212624.383,460434.6869,8.0562,167.2,TRUE,5.3,400,300
12942,2022/10/19 17:03,131.479359,47.04711017,5212615.881,460436.9861,7.27836,173.8,TRUE,5.3,400,300
12943,2022/10/19 17:04,131.4793697,47.04703417,5212607.427,460437.743,8.2414,169.6,TRUE,5.3,374,300
12944,2022/10/19 17:04,131.4793908,47.04696433,5212599.652,460439.2948,7.48208,164.4,TRUE,5.3,400,300
12945,2022/10/19 17:04,131.479407,47.04688933,5212591.306,460440.4703,7.79692,174.7,TRUE,5.3,354,300
12946,2022/10/19 17:04,131.4794302,47.0468105,5212582.531,460442.175,7.3154,169.8,TRUE,5.3,400,300
12947,2022/10/19 17:04,131.4794528,47.04673483,5212574.107,460443.8364,7.2228,167.6,TRUE,5.3,400,300
12948,2022/10/19 17:04,131.479469,47.046668,5212566.669,460445.018,7.33392,167.6,TRUE,5.3,400,300
12949,2022/10/19 17:04,131.4794878,47.04659167,5212558.174,460446.3902,8.00064,171.8,TRUE,5.3,398,300
12950,2022/10/19 17:04,131.4794983,47.046513,5212549.423,460447.13,7.704319,169.5,TRUE,5.3,400,300
12951,2022/10/19 17:04,131.4795293,47.04644233,5212541.551,460449.4334,7.57468,171.4,TRUE,5.3,400,300
12952,2022/10/19 17:04,131.4795532,47.0463765,5212534.22,460451.2009,5.72268,163.4,TRUE,5.3,400,300
12953,2022/10/19 17:04,131.479577,47.0463225,5212528.205,460452.9696,5.20412,165.2,TRUE,5.3,400,300
12954,2022/10/19 17:04,131.479595,47.04627883,5212523.341,460454.3051,4.27812,178.5,TRUE,5.3,400,300
12955,2022/10/19 17:04,131.4795747,47.046261,5212521.369,460452.7493,3.57436,225.8,FALSE,5.3,0,300
12956,2022/10/19 17:04,131.4795358,47.04625683,5212520.925,460449.7902,1.96312,84.5,FALSE,5.3,0,300
12957,2022/10/19 17:04,131.4795778,47.04626417,5212521.72,460452.9872,2.57428,52.5,FALSE,5.3,0,300
12958,2022/10/19 17:05,131.4796093,47.0462585,5212521.074,460455.3767,0.70376,77.4,FALSE,5.3,0,300
12959,2022/10/19 17:05,131.4795822,47.04626133,5212521.402,460453.3195,4.77816,327,FALSE,5.3,0,300
12960,2022/10/19 17:05,131.4795883,47.04627767,5212523.215,460453.7951,7.16724,11.7,TRUE,5.3,120,300
12961,2022/10/19 17:05,131.4796333,47.04629033,5212524.6,460457.224,4.40776,21,TRUE,5.3,400,300
12962,2022/10/19 17:05,131.479652,47.04633283,5212529.315,460458.6764,5.40784,2.9,TRUE,5.3,400,300
12963,2022/10/19 17:05,131.479614,47.04639283,5212536.005,460455.8332,6.22272,1,TRUE,5.3,400,300
12964,2022/10/19 17:05,131.4795763,47.04645933,5212543.417,460453.0175,5.98196,357.4,TRUE,5.3,400,300
12965,2022/10/19 17:05,131.4795388,47.04652967,5212551.256,460450.2199,5.61156,358.8,TRUE,5.3,400,300
12966,2022/10/19 17:05,131.4794988,47.046587,5212557.649,460447.2227,6.07456,357,TRUE,5.3,400,300
12967,2022/10/19 17:05,131.4794702,47.04665167,5212564.853,460445.0972,7.18576,357,TRUE,5.3,400,300
12968,2022/10/19 17:05,131.4794578,47.04671817,5212572.252,460444.2041,7.1302,358.5,TRUE,5.3,400,300
12969,2022/10/19 17:05,131.4794445,47.04678917,5212580.152,460443.2459,7.07464,352.7,TRUE,5.3,400,300
12970,2022/10/19 17:05,131.4794268,47.0468645,5212588.536,460441.9566,6.5746,356.7,TRUE,5.3,400,300
12971,2022/10/19 17:05,131.4793997,47.0469475,5212597.777,460439.9586,6.1116,354.6,TRUE,5.3,400,300
12972,2022/10/19 17:05,131.4793822,47.04701817,5212605.642,460438.6811,6.50052,352.8,TRUE,5.3,400,300
12973,2022/10/19 17:06,131.479369,47.04708183,5212612.726,460437.7251,6.42644,357.7,TRUE,5.3,400,300
12974,2022/10/19 17:06,131.4793612,47.047159,5212621.309,460437.1894,6.25976,352.1,TRUE,5.3,400,300
12975,2022/10/19 17:06,131.4793477,47.047222,5212628.32,460436.2102,7.16724,357.7,TRUE,5.3,400,300
12976,2022/10/19 17:06,131.4793245,47.04730067,5212637.077,460434.5054,7.889521,350.6,TRUE,5.3,400,300
12977,2022/10/19 17:06,131.4793033,47.04736917,5212644.703,460432.9451,7.09316,352.3,TRUE,5.3,400,300
12978,2022/10/19 17:06,131.4792772,47.04743367,5212651.887,460431.0095,6.8524,0.1,TRUE,5.3,400,300
12979,2022/10/19 17:06,131.4792582,47.04749433,5212658.64,460429.6106,7.98212,352.8,TRUE,5.3,400,300
12980,2022/10/19 17:06,131.4792373,47.04757317,5212667.415,460428.0807,6.7598,352.3,TRUE,5.3,400,300
12981,2022/10/19 17:06,131.479221,47.04763983,5212674.834,460426.8914,7.2228,356.5,TRUE,5.3,400,300
12982,2022/10/19 17:06,131.4791893,47.04771567,5212683.282,460424.5387,6.79684,354.7,TRUE,5.3,400,300
12983,2022/10/19 17:06,131.4791667,47.04778717,5212691.242,460422.8742,6.90796,350.1,TRUE,5.3,400,300
12984,2022/10/19 17:06,131.4791393,47.04786267,5212699.649,460420.848,7.14872,356.7,TRUE,5.3,400,300
12985,2022/10/19 17:06,131.4791258,47.04793383,5212707.567,460419.8748,7.09316,356.1,TRUE,5.3,400,300
12986,2022/10/19 17:06,131.4791123,47.048004,5212715.375,460418.9009,7.2228,354.5,TRUE,5.3,400,300
12987,2022/10/19 17:06,131.479096,47.04808167,5212724.018,460417.7198,7.61172,351.2,TRUE,5.3,400,300
12988,2022/10/19 17:07,131.4790835,47.0481555,5212732.232,460416.8245,7.57468,356,TRUE,5.3,400,300
12989,2022/10/19 17:07,131.4790697,47.04822467,5212739.928,460415.8271,6.88944,355.3,TRUE,5.3,400,300
12990,2022/10/19 17:07,131.4790583,47.04829233,5212747.456,460415.0109,6.70424,353.9,TRUE,5.3,400,300
12991,2022/10/19 17:07,131.4790482,47.04836033,5212755.021,460414.2937,6.019,358.3,TRUE,5.3,400,300
12992,2022/10/19 17:07,131.479027,47.04842567,5212762.295,460412.7311,6.37088,357.3,TRUE,5.3,399,300
12993,2022/10/19 17:07,131.4790065,47.04849717,5212770.255,460411.2263,6.81536,355.4,TRUE,5.3,400,300
12994,2022/10/19 17:07,131.4789863,47.04856083,5212777.342,460409.7385,5.87084,352.7,TRUE,5.3,400,300
12995,2022/10/19 17:07,131.4789755,47.04861617,5212783.5,460408.9588,7.24132,351.8,TRUE,5.3,400,300
12996,2022/10/19 17:07,131.4789432,47.0486945,5212792.224,460406.5624,7.3154,356.8,TRUE,5.3,400,300
12997,2022/10/19 17:07,131.4789212,47.048762,5212799.739,460404.9406,5.88936,352,TRUE,5.3,381,300
12998,2022/10/19 17:07,131.4788955,47.04883267,5212807.609,460403.0401,5.53748,353.2,TRUE,5.3,400,300
12999,2022/10/19 17:07,131.478881,47.048897,5212814.768,460401.9859,7.2228,354.4,TRUE,5.3,400,300
13000,2022/10/19 17:07,131.478872,47.04896583,5212822.424,460401.3529,7.98212,356.1,TRUE,5.3,400,300
13001,2022/10/19 17:07,131.4788528,47.04903483,5212830.105,460399.9451,6.35236,356.3,TRUE,5.3,394,300
13002,2022/10/19 17:07,131.4788392,47.04910467,5212837.876,460398.9633,7.00056,359.5,TRUE,5.3,400,300
13003,2022/10/19 17:08,131.4788275,47.04918083,5212846.349,460398.1307,7.27836,351.7,TRUE,5.3,376,300
13004,2022/10/19 17:08,131.4787957,47.0492655,5212855.778,460395.777,7.98212,355.2,TRUE,5.3,400,300
13005,2022/10/19 17:08,131.4787667,47.04934533,5212864.667,460393.6325,6.87092,354.5,TRUE,5.3,400,300
13006,2022/10/19 17:08,131.4787457,47.04941733,5212872.682,460392.0901,6.92648,355.1,TRUE,5.3,400,300
13007,2022/10/19 17:08,131.4787298,47.049482,5212879.879,460390.9298,7.01908,357.9,TRUE,5.3,398,300
13008,2022/10/19 17:08,131.4787032,47.049562,5212888.787,460388.9678,7.07464,356.4,TRUE,5.3,400,300
13009,2022/10/19 17:08,131.4786905,47.04964033,5212897.501,460388.0608,6.63016,354.5,TRUE,5.3,400,300
13010,2022/10/19 17:08,131.4786708,47.04971333,5212905.627,460386.6179,7.55616,359.9,TRUE,5.3,400,300
13011,2022/10/19 17:08,131.4786465,47.04978883,5212914.032,460384.8274,7.01908,355.5,TRUE,5.3,395,300
13012,2022/10/19 17:08,131.4786348,47.04985767,5212921.691,460383.9894,6.945,350.4,TRUE,5.3,400,300
13013,2022/10/19 17:08,131.4785997,47.04994067,5212930.936,460381.3837,7.1302,350.8,TRUE,5.3,400,300
13014,2022/10/19 17:08,131.4785815,47.05001833,5212939.579,460380.0583,7.75988,359.5,TRUE,5.3,400,300
13015,2022/10/19 17:08,131.4785625,47.05009733,5212948.371,460378.6731,7.09316,347.3,TRUE,5.3,400,300
13016,2022/10/19 17:08,131.478552,47.05017,5212956.455,460377.9291,7.01908,353,TRUE,5.3,400,300
13017,2022/10/19 17:08,131.4785298,47.050245,5212964.805,460376.2978,6.74128,350.2,TRUE,5.3,356,300
13018,2022/10/19 17:09,131.4784933,47.05032917,5212974.18,460373.5867,7.2228,351.6,TRUE,5.3,363,300
13019,2022/10/19 17:09,131.4784748,47.05040083,5212982.156,460372.2341,7.38948,356.1,TRUE,5.3,400,300
13020,2022/10/19 17:09,131.4784673,47.05047633,5212990.554,460371.7201,7.35244,357.8,TRUE,5.3,400,300
13021,2022/10/19 17:09,131.478438,47.05054767,5212998.499,460369.5466,7.2228,355.6,TRUE,5.3,400,300
13022,2022/10/19 17:09,131.4784253,47.05062833,5213007.473,460368.6414,7.05612,351,TRUE,5.3,400,300
13023,2022/10/19 17:09,131.478405,47.0507,5213015.451,460367.152,6.90796,353.4,TRUE,5.3,396,300
13024,2022/10/19 17:09,131.4783822,47.05077033,5213023.281,460365.4717,6.51904,355.6,TRUE,5.3,398,300
13025,2022/10/19 17:09,131.4783617,47.05084583,5213031.685,460363.9699,7.16724,355.7,TRUE,5.3,400,300
13026,2022/10/19 17:09,131.4783568,47.05091183,5213039.025,460363.6465,6.53756,350.9,TRUE,5.3,400,300
13027,2022/10/19 17:09,131.4783303,47.0509835,5213047.006,460361.6861,7.57468,348.4,TRUE,5.3,400,300
13028,2022/10/19 17:09,131.4783113,47.05105117,5213054.538,460360.2925,7.2228,356.9,TRUE,5.3,400,300
13029,2022/10/19 17:09,131.478291,47.05112733,5213063.015,460358.8065,6.55608,350.7,TRUE,5.3,400,300
13030,2022/10/19 17:09,131.4782632,47.05119233,5213070.256,460356.7423,6.68572,354.8,TRUE,5.3,400,300
13031,2022/10/19 17:09,131.4782478,47.05126617,5213078.472,460355.6269,7.6858,351.8,TRUE,5.3,400,300
13032,2022/10/19 17:09,131.478221,47.0513355,5213086.193,460353.6419,5.79676,349.4,TRUE,5.3,400,300
13033,2022/10/19 17:10,131.478203,47.05139983,5213093.354,460352.3219,8.1488,349.4,TRUE,5.3,400,300
13034,2022/10/19 17:10,131.4781977,47.05146633,5213100.75,460351.9685,7.51912,356.1,TRUE,5.3,400,300
13035,2022/10/19 17:10,131.4781848,47.0515345,5213108.335,460351.0388,7.53764,352.1,TRUE,5.3,399,300
13036,2022/10/19 17:10,131.4781538,47.05161617,5213117.43,460348.7439,7.408,352.3,TRUE,5.3,400,300
13037,2022/10/19 17:10,131.4781302,47.05169133,5213125.798,460347.0064,7.83396,351.9,TRUE,5.3,388,300
13038,2022/10/19 17:10,131.4781122,47.05176683,5213134.2,460345.6947,8.389561,350.8,TRUE,5.3,400,300
13039,2022/10/19 17:10,131.4780963,47.05184283,5213142.657,460344.5429,7.48208,353.6,TRUE,5.3,400,300
13040,2022/10/19 17:10,131.4780708,47.0519225,5213151.527,460342.6644,6.51904,351.7,TRUE,5.3,400,300
13041,2022/10/19 17:10,131.4780478,47.05199883,5213160.025,460340.9734,6.98204,351.4,TRUE,5.3,400,300
13042,2022/10/19 17:10,131.4780272,47.05207533,5213168.54,460339.4649,8.09324,350.2,TRUE,5.3,400,300
13043,2022/10/19 17:10,131.4780047,47.05214267,5213176.037,460337.8052,7.38948,347.6,TRUE,5.3,389,300
13044,2022/10/19 17:10,131.4779745,47.05222117,5213184.78,460335.5688,7.25984,353.3,TRUE,5.3,400,300
13045,2022/10/19 17:10,131.4779562,47.05230033,5213193.589,460334.237,6.81536,355.9,TRUE,5.3,398,300
13046,2022/10/19 17:10,131.4779305,47.05238467,5213202.978,460332.3468,7.408,353.8,TRUE,5.3,400,300
13047,2022/10/19 17:10,131.4779177,47.052456,5213210.915,460331.4272,7.408,354.4,TRUE,5.3,400,300
13048,2022/10/19 17:11,131.4778988,47.05251767,5213217.78,460330.0369,6.13012,354.4,TRUE,5.3,400,300
13049,2022/10/19 17:11,131.4778843,47.0525735,5213223.994,460328.9765,6.40792,356.5,TRUE,5.3,400,300
13050,2022/10/19 17:11,131.4778673,47.052642,5213231.618,460327.7357,7.63024,352.4,TRUE,5.3,395,300
13051,2022/10/19 17:11,131.4778475,47.05271133,5213239.336,460326.2826,6.79684,350.2,TRUE,5.3,400,300
13052,2022/10/19 17:11,131.4778268,47.05278833,5213247.907,460324.7669,6.96352,352.9,TRUE,5.3,374,300
13053,2022/10/19 17:11,131.4778117,47.05284967,5213254.733,460323.6651,6.6672,354.7,TRUE,5.3,400,300
13054,2022/10/19 17:11,131.4778008,47.05291183,5213261.649,460322.883,6.13012,355.1,TRUE,5.3,395,300
13055,2022/10/19 17:11,131.4777885,47.05297683,5213268.882,460321.9967,7.27836,350.8,TRUE,5.3,400,300
13056,2022/10/19 17:11,131.4777727,47.05304667,5213276.654,460320.848,7.1302,353.4,TRUE,5.3,376,300
13057,2022/10/19 17:11,131.4777438,47.05312817,5213285.729,460318.7126,8.00064,355.2,TRUE,5.3,400,300
13058,2022/10/19 17:11,131.4777273,47.0532005,5213293.779,460317.5126,8.22288,352.1,TRUE,5.3,400,300
13059,2022/10/19 17:11,131.477695,47.05328017,5213302.652,460315.1175,7.16724,353,TRUE,5.3,400,300
13060,2022/10/19 17:11,131.4776717,47.05335983,5213311.52,460313.4063,7.3154,357.4,TRUE,5.3,400,300
13061,2022/10/19 17:11,131.4776498,47.053429,5213319.221,460311.7937,6.945,350.2,TRUE,5.3,374,300
13062,2022/10/19 17:11,131.4776285,47.053506,5213327.792,460310.2324,7.0376,353.6,TRUE,5.3,400,300
13063,2022/10/19 17:12,131.477623,47.05357033,5213334.946,460309.8622,6.98204,353,TRUE,5.3,400,300
13064,2022/10/19 17:12,131.4776088,47.05363967,5213342.662,460308.8348,5.24116,357.6,TRUE,5.3,371,300
13065,2022/10/19 17:12,131.4775912,47.05369833,5213349.192,460307.5411,4.87076,355.6,TRUE,5.3,400,300
13066,2022/10/19 17:12,131.4775535,47.05376567,5213356.698,460304.7266,4.05588,348.9,TRUE,5.3,400,300
13067,2022/10/19 17:12,131.4775415,47.053808,5213361.409,460303.8463,4.24108,354.8,TRUE,5.3,375,300
13068,2022/10/19 17:12,131.4775433,47.05386017,5213367.208,460304.0217,5.68564,352.8,TRUE,5.3,400,300
13069,2022/10/19 17:12,131.4775578,47.05391683,5213373.5,460305.1655,5.03744,54.2,FALSE,5.3,0,300
13070,2022/10/19 17:12,131.4776265,47.05392467,5213374.337,460310.3911,4.18552,117.5,FALSE,5.3,0,300
13071,2022/10/19 17:12,131.477659,47.05389083,5213370.558,460312.8353,5.98196,177.1,FALSE,5.3,0,300
13072,2022/10/19 17:12,131.4776398,47.0538395,5213364.862,460311.3384,2.72244,180.6,TRUE,5.3,400,300
13073,2022/10/19 17:12,131.4776378,47.05379767,5213360.212,460311.1554,4.88928,168,TRUE,5.3,400,300
13074,2022/10/19 17:12,131.4776345,47.05373817,5213353.599,460310.8605,5.35228,168.2,TRUE,5.3,368,300
13075,2022/10/19 17:12,131.4776513,47.053679,5213347.013,460312.0931,5.94492,171.6,TRUE,5.3,400,300
13076,2022/10/19 17:12,131.477665,47.05362033,5213340.483,460313.0905,6.68572,171.4,TRUE,5.3,363,300
13077,2022/10/19 17:12,131.4776858,47.05356317,5213334.118,460314.6285,4.2596,166.6,TRUE,5.3,400,300
13078,2022/10/19 17:13,131.4776963,47.0535105,5213328.257,460315.3872,6.019,172.8,TRUE,5.3,400,300
13079,2022/10/19 17:13,131.477709,47.05344483,5213320.95,460316.3034,6.25976,171.4,TRUE,5.3,400,300
13080,2022/10/19 17:13,131.4777227,47.05338583,5213314.384,460317.3006,6.90796,171.1,TRUE,5.3,400,300
13081,2022/10/19 17:13,131.4777512,47.05332067,5213307.126,460319.4177,6.83388,172.1,TRUE,5.3,391,300
13082,2022/10/19 17:13,131.4777795,47.0532505,5213299.311,460321.5159,7.1302,173.6,TRUE,5.3,400,300
13083,2022/10/19 17:13,131.4778002,47.0531815,5213291.629,460323.0375,7.408,171.4,TRUE,5.3,400,300
13084,2022/10/19 17:13,131.4778192,47.05311467,5213284.19,460324.4315,7.35244,175,TRUE,5.3,400,300
13085,2022/10/19 17:13,131.4778358,47.0530455,5213276.492,460325.6415,7.00056,173.1,TRUE,5.3,400,300
13086,2022/10/19 17:13,131.4778538,47.05297933,5213269.127,460326.9601,7.0376,170.9,TRUE,5.3,400,300
13087,2022/10/19 17:13,131.477883,47.05290617,5213260.979,460329.1245,7.0376,169.6,TRUE,5.3,400,300
13088,2022/10/19 17:13,131.477902,47.05283,5213252.501,460330.5116,7.20428,175.4,TRUE,5.3,400,300
13089,2022/10/19 17:13,131.4779152,47.052763,5213245.046,460331.4649,7.408,175.3,TRUE,5.3,400,300
13090,2022/10/19 17:13,131.4779328,47.05269583,5213237.569,460332.7523,7.3154,174.6,TRUE,5.3,367,300
13091,2022/10/19 17:13,131.4779378,47.05262567,5213229.767,460333.0802,7.25984,171,TRUE,5.3,394,300
13092,2022/10/19 17:13,131.4779635,47.052555,5213221.898,460334.9805,7.852479,172,TRUE,5.3,400,300
13093,2022/10/19 17:14,131.4779813,47.05248467,5213214.07,460336.2808,7.42652,174.4,TRUE,5.3,400,300
13094,2022/10/19 17:14,131.4780033,47.052411,5213205.869,460337.8978,6.53756,173.7,TRUE,5.3,400,300
13095,2022/10/19 17:14,131.4780212,47.05233867,5213197.819,460339.2043,7.42652,169.2,TRUE,5.3,400,300
13096,2022/10/19 17:14,131.4780468,47.052261,5213189.171,460341.0918,7.408,165.4,TRUE,5.3,400,300
13097,2022/10/19 17:14,131.478058,47.05218717,5213180.957,460341.8881,8.0562,173.6,TRUE,5.3,400,300
13098,2022/10/19 17:14,131.4780758,47.05212167,5213173.667,460343.192,7.33392,172.9,TRUE,5.3,400,300
13099,2022/10/19 17:14,131.4780895,47.0520595,5213166.748,460344.1869,7.09316,168.7,TRUE,5.3,400,300
13100,2022/10/19 17:14,131.4781143,47.05198467,5213158.417,460346.0157,6.83388,170.5,TRUE,5.3,400,300
13101,2022/10/19 17:14,131.4781385,47.05191933,5213151.141,460347.8061,6.482,167.5,TRUE,5.3,400,300
13102,2022/10/19 17:14,131.4781495,47.05184367,5213142.724,460348.5858,7.18576,169.8,TRUE,5.3,397,300
13103,2022/10/19 17:14,131.4781663,47.05177283,5213134.84,460349.8098,6.87092,169.2,TRUE,5.3,388,300
13104,2022/10/19 17:14,131.4781838,47.05170433,5213127.216,460351.0887,6.6672,170,TRUE,5.3,400,300
13105,2022/10/19 17:14,131.478207,47.05163567,5213119.571,460352.8006,5.98196,168.4,TRUE,5.3,395,300
13106,2022/10/19 17:14,131.4782188,47.05157617,5213112.95,460353.6531,6.42644,168.9,TRUE,5.3,400,300
13107,2022/10/19 17:14,131.4782348,47.05150867,5213105.438,460354.8188,7.01908,173.1,TRUE,5.3,400,300
13108,2022/10/19 17:15,131.4782575,47.05143983,5213097.773,460356.4926,6.44496,170.3,TRUE,5.3,400,300
13109,2022/10/19 17:15,131.4782722,47.05137567,5213090.633,460357.562,6.8524,168.8,TRUE,5.3,400,300
13110,2022/10/19 17:15,131.4782978,47.05130433,5213082.689,460359.4543,6.87092,172.7,TRUE,5.3,366,300
13111,2022/10/19 17:15,131.4783128,47.0512345,5213074.919,460360.5423,8.01916,171.6,TRUE,5.3,400,300
13112,2022/10/19 17:15,131.4783335,47.05116183,5213066.829,460362.0613,7.27836,165.2,TRUE,5.3,400,300
13113,2022/10/19 17:15,131.478356,47.0510865,5213058.443,460363.7151,6.61164,170.3,TRUE,5.3,400,300
13114,2022/10/19 17:15,131.4783708,47.051019,5213050.932,460364.7897,7.05612,172.2,TRUE,5.3,400,300
13115,2022/10/19 17:15,131.4783903,47.050956,5213043.918,460366.2247,7.01908,169,TRUE,5.3,400,300
13116,2022/10/19 17:15,131.478407,47.0508845,5213035.961,460367.4406,7.42652,166.3,TRUE,5.3,400,300
13117,2022/10/19 17:15,131.4784308,47.05080967,5213027.63,460369.1936,7.01908,168.9,TRUE,5.3,398,300
13118,2022/10/19 17:15,131.4784527,47.05074133,5213020.021,460370.807,6.87092,167,TRUE,5.3,400,300
13119,2022/10/19 17:15,131.4784688,47.05067117,5213012.213,460371.9784,6.945,169.4,TRUE,5.3,400,300
13120,2022/10/19 17:15,131.478491,47.05060267,5213004.587,460373.6145,6.81536,166.4,TRUE,5.3,400,300
13121,2022/10/19 17:15,131.4785118,47.05052683,5212996.145,460375.1388,7.01908,167.8,TRUE,5.3,400,300
13122,2022/10/19 17:15,131.4785305,47.05045433,5212988.076,460376.506,6.68572,165.5,TRUE,5.3,376,300
13123,2022/10/19 17:16,131.4785507,47.05038883,5212980.784,460377.9924,7.09316,173.3,TRUE,5.3,400,300
13124,2022/10/19 17:16,131.4785688,47.05031983,5212973.104,460379.3166,7.29688,171.3,TRUE,5.3,400,300
13125,2022/10/19 17:16,131.4785832,47.0502505,5212965.389,460380.3594,6.6672,166.8,TRUE,5.3,400,300
13126,2022/10/19 17:16,131.4786017,47.050177,5212957.209,460381.7107,6.81536,173.3,TRUE,5.3,400,300
13127,2022/10/19 17:16,131.4786182,47.050114,5212950.196,460382.9178,7.75988,171.6,TRUE,5.3,400,300
13128,2022/10/19 17:16,131.4786413,47.0500395,5212941.902,460384.6179,7.778399,175.3,TRUE,5.3,400,300
13129,2022/10/19 17:16,131.4786632,47.049966,5212933.72,460386.2275,7.2228,172.4,TRUE,5.3,400,300
13130,2022/10/19 17:16,131.478677,47.04989567,5212925.895,460387.2241,6.90796,170.4,TRUE,5.3,369,300
13131,2022/10/19 17:16,131.478698,47.04982333,5212917.842,460388.7662,6.945,170.1,TRUE,5.3,400,300
13132,2022/10/19 17:16,131.4787135,47.04975567,5212910.312,460389.8939,6.87092,172.8,TRUE,5.3,400,300
13133,2022/10/19 17:16,131.4787295,47.04968383,5212902.317,460391.0564,6.68572,171.9,TRUE,5.3,400,300
13134,2022/10/19 17:16,131.4787412,47.049608,5212893.881,460391.8893,7.53764,169.9,TRUE,5.3,400,300
13135,2022/10/19 17:16,131.4787643,47.04954017,5212886.329,460393.5944,7.5932,171.4,TRUE,5.3,400,300
13136,2022/10/19 17:16,131.4787845,47.04946967,5212878.481,460395.0771,7.16724,172,TRUE,5.3,400,300
13137,2022/10/19 17:16,131.4788035,47.0493975,5212870.448,460396.4674,7.871,174.9,TRUE,5.3,400,300
13138,2022/10/19 17:17,131.4788303,47.04933117,5212863.061,460398.4547,7.25984,168.8,TRUE,5.3,400,300
13139,2022/10/19 17:17,131.4788502,47.049257,5212854.805,460399.9119,7.18576,175,TRUE,5.3,376,300
13140,2022/10/19 17:17,131.478868,47.04919083,5212847.44,460401.2155,6.81536,176.4,TRUE,5.3,400,300
13141,2022/10/19 17:17,131.478881,47.04911833,5212839.373,460402.1497,7.11168,170.5,TRUE,5.3,400,300
13142,2022/10/19 17:17,131.4788995,47.0490445,5212831.156,460403.5008,6.945,174.4,TRUE,5.3,400,300
13143,2022/10/19 17:17,131.4789202,47.04896933,5212822.789,460405.0181,6.77832,173.2,TRUE,5.3,397,300
13144,2022/10/19 17:17,131.4789392,47.04890733,5212815.887,460406.4159,7.2228,173.1,TRUE,5.3,400,300
13145,2022/10/19 17:17,131.4789567,47.0488375,5212808.115,460407.694,7.9636,170.4,TRUE,5.3,400,300
13146,2022/10/19 17:17,131.4789757,47.0487625,5212799.767,460409.0822,7.44504,170.4,TRUE,5.3,400,300
13147,2022/10/19 17:17,131.4789992,47.04868733,5212791.399,460410.8123,7.37096,168.1,TRUE,5.3,400,300
13148,2022/10/19 17:17,131.4790143,47.04861933,5212783.831,460411.9094,6.96352,169.9,TRUE,5.3,400,300
13149,2022/10/19 17:17,131.4790352,47.04854883,5212775.983,460413.4454,7.01908,168.8,TRUE,5.3,400,300
13150,2022/10/19 17:17,131.4790497,47.04847017,5212767.231,460414.489,7.66728,176.8,TRUE,5.3,397,300
13151,2022/10/19 17:17,131.4790703,47.04839967,5212759.383,460416.0021,7.01908,170.6,TRUE,5.3,400,300
13152,2022/10/19 17:17,131.479094,47.04832433,5212750.995,460417.7473,6.70424,176.4,TRUE,5.3,400,300
13153,2022/10/19 17:18,131.4791125,47.04825,5212742.723,460419.0981,7.35244,164.3,TRUE,5.3,400,300
13154,2022/10/19 17:18,131.4791393,47.04818,5212734.927,460421.0828,6.83388,169.2,TRUE,5.3,400,300
13155,2022/10/19 17:18,131.4791453,47.04810667,5212726.772,460421.4844,7.16724,171.1,TRUE,5.3,400,300
13156,2022/10/19 17:18,131.4791592,47.04803483,5212718.778,460422.4875,7.1302,169.5,TRUE,5.3,400,300
13157,2022/10/19 17:18,131.4791773,47.047965,5212711.006,460423.8112,7.1302,172.7,TRUE,5.3,400,300
13158,2022/10/19 17:18,131.4791975,47.047894,5212703.103,460425.2937,7.704319,175.7,TRUE,5.3,400,300
13159,2022/10/19 17:18,131.4792158,47.047819,5212694.756,460426.6288,7.63024,172.6,TRUE,5.3,400,300
13160,2022/10/19 17:18,131.4792418,47.047753,5212687.405,460428.5557,6.8524,167.9,TRUE,5.3,400,300
13161,2022/10/19 17:18,131.479258,47.04767967,5212679.245,460429.7324,6.6672,171.8,TRUE,5.3,400,300
13162,2022/10/19 17:18,131.4792713,47.04761367,5212671.901,460430.6943,7.408,174.9,TRUE,5.3,400,300
13163,2022/10/19 17:18,131.479294,47.04754083,5212663.791,460432.3653,6.44496,171.7,TRUE,5.3,400,300
13164,2022/10/19 17:18,131.4793152,47.04747033,5212655.943,460433.9242,6.2042,168.3,TRUE,5.3,400,300
13165,2022/10/19 17:18,131.4793288,47.04740767,5212648.97,460434.9113,6.14864,167.9,TRUE,5.3,400,300
13166,2022/10/19 17:18,131.4793452,47.0473395,5212641.383,460436.1071,7.61172,173.1,TRUE,5.3,400,300
13167,2022/10/19 17:18,131.4793678,47.0472745,5212634.146,460437.7763,7.1302,172.7,TRUE,5.3,398,300
13168,2022/10/19 17:19,131.4793817,47.04720183,5212626.06,460438.7789,7.35244,173.7,TRUE,5.3,400,300
13169,2022/10/19 17:19,131.479402,47.0471355,5212618.676,460440.2724,7.63024,173.1,TRUE,5.3,400,300
13170,2022/10/19 17:19,131.479417,47.047064,5212610.719,460441.3594,7.61172,170.3,TRUE,5.3,400,300
13171,2022/10/19 17:19,131.479445,47.04699033,5212602.515,460443.4326,7.20428,167.2,TRUE,5.3,399,300
13172,2022/10/19 17:19,131.4794637,47.04692333,5212595.057,460444.8041,6.27828,171.6,TRUE,5.3,400,300
13173,2022/10/19 17:19,131.4794805,47.04685667,5212587.638,460446.0314,7.20428,170.4,TRUE,5.3,399,300
13174,2022/10/19 17:19,131.4794965,47.0467855,5212579.718,460447.1946,7.38948,170.5,TRUE,5.3,400,300
13175,2022/10/19 17:19,131.4795212,47.04671267,5212571.609,460449.0177,7.27836,168.4,TRUE,5.3,400,300
13176,2022/10/19 17:19,131.4795412,47.046643,5212563.853,460450.486,6.945,171.9,TRUE,5.3,400,300
13177,2022/10/19 17:19,131.4795602,47.0465775,5212556.562,460451.8814,6.6672,168.7,TRUE,5.3,400,300
13178,2022/10/19 17:19,131.479585,47.04651083,5212549.138,460453.7167,7.48208,167.1,TRUE,5.3,400,300
13179,2022/10/19 17:19,131.479607,47.04645017,5212542.383,460455.3436,6.88944,174.4,TRUE,5.3,400,300
13180,2022/10/19 17:19,131.4796272,47.04638317,5212534.924,460456.8291,5.75972,171.5,TRUE,5.3,400,300
13181,2022/10/19 17:19,131.4796388,47.0463255,5212528.507,460457.668,4.01884,170.4,TRUE,5.3,400,300
13182,2022/10/19 17:19,131.4796378,47.046284,5212523.894,460457.5613,4.88928,163.9,TRUE,5.3,400,300
13183,2022/10/19 17:20,131.4796735,47.04623917,5212518.892,460460.241,5.51896,134.8,TRUE,5.3,116,300
13184,2022/10/19 17:20,131.4796845,47.0462265,5212517.478,460461.0676,3.85216,285.4,FALSE,5.3,0,300
13185,2022/10/19 17:20,131.4796622,47.04621583,5212516.303,460459.3651,4.167,74.8,FALSE,5.3,0,300
13186,2022/10/19 17:20,131.4797435,47.04622567,5212517.356,460465.5504,4.92632,29.6,FALSE,5.3,0,300
13187,2022/10/19 17:20,131.4797997,47.04626467,5212521.663,460469.8498,3.38916,12,FALSE,5.3,0,300
13188,2022/10/19 17:20,131.4798297,47.04630083,5212525.668,460472.1562,2.85208,3.3,TRUE,5.3,393,300
13189,2022/10/19 17:20,131.4798285,47.04633067,5212528.986,460472.0871,3.72252,2.4,TRUE,5.3,400,300
13190,2022/10/19 17:20,131.4798042,47.046376,5212534.038,460470.274,4.4448,1.4,TRUE,5.3,400,300
13191,2022/10/19 17:20,131.479791,47.04642617,5212539.622,460469.308,5.61156,355.7,TRUE,5.3,400,300
13192,2022/10/19 17:20,131.4797708,47.046485,5212546.172,460467.8165,6.72276,353.2,TRUE,5.3,400,300
13193,2022/10/19 17:20,131.4797535,47.04654917,5212553.315,460466.5493,4.70408,356.5,TRUE,5.3,400,300
13194,2022/10/19 17:20,131.4797147,47.046618,5212560.987,460463.6517,5.61156,355.6,TRUE,5.3,400,300
13195,2022/10/19 17:20,131.4796882,47.04668,5212567.893,460461.6838,6.44496,347.9,TRUE,5.3,400,300
13196,2022/10/19 17:20,131.479662,47.046752,5212575.91,460459.7461,5.24116,347.9,TRUE,5.3,400,300
13197,2022/10/19 17:20,131.4796318,47.046826,5212584.152,460457.5059,7.16724,352.8,TRUE,5.3,400,300
13198,2022/10/19 17:21,131.4796285,47.04689333,5212591.639,460457.3049,6.50052,358.3,TRUE,5.3,400,300
13199,2022/10/19 17:21,131.479608,47.04696367,5212599.469,460455.7991,5.7412,351.6,TRUE,5.3,400,300
13200,2022/10/19 17:21,131.4795935,47.04702717,5212606.536,460454.7442,6.18568,356.5,TRUE,5.3,400,300
13201,2022/10/19 17:21,131.4795795,47.04708217,5212612.657,460453.721,6.5746,355,TRUE,5.3,400,300
13202,2022/10/19 17:21,131.4795695,47.047149,5212620.092,460453.0105,6.90796,356.2,TRUE,5.3,400,300
13203,2022/10/19 17:21,131.4795583,47.047214,5212627.324,460452.2075,7.3154,353,TRUE,5.3,400,300
13204,2022/10/19 17:21,131.4795468,47.04728517,5212635.242,460451.3862,7.09316,352.7,TRUE,5.3,400,300
13205,2022/10/19 17:21,131.4795227,47.047356,5212643.128,460449.6072,6.42644,352.4,TRUE,5.3,400,300
13206,2022/10/19 17:21,131.4794953,47.04742733,5212651.072,460447.5779,6.55608,352.3,TRUE,5.3,400,300
13207,2022/10/19 17:21,131.479477,47.04748633,5212657.64,460446.2309,6.7598,352,TRUE,5.3,400,300
13208,2022/10/19 17:21,131.4794478,47.04755633,5212665.437,460444.0638,7.408,357.6,TRUE,5.3,400,300
13209,2022/10/19 17:21,131.4794395,47.04762983,5212673.612,460443.4874,6.2968,352.7,TRUE,5.3,399,300
13210,2022/10/19 17:21,131.479434,47.047693,5212680.638,460443.1162,6.74128,349.1,TRUE,5.3,400,300
13211,2022/10/19 17:21,131.4794025,47.047768,5212688.991,460440.778,7.63024,358.5,TRUE,5.3,400,300
13212,2022/10/19 17:21,131.4793835,47.04784133,5212697.153,460439.3885,6.53756,354.6,TRUE,5.3,400,300
13213,2022/10/19 17:22,131.479357,47.04790767,5212704.542,460437.4238,6.72276,351.5,TRUE,5.3,400,300
13214,2022/10/19 17:22,131.4793338,47.04798117,5212712.725,460435.7153,6.25976,349.8,TRUE,5.3,400,300
13215,2022/10/19 17:22,131.4793208,47.04805283,5212720.698,460434.7804,6.33384,353.6,TRUE,5.3,400,300
13216,2022/10/19 17:22,131.479298,47.04811883,5212728.047,460433.0967,7.01908,348.5,TRUE,5.3,400,300
13217,2022/10/19 17:22,131.4792622,47.04818417,5212735.329,460430.4247,6.79684,353.2,TRUE,5.3,400,300
13218,2022/10/19 17:22,131.4792522,47.048257,5212743.43,460429.7187,6.83388,350.7,TRUE,5.3,400,300
13219,2022/10/19 17:22,131.4792372,47.048329,5212751.442,460428.6321,7.09316,356.4,TRUE,5.3,400,300
13220,2022/10/19 17:22,131.4792285,47.0483955,5212758.839,460428.0202,6.13012,356,TRUE,5.3,400,300
13221,2022/10/19 17:22,131.4792215,47.04845983,5212765.995,460427.5359,6.44496,351.1,TRUE,5.3,400,300
13222,2022/10/19 17:22,131.4791998,47.04853433,5212774.288,460425.9421,7.0376,353.6,TRUE,5.3,400,300
13223,2022/10/19 17:22,131.4791578,47.04862183,5212784.037,460422.8153,6.31532,353.7,TRUE,5.3,400,300
13224,2022/10/19 17:22,131.4791427,47.04868617,5212791.197,460421.7155,6.64868,352.9,TRUE,5.3,400,300
13225,2022/10/19 17:22,131.4791232,47.04876533,5212800.007,460420.2924,6.6672,352.4,TRUE,5.3,400,300
13226,2022/10/19 17:22,131.4791067,47.04882933,5212807.131,460419.0859,6.50052,350.7,TRUE,5.3,400,300
13227,2022/10/19 17:22,131.4790905,47.04890017,5212815.014,460417.9074,7.11168,357.4,TRUE,5.3,400,300
13228,2022/10/19 17:23,131.479059,47.048977,5212823.571,460415.5706,6.42644,352.8,TRUE,5.3,400,300
13229,2022/10/19 17:23,131.4790492,47.049037,5212830.247,460414.8704,6.2968,357.8,TRUE,5.3,400,300
13230,2022/10/19 17:23,131.4790307,47.049102,5212837.482,460413.5127,6.40792,356,TRUE,5.3,400,300
13231,2022/10/19 17:23,131.4790115,47.0491675,5212844.774,460412.1022,6.37088,351.3,TRUE,5.3,400,300
13232,2022/10/19 17:23,131.4789912,47.04923917,5212852.751,460410.6127,6.5746,349.7,TRUE,5.3,400,300
13233,2022/10/19 17:23,131.4789707,47.04931167,5212860.822,460409.1087,6.59312,355,TRUE,5.3,400,300
13234,2022/10/19 17:23,131.4789538,47.04938417,5212868.89,460407.8782,6.44496,357.3,TRUE,5.3,400,300
13235,2022/10/19 17:23,131.4789348,47.04944767,5212875.959,460406.4814,6.40792,349.2,TRUE,5.3,400,300
13236,2022/10/19 17:23,131.478921,47.04950983,5212882.877,460405.4788,6.019,354.8,TRUE,5.3,400,300
13237,2022/10/19 17:23,131.4789028,47.0495825,5212890.965,460404.1497,7.29688,352.2,TRUE,5.3,400,300
13238,2022/10/19 17:23,131.4788802,47.04965367,5212898.888,460402.4851,6.90796,354.5,TRUE,5.3,400,300
13239,2022/10/19 17:23,131.4788593,47.04971117,5212905.291,460400.9396,6.27828,355.3,TRUE,5.3,400,300
13240,2022/10/19 17:23,131.4788382,47.049783,5212913.287,460399.3894,6.7598,353.9,TRUE,5.3,400,300
13241,2022/10/19 17:23,131.4788183,47.0498545,5212921.246,460397.9303,6.945,357.2,TRUE,5.3,400,300
13242,2022/10/19 17:23,131.4788005,47.04992117,5212928.667,460396.6271,6.96352,354.4,TRUE,5.3,400,300
13243,2022/10/19 17:24,131.478785,47.04998433,5212935.696,460395.4961,5.85232,350.1,TRUE,5.3,400,300
13244,2022/10/19 17:24,131.478773,47.0500535,5212943.392,460394.6355,7.55616,357.1,TRUE,5.3,400,300
13245,2022/10/19 17:24,131.4787575,47.05012,5212950.793,460393.5069,6.5746,356,TRUE,5.3,400,300
13246,2022/10/19 17:24,131.4787427,47.05018283,5212957.785,460392.4289,7.16724,354.2,TRUE,5.3,400,300
13247,2022/10/19 17:24,131.4787268,47.0502625,5212966.65,460391.2797,7.35244,354.1,TRUE,5.3,400,300
13248,2022/10/19 17:24,131.4787065,47.05033417,5212974.628,460389.7903,6.51904,354.7,TRUE,5.3,400,300
13249,2022/10/19 17:24,131.4786848,47.05039733,5212981.661,460388.1882,7.2228,350.8,TRUE,5.3,400,300
13250,2022/10/19 17:24,131.4786605,47.0504775,5212990.586,460386.4011,7.11168,354.4,TRUE,5.3,400,300
13251,2022/10/19 17:24,131.478642,47.05055083,5212998.747,460385.0497,6.70424,353.1,TRUE,5.3,400,300
13252,2022/10/19 17:24,131.4786215,47.05062133,5213006.595,460383.5442,6.945,351.7,TRUE,5.3,392,300
13253,2022/10/19 17:24,131.4786072,47.0506875,5213013.959,460382.5067,7.704319,353.4,TRUE,5.3,400,300
13254,2022/10/19 17:24,131.478589,47.05076567,5213022.658,460381.1817,7.33392,358.3,TRUE,5.3,400,300
13255,2022/10/19 17:24,131.4785735,47.050833,5213030.151,460380.0538,6.7598,350.2,TRUE,5.3,400,300
13256,2022/10/19 17:24,131.478555,47.05090183,5213037.813,460378.699,6.2968,353.9,TRUE,5.3,400,300
13257,2022/10/19 17:24,131.4785355,47.050963,5213044.623,460377.2627,6.05604,352.9,TRUE,5.3,400,300
13258,2022/10/19 17:25,131.4785237,47.05101933,5213050.891,460376.4078,4.83372,352.4,TRUE,5.3,400,300
13259,2022/10/19 17:25,131.4785018,47.051074,5213056.98,460374.7842,6.25976,350.8,TRUE,5.3,400,300
13260,2022/10/19 17:25,131.4784878,47.05113117,5213063.343,460373.7628,5.2782,354.5,TRUE,5.3,400,300
13261,2022/10/19 17:25,131.4784717,47.05118583,5213069.427,460372.58,5.20412,354,TRUE,5.3,400,300
13262,2022/10/19 17:25,131.478456,47.05123967,5213075.421,460371.4269,4.3522,354.2,TRUE,5.3,400,300
13263,2022/10/19 17:25,131.4784488,47.0512835,5213080.297,460370.9123,4.85224,355,TRUE,5.3,395,300
13264,2022/10/19 17:25,131.4784312,47.051339,5213086.476,460369.6161,5.50044,356.9,TRUE,5.3,400,300
13265,2022/10/19 17:25,131.4784138,47.05140067,5213093.341,460368.3397,5.6486,355,TRUE,5.3,400,300
13266,2022/10/19 17:25,131.478401,47.0514605,5213099.999,460367.4115,5.9264,356.7,TRUE,5.3,400,300
13267,2022/10/19 17:25,131.4783773,47.05152067,5213106.7,460365.6552,6.37088,355.6,TRUE,5.3,400,300
13268,2022/10/19 17:25,131.4783597,47.05158183,5213113.508,460364.3633,6.44496,356,TRUE,5.3,400,300
13269,2022/10/19 17:25,131.478336,47.051654,5213121.543,460362.6159,6.88944,353.8,TRUE,5.3,400,300
13270,2022/10/19 17:25,131.478314,47.05172367,5213129.3,460360.9959,6.8524,352.6,TRUE,5.3,400,300
13271,2022/10/19 17:25,131.4782952,47.05180017,5213137.814,460359.6242,6.55608,350.9,TRUE,5.3,400,300
13272,2022/10/19 17:25,131.478281,47.05186533,5213145.065,460358.5935,7.2228,351.3,TRUE,5.3,400,300
13273,2022/10/19 17:26,131.4782692,47.05192717,5213151.946,460357.7427,6.44496,353.5,TRUE,5.3,400,300
13274,2022/10/19 17:26,131.4782535,47.05199217,5213159.18,460356.598,5.94492,353.7,TRUE,5.3,400,300
13275,2022/10/19 17:26,131.4782312,47.05205917,5213166.64,460354.9532,5.75972,350.6,TRUE,5.3,375,300
13276,2022/10/19 17:26,131.4782085,47.05212633,5213174.118,460353.2782,7.2228,351.2,TRUE,5.3,400,300
13277,2022/10/19 17:26,131.4781885,47.0521925,5213181.484,460351.8076,7.25984,356.8,TRUE,5.3,398,300
13278,2022/10/19 17:26,131.4781688,47.05226717,5213189.795,460350.3661,6.68572,353.9,TRUE,5.3,400,300
13279,2022/10/19 17:26,131.478162,47.05233333,5213197.154,460349.8985,7.25984,351.8,TRUE,5.3,400,300
13280,2022/10/19 17:26,131.4781408,47.05240067,5213204.651,460348.3376,6.88944,351.6,TRUE,5.3,400,300
13281,2022/10/19 17:26,131.4781242,47.05246583,5213211.903,460347.1246,7.01908,353.8,TRUE,5.3,400,300
13282,2022/10/19 17:26,131.4781098,47.05253533,5213219.637,460346.082,6.2042,350,TRUE,5.3,400,300
13283,2022/10/19 17:26,131.478092,47.052602,5213227.058,460344.7789,6.8524,352.4,TRUE,5.3,400,300
13284,2022/10/19 17:26,131.4780672,47.05267933,5213235.667,460342.9519,6.482,349.9,TRUE,5.3,400,300
13285,2022/10/19 17:26,131.478054,47.052746,5213243.086,460341.9984,6.68572,355.2,TRUE,5.3,400,300
13286,2022/10/19 17:26,131.4780387,47.052816,5213250.875,460340.8878,7.24132,346.6,TRUE,5.3,400,300
13287,2022/10/19 17:26,131.4780102,47.05288683,5213258.764,460338.7749,7.2228,349.5,TRUE,5.3,400,300
13288,2022/10/19 17:27,131.4779827,47.0529645,5213267.413,460336.743,6.92648,352.8,TRUE,5.3,400,300
13289,2022/10/19 17:27,131.4779708,47.05303033,5213274.737,460335.8876,6.68572,350.3,TRUE,5.3,400,300
13290,2022/10/19 17:27,131.4779477,47.053105,5213283.05,460334.1878,6.6672,357,TRUE,5.3,400,300
13291,2022/10/19 17:27,131.4779378,47.053168,5213290.059,460333.4823,6.68572,354.7,TRUE,5.3,400,300
13292,2022/10/19 17:27,131.477914,47.05323833,5213297.89,460331.7262,7.20428,353.5,TRUE,5.3,400,300
13293,2022/10/19 17:27,131.4778923,47.053308,5213305.646,460330.1291,6.96352,350.9,TRUE,5.3,400,300
13294,2022/10/19 17:27,131.4778753,47.053365,5213311.991,460328.8797,5.57452,351.6,TRUE,5.3,400,300
13295,2022/10/19 17:27,131.4778672,47.0534215,5213318.277,460328.3061,5.6486,348.3,TRUE,5.3,377,300
13296,2022/10/19 17:27,131.4778518,47.05347767,5213324.529,460327.1777,4.96336,349.1,TRUE,5.3,400,300
13297,2022/10/19 17:27,131.477842,47.05353133,5213330.499,460326.4729,4.38924,353.6,TRUE,5.3,400,300
13298,2022/10/19 17:27,131.4778282,47.053581,5213336.028,460325.4612,4.70408,345.5,TRUE,5.3,400,300
13299,2022/10/19 17:27,131.4778113,47.05363267,5213341.781,460324.2155,5.33376,354.2,TRUE,5.3,400,300
13300,2022/10/19 17:27,131.4778002,47.05367967,5213347.012,460323.407,4.4448,354.3,TRUE,5.3,398,300
13301,2022/10/19 17:27,131.4777932,47.05372817,5213352.407,460322.9111,4.83372,354.7,TRUE,5.3,400,300
13302,2022/10/19 17:27,131.4777745,47.0537765,5213357.789,460321.5261,4.7226,353,TRUE,5.3,400,300
13303,2022/10/19 17:28,131.4777662,47.05382183,5213362.833,460320.9291,4.31516,358.2,TRUE,5.3,400,300
13304,2022/10/19 17:28,131.4777533,47.05386983,5213368.176,460319.9846,4.48184,358.8,TRUE,5.3,400,300
13305,2022/10/19 17:28,131.4777413,47.05392267,5213374.056,460319.112,4.12996,345.3,TRUE,5.3,400,300
13306,2022/10/19 17:28,131.477719,47.05396567,5213378.848,460317.4496,2.4076,355,TRUE,5.3,400,300
13307,2022/10/19 17:28,131.4777185,47.054007,5213383.443,460317.4422,3.35212,33.8,FALSE,5.3,0,300
13308,2022/10/19 17:28,131.4777337,47.0540175,5213384.602,460318.6049,3.9818,218.4,FALSE,5.3,0,300
13309,2022/10/19 17:28,131.477681,47.05398367,5213380.868,460314.5757,3.20396,236.6,FALSE,5.3,0,300
13310,2022/10/19 17:28,131.4776883,47.05399317,5213381.921,460315.1374,3.35212,99.5,FALSE,5.3,0,300
13311,2022/10/19 17:28,131.4777132,47.05397917,5213380.352,460317.0189,3.31508,102.9,FALSE,5.3,0,300
13312,2022/10/19 17:28,131.4777232,47.0539495,5213377.048,460317.7567,2.85208,179.4,FALSE,5.3,0,300
13313,2022/10/19 17:28,131.477721,47.05392533,5213374.362,460317.5716,2.9632,186.4,TRUE,5.3,364,300
13314,2022/10/19 17:28,131.4777447,47.053893,5213370.756,460319.3483,4.01884,173.2,TRUE,5.3,394,300
13315,2022/10/19 17:28,131.4777607,47.05386067,5213367.154,460320.54,3.6114,169.7,TRUE,5.3,400,300
13316,2022/10/19 17:28,131.4777747,47.05382483,5213363.162,460321.5771,4.05588,168,TRUE,5.3,400,300
13317,2022/10/19 17:28,131.4777898,47.0537805,5213358.226,460322.6916,4.0744,171.7,TRUE,5.3,400,300
13318,2022/10/19 17:29,131.4778152,47.05373083,5213352.692,460324.5846,5.24116,173.3,TRUE,5.3,400,300
13319,2022/10/19 17:29,131.4778255,47.05367783,5213346.794,460325.3279,5.556,170.7,TRUE,5.3,400,300
13320,2022/10/19 17:29,131.4778412,47.05361933,5213340.283,460326.4774,6.40792,169.9,TRUE,5.3,400,300
13321,2022/10/19 17:29,131.4778633,47.05355817,5213333.472,460328.1112,4.5374,167.4,TRUE,5.3,400,300
13322,2022/10/19 17:29,131.47787,47.05350667,5213327.744,460328.582,6.55608,169.8,TRUE,5.3,400,300
13323,2022/10/19 17:29,131.4778762,47.05344817,5213321.237,460329.0097,4.98188,173.3,TRUE,5.3,400,300
13324,2022/10/19 17:29,131.4778913,47.05339733,5213315.577,460330.1193,6.35236,172.5,TRUE,5.3,400,300
13325,2022/10/19 17:29,131.4779087,47.05333267,5213308.38,460331.3934,6.5746,172.4,TRUE,5.3,400,300
13326,2022/10/19 17:29,131.4779237,47.05326133,5213300.442,460332.4802,6.2042,170.5,TRUE,5.3,394,300
13327,2022/10/19 17:29,131.4779443,47.053198,5213293.391,460333.9985,6.482,169.1,TRUE,5.3,400,300
13328,2022/10/19 17:29,131.4779557,47.05313583,5213286.473,460334.8185,6.7598,168.4,TRUE,5.3,400,300
13329,2022/10/19 17:29,131.4779782,47.05306217,5213278.273,460336.4735,7.18576,165.7,TRUE,5.3,400,300
13330,2022/10/19 17:29,131.477997,47.05299117,5213270.37,460337.8493,6.70424,172.5,TRUE,5.3,400,300
13331,2022/10/19 17:29,131.4780187,47.05291617,5213262.021,460339.4424,7.3154,173.3,TRUE,5.3,400,300
13332,2022/10/19 17:29,131.4780307,47.05284683,5213254.307,460340.3028,7.44504,174.4,TRUE,5.3,400,300
13333,2022/10/19 17:30,131.4780598,47.05277417,5213246.214,460342.46,7.83396,168.9,TRUE,5.3,400,300
13334,2022/10/19 17:30,131.4780838,47.052704,5213238.401,460344.2315,6.79684,171,TRUE,5.3,400,300
13335,2022/10/19 17:30,131.478097,47.0526315,5213230.335,460345.1807,7.01908,169.6,TRUE,5.3,400,300
13336,2022/10/19 17:30,131.4781202,47.05255783,5213222.133,460346.8889,6.98204,171,TRUE,5.3,399,300
13337,2022/10/19 17:30,131.4781403,47.052488,5213214.36,460348.3643,6.7598,169.2,TRUE,5.3,400,300
13338,2022/10/19 17:30,131.4781548,47.05241433,5213206.162,460349.4115,7.5006,172.4,TRUE,5.3,400,300
13339,2022/10/19 17:30,131.4781705,47.052335,5213197.335,460350.5456,8.27844,176.7,TRUE,5.3,400,300
13340,2022/10/19 17:30,131.4781845,47.0522585,5213188.823,460351.5526,7.51912,166.2,TRUE,5.3,400,300
13341,2022/10/19 17:30,131.4781897,47.05217867,5213179.946,460351.8886,6.81536,167.4,TRUE,5.3,400,300
13342,2022/10/19 17:30,131.4782177,47.052109,5213172.186,460353.9644,7.704319,173.3,TRUE,5.3,400,300
13343,2022/10/19 17:30,131.4782473,47.0520355,5213164,460356.159,8.01916,175.2,TRUE,5.3,387,300
13344,2022/10/19 17:30,131.4782647,47.05196,5213155.598,460357.4251,7.72284,174.9,TRUE,5.3,400,300
13345,2022/10/19 17:30,131.478279,47.0518865,5213147.42,460358.4572,8.185841,175.9,TRUE,5.3,400,300
13346,2022/10/19 17:30,131.4782877,47.051825,5213140.578,460359.0727,7.72284,171.8,TRUE,5.3,362,300
13347,2022/10/19 17:30,131.4783115,47.05174983,5213132.209,460360.8254,7.00056,175,TRUE,5.3,400,300
13348,2022/10/19 17:31,131.4783232,47.0516725,5213123.607,460361.6571,6.64868,173.3,TRUE,5.3,400,300
13349,2022/10/19 17:31,131.478334,47.05161083,5213116.745,460362.432,7.0376,175.7,TRUE,5.3,400,300
13350,2022/10/19 17:31,131.4783427,47.05153033,5213107.791,460363.0334,6.64868,169.1,TRUE,5.3,368,300
13351,2022/10/19 17:31,131.4783807,47.05146233,5213100.212,460365.8704,6.92648,176.2,TRUE,5.3,400,300
13352,2022/10/19 17:31,131.4784025,47.05138567,5213091.679,460367.47,6.945,175.5,TRUE,5.3,400,300
13353,2022/10/19 17:31,131.4784273,47.05131367,5213083.662,460369.301,6.945,170.3,TRUE,5.3,400,300
13354,2022/10/19 17:31,131.4784433,47.0512445,5213075.964,460370.4655,6.50052,172.3,TRUE,5.3,400,300
13355,2022/10/19 17:31,131.4784748,47.051178,5213068.555,460372.8097,7.64876,171.9,TRUE,5.3,400,300
13356,2022/10/19 17:31,131.4784925,47.05111283,5213061.301,460374.1064,7.0376,173.4,TRUE,5.3,400,300
13357,2022/10/19 17:31,131.4785058,47.051046,5213053.865,460375.0674,7.75988,169.9,TRUE,5.3,400,300
13358,2022/10/19 17:31,131.4785235,47.05097583,5213046.055,460376.3604,7.0376,171.7,TRUE,5.3,400,300
13359,2022/10/19 17:31,131.4785515,47.05090617,5213038.297,460378.4363,6.50052,169.4,TRUE,5.3,400,300
13360,2022/10/19 17:31,131.4785658,47.05084333,5213031.304,460379.4763,6.74128,173.4,TRUE,5.3,400,300
13361,2022/10/19 17:31,131.4785727,47.05078333,5213024.63,460379.9562,6.35236,175.2,TRUE,5.3,400,300
13362,2022/10/19 17:31,131.4785783,47.0507205,5213017.642,460380.3352,6.88944,174.1,TRUE,5.3,400,300
13363,2022/10/19 17:32,131.4785917,47.0506645,5213011.41,460381.3119,5.24116,169.4,TRUE,5.3,400,300
13364,2022/10/19 17:32,131.4786172,47.05061717,5213006.135,460383.2144,4.64852,171.1,TRUE,5.3,395,300
13365,2022/10/19 17:32,131.4786313,47.05055533,5212999.253,460384.24,4.63,168.7,TRUE,5.3,400,300
13366,2022/10/19 17:32,131.4786472,47.05050017,5212993.113,460385.4073,6.50052,172.3,TRUE,5.3,400,300
13367,2022/10/19 17:32,131.4786667,47.05043967,5212986.377,460386.8442,5.33376,167.8,TRUE,5.3,400,300
13368,2022/10/19 17:32,131.4786942,47.050379,5212979.618,460388.8889,6.482,170.5,TRUE,5.3,400,300
13369,2022/10/19 17:32,131.478705,47.05031067,5212972.017,460389.6589,5.75972,169,TRUE,5.3,400,300
13370,2022/10/19 17:32,131.4787323,47.05024833,5212965.072,460391.6871,6.05604,172.9,TRUE,5.3,398,300
13371,2022/10/19 17:32,131.4787398,47.05018333,5212957.842,460392.2089,6.55608,174.4,TRUE,5.3,400,300
13372,2022/10/19 17:32,131.4787605,47.05011883,5212950.661,460393.734,6.77832,169,TRUE,5.3,400,300
13373,2022/10/19 17:32,131.4787815,47.05005367,5212943.407,460395.2814,6.96352,170.5,TRUE,5.3,400,300
13374,2022/10/19 17:32,131.4787968,47.049992,5212936.543,460396.3984,6.79684,175.5,TRUE,5.3,400,300
13375,2022/10/19 17:32,131.4788183,47.04992817,5212929.436,460397.9848,6.6672,169.3,TRUE,5.3,400,300
13376,2022/10/19 17:32,131.4788415,47.0498635,5212922.235,460399.6998,7.778399,174.7,TRUE,5.3,400,300
13377,2022/10/19 17:32,131.4788563,47.04979433,5212914.538,460400.7732,8.00064,174,TRUE,5.3,400,300
13378,2022/10/19 17:33,131.4788862,47.04971383,5212905.573,460402.9855,8.037681,174.1,TRUE,5.3,400,300
13379,2022/10/19 17:33,131.4788955,47.04964533,5212897.953,460403.6415,7.16724,170.5,TRUE,5.3,400,300
13380,2022/10/19 17:33,131.4789112,47.0495685,5212889.404,460404.7776,7.11168,170.3,TRUE,5.3,400,300
13381,2022/10/19 17:33,131.478941,47.049495,5212881.218,460406.9876,7.00056,176.1,TRUE,5.3,400,300
13382,2022/10/19 17:33,131.478957,47.04942233,5212873.131,460408.1496,6.8524,169,TRUE,5.3,400,300
13383,2022/10/19 17:33,131.4789672,47.04934783,5212864.844,460408.8695,7.74136,172.4,TRUE,5.3,400,300
13384,2022/10/19 17:33,131.478985,47.04928,5212857.294,460410.1718,7.704319,168.6,TRUE,5.3,400,300
13385,2022/10/19 17:33,131.4790195,47.049202,5212848.605,460412.7356,7.42652,172.5,TRUE,5.3,400,300
13386,2022/10/19 17:33,131.4790317,47.04913,5212840.594,460413.6094,6.16716,167.6,TRUE,5.3,400,300
13387,2022/10/19 17:33,131.4790522,47.04906333,5212833.172,460415.1178,6.83388,170.5,TRUE,5.3,400,300
13388,2022/10/19 17:33,131.479064,47.04898867,5212824.866,460415.9592,6.55608,167.7,TRUE,5.3,400,300
13389,2022/10/19 17:33,131.4790803,47.04891617,5212816.798,460417.1441,7.29688,168.7,TRUE,5.3,400,300
13390,2022/10/19 17:33,131.4791043,47.0488515,5212809.596,460418.92,7.09316,169,TRUE,5.3,400,300
13391,2022/10/19 17:33,131.4791203,47.0487905,5212802.807,460420.0906,7.44504,173.6,TRUE,5.3,400,300
13392,2022/10/19 17:33,131.4791342,47.048714,5212794.295,460421.0902,7.18576,170,TRUE,5.3,400,300
13393,2022/10/19 17:34,131.4791663,47.0486445,5212786.553,460423.478,7.33392,169,TRUE,5.3,400,300
13394,2022/10/19 17:34,131.4791782,47.04858067,5212779.451,460424.335,6.64868,168.8,TRUE,5.3,400,300
13395,2022/10/19 17:34,131.4792035,47.04850517,5212771.044,460426.2017,7.5006,173.5,TRUE,5.3,400,300
13396,2022/10/19 17:34,131.4792197,47.04842983,5212762.66,460427.3769,7.14872,170.1,TRUE,5.3,400,300
13397,2022/10/19 17:34,131.4792392,47.04835483,5212754.313,460428.8032,7.2228,172,TRUE,5.3,400,300
13398,2022/10/19 17:34,131.4792587,47.04827467,5212745.391,460430.2257,7.20428,169.5,TRUE,5.3,400,300
13399,2022/10/19 17:34,131.4792788,47.04819367,5212736.376,460431.6931,7.35244,166.8,TRUE,5.3,400,300
13400,2022/10/19 17:34,131.4792943,47.048118,5212727.956,460432.8149,7.37096,168.8,TRUE,5.3,394,300
13401,2022/10/19 17:34,131.47931,47.04805117,5212720.519,460433.9585,7.63024,166.3,TRUE,5.3,382,300
13402,2022/10/19 17:34,131.4793375,47.04797817,5212712.389,460435.9942,7.463561,170.8,TRUE,5.3,400,300
13403,2022/10/19 17:34,131.479364,47.047906,5212704.353,460437.9545,7.2228,168.6,TRUE,5.3,400,300
13404,2022/10/19 17:34,131.4793812,47.04782917,5212695.803,460439.2047,7.83396,169.6,TRUE,5.3,400,300
13405,2022/10/19 17:34,131.4793932,47.04775667,5212687.737,460440.063,8.01916,169,TRUE,5.3,400,300
13406,2022/10/19 17:34,131.4794183,47.04767417,5212678.552,460441.9093,7.871,170.9,TRUE,5.3,400,300
13407,2022/10/19 17:34,131.4794433,47.04760317,5212670.646,460443.7565,7.11168,169.6,TRUE,5.3,400,300
13408,2022/10/19 17:35,131.4794617,47.04752933,5212662.428,460445.1001,7.44504,165.2,TRUE,5.3,400,300
13409,2022/10/19 17:35,131.4794872,47.04746,5212654.708,460446.9865,6.482,170.7,TRUE,5.3,400,300
13410,2022/10/19 17:35,131.4795073,47.04738567,5212646.434,460448.4589,6.6672,167.3,TRUE,5.3,377,300
13411,2022/10/19 17:35,131.4795168,47.04731017,5212638.036,460449.125,6.22272,168.7,TRUE,5.3,400,300
13412,2022/10/19 17:35,131.4795355,47.04723533,5212629.707,460450.4907,7.5006,164.7,TRUE,5.3,400,300
13413,2022/10/19 17:35,131.4795533,47.04716,5212621.323,460451.7876,7.2228,167.3,TRUE,5.3,400,300
13414,2022/10/19 17:35,131.4795682,47.04708683,5212613.181,460452.8658,6.8524,165.2,TRUE,5.3,400,300
13415,2022/10/19 17:35,131.479586,47.04701467,5212605.15,460454.165,7.20428,167.2,TRUE,5.3,400,300
13416,2022/10/19 17:35,131.4796125,47.04694983,5212597.928,460456.1308,7.33392,173.9,TRUE,5.3,379,300
13417,2022/10/19 17:35,131.4796462,47.0468735,5212589.425,460458.6353,8.29696,173,TRUE,5.3,393,300
13418,2022/10/19 17:35,131.4796617,47.046801,5212581.358,460459.7595,7.20428,168.2,TRUE,5.3,400,300
13419,2022/10/19 17:35,131.4796907,47.04672633,5212573.042,460461.908,6.6672,172.4,TRUE,5.3,400,300
13420,2022/10/19 17:35,131.4797048,47.0466535,5212564.938,460462.9257,6.37088,165,TRUE,5.3,400,300
13421,2022/10/19 17:35,131.4797175,47.04659333,5212558.243,460463.8463,6.3894,169.7,TRUE,5.3,400,300
13422,2022/10/19 17:35,131.4797303,47.04653683,5212551.955,460464.7772,5.13004,166.7,TRUE,5.3,375,300
13423,2022/10/19 17:36,131.479744,47.04648617,5212546.316,460465.7808,5.35228,168.1,TRUE,5.3,400,300
13424,2022/10/19 17:36,131.4797643,47.046438,5212540.951,460467.2878,4.96336,173.3,TRUE,5.3,400,300
13425,2022/10/19 17:36,131.4797778,47.04638583,5212535.144,460468.2751,4.33368,167.7,TRUE,5.3,400,300
13426,2022/10/19 17:36,131.4797867,47.04633867,5212529.897,460468.9166,3.74104,167.5,TRUE,5.3,400,300
13427,2022/10/19 17:36,131.4797978,47.046303,5212525.926,460469.7338,5.31524,158.1,TRUE,5.3,352,300
13428,2022/10/19 17:36,131.4798378,47.04624967,5212519.977,460472.734,2.75948,99.7,FALSE,5.3,0,300
13429,2022/10/19 17:36,131.4797857,47.04623783,5212518.687,460468.7661,4.12996,287.6,FALSE,5.3,0,300
13430,2022/10/19 17:36,131.4797915,47.0462215,5212516.868,460469.1948,4.77816,84.2,FALSE,5.3,0,300
13431,2022/10/19 17:36,131.4798822,47.04623817,5212518.676,460476.0994,5.07448,33.6,FALSE,5.3,0,300
13432,2022/10/19 17:36,131.4799457,47.0462825,5212523.572,460480.9575,5.16708,0.4,TRUE,5.3,235,300
13433,2022/10/19 17:36,131.4799662,47.04630367,5212525.915,460482.531,2.75948,5.5,TRUE,5.3,400,300
13434,2022/10/19 17:36,131.4799607,47.04634017,5212529.976,460482.14,4.40776,6.4,TRUE,5.3,395,300
13435,2022/10/19 17:36,131.4799408,47.0463885,5212535.359,460480.6635,4.38924,355.3,TRUE,5.3,400,300
13436,2022/10/19 17:36,131.4799288,47.0464445,5212541.59,460479.793,5.0004,358.8,TRUE,5.3,400,300
13437,2022/10/19 17:36,131.4799142,47.046498,5212547.545,460478.723,5.35228,357.2,TRUE,5.3,400,300
13438,2022/10/19 17:37,131.479879,47.04656217,5212554.697,460476.0956,6.51904,355.7,TRUE,5.3,400,300
13439,2022/10/19 17:37,131.47985,47.04662833,5212562.067,460473.9408,5.98196,352.9,TRUE,5.3,400,300
13440,2022/10/19 17:37,131.479824,47.04669333,5212569.306,460472.013,6.46348,353.4,TRUE,5.3,400,300
13441,2022/10/19 17:37,131.4798,47.04675983,5212576.711,460470.2384,6.945,353.7,TRUE,5.3,400,300
13442,2022/10/19 17:37,131.4797925,47.046829,5212584.404,460469.7196,5.79676,355.3,TRUE,5.3,400,300
13443,2022/10/19 17:37,131.4797767,47.046905,5212592.861,460468.5751,6.46348,355.7,TRUE,5.3,400,300
13444,2022/10/19 17:37,131.4797685,47.0469655,5212599.591,460467.9967,6.83388,352.8,TRUE,5.3,400,300
13445,2022/10/19 17:37,131.4797633,47.04703717,5212607.562,460467.6545,6.2042,352.3,TRUE,5.3,400,300
13446,2022/10/19 17:37,131.479742,47.04710317,5212614.91,460466.0847,6.37088,354.9,TRUE,5.3,400,300
13447,2022/10/19 17:37,131.4797215,47.04717817,5212623.258,460464.5824,7.64876,356.1,TRUE,5.3,394,300
13448,2022/10/19 17:37,131.4797003,47.04725483,5212631.791,460463.028,7.81544,357.8,TRUE,5.3,400,300
13449,2022/10/19 17:37,131.4796908,47.04732383,5212639.467,460462.3571,7.07464,350.5,TRUE,5.3,400,300
13450,2022/10/19 17:37,131.479667,47.04739467,5212647.354,460460.601,6.63016,352.9,TRUE,5.3,400,300
13451,2022/10/19 17:37,131.4796505,47.0474625,5212654.903,460459.3973,6.64868,356.1,TRUE,5.3,400,300
13452,2022/10/19 17:37,131.4796215,47.04754283,5212663.848,460457.253,7.16724,350.3,TRUE,5.3,400,300
13453,2022/10/19 17:38,131.4795983,47.04761417,5212671.791,460455.5428,7.20428,2.1,TRUE,5.3,400,300
13454,2022/10/19 17:38,131.4795705,47.0476915,5212680.402,460453.4875,7.6858,356.5,TRUE,5.3,400,300
13455,2022/10/19 17:38,131.4795563,47.047761,5212688.136,460452.4598,7.33392,358.4,TRUE,5.3,400,300
13456,2022/10/19 17:38,131.4795402,47.04783033,5212695.851,460451.2876,8.09324,356.6,TRUE,5.3,400,300
13457,2022/10/19 17:38,131.4795085,47.0479085,5212704.557,460448.9366,6.53756,350.1,TRUE,5.3,400,300
13458,2022/10/19 17:38,131.4794793,47.04798267,5212712.818,460446.7726,7.0376,354.8,TRUE,5.3,400,300
13459,2022/10/19 17:38,131.4794597,47.048059,5212721.313,460445.3397,7.57468,349,TRUE,5.3,400,300
13460,2022/10/19 17:38,131.479437,47.04813367,5212729.626,460443.6699,7.29688,351.3,TRUE,5.3,400,300
13461,2022/10/19 17:38,131.4794128,47.04821417,5212738.588,460441.8906,6.31532,349.2,TRUE,5.3,400,300
13462,2022/10/19 17:38,131.4794025,47.0482825,5212746.189,460441.1584,7.01908,351.3,TRUE,5.3,400,300
13463,2022/10/19 17:38,131.4793897,47.04834817,5212753.496,460440.2343,6.55608,350.3,TRUE,5.3,400,300
13464,2022/10/19 17:38,131.4793717,47.04841167,5212760.565,460438.9135,7.11168,351.5,TRUE,5.3,400,300
13465,2022/10/19 17:38,131.479357,47.04848217,5212768.41,460437.8486,7.889521,354,TRUE,5.3,400,300
13466,2022/10/19 17:38,131.479326,47.04855633,5212776.67,460435.5479,7.3154,355.8,TRUE,5.3,400,300
13467,2022/10/19 17:38,131.4793143,47.0486195,5212783.698,460434.7055,6.50052,350.2,TRUE,5.3,398,300
13468,2022/10/19 17:39,131.4792972,47.04868683,5212791.192,460433.456,5.94492,353.1,TRUE,5.3,400,300
13469,2022/10/19 17:39,131.4792862,47.04875183,5212798.424,460432.6682,6.77832,353.4,TRUE,5.3,400,300
13470,2022/10/19 17:39,131.4792802,47.04881217,5212805.135,460432.2569,6.945,348.8,TRUE,5.3,400,300
13471,2022/10/19 17:39,131.4792572,47.04888117,5212812.818,460430.5602,6.5746,350.1,TRUE,5.3,400,300
13472,2022/10/19 17:39,131.479244,47.0489515,5212820.643,460429.6092,6.63016,354.5,TRUE,5.3,400,300
13473,2022/10/19 17:39,131.4792212,47.04902633,5212828.973,460427.9321,7.463561,349.5,TRUE,5.3,400,300
13474,2022/10/19 17:39,131.4792,47.049104,5212837.619,460426.3786,6.83388,346.4,TRUE,5.3,400,300
13475,2022/10/19 17:39,131.4791735,47.049175,5212845.525,460424.4175,6.79684,352.4,TRUE,5.3,400,300
13476,2022/10/19 17:39,131.4791587,47.04923933,5212852.685,460423.3405,6.59312,357.2,TRUE,5.3,400,300
13477,2022/10/19 17:39,131.479147,47.0493055,5212860.047,460422.5004,6.2042,359.2,TRUE,5.3,400,300
13478,2022/10/19 17:39,131.4791223,47.04938233,5212868.6,460420.6804,7.14872,356,TRUE,5.3,400,300
13479,2022/10/19 17:39,131.4791038,47.04945333,5212876.503,460419.3272,6.79684,352.1,TRUE,5.3,400,300
13480,2022/10/19 17:39,131.4790888,47.04951583,5212883.459,460418.2336,7.81544,351,TRUE,5.3,400,300
13481,2022/10/19 17:39,131.4790652,47.049595,5212892.272,460416.499,7.44504,351.4,TRUE,5.3,400,300
13482,2022/10/19 17:39,131.479045,47.04966767,5212900.361,460415.0178,6.40792,352.3,TRUE,5.3,400,300
13483,2022/10/19 17:40,131.4790252,47.04973217,5212907.542,460413.561,7.18576,348.8,TRUE,5.3,400,300
13484,2022/10/19 17:40,131.4790018,47.04979883,5212914.964,460411.8323,5.85232,355.1,TRUE,5.3,400,300
13485,2022/10/19 17:40,131.478986,47.04986033,5212921.809,460410.6773,5.81528,353.2,TRUE,5.3,400,300
13486,2022/10/19 17:40,131.4789788,47.0499135,5212927.724,460410.1695,5.70416,354.7,TRUE,5.3,400,300
13487,2022/10/19 17:40,131.4789625,47.04997533,5212934.606,460408.9767,6.77832,354.4,TRUE,5.3,400,300
13488,2022/10/19 17:40,131.4789478,47.05004517,5212942.378,460407.9114,5.8338,352.7,TRUE,5.3,400,300
13489,2022/10/19 17:40,131.478935,47.05010767,5212949.332,460406.9851,5.33376,353.1,TRUE,5.3,400,300
13490,2022/10/19 17:40,131.4789265,47.050163,5212955.488,460406.3801,5.63008,352.7,TRUE,5.3,400,300
13491,2022/10/19 17:40,131.4789035,47.050228,5212962.726,460404.6806,6.2968,351.6,TRUE,5.3,400,300
13492,2022/10/19 17:40,131.4788768,47.050291,5212969.743,460402.6984,4.88928,354.4,TRUE,5.3,400,300
13493,2022/10/19 17:40,131.4788585,47.050348,5212976.089,460401.3501,5.85232,348.4,TRUE,5.3,400,300
13494,2022/10/19 17:40,131.478844,47.05041317,5212983.341,460400.2966,6.25976,352,TRUE,5.3,382,300
13495,2022/10/19 17:40,131.4788185,47.05048833,5212991.71,460398.4146,6.31532,349.1,TRUE,5.3,397,300
13496,2022/10/19 17:40,131.4788048,47.05055133,5212998.721,460397.4203,6.42644,350.1,TRUE,5.3,400,300
13497,2022/10/19 17:40,131.478786,47.05062183,5213006.568,460396.044,6.90796,353.3,TRUE,5.3,377,300
13498,2022/10/19 17:41,131.4787677,47.05069533,5213014.748,460394.7079,7.81544,353,TRUE,5.3,395,300
13499,2022/10/19 17:41,131.4787523,47.05076933,5213022.983,460393.5925,7.27836,359.3,TRUE,5.3,400,300
13500,2022/10/19 17:41,131.4787282,47.05084617,5213031.537,460391.8182,6.90796,355.4,TRUE,5.3,383,300
13501,2022/10/19 17:41,131.478709,47.05092217,5213039.996,460390.4156,7.66728,348.4,TRUE,5.3,400,300
13502,2022/10/19 17:41,131.478693,47.05099583,5213048.193,460389.2544,7.463561,355.1,TRUE,5.3,400,300
13503,2022/10/19 17:41,131.4786565,47.05107533,5213057.049,460386.5398,7.98212,352.1,TRUE,5.3,400,300
13504,2022/10/19 17:41,131.4786318,47.05114383,5213064.677,460384.7138,6.77832,348.9,TRUE,5.3,370,300
13505,2022/10/19 17:41,131.4786107,47.05121267,5213072.341,460383.1615,7.72284,353.4,TRUE,5.3,368,300
13506,2022/10/19 17:41,131.4785918,47.05128867,5213080.8,460381.7817,6.7598,346.2,TRUE,5.3,394,300
13507,2022/10/19 17:41,131.4785713,47.05135317,5213087.98,460380.2718,7.92656,355.9,TRUE,5.3,400,300
13508,2022/10/19 17:41,131.4785535,47.05142933,5213096.456,460378.9757,7.48208,348.9,TRUE,5.3,400,300
13509,2022/10/19 17:41,131.4785352,47.05150917,5213105.342,460377.6444,7.33392,348.6,TRUE,5.3,400,300
13510,2022/10/19 17:41,131.478513,47.05158467,5213113.746,460376.0135,7.33392,350.2,TRUE,5.3,398,300
13511,2022/10/19 17:41,131.4784712,47.05166283,5213122.457,460372.8953,7.463561,349.8,TRUE,5.3,397,300
13512,2022/10/19 17:41,131.4784508,47.05173633,5213130.638,460371.3997,7.51912,353.8,TRUE,5.3,376,300
13513,2022/10/19 17:42,131.4784387,47.05181133,5213138.982,460370.5359,7.66728,355.7,TRUE,5.3,397,300
13514,2022/10/19 17:42,131.4784208,47.05188883,5213147.607,460369.2332,7.61172,345.6,TRUE,5.3,393,300
13515,2022/10/19 17:42,131.4784035,47.05196383,5213155.953,460367.9743,7.5006,350.2,TRUE,5.3,395,300
13516,2022/10/19 17:42,131.4783783,47.0520465,5213165.157,460366.1208,7.9636,349.3,TRUE,5.3,400,300
13517,2022/10/19 17:42,131.4783553,47.0521245,5213173.84,460364.431,7.5932,353.1,TRUE,5.3,400,300
13518,2022/10/19 17:42,131.4783332,47.05220217,5213182.486,460362.8093,6.88944,357.6,TRUE,5.3,393,300
13519,2022/10/19 17:42,131.478329,47.05227283,5213190.343,460362.5426,6.90796,352.4,TRUE,5.3,374,300
13520,2022/10/19 17:42,131.4783102,47.05234633,5213198.524,460361.1686,7.66728,351.3,TRUE,5.3,400,300
13521,2022/10/19 17:42,131.4782925,47.05242467,5213207.242,460359.8818,7.35244,355.8,TRUE,5.3,400,300
13522,2022/10/19 17:42,131.478271,47.0524995,5213215.572,460358.3036,7.07464,353,TRUE,5.3,400,300
13523,2022/10/19 17:42,131.4782497,47.05257867,5213224.384,460356.7439,7.83396,357.9,TRUE,5.3,400,300
13524,2022/10/19 17:42,131.478232,47.05265483,5213232.86,460355.4554,7.37096,352.4,TRUE,5.3,400,300
13525,2022/10/19 17:42,131.47819,47.0527335,5213241.627,460352.3225,7.44504,350.3,TRUE,5.3,400,300
13526,2022/10/19 17:42,131.478167,47.05280867,5213249.995,460350.6307,7.75988,348.2,TRUE,5.3,374,300
13527,2022/10/19 17:42,131.4781505,47.05288667,5213258.675,460349.4348,7.72284,353.9,TRUE,5.3,374,300
13528,2022/10/19 17:43,131.4781305,47.05296683,5213267.597,460347.9746,7.463561,354.2,TRUE,5.3,400,300
13529,2022/10/19 17:43,131.4781247,47.05304983,5213276.827,460347.5955,7.55616,353.5,TRUE,5.3,398,300
13530,2022/10/19 17:43,131.4781125,47.05312783,5213285.505,460346.7263,7.42652,351.8,TRUE,5.3,400,300
13531,2022/10/19 17:43,131.4780922,47.05320067,5213293.613,460345.2379,7.25984,347.2,TRUE,5.3,375,300
13532,2022/10/19 17:43,131.4780702,47.05328433,5213302.924,460343.6284,7.98212,347.6,TRUE,5.3,400,300
13533,2022/10/19 17:43,131.4780447,47.05336083,5213311.442,460341.7476,7.61172,353.7,TRUE,5.3,378,300
13534,2022/10/19 17:43,131.4780245,47.05343367,5213319.55,460340.2668,7.48208,354.3,TRUE,5.3,400,300
13535,2022/10/19 17:43,131.4780013,47.0535075,5213327.769,460338.5588,7.5932,356.3,TRUE,5.3,400,300
13536,2022/10/19 17:43,131.4779935,47.05357483,5213335.258,460338.0161,6.14864,350.1,TRUE,5.3,400,300
13537,2022/10/19 17:43,131.477975,47.05363967,5213342.476,460336.6585,5.25968,353.3,TRUE,5.3,400,300
13538,2022/10/19 17:43,131.4779495,47.05369583,5213348.733,460334.7627,3.35212,355.4,TRUE,5.3,394,300
13539,2022/10/19 17:43,131.4779443,47.0537465,5213354.368,460334.4052,5.7412,353.8,TRUE,5.3,399,300
13540,2022/10/19 17:43,131.477933,47.0538015,5213360.488,460333.5874,5.01892,354.9,TRUE,5.3,400,300
13541,2022/10/19 17:43,131.4779172,47.05384617,5213365.462,460332.42,5.24116,353.9,TRUE,5.3,400,300
13542,2022/10/19 17:43,131.4778993,47.053909,5213372.456,460331.1066,5.66712,352.4,TRUE,5.3,400,300
13543,2022/10/19 17:44,131.477899,47.0539555,5213377.626,460331.1183,4.96336,357.9,TRUE,5.3,363,300
13544,2022/10/19 17:44,131.4778793,47.054001,5213382.694,460329.6552,3.53732,346.7,TRUE,5.3,233,300
13545,2022/10/19 17:44,131.4778762,47.05404067,5213387.106,460329.4491,3.62992,49.6,FALSE,5.3,0,300
13546,2022/10/19 17:44,131.4778462,47.0540225,5213385.101,460327.1563,5.24116,226.2,FALSE,5.3,0,300
13547,2022/10/19 17:44,131.477829,47.05401667,5213384.462,460325.8451,5.35228,79.9,FALSE,5.3,0,300
13548,2022/10/19 17:44,131.4778855,47.0540065,5213383.303,460330.1304,3.59288,146.5,FALSE,5.3,0,300
13549,2022/10/19 17:44,131.4778917,47.05396783,5213379,460330.5728,4.83372,190.6,TRUE,5.3,165,300
13550,2022/10/19 17:44,131.4778948,47.053929,5213374.682,460330.7795,4.59296,182.3,TRUE,5.3,400,300
13551,2022/10/19 17:44,131.4779103,47.0538915,5213370.505,460331.9294,4.61148,173.4,TRUE,5.3,393,300
13552,2022/10/19 17:44,131.4779215,47.05384533,5213365.367,460332.7461,6.27828,177.6,TRUE,5.3,400,300
13553,2022/10/19 17:44,131.4779375,47.05378867,5213359.06,460333.9198,6.37088,169.6,TRUE,5.3,400,300
13554,2022/10/19 17:44,131.4779533,47.05372733,5213352.233,460335.0748,5.0004,170.4,TRUE,5.3,400,300
13555,2022/10/19 17:44,131.4779675,47.0536705,5213345.907,460336.1115,6.3894,170.3,TRUE,5.3,400,300
13556,2022/10/19 17:44,131.4779873,47.05361333,5213339.542,460337.5735,6.7598,174.8,TRUE,5.3,400,300
13557,2022/10/19 17:44,131.4780048,47.05355517,5213333.067,460338.8601,5.87084,177.9,TRUE,5.3,400,300
13558,2022/10/19 17:45,131.478017,47.0534975,5213326.65,460339.7443,5.63008,169.3,TRUE,5.3,400,300
13559,2022/10/19 17:45,131.4780335,47.05344067,5213320.323,460340.9558,5.07448,170.2,TRUE,5.3,400,300
13560,2022/10/19 17:45,131.4780478,47.05338433,5213314.053,460342.0005,6.33384,171.1,TRUE,5.3,397,300
13561,2022/10/19 17:45,131.4780642,47.053327,5213307.671,460343.2041,5.70416,176.5,TRUE,5.3,400,300
13562,2022/10/19 17:45,131.478079,47.05327433,5213301.808,460344.2896,6.18568,172.7,TRUE,5.3,400,300
13563,2022/10/19 17:45,131.478086,47.053218,5213295.542,460344.7797,7.01908,176,TRUE,5.3,400,300
13564,2022/10/19 17:45,131.4781005,47.053149,5213287.864,460345.8303,6.13012,171.7,TRUE,5.3,400,300
13565,2022/10/19 17:45,131.47812,47.0530825,5213280.461,460347.2626,6.79684,165.9,TRUE,5.3,400,300
13566,2022/10/19 17:45,131.4781465,47.05301233,5213272.647,460349.224,7.42652,172.9,TRUE,5.3,400,300
13567,2022/10/19 17:45,131.4781703,47.052948,5213265.483,460350.9847,6.40792,174.6,TRUE,5.3,400,300
13568,2022/10/19 17:45,131.4781787,47.0528855,5213258.531,460351.5766,7.463561,176.3,TRUE,5.3,400,300
13569,2022/10/19 17:45,131.4781988,47.05281117,5213250.257,460353.0487,7.33392,172.5,TRUE,5.3,400,300
13570,2022/10/19 17:45,131.4782225,47.05273867,5213242.185,460354.7958,7.29688,172.7,TRUE,5.3,400,300
13571,2022/10/19 17:45,131.4782398,47.052664,5213233.875,460356.0549,7.05612,172,TRUE,5.3,400,300
13572,2022/10/19 17:45,131.47825,47.05259833,5213226.57,460356.7812,6.5746,174.6,TRUE,5.3,400,300
13573,2022/10/19 17:46,131.478265,47.052544,5213220.522,460357.8807,5.88936,170.6,TRUE,5.3,400,300
13574,2022/10/19 17:46,131.4782863,47.05247933,5213213.322,460359.4512,6.87092,173,TRUE,5.3,400,300
13575,2022/10/19 17:46,131.478308,47.0524135,5213205.992,460361.0512,6.74128,174.7,TRUE,5.3,400,300
13576,2022/10/19 17:46,131.4783152,47.05234867,5213198.781,460361.5502,7.11168,174.7,TRUE,5.3,400,300
13577,2022/10/19 17:46,131.478334,47.05228233,5213191.397,460362.9295,6.81536,166.8,TRUE,5.3,400,300
13578,2022/10/19 17:46,131.478352,47.0522115,5213183.513,460364.2447,7.0376,167.8,TRUE,5.3,400,300
13579,2022/10/19 17:46,131.478372,47.05214583,5213176.203,460365.7157,7.01908,169.9,TRUE,5.3,400,300
13580,2022/10/19 17:46,131.4783888,47.05208217,5213169.117,460366.945,6.53756,173.4,TRUE,5.3,400,300
13581,2022/10/19 17:46,131.4784095,47.05201967,5213162.158,460368.4715,6.83388,166.7,TRUE,5.3,400,300
13582,2022/10/19 17:46,131.4784287,47.05195533,5213154.996,460369.8827,6.51904,170.4,TRUE,5.3,400,300
13583,2022/10/19 17:46,131.4784475,47.0518875,5213147.445,460371.2609,6.945,177.1,TRUE,5.3,400,300
13584,2022/10/19 17:46,131.4784618,47.05182233,5213140.193,460372.2992,7.00056,172.5,TRUE,5.3,400,300
13585,2022/10/19 17:46,131.4784742,47.05176667,5213133.999,460373.2002,6.1116,168,TRUE,5.3,400,300
13586,2022/10/19 17:46,131.478498,47.05170283,5213126.89,460374.9613,6.2968,169.9,TRUE,5.3,400,300
13587,2022/10/19 17:46,131.478514,47.05163817,5213119.693,460376.1291,5.98196,169.3,TRUE,5.3,400,300
13588,2022/10/19 17:47,131.4785273,47.0515865,5213113.942,460377.1014,4.77816,175.8,TRUE,5.3,400,300
13589,2022/10/19 17:47,131.4785468,47.051523,5213106.873,460378.536,6.31532,168.6,TRUE,5.3,400,300
13590,2022/10/19 17:47,131.4785613,47.05146483,5213100.399,460379.5947,6.70424,170.6,TRUE,5.3,400,300
13591,2022/10/19 17:47,131.4785807,47.05140983,5213094.275,460381.028,5.61156,172.4,TRUE,5.3,400,300
13592,2022/10/19 17:47,131.478596,47.0513515,5213087.782,460382.1474,5.87084,176,TRUE,5.3,400,300
13593,2022/10/19 17:47,131.4786093,47.0512905,5213080.994,460383.1128,5.87084,170.9,TRUE,5.3,400,300
13594,2022/10/19 17:47,131.4786235,47.051228,5213074.039,460384.1454,5.4634,172.5,TRUE,5.3,400,300
13595,2022/10/19 17:47,131.4786393,47.051162,5213066.693,460385.2971,6.92648,172,TRUE,5.3,400,300
13596,2022/10/19 17:47,131.4786525,47.051101,5213059.905,460386.2549,5.42636,172,TRUE,5.3,400,300
13597,2022/10/19 17:47,131.4786662,47.05104067,5213053.191,460387.2512,7.16724,172.4,TRUE,5.3,400,300
13598,2022/10/19 17:47,131.478689,47.050979,5213046.324,460388.938,5.68564,174,TRUE,5.3,400,300
13599,2022/10/19 17:47,131.478706,47.05091967,5213039.719,460390.1858,6.13012,171.4,TRUE,5.3,400,300
13600,2022/10/19 17:47,131.4787208,47.05086433,5213033.56,460391.2693,5.51896,177.5,TRUE,5.3,400,300
13601,2022/10/19 17:47,131.4787397,47.050809,5213027.399,460392.6645,6.16716,178,TRUE,5.3,400,300
13602,2022/10/19 17:47,131.4787537,47.05075217,5213021.074,460393.6862,6.16716,169.8,TRUE,5.3,400,300
13603,2022/10/19 17:48,131.478762,47.05069683,5213014.918,460394.2759,6.2968,173.5,TRUE,5.3,400,300
13604,2022/10/19 17:48,131.4787765,47.05063267,5213007.778,460395.3301,6.40792,176.1,TRUE,5.3,400,300
13605,2022/10/19 17:48,131.4787882,47.050576,5213001.472,460396.1772,5.66712,173.6,TRUE,5.3,400,300
13606,2022/10/19 17:48,131.4788035,47.050518,5212995.016,460397.2968,5.4634,168.1,TRUE,5.3,400,300
13607,2022/10/19 17:48,131.478818,47.0504625,5212988.839,460398.3575,5.44488,174.9,TRUE,5.3,400,300
13608,2022/10/19 17:48,131.478834,47.050405,5212982.438,460399.5307,6.13012,175.9,TRUE,5.3,400,300
13609,2022/10/19 17:48,131.4788505,47.05034483,5212975.741,460400.7399,5.6486,170.7,TRUE,5.3,400,300
13610,2022/10/19 17:48,131.478871,47.05028633,5212969.227,460402.2543,6.37088,172.6,TRUE,5.3,400,300
13611,2022/10/19 17:48,131.4788852,47.0502145,5212961.234,460403.2801,7.11168,173.8,TRUE,5.3,395,300
13612,2022/10/19 17:48,131.478909,47.05014667,5212953.681,460405.0383,7.05612,172,TRUE,5.3,400,300
13613,2022/10/19 17:48,131.4789248,47.05007717,5212945.947,460406.1874,7.79692,173.7,TRUE,5.3,400,300
13614,2022/10/19 17:48,131.4789437,47.05001217,5212938.711,460407.5755,7.463561,171.5,TRUE,5.3,400,300
13615,2022/10/19 17:48,131.4789458,47.04993733,5212930.39,460407.6796,7.14872,171.1,TRUE,5.3,400,300
13616,2022/10/19 17:48,131.478966,47.04987383,5212923.32,460409.1675,7.20428,174.1,TRUE,5.3,400,300
13617,2022/10/19 17:48,131.4789878,47.04980083,5212915.194,460410.77,7.2228,171.2,TRUE,5.3,400,300
13618,2022/10/19 17:49,131.4790002,47.049735,5212907.869,460411.6635,5.77824,174,TRUE,5.3,400,300
13619,2022/10/19 17:49,131.4790182,47.04968033,5212901.782,460412.9908,5.90788,177.1,TRUE,5.3,400,300
13620,2022/10/19 17:49,131.4790318,47.04962,5212895.068,460413.9796,5.75972,174.9,TRUE,5.3,400,300
13621,2022/10/19 17:49,131.479058,47.049565,5212888.941,460415.9297,6.18568,172.2,TRUE,5.3,400,300
13622,2022/10/19 17:49,131.479068,47.0495085,5212882.654,460416.6477,5.77824,169.9,TRUE,5.3,400,300
13623,2022/10/19 17:49,131.47909,47.04945517,5212876.715,460418.28,5.7412,174.7,TRUE,5.3,400,300
13624,2022/10/19 17:49,131.4791015,47.04939317,5212869.816,460419.1079,5.94492,165.6,TRUE,5.3,400,300
13625,2022/10/19 17:49,131.479115,47.04933833,5212863.713,460420.0932,5.556,171.6,TRUE,5.3,400,300
13626,2022/10/19 17:49,131.4791295,47.04927967,5212857.184,460421.1516,6.27828,169.8,TRUE,5.3,400,300
13627,2022/10/19 17:49,131.4791515,47.04922683,5212851.299,460422.7842,6.44496,171.9,TRUE,5.3,400,300
13628,2022/10/19 17:49,131.4791567,47.04916383,5212844.292,460423.1327,6.019,175.6,TRUE,5.3,400,300
13629,2022/10/19 17:49,131.4791688,47.04909233,5212836.337,460423.9992,7.05612,175,TRUE,5.3,400,300
13630,2022/10/19 17:49,131.4791925,47.049024,5212828.729,460425.7496,7.48208,165.7,TRUE,5.3,400,300
13631,2022/10/19 17:49,131.4792178,47.0489545,5212820.99,460427.6206,7.57468,166.6,TRUE,5.3,400,300
13632,2022/10/19 17:49,131.4792333,47.04888533,5212813.292,460428.7472,6.81536,175.5,TRUE,5.3,400,300
13633,2022/10/19 17:50,131.4792555,47.04882033,5212806.055,460430.3861,7.38948,171.3,TRUE,5.3,400,300
13634,2022/10/19 17:50,131.479272,47.04875183,5212798.431,460431.5892,6.53756,171.1,TRUE,5.3,400,300
13635,2022/10/19 17:50,131.4792972,47.04868533,5212791.026,460433.4549,6.16716,169.7,TRUE,5.3,385,300
13636,2022/10/19 17:50,131.4793172,47.0486155,5212783.252,460434.923,6.68572,166,TRUE,5.3,400,300
13637,2022/10/19 17:50,131.4793282,47.04854483,5212775.39,460435.7065,6.61164,174.3,TRUE,5.3,400,300
13638,2022/10/19 17:50,131.4793462,47.04848067,5212768.248,460437.0269,6.81536,165.3,TRUE,5.3,400,300
13639,2022/10/19 17:50,131.4793675,47.04840967,5212760.344,460438.5929,6.31532,169.8,TRUE,5.3,400,300
13640,2022/10/19 17:50,131.4793868,47.04833767,5212752.33,460440.0062,7.35244,171.9,TRUE,5.3,400,300
13641,2022/10/19 17:50,131.4793987,47.04826917,5212744.709,460440.8598,7.37096,170.1,TRUE,5.3,400,300
13642,2022/10/19 17:50,131.4794208,47.04820667,5212737.75,460442.4929,7.01908,169.8,TRUE,5.3,400,300
13643,2022/10/19 17:50,131.4794385,47.04814367,5212730.737,460443.7913,6.24124,166.2,TRUE,5.3,400,300
13644,2022/10/19 17:50,131.4794538,47.04807817,5212723.448,460444.9055,7.01908,170,TRUE,5.3,400,300
13645,2022/10/19 17:50,131.4794725,47.0480065,5212715.47,460446.2735,6.8524,171.1,TRUE,5.3,400,300
13646,2022/10/19 17:50,131.4794928,47.04793767,5212707.808,460447.7652,7.5932,169,TRUE,5.3,400,300
13647,2022/10/19 17:50,131.4795113,47.04787,5212700.276,460449.1209,7.11168,170.6,TRUE,5.3,400,300
13648,2022/10/19 17:51,131.4795342,47.04780267,5212692.779,460450.8113,6.74128,172.2,TRUE,5.3,400,300
13649,2022/10/19 17:51,131.479554,47.04773533,5212685.283,460452.266,6.1116,170.2,TRUE,5.3,400,300
13650,2022/10/19 17:51,131.4795668,47.0476675,5212677.736,460453.1886,6.6672,166.1,TRUE,5.3,400,300
13651,2022/10/19 17:51,131.4795875,47.04759783,5212669.98,460454.71,7.38948,173.8,TRUE,5.3,400,300
13652,2022/10/19 17:51,131.4796137,47.04753117,5212662.556,460456.6516,7.14872,168.4,TRUE,5.3,400,300
13653,2022/10/19 17:51,131.479633,47.04746733,5212655.449,460458.071,6.92648,169.4,TRUE,5.3,400,300
13654,2022/10/19 17:51,131.4796525,47.04739417,5212647.306,460459.4988,7.408,168.1,TRUE,5.3,400,300
13655,2022/10/19 17:51,131.4796778,47.04733117,5212640.289,460461.3747,7.48208,174.4,TRUE,5.3,400,300
13656,2022/10/19 17:51,131.4796953,47.04725917,5212632.276,460462.6513,6.81536,171.2,TRUE,5.3,400,300
13657,2022/10/19 17:51,131.4797177,47.04719417,5212625.039,460464.3054,6.98204,171.3,TRUE,5.3,400,300
13658,2022/10/19 17:51,131.479734,47.04712633,5212617.489,460465.4939,7.2228,170.3,TRUE,5.3,400,300
13659,2022/10/19 17:51,131.4797467,47.04706167,5212610.294,460466.4112,6.64868,168.8,TRUE,5.3,400,300
13660,2022/10/19 17:51,131.4797585,47.0469905,5212602.376,460467.2553,6.07456,173.7,TRUE,5.3,400,300
13661,2022/10/19 17:51,131.4797793,47.046922,5212594.75,460468.7853,7.3154,170.5,TRUE,5.3,400,300
13662,2022/10/19 17:51,131.4798097,47.04685733,5212587.545,460471.0475,6.945,170.7,TRUE,5.3,400,300
13663,2022/10/19 17:52,131.4798337,47.04679083,5212580.14,460472.8222,7.18576,172.2,TRUE,5.3,400,300
13664,2022/10/19 17:52,131.4798457,47.04672333,5212572.63,460473.6842,7.0376,171.5,TRUE,5.3,400,300
13665,2022/10/19 17:52,131.4798683,47.04665567,5212565.097,460475.3516,7.66728,176,TRUE,5.3,384,300
13666,2022/10/19 17:52,131.47987,47.04657967,5212556.647,460475.4246,6.31532,165.9,TRUE,5.3,400,300
13667,2022/10/19 17:52,131.4798868,47.04651733,5212549.708,460476.6552,7.42652,170,TRUE,5.3,400,300
13668,2022/10/19 17:52,131.4799025,47.04646233,5212543.586,460477.8076,5.556,168.5,TRUE,5.3,400,300
13669,2022/10/19 17:52,131.4799187,47.0464205,5212538.927,460479.0077,5.05596,173.2,TRUE,5.3,400,300
13670,2022/10/19 17:52,131.479924,47.04636967,5212533.274,460479.3729,3.85216,175.2,TRUE,5.3,400,300
13671,2022/10/19 17:52,131.4799163,47.04632967,5212528.831,460478.7583,3.62992,174.8,TRUE,5.3,368,300
13672,2022/10/19 17:52,131.479937,47.046275,5212522.742,460480.2909,2.57428,99.5,FALSE,5.3,0,300
13673,2022/10/19 17:52,131.4799377,47.04627567,5212522.817,460480.3446,4.42628,316.9,FALSE,5.3,0,300
13674,2022/10/19 17:52,131.4799175,47.04626767,5212521.937,460478.8037,0.62968,282.4,FALSE,5.3,0,300
13675,2022/10/19 17:52,131.4799798,47.04626633,5212521.757,460483.5369,5.59304,66.6,FALSE,5.3,0,300
13676,2022/10/19 17:52,131.4800388,47.046292,5212524.581,460488.0392,5.07448,28.8,FALSE,5.3,0,300
13677,2022/10/19 17:52,131.4800852,47.04631717,5212527.356,460491.5838,3.31508,11.5,TRUE,5.3,400,300
13678,2022/10/19 17:53,131.4800857,47.04635517,5212531.58,460491.6498,5.59304,1.9,TRUE,5.3,400,300
13679,2022/10/19 17:53,131.4800898,47.04641717,5212538.471,460492.0071,4.83372,357.2,TRUE,5.3,400,300
13680,2022/10/19 17:53,131.480073,47.0464785,5212545.297,460490.7758,7.6858,351.1,TRUE,5.3,400,300
13681,2022/10/19 17:53,131.4800277,47.04654433,5212552.638,460487.3821,7.83396,353.3,TRUE,5.3,400,300
13682,2022/10/19 17:53,131.4799857,47.04661683,5212560.72,460484.244,7.14872,351.9,TRUE,5.3,400,300
13683,2022/10/19 17:53,131.4799667,47.04668,5212567.752,460482.8469,6.33384,357,TRUE,5.3,400,300
13684,2022/10/19 17:53,131.4799467,47.04674817,5212575.341,460481.3775,6.81536,349.2,TRUE,5.3,400,300
13685,2022/10/19 17:53,131.4799215,47.04681933,5212583.264,460479.5151,7.48208,350.3,TRUE,5.3,400,300
13686,2022/10/19 17:53,131.4799085,47.04689317,5212591.48,460478.5818,7.74136,347.8,TRUE,5.3,400,300
13687,2022/10/19 17:53,131.4798827,47.0469685,5212599.867,460476.6769,6.81536,355,TRUE,5.3,400,300
13688,2022/10/19 17:53,131.4798717,47.04703567,5212607.34,460475.8906,7.29688,348.5,TRUE,5.3,400,300
13689,2022/10/19 17:53,131.4798473,47.04710433,5212614.986,460474.0872,6.22272,355.4,TRUE,5.3,400,300
13690,2022/10/19 17:53,131.4798277,47.0471725,5212622.574,460472.6482,7.48208,347,TRUE,5.3,400,300
13691,2022/10/19 17:53,131.4798077,47.04724733,5212630.903,460471.1837,7.35244,349.7,TRUE,5.3,400,300
13692,2022/10/19 17:53,131.4797918,47.04731683,5212638.638,460470.0268,6.51904,354,TRUE,5.3,400,300
13693,2022/10/19 17:54,131.4797757,47.0473875,5212646.502,460468.8556,6.83388,355,TRUE,5.3,400,300
13694,2022/10/19 17:54,131.4797518,47.04746083,5212654.666,460467.0937,7.72284,353,TRUE,5.3,400,300
13695,2022/10/19 17:54,131.479724,47.047538,5212663.26,460465.0382,7.20428,349.4,TRUE,5.3,400,300
13696,2022/10/19 17:54,131.4797213,47.04760033,5212670.19,460464.8791,7.09316,353.4,TRUE,5.3,400,300
13697,2022/10/19 17:54,131.479719,47.04767417,5212678.4,460464.7589,7.1302,348.2,TRUE,5.3,400,300
13698,2022/10/19 17:54,131.4796955,47.04774733,5212686.545,460463.0272,7.408,348.7,TRUE,5.3,400,300
13699,2022/10/19 17:54,131.4796672,47.04782817,5212695.547,460460.9365,7.66728,355.3,TRUE,5.3,400,300
13700,2022/10/19 17:54,131.4796538,47.0478995,5212703.483,460459.971,7.00056,349.9,TRUE,5.3,400,300
13701,2022/10/19 17:54,131.4796253,47.04799417,5212714.022,460457.8753,7.18576,351.9,TRUE,5.3,400,300
13702,2022/10/19 17:54,131.4796123,47.048061,5212721.459,460456.9368,6.35236,351.2,TRUE,5.3,400,300
13703,2022/10/19 17:54,131.4795925,47.04812133,5212728.176,460455.4769,5.87084,346.3,TRUE,5.3,400,300
13704,2022/10/19 17:54,131.4795712,47.04819583,5212736.469,460453.9134,7.0376,348.4,TRUE,5.3,400,300
13705,2022/10/19 17:54,131.4795497,47.048264,5212744.058,460452.3301,8.13028,353,TRUE,5.3,400,300
13706,2022/10/19 17:54,131.4795162,47.04834,5212752.524,460449.8407,7.51912,353.3,TRUE,5.3,400,300
13707,2022/10/19 17:54,131.4795103,47.04841217,5212760.55,460449.4457,7.6858,353.7,TRUE,5.3,400,300
13708,2022/10/19 17:55,131.479494,47.04848383,5212768.525,460448.2601,7.57468,351.8,TRUE,5.3,400,300
13709,2022/10/19 17:55,131.4794705,47.0485565,5212776.616,460446.5281,7.20428,352.9,TRUE,5.3,400,300
13710,2022/10/19 17:55,131.4794428,47.04863383,5212785.227,460444.4804,8.11176,350.4,TRUE,5.3,400,300
13711,2022/10/19 17:55,131.4794288,47.04869717,5212792.275,460443.4635,6.14864,350.2,TRUE,5.3,400,300
13712,2022/10/19 17:55,131.479412,47.048757,5212798.935,460442.2311,6.05604,354.6,TRUE,5.3,400,300
13713,2022/10/19 17:55,131.4793962,47.04881717,5212805.632,460441.075,6.18568,352.1,TRUE,5.3,400,300
13714,2022/10/19 17:55,131.4793813,47.04888283,5212812.939,460439.9914,6.81536,358.6,TRUE,5.3,400,300
13715,2022/10/19 17:55,131.4793628,47.04894483,5212819.841,460438.6315,6.1116,348.8,TRUE,5.3,400,300
13716,2022/10/19 17:55,131.4793428,47.0490075,5212826.819,460437.1581,5.51896,358.6,TRUE,5.3,400,300
13717,2022/10/19 17:55,131.4793227,47.049068,5212833.555,460435.6755,5.11152,356.6,TRUE,5.3,369,300
13718,2022/10/19 17:55,131.479305,47.04913183,5212840.66,460434.3777,6.37088,355.5,TRUE,5.3,400,300
13719,2022/10/19 17:55,131.4792968,47.04919467,5212847.65,460433.8011,5.48192,352.8,TRUE,5.3,400,300
13720,2022/10/19 17:55,131.4792827,47.04925083,5212853.9,460432.7713,6.22272,351.3,TRUE,5.3,400,300
13721,2022/10/19 17:55,131.4792678,47.049316,5212861.153,460431.6873,6.3894,353.6,TRUE,5.3,400,300
13722,2022/10/19 17:55,131.4792553,47.04938017,5212868.293,460430.7849,6.5746,349.7,TRUE,5.3,397,300
13723,2022/10/19 17:56,131.4792373,47.04944367,5212875.362,460429.4641,5.8338,351.8,TRUE,5.3,400,300
13724,2022/10/19 17:56,131.4792183,47.04950867,5212882.597,460428.0685,5.90788,357,TRUE,5.3,400,300
13725,2022/10/19 17:56,131.4791977,47.04957433,5212889.907,460426.5517,7.00056,354.5,TRUE,5.3,400,300
13726,2022/10/19 17:56,131.4791705,47.04964967,5212898.297,460424.5407,7.704319,353.8,TRUE,5.3,400,300
13727,2022/10/19 17:56,131.4791548,47.049724,5212906.568,460423.4027,7.11168,344.8,TRUE,5.3,400,300
13728,2022/10/19 17:56,131.4791307,47.049796,5212914.585,460421.6247,7.1302,348,TRUE,5.3,400,300
13729,2022/10/19 17:56,131.4791132,47.04987317,5212923.173,460420.352,7.74136,352.5,TRUE,5.3,400,300
13730,2022/10/19 17:56,131.4790993,47.04994067,5212930.684,460419.3458,7.11168,351.8,TRUE,5.3,398,300
13731,2022/10/19 17:56,131.4790858,47.05000683,5212938.046,460418.3689,7.72284,351.3,TRUE,5.3,400,300
13732,2022/10/19 17:56,131.4790525,47.05008533,5212946.789,460415.8967,6.482,354.8,TRUE,5.3,400,300
13733,2022/10/19 17:56,131.479037,47.05014933,5212953.912,460414.7663,8.13028,350.7,TRUE,5.3,400,300
13734,2022/10/19 17:56,131.4790247,47.05021517,5212961.238,460413.8804,5.90788,347.9,TRUE,5.3,400,300
13735,2022/10/19 17:56,131.4790075,47.05028933,5212969.491,460412.6284,6.87092,353.8,TRUE,5.3,400,300
13736,2022/10/19 17:56,131.4789863,47.050358,5212977.136,460411.0683,6.00048,354.9,TRUE,5.3,400,300
13737,2022/10/19 17:56,131.478964,47.05042867,5212985.004,460409.4262,7.25984,352.1,TRUE,5.3,400,300
13738,2022/10/19 17:57,131.4789428,47.050504,5212993.389,460407.871,7.0376,355.1,TRUE,5.3,400,300
13739,2022/10/19 17:57,131.4789237,47.0505805,5213001.903,460406.4764,6.18568,354,TRUE,5.3,371,300
13740,2022/10/19 17:57,131.4789028,47.05064683,5213009.288,460404.9374,7.09316,352.6,TRUE,5.3,400,300
13741,2022/10/19 17:57,131.4788867,47.05071383,5213016.744,460403.7636,6.482,1.3,TRUE,5.3,400,300
13742,2022/10/19 17:57,131.4788765,47.050777,5213023.772,460403.0354,6.74128,356.3,TRUE,5.3,400,300
13743,2022/10/19 17:57,131.4788653,47.0508455,5213031.393,460402.235,6.88944,355.2,TRUE,5.3,400,300
13744,2022/10/19 17:57,131.4788522,47.05091617,5213039.256,460401.292,7.27836,355.1,TRUE,5.3,400,300
13745,2022/10/19 17:57,131.4788218,47.05098533,5213046.96,460399.0333,5.9264,353.5,TRUE,5.3,400,300
13746,2022/10/19 17:57,131.478811,47.05104883,5213054.025,460398.2596,7.07464,351.4,TRUE,5.3,400,300
13747,2022/10/19 17:57,131.4787895,47.051113,5213061.17,460396.6735,5.51896,353.7,TRUE,5.3,398,300
13748,2022/10/19 17:57,131.478779,47.05116917,5213067.42,460395.9173,4.77816,353.3,TRUE,5.3,395,300
13749,2022/10/19 17:57,131.4787683,47.05122583,5213073.724,460395.1462,5.81528,351.2,TRUE,5.3,400,300
13750,2022/10/19 17:57,131.4787458,47.051291,5213080.981,460393.4848,5.13004,353.6,TRUE,5.3,400,300
13751,2022/10/19 17:57,131.4787305,47.05134583,5213087.084,460392.3629,5.87084,352.1,TRUE,5.3,400,300
13752,2022/10/19 17:57,131.4787178,47.05141083,5213094.316,460391.446,6.2042,350.5,TRUE,5.3,400,300
13753,2022/10/19 17:58,131.4786928,47.05148167,5213102.205,460389.5989,5.7412,354.5,TRUE,5.3,400,300
13754,2022/10/19 17:58,131.4786798,47.05154417,5213109.159,460388.6574,5.94492,355.5,TRUE,5.3,400,300
13755,2022/10/19 17:58,131.4786587,47.05160983,5213116.47,460387.1028,5.8338,355.4,TRUE,5.3,399,300
13756,2022/10/19 17:58,131.478637,47.05167717,5213123.967,460385.5038,7.51912,352.2,TRUE,5.3,400,300
13757,2022/10/19 17:58,131.4786102,47.051759,5213133.078,460383.5281,7.24132,351.3,TRUE,5.3,400,300
13758,2022/10/19 17:58,131.4785812,47.05183267,5213141.282,460381.3792,6.68572,351.6,TRUE,5.3,400,300
13759,2022/10/19 17:58,131.4785637,47.05190633,5213149.48,460380.104,7.05612,350.4,TRUE,5.3,400,300
13760,2022/10/19 17:58,131.4785482,47.05197733,5213157.381,460378.9789,8.07472,351.6,TRUE,5.3,395,300
13761,2022/10/19 17:58,131.478539,47.05204567,5213164.983,460378.3305,7.57468,348.4,TRUE,5.3,400,300
13762,2022/10/19 17:58,131.4785075,47.05212483,5213173.799,460375.9957,7.51912,351.4,TRUE,5.3,400,300
13763,2022/10/19 17:58,131.4784857,47.05220033,5213182.204,460374.3952,7.14872,350.9,TRUE,5.3,400,300
13764,2022/10/19 17:58,131.4784665,47.05228,5213191.071,460372.9953,7.48208,352.2,TRUE,5.3,400,300
13765,2022/10/19 17:58,131.4784463,47.05236,5213199.975,460371.5198,7.14872,350,TRUE,5.3,395,300
13766,2022/10/19 17:58,131.4784287,47.0524275,5213207.488,460370.2325,8.07472,355.6,TRUE,5.3,395,300
13767,2022/10/19 17:58,131.4784037,47.05250683,5213216.319,460368.3917,8.185841,355.4,TRUE,5.3,397,300
13768,2022/10/19 17:59,131.4783753,47.05259267,5213225.877,460366.2975,7.33392,350,TRUE,5.3,400,300
13769,2022/10/19 17:59,131.4783583,47.052666,5213234.038,460365.0601,7.72284,351.8,TRUE,5.3,400,300
13770,2022/10/19 17:59,131.4783378,47.0527295,5213241.107,460363.5496,7.11168,353.5,TRUE,5.3,400,300
13771,2022/10/19 17:59,131.4783192,47.052803,5213249.288,460362.1908,6.53756,352.5,TRUE,5.3,375,300
13772,2022/10/19 17:59,131.4782998,47.05287517,5213257.321,460360.7702,7.98212,348.5,TRUE,5.3,400,300
13773,2022/10/19 17:59,131.4782843,47.052946,5213265.203,460359.645,5.96344,354,TRUE,5.3,400,300
13774,2022/10/19 17:59,131.4782693,47.05300417,5213271.678,460358.5484,6.55608,352.8,TRUE,5.3,400,300
13775,2022/10/19 17:59,131.4782475,47.05306333,5213278.266,460356.9359,6.35236,355.3,TRUE,5.3,400,300
13776,2022/10/19 17:59,131.4782322,47.05313233,5213285.944,460355.8245,6.35236,350.6,TRUE,5.3,400,300
13777,2022/10/19 17:59,131.4782148,47.0531885,5213292.197,460354.5441,5.51896,350,TRUE,5.3,400,300
13778,2022/10/19 17:59,131.4781893,47.05324483,5213298.473,460352.6483,6.42644,356,TRUE,5.3,400,300
13779,2022/10/19 17:59,131.4781797,47.05331017,5213305.741,460351.9673,5.68564,351.8,TRUE,5.3,400,300
13780,2022/10/19 17:59,131.4781748,47.05337367,5213312.803,460351.6421,5.70416,351,TRUE,5.3,371,300
13781,2022/10/19 17:59,131.4781693,47.053436,5213319.735,460351.2704,5.90788,352.6,TRUE,5.3,400,300
13782,2022/10/19 17:59,131.4781523,47.05349767,5213326.6,460350.0245,6.46348,348.7,TRUE,5.3,400,300
13783,2022/10/19 18:00,131.4781322,47.0535565,5213333.15,460348.5409,6.16716,354.6,TRUE,5.3,400,300
13784,2022/10/19 18:00,131.4781137,47.05362233,5213340.478,460347.184,7.27836,350.3,TRUE,5.3,400,300
13785,2022/10/19 18:00,131.4780942,47.0536855,5213347.511,460345.7493,6.68572,345.1,TRUE,5.3,396,300
13786,2022/10/19 18:00,131.4780697,47.05374617,5213354.268,460343.9327,6.87092,353.2,TRUE,5.3,393,300
13787,2022/10/19 18:00,131.478053,47.0538085,5213361.206,460342.7101,6.18568,349.5,TRUE,5.3,390,300
13788,2022/10/19 18:00,131.4780407,47.05387083,5213368.141,460341.8218,5.66712,350.8,TRUE,5.3,400,300
13789,2022/10/19 18:00,131.4780313,47.05392267,5213373.909,460341.146,4.01884,354.5,TRUE,5.3,400,300
13790,2022/10/19 18:00,131.4780188,47.05396933,5213379.103,460340.2308,4.42628,349.5,TRUE,5.3,400,300
13791,2022/10/19 18:00,131.4780078,47.054015,5213384.186,460339.4289,4.27812,353,TRUE,5.3,400,300
13792,2022/10/19 18:00,131.477997,47.05405417,5213388.546,460338.6374,2.98172,356.7,TRUE,5.3,392,300
13793,2022/10/19 18:00,131.4779888,47.05406117,5213389.328,460338.0196,0,0,FALSE,5.3,0,300
13794,2022/10/19 18:00,131.4779855,47.05405583,5213388.736,460337.7649,4.92632,165.8,TRUE,5.3,76,300
13795,2022/10/19 18:00,131.4780063,47.054023,5213385.076,460339.3209,0,143.3,FALSE,5.3,0,300
13796,2022/10/19 18:00,131.4780105,47.0540255,5213385.352,460339.6419,0,0,FALSE,5.3,0,300
13797,2022/10/19 18:00,131.4779927,47.0540495,5213388.029,460338.3072,4.87076,295.9,FALSE,5.3,0,300
13798,2022/10/19 18:01,131.4779202,47.0540925,5213392.846,460332.8306,6.07456,279.6,FALSE,5.3,0,300
13799,2022/10/19 18:01,131.4778635,47.05410783,5213394.579,460328.534,2.88912,251.6,FALSE,5.3,0,300
13800,2022/10/19 18:01,131.4778403,47.05410967,5213394.795,460326.7726,3.66696,243.5,FALSE,5.3,0,300
13801,2022/10/19 18:01,131.4777877,47.0540965,5213393.358,460322.7664,0,220.6,FALSE,5.3,0,300
13802,2022/10/19 18:01,131.4777778,47.05409317,5213392.992,460322.0117,0,0,FALSE,5.3,0,300
13803,2022/10/19 18:01,131.4777703,47.05408617,5213392.218,460321.4367,0,0,FALSE,5.3,0,300
13804,2022/10/19 18:01,131.477767,47.054084,5213391.979,460321.1843,0,0,FALSE,5.3,0,300
13805,2022/10/19 18:01,131.4777648,47.0540835,5213391.924,460321.0168,0,0,FALSE,5.3,0,300
13806,2022/10/19 18:01,131.4777628,47.0540845,5213392.036,460320.8656,0,0,FALSE,5.3,0,300
13807,2022/10/19 18:01,131.4777617,47.05408517,5213392.111,460320.7825,0,0,FALSE,5.3,0,300
13808,2022/10/19 18:01,131.4777608,47.05408483,5213392.074,460320.7139,0,0,FALSE,5.3,0,300
13809,2022/10/19 18:01,131.4777605,47.054084,5213391.982,460320.6905,0,0,FALSE,5.3,0,300
13810,2022/10/19 18:03,131.4777343,47.05411,5213394.886,460318.7191,0,0,FALSE,5.3,0,300
13811,2022/10/19 18:03,131.4777328,47.054112,5213395.109,460318.6066,0,0,FALSE,5.3,0,300
13812,2022/10/19 18:03,131.4777332,47.05411633,5213395.59,460318.6402,0,0,FALSE,5.3,0,300
13813,2022/10/19 18:03,131.4777398,47.05411567,5213395.513,460319.1412,0,0,FALSE,5.3,0,300
13814,2022/10/19 18:03,131.4777418,47.05411467,5213395.401,460319.2924,0,0,FALSE,5.3,0,300
13815,2022/10/19 18:03,131.4777438,47.05411467,5213395.4,460319.4444,0,0,FALSE,5.3,0,300
13816,2022/10/19 18:03,131.4777458,47.0541135,5213395.269,460319.5955,0,0,FALSE,5.3,0,300
13817,2022/10/19 18:03,131.477748,47.05411383,5213395.304,460319.7629,0,0,FALSE,5.3,0,300
13818,2022/10/19 18:03,131.4777503,47.05411433,5213395.359,460319.938,0,0,FALSE,5.3,0,300
13819,2022/10/19 18:03,131.4777523,47.054115,5213395.432,460320.0904,0,0,FALSE,5.3,0,300
13820,2022/10/19 18:04,131.4777543,47.05411533,5213395.468,460320.2426,0,0,FALSE,5.3,0,300
13821,2022/10/19 18:04,131.4777557,47.05411583,5213395.523,460320.3494,0,0,FALSE,5.3,0,300
13822,2022/10/19 18:04,131.4777572,47.05411533,5213395.466,460320.463,0,0,FALSE,5.3,0,300
13823,2022/10/19 18:04,131.477758,47.05411533,5213395.466,460320.5238,0,0,FALSE,5.3,0,300
13824,2022/10/19 18:04,131.477759,47.05411583,5213395.521,460320.6001,0,0,FALSE,5.3,0,300
13825,2022/10/19 18:04,131.4777598,47.0541165,5213395.595,460320.6614,0,0,FALSE,5.3,0,300
13826,2022/10/19 18:04,131.4777607,47.05411667,5213395.614,460320.7299,0,0,FALSE,5.3,0,300
13827,2022/10/19 18:04,131.477761,47.054117,5213395.65,460320.7529,0,0,FALSE,5.3,0,300
13828,2022/10/19 18:04,131.4777613,47.054117,5213395.65,460320.7757,0,0,FALSE,5.3,0,300
13829,2022/10/19 18:04,131.4777615,47.05411667,5213395.613,460320.7907,0,0,FALSE,5.3,0,300
13830,2022/10/19 18:04,131.4777617,47.05411567,5213395.502,460320.8051,0,0,FALSE,5.3,0,300
13831,2022/10/19 18:04,131.4777617,47.05411533,5213395.464,460320.8049,0,0,FALSE,5.3,0,300
13832,2022/10/19 18:04,131.4777615,47.05411467,5213395.391,460320.7892,0,0,FALSE,5.3,0,300
13833,2022/10/19 18:04,131.4777613,47.0541145,5213395.372,460320.7739,0,0,FALSE,5.3,0,300
13834,2022/10/19 18:05,131.477761,47.0541145,5213395.372,460320.7511,0,0,FALSE,5.3,0,300
13835,2022/10/19 18:05,131.477761,47.05411433,5213395.353,460320.751,0,0,FALSE,5.3,0,300
13836,2022/10/19 18:05,131.4777608,47.0541145,5213395.372,460320.7359,0,0,FALSE,5.3,0,300
13837,2022/10/19 18:05,131.4777605,47.05411467,5213395.391,460320.7132,0,0,FALSE,5.3,0,300
13838,2022/10/19 18:05,131.4777605,47.05411467,5213395.391,460320.7132,0,0,FALSE,5.3,0,300
13839,2022/10/19 18:05,131.4777603,47.05411467,5213395.392,460320.698,0,0,FALSE,5.3,0,300
13840,2022/10/19 18:05,131.4777602,47.05411467,5213395.392,460320.6904,0,0,FALSE,5.3,0,300
13841,2022/10/19 18:05,131.47776,47.0541145,5213395.373,460320.6751,0,84.9,FALSE,5.3,0,300
13842,2022/10/19 18:05,131.4777597,47.0541145,5213395.373,460320.6523,0,0,FALSE,5.3,0,300
13843,2022/10/19 18:05,131.4777593,47.05411433,5213395.354,460320.6218,0,0,FALSE,5.3,0,300
13844,2022/10/19 18:05,131.4777592,47.05411433,5213395.354,460320.6142,0,0,FALSE,5.3,0,300
13845,2022/10/19 18:05,131.4777588,47.05411417,5213395.337,460320.5837,0,0,FALSE,5.3,0,300
13846,2022/10/19 18:05,131.4777588,47.054114,5213395.318,460320.5836,0,0,FALSE,5.3,0,300
13847,2022/10/19 18:05,131.4777588,47.05411383,5213395.299,460320.5834,0,0,FALSE,5.3,0,300
13848,2022/10/19 18:05,131.4777588,47.05411367,5213395.281,460320.5833,0,0,FALSE,5.3,0,300
13849,2022/10/19 18:06,131.4777588,47.0541135,5213395.262,460320.5832,0,0,FALSE,5.3,0,300
13850,2022/10/19 18:06,131.477759,47.0541135,5213395.262,460320.5984,0,0,FALSE,5.3,0,300
13851,2022/10/19 18:06,131.4777592,47.05411333,5213395.243,460320.6135,0,0,FALSE,5.3,0,300
13852,2022/10/19 18:06,131.4777592,47.054113,5213395.206,460320.6132,0,0,FALSE,5.3,0,300
13853,2022/10/19 18:06,131.4777593,47.05411283,5213395.187,460320.6207,0,0,FALSE,5.3,0,300
13854,2022/10/19 18:06,131.4777593,47.0541125,5213395.151,460320.6204,0,0,FALSE,5.3,0,300
13855,2022/10/19 18:06,131.4777592,47.054112,5213395.095,460320.6125,0,0,FALSE,5.3,0,300
13856,2022/10/19 18:06,131.4777593,47.05411167,5213395.059,460320.6198,0,0,FALSE,5.3,0,300
13857,2022/10/19 18:06,131.4777593,47.05411133,5213395.021,460320.6196,0,0,FALSE,5.3,0,300
13858,2022/10/19 18:06,131.4777593,47.05411117,5213395.003,460320.6195,0,0,FALSE,5.3,0,300
13859,2022/10/19 18:06,131.4777593,47.05411083,5213394.965,460320.6192,0,0,FALSE,5.3,0,300
13860,2022/10/19 18:06,131.4777592,47.05411033,5213394.91,460320.6112,0,0,FALSE,5.3,0,300
13861,2022/10/19 18:06,131.477759,47.05411,5213394.873,460320.5958,0,0,FALSE,5.3,0,300
13862,2022/10/19 18:06,131.477759,47.05410967,5213394.836,460320.5956,0,0,FALSE,5.3,0,300
13863,2022/10/19 18:06,131.477759,47.05410933,5213394.799,460320.5953,0,0,FALSE,5.3,0,300
13864,2022/10/19 18:07,131.477759,47.054109,5213394.762,460320.5951,0,0,FALSE,5.3,0,300
13865,2022/10/19 18:07,131.477759,47.0541085,5213394.706,460320.5947,0,0,FALSE,5.3,0,300
13866,2022/10/19 18:07,131.477759,47.05410783,5213394.632,460320.5942,0,0,FALSE,5.3,0,300
13867,2022/10/19 18:07,131.477759,47.05410733,5213394.576,460320.5938,0,0,FALSE,5.3,0,300
13868,2022/10/19 18:07,131.477759,47.05410683,5213394.521,460320.5934,0,0,FALSE,5.3,0,300
13869,2022/10/19 18:07,131.4777588,47.0541065,5213394.484,460320.578,0,0,FALSE,5.3,0,300
13870,2022/10/19 18:07,131.4777588,47.054106,5213394.428,460320.5776,0,0,FALSE,5.3,0,300
13871,2022/10/19 18:07,131.4777587,47.0541055,5213394.373,460320.5697,0,0,FALSE,5.3,0,300
13872,2022/10/19 18:07,131.4777587,47.05410517,5213394.336,460320.5694,0,0,FALSE,5.3,0,300
13873,2022/10/19 18:07,131.4777587,47.054105,5213394.317,460320.5693,0,0,FALSE,5.3,0,300
13874,2022/10/19 18:07,131.4777585,47.05410483,5213394.299,460320.554,0,0,FALSE,5.3,0,300
13875,2022/10/19 18:07,131.4777585,47.05410467,5213394.281,460320.5539,0,0,FALSE,5.3,0,300
13876,2022/10/19 18:07,131.4777585,47.05410467,5213394.281,460320.5539,0,0,FALSE,5.3,0,300
13877,2022/10/19 18:07,131.4777585,47.0541045,5213394.262,460320.5537,0,0,FALSE,5.3,0,300
13878,2022/10/19 18:07,131.4777583,47.0541045,5213394.262,460320.5385,0,0,FALSE,5.3,0,300
13879,2022/10/19 18:08,131.4777582,47.05410433,5213394.243,460320.5308,0,0,FALSE,5.3,0,300
13880,2022/10/19 18:08,131.4777582,47.05410417,5213394.225,460320.5307,0,0,FALSE,5.3,0,300
13881,2022/10/19 18:08,131.4777583,47.054104,5213394.206,460320.5382,0,0,FALSE,5.3,0,300
13882,2022/10/19 18:08,131.4777583,47.05410383,5213394.187,460320.538,0,0,FALSE,5.3,0,300
13883,2022/10/19 18:08,131.4777585,47.0541035,5213394.151,460320.553,0,0,FALSE,5.3,0,300
13884,2022/10/19 18:08,131.4777585,47.0541035,5213394.151,460320.553,0,0,FALSE,5.3,0,300
13885,2022/10/19 18:08,131.4777585,47.0541035,5213394.151,460320.553,0,0,FALSE,5.3,0,300
13886,2022/10/19 18:08,131.4777585,47.05410333,5213394.132,460320.5529,0,0,FALSE,5.3,0,300
13887,2022/10/19 18:08,131.4777587,47.05410317,5213394.114,460320.5679,0,0,FALSE,5.3,0,300
13888,2022/10/19 18:08,131.4777587,47.054103,5213394.095,460320.5678,0,0,FALSE,5.3,0,300
13889,2022/10/19 18:08,131.4777587,47.054103,5213394.095,460320.5678,0,0,FALSE,5.3,0,300
13890,2022/10/19 18:08,131.4777588,47.05410283,5213394.076,460320.5753,0,0,FALSE,5.3,0,300
13891,2022/10/19 18:08,131.4777588,47.054103,5213394.095,460320.5754,0,0,FALSE,5.3,0,300
13892,2022/10/19 18:08,131.4777588,47.05410283,5213394.076,460320.5753,0,0,FALSE,5.3,0,300
13893,2022/10/19 18:08,131.477759,47.054103,5213394.095,460320.5906,0,0,FALSE,5.3,0,300
13894,2022/10/19 18:09,131.477759,47.05410333,5213394.132,460320.5908,0,0,FALSE,5.3,0,300
13895,2022/10/19 18:09,131.4777592,47.0541035,5213394.15,460320.6062,0,0,FALSE,5.3,0,300
13896,2022/10/19 18:09,131.4777593,47.05410367,5213394.169,460320.6139,0,0,FALSE,5.3,0,300
13897,2022/10/19 18:09,131.4777595,47.05410367,5213394.169,460320.6291,0,0,FALSE,5.3,0,300
13898,2022/10/19 18:09,131.4777595,47.05410383,5213394.187,460320.6292,0,0,FALSE,5.3,0,300
13899,2022/10/19 18:09,131.4777595,47.05410417,5213394.225,460320.6295,0,0,FALSE,5.3,0,300
13900,2022/10/19 18:09,131.4777595,47.05410433,5213394.242,460320.6296,0,0,FALSE,5.3,0,300
13901,2022/10/19 18:09,131.4777595,47.0541045,5213394.261,460320.6297,0,0,FALSE,5.3,0,300
13902,2022/10/19 18:09,131.4777595,47.05410467,5213394.28,460320.6298,0,0,FALSE,5.3,0,300
13903,2022/10/19 18:09,131.4777595,47.05410483,5213394.298,460320.63,0,0,FALSE,5.3,0,300
13904,2022/10/19 18:09,131.4777597,47.05410483,5213394.298,460320.6451,0,0,FALSE,5.3,0,300
13905,2022/10/19 18:09,131.4777595,47.05410483,5213394.298,460320.63,0,0,FALSE,5.3,0,300
13906,2022/10/19 18:09,131.4777595,47.05410483,5213394.298,460320.63,0,0,FALSE,5.3,0,300
13907,2022/10/19 18:09,131.4777593,47.05410483,5213394.298,460320.6148,0,0,FALSE,5.3,0,300
13908,2022/10/19 18:09,131.4777593,47.054105,5213394.317,460320.6149,0,0,FALSE,5.3,0,300
13909,2022/10/19 18:10,131.4777592,47.05410517,5213394.336,460320.6074,0,0,FALSE,5.3,0,300
13910,2022/10/19 18:10,131.4777592,47.05410517,5213394.336,460320.6074,0,0,FALSE,5.3,0,300
13911,2022/10/19 18:10,131.477759,47.05410533,5213394.354,460320.5923,0,0,FALSE,5.3,0,300
13912,2022/10/19 18:10,131.4777588,47.05410533,5213394.354,460320.5771,0,0,FALSE,5.3,0,300
13913,2022/10/19 18:10,131.4777588,47.0541055,5213394.373,460320.5773,0,0,FALSE,5.3,0,300
13914,2022/10/19 18:10,131.4777587,47.0541055,5213394.373,460320.5697,0,0,FALSE,5.3,0,300
13915,2022/10/19 18:10,131.4777587,47.0541055,5213394.373,460320.5697,0,0,FALSE,5.3,0,300
13916,2022/10/19 18:10,131.4777585,47.05410567,5213394.392,460320.5546,0,0,FALSE,5.3,0,300
13917,2022/10/19 18:10,131.4777585,47.05410567,5213394.392,460320.5546,0,0,FALSE,5.3,0,300
13918,2022/10/19 18:10,131.4777583,47.05410583,5213394.41,460320.5395,0,0,FALSE,5.3,0,300
13919,2022/10/19 18:10,131.4777582,47.054106,5213394.429,460320.532,0,0,FALSE,5.3,0,300
13920,2022/10/19 18:10,131.477758,47.054106,5213394.429,460320.5169,0,0,FALSE,5.3,0,300
13921,2022/10/19 18:10,131.4777578,47.05410617,5213394.448,460320.5018,0,0,FALSE,5.3,0,300
13922,2022/10/19 18:10,131.4777577,47.05410617,5213394.448,460320.4942,0,0,FALSE,5.3,0,300
13923,2022/10/19 18:10,131.4777575,47.05410617,5213394.448,460320.479,0,0,FALSE,5.3,0,300
13924,2022/10/19 18:11,131.4777573,47.05410617,5213394.448,460320.4638,0,0,FALSE,5.3,0,300
13925,2022/10/19 18:11,131.4777572,47.05410633,5213394.466,460320.4563,0,0,FALSE,5.3,0,300
13926,2022/10/19 18:11,131.4777572,47.05410617,5213394.448,460320.4562,0,0,FALSE,5.3,0,300
13927,2022/10/19 18:11,131.477757,47.054106,5213394.429,460320.4409,0,0,FALSE,5.3,0,300
13928,2022/10/19 18:11,131.477757,47.05410617,5213394.448,460320.441,0,0,FALSE,5.3,0,300
13929,2022/10/19 18:11,131.477757,47.05410617,5213394.448,460320.441,0,0,FALSE,5.3,0,300
13930,2022/10/19 18:11,131.4777568,47.054106,5213394.429,460320.4257,0,0,FALSE,5.3,0,300
13931,2022/10/19 18:11,131.477757,47.054106,5213394.429,460320.4409,0,0,FALSE,5.3,0,300
13932,2022/10/19 18:11,131.4777568,47.05410583,5213394.411,460320.4255,0,0,FALSE,5.3,0,300
13933,2022/10/19 18:11,131.4777568,47.05410583,5213394.411,460320.4255,0,0,FALSE,5.3,0,300
13934,2022/10/19 18:11,131.4777568,47.05410567,5213394.393,460320.4254,0,0,FALSE,5.3,0,300
13935,2022/10/19 18:11,131.4777568,47.05410567,5213394.393,460320.4254,0,0,FALSE,5.3,0,300
13936,2022/10/19 18:11,131.4777567,47.0541055,5213394.374,460320.4177,0,0,FALSE,5.3,0,300
13937,2022/10/19 18:11,131.4777567,47.05410533,5213394.355,460320.4176,0,0,FALSE,5.3,0,300
13938,2022/10/19 18:11,131.4777567,47.05410533,5213394.355,460320.4176,0,0,FALSE,5.3,0,300
13939,2022/10/19 18:12,131.4777567,47.05410517,5213394.337,460320.4175,0,0,FALSE,5.3,0,300
13940,2022/10/19 18:12,131.4777568,47.054105,5213394.318,460320.4249,0,0,FALSE,5.3,0,300
13941,2022/10/19 18:12,131.4777568,47.05410483,5213394.299,460320.4248,0,0,FALSE,5.3,0,300
13942,2022/10/19 18:12,131.4777568,47.05410467,5213394.282,460320.4247,0,0,FALSE,5.3,0,300
13943,2022/10/19 18:12,131.4777568,47.0541045,5213394.263,460320.4246,0,0,FALSE,5.3,0,300
13944,2022/10/19 18:12,131.4777568,47.05410433,5213394.244,460320.4244,0,0,FALSE,5.3,0,300
13945,2022/10/19 18:12,131.4777568,47.05410433,5213394.244,460320.4244,0,0,FALSE,5.3,0,300
13946,2022/10/19 18:13,131.4776968,47.05417267,5213401.872,460315.9164,0,0,FALSE,5.3,0,300
13947,2022/10/19 18:13,131.4776895,47.0541775,5213402.412,460315.3653,0,0,FALSE,5.3,0,300
13948,2022/10/19 18:13,131.4776833,47.05417583,5213402.23,460314.893,0,0,FALSE,5.3,0,300
13949,2022/10/19 18:13,131.4776857,47.05416783,5213401.339,460315.0694,0,0,FALSE,5.3,0,300
13950,2022/10/19 18:13,131.4776915,47.05416583,5213401.114,460315.5086,0,0,FALSE,5.3,0,300
13951,2022/10/19 18:14,131.4776968,47.054166,5213401.13,460315.9114,0,0,FALSE,5.3,0,300
13952,2022/10/19 18:14,131.4777003,47.05417117,5213401.703,460316.1812,0,0,FALSE,5.3,0,300
13953,2022/10/19 18:14,131.477702,47.0541725,5213401.85,460316.3114,0,0,FALSE,5.3,0,300
13954,2022/10/19 18:14,131.4777088,47.05417417,5213402.032,460316.8293,0,0,FALSE,5.3,0,300
13955,2022/10/19 18:14,131.4777168,47.05418117,5213402.806,460317.4423,0,0,FALSE,5.3,0,300
13956,2022/10/19 18:14,131.4777205,47.0541875,5213403.508,460317.7281,0,0,FALSE,5.3,0,300
13957,2022/10/19 18:14,131.4777162,47.05418433,5213403.158,460317.399,0,0,FALSE,5.3,0,300
13958,2022/10/19 18:14,131.4777162,47.05418217,5213402.918,460317.3974,0,114.2,FALSE,5.3,0,300
13959,2022/10/19 18:14,131.477721,47.05418317,5213403.027,460317.7629,0,0,FALSE,5.3,0,300
13960,2022/10/19 18:14,131.4777252,47.05418067,5213402.747,460318.0801,0,0,FALSE,5.3,0,300
13961,2022/10/19 18:14,131.4777287,47.0541805,5213402.726,460318.3459,0,112.6,FALSE,5.3,0,300
13962,2022/10/19 18:14,131.4777322,47.0541805,5213402.724,460318.6119,0,0,FALSE,5.3,0,300
13963,2022/10/19 18:14,131.4777327,47.05417617,5213402.243,460318.6466,0,0,FALSE,5.3,0,300
13964,2022/10/19 18:14,131.4777333,47.05417833,5213402.482,460318.6938,0,0,FALSE,5.3,0,300
13965,2022/10/19 18:14,131.477731,47.05417933,5213402.595,460318.5198,0,0,FALSE,5.3,0,300
13966,2022/10/19 18:15,131.4777268,47.05417917,5213402.579,460318.2006,0,0,FALSE,5.3,0,300
13967,2022/10/19 18:15,131.4777222,47.05417917,5213402.581,460317.8511,0,0,FALSE,5.3,0,300
13968,2022/10/19 18:15,131.4777187,47.05417433,5213402.045,460317.5816,0,0,FALSE,5.3,0,300
13969,2022/10/19 18:15,131.4777188,47.05417067,5213401.638,460317.5864,0,0,FALSE,5.3,0,300
13970,2022/10/19 18:15,131.4778925,47.05415583,5213399.9,460330.773,3.00024,73.5,FALSE,0,0,300
13971,2022/10/19 18:15,131.4778652,47.05414433,5213398.636,460328.6902,2.9632,57.6,FALSE,5.3,0,300
13972,2022/10/19 18:16,131.477959,47.05417217,5213401.683,460335.8377,2.9632,64.5,FALSE,5.3,0,300
13973,2022/10/19 18:16,131.4780018,47.05416633,5213401.012,460339.0853,2.315,60.3,FALSE,5.3,0,300
13974,2022/10/19 18:16,131.4780192,47.054169,5213401.3,460340.4093,1.7594,57.3,FALSE,5.3,0,300
13975,2022/10/19 18:16,131.4780582,47.05417383,5213401.817,460343.376,2.11128,230.4,FALSE,5.3,0,300
13976,2022/10/19 18:16,131.4779982,47.0541425,5213398.365,460338.7941,2.92616,186.7,FALSE,5.3,0,300
13977,2022/10/19 18:16,131.4780045,47.054109,5213394.637,460339.2479,3.00024,165.5,FALSE,5.3,0,300
13978,2022/10/19 18:16,131.4780015,47.05407583,5213390.951,460338.9954,2.83356,169.2,FALSE,5.3,0,300
13979,2022/10/19 18:16,131.4780028,47.054055,5213388.635,460339.0787,0,0,FALSE,5.3,0,300
13980,2022/10/19 18:16,131.4780075,47.05404317,5213387.317,460339.427,0,0,FALSE,5.3,0,300
13981,2022/10/19 18:16,131.4780073,47.054041,5213387.076,460339.4102,0,0,FALSE,5.3,0,300
13982,2022/10/19 18:16,131.4780078,47.0540285,5213385.686,460339.4389,4.63,170.7,TRUE,5.3,228,300
13983,2022/10/19 18:17,131.478015,47.0539725,5213379.457,460339.9445,4.46332,170.1,TRUE,5.3,366,300
13984,2022/10/19 18:17,131.4780285,47.053915,5213373.058,460340.9276,5.6486,168.5,TRUE,5.3,400,300
13985,2022/10/19 18:17,131.4780323,47.0538745,5213368.554,460341.1863,3.12988,187.4,TRUE,5.3,400,300
13986,2022/10/19 18:17,131.478039,47.05383267,5213363.9,460341.6643,4.31516,174.9,TRUE,5.3,400,300
13987,2022/10/19 18:17,131.478057,47.05378667,5213358.777,460342.9978,5.1856,171,TRUE,5.3,400,300
13988,2022/10/19 18:17,131.4780765,47.053735,5213353.023,460344.4411,5.1856,170,TRUE,5.3,400,300
13989,2022/10/19 18:17,131.4780905,47.053677,5213346.568,460345.4618,5.68564,168.3,TRUE,5.3,400,300
13990,2022/10/19 18:17,131.4781078,47.0536205,5213340.278,460346.7344,5.68564,168.5,TRUE,5.3,400,300
13991,2022/10/19 18:17,131.4781265,47.05356533,5213334.135,460348.1143,6.44496,169.9,TRUE,5.3,400,300
13992,2022/10/19 18:17,131.4781422,47.05350567,5213327.495,460349.263,5.96344,166.6,TRUE,5.3,400,300
13993,2022/10/19 18:17,131.4781503,47.05345283,5213321.616,460349.8393,6.18568,170,TRUE,5.3,400,300
13994,2022/10/19 18:17,131.4781705,47.05339083,5213314.713,460351.3281,7.07464,170.3,TRUE,5.3,400,300
13995,2022/10/19 18:17,131.4781952,47.0533285,5213307.771,460353.1586,6.18568,172.6,TRUE,5.3,400,300
13996,2022/10/19 18:17,131.4782138,47.0532595,5213300.091,460354.5207,7.09316,169.1,TRUE,5.3,400,300
13997,2022/10/19 18:17,131.4782292,47.05319367,5213292.765,460355.642,7.01908,174.2,TRUE,5.3,400,300
13998,2022/10/19 18:18,131.478251,47.05313583,5213286.324,460357.2555,5.1856,172.3,TRUE,5.3,400,300
13999,2022/10/19 18:18,131.4782655,47.05307183,5213279.201,460358.3098,7.3154,171.2,TRUE,5.3,400,300
14000,2022/10/19 18:18,131.4782778,47.05300183,5213271.413,460359.1925,6.14864,172.7,TRUE,5.3,400,300
14001,2022/10/19 18:18,131.4782965,47.0529425,5213264.808,460360.5694,6.51904,171.9,TRUE,5.3,400,300
14002,2022/10/19 18:18,131.4783167,47.05288017,5213257.868,460362.058,5.53748,167.8,TRUE,5.3,400,300
14003,2022/10/19 18:18,131.4783285,47.05281533,5213250.654,460362.9065,6.50052,168.5,TRUE,5.3,400,300
14004,2022/10/19 18:18,131.478349,47.05275067,5213243.455,460364.4162,5.66712,169.3,TRUE,5.3,400,300
14005,2022/10/19 18:18,131.4783628,47.0526885,5213236.537,460365.4187,6.482,171.8,TRUE,5.3,400,300
14006,2022/10/19 18:18,131.4783807,47.05262217,5213229.154,460366.7296,5.556,167.2,TRUE,5.3,400,300
14007,2022/10/19 18:18,131.4783978,47.052559,5213222.122,460367.9821,6.37088,167.7,TRUE,5.3,400,300
14008,2022/10/19 18:18,131.4784192,47.05249717,5213215.238,460369.5623,5.556,174.1,TRUE,5.3,400,300
14009,2022/10/19 18:18,131.4784352,47.052438,5213208.652,460370.7342,5.98196,177.3,TRUE,5.3,400,300
14010,2022/10/19 18:18,131.4784512,47.05237417,5213201.547,460371.9026,6.24124,173.2,TRUE,5.3,400,300
14011,2022/10/19 18:18,131.4784643,47.0523055,5213193.907,460372.8471,6.22272,170.1,TRUE,5.3,400,300
14012,2022/10/19 18:18,131.4784863,47.05223817,5213186.41,460374.4688,7.14872,172.6,TRUE,5.3,400,300
14013,2022/10/19 18:19,131.4785048,47.052172,5213179.045,460375.8254,6.55608,166.7,TRUE,5.3,400,300
14014,2022/10/19 18:19,131.4785215,47.0521035,5213171.421,460377.0436,6.07456,171.3,TRUE,5.3,400,300
14015,2022/10/19 18:19,131.4785442,47.0520365,5213163.961,460378.7188,6.59312,170.9,TRUE,5.3,400,300
14016,2022/10/19 18:19,131.4785582,47.0519705,5213156.617,460379.7336,6.44496,175.3,TRUE,5.3,400,300
14017,2022/10/19 18:19,131.4785718,47.05190533,5213149.365,460380.7187,6.88944,170.4,TRUE,5.3,400,300
14018,2022/10/19 18:19,131.4785932,47.051839,5213141.98,460382.2956,6.72276,169.1,TRUE,5.3,400,300
14019,2022/10/19 18:19,131.4786125,47.0517715,5213134.466,460383.7121,6.64868,170.9,TRUE,5.3,400,300
14020,2022/10/19 18:19,131.4786347,47.05170233,5213126.765,460385.3477,6.87092,167.4,TRUE,5.3,400,300
14021,2022/10/19 18:19,131.4786483,47.05163417,5213119.181,460386.3306,6.88944,175.6,TRUE,5.3,400,300
14022,2022/10/19 18:19,131.4786693,47.05156683,5213111.684,460387.8763,6.72276,170.3,TRUE,5.3,400,300
14023,2022/10/19 18:19,131.4786907,47.051503,5213104.577,460389.4551,6.51904,165.8,TRUE,5.3,400,300
14024,2022/10/19 18:19,131.4787102,47.0514385,5213097.396,460390.889,6.33384,167.7,TRUE,5.3,400,300
14025,2022/10/19 18:19,131.4787262,47.05137217,5213090.014,460392.0556,6.3894,171.5,TRUE,5.3,400,300
14026,2022/10/19 18:19,131.4787398,47.05130867,5213082.948,460393.042,5.81528,171.1,TRUE,5.3,400,300
14027,2022/10/19 18:19,131.4787652,47.0512465,5213076.024,460394.9259,5.8338,167.6,TRUE,5.3,400,300
14028,2022/10/19 18:20,131.4787715,47.051179,5213068.516,460395.3547,7.48208,171.6,TRUE,5.3,400,300
14029,2022/10/19 18:20,131.4787913,47.05112467,5213062.466,460396.8189,7.09316,172.7,TRUE,5.3,364,300
14030,2022/10/19 18:20,131.4788122,47.051057,5213054.933,460398.3569,6.24124,172.7,TRUE,5.3,400,300
14031,2022/10/19 18:20,131.4788282,47.05099183,5213047.68,460399.5244,6.05604,171.6,TRUE,5.3,400,300
14032,2022/10/19 18:20,131.4788397,47.05092533,5213040.281,460400.3489,6.64868,168.7,TRUE,5.3,400,300
14033,2022/10/19 18:20,131.478859,47.05085933,5213032.934,460401.7666,6.88944,174.1,TRUE,5.3,374,300
14034,2022/10/19 18:20,131.4788735,47.05079517,5213025.794,460402.8208,6.40792,171.1,TRUE,5.3,400,300
14035,2022/10/19 18:20,131.4788945,47.050731,5213018.649,460404.369,6.55608,170.6,TRUE,5.3,394,300
14036,2022/10/19 18:20,131.4789202,47.05066383,5213011.169,460406.2721,6.72276,172,TRUE,5.3,400,300
14037,2022/10/19 18:20,131.4789263,47.05059883,5213003.94,460406.6875,7.01908,173.2,TRUE,5.3,400,300
14038,2022/10/19 18:20,131.4789445,47.05053367,5212996.687,460408.0222,6.46348,168.2,TRUE,5.3,399,300
14039,2022/10/19 18:20,131.4789617,47.05046667,5212989.229,460409.2795,7.18576,170,TRUE,5.3,400,300
14040,2022/10/19 18:20,131.4789812,47.05039817,5212981.604,460410.7105,6.16716,165.2,TRUE,5.3,400,300
14041,2022/10/19 18:20,131.4790088,47.050336,5212974.679,460412.7617,6.68572,171.8,TRUE,5.3,400,300
14042,2022/10/19 18:20,131.4790315,47.05026517,5212966.793,460414.4341,7.35244,173.2,TRUE,5.3,400,300
14043,2022/10/19 18:21,131.4790483,47.05019333,5212958.798,460415.6575,7.20428,170.6,TRUE,5.3,400,300
14044,2022/10/19 18:21,131.4790608,47.05012617,5212951.325,460416.5576,6.16716,170.3,TRUE,5.3,362,300
14045,2022/10/19 18:21,131.4790827,47.05005933,5212943.884,460418.1722,6.7598,170.8,TRUE,5.3,400,300
14046,2022/10/19 18:21,131.4791008,47.04999233,5212936.426,460419.498,7.57468,172.3,TRUE,5.3,400,300
14047,2022/10/19 18:21,131.4791225,47.04992083,5212928.466,460421.094,7.18576,171.5,TRUE,5.3,400,300
14048,2022/10/19 18:21,131.4791355,47.04985467,5212921.105,460422.0328,7.2228,171.4,TRUE,5.3,400,300
14049,2022/10/19 18:21,131.4791497,47.04978883,5212913.778,460423.0631,6.5746,168,TRUE,5.3,400,300
14050,2022/10/19 18:21,131.4791705,47.04972267,5212906.412,460424.5947,6.63016,169.3,TRUE,5.3,400,300
14051,2022/10/19 18:21,131.4791885,47.04965467,5212898.843,460425.9121,6.88944,168.8,TRUE,5.3,400,300
14052,2022/10/19 18:21,131.4792068,47.04958633,5212891.237,460427.2521,6.42644,166.7,TRUE,5.3,400,300
14053,2022/10/19 18:21,131.4792237,47.04952083,5212883.946,460428.4878,6.83388,174.7,TRUE,5.3,374,300
14054,2022/10/19 18:21,131.4792402,47.04945483,5212876.601,460429.6927,6.16716,168.7,TRUE,5.3,400,300
14055,2022/10/19 18:21,131.4792522,47.04939,5212869.388,460430.5566,7.18576,172.3,TRUE,5.3,400,300
14056,2022/10/19 18:21,131.4792665,47.0493205,5212861.654,460431.5918,5.8338,167,TRUE,5.3,400,300
14057,2022/10/19 18:21,131.479282,47.04925833,5212854.734,460432.7236,6.53756,171.5,TRUE,5.3,400,300
14058,2022/10/19 18:22,131.4793005,47.04918733,5212846.832,460434.0768,7.01908,172.2,TRUE,5.3,400,300
14059,2022/10/19 18:22,131.4793263,47.04912117,5212839.464,460435.9884,6.70424,174.1,TRUE,5.3,400,300
14060,2022/10/19 18:22,131.4793388,47.04906167,5212832.843,460436.8942,6.27828,175.6,TRUE,5.3,400,300
14061,2022/10/19 18:22,131.4793567,47.04899067,5212824.941,460438.2018,6.35236,174.2,TRUE,5.3,400,300
14062,2022/10/19 18:22,131.4793817,47.0489185,5212816.905,460440.0481,7.20428,168.8,TRUE,5.3,400,300
14063,2022/10/19 18:22,131.4794178,47.04884917,5212809.179,460442.74,6.96352,169.9,TRUE,5.3,400,300
14064,2022/10/19 18:22,131.479434,47.048782,5212801.703,460443.9213,6.7598,171.5,TRUE,5.3,400,300
14065,2022/10/19 18:22,131.4794422,47.04871367,5212794.103,460444.4939,6.6672,171.7,TRUE,5.3,400,300
14066,2022/10/19 18:22,131.479459,47.04864883,5212786.886,460445.7225,5.87084,170.2,TRUE,5.3,400,300
14067,2022/10/19 18:22,131.4794703,47.04858583,5212779.877,460446.5346,5.6486,168.5,TRUE,5.3,400,300
14068,2022/10/19 18:22,131.4794988,47.04851367,5212771.84,460448.6469,6.61164,168.4,TRUE,5.3,400,300
14069,2022/10/19 18:22,131.4795165,47.04844033,5212763.678,460449.9376,5.63008,168.2,TRUE,5.3,400,300
14070,2022/10/19 18:22,131.4795308,47.04838,5212756.964,460450.9796,6.019,173.2,TRUE,5.3,400,300
14071,2022/10/19 18:22,131.4795393,47.04831517,5212749.752,460451.5776,5.53748,170.8,TRUE,5.3,400,300
14072,2022/10/19 18:22,131.4795625,47.04824817,5212742.292,460453.291,6.68572,170.3,TRUE,5.3,400,300
14073,2022/10/19 18:23,131.4795828,47.04817883,5212734.573,460454.7823,7.01908,171.8,TRUE,5.3,400,300
14074,2022/10/19 18:23,131.4795933,47.04811783,5212727.786,460455.5351,6.51904,165.4,TRUE,5.3,400,300
14075,2022/10/19 18:23,131.4796098,47.04805367,5212720.645,460456.7415,6.7598,173.1,TRUE,5.3,400,300
14076,2022/10/19 18:23,131.4796248,47.04798667,5212713.189,460457.8317,6.70424,172,TRUE,5.3,400,300
14077,2022/10/19 18:23,131.4796472,47.04791767,5212705.507,460459.4829,5.98196,170.2,TRUE,5.3,400,300
14078,2022/10/19 18:23,131.4796532,47.0478465,5212697.592,460459.8862,6.13012,171.3,TRUE,5.3,400,300
14079,2022/10/19 18:23,131.47968,47.04778133,5212690.333,460461.8745,5.77824,167.4,TRUE,5.3,400,300
14080,2022/10/19 18:23,131.4797025,47.04771233,5212682.651,460463.5333,6.3894,167.9,TRUE,5.3,400,300
14081,2022/10/19 18:23,131.479718,47.0476515,5212675.881,460464.6661,6.64868,177.2,TRUE,5.3,400,300
14082,2022/10/19 18:23,131.4797225,47.04757783,5212667.688,460464.9537,6.64868,171.3,TRUE,5.3,400,300
14083,2022/10/19 18:23,131.4797462,47.04750733,5212659.839,460466.7025,6.77832,168.3,TRUE,5.3,400,300
14084,2022/10/19 18:23,131.4797637,47.04744333,5212652.715,460467.985,6.945,175.9,TRUE,5.3,391,300
14085,2022/10/19 18:23,131.4797905,47.04737567,5212645.18,460469.9715,6.64868,174.2,TRUE,5.3,400,300
14086,2022/10/19 18:23,131.479811,47.04729617,5212636.331,460471.4705,7.11168,168.5,TRUE,5.3,400,300
14087,2022/10/19 18:23,131.4798258,47.04722933,5212628.893,460472.5458,6.96352,169.6,TRUE,5.3,400,300
14088,2022/10/19 18:24,131.4798448,47.04716133,5212621.324,460473.9393,6.13012,169.7,TRUE,5.3,400,300
14089,2022/10/19 18:24,131.4798622,47.04709617,5212614.071,460475.2134,6.74128,166,TRUE,5.3,400,300
14090,2022/10/19 18:24,131.4798797,47.04703617,5212607.392,460476.4989,7.2228,171.7,TRUE,5.3,400,300
14091,2022/10/19 18:24,131.4798973,47.0469725,5212600.305,460477.7893,6.1116,169.6,TRUE,5.3,400,300
14092,2022/10/19 18:24,131.4799183,47.0468985,5212592.067,460479.3304,6.019,173.8,TRUE,5.3,388,300
14093,2022/10/19 18:24,131.4799383,47.04683817,5212585.35,460480.8056,7.09316,170.1,TRUE,5.3,400,300
14094,2022/10/19 18:24,131.4799592,47.0467695,5212577.706,460482.3431,6.6672,174.9,TRUE,5.3,400,300
14095,2022/10/19 18:24,131.4799798,47.04670183,5212570.172,460483.8585,6.98204,177.9,TRUE,5.3,400,300
14096,2022/10/19 18:24,131.4799898,47.04663267,5212562.479,460484.5673,7.00056,169.9,TRUE,5.3,373,300
14097,2022/10/19 18:24,131.4800055,47.04656783,5212555.262,460485.7125,6.35236,167.8,TRUE,5.3,400,300
14098,2022/10/19 18:24,131.4800257,47.0465035,5212548.1,460487.1999,6.98204,172.3,TRUE,5.3,400,300
14099,2022/10/19 18:24,131.4800395,47.04643283,5212540.237,460488.1964,6.44496,173.8,TRUE,5.3,400,300
14100,2022/10/19 18:24,131.4800548,47.0463755,5212533.856,460489.3167,5.3708,166.6,TRUE,5.3,400,300
14101,2022/10/19 18:24,131.4800738,47.0463245,5212528.176,460490.7229,6.945,144.1,TRUE,5.3,223,300
14102,2022/10/19 18:24,131.4801428,47.04627533,5212522.675,460495.9299,5.90788,79.7,FALSE,5.3,0,300
14103,2022/10/19 18:25,131.4802278,47.04628817,5212524.06,460502.3985,6.83388,51.6,FALSE,5.3,0,300
14104,2022/10/19 18:25,131.480312,47.04633217,5212528.909,460508.8294,5.50044,2.4,FALSE,5.3,0,300
14105,2022/10/19 18:25,131.4803335,47.0463795,5212534.16,460510.4981,5.75972,6.7,FALSE,5.3,0,300
14106,2022/10/19 18:25,131.4803548,47.0464175,5212538.374,460512.1447,0.70376,354.5,FALSE,5.3,0,300
14107,2022/10/19 18:25,131.48038,47.0463885,5212535.137,460514.0383,4.87076,154.9,FALSE,5.3,0,300
14108,2022/10/19 18:25,131.4804003,47.0463515,5212531.013,460515.5535,4.75964,153.3,FALSE,5.3,0,300
14109,2022/10/19 18:25,131.4804377,47.04631433,5212526.862,460518.3681,4.55592,157.8,FALSE,5.3,0,300
14110,2022/10/19 18:25,131.4804565,47.04630867,5212526.223,460519.7926,3.87068,355.2,FALSE,5.3,0,300
14111,2022/10/19 18:25,131.4804198,47.0463425,5212530.003,460517.0287,0,352.9,FALSE,5.3,0,300
14112,2022/10/19 18:25,131.4804052,47.04634433,5212530.214,460515.9206,3.241,350.7,TRUE,5.3,400,300
14113,2022/10/19 18:25,131.4803845,47.04640167,5212536.599,460514.3899,4.64852,350.6,TRUE,5.3,395,300
14114,2022/10/19 18:25,131.4803647,47.04645717,5212542.779,460512.9263,5.03744,354.3,TRUE,5.3,370,300
14115,2022/10/19 18:25,131.4803532,47.04652617,5212550.455,460512.1033,5.85232,348.7,TRUE,5.3,400,300
14116,2022/10/19 18:25,131.4803287,47.046576,5212556.007,460510.2783,6.482,350.9,TRUE,5.3,367,300
14117,2022/10/19 18:25,131.4802902,47.04662917,5212561.938,460507.392,6.79684,350.5,TRUE,5.3,400,300
14118,2022/10/19 18:26,131.48027,47.04669,5212568.711,460505.9019,6.61164,347.9,TRUE,5.3,400,300
14119,2022/10/19 18:26,131.4802727,47.04676867,5212577.455,460506.1651,6.945,351.8,TRUE,5.3,400,300
14120,2022/10/19 18:26,131.4802588,47.04683817,5212585.188,460505.1602,7.3154,353.3,TRUE,5.3,400,300
14121,2022/10/19 18:26,131.4802403,47.04690967,5212593.147,460503.8072,6.68572,350.8,TRUE,5.3,374,300
14122,2022/10/19 18:26,131.4802257,47.04697667,5212600.602,460502.7472,6.59312,349.8,TRUE,5.3,389,300
14123,2022/10/19 18:26,131.480185,47.0470565,5212609.498,460499.7134,6.42644,355.3,TRUE,5.3,362,300
14124,2022/10/19 18:26,131.4801602,47.0471285,5212617.515,460497.882,6.05604,352.3,TRUE,5.3,350,300
14125,2022/10/19 18:26,131.4801347,47.04719517,5212624.939,460495.9935,6.96352,350.6,TRUE,5.3,400,300
14126,2022/10/19 18:26,131.4801263,47.04727267,5212633.559,460495.4124,7.38948,350.9,TRUE,5.3,383,300
14127,2022/10/19 18:26,131.4801127,47.047335,5212640.496,460494.425,6.98204,355.5,TRUE,5.3,400,300
14128,2022/10/19 18:26,131.4800872,47.0474045,5212648.235,460492.5386,7.00056,351.1,TRUE,5.3,371,300
14129,2022/10/19 18:26,131.4800553,47.04747567,5212656.163,460490.1671,6.44496,352.2,TRUE,5.3,400,300
14130,2022/10/19 18:26,131.4800412,47.047546,5212663.989,460489.1476,6.2968,349.9,TRUE,5.3,365,300
14131,2022/10/19 18:26,131.4800135,47.047617,5212671.896,460487.0952,6.53756,352.4,TRUE,5.3,400,300
14132,2022/10/19 18:26,131.4799998,47.0476895,5212679.963,460486.1077,6.98204,347.7,TRUE,5.3,375,300
14133,2022/10/19 18:27,131.4799735,47.04776267,5212688.11,460484.1632,6.83388,351.5,TRUE,5.3,400,300
14134,2022/10/19 18:27,131.479958,47.04783567,5212696.234,460483.0393,6.74128,352.8,TRUE,5.3,376,300
14135,2022/10/19 18:27,131.4799353,47.04790483,5212703.934,460481.3655,6.3894,352.1,TRUE,5.3,400,300
14136,2022/10/19 18:27,131.4799267,47.04797267,5212711.48,460480.7621,7.1302,356.4,TRUE,5.3,393,300
14137,2022/10/19 18:27,131.4799053,47.0480425,5212719.254,460479.1875,6.44496,352.6,TRUE,5.3,400,300
14138,2022/10/19 18:27,131.4798662,47.0481065,5212726.389,460476.2637,6.6672,352.9,TRUE,5.3,400,300
14139,2022/10/19 18:27,131.479852,47.04818083,5212734.659,460475.2396,6.09308,348.3,TRUE,5.3,400,300
14140,2022/10/19 18:27,131.479839,47.048257,5212743.134,460474.308,6.61164,359.2,TRUE,5.3,394,300
14141,2022/10/19 18:27,131.4798183,47.04833117,5212751.39,460472.7899,6.90796,350.6,TRUE,5.3,366,300
14142,2022/10/19 18:27,131.4798062,47.04840167,5212759.234,460471.9225,7.408,351.9,TRUE,5.3,399,300
14143,2022/10/19 18:27,131.4797857,47.048476,5212767.507,460470.4197,6.72276,351.9,TRUE,5.3,374,300
14144,2022/10/19 18:27,131.4797775,47.04854883,5212775.608,460469.8504,7.01908,349.8,TRUE,5.3,400,300
14145,2022/10/19 18:27,131.4797553,47.0486215,5212783.698,460468.2172,6.64868,351.7,TRUE,5.3,400,300
14146,2022/10/19 18:27,131.4797285,47.04868267,5212790.512,460466.2259,6.98204,353,TRUE,5.3,398,300
14147,2022/10/19 18:27,131.4797137,47.04875117,5212798.135,460465.152,6.83388,353.5,TRUE,5.3,377,300
14148,2022/10/19 18:28,131.4796978,47.048818,5212805.572,460463.9931,7.05612,351.1,TRUE,5.3,377,300
14149,2022/10/19 18:28,131.4796805,47.0488965,5212814.308,460462.7366,6.68572,347.2,TRUE,5.3,391,300
14150,2022/10/19 18:28,131.4796563,47.04897467,5212823.01,460460.9555,6.79684,352.5,TRUE,5.3,381,300
14151,2022/10/19 18:28,131.4796357,47.04904617,5212830.97,460459.443,7.07464,352.5,TRUE,5.3,395,300
14152,2022/10/19 18:28,131.4796147,47.04911867,5212839.04,460457.9009,6.87092,352.1,TRUE,5.3,400,300
14153,2022/10/19 18:28,131.4795928,47.0492065,5212848.815,460456.3017,6.81536,353.3,TRUE,5.3,387,300
14154,2022/10/19 18:28,131.4795743,47.0492825,5212857.274,460454.9521,6.33384,350.1,TRUE,5.3,375,300
14155,2022/10/19 18:28,131.4795568,47.04935267,5212865.084,460453.6743,7.05612,353.2,TRUE,5.3,376,300
14156,2022/10/19 18:28,131.4795348,47.049419,5212872.469,460452.0516,6.83388,351.2,TRUE,5.3,400,300
14157,2022/10/19 18:28,131.4795142,47.04949217,5212880.613,460450.5404,7.27836,347.2,TRUE,5.3,385,300
14158,2022/10/19 18:28,131.4794982,47.0495605,5212888.218,460449.3751,7.01908,349.9,TRUE,5.3,400,300
14159,2022/10/19 18:28,131.4794825,47.049624,5212895.285,460448.2291,6.3894,354.9,TRUE,5.3,395,300
14160,2022/10/19 18:28,131.4794658,47.04968867,5212902.483,460447.008,6.51904,353.6,TRUE,5.3,400,300
14161,2022/10/19 18:28,131.4794435,47.04976,5212910.424,460445.3662,6.83388,350.9,TRUE,5.3,400,300
14162,2022/10/19 18:28,131.4794247,47.04983233,5212918.475,460443.9912,6.55608,349.4,TRUE,5.3,400,300
14163,2022/10/19 18:29,131.4794135,47.04989717,5212925.689,460443.1881,6.98204,348.5,TRUE,5.3,400,300
14164,2022/10/19 18:29,131.4793925,47.04996583,5212933.332,460441.6432,7.408,355.8,TRUE,5.3,400,300
14165,2022/10/19 18:29,131.4793722,47.05003067,5212940.551,460440.1486,6.96352,352.5,TRUE,5.3,400,300
14166,2022/10/19 18:29,131.4793575,47.050094,5212947.599,460439.0785,6.51904,351.7,TRUE,5.3,400,300
14167,2022/10/19 18:29,131.4793328,47.05017433,5212956.542,460437.261,6.87092,354.6,TRUE,5.3,400,300
14168,2022/10/19 18:29,131.4793108,47.0502455,5212964.465,460435.642,6.74128,344.8,TRUE,5.3,400,300
14169,2022/10/19 18:29,131.4793013,47.05030383,5212970.955,460434.9633,6.98204,352.6,TRUE,5.3,400,300
14170,2022/10/19 18:29,131.4792857,47.05037267,5212978.615,460433.8289,6.96352,347.1,TRUE,5.3,400,300
14171,2022/10/19 18:29,131.4792592,47.050444,5212986.559,460431.868,7.463561,357.6,TRUE,5.3,400,300
14172,2022/10/19 18:29,131.4792438,47.05051383,5212994.33,460430.7495,6.87092,354,TRUE,5.3,400,300
14173,2022/10/19 18:29,131.4792242,47.05057733,5213001.399,460429.3072,7.05612,353.8,TRUE,5.3,400,300
14174,2022/10/19 18:29,131.4792082,47.050643,5213008.708,460428.14,6.79684,348.1,TRUE,5.3,400,300
14175,2022/10/19 18:29,131.4791895,47.05072,5213017.277,460426.7761,7.16724,354.7,TRUE,5.3,400,300
14176,2022/10/19 18:29,131.479171,47.05079117,5213025.199,460425.423,5.57452,351.7,TRUE,5.3,400,300
14177,2022/10/19 18:29,131.4791595,47.0508495,5213031.689,460424.5924,7.00056,345.2,TRUE,5.3,400,300
14178,2022/10/19 18:30,131.4791498,47.05091317,5213038.772,460423.9024,6.63016,349.3,TRUE,5.3,400,300
14179,2022/10/19 18:30,131.4791275,47.050982,5213046.436,460422.2589,6.83388,347.2,TRUE,5.3,372,300
14180,2022/10/19 18:30,131.4791063,47.051051,5213054.117,460420.6991,6.42644,342.3,TRUE,5.3,400,300
14181,2022/10/19 18:30,131.4790963,47.0511135,5213061.07,460419.9855,6.14864,348.7,TRUE,5.3,399,300
14182,2022/10/19 18:30,131.4790797,47.0511775,5213068.194,460418.7715,6.2968,351.7,TRUE,5.3,355,300
14183,2022/10/19 18:30,131.4790577,47.0512515,5213076.432,460417.1547,6.98204,352.6,TRUE,5.3,397,300
14184,2022/10/19 18:30,131.4790455,47.0513175,5213083.775,460416.2765,6.42644,345.7,TRUE,5.3,373,300
14185,2022/10/19 18:30,131.4790288,47.0513825,5213091.01,460415.0557,7.2228,345.4,TRUE,5.3,400,300
14186,2022/10/19 18:30,131.4790065,47.05145283,5213098.84,460413.4133,6.25976,350.8,TRUE,5.3,400,300
14187,2022/10/19 18:30,131.4789923,47.05151733,5213106.017,460412.3821,6.14864,346.5,TRUE,5.3,400,300
14188,2022/10/19 18:30,131.4789715,47.05158117,5213113.125,460410.8489,6.74128,352.4,TRUE,5.3,400,300
14189,2022/10/19 18:30,131.4789517,47.05165067,5213120.862,460409.3959,5.77824,345.2,TRUE,5.3,399,300
14190,2022/10/19 18:30,131.4789268,47.05171983,5213128.563,460407.5551,6.27828,349.5,TRUE,5.3,400,300
14191,2022/10/19 18:30,131.4789105,47.05177983,5213135.241,460406.361,6.40792,356.1,TRUE,5.3,388,300
14192,2022/10/19 18:30,131.4788932,47.05185083,5213143.143,460405.099,6.63016,352.8,TRUE,5.3,400,300
14193,2022/10/19 18:31,131.4788673,47.05192583,5213151.494,460403.1866,6.59312,356.5,TRUE,5.3,400,300
14194,2022/10/19 18:31,131.4788632,47.05198517,5213158.093,460402.919,6.96352,353.4,TRUE,5.3,400,300
14195,2022/10/19 18:31,131.4788525,47.052054,5213165.751,460402.1569,6.68572,352.3,TRUE,5.3,374,300
14196,2022/10/19 18:31,131.4788355,47.05212167,5213173.282,460400.9153,6.72276,353.1,TRUE,5.3,400,300
14197,2022/10/19 18:31,131.4788152,47.05218583,5213180.425,460399.4204,7.1302,352.3,TRUE,5.3,400,300
14198,2022/10/19 18:31,131.4787912,47.05226233,5213188.942,460397.6535,6.81536,347.6,TRUE,5.3,400,300
14199,2022/10/19 18:31,131.4787818,47.05233817,5213197.378,460396.9954,6.90796,348.6,TRUE,5.3,400,300
14200,2022/10/19 18:31,131.4787752,47.05239833,5213204.069,460396.5385,7.18576,353.7,TRUE,5.3,400,300
14201,2022/10/19 18:31,131.4787548,47.0524675,5213211.769,460395.0396,6.5746,347.8,TRUE,5.3,400,300
14202,2022/10/19 18:31,131.4787172,47.05253667,5213219.478,460392.234,6.64868,350.8,TRUE,5.3,400,300
14203,2022/10/19 18:31,131.4786977,47.05260383,5213226.954,460390.802,7.05612,349.6,TRUE,5.3,377,300
14204,2022/10/19 18:31,131.4786745,47.05268317,5213235.786,460389.098,7.29688,353.4,TRUE,5.3,400,300
14205,2022/10/19 18:31,131.4786695,47.05275233,5213243.478,460388.7693,7.463561,350.3,TRUE,5.3,400,300
14206,2022/10/19 18:31,131.4786563,47.0528225,5213251.285,460387.8184,6.83388,355.1,TRUE,5.3,400,300
14207,2022/10/19 18:31,131.478628,47.0529025,5213260.193,460385.7273,6.87092,354.7,TRUE,5.3,400,300
14208,2022/10/19 18:32,131.4786088,47.05296733,5213267.41,460384.3165,6.6672,353.5,TRUE,5.3,400,300
14209,2022/10/19 18:32,131.4785935,47.05303717,5213275.182,460383.2057,6.2968,346,TRUE,5.3,400,300
14210,2022/10/19 18:32,131.4785822,47.05309817,5213281.969,460382.3923,6.482,348,TRUE,5.3,400,300
14211,2022/10/19 18:32,131.478568,47.05315617,5213288.424,460381.3564,7.64876,352.7,TRUE,5.3,367,300
14212,2022/10/19 18:32,131.4785327,47.05322417,5213296.002,460378.7246,7.18576,350.6,TRUE,5.3,400,300
14213,2022/10/19 18:32,131.4785138,47.05329567,5213303.96,460377.3416,7.0376,350,TRUE,5.3,365,300
14214,2022/10/19 18:32,131.4785,47.05337067,5213312.305,460376.3486,6.81536,350.1,TRUE,5.3,400,300
14215,2022/10/19 18:32,131.478489,47.05344217,5213320.26,460375.5658,7.2228,351.8,TRUE,5.3,400,300
14216,2022/10/19 18:32,131.4784495,47.053508,5213327.598,460372.6133,7.3154,356.9,TRUE,5.3,400,300
14217,2022/10/19 18:32,131.4784243,47.05357533,5213335.096,460370.7485,6.27828,354.8,TRUE,5.3,400,300
14218,2022/10/19 18:32,131.4784147,47.0536445,5213342.79,460370.0703,6.98204,351.6,TRUE,5.3,400,300
14219,2022/10/19 18:32,131.478389,47.0537135,5213350.474,460368.1688,6.59312,355.2,TRUE,5.3,400,300
14220,2022/10/19 18:32,131.4783842,47.0537785,5213357.703,460367.8522,4.88928,356.3,TRUE,5.3,396,300
14221,2022/10/19 18:32,131.4783603,47.0538425,5213364.83,460366.0838,6.64868,351,TRUE,5.3,400,300
14222,2022/10/19 18:32,131.478331,47.053903,5213371.571,460363.9024,6.83388,354.2,TRUE,5.3,375,300
14223,2022/10/19 18:33,131.4783098,47.05397433,5213379.511,460362.3445,6.6672,358.9,TRUE,5.3,394,300
14224,2022/10/19 18:33,131.4783047,47.05403317,5213386.055,460362.0006,5.72268,353.8,TRUE,5.3,400,300
14225,2022/10/19 18:33,131.478298,47.05408783,5213392.135,460361.532,4.01884,355.6,TRUE,5.3,360,300
14226,2022/10/19 18:33,131.4782843,47.05414067,5213398.016,460360.5303,6.37088,323.1,TRUE,5.3,156,300
14227,2022/10/19 18:33,131.4782043,47.0541895,5213403.486,460354.4881,6.16716,269.8,FALSE,5.3,0,300
14228,2022/10/19 18:33,131.4781157,47.054184,5213402.919,460347.7523,5.85232,205.9,FALSE,5.3,0,300
14229,2022/10/19 18:33,131.47807,47.05412017,5213395.846,460344.2328,4.61148,171.6,TRUE,5.3,213,300
14230,2022/10/19 18:33,131.4780693,47.05410383,5213394.03,460344.1675,0,0,FALSE,5.3,0,300
14231,2022/10/19 18:33,131.4780662,47.05409883,5213393.476,460343.9283,3.0558,175.3,TRUE,5.3,279,300
14232,2022/10/19 18:33,131.4780662,47.054089,5213392.383,460343.921,0,88.6,FALSE,5.3,0,300
14233,2022/10/19 18:33,131.478067,47.05407817,5213391.178,460343.9737,4.38924,171.3,TRUE,5.3,400,300
14234,2022/10/19 18:33,131.4780955,47.05401767,5213384.438,460346.0943,3.44472,168.3,TRUE,5.3,398,300
14235,2022/10/19 18:33,131.478113,47.05396283,5213378.333,460347.3833,4.87076,170.4,TRUE,5.3,400,300
14236,2022/10/19 18:33,131.4781132,47.05389583,5213370.884,460347.3488,5.75972,171.4,TRUE,5.3,400,300
14237,2022/10/19 18:33,131.4781197,47.053834,5213364.007,460347.7968,6.13012,172.7,TRUE,5.3,400,300
14238,2022/10/19 18:34,131.4781328,47.05376017,5213355.792,460348.7374,6.59312,165.9,TRUE,5.3,400,300
14239,2022/10/19 18:34,131.4781507,47.053702,5213349.317,460350.0543,6.13012,172.1,TRUE,5.3,400,300
14240,2022/10/19 18:34,131.4781785,47.05364317,5213342.762,460352.123,6.77832,167.3,TRUE,5.3,400,300
14241,2022/10/19 18:34,131.4782012,47.053575,5213335.172,460353.7972,6.16716,172.5,TRUE,5.3,400,300
14242,2022/10/19 18:34,131.4782082,47.05351733,5213328.757,460354.2863,6.79684,170.1,TRUE,5.3,400,300
14243,2022/10/19 18:34,131.4782262,47.05345467,5213321.782,460355.6075,5.98196,169.4,TRUE,5.3,400,300
14244,2022/10/19 18:34,131.478239,47.05338817,5213314.383,460356.5308,6.25976,169.9,TRUE,5.3,400,300
14245,2022/10/19 18:34,131.4782652,47.05332283,5213307.106,460358.473,6.07456,172.2,TRUE,5.3,400,300
14246,2022/10/19 18:34,131.4782998,47.05327183,5213301.418,460361.0641,5.68564,170.2,TRUE,5.3,400,300
14247,2022/10/19 18:34,131.478328,47.05321167,5213294.716,460363.1622,6.13012,171.3,TRUE,5.3,400,300
14248,2022/10/19 18:34,131.4783392,47.05314733,5213287.558,460363.9655,6.6672,174.1,TRUE,5.3,400,300
14249,2022/10/19 18:34,131.4783413,47.0530755,5213279.571,460364.0719,6.31532,171,TRUE,5.3,400,300
14250,2022/10/19 18:34,131.4783487,47.0530005,5213271.229,460364.5785,6.68572,171.6,TRUE,5.3,400,300
14251,2022/10/19 18:34,131.478361,47.052927,5213263.052,460365.4586,6.00048,171.9,TRUE,5.3,400,300
14252,2022/10/19 18:34,131.4783792,47.052861,5213255.706,460366.7926,6.5746,168.2,TRUE,5.3,400,300
14253,2022/10/19 18:35,131.4783933,47.05279233,5213248.064,460367.8131,6.35236,174,TRUE,5.3,400,300
14254,2022/10/19 18:35,131.4784093,47.0527305,5213241.182,460368.9829,6.2968,169.5,TRUE,5.3,400,300
14255,2022/10/19 18:35,131.478442,47.05267233,5213234.699,460371.4244,5.48192,170.5,TRUE,5.3,400,300
14256,2022/10/19 18:35,131.4784665,47.0526105,5213227.813,460373.2402,5.556,169.5,TRUE,5.3,400,300
14257,2022/10/19 18:35,131.4784817,47.0525525,5213221.357,460374.3521,6.27828,172.5,TRUE,5.3,400,300
14258,2022/10/19 18:35,131.4784868,47.0524855,5213213.906,460374.69,5.98196,168.9,TRUE,5.3,400,300
14259,2022/10/19 18:35,131.4785028,47.052417,5213206.283,460375.855,6.59312,173,TRUE,5.3,400,300
14260,2022/10/19 18:35,131.4785233,47.0523555,5213199.435,460377.367,6.92648,164.6,TRUE,5.3,400,300
14261,2022/10/19 18:35,131.4785502,47.05229317,5213192.492,460379.3648,7.16724,173.2,TRUE,5.3,397,300
14262,2022/10/19 18:35,131.4785688,47.052224,5213184.793,460380.7268,7.07464,171.1,TRUE,5.3,400,300
14263,2022/10/19 18:35,131.478582,47.05215033,5213176.597,460381.6752,6.35236,174.6,TRUE,5.3,400,300
14264,2022/10/19 18:35,131.4785943,47.0520795,5213168.716,460382.5573,6.5746,171.6,TRUE,5.3,400,300
14265,2022/10/19 18:35,131.478623,47.05202583,5213162.735,460384.6982,5.98196,172.1,TRUE,5.3,400,300
14266,2022/10/19 18:35,131.4786342,47.05196583,5213156.059,460385.5048,7.25984,172.6,TRUE,5.3,400,300
14267,2022/10/19 18:35,131.4786372,47.05189933,5213148.665,460385.6835,7.20428,168,TRUE,5.3,399,300
14268,2022/10/19 18:36,131.4786575,47.05183783,5213141.817,460387.1804,6.87092,174.3,TRUE,5.3,400,300
14269,2022/10/19 18:36,131.4786728,47.05177517,5213134.844,460388.2965,7.42652,173.8,TRUE,5.3,400,300
14270,2022/10/19 18:36,131.4786972,47.05171083,5213127.678,460390.1029,6.74128,172.2,TRUE,5.3,400,300
14271,2022/10/19 18:36,131.4787217,47.051646,5213120.459,460391.9164,5.7412,170.5,TRUE,5.3,400,300
14272,2022/10/19 18:36,131.4787403,47.05157867,5213112.964,460393.2799,6.482,175.3,TRUE,5.3,400,300
14273,2022/10/19 18:36,131.4787493,47.05151433,5213105.807,460393.9161,6.90796,167.5,TRUE,5.3,400,300
14274,2022/10/19 18:36,131.4787628,47.0514485,5213098.482,460394.8931,6.87092,170.6,TRUE,5.3,400,300
14275,2022/10/19 18:36,131.4787695,47.05137417,5213090.215,460395.3472,6.35236,169,TRUE,5.3,400,300
14276,2022/10/19 18:36,131.4787937,47.05130783,5213082.827,460397.1369,5.50044,172.6,TRUE,5.3,371,300
14277,2022/10/19 18:36,131.4788017,47.05124217,5213075.524,460397.6961,6.31532,170.7,TRUE,5.3,400,300
14278,2022/10/19 18:36,131.4788105,47.05117283,5213067.811,460398.3134,6.09308,165.7,TRUE,5.3,400,300
14279,2022/10/19 18:36,131.4788347,47.05111267,5213061.11,460400.1077,6.6672,162.9,TRUE,5.3,400,300
14280,2022/10/19 18:36,131.4788412,47.05104883,5213054.01,460400.5543,5.8338,171,TRUE,5.3,400,300
14281,2022/10/19 18:36,131.4788545,47.0509835,5213046.74,460401.5166,6.72276,172.3,TRUE,5.3,400,300
14282,2022/10/19 18:36,131.4788858,47.050915,5213039.109,460403.8441,6.2042,168.7,TRUE,5.3,400,300
14283,2022/10/19 18:37,131.47892,47.05085283,5213032.18,460406.3968,5.20412,170.1,TRUE,5.3,400,300
14284,2022/10/19 18:37,131.478948,47.0507955,5213025.793,460408.4819,6.35236,171.7,TRUE,5.3,400,300
14285,2022/10/19 18:37,131.478964,47.05072917,5213018.411,460409.6485,6.13012,173.1,TRUE,5.3,395,300
14286,2022/10/19 18:37,131.4789722,47.05066483,5213011.254,460410.224,7.05612,173.6,TRUE,5.3,400,300
14287,2022/10/19 18:37,131.4789887,47.05059883,5213003.908,460411.4289,6.53756,171.3,TRUE,5.3,400,300
14288,2022/10/19 18:37,131.4790117,47.050538,5212997.134,460413.1315,6.6672,171.3,TRUE,5.3,400,300
14289,2022/10/19 18:37,131.4790428,47.05047233,5212989.818,460415.446,6.64868,171.1,TRUE,5.3,400,300
14290,2022/10/19 18:37,131.4790573,47.0504045,5212982.27,460416.4976,7.05612,175.7,TRUE,5.3,400,300
14291,2022/10/19 18:37,131.4790795,47.05033633,5212974.68,460418.134,6.16716,168.7,TRUE,5.3,400,300
14292,2022/10/19 18:37,131.4790943,47.05027467,5212967.817,460419.213,6.03752,173.6,TRUE,5.3,400,300
14293,2022/10/19 18:37,131.4791142,47.05020533,5212960.099,460420.6738,6.88944,178.5,TRUE,5.3,400,300
14294,2022/10/19 18:37,131.4791167,47.0501355,5212952.334,460420.8121,6.51904,166.3,TRUE,5.3,400,300
14295,2022/10/19 18:37,131.479132,47.05006467,5212944.452,460421.9222,5.8338,169.2,TRUE,5.3,400,300
14296,2022/10/19 18:37,131.4791528,47.05000183,5212937.456,460423.4562,6.09308,175.4,TRUE,5.3,400,300
14297,2022/10/19 18:37,131.4791788,47.04993733,5212930.272,460425.3841,7.29688,176.4,TRUE,5.3,400,300
14298,2022/10/19 18:38,131.47919,47.04986317,5212922.022,460426.1803,6.74128,169.2,TRUE,5.3,400,300
14299,2022/10/19 18:38,131.4792047,47.0497945,5212914.38,460427.2465,6.90796,172.2,TRUE,5.3,400,300
14300,2022/10/19 18:38,131.479224,47.049727,5212906.867,460428.6631,7.48208,172.8,TRUE,5.3,400,300
14301,2022/10/19 18:38,131.4792373,47.04966017,5212899.43,460429.6242,7.14872,166.9,TRUE,5.3,400,300
14302,2022/10/19 18:38,131.4792563,47.049594,5212892.064,460431.019,6.40792,175.5,TRUE,5.3,400,300
14303,2022/10/19 18:38,131.479273,47.049527,5212884.607,460432.2384,7.0376,166.9,TRUE,5.3,400,300
14304,2022/10/19 18:38,131.4792967,47.04945683,5212876.795,460433.9874,6.63016,172.5,TRUE,5.3,400,300
14305,2022/10/19 18:38,131.4793215,47.0493925,5212869.63,460435.8243,6.96352,173.1,TRUE,5.3,400,300
14306,2022/10/19 18:38,131.4793412,47.0493195,5212861.505,460437.2672,6.61164,166.6,TRUE,5.3,400,300
14307,2022/10/19 18:38,131.4793617,47.049256,5212854.435,460438.778,5.79676,172,TRUE,5.3,393,300
14308,2022/10/19 18:38,131.4793768,47.04919333,5212847.46,460439.879,5.48192,168.8,TRUE,5.3,400,300
14309,2022/10/19 18:38,131.4793857,47.0491265,5212840.026,460440.5059,6.22272,170.9,TRUE,5.3,400,300
14310,2022/10/19 18:38,131.4794088,47.049064,5212833.066,460442.2149,6.09308,170.3,TRUE,5.3,400,300
14311,2022/10/19 18:38,131.4794298,47.04899633,5212825.533,460443.7606,6.59312,167.5,TRUE,5.3,400,300
14312,2022/10/19 18:38,131.4794488,47.048936,5212818.816,460445.1598,6.40792,173,TRUE,5.3,400,300
14313,2022/10/19 18:39,131.4794598,47.048869,5212811.362,460445.9461,6.3894,170.7,TRUE,5.3,363,300
14314,2022/10/19 18:39,131.4794748,47.04879983,5212803.665,460447.0347,6.61164,168.6,TRUE,5.3,400,300
14315,2022/10/19 18:39,131.4794953,47.04873283,5212796.206,460448.5429,6.42644,168.5,TRUE,5.3,400,300
14316,2022/10/19 18:39,131.4795068,47.048668,5212788.993,460449.3688,6.70424,173,TRUE,5.3,400,300
14317,2022/10/19 18:39,131.479526,47.04859717,5212781.109,460450.7754,7.57468,171.3,TRUE,5.3,400,300
14318,2022/10/19 18:39,131.4795508,47.04853267,5212773.926,460452.6122,6.83388,175.1,TRUE,5.3,400,300
14319,2022/10/19 18:39,131.4795735,47.04846967,5212766.911,460454.2906,7.0376,174.3,TRUE,5.3,400,300
14320,2022/10/19 18:39,131.4795903,47.0484025,5212759.435,460455.5175,6.64868,173.3,TRUE,5.3,400,300
14321,2022/10/19 18:39,131.4796062,47.04833183,5212751.57,460456.6735,6.33384,168,TRUE,5.3,399,300
14322,2022/10/19 18:39,131.4796192,47.04826417,5212744.042,460457.6113,6.8524,165.1,TRUE,5.3,400,300
14323,2022/10/19 18:39,131.4796357,47.04819333,5212736.158,460458.8127,6.44496,167.7,TRUE,5.3,400,300
14324,2022/10/19 18:39,131.4796523,47.04812667,5212728.739,460460.0249,6.63016,171.1,TRUE,5.3,400,300
14325,2022/10/19 18:39,131.4796748,47.04806017,5212721.335,460461.6854,6.482,166.5,TRUE,5.3,400,300
14326,2022/10/19 18:39,131.4796928,47.04800117,5212714.767,460463.0096,6.33384,166.6,TRUE,5.3,400,300
14327,2022/10/19 18:39,131.4797112,47.04793883,5212707.827,460464.3617,5.9264,168,TRUE,5.3,400,300
14328,2022/10/19 18:40,131.4797252,47.047871,5212700.279,460465.3754,6.25976,172.6,TRUE,5.3,400,300
14329,2022/10/19 18:40,131.4797348,47.04781567,5212694.123,460466.064,5.13004,175.7,TRUE,5.3,396,300
14330,2022/10/19 18:40,131.479748,47.0477565,5212687.538,460467.0234,4.85224,171.2,TRUE,5.3,400,300
14331,2022/10/19 18:40,131.4797548,47.04769683,5212680.901,460467.496,6.50052,178.2,TRUE,5.3,400,300
14332,2022/10/19 18:40,131.479773,47.04763,5212673.463,460468.8296,6.90796,168,TRUE,5.3,400,300
14333,2022/10/19 18:40,131.4797942,47.04756217,5212665.911,460470.3904,6.7598,170.2,TRUE,5.3,400,300
14334,2022/10/19 18:40,131.4798165,47.04749833,5212658.803,460472.0378,7.1302,174.1,TRUE,5.3,400,300
14335,2022/10/19 18:40,131.479841,47.04743883,5212652.176,460473.8556,7.16724,171,TRUE,5.3,400,300
14336,2022/10/19 18:40,131.4798585,47.04736867,5212644.367,460475.1335,6.92648,171,TRUE,5.3,400,300
14337,2022/10/19 18:40,131.4798752,47.0473005,5212636.78,460476.3522,6.87092,171.7,TRUE,5.3,400,300
14338,2022/10/19 18:40,131.4798905,47.04724017,5212630.065,460477.4703,6.8524,172.1,TRUE,5.3,400,300
14339,2022/10/19 18:40,131.4799068,47.04718,5212623.368,460478.6644,6.70424,169.7,TRUE,5.3,400,300
14340,2022/10/19 18:40,131.4799243,47.04711667,5212616.319,460479.9475,6.44496,174.7,TRUE,5.3,400,300
14341,2022/10/19 18:40,131.479941,47.047042,5212608.009,460481.1613,6.27828,173.2,TRUE,5.3,400,300
14342,2022/10/19 18:40,131.4799553,47.04698033,5212601.146,460482.2024,6.79684,168.4,TRUE,5.3,400,300
14343,2022/10/19 18:41,131.479976,47.04691533,5212593.909,460483.7274,7.27836,168.3,TRUE,5.3,400,300
14344,2022/10/19 18:41,131.4799865,47.04685217,5212586.882,460484.4786,6.88944,171.5,TRUE,5.3,400,300
14345,2022/10/19 18:41,131.4799987,47.04678717,5212579.65,460485.3577,6.33384,175.8,TRUE,5.3,400,300
14346,2022/10/19 18:41,131.4800217,47.0467185,5212572.004,460487.0548,6.53756,168.5,TRUE,5.3,374,300
14347,2022/10/19 18:41,131.4800497,47.0466515,5212564.542,460489.133,6.46348,168.8,TRUE,5.3,400,300
14348,2022/10/19 18:41,131.4800648,47.04658983,5212557.678,460490.2349,5.61156,176.1,TRUE,5.3,400,300
14349,2022/10/19 18:41,131.4800902,47.04651967,5212549.865,460492.1132,7.33392,171.2,TRUE,5.3,400,300
14350,2022/10/19 18:41,131.4801163,47.0464575,5212542.941,460494.0507,6.79684,169.1,TRUE,5.3,400,300
14351,2022/10/19 18:41,131.4801217,47.04640333,5212536.916,460494.421,4.7226,173.6,TRUE,5.3,400,300
14352,2022/10/19 18:41,131.4801177,47.0463575,5212531.823,460494.0832,3.8892,167,TRUE,5.3,400,300
14353,2022/10/19 18:41,131.4801468,47.046313,5212526.861,460496.2617,5.05596,144.1,FALSE,5.3,0,300
14354,2022/10/19 18:41,131.4801985,47.04626317,5212521.295,460500.1536,5.4634,92.5,FALSE,5.3,0,300
14355,2022/10/19 18:41,131.4802998,47.04625983,5212520.873,460507.8489,4.05588,69.2,TRUE,5.3,115,300
14356,2022/10/19 18:41,131.4804115,47.0462955,5212524.782,460516.3633,6.945,11.2,TRUE,5.3,180,300
14357,2022/10/19 18:41,131.480456,47.0463485,5212530.652,460519.784,3.59288,15.6,TRUE,5.3,374,300
14358,2022/10/19 18:42,131.4804827,47.04639533,5212535.844,460521.8475,4.75964,355.3,TRUE,5.3,400,300
14359,2022/10/19 18:42,131.4804568,47.0464375,5212540.546,460519.9104,5.13004,351.5,TRUE,5.3,365,300
14360,2022/10/19 18:42,131.4804347,47.04649067,5212546.468,460518.2703,5.48192,351.8,TRUE,5.3,369,300
14361,2022/10/19 18:42,131.4804102,47.0465495,5212553.02,460516.452,4.40776,352.3,TRUE,5.3,261,300
14362,2022/10/19 18:42,131.4803863,47.04661033,5212559.795,460514.6807,5.61156,356.7,TRUE,5.3,400,300
14363,2022/10/19 18:42,131.4803748,47.04667,5212566.434,460513.8508,5.66712,356.6,TRUE,5.3,400,300
14364,2022/10/19 18:42,131.4803637,47.04672967,5212573.073,460513.0514,6.50052,353.7,TRUE,5.3,400,300
14365,2022/10/19 18:42,131.4803497,47.04680183,5212581.103,460512.0408,6.2042,355.8,TRUE,5.3,395,300
14366,2022/10/19 18:42,131.4803165,47.0468815,5212589.976,460509.5767,6.33384,352.6,TRUE,5.3,400,300
14367,2022/10/19 18:42,131.480286,47.04695517,5212598.182,460507.3134,7.27836,354.3,TRUE,5.3,400,300
14368,2022/10/19 18:42,131.4802685,47.047028,5212606.287,460506.0374,7.64876,351.4,TRUE,5.3,400,300
14369,2022/10/19 18:42,131.4802543,47.04710133,5212614.447,460505.0125,6.59312,354.7,TRUE,5.3,400,300
14370,2022/10/19 18:42,131.4802345,47.04716867,5212621.943,460503.5576,7.25984,354.2,TRUE,5.3,400,300
14371,2022/10/19 18:42,131.4802163,47.04724183,5212630.085,460502.2286,6.7598,350.9,TRUE,5.3,400,300
14372,2022/10/19 18:42,131.4802083,47.047311,5212637.779,460501.6718,6.18568,357.4,TRUE,5.3,400,300
14373,2022/10/19 18:43,131.480199,47.04737967,5212645.418,460501.0158,6.8524,352,TRUE,5.3,400,300
14374,2022/10/19 18:43,131.4801782,47.04744967,5212653.21,460499.4869,6.83388,352.3,TRUE,5.3,400,300
14375,2022/10/19 18:43,131.4801572,47.047516,5212660.595,460497.9401,5.85232,353.5,TRUE,5.3,400,300
14376,2022/10/19 18:43,131.4801333,47.04758217,5212667.963,460496.1728,5.556,356,TRUE,5.3,400,300
14377,2022/10/19 18:43,131.4801165,47.04764533,5212674.993,460494.9429,7.27836,353.6,TRUE,5.3,400,300
14378,2022/10/19 18:43,131.4801067,47.0477205,5212683.355,460494.2537,7.05612,352.7,TRUE,5.3,400,300
14379,2022/10/19 18:43,131.4800912,47.04779117,5212691.219,460493.128,6.83388,354.5,TRUE,5.3,366,300
14380,2022/10/19 18:43,131.4800687,47.0478635,5212699.272,460491.4717,7.29688,355.3,TRUE,5.3,400,300
14381,2022/10/19 18:43,131.4800488,47.04793617,5212707.361,460490.0132,7.55616,354.2,TRUE,5.3,400,300
14382,2022/10/19 18:43,131.4800253,47.04800883,5212715.45,460488.2812,6.6672,351.5,TRUE,5.3,373,300
14383,2022/10/19 18:43,131.4800028,47.04808383,5212723.8,460486.6268,6.44496,353,TRUE,5.3,400,300
14384,2022/10/19 18:43,131.4799843,47.04815433,5212731.646,460485.2731,7.24132,354.9,TRUE,5.3,400,300
14385,2022/10/19 18:43,131.4799543,47.04823,5212740.074,460483.0494,7.57468,357.2,TRUE,5.3,400,300
14386,2022/10/19 18:43,131.4799385,47.04830683,5212748.623,460481.9055,7.2228,350.4,TRUE,5.3,400,300
14387,2022/10/19 18:43,131.479919,47.0483875,5212757.601,460480.4834,7.20428,352.2,TRUE,5.3,400,300
14388,2022/10/19 18:44,131.4799005,47.048457,5212765.337,460479.129,7.48208,353.5,TRUE,5.3,400,300
14389,2022/10/19 18:44,131.47988,47.04852783,5212773.222,460477.6235,7.01908,350.9,TRUE,5.3,400,300
14390,2022/10/19 18:44,131.4798528,47.0486055,5212781.87,460475.6141,6.59312,352,TRUE,5.3,400,300
14391,2022/10/19 18:44,131.4798372,47.048681,5212790.271,460474.4845,7.33392,354.7,TRUE,5.3,400,300
14392,2022/10/19 18:44,131.479829,47.0487515,5212798.113,460473.9134,6.59312,351.9,TRUE,5.3,400,300
14393,2022/10/19 18:44,131.4798153,47.04883183,5212807.05,460472.9318,6.7598,355.6,TRUE,5.3,400,300
14394,2022/10/19 18:44,131.4797918,47.0489045,5212815.141,460471.1998,6.70424,352.1,TRUE,5.3,400,300
14395,2022/10/19 18:44,131.4797692,47.0489745,5212822.935,460469.5342,7.00056,354.3,TRUE,5.3,400,300
14396,2022/10/19 18:44,131.4797533,47.0490465,5212830.947,460468.3792,7.24132,355.2,TRUE,5.3,400,300
14397,2022/10/19 18:44,131.4797308,47.04911817,5212838.926,460466.7225,6.25976,352.7,TRUE,5.3,400,300
14398,2022/10/19 18:44,131.4797108,47.0491845,5212846.31,460465.2518,7.37096,350,TRUE,5.3,400,300
14399,2022/10/19 18:44,131.4796915,47.049254,5212854.046,460463.8366,5.38932,351,TRUE,5.3,400,300
14400,2022/10/19 18:44,131.4796812,47.04932083,5212861.481,460463.1033,6.27828,351,TRUE,5.3,400,300
14401,2022/10/19 18:44,131.4796643,47.04938933,5212869.105,460461.8698,6.40792,358.2,TRUE,5.3,400,300
14402,2022/10/19 18:44,131.4796373,47.0494625,5212877.253,460459.8723,6.37088,353.3,TRUE,5.3,400,300
14403,2022/10/19 18:45,131.4796197,47.04952567,5212884.284,460458.5816,6.70424,346.6,TRUE,5.3,400,300
14404,2022/10/19 18:45,131.4795992,47.049601,5212892.669,460457.0796,7.00056,352,TRUE,5.3,395,300
14405,2022/10/19 18:45,131.4795788,47.04967567,5212900.981,460455.5847,7.3154,352.4,TRUE,5.3,400,300
14406,2022/10/19 18:45,131.4795562,47.04975017,5212909.275,460453.9225,7.53764,356.2,TRUE,5.3,400,300
14407,2022/10/19 18:45,131.4795358,47.04982433,5212917.529,460452.4272,7.29688,354.4,TRUE,5.3,400,300
14408,2022/10/19 18:45,131.4795193,47.04989367,5212925.246,460451.2247,7.09316,352.7,TRUE,5.3,400,300
14409,2022/10/19 18:45,131.4795032,47.04996667,5212933.37,460450.0553,7.11168,359.3,TRUE,5.3,400,300
14410,2022/10/19 18:45,131.4794837,47.0500315,5212940.587,460448.6215,7.35244,357.4,TRUE,5.3,376,300
14411,2022/10/19 18:45,131.4794587,47.050111,5212949.438,460446.7807,6.44496,353.8,TRUE,5.3,400,300
14412,2022/10/19 18:45,131.4794327,47.0501835,5212957.511,460444.8587,6.7598,347.5,TRUE,5.3,400,300
14413,2022/10/19 18:45,131.4794163,47.05025633,5212965.616,460443.6664,6.09308,349.7,TRUE,5.3,400,300
14414,2022/10/19 18:45,131.479403,47.05032433,5212973.182,460442.7061,5.87084,350.3,TRUE,5.3,400,300
14415,2022/10/19 18:45,131.4793837,47.05039383,5212980.918,460441.291,6.14864,355.3,TRUE,5.3,373,300
14416,2022/10/19 18:45,131.479359,47.05046617,5212988.973,460439.4676,6.24124,350.6,TRUE,5.3,400,300
14417,2022/10/19 18:45,131.4793432,47.050537,5212996.855,460438.3195,7.1302,354.1,TRUE,5.3,400,300
14418,2022/10/19 18:46,131.479322,47.05060217,5213004.111,460436.7568,6.77832,353.2,TRUE,5.3,400,300
14419,2022/10/19 18:46,131.4793025,47.050668,5213011.439,460435.3238,7.42652,351.6,TRUE,5.3,400,300
14420,2022/10/19 18:46,131.4792902,47.05074,5213019.45,460434.4424,6.96352,350.2,TRUE,5.3,400,300
14421,2022/10/19 18:46,131.4792675,47.050811,5213027.354,460432.7701,5.98196,352.3,TRUE,5.3,400,300
14422,2022/10/19 18:46,131.479251,47.05088483,5213035.571,460431.571,6.40792,351.9,TRUE,5.3,400,300
14423,2022/10/19 18:46,131.4792313,47.0509485,5213042.659,460430.1212,6.81536,351.4,TRUE,5.3,400,300
14424,2022/10/19 18:46,131.4792118,47.051011,5213049.617,460428.6858,7.5932,354,TRUE,5.3,400,300
14425,2022/10/19 18:46,131.4791985,47.05107633,5213056.886,460427.7235,6.59312,350.4,TRUE,5.3,400,300
14426,2022/10/19 18:46,131.4791788,47.051146,5213064.642,460426.2782,6.98204,355,TRUE,5.3,400,300
14427,2022/10/19 18:46,131.4791582,47.05121367,5213072.175,460424.763,7.42652,357.5,TRUE,5.3,400,300
14428,2022/10/19 18:46,131.4791402,47.05128433,5213080.04,460423.4476,7.64876,0.4,TRUE,5.3,400,300
14429,2022/10/19 18:46,131.4791102,47.05136433,5213088.949,460421.2273,6.83388,350.7,TRUE,5.3,400,300
14430,2022/10/19 18:46,131.4790857,47.0514405,5213097.429,460419.422,6.46348,352.5,TRUE,5.3,400,300
14431,2022/10/19 18:46,131.4790757,47.05151083,5213105.253,460418.7142,6.5746,353.9,TRUE,5.3,400,300
14432,2022/10/19 18:46,131.4790612,47.05158533,5213113.542,460417.6676,7.01908,348.8,TRUE,5.3,400,300
14433,2022/10/19 18:47,131.4790423,47.05165367,5213121.149,460416.2821,7.3154,351.1,TRUE,5.3,373,300
14434,2022/10/19 18:47,131.4790223,47.0517305,5213129.701,460414.8193,7.53764,351.5,TRUE,5.3,400,300
14435,2022/10/19 18:47,131.4790158,47.05179967,5213137.394,460414.3766,6.92648,354.3,TRUE,5.3,400,300
14436,2022/10/19 18:47,131.4789978,47.05187017,5213145.24,460413.0611,7.11168,356.9,TRUE,5.3,400,300
14437,2022/10/19 18:47,131.4789742,47.05194567,5213153.646,460411.3238,7.408,355.9,TRUE,5.3,400,300
14438,2022/10/19 18:47,131.4789547,47.05201933,5213161.845,460409.8966,7.42652,351.9,TRUE,5.3,400,300
14439,2022/10/19 18:47,131.478933,47.05209267,5213170.009,460408.3021,6.35236,354.8,TRUE,5.3,400,300
14440,2022/10/19 18:47,131.4789063,47.05216467,5213178.027,460406.3267,6.83388,348.5,TRUE,5.3,400,300
14441,2022/10/19 18:47,131.4788887,47.05224967,5213187.485,460405.0523,6.61164,351.3,TRUE,5.3,367,300
14442,2022/10/19 18:47,131.4788732,47.05232533,5213195.904,460403.9306,6.98204,348.3,TRUE,5.3,398,300
14443,2022/10/19 18:47,131.4788535,47.052394,5213203.548,460402.4846,8.315479,355.8,TRUE,5.3,395,300
14444,2022/10/19 18:47,131.4788305,47.0524645,5213211.398,460400.7892,7.07464,355.3,TRUE,5.3,400,300
14445,2022/10/19 18:47,131.4788018,47.05254267,5213220.102,460398.6664,7.72284,353.4,TRUE,5.3,400,300
14446,2022/10/19 18:47,131.4787815,47.05261367,5213228.006,460397.1765,6.55608,352.8,TRUE,5.3,400,300
14447,2022/10/19 18:47,131.4787647,47.05268767,5213236.241,460395.9549,7.11168,353.3,TRUE,5.3,400,300
14448,2022/10/19 18:48,131.4787433,47.05276683,5213245.052,460394.3875,7.05612,358.7,TRUE,5.3,400,300
14449,2022/10/19 18:48,131.4787118,47.0528515,5213254.481,460392.0568,6.8524,352.1,TRUE,5.3,400,300
14450,2022/10/19 18:48,131.4787085,47.05292183,5213262.301,460391.8581,7.16724,353.1,TRUE,5.3,400,300
14451,2022/10/19 18:48,131.4786825,47.05299917,5213270.913,460389.9399,6.64868,352.1,TRUE,5.3,400,300
14452,2022/10/19 18:48,131.4786668,47.05307033,5213278.831,460388.7997,6.63016,352.2,TRUE,5.3,400,300
14453,2022/10/19 18:48,131.4786453,47.05314067,5213286.662,460387.2182,7.408,356.8,TRUE,5.3,400,300
14454,2022/10/19 18:48,131.4786287,47.05321467,5213294.897,460386.0117,6.96352,353.8,TRUE,5.3,399,300
14455,2022/10/19 18:48,131.4786158,47.0532795,5213302.111,460385.0796,6.2968,354.8,TRUE,5.3,400,300
14456,2022/10/19 18:48,131.478612,47.05334717,5213309.636,460384.8409,7.18576,350.6,TRUE,5.3,400,300
14457,2022/10/19 18:48,131.4785973,47.05341833,5213317.554,460383.7767,6.90796,354.5,TRUE,5.3,400,300
14458,2022/10/19 18:48,131.4785747,47.05348783,5213325.292,460382.1111,7.38948,354.6,TRUE,5.3,400,300
14459,2022/10/19 18:48,131.478542,47.053564,5213333.777,460379.6829,6.90796,354.5,TRUE,5.3,400,300
14460,2022/10/19 18:48,131.4785097,47.05364233,5213342.501,460377.2868,7.35244,353,TRUE,5.3,400,300
14461,2022/10/19 18:48,131.4784927,47.053713,5213350.366,460376.0475,7.14872,351.2,TRUE,5.3,393,300
14462,2022/10/19 18:48,131.4784532,47.05379117,5213359.077,460373.1042,5.66712,353.9,TRUE,5.3,400,300
14463,2022/10/19 18:49,131.4784392,47.05386033,5213366.772,460372.0917,6.88944,348.8,TRUE,5.3,400,300
14464,2022/10/19 18:49,131.4784148,47.05392667,5213374.16,460370.287,6.72276,354.8,TRUE,5.3,400,300
14465,2022/10/19 18:49,131.4783993,47.05399,5213381.208,460369.1562,6.25976,351.9,TRUE,5.3,400,300
14466,2022/10/19 18:49,131.4783867,47.05404917,5213387.792,460368.2427,6.03752,354.1,TRUE,5.3,400,300
14467,2022/10/19 18:49,131.4783703,47.05410933,5213394.489,460367.0412,3.94476,7.6,TRUE,5.3,400,300
14468,2022/10/19 18:49,131.4783517,47.05416467,5213400.65,460365.669,6.53756,349.2,TRUE,5.3,396,300
14469,2022/10/19 18:49,131.4782933,47.0542075,5213405.442,460361.2636,6.40792,269.7,FALSE,5.3,0,300
14470,2022/10/19 18:49,131.4781882,47.054196,5213404.216,460353.2697,5.72268,215.6,FALSE,5.3,0,300
14471,2022/10/19 18:49,131.4781542,47.054117,5213395.451,460350.6279,2.00016,149.2,FALSE,5.3,0,300
14472,2022/10/19 18:49,131.4781407,47.054091,5213392.567,460349.5829,0.87044,165.1,TRUE,5.3,400,300
14473,2022/10/19 18:49,131.4781382,47.05407283,5213390.549,460349.3795,6.22272,171.4,TRUE,5.3,395,300
14474,2022/10/19 18:49,131.4781478,47.054004,5213382.892,460350.0578,4.87076,169.4,TRUE,5.3,388,300
14475,2022/10/19 18:49,131.4781617,47.05394367,5213376.178,460351.0692,7.11168,177.3,TRUE,5.3,400,300
14476,2022/10/19 18:49,131.47819,47.05387583,5213368.622,460353.1692,7.1302,171.8,TRUE,5.3,400,300
14477,2022/10/19 18:49,131.4782188,47.05379283,5213359.38,460355.2959,7.79692,173,TRUE,5.3,400,300
14478,2022/10/19 18:50,131.4782423,47.05371867,5213351.123,460357.0264,7.38948,170.1,TRUE,5.3,400,300
14479,2022/10/19 18:50,131.4782577,47.05364267,5213342.667,460358.1402,8.07472,173.1,TRUE,5.3,400,300
14480,2022/10/19 18:50,131.478276,47.05356583,5213334.115,460359.4737,7.6858,176.4,TRUE,5.3,400,300
14481,2022/10/19 18:50,131.478294,47.0534925,5213325.954,460360.787,7.74136,173.7,TRUE,5.3,400,300
14482,2022/10/19 18:50,131.4783123,47.05341833,5213317.699,460362.1224,8.13028,176.4,TRUE,5.3,400,300
14483,2022/10/19 18:50,131.4783322,47.05334417,5213309.444,460363.5795,8.48216,173.4,TRUE,5.3,381,300
14484,2022/10/19 18:50,131.4783505,47.05327067,5213301.264,460364.9155,7.81544,174.1,TRUE,5.3,400,300
14485,2022/10/19 18:50,131.4783652,47.05320183,5213293.603,460365.9814,7.94508,177.6,TRUE,5.3,400,300
14486,2022/10/19 18:50,131.478376,47.0531435,5213287.113,460366.7588,7.53764,178.1,TRUE,5.3,400,300
14487,2022/10/19 18:50,131.4783885,47.05307333,5213279.306,460367.6565,7.27836,177.2,TRUE,5.3,391,300
14488,2022/10/19 18:50,131.4784127,47.0529995,5213271.086,460369.4406,7.778399,176,TRUE,5.3,400,300
14489,2022/10/19 18:50,131.4784373,47.0529225,5213262.513,460371.2526,7.00056,174.2,TRUE,5.3,400,300
14490,2022/10/19 18:50,131.4784578,47.05284633,5213254.035,460372.7538,8.0562,173.2,TRUE,5.3,373,300
14491,2022/10/19 18:50,131.47848,47.05277233,5213245.797,460374.3858,7.61172,173.2,TRUE,5.3,398,300
14492,2022/10/19 18:50,131.4785132,47.052695,5213237.183,460376.8511,7.871,174.5,TRUE,5.3,398,300
14493,2022/10/19 18:51,131.4785368,47.0526165,5213228.444,460378.5861,7.63024,171.1,TRUE,5.3,400,300
14494,2022/10/19 18:51,131.478556,47.0525425,5213220.208,460379.9901,7.07464,175,TRUE,5.3,400,300
14495,2022/10/19 18:51,131.4785678,47.05246133,5213211.178,460380.8266,7.75988,172.2,TRUE,5.3,400,300
14496,2022/10/19 18:51,131.4785855,47.05238583,5213202.776,460382.1155,7.463561,171.2,TRUE,5.3,400,300
14497,2022/10/19 18:51,131.4786133,47.0523175,5213195.165,460384.1772,7.00056,169.2,TRUE,5.3,400,300
14498,2022/10/19 18:51,131.4786358,47.05224167,5213186.724,460385.8306,7.44504,175.1,TRUE,5.3,400,300
14499,2022/10/19 18:51,131.478656,47.05217017,5213178.765,460387.3125,6.2968,176.1,TRUE,5.3,400,300
14500,2022/10/19 18:51,131.4786712,47.05210667,5213171.698,460388.4204,7.37096,168.4,TRUE,5.3,400,300
14501,2022/10/19 18:51,131.4786832,47.05203817,5213164.076,460389.2815,6.70424,167.3,TRUE,5.3,400,300
14502,2022/10/19 18:51,131.4786978,47.05195733,5213155.082,460390.331,7.42652,172,TRUE,5.3,400,300
14503,2022/10/19 18:51,131.4787208,47.05188567,5213147.104,460392.0255,7.5932,174.6,TRUE,5.3,396,300
14504,2022/10/19 18:51,131.4787457,47.05181417,5213139.142,460393.8645,7.63024,170.3,TRUE,5.3,400,300
14505,2022/10/19 18:51,131.4787688,47.05174383,5213131.311,460395.5676,8.389561,174,TRUE,5.3,375,300
14506,2022/10/19 18:51,131.4787827,47.0516655,5213122.596,460396.5658,8.185841,173.6,TRUE,5.3,400,300
14507,2022/10/19 18:51,131.4788043,47.0515955,5213114.803,460398.1552,7.35244,170.6,TRUE,5.3,400,300
14508,2022/10/19 18:52,131.4788263,47.0515245,5213106.898,460399.7743,7.05612,171.9,TRUE,5.3,400,300
14509,2022/10/19 18:52,131.4788383,47.05144283,5213097.813,460400.6256,7.704319,175.7,TRUE,5.3,400,300
14510,2022/10/19 18:52,131.47886,47.05136617,5213089.28,460402.2177,6.70424,175.2,TRUE,5.3,398,300
14511,2022/10/19 18:52,131.4788683,47.051304,5213082.364,460402.8023,7.38948,173.6,TRUE,5.3,369,300
14512,2022/10/19 18:52,131.4788882,47.0512395,5213075.183,460404.2667,8.22288,170.7,TRUE,5.3,394,300
14513,2022/10/19 18:52,131.4789057,47.051166,5213067.003,460405.542,7.778399,172.4,TRUE,5.3,400,300
14514,2022/10/19 18:52,131.4789265,47.0510965,5213059.266,460407.071,7.61172,173.7,TRUE,5.3,400,300
14515,2022/10/19 18:52,131.4789463,47.0510315,5213052.03,460408.5274,6.5746,175.2,TRUE,5.3,396,300
14516,2022/10/19 18:52,131.4789522,47.05096633,5213044.782,460408.9274,7.74136,175.1,TRUE,5.3,400,300
14517,2022/10/19 18:52,131.4789725,47.0508935,5213036.675,460410.416,7.05612,176.4,TRUE,5.3,400,300
14518,2022/10/19 18:52,131.4789923,47.05081217,5213027.624,460411.8603,7.51912,176.1,TRUE,5.3,400,300
14519,2022/10/19 18:52,131.4790158,47.05073683,5213019.236,460413.5902,7.53764,174.9,TRUE,5.3,400,300
14520,2022/10/19 18:52,131.4790428,47.05066317,5213011.034,460415.5872,7.5932,172.2,TRUE,5.3,400,300
14521,2022/10/19 18:52,131.4790677,47.05058683,5213002.534,460417.4227,6.98204,171.5,TRUE,5.3,372,300
14522,2022/10/19 18:52,131.4790853,47.0505105,5212994.04,460418.7036,6.87092,171.4,TRUE,5.3,370,300
14523,2022/10/19 18:53,131.4791013,47.0504345,5212985.582,460419.8631,7.9636,172,TRUE,5.3,400,300
14524,2022/10/19 18:53,131.4791312,47.050359,5212977.174,460422.0792,7.79692,173.2,TRUE,5.3,400,300
14525,2022/10/19 18:53,131.4791515,47.05028317,5212968.733,460423.5656,7.57468,171.4,TRUE,5.3,400,300
14526,2022/10/19 18:53,131.4791742,47.05020317,5212959.828,460425.2312,7.1302,175.6,TRUE,5.3,400,300
14527,2022/10/19 18:53,131.4791997,47.050129,5212951.57,460427.114,7.29688,169.2,TRUE,5.3,399,300
14528,2022/10/19 18:53,131.4792205,47.05005717,5212943.574,460428.6413,8.00064,172.1,TRUE,5.3,395,300
14529,2022/10/19 18:53,131.4792423,47.049979,5212934.873,460430.24,7.57468,170.2,TRUE,5.3,381,300
14530,2022/10/19 18:53,131.4792628,47.049905,5212926.635,460431.7429,7.00056,174.4,TRUE,5.3,400,300
14531,2022/10/19 18:53,131.4792872,47.049834,5212918.73,460433.5445,7.61172,168.6,TRUE,5.3,400,300
14532,2022/10/19 18:53,131.4793088,47.04976267,5212910.789,460435.133,7.90804,175.4,TRUE,5.3,399,300
14533,2022/10/19 18:53,131.4793327,47.04968667,5212902.328,460436.8928,7.5932,172.9,TRUE,5.3,400,300
14534,2022/10/19 18:53,131.4793475,47.04961,5212893.797,460437.9607,7.75988,169.9,TRUE,5.3,400,300
14535,2022/10/19 18:53,131.4793683,47.04953367,5212885.301,460439.4848,7.3154,169.1,TRUE,5.3,400,300
14536,2022/10/19 18:53,131.4793843,47.04945767,5212876.844,460440.6444,7.2228,171.8,TRUE,5.3,400,300
14537,2022/10/19 18:53,131.479404,47.04938667,5212868.941,460442.0888,7.778399,173.5,TRUE,5.3,400,300
14538,2022/10/19 18:54,131.4794243,47.0493085,5212860.24,460443.5735,7.889521,172.2,TRUE,5.3,400,300
14539,2022/10/19 18:54,131.4794463,47.04923,5212851.502,460445.1871,7.5932,169,TRUE,5.3,400,300
14540,2022/10/19 18:54,131.4794615,47.04915967,5212843.676,460446.2901,7.5932,169.4,TRUE,5.3,400,300
14541,2022/10/19 18:54,131.4794912,47.04908067,5212834.878,460448.4885,7.408,169.5,TRUE,5.3,400,300
14542,2022/10/19 18:54,131.479505,47.0490045,5212826.403,460449.4808,8.35252,173.4,TRUE,5.3,400,300
14543,2022/10/19 18:54,131.4795303,47.04892417,5212817.46,460451.3439,7.72284,172.8,TRUE,5.3,400,300
14544,2022/10/19 18:54,131.4795432,47.0488485,5212809.041,460452.2682,7.5932,171.8,TRUE,5.3,400,300
14545,2022/10/19 18:54,131.4795583,47.04877167,5212800.492,460453.3588,7.53764,173.5,TRUE,5.3,373,300
14546,2022/10/19 18:54,131.4795835,47.0486955,5212792.011,460455.2174,8.22288,170,TRUE,5.3,400,300
14547,2022/10/19 18:54,131.479606,47.04862483,5212784.144,460456.8748,8.2414,166.6,TRUE,5.3,397,300
14548,2022/10/19 18:54,131.4796335,47.04855067,5212775.885,460458.9097,7.66728,171.9,TRUE,5.3,400,300
14549,2022/10/19 18:54,131.4796513,47.04847833,5212767.834,460460.2088,8.1488,175.4,TRUE,5.3,400,300
14550,2022/10/19 18:54,131.4796763,47.04840467,5212759.633,460462.054,7.1302,170.3,TRUE,5.3,400,300
14551,2022/10/19 18:54,131.4796942,47.048329,5212751.211,460463.3583,8.13028,173.3,TRUE,5.3,400,300
14552,2022/10/19 18:54,131.4797105,47.04825083,5212742.513,460464.5391,7.66728,172.7,TRUE,5.3,400,300
14553,2022/10/19 18:55,131.479727,47.04818,5212734.63,460465.7405,8.00064,173.5,TRUE,5.3,398,300
14554,2022/10/19 18:55,131.4797452,47.04810467,5212726.246,460467.0678,7.07464,167.5,TRUE,5.3,395,300
14555,2022/10/19 18:55,131.4797647,47.04802617,5212717.51,460468.4916,7.94508,170.7,TRUE,5.3,400,300
14556,2022/10/19 18:55,131.4797877,47.04795,5212709.03,460470.183,7.24132,169.6,TRUE,5.3,375,300
14557,2022/10/19 18:55,131.4798013,47.04788033,5212701.278,460471.165,8.037681,172.4,TRUE,5.3,400,300
14558,2022/10/19 18:55,131.4798207,47.04780383,5212692.763,460472.5827,6.8524,175.3,TRUE,5.3,400,300
14559,2022/10/19 18:55,131.4798457,47.047733,5212684.877,460474.43,6.51904,169.6,TRUE,5.3,399,300
14560,2022/10/19 18:55,131.4798513,47.047662,5212676.981,460474.8031,7.704319,171.3,TRUE,5.3,377,300
14561,2022/10/19 18:55,131.4798715,47.04759083,5212669.058,460476.2855,7.463561,173.4,TRUE,5.3,375,300
14562,2022/10/19 18:55,131.4798907,47.04751983,5212661.155,460477.692,7.42652,175.6,TRUE,5.3,396,300
14563,2022/10/19 18:55,131.4799108,47.047447,5212653.049,460479.1656,7.0376,171.5,TRUE,5.3,400,300
14564,2022/10/19 18:55,131.4799372,47.04737533,5212645.068,460481.1188,7.20428,170.7,TRUE,5.3,400,300
14565,2022/10/19 18:55,131.4799597,47.04729983,5212636.663,460482.7727,6.77832,166.9,TRUE,5.3,400,300
14566,2022/10/19 18:55,131.4799738,47.04722833,5212628.707,460483.7914,6.1116,173.3,TRUE,5.3,400,300
14567,2022/10/19 18:55,131.4799965,47.0471585,5212620.932,460485.4648,8.01916,176.6,TRUE,5.3,400,300
14568,2022/10/19 18:56,131.4800158,47.04707883,5212612.066,460486.8725,7.38948,170.3,TRUE,5.3,400,300
14569,2022/10/19 18:56,131.4800397,47.04701117,5212604.532,460488.6387,7.64876,173.1,TRUE,5.3,400,300
14570,2022/10/19 18:56,131.4800575,47.046938,5212596.388,460489.9373,7.2228,170.4,TRUE,5.3,400,300
14571,2022/10/19 18:56,131.4800798,47.046859,5212587.595,460491.5735,8.46364,167.5,TRUE,5.3,397,300
14572,2022/10/19 18:56,131.4800982,47.04678483,5212579.34,460492.9169,7.5006,166.1,TRUE,5.3,400,300
14573,2022/10/19 18:56,131.4801093,47.046712,5212571.237,460493.7066,7.6858,174.5,TRUE,5.3,400,300
14574,2022/10/19 18:56,131.4801285,47.046635,5212562.668,460495.1088,7.44504,169.8,TRUE,5.3,400,300
14575,2022/10/19 18:56,131.4801542,47.04655967,5212554.28,460497.0061,7.18576,173.8,TRUE,5.3,400,300
14576,2022/10/19 18:56,131.4801628,47.04650367,5212548.05,460497.6183,6.5746,171.1,TRUE,5.3,400,300
14577,2022/10/19 18:56,131.4801745,47.04644717,5212541.763,460498.4656,5.94492,171.9,TRUE,5.3,400,300
14578,2022/10/19 18:56,131.480186,47.046399,5212536.402,460499.304,4.9078,178.6,TRUE,5.3,265,300
14579,2022/10/19 18:56,131.4802058,47.046334,5212529.166,460500.7606,5.63008,151.8,TRUE,5.3,143,300
14580,2022/10/19 18:56,131.4802808,47.04627967,5212523.088,460506.4197,5.40784,94,FALSE,5.3,0,300
14581,2022/10/19 18:56,131.4803753,47.04629083,5212524.281,460513.609,5.556,49.2,FALSE,5.3,0,300
14582,2022/10/19 18:56,131.4804922,47.0463495,5212530.745,460522.5355,6.55608,1,FALSE,5.3,0,300
14583,2022/10/19 18:57,131.4805297,47.04640567,5212536.97,460525.4266,5.03744,352.6,TRUE,5.3,381,300
14584,2022/10/19 18:57,131.480535,47.04645717,5212542.693,460525.8674,5.38932,6.3,TRUE,5.3,400,300
14585,2022/10/19 18:57,131.4805455,47.0465115,5212548.728,460526.7053,6.14864,0.9,TRUE,5.3,400,300
14586,2022/10/19 18:57,131.4804977,47.04657983,5212556.348,460523.1234,6.6672,356.9,TRUE,5.3,400,300
14587,2022/10/19 18:57,131.4804628,47.04664717,5212563.852,460520.5211,5.8338,358.4,TRUE,5.3,400,300
14588,2022/10/19 18:57,131.480455,47.04671083,5212570.933,460519.9753,7.44504,349.9,TRUE,5.3,400,300
14589,2022/10/19 18:57,131.480428,47.04677733,5212578.339,460517.9727,7.61172,348.7,TRUE,5.3,400,300
14590,2022/10/19 18:57,131.4803948,47.0468515,5212586.602,460515.5046,5.98196,355.8,TRUE,5.3,400,300
14591,2022/10/19 18:57,131.4803743,47.04692217,5212594.469,460513.9989,6.03752,351.4,TRUE,5.3,400,300
14592,2022/10/19 18:57,131.4803595,47.04699033,5212602.054,460512.9246,6.70424,350.8,TRUE,5.3,400,300
14593,2022/10/19 18:57,131.4803458,47.04705883,5212609.676,460511.9341,6.945,353.5,TRUE,5.3,400,300
14594,2022/10/19 18:57,131.4803253,47.04712133,5212616.634,460510.4225,6.8524,351.3,TRUE,5.3,400,300
14595,2022/10/19 18:57,131.4803095,47.04718917,5212624.184,460509.2719,7.463561,358,TRUE,5.3,400,300
14596,2022/10/19 18:57,131.4802952,47.04725617,5212631.64,460508.2347,6.019,349.8,TRUE,5.3,399,300
14597,2022/10/19 18:57,131.4802813,47.04732117,5212638.873,460507.2264,7.18576,356.6,TRUE,5.3,400,300
14598,2022/10/19 18:58,131.4802673,47.04739733,5212647.347,460506.2188,6.79684,351.7,TRUE,5.3,400,300
14599,2022/10/19 18:58,131.4802417,47.04747467,5212655.958,460504.3306,7.29688,356.6,TRUE,5.3,400,300
14600,2022/10/19 18:58,131.4802277,47.04754617,5212663.914,460503.3195,7.5006,354.6,TRUE,5.3,400,300
14601,2022/10/19 18:58,131.4802042,47.04762067,5212672.208,460501.5888,7.408,354.7,TRUE,5.3,400,300
14602,2022/10/19 18:58,131.4801785,47.0476925,5212680.206,460499.6889,7.05612,357.8,TRUE,5.3,400,300
14603,2022/10/19 18:58,131.4801545,47.04776483,5212688.259,460497.9186,7.24132,350.2,TRUE,5.3,400,300
14604,2022/10/19 18:58,131.4801337,47.0478335,5212695.904,460496.3888,6.09308,352.5,TRUE,5.3,400,300
14605,2022/10/19 18:58,131.4801243,47.04790083,5212703.394,460495.7242,7.37096,352.8,TRUE,5.3,400,300
14606,2022/10/19 18:58,131.4801067,47.0479785,5212712.037,460494.4442,7.18576,352.7,TRUE,5.3,400,300
14607,2022/10/19 18:58,131.480086,47.04804817,5212719.793,460492.9227,7.81544,354.6,TRUE,5.3,400,300
14608,2022/10/19 18:58,131.480073,47.0481325,5212729.175,460491.9971,6.88944,350.7,TRUE,5.3,400,300
14609,2022/10/19 18:58,131.4800482,47.04819733,5212736.395,460490.1605,6.5746,354.4,TRUE,5.3,400,300
14610,2022/10/19 18:58,131.4800332,47.048273,5212744.814,460489.0766,6.98204,353.3,TRUE,5.3,400,300
14611,2022/10/19 18:58,131.4800117,47.0483455,5212752.885,460487.4964,6.55608,353.1,TRUE,5.3,400,300
14612,2022/10/19 18:58,131.4799882,47.0484175,5212760.901,460485.7638,6.72276,354.2,TRUE,5.3,400,300
14613,2022/10/19 18:59,131.4799598,47.04848433,5212768.345,460483.6552,6.6672,351.5,TRUE,5.3,400,300
14614,2022/10/19 18:59,131.4799515,47.048551,5212775.761,460483.0737,6.6672,352.3,TRUE,5.3,400,300
14615,2022/10/19 18:59,131.4799295,47.048622,5212783.666,460481.4544,6.92648,352.2,TRUE,5.3,400,300
14616,2022/10/19 18:59,131.47992,47.048695,5212791.786,460480.7865,6.40792,352.1,TRUE,5.3,400,300
14617,2022/10/19 18:59,131.4798943,47.04877033,5212800.173,460478.8893,5.88936,352.6,TRUE,5.3,400,300
14618,2022/10/19 18:59,131.4798798,47.04883967,5212807.889,460477.8387,7.35244,353,TRUE,5.3,400,300
14619,2022/10/19 18:59,131.4798575,47.04891183,5212815.923,460476.1975,6.6672,350.3,TRUE,5.3,400,300
14620,2022/10/19 18:59,131.4798255,47.04898767,5212824.37,460473.822,6.96352,351.1,TRUE,5.3,400,300
14621,2022/10/19 18:59,131.4798153,47.0490585,5212832.25,460473.0992,7.35244,351.2,TRUE,5.3,400,300
14622,2022/10/19 18:59,131.4797895,47.04913333,5212840.582,460471.1941,6.79684,353.2,TRUE,5.3,400,300
14623,2022/10/19 18:59,131.4797758,47.049207,5212848.779,460470.2075,7.35244,350.9,TRUE,5.3,400,300
14624,2022/10/19 18:59,131.4797473,47.04927933,5212856.834,460468.0953,7.09316,351.2,TRUE,5.3,400,300
14625,2022/10/19 18:59,131.4797208,47.049361,5212865.927,460466.1421,7.05612,352.6,TRUE,5.3,400,300
14626,2022/10/19 18:59,131.4797083,47.04943,5212873.604,460465.2432,7.63024,351,TRUE,5.3,400,300
14627,2022/10/19 18:59,131.4797123,47.0494985,5212881.217,460465.5978,6.37088,351.3,TRUE,5.3,400,300
14628,2022/10/19 19:00,131.4797063,47.04956817,5212888.965,460465.1934,7.16724,353,TRUE,5.3,400,300
14629,2022/10/19 19:00,131.4796828,47.04963883,5212896.833,460463.4599,5.093,354.7,TRUE,5.3,400,300
14630,2022/10/19 19:00,131.4796572,47.04972367,5212906.277,460461.5774,6.96352,355.7,TRUE,5.3,400,300
14631,2022/10/19 19:00,131.479633,47.04979533,5212914.256,460459.7915,6.79684,349.7,TRUE,5.3,400,300
14632,2022/10/19 19:00,131.479616,47.04986717,5212922.251,460458.5529,7.44504,355.1,TRUE,5.3,400,300
14633,2022/10/19 19:00,131.4796073,47.0499375,5212930.074,460457.9438,6.945,356.2,TRUE,5.3,400,300
14634,2022/10/19 19:00,131.479586,47.050007,5212937.812,460456.3767,6.55608,352.1,TRUE,5.3,400,300
14635,2022/10/19 19:00,131.4795617,47.05008533,5212946.532,460454.5881,6.7598,352.7,TRUE,5.3,400,300
14636,2022/10/19 19:00,131.4795425,47.0501605,5212954.898,460453.1848,7.44504,353.4,TRUE,5.3,400,300
14637,2022/10/19 19:00,131.479513,47.05023967,5212963.715,460451.0018,7.20428,352.1,TRUE,5.3,400,300
14638,2022/10/19 19:00,131.4794913,47.0503095,5212971.489,460449.4045,7.51912,357.2,TRUE,5.3,400,300
14639,2022/10/19 19:00,131.4794657,47.05038333,5212979.71,460447.5139,6.945,350.8,TRUE,5.3,400,300
14640,2022/10/19 19:00,131.4794477,47.05045517,5212987.705,460446.1993,6.35236,354.8,TRUE,5.3,400,300
14641,2022/10/19 19:00,131.4794362,47.05052,5212994.918,460445.3734,6.40792,354.6,TRUE,5.3,400,300
14642,2022/10/19 19:00,131.4794185,47.0505885,5213002.542,460444.0791,6.53756,354.4,TRUE,5.3,397,300
14643,2022/10/19 19:01,131.4793875,47.050665,5213011.063,460441.7802,6.16716,352,TRUE,5.3,400,300
14644,2022/10/19 19:01,131.4793665,47.05073217,5213018.541,460440.2342,6.945,357.8,TRUE,5.3,400,300
14645,2022/10/19 19:01,131.4793573,47.05080333,5213026.456,460439.5878,6.33384,351.4,TRUE,5.3,400,300
14646,2022/10/19 19:01,131.4793422,47.05086783,5213033.635,460438.4881,6.90796,351.2,TRUE,5.3,400,300
14647,2022/10/19 19:01,131.479321,47.050941,5213041.78,460436.9314,6.59312,356,TRUE,5.3,400,300
14648,2022/10/19 19:01,131.4793107,47.0510115,5213049.623,460436.2009,7.0376,352.9,TRUE,5.3,400,300
14649,2022/10/19 19:01,131.4792883,47.05109083,5213058.453,460434.5575,6.87092,353.6,TRUE,5.3,400,300
14650,2022/10/19 19:01,131.479267,47.05115467,5213065.561,460432.9863,6.09308,352.8,TRUE,5.3,400,300
14651,2022/10/19 19:01,131.4792578,47.05120817,5213071.513,460432.3268,5.90788,353.8,TRUE,5.3,400,300
14652,2022/10/19 19:01,131.4792302,47.05127833,5213079.327,460430.2816,6.74128,350.1,TRUE,5.3,400,300
14653,2022/10/19 19:01,131.4792097,47.05135533,5213087.898,460428.7809,7.463561,355.5,TRUE,5.3,400,300
14654,2022/10/19 19:01,131.4791828,47.0514235,5213095.49,460426.7874,6.74128,355,TRUE,5.3,374,300
14655,2022/10/19 19:01,131.4791653,47.05150033,5213104.04,460425.5145,6.5746,353.6,TRUE,5.3,400,300
14656,2022/10/19 19:01,131.4791593,47.05156367,5213111.085,460425.1055,6.40792,355.9,TRUE,5.3,394,300
14657,2022/10/19 19:01,131.4791553,47.05162733,5213118.164,460424.8486,6.09308,351.1,TRUE,5.3,400,300
14658,2022/10/19 19:02,131.4791307,47.05169667,5213125.885,460423.0308,6.6672,353.4,TRUE,5.3,400,300
14659,2022/10/19 19:02,131.479128,47.05175983,5213132.908,460422.8723,6.22272,353.7,TRUE,5.3,400,300
14660,2022/10/19 19:02,131.4791075,47.0518255,5213140.219,460421.3633,7.6858,355,TRUE,5.3,400,300
14661,2022/10/19 19:02,131.4790867,47.05190617,5213149.198,460419.8425,7.51912,354.7,TRUE,5.3,400,300
14662,2022/10/19 19:02,131.4790445,47.05198867,5213158.391,460416.6971,7.463561,355.1,TRUE,5.3,400,300
14663,2022/10/19 19:02,131.4790177,47.05206717,5213167.131,460414.7189,6.70424,352.1,TRUE,5.3,400,300
14664,2022/10/19 19:02,131.4789972,47.052139,5213175.127,460413.2144,6.8524,355.1,TRUE,5.3,400,300
14665,2022/10/19 19:02,131.478976,47.052216,5213183.698,460411.6606,7.42652,355.1,TRUE,5.3,390,300
14666,2022/10/19 19:02,131.4789555,47.05228467,5213191.342,460410.1538,7.53764,356.6,TRUE,5.3,394,300
14667,2022/10/19 19:02,131.4789325,47.05235817,5213199.525,460408.4606,7.14872,352.8,TRUE,5.3,400,300
14668,2022/10/19 19:02,131.4789152,47.0524285,5213207.353,460407.1982,7.05612,352.7,TRUE,5.3,400,300
14669,2022/10/19 19:02,131.4789008,47.0525045,5213215.809,460406.1603,6.68572,354.8,TRUE,5.3,400,300
14670,2022/10/19 19:02,131.4788878,47.0525715,5213223.264,460405.2221,5.05596,346.3,TRUE,5.3,400,300
14671,2022/10/19 19:02,131.4788663,47.05263733,5213230.593,460403.6373,6.8524,354.1,TRUE,5.3,400,300
14672,2022/10/19 19:02,131.4788463,47.0527145,5213239.182,460402.1748,7.00056,359,TRUE,5.3,400,300
14673,2022/10/19 19:03,131.478835,47.05277967,5213246.433,460401.3644,7.1302,358.1,TRUE,5.3,400,300
14674,2022/10/19 19:03,131.4788112,47.05285267,5213254.561,460399.6101,7.408,353.7,TRUE,5.3,400,300
14675,2022/10/19 19:03,131.4787777,47.05292033,5213262.1,460397.1148,5.70416,357.3,TRUE,5.3,400,300
14676,2022/10/19 19:03,131.4787623,47.05298733,5213269.556,460395.9943,6.77832,350,TRUE,5.3,400,300
14677,2022/10/19 19:03,131.4787423,47.05306283,5213277.959,460394.5306,7.5932,355.2,TRUE,5.3,400,300
14678,2022/10/19 19:03,131.4787178,47.053134,5213285.884,460392.7218,6.87092,355.1,TRUE,5.3,400,300
14679,2022/10/19 19:03,131.4787163,47.05320367,5213293.63,460392.6594,6.61164,355.8,TRUE,5.3,400,300
14680,2022/10/19 19:03,131.4786948,47.05327217,5213301.256,460391.0766,6.72276,356.4,TRUE,5.3,400,300
14681,2022/10/19 19:03,131.478675,47.05333483,5213308.232,460389.6185,6.42644,353,TRUE,5.3,400,300
14682,2022/10/19 19:03,131.4786655,47.05340417,5213315.946,460388.9481,6.945,354.3,TRUE,5.3,400,300
14683,2022/10/19 19:03,131.4786528,47.05347183,5213323.474,460388.0332,6.482,357.2,TRUE,5.3,400,300
14684,2022/10/19 19:03,131.4786327,47.053543,5213331.396,460386.5587,5.53748,353.1,TRUE,5.3,400,300
14685,2022/10/19 19:03,131.4785973,47.053617,5213339.641,460383.9239,7.51912,355.1,TRUE,5.3,400,300
14686,2022/10/19 19:03,131.478576,47.05369117,5213347.897,460382.3604,6.40792,356.2,TRUE,5.3,400,300
14687,2022/10/19 19:03,131.478549,47.0537535,5213354.84,460380.3551,6.31532,352.8,TRUE,5.3,400,300
14688,2022/10/19 19:04,131.478529,47.0538105,5213361.187,460378.8778,6.03752,0.6,TRUE,5.3,371,300
14689,2022/10/19 19:04,131.4785188,47.05387733,5213368.622,460378.1523,6.09308,354.5,TRUE,5.3,400,300
14690,2022/10/19 19:04,131.4785077,47.05393167,5213374.669,460377.3492,6.1116,355.6,TRUE,5.3,400,300
14691,2022/10/19 19:04,131.4784878,47.05399167,5213381.349,460375.8816,6.16716,355.2,TRUE,5.3,400,300
14692,2022/10/19 19:04,131.4784642,47.054059,5213388.846,460374.1384,5.57452,347.1,TRUE,5.3,400,300
14693,2022/10/19 19:04,131.4784568,47.054113,5213394.853,460373.6161,4.20404,358.4,TRUE,5.3,400,300
14694,2022/10/19 19:04,131.4784405,47.05416667,5213400.828,460372.4174,6.13012,353,TRUE,5.3,270,300
14695,2022/10/19 19:04,131.4784682,47.05421217,5213405.872,460374.5558,6.18568,42.9,FALSE,5.3,0,300
14696,2022/10/19 19:04,131.4785222,47.05425233,5213410.309,460378.6884,4.50036,80,FALSE,5.3,0,300
14697,2022/10/19 19:04,131.478543,47.054241,5213409.039,460380.2603,4.87076,136.6,FALSE,5.3,0,300
14698,2022/10/19 19:04,131.4785525,47.0542265,5213407.423,460380.9714,0,171.6,FALSE,5.3,0,300
14699,2022/10/19 19:04,131.4785563,47.05421917,5213406.606,460381.2547,3.48176,172.6,FALSE,5.3,0,300
14700,2022/10/19 19:04,131.478557,47.054204,5213404.919,460381.2966,0,0,FALSE,5.3,0,300
14701,2022/10/19 19:04,131.4785753,47.05418233,5213402.501,460382.671,5.42636,173,TRUE,5.3,387,300
14702,2022/10/19 19:04,131.4785908,47.05413983,5213397.768,460383.8172,5.70416,179.1,TRUE,5.3,400,300
14703,2022/10/19 19:05,131.4785967,47.05407667,5213390.743,460384.2187,6.70424,174.9,TRUE,5.3,397,300
14704,2022/10/19 19:05,131.4785868,47.05401,5213383.337,460383.4171,4.09292,179,TRUE,5.3,400,300
14705,2022/10/19 19:05,131.4785988,47.05397867,5213379.847,460384.3057,2.85208,183.2,TRUE,5.3,396,300
14706,2022/10/19 19:05,131.4786197,47.05394633,5213376.242,460385.8697,4.31516,171,TRUE,5.3,385,300
14707,2022/10/19 19:05,131.4786398,47.053891,5213370.08,460387.3559,4.70408,176.6,TRUE,5.3,400,300
14708,2022/10/19 19:05,131.4786602,47.05380083,5213360.046,460388.8391,5.0004,183.5,TRUE,5.3,400,300
14709,2022/10/19 19:05,131.47867,47.05374567,5213353.908,460389.5429,5.3708,184.4,TRUE,5.3,400,300
14710,2022/10/19 19:05,131.4786865,47.05369383,5213348.137,460390.7581,5.57452,176.9,TRUE,5.3,400,300
14711,2022/10/19 19:05,131.4787,47.05363217,5213341.275,460391.7382,6.72276,176.4,TRUE,5.3,400,300
14712,2022/10/19 19:05,131.4787282,47.05358017,5213335.48,460393.8423,6.2042,173.8,TRUE,5.3,400,300
14713,2022/10/19 19:05,131.4787527,47.05352117,5213328.909,460395.6601,6.55608,172.3,TRUE,5.3,389,300
14714,2022/10/19 19:05,131.4787743,47.05345117,5213321.116,460397.2495,7.09316,175.7,TRUE,5.3,400,300
14715,2022/10/19 19:05,131.4787805,47.05337883,5213313.07,460397.667,7.852479,176.1,TRUE,5.3,393,300
14716,2022/10/19 19:05,131.4787935,47.05331017,5213305.431,460398.6039,6.79684,177,TRUE,5.3,400,300
14717,2022/10/19 19:06,131.4788218,47.053243,5213297.949,460400.7044,6.2968,176.4,TRUE,5.3,398,300
14718,2022/10/19 19:06,131.4788427,47.053173,5213290.156,460402.2406,7.408,168.8,TRUE,5.3,400,300
14719,2022/10/19 19:06,131.4788665,47.05310117,5213282.159,460403.9958,6.945,174.4,TRUE,5.3,400,300
14720,2022/10/19 19:06,131.4788823,47.0530285,5213274.072,460405.1425,7.408,174.9,TRUE,5.3,400,300
14721,2022/10/19 19:06,131.4788992,47.05296033,5213266.485,460406.3761,6.7598,171.8,TRUE,5.3,373,300
14722,2022/10/19 19:06,131.4789202,47.05288717,5213258.341,460407.9175,6.98204,172.6,TRUE,5.3,400,300
14723,2022/10/19 19:06,131.478942,47.05281867,5213250.715,460409.5232,7.64876,175.5,TRUE,5.3,400,300
14724,2022/10/19 19:06,131.4789578,47.05274967,5213243.036,460410.6727,7.27836,167.2,TRUE,5.3,400,300
14725,2022/10/19 19:06,131.4789805,47.05267767,5213235.02,460412.3441,7.05612,174.7,TRUE,5.3,400,300
14726,2022/10/19 19:06,131.4790077,47.05260517,5213226.946,460414.3572,7.35244,170.8,TRUE,5.3,400,300
14727,2022/10/19 19:06,131.4790223,47.05253483,5213219.119,460415.4145,8.2414,178,TRUE,5.3,400,300
14728,2022/10/19 19:06,131.4790463,47.05245917,5213210.696,460417.182,8.2414,171.8,TRUE,5.3,400,300
14729,2022/10/19 19:06,131.4790668,47.05238533,5213202.477,460418.685,7.29688,174.6,TRUE,5.3,400,300
14730,2022/10/19 19:06,131.4790937,47.05231083,5213194.181,460420.6738,7.18576,168.4,TRUE,5.3,400,300
14731,2022/10/19 19:06,131.4791133,47.05223533,5213185.777,460422.1072,7.2228,172.5,TRUE,5.3,400,300
14732,2022/10/19 19:07,131.4791097,47.0521595,5213177.349,460421.7775,7.74136,173.5,TRUE,5.3,400,300
14733,2022/10/19 19:07,131.4791188,47.05209067,5213169.693,460422.4181,6.98204,170.1,TRUE,5.3,400,300
14734,2022/10/19 19:07,131.479136,47.05201683,5213161.475,460423.6703,7.24132,170.1,TRUE,5.3,400,300
14735,2022/10/19 19:07,131.479153,47.051944,5213153.37,460424.9081,7.18576,176,TRUE,5.3,400,300
14736,2022/10/19 19:07,131.4791783,47.05187517,5213145.705,460426.7796,7.55616,177.1,TRUE,5.3,400,300
14737,2022/10/19 19:07,131.479198,47.05179933,5213137.264,460428.2203,7.27836,171.5,TRUE,5.3,400,300
14738,2022/10/19 19:07,131.4792262,47.05173117,5213129.672,460430.3126,7.33392,170.3,TRUE,5.3,400,300
14739,2022/10/19 19:07,131.479252,47.05165683,5213121.395,460432.218,8.037681,174.2,TRUE,5.3,400,300
14740,2022/10/19 19:07,131.4792877,47.05158567,5213113.466,460434.8779,7.05612,175.7,TRUE,5.3,400,300
14741,2022/10/19 19:07,131.4793023,47.05151317,5213105.398,460435.9336,6.96352,176.1,TRUE,5.3,400,300
14742,2022/10/19 19:07,131.479319,47.0514405,5213097.311,460437.1488,7.0376,168.5,TRUE,5.3,400,300
14743,2022/10/19 19:07,131.4793452,47.05136317,5213088.701,460439.0824,6.83388,173.2,TRUE,5.3,400,300
14744,2022/10/19 19:07,131.4793602,47.05129067,5213080.633,460440.1685,6.55608,174.8,TRUE,5.3,400,300
14745,2022/10/19 19:07,131.4793747,47.05123233,5213074.14,460441.2271,8.037681,179.7,TRUE,5.3,400,300
14746,2022/10/19 19:07,131.4793975,47.05116567,5213066.718,460442.9102,7.75988,172.3,TRUE,5.3,400,300
14747,2022/10/19 19:08,131.4794202,47.05109667,5213059.036,460444.584,7.0376,172.6,TRUE,5.3,400,300
14748,2022/10/19 19:08,131.4794277,47.05102183,5213050.712,460445.0986,7.463561,176.5,TRUE,5.3,400,300
14749,2022/10/19 19:08,131.4794383,47.05094433,5213042.091,460445.8467,7.09316,172.8,TRUE,5.3,400,300
14750,2022/10/19 19:08,131.4794567,47.050866,5213033.373,460447.1869,7.25984,178.5,TRUE,5.3,400,300
14751,2022/10/19 19:08,131.479484,47.050787,5213024.577,460449.2028,7.14872,176.9,TRUE,5.3,400,300
14752,2022/10/19 19:08,131.4795095,47.05072017,5213017.134,460451.091,6.98204,174.7,TRUE,5.3,400,300
14753,2022/10/19 19:08,131.479508,47.05064517,5213008.797,460450.9216,6.72276,172.9,TRUE,5.3,400,300
14754,2022/10/19 19:08,131.4795308,47.0505785,5213001.374,460452.6048,7.3154,175.4,TRUE,5.3,400,300
14755,2022/10/19 19:08,131.4795517,47.05050133,5212992.784,460454.1358,6.96352,175.5,TRUE,5.3,400,300
14756,2022/10/19 19:08,131.479593,47.05042433,5212984.203,460457.217,7.33392,173.6,TRUE,5.3,400,300
14757,2022/10/19 19:08,131.4796283,47.0503545,5212976.422,460459.8476,8.537721,176.6,TRUE,5.3,400,300
14758,2022/10/19 19:08,131.4796497,47.05028267,5212968.426,460461.4206,6.7598,176.8,TRUE,5.3,400,300
14759,2022/10/19 19:08,131.479672,47.05020317,5212959.577,460463.0563,7.74136,174.2,TRUE,5.3,400,300
14760,2022/10/19 19:08,131.4796793,47.05013133,5212951.586,460463.5579,7.55616,178.4,TRUE,5.3,400,300
14761,2022/10/19 19:08,131.4796927,47.050061,5212943.761,460464.5241,7.14872,176.8,TRUE,5.3,400,300
14762,2022/10/19 19:09,131.4797118,47.0499835,5212935.136,460465.9182,7.16724,172.7,TRUE,5.3,400,300
14763,2022/10/19 19:09,131.4797263,47.04991117,5212927.087,460466.9665,6.83388,173.1,TRUE,5.3,400,300
14764,2022/10/19 19:09,131.4797297,47.049838,5212918.951,460467.1708,6.90796,177.2,TRUE,5.3,397,300
14765,2022/10/19 19:09,131.4797507,47.0497645,5212910.769,460468.7122,7.48208,170.6,TRUE,5.3,400,300
14766,2022/10/19 19:09,131.4797785,47.04969317,5212902.825,460470.7719,6.945,173.3,TRUE,5.3,400,300
14767,2022/10/19 19:09,131.4797958,47.049623,5212895.016,460472.0346,7.0376,176.3,TRUE,5.3,400,300
14768,2022/10/19 19:09,131.479818,47.049552,5212887.111,460473.669,7.63024,171.1,TRUE,5.3,400,300
14769,2022/10/19 19:09,131.4798438,47.04947817,5212878.891,460475.5749,7.5006,175.8,TRUE,5.3,400,300
14770,2022/10/19 19:09,131.479869,47.04939883,5212870.058,460477.4311,7.24132,175,TRUE,5.3,400,300
14771,2022/10/19 19:09,131.4798788,47.04932717,5212862.086,460478.1228,7.05612,169.8,TRUE,5.3,400,300
14772,2022/10/19 19:09,131.4798997,47.0492575,5212854.33,460479.6595,7.94508,176.1,TRUE,5.3,400,300
14773,2022/10/19 19:09,131.4799158,47.04918317,5212846.059,460480.8279,7.35244,170.9,TRUE,5.3,398,300
14774,2022/10/19 19:09,131.4799397,47.049114,5212838.357,460482.5929,7.27836,181.9,TRUE,5.3,400,300
14775,2022/10/19 19:09,131.4799655,47.04904133,5212830.265,460484.4997,7.16724,178.1,TRUE,5.3,400,300
14776,2022/10/19 19:09,131.4799872,47.0489705,5212822.38,460486.0963,6.87092,170.5,TRUE,5.3,400,300
14777,2022/10/19 19:10,131.4800102,47.04890167,5212814.716,460487.7931,7.25984,173.2,TRUE,5.3,400,300
14778,2022/10/19 19:10,131.4800252,47.04882917,5212806.649,460488.8794,7.408,172.4,TRUE,5.3,374,300
14779,2022/10/19 19:10,131.480046,47.04877017,5212800.079,460490.4163,5.63008,171.1,TRUE,5.3,400,300
14780,2022/10/19 19:10,131.480059,47.048704,5212792.716,460491.3553,6.7598,175.6,TRUE,5.3,400,300
14781,2022/10/19 19:10,131.4800818,47.04863633,5212785.182,460493.0378,6.61164,169.5,TRUE,5.3,400,300
14782,2022/10/19 19:10,131.480091,47.0485675,5212777.525,460493.6861,6.77832,170.9,TRUE,5.3,400,300
14783,2022/10/19 19:10,131.4801075,47.04849617,5212769.587,460494.8872,6.72276,173.8,TRUE,5.3,400,300
14784,2022/10/19 19:10,131.4801357,47.04842383,5212761.531,460496.9766,7.16724,171.7,TRUE,5.3,400,300
14785,2022/10/19 19:10,131.4801468,47.048354,5212753.762,460497.7685,7.408,171.5,TRUE,5.3,400,300
14786,2022/10/19 19:10,131.480165,47.04827817,5212745.323,460499.0955,6.83388,172.1,TRUE,5.3,400,300
14787,2022/10/19 19:10,131.4801883,47.04820733,5212737.436,460500.8137,7.14872,171.7,TRUE,5.3,400,300
14788,2022/10/19 19:10,131.480206,47.04813117,5212728.96,460502.1024,7.3154,172.6,TRUE,5.3,400,300
14789,2022/10/19 19:10,131.4802265,47.04805417,5212720.389,460503.6033,7.00056,171.2,TRUE,5.3,400,300
14790,2022/10/19 19:10,131.4802432,47.0479795,5212712.08,460504.8172,7.83396,173.7,TRUE,5.3,400,300
14791,2022/10/19 19:10,131.4802632,47.047905,5212703.787,460506.282,7.38948,168.5,TRUE,5.3,400,300
14792,2022/10/19 19:11,131.4802923,47.0478085,5212693.045,460508.422,7.2228,170.8,TRUE,5.3,400,300
14793,2022/10/19 19:11,131.4803172,47.04773783,5212685.176,460510.2619,6.83388,171.9,TRUE,5.3,400,300
14794,2022/10/19 19:11,131.4803407,47.047668,5212677.401,460511.9961,6.8524,173.6,TRUE,5.3,400,300
14795,2022/10/19 19:11,131.4803482,47.04760433,5212670.318,460512.5191,7.18576,170.4,TRUE,5.3,400,300
14796,2022/10/19 19:11,131.4803565,47.04753533,5212662.643,460513.0988,7.1302,174.8,TRUE,5.3,400,300
14797,2022/10/19 19:11,131.480377,47.04745967,5212654.222,460514.6008,6.88944,171.1,TRUE,5.3,400,300
14798,2022/10/19 19:11,131.4804037,47.04738667,5212646.093,460516.5758,5.9264,175.8,TRUE,5.3,400,300
14799,2022/10/19 19:11,131.4804193,47.04731533,5212638.154,460517.7086,6.68572,169.8,TRUE,5.3,400,300
14800,2022/10/19 19:11,131.4804312,47.04724317,5212630.126,460518.5596,7.852479,173.8,TRUE,5.3,400,300
14801,2022/10/19 19:11,131.4804563,47.047165,5212621.423,460520.4092,7.51912,170.9,TRUE,5.3,400,300
14802,2022/10/19 19:11,131.4804765,47.047097,5212613.853,460521.894,7.01908,172.1,TRUE,5.3,400,300
14803,2022/10/19 19:11,131.4804998,47.0470225,5212605.559,460523.6096,6.96352,168.6,TRUE,5.3,400,300
14804,2022/10/19 19:11,131.4805157,47.04695333,5212597.861,460524.7668,6.6672,171.2,TRUE,5.3,400,300
14805,2022/10/19 19:11,131.480538,47.046879,5212589.587,460526.4065,6.25976,178,TRUE,5.3,400,300
14806,2022/10/19 19:12,131.480554,47.046807,5212581.574,460527.5692,6.68572,174.2,TRUE,5.3,400,300
14807,2022/10/19 19:12,131.4805683,47.04673633,5212573.711,460528.6037,6.92648,175.3,TRUE,5.3,400,300
14808,2022/10/19 19:12,131.4805672,47.04667217,5212566.578,460528.4728,6.87092,175.9,TRUE,5.3,400,300
14809,2022/10/19 19:12,131.480596,47.0466045,5212559.041,460530.6114,6.51904,169.5,TRUE,5.3,400,300
14810,2022/10/19 19:12,131.4806202,47.0465345,5212551.247,460532.3987,5.75972,172,TRUE,5.3,400,300
14811,2022/10/19 19:12,131.4806428,47.046458,5212542.731,460534.0597,4.3522,176.1,TRUE,5.3,361,300
14812,2022/10/19 19:12,131.4806572,47.04640983,5212537.368,460535.1184,5.1856,172.4,TRUE,5.3,400,300
14813,2022/10/19 19:12,131.4806397,47.0463615,5212532.004,460533.7529,4.59296,234,FALSE,5.3,0,300
14814,2022/10/19 19:12,131.480599,47.04634317,5212529.987,460530.6466,4.85224,302.9,FALSE,5.3,0,300
14815,2022/10/19 19:12,131.480587,47.0463735,5212533.365,460529.7571,6.5746,356.6,FALSE,5.3,0,300
14816,2022/10/19 19:12,131.4806242,47.04641183,5212537.607,460532.6122,6.2968,9.2,TRUE,5.3,362,300
14817,2022/10/19 19:12,131.4806045,47.04645817,5212542.769,460531.1494,5.53748,341.8,TRUE,5.3,363,300
14818,2022/10/19 19:12,131.4805682,47.04650233,5212547.697,460528.4235,4.94484,356,TRUE,5.3,400,300
14819,2022/10/19 19:12,131.4805368,47.04654417,5212552.364,460526.0683,5.11152,358.9,TRUE,5.3,400,300
14820,2022/10/19 19:12,131.4805143,47.04660483,5212559.119,460524.4033,5.90788,352,TRUE,5.3,400,300
14821,2022/10/19 19:13,131.4804972,47.04667433,5212566.854,460523.1552,6.92648,355.1,TRUE,5.3,400,300
14822,2022/10/19 19:13,131.480477,47.04674983,5212575.258,460521.6759,6.63016,355.5,TRUE,5.3,400,300
14823,2022/10/19 19:13,131.4804675,47.046834,5212584.62,460521.0161,6.98204,355.4,TRUE,5.3,400,300
14824,2022/10/19 19:13,131.4804413,47.04690983,5212593.063,460519.0811,7.27836,354.7,TRUE,5.3,400,300
14825,2022/10/19 19:13,131.4804195,47.04698817,5212601.783,460517.4823,7.20428,354.6,TRUE,5.3,400,300
14826,2022/10/19 19:13,131.4803995,47.047061,5212609.89,460516.0163,7.05612,349.7,TRUE,5.3,394,300
14827,2022/10/19 19:13,131.4803615,47.04713133,5212617.728,460513.1806,6.33384,352,TRUE,5.3,395,300
14828,2022/10/19 19:13,131.4803473,47.0472055,5212625.98,460512.1563,6.64868,353,TRUE,5.3,400,300
14829,2022/10/19 19:13,131.4803353,47.04727817,5212634.065,460511.2981,6.87092,358.2,TRUE,5.3,400,300
14830,2022/10/19 19:13,131.4803227,47.04735333,5212642.427,460510.3961,6.70424,358.4,TRUE,5.3,400,300
14831,2022/10/19 19:13,131.4803122,47.04742517,5212650.419,460509.6512,5.90788,350.1,TRUE,5.3,400,300
14832,2022/10/19 19:13,131.4802958,47.047494,5212658.079,460508.4558,6.18568,350.7,TRUE,5.3,400,300
14833,2022/10/19 19:13,131.4802802,47.04756,5212665.425,460507.3191,5.88936,351.7,TRUE,5.3,400,300
14834,2022/10/19 19:13,131.4802525,47.04763217,5212673.462,460505.2675,6.64868,356.1,TRUE,5.3,400,300
14835,2022/10/19 19:13,131.480237,47.047711,5212682.233,460504.1479,7.48208,354.3,TRUE,5.3,374,300
14836,2022/10/19 19:14,131.4802073,47.047789,5212690.92,460501.9486,5.90788,354.4,TRUE,5.3,400,300
14837,2022/10/19 19:14,131.4801883,47.04786067,5212698.897,460500.5578,6.87092,356.5,TRUE,5.3,400,300
14838,2022/10/19 19:14,131.4801663,47.04794517,5212708.302,460498.9484,7.44504,358.8,TRUE,5.3,400,300
14839,2022/10/19 19:14,131.4801492,47.04801933,5212716.555,460497.7038,6.72276,354.6,TRUE,5.3,400,300
14840,2022/10/19 19:14,131.4801307,47.04808683,5212724.068,460496.3479,7.55616,353.6,TRUE,5.3,400,300
14841,2022/10/19 19:14,131.4801167,47.04815717,5212731.895,460495.336,7.42652,348.2,TRUE,5.3,400,300
14842,2022/10/19 19:14,131.4800993,47.04822733,5212739.704,460494.0656,7.16724,352.2,TRUE,5.3,400,300
14843,2022/10/19 19:14,131.4800733,47.0483025,5212748.074,460492.1454,6.31532,354.6,TRUE,5.3,400,300
14844,2022/10/19 19:14,131.4800638,47.0483745,5212756.083,460491.4767,6.945,356.7,TRUE,5.3,400,300
14845,2022/10/19 19:14,131.4800467,47.04844217,5212763.615,460490.2273,5.96344,351,TRUE,5.3,400,300
14846,2022/10/19 19:14,131.4800322,47.048511,5212771.274,460489.1763,8.185841,354.3,TRUE,5.3,400,300
14847,2022/10/19 19:14,131.480004,47.0485855,5212779.57,460487.0885,6.72276,353.1,TRUE,5.3,400,300
14848,2022/10/19 19:14,131.4799862,47.04866267,5212788.158,460485.7929,6.8524,350.8,TRUE,5.3,400,300
14849,2022/10/19 19:14,131.479973,47.04873567,5212796.281,460484.8438,6.79684,353.4,TRUE,5.3,400,300
14850,2022/10/19 19:14,131.4799495,47.0488095,5212804.5,460483.1127,7.14872,353.2,TRUE,5.3,400,300
14851,2022/10/19 19:15,131.4799262,47.04888267,5212812.646,460481.3962,7.3154,350.4,TRUE,5.3,400,300
14852,2022/10/19 19:15,131.4799075,47.04895617,5212820.827,460480.0296,6.79684,354.2,TRUE,5.3,400,300
14853,2022/10/19 19:15,131.4798932,47.04902733,5212828.745,460478.9955,6.2042,347.6,TRUE,5.3,400,300
14854,2022/10/19 19:15,131.4798712,47.04909883,5212836.705,460477.3767,7.48208,354.8,TRUE,5.3,400,300
14855,2022/10/19 19:15,131.4798545,47.04917117,5212844.756,460476.1611,6.72276,348,TRUE,5.3,400,300
14856,2022/10/19 19:15,131.4798317,47.04924317,5212852.771,460474.4818,7.14872,354,TRUE,5.3,400,300
14857,2022/10/19 19:15,131.4798035,47.049316,5212860.882,460472.3928,7.01908,353.2,TRUE,5.3,397,300
14858,2022/10/19 19:15,131.4797928,47.04939233,5212869.373,460471.6362,7.778399,358.5,TRUE,5.3,400,300
14859,2022/10/19 19:15,131.4797708,47.04946633,5212877.611,460470.0192,7.29688,355.5,TRUE,5.3,400,300
14860,2022/10/19 19:15,131.4797527,47.0495365,5212885.421,460468.6957,6.07456,356.2,TRUE,5.3,400,300
14861,2022/10/19 19:15,131.479731,47.04960883,5212893.473,460467.1002,6.6672,353.4,TRUE,5.3,400,300
14862,2022/10/19 19:15,131.479701,47.04967867,5212901.253,460464.8723,6.44496,357.9,TRUE,5.3,395,300
14863,2022/10/19 19:15,131.4796875,47.0497455,5212908.689,460463.8959,6.98204,354.7,TRUE,5.3,377,300
14864,2022/10/19 19:15,131.4796655,47.04981617,5212916.557,460462.2764,6.83388,357.5,TRUE,5.3,400,300
14865,2022/10/19 19:15,131.4796563,47.04988267,5212923.954,460461.6265,5.94492,353.9,TRUE,5.3,400,300
14866,2022/10/19 19:16,131.479638,47.04995183,5212931.652,460460.2871,6.51904,355.3,TRUE,5.3,400,300
14867,2022/10/19 19:16,131.4796215,47.050019,5212939.128,460459.083,7.07464,355.6,TRUE,5.3,400,300
14868,2022/10/19 19:16,131.4796107,47.05009033,5212947.063,460458.3151,7.18576,354.2,TRUE,5.3,400,300
14869,2022/10/19 19:16,131.4795975,47.05016167,5212955.001,460457.3648,6.13012,357.2,TRUE,5.3,400,300
14870,2022/10/19 19:16,131.4795805,47.05023367,5212963.014,460456.1263,7.18576,355.6,TRUE,5.3,400,300
14871,2022/10/19 19:16,131.4795553,47.05030817,5212971.309,460454.2665,7.778399,354.6,TRUE,5.3,400,300
14872,2022/10/19 19:16,131.4795375,47.05038317,5212979.656,460452.9695,7.74136,351.4,TRUE,5.3,400,300
14873,2022/10/19 19:16,131.4795072,47.05045583,5212987.749,460450.7208,7.79692,356.9,TRUE,5.3,400,300
14874,2022/10/19 19:16,131.4794833,47.05053117,5212996.136,460448.9605,7.98212,354.8,TRUE,5.3,400,300
14875,2022/10/19 19:16,131.4794668,47.050605,5213004.352,460447.7614,6.90796,356,TRUE,5.3,400,300
14876,2022/10/19 19:16,131.479435,47.05067583,5213012.243,460445.3974,7.01908,349.2,TRUE,5.3,400,300
14877,2022/10/19 19:16,131.4794252,47.0507465,5213020.104,460444.7051,7.463561,359.7,TRUE,5.3,400,300
14878,2022/10/19 19:16,131.4794092,47.05081883,5213028.153,460443.5428,7.01908,350.8,TRUE,5.3,400,300
14879,2022/10/19 19:16,131.4793892,47.050892,5213036.298,460442.0772,6.51904,355.5,TRUE,5.3,400,300
14880,2022/10/19 19:16,131.4793735,47.05096467,5213044.385,460440.938,6.61164,351.2,TRUE,5.3,400,300
14881,2022/10/19 19:17,131.4793457,47.051037,5213052.44,460438.8792,6.92648,355.3,TRUE,5.3,400,300
14882,2022/10/19 19:17,131.479323,47.05111067,5213060.641,460437.2088,7.704319,351.7,TRUE,5.3,400,300
14883,2022/10/19 19:17,131.4792967,47.05117983,5213068.343,460435.2616,7.66728,354.7,TRUE,5.3,398,300
14884,2022/10/19 19:17,131.4792918,47.0512405,5213075.09,460434.9342,5.96344,356.3,TRUE,5.3,400,300
14885,2022/10/19 19:17,131.479292,47.05130483,5213082.242,460434.9969,8.315479,353,TRUE,5.3,400,300
14886,2022/10/19 19:17,131.479257,47.05137767,5213090.357,460432.3914,7.18576,356.2,TRUE,5.3,400,300
14887,2022/10/19 19:17,131.4792365,47.05145133,5213098.557,460430.8882,7.09316,355.1,TRUE,5.3,400,300
14888,2022/10/19 19:17,131.4792098,47.05152617,5213106.89,460428.9149,6.3894,353,TRUE,5.3,400,300
14889,2022/10/19 19:17,131.479202,47.0515985,5213114.935,460428.3757,6.53756,357.8,TRUE,5.3,400,300
14890,2022/10/19 19:17,131.4791965,47.05166483,5213122.312,460428.0068,6.72276,354.7,TRUE,5.3,400,300
14891,2022/10/19 19:17,131.4791785,47.05173533,5213130.159,460426.6913,7.66728,351.6,TRUE,5.3,400,300
14892,2022/10/19 19:17,131.4791445,47.05181133,5213138.625,460424.1641,7.72284,359.9,TRUE,5.3,400,300
14893,2022/10/19 19:17,131.479127,47.05188217,5213146.509,460422.8869,7.44504,355.6,TRUE,5.3,400,300
14894,2022/10/19 19:17,131.4791095,47.05195483,5213154.596,460421.6109,6.482,349,TRUE,5.3,400,300
14895,2022/10/19 19:17,131.4790925,47.05202433,5213162.331,460420.3706,6.5746,350.2,TRUE,5.3,400,300
14896,2022/10/19 19:18,131.4790728,47.05209333,5213170.011,460418.9249,5.72268,355.4,TRUE,5.3,400,300
14897,2022/10/19 19:18,131.479037,47.0521665,5213178.164,460416.2588,6.88944,354.1,TRUE,5.3,400,300
14898,2022/10/19 19:18,131.4790182,47.05223383,5213185.659,460414.8802,6.27828,351.4,TRUE,5.3,400,300
14899,2022/10/19 19:18,131.479002,47.05230233,5213193.282,460413.7,7.38948,355,TRUE,5.3,400,300
14900,2022/10/19 19:18,131.4789823,47.05237283,5213201.13,460412.2553,6.68572,348.7,TRUE,5.3,400,300
14901,2022/10/19 19:18,131.4789507,47.05244667,5213209.355,460409.909,6.98204,357.7,TRUE,5.3,400,300
14902,2022/10/19 19:18,131.4789293,47.052528,5213218.407,460408.3432,6.7598,353.2,TRUE,5.3,400,300
14903,2022/10/19 19:18,131.4789047,47.0525975,5213226.146,460406.5255,6.59312,357.1,TRUE,5.3,400,300
14904,2022/10/19 19:18,131.4788947,47.0526585,5213232.932,460405.8108,6.482,352.9,TRUE,5.3,400,300
14905,2022/10/19 19:18,131.4788728,47.05273367,5213241.3,460404.2024,6.5746,354.7,TRUE,5.3,400,300
14906,2022/10/19 19:18,131.478858,47.05280217,5213248.923,460403.1286,6.81536,350.6,TRUE,5.3,400,300
14907,2022/10/19 19:18,131.4788477,47.05287233,5213256.728,460402.398,7.0376,352.7,TRUE,5.3,400,300
14908,2022/10/19 19:18,131.4788412,47.05294633,5213264.958,460401.9589,7.38948,352.2,TRUE,5.3,393,300
14909,2022/10/19 19:18,131.4788212,47.05301683,5213272.806,460400.4914,6.88944,354.1,TRUE,5.3,400,300
14910,2022/10/19 19:18,131.4788022,47.05308833,5213280.764,460399.1007,7.37096,351.9,TRUE,5.3,400,300
14911,2022/10/19 19:19,131.4787678,47.0531685,5213289.694,460396.5464,6.945,352.3,TRUE,5.3,400,300
14912,2022/10/19 19:19,131.4787457,47.05324483,5213298.191,460394.9237,7.01908,356.6,TRUE,5.3,400,300
14913,2022/10/19 19:19,131.4787332,47.0533055,5213304.942,460394.0189,6.70424,354.1,TRUE,5.3,400,300
14914,2022/10/19 19:19,131.4787123,47.053382,5213313.457,460392.4875,6.27828,355.6,TRUE,5.3,400,300
14915,2022/10/19 19:19,131.478695,47.05344283,5213320.229,460391.2181,6.98204,352.7,TRUE,5.3,400,300
14916,2022/10/19 19:19,131.4786677,47.0535065,5213327.321,460389.191,5.4634,357.1,TRUE,5.3,376,300
14917,2022/10/19 19:19,131.4786572,47.05357867,5213335.349,460388.4467,7.57468,350.5,TRUE,5.3,257,300
14918,2022/10/19 19:19,131.4786488,47.05364917,5213343.191,460387.8606,7.408,353.8,TRUE,5.3,400,300
14919,2022/10/19 19:19,131.4786328,47.053718,5213350.851,460386.6959,6.37088,355.7,TRUE,5.3,400,300
14920,2022/10/19 19:19,131.4786037,47.05378483,5213358.295,460384.5344,6.2042,355,TRUE,5.3,400,300
14921,2022/10/19 19:19,131.4785817,47.05384917,5213365.459,460382.9105,5.51896,353.6,TRUE,5.3,400,300
14922,2022/10/19 19:19,131.4785718,47.05390967,5213372.19,460382.2031,5.87084,355.7,TRUE,5.3,400,300
14923,2022/10/19 19:19,131.4785567,47.0539635,5213378.182,460381.0957,6.3894,354.8,TRUE,5.3,400,300
14924,2022/10/19 19:19,131.4785253,47.05402433,5213384.961,460378.755,5.81528,355.3,TRUE,5.3,400,300
14925,2022/10/19 19:19,131.4785095,47.05408283,5213391.472,460377.5979,5.556,356.7,TRUE,5.3,400,300
14926,2022/10/19 19:20,131.4784945,47.05413433,5213397.205,460376.4963,3.6114,354.8,TRUE,5.3,400,300
14927,2022/10/19 19:20,131.478495,47.05419267,5213403.691,460376.5775,7.74136,350.5,TRUE,5.3,396,300
14928,2022/10/19 19:20,131.4785153,47.05425333,5213410.424,460378.1648,5.7412,47.6,TRUE,5.3,118,300
14929,2022/10/19 19:20,131.4785872,47.054273,5213412.574,460383.6423,5.31524,82.6,FALSE,5.3,0,300
14930,2022/10/19 19:20,131.4786335,47.054259,5213410.995,460387.1497,6.81536,144.6,TRUE,5.3,71,300
14931,2022/10/19 19:20,131.4786575,47.05421067,5213405.61,460388.9374,4.3522,174.1,TRUE,5.3,400,300
14932,2022/10/19 19:20,131.4786648,47.05417367,5213401.493,460389.4647,5.13004,167.4,TRUE,5.3,400,300
14933,2022/10/19 19:20,131.4786628,47.05412767,5213396.38,460389.2787,4.8152,178.2,TRUE,5.3,400,300
14934,2022/10/19 19:20,131.4786607,47.054081,5213391.192,460389.0845,6.03752,174.5,TRUE,5.3,400,300
14935,2022/10/19 19:20,131.4786683,47.0540095,5213383.24,460389.609,6.14864,179,TRUE,5.3,399,300
14936,2022/10/19 19:20,131.4786902,47.05394217,5213375.743,460391.2231,7.48208,171.4,TRUE,5.3,400,300
14937,2022/10/19 19:20,131.4787018,47.0538735,5213368.103,460392.0536,5.13004,177.8,TRUE,5.3,400,300
14938,2022/10/19 19:20,131.4787235,47.05381283,5213361.348,460393.6575,5.87084,165.8,TRUE,5.3,400,300
14939,2022/10/19 19:20,131.4787303,47.05376467,5213355.99,460394.1385,5.68564,170.5,TRUE,5.3,400,300
14940,2022/10/19 19:20,131.4787538,47.05370733,5213349.604,460395.8815,5.093,173,TRUE,5.3,400,300
14941,2022/10/19 19:21,131.4787802,47.05364167,5213342.291,460397.8388,6.019,176.2,TRUE,5.3,400,300
14942,2022/10/19 19:21,131.47881,47.05357883,5213335.29,460400.0565,6.40792,171.5,TRUE,5.3,400,300
14943,2022/10/19 19:21,131.4788142,47.05350583,5213327.172,460400.3216,6.27828,170.9,TRUE,5.3,400,300
14944,2022/10/19 19:21,131.4788305,47.053441,5213319.957,460401.512,5.03744,181.7,TRUE,5.3,400,300
14945,2022/10/19 19:21,131.478855,47.05337067,5213312.126,460403.3215,6.51904,170.7,TRUE,5.3,400,300
14946,2022/10/19 19:21,131.4788768,47.05330033,5213304.295,460404.9258,7.05612,171.2,TRUE,5.3,400,300
14947,2022/10/19 19:21,131.4788962,47.05323167,5213296.652,460406.349,6.2042,178.7,TRUE,5.3,400,300
14948,2022/10/19 19:21,131.4789077,47.05316183,5213288.882,460407.1711,6.50052,175.3,TRUE,5.3,400,300
14949,2022/10/19 19:21,131.4789287,47.05309117,5213281.016,460408.7144,6.70424,171.9,TRUE,5.3,400,300
14950,2022/10/19 19:21,131.4789365,47.05301183,5213272.191,460409.2483,6.3894,173,TRUE,5.3,400,300
14951,2022/10/19 19:21,131.4789613,47.05293117,5213263.212,460411.0729,7.07464,173,TRUE,5.3,385,300
14952,2022/10/19 19:21,131.4789778,47.052863,5213255.625,460412.2761,7.01908,170.4,TRUE,5.3,400,300
14953,2022/10/19 19:21,131.4789912,47.05279733,5213248.318,460413.2457,7.408,173.7,TRUE,5.3,400,300
14954,2022/10/19 19:21,131.4790053,47.05272483,5213240.25,460414.2634,6.6672,171.1,TRUE,5.3,400,300
14955,2022/10/19 19:21,131.479032,47.05264667,5213231.548,460416.2342,6.90796,171.4,TRUE,5.3,384,300
14956,2022/10/19 19:22,131.4790565,47.0525705,5213223.067,460418.0394,6.70424,168.3,TRUE,5.3,397,300
14957,2022/10/19 19:22,131.4790832,47.05249067,5213214.179,460420.009,7.6858,168.1,TRUE,5.3,400,300
14958,2022/10/19 19:22,131.4791142,47.05241267,5213205.492,460422.3068,7.18576,165.9,TRUE,5.3,400,300
14959,2022/10/19 19:22,131.479139,47.05234867,5213198.365,460424.1437,6.74128,169.5,TRUE,5.3,400,300
14960,2022/10/19 19:22,131.4791543,47.05227717,5213190.408,460425.2534,7.0376,170,TRUE,5.3,400,300
14961,2022/10/19 19:22,131.4791615,47.05220717,5213182.622,460425.7487,6.24124,170.1,TRUE,5.3,400,300
14962,2022/10/19 19:22,131.4791753,47.05212283,5213173.239,460426.7348,7.14872,166.9,TRUE,5.3,400,300
14963,2022/10/19 19:22,131.4791892,47.05204533,5213164.616,460427.7336,6.2968,172,TRUE,5.3,400,300
14964,2022/10/19 19:22,131.479222,47.05197233,5213156.484,460430.1718,7.3154,170.6,TRUE,5.3,400,300
14965,2022/10/19 19:22,131.4792312,47.05189833,5213148.253,460430.8161,7.6858,167.8,TRUE,5.3,400,300
14966,2022/10/19 19:22,131.4792623,47.05182133,5213139.677,460433.1222,7.463561,171.5,TRUE,5.3,400,300
14967,2022/10/19 19:22,131.4792908,47.05174817,5213131.529,460435.2336,7.44504,173.4,TRUE,5.3,400,300
14968,2022/10/19 19:22,131.479306,47.05167233,5213123.09,460436.3325,7.33392,174.6,TRUE,5.3,400,300
14969,2022/10/19 19:22,131.4793252,47.05159233,5213114.187,460437.7322,6.25976,177.9,TRUE,5.3,400,300
14970,2022/10/19 19:22,131.4793425,47.05151967,5213106.1,460438.9929,7.1302,168.1,TRUE,5.3,400,300
14971,2022/10/19 19:23,131.4793707,47.05145033,5213098.378,460441.0844,6.59312,164.3,TRUE,5.3,400,300
14972,2022/10/19 19:23,131.479388,47.051376,5213090.105,460442.3439,6.53756,169.7,TRUE,5.3,399,300
14973,2022/10/19 19:23,131.4794003,47.05129783,5213081.409,460443.2207,5.85232,177.3,TRUE,5.3,400,300
14974,2022/10/19 19:23,131.4794253,47.051227,5213073.522,460445.0679,7.24132,173.3,TRUE,5.3,400,300
14975,2022/10/19 19:23,131.4794448,47.05115583,5213065.6,460446.497,7.704319,164.9,TRUE,5.3,400,300
14976,2022/10/19 19:23,131.479464,47.05108183,5213057.364,460447.9011,7.74136,168,TRUE,5.3,400,300
14977,2022/10/19 19:23,131.4794857,47.05100767,5213049.108,460449.4951,8.037681,167.1,TRUE,5.3,398,300
14978,2022/10/19 19:23,131.4795095,47.05093383,5213040.887,460451.249,8.1488,173.3,TRUE,5.3,400,300
14979,2022/10/19 19:23,131.4795348,47.05085583,5213032.203,460453.1137,7.35244,167,TRUE,5.3,400,300
14980,2022/10/19 19:23,131.4795498,47.05078117,5213023.896,460454.1983,6.92648,172,TRUE,5.3,400,300
14981,2022/10/19 19:23,131.4795652,47.05070883,5213015.846,460455.3149,6.51904,171.5,TRUE,5.3,400,300
14982,2022/10/19 19:23,131.4795793,47.05063933,5213008.112,460456.3349,7.07464,170.8,TRUE,5.3,400,300
14983,2022/10/19 19:23,131.479609,47.050562,5212999.5,460458.5345,7.24132,168.5,TRUE,5.3,400,300
14984,2022/10/19 19:23,131.4796248,47.0504865,5212991.099,460459.6793,8.037681,170.3,TRUE,5.3,400,300
14985,2022/10/19 19:23,131.4796395,47.0504095,5212982.531,460460.7393,7.42652,174.2,TRUE,5.3,400,300
14986,2022/10/19 19:24,131.4796563,47.05033467,5212974.204,460461.9605,7.37096,167.4,TRUE,5.3,400,300
14987,2022/10/19 19:24,131.479683,47.05026117,5212966.019,460463.935,7.704319,174.3,TRUE,5.3,400,300
14988,2022/10/19 19:24,131.4797008,47.05018617,5212957.672,460465.2321,7.79692,170.9,TRUE,5.3,400,300
14989,2022/10/19 19:24,131.479712,47.05010617,5212948.773,460466.024,6.98204,169.6,TRUE,5.3,400,300
14990,2022/10/19 19:24,131.4797302,47.0500295,5212940.24,460467.3503,7.64876,174.2,TRUE,5.3,400,300
14991,2022/10/19 19:24,131.4797602,47.04995717,5212932.184,460469.5764,7.44504,172.2,TRUE,5.3,400,300
14992,2022/10/19 19:24,131.4797845,47.04988283,5212923.907,460471.3679,8.185841,173.5,TRUE,5.3,400,300
14993,2022/10/19 19:24,131.4798183,47.0498065,5212915.404,460473.8798,8.0562,173.7,TRUE,5.3,400,300
14994,2022/10/19 19:24,131.4798285,47.04972817,5212906.691,460474.597,7.35244,170.8,TRUE,5.3,400,300
14995,2022/10/19 19:24,131.4798458,47.04964983,5212897.973,460475.8537,7.01908,172.5,TRUE,5.3,400,300
14996,2022/10/19 19:24,131.4798653,47.049576,5212889.756,460477.2808,7.3154,169,TRUE,5.3,400,300
14997,2022/10/19 19:24,131.4798872,47.0495025,5212881.573,460478.8906,7.11168,172,TRUE,5.3,377,300
14998,2022/10/19 19:24,131.479916,47.04942717,5212873.184,460481.0234,7.66728,176.6,TRUE,5.3,400,300
14999,2022/10/19 19:24,131.4799288,47.049354,5212865.044,460481.9419,7.2228,178.2,TRUE,5.3,400,300
15000,2022/10/19 19:24,131.4799472,47.0492815,5212856.974,460483.2865,7.81544,171.8,TRUE,5.3,400,300
15001,2022/10/19 19:25,131.4799638,47.04919967,5212847.869,460484.4874,7.51912,175.9,TRUE,5.3,400,300
15002,2022/10/19 19:25,131.4799772,47.04911783,5212838.764,460485.4452,8.037681,174.8,TRUE,5.3,371,300
15003,2022/10/19 19:25,131.4800007,47.049051,5212831.322,460487.1815,6.79684,171.4,TRUE,5.3,399,300
15004,2022/10/19 19:25,131.4800267,47.04897233,5212822.563,460489.0991,7.64876,171.1,TRUE,5.3,400,300
15005,2022/10/19 19:25,131.480058,47.04889633,5212814.098,460491.4213,8.27844,174.6,TRUE,5.3,400,300
15006,2022/10/19 19:25,131.4800818,47.04882517,5212806.175,460493.1772,7.79692,172.1,TRUE,5.3,400,300
15007,2022/10/19 19:25,131.4801093,47.0487475,5212797.527,460495.2095,6.6672,169.6,TRUE,5.3,400,300
15008,2022/10/19 19:25,131.480131,47.04867583,5212789.548,460496.8055,7.16724,174,TRUE,5.3,400,300
15009,2022/10/19 19:25,131.4801595,47.0485995,5212781.048,460498.9148,7.48208,171.5,TRUE,5.3,400,300
15010,2022/10/19 19:25,131.480172,47.048523,5212772.537,460499.8081,7.48208,174.6,TRUE,5.3,400,300
15011,2022/10/19 19:25,131.4801857,47.04844467,5212763.822,460500.7913,7.463561,175,TRUE,5.3,400,300
15012,2022/10/19 19:25,131.480214,47.04837583,5212756.155,460502.891,7.24132,171.5,TRUE,5.3,400,300
15013,2022/10/19 19:25,131.4802332,47.04831017,5212748.846,460504.3014,6.945,174.9,TRUE,5.3,400,300
15014,2022/10/19 19:25,131.4802445,47.04823867,5212740.891,460505.1073,6.33384,170.3,TRUE,5.3,400,300
15015,2022/10/19 19:25,131.4802745,47.04817033,5212733.279,460507.3365,6.55608,173.5,TRUE,5.3,400,300
15016,2022/10/19 19:26,131.4802928,47.04810417,5212725.914,460508.6782,6.88944,173.5,TRUE,5.3,400,300
15017,2022/10/19 19:26,131.4803082,47.04802833,5212717.475,460509.7925,7.408,166.5,TRUE,5.3,400,300
15018,2022/10/19 19:26,131.480326,47.0479575,5212709.592,460511.0928,7.0376,168.2,TRUE,5.3,400,300
15019,2022/10/19 19:26,131.4803395,47.047881,5212701.081,460512.0621,7.66728,177.5,TRUE,5.3,400,300
15020,2022/10/19 19:26,131.4803487,47.047802,5212692.294,460512.7029,7.463561,181.4,TRUE,5.3,389,300
15021,2022/10/19 19:26,131.4803787,47.0477395,5212685.33,460514.9364,6.5746,176.4,TRUE,5.3,399,300
15022,2022/10/19 19:26,131.4804012,47.0476695,5212677.537,460516.5945,7.25984,167.8,TRUE,5.3,400,300
15023,2022/10/19 19:26,131.480417,47.04759883,5212669.672,460517.743,6.31532,169.7,TRUE,5.3,390,300
15024,2022/10/19 19:26,131.4804338,47.04751867,5212660.752,460518.9604,8.0562,170.3,TRUE,5.3,400,300
15025,2022/10/19 19:26,131.4804395,47.04744383,5212652.429,460519.3383,7.42652,177.7,TRUE,5.3,400,300
15026,2022/10/19 19:26,131.4804592,47.04736917,5212644.119,460520.7802,7.79692,176.9,TRUE,5.3,400,300
15027,2022/10/19 19:26,131.4804758,47.04729467,5212635.829,460521.9867,6.83388,170.9,TRUE,5.3,395,300
15028,2022/10/19 19:26,131.480496,47.0472215,5212627.684,460523.4677,6.09308,175.2,TRUE,5.3,372,300
15029,2022/10/19 19:26,131.4805213,47.0471525,5212620.001,460525.3393,7.07464,171.2,TRUE,5.3,400,300
15030,2022/10/19 19:26,131.4805442,47.0470755,5212611.429,460527.0226,7.74136,175.9,TRUE,5.3,400,300
15031,2022/10/19 19:27,131.4805673,47.04699717,5212602.709,460528.7202,7.704319,175.8,TRUE,5.3,400,300
15032,2022/10/19 19:27,131.4805912,47.04692667,5212594.86,460530.4843,6.83388,176.4,TRUE,5.3,381,300
15033,2022/10/19 19:27,131.4805907,47.04684783,5212586.095,460530.3882,7.51912,175.9,TRUE,5.3,395,300
15034,2022/10/19 19:27,131.4806132,47.046775,5212577.987,460532.0442,7.3154,166.4,TRUE,5.3,400,300
15035,2022/10/19 19:27,131.4806423,47.04670467,5212570.154,460534.2036,7.72284,163.2,TRUE,5.3,400,300
15036,2022/10/19 19:27,131.4806638,47.04662867,5212561.694,460535.7813,6.50052,170.4,TRUE,5.3,400,300
15037,2022/10/19 19:27,131.4806632,47.0465425,5212552.114,460535.6722,7.408,174.5,TRUE,5.3,400,300
15038,2022/10/19 19:27,131.4806863,47.04646533,5212543.524,460537.3706,6.03752,177.5,TRUE,5.3,400,300
15039,2022/10/19 19:27,131.4807165,47.0464265,5212539.192,460539.6369,5.57452,182.7,TRUE,5.3,379,300
15040,2022/10/19 19:27,131.4807147,47.04637217,5212533.153,460539.46,4.92632,218.7,FALSE,5.3,0,300
15041,2022/10/19 19:27,131.4806775,47.04635133,5212530.855,460536.6178,5.94492,279.4,FALSE,5.3,0,300
15042,2022/10/19 19:27,131.4806623,47.04638683,5212534.809,460535.489,5.77824,351,FALSE,5.3,0,300
15043,2022/10/19 19:27,131.480694,47.04641983,5212538.462,460537.9222,5.29672,359.3,TRUE,5.3,208,300
15044,2022/10/19 19:27,131.4806887,47.04647167,5212544.227,460537.5577,5.68564,2.4,TRUE,5.3,368,300
15045,2022/10/19 19:27,131.4806568,47.04653167,5212550.914,460535.1779,5.44488,346.9,TRUE,5.3,369,300
15046,2022/10/19 19:28,131.4806193,47.04658967,5212557.381,460532.371,6.945,352.6,TRUE,5.3,400,300
15047,2022/10/19 19:28,131.480601,47.04665483,5212564.634,460531.0285,7.5006,353.9,TRUE,5.3,400,300
15048,2022/10/19 19:28,131.4805735,47.04673583,5212573.652,460528.9985,7.74136,349.5,TRUE,5.3,400,300
15049,2022/10/19 19:28,131.4805525,47.04681233,5212582.168,460527.4592,7.72284,352,TRUE,5.3,376,300
15050,2022/10/19 19:28,131.4805345,47.0468885,5212590.645,460526.1476,6.35236,352.4,TRUE,5.3,400,300
15051,2022/10/19 19:28,131.4805197,47.04695583,5212598.137,460525.0726,6.5746,347.7,TRUE,5.3,399,300
15052,2022/10/19 19:28,131.480492,47.047029,5212606.286,460523.0217,8.13028,351.9,TRUE,5.3,400,300
15053,2022/10/19 19:28,131.4804702,47.04711,5212615.302,460521.4249,7.94508,351.9,TRUE,5.3,400,300
15054,2022/10/19 19:28,131.4804502,47.04718883,5212624.075,460519.9633,7.94508,353,TRUE,5.3,400,300
15055,2022/10/19 19:28,131.4804207,47.0472695,5212633.058,460517.7811,7.61172,347.1,TRUE,5.3,400,300
15056,2022/10/19 19:28,131.4804043,47.047347,5212641.682,460516.5921,7.09316,344.9,TRUE,5.3,400,300
15057,2022/10/19 19:28,131.4803785,47.047421,5212649.922,460514.6862,7.408,345.5,TRUE,5.3,394,300
15058,2022/10/19 19:28,131.480363,47.0475,5212658.713,460513.5667,7.871,349.6,TRUE,5.3,400,300
15059,2022/10/19 19:28,131.480338,47.047576,5212667.174,460511.7231,6.92648,1.5,TRUE,5.3,375,300
15060,2022/10/19 19:28,131.4803212,47.04765067,5212675.484,460510.5016,7.852479,353.2,TRUE,5.3,400,300
15061,2022/10/19 19:29,131.4803072,47.04772217,5212683.44,460509.4905,7.3154,348.6,TRUE,5.3,400,300
15062,2022/10/19 19:29,131.4802805,47.0478005,5212692.161,460507.5194,7.35244,349.6,TRUE,5.3,400,300
15063,2022/10/19 19:29,131.4802628,47.04787733,5212700.711,460506.2312,7.5932,353.9,TRUE,5.3,400,300
15064,2022/10/19 19:29,131.4802423,47.0479535,5212709.19,460504.7296,7.25984,350.3,TRUE,5.3,400,300
15065,2022/10/19 19:29,131.4802252,47.048025,5212717.147,460503.483,8.72292,351.3,TRUE,5.3,388,300
15066,2022/10/19 19:29,131.4802035,47.04810517,5212726.071,460501.8933,7.72284,350.9,TRUE,5.3,400,300
15067,2022/10/19 19:29,131.4801843,47.0481805,5212734.455,460500.4899,8.315479,350.7,TRUE,5.3,400,300
15068,2022/10/19 19:29,131.4801565,47.048263,5212743.641,460498.4384,7.83396,349.9,TRUE,5.3,394,300
15069,2022/10/19 19:29,131.4801398,47.04833483,5212751.634,460497.2224,8.25992,348.8,TRUE,5.3,399,300
15070,2022/10/19 19:29,131.4801248,47.048409,5212759.888,460496.1374,7.35244,349.4,TRUE,5.3,400,300
15071,2022/10/19 19:29,131.4801083,47.04848483,5212768.326,460494.9396,7.2228,352.7,TRUE,5.3,400,300
15072,2022/10/19 19:29,131.480086,47.04856283,5212777.009,460493.3027,7.24132,347.6,TRUE,5.3,400,300
15073,2022/10/19 19:29,131.4800568,47.048644,5212786.047,460491.1438,7.72284,349.2,TRUE,5.3,400,300
15074,2022/10/19 19:29,131.4800358,47.04872317,5212794.859,460489.6065,7.53764,348,TRUE,5.3,397,300
15075,2022/10/19 19:29,131.4800162,47.04880233,5212803.669,460488.1757,8.00064,352,TRUE,5.3,390,300
15076,2022/10/19 19:30,131.48,47.04887567,5212811.831,460486.9989,7.33392,352.8,TRUE,5.3,373,300
15077,2022/10/19 19:30,131.4799818,47.04895117,5212820.234,460485.6717,7.27836,352.2,TRUE,5.3,400,300
15078,2022/10/19 19:30,131.4799578,47.04902567,5212828.528,460483.903,7.852479,353.1,TRUE,5.3,400,300
15079,2022/10/19 19:30,131.4799387,47.04910033,5212836.838,460482.5068,7.704319,350.6,TRUE,5.3,400,300
15080,2022/10/19 19:30,131.4799173,47.049174,5212845.038,460480.9351,7.64876,351,TRUE,5.3,400,300
15081,2022/10/19 19:30,131.4798952,47.04924767,5212853.24,460479.3103,7.14872,353,TRUE,5.3,400,300
15082,2022/10/19 19:30,131.4798817,47.04931983,5212861.269,460478.3378,7.0376,350.4,TRUE,5.3,383,300
15083,2022/10/19 19:30,131.4798642,47.04939117,5212869.208,460477.0607,7.92656,350.6,TRUE,5.3,400,300
15084,2022/10/19 19:30,131.4798388,47.04946683,5212877.632,460475.1866,7.37096,354.6,TRUE,5.3,400,300
15085,2022/10/19 19:30,131.4798218,47.04954783,5212886.646,460473.9546,7.11168,352.8,TRUE,5.3,400,300
15086,2022/10/19 19:30,131.4797935,47.04961933,5212894.609,460471.8571,6.6672,351.3,TRUE,5.3,399,300
15087,2022/10/19 19:30,131.479773,47.04969133,5212902.624,460470.3526,7.16724,347.4,TRUE,5.3,400,300
15088,2022/10/19 19:30,131.4797593,47.04976817,5212911.173,460469.3684,7.66728,350.4,TRUE,5.3,393,300
15089,2022/10/19 19:30,131.4797323,47.0498445,5212919.672,460467.3732,8.1488,352.5,TRUE,5.3,400,300
15090,2022/10/19 19:30,131.479719,47.04992333,5212928.443,460466.4208,7.27836,350.2,TRUE,5.3,400,300
15091,2022/10/19 19:31,131.4796997,47.05,5212936.976,460465.011,7.55616,351.2,TRUE,5.3,394,300
15092,2022/10/19 19:31,131.479682,47.05007133,5212944.915,460463.7187,7.42652,353.7,TRUE,5.3,390,300
15093,2022/10/19 19:31,131.4796537,47.05015083,5212953.767,460461.6271,7.01908,350.2,TRUE,5.3,399,300
15094,2022/10/19 19:31,131.4796282,47.05022483,5212962.007,460459.7442,7.871,353.8,TRUE,5.3,393,300
15095,2022/10/19 19:31,131.4796113,47.05029917,5212970.28,460458.515,8.22288,352.4,TRUE,5.3,396,300
15096,2022/10/19 19:31,131.4795895,47.05037467,5212978.684,460456.9144,7.3154,359.1,TRUE,5.3,371,300
15097,2022/10/19 19:31,131.4795658,47.0504565,5212987.793,460455.174,7.38948,350.3,TRUE,5.3,400,300
15098,2022/10/19 19:31,131.4795487,47.05053433,5212996.455,460453.9322,8.68588,349.9,TRUE,5.3,400,300
15099,2022/10/19 19:31,131.4795257,47.05060683,5213004.526,460452.2382,6.8524,349.8,TRUE,5.3,400,300
15100,2022/10/19 19:31,131.479502,47.0506845,5213013.173,460450.4948,7.24132,352.1,TRUE,5.3,397,300
15101,2022/10/19 19:31,131.4794875,47.05076033,5213021.61,460449.4491,7.852479,350.8,TRUE,5.3,400,300
15102,2022/10/19 19:31,131.4794555,47.0508365,5213030.094,460447.0739,7.852479,348.8,TRUE,5.3,400,300
15103,2022/10/19 19:31,131.4794478,47.05091867,5213039.233,460446.5496,7.98212,353.7,TRUE,5.3,400,300
15104,2022/10/19 19:31,131.4794282,47.05099583,5213047.821,460445.1173,7.18576,355.6,TRUE,5.3,400,300
15105,2022/10/19 19:31,131.47941,47.05106383,5213055.39,460443.7847,7.75988,348.1,TRUE,5.3,400,300
15106,2022/10/19 19:32,131.4793875,47.0511465,5213064.592,460442.1362,7.61172,354.8,TRUE,5.3,400,300
15107,2022/10/19 19:32,131.4793583,47.05122233,5213073.037,460439.9736,6.33384,6.8,TRUE,5.3,400,300
15108,2022/10/19 19:32,131.4793325,47.05129683,5213081.332,460438.0683,7.63024,350.6,TRUE,5.3,400,300
15109,2022/10/19 19:32,131.4793108,47.05137,5213089.477,460436.4736,7.871,349.8,TRUE,5.3,400,300
15110,2022/10/19 19:32,131.4792938,47.0514695,5213100.548,460435.2555,7.64876,349.5,TRUE,5.3,358,300
15111,2022/10/19 19:32,131.479279,47.05154133,5213108.541,460434.1841,7.24132,351.3,TRUE,5.3,400,300
15112,2022/10/19 19:32,131.4792593,47.051615,5213116.741,460432.7417,7.72284,356.6,TRUE,5.3,400,300
15113,2022/10/19 19:32,131.4792362,47.051689,5213124.979,460431.0412,8.11176,349.5,TRUE,5.3,400,300
15114,2022/10/19 19:32,131.4792165,47.051769,5213133.883,460429.6035,7.79692,351.6,TRUE,5.3,379,300
15115,2022/10/19 19:32,131.4791872,47.05184333,5213142.161,460427.4322,7.51912,352.2,TRUE,5.3,400,300
15116,2022/10/19 19:32,131.4791705,47.05191417,5213150.045,460426.2157,8.0562,353.2,TRUE,5.3,400,300
15117,2022/10/19 19:32,131.4791523,47.05199417,5213158.948,460424.8921,7.38948,351.8,TRUE,5.3,400,300
15118,2022/10/19 19:32,131.4791312,47.05206633,5213166.98,460423.3422,7.18576,346.6,TRUE,5.3,400,300
15119,2022/10/19 19:32,131.4791102,47.05214267,5213175.478,460421.8031,7.94508,350.3,TRUE,5.3,400,300
15120,2022/10/19 19:32,131.479091,47.05222367,5213184.492,460420.4042,7.18576,355.2,TRUE,5.3,400,300
15121,2022/10/19 19:33,131.4790657,47.05229667,5213192.621,460418.5358,7.07464,349.3,TRUE,5.3,395,300
15122,2022/10/19 19:33,131.4790412,47.05237683,5213201.545,460416.7336,8.11176,349.7,TRUE,5.3,400,300
15123,2022/10/19 19:33,131.4790257,47.052448,5213209.465,460415.6085,7.57468,349.8,TRUE,5.3,400,300
15124,2022/10/19 19:33,131.4790043,47.0525215,5213217.646,460414.0369,8.037681,347,TRUE,5.3,400,300
15125,2022/10/19 19:33,131.4789823,47.05260383,5213226.81,460412.4263,7.53764,350.4,TRUE,5.3,400,300
15126,2022/10/19 19:33,131.4789638,47.05268117,5213235.418,460411.0779,8.037681,349.4,TRUE,5.3,400,300
15127,2022/10/19 19:33,131.4789442,47.05275717,5213243.877,460409.6449,8.46364,353.3,TRUE,5.3,400,300
15128,2022/10/19 19:33,131.478927,47.0528375,5213252.816,460408.3975,7.42652,350.3,TRUE,5.3,400,300
15129,2022/10/19 19:33,131.4789,47.05291217,5213261.131,460406.4012,7.48208,349.3,TRUE,5.3,400,300
15130,2022/10/19 19:33,131.478882,47.05298267,5213268.977,460405.0858,6.40792,354,TRUE,5.3,398,300
15131,2022/10/19 19:33,131.4788642,47.05305483,5213277.008,460403.7867,8.13028,352.3,TRUE,5.3,381,300
15132,2022/10/19 19:33,131.4788605,47.05313983,5213286.46,460403.5685,8.00064,352.9,TRUE,5.3,400,300
15133,2022/10/19 19:33,131.4788367,47.05321383,5213294.699,460401.815,6.83388,349.1,TRUE,5.3,396,300
15134,2022/10/19 19:33,131.478817,47.05329233,5213303.436,460400.3763,7.6858,347.5,TRUE,5.3,393,300
15135,2022/10/19 19:33,131.4787987,47.0533635,5213311.357,460399.0385,7.852479,352.6,TRUE,5.3,400,300
15136,2022/10/19 19:34,131.4787717,47.05343883,5213319.745,460397.0428,6.8524,350.7,TRUE,5.3,400,300
15137,2022/10/19 19:34,131.4787503,47.05351133,5213327.816,460395.4705,7.61172,355.1,TRUE,5.3,400,300
15138,2022/10/19 19:34,131.4787338,47.0535835,5213335.847,460394.2703,6.77832,346.6,TRUE,5.3,393,300
15139,2022/10/19 19:34,131.4787105,47.05366267,5213344.661,460392.5586,7.14872,348.7,TRUE,5.3,400,300
15140,2022/10/19 19:34,131.4786928,47.0537385,5213353.1,460391.2699,7.18576,349.2,TRUE,5.3,377,300
15141,2022/10/19 19:34,131.4786755,47.0538135,5213361.446,460390.011,6.83388,348.4,TRUE,5.3,400,300
15142,2022/10/19 19:34,131.478666,47.053878,5213368.622,460389.3369,7.29688,348.4,TRUE,5.3,400,300
15143,2022/10/19 19:34,131.4786365,47.05395417,5213377.105,460387.1519,6.6672,353.9,TRUE,5.3,400,300
15144,2022/10/19 19:34,131.4786037,47.05403,5213385.551,460384.716,7.05612,351,TRUE,5.3,400,300
15145,2022/10/19 19:34,131.4785833,47.054096,5213392.899,460383.2149,4.59296,353.7,TRUE,5.3,400,300
15146,2022/10/19 19:34,131.4785757,47.05414333,5213398.165,460382.6725,5.13004,351.6,TRUE,5.3,400,300
15147,2022/10/19 19:34,131.4785463,47.0542035,5213404.869,460380.4833,5.7412,343.7,TRUE,5.3,400,300
15148,2022/10/19 19:34,131.4785442,47.05425783,5213410.91,460380.364,5.48192,11.9,FALSE,5.3,0,300
15149,2022/10/19 19:34,131.478593,47.05429133,5213414.609,460384.0965,5.68564,65.4,FALSE,5.3,0,300
15150,2022/10/19 19:34,131.4786605,47.0542905,5213414.483,460389.2245,5.44488,108.4,FALSE,5.3,0,300
15151,2022/10/19 19:35,131.4786805,47.05425483,5213410.507,460390.7176,4.05588,171.9,FALSE,5.3,0,300
15152,2022/10/19 19:35,131.4786782,47.05424633,5213409.563,460390.5366,0,194.4,FALSE,5.3,0,300
15153,2022/10/19 19:35,131.4786772,47.05424983,5213409.953,460390.4632,0,0,FALSE,5.3,0,300
15154,2022/10/19 19:35,131.4786948,47.05421883,5213406.498,460391.7775,4.31516,168.6,TRUE,5.3,371,300
15155,2022/10/19 19:35,131.4787238,47.054171,5213401.166,460393.9455,5.40784,173,TRUE,5.3,387,300
15156,2022/10/19 19:35,131.4787205,47.05411067,5213394.461,460393.6501,5.72268,178,TRUE,5.3,400,300
15157,2022/10/19 19:35,131.4787312,47.0540365,5213386.21,460394.4081,7.6858,179.3,TRUE,5.3,379,300
15158,2022/10/19 19:35,131.4787618,47.0539645,5213378.19,460396.6798,7.33392,171.5,TRUE,5.3,400,300
15159,2022/10/19 19:35,131.4787888,47.0538955,5213370.505,460398.6801,5.8338,173.3,TRUE,5.3,382,300
15160,2022/10/19 19:35,131.4788137,47.05382883,5213363.081,460400.5227,6.8524,175.8,TRUE,5.3,400,300
15161,2022/10/19 19:35,131.4788398,47.05375917,5213355.323,460402.4542,6.87092,172.9,TRUE,5.3,398,300
15162,2022/10/19 19:35,131.4788583,47.0536825,5213346.79,460403.803,7.79692,175.2,TRUE,5.3,398,300
15163,2022/10/19 19:35,131.4788772,47.053616,5213339.388,460405.1898,7.44504,171.2,TRUE,5.3,400,300
15164,2022/10/19 19:35,131.4788905,47.05354133,5213331.08,460406.1451,7.24132,171.1,TRUE,5.3,400,300
15165,2022/10/19 19:35,131.4789013,47.05346867,5213322.997,460406.9119,7.33392,175.7,TRUE,5.3,377,300
15166,2022/10/19 19:36,131.4789327,47.05339567,5213314.865,460409.2436,6.70424,178.6,TRUE,5.3,400,300
15167,2022/10/19 19:36,131.4789603,47.05332617,5213307.125,460411.2892,6.42644,171.1,TRUE,5.3,371,300
15168,2022/10/19 19:36,131.478976,47.05325467,5213299.168,460412.4292,7.07464,168.5,TRUE,5.3,400,300
15169,2022/10/19 19:36,131.4789942,47.05318133,5213291.006,460413.7578,7.3154,171,TRUE,5.3,394,300
15170,2022/10/19 19:36,131.4790142,47.0531075,5213282.788,460415.2228,7.852479,173,TRUE,5.3,400,300
15171,2022/10/19 19:36,131.4790302,47.05302967,5213274.127,460416.3809,6.59312,168.2,TRUE,5.3,400,300
15172,2022/10/19 19:36,131.4790457,47.05296367,5213266.782,460417.5097,6.6672,170.2,TRUE,5.3,374,300
15173,2022/10/19 19:36,131.4790657,47.052891,5213258.693,460418.9756,7.20428,174.1,TRUE,5.3,393,300
15174,2022/10/19 19:36,131.4790868,47.0528155,5213250.289,460420.5229,6.8524,173.8,TRUE,5.3,400,300
15175,2022/10/19 19:36,131.4791143,47.0527485,5213242.827,460422.5628,8.167319,177,TRUE,5.3,395,300
15176,2022/10/19 19:36,131.4791453,47.05267083,5213234.176,460424.8608,7.11168,178.3,TRUE,5.3,397,300
15177,2022/10/19 19:36,131.479155,47.052595,5213225.741,460425.5417,8.11176,170.6,TRUE,5.3,400,300
15178,2022/10/19 19:36,131.4791702,47.0525225,5213217.674,460426.643,7.33392,168.8,TRUE,5.3,369,300
15179,2022/10/19 19:36,131.479189,47.05244267,5213208.789,460428.0124,7.53764,167.3,TRUE,5.3,376,300
15180,2022/10/19 19:36,131.4792157,47.05236817,5213200.494,460429.9859,7.72284,173.9,TRUE,5.3,400,300
15181,2022/10/19 19:37,131.4792387,47.0522885,5213191.625,460431.6746,7.29688,171.5,TRUE,5.3,400,300
15182,2022/10/19 19:37,131.4792568,47.05221167,5213183.075,460432.993,7.38948,173.4,TRUE,5.3,374,300
15183,2022/10/19 19:37,131.479273,47.0521375,5213174.821,460434.1691,7.25984,169.2,TRUE,5.3,400,300
15184,2022/10/19 19:37,131.4792925,47.05206533,5213166.788,460435.5974,7.33392,175,TRUE,5.3,375,300
15185,2022/10/19 19:37,131.4793082,47.051986,5213157.96,460436.7316,7.778399,171.8,TRUE,5.3,369,300
15186,2022/10/19 19:37,131.4793263,47.05190917,5213149.41,460438.0501,7.98212,173.4,TRUE,5.3,400,300
15187,2022/10/19 19:37,131.4793457,47.0518325,5213140.877,460439.4674,7.3154,173.7,TRUE,5.3,374,300
15188,2022/10/19 19:37,131.4793655,47.05175767,5213132.548,460440.9165,7.16724,166.1,TRUE,5.3,400,300
15189,2022/10/19 19:37,131.4793968,47.0516865,5213124.62,460443.2422,7.1302,172.3,TRUE,5.3,395,300
15190,2022/10/19 19:37,131.4794193,47.05161883,5213117.085,460444.9017,7.852479,173.6,TRUE,5.3,400,300
15191,2022/10/19 19:37,131.4794338,47.05153467,5213107.722,460445.9412,7.38948,175.6,TRUE,5.3,400,300
15192,2022/10/19 19:37,131.4794523,47.05146167,5213099.597,460447.293,6.87092,173.9,TRUE,5.3,393,300
15193,2022/10/19 19:37,131.4794728,47.051387,5213091.286,460448.7954,7.55616,168.9,TRUE,5.3,400,300
15194,2022/10/19 19:37,131.4794913,47.05131233,5213082.975,460450.1459,6.61164,172.9,TRUE,5.3,400,300
15195,2022/10/19 19:37,131.4795107,47.051241,5213075.035,460451.5672,7.44504,165.7,TRUE,5.3,400,300
15196,2022/10/19 19:38,131.4795307,47.051164,5213066.465,460453.03,7.463561,175.2,TRUE,5.3,400,300
15197,2022/10/19 19:38,131.4795555,47.051083,5213057.448,460454.8545,7.81544,166.6,TRUE,5.3,400,300
15198,2022/10/19 19:38,131.4795787,47.0510075,5213049.042,460456.5615,7.25984,173.8,TRUE,5.3,362,300
15199,2022/10/19 19:38,131.4795973,47.0509285,5213040.25,460457.9164,7.2228,170.9,TRUE,5.3,400,300
15200,2022/10/19 19:38,131.4796223,47.050854,5213031.956,460459.7609,7.66728,173,TRUE,5.3,400,300
15201,2022/10/19 19:38,131.4796413,47.05077817,5213023.516,460461.1485,7.6858,172.6,TRUE,5.3,397,300
15202,2022/10/19 19:38,131.4796577,47.0507005,5213014.873,460462.3373,7.75988,174.5,TRUE,5.3,400,300
15203,2022/10/19 19:38,131.4796805,47.05062767,5213006.765,460464.0159,8.07472,176,TRUE,5.3,395,300
15204,2022/10/19 19:38,131.4796983,47.05054967,5212998.084,460465.3108,7.72284,174.6,TRUE,5.3,398,300
15205,2022/10/19 19:38,131.479711,47.0504665,5212988.832,460466.2143,7.29688,166.7,TRUE,5.3,386,300
15206,2022/10/19 19:38,131.4797385,47.05038833,5212980.128,460468.2461,7.51912,173.3,TRUE,5.3,393,300
15207,2022/10/19 19:38,131.4797657,47.05031483,5212971.943,460470.2586,7.94508,173.7,TRUE,5.3,400,300
15208,2022/10/19 19:38,131.4797925,47.0502425,5212963.888,460472.2415,8.11176,171.1,TRUE,5.3,400,300
15209,2022/10/19 19:38,131.4798137,47.05016767,5212955.559,460473.7971,8.037681,172.5,TRUE,5.3,400,300
15210,2022/10/19 19:38,131.4798308,47.05009067,5212946.99,460475.0395,8.389561,174.8,TRUE,5.3,367,300
15211,2022/10/19 19:39,131.4798478,47.05001467,5212938.532,460476.2751,8.09324,175.8,TRUE,5.3,381,300
15212,2022/10/19 19:39,131.4798637,47.04993567,5212929.742,460477.4249,7.53764,171.7,TRUE,5.3,393,300
15213,2022/10/19 19:39,131.4798943,47.04986033,5212921.35,460479.6944,7.44504,170.1,TRUE,5.3,400,300
15214,2022/10/19 19:39,131.4799065,47.0497815,5212912.581,460480.5632,7.92656,176,TRUE,5.3,400,300
15215,2022/10/19 19:39,131.4799325,47.04970067,5212903.581,460482.4791,8.315479,175,TRUE,5.3,399,300
15216,2022/10/19 19:39,131.4799443,47.04962683,5212895.367,460483.3212,7.61172,169.3,TRUE,5.3,400,300
15217,2022/10/19 19:39,131.4799668,47.04955167,5212887,460484.9754,7.53764,171.4,TRUE,5.3,400,300
15218,2022/10/19 19:39,131.4799912,47.04947183,5212878.111,460486.7705,8.11176,175.5,TRUE,5.3,400,300
15219,2022/10/19 19:39,131.4800088,47.04939433,5212869.487,460488.0506,7.29688,170.4,TRUE,5.3,400,300
15220,2022/10/19 19:39,131.4800335,47.04932067,5212861.285,460489.873,8.13028,173.9,TRUE,5.3,400,300
15221,2022/10/19 19:39,131.4800568,47.0492415,5212852.472,460491.585,7.778399,174.7,TRUE,5.3,400,300
15222,2022/10/19 19:39,131.4800775,47.0491615,5212843.568,460493.0989,7.74136,172.3,TRUE,5.3,400,300
15223,2022/10/19 19:39,131.480087,47.04907583,5212834.039,460493.7575,7.778399,179.9,TRUE,5.3,400,300
15224,2022/10/19 19:39,131.4801072,47.04900033,5212825.635,460495.2366,8.11176,173.1,TRUE,5.3,400,300
15225,2022/10/19 19:39,131.4801308,47.048928,5212817.583,460496.9765,7.704319,172.8,TRUE,5.3,400,300
15226,2022/10/19 19:40,131.4801518,47.048852,5212809.123,460498.5161,7.44504,171.8,TRUE,5.3,400,300
15227,2022/10/19 19:40,131.4801697,47.04877683,5212800.757,460499.8208,7.38948,172.2,TRUE,5.3,377,300
15228,2022/10/19 19:40,131.480186,47.04869117,5212791.226,460500.9961,7.778399,174.2,TRUE,5.3,400,300
15229,2022/10/19 19:40,131.4802007,47.04860733,5212781.898,460502.0512,7.852479,174.5,TRUE,5.3,390,300
15230,2022/10/19 19:40,131.4802258,47.04853767,5212774.141,460503.9071,8.09324,175.4,TRUE,5.3,400,300
15231,2022/10/19 19:40,131.4802432,47.048462,5212765.72,460505.1734,8.167319,172.1,TRUE,5.3,400,300
15232,2022/10/19 19:40,131.4802733,47.04838633,5212757.292,460507.4047,7.81544,174.8,TRUE,5.3,400,300
15233,2022/10/19 19:40,131.4802963,47.04830983,5212748.776,460509.096,7.37096,173.4,TRUE,5.3,399,300
15234,2022/10/19 19:40,131.480317,47.04823717,5212740.688,460510.6153,7.48208,173.5,TRUE,5.3,400,300
15235,2022/10/19 19:40,131.4803405,47.04815733,5212731.8,460512.3421,7.48208,169.5,TRUE,5.3,400,300
15236,2022/10/19 19:40,131.4803552,47.048082,5212723.418,460513.4035,7.90804,166.6,TRUE,5.3,400,300
15237,2022/10/19 19:40,131.480366,47.04800417,5212714.76,460514.1667,8.037681,173.3,TRUE,5.3,371,300
15238,2022/10/19 19:40,131.4803953,47.04792667,5212706.13,460516.336,7.92656,175.6,TRUE,5.3,398,300
15239,2022/10/19 19:40,131.4804177,47.0478455,5212697.095,460517.9782,7.1302,175.3,TRUE,5.3,396,300
15240,2022/10/19 19:40,131.4804235,47.0477695,5212688.643,460518.3628,7.35244,175.4,TRUE,5.3,400,300
15241,2022/10/19 19:41,131.4804618,47.04769817,5212680.694,460521.2205,7.25984,168.6,TRUE,5.3,400,300
15242,2022/10/19 19:41,131.4804827,47.04762833,5212672.919,460522.7572,7.463561,172,TRUE,5.3,386,300
15243,2022/10/19 19:41,131.4805065,47.0475565,5212664.921,460524.5127,7.852479,175.6,TRUE,5.3,397,300
15244,2022/10/19 19:41,131.480528,47.04748017,5212656.425,460526.0901,8.037681,171.5,TRUE,5.3,400,300
15245,2022/10/19 19:41,131.480556,47.04740317,5212647.85,460528.161,7.6858,174.7,TRUE,5.3,377,300
15246,2022/10/19 19:41,131.48057,47.0473225,5212638.875,460529.1653,7.852479,176.6,TRUE,5.3,400,300
15247,2022/10/19 19:41,131.4805813,47.0472525,5212631.087,460529.9724,8.11176,175.8,TRUE,5.3,400,300
15248,2022/10/19 19:41,131.4806085,47.0471795,5212622.958,460531.9854,8.167319,174.9,TRUE,5.3,375,300
15249,2022/10/19 19:41,131.4806237,47.04710117,5212614.243,460533.0827,7.53764,174,TRUE,5.3,394,300
15250,2022/10/19 19:41,131.4806378,47.047023,5212605.545,460534.0965,7.51912,172.6,TRUE,5.3,400,300
15251,2022/10/19 19:41,131.4806615,47.0469505,5212597.473,460535.8439,7.72284,170,TRUE,5.3,400,300
15252,2022/10/19 19:41,131.4806743,47.04687533,5212589.11,460536.7611,6.77832,166.3,TRUE,5.3,364,300
15253,2022/10/19 19:41,131.4807038,47.04680483,5212581.258,460538.9508,8.07472,179.9,TRUE,5.3,400,300
15254,2022/10/19 19:41,131.4807215,47.04672083,5212571.91,460540.2339,7.44504,177.9,TRUE,5.3,400,300
15255,2022/10/19 19:41,131.4807375,47.04665667,5212564.769,460541.4024,6.2042,172.8,TRUE,5.3,387,300
15256,2022/10/19 19:42,131.4807612,47.046589,5212557.235,460543.1535,7.37096,174.3,TRUE,5.3,400,300
15257,2022/10/19 19:42,131.4807865,47.04651583,5212549.087,460545.022,6.13012,183.2,TRUE,5.3,400,300
15258,2022/10/19 19:42,131.4807947,47.046458,5212542.654,460545.6025,4.7226,180.3,TRUE,5.3,400,300
15259,2022/10/19 19:42,131.4807975,47.0463905,5212535.149,460545.7655,5.35228,170.3,TRUE,5.3,374,300
15260,2022/10/19 19:42,131.4808275,47.04633283,5212528.722,460548.0027,6.03752,115.2,FALSE,5.3,0,300
15261,2022/10/19 19:42,131.4809237,47.0463115,5212526.303,460555.2972,5.90788,79.6,FALSE,5.3,0,300
15262,2022/10/19 19:42,131.4810468,47.04632467,5212527.705,460564.6613,5.42636,36.2,FALSE,5.3,0,300
15263,2022/10/19 19:42,131.4811027,47.0463685,5212532.549,460568.9414,2.51872,354.8,FALSE,5.3,0,300
15264,2022/10/19 19:42,131.4811358,47.04637517,5212533.274,460571.4616,0,0,FALSE,5.3,0,300
15265,2022/10/19 19:42,131.4811443,47.04637783,5212533.565,460572.1095,0,0,FALSE,5.3,0,300
15266,2022/10/19 19:42,131.4811432,47.04639167,5212535.105,460572.0361,1.90756,348.9,TRUE,5.3,400,300
15267,2022/10/19 19:42,131.4811293,47.0464405,5212540.54,460571.0158,4.66704,356.6,TRUE,5.3,400,300
15268,2022/10/19 19:42,131.4811225,47.04650133,5212547.306,460570.5439,7.53764,2.1,TRUE,5.3,400,300
15269,2022/10/19 19:42,131.48111,47.046586,5212556.725,460569.6564,6.7598,357.7,TRUE,5.3,400,300
15270,2022/10/19 19:42,131.4810875,47.04665017,5212563.87,460567.994,6.07456,355.6,TRUE,5.3,400,300
15271,2022/10/19 19:43,131.4810692,47.0467145,5212571.031,460566.6508,6.07456,353,TRUE,5.3,400,300
15272,2022/10/19 19:43,131.4810557,47.04678,5212578.32,460565.6732,6.50052,356.6,TRUE,5.3,400,300
15273,2022/10/19 19:43,131.4810265,47.04685567,5212586.747,460563.5101,7.33392,353.3,TRUE,5.3,400,300
15274,2022/10/19 19:43,131.4810065,47.0469375,5212595.854,460562.0506,7.408,355.9,TRUE,5.3,400,300
15275,2022/10/19 19:43,131.4809797,47.04700833,5212603.742,460560.0663,7.852479,351.8,TRUE,5.3,400,300
15276,2022/10/19 19:43,131.4809575,47.04708817,5212612.629,460558.4382,6.92648,352.1,TRUE,5.3,395,300
15277,2022/10/19 19:43,131.4809362,47.04716683,5212621.385,460556.8776,7.64876,351.7,TRUE,5.3,397,300
15278,2022/10/19 19:43,131.4809092,47.04724867,5212630.496,460554.8862,7.889521,353.4,TRUE,5.3,400,300
15279,2022/10/19 19:43,131.4808805,47.04732333,5212638.811,460552.7604,7.64876,352.9,TRUE,5.3,400,300
15280,2022/10/19 19:43,131.4808733,47.0473965,5212646.949,460552.2672,7.33392,353,TRUE,5.3,400,300
15281,2022/10/19 19:43,131.480848,47.04746883,5212655.003,460550.3981,7.90804,355.9,TRUE,5.3,360,300
15282,2022/10/19 19:43,131.480834,47.047544,5212663.367,460549.3896,7.38948,355.6,TRUE,5.3,376,300
15283,2022/10/19 19:43,131.4808052,47.047624,5212672.275,460547.2602,8.00064,355.1,TRUE,5.3,400,300
15284,2022/10/19 19:43,131.4807593,47.047709,5212681.748,460543.835,7.35244,349.6,TRUE,5.3,400,300
15285,2022/10/19 19:43,131.480754,47.0477795,5212689.588,460543.4842,8.11176,353.5,TRUE,5.3,393,300
15286,2022/10/19 19:44,131.4807392,47.047852,5212697.655,460542.4131,7.72284,352.5,TRUE,5.3,375,300
15287,2022/10/19 19:44,131.4807015,47.04793817,5212707.254,460539.6119,8.20436,350.3,TRUE,5.3,400,300
15288,2022/10/19 19:44,131.4806818,47.048013,5212715.583,460538.1701,7.37096,352.6,TRUE,5.3,400,300
15289,2022/10/19 19:44,131.4806575,47.0480865,5212723.766,460536.3778,7.871,347.8,TRUE,5.3,400,300
15290,2022/10/19 19:44,131.48064,47.048165,5212732.502,460535.106,7.37096,351.1,TRUE,5.3,400,300
15291,2022/10/19 19:44,131.4806225,47.0482415,5212741.015,460533.8326,7.83396,354.1,TRUE,5.3,400,300
15292,2022/10/19 19:44,131.480604,47.04831517,5212749.215,460532.4812,7.14872,356,TRUE,5.3,400,300
15293,2022/10/19 19:44,131.480578,47.0483965,5212758.269,460530.5655,6.96352,351.8,TRUE,5.3,400,300
15294,2022/10/19 19:44,131.4805773,47.04845967,5212765.292,460530.5589,7.35244,353.5,TRUE,5.3,400,300
15295,2022/10/19 19:44,131.4805568,47.04853717,5212773.918,460529.0584,7.463561,343.8,TRUE,5.3,383,300
15296,2022/10/19 19:44,131.4805197,47.048619,5212783.034,460526.2996,7.3154,349.9,TRUE,5.3,400,300
15297,2022/10/19 19:44,131.4805047,47.04869033,5212790.972,460525.2124,7.37096,351.9,TRUE,5.3,400,300
15298,2022/10/19 19:44,131.4804837,47.04876417,5212799.191,460523.6712,7.48208,349.6,TRUE,5.3,393,300
15299,2022/10/19 19:44,131.4804638,47.0488395,5212807.576,460522.2147,7.871,350.1,TRUE,5.3,400,300
15300,2022/10/19 19:44,131.4804435,47.04892733,5212817.35,460520.7369,7.75988,355.2,TRUE,5.3,400,300
15301,2022/10/19 19:45,131.4804147,47.0490065,5212826.166,460518.607,7.408,355,TRUE,5.3,400,300
15302,2022/10/19 19:45,131.4804072,47.04907583,5212833.878,460518.0882,7.11168,358.4,TRUE,5.3,400,300
15303,2022/10/19 19:45,131.480389,47.04915183,5212842.336,460516.7614,7.35244,352.4,TRUE,5.3,400,300
15304,2022/10/19 19:45,131.4803887,47.049224,5212850.359,460516.7918,7.48208,352.6,TRUE,5.3,400,300
15305,2022/10/19 19:45,131.4803742,47.04929717,5212858.501,460515.744,8.20436,355,TRUE,5.3,400,300
15306,2022/10/19 19:45,131.4803655,47.04936917,5212866.51,460515.1361,6.72276,349.3,TRUE,5.3,400,300
15307,2022/10/19 19:45,131.480343,47.04945267,5212875.804,460513.488,7.25984,353.6,TRUE,5.3,400,300
15308,2022/10/19 19:45,131.4803152,47.04953683,5212885.174,460511.4377,6.87092,351.5,TRUE,5.3,362,300
15309,2022/10/19 19:45,131.4802923,47.04961583,5212893.968,460509.756,7.92656,351.1,TRUE,5.3,398,300
15310,2022/10/19 19:45,131.4802562,47.049691,5212902.343,460507.0684,6.7598,349.5,TRUE,5.3,400,300
15311,2022/10/19 19:45,131.4802385,47.04976833,5212910.949,460505.7806,6.87092,348.6,TRUE,5.3,371,300
15312,2022/10/19 19:45,131.4802182,47.04984417,5212919.39,460504.294,6.5746,354.3,TRUE,5.3,396,300
15313,2022/10/19 19:45,131.4801917,47.049921,5212927.945,460502.3372,7.42652,349.9,TRUE,5.3,400,300
15314,2022/10/19 19:45,131.4801753,47.05000067,5212936.81,460501.1498,7.53764,356.2,TRUE,5.3,400,300
15315,2022/10/19 19:45,131.4801588,47.0500825,5212945.916,460499.9565,7.20428,350.5,TRUE,5.3,400,300
15316,2022/10/19 19:46,131.4801382,47.05015817,5212954.339,460498.4471,6.61164,353.1,TRUE,5.3,398,300
15317,2022/10/19 19:46,131.4801162,47.0502305,5212962.391,460496.8288,7.48208,356.7,TRUE,5.3,400,300
15318,2022/10/19 19:46,131.4800928,47.05030583,5212970.777,460495.1064,7.61172,350,TRUE,5.3,399,300
15319,2022/10/19 19:46,131.4800703,47.05038383,5212979.46,460493.4544,7.29688,350,TRUE,5.3,400,300
15320,2022/10/19 19:46,131.4800447,47.05046433,5212988.422,460491.5686,7.38948,349.4,TRUE,5.3,400,300
15321,2022/10/19 19:46,131.4800262,47.05054117,5212996.974,460490.2196,7.48208,350.1,TRUE,5.3,400,300
15322,2022/10/19 19:46,131.4799918,47.050613,5213004.977,460487.6588,7.72284,351.2,TRUE,5.3,400,300
15323,2022/10/19 19:46,131.4799652,47.05069183,5213013.754,460485.6959,7.408,348.5,TRUE,5.3,400,300
15324,2022/10/19 19:46,131.4799365,47.05077067,5213022.533,460483.5734,7.01908,353,TRUE,5.3,400,300
15325,2022/10/19 19:46,131.479914,47.05083867,5213030.104,460481.914,7.37096,354.5,TRUE,5.3,400,300
15326,2022/10/19 19:46,131.4799085,47.050907,5213037.703,460481.5466,6.77832,351.6,TRUE,5.3,400,300
15327,2022/10/19 19:46,131.4798945,47.05097333,5213045.084,460480.5318,7.2228,353.7,TRUE,5.3,400,300
15328,2022/10/19 19:46,131.4798832,47.05104683,5213053.261,460479.7275,7.42652,355.5,TRUE,5.3,400,300
15329,2022/10/19 19:46,131.4798548,47.0511235,5213061.799,460477.6262,7.704319,352.4,TRUE,5.3,400,300
15330,2022/10/19 19:46,131.4798365,47.05119733,5213070.016,460476.2902,6.40792,354.9,TRUE,5.3,400,300
15331,2022/10/19 19:47,131.4798192,47.0512675,5213077.826,460475.0276,7.24132,351.5,TRUE,5.3,400,300
15332,2022/10/19 19:47,131.4797852,47.051346,5213086.57,460472.5021,6.64868,352.8,TRUE,5.3,400,300
15333,2022/10/19 19:47,131.4797737,47.05141267,5213093.987,460471.6776,6.2042,355.3,TRUE,5.3,400,300
15334,2022/10/19 19:47,131.4797583,47.05147417,5213100.832,460470.5529,6.3894,349.5,TRUE,5.3,385,300
15335,2022/10/19 19:47,131.4797448,47.051544,5213108.602,460469.5787,7.64876,351.1,TRUE,5.3,400,300
15336,2022/10/19 19:47,131.479726,47.05162067,5213117.135,460468.2069,6.27828,348.4,TRUE,5.3,400,300
15337,2022/10/19 19:47,131.479708,47.0516895,5213124.796,460466.8901,5.94492,355.4,TRUE,5.3,400,300
15338,2022/10/19 19:47,131.479693,47.0517575,5213132.363,460465.8006,6.482,349,TRUE,5.3,400,300
15339,2022/10/19 19:47,131.4796668,47.05183017,5213140.455,460463.8636,6.24124,353.6,TRUE,5.3,371,300
15340,2022/10/19 19:47,131.479648,47.05190233,5213148.487,460462.4884,7.72284,350.6,TRUE,5.3,377,300
15341,2022/10/19 19:47,131.4796243,47.0519815,5213157.3,460460.7462,8.11176,350.4,TRUE,5.3,400,300
15342,2022/10/19 19:47,131.4796047,47.05205567,5213165.556,460459.3118,7.1302,353.2,TRUE,5.3,400,300
15343,2022/10/19 19:47,131.4795837,47.05213017,5213173.849,460457.7712,7.44504,355.3,TRUE,5.3,374,300
15344,2022/10/19 19:47,131.4795537,47.0522045,5213182.127,460455.5467,7.55616,353.5,TRUE,5.3,360,300
15345,2022/10/19 19:47,131.4795378,47.05228083,5213190.621,460454.395,7.55616,350.9,TRUE,5.3,368,300
15346,2022/10/19 19:48,131.4795227,47.0523535,5213198.708,460453.3014,8.25992,355.3,TRUE,5.3,400,300
15347,2022/10/19 19:48,131.4795062,47.0524335,5213207.61,460452.1068,7.5932,357,TRUE,5.3,400,300
15348,2022/10/19 19:48,131.4794815,47.05250783,5213215.886,460450.2851,6.90796,347.3,TRUE,5.3,400,300
15349,2022/10/19 19:48,131.4794577,47.05258433,5213224.402,460448.5333,7.72284,352,TRUE,5.3,399,300
15350,2022/10/19 19:48,131.4794327,47.0526575,5213232.549,460446.6878,7.42652,351.7,TRUE,5.3,400,300
15351,2022/10/19 19:48,131.479413,47.05273033,5213240.656,460445.2449,7.27836,351.5,TRUE,5.3,400,300
15352,2022/10/19 19:48,131.4793933,47.05281117,5213249.653,460443.8078,7.48208,345.8,TRUE,5.3,400,300
15353,2022/10/19 19:48,131.4793745,47.05288733,5213258.129,460442.4357,7.51912,351,TRUE,5.3,400,300
15354,2022/10/19 19:48,131.4793552,47.0529595,5213266.162,460441.0226,8.00064,352.8,TRUE,5.3,400,300
15355,2022/10/19 19:48,131.4793295,47.05303333,5213274.383,460439.1245,8.22288,359.1,TRUE,5.3,400,300
15356,2022/10/19 19:48,131.4793082,47.05311,5213282.917,460437.5628,7.53764,355.5,TRUE,5.3,400,300
15357,2022/10/19 19:48,131.4792878,47.053185,5213291.265,460436.0683,6.90796,352.8,TRUE,5.3,400,300
15358,2022/10/19 19:48,131.4792763,47.05326033,5213299.646,460435.2503,7.29688,348.8,TRUE,5.3,400,300
15359,2022/10/19 19:48,131.4792537,47.05333433,5213307.884,460433.5878,7.79692,351.2,TRUE,5.3,400,300
15360,2022/10/19 19:48,131.4792213,47.05341133,5213316.461,460431.183,7.74136,354.4,TRUE,5.3,400,300
15361,2022/10/19 19:49,131.4792003,47.05349133,5213325.365,460429.6466,7.51912,355.6,TRUE,5.3,400,300
15362,2022/10/19 19:49,131.4791842,47.0535645,5213333.507,460428.4775,7.18576,355.5,TRUE,5.3,400,300
15363,2022/10/19 19:49,131.4791668,47.0536365,5213341.521,460427.2087,6.87092,357.5,TRUE,5.3,400,300
15364,2022/10/19 19:49,131.47915,47.05371,5213349.7,460425.9866,7.55616,352.5,TRUE,5.3,400,300
15365,2022/10/19 19:49,131.4791283,47.0537895,5213358.549,460424.3967,7.37096,353.5,TRUE,5.3,400,300
15366,2022/10/19 19:49,131.4791088,47.053865,5213366.953,460422.9709,7.55616,346.8,TRUE,5.3,400,300
15367,2022/10/19 19:49,131.479099,47.05393533,5213374.776,460422.2784,8.01916,352.7,TRUE,5.3,398,300
15368,2022/10/19 19:49,131.4790848,47.05400983,5213383.066,460421.2546,7.64876,349.6,TRUE,5.3,400,300
15369,2022/10/19 19:49,131.479054,47.05408783,5213391.753,460418.9721,7.5932,349.7,TRUE,5.3,376,300
15370,2022/10/19 19:49,131.4790292,47.05416217,5213400.03,460417.1429,8.09324,354.1,TRUE,5.3,382,300
15371,2022/10/19 19:49,131.4790157,47.05423017,5213407.596,460416.1675,7.778399,347.6,TRUE,5.3,400,300
15372,2022/10/19 19:49,131.4790077,47.0542955,5213414.863,460415.608,5.8338,345.9,TRUE,5.3,400,300
15373,2022/10/19 19:49,131.4789917,47.0543445,5213420.319,460414.4286,6.5746,339.6,TRUE,5.3,365,300
15374,2022/10/19 19:49,131.47892,47.05440767,5213427.378,460409.0277,4.22256,277,FALSE,5.3,0,300
15375,2022/10/19 19:49,131.4788138,47.05441567,5213428.321,460400.9647,5.7412,236.1,FALSE,5.3,0,300
15376,2022/10/19 19:50,131.4787613,47.05437067,5213423.344,460396.9425,5.31524,172.8,FALSE,5.3,0,300
15377,2022/10/19 19:50,131.4787723,47.054307,5213416.261,460397.7311,5.25968,144.5,FALSE,5.3,0,300
15378,2022/10/19 19:50,131.4787767,47.05427967,5213413.22,460398.0452,0,0,FALSE,5.3,0,300
15379,2022/10/19 19:50,131.4787855,47.05425617,5213410.603,460398.6964,4.75964,169,TRUE,5.3,252,300
15380,2022/10/19 19:50,131.4788055,47.054207,5213405.127,460400.1796,5.70416,167.2,TRUE,5.3,353,300
15381,2022/10/19 19:50,131.4788157,47.05415367,5213399.193,460400.9151,4.55592,169.8,TRUE,5.3,400,300
15382,2022/10/19 19:50,131.4788265,47.0540965,5213392.832,460401.6933,4.66704,174.1,TRUE,5.3,349,300
15383,2022/10/19 19:50,131.478843,47.05403233,5213385.689,460402.8995,5.87084,178.7,TRUE,5.3,400,300
15384,2022/10/19 19:50,131.4788652,47.05397017,5213378.768,460404.5402,5.88936,174,TRUE,5.3,400,300
15385,2022/10/19 19:50,131.4788858,47.05390717,5213371.753,460406.0588,6.44496,170.7,TRUE,5.3,397,300
15386,2022/10/19 19:50,131.4789,47.05384017,5213364.298,460407.0881,6.40792,168.5,TRUE,5.3,371,300
15387,2022/10/19 19:50,131.4789217,47.05377267,5213356.783,460408.6869,6.72276,170.2,TRUE,5.3,397,300
15388,2022/10/19 19:50,131.4789342,47.05370383,5213349.123,460409.5857,6.59312,176.6,TRUE,5.3,400,300
15389,2022/10/19 19:50,131.478948,47.05362983,5213340.89,460410.5794,7.5932,175.5,TRUE,5.3,400,300
15390,2022/10/19 19:50,131.4789658,47.0535595,5213333.062,460411.8798,6.68572,175.4,TRUE,5.3,400,300
15391,2022/10/19 19:51,131.4789883,47.05349017,5213325.343,460413.538,7.09316,173.9,TRUE,5.3,400,300
15392,2022/10/19 19:51,131.4790038,47.05341317,5213316.775,460414.6588,7.25984,171.8,TRUE,5.3,400,300
15393,2022/10/19 19:51,131.4790242,47.05333817,5213308.427,460416.1533,7.00056,172.3,TRUE,5.3,400,300
15394,2022/10/19 19:51,131.4790512,47.05327317,5213301.187,460418.1566,6.98204,175.7,TRUE,5.3,400,300
15395,2022/10/19 19:51,131.4790685,47.0531955,5213292.544,460419.4136,7.61172,176.4,TRUE,5.3,400,300
15396,2022/10/19 19:51,131.4790858,47.05311717,5213283.827,460420.6701,6.81536,175.7,TRUE,5.3,400,300
15397,2022/10/19 19:51,131.4791032,47.0530445,5213275.739,460421.9384,7.0376,170.1,TRUE,5.3,396,300
15398,2022/10/19 19:51,131.4791293,47.0529705,5213267.499,460423.8668,7.09316,174.5,TRUE,5.3,400,300
15399,2022/10/19 19:51,131.479145,47.05289533,5213259.135,460425.004,7.53764,167.8,TRUE,5.3,400,300
15400,2022/10/19 19:51,131.479163,47.052828,5213251.64,460426.3219,7.44504,173.2,TRUE,5.3,400,300
15401,2022/10/19 19:51,131.479173,47.052753,5213243.297,460427.0262,7.29688,175.4,TRUE,5.3,374,300
15402,2022/10/19 19:51,131.4791922,47.0526835,5213235.561,460428.4336,7.29688,173.9,TRUE,5.3,400,300
15403,2022/10/19 19:51,131.4792138,47.05261517,5213227.954,460430.0243,6.72276,175.5,TRUE,5.3,400,300
15404,2022/10/19 19:51,131.4792322,47.05254417,5213220.051,460431.3698,7.05612,176.9,TRUE,5.3,400,300
15405,2022/10/19 19:51,131.47925,47.05248083,5213213.001,460432.6754,7.05612,172.1,TRUE,5.3,400,300
15406,2022/10/19 19:52,131.479274,47.05241783,5213205.985,460434.4524,6.2042,177.2,TRUE,5.3,400,300
15407,2022/10/19 19:52,131.4792908,47.05235433,5213198.917,460435.6819,6.09308,170.6,TRUE,5.3,400,300
15408,2022/10/19 19:52,131.4793097,47.05227933,5213190.57,460437.0625,7.16724,173.2,TRUE,5.3,400,300
15409,2022/10/19 19:52,131.4793247,47.05220833,5213182.669,460438.1497,6.6672,174,TRUE,5.3,400,300
15410,2022/10/19 19:52,131.4793458,47.05213883,5213174.932,460439.7015,6.7598,167.3,TRUE,5.3,400,300
15411,2022/10/19 19:52,131.4793635,47.0520615,5213166.326,460440.9892,6.50052,175.2,TRUE,5.3,400,300
15412,2022/10/19 19:52,131.4793842,47.05199467,5213158.886,460442.5126,6.77832,173.6,TRUE,5.3,400,300
15413,2022/10/19 19:52,131.4794063,47.051924,5213151.018,460444.1396,6.83388,173.2,TRUE,5.3,400,300
15414,2022/10/19 19:52,131.4794282,47.05185117,5213142.911,460445.7497,7.38948,171.6,TRUE,5.3,400,300
15415,2022/10/19 19:52,131.479445,47.051783,5213135.323,460446.9758,7.55616,169.5,TRUE,5.3,397,300
15416,2022/10/19 19:52,131.4794652,47.05171117,5213127.328,460448.4576,7.2228,168.8,TRUE,5.3,400,300
15417,2022/10/19 19:52,131.4794832,47.05163967,5213119.37,460449.7724,7.79692,172.3,TRUE,5.3,400,300
15418,2022/10/19 19:52,131.47949,47.051557,5213110.176,460450.228,7.35244,175.6,TRUE,5.3,400,300
15419,2022/10/19 19:52,131.4795098,47.05148383,5213102.032,460451.6783,7.48208,174.7,TRUE,5.3,400,300
15420,2022/10/19 19:52,131.4795308,47.05141833,5213094.739,460453.2256,6.44496,170.7,TRUE,5.3,400,300
15421,2022/10/19 19:53,131.4795477,47.05134333,5213086.393,460454.4542,6.72276,169.4,TRUE,5.3,400,300
15422,2022/10/19 19:53,131.4795718,47.0512745,5213078.729,460456.2345,8.0562,174.7,TRUE,5.3,400,300
15423,2022/10/19 19:53,131.4795908,47.05120167,5213070.622,460457.6244,7.55616,171.8,TRUE,5.3,400,300
15424,2022/10/19 19:53,131.479613,47.05113067,5213062.718,460459.2587,6.98204,168.3,TRUE,5.3,400,300
15425,2022/10/19 19:53,131.4796253,47.05105233,5213054.003,460460.1354,7.37096,176.1,TRUE,5.3,400,300
15426,2022/10/19 19:53,131.4796402,47.0509745,5213045.343,460461.2101,7.29688,176,TRUE,5.3,400,300
15427,2022/10/19 19:53,131.4796727,47.05090083,5213037.136,460463.6251,8.07472,171.9,TRUE,5.3,400,300
15428,2022/10/19 19:53,131.479692,47.0508245,5213028.641,460465.0352,7.07464,171.4,TRUE,5.3,390,300
15429,2022/10/19 19:53,131.4797083,47.0507515,5213020.517,460466.2197,7.25984,173.7,TRUE,5.3,400,300
15430,2022/10/19 19:53,131.4797303,47.05067633,5213012.149,460467.8358,7.35244,171.4,TRUE,5.3,399,300
15431,2022/10/19 19:53,131.4797555,47.0505825,5213001.705,460469.6813,7.94508,174.8,TRUE,5.3,400,300
15432,2022/10/19 19:53,131.4797728,47.0505055,5212993.136,460470.9389,7.48208,171.4,TRUE,5.3,400,300
15433,2022/10/19 19:53,131.4797843,47.05043317,5212985.089,460471.7593,7.48208,172.5,TRUE,5.3,400,300
15434,2022/10/19 19:53,131.479802,47.05035867,5212976.798,460473.0492,7.20428,173.8,TRUE,5.3,400,300
15435,2022/10/19 19:54,131.479825,47.05028333,5212968.411,460474.7412,7.74136,171.2,TRUE,5.3,376,300
15436,2022/10/19 19:54,131.479846,47.05020133,5212959.284,460476.2763,7.852479,168,TRUE,0,400,300
15437,2022/10/19 19:54,131.4798665,47.05012167,5212950.418,460477.7751,7.16724,171.4,TRUE,0,394,300
15438,2022/10/19 19:54,131.4798838,47.05004683,5212942.089,460479.0344,7.05612,168.1,TRUE,5.3,400,300
15439,2022/10/19 19:54,131.4799015,47.0499745,5212934.039,460480.3259,7.889521,171.2,TRUE,5.3,400,300
15440,2022/10/19 19:54,131.4799378,47.04990267,5212926.035,460483.031,7.14872,174.5,TRUE,5.3,384,300
15441,2022/10/19 19:54,131.4799603,47.04982583,5212917.482,460484.684,7.24132,168.7,TRUE,5.3,400,300
15442,2022/10/19 19:54,131.4799848,47.04975167,5212909.225,460486.4908,7.27836,174.1,TRUE,5.3,400,300
15443,2022/10/19 19:54,131.4800188,47.04968133,5212901.388,460489.0224,7.44504,170.8,TRUE,5.3,400,300
15444,2022/10/19 19:54,131.4800303,47.04960767,5212893.193,460489.8418,7.6858,174.1,TRUE,5.3,376,300
15445,2022/10/19 19:54,131.4800442,47.04952817,5212884.348,460490.8393,7.64876,170.7,TRUE,5.3,400,300
15446,2022/10/19 19:54,131.4800673,47.0494525,5212875.924,460492.5387,7.51912,168,TRUE,5.3,400,300
15447,2022/10/19 19:54,131.4800903,47.04937933,5212867.778,460494.2323,7.0376,168.7,TRUE,5.3,400,300
15448,2022/10/19 19:54,131.480109,47.04930633,5212859.653,460495.5994,7.33392,173.4,TRUE,5.3,398,300
15449,2022/10/19 19:54,131.4801183,47.04922833,5212850.977,460496.2484,7.79692,169.2,TRUE,5.3,400,300
15450,2022/10/19 19:55,131.4801438,47.04914867,5212842.108,460498.1273,7.9636,169.9,TRUE,5.3,400,300
15451,2022/10/19 19:55,131.4801692,47.0490745,5212833.85,460500.0025,7.75988,167.4,TRUE,5.3,400,300
15452,2022/10/19 19:55,131.4801958,47.049003,5212825.888,460501.971,7.778399,173.6,TRUE,5.3,399,300
15453,2022/10/19 19:55,131.4802142,47.04893017,5212817.782,460503.3154,7.852479,172.3,TRUE,5.3,400,300
15454,2022/10/19 19:55,131.4802408,47.04885433,5212809.337,460505.2806,7.74136,171.8,TRUE,5.3,399,300
15455,2022/10/19 19:55,131.480263,47.04877567,5212800.581,460506.9095,7.48208,172.7,TRUE,5.3,400,300
15456,2022/10/19 19:55,131.4802808,47.04869917,5212792.067,460508.2056,7.463561,169.3,TRUE,5.3,400,300
15457,2022/10/19 19:55,131.4803068,47.04862733,5212784.068,460510.1282,7.66728,173.8,TRUE,5.3,395,300
15458,2022/10/19 19:55,131.4803188,47.04854833,5212775.279,460510.9817,7.75988,171.1,TRUE,5.3,400,300
15459,2022/10/19 19:55,131.4803453,47.048474,5212767.002,460512.9405,8.25992,173.2,TRUE,5.3,400,300
15460,2022/10/19 19:55,131.4803547,47.0483955,5212758.271,460513.5969,7.5932,173.2,TRUE,5.3,400,300
15461,2022/10/19 19:55,131.4803717,47.048324,5212750.313,460514.8359,7.48208,172.6,TRUE,5.3,400,300
15462,2022/10/19 19:55,131.4803902,47.04825567,5212742.708,460516.1912,7.463561,172.2,TRUE,5.3,400,300
15463,2022/10/19 19:55,131.4804053,47.04817783,5212734.047,460517.2812,8.037681,169.6,TRUE,5.3,400,300
15464,2022/10/19 19:55,131.4804275,47.04810117,5212725.513,460518.9115,7.51912,173.1,TRUE,5.3,400,300
15465,2022/10/19 19:56,131.480459,47.04801967,5212716.437,460521.245,7.72284,168,TRUE,5.3,400,300
15466,2022/10/19 19:56,131.4804702,47.04794767,5212708.427,460522.0429,8.07472,174,TRUE,5.3,398,300
15467,2022/10/19 19:56,131.4804878,47.04787117,5212699.913,460523.3239,7.92656,174.2,TRUE,5.3,377,300
15468,2022/10/19 19:56,131.4805082,47.0477945,5212691.379,460524.8175,7.889521,169.6,TRUE,5.3,400,300
15469,2022/10/19 19:56,131.4805327,47.04772067,5212683.159,460526.6247,7.94508,169.8,TRUE,5.3,400,300
15470,2022/10/19 19:56,131.4805528,47.047647,5212674.959,460528.0977,7.5932,170.3,TRUE,5.3,400,300
15471,2022/10/19 19:56,131.4805653,47.04757367,5212666.8,460528.9935,6.88944,167.6,TRUE,5.3,400,300
15472,2022/10/19 19:56,131.4805878,47.04750133,5212658.747,460530.6498,7.37096,167.6,TRUE,5.3,369,300
15473,2022/10/19 19:56,131.4805985,47.04743033,5212650.848,460531.4105,8.22288,174,TRUE,5.3,400,300
15474,2022/10/19 19:56,131.4806175,47.04735283,5212642.223,460532.7972,7.64876,171.1,TRUE,5.3,400,300
15475,2022/10/19 19:56,131.4806368,47.04728117,5212634.247,460534.2109,7.57468,169,TRUE,5.3,400,300
15476,2022/10/19 19:56,131.480655,47.047206,5212625.881,460535.5384,7.98212,171.4,TRUE,5.3,400,300
15477,2022/10/19 19:56,131.480683,47.047128,5212617.195,460537.6086,7.889521,171.8,TRUE,5.3,379,300
15478,2022/10/19 19:56,131.4807132,47.04705167,5212608.694,460539.8472,8.01916,170.3,TRUE,5.3,400,300
15479,2022/10/19 19:56,131.480733,47.046975,5212600.161,460541.2952,7.6858,166.8,TRUE,5.3,400,300
15480,2022/10/19 19:57,131.4807598,47.046898,5212591.587,460543.2749,8.48216,166,TRUE,5.3,396,300
15481,2022/10/19 19:57,131.4807772,47.046827,5212583.685,460544.5448,6.81536,168.4,TRUE,5.3,400,300
15482,2022/10/19 19:57,131.480783,47.04675517,5212575.697,460544.9326,7.11168,168.2,TRUE,5.3,400,300
15483,2022/10/19 19:57,131.4808028,47.0466835,5212567.719,460546.3843,7.94508,169.3,TRUE,5.3,373,300
15484,2022/10/19 19:57,131.4808235,47.0466205,5212560.705,460547.9108,8.46364,171.2,TRUE,5.3,400,300
15485,2022/10/19 19:57,131.4808468,47.04654617,5212552.43,460549.6266,6.37088,174.2,TRUE,5.3,400,300
15486,2022/10/19 19:57,131.4808573,47.046483,5212545.402,460550.3779,5.94492,172.2,TRUE,5.3,369,300
15487,2022/10/19 19:57,131.4808745,47.046426,5212539.057,460551.6429,5.57452,162.2,TRUE,5.3,327,300
15488,2022/10/19 19:57,131.4809158,47.04635617,5212531.273,460554.7298,6.24124,118.6,FALSE,5.3,0,300
15489,2022/10/19 19:57,131.4809753,47.04633667,5212529.075,460559.2369,0,90.3,FALSE,5.3,0,300
15490,2022/10/19 19:57,131.4809493,47.046329,5212528.235,460557.2555,2.64836,232.7,FALSE,5.3,0,300
15491,2022/10/19 19:57,131.4809103,47.04630667,5212525.772,460554.2754,0,253.7,FALSE,5.3,0,300
15492,2022/10/19 19:57,131.480936,47.0463065,5212525.741,460556.2282,4.92632,62.1,FALSE,5.3,0,300
15493,2022/10/19 19:57,131.4810267,47.04635117,5212530.661,460563.1534,1.5742,52.2,TRUE,5.3,74,300
15494,2022/10/19 19:57,131.4810648,47.0463905,5212535.014,460566.0776,5.22264,13,TRUE,5.3,362,300
15495,2022/10/19 19:58,131.4810843,47.0464545,5212542.119,460567.6066,5.6486,353.4,TRUE,5.3,358,300
15496,2022/10/19 19:58,131.4810268,47.046534,5212550.986,460563.2958,5.48192,1.7,TRUE,5.3,387,300
15497,2022/10/19 19:58,131.4810008,47.046609,5212559.337,460561.3753,6.74128,355.9,TRUE,5.3,362,300
15498,2022/10/19 19:58,131.4809852,47.04669233,5212568.609,460560.2513,7.35244,357.2,TRUE,5.3,371,300
15499,2022/10/19 19:58,131.4809575,47.04677317,5212577.61,460558.206,8.09324,358.7,TRUE,5.3,400,300
15500,2022/10/19 19:58,131.480936,47.0468475,5212585.884,460556.627,7.63024,354.1,TRUE,5.3,400,300
15501,2022/10/19 19:58,131.480919,47.04692417,5212594.416,460555.3917,7.61172,358,TRUE,5.3,387,300
15502,2022/10/19 19:58,131.4809038,47.04699917,5212602.762,460554.292,7.98212,356.1,TRUE,5.3,400,300
15503,2022/10/19 19:58,131.4808912,47.047077,5212611.421,460553.3919,7.889521,353.7,TRUE,5.3,400,300
15504,2022/10/19 19:58,131.4808703,47.047158,5212620.436,460551.8634,7.57468,355.3,TRUE,5.3,400,300
15505,2022/10/19 19:58,131.4808447,47.04722983,5212628.434,460549.9711,7.871,353.8,TRUE,5.3,396,300
15506,2022/10/19 19:58,131.4808292,47.047303,5212636.577,460548.8472,8.0562,346.3,TRUE,5.3,395,300
15507,2022/10/19 19:58,131.4808048,47.04738233,5212645.408,460547.0516,8.01916,353.5,TRUE,5.3,400,300
15508,2022/10/19 19:58,131.4807713,47.04746083,5212654.152,460544.5638,8.00064,354.7,TRUE,5.3,400,300
15509,2022/10/19 19:58,131.4807448,47.04753783,5212662.726,460542.6069,8.01916,352.7,TRUE,5.3,400,300
15510,2022/10/19 19:59,131.4807342,47.047607,5212670.421,460541.8525,7.44504,354,TRUE,5.3,392,300
15511,2022/10/19 19:59,131.4806955,47.04768667,5212679.297,460538.9705,7.55616,356.4,TRUE,5.3,400,300
15512,2022/10/19 19:59,131.480671,47.0477695,5212688.518,460537.1699,7.5932,353.4,TRUE,5.3,400,300
15513,2022/10/19 19:59,131.4806423,47.047846,5212697.037,460535.0454,7.37096,349.6,TRUE,5.3,400,300
15514,2022/10/19 19:59,131.4806232,47.04791733,5212704.976,460533.6467,7.5932,351.6,TRUE,5.3,400,300
15515,2022/10/19 19:59,131.4806153,47.04799117,5212713.189,460533.1008,8.07472,352.1,TRUE,5.3,400,300
15516,2022/10/19 19:59,131.4805948,47.04807517,5212722.538,460531.6051,7.94508,356.5,TRUE,5.3,400,300
15517,2022/10/19 19:59,131.480574,47.04815033,5212730.904,460530.08,7.778399,351.6,TRUE,5.3,400,300
15518,2022/10/19 19:59,131.4805593,47.04823167,5212739.954,460529.023,7.72284,353.7,TRUE,5.3,399,300
15519,2022/10/19 19:59,131.4805482,47.048308,5212748.446,460528.2358,8.25992,356.6,TRUE,5.3,400,300
15520,2022/10/19 19:59,131.4805317,47.04838733,5212757.273,460527.0405,8.1488,354.6,TRUE,5.3,376,300
15521,2022/10/19 19:59,131.480503,47.04846117,5212765.497,460524.9142,7.98212,351,TRUE,5.3,400,300
15522,2022/10/19 19:59,131.480483,47.04853883,5212774.14,460523.4518,7.61172,352.8,TRUE,5.3,400,300
15523,2022/10/19 19:59,131.480463,47.04860933,5212781.988,460521.984,7.74136,356.2,TRUE,5.3,376,300
15524,2022/10/19 19:59,131.4804388,47.04869083,5212791.061,460520.2053,8.00064,355.1,TRUE,5.3,400,300
15525,2022/10/19 20:00,131.4804207,47.04876533,5212799.352,460518.8849,8.00064,350.7,TRUE,5.3,400,300
15526,2022/10/19 20:00,131.4803978,47.048842,5212807.887,460517.2014,7.75988,353.6,TRUE,5.3,400,300
15527,2022/10/19 20:00,131.4803708,47.048924,5212817.017,460515.2103,7.42652,350,TRUE,5.3,399,300
15528,2022/10/19 20:00,131.4803448,47.049003,5212825.812,460513.2929,7.90804,352.3,TRUE,5.3,398,300
15529,2022/10/19 20:00,131.4803333,47.04907417,5212833.73,460512.4716,7.25984,352.8,TRUE,5.3,400,300
15530,2022/10/19 20:00,131.4803103,47.04915183,5212842.375,460510.7813,7.57468,355.3,TRUE,5.3,397,300
15531,2022/10/19 20:00,131.4802905,47.04922417,5212850.428,460509.3301,7.64876,351.1,TRUE,5.3,400,300
15532,2022/10/19 20:00,131.4802665,47.0492975,5212858.592,460507.5606,7.79692,354.8,TRUE,5.3,400,300
15533,2022/10/19 20:00,131.4802452,47.04936567,5212866.181,460505.9924,7.90804,351.7,TRUE,5.3,400,300
15534,2022/10/19 20:00,131.4802207,47.04944167,5212874.643,460504.1869,8.185841,352.7,TRUE,5.3,400,300
15535,2022/10/19 20:00,131.4801933,47.0495155,5212882.864,460502.1594,7.6858,351.3,TRUE,5.3,400,300
15536,2022/10/19 20:00,131.4801752,47.04959567,5212891.786,460500.8432,7.35244,356.5,TRUE,5.3,400,300
15537,2022/10/19 20:00,131.4801627,47.049672,5212900.278,460499.9498,7.83396,356.3,TRUE,5.3,400,300
15538,2022/10/19 20:00,131.4801412,47.04975017,5212908.979,460498.3738,7.55616,351.2,TRUE,5.3,400,300
15539,2022/10/19 20:00,131.480108,47.04983083,5212917.963,460495.9106,7.6858,352.6,TRUE,5.3,400,300
15540,2022/10/19 20:01,131.4800912,47.04990517,5212926.236,460494.689,7.66728,353.2,TRUE,5.3,371,300
15541,2022/10/19 20:01,131.4800752,47.0499865,5212935.286,460493.5333,7.64876,356.1,TRUE,5.3,400,300
15542,2022/10/19 20:01,131.4800543,47.050067,5212944.245,460492.0046,7.55616,352.2,TRUE,5.3,400,300
15543,2022/10/19 20:01,131.480026,47.05014367,5212952.783,460489.9109,7.66728,355.1,TRUE,5.3,400,300
15544,2022/10/19 20:01,131.4800127,47.0502205,5212961.331,460488.957,6.98204,353.7,TRUE,5.3,394,300
15545,2022/10/19 20:01,131.4799958,47.050291,5212969.177,460487.725,8.334,351.9,TRUE,5.3,394,300
15546,2022/10/19 20:01,131.479976,47.05037233,5212978.229,460486.2805,8.185841,0.1,TRUE,5.3,400,300
15547,2022/10/19 20:01,131.479955,47.0504425,5212986.04,460484.7367,7.90804,349.5,TRUE,5.3,400,300
15548,2022/10/19 20:01,131.4799255,47.0505195,5212994.616,460482.552,8.00064,353.1,TRUE,5.3,400,300
15549,2022/10/19 20:01,131.4799093,47.05059267,5213002.758,460481.3752,7.09316,353.3,TRUE,5.3,400,300
15550,2022/10/19 20:01,131.4798905,47.050666,5213010.92,460480.0008,8.11176,354.4,TRUE,5.3,400,300
15551,2022/10/19 20:01,131.479867,47.05074133,5213019.306,460478.2709,7.20428,357.1,TRUE,5.3,382,300
15552,2022/10/19 20:01,131.479844,47.05082333,5213028.434,460476.5838,7.00056,355.1,TRUE,5.3,400,300
15553,2022/10/19 20:01,131.4798293,47.05089783,5213036.724,460475.5219,7.61172,354.5,TRUE,5.3,400,300
15554,2022/10/19 20:01,131.4798083,47.05097117,5213044.888,460473.9804,7.98212,353.6,TRUE,5.3,394,300
15555,2022/10/19 20:02,131.4797862,47.05104333,5213052.921,460472.3545,7.778399,353.2,TRUE,5.3,400,300
15556,2022/10/19 20:02,131.4797673,47.051121,5213061.565,460470.9758,6.88944,355.8,TRUE,5.3,367,300
15557,2022/10/19 20:02,131.4797523,47.05119283,5213069.558,460469.8891,6.92648,354.8,TRUE,5.3,397,300
15558,2022/10/19 20:02,131.4797283,47.05126933,5213078.075,460468.1221,7.57468,355.2,TRUE,5.3,400,300
15559,2022/10/19 20:02,131.479714,47.05133933,5213085.864,460467.0872,6.42644,353.8,TRUE,5.3,223,300
15560,2022/10/19 20:02,131.4796922,47.05141417,5213094.195,460465.4861,7.92656,354.2,TRUE,5.3,379,300
15561,2022/10/19 20:02,131.4796733,47.05148733,5213102.338,460464.1041,6.27828,352.8,TRUE,5.3,400,300
15562,2022/10/19 20:02,131.4796462,47.05156567,5213111.061,460462.1029,6.16716,354,TRUE,5.3,364,300
15563,2022/10/19 20:02,131.4796288,47.051645,5213119.889,460460.8394,7.44504,356.6,TRUE,5.3,399,300
15564,2022/10/19 20:02,131.479596,47.05172317,5213128.596,460458.405,7.408,352.3,TRUE,5.3,400,300
15565,2022/10/19 20:02,131.479582,47.05179183,5213136.236,460457.3919,7.29688,350.9,TRUE,5.3,400,300
15566,2022/10/19 20:02,131.4795677,47.0518645,5213144.322,460456.3591,7.81544,353.8,TRUE,5.3,400,300
15567,2022/10/19 20:02,131.4795535,47.05193233,5213151.87,460455.3303,6.8524,353.8,TRUE,5.3,400,300
15568,2022/10/19 20:02,131.4795348,47.05199933,5213159.328,460453.959,6.63016,351.4,TRUE,5.3,394,300
15569,2022/10/19 20:02,131.4795058,47.05207717,5213167.996,460451.813,6.72276,351.3,TRUE,5.3,400,300
15570,2022/10/19 20:03,131.4794832,47.0521515,5213176.271,460450.1508,7.44504,353.4,TRUE,5.3,400,300
15571,2022/10/19 20:03,131.4794658,47.0522175,5213183.617,460448.8775,6.90796,356.9,TRUE,5.3,400,300
15572,2022/10/19 20:03,131.4794583,47.05229217,5213191.922,460448.3629,7.463561,351.4,TRUE,5.3,400,300
15573,2022/10/19 20:03,131.4794558,47.05235317,5213198.705,460448.218,7.20428,352.5,TRUE,5.3,400,300
15574,2022/10/19 20:03,131.4794277,47.05243733,5213208.075,460446.1451,7.408,355.5,TRUE,5.3,375,300
15575,2022/10/19 20:03,131.4793995,47.052517,5213216.946,460444.0614,8.185841,352.1,TRUE,5.3,400,300
15576,2022/10/19 20:03,131.4793772,47.05259367,5213225.481,460442.4237,7.38948,350.5,TRUE,5.3,397,300
15577,2022/10/19 20:03,131.4793507,47.05267133,5213234.128,460440.4676,7.42652,350.1,TRUE,5.3,400,300
15578,2022/10/19 20:03,131.4793303,47.05274917,5213242.792,460438.9752,7.44504,352.7,TRUE,5.3,397,300
15579,2022/10/19 20:03,131.4793178,47.05282133,5213250.821,460438.0788,7.61172,354.8,TRUE,5.3,400,300
15580,2022/10/19 20:03,131.4792887,47.05289783,5213259.34,460435.9243,7.66728,354.8,TRUE,5.3,400,300
15581,2022/10/19 20:03,131.4792778,47.0529725,5213267.647,460435.1513,7.6858,356.1,TRUE,5.3,400,300
15582,2022/10/19 20:03,131.4792687,47.05304667,5213275.897,460434.5148,7.5932,349.7,TRUE,5.3,390,300
15583,2022/10/19 20:03,131.4792462,47.05311467,5213283.468,460432.8555,7.51912,351.5,TRUE,5.3,398,300
15584,2022/10/19 20:03,131.4792298,47.05319033,5213291.887,460431.6654,7.6858,351.1,TRUE,5.3,400,300
15585,2022/10/19 20:04,131.4792153,47.05326967,5213300.715,460430.6224,7.6858,353.1,TRUE,5.3,399,300
15586,2022/10/19 20:04,131.4791737,47.05335017,5213309.685,460427.5211,7.29688,350.2,TRUE,5.3,400,300
15587,2022/10/19 20:04,131.4791375,47.05343167,5213318.764,460424.831,7.6858,355.5,TRUE,5.3,362,300
15588,2022/10/19 20:04,131.4791238,47.053501,5213326.479,460423.8413,6.68572,357,TRUE,5.3,400,300
15589,2022/10/19 20:04,131.4791168,47.053565,5213333.597,460423.3568,8.519199,350.4,TRUE,5.3,371,300
15590,2022/10/19 20:04,131.4790877,47.053659,5213344.062,460421.2154,7.704319,348,TRUE,5.3,400,300
15591,2022/10/19 20:04,131.4790667,47.05373017,5213351.985,460419.6724,6.90796,349.4,TRUE,5.3,400,300
15592,2022/10/19 20:04,131.4790433,47.05380583,5213360.408,460417.9505,7.63024,353.7,TRUE,5.3,383,300
15593,2022/10/19 20:04,131.479025,47.05388367,5213369.071,460416.6177,7.64876,354.5,TRUE,5.3,400,300
15594,2022/10/19 20:04,131.4790175,47.05395417,5213376.912,460416.1,7.11168,354.9,TRUE,5.3,400,300
15595,2022/10/19 20:04,131.4790068,47.05402017,5213384.255,460415.3359,6.88944,352.5,TRUE,5.3,400,300
15596,2022/10/19 20:04,131.4789885,47.054099,5213393.028,460414.0038,7.29688,354.3,TRUE,5.3,394,300
15597,2022/10/19 20:04,131.478963,47.054175,5213401.49,460412.1226,7.3154,353.9,TRUE,5.3,371,300
15598,2022/10/19 20:04,131.4789142,47.05426083,5213411.056,460408.4783,7.871,353.1,TRUE,5.3,395,300
15599,2022/10/19 20:04,131.4788912,47.05433517,5213419.332,460406.7858,6.05604,340.2,TRUE,5.3,399,300
15600,2022/10/19 20:05,131.4788523,47.05438383,5213424.761,460403.8663,6.51904,283.5,FALSE,5.3,0,300
15601,2022/10/19 20:05,131.478816,47.05438867,5213425.318,460401.1118,0,46.2,FALSE,5.3,0,300
15602,2022/10/19 20:05,131.4788603,47.05438917,5213425.351,460404.4781,5.85232,113.3,FALSE,5.3,0,300
15603,2022/10/19 20:05,131.4789242,47.05437,5213423.188,460409.3189,2.5928,87.3,FALSE,5.3,0,300
15604,2022/10/19 20:05,131.4789402,47.05436233,5213422.327,460410.5289,0,99.2,FALSE,5.3,0,300
15605,2022/10/19 20:05,131.478934,47.05436717,5213422.868,460410.0614,0,0,FALSE,5.3,0,300
15606,2022/10/19 20:05,131.4788928,47.0543705,5213423.259,460406.9335,1.389,274,FALSE,5.3,0,300
15607,2022/10/19 20:05,131.4788757,47.05436933,5213423.138,460405.6334,0,84.4,FALSE,5.3,0,300
15608,2022/10/19 20:05,131.4788722,47.05436767,5213422.955,460405.3663,0,0,FALSE,5.3,0,300
15609,2022/10/19 20:05,131.4788445,47.05436633,5213422.82,460403.2607,5.03744,249.6,TRUE,5.3,360,300
15610,2022/10/19 20:05,131.478762,47.05435417,5213421.51,460396.9835,5.38932,257.9,TRUE,5.3,278,300
15611,2022/10/19 20:05,131.4786828,47.054341,5213420.086,460390.9562,3.18544,251.5,TRUE,5.3,400,300
15612,2022/10/19 20:05,131.4786217,47.05432433,5213418.263,460386.3016,5.05596,259,TRUE,5.3,271,300
15613,2022/10/19 20:05,131.4785458,47.05430167,5213415.783,460380.518,4.2596,248.8,TRUE,5.3,400,300
15614,2022/10/19 20:05,131.4784892,47.05428433,5213413.884,460376.2048,4.74112,252.3,TRUE,5.3,359,300
15615,2022/10/19 20:06,131.4784343,47.0542625,5213411.485,460372.0174,4.9078,256.4,TRUE,5.3,397,300
15616,2022/10/19 20:06,131.4783743,47.05424317,5213409.366,460367.4443,5.51896,257.2,TRUE,5.3,396,300
15617,2022/10/19 20:06,131.4782998,47.05422783,5213407.698,460361.7725,3.11136,249.5,TRUE,5.3,400,300
15618,2022/10/19 20:06,131.4782398,47.0542025,5213404.913,460357.195,3.16692,252.7,TRUE,5.3,400,300
15619,2022/10/19 20:06,131.478188,47.054186,5213403.105,460353.2471,3.1484,262,TRUE,5.3,400,300
15620,2022/10/19 20:06,131.4781312,47.05416133,5213400.391,460348.9132,3.75956,245.4,TRUE,5.3,375,300
15621,2022/10/19 20:06,131.478069,47.05414383,5213398.477,460344.1744,4.83372,247.9,TRUE,5.3,400,300
15622,2022/10/19 20:06,131.4780093,47.054122,5213396.08,460339.6222,4.12996,255.9,TRUE,5.3,400,300
15623,2022/10/19 20:06,131.4779808,47.054113,5213395.094,460337.4502,3.38916,257.5,TRUE,5.3,376,300
15624,2022/10/19 20:06,131.477921,47.05410283,5213393.994,460332.8991,4.31516,259.7,TRUE,5.3,400,300
15625,2022/10/19 20:06,131.4778685,47.0540825,5213391.76,460328.8951,4.7226,251.6,TRUE,5.3,400,300
15626,2022/10/19 20:06,131.4778358,47.05405817,5213389.072,460326.3925,3.46324,246.7,TRUE,5.3,371,300
15627,2022/10/19 20:06,131.4777703,47.05403733,5213386.788,460321.4005,4.68556,254.3,TRUE,5.3,377,300
15628,2022/10/19 20:06,131.4777013,47.0540275,5213385.731,460316.1506,4.64852,256.9,TRUE,5.3,397,300
15629,2022/10/19 20:06,131.4776328,47.05400667,5213383.45,460310.9306,5.22264,255.5,TRUE,5.3,400,300
15630,2022/10/19 20:07,131.4775708,47.0539715,5213379.571,460306.1938,4.00032,246.1,TRUE,5.3,400,300
15631,2022/10/19 20:07,131.477499,47.05394133,5213376.254,460300.7161,5.22264,257.2,TRUE,5.3,367,300
15632,2022/10/19 20:07,131.477433,47.05392217,5213374.157,460295.6872,5.35228,241.5,TRUE,5.3,399,300
15633,2022/10/19 20:07,131.4773652,47.05389433,5213371.096,460290.5152,4.70408,250.7,TRUE,5.3,400,300
15634,2022/10/19 20:07,131.4773028,47.05387683,5213369.183,460285.7611,4.74112,252.6,TRUE,5.3,366,300
15635,2022/10/19 20:07,131.4772392,47.05386117,5213367.474,460280.9172,5.11152,262.6,TRUE,5.3,374,300
15636,2022/10/19 20:07,131.4771693,47.05384567,5213365.786,460275.5947,4.79668,255.3,TRUE,5.3,396,300
15637,2022/10/19 20:07,131.4771032,47.05383333,5213364.448,460270.5633,4.63,254.7,TRUE,5.3,400,300
15638,2022/10/19 20:07,131.4770503,47.0538055,5213361.381,460266.5233,4.8152,254.2,TRUE,5.3,400,300
15639,2022/10/19 20:07,131.476987,47.053776,5213358.133,460261.6919,5.11152,255,TRUE,5.3,400,300
15640,2022/10/19 20:07,131.4769093,47.05375867,5213356.246,460255.7755,4.8152,247.3,TRUE,5.3,400,300
15641,2022/10/19 20:07,131.4768417,47.0537425,5213354.483,460250.6272,3.6114,238.8,TRUE,5.3,367,300
15642,2022/10/19 20:07,131.4767813,47.0537255,5213352.624,460246.0254,5.1856,266.5,TRUE,5.3,400,300
15643,2022/10/19 20:07,131.476717,47.0537005,5213349.877,460241.1214,6.00048,252.5,TRUE,5.3,370,300
15644,2022/10/19 20:07,131.4766613,47.053671,5213346.626,460236.8674,5.0004,249.9,TRUE,5.3,396,300
15645,2022/10/19 20:08,131.4765965,47.05366217,5213345.677,460231.9373,4.167,264.3,TRUE,5.3,400,300
15646,2022/10/19 20:08,131.4765093,47.0536525,5213344.646,460225.3047,4.9078,248.8,TRUE,5.3,371,300
15647,2022/10/19 20:08,131.476444,47.05362917,5213342.086,460220.3259,4.12996,241.4,TRUE,5.3,400,300
15648,2022/10/19 20:08,131.4763795,47.05360617,5213339.562,460215.4081,5.40784,254.1,TRUE,5.3,350,300
15649,2022/10/19 20:08,131.4763145,47.05358567,5213337.316,460210.4542,4.8152,263,TRUE,5.3,400,300
15650,2022/10/19 20:08,131.4762453,47.05357167,5213335.795,460205.186,3.75956,267.6,TRUE,5.3,384,300
15651,2022/10/19 20:08,131.4761923,47.05356267,5213334.821,460201.1524,5.31524,258.9,TRUE,5.3,383,300
15652,2022/10/19 20:08,131.4761272,47.0535435,5213332.723,460196.1918,3.85216,262.5,TRUE,5.3,400,300
15653,2022/10/19 20:08,131.476063,47.05353033,5213331.291,460191.3041,4.38924,252.6,TRUE,5.3,352,300
15654,2022/10/19 20:08,131.475993,47.05350967,5213329.03,460185.9702,5.53748,256.7,TRUE,5.3,369,300
15655,2022/10/19 20:08,131.4759198,47.0534945,5213327.381,460180.3971,3.81512,252.5,TRUE,5.3,400,300
15656,2022/10/19 20:08,131.475861,47.053477,5213325.465,460175.9165,4.50036,248.5,TRUE,5.3,397,300
15657,2022/10/19 20:08,131.47583,47.05345633,5213323.183,460173.5457,4.0744,248.9,TRUE,5.3,251,300
15658,2022/10/19 20:08,131.4757645,47.05342567,5213319.808,460168.5462,3.5188,236.3,TRUE,5.3,373,300
15659,2022/10/19 20:08,131.475764,47.0534135,5213318.455,460168.4992,0,0,FALSE,5.3,0,300
15660,2022/10/19 20:09,131.4758283,47.05342783,5213320.016,460173.3953,5.8338,89.5,FALSE,5.3,0,300
15661,2022/10/19 20:09,131.4759058,47.05340617,5213317.568,460179.2677,5.3708,140.1,FALSE,5.3,0,300
15662,2022/10/19 20:09,131.4759307,47.05339017,5213315.777,460181.1477,3.16692,140.6,FALSE,5.3,0,300
15663,2022/10/19 20:09,131.4759538,47.05333617,5213309.762,460182.8626,1.1112,62.5,FALSE,5.3,0,300
15664,2022/10/19 20:09,131.475956,47.0533315,5213309.242,460183.0263,0,0,FALSE,5.3,0,300
15665,2022/10/19 20:09,131.4759583,47.05333,5213309.074,460183.1999,0,0,FALSE,5.3,0,300
15666,2022/10/19 20:09,131.4759593,47.05332883,5213308.943,460183.275,0,0,FALSE,5.3,0,300
15667,2022/10/19 20:09,131.4759583,47.05332933,5213308.999,460183.1994,0,87.1,FALSE,5.3,0,300
15668,2022/10/19 20:09,131.4759578,47.053329,5213308.963,460183.1612,0,0,FALSE,5.3,0,300
15669,2022/10/19 20:09,131.4759573,47.05332833,5213308.888,460183.1227,0,0,FALSE,5.3,0,300
15670,2022/10/19 20:09,131.4759568,47.05332833,5213308.889,460183.0847,0,0,FALSE,5.3,0,300
15671,2022/10/19 20:09,131.4759568,47.05332817,5213308.871,460183.0846,0,0,FALSE,5.3,0,300
15672,2022/10/19 20:09,131.4759562,47.05332867,5213308.927,460183.0394,0,0,FALSE,5.3,0,300
15673,2022/10/19 20:09,131.4759557,47.05332917,5213308.983,460183.0018,0,0,FALSE,5.3,0,300
15674,2022/10/19 20:09,131.4759553,47.05332933,5213309.001,460182.9715,0,0,FALSE,5.3,0,300
15675,2022/10/19 20:10,131.4759552,47.05332933,5213309.001,460182.9639,0,0,FALSE,5.3,0,300
15676,2022/10/19 20:10,131.475955,47.05332917,5213308.983,460182.9486,0,0,FALSE,5.3,0,300
15677,2022/10/19 20:10,131.4759543,47.05332917,5213308.983,460182.8954,0,0,FALSE,5.3,0,300
15678,2022/10/19 20:10,131.4759535,47.0533295,5213309.02,460182.8348,0,0,FALSE,5.3,0,300
15679,2022/10/19 20:10,131.4759532,47.05332967,5213309.04,460182.8122,0,0,FALSE,5.3,0,300
15680,2022/10/19 20:10,131.475953,47.05333017,5213309.095,460182.7974,0,0,FALSE,5.3,0,300
15681,2022/10/19 20:10,131.4759532,47.05333033,5213309.113,460182.8127,0,0,FALSE,5.3,0,300
15682,2022/10/19 20:10,131.4759537,47.0533305,5213309.132,460182.8508,0,0,FALSE,5.3,0,300
15683,2022/10/19 20:10,131.4759547,47.05333067,5213309.15,460182.9269,0,0,FALSE,5.3,0,300
15684,2022/10/19 20:10,131.4759557,47.05333083,5213309.167,460183.003,0,0,FALSE,5.3,0,300
15685,2022/10/19 20:10,131.4759562,47.05333117,5213309.205,460183.0412,0,0,FALSE,5.3,0,300
15686,2022/10/19 20:10,131.4759572,47.05333117,5213309.204,460183.1172,0,0,FALSE,5.3,0,300
15687,2022/10/19 20:10,131.4759578,47.05333117,5213309.204,460183.1628,0,0,FALSE,5.3,0,300
15688,2022/10/19 20:10,131.4759585,47.05333083,5213309.166,460183.2157,0,0,FALSE,5.3,0,300
15689,2022/10/19 20:10,131.4759593,47.05333083,5213309.165,460183.2765,0,0,FALSE,5.3,0,300
15690,2022/10/19 20:11,131.4759598,47.05333117,5213309.203,460183.3148,0,0,FALSE,5.3,0,300
15691,2022/10/19 20:11,131.4759722,47.05334783,5213311.049,460184.2693,2.11128,22.4,FALSE,5.3,0,300
15692,2022/10/19 20:11,131.4759948,47.05337367,5213313.91,460186.0057,2.37056,55,FALSE,5.3,0,300
15693,2022/10/19 20:11,131.4760123,47.053385,5213315.161,460187.3438,2.85208,73.1,FALSE,5.3,0,300
15694,2022/10/19 20:11,131.4760165,47.05339683,5213316.474,460187.6717,2.1298,67.5,FALSE,5.3,0,300
15695,2022/10/19 20:11,131.4760328,47.0534055,5213317.429,460188.9166,1.88904,71.3,FALSE,5.3,0,300
15696,2022/10/19 20:11,131.4760675,47.05342067,5213319.098,460191.5644,2.20388,66.6,FALSE,5.3,0,300
15697,2022/10/19 20:11,131.4760868,47.05343483,5213320.662,460193.0414,2.00016,79.4,FALSE,5.3,0,300
15698,2022/10/19 20:11,131.476113,47.05344517,5213321.799,460195.0397,2.46316,81.4,FALSE,5.3,0,300
15699,2022/10/19 20:11,131.4761538,47.05346583,5213324.075,460198.1551,2.14832,78.3,FALSE,5.3,0,300
15700,2022/10/19 20:11,131.4761837,47.05346717,5213324.208,460200.4279,2.64836,91.8,FALSE,5.3,0,300
15701,2022/10/19 20:11,131.4762053,47.05347383,5213324.938,460202.074,2.62984,80,FALSE,5.3,0,300
15702,2022/10/19 20:11,131.4762213,47.053494,5213327.172,460203.3047,2.14832,56.8,FALSE,5.3,0,300
15703,2022/10/19 20:11,131.4762398,47.05351617,5213329.627,460204.7268,2.4076,65.7,FALSE,5.3,0,300
15704,2022/10/19 20:11,131.4762692,47.05353433,5213331.631,460206.9741,1.98164,56.2,FALSE,5.3,0,300
15705,2022/10/19 20:12,131.476292,47.05354717,5213333.047,460208.716,2.09276,59,FALSE,5.3,0,300
15706,2022/10/19 20:12,131.4763185,47.0535615,5213334.627,460210.7401,2.61132,45.7,FALSE,5.3,0,300
15707,2022/10/19 20:12,131.476338,47.053589,5213337.674,460212.2422,2.44464,17.1,FALSE,5.3,0,300
15708,2022/10/19 20:12,131.4763418,47.05361683,5213340.766,460212.5516,1.96312,355.4,FALSE,5.3,0,300
15709,2022/10/19 20:12,131.476338,47.05364,5213343.344,460212.2801,2.25944,334.5,FALSE,5.3,0,300
