序列号,GPS时间,经度,纬度,x,y,速度(km/h),航向,工作状态,幅宽(m),深度(mm),深度标准值
980,2022/10/7 1:05,131.4536447,47.02131967,5209762.039,458462.9778,1.53716,16.5,FALSE,5.3,0,300
981,2022/10/7 1:05,131.4536623,47.02132917,5209763.086,458464.3232,2.0372,4.5,FALSE,5.3,0,300
982,2022/10/7 1:05,131.453666,47.0213595,5209766.455,458464.628,0,19.1,FALSE,5.3,0,300
983,2022/10/7 1:05,131.45367,47.0213545,5209765.897,458464.9282,0,0,FALSE,5.3,0,300
984,2022/10/7 1:05,131.4536688,47.0213505,5209765.453,458464.8339,0,0,FALSE,5.3,0,300
985,2022/10/7 1:05,131.4536653,47.02134867,5209765.252,458464.5664,0,0,FALSE,5.3,0,300
986,2022/10/7 1:05,131.4536598,47.02135017,5209765.421,458464.1494,0,0,FALSE,5.3,0,300
987,2022/10/7 1:05,131.4536588,47.02135017,5209765.422,458464.0734,0,0,FALSE,5.3,0,300
988,2022/10/7 1:05,131.4536602,47.02134967,5209765.366,458464.1795,0,0,FALSE,5.3,0,300
989,2022/10/7 1:05,131.4536615,47.02134917,5209765.309,458464.2779,0,0,FALSE,5.3,0,300
990,2022/10/7 1:05,131.4536617,47.02134917,5209765.309,458464.2931,0,0,FALSE,5.3,0,300
991,2022/10/7 1:06,131.4536605,47.02134967,5209765.365,458464.2023,0,0,FALSE,5.3,0,300
992,2022/10/7 1:06,131.4536597,47.02135017,5209765.422,458464.1418,0,0,FALSE,5.3,0,300
993,2022/10/7 1:06,131.4536573,47.02135083,5209765.496,458463.9599,0,0,FALSE,5.3,0,300
994,2022/10/7 1:06,131.4536562,47.021351,5209765.516,458463.8764,0,0,FALSE,5.3,0,300
995,2022/10/7 1:06,131.4536563,47.0213505,5209765.46,458463.8836,0,0,FALSE,5.3,0,300
996,2022/10/7 1:06,131.453655,47.02135,5209765.405,458463.7844,0,0,FALSE,5.3,0,300
997,2022/10/7 1:06,131.4536547,47.0213495,5209765.35,458463.7612,0,92.2,FALSE,5.3,0,300
998,2022/10/7 1:06,131.4536543,47.02134883,5209765.275,458463.7303,0,0,FALSE,5.3,0,300
999,2022/10/7 1:06,131.4536538,47.0213485,5209765.239,458463.692,0,0,FALSE,5.3,0,300
1000,2022/10/7 1:06,131.4536535,47.021348,5209765.184,458463.6688,0,92,FALSE,5.3,0,300
1001,2022/10/7 1:06,131.4536527,47.02134767,5209765.147,458463.6077,0,0,FALSE,5.3,0,300
1002,2022/10/7 1:06,131.4536517,47.02134717,5209765.092,458463.5313,0,0,FALSE,5.3,0,300
1003,2022/10/7 1:06,131.4536508,47.02134667,5209765.037,458463.4625,0,91.8,FALSE,5.3,0,300
1004,2022/10/7 1:06,131.4536507,47.02134567,5209764.926,458463.4541,0,0,FALSE,5.3,0,300
1005,2022/10/7 1:06,131.4536508,47.02134433,5209764.777,458463.4607,0,0,FALSE,5.3,0,300
1006,2022/10/7 1:07,131.4536512,47.0213435,5209764.685,458463.4904,0,0,FALSE,5.3,0,300
1007,2022/10/7 1:07,131.4536503,47.02134317,5209764.648,458463.4218,0,0,FALSE,5.3,0,300
1008,2022/10/7 1:07,131.45365,47.02134267,5209764.593,458463.3986,0,0,FALSE,5.3,0,300
1009,2022/10/7 1:07,131.4536498,47.021342,5209764.518,458463.3828,0,0,FALSE,5.3,0,300
1010,2022/10/7 1:07,131.4536497,47.02134167,5209764.482,458463.375,0,0,FALSE,5.3,0,300
1011,2022/10/7 1:07,131.4536498,47.0213415,5209764.463,458463.3825,0,0,FALSE,5.3,0,300
1012,2022/10/7 1:07,131.4536497,47.02134117,5209764.426,458463.3746,0,0,FALSE,5.3,0,300
1013,2022/10/7 1:07,131.4536497,47.02134117,5209764.426,458463.3746,0,0,FALSE,5.3,0,300
1014,2022/10/7 1:07,131.4536498,47.02134183,5209764.5,458463.3827,0,0,FALSE,5.3,0,300
1015,2022/10/7 1:07,131.4536535,47.0213645,5209767.018,458463.6816,3.11136,4,FALSE,5.3,0,300
1016,2022/10/7 1:07,131.4536575,47.02140917,5209771.982,458464.0203,3.25952,0.1,FALSE,5.3,0,300
1017,2022/10/7 1:07,131.453662,47.02144433,5209775.888,458464.3897,4.98188,359,FALSE,5.3,0,300
1018,2022/10/7 1:07,131.4536623,47.02149967,5209782.04,458464.4554,4.50036,13.5,FALSE,5.3,0,300
1019,2022/10/7 1:07,131.4536765,47.02153733,5209786.219,458465.5642,4.4448,14.5,FALSE,5.3,0,300
1020,2022/10/7 1:07,131.4536825,47.02158167,5209791.145,458466.0547,4.167,22.6,FALSE,5.3,0,300
1021,2022/10/7 1:08,131.4536963,47.021607,5209793.954,458467.1235,2.778,32.4,FALSE,5.3,0,300
1022,2022/10/7 1:08,131.4536973,47.02164333,5209797.992,458467.2277,2.79652,65.1,FALSE,5.3,0,300
1023,2022/10/7 1:08,131.453719,47.02165767,5209799.575,458468.8886,3.37064,106.2,FALSE,5.3,0,300
1024,2022/10/7 1:08,131.4537425,47.02164883,5209798.58,458470.6683,2.81504,138.7,FALSE,5.3,0,300
1025,2022/10/7 1:08,131.4537282,47.02162467,5209795.902,458469.5624,3.40768,172.8,FALSE,5.3,0,300
1026,2022/10/7 1:08,131.453721,47.021617,5209795.053,458469.0091,3.38916,197.7,FALSE,5.3,0,300
1027,2022/10/7 1:08,131.4537055,47.02160767,5209794.024,458467.8235,3.72252,198.3,FALSE,5.3,0,300
1028,2022/10/7 1:08,131.453671,47.0215775,5209790.688,458465.1772,3.50028,199.9,FALSE,5.3,0,300
1029,2022/10/7 1:08,131.4536867,47.021545,5209787.067,458466.3456,3.5188,183,FALSE,5.3,0,300
1030,2022/10/7 1:08,131.453691,47.02151033,5209783.21,458466.6456,3.92624,180.9,FALSE,5.3,0,300
1031,2022/10/7 1:08,131.4537023,47.02145733,5209777.312,458467.4636,4.33368,152.3,FALSE,5.3,0,300
1032,2022/10/7 1:08,131.4537282,47.02140933,5209771.962,458469.3954,3.55584,104.3,FALSE,5.3,0,300
1033,2022/10/7 1:08,131.4537782,47.02139217,5209770.028,458473.1834,4.14848,64.3,FALSE,5.3,0,300
1034,2022/10/7 1:08,131.4538373,47.02140083,5209770.959,458477.6832,3.22248,36.1,FALSE,5.3,0,300
1035,2022/10/7 1:08,131.453905,47.0214235,5209773.444,458482.8477,2.315,67,FALSE,5.3,0,300
1036,2022/10/7 1:09,131.4539532,47.0214285,5209773.974,458486.516,4.22256,87.3,FALSE,5.3,0,300
1037,2022/10/7 1:09,131.453963,47.021432,5209774.358,458487.2638,0,0,FALSE,5.3,0,300
1038,2022/10/7 1:09,131.4539392,47.02143267,5209774.445,458485.4549,2.42612,268.5,FALSE,5.3,0,300
1039,2022/10/7 1:09,131.4538817,47.02143667,5209774.92,458481.0865,2.74096,259.3,FALSE,5.3,0,300
1040,2022/10/7 1:09,131.4538163,47.02142183,5209773.305,458476.103,3.62992,265.1,FALSE,5.3,0,300
1041,2022/10/7 1:09,131.4537657,47.02142817,5209774.037,458472.261,3.00024,258.1,FALSE,5.3,0,300
1042,2022/10/7 1:09,131.4537212,47.02142417,5209773.616,458468.8748,2.79652,258.7,FALSE,5.3,0,300
1043,2022/10/7 1:09,131.4536872,47.0214215,5209773.337,458466.2878,0,271.2,FALSE,5.3,0,300
1044,2022/10/7 1:09,131.453695,47.02142233,5209773.425,458466.8815,0,0,FALSE,5.3,0,300
1045,2022/10/7 1:09,131.453698,47.02142617,5209773.85,458467.1125,0,0,FALSE,5.3,0,300
1046,2022/10/7 1:09,131.4537008,47.0214265,5209773.885,458467.3257,0,0,FALSE,5.3,0,300
1047,2022/10/7 1:09,131.4537028,47.02142817,5209774.07,458467.479,0,0,FALSE,5.3,0,300
1048,2022/10/7 1:09,131.4537075,47.02143,5209774.271,458467.8378,0,0,FALSE,5.3,0,300
1049,2022/10/7 1:09,131.4537112,47.02143117,5209774.399,458468.12,6.6672,83,TRUE,5.3,400,300
1050,2022/10/7 1:09,131.4537938,47.021443,5209775.67,458474.4088,3.44472,72.6,TRUE,5.3,269,300
1051,2022/10/7 1:10,131.453876,47.02144633,5209775.997,458480.6607,2.20388,83.7,TRUE,5.3,310,300
1052,2022/10/7 1:10,131.453936,47.021451,5209776.484,458485.2258,3.20396,89.2,TRUE,5.3,357,300
1053,2022/10/7 1:10,131.4539957,47.02145117,5209776.472,458489.7647,4.3522,89.3,TRUE,5.3,400,300
1054,2022/10/7 1:10,131.4540805,47.02144833,5209776.111,458496.2094,5.59304,88.6,TRUE,5.3,268,300
1055,2022/10/7 1:10,131.4541623,47.02145517,5209776.828,458502.4336,6.2042,95.5,TRUE,5.3,400,300
1056,2022/10/7 1:10,131.4542368,47.02145817,5209777.122,458508.0998,5.42636,100.6,TRUE,5.3,400,300
1057,2022/10/7 1:10,131.4542997,47.02147367,5209778.812,458512.8938,6.98204,88.4,TRUE,5.3,263,300
1058,2022/10/7 1:10,131.4543727,47.021474,5209778.81,458518.4439,6.7598,89.8,TRUE,5.3,400,300
1059,2022/10/7 1:10,131.4544382,47.02147583,5209778.979,458523.425,4.59296,78.3,TRUE,5.3,376,300
1060,2022/10/7 1:10,131.4545247,47.02148683,5209780.156,458530.0097,4.75964,88.8,TRUE,5.3,400,300
1061,2022/10/7 1:10,131.4546068,47.02149467,5209780.984,458536.2574,4.68556,83.3,TRUE,5.3,267,300
1062,2022/10/7 1:10,131.4547058,47.02149767,5209781.265,458543.7862,4.48184,69.2,TRUE,5.3,241,300
1063,2022/10/7 1:10,131.4547718,47.02150967,5209782.564,458548.8132,4.42628,83.8,TRUE,5.3,365,300
1064,2022/10/7 1:10,131.454854,47.0215225,5209783.947,458555.0724,3.81512,82.5,TRUE,5.3,270,300
1065,2022/10/7 1:10,131.4549282,47.02152867,5209784.594,458560.7182,4.59296,76.2,TRUE,5.3,345,300
1066,2022/10/7 1:11,131.4550112,47.02153917,5209785.717,458567.0365,4.59296,75.5,TRUE,5.3,389,300
1067,2022/10/7 1:11,131.4550783,47.02154083,5209785.866,458572.139,4.4448,73.2,TRUE,5.3,400,300
1068,2022/10/7 1:11,131.4551702,47.021551,5209786.948,458579.1336,4.70408,80.7,TRUE,5.3,328,300
1069,2022/10/7 1:11,131.4552433,47.02156233,5209788.169,458584.6998,5.35228,89.3,TRUE,5.3,398,300
1070,2022/10/7 1:11,131.4553273,47.021569,5209788.866,458591.0911,5.68564,85.3,TRUE,5.3,394,300
1071,2022/10/7 1:11,131.4554185,47.02157817,5209789.837,458598.0317,4.79668,81.3,TRUE,5.3,398,300
1072,2022/10/7 1:11,131.4554808,47.02158217,5209790.249,458602.7711,4.18552,84.1,TRUE,5.3,370,300
1073,2022/10/7 1:11,131.4555543,47.02158983,5209791.062,458608.3649,5.59304,83.3,TRUE,5.3,400,300
1074,2022/10/7 1:11,131.4556293,47.021588,5209790.819,458614.0654,5.90788,64.6,TRUE,0,370,300
1075,2022/10/7 1:11,131.4557218,47.02159833,5209791.918,458621.1057,6.1116,87.4,TRUE,0,400,300
1076,2022/10/7 1:11,131.4557947,47.021604,5209792.51,458626.6523,4.50036,83.8,TRUE,5.3,398,300
1077,2022/10/7 1:11,131.4558755,47.02161467,5209793.653,458632.8033,5.50044,82.6,TRUE,5.3,400,300
1078,2022/10/7 1:11,131.455957,47.021626,5209794.87,458639.0081,5.85232,79.4,TRUE,5.3,400,300
1079,2022/10/7 1:11,131.4560318,47.02163883,5209796.257,458644.7047,5.11152,80,TRUE,5.3,363,300
1080,2022/10/7 1:11,131.4561072,47.021648,5209797.236,458650.4441,4.98188,84.7,TRUE,5.3,398,300
1081,2022/10/7 1:12,131.4561922,47.02165767,5209798.266,458656.9137,5.48192,82.8,TRUE,5.3,357,300
1082,2022/10/7 1:12,131.4562758,47.0216695,5209799.538,458663.2785,5.0004,80,TRUE,5.3,363,300
1083,2022/10/7 1:12,131.456356,47.02167583,5209800.199,458669.3806,4.59296,76.4,TRUE,5.3,397,300
1084,2022/10/7 1:12,131.4564267,47.02168167,5209800.811,458674.7601,4.63,81.5,TRUE,5.3,400,300
1085,2022/10/7 1:12,131.4564995,47.021689,5209801.587,458680.3003,5.13004,84,TRUE,5.3,280,300
1086,2022/10/7 1:12,131.4565778,47.02168917,5209801.565,458686.2532,4.27812,88,TRUE,5.3,372,300
1087,2022/10/7 1:12,131.456659,47.02170233,5209802.985,458692.4366,5.72268,79.5,TRUE,5.3,376,300
1088,2022/10/7 1:12,131.4567332,47.02170567,5209803.317,458698.0802,5.20412,74.6,TRUE,5.3,265,300
1089,2022/10/7 1:12,131.4568243,47.02172017,5209804.881,458705.0173,6.03752,80.9,TRUE,5.3,396,300
1090,2022/10/7 1:12,131.4568867,47.021726,5209805.496,458709.7657,5.07448,83.7,TRUE,5.3,399,300
1091,2022/10/7 1:12,131.4569738,47.02172617,5209805.469,458716.3876,5.25968,83.7,TRUE,5.3,388,300
1092,2022/10/7 1:12,131.4570585,47.021735,5209806.406,458722.8338,5.16708,82.2,TRUE,5.3,345,300
1093,2022/10/7 1:12,131.4571382,47.0217485,5209807.865,458728.9034,4.94484,83.7,TRUE,5.3,245,300
1094,2022/10/7 1:12,131.4572118,47.021757,5209808.771,458734.5053,5.14856,85,TRUE,5.3,400,300
1095,2022/10/7 1:12,131.4572917,47.02176583,5209809.711,458740.5865,4.46332,77,TRUE,5.3,354,300
1096,2022/10/7 1:13,131.457373,47.0217725,5209810.41,458746.7725,5.03744,85.2,TRUE,5.3,368,300
1097,2022/10/7 1:13,131.4574398,47.02178033,5209811.245,458751.857,5.20412,84.8,TRUE,5.3,400,300
1098,2022/10/7 1:13,131.457518,47.02178983,5209812.26,458757.8094,5.42636,81.9,TRUE,5.3,355,300
1099,2022/10/7 1:13,131.4576032,47.02179867,5209813.198,458764.2936,5.98196,88.2,TRUE,5.3,369,300
1100,2022/10/7 1:13,131.4576882,47.021814,5209814.857,458770.7675,4.31516,68.4,TRUE,5.3,348,300
1101,2022/10/7 1:13,131.457761,47.02181883,5209815.356,458776.3058,5.31524,83.8,TRUE,5.3,374,300
1102,2022/10/7 1:13,131.4578375,47.02182767,5209816.298,458782.1285,4.46332,79.5,TRUE,5.3,400,300
1103,2022/10/7 1:13,131.4579093,47.02183183,5209816.723,458787.5903,5.44488,79.7,TRUE,5.3,269,300
1104,2022/10/7 1:13,131.4579952,47.02184833,5209818.512,458794.1335,5.79676,64.2,TRUE,5.3,370,300
1105,2022/10/7 1:13,131.4580708,47.02186333,5209820.14,458799.8925,4.70408,73.5,TRUE,5.3,400,300
1106,2022/10/7 1:13,131.4581445,47.02187233,5209821.102,458805.5025,4.31516,71.8,TRUE,5.3,285,300
1107,2022/10/7 1:13,131.4582073,47.02187583,5209821.458,458810.2795,4.92632,82.4,TRUE,5.3,400,300
1108,2022/10/7 1:13,131.4582775,47.02189067,5209823.071,458815.6279,0.51856,0,TRUE,5.3,247,300
1109,2022/10/7 1:13,131.4582788,47.02189317,5209823.348,458815.7286,0,0,FALSE,5.3,0,300
1110,2022/10/7 1:14,131.4582823,47.0218955,5209823.605,458815.9965,0,0,FALSE,5.3,0,300
1111,2022/10/7 1:14,131.4582788,47.02189417,5209823.459,458815.7294,3.22248,248.3,FALSE,5.3,0,300
1112,2022/10/7 1:14,131.4582317,47.02188533,5209822.501,458812.1418,2.98172,252.8,FALSE,5.3,0,300
1113,2022/10/7 1:14,131.4581798,47.021882,5209822.158,458808.1936,2.09276,259.1,FALSE,5.3,0,300
1114,2022/10/7 1:14,131.4581653,47.02187617,5209821.518,458807.0867,0,0,FALSE,5.3,0,300
1115,2022/10/7 1:14,131.4581832,47.02186733,5209820.525,458808.4408,2.11128,133.1,FALSE,5.3,0,300
1116,2022/10/7 1:14,131.4582082,47.02185367,5209818.994,458810.3309,2.07424,180.5,FALSE,5.3,0,300
1117,2022/10/7 1:14,131.4581955,47.02183233,5209816.628,458809.349,2.29648,185.9,FALSE,5.3,0,300
1118,2022/10/7 1:14,131.4581985,47.02183,5209816.367,458809.5752,3.31508,352.8,FALSE,5.3,0,300
1119,2022/10/7 1:14,131.4582247,47.0218725,5209821.078,458811.5998,2.64836,20.1,FALSE,5.3,0,300
1120,2022/10/7 1:14,131.4582472,47.02189367,5209823.42,458813.3266,0,239.5,FALSE,5.3,0,300
1121,2022/10/7 1:14,131.4582398,47.0218895,5209822.96,458812.7608,3.12988,224.8,FALSE,5.3,0,300
1122,2022/10/7 1:14,131.4581987,47.0218895,5209822.982,458809.6362,2.9632,252.2,FALSE,5.3,0,300
1123,2022/10/7 1:14,131.4581595,47.02188867,5209822.91,458806.6554,2.37056,252.9,FALSE,5.3,0,300
1124,2022/10/7 1:14,131.4581748,47.02188483,5209822.475,458807.8156,2.85208,71.6,FALSE,5.3,0,300
1125,2022/10/7 1:15,131.4582345,47.0218915,5209823.185,458812.3594,3.22248,72.5,FALSE,5.3,0,300
1126,2022/10/7 1:15,131.4582623,47.0218945,5209823.504,458814.4752,0,68.2,FALSE,5.3,0,300
1127,2022/10/7 1:15,131.4582495,47.02189167,5209823.196,458813.4999,2.62984,273,FALSE,5.3,0,300
1128,2022/10/7 1:15,131.458204,47.02189767,5209823.887,458810.0454,6.03752,264.3,TRUE,5.3,393,300
1129,2022/10/7 1:15,131.4581252,47.0218905,5209823.132,458804.0492,5.2782,259.7,TRUE,5.3,360,300
1130,2022/10/7 1:15,131.458063,47.02187733,5209821.7,458799.3103,2.98172,273.3,TRUE,5.3,400,300
1131,2022/10/7 1:15,131.4580018,47.02185483,5209819.231,458794.6403,3.241,268.2,TRUE,5.3,400,300
1132,2022/10/7 1:15,131.4579485,47.02185117,5209818.852,458790.5853,4.66704,256.9,TRUE,5.3,400,300
1133,2022/10/7 1:15,131.4578753,47.02183467,5209817.057,458785.0076,5.03744,260,TRUE,5.3,400,300
1134,2022/10/7 1:15,131.457799,47.02182333,5209815.836,458779.1982,3.87068,266.1,TRUE,5.3,377,300
1135,2022/10/7 1:15,131.4577298,47.02182217,5209815.744,458773.9364,5.24116,276.3,TRUE,5.3,400,300
1136,2022/10/7 1:15,131.4576578,47.0218205,5209815.596,458768.4613,5.24116,271,TRUE,5.3,400,300
1137,2022/10/7 1:15,131.4575927,47.02181533,5209815.055,458763.5081,4.83372,265.9,TRUE,5.3,364,300
1138,2022/10/7 1:15,131.4575222,47.02180683,5209814.147,458758.1418,4.85224,268.2,TRUE,5.3,400,300
1139,2022/10/7 1:15,131.4574538,47.02179083,5209812.405,458752.9294,3.92624,266.2,TRUE,5.3,398,300
1140,2022/10/7 1:16,131.4573868,47.021783,5209811.57,458747.8297,5.59304,268.9,TRUE,5.3,368,300
1141,2022/10/7 1:16,131.4573172,47.02176817,5209809.958,458742.527,5.13004,270.2,TRUE,5.3,400,300
1142,2022/10/7 1:16,131.4572488,47.021764,5209809.53,458737.3237,5.11152,269.6,TRUE,5.3,400,300
1143,2022/10/7 1:16,131.4571822,47.0217615,5209809.287,458732.2585,4.61148,273.3,TRUE,5.3,400,300
1144,2022/10/7 1:16,131.4571105,47.02175483,5209808.583,458726.8023,4.96336,266.8,TRUE,5.3,372,300
1145,2022/10/7 1:16,131.4570323,47.02174783,5209807.846,458720.8518,4.7226,261,TRUE,5.3,400,300
1146,2022/10/7 1:16,131.4569632,47.02174317,5209807.365,458715.5949,5.20412,269.5,TRUE,5.3,365,300
1147,2022/10/7 1:16,131.456892,47.02173833,5209806.864,458710.1782,4.87076,268.7,TRUE,5.3,400,300
1148,2022/10/7 1:16,131.4568295,47.02173433,5209806.453,458705.4235,4.27812,266.3,TRUE,5.3,397,300
1149,2022/10/7 1:16,131.456761,47.02171767,5209804.637,458700.203,4.167,260.8,TRUE,5.3,400,300
1150,2022/10/7 1:16,131.4566957,47.02171167,5209804.004,458695.2339,4.96336,263,TRUE,5.3,400,300
1151,2022/10/7 1:16,131.4566248,47.021706,5209803.411,458689.8394,4.7226,256.4,TRUE,5.3,400,300
1152,2022/10/7 1:16,131.4565563,47.02169767,5209802.521,458684.6253,5.53748,261.7,TRUE,5.3,399,300
1153,2022/10/7 1:16,131.4564878,47.021695,5209802.26,458679.4155,4.85224,266.3,TRUE,5.3,400,300
1154,2022/10/7 1:16,131.4564163,47.02168467,5209801.15,458673.9717,5.093,263.9,TRUE,5.3,400,300
1155,2022/10/7 1:17,131.456346,47.02167683,5209800.315,458668.6211,4.87076,273.8,TRUE,5.3,365,300
1156,2022/10/7 1:17,131.456283,47.02166917,5209799.497,458663.8256,4.96336,263.4,TRUE,5.3,394,300
1157,2022/10/7 1:17,131.456213,47.02166017,5209798.533,458658.4969,5.0004,272.6,TRUE,5.3,400,300
1158,2022/10/7 1:17,131.456138,47.0216515,5209797.609,458652.7884,4.79668,266.6,TRUE,5.3,400,300
1159,2022/10/7 1:17,131.4560655,47.0216445,5209796.869,458647.2711,4.55592,261.8,TRUE,5.3,400,300
1160,2022/10/7 1:17,131.4560018,47.02164167,5209796.588,458642.4262,4.64852,264.7,TRUE,5.3,400,300
1161,2022/10/7 1:17,131.455939,47.0216335,5209795.713,458637.6455,4.74112,266.3,TRUE,5.3,393,300
1162,2022/10/7 1:17,131.455859,47.02162617,5209794.941,458631.5578,5.20412,263.8,TRUE,5.3,400,300
1163,2022/10/7 1:17,131.455794,47.0216215,5209794.456,458626.6126,4.77816,262.6,TRUE,5.3,400,300
1164,2022/10/7 1:17,131.4557222,47.02161283,5209793.53,458621.1473,4.92632,268.8,TRUE,5.3,400,300
1165,2022/10/7 1:17,131.4556563,47.02160517,5209792.713,458616.1313,5.11152,259,TRUE,5.3,400,300
1166,2022/10/7 1:17,131.4555875,47.0216,5209792.175,458610.8968,4.85224,260.6,TRUE,5.3,400,300
1167,2022/10/7 1:17,131.4555267,47.02159133,5209791.243,458606.2678,4.55592,264.9,TRUE,5.3,400,300
1168,2022/10/7 1:17,131.4554595,47.02159317,5209791.483,458601.1603,3.85216,271,TRUE,5.3,373,300
1169,2022/10/7 1:17,131.4553957,47.02158367,5209790.461,458596.3025,4.37072,265.3,TRUE,5.3,394,300
1170,2022/10/7 1:18,131.4553313,47.02156467,5209788.382,458591.3918,4.167,265,TRUE,5.3,400,300
1171,2022/10/7 1:18,131.455259,47.021556,5209787.457,458585.8885,4.74112,263.4,TRUE,5.3,400,300
1172,2022/10/7 1:18,131.455188,47.02154667,5209786.457,458580.4835,3.92624,265.4,TRUE,5.3,400,300
1173,2022/10/7 1:18,131.4551228,47.02154883,5209786.732,458575.5283,4.70408,256.7,TRUE,5.3,400,300
1174,2022/10/7 1:18,131.4550442,47.02154667,5209786.533,458569.5511,4.51888,268.5,TRUE,5.3,400,300
1175,2022/10/7 1:18,131.4549775,47.021539,5209785.716,458564.4743,4.05588,256.5,TRUE,5.3,366,300
1176,2022/10/7 1:18,131.4549218,47.02152833,5209784.559,458560.2314,4.7226,256.8,TRUE,5.3,369,300
1177,2022/10/7 1:18,131.4548485,47.02151617,5209783.246,458554.6494,4.96336,259.5,TRUE,5.3,400,300
1178,2022/10/7 1:18,131.4547732,47.02151267,5209782.897,458548.9219,4.7226,267.5,TRUE,5.3,400,300
1179,2022/10/7 1:18,131.4546975,47.02150983,5209782.621,458543.1646,4.12996,264.1,TRUE,5.3,398,300
1180,2022/10/7 1:18,131.4546205,47.0215095,5209782.625,458537.3104,5.093,270.6,TRUE,5.3,400,300
1181,2022/10/7 1:18,131.454556,47.021497,5209781.27,458532.3971,4.77816,265,TRUE,5.3,400,300
1182,2022/10/7 1:18,131.4544845,47.02149433,5209781.011,458526.9593,5.25968,273,TRUE,5.3,394,300
1183,2022/10/7 1:18,131.4544125,47.02148367,5209779.864,458521.4772,4.48184,268.1,TRUE,5.3,376,300
1184,2022/10/7 1:18,131.4543512,47.02147817,5209779.285,458516.8126,3.92624,264.4,TRUE,5.3,354,300
1185,2022/10/7 1:19,131.4542783,47.0214725,5209778.693,458511.2659,4.70408,270.5,TRUE,5.3,400,300
1186,2022/10/7 1:19,131.4542077,47.02147167,5209778.638,458505.8979,4.7226,261.6,TRUE,5.3,400,300
1187,2022/10/7 1:19,131.4541307,47.02147217,5209778.735,458500.0444,5.61156,270.5,TRUE,5.3,400,300
1188,2022/10/7 1:19,131.4540657,47.02146083,5209777.508,458495.0939,5.48192,264.7,TRUE,5.3,264,300
1189,2022/10/7 1:19,131.4540013,47.0214535,5209776.728,458490.1922,5.98196,262,TRUE,5.3,400,300
1190,2022/10/7 1:19,131.4539253,47.02144967,5209776.342,458484.4113,5.42636,268.5,TRUE,5.3,374,300
1191,2022/10/7 1:19,131.4538698,47.02145533,5209777.001,458480.1963,3.68548,270.3,TRUE,5.3,400,300
1192,2022/10/7 1:19,131.4538148,47.021447,5209776.104,458476.0085,4.61148,259.9,TRUE,5.3,349,300
1193,2022/10/7 1:19,131.4537663,47.0214485,5209776.296,458472.3224,0,268.6,FALSE,5.3,0,300
1194,2022/10/7 1:19,131.4537593,47.02144633,5209776.059,458471.7885,0,0,FALSE,5.3,0,300
1195,2022/10/7 1:19,131.4537552,47.02144817,5209776.266,458471.4783,3.92624,86.5,FALSE,5.3,0,300
1196,2022/10/7 1:19,131.4538527,47.02146017,5209777.548,458478.9,4.48184,81.2,FALSE,5.3,0,300
1197,2022/10/7 1:19,131.4539443,47.02145333,5209776.739,458485.8586,6.03752,83.8,FALSE,5.3,0,300
1198,2022/10/7 1:19,131.4540335,47.0214405,5209775.265,458492.6302,3.07432,111,FALSE,5.3,0,300
1199,2022/10/7 1:19,131.4540688,47.02141533,5209772.449,458495.2943,2.85208,117.8,FALSE,5.3,0,300
1200,2022/10/7 1:20,131.4540695,47.02140633,5209771.448,458495.3406,0,0,FALSE,5.3,0,300
1201,2022/10/7 1:20,131.4540562,47.02141967,5209772.938,458494.3398,5.05596,341.9,FALSE,5.3,0,300
1202,2022/10/7 1:20,131.4540602,47.02146533,5209778.012,458494.6793,1.7594,1.7,FALSE,5.3,0,300
1203,2022/10/7 1:20,131.4540503,47.02147283,5209778.851,458493.9324,3.77808,5.6,TRUE,5.3,156,300
1204,2022/10/7 1:20,131.4540588,47.02149883,5209781.737,458494.5988,4.4448,9.6,TRUE,5.3,400,300
1205,2022/10/7 1:20,131.4540623,47.0215365,5209785.923,458494.8941,4.68556,12.4,TRUE,5.3,400,300
1206,2022/10/7 1:20,131.4540772,47.0215725,5209789.917,458496.0548,5.20412,8.3,TRUE,5.3,400,300
1207,2022/10/7 1:20,131.4540873,47.02162867,5209796.156,458496.8661,5.96344,11.4,TRUE,5.3,400,300
1208,2022/10/7 1:20,131.4540868,47.02170167,5209804.272,458496.8847,6.31532,11.5,TRUE,5.3,400,300
1209,2022/10/7 1:20,131.4540917,47.02177033,5209811.902,458497.3104,5.22264,12.1,TRUE,5.3,398,300
1210,2022/10/7 1:20,131.454087,47.02183533,5209819.131,458497.0035,6.59312,8.2,TRUE,5.3,400,300
1211,2022/10/7 1:20,131.4541105,47.0218925,5209825.474,458498.8344,6.70424,7.5,TRUE,5.3,400,300
1212,2022/10/7 1:20,131.454119,47.02195483,5209832.399,458499.5289,6.44496,3.4,TRUE,5.3,400,300
1213,2022/10/7 1:20,131.4541322,47.0220205,5209839.692,458500.5833,6.87092,6.5,TRUE,5.3,400,300
1214,2022/10/7 1:20,131.4541428,47.022067,5209844.856,458501.4252,6.53756,15,TRUE,5.3,400,300
1215,2022/10/7 1:21,131.454147,47.02212767,5209851.599,458501.7915,6.25976,3.1,TRUE,5.3,400,300
1216,2022/10/7 1:21,131.4541452,47.022208,5209860.53,458501.7169,6.37088,3.3,TRUE,5.3,400,300
1217,2022/10/7 1:21,131.4541472,47.02226867,5209867.274,458501.916,6.51904,5.3,TRUE,5.3,400,300
1218,2022/10/7 1:21,131.454137,47.02233117,5209874.227,458501.189,6.2042,3.9,TRUE,5.3,400,300
1219,2022/10/7 1:21,131.454137,47.0223875,5209880.489,458501.2326,6.7598,8,TRUE,5.3,400,300
1220,2022/10/7 1:21,131.454134,47.0224565,5209888.162,458501.058,6.8524,3.1,TRUE,5.3,400,300
1221,2022/10/7 1:21,131.4541462,47.02252717,5209896.012,458502.0403,7.37096,2,TRUE,5.3,400,300
1222,2022/10/7 1:21,131.4541543,47.02259883,5209903.974,458502.7116,7.44504,11.5,TRUE,5.3,400,300
1223,2022/10/7 1:21,131.454161,47.02267167,5209912.068,458503.2774,7.1302,7.7,TRUE,5.3,400,300
1224,2022/10/7 1:21,131.4541638,47.022732,5209918.774,458503.537,6.40792,6.5,TRUE,5.3,400,300
1225,2022/10/7 1:21,131.4541523,47.02281117,5209927.581,458502.7241,6.55608,2.7,TRUE,5.3,400,300
1226,2022/10/7 1:21,131.4541612,47.0228765,5209934.839,458503.4513,7.63024,2.5,TRUE,5.3,400,300
1227,2022/10/7 1:21,131.4541773,47.02294117,5209942.02,458504.7254,7.61172,3.5,TRUE,5.3,400,300
1228,2022/10/7 1:21,131.4541987,47.023002,5209948.771,458506.3994,6.35236,7.1,TRUE,5.3,400,300
1229,2022/10/7 1:21,131.4542065,47.02307417,5209956.79,458507.0483,6.88944,10.2,TRUE,5.3,400,300
1230,2022/10/7 1:22,131.4541997,47.02315367,5209965.632,458506.593,6.25976,8.5,TRUE,5.3,400,300
1231,2022/10/7 1:22,131.454203,47.02322533,5209973.597,458506.8994,6.70424,3.8,TRUE,5.3,400,300
1232,2022/10/7 1:22,131.4542128,47.02329283,5209981.096,458507.6967,6.945,3.5,TRUE,5.3,400,300
1233,2022/10/7 1:22,131.4542153,47.02334917,5209987.358,458507.9304,6.96352,3,TRUE,5.3,400,300
1234,2022/10/7 1:22,131.4542155,47.02342483,5209995.769,458508.0042,7.3154,9.3,TRUE,5.3,400,300
1235,2022/10/7 1:22,131.454214,47.02349017,5210003.033,458507.9408,6.35236,358.7,TRUE,5.3,400,300
1236,2022/10/7 1:22,131.454217,47.02354983,5210009.664,458508.2151,6.35236,3.3,TRUE,5.3,400,300
1237,2022/10/7 1:22,131.4542228,47.0236195,5210017.407,458508.71,6.61164,9.5,TRUE,5.3,400,300
1238,2022/10/7 1:22,131.4542223,47.02368167,5210024.318,458508.7202,6.07456,6.7,TRUE,5.3,400,300
1239,2022/10/7 1:22,131.4542482,47.02374883,5210031.771,458510.7412,7.27836,7.4,TRUE,5.3,400,300
1240,2022/10/7 1:22,131.4542597,47.02382367,5210040.085,458511.6734,6.55608,8.1,TRUE,5.3,400,300
1241,2022/10/7 1:22,131.4542588,47.02388917,5210047.367,458511.6557,6.945,5.2,TRUE,5.3,400,300
1242,2022/10/7 1:22,131.4542575,47.02394883,5210054,458511.6031,6.90796,4,TRUE,5.3,400,300
1243,2022/10/7 1:22,131.4542748,47.02401783,5210061.662,458512.9718,6.81536,8.8,TRUE,5.3,400,300
1244,2022/10/7 1:22,131.4542785,47.02409167,5210069.869,458513.3103,6.6672,6.8,TRUE,5.3,400,300
1245,2022/10/7 1:23,131.4542847,47.0241645,5210077.962,458513.838,6.13012,3.2,TRUE,5.3,400,300
1246,2022/10/7 1:23,131.4542943,47.024233,5210085.572,458514.6209,7.463561,0.2,TRUE,5.3,400,300
1247,2022/10/7 1:23,131.454302,47.02429483,5210092.442,458515.2542,6.482,5.2,TRUE,5.3,400,300
1248,2022/10/7 1:23,131.4543043,47.02436667,5210100.427,458515.4847,6.8524,2.1,TRUE,5.3,400,300
1249,2022/10/7 1:23,131.4543045,47.024436,5210108.134,458515.5536,6.79684,3.4,TRUE,5.3,400,300
1250,2022/10/7 1:23,131.4543,47.02450733,5210116.067,458515.2667,7.16724,7,TRUE,5.3,400,300
1251,2022/10/7 1:23,131.4542992,47.02457933,5210124.071,458515.2617,6.77832,1.4,TRUE,5.3,400,300
1252,2022/10/7 1:23,131.454314,47.02464,5210130.808,458516.4338,6.61164,9.1,TRUE,5.3,400,300
1253,2022/10/7 1:23,131.4543185,47.02469967,5210137.439,458516.8221,6.482,2.2,TRUE,5.3,400,300
1254,2022/10/7 1:23,131.4543223,47.0247675,5210144.978,458517.1635,7.0376,5.5,TRUE,5.3,400,300
1255,2022/10/7 1:23,131.4543312,47.02484417,5210153.497,458517.8995,7.463561,4.6,TRUE,5.3,400,300
1256,2022/10/7 1:23,131.454332,47.02491483,5210161.352,458518.0151,7.09316,0.6,TRUE,5.3,400,300
1257,2022/10/7 1:23,131.4543443,47.02498783,5210169.461,458519.0067,7.24132,12.8,TRUE,5.3,367,300
1258,2022/10/7 1:23,131.4543435,47.025052,5210176.595,458518.9956,6.6672,14.5,TRUE,5.3,400,300
1259,2022/10/7 1:23,131.4543467,47.02511033,5210183.078,458519.284,2.9632,22.4,TRUE,5.3,400,300
1260,2022/10/7 1:24,131.4543533,47.0251195,5210184.094,458519.7929,0,0,FALSE,5.3,0,300
1261,2022/10/7 1:24,131.4543557,47.02512417,5210184.612,458519.9789,0,0,FALSE,5.3,0,300
1262,2022/10/7 1:24,131.4543535,47.02512433,5210184.631,458519.8118,0,0,FALSE,5.3,0,300
1263,2022/10/7 1:24,131.4543503,47.02512283,5210184.466,458519.5674,0,0,FALSE,5.3,0,300
1264,2022/10/7 1:24,131.4543478,47.025122,5210184.375,458519.3767,0,0,FALSE,5.3,0,300
1265,2022/10/7 1:24,131.4543458,47.02512083,5210184.246,458519.2237,0,0,FALSE,5.3,0,300
1266,2022/10/7 1:24,131.4543458,47.0251205,5210184.209,458519.2235,0,0,FALSE,5.3,0,300
1267,2022/10/7 1:24,131.4543452,47.02512033,5210184.19,458519.1777,0,0,FALSE,5.3,0,300
1268,2022/10/7 1:24,131.454345,47.02511917,5210184.062,458519.1616,0,0,FALSE,5.3,0,300
1269,2022/10/7 1:24,131.4543448,47.0251185,5210183.987,458519.1459,0,0,FALSE,5.3,0,300
1270,2022/10/7 1:24,131.4543445,47.02511767,5210183.895,458519.1225,0,0,FALSE,5.3,0,300
1271,2022/10/7 1:24,131.4543445,47.02511717,5210183.839,458519.1221,0,0,FALSE,5.3,0,300
1272,2022/10/7 1:24,131.4543445,47.02511667,5210183.784,458519.1217,0,88,FALSE,5.3,0,300
1273,2022/10/7 1:24,131.454345,47.02511617,5210183.728,458519.1593,0,0,FALSE,5.3,0,300
1274,2022/10/7 1:24,131.454345,47.02511583,5210183.69,458519.159,0,0,FALSE,5.3,0,300
1275,2022/10/7 1:25,131.4543447,47.02511533,5210183.635,458519.1359,0,0,FALSE,5.3,0,300
1276,2022/10/7 1:25,131.4543453,47.02511517,5210183.617,458519.1813,0,0,FALSE,5.3,0,300
1277,2022/10/7 1:25,131.454345,47.02511483,5210183.579,458519.1583,0,0,FALSE,5.3,0,300
1278,2022/10/7 1:25,131.4543455,47.02511433,5210183.523,458519.1959,0,0,FALSE,5.3,0,300
1279,2022/10/7 1:25,131.4543458,47.02511417,5210183.505,458519.2186,0,0,FALSE,5.3,0,300
1280,2022/10/7 1:25,131.4543465,47.02511433,5210183.523,458519.2719,0,0,FALSE,5.3,0,300
1281,2022/10/7 1:25,131.4543645,47.025143,5210186.7,458520.6625,5.75972,9.2,TRUE,5.3,376,300
1282,2022/10/7 1:25,131.4543865,47.02516833,5210189.505,458522.3545,0,0,FALSE,5.3,0,300
1283,2022/10/7 1:25,131.4543978,47.025165,5210189.129,458523.211,0,0,FALSE,5.3,0,300
1284,2022/10/7 1:25,131.4543987,47.0251635,5210188.961,458523.2783,0,88.9,FALSE,5.3,0,300
1285,2022/10/7 1:25,131.4544022,47.02516183,5210188.774,458523.543,0,0,FALSE,5.3,0,300
1286,2022/10/7 1:25,131.4544052,47.02516017,5210188.588,458523.7698,0,0,FALSE,5.3,0,300
1287,2022/10/7 1:25,131.4544067,47.02515867,5210188.42,458523.8827,0,0,FALSE,5.3,0,300
1288,2022/10/7 1:25,131.4544063,47.0251565,5210188.179,458523.8506,0,0,FALSE,5.3,0,300
1289,2022/10/7 1:25,131.4544038,47.02515533,5210188.05,458523.6596,1.852,222.5,FALSE,5.3,0,300
1290,2022/10/7 1:26,131.4543567,47.02513183,5210185.463,458520.0609,2.05572,249.3,FALSE,5.3,0,300
1291,2022/10/7 1:26,131.4542987,47.02511183,5210183.27,458515.6362,0,248.1,FALSE,5.3,0,300
1292,2022/10/7 1:26,131.4542867,47.0251115,5210183.24,458514.7237,0,0,FALSE,5.3,0,300
1293,2022/10/7 1:26,131.4542852,47.02510967,5210183.037,458514.6083,0,0,FALSE,5.3,0,300
1294,2022/10/7 1:26,131.454287,47.02511083,5210183.165,458514.746,0,0,FALSE,5.3,0,300
1295,2022/10/7 1:26,131.4542877,47.02511117,5210183.203,458514.7995,0,0,FALSE,5.3,0,300
1296,2022/10/7 1:26,131.4542892,47.02511067,5210183.146,458514.9131,0,0,FALSE,5.3,0,300
1297,2022/10/7 1:26,131.4543325,47.02511283,5210183.363,458518.2065,4.5374,89.9,TRUE,5.3,400,300
1298,2022/10/7 1:26,131.4544097,47.02512817,5210185.028,458524.0871,4.85224,87.6,TRUE,5.3,400,300
1299,2022/10/7 1:26,131.4544555,47.02513267,5210185.504,458527.5723,0,80.8,FALSE,5.3,0,300
1300,2022/10/7 1:26,131.4545088,47.02513683,5210185.938,458531.6274,2.315,88,TRUE,5.3,370,300
1301,2022/10/7 1:26,131.4546075,47.02515033,5210187.387,458539.141,5.66712,86.9,TRUE,5.3,295,300
1302,2022/10/7 1:26,131.4546898,47.025159,5210188.307,458545.4042,4.38924,77.1,TRUE,5.3,283,300
1303,2022/10/7 1:26,131.4547572,47.0251665,5210189.105,458550.5338,3.85216,77.9,TRUE,5.3,400,300
1304,2022/10/7 1:26,131.4548202,47.02516683,5210189.108,458555.3233,6.31532,79,TRUE,5.3,398,300
1305,2022/10/7 1:27,131.454907,47.0251735,5210189.804,458561.927,5.81528,88.1,TRUE,5.3,395,300
1306,2022/10/7 1:27,131.454974,47.02517783,5210190.25,458567.0237,5.44488,74.6,TRUE,5.3,289,300
1307,2022/10/7 1:27,131.4550428,47.02517467,5210189.862,458572.2514,4.68556,77.1,TRUE,5.3,350,300
1308,2022/10/7 1:27,131.4551298,47.02517867,5210190.261,458578.8682,6.44496,82.2,TRUE,5.3,400,300
1309,2022/10/7 1:27,131.4552172,47.02518633,5210191.066,458585.5183,3.11136,83,TRUE,5.3,374,300
1310,2022/10/7 1:27,131.4552932,47.02519133,5210191.582,458591.2997,5.87084,84.6,TRUE,5.3,296,300
1311,2022/10/7 1:27,131.4553927,47.02519867,5210192.345,458598.8694,5.44488,81.3,TRUE,5.3,352,300
1312,2022/10/7 1:27,131.4554618,47.02520583,5210193.105,458604.1279,4.22256,82.2,TRUE,5.3,350,300
1313,2022/10/7 1:27,131.4555173,47.02521433,5210194.02,458608.3536,6.35236,85.7,TRUE,5.3,351,300
1314,2022/10/7 1:27,131.4556103,47.02522167,5210194.787,458615.4291,4.55592,80.8,TRUE,5.3,260,300
1315,2022/10/7 1:27,131.4556822,47.0252315,5210195.842,458620.9025,4.57444,83.6,TRUE,5.3,283,300
1316,2022/10/7 1:27,131.455747,47.02525617,5210198.55,458625.8477,5.2782,86.6,TRUE,5.3,400,300
1317,2022/10/7 1:27,131.4558352,47.0252575,5210198.652,458632.5537,6.6672,81.4,TRUE,5.3,400,300
1318,2022/10/7 1:27,131.4559305,47.02526833,5210199.805,458639.8067,5.38932,89.8,TRUE,5.3,393,300
1319,2022/10/7 1:27,131.4560152,47.02526867,5210199.798,458646.2459,5.13004,91.4,TRUE,5.3,400,300
1320,2022/10/7 1:28,131.4561008,47.02527717,5210200.698,458652.7597,5.05596,82.3,TRUE,5.3,347,300
1321,2022/10/7 1:28,131.4561722,47.025295,5210202.642,458658.2013,4.00032,78,TRUE,5.3,352,300
1322,2022/10/7 1:28,131.4562468,47.02530433,5210203.64,458663.8796,6.14864,87.3,TRUE,5.3,394,300
1323,2022/10/7 1:28,131.4563375,47.02531017,5210204.242,458670.7791,4.9078,73.9,TRUE,5.3,369,300
1324,2022/10/7 1:28,131.456402,47.02531817,5210205.097,458675.6886,4.11144,87.5,TRUE,5.3,247,300
1325,2022/10/7 1:28,131.4564823,47.0253185,5210205.091,458681.7932,5.31524,88.1,TRUE,5.3,398,300
1326,2022/10/7 1:28,131.4565728,47.02532383,5210205.636,458688.6771,4.8152,77.2,TRUE,5.3,358,300
1327,2022/10/7 1:28,131.4566472,47.02534233,5210207.654,458694.3473,6.22272,82,TRUE,5.3,369,300
1328,2022/10/7 1:28,131.4567352,47.025349,5210208.349,458701.0422,4.33368,81,TRUE,5.3,377,300
1329,2022/10/7 1:28,131.4568118,47.02535233,5210208.678,458706.8678,4.79668,84,TRUE,5.3,255,300
1330,2022/10/7 1:28,131.456882,47.02536183,5210209.698,458712.2118,6.1116,84.8,TRUE,5.3,355,300
1331,2022/10/7 1:28,131.4569618,47.025373,5210210.897,458718.2867,5.81528,77.7,TRUE,5.3,400,300
1332,2022/10/7 1:28,131.4570308,47.0253875,5210212.473,458723.5433,4.2596,92.2,TRUE,5.3,345,300
1333,2022/10/7 1:28,131.4571128,47.02539167,5210212.893,458729.7801,5.88936,91.2,TRUE,5.3,362,300
1334,2022/10/7 1:28,131.4572233,47.02538667,5210212.279,458738.1764,6.14864,87.5,TRUE,5.3,358,300
1335,2022/10/7 1:29,131.4572895,47.02539883,5210213.596,458743.2183,4.63,90.5,TRUE,5.3,373,300
1336,2022/10/7 1:29,131.4573563,47.0254105,5210214.858,458748.3054,6.2042,86.1,TRUE,5.3,362,300
1337,2022/10/7 1:29,131.4574417,47.02540783,5210214.516,458754.7954,4.40776,87.6,TRUE,5.3,400,300
1338,2022/10/7 1:29,131.4575177,47.02541017,5210214.737,458760.5747,5.16708,89.8,TRUE,5.3,376,300
1339,2022/10/7 1:29,131.457606,47.02542317,5210216.135,458767.2973,6.1116,81.3,TRUE,5.3,400,300
1340,2022/10/7 1:29,131.4576933,47.02542233,5210215.996,458773.9332,5.24116,78.4,TRUE,5.3,374,300
1341,2022/10/7 1:29,131.4577688,47.02541933,5210215.623,458779.6703,5.79676,89.1,TRUE,5.3,393,300
1342,2022/10/7 1:29,131.4578422,47.025425,5210216.214,458785.2546,5.72268,85.2,TRUE,5.3,312,300
1343,2022/10/7 1:29,131.4579218,47.02543683,5210217.488,458791.3148,5.57452,87.8,TRUE,5.3,400,300
1344,2022/10/7 1:29,131.4579973,47.02544683,5210218.56,458797.062,4.68556,79.6,TRUE,5.3,400,300
1345,2022/10/7 1:29,131.4580413,47.02545483,5210219.426,458800.413,0,84.2,FALSE,5.3,0,300
1346,2022/10/7 1:29,131.4580322,47.0254555,5210219.505,458799.7218,0,0,FALSE,5.3,0,300
1347,2022/10/7 1:29,131.4579968,47.02545317,5210219.265,458797.0289,4.70408,252.6,FALSE,5.3,0,300
1348,2022/10/7 1:29,131.4579617,47.02541133,5210214.632,458794.3284,4.29664,187.2,FALSE,5.3,0,300
1349,2022/10/7 1:29,131.4579817,47.02539433,5210212.731,458795.8357,4.79668,3.6,FALSE,5.3,0,300
1350,2022/10/7 1:30,131.457975,47.025459,5210219.924,458795.3761,6.3894,322,FALSE,5.3,0,300
1351,2022/10/7 1:30,131.4579298,47.02551283,5210225.932,458791.9815,6.03752,276.8,FALSE,5.3,0,300
1352,2022/10/7 1:30,131.4578428,47.02552767,5210227.628,458785.3792,6.24124,266.9,FALSE,5.3,0,300
1353,2022/10/7 1:30,131.4577502,47.025528,5210227.713,458778.34,5.3708,273.5,FALSE,5.3,0,300
1354,2022/10/7 1:30,131.4576573,47.02554083,5210229.189,458771.2877,7.05612,270.6,FALSE,5.3,0,300
1355,2022/10/7 1:30,131.4575303,47.02556117,5210231.517,458761.6489,7.53764,268.9,FALSE,5.3,0,300
1356,2022/10/7 1:30,131.4574128,47.02555417,5210230.8,458752.7112,7.27836,266.7,FALSE,5.3,0,300
1357,2022/10/7 1:30,131.4573098,47.02552483,5210227.593,458744.8586,7.25984,264.7,FALSE,5.3,0,300
1358,2022/10/7 1:30,131.4572033,47.02550333,5210225.259,458736.7459,7.79692,271,FALSE,5.3,0,300
1359,2022/10/7 1:30,131.4570955,47.0254955,5210224.445,458728.545,7.9636,268.3,FALSE,5.3,0,300
1360,2022/10/7 1:30,131.456991,47.0254965,5210224.611,458720.6017,6.37088,262.1,FALSE,5.3,0,300
1361,2022/10/7 1:30,131.456884,47.02548483,5210223.371,458712.4586,8.40808,266.6,FALSE,5.3,0,300
1362,2022/10/7 1:30,131.4567625,47.02548633,5210223.601,458703.2234,7.74136,262,FALSE,5.3,0,300
1363,2022/10/7 1:30,131.4566258,47.02548117,5210223.1,458692.8276,8.27844,261.9,FALSE,5.3,0,300
1364,2022/10/7 1:30,131.4564998,47.02546167,5210220.998,458683.234,8.6118,264.1,FALSE,5.3,0,300
1365,2022/10/7 1:31,131.4563633,47.02544133,5210218.809,458672.8417,8.6118,269,FALSE,5.3,0,300
1366,2022/10/7 1:31,131.4562388,47.025427,5210217.282,458663.3661,9.019239,268.5,FALSE,5.3,0,300
1367,2022/10/7 1:31,131.456101,47.02542267,5210216.873,458652.8873,8.11176,260.1,FALSE,5.3,0,300
1368,2022/10/7 1:31,131.4559767,47.02540683,5210215.178,458643.4258,8.77848,266.1,FALSE,5.3,0,300
1369,2022/10/7 1:31,131.455862,47.02539583,5210214.016,458634.6979,9.167399,262.4,FALSE,5.3,0,300
1370,2022/10/7 1:31,131.4557412,47.02538617,5210213.006,458625.5072,8.889601,265.3,FALSE,5.3,0,300
1371,2022/10/7 1:31,131.4556097,47.0253945,5210214.001,458615.5171,8.72292,263.5,FALSE,5.3,0,300
1372,2022/10/7 1:31,131.4554845,47.02539233,5210213.826,458605.9977,7.92656,266.8,FALSE,5.3,0,300
1373,2022/10/7 1:31,131.4553573,47.02537283,5210211.725,458596.3129,7.9636,261,FALSE,5.3,0,300
1374,2022/10/7 1:31,131.4552328,47.025358,5210210.143,458586.837,8.81552,261.2,FALSE,5.3,0,300
1375,2022/10/7 1:31,131.4551155,47.02535733,5210210.13,458577.9194,8.537721,260.2,FALSE,5.3,0,300
1376,2022/10/7 1:31,131.4549952,47.02534,5210208.267,458568.7608,9.22296,264.8,FALSE,5.3,0,300
1377,2022/10/7 1:31,131.4548842,47.02532167,5210206.288,458560.3084,7.05612,270.2,FALSE,5.3,0,300
1378,2022/10/7 1:31,131.4547535,47.02531217,5210205.301,458550.3652,7.852479,286.5,FALSE,5.3,0,300
1379,2022/10/7 1:31,131.4546298,47.02530633,5210204.718,458540.9571,7.5932,267.8,FALSE,5.3,0,300
1380,2022/10/7 1:32,131.4545182,47.02529033,5210202.998,458532.4609,5.33376,265.1,FALSE,5.3,0,300
1381,2022/10/7 1:32,131.4544298,47.02529217,5210203.249,458525.7421,6.27828,242.4,FALSE,5.3,0,300
1382,2022/10/7 1:32,131.454344,47.02526167,5210199.904,458519.196,5.33376,202.7,FALSE,5.3,0,300
1383,2022/10/7 1:32,131.4543252,47.0251905,5210192.002,458517.7117,3.55584,203.3,FALSE,5.3,0,300
1384,2022/10/7 1:32,131.4543338,47.0251685,5210189.552,458518.3484,0,0,FALSE,5.3,0,300
1385,2022/10/7 1:32,131.4543322,47.025123,5210184.494,458518.1915,3.31508,197.5,TRUE,5.3,395,300
1386,2022/10/7 1:32,131.4543315,47.0250735,5210178.992,458518.1,6.07456,175.5,TRUE,5.3,400,300
1387,2022/10/7 1:32,131.4543188,47.02501583,5210172.587,458517.0899,4.74112,191.8,TRUE,5.3,400,300
1388,2022/10/7 1:32,131.4543173,47.0249495,5210165.214,458516.9244,5.90788,192.2,TRUE,5.3,400,300
1389,2022/10/7 1:32,131.4543177,47.02487583,5210157.024,458516.8978,7.704319,182.1,TRUE,5.3,400,300
1390,2022/10/7 1:32,131.4543172,47.02480983,5210149.687,458516.8086,7.3154,181.9,TRUE,5.3,371,300
1391,2022/10/7 1:32,131.4543067,47.02473033,5210140.854,458515.9488,6.81536,184.6,TRUE,5.3,400,300
1392,2022/10/7 1:32,131.454301,47.02465417,5210132.39,458515.4565,7.1302,186.9,TRUE,5.3,400,300
1393,2022/10/7 1:32,131.4542932,47.02458017,5210124.168,458514.8062,7.07464,185.7,TRUE,5.3,400,300
1394,2022/10/7 1:32,131.4542947,47.02451283,5210116.681,458514.8681,7.463561,185.9,TRUE,5.3,399,300
1395,2022/10/7 1:33,131.4542958,47.02443983,5210108.565,458514.8952,7.2228,185.1,TRUE,5.3,400,300
1396,2022/10/7 1:33,131.4543025,47.02436583,5210100.335,458515.3472,7.09316,189.4,TRUE,5.3,399,300
1397,2022/10/7 1:33,131.454275,47.02430067,5210093.105,458513.2061,6.83388,193.7,TRUE,5.3,400,300
1398,2022/10/7 1:33,131.454266,47.02422133,5210084.29,458512.4604,7.63024,187.6,TRUE,5.3,400,300
1399,2022/10/7 1:33,131.4542517,47.02413733,5210074.959,458511.3083,7.9636,185.7,TRUE,5.3,400,300
1400,2022/10/7 1:33,131.4542487,47.02406417,5210066.827,458511.0235,7.18576,192.1,TRUE,5.3,400,300
1401,2022/10/7 1:33,131.4542508,47.023997,5210059.359,458511.1311,7.35244,178.9,TRUE,5.3,400,300
1402,2022/10/7 1:33,131.4542467,47.0239245,5210051.301,458510.7633,7.37096,187.9,TRUE,5.3,400,300
1403,2022/10/7 1:33,131.4542338,47.02384933,5210042.951,458509.7243,6.46348,187,TRUE,5.3,398,300
1404,2022/10/7 1:33,131.4542238,47.02377717,5210034.934,458508.9082,6.79684,182.6,TRUE,5.3,400,300
1405,2022/10/7 1:33,131.4542218,47.023698,5210026.134,458508.6948,7.24132,182.3,TRUE,5.3,400,300
1406,2022/10/7 1:33,131.4542113,47.02362267,5210017.765,458507.8382,7.63024,189.8,TRUE,5.3,400,300
1407,2022/10/7 1:33,131.45421,47.0235445,5210009.075,458507.6788,7.83396,187.7,TRUE,5.3,400,300
1408,2022/10/7 1:33,131.4542122,47.023475,5210001.348,458507.7922,7.14872,184.3,TRUE,5.3,400,300
1409,2022/10/7 1:33,131.454218,47.02340483,5209993.544,458508.1788,7.01908,187.2,TRUE,5.3,400,300
1410,2022/10/7 1:34,131.4542217,47.023331,5209985.334,458508.4029,6.2968,186.1,TRUE,5.3,393,300
1411,2022/10/7 1:34,131.4542162,47.02326333,5209977.814,458507.9323,6.74128,182.2,TRUE,5.3,394,300
1412,2022/10/7 1:34,131.4541943,47.02318467,5209969.081,458506.2065,7.25984,186.1,TRUE,5.3,400,300
1413,2022/10/7 1:34,131.4541778,47.02310867,5209960.641,458504.8932,7.2228,184.6,TRUE,5.3,400,300
1414,2022/10/7 1:34,131.4541685,47.02303483,5209952.437,458504.129,6.88944,188.8,TRUE,5.3,400,300
1415,2022/10/7 1:34,131.4541647,47.0229675,5209944.954,458503.7879,6.2968,189.7,TRUE,5.3,400,300
1416,2022/10/7 1:34,131.454138,47.02289017,5209936.371,458501.6982,7.27836,189.6,TRUE,5.3,400,300
1417,2022/10/7 1:34,131.4541337,47.02282017,5209928.591,458501.317,7.27836,185.1,TRUE,5.3,400,300
1418,2022/10/7 1:34,131.4541363,47.0227475,5209920.511,458501.4584,6.81536,189.4,TRUE,5.3,400,300
1419,2022/10/7 1:34,131.454119,47.02267533,5209912.497,458500.0872,7.463561,189.2,TRUE,5.3,400,300
1420,2022/10/7 1:34,131.4541082,47.022609,5209905.129,458499.2148,7.27836,184.4,TRUE,5.3,400,300
1421,2022/10/7 1:34,131.4541212,47.02253633,5209897.043,458500.1468,6.53756,181.8,TRUE,5.3,400,300
1422,2022/10/7 1:34,131.4541098,47.02246617,5209889.25,458499.2257,6.77832,186.6,TRUE,5.3,400,300
1423,2022/10/7 1:34,131.4541003,47.0223895,5209880.731,458498.4441,7.63024,184.3,TRUE,5.3,400,300
1424,2022/10/7 1:34,131.4540947,47.02231267,5209872.193,458497.9588,6.33384,188.5,TRUE,5.3,400,300
1425,2022/10/7 1:35,131.45409,47.02224133,5209864.264,458497.5462,6.92648,181.8,TRUE,5.3,400,300
1426,2022/10/7 1:35,131.4540822,47.022171,5209856.45,458496.8987,6.8524,188.2,TRUE,5.3,400,300
1427,2022/10/7 1:35,131.4540782,47.0220975,5209848.281,458496.5377,6.6672,183.1,TRUE,5.3,400,300
1428,2022/10/7 1:35,131.4540673,47.02202067,5209839.746,458495.6494,7.16724,180.2,TRUE,5.3,400,300
1429,2022/10/7 1:35,131.4540542,47.0219485,5209831.729,458494.5976,7.33392,193.6,TRUE,5.3,400,300
1430,2022/10/7 1:35,131.454049,47.0218545,5209821.282,458494.1294,7.1302,188.2,TRUE,5.3,400,300
1431,2022/10/7 1:35,131.4540565,47.02177917,5209812.903,458494.6412,6.37088,186.4,TRUE,5.3,400,300
1432,2022/10/7 1:35,131.4540543,47.02170333,5209804.473,458494.4152,7.5006,188.9,TRUE,5.3,400,300
1433,2022/10/7 1:35,131.4540353,47.02162617,5209795.906,458492.9109,7.51912,192.5,TRUE,5.3,400,300
1434,2022/10/7 1:35,131.4540358,47.02156467,5209789.068,458492.9012,5.88936,194.8,TRUE,5.3,400,300
1435,2022/10/7 1:35,131.4540375,47.02150633,5209782.582,458492.9853,6.50052,186.9,TRUE,5.3,400,300
1436,2022/10/7 1:35,131.4540267,47.02145867,5209777.289,458492.1273,4.79668,200.5,TRUE,5.3,400,300
1437,2022/10/7 1:35,131.4539957,47.021427,5209773.785,458489.7459,4.51888,260.9,FALSE,5.3,0,300
1438,2022/10/7 1:35,131.4539542,47.02142133,5209773.176,458486.5865,2.315,310.5,FALSE,5.3,0,300
1439,2022/10/7 1:35,131.4539778,47.02141767,5209772.757,458488.3778,4.85224,105.2,FALSE,5.3,0,300
1440,2022/10/7 1:36,131.4540302,47.02140617,5209771.451,458492.3527,0,121.7,FALSE,5.3,0,300
1441,2022/10/7 1:36,131.4539953,47.02143,5209774.118,458489.7178,6.27828,329.2,FALSE,5.3,0,300
1442,2022/10/7 1:36,131.4539718,47.0214705,5209778.633,458487.9626,6.46348,358.4,FALSE,5.3,0,300
1443,2022/10/7 1:36,131.4539573,47.02152333,5209784.514,458486.9012,5.31524,3.4,TRUE,5.3,399,300
1444,2022/10/7 1:36,131.4539742,47.02157833,5209790.62,458488.2287,6.79684,6.2,FALSE,5.3,0,300
1445,2022/10/7 1:36,131.45397,47.02159817,5209792.827,458487.9248,5.77824,184.1,FALSE,5.3,0,300
1446,2022/10/7 1:36,131.4539685,47.02153333,5209785.62,458487.7605,5.07448,184.4,FALSE,5.3,0,300
1447,2022/10/7 1:36,131.4539613,47.02148633,5209780.399,458487.1766,0,181.5,FALSE,5.3,0,300
1448,2022/10/7 1:36,131.4539598,47.02149317,5209781.16,458487.0679,0,0,FALSE,5.3,0,300
1449,2022/10/7 1:36,131.4539642,47.02153717,5209786.049,458487.4365,5.40784,359.8,TRUE,5.3,400,300
1450,2022/10/7 1:36,131.453961,47.02160617,5209793.722,458487.2467,7.07464,5,TRUE,5.3,400,300
1451,2022/10/7 1:36,131.4539697,47.021681,5209802.036,458487.9662,7.25984,7.2,TRUE,5.3,366,300
1452,2022/10/7 1:36,131.453986,47.0217465,5209809.309,458489.2561,7.24132,10.4,TRUE,5.3,400,300
1453,2022/10/7 1:36,131.4540017,47.02182017,5209817.491,458490.5068,8.667359,5.6,TRUE,5.3,398,300
1454,2022/10/7 1:36,131.4540227,47.02189,5209825.242,458492.1575,6.68572,4.8,TRUE,5.3,400,300
1455,2022/10/7 1:37,131.454035,47.02195983,5209832.999,458493.1467,8.27844,6.6,TRUE,5.3,400,300
1456,2022/10/7 1:37,131.4540408,47.02203533,5209841.389,458493.6462,7.871,359.1,TRUE,5.3,400,300
1457,2022/10/7 1:37,131.4540445,47.0221075,5209849.411,458493.9834,7.1302,4.2,TRUE,5.3,400,300
1458,2022/10/7 1:37,131.4540493,47.02218483,5209858.005,458494.4082,7.83396,5.5,TRUE,5.3,400,300
1459,2022/10/7 1:37,131.4540487,47.022253,5209865.584,458494.4154,7.9636,357.2,TRUE,5.3,400,300
1460,2022/10/7 1:37,131.4540468,47.02233617,5209874.831,458494.3355,7.33392,4.7,TRUE,5.3,400,300
1461,2022/10/7 1:37,131.4540527,47.0224235,5209884.536,458494.8517,8.37104,0.8,TRUE,5.3,400,300
1462,2022/10/7 1:37,131.4540662,47.0224985,5209892.867,458495.9361,7.463561,5,TRUE,5.3,393,300
1463,2022/10/7 1:37,131.4540683,47.02257717,5209901.612,458496.1568,8.27844,1.1,TRUE,5.3,400,300
1464,2022/10/7 1:37,131.4540763,47.02265967,5209910.779,458496.8289,8.4266,3.8,TRUE,5.3,400,300
1465,2022/10/7 1:37,131.4540838,47.02273867,5209919.557,458497.4603,8.37104,5,TRUE,5.3,400,300
1466,2022/10/7 1:37,131.4540925,47.0228165,5209928.205,458498.182,8.519199,7.8,TRUE,5.3,400,300
1467,2022/10/7 1:37,131.4541013,47.02290117,5209937.613,458498.9166,9.019239,356.8,TRUE,5.3,400,300
1468,2022/10/7 1:37,131.4541057,47.02299733,5209948.301,458499.3257,8.50068,8.3,TRUE,5.3,366,300
1469,2022/10/7 1:37,131.4541185,47.023067,5209956.04,458500.3527,8.037681,5.3,TRUE,5.3,371,300
1470,2022/10/7 1:38,131.4541345,47.02314783,5209965.017,458501.6317,8.77848,5.1,TRUE,5.3,400,300
1471,2022/10/7 1:38,131.4541485,47.02323067,5209974.219,458502.7603,9.18592,0.8,TRUE,5.3,400,300
1472,2022/10/7 1:38,131.4541505,47.0233195,5209984.094,458502.9811,8.27844,5,TRUE,5.3,400,300
1473,2022/10/7 1:38,131.4541485,47.023403,5209993.377,458502.8938,8.889601,4.9,TRUE,5.3,400,300
1474,2022/10/7 1:38,131.4541535,47.0234835,5210002.324,458503.3363,8.11176,0.5,TRUE,5.3,393,300
1475,2022/10/7 1:38,131.4541475,47.02356833,5210011.758,458502.9459,8.519199,5.2,TRUE,5.3,400,300
1476,2022/10/7 1:38,131.4541553,47.02365067,5210020.908,458503.6027,9.14888,358.1,TRUE,5.3,400,300
1477,2022/10/7 1:38,131.4541617,47.02373483,5210030.26,458504.1544,8.07472,1.5,TRUE,5.3,381,300
1478,2022/10/7 1:38,131.4541722,47.0238105,5210038.667,458505.0113,8.20436,1.5,TRUE,5.3,400,300
1479,2022/10/7 1:38,131.4541742,47.02389833,5210048.43,458505.2314,8.167319,359.4,TRUE,5.3,400,300
1480,2022/10/7 1:38,131.4541793,47.02397467,5210056.914,458505.6783,7.00056,1.6,TRUE,5.3,398,300
1481,2022/10/7 1:38,131.4541928,47.02405283,5210065.596,458506.7651,8.46364,6.5,TRUE,5.3,400,300
1482,2022/10/7 1:38,131.4541993,47.02412917,5210074.079,458507.3184,9.13036,1.2,TRUE,5.3,400,300
1483,2022/10/7 1:38,131.454204,47.02421467,5210083.582,458507.742,9.24148,5.7,TRUE,5.3,400,300
1484,2022/10/7 1:38,131.4542098,47.02429583,5210092.602,458508.2458,8.185841,4.3,TRUE,5.3,400,300
1485,2022/10/7 1:39,131.454204,47.02439117,5210103.204,458507.8787,8.77848,4.2,TRUE,5.3,400,300
1486,2022/10/7 1:39,131.4542187,47.0244745,5210112.46,458509.0608,7.44504,3.3,TRUE,5.3,400,300
1487,2022/10/7 1:39,131.454227,47.02455083,5210120.941,458509.7509,8.20436,4.2,TRUE,5.3,400,300
1488,2022/10/7 1:39,131.4542373,47.02463167,5210129.923,458510.5966,8.926641,4.7,TRUE,5.3,400,300
1489,2022/10/7 1:39,131.4542455,47.0247045,5210138.015,458511.2764,8.29696,4.3,TRUE,5.3,400,300
1490,2022/10/7 1:39,131.454245,47.02478867,5210147.373,458511.3036,8.59328,3.6,TRUE,5.3,400,300
1491,2022/10/7 1:39,131.4542548,47.02486483,5210155.834,458512.1076,8.667359,3,TRUE,5.3,400,300
1492,2022/10/7 1:39,131.4542682,47.02494917,5210165.203,458513.1916,6.53756,10.8,TRUE,5.3,400,300
1493,2022/10/7 1:39,131.4542717,47.0250155,5210172.575,458513.509,5.81528,12,TRUE,5.3,267,300
1494,2022/10/7 1:39,131.4542715,47.025076,5210179.301,458513.5407,5.16708,10,TRUE,5.3,400,300
1495,2022/10/7 1:39,131.454279,47.02512767,5210185.041,458514.1509,2.61132,19.8,TRUE,5.3,400,300
1496,2022/10/7 1:39,131.4542928,47.02516567,5210189.259,458515.2294,5.11152,14.4,FALSE,5.3,0,300
1497,2022/10/7 1:39,131.4543353,47.0251985,5210192.886,458518.4857,5.2782,69.3,FALSE,5.3,0,300
1498,2022/10/7 1:39,131.4543985,47.025195,5210192.463,458523.2874,5.7412,106.7,FALSE,5.3,0,300
1499,2022/10/7 1:39,131.4544277,47.02516833,5210189.483,458525.4866,4.167,150.7,FALSE,5.3,0,300
1500,2022/10/7 1:40,131.4544243,47.02513133,5210185.371,458525.1994,5.40784,185.1,TRUE,5.3,217,300
1501,2022/10/7 1:40,131.4544085,47.02509417,5210181.249,458523.9695,3.68548,183.1,TRUE,5.3,388,300
1502,2022/10/7 1:40,131.4544007,47.02504483,5210175.768,458523.3384,7.11168,184.7,TRUE,5.3,370,300
1503,2022/10/7 1:40,131.4543938,47.0249875,5210169.398,458522.7694,5.87084,192.3,TRUE,5.3,400,300
1504,2022/10/7 1:40,131.454403,47.0249165,5210161.5,458523.4138,7.704319,184.8,TRUE,5.3,359,300
1505,2022/10/7 1:40,131.4544072,47.02483133,5210152.029,458523.6671,7.6858,181.8,TRUE,5.3,400,300
1506,2022/10/7 1:40,131.4544002,47.02475617,5210143.677,458523.0768,7.37096,186.1,TRUE,5.3,400,300
1507,2022/10/7 1:40,131.4543882,47.02468067,5210135.29,458522.106,7.38948,191.7,TRUE,5.3,396,300
1508,2022/10/7 1:40,131.4543828,47.0246005,5210126.38,458521.6334,7.79692,183.1,TRUE,5.3,400,300
1509,2022/10/7 1:40,131.4543927,47.02452583,5210118.074,458522.3282,6.945,191.2,TRUE,5.3,400,300
1510,2022/10/7 1:40,131.4543743,47.02445083,5210109.746,458520.8713,7.00056,186.4,TRUE,5.3,400,300
1511,2022/10/7 1:40,131.4543667,47.02437883,5210101.746,458520.2378,6.7598,185.1,TRUE,5.3,400,300
1512,2022/10/7 1:40,131.4543608,47.02430233,5210093.244,458519.73,6.98204,184.6,TRUE,5.3,379,300
1513,2022/10/7 1:40,131.4543507,47.02422767,5210084.95,458518.9044,7.408,190.1,TRUE,5.3,395,300
1514,2022/10/7 1:40,131.4543492,47.024149,5210076.205,458518.7294,7.48208,183.3,TRUE,5.3,400,300
1515,2022/10/7 1:41,131.454337,47.0240635,5210066.706,458517.7357,6.46348,185.5,TRUE,5.3,400,300
1516,2022/10/7 1:41,131.454324,47.02399133,5210058.69,458516.6915,7.09316,185.6,TRUE,5.3,400,300
1517,2022/10/7 1:41,131.4543218,47.0239275,5210051.595,458516.4748,6.33384,182.2,TRUE,5.3,400,300
1518,2022/10/7 1:41,131.4543162,47.02385167,5210043.168,458515.9903,7.5006,190.2,TRUE,5.3,400,300
1519,2022/10/7 1:41,131.4543257,47.02377183,5210034.287,458516.6507,7.57468,181.3,TRUE,5.3,400,300
1520,2022/10/7 1:41,131.454321,47.02369317,5210025.544,458516.2325,7.75988,186.7,TRUE,5.3,400,300
1521,2022/10/7 1:41,131.4543022,47.02361483,5210016.845,458514.7426,7.61172,188.9,TRUE,5.3,396,300
1522,2022/10/7 1:41,131.4542835,47.02354533,5210009.129,458513.2671,6.87092,187.8,TRUE,5.3,400,300
1523,2022/10/7 1:41,131.4542823,47.02347233,5210001.014,458513.1193,7.00056,184.9,TRUE,5.3,400,300
1524,2022/10/7 1:41,131.454268,47.02339167,5209992.055,458511.9697,6.74128,186.2,TRUE,5.3,400,300
1525,2022/10/7 1:41,131.4542668,47.02331317,5209983.328,458511.8177,8.11176,191.1,TRUE,5.3,400,300
1526,2022/10/7 1:41,131.4542702,47.02323233,5209974.339,458512.0135,7.20428,181.8,TRUE,5.3,400,300
1527,2022/10/7 1:41,131.4542812,47.02315117,5209965.311,458512.7869,6.61164,183.1,TRUE,5.3,400,300
1528,2022/10/7 1:41,131.4542798,47.02307717,5209957.085,458512.6231,6.98204,188.1,TRUE,5.3,400,300
1529,2022/10/7 1:41,131.4542663,47.0229985,5209948.346,458511.5359,7.2228,184.8,TRUE,5.3,400,300
1530,2022/10/7 1:42,131.4542568,47.02292133,5209939.772,458510.7539,6.92648,187.3,TRUE,5.3,400,300
1531,2022/10/7 1:42,131.4542442,47.02284017,5209930.756,458509.7331,6.92648,182.7,TRUE,5.3,400,300
1532,2022/10/7 1:42,131.4542245,47.02276367,5209922.262,458508.1762,7.55616,186,TRUE,5.3,400,300
1533,2022/10/7 1:42,131.4542217,47.02268533,5209913.555,458507.9026,8.11176,182.4,TRUE,5.3,400,300
1534,2022/10/7 1:42,131.4542145,47.02260917,5209905.092,458507.2962,7.37096,180.1,TRUE,5.3,400,300
1535,2022/10/7 1:42,131.4542137,47.02252767,5209896.032,458507.1723,7.29688,182.5,TRUE,5.3,400,300
1536,2022/10/7 1:42,131.4542168,47.02245033,5209887.432,458507.348,7.90804,187.1,TRUE,5.3,400,300
1537,2022/10/7 1:42,131.454202,47.0223735,5209878.899,458506.1633,7.72284,189.7,TRUE,5.3,400,300
1538,2022/10/7 1:42,131.4541763,47.022287,5209869.296,458504.1425,7.51912,183.1,TRUE,5.3,400,300
1539,2022/10/7 1:42,131.4541788,47.022212,5209860.957,458504.2744,7.63024,187.9,TRUE,5.3,400,300
1540,2022/10/7 1:42,131.4541845,47.0221325,5209852.116,458504.6462,7.27836,185.6,TRUE,5.3,400,300
1541,2022/10/7 1:42,131.4541913,47.0220505,5209842.996,458505.0996,7.704319,184.8,TRUE,5.3,400,300
1542,2022/10/7 1:42,131.4541917,47.02197983,5209835.139,458505.0752,7.29688,185.5,TRUE,5.3,400,300
1543,2022/10/7 1:42,131.4541753,47.02189883,5209826.143,458503.7657,7.24132,189.9,TRUE,5.3,399,300
1544,2022/10/7 1:42,131.4541583,47.0218335,5209818.889,458502.4226,7.6858,183.3,TRUE,5.3,400,300
1545,2022/10/7 1:43,131.4541457,47.0217505,5209809.669,458501.4004,8.167319,191.7,TRUE,5.3,400,300
1546,2022/10/7 1:43,131.4541305,47.02166967,5209800.691,458500.1822,6.7598,187.2,TRUE,5.3,400,300
1547,2022/10/7 1:43,131.4541205,47.02159633,5209792.543,458499.3651,7.92656,187.7,TRUE,5.3,400,300
1548,2022/10/7 1:43,131.4541062,47.0215235,5209784.454,458498.2215,6.42644,187.2,TRUE,5.3,400,300
1549,2022/10/7 1:43,131.4541022,47.02146967,5209778.472,458497.8757,5.75972,189.2,TRUE,5.3,359,300
1550,2022/10/7 1:43,131.4540768,47.02142517,5209773.538,458495.9102,6.59312,235.6,FALSE,5.3,0,300
1551,2022/10/7 1:43,131.4539785,47.02141833,5209772.83,458488.4316,5.87084,270.4,FALSE,5.3,0,300
1552,2022/10/7 1:43,131.4539113,47.02142733,5209773.866,458483.3296,5.07448,307.9,FALSE,5.3,0,300
1553,2022/10/7 1:43,131.4538798,47.0214625,5209777.793,458480.9621,5.33376,1.8,FALSE,5.3,0,300
1554,2022/10/7 1:43,131.4538723,47.02151417,5209783.541,458480.432,6.1116,359.5,FALSE,5.3,0,300
1555,2022/10/7 1:43,131.4538743,47.02152767,5209785.041,458480.5945,0,16.6,FALSE,5.3,0,300
1556,2022/10/7 1:43,131.4538768,47.0215135,5209783.464,458480.7736,4.31516,181.8,FALSE,5.3,0,300
1557,2022/10/7 1:43,131.4538685,47.02148367,5209780.152,458480.1194,0,0,FALSE,5.3,0,300
1558,2022/10/7 1:43,131.4538723,47.0214855,5209780.354,458480.4098,4.20404,8,TRUE,5.3,368,300
1559,2022/10/7 1:43,131.4538798,47.021523,5209784.518,458481.009,4.96336,1.9,TRUE,5.3,400,300
1560,2022/10/7 1:44,131.4538865,47.021575,5209790.296,458481.5587,6.77832,10.9,TRUE,5.3,400,300
1561,2022/10/7 1:44,131.4538978,47.021638,5209797.294,458482.4666,7.0376,9.5,TRUE,5.3,399,300
1562,2022/10/7 1:44,131.45391,47.0216875,5209802.79,458483.4325,3.12988,15.8,TRUE,5.3,400,300
1563,2022/10/7 1:44,131.4539157,47.02169167,5209803.251,458483.8691,0,0,FALSE,5.3,0,300
1564,2022/10/7 1:44,131.4539127,47.02168717,5209802.752,458483.6375,0,0,FALSE,5.3,0,300
1565,2022/10/7 1:44,131.4539152,47.021684,5209802.398,458483.8251,0,0,FALSE,5.3,0,300
1566,2022/10/7 1:44,131.4539158,47.0216835,5209802.342,458483.8703,0,0,FALSE,5.3,0,300
1567,2022/10/7 1:44,131.4539182,47.02168283,5209802.267,458484.0523,0,0,FALSE,5.3,0,300
1568,2022/10/7 1:44,131.4539203,47.021682,5209802.173,458484.2113,0,0,FALSE,5.3,0,300
1569,2022/10/7 1:44,131.4539232,47.0216805,5209802.005,458484.4306,0,0,FALSE,5.3,0,300
1570,2022/10/7 1:44,131.4539243,47.02167967,5209801.912,458484.5136,0,0,FALSE,5.3,0,300
1571,2022/10/7 1:44,131.4539277,47.021679,5209801.836,458484.7716,5.07448,4.3,TRUE,5.3,400,300
1572,2022/10/7 1:44,131.453959,47.02173567,5209808.119,458487.1951,5.50044,3.4,TRUE,5.3,400,300
1573,2022/10/7 1:44,131.4539765,47.02179783,5209815.02,458488.5737,6.72276,13.4,TRUE,5.3,400,300
1574,2022/10/7 1:44,131.4539803,47.02186933,5209822.967,458488.918,5.9264,12.9,TRUE,5.3,400,300
1575,2022/10/7 1:45,131.4539867,47.02194183,5209831.024,458489.4608,6.3894,6.7,TRUE,5.3,393,300
1576,2022/10/7 1:45,131.4539803,47.022015,5209839.161,458489.0309,7.07464,11.2,TRUE,5.3,393,300
1577,2022/10/7 1:45,131.4539817,47.02208383,5209846.812,458489.1907,6.59312,359.7,TRUE,5.3,400,300
1578,2022/10/7 1:45,131.453982,47.02216,5209855.28,458489.2725,7.57468,6.3,TRUE,5.3,400,300
1579,2022/10/7 1:45,131.4539905,47.02223317,5209863.41,458489.9755,7.2228,2.9,TRUE,5.3,400,300
1580,2022/10/7 1:45,131.4539832,47.0223105,5209872.011,458489.4804,7.2228,7.3,TRUE,5.3,400,300
1581,2022/10/7 1:45,131.4539738,47.022386,5209880.409,458488.8243,5.57452,6.4,TRUE,5.3,400,300
1582,2022/10/7 1:45,131.453976,47.022417,5209883.854,458489.0156,0,6.4,FALSE,5.3,0,300
1583,2022/10/7 1:45,131.4539705,47.02241633,5209883.783,458488.597,0,0,FALSE,5.3,0,300
1584,2022/10/7 1:45,131.4539717,47.022415,5209883.634,458488.6872,0,0,FALSE,5.3,0,300
1585,2022/10/7 1:45,131.4539707,47.0224155,5209883.69,458488.6115,0,0,FALSE,5.3,0,300
1586,2022/10/7 1:45,131.4539717,47.02241583,5209883.726,458488.6878,0,0,FALSE,5.3,0,300
1587,2022/10/7 1:45,131.453972,47.02241583,5209883.726,458488.7106,0,0,FALSE,5.3,0,300
1588,2022/10/7 1:45,131.4539687,47.02241667,5209883.821,458488.4604,0,0,FALSE,5.3,0,300
1589,2022/10/7 1:45,131.4539647,47.02241733,5209883.897,458488.1568,0,0,FALSE,5.3,0,300
1590,2022/10/7 1:46,131.4539627,47.0224175,5209883.917,458488.0049,0,0,FALSE,5.3,0,300
1591,2022/10/7 1:46,131.4539623,47.02241767,5209883.936,458487.9746,0,0,FALSE,5.3,0,300
1592,2022/10/7 1:46,131.4539627,47.022418,5209883.972,458488.0053,0,0,FALSE,5.3,0,300
1593,2022/10/7 1:46,131.4539633,47.02241783,5209883.953,458488.0508,0,0,FALSE,5.3,0,300
1594,2022/10/7 1:46,131.4539645,47.022418,5209883.972,458488.1421,0,0,FALSE,5.3,0,300
1595,2022/10/7 1:46,131.4539655,47.02241783,5209883.952,458488.218,0,0,FALSE,5.3,0,300
1596,2022/10/7 1:46,131.4539665,47.0224175,5209883.915,458488.2938,0,0,FALSE,5.3,0,300
1597,2022/10/7 1:46,131.4539672,47.02241717,5209883.878,458488.3467,0,0,FALSE,5.3,0,300
1598,2022/10/7 1:46,131.4539677,47.02241717,5209883.878,458488.3847,0,0,FALSE,5.3,0,300
1599,2022/10/7 1:46,131.4539683,47.02241717,5209883.877,458488.4304,0,0,FALSE,5.3,0,300
1600,2022/10/7 1:46,131.4539688,47.022417,5209883.858,458488.4682,0,0,FALSE,5.3,0,300
1601,2022/10/7 1:46,131.4539698,47.02241667,5209883.821,458488.544,0,0,FALSE,5.3,0,300
1602,2022/10/7 1:46,131.4539703,47.02241617,5209883.765,458488.5816,0,0,FALSE,5.3,0,300
1603,2022/10/7 1:46,131.4539705,47.0224155,5209883.69,458488.5963,0,0,FALSE,5.3,0,300
1604,2022/10/7 1:46,131.4539712,47.0224145,5209883.579,458488.6488,0,0,FALSE,5.3,0,300
1605,2022/10/7 1:47,131.4539715,47.02241367,5209883.486,458488.6709,0,0,FALSE,5.3,0,300
1606,2022/10/7 1:47,131.4539722,47.02241283,5209883.393,458488.7235,0,0,FALSE,5.3,0,300
1607,2022/10/7 1:47,131.453972,47.0224125,5209883.356,458488.708,0,0,FALSE,5.3,0,300
1608,2022/10/7 1:47,131.4539722,47.022412,5209883.3,458488.7228,0,0,FALSE,5.3,0,300
1609,2022/10/7 1:47,131.4539723,47.02241167,5209883.264,458488.7302,0,0,FALSE,5.3,0,300
1610,2022/10/7 1:47,131.4539728,47.0224115,5209883.245,458488.7681,0,0,FALSE,5.3,0,300
1611,2022/10/7 1:47,131.453973,47.02241133,5209883.226,458488.7831,0,0,FALSE,5.3,0,300
1612,2022/10/7 1:47,131.4539733,47.02241083,5209883.17,458488.8056,0,0,FALSE,5.3,0,300
1613,2022/10/7 1:47,131.453974,47.0224105,5209883.133,458488.8585,0,0,FALSE,5.3,0,300
1614,2022/10/7 1:47,131.4539902,47.02243533,5209885.885,458490.1094,4.59296,2.5,TRUE,5.3,400,300
1615,2022/10/7 1:47,131.454011,47.02248833,5209891.766,458491.7317,5.25968,4,TRUE,5.3,400,300
1616,2022/10/7 1:47,131.4540187,47.022544,5209897.95,458492.3603,5.57452,359.8,TRUE,5.3,400,300
1617,2022/10/7 1:47,131.454015,47.02260567,5209904.808,458492.1268,6.482,3.9,TRUE,5.3,400,300
1618,2022/10/7 1:47,131.4540235,47.02267,5209911.955,458492.8228,6.27828,3.7,TRUE,5.3,400,300
1619,2022/10/7 1:47,131.4540358,47.0227405,5209919.786,458493.8126,6.55608,4.8,TRUE,5.3,400,300
1620,2022/10/7 1:48,131.454032,47.0228185,5209928.46,458493.5841,6.92648,5.9,TRUE,5.3,400,300
1621,2022/10/7 1:48,131.4540455,47.02288817,5209936.198,458494.6645,6.98204,6.3,TRUE,5.3,400,300
1622,2022/10/7 1:48,131.4540622,47.02295567,5209943.693,458495.9864,7.889521,3.9,TRUE,5.3,400,300
1623,2022/10/7 1:48,131.4540715,47.02303,5209951.951,458496.751,6.98204,6.5,TRUE,5.3,400,300
1624,2022/10/7 1:48,131.4540827,47.02309883,5209959.597,458497.6558,7.2228,9.7,TRUE,5.3,400,300
1625,2022/10/7 1:48,131.454066,47.0231685,5209967.352,458496.4402,6.87092,1.8,TRUE,5.3,400,300
1626,2022/10/7 1:48,131.4540803,47.02323817,5209975.089,458497.5813,6.79684,6.8,TRUE,5.3,400,300
1627,2022/10/7 1:48,131.4540853,47.02330833,5209982.886,458498.0158,6.05604,9.5,TRUE,5.3,397,300
1628,2022/10/7 1:48,131.4540898,47.02336733,5209989.443,458498.4036,6.74128,7.4,TRUE,5.3,400,300
1629,2022/10/7 1:48,131.454091,47.02344417,5209997.985,458498.5544,6.96352,5.3,TRUE,5.3,400,300
1630,2022/10/7 1:48,131.454088,47.02352633,5210007.12,458498.39,7.33392,3.9,TRUE,5.3,400,300
1631,2022/10/7 1:48,131.4540915,47.02360917,5210016.328,458498.7203,8.44512,5.1,TRUE,5.3,400,300
1632,2022/10/7 1:48,131.4540892,47.02369283,5210025.629,458498.6103,7.29688,2.5,TRUE,5.3,397,300
1633,2022/10/7 1:48,131.454099,47.02375867,5210032.944,458499.4063,6.83388,6.3,TRUE,5.3,400,300
1634,2022/10/7 1:48,131.454093,47.02382817,5210040.673,458499.004,7.01908,4.7,TRUE,5.3,400,300
1635,2022/10/7 1:49,131.4541002,47.02389433,5210048.025,458499.6027,7.42652,3,TRUE,5.3,400,300
1636,2022/10/7 1:49,131.4541093,47.02397233,5210056.691,458500.3549,7.463561,5.3,TRUE,5.3,400,300
1637,2022/10/7 1:49,131.4541065,47.02404333,5210064.586,458500.1971,6.59312,7.3,TRUE,5.3,370,300
1638,2022/10/7 1:49,131.4541202,47.024109,5210071.879,458501.2895,6.77832,9.6,TRUE,5.3,400,300
1639,2022/10/7 1:49,131.454127,47.0241835,5210080.158,458501.8642,6.40792,3.8,TRUE,5.3,400,300
1640,2022/10/7 1:49,131.4541312,47.024258,5210088.438,458502.2412,7.07464,8.2,TRUE,5.3,400,300
1641,2022/10/7 1:49,131.4541315,47.02432267,5210095.627,458502.3141,6.945,1.9,TRUE,5.3,400,300
1642,2022/10/7 1:49,131.4541313,47.02440667,5210104.965,458502.364,6.37088,1.1,TRUE,5.3,400,300
1643,2022/10/7 1:49,131.4541435,47.0244675,5210111.722,458503.3386,6.37088,3.7,TRUE,5.3,400,300
1644,2022/10/7 1:49,131.4541533,47.02454133,5210119.924,458504.1408,7.00056,11.1,TRUE,5.3,390,300
1645,2022/10/7 1:49,131.45416,47.02461233,5210127.814,458504.7052,7.2228,2.7,TRUE,5.3,399,300
1646,2022/10/7 1:49,131.4541687,47.0246915,5210136.61,458505.4279,7.35244,1.6,TRUE,5.3,400,300
1647,2022/10/7 1:49,131.4541717,47.02475817,5210144.021,458505.7076,7.3154,2.2,TRUE,5.3,397,300
1648,2022/10/7 1:49,131.4541748,47.024831,5210152.116,458505.9997,7.24132,5.1,TRUE,5.3,400,300
1649,2022/10/7 1:49,131.4541708,47.02489583,5210159.325,458505.7459,6.2042,5.8,TRUE,5.3,400,300
1650,2022/10/7 1:50,131.454174,47.02495217,5210165.587,458506.0328,4.27812,7.5,TRUE,5.3,400,300
1651,2022/10/7 1:50,131.4541912,47.0250015,5210171.062,458507.3786,4.70408,27.6,TRUE,5.3,377,300
1652,2022/10/7 1:50,131.4542265,47.02503333,5210174.581,458510.0867,5.11152,29.4,TRUE,5.3,394,300
1653,2022/10/7 1:50,131.4542617,47.02507883,5210179.621,458512.7979,5.75972,42.7,TRUE,5.3,232,300
1654,2022/10/7 1:50,131.4543002,47.02512317,5210184.53,458515.759,5.05596,14.9,FALSE,5.3,0,300
1655,2022/10/7 1:50,131.454329,47.02517783,5210190.591,458517.9908,4.94484,31.4,FALSE,5.3,0,300
1656,2022/10/7 1:50,131.454396,47.02520183,5210193.224,458523.1027,5.29672,74.5,FALSE,5.3,0,300
1657,2022/10/7 1:50,131.454452,47.025198,5210192.769,458527.3568,4.55592,108,FALSE,5.3,0,300
1658,2022/10/7 1:50,131.454482,47.02517033,5210189.677,458529.616,4.59296,141.6,FALSE,5.3,0,300
1659,2022/10/7 1:50,131.4544837,47.02513133,5210185.34,458529.715,3.09284,197.8,TRUE,5.3,328,300
1660,2022/10/7 1:50,131.454468,47.02510433,5210182.347,458528.5006,4.4448,183.5,TRUE,5.3,394,300
1661,2022/10/7 1:50,131.4544648,47.02506383,5210177.846,458528.226,5.44488,190.9,TRUE,5.3,400,300
1662,2022/10/7 1:50,131.4544718,47.02501683,5210172.617,458528.7217,4.4448,189,TRUE,5.3,269,300
1663,2022/10/7 1:50,131.454461,47.02495867,5210166.157,458527.8557,6.18568,182.8,TRUE,5.3,400,300
1664,2022/10/7 1:50,131.4544647,47.02489,5210158.521,458528.0838,6.40792,187.9,TRUE,5.3,399,300
1665,2022/10/7 1:51,131.4544723,47.02481633,5210150.327,458528.6045,6.59312,189,TRUE,5.3,400,300
1666,2022/10/7 1:51,131.4544702,47.02474783,5210142.713,458528.3918,6.50052,189.2,TRUE,5.3,400,300
1667,2022/10/7 1:51,131.4544648,47.02467567,5210134.694,458527.9254,4.98188,180.8,TRUE,5.3,400,300
1668,2022/10/7 1:51,131.4544607,47.02461167,5210127.581,458527.5641,6.33384,185.9,TRUE,5.3,400,300
1669,2022/10/7 1:51,131.4544582,47.02453017,5210118.522,458527.3109,7.889521,183.7,TRUE,5.3,400,300
1670,2022/10/7 1:51,131.4544515,47.02444217,5210108.742,458526.7334,8.57476,183.8,TRUE,5.3,400,300
1671,2022/10/7 1:51,131.4544418,47.02435817,5210099.409,458525.931,7.37096,186.4,TRUE,5.3,400,300
1672,2022/10/7 1:51,131.454445,47.02427867,5210090.569,458526.1127,7.25984,190.3,TRUE,5.3,400,300
1673,2022/10/7 1:51,131.4544263,47.024203,5210082.167,458524.6325,6.61164,187.1,TRUE,5.3,400,300
1674,2022/10/7 1:51,131.4544302,47.0241265,5210073.66,458524.8697,6.42644,183.6,TRUE,5.3,400,300
1675,2022/10/7 1:51,131.4544393,47.0240465,5210064.762,458525.4995,7.704319,186.5,TRUE,5.3,400,300
1676,2022/10/7 1:51,131.4544308,47.0239715,5210056.429,458524.7953,7.66728,185.3,TRUE,5.3,400,300
1677,2022/10/7 1:51,131.4544282,47.0238825,5210046.536,458524.5287,7.81544,184.9,TRUE,5.3,400,300
1678,2022/10/7 1:51,131.4544133,47.02380667,5210038.113,458523.3372,7.6858,180.1,TRUE,5.3,394,300
1679,2022/10/7 1:51,131.4544012,47.023725,5210029.041,458522.3541,7.9636,189.4,TRUE,5.3,397,300
1680,2022/10/7 1:52,131.4543902,47.0236465,5210020.319,458521.4571,7.27836,187.8,TRUE,5.3,400,300
1681,2022/10/7 1:52,131.4543893,47.0235565,5210010.315,458521.3189,7.2228,183.2,TRUE,5.3,400,300
1682,2022/10/7 1:52,131.454393,47.02347783,5210001.567,458521.5393,7.29688,186,TRUE,5.3,397,300
1683,2022/10/7 1:52,131.4543925,47.02340217,5209993.156,458521.4427,7.42652,189.4,TRUE,5.3,385,300
1684,2022/10/7 1:52,131.4543905,47.023318,5209983.8,458521.2254,7.83396,186.8,TRUE,5.3,397,300
1685,2022/10/7 1:52,131.4543968,47.02323867,5209974.977,458521.6429,7.90804,190.2,TRUE,5.3,400,300
1686,2022/10/7 1:52,131.4543722,47.02315883,5209966.114,458519.7109,7.852479,182.9,TRUE,5.3,400,300
1687,2022/10/7 1:52,131.4543467,47.023085,5209957.92,458517.7151,7.11168,182.6,TRUE,5.3,400,300
1688,2022/10/7 1:52,131.4543413,47.02301367,5209949.993,458517.2494,7.48208,186.5,TRUE,5.3,400,300
1689,2022/10/7 1:52,131.4543368,47.02293983,5209941.787,458516.8501,6.61164,190.8,TRUE,5.3,400,300
1690,2022/10/7 1:52,131.4543357,47.02284867,5209931.653,458516.6958,8.334,187.9,TRUE,5.3,400,300
1691,2022/10/7 1:52,131.4543275,47.02275983,5209921.781,458516.0036,7.2228,184.7,TRUE,5.3,400,300
1692,2022/10/7 1:52,131.4543115,47.0226895,5209913.971,458514.7327,6.74128,178.6,TRUE,5.3,393,300
1693,2022/10/7 1:52,131.45431,47.022614,5209905.578,458514.5602,6.18568,186,TRUE,5.3,400,300
1694,2022/10/7 1:52,131.454309,47.022547,5209898.13,458514.4323,8.315479,182.3,TRUE,5.3,400,300
1695,2022/10/7 1:53,131.4543005,47.02246783,5209889.333,458513.7248,6.42644,186.7,TRUE,5.3,400,300
1696,2022/10/7 1:53,131.4542872,47.02239267,5209880.985,458512.6554,8.27844,186.1,TRUE,5.3,387,300
1697,2022/10/7 1:53,131.4542792,47.02231017,5209871.817,458511.9833,8.00064,177.2,TRUE,5.3,400,300
1698,2022/10/7 1:53,131.45427,47.02223833,5209863.836,458511.2282,7.2228,183.4,TRUE,5.3,400,300
1699,2022/10/7 1:53,131.4542675,47.02216167,5209855.315,458510.9788,7.01908,190.1,TRUE,5.3,400,300
1700,2022/10/7 1:53,131.454249,47.02207517,5209845.708,458509.5053,7.94508,183.1,TRUE,5.3,398,300
1701,2022/10/7 1:53,131.454245,47.02198833,5209836.056,458509.1339,7.53764,188.8,TRUE,5.3,400,300
1702,2022/10/7 1:53,131.4542393,47.02190117,5209826.369,458508.6331,7.704319,187.8,TRUE,5.3,400,300
1703,2022/10/7 1:53,131.454235,47.0218175,5209817.07,458508.2413,7.5932,188.2,TRUE,5.3,400,300
1704,2022/10/7 1:53,131.4542182,47.02174583,5209809.111,458506.9086,8.01916,194,TRUE,5.3,400,300
1705,2022/10/7 1:53,131.4541988,47.02167933,5209801.729,458505.3822,6.88944,190.7,TRUE,5.3,400,300
1706,2022/10/7 1:53,131.4541948,47.021607,5209793.69,458505.022,6.00048,194.6,TRUE,5.3,396,300
1707,2022/10/7 1:53,131.4541763,47.02155133,5209787.511,458503.5724,3.81512,201.2,TRUE,5.3,400,300
1708,2022/10/7 1:53,131.454173,47.021506,5209782.473,458503.2864,5.88936,202.4,TRUE,5.3,152,300
1709,2022/10/7 1:53,131.4541252,47.02145017,5209776.292,458499.6092,5.81528,256.2,FALSE,5.3,0,300
1710,2022/10/7 1:54,131.4540492,47.02143483,5209774.627,458493.8194,6.42644,271.9,FALSE,5.3,0,300
1711,2022/10/7 1:54,131.4539512,47.02142217,5209773.271,458486.3591,7.07464,277.3,FALSE,5.3,0,300
1712,2022/10/7 1:54,131.4538717,47.021417,5209772.739,458480.311,5.1856,281.4,FALSE,5.3,0,300
1713,2022/10/7 1:54,131.4538123,47.02143783,5209775.086,458475.8113,5.33376,320,FALSE,5.3,0,300
1714,2022/10/7 1:54,131.453795,47.02148333,5209780.153,458474.5313,6.53756,2.8,TRUE,5.3,356,300
1715,2022/10/7 1:54,131.4537947,47.02153117,5209785.472,458474.5456,5.48192,4,TRUE,5.3,378,300
1716,2022/10/7 1:54,131.4538152,47.02156983,5209789.759,458476.1341,5.63008,11.2,TRUE,5.3,400,300
1717,2022/10/7 1:54,131.453836,47.02161283,5209794.528,458477.7488,6.09308,7.8,TRUE,5.3,400,300
1718,2022/10/7 1:54,131.4538497,47.02166617,5209800.451,458478.8317,6.88944,4,TRUE,5.3,399,300
1719,2022/10/7 1:54,131.4538577,47.021714,5209805.764,458479.4769,5.07448,14.4,TRUE,5.3,398,300
1720,2022/10/7 1:54,131.4538605,47.02177367,5209812.396,458479.7361,7.704319,5.8,TRUE,5.3,400,300
1721,2022/10/7 1:54,131.45386,47.02184833,5209820.696,458479.7559,7.63024,2.9,TRUE,5.3,400,300
1722,2022/10/7 1:54,131.4538712,47.0219225,5209828.936,458480.6649,8.167319,6,TRUE,5.3,400,300
1723,2022/10/7 1:54,131.4538823,47.02199883,5209837.416,458481.568,7.74136,9.6,TRUE,5.3,400,300
1724,2022/10/7 1:54,131.4538983,47.02206683,5209844.967,458482.8371,6.482,4.3,TRUE,5.3,375,300
1725,2022/10/7 1:55,131.4538958,47.02213067,5209852.065,458482.6965,7.57468,9.3,TRUE,5.3,400,300
1726,2022/10/7 1:55,131.4538967,47.02221383,5209861.31,458482.8294,6.70424,5.8,TRUE,5.3,400,300
1727,2022/10/7 1:55,131.4539007,47.022293,5209870.109,458483.1949,7.48208,7.4,TRUE,5.3,400,300
1728,2022/10/7 1:55,131.4539098,47.02236133,5209877.7,458483.9397,8.667359,2.5,TRUE,5.3,386,300
1729,2022/10/7 1:55,131.4539175,47.022432,5209885.553,458484.5798,7.35244,7,TRUE,5.3,400,300
1730,2022/10/7 1:55,131.4539197,47.0225175,5209895.057,458484.8134,7.20428,9.1,TRUE,5.3,400,300
1731,2022/10/7 1:55,131.453924,47.02258567,5209902.633,458485.1931,6.63016,6.7,TRUE,5.3,400,300
1732,2022/10/7 1:55,131.4539347,47.0226525,5209910.057,458486.0584,8.46364,8.7,TRUE,5.3,400,300
1733,2022/10/7 1:55,131.4539422,47.02273117,5209918.799,458486.6895,6.44496,5.8,TRUE,5.3,400,300
1734,2022/10/7 1:55,131.4539492,47.02280067,5209926.521,458487.2756,7.64876,7.3,TRUE,5.3,400,300
1735,2022/10/7 1:55,131.4539568,47.02287867,5209935.189,458487.9138,7.18576,2.6,TRUE,5.3,400,300
1736,2022/10/7 1:55,131.4539688,47.02294617,5209942.686,458488.8784,7.27836,6.8,TRUE,5.3,374,300
1737,2022/10/7 1:55,131.4539803,47.0230305,5209952.055,458489.8181,7.1302,12.4,TRUE,5.3,400,300
1738,2022/10/7 1:55,131.4539865,47.0230965,5209959.389,458490.3406,7.29688,9.2,TRUE,5.3,400,300
1739,2022/10/7 1:55,131.4539912,47.0231705,5209967.614,458490.7552,7.57468,5.9,TRUE,5.3,400,300
1740,2022/10/7 1:56,131.4540042,47.02325117,5209976.575,458491.8061,6.98204,10.1,TRUE,5.3,400,300
1741,2022/10/7 1:56,131.4540188,47.0233205,5209984.275,458492.9697,6.33384,4.9,TRUE,5.3,400,300
1742,2022/10/7 1:56,131.4540162,47.0233955,5209992.614,458492.8302,7.35244,9.6,TRUE,5.3,400,300
1743,2022/10/7 1:56,131.454018,47.02346633,5210000.487,458493.0219,7.24132,3.5,TRUE,5.3,400,300
1744,2022/10/7 1:56,131.4540163,47.0235385,5210008.511,458492.9486,6.8524,6.1,TRUE,5.3,377,300
1745,2022/10/7 1:56,131.4540293,47.023608,5210016.231,458493.9908,7.61172,3.1,TRUE,5.3,400,300
1746,2022/10/7 1:56,131.4540242,47.023692,5210025.572,458493.6682,6.90796,0.6,TRUE,5.3,400,300
1747,2022/10/7 1:56,131.4540285,47.0237615,5210033.296,458494.049,7.29688,4.5,TRUE,5.3,400,300
1748,2022/10/7 1:56,131.4540327,47.02384133,5210042.168,458494.4301,7.55616,5.4,TRUE,5.3,400,300
1749,2022/10/7 1:56,131.4540368,47.023911,5210049.911,458494.7958,6.79684,0.3,TRUE,5.3,400,300
1750,2022/10/7 1:56,131.4540382,47.023981,5210057.693,458494.9565,6.8524,11.1,TRUE,5.3,379,300
1751,2022/10/7 1:56,131.4540427,47.02405217,5210065.602,458495.3538,7.01908,2.1,TRUE,5.3,400,300
1752,2022/10/7 1:56,131.4540533,47.02414167,5210075.546,458496.229,7.61172,4.9,TRUE,5.3,400,300
1753,2022/10/7 1:56,131.4540675,47.02421917,5210084.155,458497.3685,7.63024,1.6,TRUE,5.3,400,300
1754,2022/10/7 1:57,131.4540668,47.02429767,5210092.882,458497.3761,6.90796,6.8,TRUE,5.3,400,300
1755,2022/10/7 1:57,131.4540627,47.02436283,5210100.128,458497.115,7.1302,3,TRUE,5.3,399,300
1756,2022/10/7 1:57,131.4540682,47.02443917,5210108.612,458497.5922,5.88936,5.8,TRUE,5.3,400,300
1757,2022/10/7 1:57,131.4540803,47.02450583,5210116.016,458498.5638,6.70424,12,TRUE,5.3,400,300
1758,2022/10/7 1:57,131.4540867,47.024585,5210124.814,458499.1117,7.44504,8.4,TRUE,5.3,400,300
1759,2022/10/7 1:57,131.4540912,47.02465583,5210132.686,458499.5086,7.37096,8.5,TRUE,5.3,400,300
1760,2022/10/7 1:57,131.4540997,47.02473217,5210141.168,458500.214,6.50052,7.3,TRUE,5.3,400,300
1761,2022/10/7 1:57,131.4541087,47.02480733,5210149.519,458500.9564,6.7598,6.7,TRUE,5.3,400,300
1762,2022/10/7 1:57,131.4541163,47.02487483,5210157.019,458501.5865,7.29688,5.2,TRUE,5.3,400,300
1763,2022/10/7 1:57,131.4541298,47.02495383,5210165.795,458502.674,6.18568,7.2,TRUE,5.3,400,300
1764,2022/10/7 1:57,131.4541423,47.02500983,5210172.014,458503.6676,5.61156,10.6,TRUE,5.3,400,300
1765,2022/10/7 1:57,131.4541288,47.02506083,5210177.69,458502.6809,4.48184,347.7,TRUE,5.3,400,300
1766,2022/10/7 1:57,131.4540883,47.025116,5210183.845,458499.6448,4.27812,345.1,TRUE,5.3,400,300
1767,2022/10/7 1:57,131.4540755,47.02515867,5210188.596,458498.7048,5.16708,10.3,FALSE,5.3,0,300
1768,2022/10/7 1:57,131.4540997,47.02518367,5210191.362,458500.5639,3.29656,45.5,FALSE,5.3,0,300
1769,2022/10/7 1:58,131.454137,47.0251815,5210191.101,458503.3978,4.70408,83.3,FALSE,5.3,0,300
1770,2022/10/7 1:58,131.4541955,47.02517983,5210190.884,458507.8436,4.96336,96.3,FALSE,5.3,0,300
1771,2022/10/7 1:58,131.4542567,47.0251765,5210190.482,458512.4935,5.40784,94.4,FALSE,5.3,0,300
1772,2022/10/7 1:58,131.4543373,47.02518733,5210191.643,458518.6291,4.12996,80.6,FALSE,5.3,0,300
1773,2022/10/7 1:58,131.4544113,47.0252,5210193.012,458524.2644,5.2782,90.1,FALSE,5.3,0,300
1774,2022/10/7 1:58,131.4544953,47.0252075,5210193.802,458530.6559,4.42628,96.4,FALSE,5.3,0,300
1775,2022/10/7 1:58,131.454554,47.02518783,5210191.584,458535.103,4.64852,125.7,FALSE,5.3,0,300
1776,2022/10/7 1:58,131.4545748,47.025155,5210187.923,458536.6588,6.63016,170,FALSE,5.3,0,300
1777,2022/10/7 1:58,131.4545535,47.02512633,5210184.747,458535.0174,3.00024,198.2,TRUE,5.3,400,300
1778,2022/10/7 1:58,131.4545387,47.02510583,5210182.476,458533.8764,5.05596,188.1,TRUE,5.3,400,300
1779,2022/10/7 1:58,131.454554,47.02507133,5210178.632,458535.0128,4.7226,186,TRUE,5.3,400,300
1780,2022/10/7 1:58,131.454556,47.02501867,5210172.777,458535.1241,3.66696,198.5,TRUE,5.3,400,300
1781,2022/10/7 1:58,131.4545347,47.02495167,5210165.34,458533.4529,5.88936,187.4,TRUE,5.3,400,300
1782,2022/10/7 1:58,131.4545358,47.0248735,5210156.649,458533.476,6.64868,186.6,TRUE,5.3,400,300
1783,2022/10/7 1:58,131.454534,47.0247965,5210148.09,458533.2796,6.61164,183.2,TRUE,5.3,400,300
1784,2022/10/7 1:59,131.454546,47.0247305,5210140.746,458534.1407,6.96352,190.9,TRUE,5.3,400,300
1785,2022/10/7 1:59,131.4545435,47.024666,5210133.577,458533.9007,6.40792,185,TRUE,5.3,400,300
1786,2022/10/7 1:59,131.4545387,47.02457967,5210123.982,458533.469,6.6672,186.1,TRUE,5.3,373,300
1787,2022/10/7 1:59,131.4545237,47.02450967,5210116.208,458532.2744,6.42644,187.8,TRUE,5.3,400,300
1788,2022/10/7 1:59,131.4545147,47.02443383,5210107.782,458531.5315,6.81536,187.2,TRUE,5.3,400,300
1789,2022/10/7 1:59,131.4545313,47.02436467,5210100.084,458532.7399,6.87092,188.9,TRUE,5.3,400,300
1790,2022/10/7 1:59,131.454516,47.02430167,5210093.089,458531.528,6.81536,181.1,TRUE,5.3,395,300
1791,2022/10/7 1:59,131.454504,47.0242235,5210084.405,458530.5552,6.50052,184.5,TRUE,5.3,400,300
1792,2022/10/7 1:59,131.4545028,47.02414767,5210075.975,458530.4053,6.40792,183.6,TRUE,5.3,400,300
1793,2022/10/7 1:59,131.4545022,47.02407567,5210067.971,458530.3039,5.16708,188.3,TRUE,5.3,394,300
1794,2022/10/7 1:59,131.454492,47.02401333,5210061.046,458529.4802,6.51904,183.3,TRUE,5.3,400,300
1795,2022/10/7 1:59,131.4544908,47.02394683,5210053.654,458529.3375,7.5006,182.4,TRUE,5.3,400,300
1796,2022/10/7 1:59,131.4544847,47.02386683,5210044.764,458528.8118,6.59312,187.3,TRUE,5.3,400,300
1797,2022/10/7 1:59,131.4544845,47.0237905,5210036.278,458528.7375,6.51904,177.5,TRUE,5.3,400,300
1798,2022/10/7 1:59,131.4544847,47.02372017,5210028.459,458528.6982,6.50052,185.5,TRUE,5.3,394,300
1799,2022/10/7 2:00,131.4544807,47.02365333,5210021.031,458528.3423,6.87092,182.6,TRUE,5.3,389,300
1800,2022/10/7 2:00,131.4544718,47.02358017,5210012.902,458527.6091,7.408,188.3,TRUE,5.3,400,300
1801,2022/10/7 2:00,131.4544495,47.02349783,5210003.76,458525.85,6.63016,187.7,TRUE,5.3,396,300
1802,2022/10/7 2:00,131.4544365,47.023426,5209995.782,458524.8061,6.64868,190.3,TRUE,5.3,400,300
1803,2022/10/7 2:00,131.4544433,47.02334733,5209987.032,458525.2621,6.98204,193.9,TRUE,5.3,400,300
1804,2022/10/7 2:00,131.454435,47.02326717,5209978.125,458524.5691,6.482,183.6,TRUE,5.3,373,300
1805,2022/10/7 2:00,131.4544342,47.02319817,5209970.455,458524.4548,6.5746,192.1,TRUE,5.3,400,300
1806,2022/10/7 2:00,131.454432,47.0231215,5209961.933,458524.2282,6.25976,180.5,TRUE,5.3,400,300
1807,2022/10/7 2:00,131.4544168,47.023048,5209953.77,458523.0157,7.16724,184.1,TRUE,5.3,400,300
1808,2022/10/7 2:00,131.4544238,47.02297567,5209945.725,458523.4918,7.01908,186.3,TRUE,5.3,400,300
1809,2022/10/7 2:00,131.4544127,47.02290617,5209938.004,458522.5941,5.98196,187.8,TRUE,5.3,382,300
1810,2022/10/7 2:00,131.4543953,47.02283983,5209930.639,458521.22,6.40792,189.4,TRUE,5.3,400,300
1811,2022/10/7 2:00,131.4543895,47.02277367,5209923.287,458520.7278,6.09308,191.9,TRUE,5.3,397,300
1812,2022/10/7 2:00,131.454384,47.02269133,5209914.136,458520.2459,6.79684,186.9,TRUE,5.3,400,300
1813,2022/10/7 2:00,131.4543743,47.0226235,5209906.6,458519.4559,6.59312,188.2,TRUE,5.3,400,300
1814,2022/10/7 2:01,131.4543527,47.02256117,5209899.682,458517.7655,6.33384,190.4,TRUE,5.3,400,300
1815,2022/10/7 2:01,131.454347,47.02248883,5209891.643,458517.2761,7.64876,189.9,TRUE,5.3,400,300
1816,2022/10/7 2:01,131.454346,47.0224105,5209882.936,458517.1394,6.88944,183.2,TRUE,5.3,400,300
1817,2022/10/7 2:01,131.454345,47.02233983,5209875.08,458517.0087,7.37096,189.6,TRUE,5.3,376,300
1818,2022/10/7 2:01,131.4543418,47.02226967,5209867.282,458516.711,6.61164,185.3,TRUE,5.3,398,300
1819,2022/10/7 2:01,131.4543323,47.02220067,5209859.616,458515.9354,6.74128,182.7,TRUE,5.3,400,300
1820,2022/10/7 2:01,131.4543293,47.02212933,5209851.687,458515.652,7.0376,186.7,TRUE,5.3,400,300
1821,2022/10/7 2:01,131.4543328,47.022043,5209842.087,458515.8512,6.98204,183.1,TRUE,5.3,400,300
1822,2022/10/7 2:01,131.454338,47.02195667,5209832.487,458516.1797,6.945,187.2,TRUE,5.3,394,300
1823,2022/10/7 2:01,131.45432,47.02188883,5209824.955,458514.7587,6.79684,186.7,TRUE,5.3,400,300
1824,2022/10/7 2:01,131.4543107,47.02181717,5209816.993,458513.9962,6.70424,185.5,TRUE,5.3,397,300
1825,2022/10/7 2:01,131.454303,47.0217465,5209809.141,458513.356,7.48208,193.4,TRUE,5.3,400,300
1826,2022/10/7 2:01,131.4542953,47.02166867,5209800.493,458512.7103,7.2228,193.8,TRUE,5.3,399,300
1827,2022/10/7 2:01,131.454278,47.0215915,5209791.923,458511.3353,7.29688,194.2,TRUE,5.3,400,300
1828,2022/10/7 2:01,131.4542603,47.02153283,5209785.41,458509.9442,5.556,205.3,TRUE,5.3,358,300
1829,2022/10/7 2:02,131.454244,47.02147267,5209778.73,458508.6584,5.94492,211.9,FALSE,5.3,0,300
1830,2022/10/7 2:02,131.4541843,47.021439,5209775.019,458504.0936,6.22272,247.9,FALSE,5.3,0,300
1831,2022/10/7 2:02,131.4541063,47.02142967,5209774.023,458498.1564,6.68572,261,FALSE,5.3,0,300
1832,2022/10/7 2:02,131.4540217,47.02142367,5209773.401,458491.72,5.42636,265.5,FALSE,5.3,0,300
1833,2022/10/7 2:02,131.4539178,47.0214205,5209773.103,458483.8185,6.3894,264.8,FALSE,5.3,0,300
1834,2022/10/7 2:02,131.4538103,47.02142683,5209773.864,458475.6507,5.13004,275.6,FALSE,5.3,0,300
1835,2022/10/7 2:02,131.4537553,47.02143183,5209774.449,458471.4732,5.51896,305.5,FALSE,5.3,0,300
1836,2022/10/7 2:02,131.453755,47.0214555,5209777.081,458471.4687,5.50044,345.1,TRUE,5.3,149,300
1837,2022/10/7 2:02,131.4537528,47.02149133,5209781.065,458471.3293,5.24116,1.8,TRUE,5.3,255,300
1838,2022/10/7 2:02,131.4537478,47.02152283,5209784.57,458470.9736,3.87068,5.4,TRUE,5.3,400,300
1839,2022/10/7 2:02,131.453752,47.021546,5209787.143,458471.3108,3.85216,9.1,TRUE,5.3,400,300
1840,2022/10/7 2:02,131.4537533,47.02158283,5209791.237,458471.4382,4.50036,5.9,TRUE,5.3,400,300
1841,2022/10/7 2:02,131.4537703,47.0216225,5209795.638,458472.7614,4.05588,16.6,TRUE,5.3,400,300
1842,2022/10/7 2:02,131.4537803,47.02166967,5209800.877,458473.5582,5.093,4.7,TRUE,5.3,400,300
1843,2022/10/7 2:02,131.4537905,47.02171533,5209805.947,458474.3691,5.31524,9.6,TRUE,5.3,400,300
1844,2022/10/7 2:03,131.4537882,47.02176033,5209810.951,458474.2291,5.24116,10.9,TRUE,5.3,400,300
1845,2022/10/7 2:03,131.4538032,47.02181967,5209817.54,458475.4155,4.98188,16.9,TRUE,5.3,400,300
1846,2022/10/7 2:03,131.4538195,47.02188367,5209824.646,458476.7043,5.75972,9.9,TRUE,5.3,400,300
1847,2022/10/7 2:03,131.4538207,47.0219435,5209831.297,458476.842,6.5746,10.6,TRUE,5.3,400,300
1848,2022/10/7 2:03,131.4538233,47.02201717,5209839.486,458477.0967,6.945,6,TRUE,5.3,400,300
1849,2022/10/7 2:03,131.4538218,47.0220875,5209847.305,458477.0372,6.16716,7.6,TRUE,5.3,400,300
1850,2022/10/7 2:03,131.4538185,47.02213933,5209853.069,458476.8265,7.44504,1.6,TRUE,5.3,400,300
1851,2022/10/7 2:03,131.4538297,47.0222095,5209860.864,458477.7324,7.75988,6.3,TRUE,5.3,400,300
1852,2022/10/7 2:03,131.4538413,47.022287,5209869.473,458478.6744,7.94508,5.9,TRUE,5.3,400,300
1853,2022/10/7 2:03,131.4538367,47.02236633,5209878.295,458478.3862,6.64868,6.5,TRUE,5.3,400,300
1854,2022/10/7 2:03,131.4538442,47.02243117,5209885.499,458479.0066,7.07464,0.6,TRUE,5.3,400,300
1855,2022/10/7 2:03,131.45385,47.02250767,5209894.001,458479.5069,6.7598,7.5,TRUE,5.3,400,300
1856,2022/10/7 2:03,131.4538747,47.02256667,5209900.547,458481.4304,7.20428,10,TRUE,5.3,400,300
1857,2022/10/7 2:03,131.4538705,47.02263417,5209908.053,458481.1635,7.37096,2.8,TRUE,5.3,400,300
1858,2022/10/7 2:03,131.453868,47.02271233,5209916.744,458481.034,7.79692,0.8,TRUE,5.3,400,300
1859,2022/10/7 2:04,131.4538725,47.02278767,5209925.117,458481.4345,6.55608,4.1,TRUE,5.3,400,300
1860,2022/10/7 2:04,131.4538863,47.02286283,5209933.465,458482.5419,7.9636,5.7,TRUE,5.3,400,300
1861,2022/10/7 2:04,131.4538827,47.022941,5209942.157,458482.3288,7.48208,6.3,TRUE,5.3,400,300
1862,2022/10/7 2:04,131.4538933,47.02300883,5209949.692,458483.1873,7.74136,1.6,TRUE,5.3,400,300
1863,2022/10/7 2:04,131.4538987,47.02308717,5209958.399,458483.6585,7.778399,3.8,TRUE,5.3,400,300
1864,2022/10/7 2:04,131.4539085,47.023168,5209967.379,458484.4662,7.55616,0.3,TRUE,5.3,400,300
1865,2022/10/7 2:04,131.4539047,47.02324533,5209975.978,458484.2373,7.37096,7.5,TRUE,5.3,400,300
1866,2022/10/7 2:04,131.453906,47.02332367,5209984.687,458484.3968,7.5932,6.2,TRUE,5.3,400,300
1867,2022/10/7 2:04,131.4539047,47.02339367,5209992.469,458484.3523,7.0376,5.5,TRUE,5.3,400,300
1868,2022/10/7 2:04,131.453916,47.0234665,5210000.56,458485.2678,6.83388,357.7,TRUE,5.3,400,300
1869,2022/10/7 2:04,131.4539193,47.0235365,5210008.34,458485.5729,7.1302,3.3,TRUE,5.3,400,300
1870,2022/10/7 2:04,131.4539247,47.02360733,5210016.212,458486.0384,6.8524,3.5,TRUE,5.3,400,300
1871,2022/10/7 2:04,131.4539262,47.02367667,5210023.919,458486.2061,8.25992,7.4,TRUE,5.3,400,300
1872,2022/10/7 2:04,131.4539452,47.02374417,5210031.413,458487.7029,8.889601,7.2,TRUE,5.3,400,300
1873,2022/10/7 2:04,131.4539552,47.023824,5210040.283,458488.525,7.66728,2.6,TRUE,5.3,400,300
1874,2022/10/7 2:05,131.45397,47.023902,5210048.946,458489.7106,7.09316,4.9,TRUE,5.3,400,300
1875,2022/10/7 2:05,131.4539687,47.023972,5210056.729,458489.666,6.88944,4.5,TRUE,5.3,400,300
1876,2022/10/7 2:05,131.4539742,47.02403917,5210064.193,458490.1362,6.81536,7.2,TRUE,5.3,400,300
1877,2022/10/7 2:05,131.4539745,47.02411283,5210072.382,458490.2161,7.16724,3.6,TRUE,5.3,400,300
1878,2022/10/7 2:05,131.4539678,47.02418367,5210080.261,458489.7617,6.87092,4.4,TRUE,5.3,400,300
1879,2022/10/7 2:05,131.453969,47.02426017,5210088.765,458489.9122,7.0376,4.2,TRUE,5.3,400,300
1880,2022/10/7 2:05,131.4539795,47.02433567,5210097.153,458490.7689,8.9822,5.5,TRUE,5.3,400,300
1881,2022/10/7 2:05,131.4539917,47.024408,5210105.187,458491.7525,6.88944,7.3,TRUE,5.3,400,300
1882,2022/10/7 2:05,131.4540058,47.02446733,5210111.776,458492.8704,5.96344,10.7,TRUE,5.3,400,300
1883,2022/10/7 2:05,131.4540038,47.02453583,5210119.392,458492.7714,7.18576,3.4,TRUE,5.3,400,300
1884,2022/10/7 2:05,131.4540105,47.02460533,5210127.115,458493.3346,6.25976,9,TRUE,5.3,400,300
1885,2022/10/7 2:05,131.4540138,47.02468183,5210135.618,458493.6448,7.09316,6.4,TRUE,5.3,400,300
1886,2022/10/7 2:05,131.4540175,47.02475317,5210143.547,458493.9814,6.92648,9.7,TRUE,5.3,400,300
1887,2022/10/7 2:05,131.454021,47.02482483,5210151.511,458494.303,8.64884,4.1,TRUE,5.3,400,300
1888,2022/10/7 2:05,131.4540342,47.0249075,5210160.695,458495.3705,7.83396,8.3,TRUE,5.3,400,300
1889,2022/10/7 2:06,131.4540422,47.02497233,5210167.898,458496.0289,5.57452,6.3,TRUE,5.3,400,300
1890,2022/10/7 2:06,131.454049,47.02503767,5210175.158,458496.5965,6.2042,5,TRUE,5.3,400,300
1891,2022/10/7 2:06,131.4540537,47.02509367,5210181.381,458496.9972,6.14864,8,TRUE,5.3,400,300
1892,2022/10/7 2:06,131.4540717,47.02514583,5210187.17,458498.406,5.29672,6.5,TRUE,5.3,400,300
1893,2022/10/7 2:06,131.4541055,47.0251765,5210190.562,458500.9993,6.61164,23,TRUE,5.3,233,300
1894,2022/10/7 2:06,131.4541252,47.0251935,5210192.441,458502.51,3.81512,54.3,FALSE,5.3,0,300
1895,2022/10/7 2:06,131.4541393,47.02518617,5210191.619,458503.5762,0,0,FALSE,5.3,0,300
1896,2022/10/7 2:06,131.4541402,47.025188,5210191.822,458503.6461,0,0,FALSE,5.3,0,300
1897,2022/10/7 2:06,131.454139,47.0251905,5210192.101,458503.5568,0,0,FALSE,5.3,0,300
1898,2022/10/7 2:06,131.4540645,47.02517517,5210190.436,458497.8814,4.98188,261.9,FALSE,5.3,0,300
1899,2022/10/7 2:06,131.4539727,47.02516233,5210189.057,458490.8928,5.35228,252.5,FALSE,5.3,0,300
1900,2022/10/7 2:06,131.4538835,47.02517,5210189.957,458484.1178,3.22248,289.3,FALSE,5.3,0,300
1901,2022/10/7 2:06,131.4538848,47.02516883,5210189.826,458484.2157,3.90772,107,FALSE,5.3,0,300
1902,2022/10/7 2:06,131.4539162,47.02513633,5210186.196,458486.5775,4.01884,171.6,FALSE,5.3,0,300
1903,2022/10/7 2:06,131.4539057,47.02513183,5210185.702,458485.7758,0,181.4,FALSE,5.3,0,300
1904,2022/10/7 2:07,131.4539047,47.02514017,5210186.629,458485.7063,1.90756,195.1,TRUE,5.3,257,300
1905,2022/10/7 2:07,131.4539072,47.02513417,5210185.961,458485.8917,0,0,FALSE,5.3,0,300
1906,2022/10/7 2:07,131.4539007,47.02512283,5210184.704,458485.3887,2.00016,196.4,TRUE,5.3,388,300
1907,2022/10/7 2:07,131.4538888,47.02507817,5210179.745,458484.4495,4.9078,189.6,TRUE,5.3,400,300
1908,2022/10/7 2:07,131.4538838,47.02502167,5210173.467,458484.0256,5.48192,189.3,TRUE,5.3,400,300
1909,2022/10/7 2:07,131.4538702,47.0249615,5210166.785,458482.945,5.22264,191.8,TRUE,5.3,400,300
1910,2022/10/7 2:07,131.4538622,47.0249045,5210160.452,458482.2927,7.14872,186.1,TRUE,5.3,400,300
1911,2022/10/7 2:07,131.4538488,47.024807,5210149.62,458481.1984,6.55608,193.1,TRUE,5.3,400,300
1912,2022/10/7 2:07,131.4538427,47.02474217,5210142.416,458480.6844,5.05596,194.1,TRUE,5.3,394,300
1913,2022/10/7 2:07,131.4538438,47.02467217,5210134.634,458480.7138,6.51904,187.8,TRUE,5.3,400,300
1914,2022/10/7 2:07,131.4538482,47.02459833,5210126.423,458480.991,6.74128,185.7,TRUE,5.3,397,300
1915,2022/10/7 2:07,131.4538292,47.02452417,5210118.188,458479.4891,6.44496,188.5,TRUE,5.3,400,300
1916,2022/10/7 2:07,131.4538202,47.024467,5210111.837,458478.7606,5.38932,191.1,TRUE,5.3,400,300
1917,2022/10/7 2:07,131.4538112,47.02439833,5210104.208,458478.0232,7.48208,184.7,TRUE,5.3,400,300
1918,2022/10/7 2:07,131.4538053,47.02432167,5210095.689,458477.5152,6.33384,191,TRUE,5.3,400,300
1919,2022/10/7 2:08,131.4537987,47.02425517,5210088.299,458476.9619,5.94492,191,TRUE,5.3,400,300
1920,2022/10/7 2:08,131.4537945,47.024195,5210081.612,458476.5959,5.98196,188.9,TRUE,5.3,400,300
1921,2022/10/7 2:08,131.4537987,47.02413083,5210074.476,458476.8655,6.51904,186.3,TRUE,5.3,400,300
1922,2022/10/7 2:08,131.4538075,47.02406283,5210066.912,458477.4817,6.77832,180.6,TRUE,5.3,400,300
1923,2022/10/7 2:08,131.453806,47.023992,5210059.039,458477.3128,7.53764,189,TRUE,5.3,400,300
1924,2022/10/7 2:08,131.4537977,47.02391017,5210049.946,458476.6184,5.53748,180.6,TRUE,5.3,400,300
1925,2022/10/7 2:08,131.4537998,47.02384467,5210042.663,458476.7272,6.31532,188.9,TRUE,5.3,400,300
1926,2022/10/7 2:08,131.4537983,47.023779,5210035.363,458476.5623,5.9264,181,TRUE,5.3,400,300
1927,2022/10/7 2:08,131.4538013,47.02371933,5210028.728,458476.7441,6.79684,188.6,TRUE,5.3,400,300
1928,2022/10/7 2:08,131.453771,47.023649,5210020.926,458474.386,6.77832,193.3,TRUE,5.3,400,300
1929,2022/10/7 2:08,131.4537657,47.0235765,5210012.868,458473.9269,6.33384,186.9,TRUE,5.3,400,300
1930,2022/10/7 2:08,131.4537783,47.02350517,5210004.932,458474.8295,6.25976,190.4,TRUE,5.3,400,300
1931,2022/10/7 2:08,131.4537678,47.02343117,5209996.711,458473.9739,6.24124,194,TRUE,5.3,400,300
1932,2022/10/7 2:08,131.4537442,47.02334667,5209987.329,458472.1142,5.88936,185.3,TRUE,5.3,400,300
1933,2022/10/7 2:08,131.4537513,47.02329033,5209981.062,458472.6103,5.33376,187.5,TRUE,5.3,400,300
1934,2022/10/7 2:09,131.4537615,47.02323933,5209975.387,458473.3462,5.77824,185.8,TRUE,5.3,400,300
1935,2022/10/7 2:09,131.4537568,47.02316933,5209967.608,458472.9346,5.13004,191.8,TRUE,5.3,400,300
1936,2022/10/7 2:09,131.4537483,47.02311217,5209961.258,458472.244,4.74112,180.2,TRUE,5.3,400,300
1937,2022/10/7 2:09,131.45373,47.02304367,5209953.652,458470.7997,7.37096,182.8,TRUE,5.3,400,300
1938,2022/10/7 2:09,131.4537062,47.02297433,5209945.956,458468.9366,8.09324,193.3,TRUE,5.3,400,300
1939,2022/10/7 2:09,131.4536982,47.022903,5209938.031,458468.2731,7.09316,189,TRUE,5.3,400,300
1940,2022/10/7 2:09,131.4536918,47.02284167,5209931.216,458467.739,6.31532,189.7,TRUE,5.3,400,300
1941,2022/10/7 2:09,131.4536735,47.02277567,5209923.888,458466.2965,6.61164,189.5,TRUE,5.3,400,300
1942,2022/10/7 2:09,131.4536585,47.02271083,5209916.688,458465.1059,7.16724,185.1,TRUE,5.3,400,300
1943,2022/10/7 2:09,131.4536523,47.02263383,5209908.131,458464.5748,6.35236,185.6,TRUE,5.3,400,300
1944,2022/10/7 2:09,131.453647,47.02256333,5209900.296,458464.1172,6.70424,190.6,TRUE,5.3,400,300
1945,2022/10/7 2:09,131.4536465,47.022502,5209893.479,458464.0317,5.38932,184.7,TRUE,5.3,400,300
1946,2022/10/7 2:09,131.453646,47.0224385,5209886.419,458463.9444,6.25976,182.6,TRUE,5.3,400,300
1947,2022/10/7 2:09,131.453647,47.02236767,5209878.545,458463.9655,4.27812,196,TRUE,5.3,400,300
1948,2022/10/7 2:09,131.4536447,47.02229617,5209870.597,458463.7352,4.33368,167.6,TRUE,5.3,400,300
1949,2022/10/7 2:10,131.4536442,47.02222433,5209862.611,458463.6414,5.66712,189.9,TRUE,5.3,400,300
1950,2022/10/7 2:10,131.4536407,47.0221475,5209854.071,458463.3158,5.7412,183.4,TRUE,5.3,383,300
1951,2022/10/7 2:10,131.4536388,47.02207167,5209845.642,458463.1125,3.29656,157.8,TRUE,5.3,400,300
1952,2022/10/7 2:10,131.4536417,47.02201767,5209839.638,458463.2911,3.96328,182,TRUE,5.3,400,300
1953,2022/10/7 2:10,131.453654,47.02195817,5209833.016,458464.18,6.482,174.9,TRUE,5.3,400,300
1954,2022/10/7 2:10,131.4536712,47.02187917,5209824.225,458465.4264,5.29672,178.3,TRUE,5.3,400,300
1955,2022/10/7 2:10,131.453663,47.02180333,5209815.798,458464.7442,5.85232,177.6,TRUE,5.3,400,300
1956,2022/10/7 2:10,131.4536693,47.02171017,5209805.438,458465.1509,4.38924,175.9,FALSE,5.3,0,300
1957,2022/10/7 2:10,131.4536865,47.02164233,5209797.887,458466.4059,5.9264,98,FALSE,5.3,0,300
1958,2022/10/7 2:10,131.4537822,47.02161283,5209794.557,458473.6586,5.05596,55.5,FALSE,5.3,0,300
1959,2022/10/7 2:10,131.4538628,47.02164167,5209797.72,458479.8086,4.20404,13.4,FALSE,5.3,0,300
1960,2022/10/7 2:10,131.4538768,47.02168717,5209802.771,458480.9082,4.79668,337.1,FALSE,5.3,0,300
1961,2022/10/7 2:10,131.4538523,47.02173167,5209807.731,458479.0801,4.09292,339,FALSE,5.3,0,300
1962,2022/10/7 2:10,131.4538293,47.0217835,5209813.505,458477.3717,5.31524,344.2,FALSE,5.3,0,300
1963,2022/10/7 2:10,131.4538133,47.02183517,5209819.258,458476.1954,4.96336,344.9,TRUE,5.3,163,300
1964,2022/10/7 2:11,131.4537952,47.0218785,5209824.085,458474.8529,6.40792,358.5,TRUE,5.3,225,300
1965,2022/10/7 2:11,131.4537917,47.021928,5209829.589,458474.6252,5.98196,357.2,TRUE,5.3,249,300
1966,2022/10/7 2:11,131.453809,47.02197067,5209834.324,458475.9735,5.51896,355,TRUE,5.3,206,300
1967,2022/10/7 2:11,131.453814,47.02201983,5209839.786,458476.3918,5.44488,354.3,TRUE,5.3,250,300
1968,2022/10/7 2:11,131.453778,47.02206833,5209845.197,458473.6925,5.96344,352.5,TRUE,5.3,245,300
1969,2022/10/7 2:11,131.4537532,47.02213033,5209852.103,458471.8552,5.98196,359.3,TRUE,5.3,239,300
1970,2022/10/7 2:11,131.4537303,47.02219617,5209859.435,458470.1653,5.98196,0.6,TRUE,5.3,232,300
1971,2022/10/7 2:11,131.4537422,47.02224483,5209864.838,458471.1077,5.14856,7.1,TRUE,5.3,236,300
1972,2022/10/7 2:11,131.4537588,47.0222885,5209869.684,458472.4036,5.03744,13.6,TRUE,5.3,369,300
1973,2022/10/7 2:11,131.453751,47.02233583,5209874.95,458471.8473,4.87076,7,TRUE,5.3,360,300
1974,2022/10/7 2:11,131.4537488,47.0223885,5209880.806,458471.7209,5.48192,9.3,TRUE,5.3,390,300
1975,2022/10/7 2:11,131.4537495,47.022438,5209886.309,458471.8125,5.1856,5.5,TRUE,5.3,400,300
1976,2022/10/7 2:11,131.4537623,47.0224905,5209892.139,458472.8263,6.72276,7,TRUE,5.3,400,300
1977,2022/10/7 2:11,131.4537478,47.02255917,5209899.78,458471.7772,6.88944,5.8,TRUE,5.3,400,300
1978,2022/10/7 2:11,131.453744,47.022625,5209907.101,458471.5394,7.61172,7.8,TRUE,5.3,400,300
1979,2022/10/7 2:12,131.4537463,47.02270483,5209915.974,458471.7761,7.63024,8,TRUE,5.3,400,300
1980,2022/10/7 2:12,131.4537522,47.02278817,5209925.236,458472.2893,7.92656,1.6,TRUE,5.3,400,300
1981,2022/10/7 2:12,131.4537482,47.02286683,5209933.983,458472.0462,7.74136,7.9,TRUE,5.3,400,300
1982,2022/10/7 2:12,131.4537527,47.0229385,5209941.948,458472.4439,7.74136,6.2,TRUE,5.3,400,300
1983,2022/10/7 2:12,131.453757,47.0230085,5209949.728,458472.8251,7.64876,6.1,TRUE,5.3,400,300
1984,2022/10/7 2:12,131.4537618,47.023073,5209956.896,458473.24,7.5006,1.6,TRUE,5.3,400,300
1985,2022/10/7 2:12,131.453778,47.023131,5209963.335,458474.5165,6.79684,10.2,TRUE,5.3,400,300
1986,2022/10/7 2:12,131.4537887,47.02322717,5209974.021,458475.4045,7.35244,9.4,TRUE,5.3,400,300
1987,2022/10/7 2:12,131.4537943,47.02329867,5209981.967,458475.8857,7.01908,4.5,TRUE,5.3,400,300
1988,2022/10/7 2:12,131.4538038,47.02336333,5209989.15,458476.6581,6.482,15.8,TRUE,5.3,400,300
1989,2022/10/7 2:12,131.453818,47.023424,5209995.887,458477.7846,7.09316,7.8,TRUE,5.3,400,300
1990,2022/10/7 2:12,131.4538042,47.0234935,5210003.621,458476.7894,6.50052,1.1,TRUE,5.3,400,300
1991,2022/10/7 2:12,131.4538072,47.023571,5210012.235,458477.0776,7.35244,10.4,TRUE,5.3,400,300
1992,2022/10/7 2:12,131.4537792,47.02364333,5210020.291,458475.005,6.88944,6.6,TRUE,5.3,400,300
1993,2022/10/7 2:12,131.4538015,47.02370417,5210027.043,458476.7475,7.18576,4.1,TRUE,5.3,400,300
1994,2022/10/7 2:13,131.4538022,47.02376617,5210033.935,458476.8488,7.16724,2.5,TRUE,5.3,398,300
1995,2022/10/7 2:13,131.4538082,47.02383883,5210042.009,458477.3613,7.66728,8.8,TRUE,5.3,400,300
1996,2022/10/7 2:13,131.4538158,47.02391233,5210050.176,458477.996,7.72284,7.6,TRUE,5.3,400,300
1997,2022/10/7 2:13,131.4538227,47.02400183,5210060.123,458478.59,8.167319,7.9,TRUE,5.3,400,300
1998,2022/10/7 2:13,131.4538228,47.0240775,5210068.535,458478.6562,7.72284,11.3,TRUE,5.3,400,300
1999,2022/10/7 2:13,131.4538212,47.02413567,5210075.003,458478.5797,7.05612,5.4,TRUE,5.3,400,300
2000,2022/10/7 2:13,131.4538217,47.02420867,5210083.118,458478.6743,6.42644,11.6,TRUE,5.3,400,300
2001,2022/10/7 2:13,131.4538143,47.02425333,5210088.087,458478.1464,4.51888,12.8,TRUE,5.3,398,300
2002,2022/10/7 2:13,131.4538293,47.02430133,5210093.415,458479.3239,6.70424,8.5,TRUE,5.3,398,300
2003,2022/10/7 2:13,131.453836,47.024377,5210101.824,458479.8919,7.53764,8.8,TRUE,5.3,400,300
2004,2022/10/7 2:13,131.4538277,47.02444883,5210109.813,458479.3167,6.98204,3.1,TRUE,5.3,400,300
2005,2022/10/7 2:13,131.4538375,47.02450583,5210116.145,458480.1059,6.16716,9.3,TRUE,5.3,400,300
2006,2022/10/7 2:13,131.453861,47.02456483,5210122.692,458481.9381,7.3154,7.2,TRUE,5.3,400,300
2007,2022/10/7 2:13,131.4538657,47.02463283,5210130.249,458482.3481,6.63016,8.1,TRUE,5.3,374,300
2008,2022/10/7 2:13,131.4538745,47.0247115,5210138.99,458483.0781,6.46348,1.8,TRUE,5.3,400,300
2009,2022/10/7 2:14,131.4538718,47.0247885,5210147.551,458482.9325,6.90796,9.2,TRUE,5.3,377,300
2010,2022/10/7 2:14,131.453868,47.024873,5210156.947,458482.7092,8.09324,5.6,TRUE,5.3,399,300
2011,2022/10/7 2:14,131.4538812,47.0249525,5210165.778,458483.7743,8.35252,6,TRUE,5.3,400,300
2012,2022/10/7 2:14,131.453914,47.0250065,5210171.764,458486.3096,5.556,7.6,TRUE,5.3,400,300
2013,2022/10/7 2:14,131.4539215,47.02505983,5210177.689,458486.9211,5.31524,9,TRUE,5.3,400,300
2014,2022/10/7 2:14,131.4539305,47.0251215,5210184.54,458487.6531,3.35212,16.6,TRUE,5.3,400,300
2015,2022/10/7 2:14,131.4539373,47.02515133,5210187.853,458488.1932,4.29664,18.2,TRUE,5.3,399,300
2016,2022/10/7 2:14,131.4539392,47.02518033,5210191.076,458488.3601,4.68556,43.1,FALSE,5.3,0,300
2017,2022/10/7 2:14,131.4539838,47.02520017,5210193.258,458491.766,3.85216,91.7,FALSE,5.3,0,300
2018,2022/10/7 2:14,131.4539947,47.02519833,5210193.047,458492.5932,0,0,FALSE,5.3,0,300
2019,2022/10/7 2:14,131.4539462,47.0252,5210193.259,458488.9075,4.9078,260.8,FALSE,5.3,0,300
2020,2022/10/7 2:14,131.453875,47.02518283,5210191.388,458483.4815,5.13004,249.3,FALSE,5.3,0,300
2021,2022/10/7 2:14,131.4537972,47.025172,5210190.225,458477.5588,5.24116,287.2,FALSE,5.3,0,300
2022,2022/10/7 2:14,131.4537558,47.02518383,5210191.562,458474.4207,3.44472,281.1,FALSE,5.3,0,300
2023,2022/10/7 2:14,131.4537207,47.02520367,5210193.786,458471.7678,1.6668,137.6,FALSE,5.3,0,300
2024,2022/10/7 2:15,131.4537357,47.02518983,5210192.24,458472.8974,3.74104,166.2,FALSE,5.3,0,300
2025,2022/10/7 2:15,131.4537298,47.02518183,5210191.354,458472.4427,1.2964,194.5,FALSE,5.3,0,300
2026,2022/10/7 2:15,131.4537288,47.02517933,5210191.076,458472.3647,0,0,FALSE,5.3,0,300
2027,2022/10/7 2:15,131.4537285,47.02517817,5210190.947,458472.341,0,0,FALSE,5.3,0,300
2028,2022/10/7 2:15,131.4537183,47.02514833,5210187.635,458471.5424,4.33368,191.4,TRUE,5.3,254,300
2029,2022/10/7 2:15,131.4537018,47.0250955,5210181.771,458470.2471,5.25968,189.7,TRUE,5.3,400,300
2030,2022/10/7 2:15,131.4536903,47.025037,5210175.274,458469.3275,6.55608,190.7,TRUE,5.3,400,300
2031,2022/10/7 2:15,131.4536863,47.02497933,5210168.865,458468.9787,7.408,190.3,TRUE,5.3,400,300
2032,2022/10/7 2:15,131.4536958,47.02491433,5210161.633,458469.6505,7.42652,185.6,TRUE,5.3,400,300
2033,2022/10/7 2:15,131.4536955,47.0248425,5210153.648,458469.572,6.7598,183.8,TRUE,5.3,376,300
2034,2022/10/7 2:15,131.4536825,47.02476867,5210145.447,458468.5265,6.83388,183.2,TRUE,5.3,400,300
2035,2022/10/7 2:15,131.4536793,47.02469867,5210137.667,458468.2289,6.53756,181.5,TRUE,5.3,400,300
2036,2022/10/7 2:15,131.4536663,47.02462083,5210129.02,458467.1803,6.2968,190.6,TRUE,5.3,400,300
2037,2022/10/7 2:15,131.4536582,47.02454917,5210121.058,458466.5089,6.27828,184.6,TRUE,5.3,400,300
2038,2022/10/7 2:15,131.4536562,47.0244825,5210113.647,458466.3052,6.68572,180.4,TRUE,5.3,398,300
2039,2022/10/7 2:16,131.4536583,47.0244205,5210106.754,458466.4167,6.3894,168.1,TRUE,5.3,395,300
2040,2022/10/7 2:16,131.4536758,47.02435567,5210099.537,458467.6968,5.3708,189.5,TRUE,5.3,400,300
2041,2022/10/7 2:16,131.4536627,47.0242825,5210091.41,458466.6442,6.55608,202.8,TRUE,5.3,400,300
2042,2022/10/7 2:16,131.4536545,47.02422583,5210085.114,458465.9769,6.72276,198.8,TRUE,5.3,400,300
2043,2022/10/7 2:16,131.4536297,47.024162,5210078.031,458464.042,5.093,195.2,TRUE,5.3,379,300
2044,2022/10/7 2:16,131.4536078,47.024098,5210070.928,458462.3275,5.88936,185.6,TRUE,5.3,400,300
2045,2022/10/7 2:16,131.4536062,47.02403433,5210063.85,458462.1565,8.09324,189.9,TRUE,5.3,394,300
2046,2022/10/7 2:16,131.453615,47.023952,5210054.693,458462.7616,6.50052,185.4,TRUE,5.3,400,300
2047,2022/10/7 2:16,131.4536307,47.02387233,5210045.828,458463.8934,5.77824,182.7,TRUE,5.3,400,300
2048,2022/10/7 2:16,131.4536025,47.0237945,5210037.19,458461.6892,7.57468,183.2,TRUE,5.3,400,300
2049,2022/10/7 2:16,131.453579,47.02371567,5210028.439,458459.8415,6.33384,181.4,TRUE,5.3,400,300
2050,2022/10/7 2:16,131.4535795,47.02363217,5210019.156,458459.8147,6.05604,178.9,TRUE,5.3,400,300
2051,2022/10/7 2:16,131.4535923,47.02354483,5210009.44,458460.7201,7.07464,177.7,TRUE,5.3,400,300
2052,2022/10/7 2:16,131.4536092,47.0234645,5210000.5,458461.9425,7.14872,176.3,TRUE,5.3,400,300
2053,2022/10/7 2:16,131.453625,47.02339117,5209992.34,458463.0868,8.13028,164.2,TRUE,5.3,400,300
2054,2022/10/7 2:17,131.4536513,47.0233045,5209982.691,458465.019,6.8524,185,TRUE,5.3,400,300
2055,2022/10/7 2:17,131.4536537,47.0232355,5209975.019,458465.1479,5.75972,171.2,FALSE,5.3,0,300
2056,2022/10/7 2:17,131.453717,47.02317767,5209968.556,458469.9153,6.33384,111.1,FALSE,5.3,0,300
2057,2022/10/7 2:17,131.4537933,47.02315083,5209965.532,458475.6951,6.61164,32.6,FALSE,5.3,0,300
2058,2022/10/7 2:17,131.4538467,47.0231755,5209968.246,458479.7738,6.92648,351.3,FALSE,5.3,0,300
2059,2022/10/7 2:17,131.4538342,47.02323867,5209975.275,458478.8725,4.83372,344.9,FALSE,5.3,0,300
2060,2022/10/7 2:17,131.4538163,47.02329767,5209981.844,458477.5574,5.77824,352.8,FALSE,5.3,0,300
2061,2022/10/7 2:17,131.4537885,47.02335583,5209988.324,458475.4891,5.29672,354.4,FALSE,5.3,0,300
2062,2022/10/7 2:17,131.453787,47.0233965,5209992.846,458475.4066,5.68564,5.1,FALSE,5.3,0,300
2063,2022/10/7 2:17,131.4537908,47.02345267,5209999.089,458475.739,5.87084,10.5,FALSE,5.3,0,300
2064,2022/10/7 2:17,131.4537988,47.0235065,5210005.069,458476.389,5.98196,9.8,TRUE,5.3,379,300
2065,2022/10/7 2:17,131.4537948,47.02355967,5210010.982,458476.1261,5.51896,8.6,TRUE,5.3,398,300
2066,2022/10/7 2:17,131.4537963,47.02362633,5210018.392,458476.2918,7.2228,359.6,TRUE,5.3,355,300
2067,2022/10/7 2:17,131.4537967,47.02369233,5210025.729,458476.3734,5.6486,4.7,TRUE,5.3,371,300
2068,2022/10/7 2:17,131.4538052,47.02375867,5210033.1,458477.071,6.24124,0.5,TRUE,5.3,371,300
2069,2022/10/7 2:18,131.4538017,47.02383367,5210041.439,458476.8631,7.20428,8.7,TRUE,5.3,376,300
2070,2022/10/7 2:18,131.4537943,47.02390067,5210048.892,458476.3525,6.16716,6,TRUE,5.3,397,300
2071,2022/10/7 2:18,131.45379,47.023988,5210058.602,458476.0933,6.945,3.7,TRUE,5.3,396,300
2072,2022/10/7 2:18,131.4537985,47.024057,5210066.269,458476.793,6.81536,8.2,TRUE,5.3,368,300
2073,2022/10/7 2:18,131.4538095,47.02413183,5210074.582,458477.6873,7.00056,8.4,TRUE,5.3,400,300
2074,2022/10/7 2:18,131.4538087,47.02419317,5210081.401,458477.674,6.7598,358.1,TRUE,5.3,399,300
2075,2022/10/7 2:18,131.453801,47.02425083,5210087.816,458477.1334,7.16724,341.2,TRUE,5.3,346,300
2076,2022/10/7 2:18,131.4537448,47.02432283,5210095.85,458472.9168,6.64868,341.9,TRUE,5.3,371,300
2077,2022/10/7 2:18,131.4537128,47.0243935,5210103.723,458470.5389,5.98196,12.2,TRUE,5.3,363,300
2078,2022/10/7 2:18,131.4537348,47.02445783,5210110.863,458472.2613,7.09316,4.2,TRUE,5.3,399,300
2079,2022/10/7 2:18,131.4537492,47.02450917,5210116.563,458473.3958,6.5746,7.4,TRUE,5.3,400,300
2080,2022/10/7 2:18,131.453751,47.02456417,5210122.676,458473.5753,6.25976,17.7,TRUE,5.3,400,300
2081,2022/10/7 2:18,131.4537742,47.024634,5210130.427,458475.3931,7.09316,3.4,TRUE,5.3,400,300
2082,2022/10/7 2:18,131.4537735,47.02469983,5210137.746,458475.391,6.90796,5,TRUE,5.3,400,300
2083,2022/10/7 2:18,131.4537722,47.024754,5210143.769,458475.3341,6.13012,9,TRUE,5.3,400,300
2084,2022/10/7 2:19,131.45377,47.02481083,5210150.088,458475.211,6.50052,12.4,TRUE,5.3,400,300
2085,2022/10/7 2:19,131.453774,47.02487717,5210157.461,458475.5665,7.07464,0.4,TRUE,5.3,400,300
2086,2022/10/7 2:19,131.453777,47.02494517,5210165.019,458475.8473,6.2968,14.3,TRUE,5.3,400,300
2087,2022/10/7 2:19,131.4537747,47.025003,5210171.449,458475.7173,5.8338,11.2,TRUE,5.3,400,300
2088,2022/10/7 2:19,131.4537788,47.0250525,5210176.95,458476.0674,4.50036,13.3,TRUE,5.3,399,300
2089,2022/10/7 2:19,131.4537793,47.02510833,5210183.156,458476.1487,5.22264,7.9,TRUE,5.3,400,300
2090,2022/10/7 2:19,131.4537897,47.02515183,5210187.987,458476.973,2.90764,51.5,TRUE,5.3,400,300
2091,2022/10/7 2:19,131.453812,47.02517617,5210190.681,458478.6871,3.8892,27.8,TRUE,5.3,234,300
2092,2022/10/7 2:19,131.4538028,47.02517317,5210190.352,458477.9854,0,0,FALSE,5.3,0,300
2093,2022/10/7 2:19,131.4537635,47.0251165,5210184.073,458474.9539,4.66704,243.2,FALSE,5.3,0,300
2094,2022/10/7 2:19,131.4537238,47.0250835,5210180.425,458471.9103,4.20404,182.3,FALSE,5.3,0,300
2095,2022/10/7 2:19,131.4537203,47.02503333,5210174.85,458471.6053,5.2782,169.8,FALSE,5.3,0,300
2096,2022/10/7 2:19,131.4537463,47.02498283,5210169.222,458473.5427,5.093,171.2,FALSE,5.3,0,300
2097,2022/10/7 2:19,131.4537543,47.02494817,5210165.364,458474.124,5.90788,175.6,FALSE,5.3,0,300
2098,2022/10/7 2:19,131.4537537,47.02488333,5210158.156,458474.0281,5.22264,183.5,FALSE,5.3,0,300
2099,2022/10/7 2:20,131.4537413,47.02481617,5210150.697,458473.0333,5.25968,173.7,FALSE,5.3,0,300
2100,2022/10/7 2:20,131.4537392,47.02478467,5210147.196,458472.8492,0.72228,164.6,FALSE,5.3,0,300
2101,2022/10/7 2:20,131.4537392,47.02479617,5210148.474,458472.8582,2.35204,29.5,TRUE,5.3,176,300
2102,2022/10/7 2:20,131.4537422,47.02483683,5210152.993,458473.1178,4.63,3.2,TRUE,5.3,400,300
2103,2022/10/7 2:20,131.4537445,47.02489467,5210159.422,458473.3375,2.70392,8.7,TRUE,5.3,400,300
2104,2022/10/7 2:20,131.4537518,47.02494017,5210164.476,458473.9277,3.74104,5.9,TRUE,5.3,400,300
2105,2022/10/7 2:20,131.4537497,47.024984,5210169.35,458473.802,4.98188,4.6,TRUE,5.3,400,300
2106,2022/10/7 2:20,131.4537473,47.02503167,5210174.651,458473.6566,4.59296,4.8,TRUE,5.3,395,300
2107,2022/10/7 2:20,131.4537525,47.02507017,5210178.928,458474.0817,5.1856,355.4,TRUE,5.3,400,300
2108,2022/10/7 2:20,131.4537602,47.02511283,5210183.667,458474.7002,3.92624,44.4,TRUE,5.3,112,300
2109,2022/10/7 2:20,131.453802,47.0251335,5210185.942,458477.8938,5.87084,86,FALSE,5.3,0,300
2110,2022/10/7 2:20,131.4538653,47.02512317,5210184.76,458482.6979,4.85224,92.7,FALSE,5.3,0,300
2111,2022/10/7 2:20,131.4539233,47.025123,5210184.711,458487.1069,5.81528,94.4,FALSE,5.3,0,300
2112,2022/10/7 2:20,131.4539953,47.02512367,5210184.747,458492.5809,4.83372,92.4,FALSE,5.3,0,300
2113,2022/10/7 2:20,131.4540697,47.025132,5210185.634,458498.2432,4.77816,84,TRUE,5.3,259,300
2114,2022/10/7 2:21,131.4541423,47.02516367,5210189.116,458503.7868,5.6486,76.4,TRUE,5.3,246,300
2115,2022/10/7 2:21,131.4542143,47.025183,5210191.227,458509.2753,5.14856,90.3,TRUE,5.3,247,300
2116,2022/10/7 2:21,131.4542982,47.0251755,5210190.349,458515.6475,5.03744,89.9,FALSE,5.3,0,300
2117,2022/10/7 2:21,131.4543833,47.02517517,5210190.267,458522.1166,5.98196,92,FALSE,5.3,0,300
2118,2022/10/7 2:21,131.4544658,47.025194,5210192.317,458528.4028,4.55592,70.6,FALSE,5.3,0,300
2119,2022/10/7 2:21,131.4545482,47.02520367,5210193.348,458534.6744,5.0004,88.3,FALSE,5.3,0,300
2120,2022/10/7 2:21,131.4546123,47.02519417,5210192.258,458539.5399,5.75972,129.3,FALSE,5.3,0,300
2121,2022/10/7 2:21,131.4546502,47.02517117,5210189.681,458542.4032,4.8152,164.4,FALSE,5.3,0,300
2122,2022/10/7 2:21,131.4546492,47.02514433,5210186.698,458542.3064,0,189.3,FALSE,5.3,0,300
2123,2022/10/7 2:21,131.45466,47.02513633,5210185.802,458543.1213,4.66704,175,TRUE,5.3,361,300
2124,2022/10/7 2:21,131.4546745,47.02509167,5210180.83,458544.189,5.13004,172.8,TRUE,5.3,400,300
2125,2022/10/7 2:21,131.4546577,47.025044,5210175.539,458542.8749,5.9264,182,TRUE,5.3,400,300
2126,2022/10/7 2:21,131.4546495,47.02498417,5210168.892,458542.2052,6.37088,183.9,TRUE,5.3,400,300
2127,2022/10/7 2:21,131.4546323,47.02490617,5210160.23,458540.8373,7.2228,186.5,TRUE,5.3,400,300
2128,2022/10/7 2:21,131.4546275,47.024832,5210151.987,458540.415,6.61164,183.4,TRUE,5.3,400,300
2129,2022/10/7 2:22,131.4546332,47.02476283,5210144.294,458540.7947,8.4266,190.5,TRUE,5.3,400,300
2130,2022/10/7 2:22,131.4546235,47.02467817,5210134.888,458539.9918,7.83396,186,TRUE,5.3,400,300
2131,2022/10/7 2:22,131.4546172,47.024594,5210125.534,458539.4477,8.2414,181,TRUE,5.3,400,300
2132,2022/10/7 2:22,131.4546218,47.02451083,5210116.285,458539.733,7.90804,190.8,TRUE,5.3,400,300
2133,2022/10/7 2:22,131.4546137,47.02443033,5210107.34,458539.0549,7.53764,188.5,TRUE,5.3,400,300
2134,2022/10/7 2:22,131.454612,47.02435533,5210099.003,458538.8676,6.51904,187.2,TRUE,5.3,400,300
2135,2022/10/7 2:22,131.4546097,47.0242745,5210090.019,458538.6302,7.5932,177.6,TRUE,5.3,400,300
2136,2022/10/7 2:22,131.4546108,47.02418983,5210080.605,458538.6482,7.74136,183.5,TRUE,5.3,400,300
2137,2022/10/7 2:22,131.4546018,47.0241045,5210071.124,458537.898,7.25984,183.2,TRUE,5.3,400,300
2138,2022/10/7 2:22,131.454605,47.02403167,5210063.025,458538.0848,6.33384,187.9,TRUE,5.3,400,300
2139,2022/10/7 2:22,131.4545918,47.0239585,5210054.898,458537.0247,7.24132,187.1,TRUE,5.3,400,300
2140,2022/10/7 2:22,131.4545867,47.02388967,5210047.249,458536.5837,7.20428,190.5,TRUE,5.3,400,300
2141,2022/10/7 2:22,131.4545765,47.02382317,5210039.861,458535.7568,7.79692,187.3,TRUE,5.3,400,300
2142,2022/10/7 2:22,131.4545593,47.0237405,5210030.68,458534.3852,8.29696,182.5,TRUE,5.3,400,300
2143,2022/10/7 2:22,131.454557,47.02365333,5210020.99,458534.1428,7.408,181.8,TRUE,5.3,397,300
2144,2022/10/7 2:23,131.4545465,47.023578,5210012.621,458533.2863,8.35252,182.7,TRUE,5.3,400,300
2145,2022/10/7 2:23,131.4545523,47.02349617,5210003.521,458533.6638,7.48208,191,TRUE,5.3,400,300
2146,2022/10/7 2:23,131.4545488,47.02341283,5209994.258,458533.3332,7.05612,183.5,TRUE,5.3,385,300
2147,2022/10/7 2:23,131.454535,47.02333833,5209985.983,458532.2264,7.25984,185.3,TRUE,5.3,400,300
2148,2022/10/7 2:23,131.4545352,47.02326517,5209977.85,458532.185,7.38948,192.9,TRUE,5.3,400,300
2149,2022/10/7 2:23,131.4545303,47.0231855,5209968.995,458531.7508,7.408,179,TRUE,5.3,400,300
2150,2022/10/7 2:23,131.4545237,47.023097,5209959.16,458531.1805,7.5006,186.9,TRUE,5.3,400,300
2151,2022/10/7 2:23,131.4545272,47.02302033,5209950.635,458531.3872,7.57468,180.6,TRUE,5.3,400,300
2152,2022/10/7 2:23,131.4545192,47.0229415,5209941.876,458530.718,6.61164,185.9,TRUE,5.3,374,300
2153,2022/10/7 2:23,131.4545132,47.022863,5209933.152,458530.201,6.61164,188.8,TRUE,5.3,400,300
2154,2022/10/7 2:23,131.4545027,47.02278467,5209924.449,458529.3421,8.07472,190.4,TRUE,5.3,400,300
2155,2022/10/7 2:23,131.4544953,47.0227105,5209916.208,458528.7221,7.1302,186.1,TRUE,5.3,400,300
2156,2022/10/7 2:23,131.4544878,47.02263,5209907.263,458528.0896,8.037681,185.9,TRUE,5.3,400,300
2157,2022/10/7 2:23,131.454482,47.0225485,5209898.205,458527.5856,8.01916,188.5,TRUE,5.3,400,300
2158,2022/10/7 2:23,131.454476,47.02247233,5209889.74,458527.0704,8.315479,183.2,TRUE,5.3,400,300
2159,2022/10/7 2:24,131.4544657,47.02239617,5209881.279,458526.2284,7.408,183.1,TRUE,5.3,400,300
2160,2022/10/7 2:24,131.4544497,47.02231983,5209872.801,458524.9529,7.9636,179,TRUE,5.3,400,300
2161,2022/10/7 2:24,131.454454,47.02222933,5209862.738,458525.2097,8.037681,189.3,TRUE,5.3,400,300
2162,2022/10/7 2:24,131.4544435,47.02214967,5209853.887,458524.3498,7.408,184.4,TRUE,5.3,400,300
2163,2022/10/7 2:24,131.4544418,47.02206133,5209844.067,458524.1521,7.35244,181.5,TRUE,5.3,400,300
2164,2022/10/7 2:24,131.4544313,47.02198067,5209835.106,458523.2914,8.01916,181.5,TRUE,5.3,400,300
2165,2022/10/7 2:24,131.4544243,47.021889,5209824.918,458522.6882,8.20436,182.8,TRUE,5.3,400,300
2166,2022/10/7 2:24,131.4544138,47.02180883,5209816.011,458521.8279,7.81544,185.1,TRUE,5.3,400,300
2167,2022/10/7 2:24,131.4544053,47.02173217,5209807.494,458521.1223,8.35252,184.3,TRUE,5.3,400,300
2168,2022/10/7 2:24,131.4543865,47.0216545,5209798.869,458519.6328,8.037681,187.3,TRUE,5.3,400,300
2169,2022/10/7 2:24,131.4543475,47.02159033,5209791.756,458516.6182,7.3154,191,TRUE,5.3,400,300
2170,2022/10/7 2:24,131.454335,47.021525,5209784.5,458515.6172,3.90772,216.5,TRUE,5.3,368,300
2171,2022/10/7 2:24,131.454322,47.02148067,5209779.578,458514.5946,5.03744,213.9,TRUE,5.3,161,300
2172,2022/10/7 2:24,131.45428,47.02144383,5209775.505,458511.373,5.2782,243.3,FALSE,5.3,0,300
2173,2022/10/7 2:24,131.45424,47.021442,5209775.323,458508.3305,2.66688,87,FALSE,5.3,0,300
2174,2022/10/7 2:25,131.4543162,47.0214515,5209776.338,458514.131,5.05596,66,FALSE,5.3,0,300
2175,2022/10/7 2:25,131.4543958,47.02146683,5209778.001,458520.1945,5.05596,58.6,FALSE,5.3,0,300
2176,2022/10/7 2:25,131.4544785,47.021482,5209779.643,458526.4936,5.57452,81.6,FALSE,5.3,0,300
2177,2022/10/7 2:25,131.4545552,47.02146583,5209777.805,458532.3122,0.87044,88.7,FALSE,5.3,0,300
2178,2022/10/7 2:25,131.4545123,47.02147017,5209778.31,458529.0541,5.44488,314.6,FALSE,5.3,0,300
2179,2022/10/7 2:25,131.4544917,47.0214985,5209781.471,458527.5099,5.4634,16,TRUE,5.3,248,300
2180,2022/10/7 2:25,131.4545208,47.0215255,5209784.457,458529.7431,4.70408,9.7,TRUE,5.3,400,300
2181,2022/10/7 2:25,131.4545348,47.0215695,5209789.341,458530.8415,5.79676,10,TRUE,5.3,400,300
2182,2022/10/7 2:25,131.4545433,47.02163733,5209796.877,458531.5403,6.945,2.6,TRUE,5.3,400,300
2183,2022/10/7 2:25,131.4545547,47.02169617,5209803.412,458532.4525,6.77832,5.8,TRUE,5.3,400,300
2184,2022/10/7 2:25,131.4545655,47.021769,5209811.503,458533.33,7.35244,7.2,TRUE,5.3,400,300
2185,2022/10/7 2:25,131.4545743,47.02184467,5209819.911,458534.0576,8.889601,1.2,TRUE,5.3,400,300
2186,2022/10/7 2:25,131.454574,47.02192383,5209828.711,458534.0961,7.07464,8.8,TRUE,5.3,400,300
2187,2022/10/7 2:25,131.4545878,47.02199267,5209836.357,458535.1985,6.46348,359.9,TRUE,5.3,400,300
2188,2022/10/7 2:25,131.4545923,47.02206483,5209844.377,458535.5965,7.1302,359.9,TRUE,5.3,400,300
2189,2022/10/7 2:26,131.4545968,47.02213683,5209852.379,458535.9944,6.77832,10.4,TRUE,5.3,400,300
2190,2022/10/7 2:26,131.4545943,47.0222155,5209861.126,458535.8652,7.852479,4.1,TRUE,5.3,400,300
2191,2022/10/7 2:26,131.454606,47.022291,5209869.513,458536.8131,8.09324,359.4,TRUE,5.3,400,300
2192,2022/10/7 2:26,131.4546077,47.02236817,5209878.091,458537.0021,8.01916,3.5,TRUE,5.3,383,300
2193,2022/10/7 2:26,131.4546162,47.022447,5209886.85,458537.7094,7.81544,3.4,TRUE,5.3,400,300
2194,2022/10/7 2:26,131.4546272,47.02251167,5209894.034,458538.5957,6.55608,4.8,TRUE,5.3,400,300
2195,2022/10/7 2:26,131.4546303,47.0225755,5209901.128,458538.8808,7.07464,354.8,TRUE,5.3,400,300
2196,2022/10/7 2:26,131.454632,47.02264733,5209909.113,458539.0656,7.66728,1.2,TRUE,5.3,400,300
2197,2022/10/7 2:26,131.454639,47.0227235,5209917.577,458539.6568,7.20428,6.7,TRUE,5.3,400,300
2198,2022/10/7 2:26,131.4546502,47.02279883,5209925.946,458540.5666,7.5932,8.2,TRUE,5.3,400,300
2199,2022/10/7 2:26,131.4546618,47.02287383,5209934.277,458541.5065,7.44504,8.3,TRUE,5.3,399,300
2200,2022/10/7 2:26,131.4546637,47.02294133,5209941.78,458541.7032,7.408,7.4,TRUE,5.3,400,300
2201,2022/10/7 2:26,131.4546668,47.02302117,5209950.654,458542.0007,7.463561,3,TRUE,5.3,400,300
2202,2022/10/7 2:26,131.4546695,47.02309883,5209959.287,458542.2661,8.185841,4,TRUE,5.3,400,300
2203,2022/10/7 2:26,131.4546777,47.02317333,5209967.564,458542.9471,8.27844,0.6,TRUE,5.3,400,300
2204,2022/10/7 2:27,131.454679,47.023247,5209975.754,458543.103,8.40808,2.4,TRUE,5.3,400,300
2205,2022/10/7 2:27,131.4546907,47.02333033,5209985.011,458544.057,8.35252,8,TRUE,5.3,400,300
2206,2022/10/7 2:27,131.4546995,47.02341317,5209994.216,458544.7901,7.33392,3.4,TRUE,5.3,400,300
2207,2022/10/7 2:27,131.4547152,47.023486,5210002.304,458546.04,7.07464,7.2,TRUE,5.3,400,300
2208,2022/10/7 2:27,131.4547203,47.023558,5210010.306,458546.4835,7.72284,3.8,TRUE,5.3,400,300
2209,2022/10/7 2:27,131.4547162,47.02364517,5210019.999,458546.2393,7.92656,2,TRUE,5.3,400,300
2210,2022/10/7 2:27,131.4547152,47.0237225,5210028.596,458546.2231,8.537721,4.3,TRUE,5.3,400,300
2211,2022/10/7 2:27,131.454718,47.023809,5210038.211,458546.5029,8.4266,2.3,TRUE,5.3,400,300
2212,2022/10/7 2:27,131.4547272,47.02389167,5210047.397,458547.2663,8.167319,2,TRUE,5.3,400,300
2213,2022/10/7 2:27,131.4547317,47.0239715,5210056.269,458547.6702,8.09324,4.8,TRUE,5.3,400,300
2214,2022/10/7 2:27,131.4547325,47.02404933,5210064.921,458547.7913,7.72284,5.9,TRUE,5.3,400,300
2215,2022/10/7 2:27,131.4547423,47.02412217,5210073.014,458548.5927,7.5932,6.8,TRUE,5.3,400,300
2216,2022/10/7 2:27,131.4547448,47.024187,5210080.22,458548.8329,7.42652,3.1,TRUE,5.3,400,300
2217,2022/10/7 2:27,131.454751,47.024264,5210088.776,458549.3638,8.57476,357.6,TRUE,5.3,400,300
2218,2022/10/7 2:27,131.4547482,47.0243475,5210098.061,458549.2156,7.3154,5.2,TRUE,5.3,400,300
2219,2022/10/7 2:28,131.4547555,47.02441083,5210105.097,458549.8196,7.72284,0.8,TRUE,5.3,400,300
2220,2022/10/7 2:28,131.4547522,47.02449167,5210114.086,458549.6313,8.25992,2.5,TRUE,5.3,400,300
2221,2022/10/7 2:28,131.4547647,47.02456967,5210122.751,458550.6419,8.1488,3.8,TRUE,5.3,400,300
2222,2022/10/7 2:28,131.4547725,47.024643,5210130.899,458551.2917,6.81536,357,TRUE,5.3,400,300
2223,2022/10/7 2:28,131.4547748,47.024717,5210139.124,458551.5238,7.463561,1.6,TRUE,5.3,400,300
2224,2022/10/7 2:28,131.4547833,47.024786,5210146.791,458552.2234,7.25984,7,TRUE,5.3,400,300
2225,2022/10/7 2:28,131.4547813,47.02485833,5210154.833,458552.1273,7.74136,4.2,TRUE,5.3,400,300
2226,2022/10/7 2:28,131.4547892,47.0249245,5210162.185,458552.7791,7.83396,2.7,TRUE,5.3,400,300
2227,2022/10/7 2:28,131.4547918,47.024996,5210170.132,458553.0321,7.14872,1.9,TRUE,5.3,400,300
2228,2022/10/7 2:28,131.4547915,47.0250635,5210177.636,458553.0615,6.09308,4.4,TRUE,5.3,400,300
2229,2022/10/7 2:28,131.4547875,47.02513867,5210185.995,458552.8156,5.51896,359.2,TRUE,5.3,400,300
2230,2022/10/7 2:28,131.4547935,47.02520567,5210193.44,458553.3236,5.75972,36.3,TRUE,5.3,116,300
2231,2022/10/7 2:28,131.4548538,47.0252295,5210196.058,458557.9261,0.8334,67.9,FALSE,5.3,0,300
2232,2022/10/7 2:28,131.45482,47.02522667,5210195.761,458555.3544,6.05604,269.6,FALSE,5.3,0,300
2233,2022/10/7 2:28,131.4547495,47.02523817,5210197.077,458550.0039,0.68524,292.7,FALSE,5.3,0,300
2234,2022/10/7 2:29,131.4547528,47.02523217,5210196.408,458550.2501,5.53748,124.1,FALSE,5.3,0,300
2235,2022/10/7 2:29,131.454794,47.02520583,5210193.458,458553.3617,5.35228,174.3,TRUE,5.3,74,300
2236,2022/10/7 2:29,131.4547927,47.02516317,5210188.716,458553.2299,3.6114,199.6,TRUE,5.3,391,300
2237,2022/10/7 2:29,131.4547915,47.02512267,5210184.214,458553.1073,4.7226,183.9,TRUE,5.3,400,300
2238,2022/10/7 2:29,131.4547762,47.02506817,5210178.164,458551.902,4.83372,189.1,TRUE,5.3,400,300
2239,2022/10/7 2:29,131.4547582,47.025017,5210172.484,458550.4941,5.33376,196.4,TRUE,5.3,372,300
2240,2022/10/7 2:29,131.4547418,47.02496633,5210166.86,458549.2081,6.44496,183.7,TRUE,5.3,400,300
2241,2022/10/7 2:29,131.4547403,47.02489933,5210159.412,458549.0422,6.59312,180.3,TRUE,5.3,400,300
2242,2022/10/7 2:29,131.4547482,47.02482533,5210151.182,458549.5855,6.51904,184.1,TRUE,5.3,400,300
2243,2022/10/7 2:29,131.4547382,47.0247595,5210143.868,458548.7743,6.53756,177.4,TRUE,5.3,400,300
2244,2022/10/7 2:29,131.4547372,47.02468267,5210135.328,458548.6388,6.7598,189.6,TRUE,5.3,400,300
2245,2022/10/7 2:29,131.454746,47.02460717,5210126.93,458549.2494,7.16724,181.7,TRUE,5.3,400,300
2246,2022/10/7 2:29,131.4547487,47.024529,5210118.238,458549.3941,7.14872,188.6,TRUE,5.3,400,300
2247,2022/10/7 2:29,131.4547455,47.0244575,5210110.291,458549.0955,6.74128,183.4,TRUE,5.3,400,300
2248,2022/10/7 2:29,131.454741,47.02439,5210102.789,458548.7012,6.6672,187.3,TRUE,5.3,400,300
2249,2022/10/7 2:30,131.4547378,47.02431517,5210094.472,458548.4,6.6672,182.9,TRUE,5.3,400,300
2250,2022/10/7 2:30,131.454736,47.02424167,5210086.302,458548.2062,6.92648,184.7,TRUE,5.3,400,300
2251,2022/10/7 2:30,131.4547258,47.024173,5210078.673,458547.3777,6.09308,189.5,TRUE,5.3,397,300
2252,2022/10/7 2:30,131.4547098,47.02409833,5210070.381,458546.1035,9.019239,185.4,TRUE,5.3,400,300
2253,2022/10/7 2:30,131.4547135,47.024006,5210060.114,458546.3133,8.25992,182.6,TRUE,5.3,400,300
2254,2022/10/7 2:30,131.4547115,47.023918,5210050.332,458546.0932,6.90796,180.7,TRUE,5.3,400,300
2255,2022/10/7 2:30,131.4547095,47.02384567,5210042.292,458545.8851,6.33384,180.4,TRUE,5.3,400,300
2256,2022/10/7 2:30,131.4547113,47.02377817,5210034.787,458545.9697,7.16724,179.6,TRUE,5.3,400,300
2257,2022/10/7 2:30,131.454718,47.023703,5210026.427,458546.4209,7.09316,183.7,TRUE,5.3,400,300
2258,2022/10/7 2:30,131.454701,47.0236385,5210019.266,458545.0786,6.5746,184.1,TRUE,5.3,400,300
2259,2022/10/7 2:30,131.4547003,47.02356017,5210010.558,458544.9647,7.408,186.7,TRUE,5.3,400,300
2260,2022/10/7 2:30,131.4546915,47.023486,5210002.317,458544.2383,7.83396,181.8,TRUE,5.3,400,300
2261,2022/10/7 2:30,131.4546885,47.02340067,5209992.832,458543.9442,7.57468,184.5,TRUE,5.3,400,300
2262,2022/10/7 2:30,131.4546802,47.023323,5209984.202,458543.253,7.704319,187.4,TRUE,5.3,400,300
2263,2022/10/7 2:30,131.454683,47.0232485,5209975.918,458543.4082,7.90804,185.3,TRUE,5.3,400,300
2264,2022/10/7 2:31,131.4546767,47.0231765,5209967.917,458542.8736,7.33392,188.7,TRUE,5.3,400,300
2265,2022/10/7 2:31,131.45467,47.0231075,5209960.25,458542.3108,7.48208,187.3,TRUE,5.3,400,300
2266,2022/10/7 2:31,131.454667,47.02302383,5209950.95,458542.0179,7.90804,189.8,TRUE,5.3,400,300
2267,2022/10/7 2:31,131.4546555,47.02293267,5209940.822,458541.0731,7.74136,189.2,TRUE,5.3,400,300
2268,2022/10/7 2:31,131.4546522,47.0228535,5209932.022,458540.7609,8.07472,187.6,TRUE,5.3,400,300
2269,2022/10/7 2:31,131.4546442,47.02277283,5209923.058,458540.0903,7.2228,187.4,TRUE,5.3,400,300
2270,2022/10/7 2:31,131.4546237,47.02270467,5209915.492,458538.479,7.33392,184,TRUE,5.3,400,300
2271,2022/10/7 2:31,131.4546127,47.02263433,5209907.678,458537.5883,6.13012,193.5,TRUE,5.3,400,300
2272,2022/10/7 2:31,131.4546238,47.02256033,5209899.445,458538.3749,6.90796,186.2,TRUE,5.3,400,300
2273,2022/10/7 2:31,131.4546088,47.022487,5209891.301,458537.1778,7.11168,188.9,TRUE,5.3,400,300
2274,2022/10/7 2:31,131.454604,47.02241083,5209882.836,458536.7539,7.01908,181.7,TRUE,5.3,400,300
2275,2022/10/7 2:31,131.4545828,47.022327,5209873.527,458535.0773,6.74128,178.3,TRUE,5.3,400,300
2276,2022/10/7 2:31,131.4545797,47.022257,5209865.747,458534.7874,6.42644,179.8,TRUE,5.3,400,300
2277,2022/10/7 2:31,131.4545787,47.02218267,5209857.484,458534.6538,6.64868,182.5,TRUE,5.3,400,300
2278,2022/10/7 2:31,131.4545712,47.022112,5209849.632,458534.0289,7.81544,185.1,TRUE,5.3,400,300
2279,2022/10/7 2:32,131.4545742,47.022032,5209840.737,458534.195,7.6858,183.3,TRUE,5.3,400,300
2280,2022/10/7 2:32,131.4545635,47.0219475,5209831.348,458533.3161,6.87092,192.6,TRUE,5.3,400,300
2281,2022/10/7 2:32,131.4545445,47.02187967,5209823.818,458531.8192,6.90796,187.4,TRUE,5.3,400,300
2282,2022/10/7 2:32,131.454526,47.02180417,5209815.434,458530.3542,7.42652,185.7,TRUE,5.3,400,300
2283,2022/10/7 2:32,131.4545195,47.02172767,5209806.933,458529.8008,6.482,192.3,TRUE,5.3,400,300
2284,2022/10/7 2:32,131.4545183,47.0216555,5209798.91,458529.6537,6.64868,189.8,TRUE,5.3,400,300
2285,2022/10/7 2:32,131.4545123,47.02157933,5209790.446,458529.1386,4.85224,184.3,TRUE,5.3,400,300
2286,2022/10/7 2:32,131.454494,47.02153767,5209785.824,458527.7151,5.16708,182.1,TRUE,5.3,394,300
2287,2022/10/7 2:32,131.4545212,47.02146417,5209777.638,458529.726,5.2782,134.5,FALSE,5.3,0,300
2288,2022/10/7 2:32,131.4545877,47.02142567,5209773.323,458534.7519,1.40752,124.3,FALSE,5.3,0,300
2289,2022/10/7 2:32,131.454587,47.0214235,5209773.082,458534.697,5.25968,267,FALSE,5.3,0,300
2290,2022/10/7 2:32,131.4545185,47.02141733,5209772.433,458529.4845,4.98188,257,FALSE,5.3,0,300
2291,2022/10/7 2:32,131.4545132,47.02141417,5209772.084,458529.0791,5.66712,69.8,FALSE,5.3,0,300
2292,2022/10/7 2:32,131.4545937,47.02144983,5209776.006,458535.2268,5.90788,38.9,FALSE,5.3,0,300
2293,2022/10/7 2:32,131.4546337,47.02149517,5209781.025,458538.3029,5.05596,23.7,TRUE,5.3,221,300
2294,2022/10/7 2:33,131.4546502,47.02155317,5209787.464,458539.6022,5.1856,11,TRUE,5.3,400,300
2295,2022/10/7 2:33,131.4546582,47.02159817,5209792.463,458540.2452,5.2782,5.5,TRUE,5.3,400,300
2296,2022/10/7 2:33,131.4546777,47.021647,5209797.881,458541.7655,6.25976,9.3,TRUE,5.3,400,300
2297,2022/10/7 2:33,131.4546923,47.02170933,5209804.802,458542.9237,8.00064,10.3,TRUE,5.3,400,300
2298,2022/10/7 2:33,131.4547005,47.0217855,5209813.266,458543.6061,7.37096,6.6,TRUE,5.3,396,300
2299,2022/10/7 2:33,131.454714,47.02187033,5209822.69,458544.6981,7.27836,3.8,TRUE,5.3,400,300
2300,2022/10/7 2:33,131.4547153,47.02195067,5209831.62,458544.8591,7.98212,5,TRUE,5.3,400,300
2301,2022/10/7 2:33,131.4547193,47.02202933,5209840.363,458545.2241,8.44512,2.6,TRUE,5.3,400,300
2302,2022/10/7 2:33,131.4547322,47.0221145,5209849.824,458546.2708,8.29696,3.1,TRUE,5.3,391,300
2303,2022/10/7 2:33,131.4547373,47.02219183,5209858.419,458546.7183,8.4266,1.1,TRUE,5.3,400,300
2304,2022/10/7 2:33,131.4547482,47.02227267,5209867.4,458547.6096,8.0562,12.1,TRUE,5.3,400,300
2305,2022/10/7 2:33,131.4547413,47.0223645,5209877.612,458547.1561,7.18576,7.3,TRUE,5.3,400,300
2306,2022/10/7 2:33,131.4547423,47.022437,5209885.672,458547.2882,7.463561,5.6,TRUE,5.3,400,300
2307,2022/10/7 2:33,131.4547693,47.02250017,5209892.68,458549.3898,7.05612,6.5,TRUE,5.3,400,300
2308,2022/10/7 2:33,131.4547767,47.022579,5209901.44,458550.0134,6.81536,9.1,TRUE,5.3,400,300
2309,2022/10/7 2:34,131.4547618,47.0226685,5209911.398,458548.9499,7.90804,7.8,TRUE,5.3,397,300
2310,2022/10/7 2:34,131.4547743,47.022756,5209921.118,458549.9679,8.6118,8.1,TRUE,5.3,400,300
2311,2022/10/7 2:34,131.4547837,47.0228335,5209929.729,458550.7425,8.09324,9,TRUE,5.3,400,300
2312,2022/10/7 2:34,131.4547943,47.02290417,5209937.58,458551.6031,6.87092,5.8,TRUE,5.3,400,300
2313,2022/10/7 2:34,131.454801,47.02298417,5209946.47,458552.1743,7.889521,10.5,TRUE,5.3,400,300
2314,2022/10/7 2:34,131.4548087,47.0230635,5209955.285,458552.8211,8.4266,6.2,TRUE,5.3,400,300
2315,2022/10/7 2:34,131.4548182,47.02315133,5209965.044,458553.6113,8.20436,3.3,TRUE,5.3,400,300
2316,2022/10/7 2:34,131.454839,47.02323217,5209974.02,458555.2552,7.871,1,TRUE,5.3,371,300
2317,2022/10/7 2:34,131.454846,47.02330733,5209982.372,458555.8455,7.63024,5.6,TRUE,5.3,400,300
2318,2022/10/7 2:34,131.4548458,47.02337617,5209990.025,458555.8836,6.96352,6.8,TRUE,5.3,400,300
2319,2022/10/7 2:34,131.4548388,47.02344767,5209997.978,458555.4067,6.7598,5.7,TRUE,5.3,400,300
2320,2022/10/7 2:34,131.4548513,47.02351717,5210005.698,458556.4108,7.27836,14.5,TRUE,5.3,400,300
2321,2022/10/7 2:34,131.4548728,47.02359,5210013.783,458558.1016,7.72284,8.6,TRUE,5.3,400,300
2322,2022/10/7 2:34,131.4548823,47.02367883,5210023.653,458558.8926,7.44504,6.7,TRUE,5.3,400,300
2323,2022/10/7 2:34,131.4548893,47.02375917,5210032.581,458559.4869,8.46364,12.5,TRUE,5.3,400,300
2324,2022/10/7 2:35,131.4548955,47.02384417,5210042.027,458560.024,8.22288,0.5,TRUE,5.3,400,300
2325,2022/10/7 2:35,131.4549088,47.023914,5210049.783,458561.0892,7.25984,3.6,TRUE,5.3,400,300
2326,2022/10/7 2:35,131.4549187,47.02398783,5210057.986,458561.8989,7.37096,3.3,TRUE,5.3,400,300
2327,2022/10/7 2:35,131.45492,47.02406217,5210066.249,458562.0553,7.74136,4.3,TRUE,5.3,400,300
2328,2022/10/7 2:35,131.4549103,47.02415633,5210076.722,458561.3907,7.00056,10.4,TRUE,5.3,400,300
2329,2022/10/7 2:35,131.4549218,47.02423733,5210085.721,458562.3276,8.25992,12.9,TRUE,5.3,400,300
2330,2022/10/7 2:35,131.4549277,47.02432333,5210095.279,458562.8427,8.519199,0.4,TRUE,5.3,400,300
2331,2022/10/7 2:35,131.454922,47.0244065,5210104.528,458562.4738,8.0562,10.1,TRUE,5.3,400,300
2332,2022/10/7 2:35,131.454923,47.02449417,5210114.274,458562.6176,7.63024,9.8,TRUE,5.3,400,300
2333,2022/10/7 2:35,131.4549332,47.0245515,5210120.642,458563.4374,6.33384,2.2,TRUE,5.3,400,300
2334,2022/10/7 2:35,131.4549338,47.0246295,5210129.313,458563.5434,7.63024,2.6,TRUE,5.3,395,300
2335,2022/10/7 2:35,131.4549435,47.02470633,5210137.849,458564.3402,7.6858,2.6,TRUE,5.3,400,300
2336,2022/10/7 2:35,131.4549412,47.02478933,5210147.077,458564.2296,9.50076,1.8,TRUE,5.3,400,300
2337,2022/10/7 2:35,131.4549438,47.02487483,5210156.581,458564.4934,7.463561,359,TRUE,5.3,400,300
2338,2022/10/7 2:35,131.4549565,47.024956,5210165.598,458565.5217,7.704319,9.1,TRUE,5.3,400,300
2339,2022/10/7 2:36,131.454955,47.02503217,5210174.067,458565.4666,6.482,8,TRUE,5.3,395,300
2340,2022/10/7 2:36,131.4549623,47.0250965,5210181.215,458566.0713,5.38932,16.2,TRUE,5.3,393,300
2341,2022/10/7 2:36,131.4549667,47.02514417,5210186.512,458566.4427,4.14848,8.2,TRUE,5.3,374,300
2342,2022/10/7 2:36,131.4549623,47.02518983,5210191.59,458566.1435,5.81528,20.6,TRUE,5.3,254,300
2343,2022/10/7 2:36,131.4550047,47.02522567,5210195.552,458569.3945,4.4448,61.2,FALSE,5.3,0,300
2344,2022/10/7 2:36,131.455036,47.025232,5210196.239,458571.7788,2.38908,253.7,FALSE,5.3,0,300
2345,2022/10/7 2:36,131.4549673,47.0252345,5210196.553,458566.5582,1.81496,280,FALSE,5.3,0,300
2346,2022/10/7 2:36,131.4549688,47.02522633,5210195.644,458566.6659,3.9818,135.8,FALSE,5.3,0,300
2347,2022/10/7 2:36,131.4549725,47.0251935,5210191.993,458566.9218,5.03744,180.2,FALSE,5.3,0,300
2348,2022/10/7 2:36,131.4549633,47.025152,5210187.384,458566.1903,3.74104,181.2,TRUE,5.3,367,300
2349,2022/10/7 2:36,131.4549747,47.02512,5210183.82,458567.0321,5.9264,181.1,TRUE,5.3,400,300
2350,2022/10/7 2:36,131.4549718,47.02505583,5210176.688,458566.762,6.1116,182.1,TRUE,5.3,400,300
2351,2022/10/7 2:36,131.4549663,47.025004,5210170.929,458566.3038,5.42636,187.8,TRUE,5.3,400,300
2352,2022/10/7 2:36,131.4549535,47.02495033,5210164.969,458565.2892,6.83388,182.3,TRUE,5.3,400,300
2353,2022/10/7 2:36,131.454951,47.0248885,5210158.097,458565.0513,7.11168,183.5,TRUE,5.3,381,300
2354,2022/10/7 2:37,131.4549532,47.02480767,5210149.11,458565.156,7.64876,184.6,TRUE,5.3,393,300
2355,2022/10/7 2:37,131.4549478,47.024727,5210140.145,458564.6831,7.5932,179.6,TRUE,5.3,400,300
2356,2022/10/7 2:37,131.4549515,47.02462983,5210129.34,458564.8892,7.3154,184.3,TRUE,5.3,400,300
2357,2022/10/7 2:37,131.4549427,47.02456083,5210121.674,458564.1668,8.13028,180.3,TRUE,5.3,400,300
2358,2022/10/7 2:37,131.4549293,47.02449667,5210114.548,458563.0985,7.05612,188.9,TRUE,5.3,400,300
2359,2022/10/7 2:37,131.4549252,47.02442467,5210106.546,458562.7311,6.77832,185.2,TRUE,5.3,400,300
2360,2022/10/7 2:37,131.4549203,47.02434183,5210097.339,458562.2945,7.24132,184.7,TRUE,5.3,400,300
2361,2022/10/7 2:37,131.4549147,47.02425967,5210088.208,458561.8052,8.11176,182.6,TRUE,5.3,400,300
2362,2022/10/7 2:37,131.4549113,47.02417217,5210078.483,458561.479,7.16724,184.1,TRUE,5.3,393,300
2363,2022/10/7 2:37,131.4549163,47.02410067,5210070.531,458561.8038,6.98204,184.3,TRUE,5.3,400,300
2364,2022/10/7 2:37,131.4549073,47.02402217,5210061.809,458561.0588,8.2414,185.1,TRUE,5.3,400,300
2365,2022/10/7 2:37,131.4549023,47.023947,5210053.455,458560.6206,8.25992,184.7,TRUE,5.3,400,300
2366,2022/10/7 2:37,131.4548913,47.0238635,5210044.178,458559.7197,7.79692,183.3,TRUE,5.3,400,300
2367,2022/10/7 2:37,131.4548902,47.02379,5210036.008,458559.5792,6.83388,183.2,TRUE,5.3,400,300
2368,2022/10/7 2:37,131.4548832,47.0237145,5210027.618,458558.9886,7.53764,182.8,TRUE,5.3,375,300
2369,2022/10/7 2:38,131.454875,47.02362967,5210018.192,458558.2996,6.92648,183.3,TRUE,5.3,400,300
2370,2022/10/7 2:38,131.454876,47.023558,5210010.224,458558.3201,8.00064,186,TRUE,5.3,400,300
2371,2022/10/7 2:38,131.4548687,47.02347467,5210000.964,458557.7007,7.29688,185,TRUE,5.3,400,300
2372,2022/10/7 2:38,131.4548525,47.0234105,5209993.838,458556.4195,6.63016,179.5,TRUE,5.3,400,300
2373,2022/10/7 2:38,131.4548372,47.023338,5209985.787,458555.2002,7.852479,188.9,TRUE,5.3,400,300
2374,2022/10/7 2:38,131.4548358,47.02323817,5209974.689,458555.0165,7.889521,182.1,TRUE,5.3,400,300
2375,2022/10/7 2:38,131.4548433,47.0231545,5209965.383,458555.5219,7.38948,177.4,TRUE,5.3,400,300
2376,2022/10/7 2:38,131.454852,47.02306667,5209955.615,458556.1154,7.6858,181.4,TRUE,5.3,400,300
2377,2022/10/7 2:38,131.454832,47.02299117,5209947.232,458554.5365,7.72284,181.1,TRUE,5.3,400,300
2378,2022/10/7 2:38,131.454801,47.02291617,5209938.91,458552.1217,7.2228,186.3,TRUE,5.3,400,300
2379,2022/10/7 2:38,131.4547877,47.02284033,5209930.486,458551.0519,7.3154,185,TRUE,5.3,400,300
2380,2022/10/7 2:38,131.4547915,47.02276933,5209922.591,458551.2858,8.00064,180.1,TRUE,5.3,400,300
2381,2022/10/7 2:38,131.4547855,47.02268733,5209913.478,458550.7662,6.81536,185.2,TRUE,5.3,377,300
2382,2022/10/7 2:38,131.454794,47.02260867,5209904.729,458551.3515,7.09316,184.6,TRUE,5.3,400,300
2383,2022/10/7 2:38,131.4547875,47.0225275,5209895.709,458550.7946,7.29688,186.1,TRUE,5.3,400,300
2384,2022/10/7 2:39,131.4547747,47.02244383,5209886.414,458549.7567,8.29696,191.8,TRUE,5.3,400,300
2385,2022/10/7 2:39,131.4547653,47.02236067,5209877.174,458548.9777,7.01908,190.1,TRUE,5.3,400,300
2386,2022/10/7 2:39,131.4547602,47.02228967,5209869.283,458548.535,7.37096,180.5,TRUE,5.3,400,300
2387,2022/10/7 2:39,131.4547543,47.02222233,5209861.8,458548.0344,8.2414,188.6,TRUE,5.3,400,300
2388,2022/10/7 2:39,131.4547418,47.02214383,5209853.08,458547.0233,7.98212,179.8,TRUE,5.3,400,300
2389,2022/10/7 2:39,131.4547493,47.02205617,5209843.331,458547.5256,7.33392,186.9,TRUE,5.3,400,300
2390,2022/10/7 2:39,131.4547522,47.021979,5209834.75,458547.6864,7.98212,181.9,TRUE,5.3,400,300
2391,2022/10/7 2:39,131.4547345,47.021899,5209825.866,458546.2788,7.889521,186.1,TRUE,5.3,400,300
2392,2022/10/7 2:39,131.4547177,47.02182,5209817.092,458544.9404,7.463561,187.6,TRUE,5.3,400,300
2393,2022/10/7 2:39,131.4546898,47.02174483,5209808.75,458542.7612,7.98212,198.4,TRUE,5.3,400,300
2394,2022/10/7 2:39,131.4546643,47.02167683,5209801.204,458540.7699,6.44496,188.3,TRUE,5.3,400,300
2395,2022/10/7 2:39,131.454632,47.02160217,5209792.921,458538.2565,6.88944,195.3,TRUE,5.3,377,300
2396,2022/10/7 2:39,131.4546337,47.02154533,5209786.601,458538.3417,5.75972,195.6,TRUE,5.3,279,300
2397,2022/10/7 2:39,131.4546472,47.0214785,5209779.165,458539.3163,5.14856,134.2,FALSE,5.3,0,300
2398,2022/10/7 2:40,131.454707,47.02144533,5209775.446,458543.837,0,123.9,FALSE,5.3,0,300
2399,2022/10/7 2:40,131.4546872,47.02143767,5209774.605,458542.3257,5.01892,271.1,FALSE,5.3,0,300
2400,2022/10/7 2:40,131.4546612,47.021413,5209771.876,458540.33,2.70392,86.7,FALSE,5.3,0,300
2401,2022/10/7 2:40,131.4547505,47.02142933,5209773.644,458547.1317,5.70416,45.3,FALSE,5.3,0,300
2402,2022/10/7 2:40,131.4548088,47.0214825,5209779.524,458551.6051,6.98204,6.4,FALSE,5.3,0,300
2403,2022/10/7 2:40,131.4548103,47.02152683,5209784.451,458551.7534,3.8892,38.1,TRUE,5.3,169,300
2404,2022/10/7 2:40,131.4548277,47.02157817,5209790.15,458553.116,4.18552,13.3,TRUE,5.3,375,300
2405,2022/10/7 2:40,131.4548422,47.02163433,5209796.385,458554.2618,5.53748,5,TRUE,5.3,400,300
2406,2022/10/7 2:40,131.4548488,47.02169767,5209803.423,458554.8126,6.945,356.3,TRUE,5.3,400,300
2407,2022/10/7 2:40,131.4548517,47.0217665,5209811.074,458555.0864,7.33392,9.8,TRUE,5.3,400,300
2408,2022/10/7 2:40,131.4548687,47.02183583,5209818.772,458556.4324,6.945,3.5,TRUE,5.3,400,300
2409,2022/10/7 2:40,131.45488,47.02190417,5209826.364,458557.3444,7.63024,11.2,TRUE,5.3,400,300
2410,2022/10/7 2:40,131.454891,47.02197883,5209834.658,458558.2385,8.46364,11,TRUE,5.3,388,300
2411,2022/10/7 2:40,131.4548968,47.02206433,5209844.16,458558.7456,7.98212,9,TRUE,5.3,400,300
2412,2022/10/7 2:40,131.4549073,47.02214067,5209852.641,458559.6029,8.334,359.4,TRUE,5.3,400,300
2413,2022/10/7 2:41,131.4549088,47.02221533,5209860.94,458559.7747,7.3154,3.2,TRUE,5.3,396,300
2414,2022/10/7 2:41,131.45492,47.02229217,5209869.477,458560.6856,7.51912,2,TRUE,5.3,400,300
2415,2022/10/7 2:41,131.4549098,47.02237283,5209878.449,458559.9726,7.74136,3.4,TRUE,5.3,400,300
2416,2022/10/7 2:41,131.4549122,47.02245333,5209887.397,458560.2173,8.537721,1.4,TRUE,5.3,400,300
2417,2022/10/7 2:41,131.4549282,47.02252617,5209895.487,458561.4901,9.13036,3.4,TRUE,5.3,400,300
2418,2022/10/7 2:41,131.4549428,47.02259583,5209903.223,458562.6539,8.4266,5.1,TRUE,5.3,400,300
2419,2022/10/7 2:41,131.4549587,47.02266983,5209911.441,458563.92,8.2414,4,TRUE,5.3,400,300
2420,2022/10/7 2:41,131.4549538,47.02274917,5209920.264,458563.6088,7.408,7.9,TRUE,5.3,400,300
2421,2022/10/7 2:41,131.4549578,47.022823,5209928.47,458563.9701,7.55616,6,TRUE,5.3,400,300
2422,2022/10/7 2:41,131.4549553,47.02290583,5209937.679,458563.8441,8.1488,7.9,TRUE,5.3,399,300
2423,2022/10/7 2:41,131.4549673,47.0229895,5209946.975,458564.8211,7.72284,3.9,TRUE,5.3,400,300
2424,2022/10/7 2:41,131.4549912,47.02306633,5209955.503,458566.6975,7.35244,9,TRUE,5.3,385,300
2425,2022/10/7 2:41,131.4550138,47.02313867,5209963.533,458568.4716,7.92656,5.3,TRUE,5.3,400,300
2426,2022/10/7 2:41,131.455018,47.02320183,5209970.553,458568.8398,7.38948,4.8,TRUE,5.3,400,300
2427,2022/10/7 2:41,131.4550113,47.02327233,5209978.394,458568.3849,8.01916,5.1,TRUE,5.3,400,300
2428,2022/10/7 2:42,131.4550087,47.02335283,5209987.344,458568.2496,8.9822,2.9,TRUE,5.3,400,300
2429,2022/10/7 2:42,131.4550162,47.0234455,5209997.643,458568.8914,8.315479,3,TRUE,5.3,400,300
2430,2022/10/7 2:42,131.4550288,47.023523,5210006.252,458569.9093,8.6118,4.4,TRUE,5.3,400,300
2431,2022/10/7 2:42,131.4550243,47.0236095,5210015.87,458569.6341,7.0376,2.5,TRUE,5.3,397,300
2432,2022/10/7 2:42,131.4550255,47.02368017,5210023.726,458569.78,8.667359,0.4,TRUE,5.3,400,300
2433,2022/10/7 2:42,131.4550178,47.02376267,5210032.902,458569.2585,7.20428,1.7,TRUE,5.3,400,300
2434,2022/10/7 2:42,131.4550267,47.02383817,5210041.291,458569.9935,7.778399,1.5,TRUE,5.3,400,300
2435,2022/10/7 2:42,131.4550208,47.02391717,5210050.076,458569.6061,8.63032,4.6,TRUE,5.3,400,300
2436,2022/10/7 2:42,131.4550233,47.023995,5210058.727,458569.8563,7.704319,3.3,TRUE,5.3,400,300
2437,2022/10/7 2:42,131.4550373,47.02407117,5210067.188,458570.9796,8.25992,4.6,TRUE,5.3,400,300
2438,2022/10/7 2:42,131.4550338,47.024164,5210077.51,458570.7853,7.778399,4.4,TRUE,5.3,400,300
2439,2022/10/7 2:42,131.4550358,47.02424267,5210086.255,458570.9982,8.81552,8.8,TRUE,5.3,396,300
2440,2022/10/7 2:42,131.4550533,47.02430683,5210093.378,458572.3782,7.83396,2.5,TRUE,5.3,397,300
2441,2022/10/7 2:42,131.4550662,47.024371,5210100.505,458573.4085,8.667359,3.7,TRUE,5.3,400,300
2442,2022/10/7 2:42,131.4550747,47.0244615,5210110.561,458574.1247,7.09316,1.8,TRUE,5.3,400,300
2443,2022/10/7 2:43,131.4550777,47.02454,5210119.287,458574.4135,7.79692,3.9,TRUE,5.3,400,300
2444,2022/10/7 2:43,131.4550667,47.024628,5210129.076,458573.6454,8.1488,1.9,TRUE,5.3,400,300
2445,2022/10/7 2:43,131.4550713,47.02472533,5210139.894,458574.0704,8.48216,1.6,TRUE,5.3,400,300
2446,2022/10/7 2:43,131.455089,47.024805,5210148.741,458575.4776,8.0562,2.1,TRUE,5.3,400,300
2447,2022/10/7 2:43,131.4550987,47.0248755,5210156.574,458576.2695,7.48208,4.4,TRUE,5.3,400,300
2448,2022/10/7 2:43,131.4550957,47.02494183,5210163.949,458576.0927,7.44504,1.8,TRUE,5.3,400,300
2449,2022/10/7 2:43,131.4550955,47.02501783,5210172.398,458576.1363,5.88936,1.4,TRUE,5.3,400,300
2450,2022/10/7 2:43,131.4551065,47.02507467,5210178.711,458577.0165,7.07464,5,TRUE,5.3,400,300
2451,2022/10/7 2:43,131.4551063,47.02514367,5210186.382,458577.0547,5.22264,4.9,TRUE,5.3,400,300
2452,2022/10/7 2:43,131.4551057,47.025191,5210191.644,458577.0457,5.14856,7.6,TRUE,5.3,369,300
2453,2022/10/7 2:43,131.4551253,47.02523683,5210196.729,458578.5711,4.77816,23.2,TRUE,5.3,147,300
2454,2022/10/7 2:43,131.455164,47.025268,5210200.174,458581.5372,5.2782,87.7,FALSE,5.3,0,300
2455,2022/10/7 2:43,131.455171,47.0252675,5210200.114,458582.069,2.00016,240.8,FALSE,5.3,0,300
2456,2022/10/7 2:43,131.4550975,47.025269,5210200.32,458576.4827,1.90756,297.7,FALSE,5.3,0,300
2457,2022/10/7 2:43,131.455099,47.02527683,5210201.19,458576.6028,0,0,FALSE,5.3,0,300
2458,2022/10/7 2:44,131.4551165,47.02525283,5210198.512,458577.9145,3.68548,172.8,FALSE,5.3,0,300
2459,2022/10/7 2:44,131.4551223,47.02521367,5210194.156,458578.3252,4.46332,180.6,FALSE,5.3,0,300
2460,2022/10/7 2:44,131.4551135,47.02519433,5210192.01,458577.6412,1.88904,177.8,TRUE,5.3,400,300
2461,2022/10/7 2:44,131.4551122,47.0251925,5210191.808,458577.541,0,0,FALSE,5.3,0,300
2462,2022/10/7 2:44,131.4551128,47.02519783,5210192.4,458577.5907,0,0,FALSE,5.3,0,300
2463,2022/10/7 2:44,131.4551102,47.0251785,5210190.252,458577.3781,4.12996,183.1,TRUE,5.3,400,300
2464,2022/10/7 2:44,131.455117,47.0251195,5210183.69,458577.8494,5.33376,180.1,TRUE,5.3,400,300
2465,2022/10/7 2:44,131.455132,47.0250575,5210176.789,458578.9418,4.51888,183.6,TRUE,5.3,400,300
2466,2022/10/7 2:44,131.455106,47.02502267,5210172.931,458576.9383,3.96328,179.7,TRUE,5.3,400,300
2467,2022/10/7 2:44,131.4550827,47.02497533,5210167.68,458575.1304,5.7412,190.5,TRUE,5.3,372,300
2468,2022/10/7 2:44,131.455069,47.02490083,5210159.405,458574.0313,6.68572,181.1,TRUE,5.3,400,300
2469,2022/10/7 2:44,131.4550502,47.02482567,5210151.06,458572.544,7.33392,182.1,TRUE,5.3,400,300
2470,2022/10/7 2:44,131.455053,47.0247395,5210141.478,458572.6901,7.1302,181.2,TRUE,5.3,400,300
2471,2022/10/7 2:44,131.4550575,47.02466133,5210132.786,458572.9718,6.25976,187.4,TRUE,5.3,400,300
2472,2022/10/7 2:44,131.4550598,47.02458117,5210123.873,458573.0846,5.59304,180.9,TRUE,5.3,400,300
2473,2022/10/7 2:45,131.4550667,47.0245095,5210115.902,458573.5537,6.88944,184,TRUE,5.3,400,300
2474,2022/10/7 2:45,131.4550587,47.02444167,5210108.365,458572.8931,7.53764,184.7,TRUE,5.3,400,300
2475,2022/10/7 2:45,131.455065,47.02436083,5210099.375,458573.3094,6.55608,183.6,TRUE,5.3,400,300
2476,2022/10/7 2:45,131.4550502,47.02428283,5210090.712,458572.124,7.83396,181.6,TRUE,5.3,400,300
2477,2022/10/7 2:45,131.4550477,47.02420533,5210082.097,458571.874,7.72284,183.7,TRUE,5.3,400,300
2478,2022/10/7 2:45,131.4550525,47.02413017,5210073.739,458572.1807,7.75988,186.1,TRUE,5.3,400,300
2479,2022/10/7 2:45,131.4550418,47.02405217,5210065.073,458571.307,7.07464,178.5,TRUE,5.3,400,300
2480,2022/10/7 2:45,131.4550383,47.02397817,5210056.848,458570.9836,7.05612,185.5,TRUE,5.3,400,300
2481,2022/10/7 2:45,131.4550318,47.02390117,5210048.292,458570.4299,7.09316,185.4,TRUE,5.3,400,300
2482,2022/10/7 2:45,131.4550368,47.02382217,5210039.507,458570.7489,7.64876,182.7,TRUE,5.3,400,300
2483,2022/10/7 2:45,131.4550328,47.02374617,5210031.06,458570.386,7.463561,182.1,TRUE,5.3,400,300
2484,2022/10/7 2:45,131.4550255,47.023672,5210022.818,458569.7737,7.9636,182.5,TRUE,5.3,400,300
2485,2022/10/7 2:45,131.455009,47.02359217,5210013.952,458568.4576,7.14872,182,TRUE,5.3,400,300
2486,2022/10/7 2:45,131.4550078,47.02350883,5210004.688,458568.3018,8.64884,185.2,TRUE,5.3,400,300
2487,2022/10/7 2:45,131.4550073,47.023422,5209995.035,458568.1967,7.44504,184.3,TRUE,5.3,400,300
2488,2022/10/7 2:46,131.4550017,47.0233415,5209986.089,458567.7086,8.315479,181.4,TRUE,5.3,400,300
2489,2022/10/7 2:46,131.454989,47.02326683,5209977.794,458566.6854,7.11168,184,TRUE,5.3,400,300
2490,2022/10/7 2:46,131.4549847,47.02319267,5209969.552,458566.3011,7.33392,185.8,TRUE,5.3,400,300
2491,2022/10/7 2:46,131.4549812,47.02311617,5209961.049,458565.9758,7.38948,190.9,TRUE,5.3,400,300
2492,2022/10/7 2:46,131.4549743,47.02304133,5209952.733,458565.3934,7.33392,188.6,TRUE,5.3,400,300
2493,2022/10/7 2:46,131.4549552,47.02296433,5209944.183,458563.8818,6.88944,187.1,TRUE,5.3,400,300
2494,2022/10/7 2:46,131.4549515,47.02289083,5209936.014,458563.5436,7.1302,185.5,TRUE,5.3,400,300
2495,2022/10/7 2:46,131.4549535,47.02282583,5209928.787,458563.6454,6.81536,189.2,TRUE,5.3,400,300
2496,2022/10/7 2:46,131.4549433,47.02274683,5209920.009,458562.8088,6.74128,186.5,TRUE,5.3,400,300
2497,2022/10/7 2:46,131.4549353,47.02268067,5209912.659,458562.1494,5.48192,196,TRUE,5.3,400,300
2498,2022/10/7 2:46,131.4549313,47.02260883,5209904.674,458561.7897,7.20428,182.6,TRUE,5.3,400,300
2499,2022/10/7 2:46,131.4549292,47.022528,5209895.689,458561.5675,7.38948,188.7,TRUE,5.3,400,300
2500,2022/10/7 2:46,131.4549257,47.0224525,5209887.298,458561.243,6.945,188.9,TRUE,5.3,400,300
2501,2022/10/7 2:46,131.4549162,47.02237467,5209878.65,458560.4606,5.59304,180.8,TRUE,5.3,400,300
2502,2022/10/7 2:46,131.4549195,47.02230833,5209871.274,458560.6601,6.945,188.4,TRUE,5.3,400,300
2503,2022/10/7 2:47,131.4549153,47.02223567,5209863.198,458560.2846,6.63016,189.8,TRUE,5.3,400,300
2504,2022/10/7 2:47,131.454899,47.02216833,5209855.721,458558.9933,8.68588,185.4,TRUE,5.3,400,300
2505,2022/10/7 2:47,131.4548968,47.0220895,5209846.958,458558.765,8.44512,185.2,TRUE,5.3,400,300
2506,2022/10/7 2:47,131.454883,47.02201883,5209839.109,458557.6612,8.037681,184.1,TRUE,5.3,400,300
2507,2022/10/7 2:47,131.4548737,47.0219465,5209831.073,458556.8982,7.18576,188.2,TRUE,5.3,400,300
2508,2022/10/7 2:47,131.4548705,47.02187767,5209823.423,458556.6017,6.6672,187.9,TRUE,5.3,400,300
2509,2022/10/7 2:47,131.4548693,47.02180083,5209814.881,458556.451,7.16724,187.7,TRUE,5.3,400,300
2510,2022/10/7 2:47,131.4548592,47.02171983,5209805.881,458555.6204,7.6858,187.8,TRUE,5.3,400,300
2511,2022/10/7 2:47,131.4548377,47.02163967,5209796.981,458553.9239,7.29688,187.2,TRUE,5.3,400,300
2512,2022/10/7 2:47,131.454836,47.02157817,5209790.145,458553.747,3.59288,181.7,TRUE,5.3,395,300
2513,2022/10/7 2:47,131.4548272,47.02153533,5209785.387,458553.0448,5.35228,177.1,TRUE,5.3,134,300
2514,2022/10/7 2:47,131.4548813,47.02148033,5209779.244,458557.1153,0.90748,147.8,FALSE,5.3,0,300
2515,2022/10/7 2:47,131.454879,47.02147383,5209778.523,458556.9354,0,0,FALSE,5.3,0,300
2516,2022/10/7 2:47,131.4548258,47.02146817,5209777.922,458552.8864,5.6486,267.2,FALSE,5.3,0,300
2517,2022/10/7 2:47,131.4548238,47.02144533,5209775.384,458552.7167,4.8152,73.9,FALSE,5.3,0,300
2518,2022/10/7 2:48,131.4549115,47.02146967,5209778.043,458559.403,4.3522,31.9,FALSE,5.3,0,300
2519,2022/10/7 2:48,131.4549683,47.02152417,5209784.072,458563.7634,3.94476,12.1,TRUE,5.3,160,300
2520,2022/10/7 2:48,131.4549783,47.02156583,5209788.698,458564.5559,4.14848,15.1,TRUE,5.3,400,300
2521,2022/10/7 2:48,131.4550025,47.02160933,5209793.521,458566.4293,5.3708,14.5,TRUE,5.3,364,300
2522,2022/10/7 2:48,131.455015,47.021668,5209800.037,458567.425,6.90796,13.9,TRUE,5.3,400,300
2523,2022/10/7 2:48,131.4550248,47.02173667,5209807.666,458568.2232,6.7598,5.7,TRUE,5.3,400,300
2524,2022/10/7 2:48,131.455029,47.02181267,5209816.113,458568.6013,6.51904,6.7,TRUE,5.3,396,300
2525,2022/10/7 2:48,131.45503,47.021899,5209825.71,458568.7441,8.55624,6.7,TRUE,5.3,400,300
2526,2022/10/7 2:48,131.4550427,47.02197433,5209834.077,458569.7679,7.83396,1.6,TRUE,5.3,400,300
2527,2022/10/7 2:48,131.4550488,47.02204883,5209842.356,458570.2893,7.852479,1.6,TRUE,5.3,400,300
2528,2022/10/7 2:48,131.4550502,47.02212817,5209851.176,458570.4571,7.0376,1.4,TRUE,5.3,400,300
2529,2022/10/7 2:48,131.4550663,47.02219383,5209858.467,458571.7319,7.871,6.7,TRUE,5.3,384,300
2530,2022/10/7 2:48,131.4550612,47.02226683,5209866.585,458571.4006,8.315479,1.8,TRUE,5.3,400,300
2531,2022/10/7 2:48,131.4550732,47.02235767,5209876.677,458572.3832,8.20436,9,TRUE,5.3,400,300
2532,2022/10/7 2:48,131.455076,47.02244317,5209886.181,458572.6622,7.33392,2.1,TRUE,5.3,400,300
2533,2022/10/7 2:49,131.4550838,47.022521,5209894.829,458573.3154,7.55616,1.6,TRUE,5.3,400,300
2534,2022/10/7 2:49,131.4550767,47.0226005,5209903.671,458572.8371,8.537721,6.7,TRUE,5.3,400,300
2535,2022/10/7 2:49,131.455106,47.02266367,5209910.678,458575.1135,8.037681,1.1,TRUE,5.3,400,300
2536,2022/10/7 2:49,131.4551072,47.02274883,5209920.145,458575.2706,8.48216,1.7,TRUE,5.3,400,300
2537,2022/10/7 2:49,131.4551147,47.0228335,5209929.554,458575.9063,8.2414,4.2,TRUE,5.3,400,300
2538,2022/10/7 2:49,131.4551198,47.02291233,5209938.315,458576.3549,7.63024,5,TRUE,5.3,400,300
2539,2022/10/7 2:49,131.4551318,47.02298983,5209946.924,458577.3272,7.704319,9.6,TRUE,5.3,400,300
2540,2022/10/7 2:49,131.4551388,47.02307117,5209955.963,458577.9223,7.64876,4.8,TRUE,5.3,400,300
2541,2022/10/7 2:49,131.4551437,47.0231555,5209965.336,458578.36,8.48216,5,TRUE,5.3,400,300
2542,2022/10/7 2:49,131.4551477,47.02324383,5209975.153,458578.7324,8.37104,5.6,TRUE,5.3,400,300
2543,2022/10/7 2:49,131.4551617,47.02332583,5209984.262,458579.8601,8.334,2.2,TRUE,5.3,400,300
2544,2022/10/7 2:49,131.4551683,47.02340567,5209993.134,458580.4237,7.75988,359.1,TRUE,5.3,400,300
2545,2022/10/7 2:49,131.4551663,47.02348267,5210001.696,458580.3312,7.9636,3.3,TRUE,5.3,400,300
2546,2022/10/7 2:49,131.4551732,47.02357117,5210011.531,458580.9242,7.463561,2.1,TRUE,5.3,400,300
2547,2022/10/7 2:49,131.4551843,47.02363283,5210018.379,458581.8157,8.25992,3.6,TRUE,5.3,400,300
2548,2022/10/7 2:50,131.455188,47.02371133,5210027.104,458582.1577,8.13028,5.9,TRUE,5.3,400,300
2549,2022/10/7 2:50,131.455184,47.02381933,5210039.113,458581.9371,7.63024,4.1,TRUE,5.3,400,300
2550,2022/10/7 2:50,131.4551887,47.02390283,5210048.393,458582.359,8.48216,3,TRUE,5.3,400,300
2551,2022/10/7 2:50,131.4551898,47.02398283,5210057.286,458582.5045,7.92656,2.4,TRUE,5.3,400,300
2552,2022/10/7 2:50,131.4552008,47.024061,5210065.971,458583.4012,7.44504,359.8,TRUE,5.3,400,300
2553,2022/10/7 2:50,131.4552117,47.02413467,5210074.155,458584.2868,7.72284,359.1,TRUE,5.3,400,300
2554,2022/10/7 2:50,131.4552095,47.02421083,5210082.623,458584.1785,8.50068,7.9,TRUE,5.3,400,300
2555,2022/10/7 2:50,131.4552188,47.02429017,5210091.438,458584.9469,7.63024,2.8,TRUE,5.3,400,300
2556,2022/10/7 2:50,131.45522,47.02437583,5210100.961,458585.1043,9.33408,4.2,TRUE,5.3,400,300
2557,2022/10/7 2:50,131.4552318,47.02445483,5210109.737,458586.0625,7.83396,6.8,TRUE,5.3,400,300
2558,2022/10/7 2:50,131.4552358,47.02453683,5210118.851,458586.43,8.50068,4.3,TRUE,5.3,400,300
2559,2022/10/7 2:50,131.4552412,47.02461183,5210127.186,458586.8985,8.40808,1.4,TRUE,5.3,400,300
2560,2022/10/7 2:50,131.4552468,47.0246905,5210135.929,458587.3851,7.889521,2.1,TRUE,5.3,400,300
2561,2022/10/7 2:50,131.455252,47.02477883,5210145.746,458587.8487,8.25992,4.3,TRUE,5.3,400,300
2562,2022/10/7 2:50,131.4552538,47.02485717,5210154.454,458588.0461,8.27844,4,TRUE,5.3,400,300
2563,2022/10/7 2:51,131.4552478,47.02493183,5210162.757,458587.6477,7.27836,6.5,TRUE,5.3,398,300
2564,2022/10/7 2:51,131.4552607,47.0249995,5210170.273,458588.6807,5.4634,7.9,TRUE,5.3,400,300
2565,2022/10/7 2:51,131.4552685,47.0250465,5210175.494,458589.31,6.37088,9.8,TRUE,5.3,400,300
2566,2022/10/7 2:51,131.4552742,47.02511517,5210183.125,458589.7964,5.85232,1.3,TRUE,5.3,400,300
2567,2022/10/7 2:51,131.4552833,47.02518017,5210190.346,458590.5385,4.74112,8.9,TRUE,5.3,394,300
2568,2022/10/7 2:51,131.4553107,47.0252215,5210194.927,458592.6534,5.093,11.7,TRUE,5.3,245,300
2569,2022/10/7 2:51,131.4553605,47.02525083,5210198.161,458596.4619,4.3522,62.6,FALSE,5.3,0,300
2570,2022/10/7 2:51,131.4553787,47.02525717,5210198.856,458597.8503,0.5556,102,FALSE,5.3,0,300
2571,2022/10/7 2:51,131.4553527,47.02525467,5210198.592,458595.8719,4.70408,264.3,FALSE,5.3,0,300
2572,2022/10/7 2:51,131.4552523,47.02526767,5210200.09,458588.2495,0.57412,280.5,FALSE,5.3,0,300
2573,2022/10/7 2:51,131.455258,47.02526817,5210200.143,458588.6832,0,0,FALSE,5.3,0,300
2574,2022/10/7 2:51,131.4552572,47.02526733,5210200.05,458588.6218,0,0,FALSE,5.3,0,300
2575,2022/10/7 2:51,131.4552572,47.02526633,5210199.939,458588.621,0,0,FALSE,5.3,0,300
2576,2022/10/7 2:51,131.4552563,47.02526633,5210199.939,458588.5526,0,0,FALSE,5.3,0,300
2577,2022/10/7 2:51,131.4552563,47.02526633,5210199.939,458588.5526,0,0,FALSE,5.3,0,300
2578,2022/10/7 2:52,131.4552565,47.02526667,5210199.977,458588.568,0,0,FALSE,5.3,0,300
2579,2022/10/7 2:52,131.4552555,47.02526633,5210199.94,458588.4918,0,0,FALSE,5.3,0,300
2580,2022/10/7 2:52,131.4552542,47.02526567,5210199.867,458588.3924,0,0,FALSE,5.3,0,300
2581,2022/10/7 2:52,131.4552528,47.02526483,5210199.774,458588.2853,0,0,FALSE,5.3,0,300
2582,2022/10/7 2:52,131.455252,47.02526417,5210199.701,458588.224,0,0,FALSE,5.3,0,300
2583,2022/10/7 2:52,131.4552517,47.025264,5210199.683,458588.2011,0,0,FALSE,5.3,0,300
2584,2022/10/7 2:52,131.4552507,47.02526367,5210199.646,458588.1248,0,0,FALSE,5.3,0,300
2585,2022/10/7 2:52,131.4552503,47.0252635,5210199.628,458588.0943,0,0,FALSE,5.3,0,300
2586,2022/10/7 2:52,131.4552502,47.025263,5210199.572,458588.0863,0,0,FALSE,5.3,0,300
2587,2022/10/7 2:52,131.45525,47.02526217,5210199.48,458588.0704,0,0,FALSE,5.3,0,300
2588,2022/10/7 2:52,131.4552498,47.02526133,5210199.387,458588.0546,0,0,FALSE,5.3,0,300
2589,2022/10/7 2:52,131.4552498,47.02526067,5210199.313,458588.0541,0,0,FALSE,5.3,0,300
2590,2022/10/7 2:52,131.4552497,47.02526033,5210199.276,458588.0462,0,0,FALSE,5.3,0,300
2591,2022/10/7 2:52,131.4552493,47.02526,5210199.239,458588.0155,0,0,FALSE,5.3,0,300
2592,2022/10/7 2:52,131.455249,47.02525967,5210199.203,458587.9925,0,0,FALSE,5.3,0,300
2593,2022/10/7 2:53,131.4552487,47.02525967,5210199.203,458587.9697,0,0,FALSE,5.3,0,300
2594,2022/10/7 2:53,131.4552485,47.02525983,5210199.221,458587.9546,0,0,FALSE,5.3,0,300
2595,2022/10/7 2:53,131.4552485,47.02525983,5210199.221,458587.9546,0,0,FALSE,5.3,0,300
2596,2022/10/7 2:53,131.4552487,47.02526,5210199.239,458587.9699,0,0,FALSE,5.3,0,300
2597,2022/10/7 2:53,131.455249,47.02526,5210199.239,458587.9927,0,0,FALSE,5.3,0,300
2598,2022/10/7 2:53,131.4552492,47.02526017,5210199.258,458588.0081,0,0,FALSE,5.3,0,300
2599,2022/10/7 2:53,131.4552485,47.02526033,5210199.276,458587.955,0,0,FALSE,5.3,0,300
2600,2022/10/7 2:53,131.4552477,47.02526,5210199.24,458587.8939,0,0,FALSE,5.3,0,300
2601,2022/10/7 2:53,131.4552468,47.02525967,5210199.204,458587.8252,0,0,FALSE,5.3,0,300
2602,2022/10/7 2:53,131.4552463,47.0252595,5210199.185,458587.7871,0,0,FALSE,5.3,0,300
2603,2022/10/7 2:53,131.4552462,47.02525933,5210199.166,458587.7794,0,0,FALSE,5.3,0,300
2604,2022/10/7 2:53,131.455246,47.025259,5210199.13,458587.7639,0,0,FALSE,5.3,0,300
2605,2022/10/7 2:53,131.4552457,47.02525883,5210199.111,458587.741,0,0,FALSE,5.3,0,300
2606,2022/10/7 2:53,131.4552453,47.02525883,5210199.111,458587.7105,0,0,FALSE,5.3,0,300
2607,2022/10/7 2:53,131.455245,47.025259,5210199.13,458587.6879,0,0,FALSE,5.3,0,300
2608,2022/10/7 2:54,131.4552445,47.025259,5210199.131,458587.6499,0,0,FALSE,5.3,0,300
2609,2022/10/7 2:54,131.4552443,47.02525917,5210199.15,458587.6348,0,0,FALSE,5.3,0,300
2610,2022/10/7 2:54,131.4552442,47.02525933,5210199.167,458587.6273,0,0,FALSE,5.3,0,300
2611,2022/10/7 2:54,131.455244,47.0252595,5210199.186,458587.6122,0,0,FALSE,5.3,0,300
2612,2022/10/7 2:54,131.4552438,47.02525983,5210199.223,458587.5973,0,0,FALSE,5.3,0,300
2613,2022/10/7 2:54,131.455244,47.02526017,5210199.261,458587.6128,0,0,FALSE,5.3,0,300
2614,2022/10/7 2:54,131.4552442,47.02526033,5210199.279,458587.6281,0,0,FALSE,5.3,0,300
2615,2022/10/7 2:54,131.4552445,47.02526067,5210199.316,458587.6512,0,0,FALSE,5.3,0,300
2616,2022/10/7 2:54,131.4552448,47.02526083,5210199.334,458587.6741,0,0,FALSE,5.3,0,300
2617,2022/10/7 2:54,131.4552448,47.02526083,5210199.334,458587.6741,0,0,FALSE,5.3,0,300
2618,2022/10/7 2:54,131.4552452,47.02526083,5210199.334,458587.7045,0,0,FALSE,5.3,0,300
2619,2022/10/7 2:54,131.4552452,47.02526083,5210199.334,458587.7045,0,0,FALSE,5.3,0,300
2620,2022/10/7 2:54,131.455245,47.02526083,5210199.334,458587.6893,0,0,FALSE,5.3,0,300
2621,2022/10/7 2:54,131.455245,47.025261,5210199.353,458587.6894,0,0,FALSE,5.3,0,300
2622,2022/10/7 2:54,131.4552452,47.02526083,5210199.334,458587.7045,0,0,FALSE,5.3,0,300
2623,2022/10/7 2:55,131.455245,47.02526067,5210199.316,458587.6892,0,0,FALSE,5.3,0,300
2624,2022/10/7 2:55,131.4552452,47.02526067,5210199.316,458587.7044,0,0,FALSE,5.3,0,300
2625,2022/10/7 2:55,131.4552453,47.02526083,5210199.334,458587.7121,0,0,FALSE,5.3,0,300
2626,2022/10/7 2:55,131.4552455,47.025261,5210199.352,458587.7274,0,0,FALSE,5.3,0,300
2627,2022/10/7 2:55,131.4552457,47.025261,5210199.352,458587.7426,4.29664,170.1,FALSE,5.3,0,300
2628,2022/10/7 2:55,131.4552547,47.02523883,5210196.883,458588.4097,2.5928,171.2,FALSE,5.3,0,300
2629,2022/10/7 2:55,131.4552698,47.02520517,5210193.133,458589.5315,3.35212,200.5,FALSE,5.3,0,300
2630,2022/10/7 2:55,131.4552705,47.0251965,5210192.169,458589.578,1.53716,184.3,TRUE,5.3,243,300
2631,2022/10/7 2:55,131.4552738,47.02515767,5210187.85,458589.7989,4.59296,185.1,TRUE,5.3,400,300
2632,2022/10/7 2:55,131.4552703,47.02510983,5210182.534,458589.4958,4.18552,185.1,TRUE,5.3,400,300
2633,2022/10/7 2:55,131.4552692,47.02506217,5210177.236,458589.3753,4.00032,188,TRUE,5.3,400,300
2634,2022/10/7 2:55,131.4552625,47.02501233,5210171.698,458588.8275,4.33368,205.9,TRUE,5.3,400,300
2635,2022/10/7 2:55,131.4552583,47.02496983,5210166.976,458588.4753,3.6114,187,TRUE,5.3,400,300
2636,2022/10/7 2:55,131.4552553,47.02492683,5210162.197,458588.214,4.66704,182.4,TRUE,5.3,400,300
2637,2022/10/7 2:55,131.4552525,47.0248785,5210156.826,458587.9638,4.09292,183.9,TRUE,5.3,400,300
2638,2022/10/7 2:56,131.4552545,47.02483433,5210151.914,458588.0816,4.57444,185.6,TRUE,5.3,400,300
2639,2022/10/7 2:56,131.4552538,47.02478417,5210146.338,458587.9896,4.77816,181.8,TRUE,5.3,400,300
2640,2022/10/7 2:56,131.4552563,47.024724,5210139.648,458588.1332,6.019,188,TRUE,5.3,400,300
2641,2022/10/7 2:56,131.4552562,47.02464917,5210131.329,458588.0677,6.2968,183.6,TRUE,5.3,400,300
2642,2022/10/7 2:56,131.455251,47.02457617,5210123.216,458587.6159,6.72276,187,TRUE,5.3,400,300
2643,2022/10/7 2:56,131.4552483,47.02449417,5210114.102,458587.3472,7.72284,186.2,TRUE,5.3,400,300
2644,2022/10/7 2:56,131.4552447,47.02442367,5210106.266,458587.019,7.2228,185.3,TRUE,5.3,400,300
2645,2022/10/7 2:56,131.455233,47.02434283,5210097.285,458586.0671,7.48208,185.4,TRUE,5.3,400,300
2646,2022/10/7 2:56,131.4552233,47.02427183,5210089.397,458585.2748,7.871,190.6,TRUE,5.3,400,300
2647,2022/10/7 2:56,131.4552242,47.02419767,5210081.152,458585.2858,6.90796,187.9,TRUE,5.3,400,300
2648,2022/10/7 2:56,131.4552198,47.024113,5210071.742,458584.8859,8.13028,183.9,TRUE,5.3,400,300
2649,2022/10/7 2:56,131.45522,47.0240355,5210063.126,458584.8411,7.37096,184.8,TRUE,5.3,400,300
2650,2022/10/7 2:56,131.4552057,47.02395933,5210054.665,458583.6951,7.83396,184.7,TRUE,5.3,400,300
2651,2022/10/7 2:56,131.4551953,47.02388217,5210046.093,458582.8448,7.704319,184.7,TRUE,5.3,400,300
2652,2022/10/7 2:56,131.4551972,47.02379967,5210036.92,458582.9254,7.704319,181.4,TRUE,5.3,400,300
2653,2022/10/7 2:57,131.4551982,47.02372,5210028.063,458582.9398,7.11168,175.4,TRUE,5.3,400,300
2654,2022/10/7 2:57,131.4551795,47.02364817,5210020.087,458581.4627,7.24132,182.5,TRUE,5.3,400,300
2655,2022/10/7 2:57,131.4551787,47.02357617,5210012.083,458581.3462,6.6672,185.6,TRUE,5.3,400,300
2656,2022/10/7 2:57,131.4551753,47.02349333,5210002.876,458581.0236,7.74136,180.9,TRUE,5.3,400,300
2657,2022/10/7 2:57,131.4551675,47.02340967,5209993.579,458580.3659,7.1302,188.1,TRUE,5.3,399,300
2658,2022/10/7 2:57,131.45516,47.02333367,5209985.134,458579.737,7.72284,179.6,TRUE,5.3,400,300
2659,2022/10/7 2:57,131.455162,47.02325633,5209976.535,458579.8292,7.75988,184.8,TRUE,5.3,400,300
2660,2022/10/7 2:57,131.4551468,47.0231755,5209967.557,458578.6111,6.98204,182.1,TRUE,5.3,400,300
2661,2022/10/7 2:57,131.4551455,47.0231005,5209959.22,458578.4543,7.20428,186.9,TRUE,5.3,400,300
2662,2022/10/7 2:57,131.4551388,47.023021,5209950.386,458577.8834,6.79684,184.5,TRUE,5.3,400,300
2663,2022/10/7 2:57,131.4551348,47.0229495,5209942.439,458577.524,7.61172,185.3,TRUE,5.3,400,300
2664,2022/10/7 2:57,131.4551183,47.0228675,5209933.332,458576.2062,8.167319,184.1,TRUE,5.3,400,300
2665,2022/10/7 2:57,131.4551098,47.022785,5209924.165,458575.4962,8.0562,187.2,TRUE,5.3,400,300
2666,2022/10/7 2:57,131.4551127,47.0227035,5209915.103,458575.6536,7.72284,187.1,TRUE,5.3,400,300
2667,2022/10/7 2:57,131.4551022,47.02262317,5209906.178,458574.7933,8.185841,185,TRUE,5.3,400,300
2668,2022/10/7 2:58,131.4550967,47.02253883,5209896.805,458574.3099,7.20428,187.2,TRUE,5.3,400,300
2669,2022/10/7 2:58,131.4550883,47.0224635,5209888.435,458573.613,7.55616,184.5,TRUE,5.3,400,300
2670,2022/10/7 2:58,131.4550762,47.02237933,5209879.084,458572.628,7.55616,185.6,TRUE,5.3,400,300
2671,2022/10/7 2:58,131.4550747,47.02230183,5209870.469,458572.454,7.81544,188,TRUE,5.3,400,300
2672,2022/10/7 2:58,131.4550645,47.0222205,5209861.433,458571.6157,7.44504,184.9,TRUE,5.3,400,300
2673,2022/10/7 2:58,131.4550752,47.022141,5209852.589,458572.3676,7.35244,190.5,TRUE,5.3,400,300
2674,2022/10/7 2:58,131.4550505,47.022072,5209844.931,458570.4364,7.00056,188,TRUE,5.3,400,300
2675,2022/10/7 2:58,131.4550423,47.021989,5209835.708,458569.7488,7.24132,185.8,TRUE,5.3,400,300
2676,2022/10/7 2:58,131.4550463,47.02191717,5209827.721,458569.9974,7.51912,184.7,TRUE,5.3,400,300
2677,2022/10/7 2:58,131.455016,47.02183783,5209818.917,458567.6324,7.38948,193.1,TRUE,5.3,400,300
2678,2022/10/7 2:58,131.454985,47.02175483,5209809.706,458565.2115,6.945,194.6,TRUE,5.3,400,300
2679,2022/10/7 2:58,131.4549632,47.02169183,5209802.714,458563.5054,7.64876,188.6,TRUE,5.3,400,300
2680,2022/10/7 2:58,131.454946,47.02161433,5209794.107,458562.1378,5.40784,200,TRUE,5.3,400,300
2681,2022/10/7 2:58,131.4549358,47.02156083,5209788.165,458561.3209,4.42628,207.7,TRUE,5.3,400,300
2682,2022/10/7 2:58,131.454951,47.02150633,5209782.098,458562.4343,5.88936,164,FALSE,5.3,0,300
2683,2022/10/7 2:59,131.4550345,47.02145017,5209775.81,458568.739,3.57436,96.9,FALSE,5.3,0,300
2684,2022/10/7 2:59,131.4550478,47.02144967,5209775.748,458569.7497,5.51896,265.2,FALSE,5.3,0,300
2685,2022/10/7 2:59,131.4549928,47.02144067,5209774.776,458565.5614,0.66672,253.2,FALSE,5.3,0,300
2686,2022/10/7 2:59,131.4550442,47.02146117,5209777.028,458569.4849,6.55608,41.5,FALSE,5.3,0,300
2687,2022/10/7 2:59,131.4551042,47.02151217,5209782.666,458574.0859,5.53748,10.7,FALSE,5.3,0,300
2688,2022/10/7 2:59,131.4551332,47.021549,5209786.745,458576.3191,4.66704,24.2,TRUE,5.3,349,300
2689,2022/10/7 2:59,131.4551468,47.02159767,5209792.149,458577.3907,5.72268,9.1,TRUE,5.3,400,300
2690,2022/10/7 2:59,131.4551665,47.021662,5209799.29,458578.9382,4.27812,11.8,TRUE,5.3,361,300
2691,2022/10/7 2:59,131.4551762,47.02174117,5209808.086,458579.7368,7.90804,6.7,TRUE,5.3,400,300
2692,2022/10/7 2:59,131.4552013,47.021823,5209817.17,458581.7084,8.27844,12.1,TRUE,5.3,400,300
2693,2022/10/7 2:59,131.4552023,47.02190517,5209826.304,458581.8479,7.44504,6.9,TRUE,5.3,400,300
2694,2022/10/7 2:59,131.4552177,47.02197183,5209833.707,458583.0703,7.64876,9.8,TRUE,5.3,400,300
2695,2022/10/7 2:59,131.4552335,47.02204683,5209842.036,458584.3295,7.889521,10.8,TRUE,5.3,400,300
2696,2022/10/7 2:59,131.45524,47.02212567,5209850.798,458584.8846,6.87092,10,TRUE,5.3,400,300
2697,2022/10/7 2:59,131.4552408,47.0221985,5209858.894,458585.0017,7.2228,4.4,TRUE,5.3,400,300
2698,2022/10/7 3:00,131.455243,47.02226617,5209866.416,458585.2213,7.463561,4.5,TRUE,5.3,400,300
2699,2022/10/7 3:00,131.4552415,47.02234217,5209874.865,458585.166,6.92648,6.5,TRUE,5.3,400,300
2700,2022/10/7 3:00,131.4552573,47.02241883,5209883.379,458586.4265,7.74136,6.1,TRUE,5.3,400,300
2701,2022/10/7 3:00,131.4552618,47.022492,5209891.511,458586.8252,7.33392,7.3,TRUE,5.3,400,300
2702,2022/10/7 3:00,131.455271,47.0225725,5209900.456,458587.5869,8.09324,10.7,TRUE,5.3,400,300
2703,2022/10/7 3:00,131.4552778,47.022655,5209909.624,458588.1676,8.27844,4.8,TRUE,5.3,400,300
2704,2022/10/7 3:00,131.4552857,47.02273117,5209918.087,458588.8271,6.50052,8.3,TRUE,5.3,400,300
2705,2022/10/7 3:00,131.455289,47.02281117,5209926.979,458589.1399,6.81536,8.9,TRUE,5.3,400,300
2706,2022/10/7 3:00,131.4553065,47.02287917,5209934.53,458590.5228,8.334,6.3,TRUE,5.3,400,300
2707,2022/10/7 3:00,131.4553187,47.02295383,5209942.823,458591.5081,8.797,3.5,TRUE,5.3,400,300
2708,2022/10/7 3:00,131.455318,47.0230415,5209952.57,458591.5226,8.09324,9.9,TRUE,5.3,400,300
2709,2022/10/7 3:00,131.455325,47.02311683,5209960.941,458592.113,7.5006,7.8,TRUE,5.3,400,300
2710,2022/10/7 3:00,131.4553285,47.02321167,5209971.482,458592.4525,7.75988,9,TRUE,5.3,400,300
2711,2022/10/7 3:00,131.4553283,47.02329033,5209980.227,458592.4981,7.889521,6.2,TRUE,5.3,400,300
2712,2022/10/7 3:00,131.4553297,47.02336917,5209988.991,458592.6655,7.18576,4.9,TRUE,5.3,400,300
2713,2022/10/7 3:01,131.455333,47.0234525,5209998.253,458592.9808,8.44512,8.5,TRUE,5.3,400,300
2714,2022/10/7 3:01,131.455333,47.02353833,5210007.795,458593.0471,7.75988,7,TRUE,5.3,400,300
2715,2022/10/7 3:01,131.455341,47.02362217,5210017.112,458593.7201,8.40808,3.8,TRUE,5.3,399,300
2716,2022/10/7 3:01,131.4553463,47.02370117,5210025.891,458594.1841,8.519199,0.1,TRUE,5.3,400,300
2717,2022/10/7 3:01,131.4553602,47.02377567,5210034.166,458595.2985,8.68588,2.7,TRUE,5.3,396,300
2718,2022/10/7 3:01,131.4553623,47.0238545,5210042.929,458595.5191,7.6858,359.5,TRUE,5.3,400,300
2719,2022/10/7 3:01,131.4553657,47.02393367,5210051.728,458595.8387,8.37104,4.8,TRUE,5.3,400,300
2720,2022/10/7 3:01,131.4553627,47.0240145,5210060.716,458595.6732,6.81536,2.3,TRUE,5.3,400,300
2721,2022/10/7 3:01,131.4553598,47.02408967,5210069.074,458595.5108,7.33392,2.3,TRUE,5.3,400,300
2722,2022/10/7 3:01,131.4553735,47.02415717,5210076.571,458596.6045,9.00072,4,TRUE,5.3,400,300
2723,2022/10/7 3:01,131.45539,47.02422817,5210084.455,458597.9138,7.90804,5.8,TRUE,5.3,400,300
2724,2022/10/7 3:01,131.4553965,47.02430883,5210093.419,458598.4703,7.2228,6.8,TRUE,5.3,400,300
2725,2022/10/7 3:01,131.4553908,47.02439317,5210102.798,458598.1022,8.20436,7.7,TRUE,5.3,400,300
2726,2022/10/7 3:01,131.4554037,47.02445867,5210110.073,458599.1335,6.50052,5.8,TRUE,5.3,400,300
2727,2022/10/7 3:01,131.455402,47.02453,5210118.004,458599.0594,6.83388,6.5,TRUE,5.3,400,300
2728,2022/10/7 3:02,131.4553973,47.02460617,5210126.474,458598.761,6.44496,3.3,TRUE,5.3,400,300
2729,2022/10/7 3:02,131.4554002,47.02468,5210134.68,458599.0385,7.18576,6.4,TRUE,5.3,400,300
2730,2022/10/7 3:02,131.4554092,47.02476033,5210143.606,458599.7848,8.29696,1.1,TRUE,5.3,400,300
2731,2022/10/7 3:02,131.455412,47.02483433,5210151.831,458600.0549,8.01916,0.2,TRUE,5.3,400,300
2732,2022/10/7 3:02,131.4554187,47.02490817,5210160.036,458600.6213,8.85256,5.1,TRUE,5.3,400,300
2733,2022/10/7 3:02,131.4554378,47.0249755,5210167.511,458602.1253,6.6672,6.1,TRUE,5.3,400,300
2734,2022/10/7 3:02,131.4554402,47.02502733,5210173.272,458602.3479,5.8338,9.9,TRUE,5.3,400,300
2735,2022/10/7 3:02,131.45545,47.02509133,5210180.382,458603.1423,5.44488,11.7,TRUE,5.3,400,300
2736,2022/10/7 3:02,131.455456,47.02515617,5210187.587,458603.6486,6.70424,5.2,TRUE,5.3,399,300
2737,2022/10/7 3:02,131.4554615,47.02521183,5210193.772,458604.1097,4.68556,11.6,TRUE,5.3,400,300
2738,2022/10/7 3:02,131.4554698,47.0252655,5210199.734,458604.7822,4.03736,58.3,FALSE,5.3,0,300
2739,2022/10/7 3:02,131.4555172,47.02528767,5210202.174,458608.4027,4.75964,93.2,FALSE,5.3,0,300
2740,2022/10/7 3:02,131.4555328,47.02528317,5210201.665,458609.5851,3.81512,260.8,FALSE,5.3,0,300
2741,2022/10/7 3:02,131.4554337,47.0252925,5210202.755,458602.0587,4.09292,311.8,FALSE,5.3,0,300
2742,2022/10/7 3:02,131.4554158,47.02529767,5210203.339,458600.702,3.46324,123.4,FALSE,5.3,0,300
2743,2022/10/7 3:03,131.4554505,47.025261,5210199.244,458603.3115,4.74112,163.9,FALSE,5.3,0,300
2744,2022/10/7 3:03,131.4554538,47.0252115,5210193.739,458603.5241,5.556,194.7,FALSE,5.3,0,300
2745,2022/10/7 3:03,131.4554545,47.0251775,5210189.959,458603.551,4.31516,190.5,TRUE,5.3,400,300
2746,2022/10/7 3:03,131.455443,47.025135,5210185.24,458602.644,6.51904,189.1,TRUE,5.3,400,300
2747,2022/10/7 3:03,131.4554405,47.025063,5210177.237,458602.3982,5.87084,194.1,TRUE,5.3,356,300
2748,2022/10/7 3:03,131.4554395,47.0249885,5210168.956,458602.2646,7.18576,179.7,TRUE,5.3,365,300
2749,2022/10/7 3:03,131.4554302,47.02491867,5210161.198,458601.5036,6.63016,183.1,TRUE,5.3,400,300
2750,2022/10/7 3:03,131.455425,47.02483217,5210151.584,458601.0415,7.01908,185,TRUE,5.3,400,300
2751,2022/10/7 3:03,131.4554093,47.024759,5210143.458,458599.7914,6.44496,186.7,TRUE,5.3,400,300
2752,2022/10/7 3:03,131.4554038,47.02469083,5210135.882,458599.3206,7.463561,189.4,TRUE,5.3,400,300
2753,2022/10/7 3:03,131.4553867,47.02460083,5210125.886,458597.951,7.64876,185.4,TRUE,5.3,400,300
2754,2022/10/7 3:03,131.455394,47.0245235,5210117.285,458598.4462,5.57452,183.3,TRUE,5.3,400,300
2755,2022/10/7 3:03,131.4553938,47.02445583,5210109.762,458598.3787,6.88944,182.2,TRUE,5.3,400,300
2756,2022/10/7 3:03,131.4553833,47.02438417,5210101.801,458597.525,8.315479,180.9,TRUE,5.3,400,300
2757,2022/10/7 3:03,131.4553903,47.0243035,5210092.83,458597.9948,7.07464,184.7,TRUE,5.3,400,300
2758,2022/10/7 3:04,131.4553758,47.02423167,5210084.852,458596.837,7.33392,191.7,TRUE,5.3,400,300
2759,2022/10/7 3:04,131.4553693,47.024151,5210075.887,458596.2805,7.66728,185.4,TRUE,5.3,400,300
2760,2022/10/7 3:04,131.4553605,47.0240735,5210067.276,458595.5515,6.55608,185.1,TRUE,5.3,400,300
2761,2022/10/7 3:04,131.455361,47.02401133,5210060.364,458595.5415,7.24132,183.4,TRUE,5.3,374,300
2762,2022/10/7 3:04,131.4553578,47.0239365,5210052.047,458595.2404,6.16716,181.9,TRUE,5.3,400,300
2763,2022/10/7 3:04,131.4553448,47.02386167,5210043.735,458594.1942,7.33392,180.9,TRUE,5.3,400,300
2764,2022/10/7 3:04,131.4553433,47.02378117,5210034.786,458594.0179,7.33392,183.6,TRUE,5.3,400,300
2765,2022/10/7 3:04,131.4553427,47.02370317,5210026.115,458593.912,7.11168,184.9,TRUE,5.3,400,300
2766,2022/10/7 3:04,131.4553385,47.0236245,5210017.372,458593.5319,7.778399,186.2,TRUE,5.3,400,300
2767,2022/10/7 3:04,131.4553152,47.02355367,5210009.51,458591.7058,7.14872,183.5,TRUE,5.3,400,300
2768,2022/10/7 3:04,131.455312,47.02348533,5210001.914,458591.4097,7.2228,184.4,TRUE,5.3,400,300
2769,2022/10/7 3:04,131.4553173,47.02340867,5209993.389,458591.7533,7.61172,183.6,TRUE,5.3,400,300
2770,2022/10/7 3:04,131.4553137,47.02333833,5209985.571,458591.4253,7.42652,184.5,TRUE,5.3,400,300
2771,2022/10/7 3:04,131.4553113,47.023272,5209978.198,458591.1915,7.63024,188.2,TRUE,5.3,400,300
2772,2022/10/7 3:04,131.455314,47.02318433,5209968.451,458591.329,8.1488,189.2,TRUE,5.3,400,300
2773,2022/10/7 3:05,131.4553085,47.02309783,5209958.837,458590.844,7.09316,186.8,TRUE,5.3,400,300
2774,2022/10/7 3:05,131.4553017,47.02302733,5209951.003,458590.2725,7.463561,189.1,TRUE,5.3,400,300
2775,2022/10/7 3:05,131.4552963,47.02294817,5209942.206,458589.8008,7.871,182.2,TRUE,0,400,300
2776,2022/10/7 3:05,131.4552845,47.0228685,5209933.355,458588.8421,7.27836,185.5,TRUE,0,400,300
2777,2022/10/7 3:05,131.4552762,47.02279433,5209925.114,458588.1537,7.2228,185.4,TRUE,5.3,400,300
2778,2022/10/7 3:05,131.4552662,47.02271,5209915.744,458587.3283,8.11176,184.4,TRUE,5.3,400,300
2779,2022/10/7 3:05,131.4552483,47.02263333,5209907.23,458585.9082,8.1488,186.1,TRUE,5.3,400,300
2780,2022/10/7 3:05,131.4552463,47.0225525,5209898.245,458585.6936,6.3894,186.4,TRUE,5.3,400,300
2781,2022/10/7 3:05,131.4552378,47.02247617,5209889.764,458584.9884,7.20428,183.2,TRUE,5.3,400,300
2782,2022/10/7 3:05,131.455236,47.022405,5209881.853,458584.7965,6.88944,188,TRUE,5.3,400,300
2783,2022/10/7 3:05,131.4552325,47.0223355,5209874.129,458584.4767,7.5932,187.6,TRUE,5.3,400,300
2784,2022/10/7 3:05,131.4552172,47.022255,5209865.187,458583.2512,8.4266,185.8,TRUE,5.3,400,300
2785,2022/10/7 3:05,131.4552128,47.02217133,5209855.888,458582.852,7.66728,184.8,TRUE,5.3,400,300
2786,2022/10/7 3:05,131.4552033,47.0220905,5209846.907,458582.0673,8.13028,185.4,TRUE,5.3,400,300
2787,2022/10/7 3:05,131.455192,47.022019,5209838.964,458581.1529,6.64868,185.7,TRUE,5.3,400,300
2788,2022/10/7 3:06,131.4551805,47.02195267,5209831.597,458580.2273,7.408,190.3,TRUE,5.3,400,300
2789,2022/10/7 3:06,131.4551855,47.021888,5209824.404,458580.5574,7.3154,190.9,TRUE,5.3,400,300
2790,2022/10/7 3:06,131.4551677,47.02181183,5209815.946,458579.1453,7.889521,188,TRUE,5.3,400,300
2791,2022/10/7 3:06,131.4551625,47.02173367,5209807.26,458578.6895,7.25984,189.8,TRUE,5.3,400,300
2792,2022/10/7 3:06,131.4551442,47.02166583,5209799.727,458577.2458,7.408,192.1,TRUE,5.3,400,300
2793,2022/10/7 3:06,131.4551175,47.021591,5209791.423,458575.158,5.8338,194.1,TRUE,5.3,400,300
2794,2022/10/7 3:06,131.4551088,47.02154283,5209786.072,458574.4593,4.94484,198.8,TRUE,5.3,395,300
2795,2022/10/7 3:06,131.4550917,47.0215055,5209781.931,458573.1304,4.33368,255.3,FALSE,5.3,0,300
2796,2022/10/7 3:06,131.4550568,47.0215075,5209782.172,458570.4787,1.4816,54.9,FALSE,5.3,0,300
2797,2022/10/7 3:06,131.455121,47.02150167,5209781.49,458575.355,5.33376,68.5,FALSE,5.3,0,300
2798,2022/10/7 3:06,131.4552068,47.021523,5209783.816,458581.8945,5.77824,55.2,FALSE,5.3,0,300
2799,2022/10/7 3:06,131.4552672,47.02155117,5209786.916,458586.5082,5.94492,76,FALSE,5.3,0,300
2800,2022/10/7 3:06,131.4553147,47.02154433,5209786.13,458590.1141,1.22232,93.7,FALSE,5.3,0,300
2801,2022/10/7 3:06,131.4553162,47.0215485,5209786.593,458590.2314,0,124.4,FALSE,5.3,0,300
2802,2022/10/7 3:06,131.455287,47.021556,5209787.442,458588.0172,3.90772,311.8,FALSE,5.3,0,300
2803,2022/10/7 3:07,131.455265,47.02158767,5209790.974,458586.3692,2.94468,18.2,FALSE,5.3,0,300
2804,2022/10/7 3:07,131.4552765,47.02160283,5209792.654,458587.2552,5.42636,11,TRUE,5.3,236,300
2805,2022/10/7 3:07,131.455291,47.02165317,5209798.242,458588.3965,5.20412,16.3,TRUE,5.3,369,300
2806,2022/10/7 3:07,131.455297,47.02170517,5209804.02,458588.8928,5.44488,13.2,TRUE,5.3,400,300
2807,2022/10/7 3:07,131.4553125,47.021757,5209809.774,458590.1113,6.74128,11.3,TRUE,5.3,400,300
2808,2022/10/7 3:07,131.4553378,47.02181717,5209816.45,458592.0812,7.704319,5.6,TRUE,5.3,400,300
2809,2022/10/7 3:07,131.4553405,47.02188967,5209824.508,458592.3426,5.35228,14,TRUE,5.3,400,300
2810,2022/10/7 3:07,131.4553542,47.02195733,5209832.023,458593.4364,7.778399,12.8,TRUE,5.3,400,300
2811,2022/10/7 3:07,131.4553623,47.022042,5209841.431,458594.1177,7.53764,6.7,TRUE,5.3,400,300
2812,2022/10/7 3:07,131.4553712,47.02211367,5209849.394,458594.8497,7.871,4.5,TRUE,5.3,400,300
2813,2022/10/7 3:07,131.4553723,47.022195,5209858.435,458594.9962,6.88944,7.5,TRUE,5.3,396,300
2814,2022/10/7 3:07,131.4553753,47.02229233,5209869.254,458595.2995,7.75988,3.4,TRUE,5.3,400,300
2815,2022/10/7 3:07,131.4553887,47.02236733,5209877.585,458596.3762,7.44504,6.8,TRUE,5.3,400,300
2816,2022/10/7 3:07,131.4553957,47.0224475,5209886.493,458596.9704,8.11176,5.1,TRUE,5.3,400,300
2817,2022/10/7 3:07,131.4553985,47.022526,5209895.219,458597.2439,7.74136,3.6,TRUE,5.3,400,300
2818,2022/10/7 3:08,131.4554065,47.02259667,5209903.071,458597.9068,7.29688,5.7,TRUE,5.3,400,300
2819,2022/10/7 3:08,131.4554192,47.0226765,5209911.939,458598.934,8.11176,7.7,TRUE,5.3,400,300
2820,2022/10/7 3:08,131.455418,47.0227615,5209921.389,458598.9085,6.50052,5.2,TRUE,5.3,400,300
2821,2022/10/7 3:08,131.4554242,47.0228335,5209929.39,458599.4355,7.55616,2.3,TRUE,5.3,400,300
2822,2022/10/7 3:08,131.455436,47.02291333,5209938.259,458600.3943,8.334,5.1,TRUE,5.3,400,300
2823,2022/10/7 3:08,131.4554407,47.02299833,5209947.706,458600.8173,7.9636,3.3,TRUE,5.3,400,300
2824,2022/10/7 3:08,131.4554515,47.02307383,5209956.094,458601.6967,7.00056,0.6,TRUE,5.3,395,300
2825,2022/10/7 3:08,131.4554702,47.02313867,5209963.292,458603.1685,7.24132,359.8,TRUE,5.3,400,300
2826,2022/10/7 3:08,131.4554693,47.02321767,5209972.075,458603.1611,6.90796,3,TRUE,5.3,400,300
2827,2022/10/7 3:08,131.4554813,47.02329767,5209980.962,458604.1352,8.25992,8.6,TRUE,5.3,400,300
2828,2022/10/7 3:08,131.4554895,47.0233915,5209991.389,458604.8311,7.94508,5.1,TRUE,5.3,400,300
2829,2022/10/7 3:08,131.4554962,47.02346967,5210000.076,458605.4009,7.9636,4.3,TRUE,5.3,400,300
2830,2022/10/7 3:08,131.4554865,47.0235305,5210006.844,458604.7105,8.185841,3.6,TRUE,5.3,400,300
2831,2022/10/7 3:08,131.4554973,47.02360417,5210015.028,458605.5885,7.16724,6.3,TRUE,5.3,400,300
2832,2022/10/7 3:08,131.455504,47.0236845,5210023.955,458606.1599,7.44504,4.8,TRUE,5.3,400,300
2833,2022/10/7 3:09,131.4555082,47.02377317,5210033.81,458606.5478,8.11176,1.4,TRUE,5.3,400,300
2834,2022/10/7 3:09,131.4555058,47.023855,5210042.908,458606.4286,6.88944,358.9,TRUE,5.3,400,300
2835,2022/10/7 3:09,131.4555213,47.023933,5210051.571,458607.6672,7.72284,7.3,TRUE,5.3,400,300
2836,2022/10/7 3:09,131.4555172,47.02401967,5210061.209,458607.4225,8.1488,5.1,TRUE,5.3,400,300
2837,2022/10/7 3:09,131.4555305,47.02408883,5210068.89,458608.4871,8.167319,5.8,TRUE,5.3,400,300
2838,2022/10/7 3:09,131.45553,47.024158,5210076.58,458608.5025,7.38948,5.8,TRUE,5.3,400,300
2839,2022/10/7 3:09,131.455532,47.024238,5210085.473,458608.7164,7.5006,2.6,TRUE,5.3,400,300
2840,2022/10/7 3:09,131.4555397,47.02432033,5210094.622,458609.3654,6.90796,5.4,TRUE,5.3,400,300
2841,2022/10/7 3:09,131.4555478,47.02438267,5210101.548,458610.0294,8.334,5.7,TRUE,5.3,400,300
2842,2022/10/7 3:09,131.4555563,47.02445683,5210109.788,458610.7329,6.74128,6.6,TRUE,5.3,394,300
2843,2022/10/7 3:09,131.4555655,47.02453783,5210118.788,458611.4949,8.64884,1.7,TRUE,5.3,400,300
2844,2022/10/7 3:09,131.45557,47.02462633,5210128.624,458611.9053,9.29704,4,TRUE,5.3,376,300
2845,2022/10/7 3:09,131.4555777,47.0246905,5210135.754,458612.5403,6.55608,3.2,TRUE,5.3,400,300
2846,2022/10/7 3:09,131.4555792,47.02476417,5210143.943,458612.7113,7.6858,5.9,TRUE,5.3,400,300
2847,2022/10/7 3:09,131.455586,47.02484283,5210152.684,458613.289,6.51904,6.9,TRUE,5.3,400,300
2848,2022/10/7 3:10,131.4555848,47.02491867,5210161.116,458613.2564,6.64868,359.3,TRUE,5.3,400,300
2849,2022/10/7 3:10,131.4555938,47.0249915,5210169.208,458613.9969,7.27836,6.9,TRUE,5.3,400,300
2850,2022/10/7 3:10,131.4555885,47.025056,5210176.381,458613.6438,7.07464,2.4,TRUE,5.3,400,300
2851,2022/10/7 3:10,131.4555942,47.02512217,5210183.734,458614.1283,5.59304,12.8,TRUE,5.3,398,300
2852,2022/10/7 3:10,131.4556162,47.02517467,5210189.559,458615.8413,5.38932,11,TRUE,5.3,400,300
2853,2022/10/7 3:10,131.4556247,47.0252365,5210196.428,458616.5352,5.44488,3.9,TRUE,5.3,400,300
2854,2022/10/7 3:10,131.4556238,47.02529483,5210202.913,458616.5119,5.51896,21.5,FALSE,5.3,0,300
2855,2022/10/7 3:10,131.4556562,47.02533217,5210207.047,458619.0038,4.38924,91.3,FALSE,5.3,0,300
2856,2022/10/7 3:10,131.4556823,47.02532667,5210206.422,458620.9837,0,103.9,FALSE,5.3,0,300
2857,2022/10/7 3:10,131.4556357,47.0253245,5210206.205,458617.4395,5.48192,286.9,FALSE,5.3,0,300
2858,2022/10/7 3:10,131.4555928,47.02534167,5210208.137,458614.1915,2.25944,143,FALSE,5.3,0,300
2859,2022/10/7 3:10,131.4556335,47.02531033,5210204.631,458617.2613,4.00032,145,FALSE,5.3,0,300
2860,2022/10/7 3:10,131.4556475,47.0252595,5210198.973,458618.2863,5.33376,189.2,FALSE,5.3,0,300
2861,2022/10/7 3:10,131.4556353,47.02521667,5210194.218,458617.3257,3.66696,193,TRUE,5.3,400,300
2862,2022/10/7 3:10,131.4556218,47.02517633,5210189.741,458616.2683,5.87084,190.6,TRUE,5.3,400,300
2863,2022/10/7 3:11,131.4556168,47.02512967,5210184.556,458615.8521,5.3708,191.6,TRUE,5.3,400,300
2864,2022/10/7 3:11,131.455605,47.0250805,5210179.096,458614.9171,6.13012,185.3,TRUE,5.3,400,300
2865,2022/10/7 3:11,131.4556025,47.02501717,5210172.057,458614.6781,3.66696,184.2,TRUE,5.3,369,300
2866,2022/10/7 3:11,131.455594,47.0249555,5210165.205,458613.9843,6.05604,187.1,TRUE,5.3,400,300
2867,2022/10/7 3:11,131.455587,47.02488933,5210157.853,458613.401,6.00048,186,TRUE,5.3,400,300
2868,2022/10/7 3:11,131.4555852,47.02480517,5210148.498,458613.1991,6.37088,181.2,TRUE,5.3,400,300
2869,2022/10/7 3:11,131.455577,47.024733,5210140.479,458612.5199,7.1302,182.3,TRUE,5.3,400,300
2870,2022/10/7 3:11,131.455574,47.0246335,5210129.419,458612.215,7.05612,184.1,TRUE,5.3,400,300
2871,2022/10/7 3:11,131.4555697,47.0245595,5210121.194,458611.8309,7.00056,184.3,TRUE,5.3,400,300
2872,2022/10/7 3:11,131.4555673,47.02449567,5210114.1,458611.5991,7.5932,184.1,TRUE,5.3,400,300
2873,2022/10/7 3:11,131.4555583,47.02443317,5210107.156,458610.8666,6.37088,186.7,TRUE,5.3,400,300
2874,2022/10/7 3:11,131.4555485,47.02435833,5210098.841,458610.0638,6.945,184.5,TRUE,5.3,400,300
2875,2022/10/7 3:11,131.4555433,47.0242885,5210091.081,458609.6145,7.37096,184.7,TRUE,5.3,400,300
2876,2022/10/7 3:11,131.4555552,47.02421483,5210082.885,458610.4622,7.20428,183,TRUE,5.3,400,300
2877,2022/10/7 3:11,131.4555502,47.02413233,5210073.716,458610.0183,7.9636,184.8,TRUE,5.3,400,300
2878,2022/10/7 3:12,131.4555357,47.0240505,5210064.626,458608.8527,7.463561,181.5,TRUE,5.3,400,300
2879,2022/10/7 3:12,131.4555227,47.02397333,5210056.054,458607.8048,5.9264,190.7,TRUE,5.3,400,300
2880,2022/10/7 3:12,131.4555163,47.02390433,5210048.387,458607.2649,6.83388,188.3,TRUE,5.3,400,300
2881,2022/10/7 3:12,131.4555102,47.02382467,5210039.534,458606.7396,6.25976,181,TRUE,5.3,400,300
2882,2022/10/7 3:12,131.4555132,47.02375517,5210031.806,458606.914,6.5746,184.5,TRUE,5.3,398,300
2883,2022/10/7 3:12,131.455512,47.0236875,5210024.284,458606.7704,7.57468,187.4,TRUE,5.3,400,300
2884,2022/10/7 3:12,131.4555047,47.02361067,5210015.746,458606.1561,7.37096,182.6,TRUE,5.3,400,300
2885,2022/10/7 3:12,131.4555085,47.02353917,5210007.796,458606.3897,8.1488,183.8,TRUE,5.3,400,300
2886,2022/10/7 3:12,131.4555103,47.02345817,5209998.79,458606.4639,7.01908,184.4,TRUE,5.3,400,300
2887,2022/10/7 3:12,131.455502,47.02338267,5209990.401,458605.7746,8.55624,183.8,TRUE,5.3,400,300
2888,2022/10/7 3:12,131.4554928,47.02330217,5209981.457,458605.013,6.90796,185.5,TRUE,5.3,400,300
2889,2022/10/7 3:12,131.4554835,47.0232255,5209972.938,458604.2467,7.66728,182.2,TRUE,5.3,400,300
2890,2022/10/7 3:12,131.4554777,47.0231415,5209963.603,458603.7408,8.40808,185.2,TRUE,5.3,400,300
2891,2022/10/7 3:12,131.455474,47.0230625,5209954.822,458603.3985,7.25984,188,TRUE,5.3,400,300
2892,2022/10/7 3:12,131.4554577,47.02298417,5209946.123,458602.0987,7.01908,185.6,TRUE,5.3,400,300
2893,2022/10/7 3:13,131.4554555,47.02291517,5209938.453,458601.8781,7.704319,188.7,TRUE,5.3,400,300
2894,2022/10/7 3:13,131.455457,47.02284083,5209930.188,458601.9347,7.29688,182.7,TRUE,5.3,400,300
2895,2022/10/7 3:13,131.455447,47.02276417,5209921.671,458601.1152,6.81536,184.5,TRUE,5.3,400,300
2896,2022/10/7 3:13,131.4554313,47.02269333,5209913.804,458599.8669,7.94508,188.9,TRUE,5.3,400,300
2897,2022/10/7 3:13,131.4554263,47.02261633,5209905.246,458599.4272,8.00064,184.2,TRUE,5.3,400,300
2898,2022/10/7 3:13,131.4554138,47.022541,5209896.878,458598.4187,8.64884,185.4,TRUE,5.3,400,300
2899,2022/10/7 3:13,131.455407,47.02245683,5209887.525,458597.8367,7.29688,186.2,TRUE,5.3,400,300
2900,2022/10/7 3:13,131.4553928,47.022375,5209878.435,458596.6939,7.704319,191.4,TRUE,5.3,400,300
2901,2022/10/7 3:13,131.455386,47.02230467,5209870.62,458596.1225,7.14872,180,TRUE,5.3,400,300
2902,2022/10/7 3:13,131.4553805,47.02222683,5209861.969,458595.6442,6.74128,188.3,TRUE,5.3,400,300
2903,2022/10/7 3:13,131.4553932,47.022153,5209853.755,458596.5526,7.48208,184.5,TRUE,5.3,400,300
2904,2022/10/7 3:13,131.4553845,47.022067,5209844.199,458595.8247,6.74128,187.2,TRUE,5.3,400,300
2905,2022/10/7 3:13,131.4553737,47.021999,5209836.645,458594.9511,8.00064,186.3,TRUE,5.3,400,300
2906,2022/10/7 3:13,131.4553577,47.021931,5209829.094,458593.6821,7.20428,189.2,TRUE,5.3,400,300
2907,2022/10/7 3:13,131.4553482,47.02185867,5209821.058,458592.904,6.79684,187.8,TRUE,5.3,400,300
2908,2022/10/7 3:14,131.4553373,47.02178083,5209812.41,458592.0151,6.70424,184.5,TRUE,5.3,400,300
2909,2022/10/7 3:14,131.4553295,47.02170917,5209804.448,458591.3667,7.20428,193.9,TRUE,5.3,400,300
2910,2022/10/7 3:14,131.4553095,47.02163867,5209796.621,458589.7917,6.46348,197.2,TRUE,5.3,350,300
2911,2022/10/7 3:14,131.4552953,47.02159017,5209791.236,458588.6746,3.85216,209.1,TRUE,5.3,400,300
2912,2022/10/7 3:14,131.455274,47.02155517,5209787.357,458587.0282,4.5374,232.1,FALSE,5.3,0,300
2913,2022/10/7 3:14,131.455247,47.02154767,5209786.537,458584.9698,2.46316,47.5,FALSE,5.3,0,300
2914,2022/10/7 3:14,131.4553052,47.02156817,5209788.785,458589.4103,5.3708,75.6,FALSE,5.3,0,300
2915,2022/10/7 3:14,131.4553922,47.02156783,5209788.702,458596.0242,6.00048,105.6,FALSE,5.3,0,300
2916,2022/10/7 3:14,131.4554318,47.02154217,5209785.828,458599.015,0,99,FALSE,5.3,0,300
2917,2022/10/7 3:14,131.4554162,47.02155783,5209787.577,458597.8411,6.50052,351.4,FALSE,5.3,0,300
2918,2022/10/7 3:14,131.4554315,47.02159433,5209791.627,458599.0325,5.29672,23.1,FALSE,5.3,0,300
2919,2022/10/7 3:14,131.4554412,47.0216435,5209797.088,458599.8079,4.92632,9.7,TRUE,5.3,360,300
2920,2022/10/7 3:14,131.4554422,47.02168733,5209801.96,458599.9178,4.70408,7.8,TRUE,5.3,400,300
2921,2022/10/7 3:14,131.4554537,47.02174317,5209808.162,458600.8353,6.22272,13.6,TRUE,5.3,400,300
2922,2022/10/7 3:14,131.4554722,47.02180617,5209815.156,458602.2905,6.16716,7.4,TRUE,5.3,389,300
2923,2022/10/7 3:15,131.4554745,47.021884,5209823.807,458602.5255,8.315479,6.3,TRUE,5.3,400,300
2924,2022/10/7 3:15,131.455488,47.02196983,5209833.342,458603.6182,8.4266,5.8,TRUE,5.3,400,300
2925,2022/10/7 3:15,131.4555117,47.02205283,5209842.556,458605.4841,8.0562,5.9,TRUE,5.3,400,300
2926,2022/10/7 3:15,131.4555132,47.02212483,5209850.56,458605.6538,6.83388,5.2,TRUE,5.3,400,300
2927,2022/10/7 3:15,131.4555182,47.02219733,5209858.617,458606.0899,7.63024,3.1,TRUE,5.3,396,300
2928,2022/10/7 3:15,131.4555385,47.02226783,5209866.444,458607.6877,7.29688,7.9,TRUE,5.3,399,300
2929,2022/10/7 3:15,131.4555412,47.022354,5209876.022,458607.9596,8.334,3,TRUE,5.3,400,300
2930,2022/10/7 3:15,131.4555415,47.02243983,5209885.564,458608.0487,8.167319,9.3,TRUE,5.3,400,300
2931,2022/10/7 3:15,131.4555485,47.02250833,5209893.175,458608.6339,7.64876,3.6,TRUE,5.3,399,300
2932,2022/10/7 3:15,131.4555563,47.02258367,5209901.547,458609.2851,7.09316,4,TRUE,5.3,400,300
2933,2022/10/7 3:15,131.4555637,47.02266417,5209910.492,458609.9099,8.35252,0.9,TRUE,5.3,400,300
2934,2022/10/7 3:15,131.4555747,47.02273817,5209918.713,458610.8033,7.90804,2.9,TRUE,5.3,400,300
2935,2022/10/7 3:15,131.4555757,47.02282683,5209928.569,458610.9479,7.94508,5.3,TRUE,5.3,400,300
2936,2022/10/7 3:15,131.4555872,47.02290967,5209937.772,458611.8862,7.94508,4.4,TRUE,5.3,395,300
2937,2022/10/7 3:15,131.4555945,47.022992,5209946.921,458612.5048,8.20436,3.2,TRUE,5.3,398,300
2938,2022/10/7 3:16,131.4556035,47.02307233,5209955.847,458613.251,7.48208,4.8,TRUE,5.3,396,300
2939,2022/10/7 3:16,131.4556122,47.0231495,5209964.421,458613.9721,8.185841,2.5,TRUE,5.3,400,300
2940,2022/10/7 3:16,131.455623,47.02322183,5209972.456,458614.849,8.185841,3.4,TRUE,5.3,398,300
2941,2022/10/7 3:16,131.4556232,47.02329383,5209980.46,458614.9199,8.68588,4.7,TRUE,5.3,400,300
2942,2022/10/7 3:16,131.455632,47.02337633,5209989.627,458615.6526,8.01916,1.8,TRUE,5.3,400,300
2943,2022/10/7 3:16,131.45564,47.02344883,5209997.683,458616.3168,8.25992,2.4,TRUE,5.3,398,300
2944,2022/10/7 3:16,131.4556442,47.02353567,5210007.335,458616.7032,8.59328,3.5,TRUE,5.3,400,300
2945,2022/10/7 3:16,131.4556473,47.02362067,5210016.783,458617.0046,8.64884,1.1,TRUE,5.3,400,300
2946,2022/10/7 3:16,131.4556587,47.02369883,5210025.466,458617.9316,8.01916,4.5,TRUE,5.3,400,300
2947,2022/10/7 3:16,131.4556663,47.02378383,5210034.911,458618.5751,8.00064,4.6,TRUE,5.3,400,300
2948,2022/10/7 3:16,131.4556745,47.02386283,5210043.69,458619.2595,8.01916,6.2,TRUE,5.3,400,300
2949,2022/10/7 3:16,131.4556727,47.02394133,5210052.417,458619.1833,7.5006,8.4,TRUE,5.3,393,300
2950,2022/10/7 3:16,131.4556737,47.0240165,5210060.774,458619.3175,8.537721,3,TRUE,5.3,400,300
2951,2022/10/7 3:16,131.4556823,47.02408933,5210068.866,458620.0275,7.05612,4.1,TRUE,5.3,395,300
2952,2022/10/7 3:16,131.4556915,47.0241715,5210077.996,458620.7904,7.42652,2.5,TRUE,5.3,400,300
2953,2022/10/7 3:17,131.4556913,47.0242525,5210087.001,458620.8378,7.94508,7.2,TRUE,5.3,375,300
2954,2022/10/7 3:17,131.4556927,47.024344,5210097.172,458621.0149,7.92656,2.9,TRUE,5.3,400,300
2955,2022/10/7 3:17,131.4557,47.02443283,5210107.044,458621.6385,8.7044,1.8,TRUE,5.3,400,300
2956,2022/10/7 3:17,131.4557028,47.0245,5210114.509,458621.9033,7.44504,4.6,TRUE,5.3,400,300
2957,2022/10/7 3:17,131.4557155,47.02457283,5210122.599,458622.925,8.315479,6.3,TRUE,5.3,400,300
2958,2022/10/7 3:17,131.4557155,47.02465467,5210131.698,458622.9883,7.94508,3,TRUE,5.3,400,300
2959,2022/10/7 3:17,131.4557203,47.02473917,5210141.089,458623.4185,7.81544,2.1,TRUE,5.3,399,300
2960,2022/10/7 3:17,131.4557197,47.02481633,5210149.667,458623.4325,8.315479,7.5,TRUE,5.3,400,300
2961,2022/10/7 3:17,131.4557318,47.0249,5210158.963,458624.417,7.79692,7.7,TRUE,5.3,374,300
2962,2022/10/7 3:17,131.4557417,47.02497433,5210167.221,458625.227,6.46348,3.5,TRUE,5.3,400,300
2963,2022/10/7 3:17,131.4557405,47.0250485,5210175.467,458625.1931,6.64868,4.2,TRUE,5.3,396,300
2964,2022/10/7 3:17,131.4557582,47.02512217,5210183.647,458626.5956,6.74128,3.3,TRUE,5.3,400,300
2965,2022/10/7 3:17,131.4557542,47.02518533,5210190.671,458626.3403,6.2042,2.1,TRUE,5.3,395,300
2966,2022/10/7 3:17,131.455766,47.02525217,5210198.096,458627.289,4.51888,6.4,TRUE,5.3,400,300
2967,2022/10/7 3:17,131.4557847,47.02531617,5210205.201,458628.76,5.77824,19,FALSE,5.3,0,300
2968,2022/10/7 3:18,131.4558443,47.02533917,5210207.726,458633.3085,5.44488,96.6,FALSE,5.3,0,300
2969,2022/10/7 3:18,131.4558817,47.02533867,5210207.651,458636.1513,0,98.5,FALSE,5.3,0,300
2970,2022/10/7 3:18,131.4558132,47.025349,5210208.835,458630.9519,5.48192,269.8,FALSE,5.3,0,300
2971,2022/10/7 3:18,131.4557202,47.0253595,5210210.052,458623.8902,5.29672,276.8,FALSE,5.3,0,300
2972,2022/10/7 3:18,131.4556793,47.02536333,5210210.499,458620.7839,1.77792,110.2,FALSE,5.3,0,300
2973,2022/10/7 3:18,131.4557348,47.02534733,5210208.691,458624.9907,1.852,131.9,FALSE,5.3,0,300
2974,2022/10/7 3:18,131.4557617,47.02532433,5210206.12,458627.0178,3.37064,157.1,FALSE,5.3,0,300
2975,2022/10/7 3:18,131.4557673,47.025279,5210201.078,458627.4085,5.13004,190.1,FALSE,5.3,0,300
2976,2022/10/7 3:18,131.4557632,47.02523717,5210196.429,458627.0645,3.38916,194.8,TRUE,5.3,400,300
2977,2022/10/7 3:18,131.4557583,47.0251985,5210192.133,458626.6621,3.8892,189.2,TRUE,5.3,376,300
2978,2022/10/7 3:18,131.4557655,47.025147,5210186.404,458627.1697,5.70416,186.1,TRUE,5.3,372,300
2979,2022/10/7 3:18,131.4557587,47.02508183,5210179.163,458626.6024,6.44496,189.5,TRUE,5.3,400,300
2980,2022/10/7 3:18,131.4557438,47.02504467,5210175.039,458625.441,6.07456,195.4,TRUE,5.3,400,300
2981,2022/10/7 3:18,131.4557368,47.02497533,5210167.334,458624.8553,7.25984,185.8,TRUE,5.3,400,300
2982,2022/10/7 3:18,131.4557372,47.02489383,5210158.274,458624.8227,8.334,187,TRUE,5.3,400,300
2983,2022/10/7 3:19,131.4557285,47.02481083,5210149.051,458624.0972,7.61172,182.8,TRUE,5.3,400,300
2984,2022/10/7 3:19,131.4557265,47.02473,5210140.066,458623.8827,6.09308,185.6,TRUE,5.3,396,300
2985,2022/10/7 3:19,131.4557153,47.02465633,5210131.882,458622.9744,8.185841,186.8,TRUE,5.3,400,300
2986,2022/10/7 3:19,131.455709,47.02457183,5210122.492,458622.4301,7.871,181.5,TRUE,5.3,400,300
2987,2022/10/7 3:19,131.4557093,47.02450033,5210114.543,458622.3977,8.20436,187.3,TRUE,5.3,400,300
2988,2022/10/7 3:19,131.4556953,47.0244335,5210107.121,458621.2818,7.408,180.1,TRUE,5.3,400,300
2989,2022/10/7 3:19,131.4556988,47.0243505,5210097.892,458621.4837,8.01916,184.7,TRUE,5.3,400,300
2990,2022/10/7 3:19,131.4556925,47.0242715,5210089.112,458620.9437,7.852479,184.6,TRUE,5.3,400,300
2991,2022/10/7 3:19,131.4556837,47.02419667,5210080.798,458620.2169,7.18576,185.6,TRUE,5.3,400,300
2992,2022/10/7 3:19,131.4556728,47.0241135,5210071.558,458619.324,7.07464,183.9,TRUE,5.3,400,300
2993,2022/10/7 3:19,131.4556678,47.0240435,5210063.778,458618.8898,7.408,185.2,TRUE,5.3,400,300
2994,2022/10/7 3:19,131.4556648,47.0239665,5210055.22,458618.6022,8.01916,184.3,TRUE,5.3,400,300
2995,2022/10/7 3:19,131.4556677,47.02388517,5210046.177,458618.7598,7.5006,183.7,TRUE,5.3,400,300
2996,2022/10/7 3:19,131.4556552,47.02380133,5210036.863,458617.7448,7.852479,185.3,TRUE,5.3,400,300
2997,2022/10/7 3:19,131.455662,47.0237235,5210028.207,458618.2016,7.42652,184.5,TRUE,5.3,400,300
2998,2022/10/7 3:20,131.455659,47.02364683,5210019.685,458617.9143,7.6858,179.9,TRUE,5.3,400,300
2999,2022/10/7 3:20,131.4556583,47.023569,5210011.033,458617.8009,8.315479,186.4,TRUE,5.3,400,300
3000,2022/10/7 3:20,131.4556583,47.0234865,5210001.861,458617.7372,8.13028,181.2,TRUE,5.3,398,300
3001,2022/10/7 3:20,131.4556448,47.02340033,5209992.289,458616.6443,7.74136,187.9,TRUE,5.3,400,300
3002,2022/10/7 3:20,131.4556305,47.02332017,5209983.385,458615.4952,6.63016,187.8,TRUE,5.3,400,300
3003,2022/10/7 3:20,131.455624,47.02324767,5209975.328,458614.945,7.05612,183.5,TRUE,5.3,400,300
3004,2022/10/7 3:20,131.4556275,47.02317733,5209967.507,458615.1567,7.29688,181.2,TRUE,5.3,400,300
3005,2022/10/7 3:20,131.4556188,47.02309933,5209958.84,458614.4351,7.2228,180.3,TRUE,5.3,400,300
3006,2022/10/7 3:20,131.4556148,47.0230235,5209950.412,458614.0724,7.20428,184.5,TRUE,5.3,400,300
3007,2022/10/7 3:20,131.4556142,47.02294333,5209941.5,458613.9648,7.61172,184.3,TRUE,5.3,400,300
3008,2022/10/7 3:20,131.4556013,47.02285883,5209932.113,458612.9188,7.61172,187.1,TRUE,5.3,393,300
3009,2022/10/7 3:20,131.4555913,47.0227775,5209923.076,458612.0957,8.01916,185.3,TRUE,5.3,400,300
3010,2022/10/7 3:20,131.4555855,47.0227045,5209914.964,458611.5983,7.48208,184.4,TRUE,5.3,393,300
3011,2022/10/7 3:20,131.4555793,47.02262533,5209906.166,458611.0658,7.2228,184.3,TRUE,5.3,400,300
3012,2022/10/7 3:20,131.4555725,47.02255117,5209897.925,458610.4915,7.75988,184.2,TRUE,5.3,400,300
3013,2022/10/7 3:21,131.4555662,47.02247467,5209889.424,458609.9535,7.11168,186.6,TRUE,5.3,400,300
3014,2022/10/7 3:21,131.4555558,47.02238833,5209879.831,458609.0961,8.13028,179.1,TRUE,5.3,400,300
3015,2022/10/7 3:21,131.4555572,47.0223075,5209870.844,458609.14,7.61172,185,TRUE,5.3,400,300
3016,2022/10/7 3:21,131.4555495,47.02222783,5209861.991,458608.4931,7.408,184.6,TRUE,5.3,400,300
3017,2022/10/7 3:21,131.455541,47.02215017,5209853.362,458607.7868,7.2228,182.3,TRUE,5.3,400,300
3018,2022/10/7 3:21,131.4555293,47.02207117,5209844.586,458606.8363,7.2228,187.5,TRUE,5.3,400,300
3019,2022/10/7 3:21,131.4555133,47.021996,5209836.238,458605.5618,8.07472,187.2,TRUE,5.3,400,300
3020,2022/10/7 3:21,131.4555037,47.02192,5209827.794,458604.7732,8.13028,187.8,TRUE,5.3,400,300
3021,2022/10/7 3:21,131.455486,47.02184317,5209819.262,458603.3682,6.90796,192.5,TRUE,5.3,400,300
3022,2022/10/7 3:21,131.4554685,47.021775,5209811.692,458601.9851,7.92656,186.7,TRUE,5.3,400,300
3023,2022/10/7 3:21,131.4554475,47.02169567,5209802.884,458600.3272,6.13012,191.4,TRUE,5.3,400,300
3024,2022/10/7 3:21,131.45543,47.02163783,5209796.464,458598.9521,5.14856,186.8,TRUE,5.3,400,300
3025,2022/10/7 3:21,131.4554325,47.02158717,5209790.83,458599.103,5.05596,203.3,TRUE,5.3,151,300
3026,2022/10/7 3:21,131.45539,47.02155517,5209787.295,458595.8472,3.00024,263.9,FALSE,5.3,0,300
3027,2022/10/7 3:21,131.4553982,47.02155617,5209787.402,458596.4713,5.57452,88.4,FALSE,5.3,0,300
3028,2022/10/7 3:22,131.455478,47.02155517,5209787.249,458602.5374,5.8338,89.5,FALSE,5.3,0,300
3029,2022/10/7 3:22,131.4555758,47.021554,5209787.067,458609.9717,5.20412,115.9,FALSE,5.3,0,300
3030,2022/10/7 3:22,131.4555932,47.02153933,5209785.427,458611.2832,0,0,FALSE,5.3,0,300
3031,2022/10/7 3:22,131.4555935,47.02153933,5209785.427,458611.306,0,0,FALSE,5.3,0,300
3032,2022/10/7 3:22,131.4555757,47.02156983,5209788.827,458609.9764,5.1856,0.9,FALSE,5.3,0,300
3033,2022/10/7 3:22,131.4555688,47.021585,5209790.517,458609.4635,3.59288,11.7,TRUE,5.3,233,300
3034,2022/10/7 3:22,131.455584,47.0216335,5209795.901,458610.6566,4.87076,12.7,TRUE,5.3,371,300
3035,2022/10/7 3:22,131.4556007,47.02167667,5209800.691,458611.9596,6.1116,4.2,TRUE,5.3,400,300
3036,2022/10/7 3:22,131.4556142,47.02173067,5209806.687,458613.0276,6.16716,11,TRUE,5.3,400,300
3037,2022/10/7 3:22,131.455623,47.02179133,5209813.426,458613.7435,6.40792,9.8,TRUE,5.3,400,300
3038,2022/10/7 3:22,131.4556348,47.021856,5209820.609,458614.6906,7.18576,8.6,TRUE,5.3,400,300
3039,2022/10/7 3:22,131.4556423,47.021924,5209828.165,458615.3133,7.48208,8.1,TRUE,5.3,400,300
3040,2022/10/7 3:22,131.4556545,47.021998,5209836.385,458616.298,7.92656,8.3,TRUE,5.3,400,300
3041,2022/10/7 3:22,131.4556642,47.02206383,5209843.699,458617.0863,7.37096,10.1,TRUE,5.3,400,300
3042,2022/10/7 3:23,131.4556657,47.0221375,5209851.888,458617.2573,8.48216,5,TRUE,5.3,400,300
3043,2022/10/7 3:23,131.4556692,47.02222767,5209861.91,458617.5931,8.48216,4.7,TRUE,5.3,400,300
3044,2022/10/7 3:23,131.455679,47.02230967,5209871.021,458618.4015,7.704319,5.6,TRUE,5.3,400,300
3045,2022/10/7 3:23,131.4556862,47.02238283,5209879.15,458619.0054,6.98204,6.3,TRUE,5.3,400,300
3046,2022/10/7 3:23,131.4556952,47.0224475,5209886.335,458619.7395,7.889521,3.2,TRUE,5.3,400,300
3047,2022/10/7 3:23,131.4557087,47.0225235,5209894.777,458620.8246,7.53764,1.2,TRUE,5.3,400,300
3048,2022/10/7 3:23,131.4557105,47.0226005,5209903.336,458621.0209,7.27836,2.5,TRUE,5.3,400,300
3049,2022/10/7 3:23,131.4557167,47.02268017,5209912.19,458621.5538,8.1488,8.1,TRUE,5.3,400,300
3050,2022/10/7 3:23,131.4557255,47.02274833,5209919.763,458622.2755,7.55616,4.9,TRUE,5.3,400,300
3051,2022/10/7 3:23,131.455728,47.02282733,5209928.544,458622.5266,8.2414,5.5,TRUE,5.3,400,300
3052,2022/10/7 3:23,131.4557392,47.022897,5209936.283,458623.4319,6.35236,1.7,TRUE,5.3,400,300
3053,2022/10/7 3:23,131.4557493,47.022976,5209945.06,458624.2608,8.334,4.8,TRUE,5.3,400,300
3054,2022/10/7 3:23,131.4557652,47.02305767,5209954.131,458625.5326,7.6858,3.9,TRUE,5.3,400,300
3055,2022/10/7 3:23,131.4557708,47.023132,5209962.392,458626.0158,7.64876,4.2,TRUE,5.3,377,300
3056,2022/10/7 3:23,131.4557705,47.02321133,5209971.211,458626.0543,6.96352,359,TRUE,5.3,400,300
3057,2022/10/7 3:24,131.4557712,47.02328717,5209979.642,458626.1661,7.53764,0.6,TRUE,5.3,400,300
3058,2022/10/7 3:24,131.4557805,47.02336017,5209987.752,458626.9295,7.61172,11.2,TRUE,5.3,400,300
3059,2022/10/7 3:24,131.4557845,47.02343217,5209995.755,458627.2892,8.40808,3.6,TRUE,5.3,400,300
3060,2022/10/7 3:24,131.4557867,47.02351317,5210004.758,458627.519,7.07464,1.1,TRUE,5.3,400,300
3061,2022/10/7 3:24,131.4557868,47.02359433,5210013.781,458627.5893,7.5932,4.3,TRUE,5.3,400,300
3062,2022/10/7 3:24,131.4557985,47.02366767,5210021.928,458628.5355,6.87092,6.5,TRUE,5.3,400,300
3063,2022/10/7 3:24,131.455802,47.0237385,5210029.8,458628.8563,7.72284,8.1,TRUE,5.3,400,300
3064,2022/10/7 3:24,131.4558058,47.023817,5210038.525,458629.2058,7.20428,359.9,TRUE,5.3,400,300
3065,2022/10/7 3:24,131.4558042,47.02388967,5210046.605,458629.1403,7.408,359.1,TRUE,5.3,400,300
3066,2022/10/7 3:24,131.4558085,47.023962,5210054.644,458629.5231,6.74128,8.7,TRUE,5.3,400,300
3067,2022/10/7 3:24,131.4558163,47.0240285,5210062.032,458630.1674,7.18576,7.3,TRUE,5.3,400,300
3068,2022/10/7 3:24,131.4558288,47.0241055,5210070.586,458631.1772,7.63024,7.6,TRUE,5.3,400,300
3069,2022/10/7 3:24,131.455834,47.0241825,5210079.143,458631.632,6.16716,6.3,TRUE,5.3,374,300
3070,2022/10/7 3:24,131.4558308,47.02425167,5210086.835,458631.4421,7.3154,3.4,TRUE,5.3,398,300
3071,2022/10/7 3:24,131.4558395,47.02432167,5210094.612,458632.1576,7.48208,4.6,TRUE,5.3,400,300
3072,2022/10/7 3:25,131.4558385,47.0243975,5210103.043,458632.1402,8.389561,3.5,TRUE,5.3,400,300
3073,2022/10/7 3:25,131.4558453,47.0244745,5210111.599,458632.7166,7.2228,8.1,TRUE,5.3,400,300
3074,2022/10/7 3:25,131.4558577,47.02455233,5210120.245,458633.7194,7.463561,5.8,TRUE,5.3,400,300
3075,2022/10/7 3:25,131.4558698,47.02462367,5210128.17,458634.6943,8.185841,4.1,TRUE,5.3,400,300
3076,2022/10/7 3:25,131.4558717,47.02470767,5210137.507,458634.9037,6.03752,7.3,TRUE,5.3,400,300
3077,2022/10/7 3:25,131.4558692,47.02477917,5210145.457,458634.7688,8.37104,4.3,TRUE,5.3,400,300
3078,2022/10/7 3:25,131.4558772,47.0248565,5210154.05,458635.4367,7.29688,8.6,TRUE,5.3,400,300
3079,2022/10/7 3:25,131.455882,47.02492733,5210161.922,458635.8564,7.408,8.7,TRUE,5.3,400,300
3080,2022/10/7 3:25,131.455882,47.02501533,5210171.705,458635.9243,7.09316,6.2,TRUE,5.3,400,300
3081,2022/10/7 3:25,131.4558977,47.02509333,5210180.368,458637.1781,8.46364,5.4,TRUE,5.3,400,300
3082,2022/10/7 3:25,131.4558997,47.02517033,5210188.927,458637.3896,7.3154,2.3,TRUE,5.3,400,300
3083,2022/10/7 3:25,131.4559175,47.02522617,5210195.125,458638.7859,4.87076,347.3,TRUE,5.3,400,300
3084,2022/10/7 3:25,131.4559278,47.02527117,5210200.122,458639.6037,5.35228,2.8,TRUE,5.3,400,300
3085,2022/10/7 3:25,131.4559475,47.0253175,5210205.262,458641.137,5.51896,24.4,TRUE,5.3,191,300
3086,2022/10/7 3:25,131.4559972,47.02533983,5210207.719,458644.9325,3.66696,77.2,FALSE,5.3,0,300
3087,2022/10/7 3:26,131.4560117,47.0253395,5210207.674,458646.0345,4.59296,274,FALSE,5.3,0,300
3088,2022/10/7 3:26,131.455914,47.02534683,5210208.541,458638.613,5.57452,280.3,FALSE,5.3,0,300
3089,2022/10/7 3:26,131.4558772,47.0253565,5210209.635,458635.823,1.88904,112.3,FALSE,5.3,0,300
3090,2022/10/7 3:26,131.4559238,47.0253435,5210208.165,458639.3555,3.75956,137.5,FALSE,5.3,0,300
3091,2022/10/7 3:26,131.455935,47.02530983,5210204.416,458640.1809,5.24116,183.2,FALSE,5.3,0,300
3092,2022/10/7 3:26,131.4559337,47.02527317,5210200.342,458640.0537,0,175.4,FALSE,5.3,0,300
3093,2022/10/7 3:26,131.455937,47.02527617,5210200.673,458640.3069,5.1856,193.1,TRUE,5.3,400,300
3094,2022/10/7 3:26,131.4559125,47.0252275,5210195.276,458638.4068,4.87076,194.3,TRUE,5.3,400,300
3095,2022/10/7 3:26,131.455907,47.02518167,5210190.184,458637.9533,4.79668,183.2,TRUE,5.3,398,300
3096,2022/10/7 3:26,131.4558945,47.02512517,5210183.909,458636.9594,6.2042,185.7,TRUE,5.3,400,300
3097,2022/10/7 3:26,131.4558868,47.02504217,5210174.686,458636.31,7.05612,185.1,TRUE,5.3,400,300
3098,2022/10/7 3:26,131.4558792,47.02496833,5210166.481,458635.6752,7.72284,186.6,TRUE,5.3,400,300
3099,2022/10/7 3:26,131.4558778,47.02488767,5210157.515,458635.5064,8.4266,184.9,TRUE,5.3,400,300
3100,2022/10/7 3:26,131.4558752,47.02480467,5210148.289,458635.2447,7.871,184.5,TRUE,5.3,400,300
3101,2022/10/7 3:26,131.4558713,47.02472383,5210139.304,458634.8857,7.74136,189.9,TRUE,5.3,400,300
3102,2022/10/7 3:27,131.4558727,47.02464267,5210130.28,458634.9295,7.63024,186.5,TRUE,5.3,400,300
3103,2022/10/7 3:27,131.455866,47.02456617,5210121.779,458634.361,7.27836,189.6,TRUE,5.3,395,300
3104,2022/10/7 3:27,131.4558613,47.02448383,5210112.628,458633.9401,6.482,189.6,TRUE,5.3,374,300
3105,2022/10/7 3:27,131.4558598,47.02440833,5210104.235,458633.7678,7.53764,186.4,TRUE,5.3,400,300
3106,2022/10/7 3:27,131.4558472,47.0243425,5210096.924,458632.7591,7.6858,188.2,TRUE,5.3,400,300
3107,2022/10/7 3:27,131.4558455,47.0242625,5210088.031,458632.568,7.1302,181.5,TRUE,5.3,400,300
3108,2022/10/7 3:27,131.4558502,47.02418267,5210079.154,458632.8637,7.92656,188.8,TRUE,5.3,394,300
3109,2022/10/7 3:27,131.4558277,47.02410017,5210069.994,458631.0894,7.63024,186.8,TRUE,5.3,372,300
3110,2022/10/7 3:27,131.4558197,47.02402217,5210061.327,458630.421,7.18576,183.8,TRUE,5.3,400,300
3111,2022/10/7 3:27,131.4558222,47.02394433,5210052.672,458630.5509,7.42652,184.9,TRUE,5.3,400,300
3112,2022/10/7 3:27,131.4558188,47.02386417,5210043.762,458630.2305,7.6858,179.9,TRUE,5.3,400,300
3113,2022/10/7 3:27,131.4558205,47.02378067,5210034.479,458630.2953,7.33392,186.1,TRUE,5.3,399,300
3114,2022/10/7 3:27,131.4558143,47.023701,5210025.625,458629.7624,8.44512,186.1,TRUE,5.3,400,300
3115,2022/10/7 3:27,131.4558082,47.02361633,5210016.215,458629.2332,8.48216,187.3,TRUE,5.3,400,300
3116,2022/10/7 3:27,131.455797,47.023534,5210007.069,458628.3182,8.1488,187.6,TRUE,5.3,400,300
3117,2022/10/7 3:28,131.4557872,47.0234545,5209998.236,458627.5117,8.29696,187,TRUE,5.3,400,300
3118,2022/10/7 3:28,131.4557753,47.02336617,5209988.422,458626.5388,8.55624,189.6,TRUE,5.3,400,300
3119,2022/10/7 3:28,131.45577,47.02328783,5209979.716,458626.0754,8.44512,183,TRUE,5.3,400,300
3120,2022/10/7 3:28,131.455763,47.02320783,5209970.826,458625.4814,7.25984,186.9,TRUE,5.3,400,300
3121,2022/10/7 3:28,131.4557697,47.02313633,5209962.874,458625.9355,7.63024,188.4,TRUE,5.3,400,300
3122,2022/10/7 3:28,131.4557577,47.02304883,5209953.153,458624.9556,7.5006,190.7,TRUE,5.3,395,300
3123,2022/10/7 3:28,131.4557443,47.0229715,5209944.563,458623.8772,7.38948,191.7,TRUE,5.3,400,300
3124,2022/10/7 3:28,131.4557388,47.022901,5209936.728,458623.4046,8.07472,185.3,TRUE,5.3,400,300
3125,2022/10/7 3:28,131.4557302,47.02281567,5209927.246,458622.6848,7.09316,191.5,TRUE,5.3,400,300
3126,2022/10/7 3:28,131.4557243,47.02273733,5209918.54,458622.1758,7.778399,186,TRUE,5.3,400,300
3127,2022/10/7 3:28,131.4557235,47.02265267,5209909.129,458622.0495,7.5006,186.7,TRUE,5.3,400,300
3128,2022/10/7 3:28,131.4557165,47.02257583,5209900.59,458621.458,6.50052,189.6,TRUE,5.3,389,300
3129,2022/10/7 3:28,131.4556947,47.02250283,5209892.486,458619.7443,7.74136,185.4,TRUE,5.3,400,300
3130,2022/10/7 3:28,131.4556867,47.022428,5209884.172,458619.0783,8.48216,190.1,TRUE,5.3,400,300
3131,2022/10/7 3:28,131.4556918,47.0223505,5209875.553,458619.4061,7.81544,185.7,TRUE,5.3,400,300
3132,2022/10/7 3:29,131.4556865,47.02226317,5209865.848,458618.9357,8.20436,184.5,TRUE,5.3,400,300
3133,2022/10/7 3:29,131.455678,47.0221865,5209857.329,458618.2303,7.79692,186,TRUE,5.3,400,300
3134,2022/10/7 3:29,131.4556668,47.022107,5209848.496,458617.3173,7.09316,182.7,TRUE,5.3,400,300
3135,2022/10/7 3:29,131.4556585,47.02202917,5209839.848,458616.6262,7.74136,185.9,TRUE,5.3,400,300
3136,2022/10/7 3:29,131.4556368,47.02195733,5209831.873,458614.921,8.2414,180.5,TRUE,5.3,400,300
3137,2022/10/7 3:29,131.4556285,47.02187733,5209822.984,458614.2281,7.51912,191.4,TRUE,5.3,400,300
3138,2022/10/7 3:29,131.4556063,47.021803,5209814.732,458612.4829,6.945,196,TRUE,5.3,400,300
3139,2022/10/7 3:29,131.455588,47.02172283,5209805.83,458611.0297,7.5006,191.1,TRUE,5.3,400,300
3140,2022/10/7 3:29,131.455585,47.02164967,5209797.698,458610.7451,5.1856,196.2,TRUE,5.3,373,300
3141,2022/10/7 3:29,131.4555855,47.0215945,5209791.564,458610.7405,5.98196,178.8,TRUE,5.3,250,300
3142,2022/10/7 3:29,131.4556578,47.0215435,5209785.856,458616.1977,6.03752,110.8,FALSE,5.3,0,300
3143,2022/10/7 3:29,131.4557237,47.02153667,5209785.062,458621.2025,0,90.3,FALSE,5.3,0,300
3144,2022/10/7 3:29,131.4556757,47.02152667,5209783.976,458617.5455,5.44488,262.2,FALSE,5.3,0,300
3145,2022/10/7 3:29,131.4556158,47.02152117,5209783.396,458612.9874,0,262.5,FALSE,5.3,0,300
3146,2022/10/7 3:29,131.4556193,47.021523,5209783.598,458613.2549,0,0,FALSE,5.3,0,300
3147,2022/10/7 3:30,131.455619,47.02152433,5209783.746,458613.2331,0,0,FALSE,5.3,0,300
3148,2022/10/7 3:30,131.4556188,47.021526,5209783.931,458613.2192,0,0,FALSE,5.3,0,300
3149,2022/10/7 3:30,131.4556197,47.0215255,5209783.875,458613.2872,0,0,FALSE,5.3,0,300
3150,2022/10/7 3:30,131.455619,47.02152667,5209784.006,458613.2349,0,0,FALSE,5.3,0,300
3151,2022/10/7 3:30,131.455619,47.02152717,5209784.061,458613.2353,0,0,FALSE,5.3,0,300
3152,2022/10/7 3:30,131.4556188,47.02152783,5209784.135,458613.2206,0,0,FALSE,5.3,0,300
3153,2022/10/7 3:30,131.4556195,47.02152783,5209784.135,458613.2738,0,0,FALSE,5.3,0,300
3154,2022/10/7 3:30,131.4556195,47.0215285,5209784.209,458613.2743,0,0,FALSE,5.3,0,300
3155,2022/10/7 3:30,131.4556197,47.02152867,5209784.228,458613.2897,0,0,FALSE,5.3,0,300
3156,2022/10/7 3:30,131.4556207,47.02152983,5209784.356,458613.3666,0,0,FALSE,5.3,0,300
3157,2022/10/7 3:30,131.4556212,47.02153033,5209784.412,458613.405,0,0,FALSE,5.3,0,300
3158,2022/10/7 3:30,131.4556218,47.021531,5209784.486,458613.4511,0,0,FALSE,5.3,0,300
3159,2022/10/7 3:30,131.4556222,47.02153133,5209784.522,458613.4818,0,0,FALSE,5.3,0,300
3160,2022/10/7 3:30,131.4556213,47.0215315,5209784.542,458613.4135,0,0,FALSE,5.3,0,300
3161,2022/10/7 3:30,131.4556217,47.02153183,5209784.578,458613.4442,0,0,FALSE,5.3,0,300
3162,2022/10/7 3:31,131.4556218,47.02153217,5209784.616,458613.452,0,0,FALSE,5.3,0,300
3163,2022/10/7 3:31,131.4556217,47.02153233,5209784.634,458613.4445,0,0,FALSE,5.3,0,300
3164,2022/10/7 3:31,131.4556212,47.02153217,5209784.616,458613.4064,0,0,FALSE,5.3,0,300
3165,2022/10/7 3:31,131.4556208,47.02153183,5209784.579,458613.3757,0,0,FALSE,5.3,0,300
3166,2022/10/7 3:31,131.4556202,47.0215315,5209784.542,458613.3299,0,0,FALSE,5.3,0,300
3167,2022/10/7 3:31,131.4556197,47.02153117,5209784.506,458613.2916,0,0,FALSE,5.3,0,300
3168,2022/10/7 3:31,131.4556195,47.02153117,5209784.506,458613.2764,0,0,FALSE,5.3,0,300
3169,2022/10/7 3:31,131.455619,47.02153083,5209784.468,458613.2381,0,0,FALSE,5.3,0,300
3170,2022/10/7 3:31,131.4556187,47.02153067,5209784.451,458613.2152,0,0,FALSE,5.3,0,300
3171,2022/10/7 3:31,131.4556182,47.02153067,5209784.451,458613.1772,0,0,FALSE,5.3,0,300
3172,2022/10/7 3:31,131.4556177,47.02153033,5209784.413,458613.1389,0,0,FALSE,5.3,0,300
3173,2022/10/7 3:31,131.4556172,47.02153,5209784.377,458613.1006,0,0,FALSE,5.3,0,300
3174,2022/10/7 3:31,131.4556168,47.02153,5209784.377,458613.0702,0,0,FALSE,5.3,0,300
3175,2022/10/7 3:31,131.4556163,47.02153,5209784.377,458613.0322,0,0,FALSE,5.3,0,300
3176,2022/10/7 3:31,131.4556162,47.02153,5209784.378,458613.0246,0,0,FALSE,5.3,0,300
3177,2022/10/7 3:32,131.4556158,47.02153017,5209784.397,458612.9943,0,0,FALSE,5.3,0,300
3178,2022/10/7 3:32,131.4556155,47.02153017,5209784.397,458612.9715,0,0,FALSE,5.3,0,300
3179,2022/10/7 3:32,131.4556148,47.02153,5209784.378,458612.9182,0,0,FALSE,5.3,0,300
3180,2022/10/7 3:32,131.4556147,47.02153017,5209784.397,458612.9107,0,0,FALSE,5.3,0,300
3181,2022/10/7 3:32,131.4556143,47.0215305,5209784.434,458612.8805,0,0,FALSE,5.3,0,300
3182,2022/10/7 3:32,131.455614,47.02153067,5209784.453,458612.8579,0,0,FALSE,5.3,0,300
3183,2022/10/7 3:32,131.4556135,47.02153067,5209784.453,458612.8199,0,0,FALSE,5.3,0,300
3184,2022/10/7 3:32,131.4556132,47.021531,5209784.49,458612.7973,0,0,FALSE,5.3,0,300
3185,2022/10/7 3:32,131.4556132,47.02153117,5209784.509,458612.7974,0,0,FALSE,5.3,0,300
3186,2022/10/7 3:32,131.455613,47.02153133,5209784.527,458612.7824,0,0,FALSE,5.3,0,300
3187,2022/10/7 3:32,131.455613,47.0215315,5209784.546,458612.7825,0,0,FALSE,5.3,0,300
3188,2022/10/7 3:32,131.4556128,47.0215315,5209784.546,458612.7673,0,0,FALSE,5.3,0,300
3189,2022/10/7 3:32,131.4556125,47.02153167,5209784.565,458612.7446,0,0,FALSE,5.3,0,300
3190,2022/10/7 3:32,131.455612,47.0215315,5209784.547,458612.7065,0,0,FALSE,5.3,0,300
3191,2022/10/7 3:32,131.4556113,47.0215315,5209784.547,458612.6532,0,0,FALSE,5.3,0,300
3192,2022/10/7 3:33,131.4556108,47.02153133,5209784.528,458612.6151,0,0,FALSE,5.3,0,300
3193,2022/10/7 3:33,131.455611,47.0215315,5209784.547,458612.6304,0,0,FALSE,5.3,0,300
3194,2022/10/7 3:33,131.4556108,47.02153133,5209784.528,458612.6151,0,0,FALSE,5.3,0,300
3195,2022/10/7 3:33,131.4556103,47.0215315,5209784.547,458612.5772,0,0,FALSE,5.3,0,300
3196,2022/10/7 3:33,131.4556105,47.0215315,5209784.547,458612.5924,0,0,FALSE,5.3,0,300
3197,2022/10/7 3:33,131.4556103,47.0215315,5209784.547,458612.5772,0,0,FALSE,5.3,0,300
3198,2022/10/7 3:33,131.4556103,47.0215315,5209784.547,458612.5772,0,0,FALSE,5.3,0,300
3199,2022/10/7 3:33,131.4556527,47.02154783,5209786.34,458615.8133,5.51896,27.4,FALSE,5.3,0,300
3200,2022/10/7 3:33,131.455696,47.02159133,5209791.153,458619.1388,4.00032,16.7,TRUE,5.3,215,300
3201,2022/10/7 3:33,131.4557333,47.02161033,5209793.246,458621.9892,4.77816,12.5,TRUE,5.3,371,300
3202,2022/10/7 3:33,131.455744,47.0216715,5209800.041,458622.85,5.81528,9,TRUE,5.3,348,300
3203,2022/10/7 3:33,131.4557683,47.02173567,5209807.162,458624.7469,6.27828,10.9,TRUE,5.3,400,300
3204,2022/10/7 3:33,131.4557952,47.02179483,5209813.724,458626.8377,8.185841,9.7,TRUE,5.3,390,300
3205,2022/10/7 3:33,131.45581,47.0218805,5209823.241,458628.0291,7.408,9.2,TRUE,5.3,400,300
3206,2022/10/7 3:33,131.455816,47.021967,5209832.854,458628.552,7.33392,7.3,TRUE,5.3,400,300
3207,2022/10/7 3:34,131.4558375,47.022031,5209839.957,458630.236,8.1488,6.7,TRUE,5.3,400,300
3208,2022/10/7 3:34,131.455845,47.0221065,5209848.347,458630.8645,7.871,8.7,TRUE,5.3,400,300
3209,2022/10/7 3:34,131.4558547,47.02219117,5209857.754,458631.6674,8.07472,4.8,TRUE,5.3,400,300
3210,2022/10/7 3:34,131.4558583,47.02226,5209865.404,458631.9942,8.74144,5.9,TRUE,5.3,400,300
3211,2022/10/7 3:34,131.4558657,47.02235,5209875.406,458632.6263,8.07472,8.9,TRUE,5.3,400,300
3212,2022/10/7 3:34,131.4558843,47.02243533,5209884.882,458634.1063,8.185841,6.9,TRUE,5.3,400,300
3213,2022/10/7 3:34,131.4558883,47.0225085,5209893.015,458634.4669,7.6858,8.7,TRUE,5.3,400,300
3214,2022/10/7 3:34,131.4558965,47.02257883,5209900.829,458635.1446,6.79684,8.9,TRUE,5.3,400,300
3215,2022/10/7 3:34,131.4559085,47.02265333,5209909.105,458636.1144,8.01916,3.2,TRUE,5.3,400,300
3216,2022/10/7 3:34,131.455896,47.0227455,5209919.358,458635.2353,7.35244,4.4,TRUE,5.3,400,300
3217,2022/10/7 3:34,131.4559038,47.02283067,5209928.822,458635.8941,7.74136,6.1,TRUE,5.3,400,300
3218,2022/10/7 3:34,131.4559277,47.022905,5209937.073,458637.7685,7.51912,7,TRUE,5.3,400,300
3219,2022/10/7 3:34,131.4559363,47.022973,5209944.628,458638.4748,8.40808,8.4,TRUE,5.3,400,300
3220,2022/10/7 3:34,131.4559415,47.02305533,5209953.778,458638.9337,7.5932,6.4,TRUE,5.3,400,300
3221,2022/10/7 3:34,131.4559443,47.02313867,5209963.042,458639.2109,7.16724,8.9,TRUE,5.3,400,300
3222,2022/10/7 3:35,131.4559527,47.023218,5209971.856,458639.9108,8.13028,4.2,TRUE,5.3,400,300
3223,2022/10/7 3:35,131.4559548,47.0232995,5209980.916,458640.1334,7.871,5.5,TRUE,5.3,400,300
3224,2022/10/7 3:35,131.4559648,47.02337983,5209989.841,458640.9556,7.05612,8.3,TRUE,5.3,395,300
3225,2022/10/7 3:35,131.4559728,47.02345867,5209998.601,458641.6247,8.57476,4,TRUE,5.3,400,300
3226,2022/10/7 3:35,131.4559765,47.0235385,5210007.474,458641.9677,8.01916,6.5,TRUE,5.3,400,300
3227,2022/10/7 3:35,131.4559732,47.02362733,5210017.351,458641.7854,8.77848,2.9,TRUE,5.3,400,300
3228,2022/10/7 3:35,131.4559752,47.02371383,5210026.966,458642.0042,8.20436,7.9,TRUE,5.3,400,300
3229,2022/10/7 3:35,131.4559678,47.02380517,5210037.125,458641.5122,8.25992,4.4,TRUE,5.3,397,300
3230,2022/10/7 3:35,131.4559717,47.02388183,5210045.645,458641.8679,7.66728,2.2,TRUE,5.3,400,300
3231,2022/10/7 3:35,131.4559895,47.02395883,5210054.196,458643.2806,7.871,7.1,TRUE,5.3,400,300
3232,2022/10/7 3:35,131.4560097,47.02402483,5210061.522,458644.8672,7.75988,7.1,TRUE,5.3,400,300
3233,2022/10/7 3:35,131.4560147,47.024101,5210069.988,458645.3061,7.38948,5.5,TRUE,5.3,400,300
3234,2022/10/7 3:35,131.456007,47.02418017,5210078.793,458644.7819,7.704319,10.4,TRUE,5.3,400,300
3235,2022/10/7 3:35,131.4560213,47.02425733,5210087.363,458645.9286,7.37096,0.9,TRUE,5.3,400,300
3236,2022/10/7 3:35,131.4560178,47.02433983,5210096.537,458645.7262,7.852479,6.8,TRUE,5.3,400,300
3237,2022/10/7 3:36,131.4560207,47.0244145,5210104.836,458646.0043,9.05628,7.6,TRUE,5.3,386,300
3238,2022/10/7 3:36,131.4560238,47.02450317,5210114.692,458646.3085,7.51912,10.3,TRUE,5.3,400,300
3239,2022/10/7 3:36,131.4560347,47.0245695,5210122.061,458647.1883,7.18576,7.4,TRUE,5.3,400,300
3240,2022/10/7 3:36,131.4560323,47.02464583,5210130.547,458647.0648,6.8524,4.3,TRUE,5.3,400,300
3241,2022/10/7 3:36,131.4560498,47.02471117,5210137.802,458648.4456,7.35244,3.2,TRUE,5.3,400,300
3242,2022/10/7 3:36,131.4560665,47.024785,5210146.001,458649.7722,6.7598,359.8,TRUE,5.3,400,300
3243,2022/10/7 3:36,131.4560662,47.02485233,5210153.486,458649.8014,6.27828,5.1,TRUE,5.3,400,300
3244,2022/10/7 3:36,131.4560518,47.02492667,5210161.758,458648.7641,7.16724,9.9,TRUE,5.3,397,300
3245,2022/10/7 3:36,131.4560622,47.025008,5210170.794,458649.6175,8.1488,8.9,TRUE,5.3,400,300
3246,2022/10/7 3:36,131.4560568,47.025102,5210181.247,458649.2796,7.74136,7.5,TRUE,5.3,400,300
3247,2022/10/7 3:36,131.4560753,47.02519317,5210191.373,458650.7564,7.408,8.4,TRUE,5.3,400,300
3248,2022/10/7 3:36,131.4560865,47.02526967,5210199.872,458651.6669,6.13012,5.6,TRUE,5.3,400,300
3249,2022/10/7 3:36,131.4561007,47.02532583,5210206.108,458652.7897,5.53748,0.7,TRUE,5.3,400,300
3250,2022/10/7 3:36,131.4561158,47.0253645,5210210.399,458653.9675,5.05596,50.3,FALSE,5.3,0,300
3251,2022/10/7 3:36,131.4561572,47.02537483,5210211.525,458657.1227,1.27788,85.4,FALSE,5.3,0,300
3252,2022/10/7 3:37,131.4561042,47.02537717,5210211.813,458653.0954,5.87084,272.8,FALSE,5.3,0,300
3253,2022/10/7 3:37,131.4560123,47.02537967,5210212.14,458646.1111,0.85192,279,FALSE,5.3,0,300
3254,2022/10/7 3:37,131.4560492,47.02535667,5210209.563,458648.8985,4.64852,134.7,FALSE,5.3,0,300
3255,2022/10/7 3:37,131.4560842,47.02531533,5210204.949,458651.5273,5.31524,169.3,FALSE,5.3,0,300
3256,2022/10/7 3:37,131.4560903,47.02527583,5210200.555,458651.9605,4.11144,182.1,TRUE,5.3,400,300
3257,2022/10/7 3:37,131.4560823,47.02523783,5210196.334,458651.323,4.66704,184,TRUE,5.3,400,300
3258,2022/10/7 3:37,131.4560738,47.02518133,5210190.058,458650.6332,5.31524,185.5,TRUE,5.3,400,300
3259,2022/10/7 3:37,131.4560628,47.02511183,5210182.337,458649.7433,6.50052,178.4,TRUE,5.3,400,300
3260,2022/10/7 3:37,131.4560648,47.02503333,5210173.609,458649.8347,7.63024,182,TRUE,5.3,400,300
3261,2022/10/7 3:37,131.4560708,47.024958,5210165.231,458650.2327,7.20428,186.1,TRUE,5.3,400,300
3262,2022/10/7 3:37,131.4560633,47.02488517,5210157.139,458649.6063,7.72284,186.3,TRUE,5.3,400,300
3263,2022/10/7 3:37,131.4560527,47.02481117,5210148.918,458648.7433,6.945,180.2,TRUE,5.3,400,300
3264,2022/10/7 3:37,131.4560398,47.024738,5210140.79,458647.7062,7.889521,188.1,TRUE,5.3,400,300
3265,2022/10/7 3:37,131.4560302,47.0246525,5210131.29,458646.9103,8.797,186.8,TRUE,5.3,400,300
3266,2022/10/7 3:37,131.456024,47.0245815,5210123.4,458646.3842,6.92648,185.7,TRUE,5.3,400,300
3267,2022/10/7 3:38,131.4560107,47.024504,5210114.792,458645.3132,6.00048,189,TRUE,5.3,400,300
3268,2022/10/7 3:38,131.4560092,47.02443733,5210107.381,458645.1477,7.64876,184.9,TRUE,5.3,400,300
3269,2022/10/7 3:38,131.4560178,47.02436133,5210098.927,458645.7428,7.16724,180.6,TRUE,5.3,400,300
3270,2022/10/7 3:38,131.4560175,47.02428833,5210090.812,458645.6636,7.2228,183.5,TRUE,5.3,400,300
3271,2022/10/7 3:38,131.4559992,47.02421983,5210083.206,458644.2195,7.463561,186.1,TRUE,5.3,400,300
3272,2022/10/7 3:38,131.4559968,47.02414967,5210075.408,458643.9829,7.778399,183.1,TRUE,5.3,400,300
3273,2022/10/7 3:38,131.4559967,47.02407133,5210066.699,458643.9148,7.42652,181.5,TRUE,5.3,400,300
3274,2022/10/7 3:38,131.4559832,47.02398917,5210057.572,458642.8251,7.37096,181.5,TRUE,5.3,399,300
3275,2022/10/7 3:38,131.4559842,47.02391367,5210049.178,458642.8428,7.889521,185.3,TRUE,5.3,400,300
3276,2022/10/7 3:38,131.4559855,47.02382717,5210039.561,458642.8748,7.25984,180.7,TRUE,5.3,400,300
3277,2022/10/7 3:38,131.455989,47.02375333,5210031.35,458643.0838,7.51912,185.4,TRUE,5.3,400,300
3278,2022/10/7 3:38,131.4559788,47.023677,5210022.87,458642.2495,6.92648,185.8,TRUE,5.3,395,300
3279,2022/10/7 3:38,131.4559632,47.02359483,5210013.743,458641.0001,6.55608,185.3,TRUE,5.3,400,300
3280,2022/10/7 3:38,131.4559592,47.02352283,5210005.741,458640.6404,6.63016,184.8,TRUE,5.3,400,300
3281,2022/10/7 3:38,131.4559612,47.02344867,5209997.496,458640.7351,7.94508,182.7,TRUE,5.3,400,300
3282,2022/10/7 3:39,131.4559543,47.02337533,5209989.346,458640.1539,9.05628,181.7,TRUE,5.3,400,300
3283,2022/10/7 3:39,131.4559418,47.02328817,5209979.663,458639.1363,6.7598,182,TRUE,5.3,400,300
3284,2022/10/7 3:39,131.455935,47.023212,5209971.199,458638.5605,8.46364,180.4,TRUE,5.3,400,300
3285,2022/10/7 3:39,131.45592,47.02314483,5209963.739,458637.3683,7.01908,178,TRUE,5.3,400,300
3286,2022/10/7 3:39,131.4559135,47.02307117,5209955.554,458636.8173,7.98212,182.9,TRUE,5.3,400,300
3287,2022/10/7 3:39,131.4559147,47.0229995,5209947.586,458636.8532,8.01916,186.2,TRUE,5.3,400,300
3288,2022/10/7 3:39,131.4559063,47.02293067,5209939.938,458636.1614,7.33392,187,TRUE,5.3,400,300
3289,2022/10/7 3:39,131.4559103,47.02284833,5209930.782,458636.4019,7.53764,188.8,TRUE,5.3,400,300
3290,2022/10/7 3:39,131.4559065,47.022776,5209922.743,458636.0571,7.27836,181.9,TRUE,5.3,400,300
3291,2022/10/7 3:39,131.4559042,47.02269933,5209914.221,458635.8231,7.53764,185.8,TRUE,5.3,400,300
3292,2022/10/7 3:39,131.4558987,47.0226235,5209905.794,458635.3464,7.09316,181.5,TRUE,5.3,400,300
3293,2022/10/7 3:39,131.4558817,47.02254417,5209896.983,458633.9927,7.704319,182.8,TRUE,5.3,400,300
3294,2022/10/7 3:39,131.455868,47.02245767,5209887.374,458632.8843,7.852479,183.6,TRUE,5.3,400,300
3295,2022/10/7 3:39,131.455853,47.02237367,5209878.044,458631.6791,6.90796,182.9,TRUE,5.3,400,300
3296,2022/10/7 3:39,131.4558503,47.02230167,5209870.041,458631.4182,6.44496,186.6,TRUE,5.3,400,300
3297,2022/10/7 3:40,131.455849,47.0222325,5209862.352,458631.2659,7.38948,188.7,TRUE,5.3,394,300
3298,2022/10/7 3:40,131.4558498,47.02216117,5209854.422,458631.2717,8.27844,188.1,TRUE,5.3,400,300
3299,2022/10/7 3:40,131.4558402,47.0220805,5209845.459,458630.4795,7.44504,189.7,TRUE,5.3,400,300
3300,2022/10/7 3:40,131.4558158,47.0220025,5209836.8,458628.5643,7.29688,187,TRUE,5.3,400,300
3301,2022/10/7 3:40,131.4558072,47.02192133,5209827.781,458627.8477,6.44496,182.2,TRUE,5.3,400,300
3302,2022/10/7 3:40,131.4557937,47.02183533,5209818.228,458626.755,7.64876,190.8,TRUE,5.3,400,300
3303,2022/10/7 3:40,131.4557622,47.02176067,5209809.944,458624.3025,7.07464,193.5,TRUE,5.3,400,300
3304,2022/10/7 3:40,131.4557495,47.02168533,5209801.575,458623.2788,5.88936,191.7,TRUE,5.3,400,300
3305,2022/10/7 3:40,131.4557453,47.0216235,5209794.704,458622.9117,4.61148,191.8,TRUE,5.3,396,300
3306,2022/10/7 3:40,131.4557433,47.0215785,5209789.702,458622.7249,4.83372,208.8,TRUE,5.3,84,300
3307,2022/10/7 3:40,131.4556888,47.02156917,5209788.694,458618.5743,2.9632,257.7,FALSE,5.3,0,300
3308,2022/10/7 3:40,131.4557042,47.02157967,5209789.853,458619.7532,5.48192,75.8,FALSE,5.3,0,300
3309,2022/10/7 3:40,131.4557882,47.02160317,5209792.421,458626.1575,5.05596,74.3,FALSE,5.3,0,300
3310,2022/10/7 3:40,131.4558608,47.02161533,5209793.735,458631.6863,5.29672,78.8,FALSE,5.3,0,300
3311,2022/10/7 3:40,131.455949,47.02160233,5209792.243,458638.3817,2.0372,98.5,FALSE,5.3,0,300
3312,2022/10/7 3:41,131.4559375,47.02160417,5209792.453,458637.5088,5.16708,313.2,FALSE,5.3,0,300
3313,2022/10/7 3:41,131.4559003,47.02163667,5209796.086,458634.7058,4.24108,346,FALSE,5.3,0,300
3314,2022/10/7 3:41,131.455915,47.0216785,5209800.729,458635.8556,5.72268,13.8,TRUE,5.3,259,300
3315,2022/10/7 3:41,131.4559382,47.02171283,5209804.533,458637.6459,5.59304,17.4,TRUE,5.3,396,300
3316,2022/10/7 3:41,131.4559523,47.02178317,5209812.345,458638.7722,6.70424,7.8,TRUE,5.3,368,300
3317,2022/10/7 3:41,131.4559545,47.02184767,5209819.514,458638.9893,6.14864,12.8,TRUE,5.3,400,300
3318,2022/10/7 3:41,131.4559715,47.02191317,5209826.787,458640.3323,7.16724,8.8,TRUE,5.3,386,300
3319,2022/10/7 3:41,131.4559877,47.02198783,5209835.079,458641.6215,7.889521,3.6,TRUE,5.3,400,300
3320,2022/10/7 3:41,131.456002,47.022076,5209844.873,458642.7768,7.81544,13.9,TRUE,5.3,396,300
3321,2022/10/7 3:41,131.4560123,47.02214433,5209852.464,458643.6126,7.98212,6.6,TRUE,5.3,400,300
3322,2022/10/7 3:41,131.4560168,47.02221783,5209860.633,458644.0115,7.75988,7,TRUE,5.3,400,300
3323,2022/10/7 3:41,131.4560333,47.02228783,5209868.406,458645.3199,8.40808,9.4,TRUE,5.3,400,300
3324,2022/10/7 3:41,131.4560457,47.02236933,5209877.46,458646.3256,8.185841,4.4,TRUE,5.3,400,300
3325,2022/10/7 3:41,131.4560573,47.02244167,5209885.496,458647.2633,7.408,4.9,TRUE,5.3,400,300
3326,2022/10/7 3:41,131.4560565,47.02252633,5209894.908,458647.2679,8.2414,4.5,TRUE,5.3,400,300
3327,2022/10/7 3:42,131.4560588,47.0225965,5209902.708,458647.4969,8.20436,7.3,TRUE,5.3,400,300
3328,2022/10/7 3:42,131.4560648,47.02267833,5209911.801,458648.0162,7.61172,7.5,TRUE,5.3,383,300
3329,2022/10/7 3:42,131.4560645,47.02274917,5209919.677,458648.0481,7.05612,7.2,TRUE,5.3,376,300
3330,2022/10/7 3:42,131.4560807,47.022827,5209928.321,458649.3398,8.037681,9,TRUE,5.3,396,300
3331,2022/10/7 3:42,131.4560885,47.0229165,5209938.267,458650.0019,7.98212,5.2,TRUE,5.3,400,300
3332,2022/10/7 3:42,131.4560865,47.02300217,5209947.792,458649.916,8.20436,10.8,TRUE,5.3,400,300
3333,2022/10/7 3:42,131.4560928,47.02307717,5209956.126,458650.4528,8.6118,6.8,TRUE,5.3,400,300
3334,2022/10/7 3:42,131.4560992,47.02316017,5209965.35,458651.0035,8.46364,6.6,TRUE,5.3,400,300
3335,2022/10/7 3:42,131.4560905,47.02324233,5209974.488,458650.4055,8.185841,9.4,TRUE,5.3,400,300
3336,2022/10/7 3:42,131.4561098,47.02332333,5209983.483,458651.9353,7.66728,7.4,TRUE,5.3,400,300
3337,2022/10/7 3:42,131.4561183,47.02339717,5209991.687,458652.6385,9.11184,9.7,TRUE,5.3,400,300
3338,2022/10/7 3:42,131.456126,47.02348233,5210001.151,458653.2896,7.852479,6.6,TRUE,5.3,400,300
3339,2022/10/7 3:42,131.4561243,47.0235715,5210011.065,458653.2292,8.55624,6,TRUE,5.3,397,300
3340,2022/10/7 3:42,131.4561277,47.0236495,5210019.734,458653.5479,8.871079,5,TRUE,5.3,400,300
3341,2022/10/7 3:42,131.456131,47.02373283,5210028.996,458653.8631,8.27844,4.9,TRUE,5.3,400,300
3342,2022/10/7 3:43,131.4561457,47.0238065,5210037.178,458655.0376,7.51912,2.8,TRUE,5.3,400,300
3343,2022/10/7 3:43,131.456154,47.02388867,5210046.309,458655.732,7.18576,7.3,TRUE,5.3,400,300
3344,2022/10/7 3:43,131.456161,47.0239675,5210055.069,458656.325,8.29696,6.2,TRUE,5.3,397,300
3345,2022/10/7 3:43,131.4561632,47.02405467,5210064.759,458656.5595,8.20436,3.9,TRUE,5.3,400,300
3346,2022/10/7 3:43,131.456176,47.024141,5210074.349,458657.5993,8.40808,8.7,TRUE,5.3,373,300
3347,2022/10/7 3:43,131.4561765,47.024216,5210082.687,458657.6952,8.63032,9.6,TRUE,5.3,400,300
3348,2022/10/7 3:43,131.456178,47.02429067,5210090.987,458657.8669,8.68588,11.8,TRUE,5.3,400,300
3349,2022/10/7 3:43,131.4561888,47.02437833,5210100.727,458658.7556,7.9636,6.1,TRUE,5.3,400,300
3350,2022/10/7 3:43,131.4561935,47.024461,5210109.915,458659.1767,9.11184,10.2,TRUE,5.3,400,300
3351,2022/10/7 3:43,131.4561967,47.02452967,5210117.547,458659.473,8.037681,8.5,TRUE,5.3,400,300
3352,2022/10/7 3:43,131.4561965,47.02461067,5210126.552,458659.5203,6.90796,4.9,TRUE,5.3,400,300
3353,2022/10/7 3:43,131.4562123,47.02468217,5210134.492,458660.7766,9.019239,7.5,TRUE,5.3,400,300
3354,2022/10/7 3:43,131.4562253,47.024777,5210145.028,458661.8381,7.90804,3.9,TRUE,5.3,400,300
3355,2022/10/7 3:43,131.4562203,47.02485417,5210153.61,458661.5176,8.13028,5.2,TRUE,5.3,372,300
3356,2022/10/7 3:43,131.456226,47.02493983,5210163.129,458662.017,7.57468,5.5,TRUE,5.3,400,300
3357,2022/10/7 3:44,131.4562352,47.02500633,5210170.518,458662.7677,7.6858,5.5,TRUE,5.3,400,300
3358,2022/10/7 3:44,131.456243,47.025085,5210179.259,458663.4214,7.871,1.6,TRUE,5.3,400,300
3359,2022/10/7 3:44,131.456252,47.025162,5210187.815,458664.165,6.88944,6.5,TRUE,5.3,398,300
3360,2022/10/7 3:44,131.4562578,47.02523233,5210195.63,458664.6603,6.83388,6.2,TRUE,5.3,400,300
3361,2022/10/7 3:44,131.456257,47.02529783,5210202.912,458664.65,5.57452,3.9,TRUE,5.3,400,300
3362,2022/10/7 3:44,131.4562587,47.02535067,5210208.786,458664.82,5.2782,19.8,TRUE,5.3,213,300
3363,2022/10/7 3:44,131.456285,47.02537567,5210211.551,458666.8386,4.37072,77.2,FALSE,5.3,0,300
3364,2022/10/7 3:44,131.4563072,47.02538717,5210212.818,458668.5352,0,90.3,FALSE,5.3,0,300
3365,2022/10/7 3:44,131.4562377,47.02539133,5210213.317,458663.255,4.27812,282.2,FALSE,5.3,0,300
3366,2022/10/7 3:44,131.4561692,47.02541283,5210215.743,458658.0642,0,283.5,FALSE,5.3,0,300
3367,2022/10/7 3:44,131.4562035,47.02538917,5210213.095,458660.6535,4.92632,148.7,FALSE,5.3,0,300
3368,2022/10/7 3:44,131.4562362,47.02534233,5210207.87,458663.1031,6.13012,169.1,TRUE,5.3,204,300
3369,2022/10/7 3:44,131.4562355,47.02529617,5210202.739,458663.0143,4.74112,179.9,TRUE,5.3,400,300
3370,2022/10/7 3:44,131.4562358,47.02525667,5210198.348,458663.0066,4.83372,181,TRUE,5.3,400,300
3371,2022/10/7 3:44,131.456228,47.02519883,5210191.922,458662.369,6.09308,185.7,TRUE,5.3,400,300
3372,2022/10/7 3:45,131.4562298,47.02513533,5210184.861,458662.4568,6.2042,188,TRUE,5.3,400,300
3373,2022/10/7 3:45,131.4562268,47.02505633,5210176.08,458662.1678,7.24132,182.6,TRUE,5.3,400,300
3374,2022/10/7 3:45,131.4562172,47.02498083,5210167.692,458661.3797,7.18576,192.3,TRUE,5.3,400,300
3375,2022/10/7 3:45,131.4562183,47.0249125,5210160.095,458661.4106,6.88944,186,TRUE,5.3,399,300
3376,2022/10/7 3:45,131.4562043,47.02483483,5210151.468,458660.2863,7.38948,184.9,TRUE,5.3,400,300
3377,2022/10/7 3:45,131.456205,47.02475467,5210142.556,458660.2776,6.61164,184.8,TRUE,5.3,400,300
3378,2022/10/7 3:45,131.4561927,47.02468233,5210134.521,458659.2867,7.408,183.2,TRUE,5.3,400,300
3379,2022/10/7 3:45,131.456173,47.02461683,5210127.249,458657.7386,5.90788,184.3,TRUE,5.3,400,300
3380,2022/10/7 3:45,131.4561695,47.0245405,5210118.765,458657.4136,6.63016,182.9,TRUE,5.3,400,300
3381,2022/10/7 3:45,131.4561667,47.02445833,5210109.632,458657.1373,8.50068,183.2,TRUE,5.3,400,300
3382,2022/10/7 3:45,131.4561802,47.02437,5210099.805,458658.0953,7.09316,184.4,TRUE,5.3,395,300
3383,2022/10/7 3:45,131.4561727,47.02430183,5210092.231,458657.4726,7.5932,182.9,TRUE,5.3,400,300
3384,2022/10/7 3:45,131.4561715,47.02423267,5210084.543,458657.3279,7.11168,181.2,TRUE,5.3,400,300
3385,2022/10/7 3:45,131.4561717,47.024158,5210076.241,458657.2855,6.90796,180.8,TRUE,5.3,400,300
3386,2022/10/7 3:45,131.456164,47.02408417,5210068.038,458656.6431,7.24132,188.1,TRUE,5.3,400,300
3387,2022/10/7 3:46,131.456163,47.02399467,5210058.088,458656.498,7.33392,182.5,TRUE,5.3,400,300
3388,2022/10/7 3:46,131.4561547,47.02392833,5210050.718,458655.8158,6.90796,182.8,TRUE,5.3,400,300
3389,2022/10/7 3:46,131.4561518,47.02385983,5210043.104,458655.5425,6.63016,184.2,TRUE,5.3,400,300
3390,2022/10/7 3:46,131.4561355,47.02378933,5210035.275,458654.2489,7.63024,181.7,TRUE,5.3,400,300
3391,2022/10/7 3:46,131.4561387,47.023714,5210026.899,458654.434,7.5006,181,TRUE,5.3,400,300
3392,2022/10/7 3:46,131.4561353,47.02362717,5210017.248,458654.1085,7.704319,180.8,TRUE,5.3,400,300
3393,2022/10/7 3:46,131.456136,47.02354183,5210007.76,458654.0958,7.66728,185,TRUE,5.3,400,300
3394,2022/10/7 3:46,131.4561282,47.02346833,5209999.593,458653.4461,7.25984,179.7,TRUE,5.3,400,300
3395,2022/10/7 3:46,131.4561218,47.023383,5209990.11,458652.8936,7.07464,185.5,TRUE,5.3,400,300
3396,2022/10/7 3:46,131.4561147,47.02330967,5209981.962,458652.2973,7.51912,179.4,TRUE,5.3,400,300
3397,2022/10/7 3:46,131.4561073,47.02322483,5209972.534,458651.6692,7.05612,182.8,TRUE,5.3,400,300
3398,2022/10/7 3:46,131.4561018,47.02315067,5209964.292,458651.1938,7.871,184.7,TRUE,5.3,400,300
3399,2022/10/7 3:46,131.4560978,47.02307233,5209955.585,458650.8292,7.2228,180.5,TRUE,5.3,400,300
3400,2022/10/7 3:46,131.4560737,47.022999,5209947.446,458648.9404,8.167319,184.7,TRUE,5.3,400,300
3401,2022/10/7 3:46,131.45607,47.022933,5209940.111,458648.6082,7.852479,183.4,TRUE,5.3,400,300
3402,2022/10/7 3:47,131.456081,47.0228535,5209931.267,458649.3831,7.98212,184.8,TRUE,5.3,400,300
3403,2022/10/7 3:47,131.4560757,47.0227695,5209921.931,458648.9153,7.64876,183.2,TRUE,5.3,400,300
3404,2022/10/7 3:47,131.4560567,47.022689,5209912.992,458647.4087,7.6858,189,TRUE,5.3,400,300
3405,2022/10/7 3:47,131.4560492,47.02261383,5209904.639,458646.7804,7.61172,188.1,TRUE,5.3,400,300
3406,2022/10/7 3:47,131.4560517,47.02253383,5209895.744,458646.9087,7.53764,185.8,TRUE,5.3,400,300
3407,2022/10/7 3:47,131.4560438,47.02246,5209887.541,458646.2511,8.35252,182.2,TRUE,5.3,400,300
3408,2022/10/7 3:47,131.4560375,47.02238067,5209878.725,458645.7109,8.1488,182,TRUE,5.3,400,300
3409,2022/10/7 3:47,131.456034,47.02229533,5209869.239,458645.3789,8.09324,186.5,TRUE,5.3,400,300
3410,2022/10/7 3:47,131.4560142,47.0222145,5209860.264,458643.8112,8.389561,186.2,TRUE,5.3,400,300
3411,2022/10/7 3:47,131.4559912,47.02213533,5209851.475,458642.0015,6.87092,186.8,TRUE,5.3,400,300
3412,2022/10/7 3:47,131.4559847,47.022063,5209843.437,458641.4515,6.945,189.9,TRUE,5.3,375,300
3413,2022/10/7 3:47,131.455972,47.021993,5209835.662,458640.4319,8.01916,190,TRUE,5.3,400,300
3414,2022/10/7 3:47,131.4559618,47.02193183,5209828.867,458639.6093,7.92656,193.4,TRUE,5.3,400,300
3415,2022/10/7 3:47,131.4559515,47.021859,5209820.776,458638.77,6.87092,192.3,TRUE,5.3,400,300
3416,2022/10/7 3:47,131.455948,47.02177267,5209811.18,458638.4372,7.81544,190.2,TRUE,5.3,400,300
3417,2022/10/7 3:48,131.4559248,47.0217045,5209803.614,458636.6208,5.38932,193.1,TRUE,5.3,400,300
3418,2022/10/7 3:48,131.4559112,47.0216635,5209799.063,458635.5552,4.94484,192.8,TRUE,5.3,400,300
3419,2022/10/7 3:48,131.4558975,47.02162017,5209794.253,458634.4801,4.46332,227.5,FALSE,5.3,0,300
3420,2022/10/7 3:48,131.4558547,47.02160533,5209792.626,458631.2148,0,247.6,FALSE,5.3,0,300
3421,2022/10/7 3:48,131.4559135,47.02161983,5209794.207,458635.6963,5.9264,65.2,FALSE,5.3,0,300
3422,2022/10/7 3:48,131.4559945,47.02164333,5209796.777,458641.8725,5.40784,69.3,FALSE,5.3,0,300
3423,2022/10/7 3:48,131.4560853,47.02165683,5209798.23,458648.786,6.24124,83.9,FALSE,5.3,0,300
3424,2022/10/7 3:48,131.4561393,47.02165417,5209797.905,458652.8893,2.94468,286.5,FALSE,5.3,0,300
3425,2022/10/7 3:48,131.4560718,47.021665,5209799.145,458647.7659,5.07448,324.8,FALSE,5.3,0,300
3426,2022/10/7 3:48,131.456064,47.021689,5209801.817,458647.1915,6.2042,359.7,TRUE,5.3,134,300
3427,2022/10/7 3:48,131.4560825,47.0217355,5209806.977,458648.6338,4.27812,13.7,TRUE,5.3,316,300
3428,2022/10/7 3:48,131.4560902,47.0217735,5209811.197,458649.2486,4.92632,16.8,TRUE,5.3,374,300
3429,2022/10/7 3:48,131.4561092,47.02181283,5209815.56,458650.7234,5.79676,3.9,TRUE,5.3,400,300
3430,2022/10/7 3:48,131.4561288,47.02185833,5209820.608,458652.2486,6.90796,8.8,TRUE,5.3,400,300
3431,2022/10/7 3:48,131.4561277,47.02193783,5209829.446,458652.2264,6.83388,15,TRUE,5.3,400,300
3432,2022/10/7 3:49,131.4561377,47.02201167,5209837.65,458653.0436,8.48216,10.5,TRUE,5.3,400,300
3433,2022/10/7 3:49,131.4561525,47.0220985,5209847.295,458654.2358,7.889521,4.5,TRUE,5.3,400,300
3434,2022/10/7 3:49,131.4561657,47.02217467,5209855.756,458655.2982,8.519199,10.8,TRUE,5.3,400,300
3435,2022/10/7 3:49,131.4561842,47.02225433,5209864.602,458656.7661,8.00064,11.8,TRUE,5.3,400,300
3436,2022/10/7 3:49,131.4561863,47.022333,5209873.347,458656.9865,7.94508,6.3,TRUE,5.3,400,300
3437,2022/10/7 3:49,131.4561892,47.022413,5209882.239,458657.2687,8.2414,8.6,TRUE,5.3,400,300
3438,2022/10/7 3:49,131.456195,47.0224945,5209891.296,458657.7726,7.57468,10,TRUE,5.3,400,300
3439,2022/10/7 3:49,131.4562073,47.02257967,5209900.758,458658.7734,9.019239,6.8,TRUE,5.3,400,300
3440,2022/10/7 3:49,131.4562198,47.02265633,5209909.274,458659.7829,7.18576,8.8,TRUE,5.3,400,300
3441,2022/10/7 3:49,131.4562282,47.02273233,5209917.718,458660.4802,7.0376,7.5,TRUE,5.3,400,300
3442,2022/10/7 3:49,131.4562285,47.02280383,5209925.667,458660.5582,7.83396,6.8,TRUE,5.3,400,300
3443,2022/10/7 3:49,131.4562422,47.02289767,5209936.092,458661.6721,8.37104,5.1,TRUE,5.3,400,300
3444,2022/10/7 3:49,131.4562487,47.02297167,5209944.315,458662.2234,7.6858,9.7,TRUE,5.3,400,300
3445,2022/10/7 3:49,131.4562585,47.02304767,5209952.759,458663.0271,6.87092,9,TRUE,5.3,400,300
3446,2022/10/7 3:49,131.4562662,47.02312233,5209961.055,458663.6701,7.74136,8.4,TRUE,5.3,400,300
3447,2022/10/7 3:50,131.4562755,47.02319983,5209969.666,458664.4369,7.09316,9.1,TRUE,5.3,400,300
3448,2022/10/7 3:50,131.4562813,47.02326867,5209977.316,458664.931,8.167319,8.6,TRUE,5.3,399,300
3449,2022/10/7 3:50,131.4562818,47.02335217,5209986.598,458665.0335,7.74136,6.5,TRUE,5.3,400,300
3450,2022/10/7 3:50,131.4562805,47.02343417,5209995.715,458664.9979,8.55624,8.3,TRUE,5.3,400,300
3451,2022/10/7 3:50,131.4562917,47.0235165,5210004.862,458665.9129,8.037681,7.6,TRUE,5.3,400,300
3452,2022/10/7 3:50,131.4562942,47.02359183,5210013.235,458666.1611,8.519199,8,TRUE,5.3,400,300
3453,2022/10/7 3:50,131.4563007,47.0236715,5210022.089,458666.7168,7.33392,7.1,TRUE,5.3,400,300
3454,2022/10/7 3:50,131.4563007,47.023746,5210030.371,458666.7743,7.92656,7.8,TRUE,5.3,400,300
3455,2022/10/7 3:50,131.4563117,47.0238175,5210038.314,458667.6657,7.463561,8.8,TRUE,5.3,400,300
3456,2022/10/7 3:50,131.4563072,47.023902,5210047.71,458667.3888,7.74136,3.9,TRUE,5.3,397,300
3457,2022/10/7 3:50,131.456309,47.02397983,5210056.362,458667.5857,7.37096,12.3,TRUE,5.3,400,300
3458,2022/10/7 3:50,131.456311,47.02405783,5210065.032,458667.798,8.64884,7.7,TRUE,5.3,397,300
3459,2022/10/7 3:50,131.4563098,47.02413933,5210074.093,458667.7697,8.167319,8.6,TRUE,5.3,400,300
3460,2022/10/7 3:50,131.4563227,47.02421917,5210082.962,458668.812,7.704319,6.6,TRUE,5.3,400,300
3461,2022/10/7 3:50,131.4563365,47.02428817,5210090.625,458669.9143,7.9636,7.4,TRUE,5.3,400,300
3462,2022/10/7 3:51,131.4563328,47.02436467,5210099.132,458669.6921,6.87092,5.8,TRUE,5.3,398,300
3463,2022/10/7 3:51,131.4563408,47.024436,5210107.058,458670.3553,7.5006,7.8,TRUE,5.3,396,300
3464,2022/10/7 3:51,131.4563492,47.02451417,5210115.743,458671.0542,6.79684,2.4,TRUE,5.3,400,300
3465,2022/10/7 3:51,131.4563545,47.02459183,5210124.374,458671.517,7.98212,10.8,TRUE,5.3,400,300
3466,2022/10/7 3:51,131.4563692,47.02466233,5210132.204,458672.689,8.27844,10.6,TRUE,5.3,400,300
3467,2022/10/7 3:51,131.4563665,47.024749,5210141.841,458672.5506,7.778399,8.3,TRUE,5.3,400,300
3468,2022/10/7 3:51,131.4563735,47.02482533,5210150.323,458673.1416,6.88944,6.8,TRUE,5.3,400,300
3469,2022/10/7 3:51,131.4563817,47.024899,5210158.508,458673.8219,7.53764,12.1,TRUE,5.3,400,300
3470,2022/10/7 3:51,131.4563875,47.02497817,5210167.307,458674.3239,8.167319,6.2,TRUE,5.3,400,300
3471,2022/10/7 3:51,131.4563923,47.02505183,5210175.493,458674.7456,7.44504,6.6,TRUE,5.3,400,300
3472,2022/10/7 3:51,131.4564025,47.025135,5210184.734,458675.5852,8.29696,7.7,TRUE,5.3,395,300
3473,2022/10/7 3:51,131.4563962,47.0252115,5210193.241,458675.1653,7.94508,6.2,TRUE,5.3,400,300
3474,2022/10/7 3:51,131.4563993,47.02527533,5210200.336,458675.4503,5.57452,3.3,TRUE,5.3,400,300
3475,2022/10/7 3:51,131.4564175,47.02532617,5210205.978,458676.8731,5.35228,18.8,TRUE,5.3,400,300
3476,2022/10/7 3:51,131.456435,47.02538017,5210211.972,458678.2451,5.05596,46.3,FALSE,5.3,0,300
3477,2022/10/7 3:52,131.4564878,47.02540167,5210214.335,458682.2755,2.88912,95.3,FALSE,5.3,0,300
3478,2022/10/7 3:52,131.4564632,47.02540067,5210214.236,458680.4046,5.96344,278.4,FALSE,5.3,0,300
3479,2022/10/7 3:52,131.4563612,47.02542167,5210216.625,458672.6668,2.42612,288.9,FALSE,5.3,0,300
3480,2022/10/7 3:52,131.4563692,47.02541083,5210215.415,458673.2666,4.22256,143.7,FALSE,5.3,0,300
3481,2022/10/7 3:52,131.4563973,47.02536117,5210209.88,458675.3645,5.24116,185.1,FALSE,5.3,0,300
3482,2022/10/7 3:52,131.4563992,47.02532883,5210206.284,458675.4839,3.87068,175.1,TRUE,5.3,400,300
3483,2022/10/7 3:52,131.4563923,47.025287,5210201.637,458674.9271,6.44496,181.7,TRUE,5.3,399,300
3484,2022/10/7 3:52,131.4563803,47.0252185,5210194.028,458673.962,7.53764,188.1,TRUE,5.3,400,300
3485,2022/10/7 3:52,131.45638,47.02514467,5210185.82,458673.8822,8.185841,186.7,TRUE,5.3,400,300
3486,2022/10/7 3:52,131.4563872,47.02506517,5210176.979,458674.3682,7.14872,187.1,TRUE,5.3,376,300
3487,2022/10/7 3:52,131.4563835,47.0249955,5210169.235,458674.0332,6.70424,180.1,TRUE,5.3,400,300
3488,2022/10/7 3:52,131.4563725,47.02491917,5210160.755,458673.1381,8.20436,184.3,TRUE,5.3,400,300
3489,2022/10/7 3:52,131.4563595,47.02484717,5210152.758,458672.0942,7.53764,183.9,TRUE,5.3,400,300
3490,2022/10/7 3:52,131.4563638,47.02476067,5210143.139,458672.3543,7.5006,187.2,TRUE,5.3,400,300
3491,2022/10/7 3:52,131.4563655,47.02467933,5210134.096,458672.4208,7.778399,185.7,TRUE,5.3,400,300
3492,2022/10/7 3:53,131.4563517,47.02461367,5210126.804,458671.321,7.98212,184.9,TRUE,5.3,400,300
3493,2022/10/7 3:53,131.456344,47.024544,5210119.062,458670.6819,7.14872,182.7,TRUE,5.3,373,300
3494,2022/10/7 3:53,131.4563428,47.02446483,5210110.262,458670.5296,7.852479,177.1,TRUE,5.3,400,300
3495,2022/10/7 3:53,131.456339,47.02439133,5210102.093,458670.184,7.57468,181.7,TRUE,5.3,400,300
3496,2022/10/7 3:53,131.4563337,47.02431433,5210093.535,458669.7216,8.22288,184.6,TRUE,5.3,369,300
3497,2022/10/7 3:53,131.4563187,47.02422533,5210083.649,458668.5126,8.1488,183.2,TRUE,5.3,400,300
3498,2022/10/7 3:53,131.456314,47.02414567,5210074.795,458668.0938,8.40808,181.4,TRUE,5.3,400,300
3499,2022/10/7 3:53,131.456318,47.0240665,5210065.992,458668.3368,8.63032,183.6,TRUE,5.3,395,300
3500,2022/10/7 3:53,131.4563127,47.02398433,5210056.86,458667.8705,8.50068,185.5,TRUE,5.3,400,300
3501,2022/10/7 3:53,131.4563108,47.02390183,5210047.689,458667.6624,7.09316,182.8,TRUE,5.3,374,300
3502,2022/10/7 3:53,131.4562938,47.02381683,5210038.249,458666.3044,7.37096,184.9,TRUE,5.3,400,300
3503,2022/10/7 3:53,131.4562882,47.023744,5210030.155,458665.8224,7.00056,181.6,TRUE,5.3,400,300
3504,2022/10/7 3:53,131.4562853,47.02366433,5210021.3,458665.5405,8.07472,187.6,TRUE,5.3,395,300
3505,2022/10/7 3:53,131.4562838,47.02358783,5210012.796,458665.3674,8.1488,182.6,TRUE,5.3,400,300
3506,2022/10/7 3:53,131.4562842,47.02349733,5210002.735,458665.328,8.35252,187,TRUE,5.3,400,300
3507,2022/10/7 3:54,131.4562895,47.023416,5209993.69,458665.6681,8.13028,182.9,TRUE,5.3,400,300
3508,2022/10/7 3:54,131.456281,47.0233405,5209985.301,458664.9636,8.35252,185.2,TRUE,5.3,400,300
3509,2022/10/7 3:54,131.4562588,47.02325433,5209975.734,458663.2094,7.14872,182.3,TRUE,5.3,400,300
3510,2022/10/7 3:54,131.4562523,47.02318083,5209967.566,458662.6585,7.64876,185.3,TRUE,5.3,400,300
3511,2022/10/7 3:54,131.4562433,47.02309883,5209958.455,458661.911,7.72284,182.8,TRUE,5.3,400,300
3512,2022/10/7 3:54,131.4562442,47.02302767,5209950.543,458661.9245,8.59328,183.4,TRUE,5.3,400,300
3513,2022/10/7 3:54,131.4562377,47.02295017,5209941.931,458661.3705,7.6858,188.1,TRUE,5.3,400,300
3514,2022/10/7 3:54,131.4562313,47.02285033,5209930.835,458660.8069,7.27836,185.4,TRUE,5.3,400,300
3515,2022/10/7 3:54,131.4562335,47.0227635,5209921.181,458660.9071,7.42652,187.4,TRUE,5.3,398,300
3516,2022/10/7 3:54,131.456234,47.0226825,5209912.176,458660.8826,7.98212,183.5,TRUE,5.3,400,300
3517,2022/10/7 3:54,131.4562158,47.0226065,5209903.736,458659.4403,7.778399,184.8,TRUE,5.3,400,300
3518,2022/10/7 3:54,131.4562023,47.02252983,5209895.22,458658.3548,8.00064,188.1,TRUE,5.3,400,300
3519,2022/10/7 3:54,131.456187,47.02245333,5209886.723,458657.1326,7.57468,186.2,TRUE,5.3,381,300
3520,2022/10/7 3:54,131.4561813,47.02236767,5209877.204,458656.6331,7.55616,183,TRUE,5.3,400,300
3521,2022/10/7 3:54,131.4561802,47.02228833,5209868.384,458656.4883,7.871,188.1,TRUE,5.3,400,300
3522,2022/10/7 3:55,131.4561682,47.022201,5209858.682,458655.5085,7.94508,187.1,TRUE,5.3,400,300
3523,2022/10/7 3:55,131.4561525,47.0221175,5209849.407,458654.2505,7.98212,188.7,TRUE,5.3,400,300
3524,2022/10/7 3:55,131.45614,47.0220355,5209840.298,458653.2369,7.09316,186.7,TRUE,5.3,400,300
3525,2022/10/7 3:55,131.4561247,47.02195617,5209831.487,458652.0125,8.40808,189.6,TRUE,5.3,400,300
3526,2022/10/7 3:55,131.4561048,47.02187933,5209822.955,458650.4402,7.408,187.8,TRUE,5.3,400,300
3527,2022/10/7 3:55,131.4560805,47.02180483,5209814.685,458648.5353,7.07464,190,TRUE,5.3,400,300
3528,2022/10/7 3:55,131.456055,47.02173683,5209807.139,458646.5442,4.51888,197.6,TRUE,5.3,398,300
3529,2022/10/7 3:55,131.4560565,47.02168767,5209801.673,458646.6203,4.18552,194.3,TRUE,5.3,395,300
3530,2022/10/7 3:55,131.4560632,47.02163617,5209795.944,458647.0899,5.72268,152.3,TRUE,5.3,90,300
3531,2022/10/7 3:55,131.4561245,47.02160633,5209792.595,458651.7272,0.87044,130.8,FALSE,5.3,0,300
3532,2022/10/7 3:55,131.4561143,47.02161,5209793.008,458650.9545,4.46332,276.1,FALSE,5.3,0,300
3533,2022/10/7 3:55,131.4560727,47.02159317,5209791.159,458647.7789,0.61116,260.3,FALSE,5.3,0,300
3534,2022/10/7 3:55,131.4560812,47.0215865,5209790.413,458648.42,0,0,FALSE,5.3,0,300
3535,2022/10/7 3:55,131.4561262,47.02160617,5209792.576,458651.8563,5.87084,52.5,FALSE,5.3,0,300
3536,2022/10/7 3:55,131.456193,47.021661,5209798.636,458656.9771,5.79676,35.1,FALSE,5.3,0,300
3537,2022/10/7 3:56,131.4562138,47.02169833,5209802.775,458658.5872,4.57444,22.7,TRUE,5.3,400,300
3538,2022/10/7 3:56,131.4562242,47.0217445,5209807.903,458659.4135,4.74112,11.7,TRUE,5.3,400,300
3539,2022/10/7 3:56,131.4562315,47.02180083,5209814.161,458660.012,6.1116,14.6,TRUE,5.3,400,300
3540,2022/10/7 3:56,131.4562442,47.02186267,5209821.029,458661.0252,5.57452,6.8,TRUE,5.3,400,300
3541,2022/10/7 3:56,131.456267,47.02193167,5209828.688,458662.8119,6.482,4.3,TRUE,5.3,400,300
3542,2022/10/7 3:56,131.4562792,47.02198333,5209834.424,458663.7792,7.6858,13.4,TRUE,5.3,400,300
3543,2022/10/7 3:56,131.4562915,47.02205167,5209842.015,458664.7671,7.42652,10.8,TRUE,5.3,400,300
3544,2022/10/7 3:56,131.4562952,47.02213717,5209851.519,458665.1144,8.00064,5.4,TRUE,5.3,400,300
3545,2022/10/7 3:56,131.4562897,47.02222433,5209861.211,458664.7635,6.27828,9.6,TRUE,5.3,400,300
3546,2022/10/7 3:56,131.4563063,47.02229267,5209868.8,458666.0782,6.72276,5.9,TRUE,5.3,400,300
3547,2022/10/7 3:56,131.4563152,47.022368,5209877.17,458666.813,7.64876,8.3,TRUE,5.3,400,300
3548,2022/10/7 3:56,131.4563207,47.0224525,5209886.561,458667.2964,7.408,10.7,TRUE,5.3,400,300
3549,2022/10/7 3:56,131.4563247,47.0225225,5209894.34,458667.6545,7.20428,4.4,TRUE,5.3,400,300
3550,2022/10/7 3:56,131.4563373,47.02260167,5209903.135,458668.6735,7.74136,6.8,TRUE,5.3,400,300
3551,2022/10/7 3:56,131.456343,47.0226785,5209911.674,458669.1661,7.852479,7.4,TRUE,5.3,400,300
3552,2022/10/7 3:57,131.4563558,47.02276133,5209920.875,458670.2031,7.53764,1.1,TRUE,5.3,400,300
3553,2022/10/7 3:57,131.4563638,47.022834,5209928.95,458670.8674,8.334,9.5,TRUE,5.3,400,300
3554,2022/10/7 3:57,131.4563737,47.022906,5209936.949,458671.6756,7.463561,3.4,TRUE,5.3,400,300
3555,2022/10/7 3:57,131.4563775,47.02299483,5209946.822,458672.033,7.5006,0.8,TRUE,5.3,400,300
3556,2022/10/7 3:57,131.4563832,47.02307,5209955.176,458672.5244,7.38948,4.3,TRUE,5.3,400,300
3557,2022/10/7 3:57,131.45639,47.023153,5209964.399,458673.1054,7.90804,4.4,TRUE,5.3,400,300
3558,2022/10/7 3:57,131.4563937,47.02324267,5209974.366,458673.4559,8.01916,5,TRUE,5.3,400,300
3559,2022/10/7 3:57,131.4564057,47.02331767,5209982.698,458674.426,7.24132,5.6,TRUE,5.3,397,300
3560,2022/10/7 3:57,131.456418,47.02338833,5209990.546,458675.4156,8.167319,5.5,TRUE,5.3,400,300
3561,2022/10/7 3:57,131.4564225,47.02346767,5209999.364,458675.819,7.27836,3.1,TRUE,5.3,400,300
3562,2022/10/7 3:57,131.45643,47.02354517,5210007.976,458676.4489,7.3154,4.3,TRUE,5.3,400,300
3563,2022/10/7 3:57,131.4564283,47.02362517,5210016.871,458676.3814,7.2228,359.9,TRUE,5.3,400,300
3564,2022/10/7 3:57,131.4564357,47.02369467,5210024.593,458676.9976,7.25984,5,TRUE,5.3,400,300
3565,2022/10/7 3:57,131.4564383,47.023775,5210033.522,458677.2573,7.75988,3.7,TRUE,5.3,400,300
3566,2022/10/7 3:57,131.4564408,47.02385533,5210042.451,458677.5093,7.79692,1.6,TRUE,5.3,400,300
3567,2022/10/7 3:58,131.456457,47.0239335,5210051.133,458678.8012,8.40808,0.7,TRUE,5.3,400,300
3568,2022/10/7 3:58,131.4564523,47.02400883,5210059.51,458678.502,7.79692,2.3,TRUE,5.3,400,300
3569,2022/10/7 3:58,131.4564582,47.0240845,5210067.919,458679.0089,7.5932,0,TRUE,5.3,400,300
3570,2022/10/7 3:58,131.4564667,47.02416,5210076.308,458679.7134,8.48216,4.4,TRUE,5.3,400,300
3571,2022/10/7 3:58,131.4564717,47.0242375,5210084.921,458680.1533,7.75988,359.2,TRUE,5.3,400,300
3572,2022/10/7 3:58,131.4564773,47.02430817,5210092.775,458680.6335,8.00064,1.3,TRUE,5.3,400,300
3573,2022/10/7 3:58,131.456473,47.02439467,5210102.393,458680.3734,8.167319,7.5,TRUE,5.3,400,300
3574,2022/10/7 3:58,131.4564803,47.02446967,5210110.727,458680.9862,7.5006,4,TRUE,5.3,399,300
3575,2022/10/7 3:58,131.4564862,47.02455033,5210119.691,458681.497,6.31532,3.7,TRUE,5.3,400,300
3576,2022/10/7 3:58,131.4565042,47.02461717,5210127.112,458682.9169,7.64876,3.6,TRUE,5.3,400,300
3577,2022/10/7 3:58,131.4565108,47.02469283,5210135.52,458683.477,8.20436,8.1,TRUE,5.3,400,300
3578,2022/10/7 3:58,131.4565133,47.02477117,5210144.228,458683.7275,7.53764,3.7,TRUE,5.3,400,300
3579,2022/10/7 3:58,131.456512,47.024846,5210152.547,458683.6864,7.2228,5,TRUE,5.3,400,300
3580,2022/10/7 3:58,131.456519,47.02492433,5210161.252,458684.279,8.00064,4.7,TRUE,5.3,400,300
3581,2022/10/7 3:58,131.4565272,47.024996,5210169.215,458684.9577,6.98204,2.6,TRUE,5.3,400,300
3582,2022/10/7 3:59,131.4565402,47.02507817,5210178.343,458686.0093,8.50068,6.8,TRUE,5.3,400,300
3583,2022/10/7 3:59,131.4565645,47.02515067,5210186.39,458687.9126,7.37096,4.2,TRUE,5.3,400,300
3584,2022/10/7 3:59,131.4565618,47.02523667,5210195.952,458687.7737,8.07472,359.5,TRUE,5.3,396,300
3585,2022/10/7 3:59,131.4565555,47.02530417,5210203.46,458687.3468,4.87076,7.5,TRUE,5.3,373,300
3586,2022/10/7 3:59,131.4565585,47.02534617,5210208.127,458687.6073,4.4448,3,TRUE,5.3,400,300
3587,2022/10/7 3:59,131.4565888,47.02540417,5210214.559,458689.9554,5.0004,49.7,FALSE,5.3,0,300
3588,2022/10/7 3:59,131.4566242,47.025418,5210216.078,458692.6572,0.72228,79.7,FALSE,5.3,0,300
3589,2022/10/7 3:59,131.4566145,47.02541817,5210216.102,458691.9199,0,0,FALSE,5.3,0,300
3590,2022/10/7 3:59,131.456613,47.02541733,5210216.009,458691.8053,0,0,FALSE,5.3,0,300
3591,2022/10/7 3:59,131.4566133,47.02541733,5210216.009,458691.8281,0,0,FALSE,5.3,0,300
3592,2022/10/7 3:59,131.4566132,47.02541917,5210216.214,458691.8219,0,0,FALSE,5.3,0,300
3593,2022/10/7 3:59,131.4566128,47.02542217,5210216.548,458691.7938,0,0,FALSE,5.3,0,300
3594,2022/10/7 3:59,131.4566118,47.02542517,5210216.882,458691.7201,0,0,FALSE,5.3,0,300
3595,2022/10/7 3:59,131.4566095,47.02542683,5210217.067,458691.5465,0,0,FALSE,5.3,0,300
3596,2022/10/7 3:59,131.4566087,47.0254275,5210217.142,458691.4862,0,0,FALSE,5.3,0,300
3597,2022/10/7 4:00,131.4566075,47.02542917,5210217.329,458691.3963,0,0,FALSE,5.3,0,300
3598,2022/10/7 4:00,131.4566072,47.0254295,5210217.365,458691.3737,0,0,FALSE,5.3,0,300
3599,2022/10/7 4:00,131.4566057,47.02542933,5210217.347,458691.2596,0,0,FALSE,5.3,0,300
3600,2022/10/7 4:00,131.4566043,47.025429,5210217.311,458691.1529,0,0,FALSE,5.3,0,300
3601,2022/10/7 4:00,131.4566032,47.0254285,5210217.256,458691.0689,0,0,FALSE,5.3,0,300
3602,2022/10/7 4:00,131.4566022,47.02542817,5210217.22,458690.9926,0,0,FALSE,5.3,0,300
3603,2022/10/7 4:00,131.4566013,47.02542783,5210217.183,458690.9239,0,0,FALSE,5.3,0,300
3604,2022/10/7 4:00,131.4566005,47.0254275,5210217.147,458690.8629,0,0,FALSE,5.3,0,300
3605,2022/10/7 4:00,131.4566003,47.02542733,5210217.128,458690.8475,0,0,FALSE,5.3,0,300
3606,2022/10/7 4:00,131.4565995,47.025427,5210217.092,458690.7864,0,0,FALSE,5.3,0,300
3607,2022/10/7 4:00,131.4565988,47.02542667,5210217.055,458690.733,0,0,FALSE,5.3,0,300
3608,2022/10/7 4:00,131.4565982,47.02542633,5210217.018,458690.6871,0,0,FALSE,5.3,0,300
3609,2022/10/7 4:00,131.4565977,47.02542617,5210217,458690.649,0,0,FALSE,5.3,0,300
3610,2022/10/7 4:00,131.456597,47.02542583,5210216.963,458690.5955,0,0,FALSE,5.3,0,300
3611,2022/10/7 4:00,131.4565963,47.0254255,5210216.926,458690.542,0,0,FALSE,5.3,0,300
3612,2022/10/7 4:01,131.4565958,47.02542533,5210216.908,458690.5039,0,0,FALSE,5.3,0,300
3613,2022/10/7 4:01,131.4565955,47.025425,5210216.871,458690.4808,0,0,FALSE,5.3,0,300
3614,2022/10/7 4:01,131.456595,47.02542483,5210216.853,458690.4427,0,0,FALSE,5.3,0,300
3615,2022/10/7 4:01,131.4565947,47.02542467,5210216.835,458690.4198,0,0,FALSE,5.3,0,300
3616,2022/10/7 4:01,131.4565943,47.0254245,5210216.816,458690.3892,0,0,FALSE,5.3,0,300
3617,2022/10/7 4:01,131.4565938,47.02542433,5210216.798,458690.3511,0,0,FALSE,5.3,0,300
3618,2022/10/7 4:01,131.4565937,47.02542417,5210216.78,458690.3433,0,0,FALSE,5.3,0,300
3619,2022/10/7 4:01,131.4565932,47.025424,5210216.761,458690.3052,0,0,FALSE,5.3,0,300
3620,2022/10/7 4:01,131.4565925,47.025424,5210216.762,458690.252,0,0,FALSE,5.3,0,300
3621,2022/10/7 4:01,131.4565922,47.02542383,5210216.743,458690.2291,0,0,FALSE,5.3,0,300
3622,2022/10/7 4:01,131.456592,47.02542367,5210216.725,458690.2137,0,0,FALSE,5.3,0,300
3623,2022/10/7 4:01,131.4565918,47.0254235,5210216.707,458690.1984,0,0,FALSE,5.3,0,300
3624,2022/10/7 4:01,131.4565917,47.02542333,5210216.688,458690.1907,0,0,FALSE,5.3,0,300
3625,2022/10/7 4:01,131.4565917,47.02542317,5210216.67,458690.1905,0,0,FALSE,5.3,0,300
3626,2022/10/7 4:01,131.4565913,47.025423,5210216.651,458690.16,0,0,FALSE,5.3,0,300
3627,2022/10/7 4:02,131.4565913,47.025423,5210216.651,458690.16,0,0,FALSE,5.3,0,300
3628,2022/10/7 4:02,131.4565912,47.02542283,5210216.632,458690.1523,0,0,FALSE,5.3,0,300
3629,2022/10/7 4:02,131.4565912,47.02542267,5210216.615,458690.1521,0,0,FALSE,5.3,0,300
3630,2022/10/7 4:02,131.4565912,47.02542267,5210216.615,458690.1521,0,0,FALSE,5.3,0,300
3631,2022/10/7 4:02,131.4565912,47.0254225,5210216.596,458690.152,0,0,FALSE,5.3,0,300
3632,2022/10/7 4:02,131.456591,47.02542233,5210216.577,458690.1367,0,0,FALSE,5.3,0,300
3633,2022/10/7 4:02,131.4565908,47.02542217,5210216.559,458690.1213,0,0,FALSE,5.3,0,300
3634,2022/10/7 4:02,131.4565908,47.025422,5210216.54,458690.1212,0,0,FALSE,5.3,0,300
3635,2022/10/7 4:02,131.456591,47.025422,5210216.54,458690.1364,0,0,FALSE,5.3,0,300
3636,2022/10/7 4:02,131.456591,47.02542183,5210216.521,458690.1363,0,0,FALSE,5.3,0,300
3637,2022/10/7 4:02,131.456591,47.02542167,5210216.504,458690.1362,0,0,FALSE,5.3,0,300
3638,2022/10/7 4:02,131.4565907,47.02542167,5210216.504,458690.1134,0,0,FALSE,5.3,0,300
3639,2022/10/7 4:02,131.4565477,47.02541767,5210216.082,458686.8414,4.59296,266.1,FALSE,5.3,0,300
3640,2022/10/7 4:02,131.4564905,47.025418,5210216.149,458682.4934,0,278.2,FALSE,5.3,0,300
3641,2022/10/7 4:02,131.4565183,47.02541067,5210215.319,458684.601,3.37064,130.1,FALSE,5.3,0,300
3642,2022/10/7 4:03,131.456539,47.02537617,5210211.473,458686.148,4.03736,170.4,FALSE,5.3,0,300
3643,2022/10/7 4:03,131.4565513,47.0253385,5210207.278,458687.054,5.0004,185.9,TRUE,5.3,301,300
3644,2022/10/7 4:03,131.4565463,47.02529083,5210201.981,458686.6371,4.63,179.4,TRUE,5.3,400,300
3645,2022/10/7 4:03,131.4565568,47.02524067,5210196.4,458687.3966,4.88928,187.2,TRUE,5.3,400,300
3646,2022/10/7 4:03,131.4565522,47.02518333,5210190.027,458687.0027,5.38932,184.5,TRUE,5.3,400,300
3647,2022/10/7 4:03,131.4565295,47.02511517,5210182.462,458685.2245,6.83388,186.2,TRUE,5.3,400,300
3648,2022/10/7 4:03,131.4565238,47.02504317,5210174.461,458684.7356,6.79684,184.5,TRUE,5.3,400,300
3649,2022/10/7 4:03,131.4565342,47.02497883,5210167.303,458685.4766,6.90796,183.3,TRUE,5.3,400,300
3650,2022/10/7 4:03,131.4565295,47.02490117,5210158.671,458685.0594,8.185841,178.9,TRUE,5.3,400,300
3651,2022/10/7 4:03,131.4565325,47.02482017,5210149.665,458685.2249,7.25984,182.5,TRUE,5.3,400,300
3652,2022/10/7 4:03,131.456522,47.024742,5210140.98,458684.3664,7.37096,185,TRUE,5.3,400,300
3653,2022/10/7 4:03,131.456521,47.024663,5210132.198,458684.2294,6.92648,181,TRUE,5.3,400,300
3654,2022/10/7 4:03,131.4565163,47.02458933,5210124.011,458683.8153,7.00056,184.4,TRUE,5.3,400,300
3655,2022/10/7 4:03,131.4565087,47.02451667,5210115.937,458683.1815,7.9636,182.1,TRUE,5.3,400,300
3656,2022/10/7 4:03,131.4564953,47.02442683,5210105.957,458682.0935,6.24124,184.7,TRUE,5.3,400,300
3657,2022/10/7 4:04,131.4564818,47.02434667,5210097.052,458681.0053,6.88944,183.3,TRUE,5.3,400,300
3658,2022/10/7 4:04,131.4564798,47.02426417,5210087.882,458680.7896,7.25984,179.5,TRUE,5.3,400,300
3659,2022/10/7 4:04,131.4564707,47.0241845,5210079.03,458680.0364,8.09324,180.5,TRUE,5.3,400,300
3660,2022/10/7 4:04,131.4564587,47.02410117,5210069.772,458679.0598,7.44504,181.8,TRUE,5.3,377,300
3661,2022/10/7 4:04,131.4564527,47.024018,5210060.529,458678.5395,7.64876,183.2,TRUE,5.3,400,300
3662,2022/10/7 4:04,131.456457,47.02394417,5210052.319,458678.8094,7.16724,183.1,TRUE,5.3,400,300
3663,2022/10/7 4:04,131.4564408,47.02386,5210042.97,458677.5129,7.63024,181.3,TRUE,5.3,400,300
3664,2022/10/7 4:04,131.4564438,47.02378133,5210034.223,458677.6803,6.90796,183.6,TRUE,5.3,400,300
3665,2022/10/7 4:04,131.4564433,47.0237065,5210025.904,458677.5845,7.1302,179.8,TRUE,5.3,400,300
3666,2022/10/7 4:04,131.4564503,47.02363083,5210017.488,458678.0583,7.11168,183.5,TRUE,5.3,395,300
3667,2022/10/7 4:04,131.4564512,47.0235465,5210008.113,458678.0616,7.852479,185.5,TRUE,5.3,400,300
3668,2022/10/7 4:04,131.456443,47.023477,5210000.391,458677.3846,7.852479,187.2,TRUE,5.3,400,300
3669,2022/10/7 4:04,131.4564368,47.023402,5209992.056,458676.8554,8.22288,183.2,TRUE,5.3,400,300
3670,2022/10/7 4:04,131.4564287,47.02331167,5209982.018,458676.1699,7.83396,179.2,TRUE,5.3,400,300
3671,2022/10/7 4:04,131.4564158,47.02323083,5209973.038,458675.1268,7.94508,180.7,TRUE,5.3,400,300
3672,2022/10/7 4:05,131.4564253,47.02315267,5209964.344,458675.7888,8.01916,180.4,TRUE,5.3,400,300
3673,2022/10/7 4:05,131.4564175,47.02307267,5209955.454,458675.134,6.8524,182.8,TRUE,5.3,400,300
3674,2022/10/7 4:05,131.4564113,47.02298317,5209945.508,458674.5936,7.81544,185,TRUE,5.3,400,300
3675,2022/10/7 4:05,131.4564025,47.0229145,5209937.878,458673.8716,7.778399,188.3,TRUE,5.3,381,300
3676,2022/10/7 4:05,131.4563875,47.02283883,5209929.474,458672.6729,7.704319,183.1,TRUE,5.3,394,300
3677,2022/10/7 4:05,131.4563777,47.02275133,5209919.752,458671.8603,8.167319,182.9,TRUE,5.3,400,300
3678,2022/10/7 4:05,131.4563688,47.02266883,5209910.585,458671.1201,7.778399,187.8,TRUE,5.3,400,300
3679,2022/10/7 4:05,131.4563768,47.022595,5209902.373,458671.6713,8.25992,184.1,TRUE,5.3,400,300
3680,2022/10/7 4:05,131.4563793,47.022514,5209893.367,458671.7988,7.72284,186.9,TRUE,5.3,400,300
3681,2022/10/7 4:05,131.4563417,47.02243067,5209884.123,458668.876,8.07472,188.2,TRUE,5.3,400,300
3682,2022/10/7 4:05,131.4563237,47.02234817,5209874.961,458667.4439,8.11176,186.4,TRUE,5.3,400,300
3683,2022/10/7 4:05,131.4563233,47.02227117,5209866.401,458667.3541,7.6858,186.9,TRUE,5.3,399,300
3684,2022/10/7 4:05,131.45632,47.0222005,5209858.546,458667.0486,7.2228,182.4,TRUE,5.3,400,300
3685,2022/10/7 4:05,131.456319,47.02212283,5209849.912,458666.9127,8.11176,186.7,TRUE,5.3,400,300
3686,2022/10/7 4:06,131.4563038,47.02203533,5209840.192,458665.6896,7.3154,189.6,TRUE,5.3,400,300
3687,2022/10/7 4:06,131.4562925,47.02197033,5209832.972,458664.7803,7.871,187.7,TRUE,5.3,397,300
3688,2022/10/7 4:06,131.4562833,47.02188083,5209823.027,458664.0118,7.74136,187.2,TRUE,5.3,400,300
3689,2022/10/7 4:06,131.4562677,47.021802,5209814.272,458662.765,7.14872,191.6,TRUE,5.3,400,300
3690,2022/10/7 4:06,131.4562463,47.02173933,5209807.316,458661.0897,6.24124,191,TRUE,5.3,381,300
3691,2022/10/7 4:06,131.4562293,47.02169017,5209801.86,458659.7593,6.482,193.9,TRUE,5.3,247,300
3692,2022/10/7 4:06,131.456238,47.02163033,5209795.203,458660.3745,5.48192,145.6,FALSE,5.3,0,300
3693,2022/10/7 4:06,131.456319,47.021603,5209792.122,458666.5115,2.88912,98.9,FALSE,5.3,0,300
3694,2022/10/7 4:06,131.4562988,47.021596,5209791.354,458664.9704,5.70416,267.5,FALSE,5.3,0,300
3695,2022/10/7 4:06,131.4562227,47.0215895,5209790.672,458659.1798,2.35204,249.9,FALSE,5.3,0,300
3696,2022/10/7 4:06,131.4562585,47.02158533,5209790.189,458661.8983,6.03752,66.4,FALSE,5.3,0,300
3697,2022/10/7 4:06,131.4563355,47.02162683,5209794.762,458667.7843,5.98196,20.2,FALSE,5.3,0,300
3698,2022/10/7 4:06,131.4563543,47.02167733,5209800.367,458669.2525,4.22256,18,TRUE,5.3,400,300
3699,2022/10/7 4:06,131.456371,47.021718,5209804.879,458670.5535,4.38924,6.5,TRUE,5.3,400,300
3700,2022/10/7 4:06,131.4563892,47.02176867,5209810.502,458671.9763,6.1116,6.2,TRUE,5.3,400,300
3701,2022/10/7 4:07,131.4564015,47.02183767,5209818.167,458672.9646,6.482,8.7,TRUE,5.3,400,300
3702,2022/10/7 4:07,131.4564118,47.02192,5209827.314,458673.8112,7.55616,8.3,TRUE,5.3,399,300
3703,2022/10/7 4:07,131.4564262,47.022003,5209836.534,458674.97,8.90812,11.5,TRUE,5.3,400,300
3704,2022/10/7 4:07,131.456434,47.02207767,5209844.831,458675.6206,7.48208,8.1,TRUE,5.3,400,300
3705,2022/10/7 4:07,131.4564377,47.0221545,5209853.37,458675.9612,7.18576,8.6,TRUE,5.3,400,300
3706,2022/10/7 4:07,131.456459,47.0222195,5209860.585,458677.6307,6.31532,8.7,TRUE,5.3,400,300
3707,2022/10/7 4:07,131.4564667,47.02229517,5209868.993,458678.2744,7.24132,6.8,TRUE,5.3,400,300
3708,2022/10/7 4:07,131.4564833,47.0223715,5209877.47,458679.5953,7.55616,1.4,TRUE,5.3,400,300
3709,2022/10/7 4:07,131.4564845,47.02245383,5209886.622,458679.7501,6.945,0.8,TRUE,5.3,400,300
3710,2022/10/7 4:07,131.4564858,47.022519,5209893.866,458679.8992,8.01916,10.8,TRUE,5.3,400,300
3711,2022/10/7 4:07,131.4565008,47.022593,5209902.085,458681.0967,7.48208,3.1,TRUE,5.3,400,300
3712,2022/10/7 4:07,131.456511,47.02266983,5209910.621,458681.9314,7.778399,3.8,TRUE,5.3,400,300
3713,2022/10/7 4:07,131.4565247,47.02273733,5209918.118,458683.025,7.1302,2.4,TRUE,5.3,400,300
3714,2022/10/7 4:07,131.4565367,47.02280383,5209925.504,458683.9886,7.09316,0.9,TRUE,5.3,400,300
3715,2022/10/7 4:07,131.4565353,47.022869,5209932.75,458683.9324,6.7598,2.5,TRUE,5.3,400,300
3716,2022/10/7 4:08,131.45654,47.02295317,5209942.105,458684.3547,7.05612,359.6,TRUE,5.3,400,300
3717,2022/10/7 4:08,131.4565448,47.02303233,5209950.903,458684.7806,7.63024,1.8,TRUE,5.3,400,300
3718,2022/10/7 4:08,131.4565535,47.02312367,5209961.052,458685.5125,8.315479,4.2,TRUE,5.3,400,300
3719,2022/10/7 4:08,131.4565592,47.02320283,5209969.85,458686.0069,7.05612,8.7,TRUE,5.3,400,300
3720,2022/10/7 4:08,131.4565743,47.02327583,5209977.957,458687.2112,7.51912,358.6,TRUE,5.3,394,300
3721,2022/10/7 4:08,131.4565862,47.02334633,5209985.788,458688.1702,7.42652,1.4,TRUE,5.3,400,300
3722,2022/10/7 4:08,131.4565967,47.023434,5209995.529,458689.0361,8.01916,4.9,TRUE,5.3,400,300
3723,2022/10/7 4:08,131.4566043,47.023516,5210004.641,458689.6771,7.704319,5.6,TRUE,5.3,400,300
3724,2022/10/7 4:08,131.456602,47.02360333,5210014.351,458689.5696,8.25992,6.4,TRUE,5.3,400,300
3725,2022/10/7 4:08,131.4566178,47.0236775,5210022.588,458690.828,8.667359,1.8,TRUE,5.3,400,300
3726,2022/10/7 4:08,131.4566087,47.02375883,5210031.635,458690.199,8.00064,4.9,TRUE,5.3,400,300
3727,2022/10/7 4:08,131.4566165,47.02382483,5210038.968,458690.8428,6.53756,3.4,TRUE,5.3,385,300
3728,2022/10/7 4:08,131.4566165,47.02390267,5210047.621,458690.9029,7.14872,6.1,TRUE,5.3,400,300
3729,2022/10/7 4:08,131.4566245,47.02396833,5210054.917,458691.5617,8.0562,8.1,TRUE,5.3,400,300
3730,2022/10/7 4:08,131.456621,47.02404983,5210063.979,458691.3585,8.315479,6.2,TRUE,5.3,400,300
3731,2022/10/7 4:09,131.4566275,47.0241175,5210071.498,458691.9048,7.57468,3.4,TRUE,5.3,400,300
3732,2022/10/7 4:09,131.4566188,47.0241865,5210079.174,458691.2967,7.20428,4.6,TRUE,5.3,400,300
3733,2022/10/7 4:09,131.4566297,47.02427717,5210089.248,458692.1953,7.64876,2.7,TRUE,5.3,400,300
3734,2022/10/7 4:09,131.4566383,47.02435183,5210097.543,458692.9066,7.81544,359.8,TRUE,5.3,400,300
3735,2022/10/7 4:09,131.4566517,47.0244355,5210106.838,458693.9899,7.37096,7.7,TRUE,5.3,400,300
3736,2022/10/7 4:09,131.456657,47.024511,5210115.229,458694.451,7.778399,6,TRUE,5.3,400,300
3737,2022/10/7 4:09,131.4566622,47.02457983,5210122.878,458694.8994,6.13012,8.7,TRUE,5.3,400,300
3738,2022/10/7 4:09,131.4566583,47.02463883,5210129.439,458694.6484,7.01908,5.6,TRUE,5.3,400,300
3739,2022/10/7 4:09,131.4566687,47.02471817,5210138.254,458695.5003,8.07472,3.7,TRUE,5.3,400,300
3740,2022/10/7 4:09,131.4566677,47.024798,5210147.129,458695.4858,7.18576,9.6,TRUE,5.3,400,300
3741,2022/10/7 4:09,131.4566665,47.0248715,5210155.301,458695.4513,8.59328,1.7,TRUE,5.3,400,300
3742,2022/10/7 4:09,131.4566797,47.02496133,5210165.28,458696.524,7.704319,6.3,TRUE,5.3,400,300
3743,2022/10/7 4:09,131.456685,47.02503183,5210173.115,458696.9813,6.44496,3.5,TRUE,5.3,400,300
3744,2022/10/7 4:09,131.456687,47.02510867,5210181.656,458697.1926,7.48208,0,TRUE,5.3,400,300
3745,2022/10/7 4:09,131.4566975,47.02518933,5210190.618,458698.0531,8.48216,1.3,TRUE,5.3,400,300
3746,2022/10/7 4:10,131.4567067,47.02527033,5210199.618,458698.8149,8.0562,0.6,TRUE,5.3,386,300
3747,2022/10/7 4:10,131.4567135,47.02534583,5210208.008,458699.3901,6.09308,10.2,TRUE,5.3,400,300
3748,2022/10/7 4:10,131.456731,47.02539617,5210213.595,458700.7593,4.77816,15.7,TRUE,5.3,400,300
3749,2022/10/7 4:10,131.4567487,47.0254375,5210218.18,458702.1367,4.85224,68,FALSE,5.3,0,300
3750,2022/10/7 4:10,131.4568058,47.02544717,5210219.225,458706.4849,1.70384,114.2,FALSE,5.3,0,300
3751,2022/10/7 4:10,131.4568042,47.02544233,5210218.688,458706.3595,0,0,FALSE,5.3,0,300
3752,2022/10/7 4:10,131.4568025,47.02544167,5210218.615,458706.2298,0,0,FALSE,5.3,0,300
3753,2022/10/7 4:10,131.4568042,47.02544283,5210218.743,458706.3599,0,0,FALSE,5.3,0,300
3754,2022/10/7 4:10,131.4568043,47.02544417,5210218.892,458706.3685,0,0,FALSE,5.3,0,300
3755,2022/10/7 4:10,131.4568053,47.02544367,5210218.836,458706.4441,0,0,FALSE,5.3,0,300
3756,2022/10/7 4:10,131.4568052,47.02544417,5210218.892,458706.4369,0,0,FALSE,5.3,0,300
3757,2022/10/7 4:10,131.456806,47.0254445,5210218.928,458706.498,0,0,FALSE,5.3,0,300
3758,2022/10/7 4:10,131.4568067,47.02544517,5210219.002,458706.5517,0,0,FALSE,5.3,0,300
3759,2022/10/7 4:10,131.4568065,47.02544583,5210219.076,458706.537,0,0,FALSE,5.3,0,300
3760,2022/10/7 4:10,131.456807,47.025447,5210219.206,458706.576,0,0,FALSE,5.3,0,300
3761,2022/10/7 4:11,131.456807,47.0254475,5210219.261,458706.5763,0,0,FALSE,5.3,0,300
3762,2022/10/7 4:11,131.4568078,47.0254485,5210219.372,458706.6379,0,0,FALSE,5.3,0,300
3763,2022/10/7 4:11,131.4568072,47.02544883,5210219.409,458706.5926,0,0,FALSE,5.3,0,300
3764,2022/10/7 4:11,131.456786,47.02544467,5210218.958,458704.9777,3.29656,264,FALSE,5.3,0,300
3765,2022/10/7 4:11,131.4566868,47.02543683,5210218.138,458697.4305,3.83364,264.3,FALSE,5.3,0,300
3766,2022/10/7 4:11,131.4566422,47.02543717,5210218.2,458694.0403,0,257.5,FALSE,5.3,0,300
3767,2022/10/7 4:11,131.4566712,47.025437,5210218.165,458696.2448,5.16708,110.2,FALSE,5.3,0,300
3768,2022/10/7 4:11,131.4567228,47.02540317,5210214.377,458700.1413,4.31516,164,FALSE,5.3,0,300
3769,2022/10/7 4:11,131.4567173,47.02536533,5210210.174,458699.694,1.33344,177.8,FALSE,5.3,0,300
3770,2022/10/7 4:11,131.4567265,47.0253625,5210209.854,458700.3912,3.6114,177.1,FALSE,5.3,0,300
3771,2022/10/7 4:11,131.4567322,47.025316,5210204.682,458700.7886,1.7594,188.5,FALSE,5.3,0,300
3772,2022/10/7 4:11,131.4567345,47.02533633,5210206.94,458700.9792,5.29672,7.5,FALSE,5.3,0,300
3773,2022/10/7 4:11,131.4567445,47.025374,5210211.123,458701.7684,0.9630399,191.8,FALSE,5.3,0,300
3774,2022/10/7 4:11,131.4567348,47.025372,5210210.906,458701.0295,0,0,FALSE,5.3,0,300
3775,2022/10/7 4:11,131.456736,47.02537017,5210210.702,458701.1193,0,89.2,FALSE,5.3,0,300
3776,2022/10/7 4:12,131.4567357,47.02536983,5210210.664,458701.0962,0,0,FALSE,5.3,0,300
3777,2022/10/7 4:12,131.4567348,47.02537017,5210210.702,458701.0281,0,0,FALSE,5.3,0,300
3778,2022/10/7 4:12,131.4567357,47.02537033,5210210.72,458701.0966,0,0,FALSE,5.3,0,300
3779,2022/10/7 4:12,131.4567377,47.02537,5210210.682,458701.2484,0,0,FALSE,5.3,0,300
3780,2022/10/7 4:12,131.4567383,47.02536967,5210210.645,458701.2938,0,0,FALSE,5.3,0,300
3781,2022/10/7 4:12,131.4567397,47.02536967,5210210.644,458701.4002,0,0,FALSE,5.3,0,300
3782,2022/10/7 4:12,131.4567407,47.025369,5210210.569,458701.4757,0,0,FALSE,5.3,0,300
3783,2022/10/7 4:12,131.4567408,47.02536917,5210210.588,458701.4834,0,0,FALSE,5.3,0,300
3784,2022/10/7 4:12,131.4567413,47.02536883,5210210.55,458701.5212,0,0,FALSE,5.3,0,300
3785,2022/10/7 4:12,131.4567422,47.02536833,5210210.494,458701.5892,0,0,FALSE,5.3,0,300
3786,2022/10/7 4:12,131.4567423,47.02536817,5210210.476,458701.5967,0,0,FALSE,5.3,0,300
3787,2022/10/7 4:12,131.4567423,47.02536817,5210210.476,458701.5967,0,0,FALSE,5.3,0,300
3788,2022/10/7 4:12,131.456743,47.02536767,5210210.42,458701.6495,0,0,FALSE,5.3,0,300
3789,2022/10/7 4:12,131.4567433,47.02536767,5210210.42,458701.6723,0,0,FALSE,5.3,0,300
3790,2022/10/7 4:12,131.4567433,47.025368,5210210.457,458701.6726,0,0,FALSE,5.3,0,300
3791,2022/10/7 4:13,131.4567433,47.025368,5210210.457,458701.6726,0,0,FALSE,5.3,0,300
3792,2022/10/7 4:13,131.4567437,47.025368,5210210.456,458701.703,0,0,FALSE,5.3,0,300
3793,2022/10/7 4:13,131.456744,47.025368,5210210.456,458701.7258,0,0,FALSE,5.3,0,300
3794,2022/10/7 4:13,131.4567442,47.025368,5210210.456,458701.741,0,0,FALSE,5.3,0,300
3795,2022/10/7 4:13,131.4567448,47.02536783,5210210.437,458701.7865,0,0,FALSE,5.3,0,300
3796,2022/10/7 4:13,131.4567452,47.02536767,5210210.419,458701.8168,0,0,FALSE,5.3,0,300
3797,2022/10/7 4:13,131.4567458,47.02536733,5210210.381,458701.8621,0,0,FALSE,5.3,0,300
3798,2022/10/7 4:13,131.4567462,47.02536733,5210210.381,458701.8925,0,0,FALSE,5.3,0,300
3799,2022/10/7 4:13,131.4567465,47.02536733,5210210.38,458701.9153,0,0,FALSE,5.3,0,300
3800,2022/10/7 4:13,131.4567468,47.02536717,5210210.363,458701.938,0,0,FALSE,5.3,0,300
3801,2022/10/7 4:13,131.4567475,47.025367,5210210.343,458701.9911,0,0,FALSE,5.3,0,300
3802,2022/10/7 4:13,131.4567478,47.025367,5210210.343,458702.0139,0,0,FALSE,5.3,0,300
3803,2022/10/7 4:13,131.456748,47.025367,5210210.343,458702.0291,0,0,FALSE,5.3,0,300
3804,2022/10/7 4:13,131.4567482,47.02536717,5210210.362,458702.0444,0,0,FALSE,5.3,0,300
3805,2022/10/7 4:13,131.4567485,47.02536717,5210210.362,458702.0672,0,0,FALSE,5.3,0,300
3806,2022/10/7 4:14,131.4567488,47.02536717,5210210.361,458702.09,0,0,FALSE,5.3,0,300
3807,2022/10/7 4:14,131.4567492,47.02536717,5210210.361,458702.1204,0,0,FALSE,5.3,0,300
3808,2022/10/7 4:14,131.4567493,47.02536717,5210210.361,458702.128,0,0,FALSE,5.3,0,300
3809,2022/10/7 4:14,131.4567492,47.025367,5210210.342,458702.1203,0,0,FALSE,5.3,0,300
3810,2022/10/7 4:14,131.4567403,47.0253215,5210205.289,458701.4086,5.4634,181.6,TRUE,5.3,377,300
3811,2022/10/7 4:14,131.4567373,47.02524417,5210196.693,458701.1209,6.019,186.6,TRUE,5.3,398,300
3812,2022/10/7 4:14,131.4567307,47.02517267,5210188.748,458700.5641,5.44488,184.6,TRUE,5.3,400,300
3813,2022/10/7 4:14,131.4567205,47.02510883,5210181.656,458699.7394,5.87084,183.4,TRUE,5.3,400,300
3814,2022/10/7 4:14,131.4566997,47.02504783,5210174.886,458698.1112,6.40792,191.2,TRUE,5.3,394,300
3815,2022/10/7 4:14,131.4566825,47.02498017,5210167.373,458696.7514,6.50052,189.3,TRUE,5.3,400,300
3816,2022/10/7 4:14,131.4566495,47.02491383,5210160.016,458694.1916,6.2968,186.4,TRUE,5.3,400,300
3817,2022/10/7 4:14,131.4566332,47.02484433,5210152.298,458692.8988,6.03752,184.6,TRUE,5.3,400,300
3818,2022/10/7 4:14,131.4566233,47.0247805,5210145.207,458692.097,6.05604,183.1,TRUE,5.3,400,300
3819,2022/10/7 4:14,131.4566337,47.02471717,5210138.161,458692.8388,6.7598,179.8,TRUE,5.3,400,300
3820,2022/10/7 4:14,131.4566393,47.02465183,5210130.894,458693.2141,6.8524,185.9,TRUE,5.3,395,300
3821,2022/10/7 4:15,131.4566483,47.02456933,5210121.718,458693.8346,6.92648,185.2,TRUE,5.3,388,300
3822,2022/10/7 4:15,131.4566473,47.02449867,5210113.863,458693.7041,8.13028,187.8,TRUE,5.3,400,300
3823,2022/10/7 4:15,131.4566305,47.024423,5210105.46,458692.3686,8.01916,186.1,TRUE,5.3,400,300
3824,2022/10/7 4:15,131.4566387,47.02434,5210096.228,458692.9279,8.57476,184.2,TRUE,5.3,400,300
3825,2022/10/7 4:15,131.4566417,47.02425517,5210086.796,458693.0905,7.81544,183.2,TRUE,5.3,400,300
3826,2022/10/7 4:15,131.4566282,47.02417067,5210077.409,458691.9991,6.68572,184.4,TRUE,5.3,400,300
3827,2022/10/7 4:15,131.456623,47.02408717,5210068.129,458691.5393,7.55616,185.5,TRUE,5.3,400,300
3828,2022/10/7 4:15,131.4566143,47.02400817,5210059.351,458690.817,7.29688,185.9,TRUE,5.3,400,300
3829,2022/10/7 4:15,131.45661,47.02393233,5210050.922,458690.4316,7.98212,181.3,TRUE,5.3,400,300
3830,2022/10/7 4:15,131.4566127,47.023845,5210041.212,458690.5695,8.29696,185.2,TRUE,5.3,400,300
3831,2022/10/7 4:15,131.4566243,47.023762,5210031.979,458691.3873,7.63024,187.1,TRUE,5.3,400,300
3832,2022/10/7 4:15,131.4566118,47.02368567,5210023.5,458690.3782,7.871,181.8,TRUE,5.3,400,300
3833,2022/10/7 4:15,131.4565965,47.02361433,5210015.577,458689.16,7.63024,189.2,TRUE,5.3,400,300
3834,2022/10/7 4:15,131.4565948,47.02351867,5210004.943,458688.957,7.38948,186.5,TRUE,5.3,400,300
3835,2022/10/7 4:15,131.4566013,47.02343333,5209995.452,458689.3853,7.83396,185.3,TRUE,5.3,396,300
3836,2022/10/7 4:16,131.456593,47.02335383,5209986.619,458688.693,7.18576,181.4,TRUE,5.3,398,300
3837,2022/10/7 4:16,131.4565902,47.02327683,5209978.06,458688.4207,6.03752,187.5,TRUE,5.3,394,300
3838,2022/10/7 4:16,131.4565682,47.02320617,5209970.216,458686.6937,8.50068,183,TRUE,5.3,400,300
3839,2022/10/7 4:16,131.4565653,47.02312383,5209961.064,458686.4097,7.83396,181.8,TRUE,5.3,400,300
3840,2022/10/7 4:16,131.4565688,47.02304533,5209952.335,458686.6152,7.33392,186.1,TRUE,5.3,400,300
3841,2022/10/7 4:16,131.4565533,47.02297417,5209944.432,458685.382,7.55616,187.1,TRUE,5.3,400,300
3842,2022/10/7 4:16,131.4565455,47.02289867,5209936.043,458684.7307,7.18576,191.4,TRUE,5.3,400,300
3843,2022/10/7 4:16,131.4565408,47.02281183,5209926.392,458684.3064,7.1302,185.7,TRUE,5.3,398,300
3844,2022/10/7 4:16,131.4565313,47.022738,5209918.189,458683.5273,7.64876,186.8,TRUE,5.3,400,300
3845,2022/10/7 4:16,131.456514,47.022652,5209908.637,458682.1457,8.96368,189.8,TRUE,5.3,400,300
3846,2022/10/7 4:16,131.4564923,47.02257167,5209899.718,458680.434,6.96352,188.9,TRUE,5.3,400,300
3847,2022/10/7 4:16,131.4564838,47.02249017,5209890.662,458679.7249,7.778399,184.3,TRUE,5.3,400,300
3848,2022/10/7 4:16,131.4564832,47.02240867,5209881.602,458679.6164,8.01916,187.4,TRUE,5.3,400,300
3849,2022/10/7 4:16,131.4564717,47.02233667,5209873.604,458678.6866,8.167319,187.3,TRUE,5.3,400,300
3850,2022/10/7 4:16,131.456465,47.0222585,5209864.917,458678.1169,7.53764,188.7,TRUE,5.3,400,300
3851,2022/10/7 4:17,131.4564387,47.02217633,5209855.796,458676.0541,7.81544,191.1,TRUE,5.3,400,300
3852,2022/10/7 4:17,131.4564352,47.02209033,5209846.237,458675.7216,7.51912,190.8,TRUE,5.3,395,300
3853,2022/10/7 4:17,131.4564142,47.02200983,5209837.299,458674.063,8.0562,191.8,TRUE,5.3,400,300
3854,2022/10/7 4:17,131.4564015,47.021937,5209829.209,458673.0413,7.408,189.4,TRUE,5.3,395,300
3855,2022/10/7 4:17,131.4563892,47.0218705,5209821.823,458672.0549,7.07464,189.4,TRUE,5.3,374,300
3856,2022/10/7 4:17,131.4563752,47.02179033,5209812.918,458670.9286,7.463561,188.1,TRUE,5.3,400,300
3857,2022/10/7 4:17,131.4563655,47.021718,5209804.882,458670.1354,4.167,191.7,TRUE,5.3,400,300
3858,2022/10/7 4:17,131.4563585,47.02167083,5209799.642,458669.5668,5.51896,175.3,TRUE,5.3,221,300
3859,2022/10/7 4:17,131.4563977,47.02161417,5209793.322,458672.5033,2.9632,117.9,FALSE,5.3,0,300
3860,2022/10/7 4:17,131.4564145,47.02160433,5209792.219,458673.7729,3.4262,299.6,FALSE,5.3,0,300
3861,2022/10/7 4:17,131.4563588,47.02162183,5209794.194,458669.5518,5.66712,267.2,FALSE,5.3,0,300
3862,2022/10/7 4:17,131.4563608,47.02161867,5209793.842,458669.7014,3.07432,84.9,FALSE,5.3,0,300
3863,2022/10/7 4:17,131.4564502,47.0216355,5209795.666,458676.511,6.22272,45.9,FALSE,5.3,0,300
3864,2022/10/7 4:17,131.4565118,47.021684,5209801.025,458681.2316,5.20412,27.5,FALSE,5.3,0,300
3865,2022/10/7 4:17,131.4565512,47.02172867,5209805.97,458684.2614,4.4448,18.3,TRUE,5.3,400,300
3866,2022/10/7 4:18,131.4565595,47.02177967,5209811.635,458684.9318,5.33376,6.9,TRUE,5.3,400,300
3867,2022/10/7 4:18,131.4565643,47.02183833,5209818.154,458685.342,6.24124,7.4,TRUE,5.3,400,300
3868,2022/10/7 4:18,131.4565623,47.0219065,5209825.734,458685.2425,7.01908,6.8,TRUE,5.3,366,300
3869,2022/10/7 4:18,131.4565675,47.0219885,5209834.847,458685.7011,7.72284,4,TRUE,5.3,400,300
3870,2022/10/7 4:18,131.4565815,47.02206067,5209842.863,458686.8211,6.92648,10.1,TRUE,5.3,400,300
3871,2022/10/7 4:18,131.4565963,47.02213617,5209851.249,458688.0045,7.704319,4.4,TRUE,5.3,400,300
3872,2022/10/7 4:18,131.4565998,47.02221333,5209859.825,458688.3301,7.14872,4.5,TRUE,5.3,400,300
3873,2022/10/7 4:18,131.4566078,47.02229383,5209868.77,458689.0004,7.25984,9.2,TRUE,5.3,400,300
3874,2022/10/7 4:18,131.456622,47.02236683,5209876.878,458690.1363,7.889521,10.4,TRUE,5.3,400,300
3875,2022/10/7 4:18,131.4566315,47.0224425,5209885.285,458690.9169,7.37096,8.7,TRUE,5.3,400,300
3876,2022/10/7 4:18,131.4566512,47.02251317,5209893.131,458692.469,7.44504,6,TRUE,5.3,400,300
3877,2022/10/7 4:18,131.4566603,47.02259267,5209901.964,458693.2222,7.90804,7.3,TRUE,5.3,400,300
3878,2022/10/7 4:18,131.4566683,47.02266917,5209910.465,458693.8894,6.74128,2.8,TRUE,5.3,400,300
3879,2022/10/7 4:18,131.4566702,47.02274567,5209918.968,458694.0928,7.2228,4.4,TRUE,5.3,400,300
3880,2022/10/7 4:18,131.4566705,47.02282117,5209927.361,458694.1739,6.90796,1.4,TRUE,5.3,400,300
3881,2022/10/7 4:19,131.4566855,47.0228995,5209936.062,458695.3746,7.94508,4.6,TRUE,5.3,400,300
3882,2022/10/7 4:19,131.4566998,47.022986,5209945.67,458696.5285,7.63024,4,TRUE,5.3,400,300
3883,2022/10/7 4:19,131.4567,47.02307033,5209955.045,458696.6087,7.778399,4.2,TRUE,5.3,400,300
3884,2022/10/7 4:19,131.4566992,47.023154,5209964.347,458696.6125,7.90804,5.9,TRUE,5.3,400,300
3885,2022/10/7 4:19,131.4567015,47.02322733,5209972.498,458696.8439,8.185841,5.9,TRUE,5.3,400,300
3886,2022/10/7 4:19,131.4567172,47.023302,5209980.791,458698.095,8.185841,7.4,TRUE,5.3,400,300
3887,2022/10/7 4:19,131.4567302,47.02338033,5209989.492,458699.1437,8.11176,6.7,TRUE,5.3,400,300
3888,2022/10/7 4:19,131.4567263,47.02346633,5209999.055,458698.9136,8.926641,4.7,TRUE,5.3,400,300
3889,2022/10/7 4:19,131.4567307,47.02354917,5210008.262,458699.3119,7.852479,4.7,TRUE,5.3,400,300
3890,2022/10/7 4:19,131.4567522,47.023623,5210016.459,458701.0034,7.79692,6.7,TRUE,5.3,400,300
3891,2022/10/7 4:19,131.4567447,47.02370217,5210025.264,458700.4943,8.09324,8,TRUE,5.3,400,300
3892,2022/10/7 4:19,131.4567448,47.02378717,5210034.713,458700.5674,7.53764,357.3,TRUE,5.3,400,300
3893,2022/10/7 4:19,131.4567462,47.02386,5210042.809,458700.73,7.94508,6.9,TRUE,5.3,400,300
3894,2022/10/7 4:19,131.4567517,47.0239415,5210051.867,458701.211,8.07472,6.8,TRUE,5.3,400,300
3895,2022/10/7 4:19,131.4567575,47.02402017,5210060.61,458701.7126,7.27836,11.8,TRUE,5.3,400,300
3896,2022/10/7 4:20,131.456764,47.02409733,5210069.184,458702.2662,8.37104,2.2,TRUE,5.3,400,300
3897,2022/10/7 4:20,131.456765,47.0241845,5210078.874,458702.4095,8.334,6.4,TRUE,5.3,400,300
3898,2022/10/7 4:20,131.4567745,47.02427017,5210088.393,458703.1977,8.09324,4.7,TRUE,5.3,400,300
3899,2022/10/7 4:20,131.4567797,47.024351,5210097.377,458703.6554,7.852479,7.6,TRUE,5.3,400,300
3900,2022/10/7 4:20,131.4567868,47.02442867,5210106.007,458704.255,7.55616,8.8,TRUE,5.3,400,300
3901,2022/10/7 4:20,131.4567987,47.02450183,5210114.134,458705.2161,6.1116,5.7,TRUE,5.3,400,300
3902,2022/10/7 4:20,131.4567918,47.02457667,5210122.458,458704.7493,6.81536,4.1,TRUE,5.3,400,300
3903,2022/10/7 4:20,131.4567947,47.0246425,5210129.775,458705.0205,8.40808,7.8,TRUE,5.3,400,300
3904,2022/10/7 4:20,131.4567987,47.02473033,5210139.537,458705.3923,8.0562,6.2,TRUE,5.3,400,300
3905,2022/10/7 4:20,131.4568053,47.02481833,5210149.317,458705.9619,7.63024,5.4,TRUE,5.3,400,300
3906,2022/10/7 4:20,131.4568245,47.0248945,5210157.774,458707.4802,6.63016,4.6,TRUE,5.3,400,300
3907,2022/10/7 4:20,131.4568387,47.02496017,5210165.067,458708.6104,8.1488,7.7,TRUE,5.3,400,300
3908,2022/10/7 4:20,131.4568427,47.02503783,5210173.699,458708.9743,8.7044,2.4,TRUE,5.3,400,300
3909,2022/10/7 4:20,131.4568363,47.02512733,5210183.652,458708.5568,8.334,6,TRUE,5.3,400,300
3910,2022/10/7 4:20,131.4568388,47.02521083,5210192.934,458708.8113,6.61164,9.8,TRUE,5.3,400,300
3911,2022/10/7 4:21,131.4568427,47.0252845,5210201.121,458709.1645,6.96352,8.4,TRUE,5.3,370,300
3912,2022/10/7 4:21,131.4568527,47.02534533,5210207.879,458709.9717,5.96344,14.1,TRUE,5.3,369,300
3913,2022/10/7 4:21,131.4568615,47.0253945,5210213.34,458710.6785,4.98188,11.5,TRUE,5.3,400,300
3914,2022/10/7 4:21,131.4568925,47.02544383,5210218.808,458713.0732,4.51888,45.1,FALSE,5.3,0,300
3915,2022/10/7 4:21,131.4569505,47.02545067,5210219.538,458717.4876,2.11128,120.6,FALSE,5.3,0,300
3916,2022/10/7 4:21,131.4568985,47.02544067,5210218.454,458713.5269,5.98196,262.2,FALSE,5.3,0,300
3917,2022/10/7 4:21,131.4568257,47.02545833,5210220.455,458708.0063,1.1112,116,FALSE,5.3,0,300
3918,2022/10/7 4:21,131.456835,47.0254505,5210219.58,458708.7072,4.24108,112.9,FALSE,5.3,0,300
3919,2022/10/7 4:21,131.4568755,47.0254225,5210216.446,458711.7644,5.11152,165.9,FALSE,5.3,0,300
3920,2022/10/7 4:21,131.4568678,47.02538017,5210211.744,458711.1464,4.5374,193,TRUE,5.3,400,300
3921,2022/10/7 4:21,131.456862,47.0253435,5210207.67,458710.6772,5.05596,194.1,TRUE,5.3,400,300
3922,2022/10/7 4:21,131.456853,47.02529583,5210202.376,458709.9563,4.50036,187.7,TRUE,5.3,400,300
3923,2022/10/7 4:21,131.4568428,47.02523917,5210196.082,458709.1372,6.25976,194.9,TRUE,5.3,400,300
3924,2022/10/7 4:21,131.4568355,47.025179,5210189.397,458708.5359,5.79676,194.8,TRUE,5.3,400,300
3925,2022/10/7 4:21,131.4568355,47.02512533,5210183.43,458708.4945,6.14864,187.7,TRUE,5.3,400,300
3926,2022/10/7 4:22,131.4568445,47.02506767,5210177.015,458709.1342,5.29672,185.5,TRUE,5.3,400,300
3927,2022/10/7 4:22,131.4568457,47.02500917,5210170.511,458709.1803,4.9078,185.7,TRUE,5.3,400,300
3928,2022/10/7 4:22,131.456832,47.0249475,5210163.662,458708.0913,6.5746,183,TRUE,5.3,400,300
3929,2022/10/7 4:22,131.4568098,47.02487433,5210155.54,458706.3472,8.50068,187.3,TRUE,5.3,400,300
3930,2022/10/7 4:22,131.456802,47.02478633,5210145.761,458705.6864,7.64876,191.5,TRUE,5.3,400,300
3931,2022/10/7 4:22,131.4568063,47.0247155,5210137.884,458705.9586,9.00072,187.1,TRUE,5.3,400,300
3932,2022/10/7 4:22,131.4568043,47.0246335,5210128.769,458705.7434,7.64876,186.4,TRUE,5.3,400,300
3933,2022/10/7 4:22,131.456806,47.02455467,5210120.005,458705.8118,7.66728,186.2,TRUE,5.3,400,300
3934,2022/10/7 4:22,131.4567918,47.0244805,5210111.767,458704.6751,7.75988,191,TRUE,5.3,400,300
3935,2022/10/7 4:22,131.4567937,47.0244005,5210102.872,458704.7579,7.6858,184.7,TRUE,5.3,400,300
3936,2022/10/7 4:22,131.4567887,47.02432717,5210094.723,458704.3212,7.463561,183.4,TRUE,5.3,400,300
3937,2022/10/7 4:22,131.4567942,47.02424417,5210085.492,458704.6753,7.92656,187.7,TRUE,5.3,400,300
3938,2022/10/7 4:22,131.4567847,47.024167,5210076.918,458703.8936,8.037681,180,TRUE,5.3,400,300
3939,2022/10/7 4:22,131.4567843,47.02408,5210067.247,458703.7961,8.13028,184.9,TRUE,5.3,400,300
3940,2022/10/7 4:22,131.4567697,47.02400167,5210058.546,458702.6258,6.5746,183.4,TRUE,5.3,400,300
3941,2022/10/7 4:23,131.4567463,47.0239305,5210050.647,458700.792,7.35244,184.8,TRUE,5.3,400,300
3942,2022/10/7 4:23,131.4567572,47.02384483,5210041.117,458701.5545,7.42652,184,TRUE,5.3,397,300
3943,2022/10/7 4:23,131.4567588,47.023774,5210033.242,458701.6216,7.61172,188.6,TRUE,5.3,395,300
3944,2022/10/7 4:23,131.4567558,47.02368983,5210023.886,458701.3286,7.778399,180.3,TRUE,5.3,400,300
3945,2022/10/7 4:23,131.4567517,47.02360917,5210014.921,458700.9547,8.07472,177.2,TRUE,5.3,400,300
3946,2022/10/7 4:23,131.456744,47.02352767,5210005.865,458700.3065,8.46364,185.7,TRUE,5.3,400,300
3947,2022/10/7 4:23,131.4567415,47.02344367,5209996.528,458700.0516,7.55616,185,TRUE,5.3,400,300
3948,2022/10/7 4:23,131.456723,47.02337633,5209989.051,458698.5933,8.29696,185.6,TRUE,5.3,400,300
3949,2022/10/7 4:23,131.4567147,47.023291,5209979.57,458697.8965,7.37096,192.1,TRUE,5.3,400,300
3950,2022/10/7 4:23,131.4567117,47.0232195,5209971.622,458697.6133,7.64876,187.2,TRUE,5.3,400,300
3951,2022/10/7 4:23,131.4567032,47.02313483,5209962.214,458696.9018,8.185841,182.1,TRUE,5.3,375,300
3952,2022/10/7 4:23,131.4566962,47.02305483,5209953.324,458696.3079,7.61172,183.5,TRUE,5.3,400,300
3953,2022/10/7 4:23,131.4566828,47.02297483,5209944.438,458695.2275,7.852479,185.8,TRUE,5.3,400,300
3954,2022/10/7 4:23,131.4566745,47.02289783,5209935.882,458694.5371,7.44504,188.6,TRUE,5.3,400,300
3955,2022/10/7 4:23,131.4566535,47.02280983,5209926.11,458692.8727,7.63024,190.3,TRUE,5.3,400,300
3956,2022/10/7 4:24,131.45665,47.0227395,5209918.293,458692.5524,7.3154,188.4,TRUE,5.3,400,300
3957,2022/10/7 4:24,131.4566475,47.02265667,5209909.086,458692.2984,8.0562,185.8,TRUE,5.3,400,300
3958,2022/10/7 4:24,131.456634,47.02257933,5209900.495,458691.2125,8.315479,187.5,TRUE,5.3,400,300
3959,2022/10/7 4:24,131.456607,47.02248783,5209890.337,458689.0892,7.61172,188.2,TRUE,5.3,400,300
3960,2022/10/7 4:24,131.4566137,47.02240983,5209881.662,458689.5384,6.55608,187.9,TRUE,5.3,400,300
3961,2022/10/7 4:24,131.456612,47.02233483,5209873.325,458689.3513,8.01916,191.8,TRUE,5.3,400,300
3962,2022/10/7 4:24,131.456605,47.02225917,5209864.918,458688.7608,8.09324,187,TRUE,5.3,400,300
3963,2022/10/7 4:24,131.4565822,47.02218817,5209857.037,458686.9727,7.79692,186.6,TRUE,5.3,400,300
3964,2022/10/7 4:24,131.4565782,47.02211167,5209848.534,458686.6096,7.57468,190,TRUE,5.3,400,300
3965,2022/10/7 4:24,131.4565712,47.02203617,5209840.145,458686.0192,8.01916,182.3,TRUE,5.3,400,300
3966,2022/10/7 4:24,131.4565613,47.02195217,5209830.812,458685.2017,7.94508,188.1,TRUE,5.3,400,300
3967,2022/10/7 4:24,131.4565517,47.02187033,5209821.718,458684.4087,7.81544,192.4,TRUE,5.3,400,300
3968,2022/10/7 4:24,131.4565353,47.02179617,5209813.483,458683.1047,5.35228,190.5,TRUE,5.3,368,300
3969,2022/10/7 4:24,131.456519,47.0217485,5209808.192,458681.8287,5.48192,194,TRUE,5.3,400,300
3970,2022/10/7 4:24,131.4565068,47.02170333,5209803.177,458680.8664,5.24116,182.1,TRUE,5.3,205,300
3971,2022/10/7 4:25,131.4565682,47.02164883,5209797.085,458685.4923,5.94492,117.7,FALSE,5.3,0,300
3972,2022/10/7 4:25,131.4566537,47.02163233,5209795.206,458691.9797,0,95.7,FALSE,5.3,0,300
3973,2022/10/7 4:25,131.4566047,47.02162833,5209794.787,458688.2514,5.11152,264.1,FALSE,5.3,0,300
3974,2022/10/7 4:25,131.4565483,47.02161417,5209793.243,458683.9526,0.7408,248.2,FALSE,5.3,0,300
3975,2022/10/7 4:25,131.4565965,47.02162333,5209794.236,458687.6241,6.59312,50,FALSE,5.3,0,300
3976,2022/10/7 4:25,131.4566665,47.02168033,5209800.535,458692.9898,6.37088,15.7,FALSE,5.3,0,300
3977,2022/10/7 4:25,131.4566895,47.0217345,5209806.545,458694.7802,5.03744,16.2,TRUE,5.3,221,300
3978,2022/10/7 4:25,131.4567022,47.02177967,5209811.56,458695.7805,4.88928,17.8,TRUE,5.3,400,300
3979,2022/10/7 4:25,131.4567125,47.0218195,5209815.983,458696.5943,5.20412,10.4,TRUE,5.3,400,300
3980,2022/10/7 4:25,131.4567292,47.02187017,5209821.607,458697.903,5.50044,10.9,TRUE,5.3,400,300
3981,2022/10/7 4:25,131.4567407,47.021932,5209828.475,458698.825,6.22272,10,TRUE,5.3,400,300
3982,2022/10/7 4:25,131.4567387,47.022012,5209837.369,458698.7346,7.463561,9.4,TRUE,5.3,400,300
3983,2022/10/7 4:25,131.4567458,47.02209817,5209846.945,458699.3409,8.29696,7.3,TRUE,5.3,400,300
3984,2022/10/7 4:25,131.4567538,47.02217867,5209855.89,458700.0111,7.90804,8.7,TRUE,5.3,400,300
3985,2022/10/7 4:25,131.456766,47.02225083,5209863.906,458700.9943,8.11176,11.8,TRUE,5.3,400,300
3986,2022/10/7 4:26,131.4567843,47.02232183,5209871.789,458702.4403,8.59328,10.6,TRUE,5.3,400,300
3987,2022/10/7 4:26,131.456799,47.02240733,5209881.287,458703.6238,7.64876,9.2,TRUE,5.3,400,300
3988,2022/10/7 4:26,131.456812,47.022486,5209890.026,458704.6727,9.278521,10.5,TRUE,5.3,400,300
3989,2022/10/7 4:26,131.4568208,47.02257083,5209899.452,458705.4071,7.55616,7.4,TRUE,5.3,400,300
3990,2022/10/7 4:26,131.456821,47.02265033,5209908.29,458705.4837,7.3154,6.1,TRUE,5.3,400,300
3991,2022/10/7 4:26,131.4568162,47.02272217,5209916.279,458705.1741,8.2414,12.8,TRUE,5.3,400,300
3992,2022/10/7 4:26,131.4568253,47.0228115,5209926.205,458705.9348,7.92656,4.6,TRUE,5.3,388,300
3993,2022/10/7 4:26,131.4568397,47.02291383,5209937.573,458707.1085,7.79692,14.7,TRUE,5.3,400,300
3994,2022/10/7 4:26,131.4568542,47.02298267,5209945.219,458708.2639,8.2414,7.7,TRUE,5.3,400,300
3995,2022/10/7 4:26,131.4568697,47.02305033,5209952.732,458709.4944,7.463561,7.4,TRUE,5.3,400,300
3996,2022/10/7 4:26,131.4568813,47.023127,5209961.25,458710.4354,8.389561,7.6,TRUE,5.3,400,300
3997,2022/10/7 4:26,131.4568803,47.02321033,5209970.514,458710.4236,8.50068,10.3,TRUE,5.3,400,300
3998,2022/10/7 4:26,131.4568723,47.02328183,5209978.467,458709.8706,7.66728,6.3,TRUE,5.3,400,300
3999,2022/10/7 4:26,131.4568833,47.02336517,5209987.726,458710.7711,8.185841,4.7,TRUE,5.3,400,300
4000,2022/10/7 4:26,131.4568797,47.02344383,5209996.473,458710.5581,8.334,7.4,TRUE,5.3,400,300
4001,2022/10/7 4:27,131.4568978,47.02352117,5210005.061,458711.9937,7.57468,7.3,TRUE,5.3,400,300
4002,2022/10/7 4:27,131.4568995,47.02360017,5210013.843,458712.1838,7.42652,3,TRUE,5.3,400,300
4003,2022/10/7 4:27,131.4569112,47.02368083,5210022.804,458713.1355,7.871,4.7,TRUE,5.3,400,300
4004,2022/10/7 4:27,131.4569113,47.02375067,5210030.568,458713.1969,7.9636,8.1,TRUE,5.3,400,300
4005,2022/10/7 4:27,131.4569222,47.0238355,5210039.993,458714.091,7.63024,3,TRUE,5.3,382,300
4006,2022/10/7 4:27,131.456916,47.0239145,5210048.779,458713.6805,9.24148,6.1,TRUE,5.3,400,300
4007,2022/10/7 4:27,131.4569193,47.0240065,5210059.005,458714.0023,7.01908,5.3,TRUE,5.3,400,300
4008,2022/10/7 4:27,131.4569338,47.02407667,5210066.798,458715.1588,7.48208,7.9,TRUE,5.3,400,300
4009,2022/10/7 4:27,131.456947,47.02414617,5210074.517,458716.2158,6.70424,6.9,TRUE,5.3,400,300
4010,2022/10/7 4:27,131.45694,47.024221,5210082.84,458715.7414,8.07472,9.3,TRUE,5.3,400,300
4011,2022/10/7 4:27,131.4569313,47.024305,5210092.183,458715.1447,7.9636,6.1,TRUE,5.3,400,300
4012,2022/10/7 4:27,131.4569402,47.02437733,5210100.219,458715.8771,8.315479,8.2,TRUE,5.3,400,300
4013,2022/10/7 4:27,131.4569535,47.02446417,5210109.866,458716.9551,8.871079,7.8,TRUE,5.3,400,300
4014,2022/10/7 4:27,131.4569637,47.024533,5210117.513,458717.7836,7.889521,9.7,TRUE,5.3,400,300
4015,2022/10/7 4:27,131.4569713,47.02461667,5210126.81,458718.4259,7.20428,5.1,TRUE,5.3,400,300
4016,2022/10/7 4:28,131.4569582,47.02469633,5210135.673,458717.4914,7.704319,359.6,TRUE,5.3,400,300
4017,2022/10/7 4:28,131.4569573,47.02476967,5210143.827,458717.4795,7.00056,9.8,TRUE,5.3,374,300
4018,2022/10/7 4:28,131.4569675,47.02484167,5210151.826,458718.3104,7.2228,4.5,TRUE,5.3,400,300
4019,2022/10/7 4:28,131.456972,47.02492367,5210160.939,458718.7157,8.20436,6.9,TRUE,5.3,400,300
4020,2022/10/7 4:28,131.4569862,47.02501667,5210171.271,458719.8669,9.18592,9.8,TRUE,5.3,396,300
4021,2022/10/7 4:28,131.457006,47.02509517,5210179.987,458721.4326,8.64884,7.2,TRUE,5.3,400,300
4022,2022/10/7 4:28,131.4570137,47.0251725,5210188.58,458722.0776,7.9636,7.2,TRUE,5.3,400,300
4023,2022/10/7 4:28,131.457018,47.02523633,5210195.674,458722.4537,6.64868,5.1,TRUE,5.3,375,300
4024,2022/10/7 4:28,131.4570248,47.0253115,5210204.027,458723.0286,6.74128,4.5,TRUE,5.3,397,300
4025,2022/10/7 4:28,131.4570388,47.025379,5210211.524,458724.1449,6.05604,358.3,TRUE,5.3,400,300
4026,2022/10/7 4:28,131.4570445,47.02543117,5210217.32,458724.6184,4.20404,19.6,TRUE,5.3,400,300
4027,2022/10/7 4:28,131.457073,47.025469,5210221.511,458726.8141,4.74112,54.6,FALSE,5.3,0,300
4028,2022/10/7 4:28,131.4571002,47.02546717,5210221.293,458728.8805,0.38892,83.5,FALSE,5.3,0,300
4029,2022/10/7 4:28,131.4570248,47.025457,5210220.202,458723.1407,5.01892,278.4,FALSE,5.3,0,300
4030,2022/10/7 4:28,131.456946,47.02546533,5210221.17,458717.1568,4.0744,268,FALSE,5.3,0,300
4031,2022/10/7 4:29,131.4569155,47.02546233,5210220.853,458714.8359,0,268.6,FALSE,5.3,0,300
4032,2022/10/7 4:29,131.4569175,47.0254635,5210220.982,458714.9888,0,0,FALSE,5.3,0,300
4033,2022/10/7 4:29,131.4569398,47.02546283,5210220.895,458716.6836,4.40776,104,FALSE,5.3,0,300
4034,2022/10/7 4:29,131.4569988,47.02542917,5210217.122,458721.1428,4.38924,158.4,FALSE,5.3,0,300
4035,2022/10/7 4:29,131.4570238,47.0253875,5210212.477,458723.0111,5.20412,182.1,TRUE,5.3,225,300
4036,2022/10/7 4:29,131.457029,47.0253435,5210207.582,458723.3725,4.92632,184.2,TRUE,5.3,400,300
4037,2022/10/7 4:29,131.4570347,47.0252995,5210202.688,458723.7719,5.81528,182.3,TRUE,5.3,400,300
4038,2022/10/7 4:29,131.4570265,47.025231,5210195.077,458723.0958,7.11168,185.7,TRUE,5.3,400,300
4039,2022/10/7 4:29,131.4570197,47.02515683,5210186.835,458722.5217,7.3154,189.6,TRUE,5.3,400,300
4040,2022/10/7 4:29,131.4570085,47.02508133,5210178.447,458721.612,7.29688,185,TRUE,5.3,400,300
4041,2022/10/7 4:29,131.4569963,47.02500317,5210169.765,458720.6243,7.42652,183.1,TRUE,5.3,376,300
4042,2022/10/7 4:29,131.4569872,47.02492717,5210161.321,458719.874,8.29696,183.3,TRUE,5.3,400,300
4043,2022/10/7 4:29,131.4569847,47.02484467,5210152.15,458719.6203,7.24132,185.7,TRUE,5.3,400,300
4044,2022/10/7 4:29,131.456975,47.02476633,5210143.446,458718.8225,6.61164,188.7,TRUE,5.3,400,300
4045,2022/10/7 4:29,131.4569665,47.024693,5210135.299,458718.1198,8.037681,184.6,TRUE,5.3,400,300
4046,2022/10/7 4:30,131.4569538,47.024619,5210127.079,458717.0973,7.11168,188.8,TRUE,5.3,400,300
4047,2022/10/7 4:30,131.4569457,47.02454533,5210118.893,458716.4247,8.9822,182.8,TRUE,5.3,400,300
4048,2022/10/7 4:30,131.4569527,47.02446217,5210109.644,458716.8928,7.44504,185.3,TRUE,5.3,384,300
4049,2022/10/7 4:30,131.456946,47.0243885,5210101.458,458716.3266,8.2414,185.1,TRUE,5.3,400,300
4050,2022/10/7 4:30,131.4569405,47.02430983,5210092.715,458715.8479,7.1302,185.7,TRUE,5.3,400,300
4051,2022/10/7 4:30,131.4569323,47.0242325,5210084.122,458715.1649,8.01916,182.9,TRUE,5.3,400,300
4052,2022/10/7 4:30,131.4569293,47.02415817,5210075.861,458714.8795,7.48208,183.1,TRUE,5.3,395,300
4053,2022/10/7 4:30,131.4569238,47.02408517,5210067.748,458714.4051,7.408,186.3,TRUE,5.3,400,300
4054,2022/10/7 4:30,131.4569138,47.024006,5210058.952,458713.5838,7.37096,185.4,TRUE,5.3,400,300
4055,2022/10/7 4:30,131.4569162,47.0239225,5210049.668,458713.7019,7.79692,187.5,TRUE,5.3,400,300
4056,2022/10/7 4:30,131.4569118,47.0238335,5210039.776,458713.2988,8.185841,186.6,TRUE,5.3,400,300
4057,2022/10/7 4:30,131.4569042,47.02375767,5210031.35,458712.6626,7.63024,184.7,TRUE,5.3,400,300
4058,2022/10/7 4:30,131.4569035,47.0236835,5210023.105,458712.5522,7.3154,182.1,TRUE,5.3,400,300
4059,2022/10/7 4:30,131.456894,47.02360767,5210014.68,458711.7715,7.27836,185,TRUE,5.3,400,300
4060,2022/10/7 4:30,131.4568998,47.02352733,5210005.745,458712.1505,7.14872,185.6,TRUE,5.3,400,300
4061,2022/10/7 4:31,131.4568875,47.02345283,5209997.469,458711.158,7.33392,185.2,TRUE,5.3,400,300
4062,2022/10/7 4:31,131.4568843,47.0233735,5209988.652,458710.8535,8.2414,186.2,TRUE,5.3,400,300
4063,2022/10/7 4:31,131.4568772,47.02328783,5209979.131,458710.2477,8.334,182.4,TRUE,5.3,400,300
4064,2022/10/7 4:31,131.456867,47.0232115,5209970.651,458709.4134,8.037681,186.1,TRUE,5.3,400,300
4065,2022/10/7 4:31,131.4568645,47.02313483,5209962.129,458709.1643,7.00056,182.3,TRUE,5.3,400,300
4066,2022/10/7 4:31,131.4568525,47.023064,5209954.261,458708.1974,8.11176,186.3,TRUE,5.3,400,300
4067,2022/10/7 4:31,131.4568323,47.0229885,5209945.878,458706.6035,7.24132,189.6,TRUE,5.3,400,300
4068,2022/10/7 4:31,131.456842,47.02290483,5209936.572,458707.2764,6.98204,187.9,TRUE,5.3,400,300
4069,2022/10/7 4:31,131.4568365,47.022826,5209927.811,458706.7975,8.55624,186.7,TRUE,5.3,400,300
4070,2022/10/7 4:31,131.456817,47.0227395,5209918.205,458705.2483,7.79692,192.5,TRUE,5.3,400,300
4071,2022/10/7 4:31,131.4568123,47.0226595,5209909.314,458704.8293,6.79684,185,TRUE,5.3,400,300
4072,2022/10/7 4:31,131.4567972,47.02258667,5209901.225,458703.6252,7.24132,184.9,TRUE,5.3,400,300
4073,2022/10/7 4:31,131.4567957,47.022509,5209892.591,458703.4513,7.5006,191.2,TRUE,5.3,396,300
4074,2022/10/7 4:31,131.456793,47.02242583,5209883.347,458703.1819,6.96352,187.8,TRUE,5.3,399,300
4075,2022/10/7 4:31,131.4567797,47.02234717,5209874.609,458702.1101,7.14872,187.7,TRUE,5.3,400,300
4076,2022/10/7 4:32,131.456767,47.0222725,5209866.314,458701.087,6.61164,189.6,TRUE,5.3,400,300
4077,2022/10/7 4:32,131.4567533,47.02219917,5209858.169,458699.9889,8.81552,187.3,TRUE,5.3,400,300
4078,2022/10/7 4:32,131.4567475,47.0221175,5209849.093,458699.485,7.463561,182.8,TRUE,5.3,400,300
4079,2022/10/7 4:32,131.4567398,47.02204133,5209840.629,458698.8409,6.3894,181.5,TRUE,5.3,400,300
4080,2022/10/7 4:32,131.45673,47.02197267,5209833.002,458698.0429,7.55616,188.9,TRUE,5.3,400,300
4081,2022/10/7 4:32,131.4567105,47.02189483,5209824.358,458696.5004,7.889521,191.4,TRUE,5.3,398,300
4082,2022/10/7 4:32,131.4567032,47.0218215,5209816.21,458695.8888,7.72284,188.4,TRUE,5.3,400,300
4083,2022/10/7 4:32,131.4566813,47.02175583,5209808.921,458694.1732,5.38932,193.5,TRUE,5.3,400,300
4084,2022/10/7 4:32,131.4566698,47.02169767,5209802.461,458693.2541,5.61156,176.1,TRUE,5.3,151,300
4085,2022/10/7 4:32,131.4567355,47.02165467,5209797.646,458698.2158,5.66712,110.7,FALSE,5.3,0,300
4086,2022/10/7 4:32,131.45677,47.0216505,5209797.165,458700.8354,4.92632,272.6,FALSE,5.3,0,300
4087,2022/10/7 4:32,131.456688,47.02164967,5209797.115,458694.6007,3.40768,237.2,FALSE,5.3,0,300
4088,2022/10/7 4:32,131.4567127,47.02164717,5209796.825,458696.4766,6.18568,62.5,FALSE,5.3,0,300
4089,2022/10/7 4:32,131.4567985,47.021685,5209800.985,458703.0287,6.68572,23.9,FALSE,5.3,0,300
4090,2022/10/7 4:32,131.456825,47.02173833,5209806.9,458705.0845,4.51888,11.4,TRUE,5.3,365,300
4091,2022/10/7 4:33,131.4568408,47.0217865,5209812.246,458706.3229,5.38932,11.1,TRUE,5.3,400,300
4092,2022/10/7 4:33,131.4568488,47.021843,5209818.523,458706.9746,5.68564,9.8,TRUE,5.3,400,300
4093,2022/10/7 4:33,131.4568588,47.02190267,5209825.152,458707.7809,7.778399,8.7,TRUE,5.3,400,300
4094,2022/10/7 4:33,131.4568893,47.02196883,5209832.491,458710.1506,8.55624,7.2,TRUE,5.3,400,300
4095,2022/10/7 4:33,131.4569132,47.0220535,5209841.891,458712.0329,8.81552,7.5,TRUE,5.3,400,300
4096,2022/10/7 4:33,131.4568972,47.02213417,5209850.867,458710.8787,7.38948,4.1,TRUE,5.3,400,300
4097,2022/10/7 4:33,131.456895,47.0222095,5209859.243,458710.7695,6.72276,7.9,TRUE,5.3,400,300
4098,2022/10/7 4:33,131.4569322,47.0222765,5209866.672,458713.6493,7.83396,8.6,TRUE,5.3,400,300
4099,2022/10/7 4:33,131.4569497,47.02234633,5209874.426,458715.0335,8.871079,8.3,TRUE,5.3,400,300
4100,2022/10/7 4:33,131.4569565,47.0224385,5209884.669,458715.6216,8.11176,10.8,TRUE,5.3,400,300
4101,2022/10/7 4:33,131.4569713,47.02251433,5209893.091,458716.8052,6.96352,5.8,TRUE,5.3,400,300
4102,2022/10/7 4:33,131.4569747,47.02259283,5209901.816,458717.1242,7.94508,6,TRUE,5.3,400,300
4103,2022/10/7 4:33,131.456979,47.02267517,5209910.968,458717.5145,8.315479,6.2,TRUE,5.3,400,300
4104,2022/10/7 4:33,131.4569878,47.02275567,5209919.912,458718.2456,7.24132,9.4,TRUE,5.3,400,300
4105,2022/10/7 4:33,131.4570017,47.02282217,5209927.298,458719.3536,7.83396,9.6,TRUE,5.3,400,300
4106,2022/10/7 4:34,131.4570042,47.0229005,5209936.005,458719.604,7.01908,6.7,TRUE,5.3,400,300
4107,2022/10/7 4:34,131.4570245,47.022966,5209943.276,458721.1978,8.01916,6.7,TRUE,5.3,400,300
4108,2022/10/7 4:34,131.4570247,47.02304467,5209952.021,458721.2736,8.037681,4.7,TRUE,5.3,400,300
4109,2022/10/7 4:34,131.4570413,47.023131,5209961.61,458722.6022,8.185841,5.3,TRUE,5.3,400,300
4110,2022/10/7 4:34,131.4570493,47.023211,5209970.5,458723.272,7.44504,6.1,TRUE,5.3,400,300
4111,2022/10/7 4:34,131.457041,47.0232935,5209979.675,458722.7046,7.14872,0.8,TRUE,5.3,400,300
4112,2022/10/7 4:34,131.4570467,47.0233705,5209988.233,458723.1973,7.463561,2.7,TRUE,5.3,400,300
4113,2022/10/7 4:34,131.4570433,47.0234445,5209996.461,458722.9958,7.57468,8.7,TRUE,5.3,400,300
4114,2022/10/7 4:34,131.457071,47.02352917,5210005.859,458725.1669,7.53764,8.8,TRUE,5.3,400,300
4115,2022/10/7 4:34,131.4570902,47.02360867,5210014.687,458726.6878,8.50068,5.1,TRUE,5.3,400,300
4116,2022/10/7 4:34,131.4570795,47.0236995,5210024.791,458725.9444,7.09316,0.9,TRUE,5.3,400,300
4117,2022/10/7 4:34,131.4570655,47.02378333,5210034.117,458724.9447,6.79684,5,TRUE,5.3,400,300
4118,2022/10/7 4:34,131.4570743,47.02385767,5210042.377,458725.671,7.00056,6.3,TRUE,5.3,400,300
4119,2022/10/7 4:34,131.4570778,47.023926,5210049.972,458725.9897,8.0562,9.8,TRUE,5.3,400,300
4120,2022/10/7 4:34,131.457091,47.023994,5210057.524,458727.0456,7.1302,3.3,TRUE,5.3,389,300
4121,2022/10/7 4:35,131.457093,47.0240705,5210066.028,458727.2566,7.27836,5.7,TRUE,5.3,400,300
4122,2022/10/7 4:35,131.4571037,47.02415667,5210075.602,458728.1365,7.889521,3.6,TRUE,5.3,400,300
4123,2022/10/7 4:35,131.4571097,47.02423733,5210084.566,458728.6548,9.278521,8.4,TRUE,5.3,400,300
4124,2022/10/7 4:35,131.4571133,47.02431717,5210093.44,458728.99,7.72284,6.9,TRUE,5.3,399,300
4125,2022/10/7 4:35,131.4571178,47.0243945,5210102.034,458729.3917,7.92656,5.6,TRUE,5.3,400,300
4126,2022/10/7 4:35,131.4571192,47.02447467,5210110.946,458729.5599,7.37096,0.9,TRUE,5.3,400,300
4127,2022/10/7 4:35,131.4571215,47.0245375,5210117.93,458729.7832,7.05612,4.2,TRUE,5.3,397,300
4128,2022/10/7 4:35,131.4571287,47.02461233,5210126.245,458730.3882,6.50052,12.1,TRUE,5.3,400,300
4129,2022/10/7 4:35,131.4571418,47.02469067,5210134.947,458731.4444,6.74128,4.8,TRUE,5.3,400,300
4130,2022/10/7 4:35,131.4571433,47.02476367,5210143.062,458731.6147,7.53764,5,TRUE,5.3,400,300
4131,2022/10/7 4:35,131.4571398,47.02484383,5210151.975,458731.4104,8.77848,7.3,TRUE,5.3,400,300
4132,2022/10/7 4:35,131.4571662,47.02492083,5210160.521,458733.4767,6.98204,4.7,TRUE,5.3,400,300
4133,2022/10/7 4:35,131.4571677,47.024988,5210167.988,458733.6425,7.51912,7.2,TRUE,5.3,400,300
4134,2022/10/7 4:35,131.45718,47.02506117,5210176.116,458734.6339,7.704319,4.9,TRUE,5.3,400,300
4135,2022/10/7 4:35,131.4571922,47.02513883,5210184.743,458735.6212,8.22288,11.3,TRUE,5.3,400,300
4136,2022/10/7 4:36,131.4571973,47.0252195,5210193.708,458736.0711,6.6672,3.2,TRUE,5.3,400,300
4137,2022/10/7 4:36,131.4571977,47.0253085,5210203.602,458736.1701,6.51904,2.4,TRUE,5.3,369,300
4138,2022/10/7 4:36,131.4572018,47.02536933,5210210.363,458736.5287,5.4634,9.1,TRUE,5.3,400,300
4139,2022/10/7 4:36,131.4572155,47.0254315,5210217.267,458737.618,4.50036,36.1,TRUE,5.3,216,300
4140,2022/10/7 4:36,131.457246,47.02545367,5210219.716,458739.9537,5.2782,84.6,FALSE,5.3,0,300
4141,2022/10/7 4:36,131.4572562,47.0254595,5210220.358,458740.7336,2.24092,264.8,FALSE,5.3,0,300
4142,2022/10/7 4:36,131.4571773,47.02546083,5210220.548,458734.7367,5.51896,275,FALSE,5.3,0,300
4143,2022/10/7 4:36,131.457097,47.025469,5210221.498,458728.6386,2.14832,93.5,FALSE,5.3,0,300
4144,2022/10/7 4:36,131.4571473,47.02544983,5210219.341,458732.4476,4.85224,142.2,FALSE,5.3,0,300
4145,2022/10/7 4:36,131.4571682,47.0254155,5210215.513,458734.01,4.8152,193.7,FALSE,5.3,0,300
4146,2022/10/7 4:36,131.4571592,47.0253865,5210212.294,458733.3034,1.50012,191.4,FALSE,5.3,0,300
4147,2022/10/7 4:36,131.4571762,47.02538267,5210211.859,458734.5928,0,0,FALSE,5.3,0,300
4148,2022/10/7 4:36,131.4571825,47.02538483,5210212.096,458735.0734,0,85.7,FALSE,5.3,0,300
4149,2022/10/7 4:36,131.4571838,47.02538733,5210212.373,458735.1742,0,0,FALSE,5.3,0,300
4150,2022/10/7 4:36,131.4571848,47.02539,5210212.67,458735.2522,0,0,FALSE,5.3,0,300
4151,2022/10/7 4:37,131.4571833,47.02539067,5210212.745,458735.1387,0,0,FALSE,5.3,0,300
4152,2022/10/7 4:37,131.4571818,47.02539083,5210212.763,458735.0248,0,0,FALSE,5.3,0,300
4153,2022/10/7 4:37,131.457181,47.0253905,5210212.727,458734.9638,0,0,FALSE,5.3,0,300
4154,2022/10/7 4:37,131.457181,47.02539033,5210212.708,458734.9636,0,0,FALSE,5.3,0,300
4155,2022/10/7 4:37,131.4571805,47.02539,5210212.672,458734.9254,0,86.1,FALSE,5.3,0,300
4156,2022/10/7 4:37,131.4571813,47.02538933,5210212.597,458734.9857,0,0,FALSE,5.3,0,300
4157,2022/10/7 4:37,131.457181,47.02538917,5210212.579,458734.9627,0,0,FALSE,5.3,0,300
4158,2022/10/7 4:37,131.4571808,47.02538917,5210212.579,458734.9475,0,0,FALSE,5.3,0,300
4159,2022/10/7 4:37,131.457181,47.02538983,5210212.653,458734.9632,0,0,FALSE,5.3,0,300
4160,2022/10/7 4:37,131.4571812,47.0253905,5210212.727,458734.979,0,86.2,FALSE,5.3,0,300
4161,2022/10/7 4:37,131.4571815,47.02539083,5210212.764,458735.002,0,0,FALSE,5.3,0,300
4162,2022/10/7 4:37,131.4571815,47.02539117,5210212.801,458735.0023,0,0,FALSE,5.3,0,300
4163,2022/10/7 4:37,131.4571822,47.02539167,5210212.857,458735.0559,0,0,FALSE,5.3,0,300
4164,2022/10/7 4:37,131.4571825,47.02539183,5210212.874,458735.0788,0,0,FALSE,5.3,0,300
4165,2022/10/7 4:37,131.457183,47.02539167,5210212.856,458735.1167,0,0,FALSE,5.3,0,300
4166,2022/10/7 4:38,131.4571833,47.02539167,5210212.856,458735.1395,0,0,FALSE,5.3,0,300
4167,2022/10/7 4:38,131.457183,47.0253915,5210212.837,458735.1166,0,0,FALSE,5.3,0,300
4168,2022/10/7 4:38,131.4571822,47.0253915,5210212.838,458735.0558,0,0,FALSE,5.3,0,300
4169,2022/10/7 4:38,131.4571815,47.0253915,5210212.838,458735.0025,0,0,FALSE,5.3,0,300
4170,2022/10/7 4:38,131.457182,47.025391,5210212.782,458735.0402,0,0,FALSE,5.3,0,300
4171,2022/10/7 4:38,131.4571827,47.02539083,5210212.763,458735.0932,0,0,FALSE,5.3,0,300
4172,2022/10/7 4:38,131.4571832,47.02539067,5210212.745,458735.1311,0,0,FALSE,5.3,0,300
4173,2022/10/7 4:38,131.4571832,47.02539033,5210212.707,458735.1309,0,0,FALSE,5.3,0,300
4174,2022/10/7 4:38,131.4571832,47.02539017,5210212.689,458735.1307,0,0,FALSE,5.3,0,300
4175,2022/10/7 4:38,131.4571837,47.02539017,5210212.689,458735.1688,0,0,FALSE,5.3,0,300
4176,2022/10/7 4:38,131.4571842,47.02539,5210212.67,458735.2066,0,0,FALSE,5.3,0,300
4177,2022/10/7 4:38,131.4571838,47.02539,5210212.67,458735.1762,0,0,FALSE,5.3,0,300
4178,2022/10/7 4:38,131.4571838,47.02539,5210212.67,458735.1762,0,0,FALSE,5.3,0,300
4179,2022/10/7 4:38,131.4571842,47.02539017,5210212.689,458735.2068,0,0,FALSE,5.3,0,300
4180,2022/10/7 4:38,131.4571843,47.02539017,5210212.689,458735.2144,0,0,FALSE,5.3,0,300
4181,2022/10/7 4:39,131.4571848,47.02539033,5210212.706,458735.2525,0,0,FALSE,5.3,0,300
4182,2022/10/7 4:39,131.457185,47.02539033,5210212.706,458735.2677,0,0,FALSE,5.3,0,300
4183,2022/10/7 4:39,131.457185,47.02539033,5210212.706,458735.2677,0,0,FALSE,5.3,0,300
4184,2022/10/7 4:39,131.457185,47.02539033,5210212.706,458735.2677,0,0,FALSE,5.3,0,300
4185,2022/10/7 4:39,131.457185,47.02539017,5210212.688,458735.2676,0,0,FALSE,5.3,0,300
4186,2022/10/7 4:39,131.4571848,47.02539017,5210212.689,458735.2524,0,0,FALSE,5.3,0,300
4187,2022/10/7 4:39,131.4571848,47.02539017,5210212.689,458735.2524,0,0,FALSE,5.3,0,300
4188,2022/10/7 4:39,131.4571848,47.02539,5210212.67,458735.2522,0,0,FALSE,5.3,0,300
4189,2022/10/7 4:39,131.4571847,47.02539,5210212.67,458735.2446,0,0,FALSE,5.3,0,300
4190,2022/10/7 4:39,131.4571848,47.02539017,5210212.689,458735.2524,0,0,FALSE,5.3,0,300
4191,2022/10/7 4:39,131.457185,47.02539017,5210212.688,458735.2676,0,0,FALSE,5.3,0,300
4192,2022/10/7 4:39,131.457185,47.02539017,5210212.688,458735.2676,0,0,FALSE,5.3,0,300
4193,2022/10/7 4:39,131.4571848,47.02539,5210212.67,458735.2522,0,0,FALSE,5.3,0,300
4194,2022/10/7 4:39,131.4571845,47.02538983,5210212.651,458735.2293,0,0,FALSE,5.3,0,300
4195,2022/10/7 4:39,131.4571843,47.02538967,5210212.633,458735.214,0,0,FALSE,5.3,0,300
4196,2022/10/7 4:40,131.4571842,47.02538967,5210212.633,458735.2064,0,0,FALSE,5.3,0,300
4197,2022/10/7 4:40,131.4571842,47.0253895,5210212.614,458735.2062,0,0,FALSE,5.3,0,300
4198,2022/10/7 4:40,131.4571842,47.02538933,5210212.595,458735.2061,0,0,FALSE,5.3,0,300
4199,2022/10/7 4:40,131.4571842,47.02538933,5210212.595,458735.2061,0,0,FALSE,5.3,0,300
4200,2022/10/7 4:40,131.4571842,47.02538933,5210212.595,458735.2061,0,0,FALSE,5.3,0,300
4201,2022/10/7 4:40,131.4571843,47.02538933,5210212.595,458735.2137,0,0,FALSE,5.3,0,300
4202,2022/10/7 4:40,131.4571845,47.02538933,5210212.595,458735.2289,0,0,FALSE,5.3,0,300
4203,2022/10/7 4:40,131.4571847,47.02538933,5210212.595,458735.2441,0,0,FALSE,5.3,0,300
4204,2022/10/7 4:40,131.4571847,47.02538933,5210212.595,458735.2441,0,0,FALSE,5.3,0,300
4205,2022/10/7 4:40,131.4571847,47.02538933,5210212.595,458735.2441,0,0,FALSE,5.3,0,300
4206,2022/10/7 4:40,131.4571847,47.02538933,5210212.595,458735.2441,0,0,FALSE,5.3,0,300
4207,2022/10/7 4:40,131.4571847,47.02538933,5210212.595,458735.2441,0,0,FALSE,5.3,0,300
4208,2022/10/7 4:40,131.4571845,47.02538933,5210212.595,458735.2289,0,0,FALSE,5.3,0,300
4209,2022/10/7 4:40,131.4571845,47.02538933,5210212.595,458735.2289,0,0,FALSE,5.3,0,300
4210,2022/10/7 4:40,131.4571845,47.02538917,5210212.578,458735.2288,0,0,FALSE,5.3,0,300
4211,2022/10/7 4:41,131.4571845,47.02538917,5210212.578,458735.2288,0,0,FALSE,5.3,0,300
4212,2022/10/7 4:41,131.4571845,47.02538917,5210212.578,458735.2288,0,0,FALSE,5.3,0,300
4213,2022/10/7 4:41,131.4571845,47.02538917,5210212.578,458735.2288,0,0,FALSE,5.3,0,300
4214,2022/10/7 4:41,131.4571845,47.02538917,5210212.578,458735.2288,0,0,FALSE,5.3,0,300
4215,2022/10/7 4:41,131.4571845,47.02538933,5210212.595,458735.2289,0,0,FALSE,5.3,0,300
4216,2022/10/7 4:41,131.4571845,47.0253895,5210212.614,458735.2291,0,0,FALSE,5.3,0,300
4217,2022/10/7 4:41,131.4571845,47.02538967,5210212.633,458735.2292,0,0,FALSE,5.3,0,300
4218,2022/10/7 4:41,131.4571843,47.02539,5210212.67,458735.2142,0,0,FALSE,5.3,0,300
4219,2022/10/7 4:41,131.4571843,47.02539,5210212.67,458735.2142,0,0,FALSE,5.3,0,300
4220,2022/10/7 4:41,131.4571843,47.02539017,5210212.689,458735.2144,0,0,FALSE,5.3,0,300
4221,2022/10/7 4:41,131.4571842,47.02539033,5210212.707,458735.2069,0,0,FALSE,5.3,0,300
4222,2022/10/7 4:41,131.457184,47.02539033,5210212.707,458735.1917,0,0,FALSE,5.3,0,300
4223,2022/10/7 4:41,131.457184,47.0253905,5210212.726,458735.1918,0,86.1,FALSE,5.3,0,300
4224,2022/10/7 4:41,131.4571838,47.0253905,5210212.726,458735.1766,0,0,FALSE,5.3,0,300
4225,2022/10/7 4:41,131.4571837,47.0253905,5210212.726,458735.169,0,0,FALSE,5.3,0,300
4226,2022/10/7 4:42,131.4571835,47.0253905,5210212.726,458735.1538,0,0,FALSE,5.3,0,300
4227,2022/10/7 4:42,131.4571835,47.02539067,5210212.745,458735.1539,0,0,FALSE,5.3,0,300
4228,2022/10/7 4:42,131.4571835,47.02539067,5210212.745,458735.1539,0,0,FALSE,5.3,0,300
4229,2022/10/7 4:42,131.4571835,47.02539083,5210212.763,458735.1541,0,0,FALSE,5.3,0,300
4230,2022/10/7 4:42,131.4571833,47.025391,5210212.782,458735.139,0,0,FALSE,5.3,0,300
4231,2022/10/7 4:42,131.4571832,47.02539117,5210212.801,458735.1315,0,0,FALSE,5.3,0,300
4232,2022/10/7 4:42,131.457183,47.02539133,5210212.818,458735.1164,0,0,FALSE,5.3,0,300
4233,2022/10/7 4:42,131.457183,47.0253915,5210212.837,458735.1166,0,0,FALSE,5.3,0,300
4234,2022/10/7 4:42,131.4571828,47.02539167,5210212.856,458735.1015,0,0,FALSE,5.3,0,300
4235,2022/10/7 4:42,131.4571828,47.02539183,5210212.874,458735.1016,0,0,FALSE,5.3,0,300
4236,2022/10/7 4:42,131.4571827,47.025392,5210212.893,458735.0941,0,0,FALSE,5.3,0,300
4237,2022/10/7 4:42,131.4571827,47.025392,5210212.893,458735.0941,0,0,FALSE,5.3,0,300
4238,2022/10/7 4:42,131.4571825,47.02539217,5210212.912,458735.0791,0,0,FALSE,5.3,0,300
4239,2022/10/7 4:42,131.4571825,47.02539233,5210212.93,458735.0792,0,0,FALSE,5.3,0,300
4240,2022/10/7 4:42,131.4571823,47.0253925,5210212.949,458735.0641,0,0,FALSE,5.3,0,300
4241,2022/10/7 4:43,131.4571822,47.02539267,5210212.968,458735.0567,0,0,FALSE,5.3,0,300
4242,2022/10/7 4:43,131.4571822,47.02539267,5210212.968,458735.0567,0,0,FALSE,5.3,0,300
4243,2022/10/7 4:43,131.4571822,47.02539283,5210212.986,458735.0568,0,0,FALSE,5.3,0,300
4244,2022/10/7 4:43,131.457182,47.02539283,5210212.986,458735.0416,0,0,FALSE,5.3,0,300
4245,2022/10/7 4:43,131.4571818,47.025393,5210213.005,458735.0265,0,0,FALSE,5.3,0,300
4246,2022/10/7 4:43,131.4571818,47.025393,5210213.005,458735.0265,0,0,FALSE,5.3,0,300
4247,2022/10/7 4:43,131.4571817,47.02539317,5210213.024,458735.019,0,0,FALSE,5.3,0,300
4248,2022/10/7 4:43,131.4571818,47.02539317,5210213.024,458735.0266,0,0,FALSE,5.3,0,300
4249,2022/10/7 4:43,131.4571797,47.0253655,5210209.949,458734.8457,4.8152,192.6,TRUE,5.3,400,300
4250,2022/10/7 4:43,131.4571785,47.02529933,5210202.593,458734.7034,4.4448,193.2,TRUE,5.3,400,300
4251,2022/10/7 4:43,131.4571602,47.02524,5210196.007,458733.2666,4.38924,191.5,TRUE,5.3,400,300
4252,2022/10/7 4:43,131.457152,47.02517517,5210188.804,458732.5932,6.50052,192.7,TRUE,5.3,400,300
4253,2022/10/7 4:43,131.4571595,47.02511317,5210181.908,458733.1156,6.35236,185.2,TRUE,5.3,400,300
4254,2022/10/7 4:43,131.45716,47.02504317,5210174.125,458733.0997,7.5006,185.3,TRUE,5.3,400,300
4255,2022/10/7 4:43,131.4571577,47.02495783,5210164.639,458732.8591,8.20436,191.5,TRUE,5.3,400,300
4256,2022/10/7 4:44,131.4571433,47.0248805,5210156.05,458731.7048,8.167319,189.5,TRUE,5.3,400,300
4257,2022/10/7 4:44,131.4571355,47.02480433,5210147.586,458731.0531,7.1302,185,TRUE,5.3,400,300
4258,2022/10/7 4:44,131.457127,47.02472517,5210138.79,458730.3459,7.9636,187.4,TRUE,5.3,400,300
4259,2022/10/7 4:44,131.4571168,47.024645,5210129.883,458729.5087,7.463561,184.8,TRUE,5.3,400,300
4260,2022/10/7 4:44,131.4571232,47.02457483,5210122.079,458729.9412,8.11176,187.6,TRUE,5.3,397,300
4261,2022/10/7 4:44,131.4571207,47.0245,5210113.761,458729.6935,7.408,186.1,TRUE,5.3,400,300
4262,2022/10/7 4:44,131.4571125,47.0244165,5210104.483,458729.0057,8.09324,185.8,TRUE,5.3,400,300
4263,2022/10/7 4:44,131.4571047,47.02433083,5210094.963,458728.3467,9.3526,186.6,TRUE,5.3,400,300
4264,2022/10/7 4:44,131.4570957,47.024248,5210085.759,458727.5987,7.14872,190.6,TRUE,5.3,400,300
4265,2022/10/7 4:44,131.4570818,47.02416783,5210076.854,458726.4802,8.37104,185.9,TRUE,5.3,400,300
4266,2022/10/7 4:44,131.4570787,47.02408183,5210067.295,458726.1783,7.871,186.7,TRUE,5.3,400,300
4267,2022/10/7 4:44,131.4570798,47.0240075,5210059.031,458726.2046,7.55616,184.2,TRUE,5.3,400,300
4268,2022/10/7 4:44,131.4570787,47.0239305,5210050.472,458726.0616,8.185841,183.6,TRUE,5.3,392,300
4269,2022/10/7 4:44,131.4570803,47.0238565,5210042.244,458726.1262,7.9636,184.4,TRUE,5.3,400,300
4270,2022/10/7 4:44,131.4570755,47.023774,5210033.075,458725.6977,8.77848,185.8,TRUE,5.3,400,300
4271,2022/10/7 4:45,131.4570825,47.02369433,5210024.214,458726.1685,8.4266,186.8,TRUE,5.3,400,300
4272,2022/10/7 4:45,131.4570745,47.023614,5210015.288,458725.4984,8.35252,183.3,TRUE,5.3,400,300
4273,2022/10/7 4:45,131.4570653,47.02352583,5210005.491,458724.731,9.167399,192.6,TRUE,5.3,400,300
4274,2022/10/7 4:45,131.4570563,47.0234415,5209996.121,458723.9818,8.2414,187.7,TRUE,5.3,400,300
4275,2022/10/7 4:45,131.4570538,47.02336417,5209987.525,458723.7322,8.81552,185.5,TRUE,5.3,400,300
4276,2022/10/7 4:45,131.4570552,47.023282,5209978.39,458723.7753,6.74128,184.8,TRUE,5.3,378,300
4277,2022/10/7 4:45,131.4570415,47.02320867,5209970.245,458722.6772,8.1488,188.7,TRUE,5.3,400,300
4278,2022/10/7 4:45,131.4570428,47.02312917,5209961.406,458722.7148,8.871079,184.5,TRUE,5.3,400,300
4279,2022/10/7 4:45,131.4570313,47.023047,5209952.277,458721.7772,7.778399,185.7,TRUE,5.3,400,300
4280,2022/10/7 4:45,131.457019,47.02297783,5209944.594,458720.7888,7.24132,187.4,TRUE,5.3,398,300
4281,2022/10/7 4:45,131.4570105,47.02290817,5209936.854,458720.0889,7.01908,186.1,TRUE,5.3,400,300
4282,2022/10/7 4:45,131.4570043,47.02283217,5209928.408,458719.559,8.94516,189.4,TRUE,5.3,400,300
4283,2022/10/7 4:45,131.456991,47.02274333,5209918.539,458718.4794,7.25984,187.2,TRUE,5.3,400,300
4284,2022/10/7 4:45,131.4569823,47.02266533,5209909.872,458717.7578,7.66728,184.5,TRUE,5.3,400,300
4285,2022/10/7 4:45,131.4569773,47.0225925,5209901.778,458717.3216,8.68588,178.3,TRUE,5.3,400,300
4286,2022/10/7 4:46,131.4569752,47.0225155,5209893.219,458717.1026,7.55616,185.5,TRUE,5.3,400,300
4287,2022/10/7 4:46,131.4569555,47.02243767,5209884.577,458715.5449,8.01916,189.7,TRUE,5.3,400,300
4288,2022/10/7 4:46,131.456941,47.02234967,5209874.802,458714.3747,7.5932,188.4,TRUE,5.3,400,300
4289,2022/10/7 4:46,131.4569348,47.02227417,5209866.412,458713.8451,7.75988,192.1,TRUE,5.3,400,300
4290,2022/10/7 4:46,131.4569277,47.022206,5209858.837,458713.2528,7.1302,184.9,TRUE,5.3,400,300
4291,2022/10/7 4:46,131.4569182,47.02213033,5209850.43,458712.4723,7.74136,185.3,TRUE,5.3,400,300
4292,2022/10/7 4:46,131.4569087,47.0220505,5209841.56,458711.6885,7.778399,184,TRUE,5.3,400,300
4293,2022/10/7 4:46,131.4568948,47.02197217,5209832.859,458710.5713,8.22288,192.3,TRUE,5.3,400,300
4294,2022/10/7 4:46,131.456885,47.02188633,5209823.321,458709.7601,7.38948,188.9,TRUE,5.3,377,300
4295,2022/10/7 4:46,131.4568798,47.021811,5209814.95,458709.3067,7.00056,192.3,TRUE,5.3,400,300
4296,2022/10/7 4:46,131.4568693,47.02175867,5209809.138,458708.4681,5.0004,199.2,TRUE,5.3,396,300
4297,2022/10/7 4:46,131.4568742,47.02169967,5209802.576,458708.7951,5.44488,154.9,FALSE,5.3,0,300
4298,2022/10/7 4:46,131.4569555,47.0216605,5209798.178,458714.9458,3.64844,95.4,FALSE,5.3,0,300
4299,2022/10/7 4:46,131.4569467,47.02166733,5209798.942,458714.282,5.9264,282.3,FALSE,5.3,0,300
4300,2022/10/7 4:46,131.4568748,47.02167333,5209799.647,458708.8204,1.16676,262.5,FALSE,5.3,0,300
4301,2022/10/7 4:47,131.4569178,47.02167567,5209799.885,458712.0913,5.79676,65.2,FALSE,5.3,0,300
4302,2022/10/7 4:47,131.4569967,47.02171767,5209804.512,458718.1221,5.48192,10.2,FALSE,5.3,0,300
4303,2022/10/7 4:47,131.4570125,47.02177267,5209810.618,458719.3657,4.8152,16.9,FALSE,5.3,0,300
4304,2022/10/7 4:47,131.4570285,47.0218155,5209815.371,458720.6151,4.70408,8.5,TRUE,5.3,399,300
4305,2022/10/7 4:47,131.4570375,47.02186367,5209820.722,458721.3364,5.3708,3.8,TRUE,5.3,400,300
4306,2022/10/7 4:47,131.4570427,47.02191583,5209826.518,458721.772,5.33376,6.5,TRUE,5.3,400,300
4307,2022/10/7 4:47,131.4570623,47.02197533,5209833.122,458723.3079,5.79676,7.3,TRUE,5.3,400,300
4308,2022/10/7 4:47,131.457071,47.02204033,5209840.344,458724.0194,5.33376,5.5,TRUE,5.3,400,300
4309,2022/10/7 4:47,131.4570745,47.022103,5209847.309,458724.3338,6.79684,6,TRUE,5.3,400,300
4310,2022/10/7 4:47,131.4570813,47.02217483,5209855.291,458724.9061,7.24132,12.7,TRUE,5.3,400,300
4311,2022/10/7 4:47,131.4570948,47.02225517,5209864.215,458725.9944,6.50052,11.7,TRUE,5.3,400,300
4312,2022/10/7 4:47,131.4571028,47.022321,5209871.529,458726.6533,6.55608,2.5,TRUE,5.3,400,300
4313,2022/10/7 4:47,131.4571135,47.02238633,5209878.786,458727.5171,6.25976,10.8,TRUE,5.3,400,300
4314,2022/10/7 4:47,131.4571215,47.0224585,5209886.805,458728.1809,7.94508,6.5,TRUE,5.3,400,300
4315,2022/10/7 4:48,131.4571268,47.02253567,5209895.382,458728.6433,7.57468,3.7,TRUE,5.3,400,300
4316,2022/10/7 4:48,131.4571372,47.022628,5209905.641,458729.5051,8.167319,5.2,TRUE,5.3,400,300
4317,2022/10/7 4:48,131.4571513,47.0227045,5209914.138,458730.636,7.2228,6.7,TRUE,5.3,400,300
4318,2022/10/7 4:48,131.4571555,47.02277933,5209922.454,458731.013,8.1488,9.4,TRUE,5.3,400,300
4319,2022/10/7 4:48,131.4571622,47.02286,5209931.419,458731.5845,8.389561,4.5,TRUE,5.3,400,300
4320,2022/10/7 4:48,131.4571738,47.022945,5209940.862,458732.5319,7.5932,3.3,TRUE,5.3,400,300
4321,2022/10/7 4:48,131.4571682,47.02301617,5209948.777,458732.161,7.37096,7.5,TRUE,5.3,400,300
4322,2022/10/7 4:48,131.457173,47.02308383,5209956.297,458732.578,7.463561,8.2,TRUE,5.3,400,300
4323,2022/10/7 4:48,131.4571883,47.023171,5209965.979,458733.8084,7.79692,10.4,TRUE,5.3,400,300
4324,2022/10/7 4:48,131.4571965,47.02324733,5209974.461,458734.4906,7.90804,6.6,TRUE,5.3,400,300
4325,2022/10/7 4:48,131.4571982,47.0233225,5209982.817,458734.6777,8.0562,5,TRUE,5.3,399,300
4326,2022/10/7 4:48,131.4572082,47.02340667,5209992.169,458735.5028,8.167319,4.8,TRUE,5.3,400,300
4327,2022/10/7 4:48,131.4572163,47.0234805,5210000.372,458736.1755,8.00064,4.2,TRUE,5.3,400,300
4328,2022/10/7 4:48,131.4572185,47.02355667,5210008.839,458736.4014,7.53764,4.1,TRUE,5.3,400,300
4329,2022/10/7 4:48,131.4572237,47.02363233,5210017.247,458736.855,7.463561,5.1,TRUE,5.3,400,300
4330,2022/10/7 4:49,131.4572297,47.02370683,5210025.526,458737.3686,7.14872,0.2,TRUE,5.3,400,300
4331,2022/10/7 4:49,131.4572293,47.02378533,5210034.253,458737.3987,7.463561,2.6,TRUE,5.3,400,300
4332,2022/10/7 4:49,131.4572402,47.02386167,5210042.735,458738.2861,6.92648,2.7,TRUE,5.3,400,300
4333,2022/10/7 4:49,131.4572395,47.0239465,5210052.166,458738.2983,8.27844,8.4,TRUE,5.3,400,300
4334,2022/10/7 4:49,131.4572445,47.0240225,5210060.612,458738.7369,7.5932,2.5,TRUE,5.3,400,300
4335,2022/10/7 4:49,131.457255,47.0240905,5210068.166,458739.5875,7.2228,5.1,TRUE,5.3,400,300
4336,2022/10/7 4:49,131.4572558,47.02416083,5210075.984,458739.7026,7.48208,3,TRUE,5.3,400,300
4337,2022/10/7 4:49,131.4572557,47.02423783,5210084.544,458739.7543,7.38948,2.3,TRUE,5.3,400,300
4338,2022/10/7 4:49,131.4572712,47.02431433,5210093.041,458740.9916,7.408,3.8,TRUE,5.3,400,300
4339,2022/10/7 4:49,131.4572658,47.02438217,5210100.586,458740.6333,6.98204,6.5,TRUE,5.3,398,300
4340,2022/10/7 4:49,131.45728,47.02445433,5210108.6,458741.7684,8.167319,4.5,TRUE,5.3,400,300
4341,2022/10/7 4:49,131.4572833,47.02452783,5210116.769,458742.0759,7.1302,1.5,TRUE,5.3,400,300
4342,2022/10/7 4:49,131.4572818,47.02460483,5210125.33,458742.0212,6.8524,3.5,TRUE,5.3,400,300
4343,2022/10/7 4:49,131.4572777,47.02468283,5210134.004,458741.7696,7.79692,4.8,TRUE,5.3,400,300
4344,2022/10/7 4:49,131.4572898,47.02475083,5210141.557,458742.7419,7.20428,6.5,TRUE,5.3,400,300
4345,2022/10/7 4:50,131.4572975,47.02482267,5210149.54,458743.3826,7.14872,8.1,TRUE,5.3,400,300
4346,2022/10/7 4:50,131.4573093,47.02490617,5210158.816,458744.3439,6.35236,1.5,TRUE,5.3,400,300
4347,2022/10/7 4:50,131.4573127,47.0249725,5210166.188,458744.6535,7.6858,5.2,TRUE,5.3,400,300
4348,2022/10/7 4:50,131.45732,47.025056,5210175.467,458745.2728,7.29688,3.7,TRUE,5.3,400,300
4349,2022/10/7 4:50,131.4573235,47.02513667,5210184.434,458745.601,8.2414,7.1,TRUE,5.3,400,300
4350,2022/10/7 4:50,131.4573245,47.02521917,5210193.605,458745.7406,7.871,3,TRUE,5.3,400,300
4351,2022/10/7 4:50,131.4573222,47.0252865,5210201.091,458745.6176,7.33392,7.2,TRUE,5.3,400,300
4352,2022/10/7 4:50,131.457339,47.02535533,5210208.734,458746.9478,6.07456,13.3,TRUE,5.3,376,300
4353,2022/10/7 4:50,131.4573482,47.02542033,5210215.955,458747.6972,4.63,14.4,TRUE,5.3,400,300
4354,2022/10/7 4:50,131.4573922,47.02544883,5210219.101,458751.0641,4.2596,65.5,FALSE,5.3,0,300
4355,2022/10/7 4:50,131.4574293,47.0254595,5210220.267,458753.8926,0,93.7,FALSE,5.3,0,300
4356,2022/10/7 4:50,131.4573675,47.0254715,5210221.634,458749.2038,5.53748,281.3,FALSE,5.3,0,300
4357,2022/10/7 4:50,131.4573015,47.02549233,5210223.984,458744.2026,0,282.2,FALSE,5.3,0,300
4358,2022/10/7 4:50,131.4573308,47.025491,5210223.821,458746.4289,4.01884,112.3,FALSE,5.3,0,300
4359,2022/10/7 4:50,131.4573688,47.02545717,5210220.04,458749.2916,4.83372,169,FALSE,5.3,0,300
4360,2022/10/7 4:51,131.4573528,47.025395,5210213.137,458748.0274,5.05596,172.9,FALSE,5.3,0,300
4361,2022/10/7 4:51,131.4573533,47.025376,5210211.024,458748.0508,4.70408,185.9,TRUE,5.3,370,300
4362,2022/10/7 4:51,131.4573537,47.02533883,5210206.892,458748.0526,5.093,182.2,TRUE,5.3,400,300
4363,2022/10/7 4:51,131.4573465,47.02529133,5210201.615,458747.4686,6.25976,186,TRUE,5.3,400,300
4364,2022/10/7 4:51,131.4573378,47.02521083,5210192.671,458746.7452,8.63032,185.8,TRUE,5.3,400,300
4365,2022/10/7 4:51,131.4573397,47.02514183,5210184.999,458746.8365,7.9636,189.5,TRUE,5.3,400,300
4366,2022/10/7 4:51,131.4573377,47.02505883,5210175.773,458746.6205,7.00056,180.3,TRUE,5.3,400,300
4367,2022/10/7 4:51,131.4573335,47.02498933,5210168.048,458746.2477,6.61164,187.7,TRUE,5.3,400,300
4368,2022/10/7 4:51,131.4573253,47.024919,5210160.234,458745.5702,7.871,187.5,TRUE,5.3,400,300
4369,2022/10/7 4:51,131.4573128,47.02483533,5210150.939,458744.5554,7.75988,189.5,TRUE,5.3,400,300
4370,2022/10/7 4:51,131.4573183,47.02475233,5210141.709,458744.9096,7.44504,187.4,TRUE,5.3,400,300
4371,2022/10/7 4:51,131.4573122,47.024694,5210135.228,458744.4009,7.37096,186.6,TRUE,5.3,400,300
4372,2022/10/7 4:51,131.4573185,47.02462467,5210127.517,458744.8265,7.63024,185.5,TRUE,5.3,400,300
4373,2022/10/7 4:51,131.4573177,47.024544,5210118.549,458744.7035,6.81536,186.5,TRUE,5.3,400,300
4374,2022/10/7 4:51,131.4573093,47.024465,5210109.771,458744.004,7.33392,182.3,TRUE,5.3,400,300
4375,2022/10/7 4:52,131.4573,47.024382,5210100.549,458743.2331,7.2228,186.7,TRUE,5.3,400,300
4376,2022/10/7 4:52,131.4572958,47.02431017,5210092.565,458742.8585,6.5746,180.1,TRUE,5.3,400,300
4377,2022/10/7 4:52,131.4572905,47.0242315,5210083.822,458742.3949,7.05612,181.2,TRUE,5.3,400,300
4378,2022/10/7 4:52,131.4572792,47.02416383,5210076.305,458741.4838,7.63024,188,TRUE,5.3,400,300
4379,2022/10/7 4:52,131.4572805,47.0240955,5210068.708,458741.53,6.83388,186.3,TRUE,5.3,400,300
4380,2022/10/7 4:52,131.4572773,47.02402283,5210060.631,458741.2307,7.24132,187.9,TRUE,5.3,400,300
4381,2022/10/7 4:52,131.4572708,47.02394217,5210051.668,458740.6744,7.25984,184.2,TRUE,5.3,400,300
4382,2022/10/7 4:52,131.4572573,47.0238635,5210042.929,458739.5875,6.96352,180.9,TRUE,5.3,400,300
4383,2022/10/7 4:52,131.4572505,47.02378,5210033.65,458739.0062,7.408,180.5,TRUE,5.3,400,300
4384,2022/10/7 4:52,131.4572457,47.0237005,5210024.814,458738.58,7.2228,184.9,TRUE,5.3,400,300
4385,2022/10/7 4:52,131.457239,47.02362867,5210016.832,458738.0154,6.90796,186.7,TRUE,5.3,400,300
4386,2022/10/7 4:52,131.4572357,47.02355233,5210008.347,458737.7057,7.18576,188.1,TRUE,5.3,400,300
4387,2022/10/7 4:52,131.4572257,47.02347433,5209999.681,458736.8853,6.7598,180.6,TRUE,5.3,400,300
4388,2022/10/7 4:52,131.4572238,47.02339767,5209991.16,458736.6818,8.185841,181.9,TRUE,5.3,400,300
4389,2022/10/7 4:52,131.4572232,47.02331717,5209982.211,458736.5742,6.81536,185.1,TRUE,5.3,400,300
4390,2022/10/7 4:53,131.457215,47.02324217,5209973.877,458735.893,6.88944,186.4,TRUE,5.3,400,300
4391,2022/10/7 4:53,131.4572093,47.02318133,5209967.117,458735.4128,7.01908,185.4,TRUE,5.3,400,300
4392,2022/10/7 4:53,131.4571998,47.02311067,5209959.266,458734.6361,6.37088,188.1,TRUE,5.3,400,300
4393,2022/10/7 4:53,131.4571938,47.02303917,5209951.321,458734.1249,7.9636,187.7,TRUE,5.3,400,300
4394,2022/10/7 4:53,131.4571913,47.02295883,5209942.391,458733.8729,8.27844,185.7,TRUE,5.3,400,300
4395,2022/10/7 4:53,131.4571877,47.02287567,5209933.148,458733.5352,8.48216,187.5,TRUE,5.3,400,300
4396,2022/10/7 4:53,131.4571763,47.02279583,5209924.278,458732.607,7.18576,185.9,TRUE,5.3,400,300
4397,2022/10/7 4:53,131.4571652,47.02272733,5209916.668,458731.7103,7.27836,181.3,TRUE,5.3,400,300
4398,2022/10/7 4:53,131.4571655,47.02265083,5209908.164,458731.6742,8.13028,189,TRUE,5.3,400,300
4399,2022/10/7 4:53,131.457149,47.02257333,5209899.557,458730.3601,8.29696,179.5,TRUE,5.3,400,300
4400,2022/10/7 4:53,131.4571475,47.02249833,5209891.22,458730.1882,7.871,186,TRUE,5.3,400,300
4401,2022/10/7 4:53,131.4571273,47.0224275,5209883.356,458728.598,7.53764,185.9,TRUE,5.3,400,300
4402,2022/10/7 4:53,131.4571143,47.02235433,5209875.228,458727.5533,7.44504,190.4,TRUE,5.3,400,300
4403,2022/10/7 4:53,131.4570993,47.02228917,5209867.992,458726.3627,7.55616,186.6,TRUE,5.3,400,300
4404,2022/10/7 4:53,131.4570953,47.02221767,5209860.046,458726.0035,7.81544,189.1,TRUE,5.3,398,300
4405,2022/10/7 4:54,131.4570858,47.02213267,5209850.601,458725.2157,6.8524,187.4,TRUE,5.3,400,300
4406,2022/10/7 4:54,131.457074,47.02206067,5209842.603,458724.2632,7.66728,187.4,TRUE,5.3,400,300
4407,2022/10/7 4:54,131.4570608,47.02198617,5209834.328,458723.2022,7.889521,188.9,TRUE,5.3,400,300
4408,2022/10/7 4:54,131.457043,47.02191333,5209826.24,458721.7928,7.63024,190.7,TRUE,5.3,400,300
4409,2022/10/7 4:54,131.457035,47.0218395,5209818.036,458721.1277,5.59304,187.4,TRUE,5.3,394,300
4410,2022/10/7 4:54,131.4570345,47.02178417,5209811.885,458721.0471,5.13004,189,TRUE,5.3,359,300
4411,2022/10/7 4:54,131.4570558,47.02171783,5209804.499,458722.6153,5.29672,137,FALSE,5.3,0,300
4412,2022/10/7 4:54,131.4571322,47.02168,5209800.253,458728.3944,0.68524,109.9,FALSE,5.3,0,300
4413,2022/10/7 4:54,131.4571065,47.021681,5209800.378,458726.4413,5.14856,260.3,FALSE,5.3,0,300
4414,2022/10/7 4:54,131.4570597,47.02166067,5209798.142,458722.8677,2.44464,79.8,FALSE,5.3,0,300
4415,2022/10/7 4:54,131.4571332,47.02168633,5209800.956,458728.4753,5.14856,30.9,FALSE,5.3,0,300
4416,2022/10/7 4:54,131.457173,47.02174167,5209807.088,458731.5438,6.2968,6.4,TRUE,5.3,204,300
4417,2022/10/7 4:54,131.4571877,47.0217925,5209812.731,458732.7005,3.62992,11.9,TRUE,5.3,400,300
4418,2022/10/7 4:54,131.4571992,47.02182733,5209816.597,458733.6016,5.33376,3.8,TRUE,5.3,400,300
4419,2022/10/7 4:54,131.4572158,47.02188833,5209823.369,458734.9106,5.81528,8,TRUE,5.3,400,300
4420,2022/10/7 4:55,131.4572282,47.02195033,5209830.255,458735.9011,5.77824,10.8,TRUE,5.3,400,300
4421,2022/10/7 4:55,131.4572305,47.02203017,5209839.13,458736.1375,7.871,11.1,TRUE,5.3,400,300
4422,2022/10/7 4:55,131.4572523,47.02210417,5209847.345,458737.8518,7.38948,9.7,TRUE,5.3,400,300
4423,2022/10/7 4:55,131.4572637,47.0221845,5209856.27,458738.7804,6.81536,5,TRUE,5.3,400,300
4424,2022/10/7 4:55,131.4572795,47.02225633,5209864.247,458740.0369,7.18576,12.8,TRUE,5.3,400,300
4425,2022/10/7 4:55,131.4572815,47.02232067,5209871.398,458740.2385,6.51904,7.5,TRUE,5.3,400,300
4426,2022/10/7 4:55,131.4572842,47.02239733,5209879.919,458740.5029,7.64876,9.6,TRUE,5.3,400,300
4427,2022/10/7 4:55,131.4572978,47.02247117,5209888.121,458741.5937,5.70416,3.7,TRUE,5.3,400,300
4428,2022/10/7 4:55,131.4572823,47.02254417,5209896.245,458740.4716,6.96352,5.3,TRUE,5.3,400,300
4429,2022/10/7 4:55,131.4572837,47.02262267,5209904.971,458740.6385,7.408,9.1,TRUE,5.3,400,300
4430,2022/10/7 4:55,131.457296,47.02269467,5209912.969,458741.629,7.75988,7.6,TRUE,5.3,400,300
4431,2022/10/7 4:55,131.4573247,47.02276667,5209920.958,458743.8664,6.945,6.5,TRUE,5.3,400,300
4432,2022/10/7 4:55,131.4573397,47.02284283,5209929.417,458745.0654,8.09324,10.4,TRUE,5.3,400,300
4433,2022/10/7 4:55,131.4573463,47.02292033,5209938.029,458745.6269,6.3894,8.1,TRUE,5.3,400,300
4434,2022/10/7 4:55,131.4573347,47.02299967,5209946.855,458744.8061,6.35236,9.6,TRUE,5.3,400,300
4435,2022/10/7 4:56,131.457334,47.02308033,5209955.823,458744.815,7.98212,7.5,TRUE,5.3,400,300
4436,2022/10/7 4:56,131.4573477,47.02315017,5209963.58,458745.9104,7.9636,8.2,TRUE,5.3,400,300
4437,2022/10/7 4:56,131.4573363,47.02323867,5209973.424,458745.1119,8.64884,7.5,TRUE,5.3,400,300
4438,2022/10/7 4:56,131.4573412,47.0233115,5209981.518,458745.5405,7.6858,9.1,TRUE,5.3,400,300
4439,2022/10/7 4:56,131.4573472,47.0233895,5209990.187,458746.0567,7.871,4.8,TRUE,5.3,400,300
4440,2022/10/7 4:56,131.4573557,47.02348433,5210000.724,458746.776,6.81536,1.1,TRUE,5.3,400,300
4441,2022/10/7 4:56,131.4573703,47.02354967,5210007.981,458747.9362,7.5932,4.5,TRUE,5.3,400,300
4442,2022/10/7 4:56,131.4573705,47.02363317,5210017.263,458748.0157,7.61172,4.5,TRUE,5.3,396,300
4443,2022/10/7 4:56,131.4573832,47.023715,5210026.354,458749.0443,7.35244,8.8,TRUE,5.3,397,300
4444,2022/10/7 4:56,131.4573888,47.02378633,5210034.281,458749.5249,7.1302,4.8,TRUE,5.3,400,300
4445,2022/10/7 4:56,131.4573957,47.023856,5210042.022,458750.1031,8.2414,3.4,TRUE,5.3,400,300
4446,2022/10/7 4:56,131.4574032,47.02393417,5210050.709,458750.7335,6.83388,0.5,TRUE,5.3,400,300
4447,2022/10/7 4:56,131.4574105,47.0240155,5210059.746,458751.3511,8.315479,5,TRUE,5.3,400,300
4448,2022/10/7 4:56,131.457413,47.02408767,5210067.768,458751.5968,8.389561,3.7,TRUE,5.3,400,300
4449,2022/10/7 4:56,131.4574268,47.02416917,5210076.821,458752.7087,8.037681,8.3,TRUE,5.3,400,300
4450,2022/10/7 4:57,131.4574227,47.02425317,5210086.162,458752.4617,8.2414,5.3,TRUE,5.3,400,300
4451,2022/10/7 4:57,131.45742,47.024324,5210094.037,458752.311,6.945,3.2,TRUE,5.3,400,300
4452,2022/10/7 4:57,131.4574283,47.02441433,5210104.075,458753.0115,8.09324,5.1,TRUE,5.3,400,300
4453,2022/10/7 4:57,131.4574333,47.02449133,5210112.633,458753.4509,5.90788,11.2,TRUE,5.3,400,300
4454,2022/10/7 4:57,131.4574292,47.0245615,5210120.436,458753.1933,7.778399,9.3,TRUE,5.3,400,300
4455,2022/10/7 4:57,131.4574457,47.02462833,5210127.857,458754.4991,7.0376,0.8,TRUE,5.3,400,300
4456,2022/10/7 4:57,131.4574567,47.02470417,5210136.282,458755.3938,6.40792,5,TRUE,5.3,400,300
4457,2022/10/7 4:57,131.4574607,47.024772,5210143.821,458755.7501,6.03752,2.5,TRUE,5.3,400,300
4458,2022/10/7 4:57,131.4574772,47.02484383,5210151.797,458757.0598,8.29696,5.2,TRUE,5.3,400,300
4459,2022/10/7 4:57,131.45749,47.02491867,5210160.111,458758.0905,7.72284,5.3,TRUE,5.3,400,300
4460,2022/10/7 4:57,131.4574957,47.02499583,5210168.686,458758.5832,8.27844,6.1,TRUE,5.3,400,300
4461,2022/10/7 4:57,131.457494,47.02507033,5210176.969,458758.5113,6.96352,359.7,TRUE,5.3,400,300
4462,2022/10/7 4:57,131.4574858,47.025146,5210185.385,458757.9463,7.463561,7.2,TRUE,5.3,400,300
4463,2022/10/7 4:57,131.4574905,47.02522683,5210194.369,458758.3658,6.64868,6.8,TRUE,5.3,400,300
4464,2022/10/7 4:57,131.4574968,47.02529767,5210202.241,458758.8993,7.07464,8.9,TRUE,5.3,396,300
4465,2022/10/7 4:58,131.4574908,47.025351,5210208.173,458758.4842,5.51896,0.6,TRUE,5.3,400,300
4466,2022/10/7 4:58,131.4574803,47.0254105,5210214.793,458757.7319,4.88928,8.3,TRUE,5.3,400,300
4467,2022/10/7 4:58,131.4574955,47.02545317,5210219.529,458758.9202,5.01892,46.7,FALSE,5.3,0,300
4468,2022/10/7 4:58,131.4575383,47.025486,5210223.156,458762.1992,0,89,FALSE,5.3,0,300
4469,2022/10/7 4:58,131.4574598,47.025487,5210223.308,458756.2324,5.1856,283.8,FALSE,5.3,0,300
4470,2022/10/7 4:58,131.4574137,47.02549233,5210223.925,458752.732,0,248.2,FALSE,5.3,0,300
4471,2022/10/7 4:58,131.457449,47.02548683,5210223.295,458755.4112,3.92624,120.4,FALSE,5.3,0,300
4472,2022/10/7 4:58,131.4574912,47.02546683,5210221.049,458758.6039,3.87068,177.2,FALSE,5.3,0,300
4473,2022/10/7 4:58,131.4574972,47.02543233,5210217.211,458759.0334,4.46332,179.7,TRUE,5.3,400,300
4474,2022/10/7 4:58,131.4574942,47.02539417,5210212.97,458758.776,4.51888,186.3,TRUE,5.3,400,300
4475,2022/10/7 4:58,131.4574947,47.02535267,5210208.356,458758.782,6.55608,186.7,TRUE,5.3,400,300
4476,2022/10/7 4:58,131.4574997,47.02528167,5210200.461,458759.1074,6.70424,180.9,TRUE,5.3,400,300
4477,2022/10/7 4:58,131.4575005,47.02520133,5210191.529,458759.1064,7.18576,186.9,TRUE,5.3,400,300
4478,2022/10/7 4:58,131.4574948,47.02512433,5210182.972,458758.6137,7.90804,186.3,TRUE,5.3,400,300
4479,2022/10/7 4:58,131.4574833,47.02503883,5210173.472,458757.6737,6.70424,188.2,TRUE,5.3,400,300
4480,2022/10/7 4:59,131.4574817,47.02495717,5210164.395,458757.4891,6.2042,182.7,TRUE,5.3,400,300
4481,2022/10/7 4:59,131.4574822,47.0248825,5210156.094,458757.4696,7.33392,183.6,TRUE,5.3,400,300
4482,2022/10/7 4:59,131.4574688,47.02480833,5210147.855,458756.3938,7.25984,183.3,TRUE,5.3,400,300
4483,2022/10/7 4:59,131.4574643,47.02470933,5210136.852,458755.9755,7.20428,185.9,TRUE,5.3,400,300
4484,2022/10/7 4:59,131.4574585,47.02463483,5210128.572,458755.4772,7.0376,185.3,TRUE,5.3,400,300
4485,2022/10/7 4:59,131.4574477,47.02457317,5210121.723,458754.6087,8.11176,188.8,TRUE,5.3,400,300
4486,2022/10/7 4:59,131.4574305,47.024499,5210113.487,458753.244,7.09316,180,TRUE,5.3,396,300
4487,2022/10/7 4:59,131.4574317,47.024423,5210105.037,458753.2767,6.72276,183.2,TRUE,5.3,400,300
4488,2022/10/7 4:59,131.4574342,47.02434333,5210096.179,458753.4054,6.945,181.7,TRUE,5.3,400,300
4489,2022/10/7 4:59,131.4574295,47.02427867,5210088.993,458752.9983,6.79684,183.2,TRUE,5.3,400,300
4490,2022/10/7 4:59,131.457416,47.024208,5210081.144,458751.9175,8.00064,188,TRUE,5.3,400,300
4491,2022/10/7 4:59,131.4574085,47.02413467,5210072.996,458751.2909,7.00056,185.8,TRUE,5.3,398,300
4492,2022/10/7 4:59,131.4574,47.02405383,5210064.013,458750.5824,7.18576,182.8,TRUE,5.3,400,300
4493,2022/10/7 4:59,131.4574143,47.02398183,5210056.001,458751.6141,6.22272,180.6,TRUE,5.3,400,300
4494,2022/10/7 4:59,131.4574135,47.02391367,5210048.424,458751.5008,7.20428,184.2,TRUE,5.3,400,300
4495,2022/10/7 5:00,131.4574025,47.02383417,5210039.592,458750.6033,7.9636,184.4,TRUE,5.3,400,300
4496,2022/10/7 5:00,131.457383,47.02376017,5210031.375,458749.0639,6.72276,187.4,TRUE,5.3,400,300
4497,2022/10/7 5:00,131.4573927,47.02368867,5210023.422,458749.7462,7.64876,186.9,TRUE,5.3,400,300
4498,2022/10/7 5:00,131.4573887,47.02361083,5210014.77,458749.3821,6.77832,181.2,TRUE,5.3,400,300
4499,2022/10/7 5:00,131.4573738,47.0235295,5210005.736,458748.1868,6.7598,186.4,TRUE,5.3,400,300
4500,2022/10/7 5:00,131.4573653,47.02345383,5209997.329,458747.4823,7.72284,186.9,TRUE,5.3,400,300
4501,2022/10/7 5:00,131.4573582,47.0233825,5209989.403,458746.8876,8.13028,185.3,TRUE,5.3,400,300
4502,2022/10/7 5:00,131.4573573,47.02329633,5209979.823,458746.7528,7.92656,185.4,TRUE,5.3,400,300
4503,2022/10/7 5:00,131.4573473,47.02321233,5209970.49,458745.9278,7.24132,181.9,TRUE,5.3,400,300
4504,2022/10/7 5:00,131.4573448,47.02314967,5209963.526,458745.6895,7.90804,188.9,TRUE,5.3,400,300
4505,2022/10/7 5:00,131.4573428,47.023088,5209956.671,458745.4899,7.14872,187.3,TRUE,5.3,400,300
4506,2022/10/7 5:00,131.4573335,47.0230215,5209949.283,458744.7317,6.6672,187,TRUE,5.3,400,300
4507,2022/10/7 5:00,131.457324,47.02294183,5209940.431,458743.9481,6.55608,184.6,TRUE,5.3,400,300
4508,2022/10/7 5:00,131.4573207,47.02286317,5209931.688,458743.6366,7.24132,187.1,TRUE,5.3,400,300
4509,2022/10/7 5:00,131.4573005,47.02278733,5209923.267,458742.0425,7.61172,186.4,TRUE,5.3,400,300
4510,2022/10/7 5:01,131.4572962,47.02270483,5209914.098,458741.6521,7.2228,186.6,TRUE,5.3,400,300
4511,2022/10/7 5:01,131.4572793,47.02262767,5209905.529,458740.3078,7.07464,187.2,TRUE,5.3,400,300
4512,2022/10/7 5:01,131.4572697,47.0225565,5209897.622,458739.5232,7.01908,188.5,TRUE,5.3,400,300
4513,2022/10/7 5:01,131.457269,47.02248417,5209889.581,458739.4142,8.037681,187.6,TRUE,5.3,400,300
4514,2022/10/7 5:01,131.4572643,47.0224055,5209880.838,458738.9963,7.63024,190.9,TRUE,5.3,400,300
4515,2022/10/7 5:01,131.4572473,47.02232533,5209871.934,458737.6421,7.81544,187.4,TRUE,5.3,400,300
4516,2022/10/7 5:01,131.457249,47.02225483,5209864.096,458737.717,7.463561,186.8,TRUE,5.3,400,300
4517,2022/10/7 5:01,131.4572407,47.0221805,5209855.837,458737.0288,6.81536,188.9,TRUE,5.3,400,300
4518,2022/10/7 5:01,131.4572435,47.02212,5209849.11,458737.195,6.83388,186.2,TRUE,5.3,400,300
4519,2022/10/7 5:01,131.4572388,47.0220495,5209841.275,458736.7834,6.72276,188.8,TRUE,5.3,400,300
4520,2022/10/7 5:01,131.4572237,47.02198517,5209834.131,458735.5858,6.44496,184.4,TRUE,5.3,400,300
4521,2022/10/7 5:01,131.4572133,47.02192217,5209827.133,458734.7466,5.6486,187.8,TRUE,5.3,400,300
4522,2022/10/7 5:01,131.4572018,47.02185867,5209820.079,458733.8234,5.79676,183.8,TRUE,5.3,400,300
4523,2022/10/7 5:01,131.4571923,47.02180033,5209813.599,458733.0562,3.20396,186.4,TRUE,5.3,400,300
4524,2022/10/7 5:01,131.4571875,47.0217445,5209807.394,458732.6483,5.59304,163.1,TRUE,5.3,136,300
4525,2022/10/7 5:02,131.4572395,47.021689,5209801.197,458736.5588,4.4448,109.2,FALSE,5.3,0,300
4526,2022/10/7 5:02,131.4572492,47.02167467,5209799.599,458737.2852,3.96328,282.4,FALSE,5.3,0,300
4527,2022/10/7 5:02,131.4571922,47.021679,5209800.11,458732.9551,3.81512,247.2,FALSE,5.3,0,300
4528,2022/10/7 5:02,131.457216,47.02168167,5209800.395,458734.7666,5.2782,76.2,FALSE,5.3,0,300
4529,2022/10/7 5:02,131.4572855,47.02172967,5209805.694,458740.0873,5.88936,30.5,FALSE,5.3,0,300
4530,2022/10/7 5:02,131.4573265,47.0217725,5209810.434,458743.2373,5.22264,11.4,TRUE,5.3,219,300
4531,2022/10/7 5:02,131.4573543,47.02181617,5209815.274,458745.3845,3.7966,17.4,TRUE,5.3,357,300
4532,2022/10/7 5:02,131.4573628,47.02187583,5209821.902,458746.0766,7.00056,12,TRUE,5.3,400,300
4533,2022/10/7 5:02,131.4573767,47.021951,5209830.252,458747.1913,6.87092,10.7,TRUE,5.3,400,300
4534,2022/10/7 5:02,131.4573878,47.02202133,5209838.064,458748.0893,6.74128,7.8,TRUE,5.3,400,300
4535,2022/10/7 5:02,131.4574005,47.02209533,5209846.284,458749.1118,7.44504,9.5,TRUE,5.3,400,300
4536,2022/10/7 5:02,131.4574007,47.02218467,5209856.216,458749.1959,7.5932,8.4,TRUE,5.3,400,300
4537,2022/10/7 5:02,131.457416,47.02225483,5209864.008,458750.4131,7.98212,7.2,TRUE,5.3,400,300
4538,2022/10/7 5:02,131.4574157,47.02232383,5209871.679,458750.4434,7.64876,5.9,TRUE,5.3,400,300
4539,2022/10/7 5:02,131.4574243,47.02239883,5209880.012,458751.155,7.37096,7.4,TRUE,5.3,400,300
4540,2022/10/7 5:03,131.4574407,47.0224795,5209888.972,458752.4639,7.98212,8.1,TRUE,5.3,400,300
4541,2022/10/7 5:03,131.4574442,47.02256017,5209897.938,458752.7921,7.92656,3.4,TRUE,5.3,400,300
4542,2022/10/7 5:03,131.45745,47.02263433,5209906.179,458753.2902,7.463561,9.5,TRUE,5.3,400,300
4543,2022/10/7 5:03,131.4574448,47.0227055,5209914.094,458752.9497,7.07464,3.9,TRUE,5.3,400,300
4544,2022/10/7 5:03,131.4574575,47.022779,5209922.259,458753.9718,7.29688,1.6,TRUE,5.3,400,300
4545,2022/10/7 5:03,131.457464,47.02285767,5209931.001,458754.5265,6.6672,5.1,TRUE,5.3,400,300
4546,2022/10/7 5:03,131.4574832,47.0229245,5209938.42,458756.0377,8.27844,4.6,TRUE,5.3,400,300
4547,2022/10/7 5:03,131.4574863,47.02301083,5209948.016,458756.3398,7.74136,8.9,TRUE,5.3,400,300
4548,2022/10/7 5:03,131.4574982,47.023084,5209956.144,458757.3008,7.05612,7.9,TRUE,5.3,400,300
4549,2022/10/7 5:03,131.4574942,47.0231615,5209964.762,458757.0564,7.51912,5.5,TRUE,5.3,400,300
4550,2022/10/7 5:03,131.4574965,47.023242,5209973.71,458757.2933,7.61172,8.9,TRUE,5.3,400,300
4551,2022/10/7 5:03,131.457491,47.02331833,5209982.199,458756.9339,8.00064,5.4,TRUE,5.3,400,300
4552,2022/10/7 5:03,131.4575095,47.02339183,5209990.36,458758.397,7.14872,5.4,TRUE,5.3,400,300
4553,2022/10/7 5:03,131.457518,47.02347567,5209999.676,458759.1077,6.92648,4.3,TRUE,5.3,400,300
4554,2022/10/7 5:03,131.4575263,47.02355317,5210008.288,458759.7984,7.63024,6.8,TRUE,5.3,400,300
4555,2022/10/7 5:04,131.4575087,47.02363267,5210017.135,458758.5216,8.22288,7.6,TRUE,5.3,400,300
4556,2022/10/7 5:04,131.4575147,47.02371683,5210026.488,458759.0426,7.889521,5.5,TRUE,5.3,370,300
4557,2022/10/7 5:04,131.4575142,47.02380333,5210036.104,458759.0712,6.74128,358.5,TRUE,5.3,374,300
4558,2022/10/7 5:04,131.4575267,47.023873,5210043.843,458760.0751,8.40808,6.9,TRUE,5.3,400,300
4559,2022/10/7 5:04,131.4575327,47.02394867,5210052.252,458760.5895,7.72284,4.1,TRUE,5.3,400,300
4560,2022/10/7 5:04,131.457545,47.02403283,5210061.602,458761.5894,6.13012,1.9,TRUE,5.3,400,300
4561,2022/10/7 5:04,131.4575525,47.02409517,5210068.528,458762.2076,6.83388,3.2,TRUE,5.3,400,300
4562,2022/10/7 5:04,131.4575467,47.02416683,5210076.498,458761.8218,7.72284,2.3,TRUE,5.3,400,300
4563,2022/10/7 5:04,131.457561,47.024251,5210085.848,458762.9737,8.1488,9.3,TRUE,5.3,400,300
4564,2022/10/7 5:04,131.4575682,47.02433383,5210095.052,458763.5849,7.6858,6.9,TRUE,5.3,400,300
4565,2022/10/7 5:04,131.4575852,47.02441083,5210103.603,458764.9365,7.42652,6.9,TRUE,5.3,400,300
4566,2022/10/7 5:04,131.4575823,47.0244915,5210112.573,458764.7782,6.72276,4,TRUE,5.3,400,300
4567,2022/10/7 5:04,131.4575845,47.02456283,5210120.502,458765.0004,5.68564,6.1,TRUE,5.3,400,300
4568,2022/10/7 5:04,131.4575832,47.02463033,5210128.007,458764.9535,9.05628,4.2,TRUE,5.3,400,300
4569,2022/10/7 5:04,131.4575982,47.02470533,5210136.336,458766.1516,7.38948,7.4,TRUE,5.3,400,300
4570,2022/10/7 5:05,131.4576135,47.02476233,5210142.665,458767.3586,7.01908,3.7,TRUE,5.3,394,300
4571,2022/10/7 5:05,131.4576288,47.024832,5210150.402,458768.5754,8.11176,8.1,TRUE,5.3,400,300
4572,2022/10/7 5:05,131.4576368,47.024912,5210159.292,458769.2451,7.64876,10.6,TRUE,5.3,400,300
4573,2022/10/7 5:05,131.457636,47.0249715,5210165.907,458769.2301,5.88936,6.6,TRUE,5.3,400,300
4574,2022/10/7 5:05,131.4576332,47.02503967,5210173.487,458769.0697,7.1302,2.5,TRUE,5.3,400,300
4575,2022/10/7 5:05,131.4576445,47.02512867,5210183.375,458769.9973,7.09316,6.7,TRUE,5.3,400,300
4576,2022/10/7 5:05,131.4576435,47.0251945,5210190.694,458769.972,7.11168,4.6,TRUE,5.3,400,300
4577,2022/10/7 5:05,131.457639,47.0252685,5210198.923,458769.6869,6.482,4.7,TRUE,5.3,400,300
4578,2022/10/7 5:05,131.4576497,47.02533917,5210206.774,458770.5547,7.14872,3.5,TRUE,5.3,400,300
4579,2022/10/7 5:05,131.4576373,47.02541517,5210215.229,458769.6706,7.24132,359.9,TRUE,5.3,400,300
4580,2022/10/7 5:05,131.4576535,47.02546317,5210220.557,458770.939,5.7412,5,TRUE,5.3,400,300
4581,2022/10/7 5:05,131.4576783,47.02549567,5210224.157,458772.8493,4.24108,43.5,TRUE,5.3,121,300
4582,2022/10/7 5:05,131.4577172,47.0255225,5210227.119,458775.8272,2.74096,90.2,FALSE,5.3,0,300
4583,2022/10/7 5:05,131.4576918,47.02553867,5210228.93,458773.9087,5.51896,269.9,FALSE,5.3,0,300
4584,2022/10/7 5:05,131.4576232,47.0255465,5210229.837,458768.6998,3.09284,257.1,FALSE,5.3,0,300
4585,2022/10/7 5:06,131.4576298,47.02554117,5210229.241,458769.1974,3.90772,97.4,FALSE,5.3,0,300
4586,2022/10/7 5:06,131.4576628,47.02551183,5210225.962,458771.6835,3.8892,167.7,FALSE,5.3,0,300
4587,2022/10/7 5:06,131.4576622,47.02546517,5210220.775,458771.6019,5.9264,185.9,FALSE,5.3,0,300
4588,2022/10/7 5:06,131.4576615,47.02541883,5210215.624,458771.513,4.85224,182.4,TRUE,5.3,394,300
4589,2022/10/7 5:06,131.4576597,47.0253625,5210209.362,458771.3328,5.81528,194.8,TRUE,5.3,365,300
4590,2022/10/7 5:06,131.457661,47.02530767,5210203.266,458771.3895,7.33392,182.6,TRUE,5.3,400,300
4591,2022/10/7 5:06,131.4576562,47.02523883,5210195.616,458770.9716,6.2968,187.4,TRUE,5.3,400,300
4592,2022/10/7 5:06,131.4576523,47.0251645,5210187.354,458770.6178,6.70424,189.7,TRUE,5.3,400,300
4593,2022/10/7 5:06,131.4576468,47.025092,5210179.297,458770.1439,6.90796,178.7,TRUE,5.3,400,300
4594,2022/10/7 5:06,131.4576487,47.02502633,5210171.996,458770.2378,7.1302,181.8,TRUE,5.3,400,300
4595,2022/10/7 5:06,131.4576307,47.02494917,5210163.427,458768.81,7.27836,184.9,TRUE,5.3,400,300
4596,2022/10/7 5:06,131.4576235,47.02486217,5210153.759,458768.1957,7.852479,188.4,TRUE,5.3,400,300
4597,2022/10/7 5:06,131.457607,47.02478267,5210144.93,458766.8801,6.24124,182.5,TRUE,5.3,400,300
4598,2022/10/7 5:06,131.4576057,47.02472433,5210138.445,458766.7364,6.35236,185.3,TRUE,5.3,400,300
4599,2022/10/7 5:06,131.4576063,47.0246625,5210131.571,458766.7344,5.093,187.1,TRUE,5.3,400,300
4600,2022/10/7 5:07,131.4576058,47.02460933,5210125.66,458766.6554,6.945,187.1,TRUE,5.3,400,300
4601,2022/10/7 5:07,131.4576013,47.02453467,5210117.362,458766.2558,6.1116,186.7,TRUE,5.3,400,300
4602,2022/10/7 5:07,131.4575963,47.02446967,5210110.139,458765.8257,5.556,185.2,TRUE,5.3,400,300
4603,2022/10/7 5:07,131.4575843,47.02440717,5210103.197,458764.8653,5.8338,187.8,TRUE,5.3,400,300
4604,2022/10/7 5:07,131.4575782,47.024338,5210095.511,458764.3483,6.6672,184.2,TRUE,5.3,400,300
4605,2022/10/7 5:07,131.4575703,47.02426383,5210087.269,458763.6906,6.61164,180.7,TRUE,5.3,400,300
4606,2022/10/7 5:07,131.4575793,47.024196,5210079.724,458764.3226,6.8524,181.8,TRUE,5.3,400,300
4607,2022/10/7 5:07,131.4575848,47.02412067,5210071.346,458764.6827,6.59312,180.5,TRUE,5.3,400,300
4608,2022/10/7 5:07,131.457579,47.02404933,5210063.418,458764.1868,6.83388,179.9,TRUE,5.3,400,300
4609,2022/10/7 5:07,131.4575653,47.02397467,5210055.126,458763.0878,6.55608,179,TRUE,5.3,400,300
4610,2022/10/7 5:07,131.457561,47.02391517,5210048.513,458762.7151,6.35236,183.8,TRUE,5.3,400,300
4611,2022/10/7 5:07,131.4575515,47.02383817,5210039.958,458761.9336,7.01908,180.4,TRUE,5.3,400,300
4612,2022/10/7 5:07,131.45755,47.02376267,5210031.565,458761.7615,6.74128,186.1,TRUE,5.3,400,300
4613,2022/10/7 5:07,131.4575492,47.02368917,5210023.395,458761.644,6.945,185.1,TRUE,5.3,400,300
4614,2022/10/7 5:07,131.4575477,47.0236155,5210015.206,458761.4733,6.31532,182,TRUE,5.3,400,300
4615,2022/10/7 5:08,131.457539,47.023547,5210007.595,458760.7591,6.22272,179.5,TRUE,5.3,400,300
4616,2022/10/7 5:08,131.4575398,47.0234865,5210000.869,458760.7734,5.9264,185,TRUE,5.3,400,300
4617,2022/10/7 5:08,131.4575383,47.02341733,5209993.18,458760.6061,6.90796,186.7,TRUE,5.3,400,300
4618,2022/10/7 5:08,131.45753,47.02334783,5209985.458,458759.9215,7.98212,182.4,TRUE,5.3,400,300
4619,2022/10/7 5:08,131.4575117,47.023268,5209976.593,458758.4689,7.6858,181.6,TRUE,5.3,400,300
4620,2022/10/7 5:08,131.4575082,47.02319133,5209968.071,458758.1437,7.00056,184.9,TRUE,5.3,400,300
4621,2022/10/7 5:08,131.4574998,47.02311917,5209960.053,458757.4496,7.07464,191.2,TRUE,5.3,400,300
4622,2022/10/7 5:08,131.4574957,47.0230505,5209952.421,458757.085,6.61164,185.4,TRUE,5.3,400,300
4623,2022/10/7 5:08,131.4574917,47.022984,5209945.031,458756.7297,6.63016,180.9,TRUE,5.3,400,300
4624,2022/10/7 5:08,131.4574855,47.02291217,5209937.048,458756.203,6.482,184.6,TRUE,5.3,400,300
4625,2022/10/7 5:08,131.4574783,47.02283433,5209928.399,458755.5957,6.44496,188.2,TRUE,5.3,400,300
4626,2022/10/7 5:08,131.4574703,47.02276667,5209920.881,458754.9354,7.37096,184.7,TRUE,5.3,400,300
4627,2022/10/7 5:08,131.45746,47.02269183,5209912.566,458754.0947,6.3894,177.1,TRUE,5.3,400,300
4628,2022/10/7 5:08,131.4574533,47.02262167,5209904.77,458753.5313,6.07456,183.4,TRUE,5.3,400,300
4629,2022/10/7 5:08,131.457444,47.0225145,5209892.861,458752.7417,7.07464,192.2,TRUE,5.3,400,300
4630,2022/10/7 5:09,131.4574327,47.02244267,5209884.882,458751.8274,7.5006,188.1,TRUE,5.3,400,300
4631,2022/10/7 5:09,131.4574173,47.022367,5209876.477,458750.5983,6.3894,186,TRUE,5.3,400,300
4632,2022/10/7 5:09,131.4574182,47.022303,5209869.362,458750.6174,7.5006,184.2,TRUE,5.3,400,300
4633,2022/10/7 5:09,131.4574105,47.02223333,5209861.621,458749.9784,6.6672,190.6,TRUE,5.3,400,300
4634,2022/10/7 5:09,131.4574037,47.02216283,5209853.787,458749.4071,7.2228,181.1,TRUE,5.3,400,300
4635,2022/10/7 5:09,131.4573975,47.02207917,5209844.489,458748.8713,5.90788,183.5,TRUE,5.3,396,300
4636,2022/10/7 5:09,131.4573905,47.02202683,5209838.674,458748.2988,6.81536,183.4,TRUE,5.3,400,300
4637,2022/10/7 5:09,131.4573875,47.021954,5209830.579,458748.0147,6.37088,184.4,TRUE,5.3,400,300
4638,2022/10/7 5:09,131.4573792,47.021887,5209823.135,458747.332,6.64868,189.5,TRUE,5.3,400,300
4639,2022/10/7 5:09,131.4573612,47.02182533,5209816.289,458745.9161,5.72268,191.3,TRUE,5.3,400,300
4640,2022/10/7 5:09,131.4573562,47.02177583,5209810.789,458745.4978,6.53756,184.5,TRUE,5.3,400,300
4641,2022/10/7 5:09,131.457394,47.0217185,5209804.395,458748.3274,4.83372,127.8,FALSE,5.3,0,300
4642,2022/10/7 5:09,131.4574527,47.02169533,5209801.788,458752.7722,0,108.6,FALSE,5.3,0,300
4643,2022/10/7 5:09,131.4573872,47.02169417,5209801.694,458747.7917,5.42636,262.8,FALSE,5.3,0,300
4644,2022/10/7 5:09,131.4573427,47.021686,5209800.809,458744.4023,3.11136,84.3,FALSE,5.3,0,300
4645,2022/10/7 5:10,131.4574333,47.02172333,5209804.912,458751.3189,5.63008,31.9,FALSE,5.3,0,300
4646,2022/10/7 5:10,131.4574778,47.0217775,5209810.91,458754.7437,5.093,24.1,FALSE,5.3,0,300
4647,2022/10/7 5:10,131.4575032,47.021817,5209815.288,458756.7052,4.68556,19.6,TRUE,5.3,400,300
4648,2022/10/7 5:10,131.4575232,47.02186783,5209820.928,458758.2648,4.77816,13,TRUE,5.3,399,300
4649,2022/10/7 5:10,131.4575247,47.02192617,5209827.413,458758.4238,6.37088,12.5,TRUE,5.3,382,300
4650,2022/10/7 5:10,131.4575293,47.02199583,5209835.155,458758.8272,6.09308,14.9,TRUE,5.3,377,300
4651,2022/10/7 5:10,131.457547,47.02205067,5209841.242,458760.215,7.07464,7,TRUE,5.3,400,300
4652,2022/10/7 5:10,131.45756,47.02210983,5209847.812,458761.2489,6.35236,6,TRUE,5.3,400,300
4653,2022/10/7 5:10,131.4575608,47.02218333,5209855.983,458761.3663,7.5932,6.4,TRUE,5.3,400,300
4654,2022/10/7 5:10,131.4575567,47.02226333,5209864.879,458761.1162,7.0376,5.3,TRUE,5.3,400,300
4655,2022/10/7 5:10,131.457568,47.0223285,5209872.118,458762.0255,7.05612,10.7,TRUE,5.3,400,300
4656,2022/10/7 5:10,131.4575775,47.02239367,5209879.358,458762.7979,6.37088,9.8,TRUE,5.3,400,300
4657,2022/10/7 5:10,131.4575977,47.02245617,5209886.295,458764.3817,5.98196,8,TRUE,5.3,400,300
4658,2022/10/7 5:10,131.4576002,47.02251783,5209893.149,458764.6192,6.24124,9.2,TRUE,5.3,400,300
4659,2022/10/7 5:10,131.4576042,47.0225905,5209901.226,458764.9793,6.96352,5.6,TRUE,5.3,400,300
4660,2022/10/7 5:11,131.457612,47.02266417,5209909.411,458765.629,6.88944,7.1,TRUE,5.3,400,300
4661,2022/10/7 5:11,131.457618,47.022729,5209916.616,458766.1351,5.59304,7,TRUE,5.3,400,300
4662,2022/10/7 5:11,131.4576347,47.02279017,5209923.407,458767.4517,6.13012,6.1,TRUE,5.3,400,300
4663,2022/10/7 5:11,131.4576447,47.02285867,5209931.017,458768.2647,6.64868,9.3,TRUE,5.3,400,300
4664,2022/10/7 5:11,131.457647,47.02293017,5209938.964,458768.4946,7.42652,4.5,TRUE,0,400,300
4665,2022/10/7 5:11,131.4576488,47.023005,5209947.282,458768.6891,7.0376,359.2,TRUE,0,400,300
4666,2022/10/7 5:11,131.4576385,47.02308283,5209955.94,458767.966,7.37096,9.1,TRUE,5.3,400,300
4667,2022/10/7 5:11,131.4576483,47.02314883,5209963.272,458768.7618,6.6672,11.7,TRUE,5.3,400,300
4668,2022/10/7 5:11,131.4576752,47.02321433,5209970.54,458770.8572,5.59304,6,TRUE,5.3,400,300
4669,2022/10/7 5:11,131.4576918,47.02326517,5209976.183,458772.1584,6.33384,4.6,TRUE,5.3,400,300
4670,2022/10/7 5:11,131.4576857,47.0233365,5209984.116,458771.7495,7.33392,4,TRUE,5.3,400,300
4671,2022/10/7 5:11,131.4576835,47.02341583,5209992.937,458771.6434,7.2228,8.9,TRUE,5.3,400,300
4672,2022/10/7 5:11,131.457686,47.02347833,5209999.883,458771.8815,6.81536,8.6,TRUE,5.3,400,300
4673,2022/10/7 5:11,131.4577073,47.023548,5210007.617,458773.5545,6.61164,6.7,TRUE,5.3,400,300
4674,2022/10/7 5:11,131.4577108,47.02361183,5210014.712,458773.8697,6.6672,5.8,TRUE,5.3,400,300
4675,2022/10/7 5:12,131.4577148,47.02367467,5210021.696,458774.2221,6.25976,6,TRUE,5.3,400,300
4676,2022/10/7 5:12,131.4577145,47.023743,5210029.292,458774.2519,6.09308,5,TRUE,5.3,400,300
4677,2022/10/7 5:12,131.4577185,47.0238055,5210036.238,458774.6041,8.07472,6.6,TRUE,5.3,400,300
4678,2022/10/7 5:12,131.4577157,47.02387317,5210043.763,458774.4434,6.7598,6.6,TRUE,5.3,400,300
4679,2022/10/7 5:12,131.4577225,47.02393783,5210050.947,458775.0101,7.57468,9,TRUE,5.3,400,300
4680,2022/10/7 5:12,131.4577453,47.02401817,5210059.867,458776.8052,6.7598,8.6,TRUE,5.3,400,300
4681,2022/10/7 5:12,131.45775,47.02408717,5210067.535,458777.2157,6.87092,11.5,TRUE,5.3,400,300
4682,2022/10/7 5:12,131.457747,47.02415917,5210075.541,458777.043,7.01908,2.8,TRUE,5.3,400,300
4683,2022/10/7 5:12,131.4577495,47.02422717,5210083.099,458777.2854,6.27828,11.2,TRUE,5.3,400,300
4684,2022/10/7 5:12,131.4577447,47.02429567,5210090.717,458776.9733,6.5746,11.4,TRUE,5.3,400,300
4685,2022/10/7 5:12,131.4577637,47.0243525,5210097.025,458778.4614,6.42644,5.5,TRUE,5.3,400,300
4686,2022/10/7 5:12,131.45777,47.02441833,5210104.34,458778.991,6.50052,8.8,TRUE,5.3,400,300
4687,2022/10/7 5:12,131.4577642,47.0244875,5210112.033,458778.6033,6.74128,7.4,TRUE,5.3,400,300
4688,2022/10/7 5:12,131.4577703,47.02455467,5210119.497,458779.1188,6.90796,9.2,TRUE,5.3,400,300
4689,2022/10/7 5:12,131.4577763,47.024627,5210127.535,458779.6306,6.37088,9.2,TRUE,5.3,400,300
4690,2022/10/7 5:13,131.4577705,47.02470233,5210135.912,458779.2476,6.00048,8.8,TRUE,5.3,400,300
4691,2022/10/7 5:13,131.4577775,47.024773,5210143.765,458779.8342,6.98204,7.8,TRUE,5.3,400,300
4692,2022/10/7 5:13,131.4577733,47.0248285,5210149.937,458779.5576,5.68564,13.8,TRUE,5.3,400,300
4693,2022/10/7 5:13,131.4577832,47.024899,5210157.77,458780.3645,7.16724,6.8,TRUE,5.3,400,300
4694,2022/10/7 5:13,131.4577895,47.02497783,5210166.53,458780.9041,7.11168,9.6,TRUE,5.3,400,300
4695,2022/10/7 5:13,131.4578115,47.02504883,5210174.411,458782.6312,6.90796,9.5,TRUE,5.3,400,300
4696,2022/10/7 5:13,131.4578267,47.02510933,5210181.129,458783.8333,7.5006,7.1,TRUE,5.3,400,300
4697,2022/10/7 5:13,131.457831,47.02517167,5210188.057,458784.2081,5.98196,4.3,TRUE,5.3,400,300
4698,2022/10/7 5:13,131.4578238,47.0252265,5210194.157,458783.703,6.59312,4.5,TRUE,5.3,400,300
4699,2022/10/7 5:13,131.4578238,47.0252835,5210200.493,458783.7469,6.72276,7.9,TRUE,5.3,400,300
4700,2022/10/7 5:13,131.4578493,47.02536517,5210209.559,458785.7482,5.53748,4,TRUE,5.3,395,300
4701,2022/10/7 5:13,131.457874,47.02541967,5210215.605,458787.6679,4.63,8.5,TRUE,5.3,400,300
4702,2022/10/7 5:13,131.457875,47.02545517,5210219.551,458787.7712,4.40776,22.3,FALSE,5.3,0,300
4703,2022/10/7 5:13,131.4579035,47.025486,5210222.964,458789.9615,4.0744,81.1,FALSE,5.3,0,300
4704,2022/10/7 5:13,131.4578692,47.02549583,5210224.074,458787.3616,5.2782,265.3,FALSE,5.3,0,300
4705,2022/10/7 5:14,131.4577717,47.02550633,5210225.293,458779.9578,3.90772,272.5,FALSE,5.3,0,300
4706,2022/10/7 5:14,131.4577475,47.02551233,5210225.973,458778.1227,1.74088,100,FALSE,5.3,0,300
4707,2022/10/7 5:14,131.4578033,47.025505,5210225.129,458782.359,4.29664,140.1,FALSE,5.3,0,300
4708,2022/10/7 5:14,131.4578448,47.02547133,5210221.364,458785.4879,3.77808,175.1,FALSE,5.3,0,300
4709,2022/10/7 5:14,131.4578447,47.02544233,5210218.14,458785.4579,4.68556,184.1,TRUE,5.3,211,300
4710,2022/10/7 5:14,131.4578295,47.02539433,5210212.811,458784.2655,4.88928,182.6,TRUE,5.3,400,300
4711,2022/10/7 5:14,131.4578248,47.0253455,5210207.385,458783.8706,3.72252,193.5,TRUE,5.3,397,300
4712,2022/10/7 5:14,131.457814,47.02529583,5210201.869,458783.0114,4.79668,183.4,TRUE,5.3,400,300
4713,2022/10/7 5:14,131.4578018,47.025234,5210195.002,458782.0363,6.13012,184.9,TRUE,5.3,400,300
4714,2022/10/7 5:14,131.4577925,47.02517233,5210188.151,458781.2819,5.87084,185,TRUE,5.3,400,300
4715,2022/10/7 5:14,131.4577848,47.025103,5210180.448,458780.6432,6.68572,189.8,TRUE,5.3,400,300
4716,2022/10/7 5:14,131.4577883,47.02503333,5210172.7,458780.8556,6.46348,185.8,TRUE,5.3,400,300
4717,2022/10/7 5:14,131.4577885,47.02496683,5210165.307,458780.8196,5.29672,182.9,TRUE,5.3,400,300
4718,2022/10/7 5:14,131.4577767,47.024898,5210157.662,458779.8696,6.46348,189.7,TRUE,5.3,400,300
4719,2022/10/7 5:14,131.4577667,47.02483267,5210150.404,458779.0591,5.68564,186.7,TRUE,5.3,400,300
4720,2022/10/7 5:15,131.4577503,47.02477683,5210144.205,458777.7694,5.72268,186.7,TRUE,5.3,400,300
4721,2022/10/7 5:15,131.4577433,47.02470967,5210136.743,458777.1855,6.00048,190.7,TRUE,5.3,400,300
4722,2022/10/7 5:15,131.457738,47.02463333,5210128.259,458776.7239,6.70424,186.7,TRUE,5.3,399,300
4723,2022/10/7 5:15,131.4577388,47.02457283,5210121.532,458776.7381,6.40792,186.4,TRUE,5.3,400,300
4724,2022/10/7 5:15,131.457727,47.024501,5210113.553,458775.7857,6.00048,186.8,TRUE,5.3,400,300
4725,2022/10/7 5:15,131.4577385,47.024439,5210106.654,458776.6123,6.05604,188.8,TRUE,5.3,400,300
4726,2022/10/7 5:15,131.457737,47.02437917,5210100.004,458776.4522,5.6486,179.2,TRUE,5.3,400,300
4727,2022/10/7 5:15,131.4577253,47.0243075,5210092.042,458775.5075,6.87092,183.1,TRUE,5.3,400,300
4728,2022/10/7 5:15,131.4577183,47.02423717,5210084.227,458774.9213,6.7598,183.1,TRUE,5.3,400,300
4729,2022/10/7 5:15,131.4577072,47.024168,5210076.544,458774.0242,6.70424,183.7,TRUE,5.3,400,300
4730,2022/10/7 5:15,131.4577197,47.02410333,5210069.348,458774.9247,6.72276,177.4,TRUE,5.3,400,300
4731,2022/10/7 5:15,131.4577113,47.02403417,5210061.663,458774.2328,6.16716,179.9,TRUE,5.3,400,300
4732,2022/10/7 5:15,131.4577008,47.02396433,5210053.905,458773.3808,6.13012,179.2,TRUE,5.3,400,300
4733,2022/10/7 5:15,131.457687,47.02388883,5210045.519,458772.2736,6.09308,182.2,TRUE,5.3,400,300
4734,2022/10/7 5:15,131.4576795,47.0238205,5210037.926,458771.6508,6.3894,183.2,TRUE,5.3,400,300
4735,2022/10/7 5:16,131.4576717,47.02375683,5210030.852,458771.0088,7.25984,189.2,TRUE,5.3,400,300
4736,2022/10/7 5:16,131.4576842,47.02368817,5210023.212,458771.9063,6.55608,183.8,TRUE,5.3,400,300
4737,2022/10/7 5:16,131.4576807,47.02361417,5210014.988,458771.5832,7.07464,181.7,TRUE,5.3,396,300
4738,2022/10/7 5:16,131.4576787,47.02354083,5210006.835,458771.3747,7.408,184.1,TRUE,5.3,400,300
4739,2022/10/7 5:16,131.45767,47.02347,5209998.966,458770.6588,6.5746,186.9,TRUE,5.3,400,300
4740,2022/10/7 5:16,131.4576605,47.0233975,5209990.911,458769.8807,7.09316,183.8,TRUE,5.3,400,300
4741,2022/10/7 5:16,131.4576657,47.02332833,5209983.218,458770.2228,5.40784,187.7,TRUE,5.3,400,300
4742,2022/10/7 5:16,131.4576608,47.02326517,5209976.199,458769.8017,6.51904,185.7,TRUE,5.3,400,300
4743,2022/10/7 5:16,131.4576547,47.02319433,5209968.327,458769.2834,5.57452,180.4,TRUE,5.3,400,300
4744,2022/10/7 5:16,131.4576317,47.023126,5209960.743,458767.4822,6.33384,184.4,TRUE,5.3,400,300
4745,2022/10/7 5:16,131.4576183,47.02305017,5209952.32,458766.4052,7.94508,188.3,TRUE,5.3,400,300
4746,2022/10/7 5:16,131.457606,47.022973,5209943.748,458765.4106,6.88944,190.9,TRUE,5.3,400,300
4747,2022/10/7 5:16,131.4575975,47.0229095,5209936.693,458764.7156,6.77832,184.6,TRUE,5.3,400,300
4748,2022/10/7 5:16,131.4576073,47.02284733,5209929.776,458765.4127,5.33376,180.3,TRUE,5.3,400,300
4749,2022/10/7 5:16,131.4576073,47.02278267,5209922.588,458765.3629,6.2042,184.4,TRUE,5.3,400,300
4750,2022/10/7 5:17,131.4575955,47.02271167,5209914.701,458764.4112,7.11168,184,TRUE,5.3,400,300
4751,2022/10/7 5:17,131.4575873,47.02263967,5209906.701,458763.7323,5.87084,186.8,TRUE,5.3,400,300
4752,2022/10/7 5:17,131.457586,47.02256933,5209898.882,458763.5794,6.05604,180.8,TRUE,5.3,400,300
4753,2022/10/7 5:17,131.4575732,47.02250767,5209892.034,458762.5588,6.40792,190.8,TRUE,5.3,400,300
4754,2022/10/7 5:17,131.457561,47.022444,5209884.962,458761.5822,6.31532,190.2,TRUE,5.3,400,300
4755,2022/10/7 5:17,131.4575578,47.02237517,5209877.312,458761.286,7.0376,187,TRUE,5.3,400,300
4756,2022/10/7 5:17,131.4575413,47.02229917,5209868.871,458759.973,7.61172,191.5,TRUE,5.3,400,300
4757,2022/10/7 5:17,131.4575335,47.02221433,5209859.444,458759.3147,6.55608,189.7,TRUE,5.3,400,300
4758,2022/10/7 5:17,131.4575353,47.02214167,5209851.365,458759.3956,6.09308,185.4,TRUE,5.3,399,300
4759,2022/10/7 5:17,131.4575335,47.02207817,5209844.307,458759.2099,6.18568,183.4,TRUE,5.3,400,300
4760,2022/10/7 5:17,131.4575225,47.02201167,5209836.92,458758.3224,6.14864,188.7,TRUE,5.3,400,300
4761,2022/10/7 5:17,131.4575078,47.021949,5209829.96,458757.1566,6.50052,189.7,TRUE,5.3,400,300
4762,2022/10/7 5:17,131.4574843,47.02187767,5209822.043,458755.3151,4.85224,195.6,TRUE,5.3,400,300
4763,2022/10/7 5:17,131.4574747,47.02182967,5209816.712,458754.5482,3.75956,185.9,TRUE,5.3,370,300
4764,2022/10/7 5:17,131.4574832,47.0217765,5209810.796,458755.1535,5.88936,169,FALSE,5.3,0,300
4765,2022/10/7 5:18,131.4575513,47.021725,5209805.035,458760.2911,3.12988,104.7,FALSE,5.3,0,300
4766,2022/10/7 5:18,131.457538,47.0217215,5209804.653,458759.2773,5.4634,284.9,FALSE,5.3,0,300
4767,2022/10/7 5:18,131.4574722,47.02171017,5209803.428,458754.2661,1.72236,256.8,FALSE,5.3,0,300
4768,2022/10/7 5:18,131.4575115,47.02170433,5209802.758,458757.2494,6.40792,65.3,FALSE,5.3,0,300
4769,2022/10/7 5:18,131.4576005,47.02175433,5209808.27,458764.0542,4.57444,24.4,FALSE,5.3,0,300
4770,2022/10/7 5:18,131.4576393,47.02180917,5209814.346,458767.0461,4.31516,19.1,TRUE,5.3,249,300
4771,2022/10/7 5:18,131.457652,47.02186283,5209820.305,458768.053,5.03744,6.8,TRUE,5.3,400,300
4772,2022/10/7 5:18,131.4576563,47.02190933,5209825.472,458768.4157,5.50044,13.5,TRUE,5.3,400,300
4773,2022/10/7 5:18,131.4576717,47.0219715,5209832.375,458769.6343,5.4634,9.2,TRUE,5.3,400,300
4774,2022/10/7 5:18,131.4576837,47.02203017,5209838.891,458770.5918,6.3894,13.1,TRUE,5.3,400,300
4775,2022/10/7 5:18,131.4577028,47.022089,5209845.421,458772.0891,5.98196,4.7,TRUE,5.3,397,300
4776,2022/10/7 5:18,131.4577095,47.0221525,5209852.477,458772.6474,5.72268,2.5,TRUE,5.3,400,300
4777,2022/10/7 5:18,131.4577033,47.022223,5209860.318,458772.2303,6.25976,4.2,TRUE,5.3,400,300
4778,2022/10/7 5:18,131.4577138,47.02228967,5209867.724,458773.0799,6.79684,3.5,TRUE,5.3,400,300
4779,2022/10/7 5:18,131.4577235,47.0223575,5209875.26,458773.8695,7.0376,10.4,TRUE,5.3,400,300
4780,2022/10/7 5:19,131.457739,47.02242333,5209882.57,458775.0986,6.63016,9.4,TRUE,5.3,400,300
4781,2022/10/7 5:19,131.4577505,47.02249083,5209890.068,458776.0248,7.2228,7.4,TRUE,5.3,400,300
4782,2022/10/7 5:19,131.4577457,47.0225595,5209897.705,458775.7128,7.66728,11.7,TRUE,5.3,400,300
4783,2022/10/7 5:19,131.4577597,47.022634,5209905.98,458776.8345,5.94492,12.9,TRUE,5.3,400,300
4784,2022/10/7 5:19,131.4577622,47.02270067,5209913.39,458777.0758,6.00048,6.7,TRUE,5.3,400,300
4785,2022/10/7 5:19,131.4577647,47.0227745,5209921.597,458777.3227,6.51904,13,TRUE,5.3,400,300
4786,2022/10/7 5:19,131.4577747,47.02282917,5209927.669,458778.125,6.019,2.3,TRUE,5.3,400,300
4787,2022/10/7 5:19,131.4577835,47.02288667,5209934.057,458778.8383,6.14864,9.9,TRUE,5.3,400,300
4788,2022/10/7 5:19,131.4578033,47.02294833,5209940.901,458780.391,6.40792,9.3,TRUE,5.3,400,300
4789,2022/10/7 5:19,131.4578152,47.02301383,5209948.177,458781.3461,6.53756,6.6,TRUE,5.3,400,300
4790,2022/10/7 5:19,131.4578228,47.02308433,5209956.01,458781.9782,7.09316,10.3,TRUE,5.3,400,300
4791,2022/10/7 5:19,131.4578355,47.02314683,5209962.952,458782.9918,6.79684,5.6,TRUE,5.3,400,300
4792,2022/10/7 5:19,131.4578342,47.0232055,5209969.475,458782.9381,6.44496,6.5,TRUE,5.3,400,300
4793,2022/10/7 5:19,131.4578407,47.02330567,5209980.607,458783.5093,5.77824,4.9,TRUE,5.3,400,300
4794,2022/10/7 5:20,131.457853,47.02338517,5209989.439,458784.5056,6.07456,2.8,TRUE,5.3,400,300
4795,2022/10/7 5:20,131.4578673,47.02343817,5209995.323,458785.6335,6.2968,5.5,TRUE,5.3,400,300
4796,2022/10/7 5:20,131.4578563,47.02350117,5210002.333,458784.8457,5.88936,14.5,TRUE,5.3,400,300
4797,2022/10/7 5:20,131.4578627,47.02357467,5210010.501,458785.3889,6.945,7,TRUE,5.3,400,300
4798,2022/10/7 5:20,131.4578697,47.02363933,5210017.685,458785.9708,7.2228,6.8,TRUE,5.3,400,300
4799,2022/10/7 5:20,131.4578708,47.02371317,5210025.894,458786.1112,6.63016,8.4,TRUE,5.3,400,300
4800,2022/10/7 5:20,131.4578828,47.0237925,5210034.706,458787.0845,7.0376,4.3,TRUE,5.3,400,300
4801,2022/10/7 5:20,131.4578718,47.02384883,5210040.974,458786.2917,5.66712,2.5,TRUE,5.3,400,300
4802,2022/10/7 5:20,131.4578802,47.02390433,5210047.14,458786.973,6.22272,9,TRUE,5.3,400,300
4803,2022/10/7 5:20,131.4578937,47.0239645,5210053.822,458788.0456,5.38932,5.1,TRUE,5.3,400,300
4804,2022/10/7 5:20,131.457908,47.02403167,5210061.282,458789.1844,6.482,7.2,TRUE,5.3,400,300
4805,2022/10/7 5:20,131.4579277,47.024092,5210067.978,458790.7284,6.25976,6.7,TRUE,5.3,400,300
4806,2022/10/7 5:20,131.4579472,47.0241555,5210075.028,458792.2597,6.79684,10.5,TRUE,5.3,400,300
4807,2022/10/7 5:20,131.4579322,47.02422483,5210082.743,458791.1727,5.9264,6.5,TRUE,5.3,400,300
4808,2022/10/7 5:20,131.457938,47.02428783,5210089.744,458791.6621,6.87092,9.1,TRUE,5.3,400,300
4809,2022/10/7 5:21,131.4579262,47.024388,5210100.886,458790.8422,6.14864,11.2,TRUE,5.3,400,300
4810,2022/10/7 5:21,131.4579282,47.024462,5210109.111,458791.0512,7.38948,5.9,TRUE,5.3,400,300
4811,2022/10/7 5:21,131.4579215,47.02453467,5210117.194,458790.5977,6.33384,8.8,TRUE,5.3,400,300
4812,2022/10/7 5:21,131.4579193,47.02461083,5210125.662,458790.4891,6.40792,8.5,TRUE,5.3,400,300
4813,2022/10/7 5:21,131.4579268,47.02467283,5210132.55,458791.107,5.25968,6.7,TRUE,5.3,400,300
4814,2022/10/7 5:21,131.4579477,47.024717,5210137.45,458792.7298,6.55608,1.4,TRUE,5.3,399,300
4815,2022/10/7 5:21,131.4579388,47.02477283,5210143.661,458792.0962,5.48192,6.2,TRUE,5.3,400,300
4816,2022/10/7 5:21,131.4579582,47.02482,5210148.895,458793.6073,5.63008,5.2,TRUE,5.3,400,300
4817,2022/10/7 5:21,131.4579657,47.0248745,5210154.95,458794.2194,6.27828,10.4,TRUE,5.3,400,300
4818,2022/10/7 5:21,131.4579812,47.02494883,5210163.205,458795.4549,6.16716,0.5,TRUE,5.3,400,300
4819,2022/10/7 5:21,131.4579902,47.02502167,5210171.298,458796.1951,5.94492,5.9,TRUE,5.3,400,300
4820,2022/10/7 5:21,131.4579825,47.02509483,5210179.435,458795.6661,7.18576,7.3,TRUE,5.3,400,300
4821,2022/10/7 5:21,131.4579807,47.0251645,5210187.181,458795.5828,5.98196,9.4,TRUE,5.3,400,300
4822,2022/10/7 5:21,131.457968,47.02523283,5210194.784,458794.67,5.88936,2.5,TRUE,5.3,400,300
4823,2022/10/7 5:21,131.4579783,47.02529717,5210201.932,458795.5025,7.18576,8.7,TRUE,5.3,400,300
4824,2022/10/7 5:22,131.4579955,47.02536067,5210208.982,458796.8589,5.31524,2.2,TRUE,5.3,400,300
4825,2022/10/7 5:22,131.458,47.02541783,5210215.334,458797.2449,3.46324,356,TRUE,5.3,400,300
4826,2022/10/7 5:22,131.4579842,47.02545717,5210219.716,458796.0741,5.63008,346.2,TRUE,5.3,166,300
4827,2022/10/7 5:22,131.457937,47.02550783,5210225.373,458792.525,4.2596,293.9,FALSE,5.3,0,300
4828,2022/10/7 5:22,131.4579232,47.0255475,5210229.79,458791.5064,6.13012,98.3,FALSE,5.3,0,300
4829,2022/10/7 5:22,131.4579945,47.02555267,5210230.327,458796.9306,5.0004,91.8,FALSE,5.3,0,300
4830,2022/10/7 5:22,131.4580355,47.02557467,5210232.752,458800.0643,3.72252,76.3,FALSE,5.3,0,300
4831,2022/10/7 5:22,131.4580438,47.0255875,5210234.174,458800.7051,0.5556,0,FALSE,5.3,0,300
4832,2022/10/7 5:22,131.4580045,47.02557617,5210232.935,458797.7089,2.85208,249.7,FALSE,5.3,0,300
4833,2022/10/7 5:22,131.457956,47.0255565,5210230.774,458794.0068,0.57412,224.7,FALSE,5.3,0,300
4834,2022/10/7 5:22,131.4579497,47.02556083,5210231.258,458793.5312,1.96312,17.1,FALSE,5.3,0,300
4835,2022/10/7 5:22,131.4579505,47.0255655,5210231.777,458793.5956,1.1112,334.8,FALSE,5.3,0,300
4836,2022/10/7 5:22,131.4579505,47.0255545,5210230.554,458793.5871,3.29656,208.7,FALSE,5.3,0,300
4837,2022/10/7 5:22,131.4579425,47.02551633,5210226.315,458792.9496,2.37056,174,FALSE,5.3,0,300
4838,2022/10/7 5:22,131.4579465,47.02547967,5210222.237,458793.2255,0.42596,187.6,FALSE,5.3,0,300
4839,2022/10/7 5:23,131.4579503,47.0254735,5210221.549,458793.5096,0,0,FALSE,5.3,0,300
4840,2022/10/7 5:23,131.4579505,47.02547267,5210221.457,458793.5242,0,0,FALSE,5.3,0,300
4841,2022/10/7 5:23,131.4579538,47.02547283,5210221.473,458793.7752,0,0,FALSE,5.3,0,300
4842,2022/10/7 5:23,131.4579547,47.02547167,5210221.344,458793.8427,0,0,FALSE,5.3,0,300
4843,2022/10/7 5:23,131.4579557,47.02547,5210221.157,458793.9174,0,0,FALSE,5.3,0,300
4844,2022/10/7 5:23,131.4579588,47.02546933,5210221.081,458794.1526,0,0,FALSE,5.3,0,300
4845,2022/10/7 5:23,131.4579573,47.02545367,5210219.341,458794.0265,3.87068,189.6,TRUE,5.3,400,300
4846,2022/10/7 5:23,131.4579443,47.025393,5210212.603,458792.9915,5.29672,179.4,TRUE,5.3,400,300
4847,2022/10/7 5:23,131.4579503,47.02532617,5210205.17,458793.3962,6.27828,187.5,TRUE,5.3,400,300
4848,2022/10/7 5:23,131.457951,47.02525833,5210197.628,458793.3972,7.75988,185.3,TRUE,5.3,400,300
4849,2022/10/7 5:23,131.4579398,47.025193,5210190.371,458792.4955,6.3894,183.1,TRUE,5.3,400,300
4850,2022/10/7 5:23,131.4579275,47.02512783,5210183.133,458791.5103,7.1302,187,TRUE,5.3,400,300
4851,2022/10/7 5:23,131.4579298,47.02505533,5210175.072,458791.6294,6.14864,178.1,TRUE,5.3,400,300
4852,2022/10/7 5:23,131.4579225,47.0249875,5210167.535,458791.0222,5.98196,196.1,TRUE,5.3,400,300
4853,2022/10/7 5:23,131.4579018,47.02493033,5210161.19,458789.4046,7.11168,189.9,TRUE,5.3,400,300
4854,2022/10/7 5:24,131.4579133,47.0248595,5210153.31,458790.2244,6.482,188.2,TRUE,5.3,400,300
4855,2022/10/7 5:24,131.4579092,47.02478483,5210145.011,458789.8552,5.90788,187.5,TRUE,5.3,400,300
4856,2022/10/7 5:24,131.457906,47.02473717,5210139.714,458789.5753,4.66704,199,TRUE,5.3,400,300
4857,2022/10/7 5:24,131.4579018,47.02469583,5210135.12,458789.2242,6.00048,191.4,TRUE,5.3,400,300
4858,2022/10/7 5:24,131.4578927,47.02462983,5210127.788,458788.4816,7.5932,189.8,TRUE,5.3,400,300
4859,2022/10/7 5:24,131.4578855,47.02455367,5210119.325,458787.8756,7.24132,186.3,TRUE,5.3,396,300
4860,2022/10/7 5:24,131.4578787,47.02447783,5210110.897,458787.3003,6.70424,188.4,TRUE,5.3,400,300
4861,2022/10/7 5:24,131.4578763,47.0244125,5210103.636,458787.0676,6.53756,194.2,TRUE,5.3,400,300
4862,2022/10/7 5:24,131.4578802,47.02434817,5210096.482,458787.3145,6.2968,188.3,TRUE,5.3,395,300
4863,2022/10/7 5:24,131.4578675,47.02428717,5210089.707,458786.3021,7.11168,191,TRUE,5.3,400,300
4864,2022/10/7 5:24,131.4578678,47.02421567,5210081.759,458786.2699,7.14872,192.2,TRUE,5.3,400,300
4865,2022/10/7 5:24,131.4578663,47.02413617,5210072.921,458786.0947,7.05612,186.5,TRUE,5.3,400,300
4866,2022/10/7 5:24,131.4578632,47.024065,5210065.011,458785.8042,7.16724,184.2,TRUE,5.3,400,300
4867,2022/10/7 5:24,131.4578702,47.02398883,5210056.539,458786.2778,7.35244,188.5,TRUE,5.3,400,300
4868,2022/10/7 5:24,131.4578605,47.02391767,5210048.633,458785.4856,7.18576,189.2,TRUE,5.3,400,300
4869,2022/10/7 5:25,131.4578572,47.02384733,5210040.815,458785.1806,6.59312,183.3,TRUE,5.3,400,300
4870,2022/10/7 5:25,131.4578673,47.023781,5210033.436,458785.8974,6.24124,184.9,TRUE,5.3,400,300
4871,2022/10/7 5:25,131.457858,47.02371217,5210025.789,458785.1374,6.53756,184.1,TRUE,5.3,400,300
4872,2022/10/7 5:25,131.4578465,47.02363483,5210017.197,458784.2036,6.40792,188.2,TRUE,5.3,400,300
4873,2022/10/7 5:25,131.4578365,47.0235705,5210010.051,458783.3939,7.1302,188.3,TRUE,5.3,400,300
4874,2022/10/7 5:25,131.4578385,47.02350433,5210002.694,458783.495,5.77824,192.5,TRUE,5.3,400,300
4875,2022/10/7 5:25,131.457839,47.02343517,5209995.005,458783.4798,6.09308,182.1,TRUE,5.3,400,300
4876,2022/10/7 5:25,131.4578172,47.02337033,5209987.808,458781.7726,6.44496,189.2,TRUE,5.3,400,300
4877,2022/10/7 5:25,131.4578293,47.0232995,5209979.927,458782.6379,6.7598,186.6,TRUE,5.3,400,300
4878,2022/10/7 5:25,131.4578033,47.023228,5209971.992,458780.6063,6.90796,185.4,TRUE,5.3,400,300
4879,2022/10/7 5:25,131.4578097,47.02316467,5209964.948,458781.0441,6.8524,186.3,TRUE,5.3,400,300
4880,2022/10/7 5:25,131.4578067,47.02309433,5209957.13,458780.7619,5.63008,186.3,TRUE,5.3,400,300
4881,2022/10/7 5:25,131.4577815,47.02303067,5209950.066,458778.7971,6.27828,190,TRUE,5.3,400,300
4882,2022/10/7 5:25,131.4577723,47.02296433,5209942.696,458778.0466,5.70416,187.7,TRUE,5.3,400,300
4883,2022/10/7 5:25,131.4577692,47.02289783,5209935.305,458777.7598,6.44496,191.5,TRUE,5.3,400,300
4884,2022/10/7 5:26,131.4577713,47.022828,5209927.541,458777.8657,6.5746,183.5,TRUE,5.3,400,300
4885,2022/10/7 5:26,131.4577735,47.0227615,5209920.147,458777.9817,5.6486,192.4,TRUE,5.3,400,300
4886,2022/10/7 5:26,131.4577652,47.02269733,5209913.017,458777.3013,6.09308,179.6,TRUE,5.3,400,300
4887,2022/10/7 5:26,131.457768,47.02263833,5209906.457,458777.4688,5.01892,184.9,TRUE,5.3,400,300
4888,2022/10/7 5:26,131.4577508,47.02257967,5209899.944,458776.116,6.64868,189.3,TRUE,5.3,400,300
4889,2022/10/7 5:26,131.4577348,47.02251433,5209892.689,458774.8493,6.2042,185.8,TRUE,5.3,400,300
4890,2022/10/7 5:26,131.457734,47.02244433,5209884.907,458774.7346,6.482,190.9,TRUE,5.3,400,300
4891,2022/10/7 5:26,131.4577183,47.0223795,5209877.708,458773.4912,6.14864,189,TRUE,5.3,400,300
4892,2022/10/7 5:26,131.4577043,47.02230733,5209869.693,458772.3713,6.88944,187.6,TRUE,5.3,400,300
4893,2022/10/7 5:26,131.4576847,47.02223583,5209861.754,458770.8261,6.482,187.1,TRUE,5.3,400,300
4894,2022/10/7 5:26,131.4577008,47.02216533,5209853.908,458771.9959,6.72276,183,TRUE,5.3,400,300
4895,2022/10/7 5:26,131.4576977,47.022096,5209846.202,458771.7068,6.83388,184.5,TRUE,5.3,400,300
4896,2022/10/7 5:26,131.4576797,47.0220355,5209839.486,458770.2918,6.482,195.4,TRUE,5.3,400,300
4897,2022/10/7 5:26,131.4576763,47.02198183,5209833.521,458769.992,5.63008,191.8,TRUE,5.3,400,300
4898,2022/10/7 5:26,131.4576697,47.021923,5209826.985,458769.4449,5.01892,197,TRUE,5.3,400,300
4899,2022/10/7 5:27,131.4576585,47.02187767,5209821.951,458768.5586,3.96328,201.6,TRUE,5.3,400,300
4900,2022/10/7 5:27,131.4576587,47.02182817,5209816.448,458768.5357,5.96344,159.6,FALSE,5.3,0,300
4901,2022/10/7 5:27,131.4577242,47.02177633,5209810.65,458773.4754,2.6854,112,FALSE,5.3,0,300
4902,2022/10/7 5:27,131.4577158,47.02176933,5209809.877,458772.8314,5.35228,271.4,FALSE,5.3,0,300
4903,2022/10/7 5:27,131.4576715,47.02175183,5209807.954,458769.45,0.48152,249.5,FALSE,5.3,0,300
4904,2022/10/7 5:27,131.457688,47.02175117,5209807.872,458770.7039,0,0,FALSE,5.3,0,300
4905,2022/10/7 5:27,131.4576923,47.02175217,5209807.981,458771.0316,0,0,FALSE,5.3,0,300
4906,2022/10/7 5:27,131.4576945,47.0217495,5209807.683,458771.1968,0,89.3,FALSE,5.3,0,300
4907,2022/10/7 5:27,131.457696,47.02174683,5209807.386,458771.3088,0,0,FALSE,5.3,0,300
4908,2022/10/7 5:27,131.4576973,47.02174633,5209807.329,458771.4072,0,0,FALSE,5.3,0,300
4909,2022/10/7 5:27,131.457698,47.0217455,5209807.237,458771.4598,0,0,FALSE,5.3,0,300
4910,2022/10/7 5:27,131.4576985,47.021745,5209807.181,458771.4974,0,0,FALSE,5.3,0,300
4911,2022/10/7 5:27,131.4576992,47.021745,5209807.181,458771.5506,0,0,FALSE,5.3,0,300
4912,2022/10/7 5:27,131.4576995,47.02174433,5209807.106,458771.5729,0,0,FALSE,5.3,0,300
4913,2022/10/7 5:27,131.4577002,47.02174383,5209807.05,458771.6258,0,0,FALSE,5.3,0,300
4914,2022/10/7 5:28,131.4577008,47.02174333,5209806.994,458771.671,0,0,FALSE,5.3,0,300
4915,2022/10/7 5:28,131.4577017,47.02174283,5209806.938,458771.739,0,0,FALSE,5.3,0,300
4916,2022/10/7 5:28,131.4577022,47.0217425,5209806.901,458771.7768,0,0,FALSE,5.3,0,300
4917,2022/10/7 5:28,131.4577025,47.02174217,5209806.864,458771.7993,0,0,FALSE,5.3,0,300
4918,2022/10/7 5:28,131.4577028,47.02174183,5209806.826,458771.8219,0,0,FALSE,5.3,0,300
4919,2022/10/7 5:28,131.457703,47.02174167,5209806.808,458771.837,0,0,FALSE,5.3,0,300
4920,2022/10/7 5:28,131.457703,47.02174167,5209806.808,458771.837,0,0,FALSE,5.3,0,300
4921,2022/10/7 5:28,131.457703,47.0217415,5209806.789,458771.8368,0,0,FALSE,5.3,0,300
4922,2022/10/7 5:28,131.457703,47.0217415,5209806.789,458771.8368,0,0,FALSE,5.3,0,300
4923,2022/10/7 5:28,131.4577028,47.02174133,5209806.771,458771.8215,0,0,FALSE,5.3,0,300
4924,2022/10/7 5:28,131.4577028,47.02174117,5209806.753,458771.8214,0,0,FALSE,5.3,0,300
4925,2022/10/7 5:28,131.4577027,47.021741,5209806.734,458771.8136,0,0,FALSE,5.3,0,300
4926,2022/10/7 5:28,131.4577027,47.02174083,5209806.715,458771.8135,0,0,FALSE,5.3,0,300
4927,2022/10/7 5:28,131.4577027,47.02174067,5209806.697,458771.8134,0,0,FALSE,5.3,0,300
4928,2022/10/7 5:28,131.4577027,47.02174033,5209806.66,458771.8131,0,0,FALSE,5.3,0,300
4929,2022/10/7 5:29,131.4577028,47.02174,5209806.623,458771.8205,0,0,FALSE,5.3,0,300
4930,2022/10/7 5:29,131.4577028,47.02173983,5209806.604,458771.8203,0,0,FALSE,5.3,0,300
4931,2022/10/7 5:29,131.4577028,47.0217395,5209806.567,458771.8201,0,0,FALSE,5.3,0,300
4932,2022/10/7 5:29,131.4577032,47.02173933,5209806.548,458771.8504,0,0,FALSE,5.3,0,300
4933,2022/10/7 5:29,131.4577035,47.02173917,5209806.53,458771.873,0,0,FALSE,5.3,0,300
4934,2022/10/7 5:29,131.4577037,47.02173883,5209806.492,458771.888,0,0,FALSE,5.3,0,300
4935,2022/10/7 5:29,131.4577037,47.02173867,5209806.474,458771.8879,0,0,FALSE,5.3,0,300
4936,2022/10/7 5:29,131.4577038,47.0217385,5209806.456,458771.8953,0,0,FALSE,5.3,0,300
4937,2022/10/7 5:29,131.457704,47.0217385,5209806.455,458771.9105,0,0,FALSE,5.3,0,300
4938,2022/10/7 5:29,131.457704,47.02173833,5209806.437,458771.9104,0,0,FALSE,5.3,0,300
4939,2022/10/7 5:29,131.4577043,47.02173817,5209806.419,458771.9331,0,0,FALSE,5.3,0,300
4940,2022/10/7 5:29,131.4577045,47.02173817,5209806.418,458771.9483,0,0,FALSE,5.3,0,300
4941,2022/10/7 5:29,131.4577047,47.021738,5209806.399,458771.9634,0,0,FALSE,5.3,0,300
4942,2022/10/7 5:29,131.4577048,47.021738,5209806.399,458771.971,0,88.8,FALSE,5.3,0,300
4943,2022/10/7 5:29,131.4577048,47.02173783,5209806.381,458771.9708,0,0,FALSE,5.3,0,300
4944,2022/10/7 5:30,131.4577048,47.02173783,5209806.381,458771.9708,0,0,FALSE,5.3,0,300
4945,2022/10/7 5:30,131.4577223,47.02174767,5209807.465,458773.3089,5.77824,49.4,FALSE,5.3,0,300
4946,2022/10/7 5:30,131.4578152,47.021802,5209813.456,458780.4134,3.55584,17.2,FALSE,5.3,0,300
4947,2022/10/7 5:30,131.4578413,47.02184767,5209818.52,458782.4328,5.57452,9.1,TRUE,5.3,227,300
4948,2022/10/7 5:30,131.4578577,47.02189133,5209823.365,458783.7132,4.79668,13.2,TRUE,5.3,400,300
4949,2022/10/7 5:30,131.4578527,47.02195667,5209830.631,458783.3834,7.20428,12.2,TRUE,5.3,386,300
4950,2022/10/7 5:30,131.4578712,47.02204183,5209840.089,458784.8554,7.16724,11.6,TRUE,5.3,400,300
4951,2022/10/7 5:30,131.4578758,47.02210467,5209847.072,458785.2534,6.2042,8.6,TRUE,5.3,400,300
4952,2022/10/7 5:30,131.4578887,47.0221755,5209854.94,458786.2886,6.25976,5.6,TRUE,5.3,400,300
4953,2022/10/7 5:30,131.457887,47.02224717,5209862.908,458786.2146,5.63008,7.8,TRUE,5.3,394,300
4954,2022/10/7 5:30,131.4579065,47.02231733,5209870.698,458787.751,6.59312,10.7,TRUE,5.3,398,300
4955,2022/10/7 5:30,131.4579263,47.02238417,5209878.118,458789.3077,6.5746,8.2,TRUE,5.3,394,300
4956,2022/10/7 5:30,131.4579547,47.0224415,5209884.477,458791.5109,6.79684,9.1,TRUE,5.3,397,300
4957,2022/10/7 5:30,131.4579582,47.02251167,5209892.276,458791.831,7.01908,5,TRUE,5.3,400,300
4958,2022/10/7 5:30,131.457957,47.02258717,5209900.67,458791.7979,6.03752,6.3,TRUE,5.3,368,300
4959,2022/10/7 5:31,131.4579655,47.02265267,5209907.947,458792.4945,6.8524,5.2,TRUE,5.3,400,300
4960,2022/10/7 5:31,131.4579858,47.022716,5209914.977,458794.0865,7.57468,8.1,TRUE,5.3,400,300
4961,2022/10/7 5:31,131.4579995,47.02278733,5209922.899,458795.1829,6.945,8.9,TRUE,5.3,400,300
4962,2022/10/7 5:31,131.4579915,47.02286117,5209931.112,458794.6315,6.14864,14,TRUE,5.3,371,300
4963,2022/10/7 5:31,131.4580027,47.02294533,5209940.463,458795.5477,6.87092,6,TRUE,5.3,377,300
4964,2022/10/7 5:31,131.4580058,47.023023,5209949.096,458795.8432,7.0376,5.4,TRUE,5.3,400,300
4965,2022/10/7 5:31,131.4579995,47.02310583,5209958.307,458795.428,7.55616,4.8,TRUE,5.3,400,300
4966,2022/10/7 5:31,131.4580095,47.0231765,5209966.158,458796.2426,7.2228,2.6,TRUE,5.3,400,300
4967,2022/10/7 5:31,131.4580078,47.0232575,5209975.164,458796.1757,7.00056,7.2,TRUE,5.3,400,300
4968,2022/10/7 5:31,131.4579997,47.023323,5209982.45,458795.6103,6.79684,12.9,TRUE,5.3,400,300
4969,2022/10/7 5:31,131.4580033,47.0233825,5209989.063,458795.9297,6.05604,1.6,TRUE,5.3,400,300
4970,2022/10/7 5:31,131.4579912,47.02344583,5209996.11,458795.0586,6.92648,1.1,TRUE,5.3,400,300
4971,2022/10/7 5:31,131.4579955,47.02352167,5210004.539,458795.4438,6.72276,2.5,TRUE,5.3,400,300
4972,2022/10/7 5:31,131.4580083,47.0235975,5210012.962,458796.4753,7.11168,7.5,TRUE,5.3,400,300
4973,2022/10/7 5:31,131.4580375,47.0236565,5210019.506,458798.7405,7.29688,9.1,TRUE,5.3,400,300
4974,2022/10/7 5:32,131.4580472,47.023713,5210025.782,458799.5214,6.68572,9.3,TRUE,5.3,400,300
4975,2022/10/7 5:32,131.4580555,47.0237735,5210032.503,458800.1989,5.96344,5.1,TRUE,5.3,400,300
4976,2022/10/7 5:32,131.458061,47.0238395,5210039.838,458800.6678,7.2228,1.6,TRUE,5.3,400,300
4977,2022/10/7 5:32,131.4580632,47.02391267,5210047.971,458800.8914,6.70424,7,TRUE,5.3,400,300
4978,2022/10/7 5:32,131.4580642,47.0239795,5210055.4,458801.0188,6.83388,12.1,TRUE,5.3,400,300
4979,2022/10/7 5:32,131.4580555,47.024039,5210062.019,458800.4032,5.31524,5.6,TRUE,5.3,400,300
4980,2022/10/7 5:32,131.4580483,47.02410567,5210069.435,458799.9071,5.85232,4.9,TRUE,5.3,400,300
4981,2022/10/7 5:32,131.458056,47.02417633,5210077.286,458800.5469,7.408,10.5,TRUE,5.3,400,300
4982,2022/10/7 5:32,131.4580633,47.02425083,5210085.564,458801.1591,5.59304,7.6,TRUE,5.3,400,300
4983,2022/10/7 5:32,131.4580742,47.02430533,5210091.618,458802.0297,5.44488,8.1,TRUE,5.3,400,300
4984,2022/10/7 5:32,131.4580887,47.024365,5210098.243,458803.1779,6.482,3.8,TRUE,5.3,400,300
4985,2022/10/7 5:32,131.458099,47.0244245,5210104.853,458804.0067,6.6672,4.4,TRUE,5.3,400,300
4986,2022/10/7 5:32,131.4580893,47.024498,5210113.029,458803.3258,6.37088,2.1,TRUE,5.3,400,300
4987,2022/10/7 5:32,131.458089,47.02455933,5210119.847,458803.3502,5.16708,2.2,TRUE,5.3,400,300
4988,2022/10/7 5:32,131.4580802,47.024605,5210124.929,458802.7164,5.68564,356.7,TRUE,5.3,400,300
4989,2022/10/7 5:33,131.458063,47.02465083,5210130.033,458801.4441,3.59288,3.7,TRUE,5.3,400,300
4990,2022/10/7 5:33,131.4580845,47.02469817,5210135.285,458803.1149,4.50036,11.7,TRUE,5.3,400,300
4991,2022/10/7 5:33,131.4581107,47.02477383,5210143.682,458805.1649,5.31524,17.2,TRUE,5.3,400,300
4992,2022/10/7 5:33,131.4581173,47.02482983,5210149.904,458805.7097,5.16708,8.1,TRUE,5.3,399,300
4993,2022/10/7 5:33,131.4581122,47.02488183,5210155.688,458805.362,5.01892,359.5,TRUE,5.3,400,300
4994,2022/10/7 5:33,131.458108,47.02494733,5210162.972,458805.0931,6.53756,8.2,TRUE,5.3,400,300
4995,2022/10/7 5:33,131.4581033,47.02501767,5210170.794,458804.7899,5.48192,14.8,TRUE,5.3,400,300
4996,2022/10/7 5:33,131.4580867,47.02508133,5210177.88,458803.577,5.4634,9.6,TRUE,5.3,400,300
4997,2022/10/7 5:33,131.4580988,47.0251445,5210184.896,458804.5454,4.74112,11.7,TRUE,5.3,400,300
4998,2022/10/7 5:33,131.4581247,47.02518583,5210189.477,458806.5461,4.74112,13.3,TRUE,5.3,400,300
4999,2022/10/7 5:33,131.4581372,47.025232,5210194.603,458807.5319,5.48192,7.5,TRUE,5.3,400,300
5000,2022/10/7 5:33,131.4581472,47.02529067,5210201.12,458808.3372,4.77816,3.2,TRUE,5.3,400,300
5001,2022/10/7 5:33,131.4581395,47.0253465,5210207.331,458807.7948,5.51896,353.4,TRUE,5.3,398,300
5002,2022/10/7 5:33,131.4581653,47.02539433,5210212.635,458809.7929,4.22256,355.5,TRUE,5.3,378,300
5003,2022/10/7 5:33,131.4581458,47.0254445,5210218.222,458808.3491,3.8892,323.3,TRUE,5.3,400,300
5004,2022/10/7 5:34,131.4580843,47.02548483,5210222.738,458803.7049,6.40792,287.8,TRUE,5.3,370,300
5005,2022/10/7 5:34,131.4579612,47.0255275,5210227.547,458794.3798,4.51888,275,TRUE,5.3,400,300
5006,2022/10/7 5:34,131.4578702,47.02555017,5210230.115,458787.4794,3.81512,252.9,TRUE,5.3,400,300
5007,2022/10/7 5:34,131.4578103,47.02555017,5210230.146,458782.9259,4.63,275.1,TRUE,5.3,400,300
5008,2022/10/7 5:34,131.4577455,47.025549,5210230.051,458777.9989,4.27812,275.1,TRUE,5.3,400,300
5009,2022/10/7 5:34,131.4576878,47.02554517,5210229.655,458773.6096,3.4262,278.3,TRUE,5.3,400,300
5010,2022/10/7 5:34,131.4576317,47.02553567,5210228.629,458769.3376,4.18552,267.7,TRUE,5.3,351,300
5011,2022/10/7 5:34,131.4575365,47.02551783,5210226.695,458762.0868,4.63,259.2,TRUE,5.3,400,300
5012,2022/10/7 5:34,131.4574708,47.02551233,5210226.119,458757.0881,3.12988,251.8,TRUE,5.3,400,300
5013,2022/10/7 5:34,131.4574135,47.02550417,5210225.242,458752.7259,4.38924,269.9,TRUE,5.3,369,300
5014,2022/10/7 5:34,131.4573345,47.0255035,5210225.209,458746.7198,5.05596,273.3,TRUE,5.3,400,300
5015,2022/10/7 5:34,131.4572662,47.02550133,5210225.003,458741.526,4.4448,263.3,TRUE,5.3,400,300
5016,2022/10/7 5:34,131.4571957,47.02549017,5210223.8,458736.1581,4.2596,261.6,TRUE,5.3,400,300
5017,2022/10/7 5:34,131.4571332,47.02547417,5210222.054,458731.3945,5.29672,258.5,TRUE,5.3,400,300
5018,2022/10/7 5:34,131.4570685,47.02547217,5210221.866,458726.4745,3.62992,268.3,TRUE,5.3,371,300
5019,2022/10/7 5:35,131.4569973,47.025472,5210221.884,458721.0618,4.37072,268.9,TRUE,5.3,394,300
5020,2022/10/7 5:35,131.4569403,47.025462,5210220.803,458716.7209,3.07432,256.5,TRUE,5.3,400,300
5021,2022/10/7 5:35,131.456874,47.02545933,5210220.541,458711.6788,4.3522,250.2,TRUE,5.3,391,300
5022,2022/10/7 5:35,131.4568065,47.02545317,5210219.892,458706.5427,4.66704,259.5,TRUE,5.3,400,300
5023,2022/10/7 5:35,131.4567525,47.02544083,5210218.548,458702.4281,4.00032,262.7,TRUE,5.3,400,300
5024,2022/10/7 5:35,131.45668,47.0254345,5210217.883,458696.9118,5.13004,264.5,TRUE,5.3,400,300
5025,2022/10/7 5:35,131.456591,47.02542133,5210216.466,458690.1359,4.68556,264.6,TRUE,5.3,400,300
5026,2022/10/7 5:35,131.4565352,47.02541717,5210216.033,458685.8908,3.35212,272.9,TRUE,5.3,400,300
5027,2022/10/7 5:35,131.4564793,47.0254235,5210216.766,458681.6462,4.05588,262.9,TRUE,5.3,374,300
5028,2022/10/7 5:35,131.4564057,47.02541267,5210215.601,458676.0428,3.0558,263.5,TRUE,5.3,400,300
5029,2022/10/7 5:35,131.456352,47.02540317,5210214.573,458671.9532,4.83372,252.2,TRUE,5.3,400,300
5030,2022/10/7 5:35,131.456312,47.02538967,5210213.093,458668.902,2.37056,272.5,TRUE,5.3,398,300
5031,2022/10/7 5:35,131.4562735,47.02539183,5210213.354,458665.9769,2.51872,268.2,TRUE,5.3,397,300
5032,2022/10/7 5:35,131.4561937,47.0253885,5210213.026,458659.9079,4.59296,264.1,TRUE,5.3,376,300
5033,2022/10/7 5:35,131.4561488,47.02537767,5210211.845,458656.4863,4.94484,262.6,TRUE,5.3,400,300
5034,2022/10/7 5:36,131.4560863,47.02537617,5210211.712,458651.7339,3.92624,270,TRUE,5.3,400,300
5035,2022/10/7 5:36,131.4560177,47.02537,5210211.062,458646.5142,4.31516,268.8,TRUE,5.3,390,300
5036,2022/10/7 5:36,131.4559573,47.02536983,5210211.075,458641.9225,3.7966,274.3,TRUE,5.3,400,300
5037,2022/10/7 5:36,131.4559058,47.02537117,5210211.251,458638.0085,4.4448,265.6,TRUE,5.3,400,300
5038,2022/10/7 5:36,131.4558368,47.02536,5210210.046,458632.7545,5.35228,275.8,TRUE,5.3,400,300
5039,2022/10/7 5:36,131.4557672,47.025357,5210209.749,458627.4612,4.7226,263.5,TRUE,5.3,400,300
5040,2022/10/7 5:36,131.4556945,47.02534217,5210208.139,458621.9231,4.88928,273.5,TRUE,5.3,400,300
5041,2022/10/7 5:36,131.4556392,47.02533883,5210207.797,458617.7166,3.7966,273.4,TRUE,5.3,377,300
5042,2022/10/7 5:36,131.4555958,47.02534267,5210208.246,458614.4203,2.4076,265.3,TRUE,5.3,400,300
5043,2022/10/7 5:36,131.4555485,47.02533833,5210207.789,458610.8212,2.70392,256.5,TRUE,5.3,400,300
5044,2022/10/7 5:36,131.455525,47.02533133,5210207.023,458609.0294,4.79668,258.4,TRUE,5.3,261,300
5045,2022/10/7 5:36,131.455437,47.025314,5210205.143,458602.3262,5.33376,263.5,TRUE,5.3,334,300
5046,2022/10/7 5:36,131.4553718,47.02531267,5210205.03,458597.3687,4.24108,268.2,TRUE,5.3,400,300
5047,2022/10/7 5:36,131.4553245,47.0253185,5210205.703,458593.7775,3.77808,262.2,TRUE,5.3,400,300
5048,2022/10/7 5:36,131.4552787,47.02531733,5210205.597,458590.2949,3.241,260.9,TRUE,5.3,397,300
5049,2022/10/7 5:37,131.4552292,47.02530933,5210204.734,458586.5257,2.81504,281.7,TRUE,5.3,399,300
5050,2022/10/7 5:37,131.4551802,47.02529967,5210203.686,458582.7932,3.27804,264.1,TRUE,5.3,400,300
5051,2022/10/7 5:37,131.4551208,47.02529333,5210203.012,458578.2728,4.9078,266,TRUE,5.3,400,300
5052,2022/10/7 5:37,131.4550617,47.02528633,5210202.266,458573.7746,1.40752,251.1,TRUE,5.3,400,300
5053,2022/10/7 5:37,131.455051,47.0252795,5210201.512,458572.9559,4.94484,263.2,TRUE,5.3,400,300
5054,2022/10/7 5:37,131.4550052,47.025272,5210200.702,458569.4684,4.22256,265.9,TRUE,5.3,363,300
5055,2022/10/7 5:37,131.4549468,47.0252685,5210200.344,458565.0261,4.8152,268.3,TRUE,5.3,352,300
5056,2022/10/7 5:37,131.4548705,47.02526883,5210200.421,458559.226,5.11152,261,TRUE,5.3,400,300
5057,2022/10/7 5:37,131.4547942,47.02526133,5210199.628,458553.4199,3.704,262.9,TRUE,5.3,400,300
5058,2022/10/7 5:37,131.4547267,47.02525117,5210198.534,458548.2807,4.24108,271.2,TRUE,5.3,398,300
5059,2022/10/7 5:37,131.454657,47.02524383,5210197.755,458542.9764,5.03744,260.1,TRUE,5.3,400,300
5060,2022/10/7 5:37,131.4545852,47.0252395,5210197.312,458537.5148,4.87076,264.5,TRUE,5.3,356,300
5061,2022/10/7 5:37,131.4545082,47.0252335,5210196.685,458531.6567,4.59296,264,TRUE,5.3,377,300
5062,2022/10/7 5:37,131.4544498,47.02523733,5210197.142,458527.2201,4.31516,267.7,TRUE,5.3,380,300
5063,2022/10/7 5:37,131.4543803,47.02524483,5210198.013,458521.9425,4.09292,273.3,TRUE,5.3,400,300
5064,2022/10/7 5:38,131.4543143,47.0252565,5210199.345,458516.9342,3.31508,298.1,TRUE,5.3,393,300
5065,2022/10/7 5:38,131.4542627,47.025258,5210199.539,458513.0127,0,294.9,FALSE,5.3,0,300
5066,2022/10/7 5:38,131.4542645,47.02525283,5210198.963,458513.1456,0,0,FALSE,5.3,0,300
5067,2022/10/7 5:38,131.4542622,47.025247,5210198.316,458512.9662,0,0,FALSE,5.3,0,300
5068,2022/10/7 5:38,131.4542592,47.02524233,5210197.799,458512.7345,0,0,FALSE,5.3,0,300
5069,2022/10/7 5:38,131.4542593,47.02524067,5210197.614,458512.7408,0,0,FALSE,5.3,0,300
5070,2022/10/7 5:38,131.454278,47.02522817,5210196.215,458514.1527,2.35204,142.4,FALSE,5.3,0,300
5071,2022/10/7 5:38,131.4543248,47.02519283,5210192.261,458517.6831,1.98164,144.8,FALSE,5.3,0,300
5072,2022/10/7 5:38,131.4543335,47.025198,5210192.831,458518.3485,2.92616,159.4,FALSE,5.3,0,300
5073,2022/10/7 5:38,131.4543357,47.02516967,5210189.681,458518.4938,0.9815599,34.8,FALSE,5.3,0,300
5074,2022/10/7 5:38,131.454353,47.02516383,5210189.022,458519.8044,0,0,FALSE,5.3,0,300
5075,2022/10/7 5:38,131.454357,47.02516183,5210188.798,458520.1069,0,0,FALSE,5.3,0,300
5076,2022/10/7 5:38,131.4543585,47.02516067,5210188.668,458520.2201,0,0,FALSE,5.3,0,300
5077,2022/10/7 5:38,131.4543558,47.02515983,5210188.576,458520.0141,0,0,FALSE,5.3,0,300
5078,2022/10/7 5:38,131.4543552,47.02515933,5210188.521,458519.9682,0,0,FALSE,5.3,0,300
5079,2022/10/7 5:39,131.4543542,47.02515867,5210188.448,458519.8916,0,0,FALSE,5.3,0,300
5080,2022/10/7 5:39,131.4543525,47.0251575,5210188.319,458519.7615,0,0,FALSE,5.3,0,300
5081,2022/10/7 5:39,131.45435,47.0251575,5210188.32,458519.5714,0,0,FALSE,5.3,0,300
5082,2022/10/7 5:39,131.4543478,47.0251575,5210188.321,458519.4042,0,0,FALSE,5.3,0,300
5083,2022/10/7 5:39,131.454346,47.02515783,5210188.359,458519.2676,0,0,FALSE,5.3,0,300
5084,2022/10/7 5:39,131.4543457,47.02515783,5210188.359,458519.2448,0,0,FALSE,5.3,0,300
5085,2022/10/7 5:39,131.4543458,47.02515767,5210188.341,458519.2523,0,0,FALSE,5.3,0,300
5086,2022/10/7 5:39,131.454346,47.0251575,5210188.322,458519.2673,0,0,FALSE,5.3,0,300
5087,2022/10/7 5:39,131.4543467,47.02515717,5210188.285,458519.3203,0,0,FALSE,5.3,0,300
5088,2022/10/7 5:39,131.4543465,47.0251575,5210188.322,458519.3054,0,0,FALSE,5.3,0,300
5089,2022/10/7 5:39,131.4543465,47.02515767,5210188.341,458519.3055,0,0,FALSE,5.3,0,300
5090,2022/10/7 5:39,131.4543465,47.02515767,5210188.341,458519.3055,0,0,FALSE,5.3,0,300
5091,2022/10/7 5:39,131.4543462,47.0251575,5210188.322,458519.2826,0,0,FALSE,5.3,0,300
5092,2022/10/7 5:39,131.4543458,47.02515733,5210188.303,458519.252,0,0,FALSE,5.3,0,300
5093,2022/10/7 5:39,131.4543457,47.025157,5210188.267,458519.2442,0,0,FALSE,5.3,0,300
5094,2022/10/7 5:40,131.4543453,47.025157,5210188.267,458519.2137,0,0,FALSE,5.3,0,300
5095,2022/10/7 5:40,131.4543453,47.02515683,5210188.248,458519.2136,0,0,FALSE,5.3,0,300
5096,2022/10/7 5:40,131.454345,47.02515683,5210188.248,458519.1908,0,0,FALSE,5.3,0,300
5097,2022/10/7 5:40,131.4543447,47.02515683,5210188.248,458519.168,0,0,FALSE,5.3,0,300
5098,2022/10/7 5:40,131.4543443,47.02515667,5210188.231,458519.1375,0,0,FALSE,5.3,0,300
5099,2022/10/7 5:40,131.4543438,47.0251565,5210188.212,458519.0993,0,0,FALSE,5.3,0,300
5100,2022/10/7 5:40,131.4543435,47.0251565,5210188.212,458519.0765,0,0,FALSE,5.3,0,300
5101,2022/10/7 5:40,131.4543435,47.02515633,5210188.193,458519.0764,0,0,FALSE,5.3,0,300
5102,2022/10/7 5:40,131.4543433,47.02515617,5210188.176,458519.0611,0,0,FALSE,5.3,0,300
5103,2022/10/7 5:40,131.4543432,47.025156,5210188.157,458519.0533,0,0,FALSE,5.3,0,300
5104,2022/10/7 5:40,131.4543428,47.02515583,5210188.138,458519.0228,0,0,FALSE,5.3,0,300
5105,2022/10/7 5:40,131.4543428,47.0251555,5210188.102,458519.0225,0,0,FALSE,5.3,0,300
5106,2022/10/7 5:40,131.4543425,47.02515533,5210188.083,458518.9996,0,0,FALSE,5.3,0,300
5107,2022/10/7 5:40,131.4543422,47.02515517,5210188.065,458518.9767,0,0,FALSE,5.3,0,300
5108,2022/10/7 5:40,131.4543418,47.02515533,5210188.083,458518.9464,0,0,FALSE,5.3,0,300
5109,2022/10/7 5:41,131.4543417,47.02515533,5210188.083,458518.9388,0,0,FALSE,5.3,0,300
5110,2022/10/7 5:41,131.4543415,47.02515517,5210188.066,458518.9235,0,0,FALSE,5.3,0,300
5111,2022/10/7 5:41,131.4543415,47.025155,5210188.047,458518.9233,0,0,FALSE,5.3,0,300
5112,2022/10/7 5:41,131.4543417,47.025155,5210188.047,458518.9385,0,0,FALSE,5.3,0,300
5113,2022/10/7 5:41,131.4543418,47.02515483,5210188.028,458518.946,0,0,FALSE,5.3,0,300
5114,2022/10/7 5:41,131.454342,47.02515467,5210188.01,458518.9611,0,0,FALSE,5.3,0,300
5115,2022/10/7 5:41,131.4543423,47.0251545,5210187.991,458518.9838,0,0,FALSE,5.3,0,300
5116,2022/10/7 5:41,131.4543425,47.0251545,5210187.991,458518.999,0,0,FALSE,5.3,0,300
5117,2022/10/7 5:41,131.4543428,47.0251545,5210187.99,458519.0218,0,0,FALSE,5.3,0,300
5118,2022/10/7 5:41,131.4543433,47.02515433,5210187.971,458519.0596,0,0,FALSE,5.3,0,300
5119,2022/10/7 5:41,131.4543437,47.02515417,5210187.953,458519.0899,0,0,FALSE,5.3,0,300
5120,2022/10/7 5:41,131.454344,47.02515417,5210187.953,458519.1127,0,0,FALSE,5.3,0,300
5121,2022/10/7 5:41,131.4543443,47.02515433,5210187.971,458519.1357,0,0,FALSE,5.3,0,300
5122,2022/10/7 5:41,131.4543447,47.02515433,5210187.97,458519.1661,0,0,FALSE,5.3,0,300
5123,2022/10/7 5:41,131.454345,47.02515433,5210187.97,458519.1889,0,0,FALSE,5.3,0,300
5124,2022/10/7 5:42,131.4543453,47.0251545,5210187.989,458519.2118,0,0,FALSE,5.3,0,300
5125,2022/10/7 5:42,131.4543453,47.02515467,5210188.008,458519.2119,0,0,FALSE,5.3,0,300
5126,2022/10/7 5:42,131.4543457,47.02515467,5210188.008,458519.2424,0,0,FALSE,5.3,0,300
5127,2022/10/7 5:42,131.4543457,47.02515483,5210188.026,458519.2425,0,0,FALSE,5.3,0,300
5128,2022/10/7 5:42,131.4543457,47.025155,5210188.044,458519.2426,0,0,FALSE,5.3,0,300
5129,2022/10/7 5:42,131.454346,47.025155,5210188.044,458519.2654,0,0,FALSE,5.3,0,300
5130,2022/10/7 5:42,131.45434,47.025133,5210185.602,458518.7922,0,197.7,FALSE,5.3,0,300
5131,2022/10/7 5:42,131.4543337,47.0251285,5210185.105,458518.3098,0,0,FALSE,5.3,0,300
5132,2022/10/7 5:42,131.4543335,47.02512433,5210184.641,458518.2914,0,0,FALSE,5.3,0,300
5133,2022/10/7 5:42,131.4543213,47.02511717,5210183.852,458517.3584,2.35204,243,FALSE,5.3,0,300
5134,2022/10/7 5:42,131.4542482,47.02508467,5210180.277,458511.7762,3.8892,243.2,FALSE,5.3,0,300
5135,2022/10/7 5:42,131.4541935,47.025052,5210176.674,458507.5925,4.75964,200.2,FALSE,5.3,0,300
5136,2022/10/7 5:42,131.454185,47.025015,5210172.566,458506.9177,4.5374,176.3,FALSE,5.3,0,300
5137,2022/10/7 5:42,131.4541922,47.025004,5210171.339,458507.4565,0,64.8,FALSE,5.3,0,300
5138,2022/10/7 5:42,131.4541902,47.02500667,5210171.637,458507.3066,0,0,FALSE,5.3,0,300
5139,2022/10/7 5:43,131.4541898,47.02500683,5210171.655,458507.2763,0,0,FALSE,5.3,0,300
5140,2022/10/7 5:43,131.4541897,47.02501883,5210172.989,458507.278,2.61132,347.8,TRUE,5.3,396,300
5141,2022/10/7 5:43,131.4541652,47.02507583,5210179.339,458505.4596,3.77808,349.7,TRUE,5.3,400,300
5142,2022/10/7 5:43,131.4541528,47.02511733,5210183.959,458504.5491,3.96328,356.3,TRUE,5.3,400,300
5143,2022/10/7 5:43,131.4541418,47.02514867,5210187.449,458503.7372,2.70392,5.2,TRUE,5.3,400,300
5144,2022/10/7 5:43,131.4541223,47.02518717,5210191.739,458502.2847,3.1484,5.7,TRUE,5.3,400,300
5145,2022/10/7 5:43,131.4541247,47.025209,5210194.165,458502.484,2.88912,4.6,TRUE,5.3,177,300
5146,2022/10/7 5:43,131.4541278,47.02521033,5210194.311,458502.7207,0,0,FALSE,5.3,0,300
5147,2022/10/7 5:43,131.454135,47.02520717,5210193.956,458503.2656,3.48176,151.5,FALSE,5.3,0,300
5148,2022/10/7 5:43,131.4541942,47.0251565,5210188.291,458507.7267,6.51904,141.7,FALSE,5.3,0,300
5149,2022/10/7 5:43,131.4542333,47.02511533,5210183.694,458510.6672,5.31524,164.4,FALSE,5.3,0,300
5150,2022/10/7 5:43,131.454236,47.02508667,5210180.506,458510.8503,4.38924,163.1,FALSE,5.3,0,300
5151,2022/10/7 5:43,131.4542168,47.02507967,5210179.738,458509.3853,0,0,FALSE,5.3,0,300
5152,2022/10/7 5:43,131.4542008,47.025087,5210180.562,458508.1746,0,0,FALSE,5.3,0,300
5153,2022/10/7 5:43,131.4541962,47.025108,5210182.899,458507.8412,2.64836,358.7,TRUE,5.3,265,300
5154,2022/10/7 5:44,131.4541822,47.02515467,5210188.094,458506.8131,3.81512,356.2,TRUE,5.3,400,300
5155,2022/10/7 5:44,131.4541712,47.02518783,5210191.787,458506.0025,1.64828,352.4,TRUE,5.3,400,300
5156,2022/10/7 5:44,131.4541723,47.02519883,5210193.009,458506.0947,3.00024,2.1,TRUE,5.3,400,300
5157,2022/10/7 5:44,131.4541787,47.02522267,5210195.656,458506.5997,6.00048,352.5,TRUE,5.3,252,300
5158,2022/10/7 5:44,131.4541802,47.02524067,5210197.656,458506.7277,0,0,FALSE,5.3,0,300
5159,2022/10/7 5:44,131.4541928,47.0252235,5210195.741,458507.6722,4.88928,153.2,FALSE,5.3,0,300
5160,2022/10/7 5:44,131.4542488,47.02517067,5210189.838,458511.8884,6.35236,151.7,FALSE,5.3,0,300
5161,2022/10/7 5:44,131.4542757,47.02511767,5210183.932,458513.8923,5.31524,166.1,FALSE,5.3,0,300
5162,2022/10/7 5:44,131.4542732,47.0250775,5210179.467,458513.6711,0,161.1,FALSE,5.3,0,300
5163,2022/10/7 5:44,131.4542795,47.0250945,5210181.354,458514.1632,3.46324,20.9,TRUE,5.3,395,300
5164,2022/10/7 5:44,131.4542762,47.02513617,5210185.988,458513.9446,3.6114,355.4,TRUE,5.3,400,300
5165,2022/10/7 5:44,131.4542587,47.025184,5210191.315,458512.6513,3.18544,7.5,TRUE,5.3,400,300
5166,2022/10/7 5:44,131.4542565,47.02520383,5210193.52,458512.4994,8.0562,353.4,TRUE,5.3,270,300
5167,2022/10/7 5:44,131.4542592,47.02523883,5210197.41,458512.7318,0,0,FALSE,5.3,0,300
5168,2022/10/7 5:44,131.4542635,47.02523617,5210197.112,458513.0566,3.29656,167.9,FALSE,5.3,0,300
5169,2022/10/7 5:45,131.4542335,47.02518117,5210191.013,458510.7334,0.8334,199.6,FALSE,5.3,0,300
5170,2022/10/7 5:45,131.4542427,47.025191,5210192.101,458511.4404,4.87076,66.3,FALSE,5.3,0,300
5171,2022/10/7 5:45,131.4542952,47.02521633,5210194.889,458515.4511,0.5556,74.5,FALSE,5.3,0,300
5172,2022/10/7 5:45,131.4542358,47.02521483,5210194.754,458510.9344,4.87076,266.5,FALSE,5.3,0,300
5173,2022/10/7 5:45,131.4541452,47.02519583,5210192.69,458504.0322,5.68564,242.9,FALSE,5.3,0,300
5174,2022/10/7 5:45,131.4540632,47.0251805,5210191.029,458497.7867,1.83348,260.9,FALSE,5.3,0,300
5175,2022/10/7 5:45,131.4540297,47.02517967,5210190.954,458495.2394,0,293.5,FALSE,5.3,0,300
5176,2022/10/7 5:45,131.4540313,47.0251785,5210190.824,458495.3601,0,0,FALSE,5.3,0,300
5177,2022/10/7 5:45,131.4540345,47.02517467,5210190.396,458495.6004,0,0,FALSE,5.3,0,300
5178,2022/10/7 5:45,131.4540387,47.02517617,5210190.561,458495.9209,3.0558,94.8,TRUE,5.3,262,300
5179,2022/10/7 5:45,131.4540808,47.02517567,5210190.483,458499.1209,1.50012,76.6,TRUE,5.3,356,300
5180,2022/10/7 5:45,131.4540778,47.02517783,5210190.724,458498.8945,0,0,FALSE,5.3,0,300
5181,2022/10/7 5:45,131.4540767,47.025178,5210190.744,458498.811,0,0,FALSE,5.3,0,300
5182,2022/10/7 5:45,131.4540795,47.02517733,5210190.668,458499.0234,0,0,FALSE,5.3,0,300
5183,2022/10/7 5:45,131.4540818,47.02517517,5210190.427,458499.1965,0,0,FALSE,5.3,0,300
5184,2022/10/7 5:46,131.454083,47.025174,5210190.296,458499.2869,0,0,FALSE,5.3,0,300
5185,2022/10/7 5:46,131.4540842,47.02517283,5210190.165,458499.3772,0,0,FALSE,5.3,0,300
5186,2022/10/7 5:46,131.4540852,47.02517333,5210190.22,458499.4536,0,0,FALSE,5.3,0,300
5187,2022/10/7 5:46,131.4540855,47.02517433,5210190.331,458499.4772,0,0,FALSE,5.3,0,300
5188,2022/10/7 5:46,131.4540858,47.02517583,5210190.498,458499.5011,0,0,FALSE,5.3,0,300
5189,2022/10/7 5:46,131.4540862,47.02517667,5210190.591,458499.5322,0,0,FALSE,5.3,0,300
5190,2022/10/7 5:46,131.4540867,47.02517683,5210190.609,458499.5703,0,0,FALSE,5.3,0,300
5191,2022/10/7 5:46,131.4540873,47.0251775,5210190.683,458499.6165,0,0,FALSE,5.3,0,300
5192,2022/10/7 5:46,131.4540878,47.02517717,5210190.646,458499.6542,0,0,FALSE,5.3,0,300
5193,2022/10/7 5:46,131.4540883,47.025178,5210190.738,458499.6929,0,0,FALSE,5.3,0,300
5194,2022/10/7 5:46,131.4540892,47.02517867,5210190.812,458499.7618,0,0,FALSE,5.3,0,300
5195,2022/10/7 5:46,131.4540902,47.025179,5210190.848,458499.8381,0,0,FALSE,5.3,0,300
5196,2022/10/7 5:46,131.4540907,47.025179,5210190.848,458499.8761,0,0,FALSE,5.3,0,300
5197,2022/10/7 5:46,131.4540903,47.025179,5210190.848,458499.8457,0,0,FALSE,5.3,0,300
5198,2022/10/7 5:46,131.4540897,47.02517917,5210190.867,458499.8002,4.9078,256.4,FALSE,5.3,0,300
5199,2022/10/7 5:47,131.4540045,47.0251635,5210189.17,458493.3112,4.20404,269.7,FALSE,5.3,0,300
5200,2022/10/7 5:47,131.4539207,47.02515467,5210188.233,458486.9338,2.16684,267.8,FALSE,5.3,0,300
5201,2022/10/7 5:47,131.4539012,47.02515383,5210188.15,458485.4508,0,0,FALSE,5.3,0,300
5202,2022/10/7 5:47,131.4538987,47.02515117,5210187.856,458485.2587,0,0,FALSE,5.3,0,300
5203,2022/10/7 5:47,131.4539145,47.02515233,5210187.976,458486.4607,4.29664,78.2,TRUE,5.3,368,300
5204,2022/10/7 5:47,131.4539707,47.02516017,5210188.818,458490.7391,3.6114,75.8,TRUE,5.3,364,300
5205,2022/10/7 5:47,131.4540358,47.0251725,5210190.154,458495.6976,3.66696,85.8,TRUE,5.3,364,300
5206,2022/10/7 5:47,131.454106,47.025187,5210191.729,458501.0454,3.0558,72.1,TRUE,5.3,376,300
5207,2022/10/7 5:47,131.4541565,47.02521017,5210194.278,458504.9024,4.3522,89.5,TRUE,5.3,400,300
5208,2022/10/7 5:47,131.4542013,47.02521417,5210194.699,458508.3112,3.5188,69.1,TRUE,5.3,366,300
5209,2022/10/7 5:47,131.4542492,47.02521233,5210194.469,458511.9511,4.59296,73.4,TRUE,5.3,353,300
5210,2022/10/7 5:47,131.454313,47.02521917,5210195.196,458516.8065,4.12996,80.6,TRUE,5.3,400,300
5211,2022/10/7 5:47,131.4543835,47.025216,5210194.806,458522.1634,3.7966,83.5,TRUE,5.3,372,300
5212,2022/10/7 5:47,131.4544372,47.0252215,5210195.389,458526.2499,3.81512,79,TRUE,5.3,399,300
5213,2022/10/7 5:47,131.4544933,47.02523567,5210196.934,458530.5256,4.01884,85.4,TRUE,5.3,377,300
5214,2022/10/7 5:48,131.4545413,47.02523867,5210197.243,458534.1769,2.83356,89.2,TRUE,5.3,371,300
5215,2022/10/7 5:48,131.4545725,47.02524317,5210197.726,458536.5522,3.40768,90.1,TRUE,5.3,400,300
5216,2022/10/7 5:48,131.4546072,47.02524267,5210197.652,458539.1897,3.0558,96.9,TRUE,5.3,400,300
5217,2022/10/7 5:48,131.4546613,47.0252395,5210197.271,458543.3,3.83364,92.4,TRUE,5.3,374,300
5218,2022/10/7 5:48,131.4547325,47.025238,5210197.067,458548.7114,4.20404,83.9,TRUE,5.3,381,300
5219,2022/10/7 5:48,131.4547878,47.02524183,5210197.463,458552.9183,3.29656,92.1,TRUE,5.3,371,300
5220,2022/10/7 5:48,131.4548125,47.0252365,5210196.858,458554.7918,3.22248,93,TRUE,5.3,395,300
5221,2022/10/7 5:48,131.4548622,47.02523533,5210196.701,458558.5691,4.0744,83.2,TRUE,5.3,376,300
5222,2022/10/7 5:48,131.4549268,47.02524967,5210198.261,458563.4911,2.75948,60.2,TRUE,5.3,375,300
5223,2022/10/7 5:48,131.4549893,47.0252675,5210200.21,458568.2562,4.0744,68.6,TRUE,5.3,400,300
5224,2022/10/7 5:48,131.4550478,47.02527033,5210200.494,458572.7055,4.14848,91.9,TRUE,5.3,400,300
5225,2022/10/7 5:48,131.455104,47.02527383,5210200.853,458576.9805,4.00032,80.6,TRUE,5.3,393,300
5226,2022/10/7 5:48,131.4551582,47.02528183,5210201.714,458581.107,4.11144,85.9,TRUE,5.3,400,300
5227,2022/10/7 5:48,131.4552362,47.025289,5210202.47,458587.0421,4.96336,80.5,TRUE,5.3,394,300
5228,2022/10/7 5:48,131.455314,47.02529767,5210203.393,458592.9631,5.25968,86.3,TRUE,5.3,400,300
5229,2022/10/7 5:49,131.4553888,47.02529983,5210203.593,458598.6511,5.48192,83.9,TRUE,5.3,400,300
5230,2022/10/7 5:49,131.4554562,47.02530717,5210204.374,458603.7805,4.40776,78.8,TRUE,5.3,395,300
5231,2022/10/7 5:49,131.4555342,47.02532267,5210206.056,458609.722,5.14856,86.4,TRUE,5.3,399,300
5232,2022/10/7 5:49,131.455619,47.02533667,5210207.567,458616.1793,5.05596,79.4,TRUE,5.3,400,300
5233,2022/10/7 5:49,131.4557003,47.02534167,5210208.08,458622.3636,5.22264,82.5,TRUE,5.3,400,300
5234,2022/10/7 5:49,131.4557603,47.025353,5210209.308,458626.9336,5.38932,82,TRUE,5.3,376,300
5235,2022/10/7 5:49,131.4558333,47.02536167,5210210.233,458632.4897,6.07456,83.5,TRUE,5.3,369,300
5236,2022/10/7 5:49,131.4559133,47.02537767,5210211.97,458638.5836,4.37072,80.1,TRUE,5.3,325,300
5237,2022/10/7 5:49,131.4559982,47.02538617,5210212.87,458645.0443,6.24124,80.3,TRUE,5.3,400,300
5238,2022/10/7 5:49,131.4560732,47.025397,5210214.034,458650.7541,5.75972,78.1,TRUE,5.3,400,300
5239,2022/10/7 5:49,131.4561538,47.0254075,5210215.159,458656.8894,5.90788,79.1,TRUE,5.3,400,300
5240,2022/10/7 5:49,131.456228,47.02541633,5210216.101,458662.5369,5.35228,86.7,TRUE,5.3,399,300
5241,2022/10/7 5:49,131.4563083,47.025421,5210216.578,458668.6449,5.11152,78.4,TRUE,5.3,396,300
5242,2022/10/7 5:49,131.4563982,47.02542667,5210217.161,458675.4834,6.14864,79.8,TRUE,5.3,385,300
5243,2022/10/7 5:49,131.4564832,47.02543533,5210218.079,458681.9518,6.03752,76.1,TRUE,5.3,400,300
5244,2022/10/7 5:50,131.4565547,47.02544783,5210219.431,458687.3968,5.96344,84.3,TRUE,5.3,399,300
5245,2022/10/7 5:50,131.4566377,47.02545633,5210220.332,458693.713,6.14864,87,TRUE,5.3,400,300
5246,2022/10/7 5:50,131.4567178,47.02546767,5210221.55,458699.8109,5.75972,83.7,TRUE,5.3,390,300
5247,2022/10/7 5:50,131.4568013,47.0254695,5210221.71,458706.16,5.94492,89.8,TRUE,5.3,396,300
5248,2022/10/7 5:50,131.4568835,47.02547617,5210222.408,458712.4139,4.59296,91.7,TRUE,5.3,400,300
5249,2022/10/7 5:50,131.4569715,47.02548767,5210223.64,458719.1125,6.18568,82.8,TRUE,5.3,400,300
5250,2022/10/7 5:50,131.4570577,47.0254975,5210224.688,458725.673,6.24124,81.2,TRUE,5.3,400,300
5251,2022/10/7 5:50,131.4571405,47.0255075,5210225.756,458731.9751,6.81536,88.6,TRUE,5.3,352,300
5252,2022/10/7 5:50,131.4572302,47.02551417,5210226.45,458738.7992,6.24124,85.1,TRUE,5.3,400,300
5253,2022/10/7 5:50,131.4573195,47.0255255,5210227.662,458745.5965,5.57452,82.9,TRUE,5.3,400,300
5254,2022/10/7 5:50,131.457411,47.02552933,5210228.04,458752.5552,5.72268,73.9,TRUE,5.3,400,300
5255,2022/10/7 5:50,131.4574998,47.02553283,5210228.382,458759.3085,6.37088,88,TRUE,5.3,400,300
5256,2022/10/7 5:50,131.457592,47.025548,5210230.02,458766.3291,6.14864,77.7,TRUE,5.3,400,300
5257,2022/10/7 5:50,131.457671,47.02555383,5210230.627,458772.3392,6.2042,82.8,TRUE,5.3,400,300
5258,2022/10/7 5:50,131.4577433,47.02555467,5210230.682,458777.836,5.85232,90.4,TRUE,5.3,400,300
5259,2022/10/7 5:51,131.4578018,47.025547,5210229.799,458782.2773,4.38924,83,TRUE,5.3,400,300
5260,2022/10/7 5:51,131.4578703,47.02555283,5210230.411,458787.4891,4.12996,104.1,TRUE,5.3,400,300
5261,2022/10/7 5:51,131.4579175,47.02552767,5210227.589,458791.0578,4.12996,127.3,TRUE,5.3,400,300
5262,2022/10/7 5:51,131.4579452,47.025489,5210223.275,458793.1338,3.75956,180.5,TRUE,5.3,400,300
5263,2022/10/7 5:51,131.4579568,47.02546617,5210220.731,458793.9981,4.11144,203.7,TRUE,5.3,400,300
5264,2022/10/7 5:51,131.4579428,47.02546067,5210220.127,458792.9296,0,213.6,FALSE,5.3,0,300
5265,2022/10/7 5:51,131.4579562,47.02547,5210221.157,458793.9554,5.66712,33.3,FALSE,5.3,0,300
5266,2022/10/7 5:51,131.458044,47.02553,5210227.781,458800.6761,2.27796,67.3,FALSE,5.3,0,300
5267,2022/10/7 5:51,131.4580848,47.02554383,5210229.297,458803.7883,1.77792,276.4,FALSE,5.3,0,300
5268,2022/10/7 5:51,131.4580405,47.02554167,5210229.08,458800.419,4.38924,274.1,TRUE,5.3,400,300
5269,2022/10/7 5:51,131.4579588,47.02554367,5210229.346,458794.2098,4.03736,280.3,TRUE,5.3,400,300
5270,2022/10/7 5:51,131.4579082,47.02554517,5210229.539,458790.3643,4.70408,278,TRUE,5.3,400,300
5271,2022/10/7 5:51,131.4578395,47.0255365,5210228.611,458785.1351,3.4262,263.7,TRUE,5.3,400,300
5272,2022/10/7 5:51,131.4577708,47.02552233,5210227.072,458779.9017,4.33368,271.4,TRUE,5.3,400,300
5273,2022/10/7 5:51,131.457704,47.02550967,5210225.7,458774.8138,4.29664,262.4,TRUE,5.3,400,300
5274,2022/10/7 5:52,131.457632,47.02550617,5210225.349,458769.3377,4.51888,267.6,TRUE,5.3,400,300
5275,2022/10/7 5:52,131.4575563,47.025506,5210225.37,458763.5829,4.68556,264,TRUE,5.3,400,300
5276,2022/10/7 5:52,131.4574848,47.02550117,5210224.87,458758.1438,5.01892,267.4,TRUE,5.3,400,300
5277,2022/10/7 5:52,131.4574127,47.02548317,5210222.907,458752.6489,4.66704,259.5,TRUE,5.3,400,300
5278,2022/10/7 5:52,131.4573342,47.02547783,5210222.355,458746.6773,4.24108,262.8,TRUE,5.3,400,300
5279,2022/10/7 5:52,131.4572657,47.02548033,5210222.669,458741.4718,4.85224,267.5,TRUE,5.3,400,300
5280,2022/10/7 5:52,131.4571985,47.02547583,5210222.204,458736.3599,4.92632,267.7,TRUE,5.3,400,300
5281,2022/10/7 5:52,131.4571177,47.0254685,5210221.432,458730.2118,4.46332,261.1,TRUE,5.3,400,300
5282,2022/10/7 5:52,131.4570518,47.02546283,5210220.836,458725.1978,6.13012,266.8,TRUE,5.3,400,300
5283,2022/10/7 5:52,131.4569782,47.0254545,5210219.949,458719.5963,6.00048,277.3,TRUE,5.3,400,300
5284,2022/10/7 5:52,131.4568917,47.025444,5210218.827,458713.0125,5.59304,265.7,TRUE,5.3,400,300
5285,2022/10/7 5:52,131.4568195,47.02543033,5210217.346,458707.5133,4.63,271.7,TRUE,5.3,400,300
5286,2022/10/7 5:52,131.4567492,47.02542767,5210217.087,458702.1671,4.59296,268,TRUE,5.3,400,300
5287,2022/10/7 5:52,131.4566737,47.02542383,5210216.7,458696.4247,5.48192,270.7,TRUE,5.3,400,300
5288,2022/10/7 5:52,131.4565865,47.02541917,5210216.228,458689.7921,4.83372,269.9,TRUE,5.3,400,300
5289,2022/10/7 5:53,131.4565118,47.02541033,5210215.285,458684.1067,4.94484,262.2,TRUE,5.3,400,300
5290,2022/10/7 5:53,131.4564362,47.02540483,5210214.713,458678.3553,5.11152,271,TRUE,5.3,400,300
5291,2022/10/7 5:53,131.4563625,47.02539583,5210213.751,458672.7457,5.33376,267.5,TRUE,5.3,400,300
5292,2022/10/7 5:53,131.4562805,47.0253885,5210212.98,458666.5065,5.29672,268,TRUE,5.3,400,300
5293,2022/10/7 5:53,131.4561992,47.02538217,5210212.319,458660.3212,5.03744,261,TRUE,5.3,400,300
5294,2022/10/7 5:53,131.4561228,47.02537667,5210211.748,458654.509,3.55584,261.2,TRUE,5.3,400,300
5295,2022/10/7 5:53,131.456056,47.025376,5210211.709,458649.4304,4.83372,258.6,TRUE,5.3,400,300
5296,2022/10/7 5:53,131.4559808,47.02536517,5210210.544,458643.7053,5.11152,264.3,TRUE,5.3,400,300
5297,2022/10/7 5:53,131.4559063,47.02535733,5210209.712,458638.0358,5.8338,259.2,TRUE,5.3,360,300
5298,2022/10/7 5:53,131.4558398,47.02535,5210208.932,458632.9748,5.48192,271.8,TRUE,5.3,400,300
5299,2022/10/7 5:53,131.4557493,47.02534217,5210208.11,458626.089,6.00048,266.1,TRUE,5.3,400,300
5300,2022/10/7 5:53,131.4556653,47.02533333,5210207.171,458619.6965,5.31524,253.1,TRUE,5.3,400,300
5301,2022/10/7 5:53,131.455594,47.02532283,5210206.042,458614.2682,5.9264,272.4,TRUE,5.3,400,300
5302,2022/10/7 5:53,131.4555012,47.02531367,5210205.073,458607.2064,4.48184,267.1,TRUE,5.3,400,300
5303,2022/10/7 5:54,131.4554358,47.02531333,5210205.069,458602.2345,4.38924,266,TRUE,5.3,400,300
5304,2022/10/7 5:54,131.4553532,47.02530517,5210204.206,458595.9489,5.20412,267.5,TRUE,5.3,400,300
5305,2022/10/7 5:54,131.4552635,47.02530033,5210203.715,458589.1262,5.2782,259.3,TRUE,5.3,398,300
5306,2022/10/7 5:54,131.4551995,47.02528467,5210202.008,458584.2488,4.83372,259.5,TRUE,5.3,399,300
5307,2022/10/7 5:54,131.4551205,47.02527567,5210201.049,458578.2363,5.3708,263.4,TRUE,5.3,400,300
5308,2022/10/7 5:54,131.4550373,47.0252595,5210199.296,458571.8989,3.59288,270.4,TRUE,5.3,400,300
5309,2022/10/7 5:54,131.4549662,47.02524783,5210198.036,458566.4849,4.4448,260,TRUE,5.3,358,300
5310,2022/10/7 5:54,131.4548907,47.02524967,5210198.28,458560.7468,4.77816,262.7,TRUE,5.3,400,300
5311,2022/10/7 5:54,131.4548133,47.025247,5210198.025,458554.8608,6.27828,264.4,TRUE,5.3,400,300
5312,2022/10/7 5:54,131.4547365,47.0252365,5210196.898,458549.0143,4.27812,268.6,TRUE,5.3,400,300
5313,2022/10/7 5:54,131.4546637,47.025233,5210196.547,458543.4774,4.85224,272.8,TRUE,5.3,400,300
5314,2022/10/7 5:54,131.4545883,47.025234,5210196.698,458537.7462,3.31508,278.4,TRUE,5.3,382,300
5315,2022/10/7 5:54,131.4545192,47.02523833,5210197.216,458532.4966,2.90764,278.8,TRUE,5.3,400,300
5316,2022/10/7 5:54,131.4544707,47.02523117,5210196.446,458528.8041,3.22248,284.3,TRUE,5.3,372,300
5317,2022/10/7 5:54,131.4544157,47.02522817,5210196.142,458524.6207,5.61156,270.7,TRUE,5.3,400,300
5318,2022/10/7 5:55,131.4543338,47.02522617,5210195.963,458518.3931,5.20412,262.6,TRUE,5.3,400,300
5319,2022/10/7 5:55,131.4542553,47.02522717,5210196.116,458512.4263,4.22256,274.4,TRUE,5.3,400,300
5320,2022/10/7 5:55,131.4541967,47.02522617,5210196.035,458507.9708,6.92648,272.2,TRUE,5.3,400,300
5321,2022/10/7 5:55,131.4541178,47.02522,5210195.391,458501.968,5.63008,257.9,TRUE,5.3,400,300
5322,2022/10/7 5:55,131.4540445,47.0252175,5210195.152,458496.3938,5.29672,259.4,TRUE,5.3,400,300
5323,2022/10/7 5:55,131.4539598,47.0252105,5210194.419,458489.9495,3.83364,259.5,TRUE,5.3,400,300
5324,2022/10/7 5:55,131.4539005,47.025199,5210193.172,458485.4326,2.62984,269,TRUE,5.3,400,300
5325,2022/10/7 5:55,131.453844,47.0251985,5210193.146,458481.1371,5.25968,280.1,TRUE,5.3,348,300
5326,2022/10/7 5:55,131.4537582,47.02519117,5210192.377,458474.6089,5.31524,254.1,TRUE,5.3,372,300
5327,2022/10/7 5:55,131.4536802,47.02519233,5210192.547,458468.6802,4.88928,281.7,TRUE,5.3,400,300
5328,2022/10/7 5:55,131.4536647,47.02519133,5210192.444,458467.5011,4.38924,319.7,FALSE,5.3,0,300
5329,2022/10/7 5:55,131.4536598,47.02520083,5210193.503,458467.136,4.66704,356,FALSE,5.3,0,300
5330,2022/10/7 5:55,131.4536482,47.02520467,5210193.936,458466.2571,2.27796,176.7,FALSE,5.3,0,300
5331,2022/10/7 5:55,131.4536388,47.025143,5210187.085,458465.4947,1.852,176.4,FALSE,5.3,0,300
5332,2022/10/7 5:55,131.4536038,47.02511883,5210184.417,458462.8153,5.0004,187,FALSE,5.3,0,300
5333,2022/10/7 5:56,131.453601,47.025062,5210178.1,458462.5583,2.09276,173.4,FALSE,5.3,0,300
5334,2022/10/7 5:56,131.4535955,47.025057,5210177.547,458462.1363,0,0,FALSE,5.3,0,300
5335,2022/10/7 5:56,131.4535943,47.025061,5210177.993,458462.0482,0,0,FALSE,5.3,0,300
5336,2022/10/7 5:56,131.4535965,47.025064,5210178.325,458462.2178,0,0,FALSE,5.3,0,300
5337,2022/10/7 5:56,131.453599,47.02506283,5210178.194,458462.4069,0,0,FALSE,5.3,0,300
5338,2022/10/7 5:56,131.453599,47.02506233,5210178.138,458462.4065,0,0,FALSE,5.3,0,300
5339,2022/10/7 5:56,131.453602,47.02506183,5210178.081,458462.6342,0,0,FALSE,5.3,0,300
5340,2022/10/7 5:56,131.4536013,47.0250625,5210178.156,458462.5815,0,0,FALSE,5.3,0,300
5341,2022/10/7 5:56,131.4535992,47.02506283,5210178.194,458462.4221,0,0,FALSE,5.3,0,300
5342,2022/10/7 5:56,131.4536003,47.02506317,5210178.231,458462.506,0,0,FALSE,5.3,0,300
5343,2022/10/7 5:56,131.4536012,47.02506283,5210178.192,458462.5742,0,0,FALSE,5.3,0,300
5344,2022/10/7 5:56,131.453601,47.025062,5210178.1,458462.5583,0,0,FALSE,5.3,0,300
5345,2022/10/7 5:56,131.4536017,47.0250615,5210178.044,458462.6112,0,0,FALSE,5.3,0,300
5346,2022/10/7 5:56,131.4536018,47.02506183,5210178.081,458462.619,0,0,FALSE,5.3,0,300
5347,2022/10/7 5:56,131.4536025,47.0250625,5210178.155,458462.6727,0,0,FALSE,5.3,0,300
5348,2022/10/7 5:57,131.4536037,47.02506317,5210178.229,458462.7645,0,0,FALSE,5.3,0,300
5349,2022/10/7 5:57,131.4536043,47.02506383,5210178.302,458462.8106,0,0,FALSE,5.3,0,300
5350,2022/10/7 5:57,131.4536037,47.02506383,5210178.302,458462.765,0,0,FALSE,5.3,0,300
5351,2022/10/7 5:57,131.4536025,47.02506317,5210178.23,458462.6733,0,0,FALSE,5.3,0,300
5352,2022/10/7 5:57,131.4536022,47.02506317,5210178.23,458462.6505,0,0,FALSE,5.3,0,300
5353,2022/10/7 5:57,131.4536018,47.0250635,5210178.267,458462.6203,0,0,FALSE,5.3,0,300
5354,2022/10/7 5:57,131.4536015,47.02506317,5210178.23,458462.5972,0,0,FALSE,5.3,0,300
5355,2022/10/7 5:57,131.4536015,47.0250625,5210178.156,458462.5967,0,0,FALSE,5.3,0,300
5356,2022/10/7 5:57,131.4536015,47.02506217,5210178.119,458462.5965,0,0,FALSE,5.3,0,300
5357,2022/10/7 5:57,131.4536017,47.02506167,5210178.063,458462.6113,0,0,FALSE,5.3,0,300
5358,2022/10/7 5:57,131.4536018,47.02506183,5210178.081,458462.619,0,0,FALSE,5.3,0,300
5359,2022/10/7 5:57,131.453602,47.02506167,5210178.063,458462.6341,0,0,FALSE,5.3,0,300
5360,2022/10/7 5:57,131.4536018,47.02506133,5210178.025,458462.6186,0,0,FALSE,5.3,0,300
5361,2022/10/7 5:57,131.453602,47.0250615,5210178.044,458462.634,0,0,FALSE,5.3,0,300
5362,2022/10/7 5:57,131.4536022,47.0250615,5210178.044,458462.6492,0,0,FALSE,5.3,0,300
5363,2022/10/7 5:58,131.4536018,47.02506133,5210178.025,458462.6186,0,0,FALSE,5.3,0,300
5364,2022/10/7 5:58,131.4536017,47.025061,5210177.989,458462.6108,0,0,FALSE,5.3,0,300
5365,2022/10/7 5:58,131.4536012,47.02506067,5210177.952,458462.5725,0,0,FALSE,5.3,0,300
5366,2022/10/7 5:58,131.4536007,47.02506017,5210177.897,458462.5341,0,0,FALSE,5.3,0,300
5367,2022/10/7 5:58,131.4536007,47.02505983,5210177.859,458462.5338,0,0,FALSE,5.3,0,300
5368,2022/10/7 5:58,131.4536008,47.02505967,5210177.841,458462.5413,0,0,FALSE,5.3,0,300
5369,2022/10/7 5:58,131.4536012,47.0250595,5210177.822,458462.5716,0,87.3,FALSE,5.3,0,300
5370,2022/10/7 5:58,131.4536013,47.02505967,5210177.841,458462.5793,0,0,FALSE,5.3,0,300
5371,2022/10/7 5:58,131.4536013,47.02505983,5210177.859,458462.5795,0,0,FALSE,5.3,0,300
5372,2022/10/7 5:58,131.4536013,47.02505967,5210177.841,458462.5793,0,0,FALSE,5.3,0,300
5373,2022/10/7 5:58,131.4536018,47.02505967,5210177.841,458462.6173,0,0,FALSE,5.3,0,300
5374,2022/10/7 5:58,131.4536025,47.02505983,5210177.858,458462.6707,0,0,FALSE,5.3,0,300
5375,2022/10/7 5:58,131.4536023,47.02506,5210177.877,458462.6556,0,0,FALSE,5.3,0,300
5376,2022/10/7 5:58,131.4536023,47.02506,5210177.877,458462.6556,0,0,FALSE,5.3,0,300
5377,2022/10/7 5:58,131.4536025,47.02505983,5210177.858,458462.6707,0,0,FALSE,5.3,0,300
5378,2022/10/7 5:59,131.4536027,47.02505983,5210177.858,458462.6859,0,0,FALSE,5.3,0,300
5379,2022/10/7 5:59,131.4536027,47.02505983,5210177.858,458462.6859,0,0,FALSE,5.3,0,300
5380,2022/10/7 5:59,131.4536028,47.02505967,5210177.84,458462.6934,0,0,FALSE,5.3,0,300
5381,2022/10/7 5:59,131.453603,47.02505967,5210177.84,458462.7086,0,0,FALSE,5.3,0,300
5382,2022/10/7 5:59,131.4536028,47.02505983,5210177.858,458462.6935,0,0,FALSE,5.3,0,300
5383,2022/10/7 5:59,131.4536032,47.02505983,5210177.858,458462.7239,0,0,FALSE,5.3,0,300
5384,2022/10/7 5:59,131.4536032,47.02505967,5210177.84,458462.7238,0,0,FALSE,5.3,0,300
5385,2022/10/7 5:59,131.4536032,47.02505967,5210177.84,458462.7238,0,0,FALSE,5.3,0,300
5386,2022/10/7 5:59,131.4536032,47.02505967,5210177.84,458462.7238,0,0,FALSE,5.3,0,300
5387,2022/10/7 5:59,131.4536032,47.0250595,5210177.821,458462.7236,0,0,FALSE,5.3,0,300
5388,2022/10/7 5:59,131.4536033,47.0250595,5210177.821,458462.7312,0,0,FALSE,5.3,0,300
5389,2022/10/7 5:59,131.4536035,47.02505933,5210177.802,458462.7463,0,0,FALSE,5.3,0,300
5390,2022/10/7 5:59,131.4536037,47.02505917,5210177.784,458462.7614,0,87.3,FALSE,5.3,0,300
5391,2022/10/7 5:59,131.4536038,47.02505917,5210177.784,458462.769,0,0,FALSE,5.3,0,300
5392,2022/10/7 5:59,131.4536038,47.02505917,5210177.784,458462.769,0,0,FALSE,5.3,0,300
5393,2022/10/7 6:00,131.4536042,47.025059,5210177.765,458462.7993,0,0,FALSE,5.3,0,300
5394,2022/10/7 6:00,131.4536042,47.02505883,5210177.746,458462.7991,1.77792,36.1,FALSE,5.3,0,300
5395,2022/10/7 6:00,131.4536185,47.025075,5210179.536,458463.8988,2.0372,43.4,FALSE,5.3,0,300
5396,2022/10/7 6:00,131.4536075,47.02508133,5210180.246,458463.0675,2.57428,43.6,FALSE,5.3,0,300
5397,2022/10/7 6:00,131.4536155,47.0250915,5210181.372,458463.6835,2.46316,67,FALSE,5.3,0,300
5398,2022/10/7 6:00,131.4536505,47.025105,5210182.854,458466.3547,2.88912,70.8,FALSE,5.3,0,300
5399,2022/10/7 6:00,131.453684,47.02511083,5210183.485,458468.9059,3.09284,93.2,FALSE,5.3,0,300
5400,2022/10/7 6:00,131.4536897,47.02511617,5210184.075,458469.3433,2.55576,81.8,TRUE,5.3,367,300
5401,2022/10/7 6:00,131.4537123,47.02512067,5210184.564,458471.0649,2.57428,96.1,TRUE,5.3,400,300
5402,2022/10/7 6:00,131.4537195,47.0251355,5210186.209,458471.6237,2.42612,88.7,TRUE,5.3,400,300
5403,2022/10/7 6:00,131.4537575,47.02514067,5210186.763,458474.5165,2.51872,92.9,TRUE,5.3,400,300
5404,2022/10/7 6:00,131.453793,47.025138,5210186.447,458477.2131,1.14824,105.5,TRUE,5.3,400,300
5405,2022/10/7 6:00,131.4538052,47.025143,5210186.997,458478.1445,0,0,FALSE,5.3,0,300
5406,2022/10/7 6:00,131.4538192,47.02515067,5210187.842,458479.2147,1.18528,60.8,TRUE,5.3,395,300
5407,2022/10/7 6:00,131.4538357,47.02515733,5210188.574,458480.4742,0,69.6,FALSE,5.3,0,300
5408,2022/10/7 6:01,131.453837,47.02515533,5210188.351,458480.5715,0,0,FALSE,5.3,0,300
5409,2022/10/7 6:01,131.453861,47.02515383,5210188.171,458482.3948,1.74088,106.4,TRUE,5.3,309,300
5410,2022/10/7 6:01,131.4539087,47.025159,5210188.721,458486.0249,2.66688,97.4,TRUE,5.3,210,300
5411,2022/10/7 6:01,131.4539477,47.02516833,5210189.737,458488.997,3.90772,75.5,TRUE,5.3,254,300
5412,2022/10/7 6:01,131.4539863,47.02517933,5210190.94,458491.9399,2.778,96.9,TRUE,5.3,227,300
5413,2022/10/7 6:01,131.4540362,47.02517233,5210190.135,458495.7278,2.83356,125.6,FALSE,5.3,0,300
5414,2022/10/7 6:01,131.4540622,47.0251495,5210187.583,458497.6867,3.00024,126.6,FALSE,5.3,0,300
5415,2022/10/7 6:01,131.4540762,47.025129,5210185.297,458498.735,2.48168,170.3,FALSE,5.3,0,300
5416,2022/10/7 6:01,131.4540783,47.02511733,5210183.998,458498.8856,3.12988,204,FALSE,5.3,0,300
5417,2022/10/7 6:01,131.4540483,47.02511283,5210183.514,458496.6016,2.88912,261.4,FALSE,5.3,0,300
5418,2022/10/7 6:01,131.4540133,47.02512,5210184.33,458493.9464,3.66696,270.7,FALSE,5.3,0,300
5419,2022/10/7 6:01,131.4539783,47.02513867,5210186.424,458491.3002,2.29648,302.4,TRUE,5.3,235,300
5420,2022/10/7 6:01,131.453942,47.02513183,5210185.683,458488.5353,2.74096,298.3,TRUE,5.3,400,300
5421,2022/10/7 6:01,131.4538865,47.02513817,5210186.417,458484.3211,3.64844,280.3,TRUE,5.3,400,300
5422,2022/10/7 6:01,131.453836,47.02513483,5210186.072,458480.4795,2.94468,274.2,TRUE,5.3,400,300
5423,2022/10/7 6:02,131.4537963,47.02514067,5210186.743,458477.4661,3.25952,285.3,TRUE,5.3,400,300
5424,2022/10/7 6:02,131.453751,47.025147,5210187.47,458474.0273,2.62984,286.3,TRUE,5.3,354,300
5425,2022/10/7 6:02,131.4537137,47.0251515,5210187.99,458471.1952,3.12988,287.4,TRUE,5.3,257,300
5426,2022/10/7 6:02,131.4536827,47.02515017,5210187.859,458468.8376,2.8706,296.9,TRUE,5.3,220,300
5427,2022/10/7 6:02,131.4536558,47.025163,5210189.3,458466.8026,1.70384,306,TRUE,5.3,367,300
5428,2022/10/7 6:02,131.4536287,47.02517983,5210191.185,458464.7555,2.83356,303.9,FALSE,5.3,0,300
5429,2022/10/7 6:02,131.4536093,47.02519617,5210193.012,458463.2934,2.81504,345.4,FALSE,5.3,0,300
5430,2022/10/7 6:02,131.4536155,47.02520017,5210193.453,458463.7678,0.40744,16.8,FALSE,5.3,0,300
5431,2022/10/7 6:02,131.4536088,47.02516917,5210190.01,458463.2344,2.16684,172,FALSE,5.3,0,300
5432,2022/10/7 6:02,131.4536055,47.025128,5210185.435,458462.9516,3.75956,160.8,FALSE,5.3,0,300
5433,2022/10/7 6:02,131.4536338,47.02508933,5210181.121,458465.073,1.14824,145,FALSE,5.3,0,300
5434,2022/10/7 6:02,131.4536305,47.0250955,5210181.809,458464.8269,0,0,FALSE,5.3,0,300
5435,2022/10/7 6:31,131.453614,47.02512717,5210185.338,458463.5971,0,0,FALSE,5.3,0,300
5436,2022/10/7 6:31,131.4536288,47.02511867,5210184.386,458464.7156,0,0,FALSE,5.3,0,300
5437,2022/10/7 6:31,131.4536315,47.025114,5210183.865,458464.9173,0,0,FALSE,5.3,0,300
5438,2022/10/7 6:31,131.453634,47.0251125,5210183.697,458465.1062,0,0,FALSE,5.3,0,300
5439,2022/10/7 6:31,131.4536382,47.0251145,5210183.917,458465.427,0,0,FALSE,5.3,0,300
5440,2022/10/7 6:31,131.45364,47.025117,5210184.194,458465.5658,0,0,FALSE,5.3,0,300
5441,2022/10/7 6:31,131.4536407,47.02511833,5210184.342,458465.62,0,0,FALSE,5.3,0,300
5442,2022/10/7 6:31,131.4536422,47.02511883,5210184.396,458465.7344,0,0,FALSE,5.3,0,300
5443,2022/10/7 6:32,131.4536413,47.02511967,5210184.49,458465.6667,0,0,FALSE,5.3,0,300
5444,2022/10/7 6:32,131.4536412,47.02511933,5210184.452,458465.6588,0,0,FALSE,5.3,0,300
5445,2022/10/7 6:32,131.4536425,47.025117,5210184.193,458465.7558,0,0,FALSE,5.3,0,300
5446,2022/10/7 6:32,131.4536423,47.0251165,5210184.137,458465.7402,0,0,FALSE,5.3,0,300
5447,2022/10/7 6:32,131.4536415,47.025117,5210184.193,458465.6798,0,0,FALSE,5.3,0,300
5448,2022/10/7 6:32,131.4536413,47.02511717,5210184.212,458465.6647,0,0,FALSE,5.3,0,300
5449,2022/10/7 6:32,131.4536407,47.0251175,5210184.249,458465.6194,0,0,FALSE,5.3,0,300
5450,2022/10/7 6:32,131.4536405,47.0251175,5210184.249,458465.6042,0,0,FALSE,5.3,0,300
5451,2022/10/7 6:32,131.4536405,47.02511733,5210184.23,458465.604,0,0,FALSE,5.3,0,300
5452,2022/10/7 6:32,131.45364,47.02511767,5210184.269,458465.5663,0,0,FALSE,5.3,0,300
5453,2022/10/7 6:32,131.4536403,47.02511783,5210184.286,458465.5892,0,0,FALSE,5.3,0,300
5454,2022/10/7 6:32,131.45364,47.02511767,5210184.269,458465.5663,0,0,FALSE,5.3,0,300
5455,2022/10/7 6:32,131.4536398,47.025117,5210184.194,458465.5506,0,0,FALSE,5.3,0,300
5456,2022/10/7 6:32,131.4536383,47.025117,5210184.195,458465.4365,0,0,FALSE,5.3,0,300
5457,2022/10/7 6:32,131.4536378,47.02511483,5210183.954,458465.3969,0,0,FALSE,5.3,0,300
5458,2022/10/7 6:33,131.4536372,47.02511333,5210183.788,458465.3501,0,0,FALSE,5.3,0,300
5459,2022/10/7 6:33,131.4536362,47.025112,5210183.64,458465.273,0,0,FALSE,5.3,0,300
5460,2022/10/7 6:33,131.4536352,47.02511067,5210183.493,458465.196,0,0,FALSE,5.3,0,300
5461,2022/10/7 6:33,131.4536343,47.0251095,5210183.363,458465.1266,0,0,FALSE,5.3,0,300
5462,2022/10/7 6:33,131.4536337,47.0251085,5210183.252,458465.0803,0,0,FALSE,5.3,0,300
5463,2022/10/7 6:33,131.4536327,47.02510767,5210183.161,458465.0036,0,0,FALSE,5.3,0,300
5464,2022/10/7 6:33,131.4536325,47.0251065,5210183.031,458464.9875,0,0,FALSE,5.3,0,300
5465,2022/10/7 6:33,131.4536322,47.0251055,5210182.92,458464.9639,0,0,FALSE,5.3,0,300
5466,2022/10/7 6:33,131.4536317,47.0251045,5210182.809,458464.9251,0,0,FALSE,5.3,0,300
5467,2022/10/7 6:33,131.4536308,47.025104,5210182.754,458464.8563,0,0,FALSE,5.3,0,300
5468,2022/10/7 6:33,131.4536302,47.02510367,5210182.717,458464.8104,0,0,FALSE,5.3,0,300
5469,2022/10/7 6:33,131.4536297,47.0251035,5210182.699,458464.7723,0,0,FALSE,5.3,0,300
5470,2022/10/7 6:33,131.453629,47.025103,5210182.643,458464.7187,0,0,FALSE,5.3,0,300
5471,2022/10/7 6:33,131.453629,47.02510233,5210182.569,458464.7182,0,0,FALSE,5.3,0,300
5472,2022/10/7 6:33,131.4536292,47.02510167,5210182.495,458464.7329,0,0,FALSE,5.3,0,300
5473,2022/10/7 6:34,131.4536293,47.025101,5210182.421,458464.74,0,0,FALSE,5.3,0,300
5474,2022/10/7 6:34,131.4536293,47.02510067,5210182.384,458464.7397,0,0,FALSE,5.3,0,300
5475,2022/10/7 6:34,131.4536295,47.0251,5210182.31,458464.7544,0,0,FALSE,5.3,0,300
5476,2022/10/7 6:34,131.4536295,47.02509967,5210182.273,458464.7541,0,0,FALSE,5.3,0,300
5477,2022/10/7 6:34,131.4536295,47.02509933,5210182.235,458464.7539,0,0,FALSE,5.3,0,300
5478,2022/10/7 6:34,131.4536298,47.02509883,5210182.179,458464.7763,0,98.3,FALSE,5.3,0,300
5479,2022/10/7 6:34,131.4536303,47.02509833,5210182.124,458464.8139,0,0,FALSE,5.3,0,300
5480,2022/10/7 6:34,131.453631,47.02509783,5210182.068,458464.8667,0,0,FALSE,5.3,0,300
5481,2022/10/7 6:34,131.4536317,47.02509733,5210182.012,458464.9196,0,0,FALSE,5.3,0,300
5482,2022/10/7 6:34,131.453632,47.02509717,5210181.994,458464.9422,0,0,FALSE,5.3,0,300
5483,2022/10/7 6:34,131.4536322,47.02509683,5210181.956,458464.9572,0,0,FALSE,5.3,0,300
5484,2022/10/7 6:34,131.4536323,47.0250965,5210181.919,458464.9645,0,0,FALSE,5.3,0,300
5485,2022/10/7 6:34,131.4536323,47.0250965,5210181.919,458464.9645,0,0,FALSE,5.3,0,300
5486,2022/10/7 6:34,131.4536323,47.02509633,5210181.9,458464.9644,0,0,FALSE,5.3,0,300
5487,2022/10/7 6:34,131.4536325,47.02509617,5210181.882,458464.9795,0,0,FALSE,5.3,0,300
5488,2022/10/7 6:35,131.4536325,47.025096,5210181.863,458464.9793,0,0,FALSE,5.3,0,300
5489,2022/10/7 6:35,131.4536323,47.025096,5210181.864,458464.9641,0,0,FALSE,5.3,0,300
5490,2022/10/7 6:35,131.4536325,47.02509617,5210181.882,458464.9795,0,0,FALSE,5.3,0,300
5491,2022/10/7 6:35,131.4536328,47.02509617,5210181.882,458465.0023,0,0,FALSE,5.3,0,300
5492,2022/10/7 6:35,131.4536327,47.0250965,5210181.919,458464.9949,0,0,FALSE,5.3,0,300
5493,2022/10/7 6:35,131.4536327,47.02509683,5210181.956,458464.9952,0,0,FALSE,5.3,0,300
5494,2022/10/7 6:35,131.4536327,47.025097,5210181.974,458464.9953,0,0,FALSE,5.3,0,300
5495,2022/10/7 6:35,131.453633,47.02509733,5210182.011,458465.0184,0,0,FALSE,5.3,0,300
5496,2022/10/7 6:35,131.4536332,47.02509767,5210182.049,458465.0338,0,0,FALSE,5.3,0,300
5497,2022/10/7 6:35,131.4536332,47.025098,5210182.085,458465.0341,0,0,FALSE,5.3,0,300
5498,2022/10/7 6:35,131.453633,47.02509817,5210182.104,458465.019,0,0,FALSE,5.3,0,300
5499,2022/10/7 6:35,131.4536328,47.02509817,5210182.104,458465.0038,0,0,FALSE,5.3,0,300
5500,2022/10/7 6:35,131.4536327,47.02509833,5210182.122,458464.9963,0,0,FALSE,5.3,0,300
5501,2022/10/7 6:35,131.4536327,47.0250985,5210182.141,458464.9965,0,0,FALSE,5.3,0,300
5502,2022/10/7 6:35,131.4536327,47.0250985,5210182.141,458464.9965,0,0,FALSE,5.3,0,300
5503,2022/10/7 6:36,131.4536328,47.02509867,5210182.16,458465.0042,0,0,FALSE,5.3,0,300
5504,2022/10/7 6:36,131.4536327,47.02509867,5210182.16,458464.9966,0,0,FALSE,5.3,0,300
5505,2022/10/7 6:36,131.4536327,47.02509867,5210182.16,458464.9966,0,0,FALSE,5.3,0,300
5506,2022/10/7 6:36,131.4536327,47.0250985,5210182.141,458464.9965,0,0,FALSE,5.3,0,300
5507,2022/10/7 6:36,131.4536328,47.0250985,5210182.141,458465.0041,0,0,FALSE,5.3,0,300
5508,2022/10/7 6:36,131.4536327,47.0250985,5210182.141,458464.9965,0,0,FALSE,5.3,0,300
5509,2022/10/7 6:36,131.4536328,47.0250985,5210182.141,458465.0041,0,0,FALSE,5.3,0,300
5510,2022/10/7 6:36,131.453633,47.0250985,5210182.141,458465.0193,0,0,FALSE,5.3,0,300
5511,2022/10/7 6:36,131.4536332,47.0250985,5210182.141,458465.0345,0,0,FALSE,5.3,0,300
5512,2022/10/7 6:36,131.4536332,47.0250985,5210182.141,458465.0345,0,0,FALSE,5.3,0,300
5513,2022/10/7 6:36,131.4536332,47.02509867,5210182.16,458465.0346,0,0,FALSE,5.3,0,300
5514,2022/10/7 6:36,131.4536333,47.02509867,5210182.16,458465.0422,0,0,FALSE,5.3,0,300
5515,2022/10/7 6:36,131.4536337,47.02509867,5210182.16,458465.0726,0,0,FALSE,5.3,0,300
5516,2022/10/7 6:36,131.453634,47.0250985,5210182.141,458465.0953,0,0,FALSE,5.3,0,300
5517,2022/10/7 6:36,131.4536343,47.0250985,5210182.14,458465.1181,0,0,FALSE,5.3,0,300
5518,2022/10/7 6:37,131.4536345,47.02509867,5210182.159,458465.1334,0,0,FALSE,5.3,0,300
5519,2022/10/7 6:37,131.4536347,47.02509867,5210182.159,458465.1487,0,0,FALSE,5.3,0,300
5520,2022/10/7 6:37,131.4536345,47.02509867,5210182.159,458465.1334,0,0,FALSE,5.3,0,300
5521,2022/10/7 6:37,131.4536347,47.02509867,5210182.159,458465.1487,0,0,FALSE,5.3,0,300
5522,2022/10/7 6:37,131.4536348,47.02509867,5210182.159,458465.1563,0,0,FALSE,5.3,0,300
5523,2022/10/7 6:37,131.4536347,47.02509883,5210182.177,458465.1488,0,0,FALSE,5.3,0,300
5524,2022/10/7 6:37,131.4536348,47.02509883,5210182.177,458465.1564,0,0,FALSE,5.3,0,300
5525,2022/10/7 6:37,131.453635,47.02509883,5210182.177,458465.1716,0,0,FALSE,5.3,0,300
5526,2022/10/7 6:37,131.453635,47.02509867,5210182.159,458465.1715,0,0,FALSE,5.3,0,300
5527,2022/10/7 6:37,131.4536352,47.02509867,5210182.159,458465.1867,0,0,FALSE,5.3,0,300
5528,2022/10/7 6:37,131.4536352,47.02509883,5210182.177,458465.1868,0,0,FALSE,5.3,0,300
5529,2022/10/7 6:37,131.4536352,47.02509883,5210182.177,458465.1868,0,0,FALSE,5.3,0,300
5530,2022/10/7 6:37,131.453635,47.025099,5210182.196,458465.1717,0,0,FALSE,5.3,0,300
5531,2022/10/7 6:37,131.4536352,47.02509933,5210182.232,458465.1872,0,0,FALSE,5.3,0,300
5532,2022/10/7 6:37,131.4536353,47.0250995,5210182.251,458465.1949,0,0,FALSE,5.3,0,300
5533,2022/10/7 6:38,131.4536358,47.02509967,5210182.27,458465.2331,0,0,FALSE,5.3,0,300
5534,2022/10/7 6:38,131.453636,47.0251,5210182.306,458465.2485,0,0,FALSE,5.3,0,300
5535,2022/10/7 6:38,131.453636,47.02510033,5210182.343,458465.2488,0,0,FALSE,5.3,0,300
5536,2022/10/7 6:38,131.4536362,47.0251005,5210182.362,458465.2641,0,0,FALSE,5.3,0,300
5537,2022/10/7 6:38,131.4536362,47.02510067,5210182.381,458465.2642,0,0,FALSE,5.3,0,300
5538,2022/10/7 6:38,131.4536363,47.025101,5210182.417,458465.2721,0,0,FALSE,5.3,0,300
5539,2022/10/7 6:38,131.4536367,47.02510117,5210182.436,458465.3026,0,0,FALSE,5.3,0,300
5540,2022/10/7 6:38,131.4536367,47.0251015,5210182.473,458465.3029,0,0,FALSE,5.3,0,300
5541,2022/10/7 6:38,131.4536368,47.02510167,5210182.491,458465.3106,0,0,FALSE,5.3,0,300
5542,2022/10/7 6:38,131.4536368,47.02510183,5210182.509,458465.3107,0,0,FALSE,5.3,0,300
5543,2022/10/7 6:38,131.4536368,47.02510217,5210182.547,458465.311,0,0,FALSE,5.3,0,300
5544,2022/10/7 6:38,131.4536368,47.02510233,5210182.565,458465.3111,0,0,FALSE,5.3,0,300
5545,2022/10/7 6:38,131.4536368,47.0251025,5210182.584,458465.3113,0,0,FALSE,5.3,0,300
5546,2022/10/7 6:38,131.453637,47.02510267,5210182.603,458465.3266,0,0,FALSE,5.3,0,300
5547,2022/10/7 6:38,131.4536367,47.025103,5210182.639,458465.3041,0,0,FALSE,5.3,0,300
5548,2022/10/7 6:39,131.4536368,47.02510333,5210182.676,458465.3119,0,0,FALSE,5.3,0,300
5549,2022/10/7 6:39,131.453637,47.02510333,5210182.676,458465.3271,0,0,FALSE,5.3,0,300
5550,2022/10/7 6:39,131.4536372,47.02510333,5210182.676,458465.3423,0,0,FALSE,5.3,0,300
5551,2022/10/7 6:39,131.4536372,47.02510367,5210182.714,458465.3426,0,0,FALSE,5.3,0,300
5552,2022/10/7 6:39,131.453637,47.02510383,5210182.731,458465.3275,0,0,FALSE,5.3,0,300
5553,2022/10/7 6:39,131.453637,47.025104,5210182.75,458465.3276,0,0,FALSE,5.3,0,300
5554,2022/10/7 6:39,131.4536368,47.02510417,5210182.769,458465.3126,0,0,FALSE,5.3,0,300
5555,2022/10/7 6:39,131.453637,47.02510417,5210182.769,458465.3278,0,0,FALSE,5.3,0,300
5556,2022/10/7 6:39,131.4536373,47.0251045,5210182.806,458465.3508,0,0,FALSE,5.3,0,300
5557,2022/10/7 6:39,131.4536377,47.02510467,5210182.824,458465.3814,0,0,FALSE,5.3,0,300
5558,2022/10/7 6:39,131.4536377,47.02510483,5210182.842,458465.3815,0,0,FALSE,5.3,0,300
5559,2022/10/7 6:39,131.4536377,47.02510483,5210182.842,458465.3815,0,0,FALSE,5.3,0,300
5560,2022/10/7 6:39,131.4536375,47.025105,5210182.861,458465.3664,0,0,FALSE,5.3,0,300
5561,2022/10/7 6:39,131.4536372,47.02510517,5210182.88,458465.3437,0,0,FALSE,5.3,0,300
5562,2022/10/7 6:39,131.4536375,47.02510533,5210182.898,458465.3667,0,0,FALSE,5.3,0,300
5563,2022/10/7 6:40,131.4536377,47.02510533,5210182.898,458465.3819,0,0,FALSE,5.3,0,300
5564,2022/10/7 6:40,131.453638,47.02510533,5210182.898,458465.4047,0,0,FALSE,5.3,0,300
5565,2022/10/7 6:40,131.4536382,47.0251055,5210182.917,458465.42,0,0,FALSE,5.3,0,300
5566,2022/10/7 6:40,131.4536383,47.02510533,5210182.898,458465.4275,0,0,FALSE,5.3,0,300
5567,2022/10/7 6:40,131.4536383,47.02510567,5210182.935,458465.4278,0,0,FALSE,5.3,0,300
5568,2022/10/7 6:40,131.4536383,47.0251055,5210182.916,458465.4276,0,0,FALSE,5.3,0,300
5569,2022/10/7 6:40,131.4536385,47.0251055,5210182.916,458465.4428,0,0,FALSE,5.3,0,300
5570,2022/10/7 6:40,131.4536387,47.0251055,5210182.916,458465.458,0,0,FALSE,5.3,0,300
5571,2022/10/7 6:40,131.4536388,47.0251055,5210182.916,458465.4656,0,0,FALSE,5.3,0,300
5572,2022/10/7 6:40,131.453639,47.0251055,5210182.916,458465.4808,0,0,FALSE,5.3,0,300
5573,2022/10/7 6:40,131.4536392,47.02510533,5210182.897,458465.4959,0,0,FALSE,5.3,0,300
5574,2022/10/7 6:40,131.4536393,47.02510533,5210182.897,458465.5035,0,0,FALSE,5.3,0,300
5575,2022/10/7 6:40,131.4536395,47.0251055,5210182.916,458465.5188,0,0,FALSE,5.3,0,300
5576,2022/10/7 6:40,131.4536395,47.0251055,5210182.916,458465.5188,0,0,FALSE,5.3,0,300
5577,2022/10/7 6:40,131.4536397,47.0251055,5210182.916,458465.5341,0,0,FALSE,5.3,0,300
5578,2022/10/7 6:41,131.4536398,47.0251055,5210182.916,458465.5417,0,0,FALSE,5.3,0,300
5579,2022/10/7 6:41,131.4536398,47.02510583,5210182.952,458465.5419,0,0,FALSE,5.3,0,300
5580,2022/10/7 6:41,131.45364,47.025106,5210182.971,458465.5572,0,0,FALSE,5.3,0,300
5581,2022/10/7 6:41,131.45364,47.025106,5210182.971,458465.5572,0,0,FALSE,5.3,0,300
5582,2022/10/7 6:41,131.4536398,47.025106,5210182.971,458465.542,0,0,FALSE,5.3,0,300
5583,2022/10/7 6:41,131.4536397,47.02510617,5210182.99,458465.5346,0,0,FALSE,5.3,0,300
5584,2022/10/7 6:41,131.4536397,47.02510617,5210182.99,458465.5346,0,0,FALSE,5.3,0,300
5585,2022/10/7 6:41,131.4536397,47.02510617,5210182.99,458465.5346,0,0,FALSE,5.3,0,300
5586,2022/10/7 6:41,131.4536397,47.02510617,5210182.99,458465.5346,0,0,FALSE,5.3,0,300
5587,2022/10/7 6:41,131.4536395,47.02510633,5210183.008,458465.5195,0,0,FALSE,5.3,0,300
5588,2022/10/7 6:41,131.4536393,47.02510633,5210183.008,458465.5043,0,0,FALSE,5.3,0,300
5589,2022/10/7 6:41,131.4536393,47.02510633,5210183.008,458465.5043,0,0,FALSE,5.3,0,300
5590,2022/10/7 6:41,131.4536392,47.02510633,5210183.008,458465.4967,0,0,FALSE,5.3,0,300
5591,2022/10/7 6:41,131.4536392,47.02510617,5210182.99,458465.4966,0,0,FALSE,5.3,0,300
5592,2022/10/7 6:41,131.4536393,47.02510633,5210183.008,458465.5043,0,0,FALSE,5.3,0,300
5593,2022/10/7 6:42,131.4536393,47.02510633,5210183.008,458465.5043,0,0,FALSE,5.3,0,300
5594,2022/10/7 6:42,131.4536395,47.02510633,5210183.008,458465.5195,0,0,FALSE,5.3,0,300
5595,2022/10/7 6:42,131.4536395,47.02510633,5210183.008,458465.5195,0,0,FALSE,5.3,0,300
5596,2022/10/7 6:42,131.4536393,47.02510633,5210183.008,458465.5043,0,0,FALSE,5.3,0,300
5597,2022/10/7 6:42,131.4536395,47.02510633,5210183.008,458465.5195,0,0,FALSE,5.3,0,300
5598,2022/10/7 6:42,131.4536395,47.02510633,5210183.008,458465.5195,0,0,FALSE,5.3,0,300
5599,2022/10/7 6:42,131.4536395,47.02510633,5210183.008,458465.5195,0,0,FALSE,5.3,0,300
5600,2022/10/7 6:42,131.4536395,47.02510633,5210183.008,458465.5195,0,0,FALSE,5.3,0,300
5601,2022/10/7 6:42,131.4536395,47.02510633,5210183.008,458465.5195,0,0,FALSE,5.3,0,300
5602,2022/10/7 6:42,131.4536397,47.02510617,5210182.99,458465.5346,0,0,FALSE,5.3,0,300
5603,2022/10/7 6:42,131.4536397,47.02510617,5210182.99,458465.5346,0,0,FALSE,5.3,0,300
5604,2022/10/7 6:42,131.4536397,47.025106,5210182.971,458465.5344,0,0,FALSE,5.3,0,300
5605,2022/10/7 6:42,131.4536397,47.025106,5210182.971,458465.5344,0,0,FALSE,5.3,0,300
5606,2022/10/7 6:42,131.4536397,47.025106,5210182.971,458465.5344,0,0,FALSE,5.3,0,300
5607,2022/10/7 6:42,131.4536397,47.02510617,5210182.99,458465.5346,0,0,FALSE,5.3,0,300
5608,2022/10/7 6:43,131.4536397,47.02510617,5210182.99,458465.5346,0,0,FALSE,5.3,0,300
5609,2022/10/7 6:43,131.4536395,47.02510617,5210182.99,458465.5194,0,0,FALSE,5.3,0,300
5610,2022/10/7 6:43,131.4536395,47.02510633,5210183.008,458465.5195,0,0,FALSE,5.3,0,300
5611,2022/10/7 6:43,131.4536397,47.02510617,5210182.99,458465.5346,0,0,FALSE,5.3,0,300
5612,2022/10/7 6:43,131.4536397,47.02510617,5210182.99,458465.5346,0,0,FALSE,5.3,0,300
5613,2022/10/7 6:43,131.4536398,47.02510617,5210182.99,458465.5422,0,0,FALSE,5.3,0,300
5614,2022/10/7 6:43,131.45364,47.02510633,5210183.008,458465.5575,0,0,FALSE,5.3,0,300
5615,2022/10/7 6:43,131.4536402,47.02510633,5210183.008,458465.5727,0,0,FALSE,5.3,0,300
5616,2022/10/7 6:43,131.4536402,47.02510617,5210182.99,458465.5726,0,0,FALSE,5.3,0,300
5617,2022/10/7 6:43,131.4536403,47.02510617,5210182.99,458465.5802,0,0,FALSE,5.3,0,300
5618,2022/10/7 6:43,131.4536407,47.025106,5210182.971,458465.6105,0,0,FALSE,5.3,0,300
5619,2022/10/7 6:43,131.4536408,47.02510583,5210182.952,458465.6179,0,0,FALSE,5.3,0,300
5620,2022/10/7 6:43,131.4536408,47.02510583,5210182.952,458465.6179,0,0,FALSE,5.3,0,300
5621,2022/10/7 6:43,131.453641,47.02510567,5210182.934,458465.633,0,0,FALSE,5.3,0,300
5622,2022/10/7 6:43,131.453641,47.02510567,5210182.934,458465.633,0,0,FALSE,5.3,0,300
5623,2022/10/7 6:44,131.453641,47.02510567,5210182.934,458465.633,0,0,FALSE,5.3,0,300
5624,2022/10/7 6:44,131.453641,47.02510567,5210182.934,458465.633,0,0,FALSE,5.3,0,300
5625,2022/10/7 6:44,131.4536408,47.02510567,5210182.934,458465.6178,0,0,FALSE,5.3,0,300
5626,2022/10/7 6:44,131.4536408,47.02510567,5210182.934,458465.6178,0,0,FALSE,5.3,0,300
5627,2022/10/7 6:44,131.4536408,47.02510567,5210182.934,458465.6178,0,0,FALSE,5.3,0,300
5628,2022/10/7 6:44,131.453641,47.02510567,5210182.934,458465.633,0,0,FALSE,5.3,0,300
5629,2022/10/7 6:44,131.4536412,47.0251055,5210182.915,458465.6481,0,0,FALSE,5.3,0,300
5630,2022/10/7 6:44,131.4536412,47.0251055,5210182.915,458465.6481,0,0,FALSE,5.3,0,300
5631,2022/10/7 6:44,131.4536413,47.0251055,5210182.915,458465.6557,0,0,FALSE,5.3,0,300
5632,2022/10/7 6:44,131.4536413,47.02510533,5210182.896,458465.6556,0,0,FALSE,5.3,0,300
5633,2022/10/7 6:44,131.4536415,47.025105,5210182.859,458465.6705,0,0,FALSE,5.3,0,300
5634,2022/10/7 6:44,131.4536415,47.02510483,5210182.84,458465.6704,0,0,FALSE,5.3,0,300
5635,2022/10/7 6:44,131.4536417,47.02510483,5210182.84,458465.6856,0,0,FALSE,5.3,0,300
5636,2022/10/7 6:44,131.4536417,47.02510467,5210182.822,458465.6854,0,0,FALSE,5.3,0,300
5637,2022/10/7 6:44,131.4536417,47.0251045,5210182.803,458465.6853,0,0,FALSE,5.3,0,300
5638,2022/10/7 6:45,131.4536418,47.0251045,5210182.803,458465.6929,0,0,FALSE,5.3,0,300
5639,2022/10/7 6:45,131.4536418,47.02510433,5210182.785,458465.6928,0,0,FALSE,5.3,0,300
5640,2022/10/7 6:45,131.4536418,47.02510433,5210182.785,458465.6928,0,0,FALSE,5.3,0,300
5641,2022/10/7 6:45,131.4536417,47.02510417,5210182.767,458465.6851,0,0,FALSE,5.3,0,300
5642,2022/10/7 6:45,131.4536413,47.02510417,5210182.767,458465.6547,0,0,FALSE,5.3,0,300
5643,2022/10/7 6:45,131.4536412,47.02510417,5210182.767,458465.6471,0,0,FALSE,5.3,0,300
5644,2022/10/7 6:45,131.453641,47.02510417,5210182.767,458465.6318,0,0,FALSE,5.3,0,300
5645,2022/10/7 6:45,131.4536408,47.02510433,5210182.785,458465.6168,0,0,FALSE,5.3,0,300
5646,2022/10/7 6:45,131.4536408,47.02510417,5210182.767,458465.6166,0,0,FALSE,5.3,0,300
5647,2022/10/7 6:45,131.4536407,47.02510417,5210182.767,458465.609,0,0,FALSE,5.3,0,300
5648,2022/10/7 6:45,131.4536407,47.02510417,5210182.767,458465.609,0,0,FALSE,5.3,0,300
5649,2022/10/7 6:45,131.4536407,47.02510417,5210182.767,458465.609,0,0,FALSE,5.3,0,300
5650,2022/10/7 6:45,131.4536407,47.025104,5210182.748,458465.6089,0,0,FALSE,5.3,0,300
5651,2022/10/7 6:45,131.4536407,47.025104,5210182.748,458465.6089,0,0,FALSE,5.3,0,300
5652,2022/10/7 6:45,131.4536408,47.025104,5210182.748,458465.6165,0,0,FALSE,5.3,0,300
5653,2022/10/7 6:46,131.4536408,47.025104,5210182.748,458465.6165,0,0,FALSE,5.3,0,300
5654,2022/10/7 6:46,131.453641,47.025104,5210182.748,458465.6317,0,0,FALSE,5.3,0,300
5655,2022/10/7 6:46,131.453641,47.025104,5210182.748,458465.6317,0,0,FALSE,5.3,0,300
5656,2022/10/7 6:46,131.4536412,47.025104,5210182.748,458465.6469,0,0,FALSE,5.3,0,300
5657,2022/10/7 6:46,131.4536412,47.02510383,5210182.729,458465.6468,0,0,FALSE,5.3,0,300
5658,2022/10/7 6:46,131.4536413,47.02510383,5210182.729,458465.6544,0,0,FALSE,5.3,0,300
5659,2022/10/7 6:46,131.4536412,47.02510383,5210182.729,458465.6468,0,0,FALSE,5.3,0,300
5660,2022/10/7 6:46,131.453641,47.02510383,5210182.729,458465.6316,0,0,FALSE,5.3,0,300
5661,2022/10/7 6:46,131.453641,47.02510383,5210182.729,458465.6316,0,0,FALSE,5.3,0,300
5662,2022/10/7 6:46,131.453641,47.02510383,5210182.729,458465.6316,0,0,FALSE,5.3,0,300
5663,2022/10/7 6:46,131.4536408,47.02510367,5210182.712,458465.6163,0,0,FALSE,5.3,0,300
5664,2022/10/7 6:46,131.4536408,47.02510367,5210182.712,458465.6163,0,0,FALSE,5.3,0,300
5665,2022/10/7 6:46,131.4536408,47.0251035,5210182.693,458465.6161,0,0,FALSE,5.3,0,300
5666,2022/10/7 6:46,131.4536408,47.0251035,5210182.693,458465.6161,0,0,FALSE,5.3,0,300
5667,2022/10/7 6:46,131.4536408,47.02510333,5210182.674,458465.616,0,0,FALSE,5.3,0,300
5668,2022/10/7 6:47,131.4536407,47.02510317,5210182.656,458465.6083,0,0,FALSE,5.3,0,300
5669,2022/10/7 6:47,131.4536407,47.02510317,5210182.656,458465.6083,0,0,FALSE,5.3,0,300
5670,2022/10/7 6:47,131.4536408,47.025103,5210182.637,458465.6157,0,0,FALSE,5.3,0,300
5671,2022/10/7 6:47,131.4536408,47.02510283,5210182.618,458465.6156,0,0,FALSE,5.3,0,300
5672,2022/10/7 6:47,131.453641,47.02510283,5210182.618,458465.6308,0,0,FALSE,5.3,0,300
5673,2022/10/7 6:47,131.453641,47.02510267,5210182.6,458465.6307,0,0,FALSE,5.3,0,300
5674,2022/10/7 6:47,131.453641,47.02510267,5210182.6,458465.6307,0,0,FALSE,5.3,0,300
5675,2022/10/7 6:47,131.453641,47.02510267,5210182.6,458465.6307,0,0,FALSE,5.3,0,300
5676,2022/10/7 6:47,131.453641,47.02510267,5210182.6,458465.6307,0,0,FALSE,5.3,0,300
5677,2022/10/7 6:47,131.4536412,47.0251025,5210182.581,458465.6458,0,0,FALSE,5.3,0,300
5678,2022/10/7 6:47,131.4536412,47.0251025,5210182.581,458465.6458,0,0,FALSE,5.3,0,300
5679,2022/10/7 6:47,131.4536412,47.0251025,5210182.581,458465.6458,0,94.4,FALSE,5.3,0,300
5680,2022/10/7 6:47,131.4536412,47.02510233,5210182.563,458465.6456,0,0,FALSE,5.3,0,300
5681,2022/10/7 6:47,131.4536412,47.02510233,5210182.563,458465.6456,0,0,FALSE,5.3,0,300
5682,2022/10/7 6:47,131.4536412,47.02510217,5210182.545,458465.6455,0,0,FALSE,5.3,0,300
5683,2022/10/7 6:48,131.4536412,47.02510217,5210182.545,458465.6455,0,0,FALSE,5.3,0,300
5684,2022/10/7 6:48,131.4536413,47.025102,5210182.526,458465.653,0,0,FALSE,5.3,0,300
5685,2022/10/7 6:48,131.4536413,47.025102,5210182.526,458465.653,0,0,FALSE,5.3,0,300
5686,2022/10/7 6:48,131.4536415,47.02510183,5210182.507,458465.668,0,0,FALSE,5.3,0,300
5687,2022/10/7 6:48,131.4536415,47.02510183,5210182.507,458465.668,0,0,FALSE,5.3,0,300
5688,2022/10/7 6:48,131.4536415,47.02510183,5210182.507,458465.668,0,0,FALSE,5.3,0,300
5689,2022/10/7 6:48,131.4536415,47.025102,5210182.526,458465.6682,0,0,FALSE,5.3,0,300
5690,2022/10/7 6:48,131.4536415,47.02510183,5210182.507,458465.668,0,0,FALSE,5.3,0,300
5691,2022/10/7 6:48,131.4536415,47.025102,5210182.526,458465.6682,0,0,FALSE,5.3,0,300
5692,2022/10/7 6:48,131.4536415,47.02510183,5210182.507,458465.668,0,0,FALSE,5.3,0,300
5693,2022/10/7 6:48,131.4536415,47.02510183,5210182.507,458465.668,0,0,FALSE,5.3,0,300
5694,2022/10/7 6:49,131.4537753,47.025107,5210183.011,458475.8435,2.48168,113.5,TRUE,5.3,308,300
5695,2022/10/7 6:49,131.453821,47.0250975,5210181.93,458479.3103,3.74104,96.5,TRUE,5.3,276,300
5696,2022/10/7 6:49,131.4538672,47.02509033,5210181.109,458482.8169,4.05588,98.5,TRUE,5.3,369,300
5697,2022/10/7 6:49,131.453936,47.02508333,5210180.294,458488.0416,4.05588,96.8,TRUE,5.3,400,300
5698,2022/10/7 6:49,131.4540742,47.0250735,5210179.128,458498.54,3.83364,106.5,TRUE,5.3,400,300
5699,2022/10/7 6:49,131.454138,47.0250625,5210177.871,458503.3816,6.2042,83.7,TRUE,5.3,380,300
5700,2022/10/7 6:50,131.4542215,47.02506333,5210177.919,458509.7299,7.16724,93.2,TRUE,5.3,318,300
5701,2022/10/7 6:50,131.4543068,47.02508833,5210180.653,458516.2338,6.22272,90.6,TRUE,5.3,400,300
5702,2022/10/7 6:50,131.4543942,47.0250935,5210181.182,458522.8819,4.8152,88,TRUE,5.3,354,300
5703,2022/10/7 6:50,131.4544777,47.02510267,5210182.157,458529.2367,6.1116,85,TRUE,5.3,372,300
5704,2022/10/7 6:50,131.454556,47.02510633,5210182.522,458535.1919,4.77816,93.6,TRUE,5.3,233,300
5705,2022/10/7 6:50,131.4546425,47.02510367,5210182.181,458541.7656,6.07456,92.7,TRUE,5.3,400,300
5706,2022/10/7 6:50,131.4547445,47.02511117,5210182.961,458549.5255,5.0004,81.4,TRUE,5.3,261,300
5707,2022/10/7 6:50,131.4548352,47.02512483,5210184.431,458556.4311,6.2042,84.2,TRUE,5.3,263,300
5708,2022/10/7 6:50,131.4549283,47.02512533,5210184.438,458563.5089,6.6672,88.8,TRUE,5.3,400,300
5709,2022/10/7 6:50,131.4550072,47.02512183,5210184.007,458569.5042,5.50044,94.4,TRUE,5.3,311,300
5710,2022/10/7 6:50,131.4551003,47.02513833,5210185.792,458576.5944,6.3894,76,TRUE,5.3,377,300
5711,2022/10/7 6:50,131.4551835,47.02514683,5210186.693,458582.9259,6.33384,91.7,TRUE,5.3,389,300
5712,2022/10/7 6:50,131.4552595,47.025157,5210187.783,458588.7113,5.75972,78.5,TRUE,5.3,264,300
5713,2022/10/7 6:50,131.455345,47.025173,5210189.517,458595.2234,4.83372,78.3,TRUE,5.3,364,300
5714,2022/10/7 6:50,131.4554388,47.0251675,5210188.856,458602.3498,6.87092,81.4,TRUE,5.3,265,300
5715,2022/10/7 6:51,131.4555225,47.02518367,5210190.609,458608.7252,6.6672,70.9,TRUE,5.3,339,300
5716,2022/10/7 6:51,131.4556458,47.02519467,5210191.767,458618.1069,6.1116,82,TRUE,5.3,375,300
5717,2022/10/7 6:51,131.4557423,47.02521433,5210193.901,458625.4581,5.7412,78.4,TRUE,5.3,354,300
5718,2022/10/7 6:51,131.4558563,47.02521883,5210194.341,458634.1278,7.463561,93,TRUE,5.3,367,300
5719,2022/10/7 6:51,131.4559403,47.02522383,5210194.853,458640.5174,6.83388,81.4,TRUE,5.3,251,300
5720,2022/10/7 6:51,131.4560573,47.025228,5210195.255,458649.4149,6.14864,83.2,TRUE,5.3,376,300
5721,2022/10/7 6:51,131.4561683,47.02524333,5210196.9,458657.865,6.35236,80,TRUE,5.3,234,300
5722,2022/10/7 6:51,131.4562697,47.0252605,5210198.756,458665.5866,6.87092,75.3,TRUE,5.3,358,300
5723,2022/10/7 6:51,131.4563513,47.02526117,5210198.787,458671.7904,7.25984,88.5,TRUE,5.3,362,300
5724,2022/10/7 6:51,131.4564592,47.02528033,5210200.86,458680.0077,8.037681,82.2,TRUE,5.3,388,300
5725,2022/10/7 6:51,131.4565568,47.02528467,5210201.291,458687.4306,6.13012,80.5,TRUE,5.3,238,300
5726,2022/10/7 6:51,131.4566445,47.02529533,5210202.43,458694.1058,7.55616,81.9,TRUE,5.3,376,300
5727,2022/10/7 6:51,131.4567538,47.02530533,5210203.484,458702.4224,6.79684,77.9,TRUE,5.3,267,300
5728,2022/10/7 6:51,131.4568418,47.0253165,5210204.679,458709.1208,7.18576,87.3,TRUE,5.3,246,300
5729,2022/10/7 6:52,131.4569637,47.02532283,5210205.319,458718.3925,7.24132,83.1,TRUE,5.3,377,300
5730,2022/10/7 6:52,131.4570483,47.02533617,5210206.757,458724.8341,5.2782,76.3,TRUE,5.3,334,300
5731,2022/10/7 6:52,131.4571563,47.02534733,5210207.941,458733.0528,7.11168,81,TRUE,5.3,366,300
5732,2022/10/7 6:52,131.4572553,47.025348,5210207.963,458740.5793,6.46348,82.7,TRUE,5.3,260,300
5733,2022/10/7 6:52,131.4573383,47.02536417,5210209.717,458746.9014,7.1302,76.6,TRUE,5.3,400,300
5734,2022/10/7 6:52,131.4574477,47.02537083,5210210.4,458755.2231,6.1116,79.3,TRUE,5.3,210,300
5735,2022/10/7 6:52,131.4575623,47.025378,5210211.137,458763.9405,8.74144,76.7,TRUE,5.3,347,300
5736,2022/10/7 6:52,131.4576612,47.0253935,5210212.808,458771.4707,5.9264,78.8,TRUE,5.3,373,300
5737,2022/10/7 6:52,131.4577565,47.0254035,5210213.869,458778.7231,6.37088,98.9,TRUE,5.3,224,300
5738,2022/10/7 6:52,131.45784,47.02540417,5210213.9,458785.0713,7.05612,105.2,TRUE,5.3,257,300
5739,2022/10/7 6:52,131.4579132,47.0253815,5210211.341,458790.6185,6.40792,112.9,TRUE,5.3,271,300
5740,2022/10/7 6:52,131.457981,47.02536033,5210208.952,458795.7563,4.55592,112.8,TRUE,5.3,366,300
5741,2022/10/7 6:52,131.4580203,47.0253235,5210204.837,458798.7156,6.05604,157.7,TRUE,5.3,137,300
5742,2022/10/7 6:52,131.4580208,47.02529683,5210201.872,458798.733,1.87052,330.9,FALSE,5.3,0,300
5743,2022/10/7 6:52,131.4580003,47.02532817,5210205.367,458797.1988,4.18552,344.6,FALSE,5.3,0,300
5744,2022/10/7 6:53,131.4580018,47.02537583,5210210.664,458797.3495,4.63,341.9,FALSE,5.3,0,300
5745,2022/10/7 6:53,131.4580123,47.02542117,5210215.699,458798.1826,4.05588,357,FALSE,5.3,0,300
5746,2022/10/7 6:53,131.4580142,47.0254605,5210220.07,458798.3573,4.3522,357,FALSE,5.3,0,300
5747,2022/10/7 6:53,131.4580075,47.02550767,5210225.318,458797.8842,3.74104,21.1,FALSE,5.3,0,300
5748,2022/10/7 6:53,131.4580103,47.02551217,5210225.817,458798.1005,0,235,FALSE,5.3,0,300
5749,2022/10/7 6:53,131.4580112,47.02549633,5210224.055,458798.1568,3.48176,182,TRUE,5.3,268,300
5750,2022/10/7 6:53,131.4580322,47.025451,5210219.005,458799.7183,6.81536,179.9,TRUE,5.3,400,300
5751,2022/10/7 6:53,131.4580453,47.02539133,5210212.364,458800.6682,6.90796,182.2,TRUE,5.3,374,300
5752,2022/10/7 6:53,131.4580235,47.02532867,5210205.41,458798.9628,6.019,187.8,TRUE,5.3,372,300
5753,2022/10/7 6:53,131.4580135,47.0252645,5210198.281,458798.1532,6.3894,180.9,TRUE,5.3,395,300
5754,2022/10/7 6:53,131.4580062,47.02520183,5210191.318,458797.5501,6.31532,181.8,TRUE,5.3,400,300
5755,2022/10/7 6:53,131.4580192,47.02513217,5210183.567,458798.4847,6.70424,184.7,TRUE,5.3,368,300
5756,2022/10/7 6:53,131.4580107,47.02507317,5210177.012,458797.7932,5.90788,189.8,TRUE,5.3,400,300
5757,2022/10/7 6:53,131.4580195,47.0250075,5210169.707,458798.4116,6.42644,188.2,TRUE,5.3,390,300
5758,2022/10/7 6:53,131.4580358,47.0249475,5210163.028,458799.6046,6.61164,184.9,TRUE,5.3,391,300
5759,2022/10/7 6:54,131.458027,47.02489483,5210157.178,458798.8951,5.85232,201.7,TRUE,5.3,397,300
5760,2022/10/7 6:54,131.458009,47.02484167,5210151.277,458797.4858,6.68572,217.1,TRUE,5.3,393,300
5761,2022/10/7 6:54,131.4579618,47.0247875,5210145.28,458793.8559,6.42644,213.1,TRUE,5.3,399,300
5762,2022/10/7 6:54,131.4579317,47.02472617,5210138.478,458791.5205,6.3894,165.3,TRUE,5.3,376,300
5763,2022/10/7 6:54,131.4580055,47.024641,5210128.97,458797.0653,5.75972,144.6,TRUE,5.3,399,300
5764,2022/10/7 6:54,131.4580593,47.02458467,5210122.68,458801.1119,4.59296,181.6,TRUE,5.3,313,300
5765,2022/10/7 6:54,131.4580523,47.02452817,5210116.402,458800.5363,6.09308,182.9,TRUE,5.3,400,300
5766,2022/10/7 6:54,131.4580388,47.0244695,5210109.887,458799.4649,7.20428,187.8,TRUE,5.3,365,300
5767,2022/10/7 6:54,131.4580182,47.024399,5210102.06,458797.8446,6.74128,190,TRUE,5.3,400,300
5768,2022/10/7 6:54,131.4580173,47.02432683,5210094.038,458797.7206,6.63016,189.8,TRUE,5.3,400,300
5769,2022/10/7 6:54,131.4580138,47.02426067,5210086.684,458797.4037,6.68572,179.4,TRUE,5.3,379,300
5770,2022/10/7 6:54,131.4580005,47.02419067,5210078.909,458796.3387,7.05612,190.1,TRUE,5.3,400,300
5771,2022/10/7 6:54,131.4580075,47.02411917,5210070.957,458796.8158,7.25984,180.6,TRUE,5.3,398,300
5772,2022/10/7 6:54,131.458,47.0240415,5210062.326,458796.1859,7.51912,176.5,TRUE,5.3,400,300
5773,2022/10/7 6:54,131.4580005,47.023979,5210055.378,458796.1758,6.019,182.3,TRUE,5.3,374,300
5774,2022/10/7 6:55,131.4579978,47.02390267,5210046.894,458795.9118,8.27844,183.6,TRUE,5.3,400,300
5775,2022/10/7 6:55,131.457997,47.023817,5210037.37,458795.7851,8.167319,183.8,TRUE,5.3,365,300
5776,2022/10/7 6:55,131.4579873,47.02373417,5210028.167,458794.984,8.9822,187.7,TRUE,5.3,371,300
5777,2022/10/7 6:55,131.457986,47.0236435,5210018.088,458794.8154,8.22288,182.8,TRUE,5.3,369,300
5778,2022/10/7 6:55,131.457976,47.02355267,5210007.995,458793.9853,8.37104,187.6,TRUE,5.3,376,300
5779,2022/10/7 6:55,131.4579743,47.02347117,5209998.936,458793.7933,8.64884,187.3,TRUE,5.3,395,300
5780,2022/10/7 6:55,131.4579828,47.02338417,5209989.259,458794.3726,9.00072,183,TRUE,5.3,377,300
5781,2022/10/7 6:55,131.4579907,47.0233025,5209980.176,458794.9103,8.185841,182.4,TRUE,5.3,374,300
5782,2022/10/7 6:55,131.4579745,47.02321117,5209970.031,458793.6084,8.55624,185.4,TRUE,5.3,400,300
5783,2022/10/7 6:55,131.4579632,47.02312117,5209960.032,458792.6801,8.63032,188.1,TRUE,5.3,398,300
5784,2022/10/7 6:55,131.4579678,47.02303883,5209950.875,458792.9665,8.85256,183.8,TRUE,5.3,395,300
5785,2022/10/7 6:55,131.457972,47.0229595,5209942.054,458793.2247,8.185841,186.6,TRUE,5.3,392,300
5786,2022/10/7 6:55,131.4579577,47.02288417,5209933.687,458792.0796,7.98212,190.1,TRUE,5.3,400,300
5787,2022/10/7 6:55,131.4579532,47.02279633,5209923.924,458791.6699,9.14888,186.7,TRUE,5.3,364,300
5788,2022/10/7 6:55,131.4579483,47.02270967,5209914.293,458791.2307,8.185841,186,TRUE,5.3,396,300
5789,2022/10/7 6:56,131.457942,47.02262583,5209904.975,458790.6873,6.92648,179.6,TRUE,5.3,374,300
5790,2022/10/7 6:56,131.4579273,47.022546,5209896.108,458789.5083,7.74136,183.4,TRUE,5.3,400,300
5791,2022/10/7 6:56,131.4579117,47.0224555,5209886.056,458788.2527,9.26,186.5,TRUE,5.3,369,300
5792,2022/10/7 6:56,131.4578958,47.02236267,5209875.744,458786.9725,7.871,185.2,TRUE,5.3,366,300
5793,2022/10/7 6:56,131.4578967,47.022275,5209865.997,458786.9734,8.09324,184,TRUE,5.3,393,300
5794,2022/10/7 6:56,131.4578818,47.02220067,5209857.742,458785.7835,7.42652,188,TRUE,5.3,361,300
5795,2022/10/7 6:56,131.4578537,47.02210767,5209847.418,458783.5756,7.57468,186.7,TRUE,5.3,396,300
5796,2022/10/7 6:56,131.4578338,47.0220145,5209837.07,458781.991,7.29688,181.6,TRUE,5.3,400,300
5797,2022/10/7 6:56,131.4578342,47.02193817,5209828.584,458781.9627,7.83396,186.6,TRUE,5.3,360,300
5798,2022/10/7 6:56,131.4578173,47.02186533,5209820.496,458780.6218,7.9636,182.8,TRUE,5.3,400,300
5799,2022/10/7 6:56,131.4578193,47.021798,5209813.009,458780.722,7.2228,178.5,TRUE,5.3,255,300
5800,2022/10/7 6:56,131.4578882,47.021735,5209805.969,458785.9116,5.51896,88.2,FALSE,5.3,0,300
5801,2022/10/7 6:56,131.457874,47.0217225,5209804.587,458784.8225,5.42636,269.3,FALSE,5.3,0,300
5802,2022/10/7 6:56,131.4577935,47.02172633,5209805.055,458778.7054,5.8338,276.8,FALSE,5.3,0,300
5803,2022/10/7 6:56,131.4577743,47.0217395,5209806.53,458777.2559,8.27844,98.3,FALSE,5.3,0,300
5804,2022/10/7 6:57,131.4579143,47.02176617,5209809.421,458787.9199,7.0376,27.8,FALSE,5.3,0,300
5805,2022/10/7 6:57,131.4579728,47.02182267,5209815.671,458792.4108,6.68572,13.2,TRUE,5.3,205,300
5806,2022/10/7 6:57,131.4579962,47.02188417,5209822.496,458794.2371,4.96336,5.6,TRUE,5.3,260,300
5807,2022/10/7 6:57,131.4580092,47.02194783,5209829.566,458795.2744,5.61156,9.2,TRUE,5.3,400,300
5808,2022/10/7 6:57,131.4580232,47.02201233,5209836.729,458796.3884,6.5746,12.2,TRUE,5.3,400,300
5809,2022/10/7 6:57,131.4580393,47.0220755,5209843.744,458797.661,6.61164,13.4,TRUE,5.3,376,300
5810,2022/10/7 6:57,131.4580657,47.02214267,5209851.197,458799.7197,7.61172,7.6,TRUE,5.3,365,300
5811,2022/10/7 6:57,131.4580698,47.02222617,5209860.478,458800.0956,8.50068,8.1,TRUE,5.3,380,300
5812,2022/10/7 6:57,131.4580782,47.02231083,5209869.885,458800.7994,7.53764,13.7,TRUE,5.3,371,300
5813,2022/10/7 6:57,131.45809,47.02238583,5209878.217,458801.7541,7.5006,11.1,TRUE,5.3,364,300
5814,2022/10/7 6:57,131.458092,47.02245633,5209886.053,458801.9604,7.72284,5,TRUE,5.3,394,300
5815,2022/10/7 6:57,131.4581128,47.02252817,5209894.029,458803.597,7.6858,14.1,TRUE,5.3,383,300
5816,2022/10/7 6:57,131.4581238,47.02261783,5209903.99,458804.5022,7.704319,2.4,TRUE,5.3,390,300
5817,2022/10/7 6:57,131.4581193,47.02269717,5209912.813,458804.2211,8.1488,2.7,TRUE,5.3,367,300
5818,2022/10/7 6:57,131.4581377,47.02275933,5209919.714,458805.6678,6.98204,3.7,TRUE,5.3,362,300
5819,2022/10/7 6:58,131.4581682,47.02283967,5209928.629,458808.0483,7.3154,9.7,TRUE,5.3,367,300
5820,2022/10/7 6:58,131.4581668,47.0229065,5209936.06,458807.9933,8.4266,3.8,TRUE,5.3,372,300
5821,2022/10/7 6:58,131.4581523,47.02299317,5209945.702,458806.9576,8.55624,7.2,TRUE,5.3,400,300
5822,2022/10/7 6:58,131.4581463,47.0230685,5209954.08,458806.5594,6.7598,5.8,TRUE,5.3,376,300
5823,2022/10/7 6:58,131.4581618,47.02314117,5209962.151,458807.7937,7.25984,5.6,TRUE,5.3,394,300
5824,2022/10/7 6:58,131.4581552,47.023222,5209971.14,458807.3541,6.46348,357.6,TRUE,5.3,400,300
5825,2022/10/7 6:58,131.458151,47.02330667,5209980.555,458807.0999,7.25984,4.5,TRUE,5.3,392,300
5826,2022/10/7 6:58,131.458164,47.02338433,5209989.182,458808.148,7.42652,358,TRUE,5.3,400,300
5827,2022/10/7 6:58,131.458145,47.0234505,5209996.548,458806.7544,7.1302,6.8,TRUE,5.3,399,300
5828,2022/10/7 6:58,131.4581702,47.02350017,5210002.057,458808.7084,7.48208,6.1,TRUE,5.3,400,300
5829,2022/10/7 6:58,131.4581837,47.02355583,5210008.237,458809.7775,6.40792,8.7,TRUE,5.3,400,300
5830,2022/10/7 6:58,131.458193,47.0236435,5210017.979,458810.552,6.77832,8.8,TRUE,5.3,400,300
5831,2022/10/7 6:58,131.4581883,47.023709,5210025.263,458810.245,4.4448,4.6,TRUE,5.3,400,300
5832,2022/10/7 6:58,131.4581965,47.023775,5210032.596,458810.9192,5.51896,3.9,TRUE,5.3,396,300
5833,2022/10/7 6:58,131.4581828,47.023841,5210039.94,458809.9285,5.96344,5.2,TRUE,5.3,400,300
5834,2022/10/7 6:59,131.4581855,47.02390683,5210047.257,458810.1843,6.81536,11.6,TRUE,5.3,400,300
5835,2022/10/7 6:59,131.4581962,47.02398317,5210055.738,458811.0565,6.1116,0.6,TRUE,5.3,394,300
5836,2022/10/7 6:59,131.4581922,47.02404517,5210062.633,458810.8001,5.9264,357.6,TRUE,5.3,400,300
5837,2022/10/7 6:59,131.4581978,47.024106,5210069.393,458811.2726,7.25984,0.4,TRUE,5.3,376,300
5838,2022/10/7 6:59,131.4581987,47.02419667,5210079.472,458811.4108,8.00064,355.6,TRUE,5.3,400,300
5839,2022/10/7 6:59,131.458201,47.02426433,5210086.993,458811.6377,7.72284,354.3,TRUE,5.3,400,300
5840,2022/10/7 6:59,131.4581925,47.02433483,5210094.835,458811.0457,7.64876,6.4,TRUE,5.3,395,300
5841,2022/10/7 6:59,131.4581803,47.02441067,5210103.272,458810.1766,6.61164,5.9,TRUE,5.3,389,300
5842,2022/10/7 6:59,131.4581612,47.024486,5210111.657,458808.7825,7.778399,0.1,TRUE,5.3,400,300
5843,2022/10/7 6:59,131.458161,47.024563,5210120.217,458808.8265,5.0004,0.4,TRUE,5.3,349,300
5844,2022/10/7 6:59,131.4581733,47.02460333,5210124.694,458809.7926,0,0.9,FALSE,5.3,0,300
5845,2022/10/7 6:59,131.4581713,47.02460567,5210124.956,458809.6424,0,0,FALSE,5.3,0,300
5846,2022/10/7 6:59,131.4581702,47.02460433,5210124.807,458809.5577,2.81504,170.9,FALSE,5.3,0,300
5847,2022/10/7 6:59,131.4581717,47.02455433,5210119.248,458809.6333,4.94484,206,FALSE,5.3,0,300
5848,2022/10/7 6:59,131.4581148,47.02453333,5210116.943,458805.2916,4.85224,267.6,FALSE,5.3,0,300
5849,2022/10/7 7:00,131.4580592,47.02454183,5210117.917,458801.0713,4.03736,111,FALSE,5.3,0,300
5850,2022/10/7 7:00,131.4580968,47.024521,5210115.582,458803.9137,3.4262,139.7,TRUE,5.3,122,300
5851,2022/10/7 7:00,131.4581047,47.0244805,5210111.075,458804.4831,3.9818,180.2,TRUE,5.3,361,300
5852,2022/10/7 7:00,131.458092,47.02442167,5210104.542,458803.4724,5.70416,184.2,TRUE,5.3,371,300
5853,2022/10/7 7:00,131.4580902,47.02436183,5210097.89,458803.2895,6.13012,192.2,TRUE,5.3,399,300
5854,2022/10/7 7:00,131.4580933,47.024309,5210092.015,458803.4845,5.63008,183.4,TRUE,5.3,400,300
5855,2022/10/7 7:00,131.4580855,47.02425667,5210086.202,458802.8513,5.20412,182.1,TRUE,5.3,400,300
5856,2022/10/7 7:00,131.4581032,47.02419567,5210079.411,458804.15,6.019,187.4,TRUE,5.3,364,300
5857,2022/10/7 7:00,131.4581113,47.02414433,5210073.699,458804.7262,5.94492,181.8,TRUE,5.3,400,300
5858,2022/10/7 7:00,131.4581147,47.0240925,5210067.936,458804.9448,6.92648,181,TRUE,5.3,389,300
5859,2022/10/7 7:00,131.4581188,47.02402633,5210060.577,458805.2056,7.0376,174.9,TRUE,5.3,393,300
5860,2022/10/7 7:00,131.4581382,47.0239545,5210052.582,458806.6252,7.408,182.5,TRUE,5.3,396,300
5861,2022/10/7 7:00,131.4581303,47.02388017,5210044.323,458805.9674,7.53764,182.9,TRUE,5.3,397,300
5862,2022/10/7 7:00,131.4581307,47.0238125,5210036.799,458805.9458,7.66728,190.4,TRUE,5.3,366,300
5863,2022/10/7 7:00,131.4581187,47.023757,5210030.636,458804.9908,7.704319,184.8,TRUE,5.3,400,300
5864,2022/10/7 7:01,131.458109,47.02368433,5210022.562,458804.1975,8.4266,196.3,TRUE,5.3,393,300
5865,2022/10/7 7:01,131.4581128,47.02361417,5210014.76,458804.4324,7.2228,182.3,TRUE,5.3,377,300
5866,2022/10/7 7:01,131.4580968,47.02356067,5210008.821,458803.1749,7.25984,190,TRUE,5.3,400,300
5867,2022/10/7 7:01,131.4580827,47.02349,5210000.972,458802.0486,7.889521,192.5,TRUE,5.3,400,300
5868,2022/10/7 7:01,131.4580638,47.023398,5209990.754,458800.541,7.44504,188.5,TRUE,5.3,400,300
5869,2022/10/7 7:01,131.4580848,47.02332067,5209982.146,458802.078,7.64876,187.6,TRUE,5.3,374,300
5870,2022/10/7 7:01,131.4580795,47.02324867,5209974.145,458801.6197,7.64876,186.7,TRUE,5.3,367,300
5871,2022/10/7 7:01,131.458074,47.02318417,5209966.977,458801.1519,7.29688,183.5,TRUE,5.3,370,300
5872,2022/10/7 7:01,131.4580727,47.0231025,5209957.899,458800.9903,7.00056,186.2,TRUE,5.3,398,300
5873,2022/10/7 7:01,131.4580543,47.023032,5209950.071,458799.5372,6.63016,185.5,TRUE,5.3,394,300
5874,2022/10/7 7:01,131.4580542,47.0229675,5209942.9,458799.48,7.25984,191.6,TRUE,5.3,400,300
5875,2022/10/7 7:01,131.4580522,47.02289733,5209935.1,458799.274,6.53756,194.8,TRUE,5.3,400,300
5876,2022/10/7 7:01,131.4580445,47.0228135,5209925.785,458798.6241,7.51912,190.8,TRUE,5.3,373,300
5877,2022/10/7 7:01,131.4580498,47.02272467,5209915.907,458798.9587,6.55608,181.2,TRUE,5.3,361,300
5878,2022/10/7 7:01,131.45806,47.02265,5209907.6,458799.6767,7.14872,189.3,TRUE,5.3,372,300
5879,2022/10/7 7:02,131.45806,47.0225715,5209898.873,458799.6163,5.94492,186.7,TRUE,5.3,366,300
5880,2022/10/7 7:02,131.458055,47.02250383,5209891.353,458799.1841,6.44496,185.2,TRUE,5.3,366,300
5881,2022/10/7 7:02,131.4580505,47.02243867,5209884.112,458798.7918,7.01908,192.9,TRUE,5.3,400,300
5882,2022/10/7 7:02,131.458036,47.0223635,5209875.763,458797.6317,7.27836,189.2,TRUE,5.3,400,300
5883,2022/10/7 7:02,131.4580248,47.02226567,5209864.893,458796.7049,6.22272,185.9,TRUE,5.3,395,300
5884,2022/10/7 7:02,131.4580227,47.0222015,5209857.76,458796.4959,6.07456,186.9,TRUE,5.3,400,300
5885,2022/10/7 7:02,131.4580247,47.02212817,5209849.607,458796.5915,6.1116,189.1,TRUE,5.3,371,300
5886,2022/10/7 7:02,131.4580188,47.022049,5209840.808,458796.0821,7.64876,187.5,TRUE,5.3,400,300
5887,2022/10/7 7:02,131.4580157,47.02197667,5209832.769,458795.7908,7.0376,188.5,TRUE,5.3,374,300
5888,2022/10/7 7:02,131.4580042,47.02190583,5209824.9,458794.862,5.33376,192.5,TRUE,5.3,269,300
5889,2022/10/7 7:02,131.4579925,47.02184867,5209818.551,458793.9285,7.408,162.2,TRUE,5.3,75,300
5890,2022/10/7 7:02,131.4580453,47.021801,5209813.224,458797.9059,2.66688,315.9,FALSE,5.3,0,300
5891,2022/10/7 7:02,131.4579802,47.0218165,5209814.981,458792.9686,4.38924,280.4,FALSE,5.3,0,300
5892,2022/10/7 7:02,131.4580115,47.02180117,5209813.261,458795.3364,6.64868,80.3,FALSE,5.3,0,300
5893,2022/10/7 7:02,131.458118,47.02182717,5209816.095,458803.4531,5.88936,27.6,FALSE,5.3,0,300
5894,2022/10/7 7:03,131.4581312,47.02188483,5209822.498,458804.5009,6.03752,354.1,FALSE,5.3,0,300
5895,2022/10/7 7:03,131.458136,47.02190867,5209825.146,458804.8842,5.01892,356.5,TRUE,5.3,400,300
5896,2022/10/7 7:03,131.45815,47.0219605,5209830.901,458805.9884,5.4634,13.4,TRUE,5.3,400,300
5897,2022/10/7 7:03,131.4581732,47.022013,5209836.725,458807.7926,6.482,10.4,TRUE,5.3,383,300
5898,2022/10/7 7:03,131.4581897,47.0220855,5209844.776,458809.1027,6.83388,8.2,TRUE,5.3,396,300
5899,2022/10/7 7:03,131.4581935,47.02215817,5209852.853,458809.4475,7.61172,12.7,TRUE,5.3,400,300
5900,2022/10/7 7:03,131.4582235,47.022219,5209859.6,458811.775,6.77832,8.2,TRUE,5.3,395,300
5901,2022/10/7 7:03,131.4582292,47.02229367,5209867.898,458812.2658,7.16724,10.2,TRUE,5.3,400,300
5902,2022/10/7 7:03,131.4582347,47.022366,5209875.936,458812.7396,6.18568,2.5,TRUE,5.3,400,300
5903,2022/10/7 7:03,131.458245,47.02244067,5209884.232,458813.58,8.519199,10,TRUE,5.3,400,300
5904,2022/10/7 7:03,131.4582623,47.02251133,5209892.078,458814.9496,7.14872,8.9,TRUE,5.3,372,300
5905,2022/10/7 7:03,131.4582902,47.02258217,5209899.939,458817.1251,6.8524,14.7,TRUE,5.3,396,300
5906,2022/10/7 7:03,131.4583013,47.02265367,5209907.881,458818.024,7.29688,7.1,TRUE,5.3,400,300
5907,2022/10/7 7:03,131.4582975,47.02272233,5209915.516,458817.7879,6.25976,359.5,TRUE,5.3,380,300
5908,2022/10/7 7:03,131.4583085,47.02279467,5209923.553,458818.6798,7.66728,7.8,TRUE,5.3,398,300
5909,2022/10/7 7:04,131.4583012,47.022873,5209932.265,458818.185,6.24124,6,TRUE,5.3,400,300
5910,2022/10/7 7:04,131.4582938,47.0229425,5209939.995,458817.6759,5.94492,3.9,TRUE,5.3,400,300
5911,2022/10/7 7:04,131.4582928,47.02300883,5209947.369,458817.6509,5.556,3.2,TRUE,5.3,400,300
5912,2022/10/7 7:04,131.4582885,47.0230635,5209953.449,458817.366,6.53756,2.6,TRUE,5.3,400,300
5913,2022/10/7 7:04,131.4582908,47.02312767,5209960.582,458817.5902,6.42644,1.6,TRUE,5.3,400,300
5914,2022/10/7 7:04,131.4582857,47.023205,5209969.182,458817.262,7.2228,0.9,TRUE,5.3,400,300
5915,2022/10/7 7:04,131.458274,47.02327283,5209976.728,458816.4247,6.24124,359.9,TRUE,5.3,367,300
5916,2022/10/7 7:04,131.458277,47.02332867,5209982.935,458816.6957,5.88936,2.9,TRUE,5.3,395,300
5917,2022/10/7 7:04,131.4582862,47.02339833,5209990.674,458817.4487,5.4634,353,TRUE,5.3,398,300
5918,2022/10/7 7:04,131.4582993,47.02345733,5209997.226,458818.49,6.33384,352.9,TRUE,5.3,376,300
5919,2022/10/7 7:04,131.4582943,47.02353317,5210005.66,458818.1682,7.00056,0.8,TRUE,5.3,400,300
5920,2022/10/7 7:04,131.4582862,47.02360433,5210013.575,458817.6071,6.27828,346.2,TRUE,5.3,375,300
5921,2022/10/7 7:04,131.458281,47.02367117,5210021.009,458817.2632,6.7598,351,TRUE,5.3,385,300
5922,2022/10/7 7:04,131.4582683,47.0237485,5210029.612,458816.3572,7.16724,0.9,TRUE,5.3,373,300
5923,2022/10/7 7:04,131.4582645,47.02380917,5210036.359,458816.115,6.81536,354.3,TRUE,5.3,373,300
5924,2022/10/7 7:05,131.4582643,47.02384567,5210040.417,458816.1278,0,201.6,FALSE,5.3,0,300
5925,2022/10/7 7:05,131.4582743,47.0238155,5210037.057,458816.8648,6.46348,188.3,TRUE,5.3,117,300
5926,2022/10/7 7:05,131.4582348,47.02376317,5210031.261,458813.8217,5.07448,225.2,FALSE,5.3,0,300
5927,2022/10/7 7:05,131.4581435,47.02373667,5210028.363,458806.8605,0.463,241.9,FALSE,5.3,0,300
5928,2022/10/7 7:05,131.458194,47.0237405,5210028.762,458810.7026,6.14864,135.2,FALSE,5.3,0,300
5929,2022/10/7 7:05,131.4581902,47.02369633,5210023.853,458810.3797,7.98212,188.6,FALSE,5.3,0,300
5930,2022/10/7 7:05,131.458153,47.0236265,5210016.11,458807.498,8.13028,184.9,TRUE,5.3,365,300
5931,2022/10/7 7:05,131.4581517,47.02353633,5210006.086,458807.3298,8.01916,182.6,TRUE,5.3,371,300
5932,2022/10/7 7:05,131.4581642,47.0234565,5209997.205,458808.2187,7.94508,179.4,TRUE,5.3,400,300
5933,2022/10/7 7:05,131.4581738,47.02337667,5209988.325,458808.8871,8.315479,185.7,TRUE,5.3,399,300
5934,2022/10/7 7:05,131.4581795,47.023298,5209979.576,458809.2599,7.463561,177.8,TRUE,5.3,400,300
5935,2022/10/7 7:05,131.4581775,47.02322367,5209971.314,458809.0507,7.63024,179.8,TRUE,5.3,400,300
5936,2022/10/7 7:05,131.4581925,47.02315617,5209963.802,458810.1391,7.72284,179,TRUE,5.3,400,300
5937,2022/10/7 7:05,131.458194,47.02307033,5209954.258,458810.1871,7.07464,175.5,TRUE,5.3,400,300
5938,2022/10/7 7:05,131.4581897,47.022992,5209945.553,458809.8,7.778399,180.8,TRUE,5.3,400,300
5939,2022/10/7 7:06,131.4581958,47.02291567,5209937.064,458810.205,8.167319,185.7,TRUE,5.3,400,300
5940,2022/10/7 7:06,131.4582053,47.022842,5209928.869,458810.8706,8.81552,187.7,TRUE,5.3,400,300
5941,2022/10/7 7:06,131.458205,47.02276883,5209920.735,458810.7915,7.57468,182.5,TRUE,5.3,376,300
5942,2022/10/7 7:06,131.4581875,47.02269117,5209912.11,458809.4013,8.315479,189.6,TRUE,5.3,400,300
5943,2022/10/7 7:06,131.4581687,47.0226125,5209903.374,458807.9116,7.79692,183.6,TRUE,5.3,400,300
5944,2022/10/7 7:06,131.4581542,47.02253883,5209895.192,458806.7526,6.79684,190.9,TRUE,5.3,396,300
5945,2022/10/7 7:06,131.4581523,47.02246933,5209887.467,458806.5547,8.11176,189.7,TRUE,5.3,400,300
5946,2022/10/7 7:06,131.458137,47.02239667,5209879.397,458805.3356,7.72284,188.1,TRUE,5.3,400,300
5947,2022/10/7 7:06,131.4581235,47.02233317,5209872.345,458804.2604,6.482,185.5,TRUE,5.3,400,300
5948,2022/10/7 7:06,131.4581165,47.0222665,5209864.937,458803.677,6.53756,194,TRUE,5.3,397,300
5949,2022/10/7 7:06,131.4581215,47.022196,5209857.096,458804.0029,7.29688,186.6,TRUE,5.3,400,300
5950,2022/10/7 7:06,131.4581218,47.02212067,5209848.722,458803.9677,7.07464,188.6,TRUE,5.3,400,300
5951,2022/10/7 7:06,131.4581297,47.02204867,5209840.713,458804.5129,7.37096,201.7,TRUE,5.3,400,300
5952,2022/10/7 7:06,131.458131,47.02198517,5209833.653,458804.5629,7.16724,196.6,TRUE,5.3,400,300
5953,2022/10/7 7:06,131.4581302,47.0219205,5209826.464,458804.4524,4.77816,184,TRUE,5.3,400,300
5954,2022/10/7 7:07,131.4581272,47.02185717,5209819.425,458804.1756,6.05604,162,TRUE,5.3,381,300
5955,2022/10/7 7:07,131.458194,47.02179517,5209812.498,458809.2063,5.0004,97.4,FALSE,5.3,0,300
5956,2022/10/7 7:07,131.458277,47.0217895,5209811.824,458815.512,6.98204,61.6,FALSE,5.3,0,300
5957,2022/10/7 7:07,131.4583308,47.02182233,5209815.445,458819.6274,2.64836,196.7,FALSE,5.3,0,300
5958,2022/10/7 7:07,131.4583125,47.02178167,5209810.934,458818.2049,0.70376,200.9,FALSE,5.3,0,300
5959,2022/10/7 7:07,131.4583173,47.02178233,5209811.005,458818.5703,0,0,FALSE,5.3,0,300
5960,2022/10/7 7:07,131.4583187,47.02179267,5209812.154,458818.6847,1.79644,14.4,FALSE,5.3,0,300
5961,2022/10/7 7:07,131.4583063,47.0218085,5209813.92,458817.7542,0,0,FALSE,5.3,0,300
5962,2022/10/7 7:07,131.4583032,47.021815,5209814.645,458817.5235,0,0,FALSE,5.3,0,300
5963,2022/10/7 7:07,131.4583253,47.02186233,5209819.895,458819.24,5.31524,12.9,TRUE,5.3,360,300
5964,2022/10/7 7:07,131.458353,47.02191567,5209825.81,458821.3869,4.51888,2.3,TRUE,5.3,400,300
5965,2022/10/7 7:07,131.4583852,47.02195867,5209830.574,458823.868,4.87076,2.3,TRUE,5.3,400,300
5966,2022/10/7 7:07,131.4584038,47.0219965,5209834.769,458825.3111,5.57452,3.2,TRUE,5.3,397,300
5967,2022/10/7 7:07,131.4583968,47.02205833,5209841.647,458824.8265,5.42636,0.6,TRUE,5.3,400,300
5968,2022/10/7 7:07,131.4583862,47.02211817,5209848.305,458824.0667,6.6672,2.8,TRUE,5.3,400,300
5969,2022/10/7 7:08,131.4583805,47.022188,5209856.071,458823.687,5.85232,2.5,TRUE,5.3,395,300
5970,2022/10/7 7:08,131.4583777,47.02226533,5209864.669,458823.5336,6.03752,354.4,TRUE,5.3,400,300
5971,2022/10/7 7:08,131.458366,47.022353,5209874.422,458822.7115,7.72284,2.7,TRUE,5.3,400,300
5972,2022/10/7 7:08,131.4583558,47.022434,5209883.432,458821.9984,7.20428,3.5,TRUE,5.3,400,300
5973,2022/10/7 7:08,131.4583717,47.02251583,5209892.521,458823.2701,6.98204,358.1,TRUE,5.3,400,300
5974,2022/10/7 7:08,131.4583875,47.02257683,5209899.294,458824.5181,5.4634,2.3,TRUE,5.3,400,300
5975,2022/10/7 7:08,131.4583822,47.0226535,5209907.82,458824.1742,7.44504,359.6,TRUE,5.3,400,300
5976,2022/10/7 7:08,131.4583745,47.02274083,5209917.533,458823.6559,6.50052,0.8,TRUE,5.3,374,300
5977,2022/10/7 7:08,131.4583262,47.02279867,5209923.988,458820.0285,5.1856,348.3,TRUE,5.3,397,300
5978,2022/10/7 7:08,131.458335,47.0228435,5209928.967,458820.7319,0,359.5,FALSE,5.3,0,300
5979,2022/10/7 7:08,131.4583348,47.022815,5209925.799,458820.6948,4.8152,185.1,FALSE,5.3,0,300
5980,2022/10/7 7:08,131.4582943,47.02277417,5209921.281,458817.5845,5.8338,231.1,FALSE,5.3,0,300
5981,2022/10/7 7:08,131.4581858,47.02277583,5209921.523,458809.3372,0.48152,263.6,FALSE,5.3,0,300
5982,2022/10/7 7:08,131.4581987,47.022781,5209922.091,458810.3219,5.72268,107.1,FALSE,5.3,0,300
5983,2022/10/7 7:08,131.4582242,47.02273817,5209917.316,458812.2276,6.2042,184.4,FALSE,5.3,0,300
5984,2022/10/7 7:09,131.4582137,47.0226895,5209911.911,458811.3919,6.59312,186.1,TRUE,5.3,400,300
5985,2022/10/7 7:09,131.4582187,47.02263417,5209905.757,458811.7294,7.38948,185.2,TRUE,5.3,400,300
5986,2022/10/7 7:09,131.4582307,47.022559,5209897.394,458812.5839,8.167319,179.3,TRUE,5.3,395,300
5987,2022/10/7 7:09,131.4582377,47.02247467,5209888.015,458813.0512,8.334,180.9,TRUE,5.3,400,300
5988,2022/10/7 7:09,131.458235,47.0223895,5209878.548,458812.7804,7.81544,180.8,TRUE,5.3,400,300
5989,2022/10/7 7:09,131.4582332,47.02231517,5209870.286,458812.5864,7.44504,178.1,TRUE,5.3,375,300
5990,2022/10/7 7:09,131.4582373,47.022245,5209862.483,458812.8442,7.55616,187.1,TRUE,5.3,369,300
5991,2022/10/7 7:09,131.4582338,47.02216867,5209853.999,458812.5194,7.53764,187.3,TRUE,5.3,400,300
5992,2022/10/7 7:09,131.4582245,47.02208683,5209844.906,458811.7494,8.46364,190.5,TRUE,5.3,400,300
5993,2022/10/7 7:09,131.458211,47.02201483,5209836.908,458810.6677,7.79692,186.6,TRUE,5.3,395,300
5994,2022/10/7 7:09,131.4582038,47.02194333,5209828.964,458810.0653,7.25984,180.9,TRUE,5.3,400,300
5995,2022/10/7 7:09,131.4581947,47.021881,5209822.039,458809.3256,5.20412,188.4,TRUE,5.3,268,300
5996,2022/10/7 7:09,131.4581793,47.02184417,5209817.953,458808.1265,2.79652,225,TRUE,5.3,359,300
5997,2022/10/7 7:09,131.4581483,47.02181517,5209814.745,458805.7474,5.3708,233.4,TRUE,5.3,266,300
5998,2022/10/7 7:09,131.4580882,47.02181317,5209814.554,458801.1768,6.482,264,TRUE,5.3,400,300
5999,2022/10/7 7:10,131.4580857,47.02181733,5209815.018,458800.9899,0,0,FALSE,5.3,0,300
6000,2022/10/7 7:10,131.4581638,47.021831,5209816.497,458806.9379,4.57444,82.5,FALSE,5.3,0,300
6001,2022/10/7 7:10,131.4582453,47.0218525,5209818.844,458813.1505,4.87076,80.9,FALSE,5.3,0,300
6002,2022/10/7 7:10,131.4583027,47.02185067,5209818.61,458817.5129,0.70376,77.4,FALSE,5.3,0,300
6003,2022/10/7 7:10,131.4582952,47.02184883,5209818.41,458816.9413,0,0,FALSE,5.3,0,300
6004,2022/10/7 7:10,131.4582675,47.0218455,5209818.054,458814.8329,5.24116,281.4,TRUE,5.3,357,300
6005,2022/10/7 7:10,131.4581847,47.021836,5209817.042,458808.5307,4.57444,258,TRUE,5.3,400,300
6006,2022/10/7 7:10,131.4581202,47.0218255,5209815.908,458803.619,4.11144,276.2,TRUE,5.3,370,300
6007,2022/10/7 7:10,131.4580575,47.021835,5209816.997,458798.8596,4.18552,268.7,TRUE,5.3,355,300
6008,2022/10/7 7:10,131.4580042,47.02183717,5209817.267,458794.8091,3.87068,273.4,TRUE,5.3,400,300
6009,2022/10/7 7:10,131.4579393,47.02182933,5209816.429,458789.8691,5.35228,271.5,TRUE,5.3,384,300
6010,2022/10/7 7:10,131.4578717,47.0218275,5209816.261,458784.7284,4.42628,269.8,TRUE,5.3,400,300
6011,2022/10/7 7:10,131.457798,47.02181367,5209814.763,458779.1147,4.61148,276.2,TRUE,5.3,398,300
6012,2022/10/7 7:10,131.4577325,47.02179533,5209812.758,458774.121,4.20404,270.9,TRUE,5.3,368,300
6013,2022/10/7 7:10,131.4576725,47.02177717,5209810.771,458769.5455,4.96336,269.6,TRUE,5.3,390,300
6014,2022/10/7 7:11,131.457602,47.02176267,5209809.196,458764.1746,5.8338,266.7,TRUE,5.3,400,300
6015,2022/10/7 7:11,131.4575313,47.02174783,5209807.584,458758.7882,4.7226,271,TRUE,5.3,400,300
6016,2022/10/7 7:11,131.4574617,47.02173583,5209806.286,458753.4877,5.20412,268.2,TRUE,5.3,372,300
6017,2022/10/7 7:11,131.4573945,47.0217325,5209805.951,458748.3762,4.7226,274,TRUE,5.3,397,300
6018,2022/10/7 7:11,131.4573165,47.0217245,5209805.103,458742.4401,6.63016,264.8,TRUE,5.3,400,300
6019,2022/10/7 7:11,131.4572302,47.02171267,5209803.833,458735.87,5.50044,264.7,TRUE,5.3,366,300
6020,2022/10/7 7:11,131.4571405,47.0217045,5209802.972,458729.0443,5.88936,263.4,TRUE,5.3,398,300
6021,2022/10/7 7:11,131.4570537,47.021698,5209802.296,458722.4403,6.51904,274.4,TRUE,5.3,366,300
6022,2022/10/7 7:11,131.4569592,47.021687,5209801.122,458715.2475,5.77824,265.8,TRUE,5.3,400,300
6023,2022/10/7 7:11,131.4568678,47.02167533,5209799.873,458708.2898,6.5746,264.3,TRUE,5.3,389,300
6024,2022/10/7 7:11,131.4567712,47.02165433,5209797.59,458700.9296,6.27828,261.1,TRUE,5.3,400,300
6025,2022/10/7 7:11,131.4566778,47.0216445,5209796.546,458693.8213,6.42644,266.5,TRUE,5.3,369,300
6026,2022/10/7 7:11,131.4565833,47.02163883,5209795.966,458686.6325,5.94492,271.1,TRUE,5.3,400,300
6027,2022/10/7 7:11,131.4565003,47.02163,5209795.028,458680.3156,6.98204,263.7,TRUE,5.3,398,300
6028,2022/10/7 7:11,131.4564063,47.02162017,5209793.985,458673.1617,6.40792,266.5,TRUE,5.3,395,300
6029,2022/10/7 7:12,131.4563167,47.02161383,5209793.327,458666.345,6.87092,273.1,TRUE,5.3,395,300
6030,2022/10/7 7:12,131.4562245,47.02160867,5209792.802,458659.3315,6.81536,269.9,TRUE,5.3,394,300
6031,2022/10/7 7:12,131.4561328,47.02159933,5209791.812,458652.3528,5.75972,264.7,TRUE,5.3,400,300
6032,2022/10/7 7:12,131.4560417,47.02159333,5209791.193,458645.4222,5.87084,260.1,TRUE,5.3,377,300
6033,2022/10/7 7:12,131.4559535,47.02158067,5209789.832,458638.707,6.25976,264.6,TRUE,5.3,368,300
6034,2022/10/7 7:12,131.4558608,47.021574,5209789.14,458631.6544,6.1116,268.8,TRUE,5.3,400,300
6035,2022/10/7 7:12,131.4557728,47.02156817,5209788.538,458624.9596,6.64868,266.8,TRUE,5.3,400,300
6036,2022/10/7 7:12,131.4556778,47.0215695,5209788.736,458617.7383,6.61164,270,TRUE,5.3,367,300
6037,2022/10/7 7:12,131.4555855,47.02156317,5209788.081,458610.7163,6.00048,264.3,TRUE,5.3,392,300
6038,2022/10/7 7:12,131.4554945,47.02154883,5209786.535,458603.7869,5.3708,268.8,TRUE,5.3,399,300
6039,2022/10/7 7:12,131.4554057,47.0215445,5209786.101,458597.0325,6.74128,269.3,TRUE,5.3,400,300
6040,2022/10/7 7:12,131.4553165,47.021532,5209784.758,458590.2414,5.98196,269.8,TRUE,5.3,371,300
6041,2022/10/7 7:12,131.4552205,47.0215195,5209783.419,458582.9333,7.25984,269.9,TRUE,5.3,399,300
6042,2022/10/7 7:12,131.4551275,47.02150983,5209782.394,458575.8555,6.51904,267.8,TRUE,5.3,352,300
6043,2022/10/7 7:12,131.4550327,47.02150217,5209781.592,458568.6424,5.88936,267.6,TRUE,5.3,366,300
6044,2022/10/7 7:13,131.4549397,47.02149283,5209780.603,458561.5648,6.88944,270,TRUE,5.3,400,300
6045,2022/10/7 7:13,131.4548428,47.02148,5209779.228,458554.188,6.59312,265.6,TRUE,5.3,369,300
6046,2022/10/7 7:13,131.4547418,47.02147233,5209778.429,458546.5035,6.5746,268,TRUE,5.3,369,300
6047,2022/10/7 7:13,131.4546497,47.02146633,5209777.811,458539.497,6.42644,263,TRUE,5.3,400,300
6048,2022/10/7 7:13,131.454556,47.0214595,5209777.101,458532.3681,5.75972,264.9,TRUE,5.3,400,300
6049,2022/10/7 7:13,131.4544623,47.0214595,5209777.15,458525.2445,6.24124,268.8,TRUE,5.3,400,300
6050,2022/10/7 7:13,131.4543355,47.021451,5209776.273,458515.5979,5.81528,265,TRUE,5.3,358,300
6051,2022/10/7 7:13,131.4542525,47.0214335,5209774.371,458509.2743,5.66712,261.8,TRUE,5.3,400,300
6052,2022/10/7 7:13,131.4541638,47.02141867,5209772.769,458502.5193,6.70424,263.7,TRUE,5.3,380,300
6053,2022/10/7 7:13,131.454074,47.02141233,5209772.112,458495.6873,5.98196,263.8,TRUE,5.3,400,300
6054,2022/10/7 7:13,131.4539855,47.0214045,5209771.289,458488.953,5.87084,274.1,TRUE,5.3,400,300
6055,2022/10/7 7:13,131.4539087,47.02139367,5209770.125,458483.1059,5.57452,275.7,TRUE,5.3,400,300
6056,2022/10/7 7:13,131.453818,47.02138733,5209769.469,458476.2055,6.019,267.1,TRUE,5.3,392,300
6057,2022/10/7 7:13,131.4537537,47.02140417,5209771.375,458471.3301,5.11152,325.3,TRUE,5.3,400,300
6058,2022/10/7 7:13,131.4537378,47.0214395,5209775.311,458470.1487,0.62968,339.3,TRUE,5.3,264,300
6059,2022/10/7 7:14,131.4537397,47.02143933,5209775.291,458470.293,0,0,FALSE,5.3,0,300
6060,2022/10/7 7:14,131.4537375,47.02143617,5209774.941,458470.1233,0,0,FALSE,5.3,0,300
6061,2022/10/7 7:14,131.4537537,47.02139833,5209770.726,458471.3256,4.29664,176.2,FALSE,5.3,0,300
6062,2022/10/7 7:14,131.4537807,47.02136517,5209767.025,458473.3525,0,0,FALSE,5.3,0,300
6063,2022/10/7 7:14,131.4537832,47.02136467,5209766.968,458473.5422,0,0,FALSE,5.3,0,300
6064,2022/10/7 7:14,131.453782,47.02136383,5209766.875,458473.4503,0,86.9,FALSE,5.3,0,300
6065,2022/10/7 7:14,131.4537815,47.02136333,5209766.82,458473.4119,4.57444,3.4,TRUE,5.3,395,300
6066,2022/10/7 7:14,131.4537895,47.02140617,5209771.578,458474.0534,5.01892,359.8,TRUE,5.3,270,300
6067,2022/10/7 7:14,131.4537983,47.021449,5209776.335,458474.7556,4.79668,10.7,TRUE,5.3,382,300
6068,2022/10/7 7:14,131.453817,47.02148233,5209780.03,458476.2031,4.167,17.7,TRUE,5.3,363,300
6069,2022/10/7 7:14,131.4538258,47.02152767,5209785.066,458476.9073,4.2596,26.9,TRUE,5.3,363,300
6070,2022/10/7 7:14,131.4538253,47.02157933,5209790.81,458476.9093,4.50036,9,TRUE,5.3,364,300
6071,2022/10/7 7:14,131.4538115,47.02163517,5209797.025,458475.9035,4.87076,332.7,FALSE,5.3,0,300
6072,2022/10/7 7:14,131.4537863,47.02165933,5209799.724,458474.0064,0,0,FALSE,5.3,0,300
6073,2022/10/7 7:14,131.453744,47.0216755,5209801.544,458470.8031,3.44472,285.8,FALSE,5.3,0,300
6074,2022/10/7 7:15,131.4536582,47.02168783,5209802.96,458464.2897,3.704,232.8,FALSE,5.3,0,300
6075,2022/10/7 7:15,131.4536002,47.02168933,5209803.158,458459.8814,0,219.9,FALSE,5.3,0,300
6076,2022/10/7 7:15,131.45361,47.02172183,5209806.766,458460.6516,0.51856,38.4,FALSE,5.3,0,300
6077,2022/10/7 7:15,131.4536015,47.02171333,5209805.825,458459.9988,3.83364,183.1,FALSE,5.3,0,300
6078,2022/10/7 7:15,131.4535907,47.02166,5209799.902,458459.1364,4.77816,170.5,FALSE,5.3,0,300
6079,2022/10/7 7:15,131.4535772,47.02159833,5209793.053,458458.0622,6.53756,179.3,FALSE,5.3,0,300
6080,2022/10/7 7:15,131.4535637,47.02152383,5209784.778,458456.9781,7.55616,173.4,FALSE,5.3,0,300
6081,2022/10/7 7:15,131.4535698,47.02145033,5209776.604,458457.3848,6.90796,179.1,FALSE,5.3,0,300
6082,2022/10/7 7:15,131.4535562,47.02138283,5209769.107,458456.2985,6.5746,182.7,FALSE,5.3,0,300
