序列号,GPS时间,经度,纬度,x,y,速度(km/h),航向,工作状态,幅宽(m),深度(mm),深度标准值
4441,2022/10/19 7:16,131.4217785,47.02183067,5209836.242,456040.7539,3.07432,280.6,FALSE,5.3,0,300
4442,2022/10/19 7:16,131.4217132,47.0218385,5209837.149,456035.7959,2.75948,275.8,FALSE,5.3,0,300
4443,2022/10/19 7:16,131.421681,47.0218325,5209836.5,456033.343,0.44448,273.5,FALSE,5.3,0,300
4444,2022/10/19 7:16,131.4216853,47.02183333,5209836.59,456033.6706,0,0,FALSE,5.3,0,300
4445,2022/10/19 7:17,131.421683,47.02182817,5209836.017,456033.4915,0,0,FALSE,5.3,0,300
4446,2022/10/19 7:17,131.4216763,47.021829,5209836.114,456032.9828,0,0,FALSE,5.3,0,300
4447,2022/10/19 7:17,131.4216758,47.0218275,5209835.947,456032.9435,0,0,FALSE,5.3,0,300
4448,2022/10/19 7:17,131.4216202,47.02183317,5209836.609,456028.7212,3.9818,271.1,TRUE,5.3,400,300
4449,2022/10/19 7:17,131.4215413,47.02182767,5209836.041,456022.7183,2.07424,278.7,TRUE,5.3,400,300
4450,2022/10/19 7:17,131.4214812,47.02182617,5209835.908,456018.148,1.50012,289.8,TRUE,5.3,400,300
4451,2022/10/19 7:17,131.4214425,47.02182667,5209835.986,456015.2063,3.38916,283,TRUE,5.3,400,300
4452,2022/10/19 7:17,131.4213992,47.02182533,5209835.861,456011.9133,3.5188,277.7,TRUE,5.3,400,300
4453,2022/10/19 7:17,131.4213892,47.02182667,5209836.016,456011.1542,0,0,FALSE,5.3,0,300
4454,2022/10/19 7:17,131.4213705,47.02182683,5209836.044,456009.7326,3.59288,281.9,TRUE,5.3,400,300
4455,2022/10/19 7:17,131.4213017,47.02182933,5209836.361,456004.5042,2.61132,283.9,TRUE,5.3,309,300
4456,2022/10/19 7:17,131.421232,47.02182633,5209836.066,455999.2028,3.75956,282.3,TRUE,5.3,374,300
4457,2022/10/19 7:17,131.421167,47.02183067,5209836.585,455994.2647,4.46332,283.4,TRUE,5.3,363,300
4458,2022/10/19 7:17,131.4211062,47.02182767,5209836.286,455989.64,4.20404,277.5,TRUE,5.3,400,300
4459,2022/10/19 7:17,131.421066,47.02183833,5209837.494,455986.5925,0.61116,274.6,TRUE,5.3,400,300
4460,2022/10/19 7:18,131.4210537,47.02183567,5209837.205,455985.6553,0,278.2,FALSE,5.3,0,300
4461,2022/10/19 7:18,131.4209962,47.021834,5209837.051,455981.2825,3.72252,274.8,TRUE,5.3,292,300
4462,2022/10/19 7:18,131.4209308,47.02182917,5209836.551,455976.3065,2.20388,290.8,TRUE,5.3,357,300
4463,2022/10/19 7:18,131.4208777,47.021825,5209836.118,455972.2661,1.1112,0,TRUE,5.3,400,300
4464,2022/10/19 7:18,131.4208413,47.02181183,5209834.674,455969.488,4.37072,277.7,TRUE,5.3,248,300
4465,2022/10/19 7:18,131.4207702,47.02182167,5209835.808,455964.0907,3.27804,291.5,FALSE,5.3,0,300
4466,2022/10/19 7:18,131.4207325,47.02184733,5209838.682,455961.2457,3.62992,324,FALSE,5.3,0,300
4467,2022/10/19 7:18,131.4207245,47.02186917,5209841.114,455960.6555,0,318.2,FALSE,5.3,0,300
4468,2022/10/19 7:18,131.4207198,47.02187783,5209842.079,455960.3053,0.68524,5.4,FALSE,5.3,0,300
4469,2022/10/19 7:18,131.4207115,47.0218755,5209841.825,455959.6723,0,0,FALSE,5.3,0,300
4470,2022/10/19 7:18,131.420699,47.02183967,5209837.849,455958.6926,4.40776,184.2,FALSE,5.3,0,300
4471,2022/10/19 7:18,131.4207025,47.02182667,5209836.402,455958.948,0,58,FALSE,5.3,0,300
4472,2022/10/19 7:18,131.4207002,47.02182533,5209836.254,455958.772,0,89.4,FALSE,5.3,0,300
4473,2022/10/19 7:18,131.4207002,47.02184483,5209838.422,455958.788,4.37072,338.4,FALSE,5.3,0,300
4474,2022/10/19 7:18,131.4206622,47.0219,5209844.577,455955.9445,5.3708,289,FALSE,5.3,0,300
4475,2022/10/19 7:19,131.4205807,47.02191033,5209845.771,455949.757,4.42628,262.1,FALSE,5.3,0,300
4476,2022/10/19 7:19,131.4204982,47.021902,5209844.891,455943.4781,4.92632,268.8,FALSE,5.3,0,300
4477,2022/10/19 7:19,131.4204183,47.02189933,5209844.639,455937.4015,4.83372,279.2,FALSE,5.3,0,300
4478,2022/10/19 7:19,131.4203615,47.02190783,5209845.616,455933.0903,4.70408,314.9,FALSE,5.3,0,300
4479,2022/10/19 7:19,131.420347,47.02193083,5209848.181,455932.0069,2.98172,9.7,TRUE,5.3,117,300
4480,2022/10/19 7:19,131.4203518,47.021895,5209844.195,455932.3423,4.7226,171.2,FALSE,5.3,0,300
4481,2022/10/19 7:19,131.4203488,47.02184317,5209838.435,455932.0716,4.00032,174.5,FALSE,5.3,0,300
4482,2022/10/19 7:19,131.4203493,47.02182317,5209836.211,455932.0931,0,148.7,FALSE,5.3,0,300
4483,2022/10/19 7:19,131.4203512,47.02182167,5209836.043,455932.2364,0,0,FALSE,5.3,0,300
4484,2022/10/19 7:19,131.4203518,47.02182317,5209836.21,455932.2832,0,0,FALSE,5.3,0,300
4485,2022/10/19 7:19,131.4203517,47.02182467,5209836.377,455932.2768,0,0,FALSE,5.3,0,300
4486,2022/10/19 7:19,131.4203522,47.02182483,5209836.394,455932.315,0,0,FALSE,5.3,0,300
4487,2022/10/19 7:19,131.4203543,47.02182433,5209836.337,455932.4742,0,83.3,FALSE,5.3,0,300
4488,2022/10/19 7:19,131.4203548,47.02182617,5209836.542,455932.5137,4.64852,12,TRUE,5.3,400,300
4489,2022/10/19 7:19,131.4203765,47.021892,5209843.848,455934.2177,4.83372,14.2,TRUE,5.3,400,300
4490,2022/10/19 7:20,131.4203832,47.02194517,5209849.755,455934.7708,4.79668,19.2,TRUE,5.3,397,300
4491,2022/10/19 7:20,131.4203772,47.02200083,5209855.946,455934.3604,5.16708,4.5,TRUE,5.3,400,300
4492,2022/10/19 7:20,131.420386,47.02205667,5209862.149,455935.0754,5.66712,2.2,TRUE,5.3,400,300
4493,2022/10/19 7:20,131.4203872,47.022114,5209868.522,455935.2138,5.87084,10.4,TRUE,5.3,400,300
4494,2022/10/19 7:20,131.4203803,47.0221705,5209874.807,455934.7357,5.35228,10.8,TRUE,5.3,400,300
4495,2022/10/19 7:20,131.4203998,47.02222117,5209880.429,455936.2599,4.33368,16.5,TRUE,5.3,400,300
4496,2022/10/19 7:20,131.4204128,47.022275,5209886.406,455937.2925,6.24124,10.8,TRUE,5.3,400,300
4497,2022/10/19 7:20,131.4204167,47.02233833,5209893.444,455937.6411,4.77816,11.2,TRUE,5.3,400,300
4498,2022/10/19 7:20,131.4204418,47.0223875,5209898.896,455939.5897,6.90796,7.4,TRUE,5.3,400,300
4499,2022/10/19 7:20,131.4204528,47.02244,5209904.727,455940.4692,6.61164,10,TRUE,5.3,400,300
4500,2022/10/19 7:20,131.4204602,47.02249817,5209911.189,455941.0796,4.48184,12,TRUE,5.3,400,300
4501,2022/10/19 7:20,131.4204718,47.02254567,5209916.463,455942.0006,6.25976,5.9,TRUE,5.3,400,300
4502,2022/10/19 7:20,131.420486,47.02260117,5209922.625,455943.1258,4.33368,7.5,TRUE,5.3,400,300
4503,2022/10/19 7:20,131.4204938,47.02265433,5209928.531,455943.7625,4.8152,8.2,TRUE,5.3,400,300
4504,2022/10/19 7:20,131.4204988,47.02271733,5209935.532,455944.1944,5.50044,4.6,TRUE,5.3,400,300
4505,2022/10/19 7:21,131.4205092,47.0227825,5209942.771,455945.0387,5.9264,15.4,TRUE,5.3,400,300
4506,2022/10/19 7:21,131.4205193,47.02285183,5209950.473,455945.8636,7.05612,7.7,TRUE,5.3,400,300
4507,2022/10/19 7:21,131.420531,47.0229045,5209956.321,455946.7964,5.79676,14.9,TRUE,5.3,400,300
4508,2022/10/19 7:21,131.420548,47.02297167,5209963.779,455948.144,6.2968,11.7,TRUE,5.3,400,300
4509,2022/10/19 7:21,131.4205512,47.02304533,5209971.966,455948.4479,6.92648,12.6,TRUE,5.3,357,300
4510,2022/10/19 7:21,131.4205642,47.02310933,5209979.074,455949.4888,6.00048,11.1,TRUE,5.3,400,300
4511,2022/10/19 7:21,131.42057,47.02317167,5209986.001,455949.981,7.35244,11.6,TRUE,5.3,400,300
4512,2022/10/19 7:21,131.4205817,47.02324467,5209994.11,455950.9306,6.88944,14.2,TRUE,5.3,400,300
4513,2022/10/19 7:21,131.4205908,47.023313,5210001.701,455951.6786,7.20428,11.8,TRUE,5.3,400,300
4514,2022/10/19 7:21,131.420597,47.02338217,5210009.387,455952.2068,6.63016,12.6,TRUE,5.3,400,300
4515,2022/10/19 7:21,131.4205957,47.023451,5210017.04,455952.1646,6.6672,5.8,TRUE,5.3,400,300
4516,2022/10/19 7:21,131.4206088,47.02352267,5210025,455953.2194,7.2228,7.2,TRUE,5.3,400,300
4517,2022/10/19 7:21,131.4206187,47.02358717,5210032.165,455954.0251,5.1856,15.7,TRUE,5.3,400,300
4518,2022/10/19 7:21,131.4206282,47.02366283,5210040.571,455954.8095,5.35228,10.1,TRUE,5.3,400,300
4519,2022/10/19 7:21,131.4206377,47.023727,5210047.7,455955.5845,6.6672,8.6,TRUE,5.3,400,300
4520,2022/10/19 7:22,131.4206562,47.02379483,5210055.23,455957.0467,6.98204,12.9,TRUE,5.3,400,300
4521,2022/10/19 7:22,131.4206767,47.02386717,5210063.26,455958.6647,6.46348,8.2,TRUE,5.3,400,300
4522,2022/10/19 7:22,131.4206818,47.023941,5210071.465,455959.1131,7.3154,9.9,TRUE,5.3,400,300
4523,2022/10/19 7:22,131.420691,47.02401117,5210079.261,455959.8702,6.482,10.1,TRUE,5.3,400,300
4524,2022/10/19 7:22,131.4207062,47.02407617,5210086.479,455961.0792,6.16716,9.9,TRUE,5.3,400,300
4525,2022/10/19 7:22,131.4207247,47.024135,5210093.008,455962.534,8.27844,14.3,TRUE,5.3,400,300
4526,2022/10/19 7:22,131.4207375,47.02419133,5210099.263,455963.5534,7.11168,12,TRUE,5.3,400,300
4527,2022/10/19 7:22,131.4207443,47.02426883,5210107.875,455964.1341,6.8524,10.6,TRUE,5.3,400,300
4528,2022/10/19 7:22,131.4207437,47.0243455,5210116.399,455964.1515,5.57452,6.3,TRUE,5.3,400,300
4529,2022/10/19 7:22,131.4207512,47.02442083,5210124.769,455964.7836,7.0376,10.7,TRUE,5.3,400,300
4530,2022/10/19 7:22,131.4207652,47.024501,5210133.674,455965.9138,7.05612,12.9,TRUE,5.3,400,300
4531,2022/10/19 7:22,131.420769,47.02456717,5210141.028,455966.2571,7.42652,6.5,TRUE,5.3,400,300
4532,2022/10/19 7:22,131.4207855,47.0246395,5210149.06,455967.5709,9.9082,3.5,TRUE,5.3,400,300
4533,2022/10/19 7:22,131.420787,47.0247285,5210158.953,455967.7581,8.037681,2.9,TRUE,5.3,395,300
4534,2022/10/19 7:22,131.4208035,47.024816,5210168.671,455969.0844,8.22288,8.5,TRUE,5.3,400,300
4535,2022/10/19 7:23,131.420822,47.02490217,5210178.241,455970.5617,8.25992,8.2,TRUE,5.3,400,300
4536,2022/10/19 7:23,131.420824,47.0249845,5210187.392,455970.7814,7.63024,6.7,TRUE,5.3,400,300
4537,2022/10/19 7:23,131.420835,47.0250635,5210196.169,455971.6826,8.315479,6,TRUE,5.3,400,300
4538,2022/10/19 7:23,131.4208558,47.02514383,5210205.087,455973.3298,8.037681,12.9,TRUE,5.3,400,300
4539,2022/10/19 7:23,131.420876,47.025229,5210214.544,455974.9355,7.5932,12.1,TRUE,5.3,394,300
4540,2022/10/19 7:23,131.4208763,47.0253105,5210223.605,455975.0253,7.29688,7.9,TRUE,5.3,374,300
4541,2022/10/19 7:23,131.4208898,47.025402,5210233.769,455976.1268,7.778399,3.2,TRUE,5.3,400,300
4542,2022/10/19 7:23,131.4208998,47.02549383,5210243.972,455976.9625,8.27844,13.1,TRUE,5.3,400,300
4543,2022/10/19 7:23,131.4209013,47.025575,5210252.995,455977.1432,7.81544,7.5,TRUE,5.3,400,300
4544,2022/10/19 7:23,131.4209027,47.0256585,5210262.277,455977.3183,8.50068,10.6,TRUE,5.3,400,300
4545,2022/10/19 7:23,131.4209187,47.0257095,5210267.938,455978.5765,9.019239,9.7,TRUE,5.3,400,300
4546,2022/10/19 7:23,131.420947,47.02577683,5210275.407,455980.7832,6.96352,14.2,TRUE,5.3,400,300
4547,2022/10/19 7:23,131.4209553,47.0258525,5210283.815,455981.4764,7.09316,12.8,TRUE,5.3,400,300
4548,2022/10/19 7:23,131.4209633,47.02593317,5210292.778,455982.1509,7.98212,9.7,TRUE,5.3,400,300
4549,2022/10/19 7:23,131.4209862,47.02602333,5210302.789,455983.9658,7.25984,6.9,TRUE,5.3,400,300
4550,2022/10/19 7:24,131.4209935,47.02608833,5210310.011,455984.5742,8.537721,6.7,TRUE,5.3,400,300
4551,2022/10/19 7:24,131.4209815,47.02617183,5210319.3,455983.7306,8.29696,8.9,TRUE,5.3,400,300
4552,2022/10/19 7:24,131.420994,47.02625267,5210328.28,455984.7473,8.037681,5.3,TRUE,5.3,400,300
4553,2022/10/19 7:24,131.4210177,47.0262805,5210331.361,455986.5718,0,160.6,FALSE,5.3,0,300
4554,2022/10/19 7:24,131.4210162,47.02628217,5210331.547,455986.4591,0,0,FALSE,5.3,0,300
4555,2022/10/19 7:24,131.4210095,47.0262805,5210331.365,455985.9484,0,0,FALSE,5.3,0,300
4556,2022/10/19 7:24,131.4210032,47.026282,5210331.536,455985.4708,0,0,FALSE,5.3,0,300
4557,2022/10/19 7:24,131.4210065,47.02628167,5210331.497,455985.7214,0,0,FALSE,5.3,0,300
4558,2022/10/19 7:24,131.4210082,47.02628,5210331.311,455985.8492,0,0,FALSE,5.3,0,300
4559,2022/10/19 7:24,131.4210093,47.02627917,5210331.218,455985.9321,0,0,FALSE,5.3,0,300
4560,2022/10/19 7:24,131.4210163,47.02629333,5210332.788,455986.4759,4.27812,14.4,TRUE,5.3,400,300
4561,2022/10/19 7:24,131.4210452,47.02633917,5210337.868,455988.7105,6.18568,19,TRUE,5.3,400,300
4562,2022/10/19 7:24,131.4210702,47.02641767,5210346.581,455990.6755,6.68572,20.2,TRUE,5.3,400,300
4563,2022/10/19 7:24,131.4210802,47.02648417,5210353.968,455991.4903,5.59304,352.8,TRUE,5.3,400,300
4564,2022/10/19 7:24,131.4210683,47.02654383,5210360.607,455990.6348,5.70416,8.1,TRUE,5.3,400,300
4565,2022/10/19 7:25,131.4210923,47.02660767,5210367.691,455992.5117,5.98196,8.3,TRUE,5.3,400,300
4566,2022/10/19 7:25,131.4211112,47.02667017,5210374.628,455993.9998,5.16708,8.1,TRUE,5.3,400,300
4567,2022/10/19 7:25,131.4211252,47.0267355,5210381.883,455995.1177,6.77832,14.2,TRUE,5.3,380,300
4568,2022/10/19 7:25,131.4211217,47.02681717,5210390.965,455994.9188,7.16724,9.8,TRUE,5.3,400,300
4569,2022/10/19 7:25,131.4211125,47.02689,5210399.066,455994.2793,7.81544,8.4,TRUE,5.3,400,300
4570,2022/10/19 7:25,131.421126,47.02697367,5210408.36,455995.3743,6.16716,5,TRUE,5.3,400,300
4571,2022/10/19 7:25,131.421143,47.02704383,5210416.151,455996.7242,6.92648,10.8,TRUE,5.3,400,300
4572,2022/10/19 7:25,131.4211675,47.02711033,5210423.53,455998.6413,6.03752,10.2,TRUE,5.3,400,300
4573,2022/10/19 7:25,131.421173,47.02718917,5210432.291,455999.1242,6.945,13.2,TRUE,5.3,400,300
4574,2022/10/19 7:25,131.4211555,47.02727317,5210441.639,455997.8629,6.53756,4.1,TRUE,5.3,400,300
4575,2022/10/19 7:25,131.4211687,47.02734133,5210449.209,455998.9223,6.46348,11.5,TRUE,5.3,400,300
4576,2022/10/19 7:25,131.4211778,47.02742317,5210458.303,455999.6814,7.27836,7,TRUE,5.3,400,300
4577,2022/10/19 7:25,131.4212,47.027495,5210466.276,456001.4279,7.14872,8.8,TRUE,5.3,400,300
4578,2022/10/19 7:25,131.421213,47.027568,5210474.384,456002.4762,7.16724,9,TRUE,5.3,400,300
4579,2022/10/19 7:25,131.4212108,47.02764883,5210483.371,456002.3753,5.8338,10.1,TRUE,5.3,400,300
4580,2022/10/19 7:26,131.421222,47.02773183,5210492.592,456003.2949,7.18576,11,TRUE,5.3,400,300
4581,2022/10/19 7:26,131.4212302,47.02780917,5210501.185,456003.9818,7.94508,3.5,TRUE,5.3,400,300
4582,2022/10/19 7:26,131.4212583,47.02787017,5210507.951,456006.168,7.29688,9.3,TRUE,5.3,400,300
4583,2022/10/19 7:26,131.4212655,47.027944,5210516.155,456006.776,6.16716,3.1,TRUE,5.3,400,300
4584,2022/10/19 7:26,131.421257,47.02802767,5210525.461,456006.1986,8.11176,10.6,TRUE,5.3,400,300
4585,2022/10/19 7:26,131.4212815,47.02809667,5210533.118,456008.1177,7.0376,6.8,TRUE,5.3,400,300
4586,2022/10/19 7:26,131.4213027,47.0281665,5210540.869,456009.7866,6.46348,6.2,TRUE,5.3,400,300
4587,2022/10/19 7:26,131.4213098,47.02823933,5210548.962,456010.3861,7.25984,7.9,TRUE,5.3,400,300
4588,2022/10/19 7:26,131.4213043,47.02830933,5210556.747,456010.0255,7.0376,10.7,TRUE,5.3,400,300
4589,2022/10/19 7:26,131.4213203,47.02838317,5210564.947,456011.3025,6.55608,2.6,TRUE,5.3,400,300
4590,2022/10/19 7:26,131.4213217,47.02845767,5210573.228,456011.4701,7.29688,6.8,TRUE,5.3,400,300
4591,2022/10/19 7:26,131.4213292,47.02853583,5210581.913,456012.1044,7.5006,16.4,TRUE,5.3,400,300
4592,2022/10/19 7:26,131.4213402,47.02860433,5210589.522,456012.9969,6.81536,7.7,TRUE,5.3,400,300
4593,2022/10/19 7:26,131.4213458,47.028673,5210597.153,456013.479,6.24124,7.4,TRUE,5.3,400,300
4594,2022/10/19 7:26,131.4213587,47.02874267,5210604.891,456014.5168,6.7598,3.7,TRUE,5.3,400,300
4595,2022/10/19 7:27,131.4213713,47.028808,5210612.147,456015.5282,7.14872,15,TRUE,5.3,400,300
4596,2022/10/19 7:27,131.4213908,47.02888517,5210620.715,456017.0739,7.38948,6.5,TRUE,5.3,400,300
4597,2022/10/19 7:27,131.4214022,47.02895467,5210628.435,456017.9976,6.3894,4,TRUE,5.3,400,300
4598,2022/10/19 7:27,131.4214092,47.029024,5210636.138,456018.5866,5.72268,14.8,TRUE,5.3,400,300
4599,2022/10/19 7:27,131.4214177,47.0290905,5210643.527,456019.2874,8.334,9,TRUE,5.3,400,300
4600,2022/10/19 7:27,131.4214345,47.02916467,5210651.763,456020.6254,6.3894,14,TRUE,5.3,400,300
4601,2022/10/19 7:27,131.4214472,47.02923667,5210659.76,456021.6499,5.01892,8.8,TRUE,5.3,400,300
4602,2022/10/19 7:27,131.4214528,47.029308,5210667.687,456022.1342,7.07464,4.1,TRUE,5.3,400,300
4603,2022/10/19 7:27,131.4214582,47.02934517,5210671.816,456022.5752,5.4634,8.3,TRUE,5.3,363,300
4604,2022/10/19 7:27,131.4214657,47.02939067,5210676.87,456023.1826,2.5928,18.4,TRUE,5.3,400,300
4605,2022/10/19 7:27,131.421473,47.02940117,5210678.033,456023.7462,0,0,FALSE,5.3,0,300
4606,2022/10/19 7:27,131.4214683,47.02938433,5210676.164,456023.3751,3.03728,176.8,TRUE,5.3,78,300
4607,2022/10/19 7:27,131.4214565,47.02936967,5210674.54,456022.4661,5.24116,6.8,TRUE,5.3,144,300
4608,2022/10/19 7:27,131.4214395,47.02941483,5210679.57,456021.2109,4.61148,319.5,FALSE,5.3,0,300
4609,2022/10/19 7:27,131.4214077,47.02945383,5210683.924,456018.8257,4.09292,278.7,FALSE,5.3,0,300
4610,2022/10/19 7:28,131.4213102,47.0294645,5210685.165,456011.4231,5.13004,241.3,FALSE,5.3,0,300
4611,2022/10/19 7:28,131.4212213,47.029437,5210682.158,456004.6429,5.90788,184.6,TRUE,5.3,244,300
4612,2022/10/19 7:28,131.4212035,47.02936817,5210674.516,456003.2333,3.18544,178.7,TRUE,5.3,400,300
4613,2022/10/19 7:28,131.4211995,47.02931833,5210668.977,456002.8883,4.00032,181.5,TRUE,5.3,400,300
4614,2022/10/19 7:28,131.4211877,47.0292735,5210664,456001.9545,4.92632,189.8,TRUE,5.3,400,300
4615,2022/10/19 7:28,131.4211768,47.02921583,5210657.595,456001.0785,5.81528,190.7,TRUE,5.3,400,300
4616,2022/10/19 7:28,131.4211765,47.02915933,5210651.314,456001.0093,6.90796,189.4,TRUE,5.3,400,300
4617,2022/10/19 7:28,131.4211653,47.0290795,5210642.446,456000.0923,6.945,190.8,TRUE,5.3,400,300
4618,2022/10/19 7:28,131.4211567,47.02900983,5210634.705,455999.3813,6.13012,189.8,TRUE,5.3,400,300
4619,2022/10/19 7:28,131.4211498,47.0289455,5210627.557,455998.804,5.57452,182.6,TRUE,5.3,400,300
4620,2022/10/19 7:28,131.4211398,47.028882,5210620.504,455997.9916,6.74128,188.3,TRUE,5.3,400,300
4621,2022/10/19 7:28,131.421131,47.02881067,5210612.579,455997.2641,6.83388,191.1,TRUE,5.3,400,300
4622,2022/10/19 7:28,131.4211263,47.02873633,5210604.317,455996.8457,7.74136,186.3,TRUE,5.3,400,300
4623,2022/10/19 7:28,131.4211133,47.02865567,5210595.357,455995.7912,6.77832,189,TRUE,5.3,400,300
4624,2022/10/19 7:29,131.421101,47.02859033,5210588.1,455994.8025,6.27828,184.6,TRUE,5.3,400,300
4625,2022/10/19 7:29,131.4211015,47.02851417,5210579.633,455994.7779,6.74128,191.2,TRUE,5.3,400,300
4626,2022/10/19 7:29,131.421086,47.0284425,5210571.674,455993.5408,7.51912,187.6,TRUE,5.3,400,300
4627,2022/10/19 7:29,131.4210715,47.02836967,5210563.586,455992.3787,7.01908,191.7,TRUE,5.3,400,300
4628,2022/10/19 7:29,131.4210435,47.02829233,5210555.003,455990.1867,7.14872,187.7,TRUE,5.3,400,300
4629,2022/10/19 7:29,131.4210377,47.0282225,5210547.244,455989.6884,7.2228,191.2,TRUE,5.3,400,300
4630,2022/10/19 7:29,131.421022,47.028149,5210539.081,455988.4346,7.53764,187.1,TRUE,5.3,400,300
4631,2022/10/19 7:29,131.4210197,47.02808083,5210531.504,455988.2037,6.945,195.3,TRUE,5.3,400,300
4632,2022/10/19 7:29,131.421008,47.02801067,5210523.711,455987.2566,7.0376,190.8,TRUE,5.3,400,300
4633,2022/10/19 7:29,131.4209853,47.02793383,5210515.181,455985.4679,7.00056,187.8,TRUE,5.3,400,300
4634,2022/10/19 7:29,131.420978,47.0278685,5210507.923,455984.8593,4.11144,184.4,TRUE,5.3,400,300
4635,2022/10/19 7:29,131.4209795,47.027797,5210499.973,455984.9145,6.79684,185.8,TRUE,5.3,400,300
4636,2022/10/19 7:29,131.4209755,47.0277265,5210492.138,455984.5525,7.44504,190.7,TRUE,5.3,400,300
4637,2022/10/19 7:29,131.420969,47.02765117,5210483.767,455983.9965,7.81544,183.7,TRUE,5.3,400,300
4638,2022/10/19 7:29,131.420959,47.0275705,5210474.804,455983.17,7.83396,189.1,TRUE,5.3,400,300
4639,2022/10/19 7:30,131.4209398,47.02748633,5210465.458,455981.6413,8.25992,188.6,TRUE,5.3,400,300
4640,2022/10/19 7:30,131.4209258,47.02740083,5210455.961,455980.5067,7.6858,190.5,TRUE,5.3,400,300
4641,2022/10/19 7:30,131.4209167,47.02731433,5210446.35,455979.7439,8.6118,188.7,TRUE,5.3,400,300
4642,2022/10/19 7:30,131.420909,47.02722733,5210436.682,455979.087,8.0562,188.8,TRUE,5.3,400,300
4643,2022/10/19 7:30,131.420896,47.02714683,5210427.74,455978.0326,8.389561,187.6,TRUE,5.3,400,300
4644,2022/10/19 7:30,131.4208723,47.027057,5210417.767,455976.1572,8.389561,188.8,TRUE,5.3,400,300
4645,2022/10/19 7:30,131.4208615,47.02697617,5210408.787,455975.2697,8.7044,189.6,TRUE,5.3,400,300
4646,2022/10/19 7:30,131.4208555,47.02689633,5210399.914,455974.748,7.64876,189.2,TRUE,5.3,400,300
4647,2022/10/19 7:30,131.420832,47.02681233,5210390.589,455972.8925,7.25984,187.8,TRUE,5.3,349,300
4648,2022/10/19 7:30,131.4208075,47.02672583,5210380.987,455970.9589,8.667359,188.5,TRUE,5.3,400,300
4649,2022/10/19 7:30,131.4208192,47.02663783,5210371.197,455971.776,8.4266,189.1,TRUE,5.3,400,300
4650,2022/10/19 7:30,131.4208102,47.02655333,5210361.808,455971.0223,9.03776,187.9,TRUE,5.3,400,300
4651,2022/10/19 7:30,131.4207895,47.02646583,5210352.092,455969.3768,7.33392,189.6,TRUE,5.3,400,300
4652,2022/10/19 7:30,131.4207658,47.02637967,5210342.527,455967.5043,8.55624,190.2,TRUE,5.3,400,300
4653,2022/10/19 7:30,131.420753,47.02630117,5210333.808,455966.4667,6.51904,199.5,TRUE,5.3,400,300
4654,2022/10/19 7:31,131.4207518,47.0262245,5210325.285,455966.3124,8.07472,185.5,TRUE,5.3,374,300
4655,2022/10/19 7:31,131.4207465,47.0261475,5210316.728,455965.8462,8.59328,188,TRUE,5.3,400,300
4656,2022/10/19 7:31,131.4207223,47.0260655,5210307.625,455963.9391,8.167319,194,TRUE,5.3,400,300
4657,2022/10/19 7:31,131.4207067,47.02597933,5210298.054,455962.6824,8.797,189.5,TRUE,5.3,400,300
4658,2022/10/19 7:31,131.4207087,47.025889,5210288.011,455962.7601,8.1488,188.6,TRUE,5.3,372,300
4659,2022/10/19 7:31,131.4206968,47.025803,5210278.457,455961.7848,7.94508,190.9,TRUE,5.3,400,300
4660,2022/10/19 7:31,131.4206922,47.02570933,5210268.046,455961.358,8.64884,187.4,TRUE,5.3,400,300
4661,2022/10/19 7:31,131.4206755,47.0256345,5210259.737,455960.027,7.09316,191.1,TRUE,5.3,400,300
4662,2022/10/19 7:31,131.4206592,47.025565,5210252.02,455958.7307,7.20428,187.2,TRUE,5.3,400,300
4663,2022/10/19 7:31,131.4206443,47.02547467,5210241.986,455957.5237,8.85256,194.2,TRUE,5.3,400,300
4664,2022/10/19 7:31,131.420636,47.02539533,5210233.17,455956.8275,7.24132,190,TRUE,5.3,400,300
4665,2022/10/19 7:31,131.420612,47.02530633,5210223.29,455954.9298,7.64876,189.9,TRUE,5.3,353,300
4666,2022/10/19 7:31,131.4205988,47.02522517,5210214.274,455953.8596,10.05636,185.1,TRUE,5.3,367,300
4667,2022/10/19 7:31,131.4205865,47.0251415,5210204.98,455952.8557,8.25992,185.5,TRUE,5.3,400,300
4668,2022/10/19 7:31,131.42058,47.0250615,5210196.09,455952.2958,7.852479,188.3,TRUE,5.3,400,300
4669,2022/10/19 7:32,131.4205748,47.02497683,5210186.68,455951.8308,8.57476,189,TRUE,5.3,400,300
4670,2022/10/19 7:32,131.4205722,47.02488917,5210176.936,455951.5611,7.92656,196.9,TRUE,5.3,400,300
4671,2022/10/19 7:32,131.4205525,47.02480917,5210168.053,455949.9977,7.90804,191.5,TRUE,5.3,400,300
4672,2022/10/19 7:32,131.4205418,47.024725,5210158.702,455949.115,6.8524,192.8,TRUE,5.3,357,300
4673,2022/10/19 7:32,131.4205333,47.02463783,5210149.016,455948.3971,6.96352,195.1,TRUE,5.3,400,300
4674,2022/10/19 7:32,131.4205205,47.02455783,5210140.13,455947.3582,8.389561,187.4,TRUE,5.3,367,300
4675,2022/10/19 7:32,131.420509,47.0244735,5210130.761,455946.4146,8.48216,184.1,TRUE,5.3,400,300
4676,2022/10/19 7:32,131.4204847,47.02438667,5210121.122,455944.4959,8.389561,192.4,TRUE,5.3,379,300
4677,2022/10/19 7:32,131.4204708,47.0243085,5210112.439,455943.3749,8.09324,182.3,TRUE,5.3,400,300
4678,2022/10/19 7:32,131.4204698,47.0242165,5210102.212,455943.2232,9.18592,189.8,TRUE,5.3,400,300
4679,2022/10/19 7:32,131.4204572,47.024135,5210093.159,455942.1982,8.50068,190,TRUE,5.3,400,300
4680,2022/10/19 7:32,131.4204405,47.0240505,5210083.774,455940.8591,7.5932,187.8,TRUE,5.3,400,300
4681,2022/10/19 7:32,131.4204332,47.023965,5210074.273,455940.2338,7.79692,192.2,TRUE,5.3,400,300
4682,2022/10/19 7:32,131.4204165,47.02388067,5210064.908,455938.8949,9.204439,191.5,TRUE,5.3,400,300
4683,2022/10/19 7:32,131.4203927,47.023787,5210054.508,455937.0085,7.79692,187.8,TRUE,5.3,400,300
4684,2022/10/19 7:33,131.420384,47.023707,5210045.619,455936.2813,8.4266,192.7,TRUE,5.3,400,300
4685,2022/10/19 7:33,131.4203677,47.023625,5210036.512,455934.9746,9.46372,196.2,TRUE,5.3,258,300
4686,2022/10/19 7:33,131.4203443,47.02352933,5210025.889,455933.117,7.79692,190.6,TRUE,5.3,371,300
4687,2022/10/19 7:33,131.420346,47.023451,5210017.18,455933.1818,9.09332,189.7,TRUE,5.3,400,300
4688,2022/10/19 7:33,131.420336,47.023362,5210007.292,455932.3483,6.51904,191.1,TRUE,5.3,400,300
4689,2022/10/19 7:33,131.4203168,47.02328383,5209998.612,455930.8244,7.98212,183.7,TRUE,5.3,400,300
4690,2022/10/19 7:33,131.4202973,47.02319317,5209988.545,455929.2673,8.537721,195.2,TRUE,5.3,400,300
4691,2022/10/19 7:33,131.4202837,47.02310733,5209979.009,455928.1627,7.75988,195.8,TRUE,5.3,400,300
4692,2022/10/19 7:33,131.4202823,47.02303,5209970.413,455927.9927,7.01908,191,TRUE,5.3,400,300
4693,2022/10/19 7:33,131.420267,47.02294467,5209960.936,455926.7593,8.27844,191.5,TRUE,5.3,382,300
4694,2022/10/19 7:33,131.4202635,47.022865,5209952.081,455926.4276,8.46364,188.7,TRUE,5.3,400,300
4695,2022/10/19 7:33,131.4202495,47.02278317,5209942.992,455925.296,8.35252,192.7,TRUE,5.3,400,300
4696,2022/10/19 7:33,131.420244,47.02269717,5209933.434,455924.8071,8.90812,189.1,TRUE,5.3,400,300
4697,2022/10/19 7:33,131.4202335,47.0226065,5209923.36,455923.9342,8.00064,193.9,TRUE,5.3,400,300
4698,2022/10/19 7:33,131.420221,47.02252533,5209914.343,455922.9171,9.83412,187.4,TRUE,5.3,372,300
4699,2022/10/19 7:34,131.4202083,47.02245133,5209906.124,455921.8907,7.90804,189.4,TRUE,5.3,321,300
4700,2022/10/19 7:34,131.4201882,47.02236867,5209896.946,455920.2946,8.50068,183.3,TRUE,5.3,400,300
4701,2022/10/19 7:34,131.4201815,47.02228533,5209887.684,455919.7166,7.81544,186.2,TRUE,5.3,400,300
4702,2022/10/19 7:34,131.4201717,47.02220967,5209879.279,455918.9093,6.5746,191.8,TRUE,5.3,374,300
4703,2022/10/19 7:34,131.420151,47.02213133,5209870.581,455917.2711,7.871,186.6,TRUE,5.3,400,300
4704,2022/10/19 7:34,131.4201412,47.02205617,5209862.231,455916.4642,6.68572,187.7,TRUE,5.3,363,300
4705,2022/10/19 7:34,131.4201282,47.02197783,5209853.529,455915.4114,7.18576,193.2,TRUE,5.3,385,300
4706,2022/10/19 7:34,131.4201162,47.0218965,5209844.495,455914.4321,7.53764,184.3,TRUE,5.3,400,300
4707,2022/10/19 7:34,131.420115,47.02181433,5209835.36,455914.2733,6.31532,146.8,TRUE,5.3,141,300
4708,2022/10/19 7:34,131.4202017,47.02177967,5209831.458,455920.8361,2.42612,89.3,TRUE,5.3,206,300
4709,2022/10/19 7:34,131.420219,47.02178667,5209832.227,455922.1571,0,0,FALSE,5.3,0,300
4710,2022/10/19 7:34,131.4202198,47.02178983,5209832.578,455922.2205,0,0,FALSE,5.3,0,300
4711,2022/10/19 7:34,131.4202217,47.02178983,5209832.577,455922.3649,0,0,FALSE,5.3,0,300
4712,2022/10/19 7:34,131.4202218,47.02179033,5209832.632,455922.373,0,0,FALSE,5.3,0,300
4713,2022/10/19 7:34,131.4202237,47.021791,5209832.706,455922.518,0,0,FALSE,5.3,0,300
4714,2022/10/19 7:35,131.4202238,47.02179067,5209832.669,455922.5253,0,0,FALSE,5.3,0,300
4715,2022/10/19 7:35,131.4202255,47.02179083,5209832.686,455922.6547,0,0,FALSE,5.3,0,300
4716,2022/10/19 7:35,131.4202998,47.0218055,5209834.275,455928.3154,6.1116,63.5,TRUE,5.3,157,300
4717,2022/10/19 7:35,131.4203645,47.02182867,5209836.814,455933.2532,2.2224,33.5,TRUE,5.3,142,300
4718,2022/10/19 7:35,131.4203797,47.02184633,5209838.769,455934.4234,0,0,FALSE,5.3,0,300
4719,2022/10/19 7:35,131.4204075,47.02187617,5209842.071,455936.5614,4.77816,14.5,TRUE,5.3,400,300
4720,2022/10/19 7:35,131.4204333,47.021914,5209846.262,455938.554,4.4448,11.4,TRUE,5.3,400,300
4721,2022/10/19 7:35,131.4204438,47.02197633,5209853.185,455939.4035,5.01892,11.3,TRUE,5.3,400,300
4722,2022/10/19 7:35,131.4204507,47.02204467,5209860.779,455939.9843,5.40784,9.8,TRUE,5.3,374,300
4723,2022/10/19 7:35,131.4204653,47.02211417,5209868.497,455941.1514,6.59312,1.9,TRUE,5.3,400,300
4724,2022/10/19 7:35,131.4204745,47.022183,5209876.143,455941.9075,6.1116,9.2,TRUE,5.3,400,300
4725,2022/10/19 7:35,131.4204815,47.02224883,5209883.458,455942.4938,6.1116,8,TRUE,5.3,400,300
4726,2022/10/19 7:35,131.4204958,47.02231683,5209891.009,455943.6369,5.556,13.9,TRUE,5.3,395,300
4727,2022/10/19 7:35,131.4204948,47.022385,5209898.589,455943.6169,6.40792,8.3,TRUE,5.3,400,300
4728,2022/10/19 7:35,131.4205045,47.02245267,5209906.106,455944.41,7.0376,8.7,TRUE,0,400,300
4729,2022/10/19 7:36,131.4205105,47.02252233,5209913.847,455944.9235,6.46348,14.9,TRUE,0,400,300
4730,2022/10/19 7:36,131.4205238,47.02259067,5209921.437,455945.9908,7.53764,15.1,TRUE,5.3,400,300
4731,2022/10/19 7:36,131.4205335,47.02265783,5209928.898,455946.7835,6.53756,8.4,TRUE,5.3,400,300
4732,2022/10/19 7:36,131.420541,47.02272567,5209936.435,455947.4095,9.00072,7.9,TRUE,5.3,400,300
4733,2022/10/19 7:36,131.4205565,47.02281383,5209946.227,455948.6604,7.27836,11,TRUE,5.3,400,300
4734,2022/10/19 7:36,131.4205747,47.02290083,5209955.889,455950.1156,9.03776,7.5,TRUE,5.3,400,300
4735,2022/10/19 7:36,131.4205838,47.02298067,5209964.76,455950.873,6.98204,7.6,TRUE,5.3,400,300
4736,2022/10/19 7:36,131.420587,47.0230575,5209973.299,455951.1795,7.63024,10.8,TRUE,5.3,261,300
4737,2022/10/19 7:36,131.4206045,47.02314367,5209982.869,455952.5808,8.35252,6.8,TRUE,5.3,372,300
4738,2022/10/19 7:36,131.420613,47.02323033,5209992.498,455953.2983,8.94516,12.3,TRUE,5.3,400,300
4739,2022/10/19 7:36,131.4206223,47.02330983,5210001.331,455954.0707,7.79692,7.8,TRUE,5.3,400,300
4740,2022/10/19 7:36,131.4206378,47.02338233,5210009.382,455955.3086,8.0562,8.2,TRUE,5.3,400,300
4741,2022/10/19 7:36,131.4206465,47.02347,5210019.124,455956.0422,8.74144,1.1,TRUE,5.3,400,300
4742,2022/10/19 7:36,131.4206575,47.023559,5210029.012,455956.9516,8.0562,0.8,TRUE,5.3,400,300
4743,2022/10/19 7:36,131.4206688,47.02363383,5210037.324,455957.8722,9.278521,5.4,TRUE,5.3,400,300
4744,2022/10/19 7:37,131.4206853,47.02371717,5210046.58,455959.1951,6.63016,12.2,TRUE,5.3,400,300
4745,2022/10/19 7:37,131.4207007,47.02380383,5210056.205,455960.4371,7.871,10.2,TRUE,5.3,400,300
4746,2022/10/19 7:37,131.4207135,47.02388517,5210065.241,455961.4771,7.5932,6.1,TRUE,5.3,400,300
4747,2022/10/19 7:37,131.4207233,47.023961,5210073.665,455962.2845,8.35252,8.4,TRUE,5.3,400,300
4748,2022/10/19 7:37,131.4207387,47.024047,5210083.217,455963.5259,7.44504,11.3,TRUE,5.3,400,300
4749,2022/10/19 7:37,131.4207477,47.02412267,5210091.625,455964.2723,7.05612,6,TRUE,5.3,400,300
4750,2022/10/19 7:37,131.4207645,47.0241995,5210100.156,455965.6127,8.81552,11.6,TRUE,5.3,400,300
4751,2022/10/19 7:37,131.4207795,47.02428167,5210109.283,455966.8206,8.07472,3.8,TRUE,5.3,400,300
4752,2022/10/19 7:37,131.4207853,47.0243725,5210119.377,455967.3362,8.01916,6.1,TRUE,5.3,400,300
4753,2022/10/19 7:37,131.4207997,47.02445317,5210128.337,455968.4972,8.01916,4.3,TRUE,5.3,400,300
4754,2022/10/19 7:37,131.4208108,47.02452767,5210136.613,455969.4023,7.463561,4.2,TRUE,5.3,400,300
4755,2022/10/19 7:37,131.4208225,47.0246135,5210146.149,455970.3623,8.09324,8.5,TRUE,5.3,400,300
4756,2022/10/19 7:37,131.4208352,47.0247055,5210156.369,455971.4034,7.37096,14.1,TRUE,5.3,358,300
4757,2022/10/19 7:37,131.420846,47.02479217,5210165.998,455972.2957,7.852479,7,TRUE,5.3,400,300
4758,2022/10/19 7:37,131.4208572,47.02487617,5210175.33,455973.2162,9.68596,12.2,TRUE,5.3,400,300
4759,2022/10/19 7:38,131.4208745,47.02496833,5210185.566,455974.6071,7.98212,3.5,TRUE,5.3,400,300
4760,2022/10/19 7:38,131.4208872,47.0250485,5210194.472,455975.6385,7.94508,12.6,TRUE,5.3,400,300
4761,2022/10/19 7:38,131.4208977,47.0251355,5210204.138,455976.5082,8.926641,3.5,TRUE,5.3,400,300
4762,2022/10/19 7:38,131.4209078,47.02521617,5210213.1,455977.3424,10.16748,10.2,TRUE,5.3,400,300
4763,2022/10/19 7:38,131.4209137,47.0253,5210222.416,455977.8598,8.68588,7.8,TRUE,5.3,400,300
4764,2022/10/19 7:38,131.4209287,47.02538417,5210231.765,455979.0693,9.31556,9.4,TRUE,5.3,400,300
4765,2022/10/19 7:38,131.4209478,47.02547317,5210241.648,455980.5944,8.185841,8.8,TRUE,5.3,400,300
4766,2022/10/19 7:38,131.4209578,47.02556033,5210251.333,455981.4263,8.29696,11.6,TRUE,5.3,400,300
4767,2022/10/19 7:38,131.4209732,47.02564317,5210260.533,455982.6651,8.334,8.1,TRUE,5.3,400,300
4768,2022/10/19 7:38,131.4209845,47.02573017,5210270.199,455983.5956,7.29688,0.5,TRUE,5.3,377,300
4769,2022/10/19 7:38,131.4209962,47.0258095,5210279.011,455984.5502,9.03776,7.5,TRUE,5.3,400,300
4770,2022/10/19 7:38,131.4210093,47.02588867,5210287.805,455985.6112,9.09332,10.9,TRUE,5.3,400,300
4771,2022/10/19 7:38,131.4210233,47.02597883,5210297.821,455986.7495,8.01916,6.5,TRUE,5.3,400,300
4772,2022/10/19 7:38,131.4210383,47.026065,5210307.392,455987.9606,7.75988,4.4,TRUE,5.3,400,300
4773,2022/10/19 7:38,131.421047,47.02615033,5210316.873,455988.6921,9.14888,8.8,TRUE,5.3,400,300
4774,2022/10/19 7:39,131.4210568,47.026236,5210326.392,455989.5075,8.59328,2.7,TRUE,5.3,400,300
4775,2022/10/19 7:39,131.421077,47.02631617,5210335.293,455991.109,7.6858,9,TRUE,5.3,400,300
4776,2022/10/19 7:39,131.4210905,47.02640717,5210345.402,455992.21,9.167399,14.4,TRUE,5.3,400,300
4777,2022/10/19 7:39,131.4211013,47.02649,5210354.604,455993.0991,8.44512,9,TRUE,5.3,400,300
4778,2022/10/19 7:39,131.4211092,47.02657283,5210363.808,455993.7677,8.64884,9,TRUE,5.3,400,300
4779,2022/10/19 7:39,131.4211265,47.02665667,5210373.119,455995.1518,7.0376,11.4,TRUE,5.3,400,300
4780,2022/10/19 7:39,131.4211313,47.02673283,5210381.583,455995.5792,5.6486,14.9,TRUE,5.3,400,300
4781,2022/10/19 7:39,131.4211527,47.02682067,5210391.336,455997.2782,7.37096,12,TRUE,5.3,363,300
4782,2022/10/19 7:39,131.4211667,47.02690417,5210400.611,455998.4111,9.22296,9.4,TRUE,5.3,400,300
4783,2022/10/19 7:39,131.4211738,47.02699083,5210410.241,455999.022,8.50068,9.9,TRUE,5.3,400,300
4784,2022/10/19 7:39,131.421185,47.02709567,5210421.89,455999.9595,8.64884,1.5,TRUE,5.3,400,300
4785,2022/10/19 7:39,131.4212037,47.02718333,5210431.625,456001.4531,8.871079,8.6,TRUE,5.3,400,300
4786,2022/10/19 7:39,131.4212173,47.02726883,5210441.122,456002.5572,7.98212,0.6,TRUE,5.3,400,300
4787,2022/10/19 7:39,131.4212248,47.02735633,5210450.846,456003.1992,8.64884,5.3,TRUE,5.3,400,300
4788,2022/10/19 7:39,131.4212393,47.02744817,5210461.047,456004.3769,7.83396,5,TRUE,5.3,400,300
4789,2022/10/19 7:40,131.421257,47.02752717,5210469.82,456005.7873,8.0562,6.6,TRUE,5.3,400,300
4790,2022/10/19 7:40,131.4212702,47.02761333,5210479.391,456006.8615,8.889601,10.2,TRUE,5.3,400,300
4791,2022/10/19 7:40,131.4212867,47.02770083,5210489.109,456008.1877,7.75988,5.4,TRUE,5.3,400,300
4792,2022/10/19 7:40,131.4212887,47.02778117,5210498.04,456008.4058,7.05612,2.6,TRUE,5.3,400,300
4793,2022/10/19 7:40,131.4213025,47.02785833,5210506.61,456009.5182,8.00064,11.5,TRUE,5.3,372,300
4794,2022/10/19 7:40,131.4213132,47.02794033,5210515.72,456010.3989,8.1488,359.8,TRUE,5.3,400,300
4795,2022/10/19 7:40,131.4213185,47.0280255,5210525.185,456010.8718,8.167319,7.1,TRUE,5.3,400,300
4796,2022/10/19 7:40,131.4213372,47.0281015,5210533.624,456012.3557,7.90804,11.4,TRUE,5.3,400,300
4797,2022/10/19 7:40,131.4213477,47.028187,5210543.123,456013.2241,7.51912,12.7,TRUE,5.3,400,300
4798,2022/10/19 7:40,131.4213598,47.028257,5210550.898,456014.2014,7.778399,11.7,TRUE,5.3,400,300
4799,2022/10/19 7:40,131.4213742,47.02834133,5210560.265,456015.3653,8.4266,2.5,TRUE,5.3,400,300
4800,2022/10/19 7:40,131.4213862,47.02843067,5210570.19,456016.3509,8.81552,0.5,TRUE,5.3,400,300
4801,2022/10/19 7:40,131.4213933,47.02851083,5210579.098,456016.9565,7.79692,6.8,TRUE,5.3,400,300
4802,2022/10/19 7:40,131.4214082,47.02859817,5210588.799,456018.1608,7.55616,0.7,TRUE,5.3,400,300
4803,2022/10/19 7:40,131.4214245,47.02868633,5210598.591,456019.4723,7.44504,10.5,TRUE,5.3,400,300
4804,2022/10/19 7:41,131.4214323,47.02876033,5210606.813,456020.126,7.83396,7,TRUE,5.3,393,300
4805,2022/10/19 7:41,131.4214503,47.028855,5210617.328,456021.572,8.25992,8.7,TRUE,5.3,400,300
4806,2022/10/19 7:41,131.4214583,47.02892817,5210625.457,456022.2402,6.59312,9.8,TRUE,5.3,400,300
4807,2022/10/19 7:41,131.4214658,47.028999,5210633.327,456022.8685,6.81536,14.2,TRUE,5.3,400,300
4808,2022/10/19 7:41,131.4214803,47.02908483,5210642.861,456024.0412,9.33408,359.6,TRUE,5.3,363,300
4809,2022/10/19 7:41,131.4214952,47.02915033,5210650.134,456025.2277,7.11168,12.7,TRUE,5.3,400,300
4810,2022/10/19 7:41,131.4215015,47.02922217,5210658.117,456025.7655,8.11176,8.5,TRUE,5.3,400,300
4811,2022/10/19 7:41,131.4215073,47.02928883,5210665.525,456026.2612,6.09308,8.2,TRUE,5.3,400,300
4812,2022/10/19 7:41,131.4215147,47.02935083,5210672.413,456026.8746,4.64852,3.2,TRUE,5.3,400,300
4813,2022/10/19 7:41,131.4215285,47.0294,5210677.872,456027.964,5.11152,4.4,TRUE,5.3,400,300
4814,2022/10/19 7:41,131.4215263,47.02945083,5210683.524,456027.8385,5.87084,332.9,TRUE,5.3,113,300
4815,2022/10/19 7:41,131.4215122,47.02948233,5210687.034,456026.7926,0,302.8,FALSE,5.3,0,300
4816,2022/10/19 7:41,131.4215555,47.02948533,5210687.343,456030.0864,3.704,93.2,FALSE,5.3,0,300
4817,2022/10/19 7:41,131.4215215,47.02949517,5210688.456,456027.5101,5.61156,264.6,FALSE,5.3,0,300
4818,2022/10/19 7:41,131.421413,47.029485,5210687.386,456019.2542,5.22264,229.8,FALSE,5.3,0,300
4819,2022/10/19 7:42,131.4213495,47.02946167,5210684.828,456014.4081,0,199,FALSE,5.3,0,300
4820,2022/10/19 7:42,131.4213418,47.029424,5210680.645,456013.7919,0,0,FALSE,5.3,0,300
4821,2022/10/19 7:42,131.4213388,47.02940983,5210679.071,456013.5522,0,0,FALSE,5.3,0,300
4822,2022/10/19 7:42,131.4213387,47.029405,5210678.534,456013.5406,3.64844,206.7,TRUE,5.3,400,300
4823,2022/10/19 7:42,131.4213175,47.02936767,5210674.396,456011.8985,5.20412,187.6,TRUE,5.3,389,300
4824,2022/10/19 7:42,131.4212945,47.02929733,5210666.589,456010.0924,5.13004,187.5,TRUE,5.3,400,300
4825,2022/10/19 7:42,131.4212687,47.02922933,5210659.044,456008.0753,5.556,187.9,TRUE,5.3,400,300
4826,2022/10/19 7:42,131.4212575,47.029162,5210651.565,456007.1686,8.77848,190.2,TRUE,5.3,400,300
4827,2022/10/19 7:42,131.4212462,47.02909033,5210643.604,456006.2508,6.72276,181,TRUE,5.3,400,300
4828,2022/10/19 7:42,131.421233,47.02901933,5210635.718,456005.189,6.44496,187.6,TRUE,5.3,396,300
4829,2022/10/19 7:42,131.4212188,47.028932,5210626.018,456004.0379,7.61172,189.4,TRUE,5.3,400,300
4830,2022/10/19 7:42,131.421203,47.02885317,5210617.263,456002.7721,7.463561,185.9,TRUE,5.3,400,300
4831,2022/10/19 7:42,131.4211918,47.02877633,5210608.727,456001.8576,7.3154,188.5,TRUE,5.3,400,300
4832,2022/10/19 7:42,131.4211883,47.02870417,5210600.707,456001.5322,6.81536,184.9,TRUE,5.3,400,300
4833,2022/10/19 7:42,131.421176,47.02863017,5210592.487,456000.5364,6.77832,183.8,TRUE,5.3,400,300
4834,2022/10/19 7:43,131.421149,47.02854617,5210583.164,455998.415,8.48216,186.9,TRUE,5.3,364,300
4835,2022/10/19 7:43,131.4211335,47.02845517,5210573.056,455997.1619,8.50068,186.6,TRUE,5.3,400,300
4836,2022/10/19 7:43,131.4211225,47.02836433,5210562.963,455996.2511,8.185841,187.4,TRUE,5.3,400,300
4837,2022/10/19 7:43,131.4211197,47.02827917,5210553.498,455995.9683,8.68588,182.6,TRUE,5.3,400,300
4838,2022/10/19 7:43,131.4211098,47.02818867,5210543.442,455995.1414,8.83404,184.6,TRUE,5.3,400,300
4839,2022/10/19 7:43,131.4210905,47.0280995,5210533.54,455993.601,7.98212,187.2,TRUE,5.3,386,300
4840,2022/10/19 7:43,131.4210693,47.0280115,5210523.769,455991.9171,9.09332,185.2,TRUE,5.3,400,300
4841,2022/10/19 7:43,131.4210693,47.02793383,5210515.134,455991.8533,8.00064,188.2,TRUE,5.3,400,300
4842,2022/10/19 7:43,131.421057,47.02784933,5210505.747,455990.8488,9.61188,189.2,TRUE,5.3,400,300
4843,2022/10/19 7:43,131.4210477,47.02776083,5210495.914,455990.0691,8.7044,187.3,TRUE,5.3,400,300
4844,2022/10/19 7:43,131.4210298,47.027671,5210485.937,455988.6346,7.889521,191.2,TRUE,5.3,400,300
4845,2022/10/19 7:43,131.4210192,47.0275815,5210475.993,455987.7552,8.4266,187.7,TRUE,5.3,400,300
4846,2022/10/19 7:43,131.4210102,47.02748917,5210465.734,455986.9952,8.09324,189.1,TRUE,5.3,400,300
4847,2022/10/19 7:43,131.4209893,47.027408,5210456.722,455985.3397,8.667359,183,TRUE,5.3,400,300
4848,2022/10/19 7:43,131.4209727,47.027316,5210446.504,455984.0022,9.24148,187.9,TRUE,5.3,400,300
4849,2022/10/19 7:44,131.4209622,47.02723333,5210437.319,455983.1361,8.48216,182.4,TRUE,5.3,359,300
4850,2022/10/19 7:44,131.4209522,47.02714,5210426.949,455982.2992,8.334,186.1,TRUE,5.3,400,300
4851,2022/10/19 7:44,131.4209405,47.027051,5210417.061,455981.3366,8.75996,187.5,TRUE,5.3,400,300
4852,2022/10/19 7:44,131.4209342,47.0269745,5210408.56,455980.7948,7.33392,182.9,TRUE,5.3,399,300
4853,2022/10/19 7:44,131.420925,47.02688233,5210398.319,455980.0197,8.29696,182.4,TRUE,5.3,400,300
4854,2022/10/19 7:44,131.4209102,47.02679883,5210389.045,455978.826,6.2968,188.7,TRUE,5.3,353,300
4855,2022/10/19 7:44,131.4208857,47.0267265,5210381.017,455976.9041,6.61164,185,TRUE,5.3,400,300
4856,2022/10/19 7:44,131.4208763,47.02664183,5210371.61,455976.1199,7.48208,187.1,TRUE,5.3,400,300
4857,2022/10/19 7:44,131.4208725,47.02656267,5210362.812,455975.7659,6.55608,181.6,TRUE,5.3,400,300
4858,2022/10/19 7:44,131.420857,47.026483,5210353.963,455974.5221,8.1488,183.5,TRUE,5.3,400,300
4859,2022/10/19 7:44,131.420847,47.02639517,5210344.205,455973.6897,8.72292,187.6,TRUE,5.3,400,300
4860,2022/10/19 7:44,131.4208392,47.02631617,5210335.427,455973.0318,6.72276,184.4,TRUE,5.3,400,300
4861,2022/10/19 7:44,131.4208237,47.02623733,5210326.671,455971.7887,6.77832,186.2,TRUE,5.3,240,300
4862,2022/10/19 7:44,131.4208088,47.02615167,5210317.156,455970.5856,8.48216,181.8,TRUE,5.3,269,300
4863,2022/10/19 7:44,131.4207978,47.02605817,5210306.768,455969.6725,8.7044,187.9,TRUE,5.3,393,300
4864,2022/10/19 7:45,131.4207853,47.02596217,5210296.102,455968.6433,8.57476,189,TRUE,5.3,400,300
4865,2022/10/19 7:45,131.4207708,47.02588083,5210287.068,455967.4742,8.83404,191,TRUE,5.3,400,300
4866,2022/10/19 7:45,131.4207507,47.02579067,5210277.056,455965.8721,7.48208,189.8,TRUE,5.3,368,300
4867,2022/10/19 7:45,131.4207405,47.0257055,5210267.593,455965.0266,6.8524,188.2,TRUE,5.3,264,300
4868,2022/10/19 7:45,131.4207335,47.02561217,5210257.222,455964.4177,8.94516,185.1,TRUE,5.3,400,300
4869,2022/10/19 7:45,131.4207155,47.02552483,5210247.522,455962.9776,9.167399,189.3,TRUE,5.3,400,300
4870,2022/10/19 7:45,131.4207007,47.0254305,5210237.044,455961.7749,8.68588,186.4,TRUE,5.3,381,300
4871,2022/10/19 7:45,131.4206908,47.025346,5210227.655,455960.9528,8.63032,189,TRUE,5.3,400,300
4872,2022/10/19 7:45,131.4206875,47.025252,5210217.207,455960.6246,8.37104,187.1,TRUE,5.3,400,300
4873,2022/10/19 7:45,131.4206652,47.02516283,5210207.307,455958.856,8.35252,185.7,TRUE,5.3,396,300
4874,2022/10/19 7:45,131.420658,47.025073,5210197.324,455958.2348,8.29696,185.4,TRUE,5.3,400,300
4875,2022/10/19 7:45,131.420648,47.02498217,5210187.232,455957.3999,8.315479,186.1,TRUE,5.3,400,300
4876,2022/10/19 7:45,131.420638,47.024895,5210177.547,455956.568,8.20436,187,TRUE,5.3,373,300
4877,2022/10/19 7:45,131.4206303,47.02480317,5210167.342,455955.9071,8.46364,187.9,TRUE,5.3,400,300
4878,2022/10/19 7:45,131.420613,47.024712,5210157.217,455954.517,7.81544,186.3,TRUE,5.3,392,300
4879,2022/10/19 7:46,131.420591,47.02463383,5210148.539,455952.7802,7.57468,186.7,TRUE,5.3,400,300
4880,2022/10/19 7:46,131.4205712,47.02454933,5210139.156,455951.2055,8.889601,187.4,TRUE,5.3,395,300
4881,2022/10/19 7:46,131.4205637,47.0244595,5210129.174,455950.5615,7.852479,185.7,TRUE,5.3,400,300
4882,2022/10/19 7:46,131.4205568,47.0243715,5210119.395,455949.9645,8.037681,188.2,TRUE,5.3,364,300
4883,2022/10/19 7:46,131.4205428,47.02427783,5210108.989,455948.8232,8.25992,192.4,TRUE,5.3,400,300
4884,2022/10/19 7:46,131.4205323,47.02418967,5210099.194,455947.9524,7.29688,192.3,TRUE,5.3,347,300
4885,2022/10/19 7:46,131.4205237,47.02411083,5210090.434,455947.2338,8.797,185.1,TRUE,5.3,400,300
4886,2022/10/19 7:46,131.4205217,47.024016,5210079.893,455947.0037,8.871079,188.4,TRUE,5.3,393,300
4887,2022/10/19 7:46,131.4205053,47.02392633,5210069.934,455945.6832,8.55624,193.6,TRUE,5.3,385,300
4888,2022/10/19 7:46,131.4204893,47.02384367,5210060.753,455944.3988,8.315479,192.2,TRUE,5.3,398,300
4889,2022/10/19 7:46,131.4204697,47.02375133,5210050.499,455942.8328,8.167319,186.6,TRUE,5.3,400,300
4890,2022/10/19 7:46,131.4204613,47.02366283,5210040.665,455942.1214,8.389561,186.6,TRUE,5.3,400,300
4891,2022/10/19 7:46,131.4204407,47.02357333,5210030.727,455940.4818,8.22288,183.3,TRUE,5.3,400,300
4892,2022/10/19 7:46,131.4204377,47.02348483,5210020.89,455940.1809,8.83404,188.8,TRUE,5.3,400,300
4893,2022/10/19 7:46,131.420433,47.0233925,5210010.628,455939.7476,8.519199,187.3,TRUE,5.3,400,300
4894,2022/10/19 7:47,131.4204125,47.023307,5210001.134,455938.1188,8.63032,190,TRUE,5.3,399,300
4895,2022/10/19 7:47,131.4203918,47.02322217,5209991.715,455936.4753,8.55624,191.5,TRUE,5.3,400,300
4896,2022/10/19 7:47,131.4203705,47.02312783,5209981.24,455934.7784,7.53764,191.9,TRUE,5.3,400,300
4897,2022/10/19 7:47,131.4203607,47.023043,5209971.814,455933.9636,8.90812,183.5,TRUE,5.3,400,300
4898,2022/10/19 7:47,131.4203497,47.02296,5209962.593,455933.059,8.55624,184.2,TRUE,5.3,397,300
4899,2022/10/19 7:47,131.4203352,47.02288167,5209953.894,455931.8922,8.01916,194.8,TRUE,5.3,400,300
4900,2022/10/19 7:47,131.420322,47.02279367,5209944.118,455930.8163,7.81544,185.7,TRUE,5.3,400,300
4901,2022/10/19 7:47,131.4203197,47.02270717,5209934.503,455930.5703,8.55624,187.5,TRUE,5.3,400,300
4902,2022/10/19 7:47,131.4203037,47.02261983,5209924.802,455929.282,7.18576,192.8,TRUE,5.3,400,300
4903,2022/10/19 7:47,131.4202938,47.02254767,5209916.786,455928.47,8.63032,188.6,TRUE,5.3,400,300
4904,2022/10/19 7:47,131.4202797,47.02247017,5209908.178,455927.3343,8.2414,187.8,TRUE,5.3,393,300
4905,2022/10/19 7:47,131.4202698,47.02239117,5209899.401,455926.5166,6.61164,191.9,TRUE,5.3,400,300
4906,2022/10/19 7:47,131.4202482,47.02230317,5209889.63,455924.8021,7.1302,187.4,TRUE,5.3,400,300
4907,2022/10/19 7:47,131.42024,47.02223133,5209881.648,455924.1196,8.37104,186.3,TRUE,5.3,400,300
4908,2022/10/19 7:47,131.4202175,47.0221625,5209874.009,455922.3524,6.05604,189,TRUE,5.3,400,300
4909,2022/10/19 7:48,131.4202083,47.02208667,5209865.584,455921.5905,7.61172,186.7,TRUE,5.3,400,300
4910,2022/10/19 7:48,131.420201,47.02201383,5209857.491,455920.9756,7.14872,191.3,TRUE,5.3,400,300
4911,2022/10/19 7:48,131.420191,47.021937,5209848.955,455920.1521,7.20428,185.9,TRUE,5.3,398,300
4912,2022/10/19 7:48,131.4201828,47.021868,5209841.289,455919.4719,6.00048,181.6,TRUE,5.3,400,300
4913,2022/10/19 7:48,131.420177,47.02182683,5209836.715,455918.9971,3.704,208.5,TRUE,5.3,151,300
4914,2022/10/19 7:48,131.420125,47.0217955,5209833.261,455915.018,6.44496,275.8,FALSE,5.3,0,300
4915,2022/10/19 7:48,131.4200353,47.021796,5209833.368,455908.199,6.51904,281.1,FALSE,5.3,0,300
4916,2022/10/19 7:48,131.419958,47.02181417,5209835.431,455902.3372,4.59296,319.1,FALSE,5.3,0,300
4917,2022/10/19 7:48,131.4199322,47.02185517,5209840.004,455900.4096,5.1856,16.8,FALSE,5.3,0,300
4918,2022/10/19 7:48,131.4199587,47.021897,5209844.639,455902.4587,3.31508,41.8,TRUE,5.3,219,300
4919,2022/10/19 7:48,131.4199643,47.02190867,5209845.933,455902.894,5.88936,209.9,TRUE,5.3,136,300
4920,2022/10/19 7:48,131.419921,47.02185233,5209839.694,455899.5558,4.167,200.3,FALSE,5.3,0,300
4921,2022/10/19 7:48,131.419925,47.02181117,5209835.116,455899.826,1.81496,157.2,FALSE,5.3,0,300
4922,2022/10/19 7:48,131.4199312,47.02181317,5209835.335,455900.299,0,0,FALSE,5.3,0,300
4923,2022/10/19 7:48,131.419957,47.021844,5209838.748,455902.2858,1.0186,27.6,TRUE,5.3,400,300
4924,2022/10/19 7:49,131.4199725,47.0218665,5209841.24,455903.4827,4.57444,12.4,TRUE,5.3,400,300
4925,2022/10/19 7:49,131.420001,47.02193833,5209849.21,455905.7085,6.42644,8.5,TRUE,5.3,400,300
4926,2022/10/19 7:49,131.4200035,47.0220055,5209856.676,455905.9539,5.96344,8.8,TRUE,5.3,400,300
4927,2022/10/19 7:49,131.4200095,47.022071,5209863.954,455906.464,5.2782,14,TRUE,5.3,400,300
4928,2022/10/19 7:49,131.4200123,47.02213567,5209871.142,455906.7301,7.07464,3.2,TRUE,5.3,400,300
4929,2022/10/19 7:49,131.4200192,47.0222045,5209878.79,455907.3113,7.05612,9.4,TRUE,5.3,400,300
4930,2022/10/19 7:49,131.4200275,47.0222865,5209887.901,455908.0098,7.408,7.7,TRUE,5.3,400,300
4931,2022/10/19 7:49,131.4200365,47.02235833,5209895.882,455908.7532,7.90804,4.4,TRUE,5.3,354,300
4932,2022/10/19 7:49,131.4200337,47.02243583,5209904.499,455908.6041,7.94508,5.1,TRUE,5.3,400,300
4933,2022/10/19 7:49,131.4200437,47.022513,5209913.072,455909.4279,7.07464,6.1,TRUE,5.3,400,300
4934,2022/10/19 7:49,131.4200607,47.02258633,5209921.215,455910.7807,6.7598,13.6,TRUE,5.3,400,300
4935,2022/10/19 7:49,131.420076,47.02265917,5209929.304,455912.0038,6.90796,9.3,TRUE,5.3,400,300
4936,2022/10/19 7:49,131.4200895,47.02273233,5209937.43,455913.0904,8.315479,12.6,TRUE,5.3,400,300
4937,2022/10/19 7:49,131.4201035,47.022805,5209945.501,455914.2145,7.20428,12.2,TRUE,5.3,361,300
4938,2022/10/19 7:49,131.42011,47.02287767,5209953.576,455914.7685,7.6858,6.7,TRUE,5.3,400,300
4939,2022/10/19 7:50,131.4201395,47.02296617,5209963.398,455917.084,9.519279,3.1,TRUE,5.3,400,300
4940,2022/10/19 7:50,131.4201487,47.02306117,5209973.954,455917.8617,9.0748,7.9,TRUE,5.3,400,300
4941,2022/10/19 7:50,131.4201582,47.02315133,5209983.972,455918.6581,8.72292,13.8,TRUE,5.3,400,300
4942,2022/10/19 7:50,131.420171,47.023236,5209993.377,455919.7009,9.68596,7.6,TRUE,5.3,400,300
4943,2022/10/19 7:50,131.4201917,47.02332517,5210003.279,455921.3479,9.59336,10.4,TRUE,5.3,400,300
4944,2022/10/19 7:50,131.4201975,47.023419,5210013.707,455921.8661,9.13036,6.8,TRUE,5.3,400,300
4945,2022/10/19 7:50,131.4202005,47.0235045,5210023.21,455922.1645,8.537721,7.6,TRUE,5.3,375,300
4946,2022/10/19 7:50,131.4202173,47.02358667,5210032.335,455923.5094,8.167319,1.4,TRUE,5.3,400,300
4947,2022/10/19 7:50,131.4202213,47.02367183,5210041.801,455923.8835,8.29696,7,TRUE,5.3,400,300
4948,2022/10/19 7:50,131.4202405,47.0237675,5210052.425,455925.4219,9.574841,2.8,TRUE,5.3,400,300
4949,2022/10/19 7:50,131.4202493,47.02384733,5210061.295,455926.1566,7.63024,4,TRUE,5.3,383,300
4950,2022/10/19 7:50,131.4202648,47.02393417,5210070.941,455927.4064,8.11176,6,TRUE,5.3,349,300
4951,2022/10/19 7:50,131.4202768,47.02401167,5210079.55,455928.3825,7.79692,7.7,TRUE,5.3,400,300
4952,2022/10/19 7:50,131.4202793,47.02412733,5210092.406,455928.6677,7.01908,17.4,TRUE,5.3,400,300
4953,2022/10/19 7:50,131.420307,47.024204,5210100.914,455930.8366,7.94508,15.9,TRUE,5.3,377,300
4954,2022/10/19 7:51,131.4203198,47.02428117,5210109.486,455931.8732,8.57476,11.5,TRUE,5.3,400,300
4955,2022/10/19 7:51,131.4203282,47.02435417,5210117.597,455932.5718,8.13028,5,TRUE,5.3,400,300
4956,2022/10/19 7:51,131.4203388,47.024433,5210126.354,455933.4425,6.98204,8.2,TRUE,5.3,392,300
4957,2022/10/19 7:51,131.4203413,47.02450117,5210133.931,455933.6887,8.75996,9.9,TRUE,5.3,400,300
4958,2022/10/19 7:51,131.420351,47.02458867,5210143.653,455934.4981,8.29696,10.3,TRUE,5.3,400,300
4959,2022/10/19 7:51,131.4203593,47.02466,5210151.579,455935.1877,9.61188,357.7,TRUE,5.3,400,300
4960,2022/10/19 7:51,131.4203802,47.02473767,5210160.201,455936.8405,7.83396,11.5,TRUE,5.3,375,300
4961,2022/10/19 7:51,131.4203892,47.02482283,5210169.664,455937.5948,8.037681,8.1,TRUE,5.3,400,300
4962,2022/10/19 7:51,131.420401,47.02490533,5210178.829,455938.5597,8.537721,10.3,TRUE,5.3,400,300
4963,2022/10/19 7:51,131.4204082,47.02499133,5210188.385,455939.1778,8.667359,1.4,TRUE,5.3,400,300
4964,2022/10/19 7:51,131.4204212,47.025078,5210198.013,455940.2374,7.889521,4.2,TRUE,5.3,400,300
4965,2022/10/19 7:51,131.4204357,47.02515733,5210206.824,455941.4049,8.334,15,TRUE,5.3,399,300
4966,2022/10/19 7:51,131.4204435,47.02523417,5210215.362,455942.0611,9.48224,11,TRUE,5.3,400,300
4967,2022/10/19 7:51,131.4204653,47.02531783,5210224.651,455943.7872,7.778399,12.2,TRUE,5.3,400,300
4968,2022/10/19 7:51,131.420476,47.02539433,5210233.149,455944.6635,6.6672,13.1,TRUE,5.3,400,300
4969,2022/10/19 7:52,131.4204868,47.02546933,5210241.481,455945.5462,7.72284,9.1,TRUE,5.3,400,300
4970,2022/10/19 7:52,131.4205007,47.0255565,5210251.164,455946.6746,9.38964,14.8,TRUE,5.3,400,300
4971,2022/10/19 7:52,131.4205148,47.02563733,5210260.142,455947.813,8.537721,13.7,TRUE,5.3,400,300
4972,2022/10/19 7:52,131.420527,47.025703,5210267.436,455948.7945,4.63,17.5,TRUE,5.3,397,300
4973,2022/10/19 7:52,131.4205345,47.025779,5210275.88,455949.4271,7.07464,16.1,TRUE,5.3,400,300
4974,2022/10/19 7:52,131.4205572,47.02586017,5210284.891,455951.2195,8.94516,8.8,TRUE,5.3,400,300
4975,2022/10/19 7:52,131.4205678,47.02594783,5210294.631,455952.0974,7.94508,8.8,TRUE,5.3,400,300
4976,2022/10/19 7:52,131.4205773,47.02602817,5210303.557,455952.8857,8.81552,6.9,TRUE,5.3,400,300
4977,2022/10/19 7:52,131.4205792,47.02610917,5210312.56,455953.0968,8.40808,11.8,TRUE,5.3,400,300
4978,2022/10/19 7:52,131.4205908,47.0261865,5210321.151,455954.0422,8.46364,6.7,TRUE,5.3,400,300
4979,2022/10/19 7:52,131.420618,47.02627467,5210330.937,455956.1824,9.3526,8.2,TRUE,5.3,400,300
4980,2022/10/19 7:52,131.4206258,47.0263685,5210341.364,455956.8526,7.51912,12.4,TRUE,5.3,400,300
4981,2022/10/19 7:52,131.4206262,47.0264485,5210350.258,455956.9488,7.704319,12.1,TRUE,5.3,400,300
4982,2022/10/19 7:52,131.4206258,47.0265135,5210357.484,455956.9718,7.1302,11.2,TRUE,5.3,400,300
4983,2022/10/19 7:52,131.4206608,47.02658383,5210365.283,455959.6903,8.0562,10.6,TRUE,5.3,400,300
4984,2022/10/19 7:53,131.4206687,47.02667083,5210374.95,455960.3624,8.72292,8.2,TRUE,5.3,400,300
4985,2022/10/19 7:53,131.4206895,47.0267495,5210383.685,455962.0083,6.019,16.6,TRUE,5.3,398,300
4986,2022/10/19 7:53,131.4206977,47.026823,5210391.851,455962.6921,8.13028,11.7,TRUE,5.3,400,300
4987,2022/10/19 7:53,131.4207162,47.02690267,5210400.698,455964.1639,8.85256,10.9,TRUE,5.3,400,300
4988,2022/10/19 7:53,131.4207357,47.026989,5210410.284,455965.7173,8.96368,11.7,TRUE,5.3,400,300
4989,2022/10/19 7:53,131.4207475,47.027077,5210420.06,455966.6866,9.61188,9.7,TRUE,5.3,400,300
4990,2022/10/19 7:53,131.4207528,47.02716133,5210429.433,455967.1589,8.667359,12.4,TRUE,5.3,400,300
4991,2022/10/19 7:53,131.4207672,47.0272505,5210439.338,455968.3269,7.94508,10,TRUE,5.3,400,300
4992,2022/10/19 7:53,131.4207755,47.02732333,5210447.429,455969.0177,9.574841,10.3,TRUE,5.3,400,300
4993,2022/10/19 7:53,131.4207833,47.02740167,5210456.134,455969.675,8.20436,9.5,TRUE,5.3,400,300
4994,2022/10/19 7:53,131.420792,47.027488,5210465.727,455970.4074,7.11168,10,TRUE,5.3,400,300
4995,2022/10/19 7:53,131.4208048,47.02756067,5210473.798,455971.4401,7.79692,9.9,TRUE,5.3,400,300
4996,2022/10/19 7:53,131.4208187,47.02764067,5210482.684,455972.5626,9.31556,7.9,TRUE,5.3,400,300
4997,2022/10/19 7:53,131.4208338,47.02773517,5210493.181,455973.7881,7.2228,9.9,TRUE,5.3,362,300
4998,2022/10/19 7:53,131.420853,47.02780933,5210501.415,455975.3086,7.74136,11.6,TRUE,5.3,400,300
4999,2022/10/19 7:54,131.4208668,47.02789567,5210511.006,455976.4286,8.389561,6.9,TRUE,5.3,384,300
5000,2022/10/19 7:54,131.4208802,47.02797717,5210520.059,455977.5142,8.13028,11.2,TRUE,5.3,400,300
5001,2022/10/19 7:54,131.420899,47.02806567,5210529.887,455979.0161,8.55624,8.8,TRUE,5.3,400,300
5002,2022/10/19 7:54,131.4208993,47.028153,5210539.595,455979.1107,8.11176,12.3,TRUE,5.3,400,300
5003,2022/10/19 7:54,131.4209155,47.02823567,5210548.776,455980.4101,8.75996,7.6,TRUE,5.3,400,300
5004,2022/10/19 7:54,131.4209315,47.02832767,5210558.995,455981.702,8.4266,11.4,TRUE,5.3,400,300
5005,2022/10/19 7:54,131.4209552,47.02841817,5210569.043,455983.578,8.83404,11.2,TRUE,5.3,400,300
5006,2022/10/19 7:54,131.4209642,47.02849983,5210578.116,455984.3293,9.204439,8,TRUE,5.3,400,300
5007,2022/10/19 7:54,131.4209628,47.02857533,5210586.51,455984.2849,7.6858,15.3,TRUE,5.3,400,300
5008,2022/10/19 7:54,131.4209742,47.02866517,5210596.491,455985.2253,9.00072,7.3,TRUE,5.3,400,300
5009,2022/10/19 7:54,131.4209815,47.02876133,5210607.178,455985.8593,7.75988,9.4,TRUE,5.3,400,300
5010,2022/10/19 7:54,131.4209855,47.02884167,5210616.107,455986.2294,8.83404,11.3,TRUE,5.3,400,300
5011,2022/10/19 7:54,131.4210148,47.02891833,5210624.613,455988.5196,8.537721,9.9,TRUE,5.3,400,300
5012,2022/10/19 7:54,131.4210267,47.02898917,5210632.481,455989.4825,6.33384,9.4,TRUE,5.3,400,300
5013,2022/10/19 7:54,131.4210348,47.02904367,5210638.536,455990.143,4.37072,17.4,TRUE,5.3,369,300
5014,2022/10/19 7:55,131.4210348,47.02910817,5210645.706,455990.196,7.53764,12.9,TRUE,5.3,360,300
5015,2022/10/19 7:55,131.4210558,47.02917617,5210653.254,455991.8482,6.24124,11.4,TRUE,5.3,400,300
5016,2022/10/19 7:55,131.4210698,47.02924233,5210660.601,455992.9668,5.72268,10.6,TRUE,5.3,400,300
5017,2022/10/19 7:55,131.4210635,47.02930783,5210667.886,455992.5417,7.05612,10.2,TRUE,5.3,400,300
5018,2022/10/19 7:55,131.4210782,47.029366,5210674.345,455993.7069,4.88928,18,TRUE,5.3,397,300
5019,2022/10/19 7:55,131.4210895,47.0294345,5210681.954,455994.6222,5.24116,19.1,TRUE,5.3,400,300
5020,2022/10/19 7:55,131.4211105,47.02948817,5210687.909,455996.2626,5.7412,50.7,FALSE,5.3,0,300
5021,2022/10/19 7:55,131.4211772,47.0294855,5210687.574,456001.3305,6.37088,126.8,FALSE,5.3,0,300
5022,2022/10/19 7:55,131.4211862,47.029434,5210681.844,456001.9723,6.13012,188,FALSE,5.3,0,300
5023,2022/10/19 7:55,131.4211432,47.02938917,5210676.884,455998.6669,5.3708,200.8,FALSE,5.3,0,300
5024,2022/10/19 7:55,131.4211245,47.0293275,5210670.039,455997.1947,5.77824,189.2,TRUE,5.3,400,300
5025,2022/10/19 7:55,131.4211117,47.02926067,5210662.616,455996.1668,5.2782,187.8,TRUE,5.3,388,300
5026,2022/10/19 7:55,131.4211028,47.0292,5210655.877,455995.4404,6.14864,180.5,TRUE,5.3,400,300
5027,2022/10/19 7:55,131.4210897,47.0291295,5210648.047,455994.3867,6.68572,188.1,TRUE,5.3,400,300
5028,2022/10/19 7:55,131.4210912,47.0290545,5210639.708,455994.4391,5.90788,186.9,TRUE,5.3,354,300
5029,2022/10/19 7:56,131.4210815,47.02897583,5210630.967,455993.6371,8.01916,185.4,TRUE,5.3,395,300
5030,2022/10/19 7:56,131.4210585,47.028889,5210621.327,455991.8174,6.68572,184.3,TRUE,5.3,400,300
5031,2022/10/19 7:56,131.4210387,47.028809,5210612.445,455990.2465,6.53756,183.8,TRUE,5.3,400,300
5032,2022/10/19 7:56,131.4210325,47.02873233,5210603.925,455989.7122,6.88944,186.8,TRUE,5.3,400,300
5033,2022/10/19 7:56,131.4210292,47.02864383,5210594.088,455989.3886,7.44504,189.5,TRUE,5.3,400,300
5034,2022/10/19 7:56,131.4210263,47.0285695,5210585.826,455989.1071,6.24124,185.3,TRUE,5.3,400,300
5035,2022/10/19 7:56,131.4210152,47.028496,5210577.662,455988.2029,8.57476,190.7,TRUE,5.3,400,300
5036,2022/10/19 7:56,131.4209983,47.0284135,5210568.499,455986.8504,9.03776,190,TRUE,5.3,400,300
5037,2022/10/19 7:56,131.4209858,47.02831333,5210557.37,455985.8179,7.74136,186.2,TRUE,5.3,400,300
5038,2022/10/19 7:56,131.4209747,47.02823233,5210548.372,455984.9075,8.537721,187.6,TRUE,5.3,400,300
5039,2022/10/19 7:56,131.4209617,47.02815467,5210539.746,455983.8555,7.871,186.9,TRUE,5.3,400,300
5040,2022/10/19 7:56,131.4209488,47.0280725,5210530.618,455982.8073,8.519199,185.7,TRUE,5.3,400,300
5041,2022/10/19 7:56,131.4209255,47.02798467,5210520.867,455980.9639,8.75996,188.6,TRUE,5.3,400,300
5042,2022/10/19 7:56,131.420928,47.02789467,5210510.86,455981.08,7.81544,184.7,TRUE,5.3,395,300
5043,2022/10/19 7:56,131.4209122,47.0278355,5210504.291,455979.8303,9.0748,194.1,TRUE,5.3,400,300
5044,2022/10/19 7:57,131.4209055,47.02774733,5210494.493,455979.2485,8.2414,188.7,TRUE,5.3,400,300
5045,2022/10/19 7:57,131.4208873,47.02765567,5210484.313,455977.7896,7.35244,192.5,TRUE,5.3,360,300
5046,2022/10/19 7:57,131.4208767,47.0275625,5210473.961,455976.9072,8.94516,185.3,TRUE,5.3,400,300
5047,2022/10/19 7:57,131.4208597,47.02747767,5210464.54,455975.5452,8.22288,187.6,TRUE,5.3,400,300
5048,2022/10/19 7:57,131.4208407,47.02738933,5210454.73,455974.0283,8.29696,186.9,TRUE,5.3,400,300
5049,2022/10/19 7:57,131.4208408,47.02730417,5210445.263,455973.9658,7.3154,192.1,TRUE,5.3,400,300
5050,2022/10/19 7:57,131.4208215,47.02722367,5210436.324,455972.4325,8.27844,190.1,TRUE,5.3,400,300
5051,2022/10/19 7:57,131.4208123,47.02713733,5210426.731,455971.6622,8.46364,191.4,TRUE,5.3,400,300
5052,2022/10/19 7:57,131.4208062,47.0270505,5210417.081,455971.1271,8.59328,182.5,TRUE,5.3,382,300
5053,2022/10/19 7:57,131.420781,47.02695367,5210406.331,455969.1318,7.9636,180.4,TRUE,5.3,400,300
5054,2022/10/19 7:57,131.4207632,47.026863,5210396.261,455967.7041,8.55624,184.3,TRUE,5.3,400,300
5055,2022/10/19 7:57,131.4207648,47.02678133,5210387.181,455967.7586,8.83404,184.7,TRUE,5.3,365,300
5056,2022/10/19 7:57,131.4207508,47.02670367,5210378.555,455966.6305,8.48216,182.9,TRUE,5.3,400,300
5057,2022/10/19 7:57,131.4207403,47.0266215,5210369.426,455965.7647,8.40808,185.7,TRUE,5.3,400,300
5058,2022/10/19 7:57,131.4207302,47.0265215,5210358.315,455964.9147,8.185841,184,TRUE,5.3,400,300
5059,2022/10/19 7:58,131.4207113,47.02643167,5210348.339,455963.4041,8.6118,189,TRUE,5.3,395,300
5060,2022/10/19 7:58,131.4207085,47.02635567,5210339.891,455963.1287,8.37104,187.4,TRUE,5.3,396,300
5061,2022/10/19 7:58,131.4206952,47.02627683,5210331.134,455962.0528,8.74144,184,TRUE,5.3,400,300
5062,2022/10/19 7:58,131.4206695,47.02618167,5210320.57,455960.0209,8.00064,182.9,TRUE,5.3,395,300
5063,2022/10/19 7:58,131.4206593,47.0260885,5210310.218,455959.1689,8.81552,185,TRUE,5.3,398,300
5064,2022/10/19 7:58,131.4206602,47.0259915,5210299.433,455959.1575,8.40808,180.5,TRUE,5.3,400,300
5065,2022/10/19 7:58,131.4206413,47.02590917,5210290.291,455957.653,7.74136,192.5,TRUE,5.3,400,300
5066,2022/10/19 7:58,131.4206252,47.025833,5210281.833,455956.3665,8.44512,188.2,TRUE,5.3,400,300
5067,2022/10/19 7:58,131.4206225,47.02575717,5210273.404,455956.0989,9.3526,187.5,TRUE,5.3,400,300
5068,2022/10/19 7:58,131.4206217,47.02566567,5210263.232,455955.9628,8.167319,184.5,TRUE,5.3,356,300
5069,2022/10/19 7:58,131.4206005,47.02556667,5210252.238,455954.2697,8.334,184.7,TRUE,5.3,400,300
5070,2022/10/19 7:58,131.420577,47.025482,5210242.839,455952.4136,7.92656,193.6,TRUE,5.3,377,300
5071,2022/10/19 7:58,131.4205642,47.02539867,5210233.582,455951.372,8.09324,195.2,TRUE,5.3,400,300
5072,2022/10/19 7:58,131.4205655,47.02530617,5210223.298,455951.3948,8.44512,188.6,TRUE,5.3,394,300
5073,2022/10/19 7:58,131.4205498,47.02522233,5210213.986,455950.1323,9.40816,187,TRUE,5.3,400,300
5074,2022/10/19 7:59,131.4205292,47.0251345,5210204.234,455948.494,8.2414,187.9,TRUE,5.3,400,300
5075,2022/10/19 7:59,131.4205202,47.0250465,5210194.456,455947.7374,8.4266,188.3,TRUE,5.3,384,300
5076,2022/10/19 7:59,131.4205048,47.02496067,5210184.923,455946.4961,8.44512,181.3,TRUE,5.3,400,300
5077,2022/10/19 7:59,131.4204998,47.02487033,5210174.882,455946.0417,8.96368,191.1,TRUE,5.3,399,300
5078,2022/10/19 7:59,131.4204815,47.02478367,5210165.258,455944.5792,8.44512,187.5,TRUE,5.3,400,300
5079,2022/10/19 7:59,131.4204702,47.02470417,5210156.427,455943.6548,8.20436,188.7,TRUE,5.3,265,300
5080,2022/10/19 7:59,131.4204573,47.0246155,5210146.576,455942.6012,8.13028,190.2,TRUE,5.3,397,300
5081,2022/10/19 7:59,131.4204492,47.02452667,5210136.706,455941.9123,7.90804,185.9,TRUE,5.3,400,300
5082,2022/10/19 7:59,131.4204405,47.024434,5210126.408,455941.1747,8.00064,187.4,TRUE,5.3,400,300
5083,2022/10/19 7:59,131.4204222,47.024344,5210116.413,455939.7094,7.35244,188.9,TRUE,5.3,363,300
5084,2022/10/19 7:59,131.4204097,47.02425683,5210106.729,455938.6875,8.537721,178.8,TRUE,5.3,365,300
5085,2022/10/19 7:59,131.4203963,47.0241685,5210096.917,455937.5961,9.22296,189.9,TRUE,5.3,398,300
5086,2022/10/19 7:59,131.4203752,47.02407967,5210087.054,455935.9189,8.74144,183.7,TRUE,5.3,400,300
5087,2022/10/19 7:59,131.4203652,47.0239875,5210076.813,455935.0829,8.389561,185.7,TRUE,5.3,400,300
5088,2022/10/19 7:59,131.4203483,47.02390217,5210067.336,455933.7279,7.871,185.8,TRUE,5.3,400,300
5089,2022/10/19 8:00,131.4203298,47.02381,5210057.1,455932.2456,8.46364,188.7,TRUE,5.3,400,300
5090,2022/10/19 8:00,131.420322,47.023724,5210047.544,455931.5819,8.9822,186.3,TRUE,5.3,400,300
5091,2022/10/19 8:00,131.4203078,47.02362417,5210036.453,455930.4202,9.556319,187.7,TRUE,5.3,400,300
5092,2022/10/19 8:00,131.4202875,47.02353033,5210026.033,455928.7998,8.85256,191.2,TRUE,5.3,400,300
5093,2022/10/19 8:00,131.4202713,47.02344483,5210016.537,455927.4978,10.33416,182.1,TRUE,5.3,400,300
5094,2022/10/19 8:00,131.42026,47.02334533,5210005.481,455926.5569,7.63024,188,TRUE,5.3,400,300
5095,2022/10/19 8:00,131.4202505,47.02325633,5209995.593,455925.7614,8.889601,185.6,TRUE,5.3,383,300
5096,2022/10/19 8:00,131.420236,47.02316283,5209985.206,455924.5821,8.59328,189.6,TRUE,5.3,400,300
5097,2022/10/19 8:00,131.4202245,47.023076,5209975.56,455923.6364,8.83404,179.7,TRUE,5.3,400,300
5098,2022/10/19 8:00,131.4202158,47.02298233,5209965.151,455922.8979,8.96368,192.2,TRUE,5.3,400,300
5099,2022/10/19 8:00,131.420195,47.022888,5209954.676,455921.239,9.574841,180.4,TRUE,5.3,400,300
5100,2022/10/19 8:00,131.4201817,47.02280083,5209944.993,455920.1561,8.20436,191.2,TRUE,5.3,396,300
5101,2022/10/19 8:00,131.4201712,47.02271417,5209935.365,455919.2865,7.6858,191.1,TRUE,5.3,400,300
5102,2022/10/19 8:00,131.4201592,47.02263183,5209926.218,455918.3065,7.889521,192.3,TRUE,5.3,400,300
5103,2022/10/19 8:00,131.4201497,47.02256333,5209918.608,455917.5279,8.27844,178.4,TRUE,5.3,400,300
5104,2022/10/19 8:01,131.4201262,47.022469,5209908.134,455915.6637,8.90812,184,TRUE,5.3,400,300
5105,2022/10/19 8:01,131.4201148,47.02239133,5209899.506,455914.7331,7.74136,185.4,TRUE,5.3,397,300
5106,2022/10/19 8:01,131.4200828,47.022313,5209890.816,455912.2358,6.98204,177.7,TRUE,5.3,400,300
5107,2022/10/19 8:01,131.4200805,47.02224267,5209882.999,455912.003,7.42652,180.9,TRUE,5.3,398,300
5108,2022/10/19 8:01,131.4200788,47.02217367,5209875.329,455911.817,7.09316,189,TRUE,5.3,400,300
5109,2022/10/19 8:01,131.4200665,47.02209617,5209866.72,455910.8181,6.14864,179.1,TRUE,5.3,400,300
5110,2022/10/19 8:01,131.4200555,47.0220065,5209856.758,455909.908,7.42652,185.7,TRUE,5.3,400,300
5111,2022/10/19 8:01,131.42005,47.02194317,5209849.72,455909.4377,5.25968,187,TRUE,5.3,400,300
5112,2022/10/19 8:01,131.4200348,47.02188733,5209843.521,455908.2362,5.14856,182.6,TRUE,5.3,400,300
5113,2022/10/19 8:01,131.4200197,47.02183883,5209838.138,455907.0483,4.50036,207.5,TRUE,5.3,356,300
5114,2022/10/19 8:01,131.4199662,47.02180667,5209834.593,455902.9545,6.18568,262,FALSE,5.3,0,300
5115,2022/10/19 8:01,131.4198803,47.021817,5209835.789,455896.4325,4.83372,289.8,FALSE,5.3,0,300
5116,2022/10/19 8:01,131.4198365,47.02185433,5209839.964,455893.1333,5.98196,0.5,FALSE,5.3,0,300
5117,2022/10/19 8:01,131.4198572,47.02189867,5209844.882,455894.7435,4.87076,19,TRUE,5.3,358,300
5118,2022/10/19 8:01,131.419855,47.021948,5209850.367,455894.6169,5.29672,19.7,TRUE,5.3,400,300
5119,2022/10/19 8:02,131.4198755,47.0220095,5209857.192,455896.2261,5.05596,10.9,TRUE,5.3,400,300
5120,2022/10/19 8:02,131.4198917,47.02205333,5209862.056,455897.4938,4.00032,5.8,TRUE,5.3,400,300
5121,2022/10/19 8:02,131.4199095,47.02213367,5209870.977,455898.9132,7.72284,7.2,TRUE,5.3,400,300
5122,2022/10/19 8:02,131.4199197,47.02219667,5209877.975,455899.7405,6.24124,24.6,TRUE,5.3,353,300
5123,2022/10/19 8:02,131.419928,47.02224017,5209882.807,455900.4073,7.889521,9.1,TRUE,5.3,400,300
5124,2022/10/19 8:02,131.4199413,47.0223295,5209892.73,455901.492,7.66728,8.7,TRUE,5.3,400,300
5125,2022/10/19 8:02,131.4199385,47.02240633,5209901.273,455901.3424,7.55616,11.2,TRUE,5.3,400,300
5126,2022/10/19 8:02,131.4199438,47.02247383,5209908.774,455901.8009,6.24124,5.6,TRUE,5.3,364,300
5127,2022/10/19 8:02,131.4199495,47.02254617,5209916.813,455902.2938,7.42652,18.2,TRUE,5.3,400,300
5128,2022/10/19 8:02,131.4199537,47.02261633,5209924.61,455902.6709,8.519199,12,TRUE,5.3,400,300
5129,2022/10/19 8:02,131.4199808,47.02270683,5209934.656,455904.8056,6.6672,11.3,TRUE,5.3,398,300
5130,2022/10/19 8:02,131.4199995,47.0227775,5209942.502,455906.2855,5.29672,14.1,TRUE,5.3,327,300
5131,2022/10/19 8:02,131.4200015,47.02285817,5209951.469,455906.5039,6.77832,12.9,TRUE,5.3,371,300
5132,2022/10/19 8:02,131.420025,47.02293233,5209959.7,455908.3515,8.00064,15.1,TRUE,5.3,400,300
5133,2022/10/19 8:02,131.4200305,47.02301183,5209968.535,455908.8351,7.38948,6.8,TRUE,5.3,400,300
5134,2022/10/19 8:03,131.4200475,47.02310717,5209979.125,455910.206,9.00072,9.2,TRUE,5.3,400,300
5135,2022/10/19 8:03,131.4200572,47.02319633,5209989.031,455911.0168,7.90804,7.2,TRUE,5.3,400,300
5136,2022/10/19 8:03,131.4200667,47.02328017,5209998.346,455911.8081,8.334,5.4,TRUE,5.3,400,300
5137,2022/10/19 8:03,131.4200872,47.02336133,5210007.357,455913.4333,8.27844,13.8,TRUE,5.3,400,300
5138,2022/10/19 8:03,131.420082,47.02342167,5210014.068,455913.0877,6.77832,20.9,TRUE,5.3,400,300
5139,2022/10/19 8:03,131.4200938,47.02348183,5210020.75,455914.0343,8.83404,3.9,TRUE,5.3,400,300
5140,2022/10/19 8:03,131.420108,47.02355567,5210028.951,455915.1746,8.519199,17.4,TRUE,5.3,400,300
5141,2022/10/19 8:03,131.4201135,47.02364417,5210038.786,455915.6656,8.01916,5.9,TRUE,5.3,398,300
5142,2022/10/19 8:03,131.4201267,47.02373933,5210049.358,455916.7474,7.90804,11.8,TRUE,5.3,400,300
5143,2022/10/19 8:03,131.4201517,47.023841,5210060.646,455918.7317,8.35252,9.9,TRUE,5.3,396,300
5144,2022/10/19 8:03,131.420164,47.0239315,5210070.701,455919.7412,9.40816,7.9,TRUE,5.3,400,300
5145,2022/10/19 8:03,131.4201852,47.02401833,5210080.342,455921.4244,7.53764,19.4,TRUE,5.3,400,300
5146,2022/10/19 8:03,131.4202203,47.0240885,5210088.123,455924.1505,8.22288,0.8,TRUE,5.3,400,300
5147,2022/10/19 8:03,131.420236,47.0241785,5210098.119,455925.4181,7.81544,9.5,TRUE,5.3,400,300
5148,2022/10/19 8:03,131.4202292,47.02425733,5210106.887,455924.966,7.44504,359.5,TRUE,5.3,400,300
5149,2022/10/19 8:04,131.4202432,47.024334,5210115.402,455926.0934,8.29696,5.7,TRUE,5.3,400,300
5150,2022/10/19 8:04,131.4202573,47.02441,5210123.843,455927.2279,6.70424,10.7,TRUE,5.3,394,300
5151,2022/10/19 8:04,131.4202722,47.02448517,5210132.192,455928.4225,6.83388,11.9,TRUE,5.3,400,300
5152,2022/10/19 8:04,131.4202818,47.02456083,5210140.597,455929.2145,7.852479,14.8,TRUE,5.3,400,300
5153,2022/10/19 8:04,131.4202842,47.0246205,5210147.23,455929.4461,7.11168,11.6,TRUE,5.3,400,300
5154,2022/10/19 8:04,131.4202797,47.02469983,5210156.051,455929.1693,6.1116,12.1,TRUE,5.3,400,300
5155,2022/10/19 8:04,131.420298,47.024784,5210165.398,455930.6297,9.29704,6.7,TRUE,5.3,398,300
5156,2022/10/19 8:04,131.4203152,47.02485967,5210173.801,455931.9996,8.871079,7.7,TRUE,5.3,400,300
5157,2022/10/19 8:04,131.4203422,47.02495683,5210184.587,455934.1321,9.05628,9.7,TRUE,5.3,397,300
5158,2022/10/19 8:04,131.4203553,47.02505333,5210195.308,455935.2073,9.05628,3.1,TRUE,5.3,400,300
5159,2022/10/19 8:04,131.4203747,47.02513183,5210204.024,455936.7467,8.40808,9.1,TRUE,5.3,395,300
5160,2022/10/19 8:04,131.4203798,47.02521367,5210213.119,455937.2018,9.64892,4.2,TRUE,5.3,400,300
5161,2022/10/19 8:04,131.420394,47.02529683,5210222.356,455938.3497,9.09332,15.1,TRUE,5.3,400,300
5162,2022/10/19 8:04,131.4204055,47.025383,5210231.929,455939.2948,8.4266,7.9,TRUE,5.3,371,300
5163,2022/10/19 8:04,131.4204135,47.02547883,5210242.578,455939.9818,8.48216,7.9,TRUE,5.3,400,300
5164,2022/10/19 8:05,131.4204208,47.025571,5210252.821,455940.6126,9.519279,10.1,TRUE,5.3,400,300
5165,2022/10/19 8:05,131.420447,47.02566317,5210263.053,455942.6801,6.74128,11.1,TRUE,5.3,368,300
5166,2022/10/19 8:05,131.4204597,47.02573183,5210270.678,455943.7021,9.204439,14.1,TRUE,5.3,400,300
5167,2022/10/19 8:05,131.4204722,47.02582083,5210280.566,455944.7256,9.204439,14.4,TRUE,5.3,400,300
5168,2022/10/19 8:05,131.4204848,47.02592083,5210291.676,455945.7657,8.96368,0.2,TRUE,5.3,400,300
5169,2022/10/19 8:05,131.4204925,47.02601583,5210302.233,455946.4292,9.09332,9.8,TRUE,0,398,300
5170,2022/10/19 8:05,131.4205115,47.02610533,5210312.172,455947.9472,9.204439,4.8,TRUE,0,400,300
5171,2022/10/19 8:05,131.4205208,47.02620483,5210323.228,455948.736,8.797,12.1,TRUE,5.3,400,300
5172,2022/10/19 8:05,131.4205288,47.02629733,5210333.507,455949.4202,8.2414,2.1,TRUE,5.3,363,300
5173,2022/10/19 8:05,131.4205427,47.026391,5210343.912,455950.5539,7.5932,7.3,TRUE,5.3,400,300
5174,2022/10/19 8:05,131.4205735,47.02646933,5210352.603,455952.9597,7.66728,10.3,TRUE,5.3,400,300
5175,2022/10/19 8:05,131.4205855,47.0265535,5210361.954,455953.9412,8.96368,10.6,TRUE,5.3,394,300
5176,2022/10/19 8:05,131.4205938,47.02664383,5210371.991,455954.6465,8.40808,6.2,TRUE,5.3,400,300
5177,2022/10/19 8:05,131.4206135,47.026729,5210381.448,455956.2141,7.38948,9.9,TRUE,5.3,400,300
5178,2022/10/19 8:05,131.4206127,47.02681383,5210390.879,455956.223,7.55616,11.1,TRUE,5.3,365,300
5179,2022/10/19 8:06,131.4206302,47.02689417,5210399.801,455957.6194,8.797,13.3,TRUE,5.3,400,300
5180,2022/10/19 8:06,131.4206525,47.02697967,5210409.294,455959.3849,9.31556,3.6,TRUE,5.3,369,300
5181,2022/10/19 8:06,131.4206608,47.02706033,5210418.256,455960.0822,8.334,10.7,TRUE,5.3,400,300
5182,2022/10/19 8:06,131.4206748,47.02713417,5210426.457,455961.2072,8.46364,7.9,TRUE,5.3,400,300
5183,2022/10/19 8:06,131.4206935,47.02722967,5210437.063,455962.7073,8.11176,8.4,TRUE,5.3,400,300
5184,2022/10/19 8:06,131.4207073,47.02731133,5210446.134,455963.8235,9.18592,7.5,TRUE,5.3,400,300
5185,2022/10/19 8:06,131.4207142,47.02740783,5210456.858,455964.4273,8.74144,10.7,TRUE,5.3,400,300
5186,2022/10/19 8:06,131.4207202,47.02748517,5210465.452,455964.9471,7.90804,10.6,TRUE,5.3,400,300
5187,2022/10/19 8:06,131.4207348,47.027558,5210473.541,455966.1168,8.2414,7.6,TRUE,5.3,400,300
5188,2022/10/19 8:06,131.4207552,47.0276435,5210483.034,455967.7378,7.889521,12.3,TRUE,5.3,400,300
5189,2022/10/19 8:06,131.4207685,47.02773367,5210493.051,455968.823,7.51912,3.2,TRUE,5.3,400,300
5190,2022/10/19 8:06,131.4207757,47.0278105,5210501.588,455969.4335,10.186,3.9,TRUE,5.3,373,300
5191,2022/10/19 8:06,131.4207883,47.02790017,5210511.55,455970.4651,7.53764,5.2,TRUE,5.3,400,300
5192,2022/10/19 8:06,131.4207938,47.02799117,5210521.664,455970.958,8.2414,10.8,TRUE,5.3,400,300
5193,2022/10/19 8:06,131.420806,47.02807417,5210530.884,455971.9536,7.92656,8.2,TRUE,5.3,400,300
5194,2022/10/19 8:07,131.420823,47.02815733,5210540.119,455973.3143,7.05612,9.1,TRUE,5.3,400,300
5195,2022/10/19 8:07,131.420833,47.02823317,5210548.545,455974.1368,6.90796,6.8,TRUE,5.3,400,300
5196,2022/10/19 8:07,131.4208463,47.02830317,5210556.319,455975.2054,8.40808,4,TRUE,5.3,400,300
5197,2022/10/19 8:07,131.420862,47.028384,5210565.297,455976.4653,8.96368,8.4,TRUE,5.3,400,300
5198,2022/10/19 8:07,131.4208763,47.02847083,5210574.941,455977.6237,7.9636,11.5,TRUE,5.3,400,300
5199,2022/10/19 8:07,131.4208855,47.02854783,5210583.496,455978.3863,9.22296,14.7,TRUE,5.3,400,300
5200,2022/10/19 8:07,131.4208932,47.02864217,5210593.98,455979.0492,7.5932,7.1,TRUE,5.3,400,300
5201,2022/10/19 8:07,131.4208947,47.0287245,5210603.132,455979.2309,6.6672,1.1,TRUE,5.3,400,300
5202,2022/10/19 8:07,131.4208945,47.028794,5210610.858,455979.2729,8.797,2.9,TRUE,5.3,394,300
5203,2022/10/19 8:07,131.4209112,47.02886967,5210619.261,455980.6045,6.27828,9.7,TRUE,5.3,400,300
5204,2022/10/19 8:07,131.4209235,47.02895567,5210628.815,455981.6102,8.11176,9.8,TRUE,5.3,400,300
5205,2022/10/19 8:07,131.4209398,47.02904233,5210638.44,455982.9205,7.57468,8.5,TRUE,5.3,272,300
5206,2022/10/19 8:07,131.4209658,47.02913483,5210648.709,455984.9729,8.63032,6.3,TRUE,5.3,400,300
5207,2022/10/19 8:07,131.4209813,47.0292275,5210659.002,455986.2273,7.3154,7.4,TRUE,5.3,391,300
5208,2022/10/19 8:07,131.4209795,47.0292905,5210666.007,455986.1423,6.16716,6.4,TRUE,5.3,400,300
5209,2022/10/19 8:08,131.4209835,47.029341,5210671.619,455986.4879,5.31524,13.2,TRUE,5.3,400,300
5210,2022/10/19 8:08,131.4209983,47.029401,5210678.281,455987.6622,6.5746,6.8,TRUE,5.3,400,300
5211,2022/10/19 8:08,131.4210222,47.0294545,5210684.215,455989.5229,5.61156,52.4,FALSE,5.3,0,300
5212,2022/10/19 8:08,131.4210858,47.02947067,5210685.977,455994.3707,7.16724,137.4,FALSE,5.3,0,300
5213,2022/10/19 8:08,131.421096,47.02941067,5210679.301,455995.0967,6.37088,193.4,FALSE,5.3,0,300
5214,2022/10/19 8:08,131.421047,47.0293605,5210673.751,455991.3308,5.07448,206.4,FALSE,5.3,0,300
5215,2022/10/19 8:08,131.4210323,47.029369,5210674.704,455990.2204,4.74112,21.1,FALSE,5.3,0,300
5216,2022/10/19 8:08,131.4210447,47.02943383,5210681.905,455991.2162,5.4634,3.2,FALSE,5.3,0,300
5217,2022/10/19 8:08,131.4210383,47.02944817,5210683.502,455990.7415,7.27836,186.5,TRUE,5.3,359,300
5218,2022/10/19 8:08,131.4210387,47.02936133,5210673.848,455990.7005,4.75964,191.1,TRUE,5.3,400,300
5219,2022/10/19 8:08,131.4210283,47.0293015,5210667.202,455989.8608,5.13004,198.5,TRUE,5.3,400,300
5220,2022/10/19 8:08,131.421027,47.02925683,5210662.237,455989.7253,6.37088,185.1,TRUE,5.3,400,300
5221,2022/10/19 8:08,131.4210245,47.02918967,5210654.772,455989.48,6.83388,190,TRUE,5.3,400,300
5222,2022/10/19 8:08,131.4210123,47.0291125,5210646.2,455988.4892,7.92656,187.7,TRUE,5.3,395,300
5223,2022/10/19 8:08,131.4210085,47.02904317,5210638.495,455988.1434,7.42652,188.6,TRUE,5.3,400,300
5224,2022/10/19 8:09,131.4209892,47.02895833,5210629.074,455986.6066,7.00056,190.1,TRUE,5.3,400,300
5225,2022/10/19 8:09,131.4209747,47.0288825,5210620.652,455985.442,7.90804,186.9,TRUE,5.3,369,300
5226,2022/10/19 8:09,131.4209755,47.02880383,5210611.906,455985.4381,8.64884,190.3,TRUE,5.3,400,300
5227,2022/10/19 8:09,131.4209658,47.02872083,5210602.684,455984.6326,8.25992,191.6,TRUE,5.3,400,300
5228,2022/10/19 8:09,131.4209485,47.028638,5210593.485,455983.2494,8.871079,184,TRUE,5.3,400,300
5229,2022/10/19 8:09,131.420933,47.02855317,5210584.063,455982.0014,8.96368,188.5,TRUE,5.3,400,300
5230,2022/10/19 8:09,131.4209248,47.02846367,5210574.118,455981.3045,7.66728,190.1,TRUE,5.3,400,300
5231,2022/10/19 8:09,131.4209113,47.028374,5210564.157,455980.2046,8.27844,186.8,TRUE,5.3,400,300
5232,2022/10/19 8:09,131.4208958,47.028286,5210554.383,455978.954,9.13036,193.1,TRUE,5.3,400,300
5233,2022/10/19 8:09,131.4208892,47.0281965,5210544.437,455978.3787,8.64884,184.5,TRUE,5.3,360,300
5234,2022/10/19 8:09,131.4208763,47.02811517,5210535.402,455977.3312,8.59328,185.4,TRUE,5.3,400,300
5235,2022/10/19 8:09,131.420868,47.028024,5210525.272,455976.6254,9.40816,191.1,TRUE,5.3,400,300
5236,2022/10/19 8:09,131.4208568,47.02793483,5210515.365,455975.7007,8.2414,188.4,TRUE,5.3,369,300
5237,2022/10/19 8:09,131.4208372,47.02786217,5210507.298,455974.151,9.8156,186.3,TRUE,5.3,400,300
5238,2022/10/19 8:09,131.420826,47.02778067,5210498.244,455973.2326,7.5006,186.8,TRUE,5.3,400,300
5239,2022/10/19 8:10,131.4208148,47.02769483,5210488.707,455972.3106,7.66728,185.6,TRUE,5.3,400,300
5240,2022/10/19 8:10,131.4208095,47.02761067,5210479.354,455971.8385,7.92656,181.7,TRUE,5.3,400,300
5241,2022/10/19 8:10,131.4207937,47.027532,5210470.617,455970.5728,8.74144,190.6,TRUE,5.3,400,300
5242,2022/10/19 8:10,131.4207905,47.0274525,5210461.781,455970.2642,8.7044,182,TRUE,5.3,400,300
5243,2022/10/19 8:10,131.4207652,47.027362,5210451.734,455968.2665,8.25992,186.3,TRUE,5.3,400,300
5244,2022/10/19 8:10,131.4207613,47.027279,5210442.509,455967.9018,7.72284,188.8,TRUE,5.3,400,300
5245,2022/10/19 8:10,131.4207458,47.02719133,5210432.772,455966.6514,8.07472,185.3,TRUE,5.3,400,300
5246,2022/10/19 8:10,131.4207362,47.02711033,5210423.772,455965.8551,8.07472,188.5,TRUE,5.3,396,300
5247,2022/10/19 8:10,131.4207235,47.02702517,5210414.312,455964.8196,7.57468,189.3,TRUE,5.3,400,300
5248,2022/10/19 8:10,131.420717,47.02694217,5210405.088,455964.2572,7.64876,187.4,TRUE,5.3,400,300
5249,2022/10/19 8:10,131.4206992,47.02685583,5210395.5,455962.8331,8.44512,185,TRUE,5.3,400,300
5250,2022/10/19 8:10,131.4206853,47.02677567,5210386.596,455961.7105,6.68572,185,TRUE,5.3,314,300
5251,2022/10/19 8:10,131.4206828,47.02668917,5210376.981,455961.4493,8.2414,185.8,TRUE,5.3,400,300
5252,2022/10/19 8:10,131.420667,47.02661,5210368.189,455960.1831,7.81544,188.8,TRUE,5.3,400,300
5253,2022/10/19 8:10,131.4206497,47.02652383,5210358.619,455958.7972,7.9636,187.9,TRUE,5.3,400,300
5254,2022/10/19 8:11,131.420644,47.02644633,5210350.006,455958.3001,8.11176,185.4,TRUE,5.3,399,300
5255,2022/10/19 8:11,131.4206302,47.02635567,5210339.935,455957.1765,8.50068,191.4,TRUE,5.3,395,300
5256,2022/10/19 8:11,131.4206185,47.02627783,5210331.288,455956.223,9.741521,187.3,TRUE,5.3,400,300
5257,2022/10/19 8:11,131.4206107,47.02618833,5210321.343,455955.5565,9.40816,188.3,TRUE,5.3,400,300
5258,2022/10/19 8:11,131.4205967,47.02609733,5210311.234,455954.4174,8.667359,187.3,TRUE,5.3,400,300
5259,2022/10/19 8:11,131.4205838,47.02601217,5210301.774,455953.3667,8.871079,185.7,TRUE,5.3,400,300
5260,2022/10/19 8:11,131.4205712,47.025926,5210292.202,455952.338,9.426681,186.2,TRUE,5.3,400,300
5261,2022/10/19 8:11,131.4205625,47.02584033,5210282.683,455951.6061,8.7044,189.6,TRUE,5.3,400,300
5262,2022/10/19 8:11,131.420543,47.02575117,5210272.782,455950.0504,10.11192,179.9,TRUE,5.3,400,300
5263,2022/10/19 8:11,131.4205305,47.0256695,5210263.709,455949.033,8.72292,191.7,TRUE,5.3,400,300
5264,2022/10/19 8:11,131.4205198,47.02557933,5210253.691,455948.1454,8.797,187,TRUE,5.3,400,300
5265,2022/10/19 8:11,131.420511,47.0254885,5210243.598,455947.4017,9.4452,186.9,TRUE,5.3,400,300
5266,2022/10/19 8:11,131.4204972,47.025398,5210233.545,455946.2782,8.74144,187.6,TRUE,5.3,400,300
5267,2022/10/19 8:11,131.4204828,47.02530733,5210223.473,455945.1089,9.29704,187.9,TRUE,5.3,394,300
5268,2022/10/19 8:11,131.420474,47.02521767,5210213.511,455944.3661,9.40816,188,TRUE,5.3,400,300
5269,2022/10/19 8:12,131.4204597,47.02513267,5210204.069,455943.2091,8.85256,184.5,TRUE,5.3,400,300
5270,2022/10/19 8:12,131.4204455,47.02504383,5210194.201,455942.0565,9.00072,187.7,TRUE,5.3,400,300
5271,2022/10/19 8:12,131.4204305,47.02495133,5210183.926,455940.8401,7.79692,187.1,TRUE,5.3,400,300
5272,2022/10/19 8:12,131.4204217,47.024867,5210174.556,455940.1018,8.63032,192.9,TRUE,5.3,400,300
5273,2022/10/19 8:12,131.4204117,47.02478283,5210165.204,455939.2723,8.037681,183.6,TRUE,5.3,400,300
5274,2022/10/19 8:12,131.4203937,47.02469967,5210155.969,455937.8355,6.27828,196,TRUE,5.3,400,300
5275,2022/10/19 8:12,131.4203857,47.02461733,5210146.82,455937.1596,9.05628,187.7,TRUE,5.3,400,300
5276,2022/10/19 8:12,131.4203683,47.02452833,5210136.936,455935.7636,7.25984,188,TRUE,5.3,399,300
5277,2022/10/19 8:12,131.4203617,47.0244485,5210128.065,455935.1962,7.33392,180.2,TRUE,5.3,396,300
5278,2022/10/19 8:12,131.4203508,47.02437117,5210119.474,455934.3039,7.24132,192.3,TRUE,5.3,398,300
5279,2022/10/19 8:12,131.4203325,47.02428717,5210110.146,455932.8436,7.63024,187.5,TRUE,5.3,400,300
5280,2022/10/19 8:12,131.4203247,47.0242015,5210100.626,455932.1801,7.24132,189.4,TRUE,5.3,400,300
5281,2022/10/19 8:12,131.420308,47.024122,5210091.798,455930.8451,7.74136,184.9,TRUE,5.3,400,300
5282,2022/10/19 8:12,131.4202865,47.02403883,5210082.564,455929.1422,8.00064,192.8,TRUE,5.3,400,300
5283,2022/10/19 8:12,131.4202835,47.02395217,5210072.931,455928.8428,8.96368,185.7,TRUE,5.3,400,300
5284,2022/10/19 8:13,131.4202677,47.02387383,5210064.231,455927.5772,8.2414,185.6,TRUE,5.3,400,300
5285,2022/10/19 8:13,131.4202607,47.02378767,5210054.656,455926.9742,9.167399,191.9,TRUE,5.3,400,300
5286,2022/10/19 8:13,131.42024,47.02369767,5210044.663,455925.3264,9.18592,189,TRUE,5.3,400,300
5287,2022/10/19 8:13,131.4202272,47.02361767,5210035.776,455924.2875,10.05636,189,TRUE,5.3,371,300
5288,2022/10/19 8:13,131.4202147,47.02350233,5210022.961,455923.2423,8.81552,191.1,TRUE,5.3,400,300
5289,2022/10/19 8:13,131.4202063,47.02341033,5210012.738,455922.528,8.20436,186.7,TRUE,5.3,399,300
5290,2022/10/19 8:13,131.4201953,47.02332183,5210002.905,455921.6189,7.81544,182.8,TRUE,5.3,400,300
5291,2022/10/19 8:13,131.4201828,47.02323017,5209992.722,455920.5931,8.57476,186,TRUE,5.3,399,300
5292,2022/10/19 8:13,131.4201648,47.02314267,5209983.005,455919.1527,8.75996,195.1,TRUE,5.3,378,300
5293,2022/10/19 8:13,131.4201487,47.02306017,5209973.843,455917.8608,10.26008,184.6,TRUE,5.3,400,300
5294,2022/10/19 8:13,131.4201363,47.022972,5209964.048,455916.8456,8.83404,186,TRUE,5.3,400,300
5295,2022/10/19 8:13,131.4201175,47.02288367,5209954.238,455915.3436,7.852479,180.3,TRUE,5.3,375,300
5296,2022/10/19 8:13,131.4201045,47.02280233,5209945.203,455914.2884,7.98212,188.7,TRUE,5.3,400,300
5297,2022/10/19 8:13,131.4200907,47.022718,5209935.836,455913.1698,9.03776,190.2,TRUE,5.3,400,300
5298,2022/10/19 8:14,131.420083,47.02263133,5209926.205,455912.5131,8.4266,178,TRUE,5.3,398,300
5299,2022/10/19 8:14,131.4200683,47.02255017,5209917.191,455911.3287,8.11176,183.1,TRUE,5.3,400,300
5300,2022/10/19 8:14,131.4200487,47.02246383,5209907.603,455909.7676,8.519199,185.3,TRUE,5.3,400,300
5301,2022/10/19 8:14,131.4200405,47.0223855,5209898.9,455909.0797,8.871079,187,TRUE,5.3,400,300
5302,2022/10/19 8:14,131.4200348,47.0223005,5209889.454,455908.5764,8.01916,185.6,TRUE,5.3,400,300
5303,2022/10/19 8:14,131.4200245,47.0222175,5209880.232,455907.725,5.94492,184.9,TRUE,5.3,400,300
5304,2022/10/19 8:14,131.4200108,47.02214967,5209872.699,455906.6276,5.94492,187,TRUE,5.3,400,300
5305,2022/10/19 8:14,131.4200025,47.02207617,5209864.533,455905.9361,5.33376,188.4,TRUE,5.3,400,300
5306,2022/10/19 8:14,131.4199905,47.0220065,5209856.794,455904.9664,7.463561,192.2,TRUE,5.3,400,300
5307,2022/10/19 8:14,131.41998,47.02193633,5209848.999,455904.1104,6.09308,189.7,TRUE,5.3,400,300
5308,2022/10/19 8:14,131.419971,47.021878,5209842.52,455903.3781,5.6486,187,TRUE,5.3,397,300
5309,2022/10/19 8:14,131.4199583,47.02182717,5209836.876,455902.3708,5.53748,205.3,TRUE,5.3,212,300
5310,2022/10/19 8:14,131.419908,47.02180333,5209834.254,455898.5271,6.25976,260.4,FALSE,5.3,0,300
5311,2022/10/19 8:14,131.4198288,47.02181533,5209835.633,455892.5158,6.482,284.2,FALSE,5.3,0,300
5312,2022/10/19 8:14,131.4197273,47.02181533,5209835.69,455884.7993,6.79684,274.1,FALSE,5.3,0,300
5313,2022/10/19 8:15,131.4196593,47.021831,5209837.47,455879.6425,4.79668,322.1,FALSE,5.3,0,300
5314,2022/10/19 8:15,131.4196518,47.021882,5209843.144,455879.1143,3.62992,352.3,TRUE,5.3,400,300
5315,2022/10/19 8:15,131.4196682,47.0219125,5209846.526,455880.3863,5.11152,17.6,TRUE,5.3,400,300
5316,2022/10/19 8:15,131.4196862,47.02194333,5209849.943,455881.7801,5.3708,16.9,TRUE,5.3,400,300
5317,2022/10/19 8:15,131.4196932,47.02199483,5209855.664,455882.3547,5.7412,11.9,TRUE,5.3,400,300
5318,2022/10/19 8:15,131.4196965,47.022075,5209864.575,455882.6716,6.77832,6.6,TRUE,5.3,400,300
5319,2022/10/19 8:15,131.4196992,47.02214867,5209872.763,455882.9376,5.38932,6.6,TRUE,5.3,400,300
5320,2022/10/19 8:15,131.4197098,47.02221217,5209879.817,455883.7958,7.83396,3.6,TRUE,5.3,400,300
5321,2022/10/19 8:15,131.4197288,47.0222815,5209887.514,455885.2973,6.61164,12.5,TRUE,5.3,400,300
5322,2022/10/19 8:15,131.4197392,47.02235117,5209895.253,455886.1454,7.16724,6.8,TRUE,5.3,400,300
5323,2022/10/19 8:15,131.4197417,47.022422,5209903.126,455886.3938,6.945,8.5,TRUE,5.3,400,300
5324,2022/10/19 8:15,131.419747,47.02249633,5209911.386,455886.8579,7.57468,11.1,TRUE,5.3,400,300
5325,2022/10/19 8:15,131.4197575,47.022567,5209919.237,455887.7144,7.63024,9,TRUE,5.3,400,300
5326,2022/10/19 8:15,131.4197677,47.0226465,5209928.069,455888.5553,6.37088,8.8,TRUE,5.3,400,300
5327,2022/10/19 8:15,131.4197815,47.0227245,5209936.733,455889.6687,6.8524,14.7,TRUE,5.3,400,300
5328,2022/10/19 8:16,131.4198067,47.02279433,5209944.481,455891.642,7.704319,8.5,TRUE,5.3,400,300
5329,2022/10/19 8:16,131.4198193,47.022873,5209953.22,455892.6647,8.667359,4.5,TRUE,5.3,400,300
5330,2022/10/19 8:16,131.4198275,47.0229525,5209962.054,455893.3536,7.9636,17.9,TRUE,5.3,400,300
5331,2022/10/19 8:16,131.4198418,47.02304167,5209971.959,455894.5141,7.29688,11.3,TRUE,5.3,400,300
5332,2022/10/19 8:16,131.4198463,47.0231175,5209980.386,455894.9187,8.40808,4.7,TRUE,5.3,400,300
5333,2022/10/19 8:16,131.419858,47.02319833,5209989.366,455895.8747,8.334,13.7,TRUE,5.3,400,300
5334,2022/10/19 8:16,131.4198697,47.02328617,5209999.124,455896.8365,7.42652,13.4,TRUE,5.3,400,300
5335,2022/10/19 8:16,131.4198812,47.0233615,5210007.492,455897.7728,8.25992,14.2,TRUE,5.3,400,300
5336,2022/10/19 8:16,131.419897,47.02344317,5210016.563,455899.0413,8.27844,15.9,TRUE,5.3,400,300
5337,2022/10/19 8:16,131.4199052,47.02351417,5210024.451,455899.7231,9.26,11,TRUE,5.3,264,300
5338,2022/10/19 8:16,131.4199248,47.0235975,5210033.704,455901.2818,6.68572,12.1,TRUE,5.3,353,300
5339,2022/10/19 8:16,131.4199443,47.023671,5210041.864,455902.8247,7.42652,0.8,TRUE,5.3,355,300
5340,2022/10/19 8:16,131.4199475,47.02374817,5210050.441,455903.1315,7.61172,9.3,TRUE,5.3,400,300
5341,2022/10/19 8:16,131.4199632,47.02383783,5210060.4,455904.3989,8.6118,10.9,TRUE,5.3,400,300
5342,2022/10/19 8:16,131.4199833,47.0239225,5210069.802,455905.9967,7.778399,6.3,TRUE,5.3,400,300
5343,2022/10/19 8:17,131.4199845,47.02400833,5210079.343,455906.1586,7.44504,9.2,TRUE,5.3,400,300
5344,2022/10/19 8:17,131.4200015,47.02409483,5210088.95,455907.5222,9.00072,11.8,TRUE,5.3,364,300
5345,2022/10/19 8:17,131.4200262,47.0241805,5210098.46,455909.4704,7.72284,6.3,TRUE,5.3,400,300
5346,2022/10/19 8:17,131.4200428,47.02426633,5210107.992,455910.8031,8.46364,10.7,TRUE,5.3,376,300
5347,2022/10/19 8:17,131.4200548,47.02435467,5210117.806,455911.788,8.9822,6,TRUE,5.3,400,300
5348,2022/10/19 8:17,131.4200657,47.0244375,5210127.008,455912.6849,8.63032,11.5,TRUE,5.3,400,300
5349,2022/10/19 8:17,131.4200693,47.024522,5210136.4,455913.0281,8.07472,16.8,TRUE,5.3,369,300
5350,2022/10/19 8:17,131.420085,47.02460417,5210145.526,455914.2893,9.96376,7,TRUE,5.3,368,300
5351,2022/10/19 8:17,131.4201002,47.02469933,5210156.097,455915.5232,8.96368,12,TRUE,5.3,400,300
5352,2022/10/19 8:17,131.4201188,47.02480033,5210167.315,455917.0203,8.01916,5.8,TRUE,5.3,400,300
5353,2022/10/19 8:17,131.420132,47.0248835,5210176.553,455918.0922,8.63032,5.9,TRUE,5.3,400,300
5354,2022/10/19 8:17,131.4201417,47.02496383,5210185.478,455918.8958,8.667359,7.5,TRUE,5.3,400,300
5355,2022/10/19 8:17,131.4201555,47.02506267,5210196.459,455920.0262,9.09332,11.2,TRUE,5.3,392,300
5356,2022/10/19 8:17,131.4201722,47.02514817,5210205.954,455921.3661,8.35252,1.9,TRUE,5.3,394,300
5357,2022/10/19 8:17,131.4201752,47.025239,5210216.05,455921.6689,8.185841,8.4,TRUE,5.3,398,300
5358,2022/10/19 8:18,131.420194,47.02533017,5210226.175,455923.1732,9.31556,10.2,TRUE,5.3,400,300
5359,2022/10/19 8:18,131.4202202,47.02540533,5210234.516,455925.2267,9.40816,13.2,TRUE,5.3,400,300
5360,2022/10/19 8:18,131.4202308,47.02549417,5210244.386,455926.1057,8.59328,12.8,TRUE,5.3,400,300
5361,2022/10/19 8:18,131.4202332,47.025575,5210253.371,455926.3547,8.57476,16.5,TRUE,5.3,400,300
5362,2022/10/19 8:18,131.4202348,47.0256635,5210263.209,455926.5491,7.94508,0.9,TRUE,5.3,400,300
5363,2022/10/19 8:18,131.4202447,47.02576417,5210274.395,455927.3846,9.24148,9.6,TRUE,5.3,400,300
5364,2022/10/19 8:18,131.4202847,47.02585417,5210284.378,455930.4994,7.72284,4.6,TRUE,5.3,400,300
5365,2022/10/19 8:18,131.4202915,47.02594133,5210294.063,455931.0881,8.797,13.9,TRUE,5.3,400,300
5366,2022/10/19 8:18,131.4203062,47.026032,5210304.135,455932.2802,8.96368,2.6,TRUE,5.3,400,300
5367,2022/10/19 8:18,131.4203325,47.02611367,5210313.2,455934.3467,9.278521,9.7,TRUE,5.3,397,300
5368,2022/10/19 8:18,131.4203432,47.02620033,5210322.828,455935.2314,11.07496,4.3,TRUE,5.3,400,300
5369,2022/10/19 8:18,131.4203478,47.026287,5210332.46,455935.6524,8.63032,5.8,TRUE,5.3,400,300
5370,2022/10/19 8:18,131.4203673,47.02637717,5210342.474,455937.209,8.9822,355.9,TRUE,5.3,400,300
5371,2022/10/19 8:18,131.4203693,47.02645717,5210351.366,455937.4268,7.29688,11.1,TRUE,5.3,394,300
5372,2022/10/19 8:18,131.4203832,47.02655017,5210361.697,455938.56,8.72292,16.4,TRUE,5.3,400,300
5373,2022/10/19 8:19,131.4204097,47.02663683,5210371.316,455940.6458,9.48224,8.6,TRUE,5.3,366,300
5374,2022/10/19 8:19,131.4204175,47.02672117,5210380.688,455941.3081,9.14888,12.4,TRUE,5.3,400,300
5375,2022/10/19 8:19,131.4204378,47.026816,5210391.219,455942.9293,7.07464,14.4,TRUE,5.3,358,300
5376,2022/10/19 8:19,131.4204275,47.02689617,5210400.137,455942.2123,9.38964,8.6,TRUE,5.3,400,300
5377,2022/10/19 8:19,131.4204497,47.02698733,5210410.259,455943.9749,8.64884,2,TRUE,5.3,400,300
5378,2022/10/19 8:19,131.420462,47.027079,5210420.443,455944.9853,6.63016,4.8,TRUE,5.3,400,300
5379,2022/10/19 8:19,131.4204795,47.02716583,5210430.086,455946.3871,8.926641,8.8,TRUE,5.3,367,300
5380,2022/10/19 8:19,131.4205013,47.0272535,5210439.821,455948.1164,8.037681,14.3,TRUE,5.3,400,300
5381,2022/10/19 8:19,131.4205067,47.02734867,5210450.398,455948.6052,8.00064,7.1,TRUE,5.3,400,300
5382,2022/10/19 8:19,131.420514,47.02742983,5210459.416,455949.2269,8.55624,7.1,TRUE,5.3,400,300
5383,2022/10/19 8:19,131.42053,47.02751833,5210469.246,455950.516,7.463561,8.6,TRUE,5.3,400,300
5384,2022/10/19 8:19,131.4205447,47.02759733,5210478.02,455951.6984,8.46364,9.7,TRUE,5.3,400,300
5385,2022/10/19 8:19,131.4205543,47.027691,5210488.428,455952.5052,8.57476,11.3,TRUE,5.3,400,300
5386,2022/10/19 8:19,131.4205705,47.02778133,5210498.461,455953.811,9.5378,8.8,TRUE,5.3,400,300
5387,2022/10/19 8:19,131.420588,47.027864,5210507.642,455955.2093,8.74144,9.3,TRUE,5.3,385,300
5388,2022/10/19 8:20,131.4205978,47.0279545,5210517.697,455956.0287,9.667439,10.1,TRUE,5.3,400,300
5389,2022/10/19 8:20,131.4206088,47.0280455,5210527.808,455956.9397,8.797,9.5,TRUE,5.3,393,300
5390,2022/10/19 8:20,131.4206233,47.02814817,5210539.213,455958.1264,9.0748,13.7,TRUE,5.3,377,300
5391,2022/10/19 8:20,131.4206367,47.02824567,5210550.045,455959.2252,8.46364,6.6,TRUE,5.3,400,300
5392,2022/10/19 8:20,131.4206353,47.028332,5210559.643,455959.1898,8.55624,8.6,TRUE,5.3,400,300
5393,2022/10/19 8:20,131.420659,47.02842467,5210569.932,455961.0676,8.22288,3.1,TRUE,5.3,400,300
5394,2022/10/19 8:20,131.4206697,47.028507,5210579.079,455961.9487,7.09316,13.1,TRUE,5.3,400,300
5395,2022/10/19 8:20,131.4206795,47.028593,5210588.634,455962.7643,8.40808,7.2,TRUE,5.3,400,300
5396,2022/10/19 8:20,131.4206913,47.02868383,5210598.725,455963.736,8.35252,4.8,TRUE,5.3,400,300
5397,2022/10/19 8:20,131.4207153,47.0287635,5210607.568,455965.6259,8.11176,12,TRUE,5.3,400,300
5398,2022/10/19 8:20,131.4207288,47.02883133,5210615.102,455966.7079,7.72284,5.2,TRUE,5.3,400,300
5399,2022/10/19 8:20,131.4207482,47.028925,5210625.504,455968.2596,7.37096,6.4,TRUE,5.3,400,300
5400,2022/10/19 8:20,131.4207527,47.029017,5210635.729,455968.6773,6.33384,11.2,TRUE,5.3,400,300
5401,2022/10/19 8:20,131.4207755,47.0290905,5210643.887,455970.4709,9.14888,21,TRUE,5.3,400,300
5402,2022/10/19 8:20,131.4207843,47.0291645,5210652.109,455971.2007,6.16716,15,TRUE,5.3,400,300
5403,2022/10/19 8:21,131.4208083,47.02924133,5210660.637,455973.0882,5.90788,9.3,TRUE,5.3,400,300
5404,2022/10/19 8:21,131.420823,47.0293195,5210669.319,455974.2699,6.70424,11.6,TRUE,5.3,400,300
5405,2022/10/19 8:21,131.4208192,47.02938317,5210676.399,455974.0334,6.64868,2.8,TRUE,5.3,400,300
5406,2022/10/19 8:21,131.4208213,47.02944517,5210683.291,455974.244,5.53748,20.3,TRUE,5.3,400,300
5407,2022/10/19 8:21,131.4208618,47.029481,5210687.251,455977.3521,5.61156,89.4,FALSE,5.3,0,300
5408,2022/10/19 8:21,131.4208973,47.02945167,5210683.971,455980.0264,7.74136,161.3,FALSE,5.3,0,300
5409,2022/10/19 8:21,131.4208672,47.02941083,5210679.447,455977.7048,6.51904,194.4,TRUE,5.3,400,300
5410,2022/10/19 8:21,131.4208365,47.029356,5210673.369,455975.3261,5.20412,197.8,TRUE,5.3,400,300
5411,2022/10/19 8:21,131.420826,47.02929767,5210666.89,455974.48,7.64876,194.7,TRUE,5.3,400,300
5412,2022/10/19 8:21,131.4208167,47.02922033,5210658.298,455973.7095,7.6858,188,TRUE,5.3,400,300
5413,2022/10/19 8:21,131.4208125,47.02913617,5210648.944,455973.321,7.29688,189.7,TRUE,5.3,400,300
5414,2022/10/19 8:21,131.4208018,47.02906517,5210641.057,455972.4493,8.037681,193.3,TRUE,5.3,400,300
5415,2022/10/19 8:21,131.4207865,47.02899883,5210633.69,455971.2317,7.18576,192.8,TRUE,5.3,400,300
5416,2022/10/19 8:21,131.4207738,47.0289175,5210624.656,455970.1994,7.81544,188,TRUE,5.3,399,300
5417,2022/10/19 8:21,131.4207762,47.0288395,5210615.983,455970.3177,8.22288,185.2,TRUE,5.3,400,300
5418,2022/10/19 8:22,131.4207513,47.02875967,5210607.122,455968.3593,8.667359,186.8,TRUE,5.3,394,300
5419,2022/10/19 8:22,131.420737,47.02867383,5210597.588,455967.2017,9.556319,183.9,TRUE,5.3,377,300
5420,2022/10/19 8:22,131.4207303,47.02858983,5210588.253,455966.6233,8.22288,182.8,TRUE,5.3,396,300
5421,2022/10/19 8:22,131.4207085,47.02849733,5210577.982,455964.8901,8.667359,188.2,TRUE,5.3,400,300
5422,2022/10/19 8:22,131.4206902,47.02840867,5210568.136,455963.4261,8.77848,185.2,TRUE,5.3,400,300
5423,2022/10/19 8:22,131.4206865,47.0283165,5210557.891,455963.069,8.667359,181.3,TRUE,5.3,395,300
5424,2022/10/19 8:22,131.4206692,47.028232,5210548.507,455961.6845,9.00072,185.2,TRUE,5.3,400,300
5425,2022/10/19 8:22,131.4206582,47.0281355,5210537.785,455960.7689,8.48216,188.7,TRUE,5.3,400,300
5426,2022/10/19 8:22,131.4206493,47.02804533,5210527.766,455960.0182,8.315479,189,TRUE,5.3,400,300
5427,2022/10/19 8:22,131.4206372,47.027957,5210517.953,455959.0258,9.019239,186,TRUE,5.3,400,300
5428,2022/10/19 8:22,131.420616,47.02787517,5210508.868,455957.3469,6.31532,192,TRUE,5.3,400,300
5429,2022/10/19 8:22,131.4206068,47.02778483,5210498.83,455956.5732,8.13028,186.3,TRUE,5.3,354,300
5430,2022/10/19 8:22,131.4205968,47.02769833,5210489.219,455955.7419,9.0748,185.1,TRUE,5.3,400,300
5431,2022/10/19 8:22,131.4205873,47.02760733,5210479.108,455954.9449,7.94508,178.2,TRUE,5.3,400,300
5432,2022/10/19 8:22,131.4205727,47.02751933,5210469.333,455953.7627,9.3526,182.9,TRUE,5.3,400,300
5433,2022/10/19 8:23,131.4205552,47.02743217,5210459.653,455952.3607,9.3526,186.9,TRUE,5.3,400,300
5434,2022/10/19 8:23,131.4205377,47.02734533,5210450.009,455950.959,8.74144,186.6,TRUE,5.3,400,300
5435,2022/10/19 8:23,131.4205288,47.02725583,5210440.064,455950.2088,8.72292,187.6,TRUE,5.3,400,300
5436,2022/10/19 8:23,131.4205117,47.02716333,5210429.79,455948.8328,9.09332,186.1,TRUE,5.3,400,300
5437,2022/10/19 8:23,131.420501,47.027078,5210420.31,455947.9492,9.14888,184.6,TRUE,5.3,359,300
5438,2022/10/19 8:23,131.4204923,47.02698833,5210410.346,455947.2141,8.90812,186.4,TRUE,5.3,400,300
5439,2022/10/19 8:23,131.4204818,47.02690033,5210400.569,455946.3435,9.204439,181.4,TRUE,5.3,400,300
5440,2022/10/19 8:23,131.420467,47.02681583,5210391.184,455945.1489,9.24148,184.5,TRUE,5.3,351,300
5441,2022/10/19 8:23,131.4204625,47.02672217,5210380.774,455944.7298,8.07472,180.9,TRUE,5.3,400,300
5442,2022/10/19 8:23,131.420444,47.02663767,5210371.39,455943.2539,8.871079,189.2,TRUE,5.3,400,300
5443,2022/10/19 8:23,131.4204337,47.02654617,5210361.224,455942.3956,9.0748,185.8,TRUE,5.3,400,300
5444,2022/10/19 8:23,131.4204193,47.02645533,5210351.133,455941.2262,8.07472,191.5,TRUE,5.3,400,300
5445,2022/10/19 8:23,131.4204118,47.02636833,5210341.466,455940.5845,8.50068,186.3,TRUE,5.3,400,300
5446,2022/10/19 8:23,131.4203987,47.02628283,5210331.968,455939.5183,7.92656,189.4,TRUE,5.3,352,300
5447,2022/10/19 8:23,131.4203705,47.026191,5210321.775,455937.299,8.315479,184.8,TRUE,5.3,400,300
5448,2022/10/19 8:24,131.4203632,47.02609917,5210311.57,455936.6685,9.05628,183.2,TRUE,5.3,400,300
5449,2022/10/19 8:24,131.420358,47.02600783,5210301.419,455936.1981,8.50068,184.8,TRUE,5.3,400,300
5450,2022/10/19 8:24,131.4203433,47.02592117,5210291.793,455935.0093,9.0748,184.9,TRUE,5.3,329,300
5451,2022/10/19 8:24,131.420331,47.02582733,5210281.368,455933.997,9.019239,185.4,TRUE,5.3,363,300
5452,2022/10/19 8:24,131.4203103,47.0257395,5210271.615,455932.3511,11.33424,184.5,TRUE,5.3,400,300
5453,2022/10/19 8:24,131.4203003,47.02565233,5210261.93,455931.5192,8.90812,184.5,TRUE,5.3,270,300
5454,2022/10/19 8:24,131.4202865,47.02553817,5210249.247,455930.3762,8.40808,184.1,TRUE,5.3,400,300
5455,2022/10/19 8:24,131.4202798,47.02544917,5210239.356,455929.7936,7.64876,188.4,TRUE,5.3,365,300
5456,2022/10/19 8:24,131.4202602,47.02536317,5210229.806,455928.2328,7.9636,186.4,TRUE,5.3,400,300
5457,2022/10/19 8:24,131.4202482,47.02527583,5210220.104,455927.2487,9.24148,186.2,TRUE,5.3,365,300
5458,2022/10/19 8:24,131.420236,47.0251825,5210209.735,455926.2444,8.22288,187.6,TRUE,5.3,400,300
5459,2022/10/19 8:24,131.4202333,47.02511033,5210201.713,455925.9798,9.14888,189.9,TRUE,5.3,399,300
5460,2022/10/19 8:24,131.4202185,47.025017,5210191.346,455924.7779,8.72292,188.2,TRUE,5.3,400,300
5461,2022/10/19 8:24,131.4202005,47.024923,5210180.906,455923.3321,8.81552,187.7,TRUE,5.3,400,300
5462,2022/10/19 8:24,131.4201872,47.0248365,5210171.297,455922.2499,9.29704,182,TRUE,5.3,400,300
5463,2022/10/19 8:25,131.4201728,47.02474333,5210160.947,455921.0785,8.83404,187.4,TRUE,5.3,400,300
5464,2022/10/19 8:25,131.4201652,47.02465783,5210151.447,455920.4303,8.96368,186.6,TRUE,5.3,397,300
5465,2022/10/19 8:25,131.4201552,47.0245665,5210141.299,455919.5949,8.389561,183.7,TRUE,5.3,400,300
5466,2022/10/19 8:25,131.4201265,47.02448067,5210131.773,455917.3425,6.8524,181.5,TRUE,5.3,364,300
5467,2022/10/19 8:25,131.4201107,47.02439783,5210122.573,455916.0732,9.204439,186.1,TRUE,5.3,400,300
5468,2022/10/19 8:25,131.4200968,47.0243005,5210111.76,455914.9363,9.574841,191.4,TRUE,5.3,400,300
5469,2022/10/19 8:25,131.4200775,47.02420733,5210101.413,455913.3924,9.09332,185.6,TRUE,5.3,400,300
5470,2022/10/19 8:25,131.4200718,47.02411367,5210091.004,455912.882,9.68596,190.2,TRUE,5.3,400,300
5471,2022/10/19 8:25,131.420058,47.02402683,5210081.358,455911.7614,8.77848,185.7,TRUE,5.3,400,300
5472,2022/10/19 8:25,131.4200462,47.0239415,5210071.879,455910.7941,8.9822,184.8,TRUE,5.3,392,300
5473,2022/10/19 8:25,131.4200385,47.02385633,5210062.414,455910.1386,8.389561,190.7,TRUE,5.3,400,300
5474,2022/10/19 8:25,131.4200315,47.02377767,5210053.674,455909.5417,8.6118,190.6,TRUE,5.3,377,300
5475,2022/10/19 8:25,131.4200165,47.02369,5210043.936,455908.3292,8.64884,190.9,TRUE,5.3,396,300
5476,2022/10/19 8:25,131.4200065,47.02361333,5210035.418,455907.5058,9.29704,180.2,TRUE,5.3,359,300
5477,2022/10/19 8:25,131.4199845,47.02351667,5210024.685,455905.7537,7.18576,182.9,TRUE,5.3,367,300
5478,2022/10/19 8:26,131.4199677,47.023441,5210016.282,455904.4143,8.29696,191.9,TRUE,5.3,400,300
5479,2022/10/19 8:26,131.4199585,47.02336517,5210007.857,455903.6524,8.185841,183.1,TRUE,5.3,400,300
5480,2022/10/19 8:26,131.419945,47.02327933,5209998.321,455902.5554,7.48208,193,TRUE,5.3,366,300
5481,2022/10/19 8:26,131.419944,47.0231915,5209988.558,455902.4071,7.94508,185.2,TRUE,5.3,400,300
5482,2022/10/19 8:26,131.4199267,47.02310567,5209979.026,455901.0212,7.55616,183.7,TRUE,5.3,400,300
5483,2022/10/19 8:26,131.4199113,47.02303483,5209971.159,455899.7921,9.26,181.3,TRUE,5.3,400,300
5484,2022/10/19 8:26,131.419903,47.0229455,5209961.233,455899.0875,8.27844,187.9,TRUE,5.3,400,300
5485,2022/10/19 8:26,131.4198925,47.0228705,5209952.901,455898.2275,8.22288,186.2,TRUE,5.3,400,300
5486,2022/10/19 8:26,131.4198745,47.02278867,5209943.814,455896.7917,8.74144,188.8,TRUE,5.3,400,300
5487,2022/10/19 8:26,131.4198667,47.022707,5209934.739,455896.1315,8.50068,189.4,TRUE,5.3,400,300
5488,2022/10/19 8:26,131.4198547,47.02261517,5209924.537,455895.1436,9.4452,184.6,TRUE,5.3,367,300
5489,2022/10/19 8:26,131.419851,47.02253617,5209915.757,455894.7972,9.00072,190.3,TRUE,5.3,400,300
5490,2022/10/19 8:26,131.4198285,47.02245433,5209906.671,455893.0193,4.85224,196.3,TRUE,5.3,398,300
5491,2022/10/19 8:26,131.4198207,47.0223915,5209899.691,455892.3745,8.2414,182.6,TRUE,5.3,400,300
5492,2022/10/19 8:26,131.4198147,47.02232067,5209891.82,455891.8601,6.16716,180.8,TRUE,5.3,400,300
5493,2022/10/19 8:27,131.4198018,47.0222465,5209883.581,455890.8183,6.13012,190.7,TRUE,5.3,396,300
5494,2022/10/19 8:27,131.419795,47.022181,5209876.304,455890.2474,4.92632,189.1,TRUE,5.3,400,300
5495,2022/10/19 8:27,131.4197875,47.02211833,5209869.341,455889.6255,7.07464,192.3,TRUE,5.3,400,300
5496,2022/10/19 8:27,131.4197757,47.0220565,5209862.474,455888.6775,6.35236,185,TRUE,5.3,400,300
5497,2022/10/19 8:27,131.4197645,47.02199983,5209856.18,455887.7794,5.9264,188.9,TRUE,5.3,400,300
5498,2022/10/19 8:27,131.4197565,47.02193483,5209848.958,455887.1176,5.40784,182.8,TRUE,5.3,400,300
5499,2022/10/19 8:27,131.4197525,47.02187483,5209842.29,455886.7641,6.59312,190.9,TRUE,5.3,400,300
5500,2022/10/19 8:27,131.4197315,47.021814,5209835.54,455885.1175,5.68564,215.5,TRUE,5.3,117,300
5501,2022/10/19 8:27,131.4196497,47.021789,5209832.806,455878.8781,6.46348,275.8,FALSE,5.3,0,300
5502,2022/10/19 8:27,131.4195817,47.02180767,5209834.92,455873.7238,5.42636,331.3,FALSE,5.3,0,300
5503,2022/10/19 8:27,131.4195898,47.0218505,5209839.677,455874.3749,7.463561,11.4,TRUE,5.3,246,300
5504,2022/10/19 8:27,131.4195993,47.02191933,5209847.324,455875.1538,5.33376,8.9,TRUE,5.3,382,300
5505,2022/10/19 8:27,131.4195975,47.02195717,5209851.532,455875.0481,6.24124,3.4,TRUE,5.3,400,300
5506,2022/10/19 8:27,131.419604,47.022032,5209859.847,455875.604,7.889521,5.8,TRUE,5.3,400,300
5507,2022/10/19 8:27,131.4196195,47.02211217,5209868.751,455876.8484,4.9078,4.2,TRUE,5.3,400,300
5508,2022/10/19 8:28,131.4196332,47.02214633,5209872.54,455877.9181,7.20428,9.8,TRUE,5.3,241,300
5509,2022/10/19 8:28,131.419644,47.02221417,5209880.076,455878.795,5.48192,6,TRUE,5.3,400,300
5510,2022/10/19 8:28,131.4196558,47.02228833,5209888.314,455879.7532,7.42652,5.9,TRUE,5.3,400,300
5511,2022/10/19 8:28,131.4196518,47.0223695,5209897.34,455879.516,7.07464,3.5,TRUE,5.3,400,300
5512,2022/10/19 8:28,131.4196685,47.0224405,5209905.224,455880.8441,5.70416,2.5,TRUE,5.3,400,300
5513,2022/10/19 8:28,131.4196858,47.02250433,5209912.31,455882.2119,8.01916,2.8,TRUE,5.3,400,300
5514,2022/10/19 8:28,131.4197068,47.02257633,5209920.302,455883.8677,8.64884,10,TRUE,5.3,400,300
5515,2022/10/19 8:28,131.4197167,47.02266833,5209930.525,455884.6961,8.667359,10.1,TRUE,5.3,400,300
5516,2022/10/19 8:28,131.419726,47.02274517,5209939.062,455885.4664,8.185841,12,TRUE,5.3,400,300
5517,2022/10/19 8:28,131.4197302,47.02282083,5209947.471,455885.848,8.22288,9.1,TRUE,5.3,400,300
5518,2022/10/19 8:28,131.4197402,47.02290733,5209957.081,455886.6795,8.27844,8.6,TRUE,5.3,400,300
5519,2022/10/19 8:28,131.4197528,47.02299033,5209966.301,455887.7058,8.20436,6.7,TRUE,5.3,400,300
5520,2022/10/19 8:28,131.4197635,47.02307617,5209975.838,455888.5899,8.25992,11.1,TRUE,5.3,400,300
5521,2022/10/19 8:28,131.4197828,47.02316183,5209985.35,455890.1278,8.315479,7.7,TRUE,5.3,400,300
5522,2022/10/19 8:28,131.4197773,47.02324317,5209994.396,455889.7766,8.6118,12.6,TRUE,5.3,400,300
5523,2022/10/19 8:29,131.4197888,47.02332883,5210003.912,455890.7214,8.77848,7.9,TRUE,5.3,400,300
5524,2022/10/19 8:29,131.419791,47.02340883,5210012.805,455890.9546,8.7044,9.1,TRUE,5.3,400,300
5525,2022/10/19 8:29,131.4197985,47.02349117,5210021.954,455891.5926,6.24124,12,TRUE,5.3,377,300
5526,2022/10/19 8:29,131.4198228,47.02357783,5210031.575,455893.5113,8.40808,10.3,TRUE,5.3,400,300
5527,2022/10/19 8:29,131.4198305,47.02365567,5210040.224,455894.1608,8.75996,10,TRUE,5.3,400,300
5528,2022/10/19 8:29,131.4198463,47.02373433,5210048.96,455895.4267,7.53764,6.4,TRUE,5.3,400,300
5529,2022/10/19 8:29,131.4198592,47.02381367,5210057.773,455896.4727,8.667359,8.5,TRUE,5.3,400,300
5530,2022/10/19 8:29,131.4198708,47.02390067,5210067.438,455897.4262,8.389561,10.8,TRUE,5.3,396,300
5531,2022/10/19 8:29,131.4198853,47.02398567,5210076.88,455898.5986,8.44512,11.6,TRUE,5.3,400,300
5532,2022/10/19 8:29,131.4198992,47.02405567,5210084.654,455899.7129,6.81536,8,TRUE,5.3,399,300
5533,2022/10/19 8:29,131.419903,47.02413633,5210093.619,455900.0682,8.01916,12.9,TRUE,5.3,375,300
5534,2022/10/19 8:29,131.419921,47.02421717,5210102.596,455901.5032,8.037681,11,TRUE,5.3,385,300
5535,2022/10/19 8:29,131.41993,47.02431283,5210113.225,455902.2662,7.6858,11.6,TRUE,5.3,400,300
5536,2022/10/19 8:29,131.419939,47.02438733,5210121.502,455903.0117,8.94516,5,TRUE,5.3,400,300
5537,2022/10/19 8:29,131.4199543,47.0244735,5210131.073,455904.2458,7.72284,11.1,TRUE,5.3,400,300
5538,2022/10/19 8:30,131.4199663,47.0245635,5210141.072,455905.2321,8.68588,9.7,TRUE,5.3,400,300
5539,2022/10/19 8:30,131.4199755,47.024633,5210148.793,455905.9888,8.77848,3.1,TRUE,5.3,400,300
5540,2022/10/19 8:30,131.4199888,47.024717,5210158.124,455907.069,8.75996,2.9,TRUE,5.3,393,300
5541,2022/10/19 8:30,131.420009,47.02480383,5210167.766,455908.6761,9.24148,3.8,TRUE,5.3,400,300
5542,2022/10/19 8:30,131.4200205,47.02489283,5210177.653,455909.6236,8.64884,7.7,TRUE,5.3,367,300
5543,2022/10/19 8:30,131.4200303,47.024984,5210187.783,455910.4437,9.3526,7.8,TRUE,5.3,400,300
5544,2022/10/19 8:30,131.4200517,47.02506617,5210196.906,455912.1382,8.68588,10.5,TRUE,5.3,400,300
5545,2022/10/19 8:30,131.4200703,47.0251585,5210207.16,455913.6282,9.11184,9.7,TRUE,5.3,400,300
5546,2022/10/19 8:30,131.4200812,47.02524233,5210216.473,455914.5258,8.334,9.3,TRUE,5.3,400,300
5547,2022/10/19 8:30,131.4200877,47.02532983,5210226.197,455915.092,8.0562,3.8,TRUE,5.3,400,300
5548,2022/10/19 8:30,131.4201018,47.02541167,5210235.287,455916.2312,8.27844,6.5,TRUE,5.3,372,300
5549,2022/10/19 8:30,131.4201142,47.02548783,5210243.747,455917.2366,8.59328,13.8,TRUE,5.3,400,300
5550,2022/10/19 8:30,131.4201242,47.02558067,5210254.063,455918.0732,8.6118,9.3,TRUE,5.3,400,300
5551,2022/10/19 8:30,131.4201393,47.02566683,5210263.633,455919.292,8.44512,7.3,TRUE,5.3,361,300
5552,2022/10/19 8:30,131.4201567,47.02575867,5210273.833,455920.6904,7.81544,7.5,TRUE,5.3,400,300
5553,2022/10/19 8:31,131.4201715,47.02584717,5210283.663,455921.8883,8.37104,15.5,TRUE,5.3,400,300
5554,2022/10/19 8:31,131.4201902,47.02592667,5210292.491,455923.3753,8.68588,13.7,TRUE,5.3,400,300
5555,2022/10/19 8:31,131.4201898,47.0260165,5210302.477,455923.4188,8.889601,11.9,TRUE,5.3,400,300
5556,2022/10/19 8:31,131.4202168,47.02611017,5210312.876,455925.5484,9.40816,11.8,TRUE,5.3,400,300
5557,2022/10/19 8:31,131.4202357,47.02619683,5210322.499,455927.0565,8.40808,0.8,TRUE,5.3,400,300
5558,2022/10/19 8:31,131.4202628,47.02628167,5210331.916,455929.1864,7.704319,2.7,TRUE,5.3,400,300
5559,2022/10/19 8:31,131.4202657,47.02636833,5210341.548,455929.4782,7.92656,11.4,TRUE,5.3,399,300
5560,2022/10/19 8:31,131.420282,47.02645533,5210351.211,455930.7889,8.90812,13.9,TRUE,5.3,400,300
5561,2022/10/19 8:31,131.4202743,47.0265295,5210359.461,455930.2646,8.037681,6.6,TRUE,5.3,400,300
5562,2022/10/19 8:31,131.4202848,47.02660967,5210368.367,455931.1288,8.13028,6.4,TRUE,5.3,350,300
5563,2022/10/19 8:31,131.4203027,47.0266915,5210377.454,455932.5569,8.81552,9.7,TRUE,5.3,400,300
5564,2022/10/19 8:31,131.4203123,47.02678,5210387.287,455933.3595,9.11184,6.5,TRUE,5.3,400,300
5565,2022/10/19 8:31,131.4203222,47.02686367,5210396.584,455934.1809,8.40808,6.3,TRUE,5.3,271,300
5566,2022/10/19 8:31,131.4203483,47.026948,5210405.944,455936.2344,8.77848,12.6,TRUE,5.3,400,300
5567,2022/10/19 8:31,131.4203675,47.0270385,5210415.994,455937.7684,9.371119,10.6,TRUE,5.3,400,300
5568,2022/10/19 8:32,131.4203812,47.02712417,5210425.51,455938.8803,9.24148,8,TRUE,5.3,392,300
5569,2022/10/19 8:32,131.4203872,47.0272155,5210435.66,455939.4116,8.29696,7.4,TRUE,5.3,400,300
5570,2022/10/19 8:32,131.4203977,47.0272935,5210444.326,455940.2739,7.90804,9.2,TRUE,5.3,361,300
5571,2022/10/19 8:32,131.4204123,47.0273815,5210454.101,455941.4562,8.48216,7.8,TRUE,5.3,400,300
5572,2022/10/19 8:32,131.4204193,47.02746217,5210463.065,455942.0547,8.29696,5,TRUE,5.3,398,300
5573,2022/10/19 8:32,131.4204265,47.02755133,5210472.973,455942.6754,7.74136,5.9,TRUE,5.3,383,300
5574,2022/10/19 8:32,131.4204393,47.027638,5210482.601,455943.7197,9.03776,6.9,TRUE,5.3,400,300
5575,2022/10/19 8:32,131.4204573,47.02772733,5210492.521,455945.1615,9.18592,6.3,TRUE,5.3,400,300
5576,2022/10/19 8:32,131.4204693,47.02781433,5210502.187,455946.1453,9.019239,4.3,TRUE,5.3,400,300
5577,2022/10/19 8:32,131.4204857,47.02790017,5210511.72,455947.4626,8.35252,8.9,TRUE,5.3,400,300
5578,2022/10/19 8:32,131.4205002,47.027988,5210521.476,455948.6371,8.48216,2,TRUE,5.3,400,300
5579,2022/10/19 8:32,131.4205067,47.02807483,5210531.126,455949.2026,8.889601,14.3,TRUE,5.3,400,300
5580,2022/10/19 8:32,131.4205192,47.02816317,5210540.939,455950.2255,9.00072,9,TRUE,5.3,400,300
5581,2022/10/19 8:32,131.420525,47.0282495,5210550.534,455950.7374,8.85256,10.7,TRUE,5.3,400,300
5582,2022/10/19 8:32,131.4205402,47.0283315,5210559.641,455951.9603,9.03776,4.6,TRUE,5.3,400,300
5583,2022/10/19 8:33,131.4205558,47.02841933,5210569.396,455953.2184,9.83412,5.8,TRUE,5.3,400,300
5584,2022/10/19 8:33,131.420564,47.02850317,5210578.712,455953.9107,8.20436,7.6,TRUE,5.3,400,300
5585,2022/10/19 8:33,131.4205703,47.02859283,5210588.676,455954.4634,7.18576,6.8,TRUE,5.3,400,300
5586,2022/10/19 8:33,131.4205828,47.02866467,5210596.656,455955.4726,8.01916,3,TRUE,5.3,400,300
5587,2022/10/19 8:33,131.4205958,47.02874367,5210605.431,455956.5258,8.00064,10.1,TRUE,5.3,400,300
5588,2022/10/19 8:33,131.4206077,47.02881733,5210613.613,455957.491,8.44512,7.8,TRUE,5.3,400,300
5589,2022/10/19 8:33,131.420624,47.02889733,5210622.498,455958.7958,7.81544,9.6,TRUE,5.3,400,300
5590,2022/10/19 8:33,131.420644,47.02897333,5210630.936,455960.3786,7.57468,3.8,TRUE,5.3,400,300
5591,2022/10/19 8:33,131.42066,47.02903833,5210638.153,455961.6483,3.16692,20.6,TRUE,5.3,400,300
5592,2022/10/19 8:33,131.4206603,47.02904633,5210639.042,455961.6777,7.778399,6.4,TRUE,5.3,86,300
5593,2022/10/19 8:33,131.4206688,47.02909983,5210644.985,455962.3679,1.31492,21.5,TRUE,5.3,400,300
5594,2022/10/19 8:33,131.4206687,47.0291025,5210645.282,455962.3624,5.70416,182.9,TRUE,5.3,400,300
5595,2022/10/19 8:33,131.42066,47.02903267,5210637.523,455961.6437,2.61132,190.3,FALSE,5.3,0,300
5596,2022/10/19 8:33,131.4206437,47.02903733,5210638.051,455960.4085,5.85232,12.7,TRUE,5.3,400,300
5597,2022/10/19 8:33,131.4206555,47.029096,5210644.566,455961.3537,3.09284,11.4,TRUE,5.3,400,300
5598,2022/10/19 8:34,131.4206562,47.02915117,5210650.699,455961.4523,5.94492,3.1,TRUE,5.3,357,300
5599,2022/10/19 8:34,131.4206647,47.02919417,5210655.475,455962.1338,4.61148,16.6,TRUE,5.3,400,300
5600,2022/10/19 8:34,131.4206823,47.0292495,5210661.616,455963.5172,5.61156,11,TRUE,5.3,400,300
5601,2022/10/19 8:34,131.4207088,47.02930133,5210667.363,455965.5742,3.90772,10.9,TRUE,5.3,400,300
5602,2022/10/19 8:34,131.4207222,47.02934783,5210672.525,455966.631,4.12996,14.2,TRUE,5.3,400,300
5603,2022/10/19 8:34,131.420726,47.02940217,5210678.564,455966.9645,3.09284,14.1,TRUE,5.3,400,300
5604,2022/10/19 8:34,131.420728,47.02944817,5210683.677,455967.1544,6.37088,14.5,TRUE,5.3,400,300
5605,2022/10/19 8:34,131.420758,47.029491,5210688.421,455969.47,4.38924,55.6,FALSE,5.3,0,300
5606,2022/10/19 8:34,131.4208325,47.02949867,5210689.232,455975.1394,5.59304,123.8,FALSE,5.3,0,300
5607,2022/10/19 8:34,131.4208422,47.02944967,5210683.779,455975.8364,5.1856,186.4,FALSE,5.3,0,300
5608,2022/10/19 8:34,131.4207927,47.02940417,5210678.749,455972.0363,6.35236,184.2,TRUE,5.3,400,300
5609,2022/10/19 8:34,131.4207717,47.0293545,5210673.239,455970.3992,4.63,188.6,TRUE,5.3,400,300
5610,2022/10/19 8:34,131.4207625,47.02930267,5210667.482,455969.6572,7.64876,199.4,TRUE,5.3,371,300
5611,2022/10/19 8:34,131.4207445,47.0292215,5210658.468,455968.2222,7.463561,185.4,TRUE,5.3,400,300
5612,2022/10/19 8:34,131.4207377,47.02914117,5210649.542,455967.6392,7.871,187.3,TRUE,5.3,400,300
5613,2022/10/19 8:35,131.4207238,47.0290705,5210641.693,455966.5245,8.81552,194.7,TRUE,5.3,400,300
5614,2022/10/19 8:35,131.4207242,47.0290035,5210634.244,455966.4998,8.59328,190.1,TRUE,5.3,397,300
5615,2022/10/19 8:35,131.4207093,47.0289185,5210624.803,455965.2973,8.57476,189.8,TRUE,5.3,262,300
5616,2022/10/19 8:35,131.4206962,47.02882633,5210614.564,455964.2257,8.48216,191.4,TRUE,5.3,400,300
5617,2022/10/19 8:35,131.4206875,47.0287385,5210604.805,455963.4921,8.4266,187.4,TRUE,5.3,400,300
5618,2022/10/19 8:35,131.4206762,47.02866333,5210596.454,455962.5713,8.20436,182.1,TRUE,5.3,400,300
5619,2022/10/19 8:35,131.4206478,47.028555,5210584.427,455960.3234,8.64884,190,TRUE,5.3,400,300
5620,2022/10/19 8:35,131.4206332,47.02848067,5210576.172,455959.1524,9.48224,189,TRUE,5.3,400,300
5621,2022/10/19 8:35,131.420624,47.02838733,5210565.801,455958.3763,8.9822,187.4,TRUE,5.3,370,300
5622,2022/10/19 8:35,131.420613,47.02829417,5210555.45,455957.4635,7.42652,190.6,TRUE,5.3,400,300
5623,2022/10/19 8:35,131.4205982,47.02822567,5210547.843,455956.2821,9.29704,185,TRUE,5.3,400,300
5624,2022/10/19 8:35,131.4205888,47.02814817,5210539.233,455955.5038,8.50068,182.7,TRUE,5.3,400,300
5625,2022/10/19 8:35,131.4205837,47.028067,5210530.212,455955.0494,8.167319,185.5,TRUE,5.3,400,300
5626,2022/10/19 8:35,131.420573,47.027991,5210521.769,455954.1735,8.57476,186.2,TRUE,5.3,400,300
5627,2022/10/19 8:35,131.4205673,47.02790717,5210512.453,455953.6712,6.64868,188.5,TRUE,5.3,400,300
5628,2022/10/19 8:36,131.4205508,47.02785633,5210506.81,455952.3752,9.85264,184.1,TRUE,5.3,201,300
5629,2022/10/19 8:36,131.4205417,47.02776567,5210496.736,455951.6088,6.33384,187.3,TRUE,5.3,400,300
5630,2022/10/19 8:36,131.4205318,47.02769333,5210488.7,455950.7968,8.64884,189.8,TRUE,5.3,400,300
5631,2022/10/19 8:36,131.4205238,47.02762083,5210480.644,455950.129,7.61172,183.7,TRUE,5.3,400,300
5632,2022/10/19 8:36,131.4205088,47.02753683,5210471.314,455948.9196,8.6118,185.4,TRUE,5.3,400,300
5633,2022/10/19 8:36,131.4204963,47.02744967,5210461.632,455947.8977,7.90804,190.8,TRUE,5.3,399,300
5634,2022/10/19 8:36,131.4204803,47.02736933,5210452.709,455946.6153,8.27844,188.8,TRUE,5.3,400,300
5635,2022/10/19 8:36,131.4204715,47.02727833,5210442.598,455945.8715,7.75988,192.5,TRUE,5.3,400,300
5636,2022/10/19 8:36,131.4204583,47.02719183,5210432.989,455944.7969,8.75996,192,TRUE,5.3,400,300
5637,2022/10/19 8:36,131.4204498,47.02710917,5210423.804,455944.0828,8.13028,186.8,TRUE,5.3,365,300
5638,2022/10/19 8:36,131.420435,47.02702317,5210414.252,455942.8869,9.68596,187.9,TRUE,5.3,400,300
5639,2022/10/19 8:36,131.420423,47.02693467,5210404.42,455941.9019,8.537721,189.1,TRUE,5.3,400,300
5640,2022/10/19 8:36,131.4204083,47.02684683,5210394.663,455940.7122,9.83412,186.2,TRUE,5.3,378,300
5641,2022/10/19 8:36,131.420386,47.02675567,5210384.541,455938.942,6.40792,187.9,TRUE,5.3,395,300
5642,2022/10/19 8:36,131.4203817,47.02668267,5210376.428,455938.555,8.334,183.6,TRUE,5.3,400,300
5643,2022/10/19 8:37,131.420366,47.02659767,5210366.987,455937.2916,7.9636,187,TRUE,5.3,372,300
5644,2022/10/19 8:37,131.4203592,47.02651683,5210358.004,455936.7081,8.85256,185.9,TRUE,5.3,400,300
5645,2022/10/19 8:37,131.4203535,47.02643667,5210349.096,455936.2089,7.81544,188.3,TRUE,5.3,400,300
5646,2022/10/19 8:37,131.4203382,47.02635083,5210339.562,455934.9752,8.389561,184.2,TRUE,5.3,400,300
5647,2022/10/19 8:37,131.4203257,47.02627767,5210331.435,455933.9647,8.22288,185.9,TRUE,5.3,377,300
5648,2022/10/19 8:37,131.4203012,47.02618783,5210321.462,455932.0283,7.83396,180.4,TRUE,5.3,400,300
5649,2022/10/19 8:37,131.4202893,47.02610517,5210312.279,455931.0557,8.83404,182,TRUE,5.3,400,300
5650,2022/10/19 8:37,131.4202757,47.0260185,5210302.651,455929.9505,9.6304,188.9,TRUE,5.3,400,300
5651,2022/10/19 8:37,131.4202645,47.02593167,5210293.005,455929.0276,8.797,188.9,TRUE,5.3,400,300
5652,2022/10/19 8:37,131.4202538,47.025844,5210283.264,455928.1421,8.00064,186.8,TRUE,5.3,400,300
5653,2022/10/19 8:37,131.4202437,47.02576117,5210274.062,455927.3061,9.09332,187.9,TRUE,5.3,400,300
5654,2022/10/19 8:37,131.4202275,47.02567833,5210264.861,455926.0064,7.9636,188.1,TRUE,5.3,400,300
5655,2022/10/19 8:37,131.4202118,47.02559417,5210255.514,455924.7436,8.315479,186.8,TRUE,5.3,375,300
5656,2022/10/19 8:37,131.4201963,47.0255075,5210245.888,455923.494,8.389561,188.2,TRUE,5.3,400,300
5657,2022/10/19 8:37,131.4201808,47.02541633,5210235.761,455922.2406,8.29696,186.1,TRUE,5.3,400,300
5658,2022/10/19 8:38,131.4201715,47.02534033,5210227.317,455921.4711,9.14888,188.1,TRUE,5.3,400,300
5659,2022/10/19 8:38,131.4201532,47.02525467,5210217.805,455920.0094,7.61172,192.8,TRUE,5.3,400,300
5660,2022/10/19 8:38,131.4201482,47.02517417,5210208.858,455919.563,7.20428,190.3,TRUE,5.3,373,300
5661,2022/10/19 8:38,131.4201392,47.02509417,5210199.97,455918.813,7.74136,188.2,TRUE,5.3,400,300
5662,2022/10/19 8:38,131.42013,47.0250095,5210190.562,455918.0439,7.48208,185.6,TRUE,5.3,400,300
5663,2022/10/19 8:38,131.4201195,47.02493083,5210181.822,455917.1809,9.64892,192.5,TRUE,5.3,400,300
5664,2022/10/19 8:38,131.4201022,47.0248455,5210172.346,455915.7955,9.40816,184.6,TRUE,5.3,400,300
5665,2022/10/19 8:38,131.4200907,47.02476467,5210163.366,455914.8548,8.01916,184,TRUE,5.3,400,300
5666,2022/10/19 8:38,131.4200815,47.02468867,5210154.922,455914.0928,7.38948,182.7,TRUE,5.3,398,300
5667,2022/10/19 8:38,131.4200728,47.02459883,5210144.94,455913.3574,8.185841,185.8,TRUE,5.3,400,300
5668,2022/10/19 8:38,131.4200582,47.02451583,5210135.721,455912.1792,8.59328,186,TRUE,5.3,400,300
5669,2022/10/19 8:38,131.4200487,47.02443883,5210127.166,455911.3936,7.11168,187.1,TRUE,5.3,400,300
5670,2022/10/19 8:38,131.4200428,47.02436383,5210118.831,455910.8833,8.27844,185.6,TRUE,5.3,400,300
5671,2022/10/19 8:38,131.420022,47.02427617,5210109.098,455909.2299,7.64876,185.5,TRUE,5.3,400,300
5672,2022/10/19 8:38,131.4200125,47.02420433,5210101.117,455908.4486,7.704319,188.3,TRUE,5.3,400,300
5673,2022/10/19 8:39,131.4200033,47.02414433,5210094.451,455907.6998,10.186,186.4,TRUE,5.3,400,300
5674,2022/10/19 8:39,131.419986,47.02406333,5210085.456,455906.3179,8.64884,187.1,TRUE,5.3,377,300
5675,2022/10/19 8:39,131.4199778,47.02397317,5210075.438,455905.6203,8.35252,180.6,TRUE,5.3,400,300
5676,2022/10/19 8:39,131.4199487,47.02387683,5210064.744,455903.3287,9.574841,185.6,TRUE,5.3,400,300
5677,2022/10/19 8:39,131.4199393,47.02378383,5210054.41,455902.5375,9.26,184.1,TRUE,5.3,400,300
5678,2022/10/19 8:39,131.4199288,47.02370067,5210045.171,455901.6708,8.72292,186.5,TRUE,5.3,400,300
5679,2022/10/19 8:39,131.4199175,47.02361667,5210035.839,455900.7426,5.85232,191.1,TRUE,5.3,240,300
5680,2022/10/19 8:39,131.4199167,47.02353267,5210026.501,455900.6126,8.334,194,TRUE,5.3,400,300
5681,2022/10/19 8:39,131.4198912,47.02344067,5210016.288,455898.5983,9.22296,186.3,TRUE,5.3,362,300
5682,2022/10/19 8:39,131.4198843,47.02335367,5210006.62,455898.0021,7.463561,185.7,TRUE,5.3,400,300
5683,2022/10/19 8:39,131.419876,47.02327633,5209998.027,455897.3074,8.537721,186,TRUE,5.3,400,300
5684,2022/10/19 8:39,131.4198593,47.02319533,5209989.031,455895.9711,8.37104,186.7,TRUE,5.3,400,300
5685,2022/10/19 8:39,131.4198438,47.0231095,5209979.498,455894.722,8.537721,190.1,TRUE,5.3,400,300
5686,2022/10/19 8:39,131.4198352,47.02303533,5209971.258,455894.0072,8.167319,184,TRUE,5.3,400,300
5687,2022/10/19 8:39,131.419822,47.02295167,5209961.964,455892.9348,8.77848,186.9,TRUE,5.3,400,300
5688,2022/10/19 8:40,131.4198047,47.02287617,5209953.581,455891.5574,8.0562,180.5,TRUE,5.3,400,300
5689,2022/10/19 8:40,131.4197972,47.022803,5209945.451,455890.9269,7.38948,185.6,TRUE,5.3,400,300
5690,2022/10/19 8:40,131.4197957,47.02273267,5209937.633,455890.755,6.55608,192.3,TRUE,5.3,400,300
5691,2022/10/19 8:40,131.419786,47.0226545,5209928.948,455889.9531,6.37088,184.8,TRUE,5.3,357,300
5692,2022/10/19 8:40,131.4197727,47.022577,5209920.34,455888.8782,8.48216,179.8,TRUE,5.3,400,300
5693,2022/10/19 8:40,131.4197558,47.0224875,5209910.4,455887.5197,8.09324,188.6,TRUE,5.3,400,300
5694,2022/10/19 8:40,131.4197367,47.02240733,5209901.498,455886.0016,8.1488,182.3,TRUE,5.3,400,300
5695,2022/10/19 8:40,131.419725,47.02232617,5209892.482,455885.0452,8.2414,189.3,TRUE,5.3,400,300
5696,2022/10/19 8:40,131.4197103,47.02223667,5209882.54,455883.854,8.64884,187.5,TRUE,5.3,400,300
5697,2022/10/19 8:40,131.4197005,47.02215217,5209873.152,455883.0393,5.72268,190.4,TRUE,5.3,400,300
5698,2022/10/19 8:40,131.4196855,47.02207367,5209864.433,455881.8343,6.98204,192.6,TRUE,5.3,400,300
5699,2022/10/19 8:40,131.4196795,47.0220155,5209857.97,455881.3302,7.61172,190.8,TRUE,5.3,400,300
5700,2022/10/19 8:40,131.4196718,47.02194883,5209850.562,455880.6899,6.90796,189.8,TRUE,5.3,400,300
5701,2022/10/19 8:40,131.4196597,47.021878,5209842.695,455879.7116,6.31532,185.5,TRUE,5.3,400,300
5702,2022/10/19 8:40,131.419655,47.02182133,5209836.398,455879.3076,5.0004,192.7,TRUE,5.3,224,300
5703,2022/10/19 8:41,131.4196107,47.02179283,5209833.254,455875.9163,5.63008,256.9,FALSE,5.3,0,300
5704,2022/10/19 8:41,131.4195342,47.0218025,5209834.372,455870.1083,6.63016,282.6,FALSE,5.3,0,300
5705,2022/10/19 8:41,131.4194457,47.02181367,5209835.664,455863.3893,4.63,296.8,FALSE,5.3,0,300
5706,2022/10/19 8:41,131.4194013,47.02184233,5209838.875,455860.0375,5.75972,348.1,FALSE,5.3,0,300
5707,2022/10/19 8:41,131.4194048,47.0218905,5209844.228,455860.3433,6.019,1.5,TRUE,5.3,222,300
5708,2022/10/19 8:41,131.4194045,47.02194617,5209850.417,455860.3663,2.24092,14.2,TRUE,5.3,252,300
5709,2022/10/19 8:41,131.4194082,47.02195383,5209851.267,455860.6539,0,0,FALSE,5.3,0,300
5710,2022/10/19 8:41,131.4194123,47.0219485,5209850.672,455860.9612,4.59296,173.7,FALSE,5.3,0,300
5711,2022/10/19 8:41,131.4193885,47.02187567,5209842.589,455859.0918,4.14848,195.1,TRUE,5.3,137,300
5712,2022/10/19 8:41,131.4193662,47.021828,5209837.302,455857.3572,5.20412,185.6,TRUE,5.3,147,300
5713,2022/10/19 8:41,131.4193657,47.0218125,5209835.579,455857.3064,0,176,FALSE,5.3,0,300
5714,2022/10/19 8:41,131.4193758,47.02185417,5209840.206,455858.1086,4.77816,14.4,TRUE,5.3,400,300
5715,2022/10/19 8:41,131.4193883,47.02189283,5209844.497,455859.0908,4.167,5.1,TRUE,5.3,400,300
5716,2022/10/19 8:41,131.4193932,47.0219445,5209850.238,455859.5059,4.4448,17.9,TRUE,5.3,400,300
5717,2022/10/19 8:41,131.4193915,47.02198583,5209854.834,455859.4107,4.37072,10.5,TRUE,5.3,400,300
5718,2022/10/19 8:42,131.41939,47.02203367,5209860.153,455859.3361,7.63024,6.5,TRUE,5.3,400,300
5719,2022/10/19 8:42,131.4194063,47.0220905,5209866.462,455860.6221,5.6486,18.6,TRUE,5.3,400,300
5720,2022/10/19 8:42,131.4194187,47.02216033,5209874.218,455861.6224,6.42644,8.1,TRUE,5.3,400,300
5721,2022/10/19 8:42,131.4194262,47.022237,5209882.737,455862.2558,8.1488,13.3,TRUE,5.3,400,300
5722,2022/10/19 8:42,131.4194395,47.02230533,5209890.326,455863.3232,9.29704,12.6,TRUE,5.3,400,300
5723,2022/10/19 8:42,131.4194512,47.022384,5209899.065,455864.2775,5.87084,8.9,TRUE,5.3,400,300
5724,2022/10/19 8:42,131.4194638,47.02244617,5209905.969,455865.2867,8.167319,9.4,TRUE,5.3,400,300
5725,2022/10/19 8:42,131.4194785,47.02253567,5209915.911,455866.478,7.61172,6.3,TRUE,5.3,399,300
5726,2022/10/19 8:42,131.4194825,47.02262017,5209925.303,455866.8517,9.167399,8.9,TRUE,5.3,400,300
5727,2022/10/19 8:42,131.4195018,47.022698,5209933.944,455868.3831,7.6858,7,TRUE,5.3,400,300
5728,2022/10/19 8:42,131.419502,47.0227665,5209941.559,455868.4547,7.66728,5.6,TRUE,5.3,400,300
5729,2022/10/19 8:42,131.4195025,47.02284933,5209950.767,455868.561,6.3894,9.6,TRUE,5.3,400,300
5730,2022/10/19 8:42,131.419515,47.02292967,5209959.692,455869.5775,7.704319,6.8,TRUE,5.3,400,300
5731,2022/10/19 8:42,131.4195363,47.02301017,5209968.629,455871.2631,9.3526,11.8,TRUE,5.3,400,300
5732,2022/10/19 8:42,131.41954,47.02309367,5209977.91,455871.6132,7.42652,3.4,TRUE,5.3,400,300
5733,2022/10/19 8:43,131.4195408,47.02316817,5209986.191,455871.7354,7.852479,9.5,TRUE,5.3,400,300
5734,2022/10/19 8:43,131.4195497,47.02324367,5209994.58,455872.4743,8.13028,10.1,TRUE,5.3,400,300
5735,2022/10/19 8:43,131.4195662,47.02331467,5210002.464,455873.7871,7.24132,10.1,TRUE,5.3,400,300
5736,2022/10/19 8:43,131.419575,47.02339117,5210010.963,455874.5192,7.42652,9.5,TRUE,5.3,400,300
5737,2022/10/19 8:43,131.4195978,47.02347783,5210020.584,455876.3239,4.55592,11.8,TRUE,5.3,376,300
5738,2022/10/19 8:43,131.4196047,47.02355167,5210028.789,455876.9093,10.33416,7.3,TRUE,5.3,400,300
5739,2022/10/19 8:43,131.419605,47.023631,5210037.608,455876.9975,8.94516,6.4,TRUE,5.3,400,300
5740,2022/10/19 8:43,131.4196218,47.0237335,5210048.994,455878.3591,8.315479,5.5,TRUE,5.3,376,300
5741,2022/10/19 8:43,131.419641,47.0238185,5210058.433,455879.8887,9.31556,10.5,TRUE,5.3,400,300
5742,2022/10/19 8:43,131.4196607,47.02390567,5210068.112,455881.4582,8.40808,3.5,TRUE,5.3,400,300
5743,2022/10/19 8:43,131.4196715,47.02398883,5210077.351,455882.3477,7.94508,11.9,TRUE,5.3,400,300
5744,2022/10/19 8:43,131.4196775,47.02406267,5210085.557,455882.8647,5.31524,4.6,TRUE,5.3,400,300
5745,2022/10/19 8:43,131.4196915,47.02413883,5210094.016,455883.9917,7.81544,3.9,TRUE,5.3,400,300
5746,2022/10/19 8:43,131.4197003,47.024219,5210102.923,455884.7268,8.27844,7.7,TRUE,5.3,399,300
5747,2022/10/19 8:43,131.4197105,47.02430233,5210112.181,455885.5708,9.26,11.3,TRUE,5.3,398,300
5748,2022/10/19 8:44,131.4197253,47.02439283,5210122.234,455886.7705,9.03776,12.1,TRUE,5.3,353,300
5749,2022/10/19 8:44,131.4197413,47.02447733,5210131.619,455888.0565,7.07464,6.9,TRUE,5.3,400,300
5750,2022/10/19 8:44,131.4197673,47.02456767,5210141.647,455890.1074,8.7044,1.2,TRUE,5.3,399,300
5751,2022/10/19 8:44,131.4197782,47.024666,5210152.573,455891.017,6.945,11,TRUE,5.3,400,300
5752,2022/10/19 8:44,131.4197863,47.02474867,5210161.759,455891.7009,8.85256,7,TRUE,5.3,395,300
5753,2022/10/19 8:44,131.4198035,47.0248425,5210172.18,455893.0857,9.61188,1.2,TRUE,5.3,400,300
5754,2022/10/19 8:44,131.419817,47.02492217,5210181.03,455894.1776,8.7044,10,TRUE,5.3,400,300
5755,2022/10/19 8:44,131.4198275,47.02501833,5210191.714,455895.0551,8.75996,2.6,TRUE,5.3,400,300
5756,2022/10/19 8:44,131.4198428,47.025096,5210200.34,455896.2821,8.96368,8,TRUE,5.3,263,300
5757,2022/10/19 8:44,131.4198595,47.02517483,5210209.094,455897.6166,3.90772,19.9,TRUE,5.3,400,300
5758,2022/10/19 8:44,131.4198598,47.0251885,5210210.614,455897.6507,0,0,FALSE,5.3,0,300
5759,2022/10/19 8:44,131.4198587,47.02518533,5210210.262,455897.5644,0,0,FALSE,5.3,0,300
5760,2022/10/19 8:44,131.4198585,47.025184,5210210.114,455897.5481,0,0,FALSE,5.3,0,300
5761,2022/10/19 8:44,131.4198612,47.02524017,5210216.357,455897.7997,5.57452,17.2,TRUE,5.3,400,300
5762,2022/10/19 8:44,131.4198782,47.02531267,5210224.407,455899.1517,6.14864,8.1,TRUE,5.3,400,300
5763,2022/10/19 8:45,131.419881,47.02537967,5210231.854,455899.4197,6.16716,9.1,TRUE,5.3,400,300
5764,2022/10/19 8:45,131.419897,47.0254525,5210239.942,455900.696,7.05612,7.8,TRUE,5.3,400,300
5765,2022/10/19 8:45,131.4199058,47.02553267,5210248.849,455901.431,9.83412,13.7,TRUE,5.3,373,300
5766,2022/10/19 8:45,131.4199107,47.02560483,5210256.869,455901.863,7.53764,6.9,TRUE,5.3,367,300
5767,2022/10/19 8:45,131.4199392,47.0256885,5210266.154,455904.0984,9.87116,6.5,TRUE,5.3,356,300
5768,2022/10/19 8:45,131.4199575,47.02577583,5210275.853,455905.5615,8.334,7.6,TRUE,5.3,382,300
5769,2022/10/19 8:45,131.4199757,47.02586917,5210286.219,455907.0219,8.4266,3.7,TRUE,5.3,391,300
5770,2022/10/19 8:45,131.419974,47.0259575,5210296.04,455906.9654,7.83396,9.7,TRUE,5.3,400,300
5771,2022/10/19 8:45,131.419991,47.0260465,5210305.924,455908.331,9.00072,12.4,TRUE,5.3,400,300
5772,2022/10/19 8:45,131.4200058,47.026133,5210315.532,455909.5273,8.75996,4.7,TRUE,5.3,400,300
5773,2022/10/19 8:45,131.4200068,47.0262225,5210325.482,455909.677,7.16724,7.2,TRUE,5.3,400,300
5774,2022/10/19 8:45,131.4200177,47.02630133,5210334.239,455910.5705,8.90812,9.1,TRUE,5.3,377,300
5775,2022/10/19 8:45,131.4200263,47.0264015,5210345.37,455911.3068,9.59336,4.9,TRUE,5.3,400,300
5776,2022/10/19 8:45,131.4200452,47.02649417,5210355.662,455912.8198,7.38948,15.7,TRUE,5.3,365,300
5777,2022/10/19 8:45,131.4200558,47.0265735,5210364.475,455913.6909,8.9822,10.2,TRUE,5.3,400,300
5778,2022/10/19 8:46,131.4200745,47.02666083,5210374.173,455915.1844,8.83404,10.5,TRUE,5.3,400,300
5779,2022/10/19 8:46,131.4200855,47.02674283,5210383.283,455916.0881,8.926641,4.1,TRUE,5.3,354,300
5780,2022/10/19 8:46,131.4200983,47.02683267,5210393.263,455917.1351,9.05628,2.6,TRUE,5.3,364,300
5781,2022/10/19 8:46,131.4201102,47.02691517,5210402.428,455918.1076,7.9636,9.8,TRUE,5.3,400,300
5782,2022/10/19 8:46,131.4201273,47.026997,5210411.516,455919.4748,8.167319,7.1,TRUE,5.3,397,300
5783,2022/10/19 8:46,131.4201468,47.02712633,5210425.882,455921.0637,8.9822,10.5,TRUE,5.3,400,300
5784,2022/10/19 8:46,131.4201618,47.02719867,5210433.916,455922.2635,8.64884,7,TRUE,5.3,370,300
5785,2022/10/19 8:46,131.4201827,47.02728233,5210443.205,455923.9211,7.90804,15,TRUE,5.3,400,300
5786,2022/10/19 8:46,131.4201948,47.0273605,5210451.888,455924.9052,7.18576,12.4,TRUE,5.3,400,300
5787,2022/10/19 8:46,131.4202005,47.02744683,5210461.483,455925.4096,9.48224,6.7,TRUE,5.3,400,300
5788,2022/10/19 8:46,131.4202082,47.02754583,5210472.484,455926.0764,8.59328,11.6,TRUE,5.3,400,300
5789,2022/10/19 8:46,131.4202192,47.02762733,5210481.538,455926.9797,8.7044,6.1,TRUE,5.3,400,300
5790,2022/10/19 8:46,131.4202243,47.02771167,5210490.912,455927.4368,9.18592,8.6,TRUE,5.3,400,300
5791,2022/10/19 8:46,131.4202388,47.0277945,5210500.112,455928.6072,9.019239,7.9,TRUE,5.3,400,300
5792,2022/10/19 8:47,131.4202463,47.02788,5210509.613,455929.2477,7.72284,7.3,TRUE,5.3,395,300
5793,2022/10/19 8:47,131.4202557,47.027962,5210518.723,455930.0298,8.85256,5.3,TRUE,5.3,400,300
5794,2022/10/19 8:47,131.4202732,47.028048,5210528.274,455931.4308,8.797,5.8,TRUE,5.3,400,300
5795,2022/10/19 8:47,131.420285,47.0281385,5210538.329,455932.4023,8.83404,8.2,TRUE,5.3,378,300
5796,2022/10/19 8:47,131.4202923,47.02822583,5210548.033,455933.0291,8.797,12.8,TRUE,5.3,400,300
5797,2022/10/19 8:47,131.4203092,47.028318,5210558.27,455934.3896,9.00072,6.2,TRUE,5.3,400,300
5798,2022/10/19 8:47,131.4203237,47.02839783,5210567.137,455935.5575,8.6118,10.9,TRUE,5.3,352,300
5799,2022/10/19 8:47,131.4203383,47.0284945,5210577.876,455936.7469,8.90812,7.5,TRUE,5.3,400,300
5800,2022/10/19 8:47,131.4203527,47.02857467,5210586.78,455937.9075,8.85256,5.4,TRUE,5.3,400,300
5801,2022/10/19 8:47,131.4203755,47.02865817,5210596.05,455939.7094,9.00072,9,TRUE,5.3,367,300
5802,2022/10/19 8:47,131.4203898,47.02874667,5210605.881,455940.8692,8.44512,13.2,TRUE,5.3,400,300
5803,2022/10/19 8:47,131.4204013,47.02882883,5210615.008,455941.811,7.5932,8.5,TRUE,5.3,370,300
5804,2022/10/19 8:47,131.4204077,47.0289155,5210624.639,455942.3688,8.90812,13.9,TRUE,5.3,400,300
5805,2022/10/19 8:47,131.4204242,47.0290005,5210634.08,455943.693,7.72284,6.5,TRUE,5.3,400,300
5806,2022/10/19 8:47,131.4204407,47.0290705,5210641.852,455945.0048,8.519199,6.3,TRUE,5.3,400,300
5807,2022/10/19 8:48,131.420441,47.029161,5210651.913,455945.1021,7.9636,9.5,TRUE,5.3,400,300
5808,2022/10/19 8:48,131.4204535,47.029228,5210659.355,455946.1074,7.1302,11.6,TRUE,5.3,400,300
5809,2022/10/19 8:48,131.4204688,47.02928083,5210665.219,455947.3139,6.42644,8.5,TRUE,5.3,400,300
5810,2022/10/19 8:48,131.4204773,47.029339,5210671.681,455948.0079,5.50044,9.8,TRUE,5.3,400,300
5811,2022/10/19 8:48,131.4204792,47.029394,5210677.795,455948.1976,3.92624,5.5,TRUE,5.3,400,300
5812,2022/10/19 8:48,131.4204878,47.02943467,5210682.311,455948.8847,2.00016,18.4,TRUE,5.3,400,300
5813,2022/10/19 8:48,131.4204923,47.02947417,5210686.7,455949.2593,5.093,58.3,TRUE,5.3,232,300
5814,2022/10/19 8:48,131.4205572,47.02950017,5210689.554,455954.214,5.16708,115.1,FALSE,5.3,0,300
5815,2022/10/19 8:48,131.420577,47.0294675,5210685.911,455955.6922,5.4634,181.3,FALSE,5.3,0,300
5816,2022/10/19 8:48,131.4205568,47.02942567,5210681.272,455954.1223,4.05588,199.6,TRUE,5.3,400,300
5817,2022/10/19 8:48,131.420547,47.02938383,5210676.626,455953.3429,4.27812,190.5,TRUE,5.3,400,300
5818,2022/10/19 8:48,131.4205368,47.02933917,5210671.667,455952.5309,6.13012,197.3,TRUE,5.3,400,300
5819,2022/10/19 8:48,131.4205267,47.02926183,5210663.074,455951.6995,7.53764,182,TRUE,5.3,400,300
5820,2022/10/19 8:48,131.4205165,47.029174,5210653.316,455950.8519,8.94516,185.6,TRUE,5.3,400,300
5821,2022/10/19 8:48,131.4205115,47.02908733,5210643.684,455950.4005,9.03776,189.9,TRUE,5.3,400,300
5822,2022/10/19 8:49,131.4204912,47.02899433,5210633.356,455948.7809,7.704319,187.8,TRUE,5.3,372,300
5823,2022/10/19 8:49,131.420491,47.02891133,5210624.129,455948.6974,8.81552,185.3,TRUE,5.3,397,300
5824,2022/10/19 8:49,131.4204737,47.02881983,5210613.967,455947.3071,8.59328,188,TRUE,5.3,374,300
5825,2022/10/19 8:49,131.4204687,47.0287355,5210604.594,455946.8576,8.90812,186.7,TRUE,5.3,400,300
5826,2022/10/19 8:49,131.4204497,47.0286415,5210594.155,455945.336,8.40808,177.2,TRUE,5.3,400,300
5827,2022/10/19 8:49,131.4204417,47.02856317,5210585.451,455944.6634,8.81552,187.9,TRUE,5.3,400,300
5828,2022/10/19 8:49,131.4204208,47.02847067,5210575.18,455942.9986,9.38964,188.2,TRUE,5.3,400,300
5829,2022/10/19 8:49,131.4204053,47.028382,5210565.331,455941.7474,8.29696,185.3,TRUE,5.3,400,300
5830,2022/10/19 8:49,131.4203887,47.02829317,5210555.465,455940.4124,9.22296,185.7,TRUE,5.3,400,300
5831,2022/10/19 8:49,131.4203755,47.0282055,5210545.726,455939.3369,9.87116,188.1,TRUE,5.3,400,300
5832,2022/10/19 8:49,131.420363,47.0281115,5210535.283,455938.3093,7.61172,191,TRUE,5.3,400,300
5833,2022/10/19 8:49,131.4203425,47.02803,5210526.234,455936.6839,8.55624,184.5,TRUE,5.3,400,300
5834,2022/10/19 8:49,131.4203363,47.0279415,5210516.399,455936.1398,8.81552,190.7,TRUE,5.3,400,300
5835,2022/10/19 8:49,131.4203335,47.02786867,5210508.304,455935.867,8.46364,185.1,TRUE,5.3,400,300
5836,2022/10/19 8:49,131.4203138,47.02776933,5210497.271,455934.2877,9.64892,186.5,TRUE,5.3,347,300
5837,2022/10/19 8:50,131.420304,47.02767467,5210486.753,455933.4649,8.2414,185.1,TRUE,5.3,400,300
5838,2022/10/19 8:50,131.4202883,47.02758933,5210477.275,455932.2012,8.871079,192,TRUE,5.3,400,300
5839,2022/10/19 8:50,131.420278,47.02749683,5210466.997,455931.3421,9.204439,183.3,TRUE,5.3,379,300
5840,2022/10/19 8:50,131.420263,47.027407,5210457.019,455930.1279,9.46372,191.2,TRUE,5.3,360,300
5841,2022/10/19 8:50,131.4202458,47.02732417,5210447.821,455928.7522,9.59336,188,TRUE,5.3,400,300
5842,2022/10/19 8:50,131.4202388,47.02723633,5210438.059,455928.1478,6.68572,191.8,TRUE,5.3,355,300
5843,2022/10/19 8:50,131.4202218,47.02714333,5210427.73,455926.7789,8.81552,185.7,TRUE,5.3,369,300
5844,2022/10/19 8:50,131.4202085,47.0270495,5210417.306,455925.6907,9.26,181.9,TRUE,5.3,381,300
5845,2022/10/19 8:50,131.4202038,47.02696867,5210408.323,455925.2669,9.11184,185.4,TRUE,5.3,348,300
5846,2022/10/19 8:50,131.4201845,47.0268785,5210398.31,455923.7255,9.33408,188.8,TRUE,5.3,391,300
5847,2022/10/19 8:50,131.4201812,47.02680483,5210390.122,455923.414,7.3154,188.1,TRUE,5.3,400,300
5848,2022/10/19 8:50,131.4201728,47.02671517,5210380.159,455922.7016,8.59328,185.9,TRUE,5.3,400,300
5849,2022/10/19 8:50,131.420159,47.02663633,5210371.402,455921.5877,8.797,192.3,TRUE,5.3,400,300
5850,2022/10/19 8:50,131.4201445,47.02655083,5210361.905,455920.415,9.05628,189.3,TRUE,5.3,400,300
5851,2022/10/19 8:50,131.4201193,47.026458,5210351.599,455918.423,8.25992,187.7,TRUE,5.3,400,300
5852,2022/10/19 8:51,131.420108,47.02636733,5210341.526,455917.4893,9.03776,187.1,TRUE,5.3,400,300
5853,2022/10/19 8:51,131.4200922,47.02627867,5210331.678,455916.2152,8.667359,188.6,TRUE,5.3,400,300
5854,2022/10/19 8:51,131.4200803,47.02619717,5210322.624,455915.2435,8.09324,191.8,TRUE,5.3,400,300
5855,2022/10/19 8:51,131.4200568,47.0261115,5210313.114,455913.3865,8.27844,185,TRUE,5.3,400,300
5856,2022/10/19 8:51,131.4200417,47.02603583,5210304.71,455912.1764,8.48216,192.3,TRUE,5.3,400,300
5857,2022/10/19 8:51,131.4200332,47.0259475,5210294.895,455911.4575,7.74136,190.6,TRUE,5.3,400,300
5858,2022/10/19 8:51,131.4200268,47.02587533,5210286.875,455910.9115,6.70424,182.7,TRUE,5.3,400,300
5859,2022/10/19 8:51,131.4200187,47.02579917,5210278.413,455910.2331,8.4266,183.5,TRUE,5.3,400,300
5860,2022/10/19 8:51,131.4200043,47.0257235,5210270.009,455909.0761,10.24156,183.4,TRUE,5.3,400,300
5861,2022/10/19 8:51,131.4200073,47.02563733,5210260.427,455909.2332,8.537721,185.2,TRUE,5.3,396,300
5862,2022/10/19 8:51,131.4199883,47.02556083,5210251.934,455907.7258,7.5006,186.3,TRUE,5.3,400,300
5863,2022/10/19 8:51,131.4199728,47.02548533,5210243.549,455906.4854,6.88944,184.6,TRUE,5.3,400,300
5864,2022/10/19 8:51,131.4199628,47.025392,5210233.179,455905.6483,6.81536,185.5,TRUE,5.3,369,300
5865,2022/10/19 8:51,131.4199597,47.02530767,5210223.806,455905.3432,7.66728,189.7,TRUE,5.3,400,300
5866,2022/10/19 8:51,131.4199427,47.02522983,5210215.162,455903.9868,8.64884,183,TRUE,5.3,400,300
5867,2022/10/19 8:52,131.4199358,47.02514583,5210205.827,455903.393,9.278521,187.9,TRUE,5.3,400,300
5868,2022/10/19 8:52,131.4199203,47.025059,5210196.183,455902.1432,7.94508,185.2,TRUE,5.3,400,300
5869,2022/10/19 8:52,131.4199097,47.02498,5210187.406,455901.2724,8.96368,188.4,TRUE,5.3,400,300
5870,2022/10/19 8:52,131.4198992,47.0248905,5210177.463,455900.4004,8.72292,185.4,TRUE,5.3,400,300
5871,2022/10/19 8:52,131.4198842,47.024807,5210168.188,455899.1914,7.92656,179.8,TRUE,5.3,400,300
5872,2022/10/19 8:52,131.4198755,47.0247265,5210159.244,455898.4637,8.68588,189.2,TRUE,5.3,400,300
5873,2022/10/19 8:52,131.4198538,47.02463333,5210148.898,455896.7373,9.204439,189.1,TRUE,5.3,400,300
5874,2022/10/19 8:52,131.4198407,47.02454233,5210138.789,455895.6665,8.797,189.6,TRUE,5.3,377,300
5875,2022/10/19 8:52,131.4198215,47.02445667,5210129.277,455894.1363,8.09324,188.6,TRUE,5.3,400,300
5876,2022/10/19 8:52,131.4198185,47.02438283,5210121.07,455893.8474,7.33392,187.3,TRUE,5.3,400,300
5877,2022/10/19 8:52,131.4198055,47.0242995,5210111.813,455892.7905,6.81536,186.5,TRUE,5.3,399,300
5878,2022/10/19 8:52,131.4197945,47.02421633,5210102.573,455891.8858,7.57468,186.7,TRUE,5.3,376,300
5879,2022/10/19 8:52,131.4197855,47.02413883,5210093.963,455891.1378,9.46372,181.4,TRUE,5.3,351,300
5880,2022/10/19 8:52,131.419774,47.02404683,5210083.741,455890.1877,6.90796,190.3,TRUE,5.3,400,300
5881,2022/10/19 8:52,131.419756,47.02396883,5210075.08,455888.7551,7.94508,191.7,TRUE,5.3,400,300
5882,2022/10/19 8:53,131.4197478,47.02388417,5210065.673,455888.062,9.05628,185.8,TRUE,5.3,400,300
5883,2022/10/19 8:53,131.4197313,47.023793,5210055.547,455886.7325,8.7044,196.9,TRUE,5.3,400,300
5884,2022/10/19 8:53,131.4197158,47.023717,5210047.107,455885.4916,8.7044,183.5,TRUE,5.3,367,300
5885,2022/10/19 8:53,131.4197105,47.0236285,5210037.271,455885.0157,8.01916,184,TRUE,5.3,400,300
5886,2022/10/19 8:53,131.4196993,47.02354167,5210027.624,455884.0928,8.27844,187.9,TRUE,5.3,386,300
5887,2022/10/19 8:53,131.4196807,47.02344967,5210017.407,455882.603,8.57476,190.2,TRUE,5.3,400,300
5888,2022/10/19 8:53,131.4196627,47.0233545,5210006.837,455881.1561,7.74136,182.9,TRUE,5.3,400,300
5889,2022/10/19 8:53,131.4196555,47.02327217,5209997.689,455880.5409,8.90812,184.8,TRUE,5.3,400,300
5890,2022/10/19 8:53,131.4196313,47.02318383,5209987.881,455878.6284,8.926641,185.8,TRUE,5.3,400,300
5891,2022/10/19 8:53,131.4196273,47.0231025,5209978.842,455878.2573,8.37104,193.3,TRUE,5.3,400,300
5892,2022/10/19 8:53,131.4196172,47.023019,5209969.565,455877.4207,9.741521,186.6,TRUE,5.3,400,300
5893,2022/10/19 8:53,131.419609,47.0229355,5209960.287,455876.7285,7.463561,185.8,TRUE,5.3,397,300
5894,2022/10/19 8:53,131.419604,47.0228535,5209951.174,455876.2808,7.81544,184.7,TRUE,5.3,400,300
5895,2022/10/19 8:53,131.419594,47.02277317,5209942.249,455875.4544,8.35252,189.2,TRUE,5.3,400,300
5896,2022/10/19 8:53,131.4195782,47.02269,5209933.012,455874.1847,8.537721,187.8,TRUE,5.3,372,300
5897,2022/10/19 8:54,131.4195595,47.02260617,5209923.703,455872.694,8.185841,183.1,TRUE,5.3,400,300
5898,2022/10/19 8:54,131.4195475,47.02252817,5209915.038,455871.7174,7.44504,191.1,TRUE,5.3,397,300
5899,2022/10/19 8:54,131.4195382,47.02244517,5209905.816,455870.942,6.019,190.2,TRUE,5.3,400,300
5900,2022/10/19 8:54,131.4195303,47.02236283,5209896.667,455870.2736,7.6858,190.1,TRUE,5.3,400,300
5901,2022/10/19 8:54,131.4195132,47.0222845,5209887.969,455868.909,9.09332,187,TRUE,5.3,400,300
5902,2022/10/19 8:54,131.4195005,47.02219567,5209878.1,455867.8703,8.59328,184.2,TRUE,5.3,400,300
5903,2022/10/19 8:54,131.4194978,47.02212233,5209869.949,455867.6046,8.2414,197.7,TRUE,5.3,350,300
5904,2022/10/19 8:54,131.4194842,47.02205433,5209862.397,455866.5146,5.53748,195.8,TRUE,5.3,400,300
5905,2022/10/19 8:54,131.4194753,47.02199567,5209855.88,455865.7897,6.16716,188.2,TRUE,5.3,400,300
5906,2022/10/19 8:54,131.4194663,47.02193033,5209848.622,455865.0516,5.90788,189.3,TRUE,5.3,395,300
5907,2022/10/19 8:54,131.4194587,47.0218765,5209842.642,455864.4294,5.31524,186.6,TRUE,5.3,400,300
5908,2022/10/19 8:54,131.4194463,47.02184083,5209838.683,455863.4573,5.90788,204,TRUE,5.3,400,300
5909,2022/10/19 8:54,131.4194017,47.02179633,5209833.761,455860.03,5.70416,250.8,FALSE,5.3,0,300
5910,2022/10/19 8:54,131.419323,47.02180217,5209834.455,455854.0516,5.61156,282.8,FALSE,5.3,0,300
5911,2022/10/19 8:54,131.4192823,47.02183467,5209838.091,455850.9842,5.57452,345.6,FALSE,5.3,0,300
5912,2022/10/19 8:55,131.4193028,47.021875,5209842.563,455852.576,3.44472,41.7,TRUE,5.3,400,300
5913,2022/10/19 8:55,131.4193165,47.02191367,5209846.854,455853.6494,5.31524,7.3,TRUE,5.3,400,300
5914,2022/10/19 8:55,131.4193215,47.02196783,5209852.872,455854.0741,6.14864,16.1,TRUE,5.3,400,300
5915,2022/10/19 8:55,131.4193308,47.022018,5209858.444,455854.8225,6.88944,20.7,TRUE,5.3,400,300
5916,2022/10/19 8:55,131.4193373,47.0220935,5209866.834,455855.3789,4.87076,1.3,TRUE,5.3,400,300
5917,2022/10/19 8:55,131.4193327,47.022143,5209872.34,455855.07,7.0376,8.6,TRUE,5.3,400,300
5918,2022/10/19 8:55,131.4193338,47.02220483,5209879.213,455855.2046,7.778399,2.4,TRUE,5.3,400,300
5919,2022/10/19 8:55,131.4193462,47.02226967,5209886.414,455856.2008,7.18576,9,TRUE,5.3,388,300
5920,2022/10/19 8:55,131.4193603,47.02234617,5209894.911,455857.3358,8.11176,7.6,TRUE,5.3,400,300
5921,2022/10/19 8:55,131.4193713,47.02242017,5209903.131,455858.233,7.09316,1.4,TRUE,5.3,400,300
5922,2022/10/19 8:55,131.4193837,47.02249233,5209911.146,455859.2352,7.00056,4.3,TRUE,5.3,400,300
5923,2022/10/19 8:55,131.4193972,47.02256567,5209919.292,455860.322,7.1302,6.7,TRUE,5.3,400,300
5924,2022/10/19 8:55,131.419416,47.022636,5209927.1,455861.8092,7.63024,15.5,TRUE,5.3,400,300
5925,2022/10/19 8:55,131.4194245,47.02270917,5209935.23,455862.5157,9.204439,9.4,TRUE,5.3,400,300
5926,2022/10/19 8:55,131.4194325,47.02279633,5209944.915,455863.1957,7.98212,3.1,TRUE,5.3,400,300
5927,2022/10/19 8:56,131.4194482,47.02288233,5209954.467,455864.4601,8.11176,5,TRUE,5.3,400,300
5928,2022/10/19 8:56,131.419466,47.022962,5209963.313,455865.879,8.4266,6.2,TRUE,5.3,400,300
5929,2022/10/19 8:56,131.4194755,47.02305333,5209973.461,455866.6765,7.3154,4.4,TRUE,5.3,400,300
5930,2022/10/19 8:56,131.419491,47.02313217,5209982.217,455867.9198,8.389561,4.7,TRUE,5.3,400,300
5931,2022/10/19 8:56,131.4195005,47.0232195,5209991.921,455868.714,8.37104,5.8,TRUE,5.3,400,300
5932,2022/10/19 8:56,131.4195095,47.02329017,5209999.772,455869.4565,8.0562,10,TRUE,5.3,400,300
5933,2022/10/19 8:56,131.419522,47.0233645,5210008.028,455870.468,6.51904,7.5,TRUE,5.3,400,300
5934,2022/10/19 8:56,131.4195348,47.0234595,5210018.582,455871.5194,8.537721,8.3,TRUE,5.3,400,300
5935,2022/10/19 8:56,131.4195448,47.0235585,5210029.582,455872.3612,10.48232,7.9,TRUE,5.3,400,300
5936,2022/10/19 8:56,131.4195432,47.02363183,5210037.736,455872.3,6.24124,1.4,TRUE,5.3,400,300
5937,2022/10/19 8:56,131.419554,47.02370917,5210046.327,455873.1847,8.09324,0.1,TRUE,5.3,400,300
5938,2022/10/19 8:56,131.4195748,47.023784,5210054.635,455874.8277,7.5932,4.3,TRUE,5.3,400,300
5939,2022/10/19 8:56,131.4195845,47.0238635,5210063.467,455875.6306,8.85256,6.7,TRUE,5.3,400,300
5940,2022/10/19 8:56,131.4195852,47.02394733,5210072.786,455875.7529,7.64876,2.5,TRUE,5.3,400,300
5941,2022/10/19 8:56,131.4196048,47.02401633,5210080.446,455877.2997,8.667359,8.4,TRUE,5.3,400,300
5942,2022/10/19 8:57,131.4196218,47.024084,5210087.959,455878.6479,9.85264,7.7,TRUE,5.3,364,300
5943,2022/10/19 8:57,131.4196385,47.02416933,5210097.436,455879.9877,8.55624,6.1,TRUE,5.3,400,300
5944,2022/10/19 8:57,131.4196495,47.02426417,5210107.973,455880.9021,8.20436,9.2,TRUE,5.3,400,300
5945,2022/10/19 8:57,131.4196557,47.0243535,5210117.901,455881.447,8.68588,7.6,TRUE,5.3,400,300
5946,2022/10/19 8:57,131.4196623,47.02442917,5210126.309,455882.0111,7.90804,2.4,TRUE,5.3,400,300
5947,2022/10/19 8:57,131.4196802,47.02451433,5210135.767,455883.4421,8.55624,4.2,TRUE,5.3,400,300
5948,2022/10/19 8:57,131.4196935,47.02459967,5210145.247,455884.5234,5.556,1.9,TRUE,5.3,400,300
5949,2022/10/19 8:57,131.4197073,47.02467283,5210153.372,455885.6328,3.75956,16.6,TRUE,5.3,400,300
5950,2022/10/19 8:57,131.4197063,47.02468383,5210154.595,455885.5658,0,0,FALSE,5.3,0,300
5951,2022/10/19 8:57,131.4197152,47.024717,5210158.278,455886.2698,7.35244,14.8,TRUE,5.3,400,300
5952,2022/10/19 8:57,131.4197318,47.0248185,5210169.552,455887.6153,7.871,10,TRUE,5.3,400,300
5953,2022/10/19 8:57,131.4197388,47.02488667,5210177.127,455888.2036,8.48216,11.2,TRUE,5.3,400,300
5954,2022/10/19 8:57,131.419756,47.02497317,5210186.734,455889.5824,8.85256,10,TRUE,5.3,400,300
5955,2022/10/19 8:57,131.41977,47.02506983,5210197.472,455890.7263,8.315479,359.4,TRUE,5.3,400,300
5956,2022/10/19 8:57,131.4197787,47.02515183,5210206.583,455891.4552,8.94516,1.3,TRUE,5.3,400,300
5957,2022/10/19 8:58,131.4197892,47.02523483,5210215.804,455892.3218,6.72276,3.6,TRUE,5.3,400,300
5958,2022/10/19 8:58,131.4197992,47.02531017,5210224.174,455893.1441,8.889601,2.2,TRUE,5.3,400,300
5959,2022/10/19 8:58,131.4198052,47.0253985,5210233.99,455893.673,7.704319,6.6,TRUE,5.3,400,300
5960,2022/10/19 8:58,131.4198147,47.02548217,5210243.287,455894.4641,7.81544,357.9,TRUE,5.3,400,300
5961,2022/10/19 8:58,131.4198225,47.02555933,5210251.86,455895.1206,8.44512,6.5,TRUE,5.3,400,300
5962,2022/10/19 8:58,131.4198392,47.02563883,5210260.689,455896.4556,8.037681,7.2,TRUE,5.3,400,300
5963,2022/10/19 8:58,131.4198555,47.02571567,5210269.222,455897.758,9.88968,4.8,TRUE,5.3,400,300
5964,2022/10/19 8:58,131.4198607,47.0257905,5210277.538,455898.2149,7.72284,357.7,TRUE,5.3,400,300
5965,2022/10/19 8:58,131.4198718,47.02588283,5210287.796,455899.1348,8.1488,359.1,TRUE,5.3,364,300
5966,2022/10/19 8:58,131.4198808,47.02597133,5210297.63,455899.8918,8.48216,1.1,TRUE,5.3,400,300
5967,2022/10/19 8:58,131.4199,47.02605667,5210307.106,455901.4217,7.63024,12.6,TRUE,5.3,400,300
5968,2022/10/19 8:58,131.419909,47.02614067,5210316.44,455902.175,8.48216,4.4,TRUE,5.3,395,300
5969,2022/10/19 8:58,131.4199242,47.0262315,5210326.529,455903.4053,8.83404,10.2,TRUE,5.3,400,300
5970,2022/10/19 8:58,131.4199355,47.026306,5210334.805,455904.3257,9.00072,13,TRUE,5.3,400,300
5971,2022/10/19 8:58,131.4199503,47.02639933,5210345.172,455905.5276,9.556319,3,TRUE,5.3,393,300
5972,2022/10/19 8:59,131.419963,47.0264935,5210355.634,455906.5706,9.5378,4.1,TRUE,5.3,400,300
5973,2022/10/19 8:59,131.4199767,47.026575,5210364.686,455907.6791,9.09332,7.1,TRUE,5.3,400,300
5974,2022/10/19 8:59,131.4199907,47.02666967,5210375.203,455908.8213,8.0562,0.8,TRUE,5.3,400,300
5975,2022/10/19 8:59,131.4200085,47.02674967,5210384.087,455910.2403,9.704479,7.4,TRUE,5.3,375,300
5976,2022/10/19 8:59,131.4200195,47.0268365,5210393.733,455911.148,8.68588,10.9,TRUE,5.3,367,300
5977,2022/10/19 8:59,131.4200325,47.02692783,5210403.879,455912.2114,7.92656,10,TRUE,5.3,400,300
5978,2022/10/19 8:59,131.42004,47.02701733,5210413.825,455912.8553,9.05628,1.9,TRUE,5.3,400,300
5979,2022/10/19 8:59,131.420053,47.02710083,5210423.1,455913.9122,9.019239,4.5,TRUE,5.3,400,300
5980,2022/10/19 8:59,131.4200687,47.02717917,5210431.801,455915.1702,8.72292,8.7,TRUE,5.3,400,300
5981,2022/10/19 8:59,131.4200777,47.02726383,5210441.207,455915.9241,6.09308,357.2,TRUE,5.3,400,300
5982,2022/10/19 8:59,131.4200835,47.02733967,5210449.635,455916.4274,10.57492,7.7,TRUE,5.3,400,300
5983,2022/10/19 8:59,131.4200987,47.027423,5210458.891,455917.6515,9.167399,4.4,TRUE,5.3,400,300
5984,2022/10/19 8:59,131.4201167,47.02751983,5210469.645,455919.0995,8.85256,8.7,TRUE,5.3,400,300
5985,2022/10/19 8:59,131.4201283,47.02759133,5210477.587,455920.0402,7.778399,357.7,TRUE,5.3,400,300
5986,2022/10/19 8:59,131.4201325,47.02767283,5210486.645,455920.4265,8.13028,3.9,TRUE,5.3,400,300
5987,2022/10/19 9:00,131.4201462,47.02775667,5210495.958,455921.537,9.79708,5.8,TRUE,5.3,400,300
5988,2022/10/19 9:00,131.4201637,47.02785033,5210506.361,455922.9444,9.278521,6.2,TRUE,5.3,400,300
5989,2022/10/19 9:00,131.4201693,47.02793217,5210515.456,455923.4374,9.31556,5.2,TRUE,5.3,375,300
5990,2022/10/19 9:00,131.4201922,47.028015,5210524.651,455925.2464,8.871079,4.1,TRUE,5.3,400,300
5991,2022/10/19 9:00,131.4202088,47.02811367,5210535.611,455926.5895,9.29704,2.1,TRUE,5.3,400,300
5992,2022/10/19 9:00,131.42021,47.02821133,5210546.467,455926.7611,9.019239,5.9,TRUE,5.3,400,300
5993,2022/10/19 9:00,131.4202362,47.0282955,5210555.81,455928.822,8.926641,8,TRUE,5.3,400,300
5994,2022/10/19 9:00,131.420249,47.02837317,5210564.437,455929.8589,10.07488,2.4,TRUE,5.3,400,300
5995,2022/10/19 9:00,131.4202682,47.02845867,5210573.932,455931.3888,9.519279,10.9,TRUE,5.3,400,300
5996,2022/10/19 9:00,131.4202647,47.02854317,5210583.328,455931.1922,10.0934,357.9,TRUE,5.3,246,300
5997,2022/10/19 9:00,131.4202642,47.02864283,5210594.407,455931.2363,8.94516,6.2,TRUE,5.3,400,300
5998,2022/10/19 9:00,131.4202753,47.02873267,5210604.389,455932.154,7.889521,12.7,TRUE,5.3,400,300
5999,2022/10/19 9:00,131.4202785,47.02881617,5210613.67,455932.466,7.852479,6.9,TRUE,5.3,400,300
6000,2022/10/19 9:00,131.4202877,47.0288905,5210621.928,455933.2265,7.07464,4.1,TRUE,5.3,400,300
6001,2022/10/19 9:00,131.4203068,47.0289635,5210630.032,455934.7384,7.57468,6.5,TRUE,5.3,400,300
6002,2022/10/19 9:01,131.4203218,47.02904633,5210639.232,455935.9468,5.40784,357.5,TRUE,5.3,400,300
6003,2022/10/19 9:01,131.4203267,47.02910867,5210646.16,455936.3706,7.74136,3.4,TRUE,5.3,400,300
6004,2022/10/19 9:01,131.420341,47.02918267,5210654.379,455937.5185,7.25984,3.5,TRUE,5.3,400,300
6005,2022/10/19 9:01,131.420353,47.02924817,5210661.653,455938.4846,7.0376,1.4,TRUE,5.3,400,300
6006,2022/10/19 9:01,131.4203625,47.029315,5210669.078,455939.2617,5.90788,8.8,TRUE,5.3,400,300
6007,2022/10/19 9:01,131.4203757,47.0293825,5210676.574,455940.3206,6.31532,9.5,TRUE,5.3,400,300
6008,2022/10/19 9:01,131.420387,47.0294345,5210682.349,455941.2224,4.03736,358.8,TRUE,5.3,400,300
6009,2022/10/19 9:01,131.4204185,47.02947483,5210686.815,455943.65,4.63,46.6,TRUE,5.3,225,300
6010,2022/10/19 9:01,131.4204892,47.02949333,5210688.832,455949.0394,6.2968,110.3,TRUE,5.3,133,300
6011,2022/10/19 9:01,131.4205325,47.02945433,5210684.472,455952.2987,5.093,172.5,TRUE,5.3,132,300
6012,2022/10/19 9:01,131.4204958,47.02941683,5210680.323,455949.4782,5.03744,202.8,TRUE,5.3,400,300
6013,2022/10/19 9:01,131.420483,47.029367,5210674.791,455948.4642,5.85232,191,TRUE,5.3,400,300
6014,2022/10/19 9:01,131.4204845,47.02930767,5210668.194,455948.5294,5.42636,190,TRUE,5.3,400,300
6015,2022/10/19 9:01,131.4204873,47.02925483,5210662.318,455948.6988,6.53756,192.5,TRUE,5.3,400,300
6016,2022/10/19 9:01,131.4204687,47.029185,5210654.566,455947.2274,7.0376,183.3,TRUE,5.3,400,300
6017,2022/10/19 9:02,131.4204557,47.02912433,5210647.828,455946.1893,7.9636,191.7,TRUE,5.3,400,300
6018,2022/10/19 9:02,131.4204305,47.0290375,5210638.189,455944.2023,6.3894,184.5,TRUE,5.3,393,300
6019,2022/10/19 9:02,131.4204233,47.02896783,5210630.448,455943.5977,7.16724,188.8,TRUE,5.3,397,300
6020,2022/10/19 9:02,131.4204132,47.02889167,5210621.987,455942.7673,7.0376,193.1,TRUE,5.3,400,300
6021,2022/10/19 9:02,131.420402,47.0288245,5210614.526,455941.8606,7.48208,182.3,TRUE,5.3,400,300
6022,2022/10/19 9:02,131.4203847,47.02874983,5210606.235,455940.4841,7.83396,185.5,TRUE,5.3,400,300
6023,2022/10/19 9:02,131.4203823,47.02866917,5210597.269,455940.2353,7.57468,186.8,TRUE,5.3,400,300
6024,2022/10/19 9:02,131.4203725,47.028605,5210590.141,455939.4376,7.75988,189.6,TRUE,5.3,400,300
6025,2022/10/19 9:02,131.4203572,47.02852733,5210581.515,455938.2106,7.14872,187.6,TRUE,5.3,376,300
6026,2022/10/19 9:02,131.420346,47.02844567,5210572.443,455937.292,8.667359,191,TRUE,5.3,399,300
6027,2022/10/19 9:02,131.4203347,47.02835117,5210561.943,455936.3553,8.68588,184.4,TRUE,5.3,400,300
6028,2022/10/19 9:02,131.4203227,47.02826333,5210552.185,455935.3708,8.167319,186.6,TRUE,5.3,400,300
6029,2022/10/19 9:02,131.4203007,47.02817483,5210542.359,455933.6256,9.09332,190.9,TRUE,5.3,400,300
6030,2022/10/19 9:02,131.4202822,47.02808633,5210532.53,455932.1465,9.05628,191.9,TRUE,5.3,400,300
6031,2022/10/19 9:02,131.4202717,47.0279965,5210522.55,455931.2744,8.74144,190.6,TRUE,5.3,400,300
6032,2022/10/19 9:03,131.4202522,47.0279155,5210513.556,455929.7254,7.66728,186.7,TRUE,5.3,400,300
6033,2022/10/19 9:03,131.4202408,47.02783567,5210504.688,455928.7931,9.723,188.3,TRUE,5.3,400,300
6034,2022/10/19 9:03,131.4202353,47.02774483,5210494.592,455928.3003,8.85256,183.9,TRUE,5.3,400,300
6035,2022/10/19 9:03,131.4202243,47.02765217,5210484.297,455927.3878,8.00064,185.5,TRUE,5.3,400,300
6036,2022/10/19 9:03,131.4202128,47.027569,5210475.057,455926.4452,8.07472,186.8,TRUE,5.3,376,300
6037,2022/10/19 9:03,131.4201957,47.02748233,5210465.432,455925.0739,8.0562,183.8,TRUE,5.3,400,300
6038,2022/10/19 9:03,131.4201908,47.027379,5210453.947,455924.6164,8.68588,187.9,TRUE,5.3,400,300
6039,2022/10/19 9:03,131.4201757,47.02729083,5210444.154,455923.396,9.019239,189.3,TRUE,5.3,400,300
6040,2022/10/19 9:03,131.4201757,47.02720833,5210434.982,455923.3281,7.98212,189.1,TRUE,5.3,400,300
6041,2022/10/19 9:03,131.420155,47.02713617,5210426.972,455921.6951,7.33392,189.7,TRUE,5.3,400,300
6042,2022/10/19 9:03,131.4201465,47.02706967,5210419.584,455920.9942,7.75988,183.6,TRUE,5.3,400,300
6043,2022/10/19 9:03,131.4201287,47.02698083,5210409.717,455919.568,8.6118,186,TRUE,5.3,400,300
6044,2022/10/19 9:03,131.4201167,47.0268895,5210399.571,455918.5806,8.315479,186.9,TRUE,5.3,400,300
6045,2022/10/19 9:03,131.4200965,47.02679833,5210389.447,455916.9699,9.48224,190.1,TRUE,5.3,400,300
6046,2022/10/19 9:03,131.420084,47.0267155,5210380.245,455915.9515,9.371119,188.7,TRUE,5.3,400,300
6047,2022/10/19 9:04,131.4200642,47.02662683,5210370.399,455914.3734,8.77848,182.2,TRUE,5.3,400,300
6048,2022/10/19 9:04,131.4200497,47.02654183,5210360.958,455913.2011,8.20436,184.4,TRUE,5.3,400,300
6049,2022/10/19 9:04,131.4200433,47.02645583,5210351.401,455912.6438,8.35252,190.4,TRUE,5.3,400,300
6050,2022/10/19 9:04,131.4200355,47.02636683,5210341.511,455911.9776,8.57476,180.4,TRUE,5.3,400,300
6051,2022/10/19 9:04,131.4200222,47.02627767,5210331.606,455910.8931,8.75996,185.8,TRUE,5.3,373,300
6052,2022/10/19 9:04,131.4200078,47.02618383,5210321.182,455909.7212,8.185841,190.2,TRUE,5.3,377,300
6053,2022/10/19 9:04,131.4199818,47.02610083,5210311.97,455907.6764,8.13028,184.4,TRUE,5.3,400,300
6054,2022/10/19 9:04,131.419971,47.02601517,5210302.453,455906.7848,8.537721,187.7,TRUE,5.3,400,300
6055,2022/10/19 9:04,131.419963,47.02592517,5210292.452,455906.1026,9.574841,186.8,TRUE,5.3,400,300
6056,2022/10/19 9:04,131.4199442,47.02583817,5210282.791,455904.6018,8.889601,184.8,TRUE,5.3,400,300
6057,2022/10/19 9:04,131.419939,47.02575683,5210273.751,455904.1395,6.3894,188.9,TRUE,5.3,345,300
6058,2022/10/19 9:04,131.4199265,47.02567533,5210264.697,455903.1221,6.98204,185.3,TRUE,5.3,253,300
6059,2022/10/19 9:04,131.4199088,47.02558517,5210254.684,455901.7023,9.3526,186.9,TRUE,5.3,400,300
6060,2022/10/19 9:04,131.4199133,47.025498,5210244.991,455901.9726,9.11184,184.5,TRUE,5.3,400,300
6061,2022/10/19 9:04,131.419904,47.02540933,5210235.139,455901.1926,9.29704,187.2,TRUE,5.3,374,300
6062,2022/10/19 9:05,131.4198863,47.0253165,5210224.829,455899.7706,9.574841,189.9,TRUE,5.3,400,300
6063,2022/10/19 9:05,131.4198695,47.02522733,5210214.925,455898.42,8.29696,182.1,TRUE,5.3,400,300
6064,2022/10/19 9:05,131.4198562,47.02514217,5210205.465,455897.3388,10.35268,185.7,TRUE,5.3,370,300
6065,2022/10/19 9:05,131.4198472,47.025056,5210195.891,455896.5837,9.8156,184.3,TRUE,5.3,400,300
6066,2022/10/19 9:05,131.4198293,47.02496217,5210185.47,455895.1456,9.5378,184.1,TRUE,5.3,360,300
6067,2022/10/19 9:05,131.4198183,47.02486167,5210174.303,455894.2266,9.33408,190.2,TRUE,5.3,358,300
6068,2022/10/19 9:05,131.4198057,47.02476917,5210164.027,455893.1926,9.22296,189.4,TRUE,5.3,363,300
6069,2022/10/19 9:05,131.4197962,47.024677,5210153.786,455892.3945,7.889521,189.3,TRUE,5.3,302,300
6070,2022/10/19 9:05,131.4197785,47.0245855,5210143.623,455890.9735,8.90812,188.4,TRUE,5.3,360,300
6071,2022/10/19 9:05,131.4197648,47.02448783,5210132.773,455889.8516,8.90812,180.6,TRUE,5.3,400,300
6072,2022/10/19 9:05,131.4197572,47.02440017,5210123.032,455889.2016,9.204439,192.6,TRUE,5.3,400,300
6073,2022/10/19 9:05,131.4197355,47.02430767,5210112.761,455887.4758,9.019239,189.7,TRUE,5.3,365,300
6074,2022/10/19 9:05,131.4197258,47.02421883,5210102.89,455886.6652,8.4266,182.5,TRUE,5.3,395,300
6075,2022/10/19 9:05,131.419711,47.02412683,5210092.671,455885.4643,10.0008,185,TRUE,5.3,400,300
6076,2022/10/19 9:05,131.4196977,47.0240395,5210082.97,455884.3812,8.68588,187.1,TRUE,5.3,370,300
6077,2022/10/19 9:06,131.419691,47.02394883,5210072.893,455883.7972,8.13028,183.9,TRUE,5.3,400,300
6078,2022/10/19 9:06,131.4196713,47.0238565,5210062.64,455882.2235,7.9636,188,TRUE,5.3,400,300
6079,2022/10/19 9:06,131.4196568,47.023769,5210052.921,455881.0491,8.889601,183.9,TRUE,5.3,400,300
6080,2022/10/19 9:06,131.4196452,47.02368033,5210043.07,455880.0942,9.519279,191.4,TRUE,5.3,370,300
6081,2022/10/19 9:06,131.419634,47.02359617,5210033.72,455879.1734,8.797,186.4,TRUE,5.3,252,300
6082,2022/10/19 9:06,131.4196142,47.02349933,5210022.965,455877.5884,8.48216,181.8,TRUE,5.3,400,300
6083,2022/10/19 9:06,131.419602,47.02340833,5210012.856,455876.5859,8.871079,191.6,TRUE,5.3,400,300
6084,2022/10/19 9:06,131.4195923,47.02332817,5210003.95,455875.7825,8.797,190,TRUE,5.3,400,300
6085,2022/10/19 9:06,131.4195762,47.02323967,5209994.12,455874.4856,8.871079,185.5,TRUE,5.3,400,300
6086,2022/10/19 9:06,131.4195688,47.02315367,5209984.564,455873.8521,9.278521,188.1,TRUE,5.3,400,300
6087,2022/10/19 9:06,131.4195568,47.02307083,5209975.361,455872.8716,8.27844,182.3,TRUE,5.3,362,300
6088,2022/10/19 9:06,131.4195415,47.02297767,5209965.013,455871.6317,8.59328,191.6,TRUE,5.3,390,300
6089,2022/10/19 9:06,131.419528,47.02288267,5209954.459,455870.5271,7.90804,186.6,TRUE,5.3,400,300
6090,2022/10/19 9:06,131.4195133,47.02279067,5209944.24,455869.3337,8.889601,180.9,TRUE,5.3,376,300
6091,2022/10/19 9:06,131.419503,47.022704,5209934.611,455868.4793,8.83404,188.2,TRUE,5.3,397,300
6092,2022/10/19 9:07,131.4194892,47.02261533,5209924.761,455867.3571,8.25992,188.9,TRUE,5.3,400,300
6093,2022/10/19 9:07,131.4194738,47.02253033,5209915.32,455866.1163,9.278521,188.5,TRUE,5.3,400,300
6094,2022/10/19 9:07,131.4194633,47.0224405,5209905.339,455865.244,7.3154,182,TRUE,5.3,387,300
6095,2022/10/19 9:07,131.4194567,47.02235483,5209895.819,455864.6716,8.00064,174.2,TRUE,5.3,400,300
6096,2022/10/19 9:07,131.4194377,47.02226667,5209886.029,455863.1545,8.889601,187.8,TRUE,5.3,400,300
6097,2022/10/19 9:07,131.4194295,47.0221745,5209875.787,455862.4551,8.13028,178.1,TRUE,5.3,400,300
6098,2022/10/19 9:07,131.4194175,47.0220905,5209866.455,455861.4736,10.0934,188.6,TRUE,5.3,269,300
6099,2022/10/19 9:07,131.4193973,47.022007,5209857.184,455859.8691,6.83388,190.9,TRUE,5.3,400,300
6100,2022/10/19 9:07,131.4193938,47.021953,5209851.183,455859.5585,5.556,175.9,TRUE,5.3,400,300
6101,2022/10/19 9:07,131.419389,47.02189383,5209844.607,455859.1448,5.20412,178.1,TRUE,5.3,400,300
6102,2022/10/19 9:07,131.4193788,47.02184283,5209838.943,455858.3273,5.44488,183.2,TRUE,5.3,400,300
6103,2022/10/19 9:07,131.419326,47.02180217,5209834.453,455854.2797,5.24116,250.7,FALSE,5.3,0,300
6104,2022/10/19 9:07,131.4192417,47.0218015,5209834.426,455847.8703,6.83388,272.3,FALSE,5.3,0,300
6105,2022/10/19 9:07,131.4191525,47.02181083,5209835.514,455841.0965,5.87084,282.8,FALSE,5.3,0,300
6106,2022/10/19 9:07,131.4190828,47.02182733,5209837.387,455835.8112,6.1116,322.1,FALSE,5.3,0,300
6107,2022/10/19 9:08,131.4190872,47.02186033,5209841.053,455836.1729,3.8892,15.3,TRUE,5.3,400,300
6108,2022/10/19 9:08,131.4191095,47.02188517,5209843.802,455837.8888,4.92632,15.4,TRUE,5.3,400,300
6109,2022/10/19 9:08,131.4191132,47.0219445,5209850.396,455838.219,6.22272,353.9,TRUE,5.3,400,300
6110,2022/10/19 9:08,131.4191053,47.02199267,5209855.756,455837.6581,4.96336,353.6,TRUE,5.3,377,300
6111,2022/10/19 9:08,131.4191067,47.0220575,5209862.962,455837.818,3.7966,4.4,TRUE,5.3,400,300
6112,2022/10/19 9:08,131.4190997,47.022112,5209869.025,455837.3308,5.94492,10.8,TRUE,5.3,400,300
6113,2022/10/19 9:08,131.4191057,47.022172,5209875.692,455837.8364,5.1856,357.2,TRUE,5.3,400,300
6114,2022/10/19 9:08,131.4191182,47.02221417,5209880.373,455838.8215,6.14864,2,TRUE,5.3,400,300
6115,2022/10/19 9:08,131.4191323,47.022285,5209888.239,455839.9518,7.61172,9.8,TRUE,5.3,400,300
6116,2022/10/19 9:08,131.4191437,47.022357,5209896.237,455840.8779,8.167319,11.5,TRUE,5.3,400,300
6117,2022/10/19 9:08,131.4191457,47.02243833,5209905.277,455841.097,9.704479,5.1,TRUE,5.3,400,300
6118,2022/10/19 9:08,131.4191672,47.02251367,5209913.641,455842.7936,7.64876,10.8,TRUE,5.3,397,300
6119,2022/10/19 9:08,131.4191737,47.022593,5209922.456,455843.3532,7.20428,8.1,TRUE,5.3,400,300
6120,2022/10/19 9:08,131.4191842,47.0226995,5209934.29,455844.2393,7.463561,2.7,TRUE,5.3,400,300
6121,2022/10/19 9:08,131.4191985,47.02277367,5209942.527,455845.3876,8.01916,4.7,TRUE,5.3,400,300
6122,2022/10/19 9:09,131.4192082,47.02285933,5209952.045,455846.1956,6.77832,8.1,TRUE,5.3,399,300
6123,2022/10/19 9:09,131.419218,47.02292683,5209959.543,455846.9963,7.66728,12.3,TRUE,5.3,400,300
6124,2022/10/19 9:09,131.4192288,47.02300933,5209968.709,455847.8854,9.11184,9.4,TRUE,5.3,400,300
6125,2022/10/19 9:09,131.419245,47.02309733,5209978.483,455849.1895,8.871079,2.9,TRUE,5.3,400,300
6126,2022/10/19 9:09,131.4192503,47.02318983,5209988.763,455849.6687,8.72292,3.7,TRUE,5.3,400,300
6127,2022/10/19 9:09,131.4192592,47.0232685,5209997.504,455850.4101,8.40808,11.1,TRUE,5.3,400,300
6128,2022/10/19 9:09,131.4192728,47.02334433,5210005.926,455851.5066,8.037681,12.7,TRUE,5.3,400,300
6129,2022/10/19 9:09,131.4192858,47.02341567,5210013.85,455852.5537,9.519279,5.7,TRUE,5.3,400,300
6130,2022/10/19 9:09,131.4192997,47.02349467,5210022.625,455853.6755,6.61164,6.5,TRUE,5.3,400,300
6131,2022/10/19 9:09,131.4193057,47.0235765,5210031.718,455854.1991,4.98188,359,TRUE,5.3,400,300
6132,2022/10/19 9:09,131.4193185,47.02363333,5210038.029,455855.219,7.55616,5.5,TRUE,5.3,400,300
6133,2022/10/19 9:09,131.4193272,47.02371833,5210047.474,455855.9505,7.5932,7.2,TRUE,5.3,399,300
6134,2022/10/19 9:09,131.4193412,47.023798,5210056.323,455857.0805,8.00064,6.2,TRUE,5.3,400,300
6135,2022/10/19 9:09,131.4193495,47.02387283,5210064.637,455857.7731,7.90804,3.6,TRUE,5.3,400,300
6136,2022/10/19 9:09,131.4193648,47.023956,5210073.874,455859.0048,7.98212,3.9,TRUE,5.3,400,300
6137,2022/10/19 9:10,131.4193692,47.02404383,5210083.636,455859.4117,8.0562,9.2,TRUE,5.3,400,300
6138,2022/10/19 9:10,131.4193822,47.02412183,5210092.3,455860.4643,7.33392,10.2,TRUE,5.3,376,300
6139,2022/10/19 9:10,131.4194013,47.02420367,5210101.388,455861.9838,7.5006,5.1,TRUE,5.3,400,300
6140,2022/10/19 9:10,131.4194158,47.02428733,5210110.68,455863.155,9.24148,8.4,TRUE,5.3,400,300
6141,2022/10/19 9:10,131.419428,47.02436433,5210119.233,455864.1459,7.53764,3,TRUE,5.3,400,300
6142,2022/10/19 9:10,131.4194407,47.02444583,5210128.286,455865.1786,9.03776,11.2,TRUE,5.3,400,300
6143,2022/10/19 9:10,131.4194513,47.02452783,5210137.396,455866.052,9.0748,11.1,TRUE,5.3,400,300
6144,2022/10/19 9:10,131.4194652,47.02460867,5210146.376,455867.1753,9.426681,8.1,TRUE,5.3,366,300
6145,2022/10/19 9:10,131.4194803,47.024696,5210156.076,455868.3952,8.09324,11.8,TRUE,5.3,400,300
6146,2022/10/19 9:10,131.4194963,47.02478433,5210165.886,455869.6843,9.00072,7.2,TRUE,5.3,400,300
6147,2022/10/19 9:10,131.4195075,47.02487217,5210175.645,455870.6081,7.1302,9.2,TRUE,5.3,400,300
6148,2022/10/19 9:10,131.4195232,47.024939,5210183.066,455871.8567,8.20436,9.6,TRUE,5.3,400,300
6149,2022/10/19 9:10,131.4195317,47.02502733,5210192.881,455872.5757,8.871079,9.7,TRUE,5.3,380,300
6150,2022/10/19 9:10,131.4195443,47.02512183,5210203.38,455873.6114,9.38964,3.5,TRUE,5.3,400,300
6151,2022/10/19 9:10,131.4195428,47.02520483,5210212.608,455873.5658,7.33392,12.2,TRUE,5.3,400,300
6152,2022/10/19 9:11,131.4195535,47.0252905,5210222.126,455874.4498,7.92656,9.5,TRUE,5.3,400,300
6153,2022/10/19 9:11,131.4195638,47.025365,5210230.402,455875.2942,7.74136,7.1,TRUE,5.3,400,300
6154,2022/10/19 9:11,131.4195697,47.02544117,5210238.867,455875.8055,6.83388,1,TRUE,5.3,400,300
6155,2022/10/19 9:11,131.4195845,47.0255155,5210247.122,455876.9918,7.57468,5.8,TRUE,5.3,400,300
6156,2022/10/19 9:11,131.4196048,47.02558467,5210254.8,455878.592,7.27836,5.4,TRUE,5.3,400,300
6157,2022/10/19 9:11,131.419619,47.0256585,5210263,455879.7323,8.2414,0.9,TRUE,5.3,354,300
6158,2022/10/19 9:11,131.4196263,47.02575417,5210273.631,455880.3661,8.40808,3.2,TRUE,5.3,393,300
6159,2022/10/19 9:11,131.419634,47.02583383,5210282.483,455881.0171,8.519199,9.1,TRUE,5.3,400,300
6160,2022/10/19 9:11,131.4196422,47.02590567,5210290.465,455881.6996,8.20436,8,TRUE,5.3,400,300
6161,2022/10/19 9:11,131.4196578,47.02599,5210299.831,455882.955,8.64884,8.3,TRUE,5.3,400,300
6162,2022/10/19 9:11,131.4196715,47.02607267,5210309.014,455884.0646,8.64884,11.6,TRUE,5.3,400,300
6163,2022/10/19 9:11,131.4196877,47.0261495,5210317.546,455885.3594,9.204439,8.9,TRUE,5.3,398,300
6164,2022/10/19 9:11,131.4196933,47.0262375,5210327.326,455885.8576,8.519199,7.9,TRUE,5.3,400,300
6165,2022/10/19 9:11,131.4197105,47.02631567,5210336.006,455887.2295,8.27844,359.6,TRUE,5.3,400,300
6166,2022/10/19 9:11,131.4197207,47.0264085,5210346.321,455888.0813,9.03776,4.1,TRUE,5.3,400,300
6167,2022/10/19 9:12,131.4197322,47.02649117,5210355.505,455889.0237,6.7598,8.2,TRUE,5.3,400,300
6168,2022/10/19 9:12,131.4197388,47.02656817,5210364.061,455889.5888,7.98212,5.8,TRUE,5.3,400,300
6169,2022/10/19 9:12,131.4197578,47.026638,5210371.813,455891.0907,7.64876,7.5,TRUE,5.3,400,300
6170,2022/10/19 9:12,131.4197667,47.02672067,5210380.999,455891.8353,8.889601,8.6,TRUE,5.3,400,300
6171,2022/10/19 9:12,131.419779,47.026813,5210391.256,455892.8464,9.33408,2.3,TRUE,5.3,375,300
6172,2022/10/19 9:12,131.4197938,47.02689283,5210400.123,455894.0372,6.42644,2.7,TRUE,5.3,400,300
6173,2022/10/19 9:12,131.4198028,47.02696233,5210407.844,455894.7786,8.81552,5,TRUE,5.3,400,300
6174,2022/10/19 9:12,131.4198132,47.02703833,5210416.287,455895.6318,9.61188,10.6,TRUE,5.3,400,300
6175,2022/10/19 9:12,131.4198325,47.02711433,5210424.725,455897.1616,8.25992,8.6,TRUE,5.3,400,300
6176,2022/10/19 9:12,131.4198415,47.02719967,5210434.208,455897.916,7.871,10.2,TRUE,5.3,400,300
6177,2022/10/19 9:12,131.419851,47.02726817,5210441.818,455898.6946,5.96344,5.4,TRUE,5.3,233,300
6178,2022/10/19 9:12,131.4198612,47.0273445,5210450.297,455899.5328,8.2414,8.8,TRUE,5.3,347,300
6179,2022/10/19 9:12,131.4198732,47.02741183,5210457.776,455900.5005,7.2228,4.6,TRUE,5.3,400,300
6180,2022/10/19 9:12,131.4198783,47.02749233,5210466.722,455900.9545,7.42652,4.1,TRUE,5.3,400,300
6181,2022/10/19 9:12,131.4198958,47.02755867,5210474.087,455902.3394,7.66728,9.8,TRUE,5.3,400,300
6182,2022/10/19 9:13,131.4199077,47.0276415,5210483.289,455903.3122,7.25984,6,TRUE,5.3,400,300
6183,2022/10/19 9:13,131.4199212,47.0277255,5210492.62,455904.4076,8.334,3.7,TRUE,5.3,400,300
6184,2022/10/19 9:13,131.4199322,47.02780233,5210501.155,455905.3071,9.31556,6.1,TRUE,5.3,400,300
6185,2022/10/19 9:13,131.4199503,47.02789067,5210510.966,455906.7557,7.408,4.1,TRUE,5.3,398,300
6186,2022/10/19 9:13,131.4199543,47.0279865,5210521.617,455907.1387,9.40816,9.1,TRUE,5.3,400,300
6187,2022/10/19 9:13,131.4199722,47.02807083,5210530.982,455908.5688,8.94516,8.8,TRUE,5.3,367,300
6188,2022/10/19 9:13,131.4199835,47.02815833,5210540.703,455909.4999,7.5006,9.4,TRUE,5.3,396,300
6189,2022/10/19 9:13,131.419996,47.0282355,5210549.275,455910.5136,7.64876,1.7,TRUE,5.3,400,300
6190,2022/10/19 9:13,131.4200017,47.02831683,5210558.313,455911.0139,7.66728,4.4,TRUE,5.3,400,300
6191,2022/10/19 9:13,131.4200143,47.0283945,5210566.941,455912.0356,6.945,3.7,TRUE,5.3,400,300
6192,2022/10/19 9:13,131.4200315,47.02846183,5210574.416,455913.3985,7.5006,1.7,TRUE,5.3,400,300
6193,2022/10/19 9:13,131.420041,47.02853367,5210582.397,455914.1798,7.29688,5.2,TRUE,5.3,400,300
6194,2022/10/19 9:13,131.420047,47.028616,5210591.547,455914.7037,7.27836,9.8,TRUE,5.3,400,300
6195,2022/10/19 9:13,131.4200585,47.0286945,5210600.267,455915.6425,7.09316,12.5,TRUE,5.3,400,300
6196,2022/10/19 9:13,131.420066,47.02876033,5210607.581,455916.2668,7.33392,11.4,TRUE,5.3,400,300
6197,2022/10/19 9:14,131.4200803,47.0288255,5210614.818,455917.4075,7.14872,6.2,TRUE,5.3,400,300
6198,2022/10/19 9:14,131.4200887,47.02890417,5210623.559,455918.1108,7.07464,4.9,TRUE,5.3,400,300
6199,2022/10/19 9:14,131.4200927,47.02898867,5210632.951,455918.4844,5.94492,358.2,TRUE,5.3,400,300
6200,2022/10/19 9:14,131.4201058,47.02904583,5210639.298,455919.5273,2.83356,9.2,TRUE,5.3,399,300
6201,2022/10/19 9:14,131.4201177,47.02911333,5210646.796,455920.4874,3.9818,12.6,TRUE,5.3,400,300
6202,2022/10/19 9:14,131.4201247,47.02918033,5210654.24,455921.0747,7.51912,1.3,TRUE,5.3,400,300
6203,2022/10/19 9:14,131.420138,47.029248,5210661.756,455922.1414,7.889521,7.4,TRUE,5.3,400,300
6204,2022/10/19 9:14,131.420146,47.0293225,5210670.033,455922.8108,6.90796,13.1,TRUE,5.3,400,300
6205,2022/10/19 9:14,131.4201638,47.0293825,5210676.694,455924.2133,5.24116,2.5,TRUE,5.3,400,300
6206,2022/10/19 9:14,131.4201665,47.02942217,5210681.102,455924.4512,3.704,11.7,TRUE,5.3,400,300
6207,2022/10/19 9:14,131.42017,47.02944317,5210683.435,455924.7345,6.35236,6.8,TRUE,5.3,344,300
6208,2022/10/19 9:14,131.4201947,47.0294965,5210689.35,455926.656,5.20412,70.8,FALSE,5.3,0,300
6209,2022/10/19 9:14,131.4202673,47.0294815,5210687.641,455932.1622,5.16708,106.2,FALSE,5.3,0,300
6210,2022/10/19 9:14,131.420287,47.02944483,5210683.554,455933.6295,4.96336,189.1,FALSE,5.3,0,300
6211,2022/10/19 9:14,131.4202672,47.02940883,5210679.563,455932.0948,4.48184,189.5,TRUE,5.3,400,300
6212,2022/10/19 9:15,131.420256,47.02936733,5210674.955,455931.2093,4.64852,184.5,TRUE,5.3,400,300
6213,2022/10/19 9:15,131.4202448,47.029317,5210669.366,455930.3165,6.51904,177.6,TRUE,5.3,400,300
6214,2022/10/19 9:15,131.4202417,47.02924033,5210660.845,455930.0177,6.77832,189.6,TRUE,5.3,400,300
6215,2022/10/19 9:15,131.420241,47.0291585,5210651.748,455929.8972,6.14864,182.6,TRUE,5.3,400,300
6216,2022/10/19 9:15,131.420234,47.0290925,5210644.414,455929.3107,6.40792,182.8,TRUE,5.3,400,300
6217,2022/10/19 9:15,131.4202258,47.02903767,5210638.324,455928.6423,7.2228,186.9,TRUE,5.3,244,300
6218,2022/10/19 9:15,131.4202155,47.02895983,5210629.676,455927.7953,6.25976,189.9,TRUE,5.3,400,300
6219,2022/10/19 9:15,131.420198,47.02889283,5210622.237,455926.4099,7.33392,190.2,TRUE,5.3,400,300
6220,2022/10/19 9:15,131.4201857,47.02882133,5210614.295,455925.416,6.945,184.9,TRUE,5.3,400,300
6221,2022/10/19 9:15,131.4201652,47.0287485,5210606.21,455923.7978,6.8524,186.7,TRUE,5.3,400,300
6222,2022/10/19 9:15,131.4201552,47.028689,5210599.601,455922.9886,6.03752,187.3,TRUE,5.3,400,300
6223,2022/10/19 9:15,131.4201412,47.02861867,5210591.791,455921.8665,6.7598,193.5,TRUE,5.3,400,300
6224,2022/10/19 9:15,131.4201283,47.0285435,5210583.441,455920.824,7.33392,181.3,TRUE,5.3,400,300
6225,2022/10/19 9:15,131.4201177,47.0284765,5210575.999,455919.9631,6.61164,188.5,TRUE,5.3,400,300
6226,2022/10/19 9:15,131.4201132,47.028399,5210567.385,455919.5572,7.1302,186.7,TRUE,5.3,400,300
6227,2022/10/19 9:16,131.4201042,47.02832617,5210559.294,455918.8131,7.408,183.7,TRUE,5.3,400,300
6228,2022/10/19 9:16,131.4200938,47.02824717,5210550.517,455917.9575,7.05612,192.5,TRUE,5.3,400,300
6229,2022/10/19 9:16,131.420084,47.02817333,5210542.314,455917.1518,7.55616,190.5,TRUE,5.3,400,300
6230,2022/10/19 9:16,131.4200685,47.02808817,5210532.855,455915.9034,8.64884,184,TRUE,5.3,400,300
6231,2022/10/19 9:16,131.4200567,47.02799933,5210522.985,455914.9333,7.79692,187.6,TRUE,5.3,400,300
6232,2022/10/19 9:16,131.4200427,47.0279285,5210515.119,455913.8108,9.204439,189.4,TRUE,5.3,207,300
6233,2022/10/19 9:16,131.420034,47.0278335,5210504.563,455913.0712,9.574841,182.4,TRUE,5.3,400,300
6234,2022/10/19 9:16,131.4200222,47.02773783,5210493.934,455912.0954,7.5006,183.8,TRUE,0,400,300
6235,2022/10/19 9:16,131.4200065,47.0276605,5210485.346,455910.8383,7.98212,186.4,TRUE,0,400,300
6236,2022/10/19 9:16,131.419997,47.02758567,5210477.032,455910.0545,7.55616,177.8,TRUE,5.3,400,300
6237,2022/10/19 9:16,131.4199923,47.02750967,5210468.586,455909.6347,6.945,184.1,TRUE,5.3,400,300
6238,2022/10/19 9:16,131.4199798,47.0274345,5210460.236,455908.6225,8.27844,179.4,TRUE,5.3,400,300
6239,2022/10/19 9:16,131.4199713,47.02736767,5210452.811,455907.9214,6.59312,190,TRUE,5.3,245,300
6240,2022/10/19 9:16,131.4199613,47.02729667,5210444.924,455907.1027,8.7044,187.5,TRUE,5.3,214,300
6241,2022/10/19 9:16,131.4199425,47.02720383,5210434.613,455905.5972,8.09324,187,TRUE,5.3,400,300
6242,2022/10/19 9:17,131.4199253,47.02712567,5210425.934,455904.2253,7.92656,184.4,TRUE,5.3,400,300
6243,2022/10/19 9:17,131.41992,47.02704633,5210417.116,455903.7571,6.5746,179.9,TRUE,5.3,400,300
6244,2022/10/19 9:17,131.4199153,47.02697983,5210409.726,455903.345,6.33384,189.6,TRUE,5.3,400,300
6245,2022/10/19 9:17,131.419911,47.02690533,5210401.446,455902.9568,6.63016,181.5,TRUE,5.3,400,300
6246,2022/10/19 9:17,131.4198975,47.0268415,5210394.358,455901.878,6.14864,193.8,TRUE,5.3,400,300
6247,2022/10/19 9:17,131.4198882,47.02676733,5210386.118,455901.1099,6.13012,190.6,TRUE,5.3,400,300
6248,2022/10/19 9:17,131.4198747,47.02670017,5210378.659,455900.0284,8.27844,183.9,TRUE,5.3,393,300
6249,2022/10/19 9:17,131.4198602,47.0266195,5210369.699,455898.8597,8.037681,182.3,TRUE,5.3,400,300
6250,2022/10/19 9:17,131.4198502,47.026556,5210362.645,455898.0472,4.85224,182.5,TRUE,5.3,400,300
6251,2022/10/19 9:17,131.4198398,47.026494,5210355.759,455897.2055,7.29688,180.7,TRUE,5.3,400,300
6252,2022/10/19 9:17,131.4198295,47.026412,5210346.648,455896.355,6.53756,185.5,TRUE,5.3,400,300
6253,2022/10/19 9:17,131.4198245,47.02635117,5210339.889,455895.9248,5.42636,188.4,TRUE,5.3,400,300
6254,2022/10/19 9:17,131.4198143,47.02628283,5210332.297,455895.0931,7.463561,184.7,TRUE,5.3,400,300
6255,2022/10/19 9:17,131.4198028,47.026212,5210324.429,455894.1606,3.81512,182.1,TRUE,5.3,400,300
6256,2022/10/19 9:17,131.4197878,47.026144,5210316.878,455892.9643,8.37104,180,TRUE,5.3,400,300
6257,2022/10/19 9:18,131.4197803,47.02606783,5210308.414,455892.3314,6.88944,185.6,TRUE,5.3,400,300
6258,2022/10/19 9:18,131.4197687,47.0260005,5210300.936,455891.3941,6.90796,189.5,TRUE,5.3,400,300
6259,2022/10/19 9:18,131.4197637,47.02593867,5210294.065,455890.9631,6.5746,189.3,TRUE,5.3,400,300
6260,2022/10/19 9:18,131.4197597,47.025871,5210286.544,455890.6033,7.852479,183.9,TRUE,5.3,400,300
6261,2022/10/19 9:18,131.419745,47.02580183,5210278.863,455889.4288,4.63,188.1,TRUE,5.3,400,300
6262,2022/10/19 9:18,131.4197263,47.02573133,5210271.036,455887.9492,7.74136,189.3,TRUE,5.3,396,300
6263,2022/10/19 9:18,131.4197167,47.02564883,5210261.87,455887.1514,7.0376,183,TRUE,5.3,400,300
6264,2022/10/19 9:18,131.4197027,47.02558367,5210254.634,455886.0335,8.185841,186.4,TRUE,5.3,400,300
6265,2022/10/19 9:18,131.419692,47.025505,5210245.894,455885.1553,7.42652,188.6,TRUE,5.3,400,300
6266,2022/10/19 9:18,131.4196838,47.025442,5210238.895,455884.48,7.44504,184.7,TRUE,5.3,400,300
6267,2022/10/19 9:18,131.4196743,47.02537417,5210231.359,455883.7019,6.3894,186.6,TRUE,5.3,400,300
6268,2022/10/19 9:18,131.4196672,47.02531467,5210224.749,455883.1132,6.83388,185.6,TRUE,5.3,400,300
6269,2022/10/19 9:18,131.4196548,47.02524567,5210217.085,455882.1137,6.53756,190.4,TRUE,5.3,400,300
6270,2022/10/19 9:18,131.4196413,47.0251855,5210210.403,455881.0378,7.704319,183.3,TRUE,5.3,400,300
6271,2022/10/19 9:18,131.4196327,47.025125,5210203.682,455880.3342,6.00048,187.2,TRUE,5.3,355,300
6272,2022/10/19 9:19,131.4196198,47.0250585,5210196.297,455879.2988,7.01908,181.9,TRUE,5.3,400,300
6273,2022/10/19 9:19,131.4196082,47.02497867,5210187.428,455878.3512,6.2968,182.6,TRUE,5.3,400,300
6274,2022/10/19 9:19,131.4196075,47.02490783,5210179.553,455878.2396,7.1302,185.4,TRUE,5.3,400,300
6275,2022/10/19 9:19,131.4195992,47.02482867,5210170.758,455877.5434,6.61164,185.1,TRUE,5.3,400,300
6276,2022/10/19 9:19,131.4195868,47.02476,5210163.131,455876.5441,6.63016,186,TRUE,5.3,400,300
6277,2022/10/19 9:19,131.4195737,47.02468817,5210155.153,455875.4891,3.62992,195.3,TRUE,5.3,400,300
6278,2022/10/19 9:19,131.419567,47.02461917,5210147.486,455874.9229,6.68572,184.9,TRUE,5.3,400,300
6279,2022/10/19 9:19,131.419559,47.02455233,5210140.059,455874.2596,8.00064,184.4,TRUE,5.3,396,300
6280,2022/10/19 9:19,131.4195468,47.0244755,5210131.525,455873.2689,7.11168,182.1,TRUE,5.3,400,300
6281,2022/10/19 9:19,131.4195388,47.02440933,5210124.173,455872.6062,5.59304,184.4,TRUE,0,400,300
6282,2022/10/19 9:19,131.4195253,47.0243495,5210117.53,455871.5306,6.27828,185.8,TRUE,0,400,300
6283,2022/10/19 9:19,131.4195135,47.02428267,5210110.107,455870.5785,7.9636,185.2,TRUE,5.3,400,300
6284,2022/10/19 9:19,131.4195018,47.02421033,5210102.071,455869.6294,7.53764,189.7,TRUE,5.3,400,300
6285,2022/10/19 9:19,131.419491,47.0241405,5210094.314,455868.7508,6.96352,187.1,TRUE,5.3,400,300
6286,2022/10/19 9:19,131.4194878,47.024066,5210086.034,455868.4462,5.57452,180.7,TRUE,5.3,400,300
6287,2022/10/19 9:20,131.4194785,47.02400517,5210079.277,455867.689,6.945,186.7,TRUE,5.3,400,300
6288,2022/10/19 9:20,131.4194653,47.023916,5210069.371,455866.612,6.945,181.3,TRUE,5.3,400,300
6289,2022/10/19 9:20,131.4194555,47.023837,5210060.594,455865.8019,7.11168,185.1,TRUE,5.3,400,300
6290,2022/10/19 9:20,131.419441,47.02377233,5210053.413,455864.6463,6.25976,182.5,TRUE,5.3,400,300
6291,2022/10/19 9:20,131.4194312,47.02370367,5210045.785,455863.8447,6.63016,183,TRUE,5.3,400,300
6292,2022/10/19 9:20,131.4194223,47.02363367,5210038.008,455863.1104,7.14872,192.2,TRUE,5.3,400,300
6293,2022/10/19 9:20,131.4194152,47.02356067,5210029.897,455862.5105,7.61172,188.7,TRUE,5.3,400,300
6294,2022/10/19 9:20,131.4193998,47.02349683,5210022.808,455861.2871,7.3154,187.7,TRUE,5.3,400,300
6295,2022/10/19 9:20,131.4193868,47.02342267,5210014.571,455860.2377,6.59312,188.5,TRUE,5.3,400,300
6296,2022/10/19 9:20,131.4193785,47.02336433,5210008.09,455859.5586,6.27828,185.3,TRUE,5.3,400,300
6297,2022/10/19 9:20,131.4193703,47.02329633,5210000.535,455858.8792,1.22232,15.7,TRUE,5.3,291,300
6298,2022/10/19 9:20,131.4193698,47.02330033,5210000.98,455858.8445,0,0,FALSE,5.3,0,300
6299,2022/10/19 9:20,131.4193703,47.02329983,5210000.924,455858.8821,0,0,FALSE,5.3,0,300
6300,2022/10/19 9:20,131.4193712,47.02329917,5210000.85,455858.9499,0,0,FALSE,5.3,0,300
6301,2022/10/19 9:20,131.4193725,47.023298,5210000.72,455859.0478,0,0,FALSE,5.3,0,300
6302,2022/10/19 9:21,131.4193737,47.023297,5210000.608,455859.1382,0,0,FALSE,5.3,0,300
6303,2022/10/19 9:21,131.419374,47.02329683,5210000.589,455859.1609,0,0,FALSE,5.3,0,300
6304,2022/10/19 9:21,131.4193742,47.023297,5210000.607,455859.1762,0,0,FALSE,5.3,0,300
6305,2022/10/19 9:21,131.4193743,47.023297,5210000.607,455859.1838,0,0,FALSE,5.3,0,300
6306,2022/10/19 9:21,131.4193742,47.023297,5210000.607,455859.1762,0,0,FALSE,5.3,0,300
6307,2022/10/19 9:21,131.4193742,47.023296,5210000.496,455859.1754,0,0,FALSE,5.3,0,300
6308,2022/10/19 9:21,131.4193742,47.0232945,5210000.33,455859.1742,0,0,FALSE,5.3,0,300
6309,2022/10/19 9:21,131.419374,47.02329317,5210000.182,455859.1579,0,0,FALSE,5.3,0,300
6310,2022/10/19 9:21,131.419371,47.02324083,5209994.365,455858.8867,3.07432,195.6,TRUE,5.3,400,300
6311,2022/10/19 9:21,131.4193555,47.02318717,5209988.408,455857.6641,2.90764,183.5,TRUE,5.3,400,300
6312,2022/10/19 9:21,131.4193538,47.02313983,5209983.146,455857.4958,4.167,185.3,TRUE,5.3,400,300
6313,2022/10/19 9:21,131.4193385,47.0230955,5209978.227,455856.2961,3.40768,189.9,TRUE,5.3,400,300
6314,2022/10/19 9:21,131.4193385,47.0230845,5209977.004,455856.2871,0,180.6,FALSE,5.3,0,300
6315,2022/10/19 9:21,131.4193242,47.02302967,5209970.916,455855.1547,6.72276,185.3,TRUE,5.3,400,300
6316,2022/10/19 9:21,131.4193172,47.022965,5209963.731,455854.5693,6.13012,194.1,TRUE,5.3,400,300
6317,2022/10/19 9:22,131.419309,47.02290333,5209956.88,455853.895,5.66712,189.3,TRUE,5.3,400,300
6318,2022/10/19 9:22,131.419299,47.02283917,5209949.752,455853.0819,7.14872,181,TRUE,5.3,400,300
6319,2022/10/19 9:22,131.4192897,47.0227685,5209941.901,455852.3166,7.5006,184.6,TRUE,5.3,400,300
6320,2022/10/19 9:22,131.4192768,47.02269917,5209934.201,455851.2788,6.2042,181.6,TRUE,5.3,400,300
6321,2022/10/19 9:22,131.4192657,47.02264767,5209928.482,455850.3924,5.556,191.7,TRUE,5.3,400,300
6322,2022/10/19 9:22,131.4192587,47.022588,5209921.852,455849.8111,7.25984,186.8,TRUE,5.3,400,300
6323,2022/10/19 9:22,131.4192493,47.022515,5209913.742,455849.0363,7.07464,184,TRUE,5.3,400,300
6324,2022/10/19 9:22,131.4192422,47.02244133,5209905.556,455848.4358,7.75988,191.9,TRUE,5.3,400,300
6325,2022/10/19 9:22,131.4192317,47.02237767,5209898.485,455847.585,6.482,186.5,TRUE,5.3,400,300
6326,2022/10/19 9:22,131.4192275,47.022307,5209890.631,455847.2075,8.1488,184.9,TRUE,5.3,400,300
6327,2022/10/19 9:22,131.4192168,47.02223483,5209882.614,455846.3345,6.51904,180.6,TRUE,5.3,400,300
6328,2022/10/19 9:22,131.4192102,47.02217167,5209875.596,455845.7807,6.92648,182.8,TRUE,5.3,382,300
6329,2022/10/19 9:22,131.419198,47.022106,5209868.302,455844.799,5.07448,175.4,TRUE,5.3,400,300
6330,2022/10/19 9:22,131.4191913,47.02204717,5209861.766,455844.2412,6.35236,184.4,TRUE,5.3,400,300
6331,2022/10/19 9:22,131.4191808,47.02200183,5209856.731,455843.4055,5.38932,193.9,TRUE,5.3,400,300
6332,2022/10/19 9:23,131.4191727,47.02194583,5209850.51,455842.7436,4.14848,179.1,TRUE,5.3,400,300
6333,2022/10/19 9:23,131.4191693,47.02189467,5209844.825,455842.4429,4.57444,189.9,TRUE,5.3,400,300
6334,2022/10/19 9:23,131.4191593,47.02184783,5209839.623,455841.644,4.64852,190,TRUE,5.3,400,300
6335,2022/10/19 9:23,131.419121,47.021813,5209835.773,455838.7035,5.14856,248.3,FALSE,5.3,0,300
6336,2022/10/19 9:23,131.4190485,47.02181233,5209835.739,455833.1912,5.57452,282.2,FALSE,5.3,0,300
6337,2022/10/19 9:23,131.4190025,47.0218315,5209837.896,455829.7099,5.0004,352.2,FALSE,5.3,0,300
6338,2022/10/19 9:23,131.4190182,47.021871,5209842.278,455830.936,4.11144,19.6,TRUE,5.3,400,300
6339,2022/10/19 9:23,131.4190213,47.021904,5209845.945,455831.1989,3.25952,12.7,TRUE,5.3,400,300
6340,2022/10/19 9:23,131.4190282,47.02194817,5209850.852,455831.7599,4.48184,12.5,TRUE,5.3,400,300
6341,2022/10/19 9:23,131.4190343,47.02198333,5209854.757,455832.2527,5.59304,7.1,TRUE,5.3,336,300
6342,2022/10/19 9:23,131.4190392,47.02204733,5209861.869,455832.678,4.74112,8,TRUE,5.3,400,300
6343,2022/10/19 9:23,131.4190332,47.02208633,5209866.208,455832.254,5.20412,12.3,TRUE,5.3,368,300
6344,2022/10/19 9:23,131.4190293,47.02214433,5209872.659,455832.0053,5.0004,4.8,TRUE,5.3,400,300
6345,2022/10/19 9:23,131.4190368,47.0221955,5209878.343,455832.6177,5.59304,3.3,TRUE,5.3,400,300
6346,2022/10/19 9:23,131.4190397,47.02225017,5209884.419,455832.8833,6.05604,9.7,TRUE,5.3,400,300
6347,2022/10/19 9:24,131.4190465,47.022323,5209892.512,455833.4603,6.96352,0.2,TRUE,5.3,400,300
6348,2022/10/19 9:24,131.4190642,47.02237267,5209898.024,455834.8469,7.92656,4.9,TRUE,5.3,400,300
6349,2022/10/19 9:24,131.4190712,47.02242283,5209903.596,455835.4204,8.09324,6.2,TRUE,5.3,400,300
6350,2022/10/19 9:24,131.4190797,47.02250117,5209912.3,455836.1312,5.87084,9.8,TRUE,5.3,400,300
6351,2022/10/19 9:24,131.4190837,47.0225685,5209919.783,455836.4909,6.24124,6.4,TRUE,5.3,400,300
6352,2022/10/19 9:24,131.4190975,47.02263567,5209927.243,455837.5954,6.24124,15.5,TRUE,5.3,400,300
6353,2022/10/19 9:24,131.4191133,47.022701,5209934.497,455838.8504,5.94492,0.4,TRUE,5.3,400,300
6354,2022/10/19 9:24,131.4191203,47.0227725,5209942.441,455839.4416,6.88944,9.9,TRUE,5.3,400,300
6355,2022/10/19 9:24,131.4191352,47.02284867,5209950.901,455840.6371,6.6672,14.5,TRUE,5.3,400,300
6356,2022/10/19 9:24,131.4191443,47.02292217,5209959.067,455841.3895,6.81536,7.7,TRUE,5.3,400,300
6357,2022/10/19 9:24,131.4191623,47.02298417,5209965.949,455842.8091,6.33384,2.8,TRUE,5.3,400,300
6358,2022/10/19 9:24,131.4191767,47.02305717,5209974.057,455843.964,6.64868,13.1,TRUE,5.3,400,300
6359,2022/10/19 9:24,131.4191832,47.02312733,5209981.853,455844.516,6.72276,9.6,TRUE,5.3,394,300
6360,2022/10/19 9:24,131.4191938,47.02320133,5209990.073,455845.3829,6.22272,4.6,TRUE,5.3,400,300
6361,2022/10/19 9:24,131.4192083,47.0232675,5209997.421,455846.5397,6.55608,6.2,TRUE,5.3,399,300
6362,2022/10/19 9:25,131.4192132,47.0233305,5210004.422,455846.9642,6.13012,6.4,TRUE,5.3,400,300
6363,2022/10/19 9:25,131.4192232,47.02339217,5210011.273,455847.7753,6.07456,14.9,TRUE,5.3,400,300
6364,2022/10/19 9:25,131.4192358,47.02344867,5210017.547,455848.7797,4.77816,8,TRUE,5.3,400,300
6365,2022/10/19 9:25,131.4192437,47.02349867,5210023.101,455849.4215,7.00056,5.8,TRUE,5.3,400,300
6366,2022/10/19 9:25,131.419261,47.023582,5210032.355,455850.8054,5.90788,12.3,TRUE,5.3,400,300
6367,2022/10/19 9:25,131.4192668,47.02365333,5210040.282,455851.3052,6.90796,5.8,TRUE,5.3,400,300
6368,2022/10/19 9:25,131.4192788,47.02372083,5210047.779,455852.2731,6.79684,5.4,TRUE,5.3,400,300
6369,2022/10/19 9:25,131.4192875,47.02379267,5210055.76,455852.9937,6.019,8.9,TRUE,5.3,400,300
6370,2022/10/19 9:25,131.4193003,47.02386083,5210063.331,455854.023,6.42644,8.5,TRUE,5.3,400,300
6371,2022/10/19 9:25,131.4193123,47.02393117,5210071.144,455854.9932,7.81544,359.9,TRUE,5.3,400,300
6372,2022/10/19 9:25,131.4193117,47.02399617,5210078.37,455855.0012,6.77832,11.6,TRUE,5.3,400,300
6373,2022/10/19 9:25,131.4193215,47.02406783,5210086.331,455855.8053,6.87092,4.5,TRUE,5.3,400,300
6374,2022/10/19 9:25,131.4193372,47.02413183,5210093.437,455857.0516,7.51912,8.2,TRUE,5.3,400,300
6375,2022/10/19 9:25,131.4193552,47.0242045,5210101.506,455858.4799,6.87092,5.5,TRUE,5.3,400,300
6376,2022/10/19 9:25,131.4193608,47.024275,5210109.34,455858.9637,6.88944,12.8,TRUE,5.3,400,300
6377,2022/10/19 9:26,131.4193752,47.02433883,5210116.428,455860.111,5.6486,7,TRUE,5.3,400,300
6378,2022/10/19 9:26,131.4193778,47.02441333,5210124.709,455860.3701,6.6672,11.9,TRUE,5.3,400,300
6379,2022/10/19 9:26,131.4193855,47.02448267,5210132.413,455861.0126,5.59304,2.9,TRUE,5.3,400,300
6380,2022/10/19 9:26,131.4193932,47.02454633,5210139.486,455861.6504,6.40792,359.7,TRUE,5.3,400,300
6381,2022/10/19 9:26,131.419407,47.02460667,5210146.186,455862.7493,8.11176,10.1,TRUE,5.3,400,300
6382,2022/10/19 9:26,131.419415,47.024678,5210154.111,455863.4162,7.42652,9,TRUE,5.3,400,300
6383,2022/10/19 9:26,131.4194182,47.02474683,5210161.762,455863.7162,7.61172,8.5,TRUE,5.3,400,300
6384,2022/10/19 9:26,131.4194162,47.0248255,5210170.509,455863.629,7.72284,7.4,TRUE,5.3,400,300
6385,2022/10/19 9:26,131.4194338,47.02490717,5210179.578,455865.0343,7.5006,10.4,TRUE,5.3,400,300
6386,2022/10/19 9:26,131.4194358,47.02498833,5210188.599,455865.2532,6.25976,5.8,TRUE,5.3,400,300
6387,2022/10/19 9:26,131.4194547,47.02504783,5210195.203,455866.739,6.61164,5.8,TRUE,5.3,400,300
6388,2022/10/19 9:26,131.4194723,47.025116,5210202.772,455868.1332,7.57468,0.6,TRUE,5.3,367,300
6389,2022/10/19 9:26,131.4194858,47.025177,5210209.546,455869.2097,7.35244,10.6,TRUE,5.3,222,300
6390,2022/10/19 9:26,131.4195038,47.02526217,5210219.004,455870.6483,6.55608,11.6,TRUE,5.3,400,300
6391,2022/10/19 9:26,131.4195102,47.02533117,5210226.671,455871.1917,6.87092,8.8,TRUE,5.3,400,300
6392,2022/10/19 9:27,131.4195155,47.02539333,5210233.579,455871.6458,4.77816,10.8,TRUE,5.3,400,300
6393,2022/10/19 9:27,131.4195322,47.02543867,5210238.61,455872.9527,6.64868,10.8,TRUE,5.3,400,300
6394,2022/10/19 9:27,131.4195348,47.02550033,5210245.463,455873.2011,5.66712,0.5,TRUE,5.3,400,300
6395,2022/10/19 9:27,131.4195407,47.0255655,5210252.705,455873.7034,6.64868,13,TRUE,5.3,375,300
6396,2022/10/19 9:27,131.4195475,47.02564283,5210261.298,455874.284,6.482,8,TRUE,5.3,373,300
6397,2022/10/19 9:27,131.4195685,47.02570617,5210268.328,455875.9326,7.05612,9.1,TRUE,5.3,400,300
6398,2022/10/19 9:27,131.419586,47.0257685,5210275.247,455877.3143,7.704319,9.2,TRUE,5.3,400,300
6399,2022/10/19 9:27,131.4195932,47.0258415,5210283.358,455877.9218,7.778399,359.3,TRUE,5.3,400,300
6400,2022/10/19 9:27,131.4195982,47.025909,5210290.86,455878.3575,6.13012,4.2,TRUE,5.3,400,300
6401,2022/10/19 9:27,131.419613,47.0259755,5210298.244,455879.5374,6.46348,8.4,TRUE,5.3,400,300
6402,2022/10/19 9:27,131.4196157,47.02604317,5210305.766,455879.7984,6.1116,9.6,TRUE,5.3,400,300
6403,2022/10/19 9:27,131.4196243,47.02610433,5210312.56,455880.5026,7.09316,8.2,TRUE,5.3,400,300
6404,2022/10/19 9:27,131.4196448,47.0261675,5210319.571,455882.113,7.07464,8.7,TRUE,5.3,400,300
6405,2022/10/19 9:27,131.419653,47.02623683,5210327.274,455882.7935,6.13012,8.8,TRUE,5.3,400,300
6406,2022/10/19 9:27,131.4196685,47.02630083,5210334.38,455884.0245,6.22272,3.2,TRUE,5.3,400,300
6407,2022/10/19 9:28,131.4196863,47.02636983,5210342.041,455885.4345,7.18576,9.7,TRUE,5.3,400,300
6408,2022/10/19 9:28,131.4197002,47.02643383,5210349.148,455886.5438,6.482,8.6,TRUE,5.3,400,300
6409,2022/10/19 9:28,131.4197022,47.02649983,5210356.484,455886.7503,7.11168,3.6,TRUE,5.3,400,300
6410,2022/10/19 9:28,131.4197113,47.02657067,5210364.354,455887.5004,5.8338,5.6,TRUE,5.3,400,300
6411,2022/10/19 9:28,131.4197167,47.0266455,5210372.67,455887.9725,5.63008,7.9,TRUE,5.3,400,300
6412,2022/10/19 9:28,131.4197217,47.0267155,5210380.449,455888.4103,5.70416,7.3,TRUE,5.3,400,300
6413,2022/10/19 9:28,131.41974,47.0267705,5210386.554,455889.8467,7.53764,8.3,TRUE,5.3,400,300
6414,2022/10/19 9:28,131.419737,47.02683967,5210394.245,455889.6756,7.14872,10.2,TRUE,5.3,400,300
6415,2022/10/19 9:28,131.4197472,47.02691167,5210402.244,455890.5103,6.83388,12.6,TRUE,5.3,400,300
6416,2022/10/19 9:28,131.4197635,47.02697533,5210409.311,455891.8019,6.3894,10,TRUE,5.3,400,300
6417,2022/10/19 9:28,131.4197767,47.02704033,5210416.53,455892.8588,6.90796,7.1,TRUE,5.3,400,300
6418,2022/10/19 9:28,131.4197827,47.02710833,5210424.086,455893.371,6.09308,3.5,TRUE,5.3,400,300
6419,2022/10/19 9:28,131.4197923,47.027171,5210431.048,455894.1523,5.63008,12.8,TRUE,5.3,400,300
6420,2022/10/19 9:28,131.4197958,47.02724017,5210438.736,455894.4754,6.68572,4.9,TRUE,5.3,400,300
6421,2022/10/19 9:28,131.4197947,47.02729633,5210444.98,455894.438,6.88944,8.5,TRUE,5.3,240,300
6422,2022/10/19 9:29,131.4198157,47.02737,5210453.158,455896.0951,2.48168,0.8,TRUE,5.3,400,300
6423,2022/10/19 9:29,131.4198255,47.027428,5210459.6,455896.8878,4.50036,6.5,TRUE,5.3,400,300
6424,2022/10/19 9:29,131.4198382,47.02747367,5210464.67,455897.8908,5.77824,14.3,TRUE,5.3,400,300
6425,2022/10/19 9:29,131.4198553,47.02753017,5210470.942,455899.2373,4.66704,10.5,TRUE,5.3,400,300
6426,2022/10/19 9:29,131.4198632,47.027588,5210477.366,455899.8854,5.98196,4.5,TRUE,5.3,400,300
6427,2022/10/19 9:29,131.4198783,47.02765017,5210484.269,455901.0845,6.31532,8.6,TRUE,5.3,400,300
6428,2022/10/19 9:29,131.4198823,47.02771433,5210491.4,455901.4414,7.16724,10,TRUE,5.3,400,300
6429,2022/10/19 9:29,131.4198922,47.02778367,5210499.103,455902.2511,4.87076,4.1,TRUE,5.3,400,300
6430,2022/10/19 9:29,131.4198893,47.0278605,5210507.646,455902.0939,4.88928,8.5,TRUE,5.3,400,300
6431,2022/10/19 9:29,131.4198908,47.027907,5210512.814,455902.2462,6.44496,14.3,TRUE,5.3,400,300
6432,2022/10/19 9:29,131.41991,47.027973,5210520.141,455903.7601,6.98204,13.7,TRUE,5.3,400,300
6433,2022/10/19 9:29,131.4199235,47.028046,5210528.249,455904.8464,6.87092,7.8,TRUE,5.3,400,300
6434,2022/10/19 9:29,131.4199328,47.0281185,5210536.303,455905.6131,7.3154,11.4,TRUE,5.3,400,300
6435,2022/10/19 9:29,131.4199457,47.02819517,5210544.82,455906.6568,6.40792,12.2,TRUE,5.3,400,300
6436,2022/10/19 9:29,131.4199558,47.028263,5210552.355,455907.4804,7.25984,6.8,TRUE,5.3,400,300
6437,2022/10/19 9:30,131.4199658,47.0283415,5210561.076,455908.3052,7.408,8.5,TRUE,5.3,400,300
6438,2022/10/19 9:30,131.4199732,47.02841633,5210569.391,455908.9294,7.72284,8.4,TRUE,5.3,400,300
6439,2022/10/19 9:30,131.4199833,47.028488,5210577.353,455909.7561,7.51912,10.1,TRUE,5.3,400,300
6440,2022/10/19 9:30,131.4199885,47.02855667,5210584.984,455910.208,7.81544,10.1,TRUE,5.3,400,300
6441,2022/10/19 9:30,131.4200012,47.02863017,5210593.148,455911.2339,6.81536,5.1,TRUE,5.3,400,300
6442,2022/10/19 9:30,131.4200053,47.02870217,5210601.15,455911.6048,7.18576,7.6,TRUE,5.3,400,300
6443,2022/10/19 9:30,131.4200278,47.0287775,5210609.512,455913.3772,7.24132,6.8,TRUE,5.3,400,300
6444,2022/10/19 9:30,131.420038,47.02884633,5210617.158,455914.2092,6.35236,3.2,TRUE,5.3,400,300
6445,2022/10/19 9:30,131.4200417,47.02892317,5210625.698,455914.5537,5.8338,3.8,TRUE,5.3,400,300
6446,2022/10/19 9:30,131.4200463,47.02897383,5210631.327,455914.9451,4.31516,14.6,TRUE,5.3,400,300
6447,2022/10/19 9:30,131.4200467,47.029008,5210635.126,455915.0037,3.35212,20.9,TRUE,5.3,400,300
6448,2022/10/19 9:30,131.4200515,47.02904183,5210638.884,455915.3964,3.07432,21.3,TRUE,5.3,400,300
6449,2022/10/19 9:30,131.4200482,47.029088,5210644.019,455915.1836,4.3522,0.7,TRUE,5.3,400,300
6450,2022/10/19 9:30,131.4200487,47.02912467,5210648.095,455915.2518,3.8892,13.2,TRUE,5.3,400,300
6451,2022/10/19 9:30,131.4200548,47.029155,5210651.464,455915.7404,4.37072,359.5,TRUE,5.3,400,300
6452,2022/10/19 9:31,131.420051,47.02921367,5210657.988,455915.4999,5.03744,11.9,TRUE,5.3,400,300
6453,2022/10/19 9:31,131.4200493,47.029262,5210663.362,455915.4104,4.50036,358.6,TRUE,5.3,400,300
6454,2022/10/19 9:31,131.4200635,47.02930367,5210667.986,455916.5242,2.44464,351.1,TRUE,5.3,400,300
6455,2022/10/19 9:31,131.4200562,47.02934417,5210672.493,455916.0026,3.35212,5.6,TRUE,5.3,400,300
6456,2022/10/19 9:31,131.4200538,47.02939067,5210677.664,455915.8585,4.87076,351.9,TRUE,5.3,400,300
6457,2022/10/19 9:31,131.4200595,47.02943667,5210682.774,455916.3296,3.38916,23,TRUE,5.3,400,300
6458,2022/10/19 9:31,131.4200537,47.029491,5210688.818,455915.9335,0.88896,9.7,TRUE,5.3,400,300
6459,2022/10/19 9:31,131.420047,47.02949217,5210688.951,455915.4251,0,0,FALSE,5.3,0,300
6460,2022/10/19 9:31,131.4200445,47.02949067,5210688.786,455915.2339,0,0,FALSE,5.3,0,300
6461,2022/10/19 9:31,131.4200433,47.0294895,5210688.657,455915.1417,0,0,FALSE,5.3,0,300
6462,2022/10/19 9:31,131.4200515,47.02946533,5210685.965,455915.7451,5.51896,160.2,FALSE,5.3,0,300
6463,2022/10/19 9:31,131.4200723,47.02942133,5210681.062,455917.29,4.7226,177.1,FALSE,5.3,0,300
6464,2022/10/19 9:31,131.4200857,47.02937867,5210676.312,455918.2734,1.05564,131.8,FALSE,5.3,0,300
6465,2022/10/19 9:31,131.4200872,47.0293825,5210676.737,455918.3906,0,0,FALSE,5.3,0,300
6466,2022/10/19 9:32,131.4200833,47.02938633,5210677.165,455918.0973,0,0,FALSE,5.3,0,300
6467,2022/10/19 9:32,131.4200863,47.02939833,5210678.497,455918.3352,3.5188,42.6,FALSE,5.3,0,300
6468,2022/10/19 9:32,131.4201247,47.02943817,5210682.904,455921.287,3.38916,63.1,FALSE,5.3,0,300
6469,2022/10/19 9:32,131.4201597,47.02944917,5210684.108,455923.9565,4.01884,96.2,FALSE,5.3,0,300
6470,2022/10/19 9:32,131.4202015,47.02943467,5210682.472,455927.1219,3.57436,130.1,FALSE,5.3,0,300
6471,2022/10/19 9:32,131.4202092,47.02940817,5210679.522,455927.6854,2.4076,176.2,FALSE,5.3,0,300
6472,2022/10/19 9:32,131.4202057,47.029427,5210681.617,455927.4349,5.03744,355,FALSE,5.3,0,300
6473,2022/10/19 9:32,131.4202168,47.02947267,5210686.688,455928.3162,0,359.9,FALSE,5.3,0,300
6474,2022/10/19 9:32,131.4202258,47.02948067,5210687.572,455929.007,0,0,FALSE,5.3,0,300
6475,2022/10/19 9:32,131.4202043,47.02944533,5210683.656,455927.3436,4.96336,192,TRUE,5.3,400,300
6476,2022/10/19 9:32,131.4201952,47.02940317,5210678.974,455926.6171,1.18528,213.5,TRUE,5.3,400,300
6477,2022/10/19 9:32,131.420185,47.02937867,5210676.256,455925.8216,3.27804,188,TRUE,5.3,400,300
6478,2022/10/19 9:32,131.4201785,47.02935067,5210673.147,455925.3045,1.79644,187.7,TRUE,5.3,400,300
6479,2022/10/19 9:32,131.4201685,47.02933267,5210671.151,455924.5295,1.87052,193.8,TRUE,5.3,400,300
6480,2022/10/19 9:32,131.4201738,47.02930067,5210667.591,455924.9061,3.57436,188.1,TRUE,5.3,400,300
6481,2022/10/19 9:33,131.4201687,47.0292425,5210661.127,455924.4705,4.50036,184.4,TRUE,5.3,400,300
6482,2022/10/19 9:33,131.420152,47.02919217,5210655.541,455923.1596,3.94476,191.4,TRUE,5.3,400,300
6483,2022/10/19 9:33,131.4201393,47.02915,5210650.86,455922.1595,4.8152,186.2,TRUE,5.3,400,300
6484,2022/10/19 9:33,131.4201345,47.0290895,5210644.137,455921.7448,4.38924,186.7,TRUE,5.3,400,300
6485,2022/10/19 9:33,131.420126,47.02903017,5210637.546,455921.0499,5.14856,192.3,TRUE,5.3,400,300
6486,2022/10/19 9:33,131.4201183,47.028979,5210631.862,455920.4224,4.51888,182,TRUE,5.3,400,300
6487,2022/10/19 9:33,131.4201162,47.0289295,5210626.36,455920.2221,5.33376,188.9,TRUE,5.3,400,300
6488,2022/10/19 9:33,131.4200943,47.02887233,5210620.017,455918.5103,5.31524,192.1,TRUE,5.3,400,300
6489,2022/10/19 9:33,131.4200922,47.02880983,5210613.07,455918.2992,5.66712,186.2,TRUE,5.3,400,300
6490,2022/10/19 9:33,131.4200857,47.02875817,5210607.33,455917.7625,5.1856,191.4,TRUE,5.3,400,300
6491,2022/10/19 9:33,131.4200685,47.02870383,5210601.299,455916.4103,5.31524,197.1,TRUE,5.3,400,300
6492,2022/10/19 9:33,131.4200495,47.02864817,5210595.122,455914.9202,5.2782,189.1,TRUE,5.3,400,300
6493,2022/10/19 9:33,131.420049,47.028594,5210589.1,455914.8376,5.61156,194.8,TRUE,5.3,400,300
6494,2022/10/19 9:33,131.420038,47.028531,5210582.102,455913.9496,5.4634,190.3,TRUE,5.3,400,300
6495,2022/10/19 9:33,131.4200212,47.02847083,5210575.423,455912.623,5.59304,190.2,TRUE,5.3,400,300
6496,2022/10/19 9:34,131.420017,47.02841217,5210568.904,455912.2554,6.6672,194,TRUE,5.3,400,300
6497,2022/10/19 9:34,131.4200107,47.02834883,5210561.866,455911.7244,5.90788,185.6,TRUE,5.3,400,300
6498,2022/10/19 9:34,131.420013,47.02828617,5210554.898,455911.8476,6.59312,187.4,TRUE,5.3,400,300
6499,2022/10/19 9:34,131.419996,47.02822267,5210547.849,455910.503,6.482,183.1,TRUE,5.3,400,300
6500,2022/10/19 9:34,131.4199787,47.02814583,5210539.316,455909.1247,6.13012,188.8,TRUE,5.3,400,300
6501,2022/10/19 9:34,131.4199682,47.02807567,5210531.522,455908.2688,6.53756,180.1,TRUE,5.3,400,300
6502,2022/10/19 9:34,131.4199587,47.02800683,5210523.874,455907.4899,6.03752,189.3,TRUE,5.3,400,300
6503,2022/10/19 9:34,131.419953,47.02794933,5210517.485,455907.0093,6.5746,186.7,TRUE,5.3,400,300
6504,2022/10/19 9:34,131.4199453,47.02788517,5210510.357,455906.3711,3.66696,194.8,TRUE,5.3,223,300
6505,2022/10/19 9:34,131.4199387,47.02780767,5210501.745,455905.8056,5.11152,186.5,TRUE,5.3,400,300
6506,2022/10/19 9:34,131.4199177,47.02773917,5210494.141,455904.1528,6.64868,184.5,TRUE,5.3,400,300
6507,2022/10/19 9:34,131.419915,47.02767117,5210486.583,455903.8916,6.70424,194.8,TRUE,5.3,400,300
6508,2022/10/19 9:34,131.4199078,47.027608,5210479.565,455903.2922,5.79676,192.6,TRUE,5.3,400,300
6509,2022/10/19 9:34,131.4198965,47.027542,5210472.234,455902.3789,6.35236,189,TRUE,5.3,400,300
6510,2022/10/19 9:34,131.4199032,47.02749433,5210466.931,455902.8489,0.24076,186.9,FALSE,5.3,0,300
6511,2022/10/19 9:35,131.4199038,47.02750217,5210467.802,455902.901,0,92,FALSE,5.3,0,300
6512,2022/10/19 9:35,131.4199047,47.027506,5210468.227,455902.9726,0,0,FALSE,5.3,0,300
6513,2022/10/19 9:35,131.419906,47.02750783,5210468.43,455903.0729,0,0,FALSE,5.3,0,300
6514,2022/10/19 9:35,131.4199067,47.02750917,5210468.578,455903.1272,0,92.2,FALSE,5.3,0,300
6515,2022/10/19 9:35,131.4199062,47.02751117,5210468.801,455903.0909,0,0,FALSE,5.3,0,300
6516,2022/10/19 9:35,131.4199067,47.02751183,5210468.874,455903.1294,0,0,FALSE,5.3,0,300
6517,2022/10/19 9:35,131.419907,47.0275125,5210468.948,455903.1528,0,0,FALSE,5.3,0,300
6518,2022/10/19 9:35,131.4199073,47.02751267,5210468.967,455903.1757,0,0,FALSE,5.3,0,300
6519,2022/10/19 9:35,131.419908,47.0275125,5210468.948,455903.2288,0,0,FALSE,5.3,0,300
6520,2022/10/19 9:35,131.4199083,47.02751333,5210469.04,455903.2523,0,0,FALSE,5.3,0,300
6521,2022/10/19 9:35,131.4199087,47.02751317,5210469.022,455903.2825,0,0,FALSE,5.3,0,300
6522,2022/10/19 9:35,131.419905,47.0274995,5210467.504,455902.99,4.8152,194.3,TRUE,5.3,400,300
6523,2022/10/19 9:35,131.4198937,47.02742333,5210459.043,455902.0683,4.9078,199.1,TRUE,5.3,400,300
6524,2022/10/19 9:35,131.4198907,47.02735983,5210451.985,455901.788,6.42644,187.1,TRUE,5.3,400,300
6525,2022/10/19 9:35,131.4198853,47.02728967,5210444.188,455901.3197,5.13004,178,TRUE,5.3,400,300
6526,2022/10/19 9:36,131.4198835,47.02727767,5210442.855,455901.173,0,0,FALSE,5.3,0,300
6527,2022/10/19 9:36,131.4198952,47.027313,5210446.776,455902.0915,5.94492,0.9,FALSE,5.3,0,300
6528,2022/10/19 9:36,131.4198953,47.02737233,5210453.372,455902.1479,5.79676,0.5,FALSE,5.3,0,300
6529,2022/10/19 9:36,131.4198837,47.02738167,5210454.417,455901.2738,0,0,FALSE,5.3,0,300
6530,2022/10/19 9:36,131.4198812,47.02737933,5210454.158,455901.0819,0,0,FALSE,5.3,0,300
6531,2022/10/19 9:36,131.4198732,47.0273645,5210452.514,455900.4615,4.64852,189,TRUE,5.3,400,300
6532,2022/10/19 9:36,131.4198615,47.02733733,5210449.5,455899.5497,2.24092,202.1,TRUE,5.3,400,300
6533,2022/10/19 9:36,131.4198555,47.0273175,5210447.299,455899.0773,7.53764,191.6,TRUE,5.3,400,300
6534,2022/10/19 9:36,131.4198463,47.02726367,5210441.32,455898.3336,6.14864,197.1,TRUE,5.3,304,300
6535,2022/10/19 9:36,131.4198498,47.02721333,5210435.722,455898.5582,4.46332,192.7,TRUE,5.3,400,300
6536,2022/10/19 9:36,131.419848,47.027168,5210430.683,455898.384,6.07456,195.9,TRUE,5.3,400,300
6537,2022/10/19 9:36,131.4198342,47.02711667,5210424.985,455897.2927,5.3708,195.5,TRUE,5.3,400,300
6538,2022/10/19 9:36,131.4198382,47.02706417,5210419.146,455897.5535,6.51904,188.7,TRUE,5.3,400,300
6539,2022/10/19 9:36,131.4198322,47.02700883,5210412.997,455897.0519,4.77816,188.3,TRUE,5.3,400,300
6540,2022/10/19 9:36,131.4198237,47.026948,5210406.239,455896.3556,5.63008,187.6,TRUE,5.3,400,300
6541,2022/10/19 9:37,131.419801,47.02688817,5210399.601,455894.5807,5.05596,186.4,TRUE,5.3,400,300
6542,2022/10/19 9:37,131.4197797,47.02682333,5210392.404,455892.9081,6.42644,194.1,TRUE,5.3,400,300
6543,2022/10/19 9:37,131.4197868,47.02677067,5210386.546,455893.4045,5.20412,189.6,TRUE,5.3,400,300
6544,2022/10/19 9:37,131.419792,47.02672417,5210381.374,455893.7615,6.27828,192.3,TRUE,5.3,400,300
6545,2022/10/19 9:37,131.4197825,47.02665817,5210374.042,455892.9849,6.07456,192,TRUE,5.3,400,300
6546,2022/10/19 9:37,131.4197718,47.02659817,5210367.378,455892.1221,6.18568,191.6,TRUE,5.3,400,300
6547,2022/10/19 9:37,131.4197752,47.0265435,5210361.298,455892.3355,7.2228,190.1,TRUE,5.3,400,300
6548,2022/10/19 9:37,131.4197573,47.02646617,5210352.711,455890.9111,5.11152,192.7,TRUE,5.3,400,300
6549,2022/10/19 9:37,131.419735,47.02640033,5210345.404,455889.1617,5.96344,182.8,TRUE,5.3,400,300
6550,2022/10/19 9:37,131.4197235,47.02633617,5210338.278,455888.2346,4.33368,186.7,TRUE,5.3,400,300
6551,2022/10/19 9:37,131.4197178,47.02627133,5210331.073,455887.7479,5.87084,191.8,TRUE,5.3,400,300
6552,2022/10/19 9:37,131.4197105,47.02621367,5210324.667,455887.1455,6.16716,191.2,TRUE,5.3,400,300
6553,2022/10/19 9:37,131.4196977,47.02614333,5210316.854,455886.1145,6.37088,189.4,TRUE,5.3,400,300
6554,2022/10/19 9:37,131.4196847,47.02609117,5210311.063,455885.0832,4.83372,189.9,TRUE,5.3,400,300
6555,2022/10/19 9:37,131.4196698,47.02603067,5210304.346,455883.9007,5.9264,190.6,TRUE,5.3,400,300
6556,2022/10/19 9:38,131.4196685,47.0259745,5210298.102,455883.7556,7.37096,195.5,TRUE,5.3,400,300
6557,2022/10/19 9:38,131.4196572,47.02589967,5210289.789,455882.835,7.33392,185.1,TRUE,5.3,400,300
6558,2022/10/19 9:38,131.419645,47.0258225,5210281.217,455881.8439,7.01908,182.8,TRUE,5.3,400,300
6559,2022/10/19 9:38,131.4196378,47.02576417,5210274.736,455881.2485,4.70408,189.2,TRUE,5.3,366,300
6560,2022/10/19 9:38,131.4196277,47.025699,5210267.497,455880.4271,6.64868,182.9,TRUE,5.3,400,300
6561,2022/10/19 9:38,131.4196285,47.02564267,5210261.234,455880.4415,6.2042,197,TRUE,5.3,400,300
6562,2022/10/19 9:38,131.419613,47.02557783,5210254.035,455879.2097,3.9818,197.3,TRUE,5.3,400,300
6563,2022/10/19 9:38,131.4196033,47.02552467,5210248.13,455878.4285,7.25984,187,TRUE,5.3,400,300
6564,2022/10/19 9:38,131.4195992,47.02546183,5210241.147,455878.0651,5.53748,190.1,TRUE,5.3,400,300
6565,2022/10/19 9:38,131.4195805,47.02540267,5210234.58,455876.5948,7.01908,187.8,TRUE,5.3,400,300
6566,2022/10/19 9:38,131.4195665,47.02533183,5210226.713,455875.4721,7.16724,191.5,TRUE,5.3,400,300
6567,2022/10/19 9:38,131.4195565,47.02526617,5210219.419,455874.6578,4.85224,186.8,TRUE,5.3,400,300
6568,2022/10/19 9:38,131.4195557,47.02520667,5210212.805,455874.548,4.57444,192.6,TRUE,5.3,400,300
6569,2022/10/19 9:38,131.4195508,47.02514233,5210205.655,455874.1224,7.90804,186.6,TRUE,5.3,400,300
6570,2022/10/19 9:38,131.4195408,47.02508217,5210198.973,455873.3127,6.68572,193.2,TRUE,5.3,400,300
6571,2022/10/19 9:39,131.4195412,47.02502517,5210192.636,455873.2961,6.3894,188.5,TRUE,5.3,400,300
6572,2022/10/19 9:39,131.4195325,47.02496183,5210185.599,455872.5825,6.40792,191.7,TRUE,5.3,400,300
6573,2022/10/19 9:39,131.4195218,47.02490117,5210178.861,455871.7191,5.44488,196.7,TRUE,5.3,400,300
6574,2022/10/19 9:39,131.4195102,47.02484633,5210172.771,455870.7921,5.79676,185.5,TRUE,5.3,400,300
6575,2022/10/19 9:39,131.419504,47.0247795,5210165.345,455870.2657,6.14864,188.2,TRUE,5.3,400,300
6576,2022/10/19 9:39,131.419492,47.02471817,5210158.534,455869.3029,6.2968,189.3,TRUE,5.3,400,300
6577,2022/10/19 9:39,131.4194838,47.0246645,5210152.572,455868.6353,4.0744,191.6,TRUE,5.3,400,300
6578,2022/10/19 9:39,131.4194752,47.02460467,5210145.925,455867.9322,5.87084,189.3,TRUE,5.3,400,300
6579,2022/10/19 9:39,131.4194638,47.0245445,5210139.243,455867.016,6.87092,192.1,TRUE,5.3,400,300
6580,2022/10/19 9:39,131.4194538,47.02447933,5210132.003,455866.2021,5.31524,191.5,TRUE,5.3,400,300
6581,2022/10/19 9:39,131.4194418,47.024426,5210126.081,455865.2459,5.14856,192.7,TRUE,5.3,400,300
6582,2022/10/19 9:39,131.419432,47.02438133,5210121.121,455864.464,6.05604,190.5,TRUE,5.3,400,300
6583,2022/10/19 9:39,131.4194297,47.02431117,5210113.322,455864.2314,6.70424,190.5,TRUE,5.3,400,300
6584,2022/10/19 9:39,131.4194173,47.02424283,5210105.732,455863.2324,6.51904,188.9,TRUE,5.3,400,300
6585,2022/10/19 9:39,131.4193977,47.02417033,5210097.683,455861.6826,7.11168,189.9,TRUE,5.3,400,300
6586,2022/10/19 9:40,131.4193873,47.024097,5210089.537,455860.8315,6.945,191.3,TRUE,5.3,400,300
6587,2022/10/19 9:40,131.419384,47.02402717,5210081.776,455860.5231,7.35244,194.1,TRUE,5.3,400,300
6588,2022/10/19 9:40,131.4193715,47.02395417,5210073.667,455859.5127,5.87084,187.3,TRUE,5.3,400,300
6589,2022/10/19 9:40,131.4193608,47.023882,5210065.65,455858.6397,6.53756,188.5,TRUE,5.3,400,300
6590,2022/10/19 9:40,131.4193383,47.02381633,5210058.362,455856.8751,7.0376,188.7,TRUE,5.3,400,300
6591,2022/10/19 9:40,131.4193292,47.02374383,5210050.307,455856.1235,7.1302,186.6,TRUE,5.3,400,300
6592,2022/10/19 9:40,131.4193202,47.023673,5210042.438,455855.381,7.14872,192.7,TRUE,5.3,400,300
6593,2022/10/19 9:40,131.4193232,47.023611,5210035.544,455855.5579,6.8524,197.2,TRUE,5.3,400,300
6594,2022/10/19 9:40,131.419306,47.02353933,5210027.586,455854.1913,6.68572,192.6,TRUE,5.3,400,300
6595,2022/10/19 9:40,131.4192955,47.02347417,5210020.348,455853.3393,5.093,194.2,TRUE,5.3,400,300
6596,2022/10/19 9:40,131.4192882,47.02341233,5210013.477,455852.7334,6.35236,189.6,TRUE,5.3,400,300
6597,2022/10/19 9:40,131.4192743,47.0233405,5210005.5,455851.6174,6.61164,188.6,TRUE,5.3,400,300
6598,2022/10/19 9:40,131.4192645,47.02327083,5209997.76,455850.815,6.92648,194,TRUE,5.3,400,300
6599,2022/10/19 9:40,131.4192672,47.02320333,5209990.254,455850.9646,6.31532,183.3,TRUE,5.3,400,300
6600,2022/10/19 9:40,131.4192618,47.0231415,5209983.384,455850.5031,6.7598,188.1,TRUE,5.3,400,300
6601,2022/10/19 9:41,131.4192557,47.02306833,5209975.253,455849.979,7.01908,192.2,TRUE,5.3,400,300
6602,2022/10/19 9:41,131.419246,47.022999,5209967.551,455849.1844,6.83388,188.5,TRUE,5.3,400,300
6603,2022/10/19 9:41,131.4192333,47.02292733,5209959.59,455848.1599,6.70424,192.2,TRUE,5.3,400,300
6604,2022/10/19 9:41,131.4192248,47.02285783,5209951.869,455847.4564,5.20412,189.2,TRUE,5.3,400,300
6605,2022/10/19 9:41,131.4192188,47.022801,5209945.554,455846.9534,5.05596,189.2,TRUE,5.3,400,300
6606,2022/10/19 9:41,131.4192088,47.022738,5209938.556,455846.1412,6.2042,189.6,TRUE,5.3,400,300
6607,2022/10/19 9:41,131.4192018,47.0226745,5209931.501,455845.5567,7.07464,186.3,TRUE,5.3,400,300
6608,2022/10/19 9:41,131.4191977,47.022611,5209924.444,455845.1926,6.74128,195.8,TRUE,5.3,400,300
6609,2022/10/19 9:41,131.4191817,47.022546,5209917.227,455843.9226,5.94492,194.4,TRUE,5.3,400,300
6610,2022/10/19 9:41,131.4191758,47.02249117,5209911.134,455843.4289,5.72268,180.7,TRUE,5.3,400,300
6611,2022/10/19 9:41,131.4191617,47.02241883,5209903.1,455842.2973,6.945,188.4,TRUE,5.3,400,300
6612,2022/10/19 9:41,131.4191547,47.02236633,5209897.268,455841.7218,4.27812,192,TRUE,5.3,400,300
6613,2022/10/19 9:41,131.4191525,47.022308,5209890.784,455841.5065,7.00056,192.2,TRUE,5.3,400,300
6614,2022/10/19 9:41,131.4191333,47.02223367,5209882.532,455839.9855,6.2042,195,TRUE,5.3,398,300
6615,2022/10/19 9:41,131.419121,47.02216733,5209875.164,455838.9957,7.83396,188.7,TRUE,5.3,400,300
6616,2022/10/19 9:42,131.4191227,47.022111,5209868.901,455839.0785,3.31508,201.9,TRUE,5.3,400,300
6617,2022/10/19 9:42,131.4191175,47.02207,5209864.345,455838.6494,4.9078,189,TRUE,5.3,400,300
6618,2022/10/19 9:42,131.4191137,47.02201133,5209857.825,455838.3121,4.29664,187.2,TRUE,5.3,400,300
6619,2022/10/19 9:42,131.4190938,47.0219605,5209852.186,455836.7573,5.59304,195.3,TRUE,5.3,400,300
6620,2022/10/19 9:42,131.419087,47.02190733,5209846.279,455836.1965,5.38932,193.1,TRUE,5.3,400,300
6621,2022/10/19 9:42,131.419075,47.02185283,5209840.226,455835.2393,5.01892,192.6,TRUE,5.3,400,300
6622,2022/10/19 9:42,131.4190287,47.0218175,5209836.325,455831.6902,5.79676,250.8,FALSE,5.3,0,300
6623,2022/10/19 9:42,131.41897,47.0218215,5209836.803,455827.2308,5.61156,306.3,FALSE,5.3,0,300
6624,2022/10/19 9:42,131.4189428,47.021856,5209840.653,455825.1914,5.05596,350.9,FALSE,5.3,0,300
6625,2022/10/19 9:42,131.4189493,47.02188833,5209844.244,455825.7122,2.25944,30.4,TRUE,5.3,400,300
6626,2022/10/19 9:42,131.418961,47.021919,5209847.647,455826.627,2.74096,5.6,TRUE,5.3,400,300
6627,2022/10/19 9:42,131.4189593,47.021953,5209851.428,455826.5258,2.53724,2.4,TRUE,5.3,400,300
6628,2022/10/19 9:42,131.4189518,47.02198917,5209855.453,455825.9855,4.46332,14,TRUE,5.3,400,300
6629,2022/10/19 9:42,131.4189557,47.022034,5209860.435,455826.3189,4.14848,14.9,TRUE,5.3,400,300
6630,2022/10/19 9:42,131.4189642,47.02206933,5209864.357,455826.9943,4.167,354.7,TRUE,5.3,400,300
6631,2022/10/19 9:43,131.4189687,47.022112,5209869.099,455827.3716,3.90772,4.1,TRUE,5.3,400,300
6632,2022/10/19 9:43,131.4189725,47.02215767,5209874.174,455827.6982,3.90772,3.5,TRUE,5.3,400,300
6633,2022/10/19 9:43,131.4189708,47.0222055,5209879.492,455827.6084,3.77808,4.8,TRUE,5.3,400,300
6634,2022/10/19 9:43,131.418977,47.022252,5209884.658,455828.1181,4.42628,8.1,TRUE,5.3,400,300
6635,2022/10/19 9:43,131.4189912,47.02229467,5209889.393,455829.2328,4.31516,12.1,TRUE,5.3,400,300
6636,2022/10/19 9:43,131.4189923,47.02233833,5209894.247,455829.3525,4.05588,9.9,TRUE,5.3,400,300
6637,2022/10/19 9:43,131.4189965,47.0223835,5209899.266,455829.709,2.70392,16.3,TRUE,5.3,400,300
6638,2022/10/19 9:43,131.4190103,47.02242383,5209903.742,455830.7914,2.0372,357.2,TRUE,5.3,400,300
6639,2022/10/19 9:43,131.4190207,47.022474,5209909.313,455831.6234,5.05596,7.2,TRUE,5.3,400,300
6640,2022/10/19 9:43,131.4190297,47.02252017,5209914.441,455832.3457,4.51888,358.8,TRUE,5.3,400,300
6641,2022/10/19 9:43,131.4190318,47.0225675,5209919.701,455832.5444,4.8152,12.7,TRUE,5.3,400,300
6642,2022/10/19 9:43,131.4190383,47.0226195,5209925.479,455833.0815,3.81512,8,TRUE,5.3,400,300
6643,2022/10/19 9:43,131.4190458,47.02266167,5209930.162,455833.6864,1.53716,356.8,TRUE,5.3,400,300
6644,2022/10/19 9:43,131.4190528,47.0226985,5209934.253,455834.2489,4.40776,13.6,TRUE,5.3,400,300
6645,2022/10/19 9:43,131.41906,47.022754,5209940.419,455834.8421,5.556,5.3,TRUE,5.3,400,300
6646,2022/10/19 9:44,131.4190678,47.02280817,5209946.437,455835.4797,6.05604,13.7,TRUE,5.3,400,300
6647,2022/10/19 9:44,131.419069,47.02286817,5209953.106,455835.6205,4.59296,15.4,TRUE,5.3,400,300
6648,2022/10/19 9:44,131.4190782,47.02291333,5209958.121,455836.3571,4.4448,10.5,TRUE,5.3,400,300
6649,2022/10/19 9:44,131.419088,47.0229735,5209964.805,455837.1518,4.27812,13.4,TRUE,5.3,400,300
6650,2022/10/19 9:44,131.419094,47.0230285,5209970.916,455837.6533,6.14864,9.7,TRUE,5.3,400,300
6651,2022/10/19 9:44,131.4191097,47.02308267,5209976.929,455838.8915,5.38932,10.3,TRUE,5.3,400,300
6652,2022/10/19 9:44,131.4191167,47.02314483,5209983.836,455839.4749,4.87076,10,TRUE,5.3,400,300
6653,2022/10/19 9:44,131.4191257,47.02319683,5209989.612,455840.202,5.7412,9.8,TRUE,5.3,400,300
6654,2022/10/19 9:44,131.4191378,47.02325433,5209995.997,455841.1693,5.42636,11.5,TRUE,5.3,400,300
6655,2022/10/19 9:44,131.4191388,47.02332083,5210003.389,455841.3001,6.53756,14.9,TRUE,5.3,400,300
6656,2022/10/19 9:44,131.4191417,47.02337817,5210009.762,455841.5679,5.8338,12.9,TRUE,5.3,400,300
6657,2022/10/19 9:44,131.4191618,47.0234395,5210016.569,455843.1465,6.50052,8.6,TRUE,5.3,400,300
6658,2022/10/19 9:44,131.4191785,47.02349967,5210023.249,455844.4657,7.00056,9.5,TRUE,5.3,400,300
6659,2022/10/19 9:44,131.4191945,47.02356333,5210030.317,455845.7346,5.50044,13.5,TRUE,5.3,400,300
6660,2022/10/19 9:44,131.4192003,47.02362233,5210036.873,455846.2241,5.88936,8.2,TRUE,0,400,300
6661,2022/10/19 9:45,131.4192038,47.02369017,5210044.413,455846.5461,5.66712,16,TRUE,0,400,300
6662,2022/10/19 9:45,131.4192153,47.0237545,5210051.558,455847.4734,5.90788,12.2,TRUE,5.3,400,300
6663,2022/10/19 9:45,131.4192232,47.02381,5210057.723,455848.1198,6.00048,4.1,TRUE,5.3,400,300
6664,2022/10/19 9:45,131.4192393,47.02386783,5210064.143,455849.3914,5.98196,12.1,TRUE,5.3,400,300
6665,2022/10/19 9:45,131.4192408,47.023929,5210070.943,455849.5559,6.05604,11.8,TRUE,5.3,400,300
6666,2022/10/19 9:45,131.4192483,47.02398783,5210077.479,455850.1745,5.77824,9.6,TRUE,5.3,400,300
6667,2022/10/19 9:45,131.4192537,47.024049,5210084.276,455850.6355,5.22264,9.9,TRUE,5.3,400,300
6668,2022/10/19 9:45,131.419265,47.02410317,5210090.292,455851.5392,6.03752,11.4,TRUE,5.3,400,300
6669,2022/10/19 9:45,131.4192692,47.02416767,5210097.46,455851.9117,6.09308,7.9,TRUE,5.3,400,300
6670,2022/10/19 9:45,131.4192787,47.02423133,5210104.532,455852.6863,5.48192,11.9,TRUE,5.3,400,300
6671,2022/10/19 9:45,131.4192867,47.024291,5210111.161,455853.3437,5.77824,8,TRUE,5.3,400,300
6672,2022/10/19 9:45,131.4192945,47.02435233,5210117.974,455853.9872,5.59304,10.3,TRUE,5.3,400,300
6673,2022/10/19 9:45,131.4193052,47.02441067,5210124.454,455854.8488,5.33376,10,TRUE,5.3,400,300
6674,2022/10/19 9:45,131.4193128,47.02446783,5210130.804,455855.4736,4.98188,7,TRUE,5.3,400,300
6675,2022/10/19 9:45,131.4193093,47.02451683,5210136.254,455855.248,5.51896,1.1,TRUE,5.3,400,300
6676,2022/10/19 9:46,131.4193213,47.024573,5210142.491,455856.2065,6.019,2.9,TRUE,5.3,400,300
6677,2022/10/19 9:46,131.4193352,47.024636,5210149.487,455857.3151,3.0558,17.2,TRUE,5.3,400,300
6678,2022/10/19 9:46,131.419342,47.02467917,5210154.283,455857.8677,3.64844,15.1,TRUE,5.3,400,300
6679,2022/10/19 9:46,131.4193433,47.024735,5210160.489,455858.0125,6.13012,9.8,TRUE,5.3,400,300
6680,2022/10/19 9:46,131.4193517,47.02479133,5210166.746,455858.6975,5.35228,15.4,TRUE,5.3,400,300
6681,2022/10/19 9:46,131.4193643,47.02484267,5210172.447,455859.6977,4.55592,12.4,TRUE,5.3,400,300
6682,2022/10/19 9:46,131.4193645,47.0248835,5210176.986,455859.7466,5.05596,6.7,TRUE,5.3,400,300
6683,2022/10/19 9:46,131.4193705,47.024938,5210183.041,455860.2476,4.55592,15.4,TRUE,5.3,400,300
6684,2022/10/19 9:46,131.4193773,47.02499667,5210189.56,455860.8129,4.9078,3.7,TRUE,5.3,400,300
6685,2022/10/19 9:46,131.4193843,47.025048,5210195.262,455861.3874,4.83372,12.1,TRUE,5.3,400,300
6686,2022/10/19 9:46,131.4193957,47.0251095,5210202.093,455862.3047,6.44496,11.7,TRUE,5.3,400,300
6687,2022/10/19 9:46,131.4193973,47.02517883,5210209.799,455862.4835,7.00056,11.7,TRUE,5.3,344,300
6688,2022/10/19 9:46,131.4194035,47.02524367,5210217.004,455863.0082,4.66704,4.5,TRUE,5.3,400,300
6689,2022/10/19 9:46,131.419415,47.02528517,5210221.611,455863.9167,4.2596,11.7,TRUE,5.3,400,300
6690,2022/10/19 9:46,131.4194257,47.02532283,5210225.792,455864.7611,4.68556,8.2,TRUE,5.3,400,300
6691,2022/10/19 9:47,131.4194388,47.0253805,5210232.196,455865.8045,5.81528,10.2,TRUE,5.3,400,300
6692,2022/10/19 9:47,131.4194493,47.02544017,5210238.823,455866.6519,6.24124,7,TRUE,5.3,400,300
6693,2022/10/19 9:47,131.41946,47.02549783,5210245.227,455867.5128,4.37072,4.2,TRUE,5.3,400,300
6694,2022/10/19 9:47,131.4194713,47.025555,5210251.577,455868.419,6.35236,12.9,TRUE,5.3,400,300
6695,2022/10/19 9:47,131.4194867,47.0256125,5210257.96,455869.6371,4.98188,8.7,TRUE,5.3,376,300
6696,2022/10/19 9:47,131.4195027,47.02566667,5210263.973,455870.898,7.704319,12,TRUE,5.3,400,300
6697,2022/10/19 9:47,131.4195002,47.0257325,5210271.293,455870.7622,6.31532,4.3,TRUE,5.3,377,300
6698,2022/10/19 9:47,131.4194958,47.02579067,5210277.763,455870.4757,5.20412,4.7,TRUE,5.3,400,300
6699,2022/10/19 9:47,131.4194995,47.02584433,5210283.726,455870.8012,5.90788,13,TRUE,5.3,400,300
6700,2022/10/19 9:47,131.4195103,47.02590683,5210290.668,455871.6737,4.74112,9.1,TRUE,5.3,400,300
6701,2022/10/19 9:47,131.4195187,47.025962,5210296.797,455872.3577,5.01892,2.5,TRUE,5.3,400,300
6702,2022/10/19 9:47,131.4195355,47.0260145,5210302.624,455873.6781,5.72268,9.3,TRUE,5.3,400,300
6703,2022/10/19 9:47,131.4195565,47.02606783,5210308.54,455875.3184,5.40784,5.8,TRUE,5.3,400,300
6704,2022/10/19 9:47,131.4195607,47.026127,5210315.116,455875.6865,6.40792,6.2,TRUE,5.3,400,300
6705,2022/10/19 9:47,131.4195592,47.02618967,5210322.084,455875.6241,5.94492,10.4,TRUE,5.3,400,300
6706,2022/10/19 9:48,131.4195635,47.02624783,5210328.547,455875.9989,5.57452,13.7,TRUE,5.3,400,300
6707,2022/10/19 9:48,131.4195652,47.02630783,5210335.217,455876.1776,6.1116,8.4,TRUE,5.3,400,300
6708,2022/10/19 9:48,131.4195615,47.0263695,5210342.075,455875.9471,5.79676,12.5,TRUE,5.3,400,300
6709,2022/10/19 9:48,131.4195663,47.0264225,5210347.964,455876.3557,6.2042,6.9,TRUE,5.3,400,300
6710,2022/10/19 9:48,131.4195833,47.02647917,5210354.254,455877.6947,5.24116,12.1,TRUE,5.3,400,300
6711,2022/10/19 9:48,131.4196002,47.02653417,5210360.359,455879.0247,3.68548,11.7,TRUE,5.3,400,300
6712,2022/10/19 9:48,131.4196028,47.0265895,5210366.509,455879.2679,5.9264,15,TRUE,5.3,400,300
6713,2022/10/19 9:48,131.419614,47.02664717,5210372.914,455880.1669,5.05596,11.5,TRUE,5.3,400,300
6714,2022/10/19 9:48,131.4196158,47.02670667,5210379.528,455880.3527,6.07456,4.5,TRUE,5.3,400,300
6715,2022/10/19 9:48,131.4196263,47.026752,5210384.561,455881.1883,6.72276,8,TRUE,5.3,400,300
6716,2022/10/19 9:48,131.4196363,47.026815,5210391.559,455882.0003,2.8706,20.8,TRUE,5.3,400,300
6717,2022/10/19 9:48,131.4196515,47.02686533,5210397.146,455883.1973,5.8338,10.5,TRUE,5.3,400,300
6718,2022/10/19 9:48,131.4196645,47.02692883,5210404.198,455884.2378,5.03744,10.5,TRUE,5.3,400,300
6719,2022/10/19 9:48,131.4196702,47.02697983,5210409.864,455884.7131,5.79676,7.5,TRUE,5.3,400,300
6720,2022/10/19 9:48,131.4196708,47.02702733,5210415.145,455884.7979,5.90788,8.3,TRUE,5.3,400,300
6721,2022/10/19 9:49,131.4196875,47.02708267,5210421.287,455886.113,5.40784,16,TRUE,5.3,400,300
6722,2022/10/19 9:49,131.4197038,47.0271415,5210427.818,455887.4005,5.87084,12.7,TRUE,5.3,400,300
6723,2022/10/19 9:49,131.4196967,47.02720417,5210434.789,455886.9124,6.019,17,TRUE,5.3,400,300
6724,2022/10/19 9:49,131.4197088,47.02725583,5210440.526,455887.8748,3.74104,7.9,TRUE,5.3,400,300
6725,2022/10/19 9:49,131.4197298,47.02727317,5210442.442,455889.4854,6.83388,13.7,TRUE,5.3,400,300
6726,2022/10/19 9:49,131.4197443,47.02732867,5210448.603,455890.6334,5.81528,14.7,TRUE,5.3,400,300
6727,2022/10/19 9:49,131.4197455,47.027362,5210452.308,455890.7521,3.8892,15.8,TRUE,5.3,400,300
6728,2022/10/19 9:49,131.419741,47.02742133,5210458.906,455890.4589,5.14856,16,TRUE,5.3,400,300
6729,2022/10/19 9:49,131.4197465,47.02748333,5210465.796,455890.9281,6.51904,6.5,TRUE,5.3,400,300
6730,2022/10/19 9:49,131.4197438,47.0275505,5210473.265,455890.7781,5.81528,7.4,TRUE,5.3,400,300
6731,2022/10/19 9:49,131.4197587,47.027611,5210479.982,455891.9606,5.51896,7.9,TRUE,5.3,400,300
6732,2022/10/19 9:49,131.4197702,47.0276725,5210486.813,455892.8855,6.3894,4.3,TRUE,5.3,400,300
6733,2022/10/19 9:49,131.4197747,47.027733,5210493.536,455893.2774,5.44488,8,TRUE,5.3,400,300
6734,2022/10/19 9:49,131.419789,47.027794,5210500.309,455894.4147,6.3894,12.3,TRUE,5.3,400,300
6735,2022/10/19 9:49,131.4197932,47.02786667,5210508.386,455894.7938,4.29664,10.4,TRUE,5.3,400,300
6736,2022/10/19 9:50,131.4198003,47.02790483,5210512.624,455895.365,5.90788,16.7,TRUE,5.3,400,300
6737,2022/10/19 9:50,131.4198123,47.027964,5210519.195,455896.3259,4.74112,10.2,TRUE,5.3,400,300
6738,2022/10/19 9:50,131.4198158,47.028025,5210525.975,455896.6422,5.093,5.6,TRUE,5.3,400,300
6739,2022/10/19 9:50,131.4198233,47.0280865,5210532.808,455897.263,6.55608,6.3,TRUE,5.3,400,300
6740,2022/10/19 9:50,131.4198378,47.02814917,5210539.767,455898.4168,6.37088,11.7,TRUE,5.3,400,300
6741,2022/10/19 9:50,131.4198517,47.02821583,5210547.169,455899.5283,5.75972,11.4,TRUE,5.3,400,300
6742,2022/10/19 9:50,131.4198608,47.02827433,5210553.668,455900.2683,6.50052,8.7,TRUE,5.3,400,300
6743,2022/10/19 9:50,131.4198743,47.02833817,5210560.757,455901.3471,5.51896,11,TRUE,5.3,400,300
6744,2022/10/19 9:50,131.4198855,47.028398,5210567.402,455902.2477,5.79676,15.8,TRUE,5.3,400,300
6745,2022/10/19 9:50,131.4198988,47.0284605,5210574.343,455903.3102,6.09308,7.1,TRUE,5.3,400,300
6746,2022/10/19 9:50,131.4199185,47.02851667,5210580.576,455904.854,6.03752,9.6,TRUE,5.3,400,300
6747,2022/10/19 9:50,131.4199307,47.02857633,5210587.202,455905.8305,5.94492,14.5,TRUE,5.3,400,300
6748,2022/10/19 9:50,131.419939,47.02864167,5210594.461,455906.5152,6.27828,12,TRUE,5.3,400,300
6749,2022/10/19 9:50,131.419939,47.02870417,5210601.41,455906.5667,5.79676,15.3,TRUE,5.3,400,300
6750,2022/10/19 9:50,131.4199477,47.02875617,5210607.185,455907.2708,4.66704,9.5,TRUE,5.3,400,300
6751,2022/10/19 9:51,131.4199542,47.028817,5210613.944,455907.815,5.35228,9.3,TRUE,5.3,400,300
6752,2022/10/19 9:51,131.4199663,47.02887517,5210620.404,455908.7827,6.18568,10.6,TRUE,5.3,400,300
6753,2022/10/19 9:51,131.419983,47.02893067,5210626.565,455910.0979,4.75964,13.4,TRUE,5.3,400,300
6754,2022/10/19 9:51,131.4199957,47.02897967,5210632.005,455911.1036,5.85232,16.6,TRUE,5.3,400,300
6755,2022/10/19 9:51,131.420004,47.029025,5210637.04,455911.7718,4.167,9.7,TRUE,5.3,400,300
6756,2022/10/19 9:51,131.4200008,47.02910183,5210645.583,455911.5919,5.0004,14,TRUE,5.3,400,300
6757,2022/10/19 9:51,131.4200163,47.02915567,5210651.56,455912.8144,3.77808,12.2,TRUE,5.3,400,300
6758,2022/10/19 9:51,131.4200242,47.02921,5210657.595,455913.4597,6.33384,15.7,TRUE,5.3,400,300
6759,2022/10/19 9:51,131.420034,47.02926533,5210663.741,455914.2502,5.8338,8.8,TRUE,5.3,400,300
6760,2022/10/19 9:51,131.4200448,47.02931333,5210669.071,455915.1107,5.53748,4.4,TRUE,5.3,400,300
6761,2022/10/19 9:51,131.4200398,47.02937967,5210676.449,455914.7852,5.66712,4.6,TRUE,5.3,400,300
6762,2022/10/19 9:51,131.4200367,47.02944083,5210683.25,455914.5999,6.63016,349.3,TRUE,5.3,305,300
6763,2022/10/19 9:51,131.419966,47.0295095,5210690.924,455909.2823,7.51912,274.7,FALSE,5.3,0,300
6764,2022/10/19 9:51,131.4198838,47.02953367,5210693.657,455903.0539,6.59312,242,FALSE,5.3,0,300
6765,2022/10/19 9:51,131.4198307,47.02954067,5210694.465,455899.0233,3.4262,256.4,FALSE,5.3,0,300
6766,2022/10/19 9:52,131.4197508,47.02952117,5210692.342,455892.9337,0.51856,225,FALSE,5.3,0,300
6767,2022/10/19 9:52,131.4197397,47.0295095,5210691.051,455892.0804,6.53756,205.7,FALSE,5.3,0,300
6768,2022/10/19 9:52,131.4197137,47.02942733,5210681.931,455890.0363,4.03736,164.2,FALSE,5.3,0,300
6769,2022/10/19 9:52,131.4197182,47.02940783,5210679.76,455890.3623,0,0,FALSE,5.3,0,300
6770,2022/10/19 9:52,131.4197092,47.02944283,5210683.657,455889.707,6.05604,15.8,FALSE,5.3,0,300
6771,2022/10/19 9:52,131.4197475,47.02950717,5210690.788,455892.6713,5.87084,11.9,FALSE,5.3,0,300
6772,2022/10/19 9:52,131.419734,47.0295395,5210694.389,455891.6718,0,0,FALSE,5.3,0,300
6773,2022/10/19 9:52,131.4197312,47.02952783,5210693.094,455891.4493,4.68556,193.9,TRUE,5.3,400,300
6774,2022/10/19 9:52,131.4197302,47.02948833,5210688.703,455891.3408,2.75948,188.9,TRUE,5.3,400,300
6775,2022/10/19 9:52,131.4197212,47.02945317,5210684.799,455890.6277,2.27796,193.9,TRUE,5.3,400,300
6776,2022/10/19 9:52,131.419717,47.02942067,5210681.189,455890.2817,1.88904,192.9,TRUE,5.3,372,300
6777,2022/10/19 9:52,131.4197015,47.0293745,5210676.065,455889.0654,4.55592,194.5,TRUE,5.3,360,300
6778,2022/10/19 9:52,131.4197177,47.02934033,5210672.257,455890.2687,1.53716,198.7,TRUE,5.3,400,300
6779,2022/10/19 9:52,131.419718,47.0293285,5210670.941,455890.2817,2.81504,185.1,TRUE,5.3,400,300
6780,2022/10/19 9:52,131.4197052,47.029287,5210666.335,455889.2746,3.7966,186.9,TRUE,5.3,400,300
6781,2022/10/19 9:53,131.4197093,47.02923467,5210660.515,455889.5431,4.38924,190.9,TRUE,5.3,400,300
6782,2022/10/19 9:53,131.4197033,47.029186,5210655.108,455889.0469,4.24108,195.6,TRUE,5.3,400,300
6783,2022/10/19 9:53,131.4197078,47.02914783,5210650.862,455889.3575,2.14832,194.2,TRUE,5.3,400,300
6784,2022/10/19 9:53,131.419698,47.0291,5210645.55,455888.5732,3.22248,193.3,TRUE,5.3,400,300
6785,2022/10/19 9:53,131.4196882,47.029072,5210642.443,455887.8052,3.38916,196.6,TRUE,5.3,400,300
6786,2022/10/19 9:53,131.4196652,47.02901967,5210636.638,455886.0137,5.14856,195.3,TRUE,5.3,400,300
6787,2022/10/19 9:53,131.4196555,47.0289565,5210629.621,455885.2243,6.25976,182.5,TRUE,5.3,400,300
6788,2022/10/19 9:53,131.4196547,47.028892,5210622.451,455885.1104,6.13012,182.2,TRUE,5.3,400,300
6789,2022/10/19 9:53,131.4196563,47.02883517,5210616.132,455885.1852,6.27828,193.4,TRUE,5.3,400,300
6790,2022/10/19 9:53,131.4196518,47.02877567,5210609.52,455884.7941,5.59304,181.3,TRUE,5.3,400,300
6791,2022/10/19 9:53,131.419661,47.02872133,5210603.474,455885.4487,6.14864,193,TRUE,5.3,400,300
6792,2022/10/19 9:53,131.4196523,47.028664,5210597.105,455884.7401,4.42628,186.4,TRUE,5.3,400,300
6793,2022/10/19 9:53,131.4196493,47.02861233,5210591.363,455884.4695,4.98188,190.3,TRUE,5.3,400,300
6794,2022/10/19 9:53,131.419637,47.02855117,5210584.57,455883.4841,5.94492,189.5,TRUE,5.3,400,300
6795,2022/10/19 9:53,131.4196168,47.02848633,5210577.373,455881.8952,6.18568,189.3,TRUE,5.3,398,300
6796,2022/10/19 9:54,131.4196013,47.028423,5210570.342,455880.6647,6.019,188.3,TRUE,5.3,400,300
6797,2022/10/19 9:54,131.419596,47.028357,5210563.007,455880.2075,6.03752,186.5,TRUE,5.3,400,300
6798,2022/10/19 9:54,131.4195917,47.02829683,5210556.321,455879.831,6.18568,182.6,TRUE,5.3,400,300
6799,2022/10/19 9:54,131.4195762,47.02823917,5210549.919,455878.6053,5.70416,183.4,TRUE,5.3,400,300
6800,2022/10/19 9:54,131.4195675,47.02817567,5210542.865,455877.8916,6.18568,183.4,TRUE,5.3,400,300
6801,2022/10/19 9:54,131.41955,47.02811283,5210535.889,455876.5095,6.59312,192.4,TRUE,5.3,400,300
6802,2022/10/19 9:54,131.4195403,47.02804683,5210528.557,455875.7178,6.09308,187.7,TRUE,5.3,400,300
6803,2022/10/19 9:54,131.4195337,47.02798767,5210521.984,455875.1673,5.40784,184.4,TRUE,5.3,400,300
6804,2022/10/19 9:54,131.419523,47.02793217,5210515.82,455874.3082,5.13004,185.6,TRUE,5.3,400,300
6805,2022/10/19 9:54,131.4195203,47.02789417,5210511.597,455874.0717,5.38932,191.8,TRUE,5.3,400,300
6806,2022/10/19 9:54,131.4195082,47.027823,5210503.692,455873.0932,5.0004,191.4,TRUE,5.3,400,300
6807,2022/10/19 9:54,131.4195058,47.02777433,5210498.282,455872.8707,4.27812,182.1,TRUE,5.3,400,300
6808,2022/10/19 9:54,131.4195052,47.027729,5210493.243,455872.7877,5.6486,189.9,TRUE,5.3,400,300
6809,2022/10/19 9:54,131.419505,47.027666,5210486.24,455872.7206,5.0004,190.5,TRUE,5.3,400,300
6810,2022/10/19 9:54,131.4194943,47.0276185,5210480.965,455871.868,5.68564,182.9,TRUE,5.3,400,300
6811,2022/10/19 9:55,131.4194883,47.027553,5210473.687,455871.358,5.59304,186.3,TRUE,5.3,400,300
6812,2022/10/19 9:55,131.4194752,47.02748983,5210466.671,455870.3101,5.556,191.4,TRUE,5.3,400,300
6813,2022/10/19 9:55,131.4194577,47.0274315,5210460.197,455868.9317,5.75972,196.7,TRUE,5.3,400,300
6814,2022/10/19 9:55,131.4194462,47.027363,5210452.588,455868.0011,6.53756,182,TRUE,5.3,400,300
6815,2022/10/19 9:55,131.4194263,47.0273025,5210445.873,455866.4385,5.72268,193.9,TRUE,5.3,400,300
6816,2022/10/19 9:55,131.4194235,47.027251,5210440.15,455866.1832,6.35236,188.5,TRUE,5.3,400,300
6817,2022/10/19 9:55,131.4194183,47.02719367,5210433.779,455865.7406,5.40784,190.5,TRUE,5.3,400,300
6818,2022/10/19 9:55,131.4194152,47.0271375,5210427.536,455865.4587,6.44496,193.5,TRUE,5.3,400,300
6819,2022/10/19 9:55,131.4194047,47.02707533,5210420.631,455864.6092,6.05604,187.4,TRUE,5.3,400,300
6820,2022/10/19 9:55,131.4193952,47.0270105,5210413.429,455863.8336,6.18568,183.6,TRUE,5.3,400,300
6821,2022/10/19 9:55,131.4193833,47.02695967,5210407.785,455862.8871,2.83356,203.1,TRUE,5.3,400,300
6822,2022/10/19 9:55,131.4193683,47.02689767,5210400.901,455861.6958,6.24124,190.2,TRUE,5.3,400,300
6823,2022/10/19 9:55,131.4193642,47.0268435,5210394.881,455861.3394,6.16716,183.9,TRUE,5.3,400,300
6824,2022/10/19 9:55,131.4193578,47.02678483,5210388.362,455860.8045,6.70424,195.6,TRUE,5.3,400,300
6825,2022/10/19 9:55,131.4193485,47.02672667,5210381.902,455860.0496,6.40792,186.8,TRUE,5.3,400,300
6826,2022/10/19 9:56,131.4193477,47.02666317,5210374.843,455859.9365,4.7226,192.9,TRUE,5.3,400,300
6827,2022/10/19 9:56,131.4193422,47.02661383,5210369.361,455859.4777,6.2968,187.2,TRUE,5.3,400,300
6828,2022/10/19 9:56,131.419331,47.02655117,5210362.401,455858.5747,6.09308,182,TRUE,5.3,400,300
6829,2022/10/19 9:56,131.419329,47.0264905,5210355.657,455858.3726,6.05604,186.6,TRUE,5.3,400,300
6830,2022/10/19 9:56,131.4193165,47.02643017,5210348.957,455857.3726,6.70424,193.8,TRUE,5.3,400,300
6831,2022/10/19 9:56,131.4192928,47.02636883,5210342.152,455855.5204,5.25968,187.8,TRUE,5.3,400,300
6832,2022/10/19 9:56,131.419286,47.02630617,5210335.189,455854.9519,5.88936,185.2,TRUE,5.3,400,300
6833,2022/10/19 9:56,131.4192798,47.02625117,5210329.078,455854.4352,6.25976,188.8,TRUE,5.3,400,300
6834,2022/10/19 9:56,131.4192732,47.02619117,5210322.412,455853.884,6.16716,193.6,TRUE,5.3,400,300
6835,2022/10/19 9:56,131.4192617,47.02612867,5210315.47,455852.9583,6.25976,187.8,TRUE,5.3,400,300
6836,2022/10/19 9:56,131.4192583,47.02606983,5210308.931,455852.6513,5.98196,180.4,TRUE,5.3,400,300
6837,2022/10/19 9:56,131.4192513,47.02601517,5210302.858,455852.0741,4.59296,188.7,TRUE,5.3,400,300
6838,2022/10/19 9:56,131.41924,47.02595983,5210296.712,455851.1694,5.94492,181.5,TRUE,5.3,400,300
6839,2022/10/19 9:56,131.4192343,47.02590033,5210290.101,455850.6871,5.66712,191.4,TRUE,5.3,400,300
6840,2022/10/19 9:56,131.4192252,47.02584317,5210283.752,455849.9482,5.59304,183.3,TRUE,5.3,400,300
6841,2022/10/19 9:57,131.419211,47.02578283,5210277.051,455848.819,5.093,191.4,TRUE,5.3,400,300
6842,2022/10/19 9:57,131.4191932,47.02572617,5210270.763,455847.4191,2.72244,192.5,TRUE,5.3,400,300
6843,2022/10/19 9:57,131.4191877,47.02567917,5210265.541,455846.9622,5.11152,187,TRUE,5.3,400,300
6844,2022/10/19 9:57,131.4191835,47.02563417,5210260.54,455846.6058,5.40784,193.1,TRUE,5.3,400,300
6845,2022/10/19 9:57,131.419185,47.02557833,5210254.332,455846.6738,3.90772,171.5,TRUE,5.3,400,300
6846,2022/10/19 9:57,131.4191898,47.0255385,5210249.901,455847.0059,5.33376,192,TRUE,5.3,400,300
6847,2022/10/19 9:57,131.4191718,47.02547883,5210243.278,455845.5883,5.79676,186.2,TRUE,5.3,400,300
6848,2022/10/19 9:57,131.4191612,47.02541817,5210236.54,455844.7325,6.05604,190.8,TRUE,5.3,400,300
6849,2022/10/19 9:57,131.4191437,47.02536233,5210230.342,455843.3561,5.88936,192.3,TRUE,5.3,400,300
6850,2022/10/19 9:57,131.4191382,47.02530717,5210224.213,455842.8925,4.48184,192.8,TRUE,5.3,400,300
6851,2022/10/19 9:57,131.4191318,47.025254,5210218.306,455842.3621,4.5374,185.8,TRUE,5.3,400,300
6852,2022/10/19 9:57,131.4191225,47.02520383,5210212.733,455841.6138,3.90772,191.9,TRUE,5.3,400,300
6853,2022/10/19 9:57,131.419122,47.02517817,5210209.881,455841.5546,3.44472,191.2,TRUE,5.3,395,300
6854,2022/10/19 9:57,131.4191125,47.025136,5210205.198,455840.7976,5.40784,194.5,TRUE,5.3,400,300
6855,2022/10/19 9:57,131.4191095,47.02508317,5210199.327,455840.526,6.53756,182.3,TRUE,5.3,400,300
6856,2022/10/19 9:58,131.4190865,47.02503567,5210194.059,455838.7384,3.72252,191.3,TRUE,5.3,400,300
6857,2022/10/19 9:58,131.4190912,47.02497917,5210187.775,455839.0491,5.11152,186.1,TRUE,5.3,400,300
6858,2022/10/19 9:58,131.4190885,47.0249285,5210182.144,455838.802,4.38924,191.2,TRUE,5.3,400,300
6859,2022/10/19 9:58,131.4190705,47.024879,5210176.651,455837.3928,5.63008,190.3,TRUE,5.3,400,300
6860,2022/10/19 9:58,131.4190638,47.02483083,5210171.3,455836.8438,5.7412,187.4,TRUE,5.3,400,300
6861,2022/10/19 9:58,131.4190653,47.02477283,5210164.851,455836.91,6.03752,187,TRUE,5.3,400,300
6862,2022/10/19 9:58,131.4190497,47.02471667,5210158.616,455835.6777,4.98188,189.4,TRUE,5.3,400,300
6863,2022/10/19 9:58,131.4190442,47.02467333,5210153.801,455835.2239,2.72244,193.4,TRUE,5.3,400,300
6864,2022/10/19 9:58,131.4190382,47.0246455,5210150.711,455834.7448,4.85224,194.9,TRUE,5.3,400,300
6865,2022/10/19 9:58,131.4190295,47.02459217,5210144.787,455834.0394,4.63,196.4,TRUE,5.3,400,300
6866,2022/10/19 9:58,131.419033,47.02454517,5210139.56,455834.2667,4.48184,190.9,TRUE,5.3,400,300
6867,2022/10/19 9:58,131.4190268,47.02449083,5210133.523,455833.7506,6.42644,193.8,TRUE,5.3,400,300
6868,2022/10/19 9:58,131.4190047,47.02442517,5210126.235,455832.0164,6.55608,193.4,TRUE,5.3,400,300
6869,2022/10/19 9:58,131.4189962,47.02437283,5210120.422,455831.327,3.8892,198.3,TRUE,5.3,400,300
6870,2022/10/19 9:58,131.4189895,47.02432183,5210114.756,455830.7756,3.7966,190.8,TRUE,5.3,400,300
6871,2022/10/19 9:59,131.4189885,47.024289,5210111.106,455830.6725,6.98204,189.1,TRUE,5.3,400,300
6872,2022/10/19 9:59,131.4189802,47.0242315,5210104.719,455829.9941,4.7226,190.1,TRUE,5.3,395,300
6873,2022/10/19 9:59,131.4189775,47.024187,5210099.773,455829.7521,4.3522,194.5,TRUE,5.3,400,300
6874,2022/10/19 9:59,131.4189663,47.02414017,5210094.573,455828.8621,4.66704,197.8,TRUE,5.3,400,300
6875,2022/10/19 9:59,131.4189648,47.024096,5210089.664,455828.7116,2.25944,173.3,TRUE,5.3,400,300
6876,2022/10/19 9:59,131.418968,47.02405517,5210085.123,455828.9212,4.20404,183.2,TRUE,5.3,400,300
6877,2022/10/19 9:59,131.4189712,47.02400733,5210079.803,455829.125,4.85224,187.5,TRUE,5.3,400,300
6878,2022/10/19 9:59,131.4189778,47.02395817,5210074.334,455829.5862,4.11144,182.3,TRUE,5.3,400,300
6879,2022/10/19 9:59,131.4189822,47.02391733,5210069.791,455829.887,4.33368,183.2,TRUE,5.3,400,300
6880,2022/10/19 9:59,131.4189803,47.02387317,5210064.883,455829.7061,4.4448,187.5,TRUE,5.3,400,300
6881,2022/10/19 9:59,131.4189777,47.023822,5210059.196,455829.4663,3.9818,175.5,TRUE,5.3,400,300
6882,2022/10/19 9:59,131.4189773,47.02377417,5210053.879,455829.3964,3.81512,184.1,TRUE,5.3,400,300
6883,2022/10/19 9:59,131.418972,47.02373033,5210049.008,455828.9573,3.81512,184.9,TRUE,5.3,400,300
6884,2022/10/19 9:59,131.418971,47.02369333,5210044.895,455828.8508,3.53732,178.5,TRUE,5.3,400,300
6885,2022/10/19 9:59,131.4189692,47.02366167,5210041.377,455828.6878,4.31516,182.1,TRUE,5.3,400,300
6886,2022/10/19 10:00,131.4189643,47.0236155,5210036.247,455828.2773,4.4448,183.7,TRUE,5.3,400,300
6887,2022/10/19 10:00,131.4189648,47.023569,5210031.077,455828.2769,4.20404,180,TRUE,5.3,400,300
6888,2022/10/19 10:00,131.4189602,47.02352283,5210025.947,455827.8891,3.1484,181.4,TRUE,5.3,400,300
6889,2022/10/19 10:00,131.4189613,47.023484,5210021.629,455827.9407,3.74104,180.8,TRUE,5.3,400,300
6890,2022/10/19 10:00,131.4189652,47.0234465,5210017.458,455828.2063,3.4262,186.1,TRUE,5.3,400,300
6891,2022/10/19 10:00,131.4189702,47.023408,5210013.175,455828.5546,4.2596,185.2,TRUE,5.3,400,300
6892,2022/10/19 10:00,131.4189663,47.023361,5210007.952,455828.2194,4.27812,187.5,TRUE,5.3,400,300
6893,2022/10/19 10:00,131.4189752,47.02331517,5210002.852,455828.8582,3.96328,195.4,TRUE,5.3,400,300
6894,2022/10/19 10:00,131.4189665,47.02327333,5209998.206,455828.1623,3.72252,191.1,TRUE,5.3,400,300
6895,2022/10/19 10:00,131.4189625,47.0232365,5209994.114,455827.8278,3.59288,185.4,TRUE,5.3,400,300
6896,2022/10/19 10:00,131.4189575,47.02320033,5209990.096,455827.4178,3.9818,177.8,TRUE,5.3,400,300
6897,2022/10/19 10:00,131.4189618,47.02315533,5209985.09,455827.7076,3.92624,186.8,TRUE,5.3,400,300
6898,2022/10/19 10:00,131.4189618,47.023115,5209980.607,455827.6744,3.94476,183.5,TRUE,5.3,400,300
6899,2022/10/19 10:00,131.4189702,47.02307517,5209976.174,455828.2801,4.14848,181.7,TRUE,5.3,400,300
6900,2022/10/19 10:00,131.4189677,47.02303117,5209971.284,455828.0537,4.55592,189.1,TRUE,5.3,400,300
6901,2022/10/19 10:01,131.4189562,47.0229855,5209966.213,455827.1418,2.48168,191.5,TRUE,5.3,400,300
6902,2022/10/19 10:01,131.4189567,47.0229585,5209963.212,455827.1576,3.22248,181.8,TRUE,5.3,400,300
6903,2022/10/19 10:01,131.418956,47.02291817,5209958.728,455827.0711,4.74112,189.6,TRUE,5.3,400,300
6904,2022/10/19 10:01,131.4189593,47.0228745,5209953.872,455827.2859,3.68548,186.4,TRUE,5.3,400,300
6905,2022/10/19 10:01,131.418948,47.022828,5209948.709,455826.3885,4.50036,180.2,TRUE,5.3,400,300
6906,2022/10/19 10:01,131.4189373,47.022776,5209942.934,455825.5322,4.75964,182.4,TRUE,5.3,400,300
6907,2022/10/19 10:01,131.4189412,47.02271317,5209935.947,455825.7768,3.66696,179.7,TRUE,5.3,400,300
6908,2022/10/19 10:01,131.4189505,47.0226745,5209931.642,455826.4519,4.37072,185.6,TRUE,5.3,400,300
6909,2022/10/19 10:01,131.418953,47.022629,5209926.583,455826.6045,4.59296,183.2,TRUE,5.3,400,300
6910,2022/10/19 10:01,131.4189475,47.02258883,5209922.12,455826.1532,3.7966,189.9,TRUE,5.3,400,300
6911,2022/10/19 10:01,131.4189442,47.02254633,5209917.397,455825.8673,4.05588,187.9,TRUE,5.3,400,300
6912,2022/10/19 10:01,131.418952,47.02250517,5209912.817,455826.4263,4.22256,182,TRUE,5.3,400,300
6913,2022/10/19 10:01,131.4189523,47.0224615,5209907.962,455826.4131,4.05588,186.6,TRUE,5.3,400,300
6914,2022/10/19 10:01,131.4189565,47.02242217,5209903.587,455826.6999,3.83364,184,TRUE,5.3,400,300
6915,2022/10/19 10:01,131.4189435,47.02238267,5209899.203,455825.6791,4.20404,181.9,TRUE,5.3,400,300
6916,2022/10/19 10:02,131.418933,47.02234217,5209894.707,455824.8474,3.85216,184.1,TRUE,5.3,400,300
6917,2022/10/19 10:02,131.4189153,47.02229233,5209889.176,455823.4607,5.01892,183.6,TRUE,5.3,400,300
6918,2022/10/19 10:02,131.4189142,47.022237,5209883.026,455823.3314,4.48184,183.8,TRUE,5.3,400,300
6919,2022/10/19 10:02,131.4189088,47.0221955,5209878.415,455822.8866,3.62992,190.7,TRUE,5.3,400,300
6920,2022/10/19 10:02,131.4189107,47.02215433,5209873.837,455822.9971,3.38916,176.9,TRUE,5.3,400,300
6921,2022/10/19 10:02,131.4189102,47.02210833,5209868.724,455822.9211,4.63,186.3,TRUE,5.3,400,300
6922,2022/10/19 10:02,131.4189125,47.02206283,5209863.664,455823.0585,4.55592,193.6,TRUE,5.3,400,300
6923,2022/10/19 10:02,131.4188957,47.0220135,5209858.189,455821.7406,3.7966,182.7,TRUE,5.3,400,300
6924,2022/10/19 10:02,131.4188895,47.02198533,5209855.061,455821.246,2.8706,200,TRUE,5.3,400,300
6925,2022/10/19 10:02,131.4188895,47.021959,5209852.134,455821.2243,0,183.8,FALSE,5.3,0,300
6926,2022/10/19 10:02,131.4188943,47.02196283,5209852.557,455821.5923,4.94484,3.8,TRUE,5.3,257,300
6927,2022/10/19 10:02,131.4189108,47.02201717,5209858.589,455822.8916,4.83372,9.8,FALSE,5.3,0,300
6928,2022/10/19 10:02,131.4189575,47.02206717,5209864.121,455826.4832,5.11152,47.8,FALSE,5.3,0,300
6929,2022/10/19 10:02,131.419034,47.02207317,5209864.745,455832.304,3.64844,112.8,FALSE,5.3,0,300
6930,2022/10/19 10:02,131.4190168,47.0220775,5209865.236,455830.9999,3.31508,321.3,FALSE,5.3,0,300
6931,2022/10/19 10:03,131.4189922,47.02210583,5209868.399,455829.1531,3.0558,357.7,TRUE,5.3,208,300
6932,2022/10/19 10:03,131.4189822,47.02213283,5209871.407,455828.4151,5.07448,359.6,TRUE,5.3,400,300
6933,2022/10/19 10:03,131.418984,47.02216983,5209875.519,455828.5825,4.83372,3.6,TRUE,5.3,400,300
6934,2022/10/19 10:03,131.4189818,47.0222085,5209879.819,455828.4471,4.8152,16.5,TRUE,5.3,400,300
6935,2022/10/19 10:03,131.418974,47.022253,5209884.771,455827.8908,5.07448,5.3,TRUE,5.3,400,300
6936,2022/10/19 10:03,131.4189727,47.02230083,5209890.089,455827.8315,4.7226,9.1,TRUE,5.3,400,300
6937,2022/10/19 10:03,131.4189772,47.02235567,5209896.183,455828.2188,4.79668,359.8,TRUE,5.3,400,300
6938,2022/10/19 10:03,131.4189895,47.02240567,5209901.734,455829.1951,5.24116,1.8,TRUE,5.3,400,300
6939,2022/10/19 10:03,131.4189872,47.022451,5209906.775,455829.0577,4.27812,2.3,TRUE,5.3,400,300
6940,2022/10/19 10:03,131.418993,47.02250033,5209912.256,455829.5393,4.87076,6.4,TRUE,5.3,400,300
6941,2022/10/19 10:03,131.4189935,47.022583,5209921.446,455829.6455,5.05596,358.6,TRUE,5.3,400,300
6942,2022/10/19 10:03,131.4190077,47.022637,5209927.441,455830.7696,5.11152,1.1,TRUE,5.3,400,300
6943,2022/10/19 10:03,131.4190105,47.02268717,5209933.017,455831.0238,4.63,6.2,TRUE,5.3,400,300
6944,2022/10/19 10:03,131.419014,47.022735,5209938.333,455831.3293,5.13004,6.7,TRUE,5.3,400,300
6945,2022/10/19 10:04,131.4190148,47.022791,5209944.558,455831.4363,4.7226,356.8,TRUE,5.3,400,300
6946,2022/10/19 10:04,131.419018,47.02284033,5209950.04,455831.7203,4.5374,0.1,TRUE,5.3,400,300
6947,2022/10/19 10:04,131.4190248,47.02289033,5209955.595,455832.2785,5.25968,7.8,TRUE,5.3,400,300
6948,2022/10/19 10:04,131.4190192,47.02293267,5209960.305,455831.8877,4.11144,11,TRUE,5.3,400,300
6949,2022/10/19 10:04,131.4190098,47.02298267,5209965.869,455831.2143,4.9078,6.9,TRUE,5.3,400,300
6950,2022/10/19 10:04,131.4190152,47.02303533,5209971.72,455831.6683,5.42636,12.7,TRUE,5.3,400,300
6951,2022/10/19 10:04,131.419023,47.0230975,5209978.627,455832.3125,5.4634,4,TRUE,5.3,400,300
6952,2022/10/19 10:04,131.4190352,47.02315717,5209985.254,455833.2892,5.31524,8.1,TRUE,5.3,400,300
6953,2022/10/19 10:04,131.4190435,47.02321683,5209991.881,455833.9694,5.88936,5.8,TRUE,5.3,400,300
6954,2022/10/19 10:04,131.4190507,47.02328083,5209998.992,455834.5696,4.38924,7.7,TRUE,5.3,400,300
6955,2022/10/19 10:04,131.4190602,47.02333517,5210005.028,455835.3366,5.3708,9.9,TRUE,5.3,400,300
6956,2022/10/19 10:04,131.4190707,47.02339417,5210011.581,455836.1835,5.44488,7.5,TRUE,5.3,400,300
6957,2022/10/19 10:04,131.4190775,47.02345533,5210018.376,455836.7509,5.81528,10,TRUE,5.3,400,300
6958,2022/10/19 10:04,131.4190757,47.02351283,5210024.77,455836.6615,6.5746,4.8,TRUE,5.3,400,300
6959,2022/10/19 10:04,131.4190818,47.023571,5210031.233,455837.1732,5.07448,11.7,TRUE,5.3,400,300
6960,2022/10/19 10:05,131.41909,47.023632,5210038.01,455837.8469,6.09308,8,TRUE,5.3,400,300
6961,2022/10/19 10:05,131.4190993,47.02368917,5210044.36,455838.601,5.35228,11.6,TRUE,5.3,400,300
6962,2022/10/19 10:05,131.4191083,47.0237485,5210050.951,455839.3341,5.38932,11,TRUE,5.3,400,300
6963,2022/10/19 10:05,131.4191132,47.02381133,5210057.933,455839.7585,5.16708,1.2,TRUE,5.3,400,300
6964,2022/10/19 10:05,131.4191253,47.023866,5210064.004,455840.7234,5.13004,0.1,TRUE,5.3,400,300
6965,2022/10/19 10:05,131.4191452,47.02392683,5210070.755,455842.2864,5.51896,10.1,TRUE,5.3,400,300
6966,2022/10/19 10:05,131.4191645,47.023983,5210076.989,455843.7999,6.44496,10.7,TRUE,5.3,400,300
6967,2022/10/19 10:05,131.4191673,47.02404483,5210083.861,455844.0638,5.25968,7.9,TRUE,5.3,400,300
6968,2022/10/19 10:05,131.4191683,47.0241095,5210091.05,455844.1931,5.96344,20.9,TRUE,5.3,400,300
6969,2022/10/19 10:05,131.419183,47.02416933,5210097.693,455845.36,5.88936,15.4,TRUE,5.3,400,300
6970,2022/10/19 10:05,131.419192,47.0242295,5210104.377,455846.0938,6.2042,9.4,TRUE,5.3,400,300
6971,2022/10/19 10:05,131.4191957,47.02429183,5210111.304,455846.4265,5.66712,5.6,TRUE,5.3,400,300
6972,2022/10/19 10:05,131.4192078,47.02434883,5210117.634,455847.3933,5.70416,6.5,TRUE,5.3,400,300
6973,2022/10/19 10:05,131.4192188,47.02441167,5210124.614,455848.2814,5.81528,8.6,TRUE,5.3,400,300
6974,2022/10/19 10:05,131.4192253,47.024476,5210131.762,455848.8285,4.98188,5.9,TRUE,5.3,400,300
6975,2022/10/19 10:06,131.4192408,47.02453533,5210138.349,455850.0558,5.85232,4.3,TRUE,5.3,400,300
6976,2022/10/19 10:06,131.4192525,47.024593,5210144.754,455850.9928,6.37088,7.8,TRUE,5.3,400,300
6977,2022/10/19 10:06,131.419254,47.0246515,5210151.256,455851.155,6.18568,8,TRUE,5.3,400,300
6978,2022/10/19 10:06,131.4192575,47.024708,5210157.535,455851.4677,5.77824,6.5,TRUE,5.3,400,300
6979,2022/10/19 10:06,131.4192648,47.024765,5210163.868,455852.0696,5.87084,11.4,TRUE,5.3,400,300
6980,2022/10/19 10:06,131.4192718,47.024819,5210169.867,455852.6463,5.35228,6.1,TRUE,5.3,400,300
6981,2022/10/19 10:06,131.419282,47.02488083,5210176.735,455853.4727,5.75972,4.7,TRUE,5.3,400,300
6982,2022/10/19 10:06,131.419288,47.0249365,5210182.921,455853.9747,4.63,9.3,TRUE,5.3,400,300
6983,2022/10/19 10:06,131.4192965,47.02499567,5210189.494,455854.6696,4.83372,10.2,TRUE,5.3,400,300
6984,2022/10/19 10:06,131.4193075,47.0250475,5210195.25,455855.5486,4.3522,10.7,TRUE,5.3,400,300
6985,2022/10/19 10:06,131.4193092,47.02508667,5210199.603,455855.7101,5.50044,7.5,TRUE,5.3,400,300
6986,2022/10/19 10:06,131.4193217,47.02514567,5210206.155,455856.709,5.42636,15.2,TRUE,5.3,400,300
6987,2022/10/19 10:06,131.4193312,47.025199,5210212.079,455857.4752,5.75972,10.9,TRUE,5.3,400,300
6988,2022/10/19 10:06,131.4193352,47.02526133,5210219.006,455857.8306,5.50044,11.7,TRUE,5.3,400,300
6989,2022/10/19 10:06,131.4193493,47.025317,5210225.187,455858.9484,6.33384,13.8,TRUE,5.3,400,300
6990,2022/10/19 10:07,131.4193587,47.0253675,5210230.796,455859.7046,5.88936,9.9,TRUE,5.3,400,300
6991,2022/10/19 10:07,131.419375,47.02542633,5210237.327,455860.9922,4.5374,6.7,TRUE,5.3,400,300
6992,2022/10/19 10:07,131.419383,47.02548317,5210243.641,455861.6472,4.96336,3.2,TRUE,5.3,400,300
6993,2022/10/19 10:07,131.4193872,47.02553917,5210249.864,455862.0127,4.77816,9.2,TRUE,5.3,400,300
6994,2022/10/19 10:07,131.4193922,47.02559017,5210255.531,455862.4348,4.27812,15.6,TRUE,5.3,400,300
6995,2022/10/19 10:07,131.4193927,47.02562483,5210259.384,455862.5014,2.66688,350.8,TRUE,5.3,400,300
6996,2022/10/19 10:07,131.4194027,47.0256745,5210264.9,455863.3025,5.6486,2.4,TRUE,5.3,400,300
6997,2022/10/19 10:07,131.419411,47.025724,5210270.399,455863.9743,1.79644,1.7,TRUE,5.3,400,300
6998,2022/10/19 10:07,131.4194122,47.02574,5210272.177,455864.0787,6.87092,6.8,TRUE,5.3,239,300
6999,2022/10/19 10:07,131.4194227,47.02579617,5210278.415,455864.9232,4.29664,8.7,TRUE,5.3,400,300
7000,2022/10/19 10:07,131.419437,47.02584067,5210283.354,455866.047,4.24108,0.7,TRUE,5.3,400,300
7001,2022/10/19 10:07,131.4194372,47.025893,5210289.172,455866.1053,5.2782,6.6,TRUE,5.3,400,300
7002,2022/10/19 10:07,131.4194447,47.02594617,5210295.078,455866.7193,2.05572,5.3,TRUE,5.3,400,300
7003,2022/10/19 10:07,131.4194517,47.02597867,5210298.688,455867.2782,4.22256,8,TRUE,5.3,400,300
7004,2022/10/19 10:07,131.4194508,47.026021,5210303.394,455867.2446,3.22248,4.1,TRUE,5.3,400,300
7005,2022/10/19 10:08,131.4194577,47.02605833,5210307.54,455867.7999,3.59288,11.6,TRUE,5.3,400,300
7006,2022/10/19 10:08,131.4194578,47.02608717,5210310.746,455867.8313,2.1298,19.2,TRUE,5.3,400,300
7007,2022/10/19 10:08,131.4194658,47.026122,5210314.614,455868.4682,4.9078,8.4,TRUE,5.3,400,300
7008,2022/10/19 10:08,131.4194687,47.0261825,5210321.338,455868.7385,5.63008,7.7,TRUE,5.3,400,300
7009,2022/10/19 10:08,131.4194875,47.026241,5210327.831,455870.2158,4.96336,9.1,TRUE,5.3,400,300
7010,2022/10/19 10:08,131.4194958,47.02629467,5210333.793,455870.891,5.9264,0.1,TRUE,5.3,400,300
7011,2022/10/19 10:08,131.4195065,47.02634967,5210339.901,455871.7498,5.70416,8.4,TRUE,5.3,400,300
7012,2022/10/19 10:08,131.4195087,47.02640667,5210346.237,455871.964,5.40784,8.7,TRUE,5.3,400,300
7013,2022/10/19 10:08,131.4195112,47.02646217,5210352.405,455872.1998,4.46332,7.5,TRUE,5.3,400,300
7014,2022/10/19 10:08,131.4195213,47.02651017,5210357.736,455873.0071,4.42628,8.5,TRUE,5.3,400,300
7015,2022/10/19 10:08,131.4195247,47.02656033,5210363.31,455873.3069,5.96344,7.9,TRUE,5.3,400,300
7016,2022/10/19 10:08,131.4195353,47.026623,5210370.271,455874.1643,5.53748,12.3,TRUE,5.3,400,300
7017,2022/10/19 10:08,131.4195442,47.02668367,5210377.011,455874.8909,5.03744,16.8,TRUE,5.3,400,300
7018,2022/10/19 10:08,131.4195662,47.02674133,5210383.409,455876.6108,4.9078,14.8,TRUE,5.3,400,300
7019,2022/10/19 10:08,131.4195728,47.02680033,5210389.964,455877.1611,5.01892,13.9,TRUE,5.3,400,300
7020,2022/10/19 10:09,131.4195773,47.026858,5210396.373,455877.5507,6.07456,12.6,TRUE,5.3,400,300
7021,2022/10/19 10:09,131.419586,47.026915,5210402.705,455878.2591,6.1116,11.8,TRUE,5.3,400,300
7022,2022/10/19 10:09,131.4196002,47.02696733,5210408.514,455879.3816,5.94492,2.8,TRUE,5.3,400,300
7023,2022/10/19 10:09,131.4196103,47.02702533,5210414.956,455880.1972,6.09308,9.5,TRUE,5.3,400,300
7024,2022/10/19 10:09,131.4196132,47.02708933,5210422.07,455880.4704,5.1856,10.6,TRUE,5.3,400,300
7025,2022/10/19 10:09,131.419621,47.02714533,5210428.291,455881.1095,5.85232,9.5,TRUE,5.3,400,300
7026,2022/10/19 10:09,131.419631,47.02720383,5210434.789,455881.9178,5.22264,6.8,TRUE,5.3,400,300
7027,2022/10/19 10:09,131.4196342,47.02726,5210441.031,455882.2074,4.63,12.8,TRUE,5.3,400,300
7028,2022/10/19 10:09,131.4196415,47.02730083,5210445.566,455882.7959,5.68564,3.2,TRUE,5.3,400,300
7029,2022/10/19 10:09,131.4196442,47.02736483,5210452.68,455883.0539,3.22248,17,TRUE,5.3,400,300
7030,2022/10/19 10:09,131.4196533,47.02739883,5210456.454,455883.7737,5.66712,12.1,TRUE,5.3,395,300
7031,2022/10/19 10:09,131.419668,47.02745733,5210462.95,455884.9393,6.2968,7.4,TRUE,5.3,400,300
7032,2022/10/19 10:09,131.4196783,47.02751217,5210469.041,455885.7675,5.05596,10.5,TRUE,5.3,400,300
7033,2022/10/19 10:09,131.4196843,47.0275705,5210475.522,455886.2716,5.48192,8.7,TRUE,5.3,400,300
7034,2022/10/19 10:09,131.419688,47.0276305,5210482.19,455886.6023,6.03752,9.1,TRUE,5.3,400,300
7035,2022/10/19 10:10,131.419697,47.0276885,5210488.633,455887.3343,6.24124,12.4,TRUE,5.3,400,300
7036,2022/10/19 10:10,131.4197137,47.02774583,5210494.997,455888.651,6.09308,5.4,TRUE,5.3,400,300
7037,2022/10/19 10:10,131.4197137,47.0277935,5210500.296,455888.6902,1.64828,9,TRUE,5.3,400,300
7038,2022/10/19 10:10,131.419715,47.0278355,5210504.965,455888.8237,6.87092,9.3,TRUE,5.3,400,300
7039,2022/10/19 10:10,131.4197213,47.02789183,5210511.223,455889.349,3.4262,359.9,TRUE,5.3,376,300
7040,2022/10/19 10:10,131.4197335,47.02794433,5210517.053,455890.3196,6.90796,7.9,TRUE,5.3,400,300
7041,2022/10/19 10:10,131.419743,47.02799617,5210522.811,455891.0845,4.7226,9.1,TRUE,5.3,400,300
7042,2022/10/19 10:10,131.4197523,47.02804333,5210528.048,455891.8303,5.07448,12.7,TRUE,5.3,400,300
7043,2022/10/19 10:10,131.4197613,47.0280975,5210534.065,455892.559,5.87084,7.5,TRUE,5.3,400,300
7044,2022/10/19 10:10,131.4197743,47.02815867,5210540.858,455893.5976,4.96336,8.3,TRUE,5.3,400,300
7045,2022/10/19 10:10,131.4197818,47.028214,5210547.005,455894.2133,5.42636,2.9,TRUE,5.3,400,300
7046,2022/10/19 10:10,131.4197875,47.02826233,5210552.375,455894.6864,3.46324,14,TRUE,5.3,400,300
7047,2022/10/19 10:10,131.4197988,47.0283125,5210557.946,455895.5867,5.40784,9.2,TRUE,5.3,400,300
7048,2022/10/19 10:10,131.419802,47.02836783,5210564.095,455895.8756,5.3708,6.8,TRUE,5.3,400,300
7049,2022/10/19 10:10,131.4198063,47.02842467,5210570.412,455896.2493,5.31524,6.4,TRUE,5.3,400,300
7050,2022/10/19 10:11,131.4198145,47.02847167,5210575.632,455896.9113,3.09284,2,TRUE,5.3,400,300
7051,2022/10/19 10:11,131.4198167,47.0285125,5210580.17,455897.1122,4.8152,15.4,TRUE,5.3,400,300
7052,2022/10/19 10:11,131.4198253,47.02856083,5210585.538,455897.8057,5.96344,9.4,TRUE,5.3,400,300
7053,2022/10/19 10:11,131.4198327,47.02862283,5210592.427,455898.4193,5.81528,5.3,TRUE,5.3,400,300
7054,2022/10/19 10:11,131.419841,47.02868083,5210598.87,455899.098,6.59312,4.3,TRUE,5.3,400,300
7055,2022/10/19 10:11,131.4198542,47.02874083,5210605.533,455900.1508,6.2042,9.1,TRUE,5.3,400,300
7056,2022/10/19 10:11,131.4198725,47.02879883,5210611.97,455901.5897,5.72268,11.8,TRUE,5.3,400,300
7057,2022/10/19 10:11,131.4198775,47.0288535,5210618.045,455902.0148,5.59304,2.3,TRUE,5.3,400,300
7058,2022/10/19 10:11,131.4198853,47.028914,5210624.767,455902.6575,5.88936,7.3,TRUE,5.3,400,300
7059,2022/10/19 10:11,131.4198845,47.028973,5210631.326,455902.6453,5.61156,9.2,TRUE,5.3,400,300
7060,2022/10/19 10:11,131.419894,47.02902983,5210637.639,455903.4142,4.64852,2.6,TRUE,5.3,400,300
7061,2022/10/19 10:11,131.419907,47.0290935,5210644.71,455904.4549,4.42628,12.9,TRUE,5.3,400,300
7062,2022/10/19 10:11,131.4199135,47.029138,5210649.653,455904.9856,6.46348,13.6,TRUE,5.3,400,300
7063,2022/10/19 10:11,131.4199317,47.029195,5210655.98,455906.416,5.85232,5.8,TRUE,5.3,400,300
7064,2022/10/19 10:11,131.4199407,47.02924733,5210661.792,455907.1432,4.87076,6.3,TRUE,5.3,400,300
7065,2022/10/19 10:12,131.4199517,47.0292905,5210666.585,455908.0149,5.31524,9.9,TRUE,5.3,400,300
7066,2022/10/19 10:12,131.4199585,47.02934917,5210673.104,455908.5801,5.59304,7.1,TRUE,5.3,400,300
7067,2022/10/19 10:12,131.4199668,47.02939683,5210678.398,455909.2503,4.14848,16.6,TRUE,5.3,400,300
7068,2022/10/19 10:12,131.4199737,47.02943783,5210682.952,455909.8086,2.90764,357,TRUE,5.3,400,300
7069,2022/10/19 10:12,131.4199687,47.0294775,5210687.365,455909.4612,6.25976,332.7,FALSE,5.3,0,300
7070,2022/10/19 10:12,131.4199065,47.02951783,5210691.883,455904.7663,5.63008,274.1,FALSE,5.3,0,300
7071,2022/10/19 10:12,131.4198162,47.02952767,5210693.028,455897.9104,5.20412,236,FALSE,5.3,0,300
7072,2022/10/19 10:12,131.419736,47.029517,5210691.887,455891.8053,5.59304,201.6,FALSE,5.3,0,300
7073,2022/10/19 10:12,131.4197168,47.02950067,5210690.082,455890.3324,4.00032,181.6,TRUE,5.3,400,300
7074,2022/10/19 10:12,131.419691,47.02943183,5210682.444,455888.3145,4.24108,191.8,TRUE,5.3,400,300
7075,2022/10/19 10:12,131.4196945,47.02938,5210676.68,455888.5378,3.40768,187.9,TRUE,5.3,400,300
7076,2022/10/19 10:12,131.4196922,47.02934967,5210673.309,455888.338,2.2224,185.8,TRUE,5.3,400,300
7077,2022/10/19 10:12,131.4196853,47.0293135,5210669.292,455887.7837,4.46332,186,TRUE,5.3,400,300
7078,2022/10/19 10:12,131.4196703,47.02925167,5210662.427,455886.5926,5.81528,185.7,TRUE,5.3,400,300
7079,2022/10/19 10:12,131.4196615,47.02919,5210655.576,455885.8728,4.66704,189,TRUE,5.3,400,300
7080,2022/10/19 10:13,131.4196453,47.0291485,5210650.972,455884.6072,4.59296,195.7,TRUE,5.3,357,300
7081,2022/10/19 10:13,131.4196448,47.02908467,5210643.876,455884.5166,3.4262,187.6,TRUE,5.3,400,300
7082,2022/10/19 10:13,131.4196398,47.02903883,5210638.783,455884.0987,5.66712,190.4,TRUE,5.3,400,300
7083,2022/10/19 10:13,131.4196245,47.028978,5210632.029,455882.8856,6.53756,191.5,TRUE,5.3,400,300
7084,2022/10/19 10:13,131.4196158,47.0289205,5210625.641,455882.1769,2.94468,196.5,TRUE,5.3,400,300
7085,2022/10/19 10:13,131.4196162,47.02888933,5210622.176,455882.1816,2.75948,179.4,TRUE,5.3,400,300
7086,2022/10/19 10:13,131.4196118,47.02884967,5210617.769,455881.8145,4.98188,189,TRUE,5.3,400,300
7087,2022/10/19 10:13,131.4196008,47.02879267,5210611.439,455880.9313,6.25976,190.1,TRUE,5.3,400,300
7088,2022/10/19 10:13,131.4195865,47.0287275,5210604.202,455879.7906,5.4634,187.7,TRUE,5.3,400,300
7089,2022/10/19 10:13,131.419579,47.02867467,5210598.333,455879.177,3.8892,194.1,TRUE,5.3,400,300
7090,2022/10/19 10:13,131.4195712,47.02861817,5210592.056,455878.5375,5.11152,183.4,TRUE,5.3,400,300
7091,2022/10/19 10:13,131.4195655,47.02856017,5210585.611,455878.0564,4.83372,186.9,TRUE,5.3,400,300
7092,2022/10/19 10:13,131.4195672,47.028508,5210579.811,455878.1427,5.20412,185.1,TRUE,5.3,400,300
7093,2022/10/19 10:13,131.4195533,47.02844883,5210573.24,455877.0373,5.50044,193.1,TRUE,5.3,400,300
7094,2022/10/19 10:13,131.4195512,47.02839733,5210567.516,455876.8352,5.57452,192,TRUE,5.3,400,300
7095,2022/10/19 10:14,131.419543,47.02834517,5210561.722,455876.1689,5.79676,186.7,TRUE,5.3,400,300
7096,2022/10/19 10:14,131.4195208,47.0282805,5210554.545,455874.4281,5.57452,184.6,TRUE,5.3,400,300
7097,2022/10/19 10:14,131.4195143,47.0282255,5210548.435,455873.8886,5.63008,190.4,TRUE,5.3,400,300
7098,2022/10/19 10:14,131.4195008,47.02815983,5210541.142,455872.8083,5.093,189.7,TRUE,5.3,400,300
7099,2022/10/19 10:14,131.4194898,47.02810583,5210535.144,455871.9276,5.68564,183.1,TRUE,5.3,400,300
7100,2022/10/19 10:14,131.4194775,47.02804183,5210528.036,455870.9399,6.46348,196.3,TRUE,5.3,400,300
7101,2022/10/19 10:14,131.4194697,47.02797533,5210520.648,455870.2921,5.33376,190.1,TRUE,5.3,400,300
7102,2022/10/19 10:14,131.4194612,47.027911,5210513.501,455869.593,5.85232,183,TRUE,5.3,400,300
7103,2022/10/19 10:14,131.4194543,47.02785767,5210507.576,455869.0245,3.96328,188.1,TRUE,5.3,400,300
7104,2022/10/19 10:14,131.4194553,47.02780267,5210501.461,455869.0552,6.1116,180.8,TRUE,5.3,400,300
7105,2022/10/19 10:14,131.4194482,47.02774583,5210495.146,455868.4686,6.16716,189.9,TRUE,5.3,400,300
7106,2022/10/19 10:14,131.419439,47.027683,5210488.167,455867.7175,5.63008,188.8,TRUE,5.3,400,300
7107,2022/10/19 10:14,131.4194312,47.027621,5210481.278,455867.0735,5.81528,193.8,TRUE,5.3,400,300
7108,2022/10/19 10:14,131.4194153,47.027562,5210474.728,455865.8162,5.94492,185.5,TRUE,5.3,400,300
7109,2022/10/19 10:14,131.4194047,47.02749533,5210467.323,455864.9554,5.90788,187,TRUE,5.3,400,300
7110,2022/10/19 10:15,131.4193947,47.027421,5210459.065,455864.134,6.13012,182.7,TRUE,5.3,400,300
7111,2022/10/19 10:15,131.4193885,47.02736067,5210452.361,455863.613,8.037681,187,TRUE,5.3,400,300
7112,2022/10/19 10:15,131.419374,47.02729083,5210444.605,455862.4531,3.31508,202.1,TRUE,5.3,400,300
7113,2022/10/19 10:15,131.4193757,47.02723883,5210438.824,455862.5395,7.14872,186.8,TRUE,5.3,376,300
7114,2022/10/19 10:15,131.4193645,47.02716267,5210430.363,455861.6253,7.00056,185.2,TRUE,5.3,400,300
7115,2022/10/19 10:15,131.4193532,47.027086,5210421.846,455860.7031,7.408,188.1,TRUE,5.3,400,300
7116,2022/10/19 10:15,131.4193378,47.02702083,5210414.61,455859.4787,5.72268,182,TRUE,5.3,400,300
7117,2022/10/19 10:15,131.4193297,47.0269555,5210407.351,455858.8092,5.20412,181,TRUE,5.3,400,300
7118,2022/10/19 10:15,131.4193192,47.026897,5210400.854,455857.9627,6.18568,189.8,TRUE,5.3,400,300
7119,2022/10/19 10:15,131.4193135,47.02683283,5210393.723,455857.4765,5.87084,188.1,TRUE,5.3,400,300
7120,2022/10/19 10:15,131.4193015,47.026767,5210386.412,455856.5101,6.44496,186.5,TRUE,5.3,400,300
7121,2022/10/19 10:15,131.4193,47.026707,5210379.742,455856.3466,5.556,187.8,TRUE,5.3,400,300
7122,2022/10/19 10:15,131.4192777,47.0266415,5210372.473,455854.5974,4.29664,188,TRUE,5.3,400,300
7123,2022/10/19 10:15,131.4192728,47.02662233,5210370.345,455854.2091,4.18552,203.3,TRUE,5.3,394,300
7124,2022/10/19 10:15,131.419264,47.02656633,5210364.124,455853.4939,6.72276,191.5,TRUE,5.3,400,300
7125,2022/10/19 10:16,131.419257,47.0265245,5210359.478,455852.9273,3.31508,192.4,TRUE,5.3,400,300
7126,2022/10/19 10:16,131.4192517,47.02648,5210354.534,455852.4877,6.27828,190.1,TRUE,5.3,400,300
7127,2022/10/19 10:16,131.4192438,47.0264245,5210348.368,455851.8414,2.70392,176.1,TRUE,5.3,400,300
7128,2022/10/19 10:16,131.4192435,47.02639467,5210345.052,455851.794,5.11152,181.9,TRUE,5.3,400,300
7129,2022/10/19 10:16,131.4192412,47.026348,5210339.865,455851.5807,4.27812,190,TRUE,5.3,397,300
7130,2022/10/19 10:16,131.4192355,47.02628,5210332.309,455851.0913,5.85232,191.1,TRUE,5.3,400,300
7131,2022/10/19 10:16,131.4192245,47.02621883,5210325.514,455850.2047,6.2042,183.3,TRUE,5.3,400,300
7132,2022/10/19 10:16,131.4192198,47.02616617,5210319.663,455849.804,3.241,187.7,TRUE,5.3,400,300
7133,2022/10/19 10:16,131.4192152,47.02612517,5210315.107,455849.4205,3.64844,193.1,TRUE,5.3,400,300
7134,2022/10/19 10:16,131.4192088,47.02608367,5210310.497,455848.8998,5.1856,187.6,TRUE,5.3,400,300
7135,2022/10/19 10:16,131.4191953,47.026033,5210304.872,455847.8317,4.77816,181.7,TRUE,5.3,400,300
7136,2022/10/19 10:16,131.4191843,47.02598167,5210299.172,455846.9532,5.07448,185,TRUE,5.3,400,300
7137,2022/10/19 10:16,131.419173,47.02592867,5210293.286,455846.0505,5.22264,187.5,TRUE,5.3,400,300
7138,2022/10/19 10:16,131.4191658,47.02587167,5210286.953,455845.4561,4.37072,180.7,TRUE,5.3,400,300
7139,2022/10/19 10:16,131.4191518,47.0258205,5210281.273,455844.3497,5.31524,192.4,TRUE,5.3,400,300
7140,2022/10/19 10:17,131.419151,47.025753,5210273.769,455844.2332,5.8338,184.8,TRUE,5.3,400,300
7141,2022/10/19 10:17,131.4191468,47.02570967,5210268.954,455843.8782,6.98204,187,TRUE,5.3,231,300
7142,2022/10/19 10:17,131.4191418,47.02564467,5210261.731,455843.4445,3.37064,186.8,TRUE,5.3,400,300
7143,2022/10/19 10:17,131.419149,47.0256155,5210258.484,455843.9678,6.24124,184.3,TRUE,5.3,400,300
7144,2022/10/19 10:17,131.4191312,47.02556633,5210253.028,455842.5741,4.74112,192.4,TRUE,5.3,400,300
7145,2022/10/19 10:17,131.4191217,47.02551917,5210247.791,455841.813,4.38924,187,TRUE,5.3,400,300
7146,2022/10/19 10:17,131.4191188,47.02546733,5210242.029,455841.5498,3.07432,184.1,TRUE,5.3,363,300
7147,2022/10/19 10:17,131.4191145,47.025415,5210236.214,455841.1798,4.70408,187.7,TRUE,5.3,400,300
7148,2022/10/19 10:17,131.419112,47.025364,5210230.546,455840.9477,4.14848,187.7,TRUE,5.3,400,300
7149,2022/10/19 10:17,131.4191073,47.02531633,5210225.249,455840.5511,3.7966,185.1,TRUE,5.3,400,300
7150,2022/10/19 10:17,131.4191032,47.0252685,5210219.934,455840.1999,3.87068,193.2,TRUE,5.3,400,300
7151,2022/10/19 10:17,131.4191037,47.02523,5210215.653,455840.2062,4.87076,176.1,TRUE,5.3,400,300
7152,2022/10/19 10:17,131.4191038,47.02518317,5210210.447,455840.1752,2.75948,173.7,TRUE,5.3,399,300
7153,2022/10/19 10:17,131.4191145,47.02513583,5210205.178,455840.9495,5.42636,185,TRUE,5.3,400,300
7154,2022/10/19 10:17,131.4190998,47.02508433,5210199.461,455839.7896,4.77816,193.4,TRUE,5.3,400,300
7155,2022/10/19 10:18,131.4190793,47.02504417,5210195.008,455838.198,2.9632,194.3,TRUE,5.3,400,300
7156,2022/10/19 10:18,131.4190648,47.02501183,5210191.421,455837.0691,4.77816,192.1,TRUE,5.3,400,300
7157,2022/10/19 10:18,131.4190523,47.0249505,5210184.61,455836.0682,4.18552,187.6,TRUE,5.3,400,300
7158,2022/10/19 10:18,131.4190457,47.02490283,5210179.314,455835.5272,4.9078,186.5,TRUE,5.3,400,300
7159,2022/10/19 10:18,131.4190375,47.0248545,5210173.946,455834.864,5.07448,188.1,TRUE,5.3,400,300
7160,2022/10/19 10:18,131.4190305,47.02480567,5210168.521,455834.2915,5.2782,187.3,TRUE,5.3,400,300
7161,2022/10/19 10:18,131.4190207,47.02475367,5210162.746,455833.5037,5.13004,187.7,TRUE,5.3,400,300
7162,2022/10/19 10:18,131.419011,47.02470467,5210157.304,455832.7258,5.59304,184.5,TRUE,5.3,400,300
7163,2022/10/19 10:18,131.418998,47.02464733,5210150.937,455831.6903,4.96336,189.4,TRUE,5.3,400,300
7164,2022/10/19 10:18,131.4189867,47.02460317,5210146.034,455830.7948,3.27804,197.1,TRUE,5.3,400,300
7165,2022/10/19 10:18,131.4189758,47.02456167,5210141.427,455829.932,3.9818,185.1,TRUE,5.3,400,300
7166,2022/10/19 10:18,131.4189728,47.0245155,5210136.296,455829.6658,3.3336,181.7,TRUE,5.3,400,300
7167,2022/10/19 10:18,131.4189713,47.02446917,5210131.146,455829.5136,5.24116,182.2,TRUE,5.3,400,300
7168,2022/10/19 10:18,131.4189647,47.0244175,5210125.405,455828.9692,3.3336,184.1,TRUE,5.3,400,300
7169,2022/10/19 10:18,131.4189808,47.02437383,5210120.541,455830.1571,4.5374,186.6,TRUE,5.3,400,300
7170,2022/10/19 10:19,131.4189858,47.02432283,5210114.869,455830.4952,4.98188,189,TRUE,5.3,400,300
7171,2022/10/19 10:19,131.418988,47.02428,5210110.106,455830.6271,4.42628,178.6,TRUE,5.3,400,300
7172,2022/10/19 10:19,131.4189917,47.02423233,5210104.805,455830.869,4.22256,176.9,TRUE,5.3,400,300
7173,2022/10/19 10:19,131.418984,47.02418233,5210099.25,455830.2424,4.8152,178.3,TRUE,5.3,400,300
7174,2022/10/19 10:19,131.4189828,47.024126,5210092.989,455830.1047,4.77816,184.3,TRUE,5.3,400,300
7175,2022/10/19 10:19,131.418978,47.024069,5210086.655,455829.6928,5.13004,183.3,TRUE,5.3,400,300
7176,2022/10/19 10:19,131.4189772,47.0240145,5210080.596,455829.5871,4.9078,182.1,TRUE,5.3,400,300
7177,2022/10/19 10:19,131.4189837,47.02395833,5210074.348,455830.0349,5.13004,180.1,TRUE,5.3,400,300
7178,2022/10/19 10:19,131.4189855,47.023906,5210068.53,455830.1285,4.70408,194.4,TRUE,5.3,400,300
7179,2022/10/19 10:19,131.4189795,47.02385067,5210062.382,455829.6268,4.98188,177.8,TRUE,5.3,400,300
7180,2022/10/19 10:19,131.4189788,47.02379067,5210055.712,455829.5241,5.20412,180.8,TRUE,5.3,400,300
7181,2022/10/19 10:19,131.41898,47.02373183,5210049.17,455829.5668,5.42636,178.9,TRUE,5.3,400,300
7182,2022/10/19 10:19,131.4189922,47.02367767,5210043.142,455830.4496,5.40784,183.1,TRUE,5.3,400,300
7183,2022/10/19 10:19,131.4189978,47.0236245,5210037.228,455830.8314,4.96336,177.9,TRUE,5.3,400,300
7184,2022/10/19 10:19,131.41899,47.02356733,5210030.877,455830.1913,5.2782,179.8,TRUE,5.3,400,300
7185,2022/10/19 10:20,131.4189817,47.02350917,5210024.416,455829.5123,4.59296,183.2,TRUE,5.3,400,300
7186,2022/10/19 10:20,131.4189745,47.023457,5210018.62,455828.9219,5.42636,182,TRUE,5.3,400,300
7187,2022/10/19 10:20,131.4189773,47.0233995,5210012.226,455829.0874,5.7412,177.5,TRUE,5.3,400,300
7188,2022/10/19 10:20,131.418986,47.0233835,5210010.443,455829.7356,0,0,FALSE,5.3,0,300
7189,2022/10/19 10:20,131.4189932,47.02342883,5210015.478,455830.3203,5.75972,22.2,FALSE,5.3,0,300
7190,2022/10/19 10:20,131.41905,47.02349183,5210022.45,455834.6904,10.63048,77.8,FALSE,5.3,0,300
7191,2022/10/19 10:20,131.4191177,47.02348767,5210021.949,455839.8337,0,105.5,FALSE,5.3,0,300
7192,2022/10/19 10:20,131.4190883,47.02350517,5210023.911,455837.613,4.22256,317.6,FALSE,5.3,0,300
7193,2022/10/19 10:20,131.4190572,47.02352767,5210026.43,455835.2673,3.35212,343.8,TRUE,5.3,229,300
7194,2022/10/19 10:20,131.4190575,47.02354583,5210028.449,455835.3051,3.07432,7,TRUE,5.3,400,300
7195,2022/10/19 10:20,131.4190688,47.02357883,5210032.111,455836.1913,3.9818,11.8,TRUE,5.3,400,300
7196,2022/10/19 10:20,131.419065,47.0236255,5210037.301,455835.9409,4.33368,7.6,TRUE,5.3,400,300
7197,2022/10/19 10:20,131.4190642,47.02367717,5210043.046,455835.9227,5.63008,5.9,TRUE,5.3,400,300
7198,2022/10/19 10:20,131.4190757,47.02372483,5210048.338,455836.8363,4.55592,1.8,TRUE,5.3,400,300
7199,2022/10/19 10:20,131.4190758,47.02377783,5210054.23,455836.8876,5.44488,9.1,TRUE,5.3,400,300
7200,2022/10/19 10:21,131.419083,47.02382767,5210059.767,455837.4761,3.25952,0.6,TRUE,5.3,400,300
7201,2022/10/19 10:21,131.4190898,47.02387867,5210065.433,455838.0351,6.14864,14.3,TRUE,5.3,400,300
7202,2022/10/19 10:21,131.419094,47.023932,5210071.359,455838.3983,5.53748,13.1,TRUE,5.3,400,300
7203,2022/10/19 10:21,131.4190938,47.02398233,5210076.954,455838.4247,4.40776,13,TRUE,5.3,400,300
7204,2022/10/19 10:21,131.4190952,47.024033,5210082.587,455838.5729,5.16708,7.2,TRUE,5.3,400,300
7205,2022/10/19 10:21,131.4191095,47.02408283,5210088.118,455839.7011,4.77816,6.5,TRUE,5.3,400,300
7206,2022/10/19 10:21,131.4191137,47.02413033,5210093.396,455840.0595,3.74104,6.3,TRUE,5.3,400,300
7207,2022/10/19 10:21,131.419121,47.02418117,5210099.044,455840.6564,5.44488,0.9,TRUE,5.3,400,300
7208,2022/10/19 10:21,131.4191258,47.02422133,5210103.506,455841.0544,3.64844,6.4,TRUE,5.3,400,300
7209,2022/10/19 10:21,131.4191372,47.0242685,5210108.744,455841.96,5.40784,6.6,TRUE,5.3,400,300
7210,2022/10/19 10:21,131.4191422,47.02432567,5210115.096,455842.3872,5.093,10.8,TRUE,5.3,400,300
7211,2022/10/19 10:21,131.419152,47.024381,5210121.242,455843.1779,5.556,3.7,TRUE,5.3,400,300
7212,2022/10/19 10:21,131.4191623,47.02442167,5210125.758,455843.9944,3.6114,10.9,TRUE,5.3,400,300
7213,2022/10/19 10:21,131.419167,47.02447133,5210131.276,455844.3927,5.53748,10,TRUE,5.3,400,300
7214,2022/10/19 10:21,131.4191757,47.02452933,5210137.719,455845.1019,4.68556,6.1,TRUE,5.3,400,300
7215,2022/10/19 10:22,131.4191842,47.02456517,5210141.698,455845.7776,4.12996,14.2,TRUE,5.3,400,300
7216,2022/10/19 10:22,131.419193,47.0246185,5210147.622,455846.4906,4.14848,1.1,TRUE,5.3,400,300
7217,2022/10/19 10:22,131.4191968,47.024657,5210151.9,455846.8112,5.63008,9.6,TRUE,5.3,400,300
7218,2022/10/19 10:22,131.4192047,47.02471817,5210158.696,455847.4622,4.9078,11.1,TRUE,5.3,400,300
7219,2022/10/19 10:22,131.4192155,47.0247635,5210163.729,455848.3206,3.8892,5.9,TRUE,5.3,400,300
7220,2022/10/19 10:22,131.4192223,47.024816,5210169.562,455848.8808,5.75972,0.4,TRUE,5.3,400,300
7221,2022/10/19 10:22,131.4192257,47.02486367,5210174.859,455849.1786,4.11144,12.1,TRUE,5.3,400,300
7222,2022/10/19 10:22,131.4192335,47.02490417,5210179.357,455849.8049,4.70408,7.1,TRUE,5.3,400,300
7223,2022/10/19 10:22,131.4192398,47.0249515,5210184.616,455850.3229,5.31524,6.6,TRUE,5.3,400,300
7224,2022/10/19 10:22,131.4192463,47.0250115,5210191.282,455850.8665,5.16708,12.2,TRUE,5.3,400,300
7225,2022/10/19 10:22,131.4192532,47.025064,5210197.115,455851.4343,2.90764,13.4,TRUE,5.3,400,300
7226,2022/10/19 10:22,131.4192582,47.02511333,5210202.596,455851.8551,6.18568,1.1,TRUE,5.3,400,300
7227,2022/10/19 10:22,131.4192607,47.02517083,5210208.987,455852.0925,2.88912,6.8,TRUE,5.3,400,300
7228,2022/10/19 10:22,131.4192647,47.025216,5210214.006,455852.4339,4.5374,7.7,TRUE,5.3,400,300
7229,2022/10/19 10:22,131.4192612,47.02526433,5210219.381,455852.2076,5.03744,12.4,TRUE,5.3,400,300
7230,2022/10/19 10:23,131.4192778,47.02531517,5210225.024,455853.5115,5.48192,8.4,TRUE,5.3,400,300
7231,2022/10/19 10:23,131.4192858,47.02536367,5210230.411,455854.1596,4.42628,10.6,TRUE,5.3,400,300
7232,2022/10/19 10:23,131.4193012,47.0254095,5210235.497,455855.3681,5.11152,10.2,TRUE,5.3,400,300
7233,2022/10/19 10:23,131.419311,47.02546433,5210241.587,455856.1583,4.98188,4.7,TRUE,5.3,400,300
7234,2022/10/19 10:23,131.419316,47.02551533,5210247.254,455856.5804,5.66712,4.2,TRUE,5.3,400,300
7235,2022/10/19 10:23,131.4193258,47.0255785,5210254.271,455857.3775,6.79684,8,TRUE,5.3,400,300
7236,2022/10/19 10:23,131.4193342,47.025642,5210261.326,455858.0684,5.48192,6.1,TRUE,5.3,400,300
7237,2022/10/19 10:23,131.4193423,47.02569667,5210267.399,455858.7292,5.093,4.9,TRUE,5.3,400,300
7238,2022/10/19 10:23,131.4193545,47.02575117,5210273.451,455859.7016,4.92632,5.8,TRUE,5.3,400,300
7239,2022/10/19 10:23,131.419376,47.02580233,5210279.126,455861.3782,4.38924,13.6,TRUE,5.3,400,300
7240,2022/10/19 10:23,131.419381,47.02584817,5210284.22,455861.7961,5.13004,15.3,TRUE,5.3,400,300
7241,2022/10/19 10:23,131.4193897,47.02589883,5210289.847,455862.4992,5.35228,7.2,TRUE,5.3,400,300
7242,2022/10/19 10:23,131.4193938,47.025953,5210295.866,455862.8555,5.24116,6.8,TRUE,5.3,400,300
7243,2022/10/19 10:23,131.419397,47.02601517,5210302.776,455863.15,5.50044,10.7,TRUE,5.3,400,300
7244,2022/10/19 10:23,131.4194022,47.0260625,5210308.035,455863.5843,5.2782,9.1,TRUE,5.3,400,300
7245,2022/10/19 10:24,131.4193935,47.02609883,5210312.079,455862.9529,1.74088,359.4,TRUE,5.3,400,300
7246,2022/10/19 10:24,131.4193927,47.02612667,5210315.174,455862.9151,4.74112,8.8,TRUE,5.3,400,300
7247,2022/10/19 10:24,131.4194028,47.026177,5210320.764,455863.7243,4.38924,8.4,TRUE,5.3,400,300
7248,2022/10/19 10:24,131.4194177,47.02622817,5210326.444,455864.8992,6.77832,6.7,TRUE,5.3,400,300
7249,2022/10/19 10:24,131.4194232,47.02629183,5210333.518,455865.3698,5.63008,358.6,TRUE,5.3,400,300
7250,2022/10/19 10:24,131.4194248,47.0263495,5210339.928,455865.5389,4.88928,7.4,TRUE,5.3,400,300
7251,2022/10/19 10:24,131.4194297,47.02640483,5210346.077,455865.957,5.11152,7.9,TRUE,5.3,400,300
7252,2022/10/19 10:24,131.4194332,47.02645233,5210351.355,455866.2622,5.16708,12.2,TRUE,5.3,400,300
7253,2022/10/19 10:24,131.4194388,47.02651083,5210357.856,455866.7361,5.05596,13,TRUE,5.3,400,300
7254,2022/10/19 10:24,131.4194525,47.02655983,5210363.295,455867.818,4.59296,9.5,TRUE,5.3,400,300
7255,2022/10/19 10:24,131.419464,47.02660167,5210367.94,455868.7267,4.167,7.4,TRUE,5.3,400,300
7256,2022/10/19 10:24,131.419479,47.02664817,5210373.101,455869.9053,8.07472,9.4,TRUE,5.3,400,300
7257,2022/10/19 10:24,131.4194818,47.026712,5210380.196,455870.1707,3.83364,21.1,TRUE,5.3,400,300
7258,2022/10/19 10:24,131.4194883,47.02676067,5210385.603,455870.7049,3.50028,1.1,TRUE,5.3,400,300
7259,2022/10/19 10:24,131.4194852,47.02679567,5210389.495,455870.4981,5.38932,11.9,TRUE,5.3,400,300
7260,2022/10/19 10:25,131.4194947,47.0268615,5210396.808,455871.2746,6.55608,17.8,TRUE,5.3,400,300
7261,2022/10/19 10:25,131.4195077,47.02692733,5210404.119,455872.317,3.40768,6.2,TRUE,5.3,400,300
7262,2022/10/19 10:25,131.4195148,47.0269885,5210410.916,455872.9072,5.85232,8.9,TRUE,5.3,400,300
7263,2022/10/19 10:25,131.4195183,47.02704367,5210417.047,455873.2187,5.53748,11.7,TRUE,5.3,400,300
7264,2022/10/19 10:25,131.4195245,47.02709633,5210422.898,455873.7334,4.85224,10.2,TRUE,5.3,400,300
7265,2022/10/19 10:25,131.4195312,47.02715667,5210429.602,455874.2925,5.29672,7.8,TRUE,5.3,400,300
7266,2022/10/19 10:25,131.419552,47.02720433,5210434.889,455875.9129,5.13004,10.5,TRUE,5.3,400,300
7267,2022/10/19 10:25,131.4195608,47.02726467,5210441.592,455876.6316,3.11136,353.2,TRUE,5.3,395,300
7268,2022/10/19 10:25,131.4195603,47.02732667,5210448.485,455876.6446,7.92656,359.8,TRUE,5.3,400,300
7269,2022/10/19 10:25,131.4195678,47.02736917,5210453.205,455877.2498,1.79644,6.2,TRUE,5.3,400,300
7270,2022/10/19 10:25,131.419584,47.02740283,5210456.938,455878.509,6.00048,7.1,TRUE,5.3,400,300
7271,2022/10/19 10:25,131.419613,47.027458,5210463.055,455880.759,5.05596,3.9,TRUE,5.3,400,300
7272,2022/10/19 10:25,131.4196272,47.02751033,5210468.865,455881.8815,4.85224,9.2,TRUE,5.3,400,300
7273,2022/10/19 10:25,131.4196373,47.02759567,5210478.346,455882.7196,5.33376,7.9,TRUE,5.3,400,300
7274,2022/10/19 10:26,131.4196277,47.02765983,5210485.485,455882.0427,4.63,7.2,TRUE,5.3,400,300
7275,2022/10/19 10:26,131.4196378,47.02770267,5210490.241,455882.8458,4.61148,10.5,TRUE,5.3,400,300
7276,2022/10/19 10:26,131.4196492,47.02775883,5210496.478,455883.7586,5.6486,6.4,TRUE,5.3,400,300
7277,2022/10/19 10:26,131.4196542,47.02781567,5210502.794,455884.1855,6.37088,7.1,TRUE,5.3,400,300
7278,2022/10/19 10:26,131.4196605,47.02787167,5210509.017,455884.7106,3.35212,19.3,TRUE,5.3,400,300
7279,2022/10/19 10:26,131.4196945,47.02794,5210516.594,455887.3514,5.4634,11.7,TRUE,5.3,400,300
7280,2022/10/19 10:26,131.419711,47.02799267,5210522.44,455888.6491,4.92632,5.9,TRUE,5.3,400,300
7281,2022/10/19 10:26,131.419703,47.02804683,5210528.465,455888.0856,5.24116,8.9,TRUE,5.3,400,300
7282,2022/10/19 10:26,131.4197113,47.02811333,5210535.853,455888.7713,5.4634,12.1,TRUE,5.3,400,300
7283,2022/10/19 10:26,131.4197095,47.0281725,5210542.432,455888.6832,6.00048,9.7,TRUE,5.3,400,300
7284,2022/10/19 10:26,131.4197188,47.02822733,5210548.523,455889.4353,5.59304,10,TRUE,5.3,400,300
7285,2022/10/19 10:26,131.419727,47.0282895,5210555.43,455890.1099,5.8338,9.6,TRUE,5.3,400,300
7286,2022/10/19 10:26,131.4197257,47.02835283,5210562.471,455890.0632,5.13004,8.6,TRUE,5.3,400,300
7287,2022/10/19 10:26,131.4197293,47.028404,5210568.157,455890.379,6.31532,11.7,TRUE,5.3,400,300
7288,2022/10/19 10:26,131.41974,47.02846517,5210574.952,455891.2428,5.94492,14.4,TRUE,5.3,400,300
7289,2022/10/19 10:27,131.4197533,47.02852583,5210581.688,455892.3038,4.59296,14,TRUE,5.3,400,300
7290,2022/10/19 10:27,131.4197573,47.02857883,5210587.578,455892.6515,5.90788,6.7,TRUE,5.3,400,300
7291,2022/10/19 10:27,131.4197727,47.02863783,5210594.128,455893.8707,5.48192,10.3,TRUE,5.3,400,300
7292,2022/10/19 10:27,131.419777,47.028696,5210600.592,455894.2455,5.70416,11.2,TRUE,5.3,400,300
7293,2022/10/19 10:27,131.4197958,47.0287595,5210607.641,455895.7269,5.96344,13.2,TRUE,5.3,400,300
7294,2022/10/19 10:27,131.4198057,47.028818,5210614.139,455896.5277,5.48192,13,TRUE,5.3,400,300
7295,2022/10/19 10:27,131.4198105,47.02887817,5210620.826,455896.9421,5.59304,10,TRUE,5.3,400,300
7296,2022/10/19 10:27,131.4198173,47.0289395,5210627.64,455897.5095,5.90788,12.6,TRUE,5.3,400,300
7297,2022/10/19 10:27,131.4198187,47.02899717,5210634.05,455897.6634,6.24124,9.6,TRUE,5.3,400,300
7298,2022/10/19 10:27,131.419833,47.0290465,5210639.526,455898.7911,4.01884,13.8,TRUE,5.3,400,300
7299,2022/10/19 10:27,131.4198503,47.02909167,5210644.538,455900.1433,3.4262,18.8,TRUE,5.3,400,300
7300,2022/10/19 10:27,131.4198645,47.02913367,5210649.199,455901.2573,5.1856,14.1,TRUE,5.3,400,300
7301,2022/10/19 10:27,131.4198748,47.029193,5210655.789,455902.0891,5.14856,5.7,TRUE,5.3,400,300
7302,2022/10/19 10:27,131.4198908,47.02924967,5210662.08,455903.352,5.29672,11.5,TRUE,5.3,400,300
7303,2022/10/19 10:27,131.419894,47.02930533,5210668.266,455903.6411,4.8152,17.7,TRUE,5.3,400,300
7304,2022/10/19 10:28,131.4199005,47.02935233,5210673.488,455904.1739,3.85216,20.9,TRUE,5.3,400,300
7305,2022/10/19 10:28,131.4199083,47.0293905,5210677.727,455904.7983,2.88912,17.2,TRUE,5.3,400,300
7306,2022/10/19 10:28,131.4199058,47.0293965,5210678.395,455904.6132,2.00016,6.9,TRUE,5.3,395,300
7307,2022/10/19 10:28,131.4199073,47.02943133,5210682.266,455904.7559,1.59272,29.3,TRUE,5.3,400,300
7308,2022/10/19 10:28,131.4199073,47.0294905,5210688.844,455904.8046,5.79676,335.1,TRUE,5.3,80,300
7309,2022/10/19 10:28,131.4198448,47.0295495,5210695.439,455900.1024,5.42636,279.2,FALSE,5.3,0,300
7310,2022/10/19 10:28,131.4197493,47.02956167,5210696.845,455892.8531,5.16708,244.7,TRUE,5.3,132,300
7311,2022/10/19 10:28,131.4196587,47.02954717,5210695.285,455885.9543,4.96336,204.5,TRUE,5.3,400,300
7312,2022/10/19 10:28,131.4196322,47.0295115,5210691.334,455883.9105,0,202.5,FALSE,5.3,0,300
7313,2022/10/19 10:28,131.4196303,47.02950333,5210690.427,455883.7594,3.68548,188.4,TRUE,5.3,370,300
7314,2022/10/19 10:28,131.4196212,47.0294505,5210684.559,455883.0241,4.00032,192,TRUE,5.3,400,300
7315,2022/10/19 10:28,131.419603,47.029399,5210678.844,455881.5982,3.59288,179.9,TRUE,5.3,400,300
7316,2022/10/19 10:28,131.4195813,47.02934633,5210673.001,455879.9053,3.01876,195.4,TRUE,5.3,400,300
7317,2022/10/19 10:28,131.4195743,47.02929217,5210666.983,455879.3286,3.11136,194.4,TRUE,5.3,400,300
7318,2022/10/19 10:28,131.419574,47.02924283,5210661.498,455879.2651,4.03736,196.7,TRUE,5.3,400,300
7319,2022/10/19 10:29,131.4195708,47.02920783,5210657.609,455878.993,4.87076,193.6,TRUE,5.3,400,300
7320,2022/10/19 10:29,131.419565,47.02915483,5210651.721,455878.5085,2.70392,198.3,TRUE,5.3,400,300
7321,2022/10/19 10:29,131.4195363,47.02908667,5210644.159,455876.2707,4.09292,198,TRUE,5.3,400,300
7322,2022/10/19 10:29,131.419529,47.02906883,5210642.18,455875.7011,0,0,FALSE,5.3,0,300
7323,2022/10/19 10:29,131.419535,47.02903733,5210638.675,455876.1312,5.48192,187.4,TRUE,5.3,400,300
7324,2022/10/19 10:29,131.4195267,47.028977,5210631.973,455875.4506,4.98188,189.6,TRUE,5.3,400,300
7325,2022/10/19 10:29,131.4195308,47.028927,5210626.412,455875.721,5.75972,191.2,TRUE,5.3,400,300
7326,2022/10/19 10:29,131.4195347,47.02886317,5210619.313,455875.9649,6.46348,184.1,TRUE,5.3,400,300
7327,2022/10/19 10:29,131.4195163,47.028784,5210610.522,455874.5009,6.55608,185.7,TRUE,5.3,400,300
7328,2022/10/19 10:29,131.4195173,47.0287305,5210604.574,455874.5329,6.37088,192.5,TRUE,5.3,400,300
7329,2022/10/19 10:29,131.4195092,47.028672,5210598.075,455873.8689,5.31524,186.4,TRUE,5.3,400,300
7330,2022/10/19 10:29,131.4195023,47.028608,5210590.964,455873.2917,6.37088,195.4,TRUE,5.3,400,300
7331,2022/10/19 10:29,131.4194855,47.028541,5210583.525,455871.9594,5.94492,187.4,TRUE,5.3,400,300
7332,2022/10/19 10:29,131.4194805,47.02847583,5210576.283,455871.5256,5.9264,185.9,TRUE,5.3,400,300
7333,2022/10/19 10:29,131.419473,47.02841367,5210569.377,455870.9043,6.05604,190.7,TRUE,5.3,400,300
7334,2022/10/19 10:30,131.4194545,47.02835267,5210562.606,455869.4477,5.85232,189.3,TRUE,5.3,400,300
7335,2022/10/19 10:30,131.4194428,47.02828783,5210555.404,455868.5049,6.27828,181.6,TRUE,5.3,400,300
7336,2022/10/19 10:30,131.4194292,47.02822367,5210548.279,455867.4182,5.9264,189.8,TRUE,5.3,400,300
7337,2022/10/19 10:30,131.4194258,47.02816367,5210541.611,455867.1103,5.96344,177.4,TRUE,5.3,400,300
7338,2022/10/19 10:30,131.4194115,47.02810067,5210534.615,455865.9713,6.019,189.3,TRUE,5.3,400,300
7339,2022/10/19 10:30,131.419401,47.028043,5210528.21,455865.1256,5.6486,184.1,TRUE,5.3,400,300
7340,2022/10/19 10:30,131.4193945,47.02798033,5210521.246,455864.5799,4.46332,187.7,TRUE,5.3,400,300
7341,2022/10/19 10:30,131.4193812,47.027921,5210514.658,455863.5199,5.9264,189.7,TRUE,5.3,400,300
7342,2022/10/19 10:30,131.4193778,47.02787267,5210509.287,455863.2216,5.42636,186.9,TRUE,5.3,400,300
7343,2022/10/19 10:30,131.4193672,47.0278065,5210501.937,455862.3613,4.38924,196.4,TRUE,5.3,400,300
7344,2022/10/19 10:30,131.4193523,47.02775017,5210495.683,455861.1822,5.31524,187.4,TRUE,5.3,400,300
7345,2022/10/19 10:30,131.4193507,47.0276945,5210489.495,455861.0147,4.24108,188.8,TRUE,5.3,400,300
7346,2022/10/19 10:30,131.4193332,47.02763517,5210482.909,455859.6355,5.29672,191.6,TRUE,5.3,400,300
7347,2022/10/19 10:30,131.4193178,47.02757433,5210476.154,455858.4147,5.88936,186.7,TRUE,5.3,400,300
7348,2022/10/19 10:30,131.4193247,47.02752617,5210470.796,455858.8995,5.22264,180.2,TRUE,5.3,400,300
7349,2022/10/19 10:31,131.4193173,47.02746183,5210463.648,455858.284,5.90788,196.3,TRUE,5.3,400,300
7350,2022/10/19 10:31,131.4193183,47.02740417,5210457.237,455858.3124,5.85232,187.8,TRUE,5.3,400,300
7351,2022/10/19 10:31,131.4193077,47.02734483,5210450.646,455857.4577,6.16716,184.6,TRUE,5.3,400,300
7352,2022/10/19 10:31,131.419303,47.02728033,5210443.478,455857.0473,5.33376,190.7,TRUE,5.3,400,300
7353,2022/10/19 10:31,131.4192845,47.02721817,5210436.578,455855.5897,5.96344,183.1,TRUE,5.3,400,300
7354,2022/10/19 10:31,131.4192815,47.02715183,5210429.205,455855.307,5.77824,190.8,TRUE,5.3,400,300
7355,2022/10/19 10:31,131.4192765,47.02708883,5210422.204,455854.8749,6.13012,186.3,TRUE,5.3,400,300
7356,2022/10/19 10:31,131.4192673,47.02702433,5210415.038,455854.1224,6.46348,189.3,TRUE,5.3,400,300
7357,2022/10/19 10:31,131.4192532,47.02695933,5210407.82,455852.997,6.019,190.9,TRUE,5.3,400,300
7358,2022/10/19 10:31,131.4192402,47.02689533,5210400.713,455851.956,5.98196,188.3,TRUE,5.3,400,300
7359,2022/10/19 10:31,131.4192295,47.02683367,5210393.864,455851.0917,5.8338,184.5,TRUE,5.3,400,300
7360,2022/10/19 10:31,131.4192158,47.0267625,5210385.96,455849.9916,5.57452,182.4,TRUE,5.3,400,300
7361,2022/10/19 10:31,131.4192027,47.02669583,5210378.555,455848.9408,6.68572,190.8,TRUE,5.3,370,300
7362,2022/10/19 10:31,131.4191862,47.02662233,5210370.393,455847.6259,4.79668,188.4,TRUE,5.3,400,300
7363,2022/10/19 10:31,131.4191665,47.026562,5210363.698,455846.0786,6.92648,188.2,TRUE,5.3,400,300
7364,2022/10/19 10:32,131.4191678,47.02649783,5210356.563,455846.1245,6.83388,189.7,TRUE,5.3,400,300
7365,2022/10/19 10:32,131.4191635,47.0264335,5210349.414,455845.7446,5.81528,189.9,TRUE,5.3,400,300
7366,2022/10/19 10:32,131.4191552,47.02637167,5210342.545,455845.0627,5.9264,188.4,TRUE,5.3,400,300
7367,2022/10/19 10:32,131.4191477,47.0263115,5210335.86,455844.4429,6.24124,187.5,TRUE,5.3,400,300
7368,2022/10/19 10:32,131.4191372,47.02624633,5210328.621,455843.591,5.94492,189.8,TRUE,5.3,400,300
7369,2022/10/19 10:32,131.4191293,47.026181,5210321.362,455842.9365,6.019,186.7,TRUE,5.3,400,300
7370,2022/10/19 10:32,131.419122,47.0261155,5210314.085,455842.3276,6.05604,190.3,TRUE,5.3,400,300
7371,2022/10/19 10:32,131.4191065,47.02605333,5210307.182,455841.098,6.25976,188.4,TRUE,5.3,400,300
7372,2022/10/19 10:32,131.4190933,47.02599183,5210300.353,455840.0439,6.2042,182.5,TRUE,5.3,400,300
7373,2022/10/19 10:32,131.4190852,47.02592983,5210293.465,455839.377,6.482,188,TRUE,5.3,400,300
7374,2022/10/19 10:32,131.4190662,47.02586333,5210286.082,455837.8778,6.2968,191,TRUE,5.3,400,300
7375,2022/10/19 10:32,131.4190633,47.025805,5210279.599,455837.6092,6.40792,191.2,TRUE,5.3,400,300
7376,2022/10/19 10:32,131.4190593,47.025742,5210272.598,455837.2532,4.55592,193.2,TRUE,5.3,400,300
7377,2022/10/19 10:32,131.4190558,47.0256795,5210265.652,455836.9356,6.55608,182.9,TRUE,5.3,400,300
7378,2022/10/19 10:32,131.4190438,47.02561433,5210258.413,455835.9696,6.63016,189,TRUE,5.3,400,300
7379,2022/10/19 10:33,131.4190362,47.02555117,5210251.396,455835.3397,5.7412,189.5,TRUE,5.3,400,300
7380,2022/10/19 10:33,131.4190245,47.0254835,5210243.88,455834.3945,6.33384,185.4,TRUE,5.3,400,300
7381,2022/10/19 10:33,131.4190245,47.02541983,5210236.802,455834.342,6.40792,187.3,TRUE,5.3,400,300
7382,2022/10/19 10:33,131.4190192,47.02535817,5210229.95,455833.8882,5.05596,185.9,TRUE,5.3,400,300
7383,2022/10/19 10:33,131.4190175,47.02530567,5210224.114,455833.7157,5.20412,190.4,TRUE,5.3,400,300
7384,2022/10/19 10:33,131.4190072,47.02524883,5210217.801,455832.8858,4.77816,188.8,TRUE,5.3,400,300
7385,2022/10/19 10:33,131.4189983,47.025217,5210214.268,455832.183,2.09276,183.8,TRUE,5.3,400,300
7386,2022/10/19 10:33,131.4189943,47.02519517,5210211.843,455831.8609,2.61132,195.3,TRUE,5.3,400,300
7387,2022/10/19 10:33,131.4189997,47.025188,5210211.043,455832.2655,0,0,FALSE,5.3,0,300
7388,2022/10/19 10:33,131.4190007,47.02519983,5210212.357,455832.3513,6.07456,357.7,FALSE,5.3,0,300
7389,2022/10/19 10:33,131.419036,47.02525883,5210218.897,455835.0834,5.35228,49.4,FALSE,5.3,0,300
7390,2022/10/19 10:33,131.419099,47.02528333,5210221.585,455839.8929,0.20372,75.4,FALSE,5.3,0,300
7391,2022/10/19 10:33,131.419055,47.02529017,5210222.37,455836.5536,3.40768,296.5,FALSE,5.3,0,300
7392,2022/10/19 10:33,131.4190327,47.02531267,5210224.884,455834.877,3.241,343.2,FALSE,5.3,0,300
7393,2022/10/19 10:33,131.4190245,47.02531767,5210225.444,455834.2577,0,28.3,FALSE,5.3,0,300
7394,2022/10/19 10:34,131.4190307,47.02527067,5210220.216,455834.6903,4.74112,171.8,FALSE,5.3,0,300
7395,2022/10/19 10:34,131.419019,47.02521717,5210214.275,455833.7567,3.18544,196.6,FALSE,5.3,0,300
7396,2022/10/19 10:34,131.4190135,47.02519367,5210211.665,455833.3192,1.62976,185.9,FALSE,5.3,0,300
7397,2022/10/19 10:34,131.4190155,47.02519433,5210211.738,455833.4718,0,0,FALSE,5.3,0,300
7398,2022/10/19 10:34,131.4190198,47.02519717,5210212.051,455833.801,0,0,FALSE,5.3,0,300
7399,2022/10/19 10:34,131.4190398,47.02523983,5210216.782,455835.3566,5.25968,357.4,TRUE,5.3,400,300
7400,2022/10/19 10:34,131.4190567,47.025287,5210222.017,455836.6803,4.0744,3.4,TRUE,5.3,400,300
7401,2022/10/19 10:34,131.419059,47.02533733,5210227.611,455836.8966,4.8152,0.2,TRUE,5.3,400,300
7402,2022/10/19 10:34,131.4190542,47.02539117,5210233.599,455836.5761,5.093,6.4,TRUE,5.3,400,300
7403,2022/10/19 10:34,131.4190522,47.02544367,5210239.436,455836.4674,5.03744,358.7,TRUE,5.3,400,300
7404,2022/10/19 10:34,131.4190502,47.0254925,5210244.866,455836.3556,4.57444,1.9,TRUE,5.3,400,300
7405,2022/10/19 10:34,131.4190422,47.02553983,5210250.132,455835.7865,4.7226,5.8,TRUE,5.3,400,300
7406,2022/10/19 10:34,131.4190392,47.0255905,5210255.767,455835.6002,4.167,6.8,TRUE,5.3,400,300
7407,2022/10/19 10:34,131.4190453,47.02562833,5210259.969,455836.0952,4.09292,9.1,TRUE,5.3,400,300
7408,2022/10/19 10:34,131.4190513,47.0256545,5210262.875,455836.5729,4.20404,9.3,TRUE,5.3,400,300
7409,2022/10/19 10:35,131.4190483,47.0257025,5210268.213,455836.3844,6.31532,14.9,TRUE,5.3,400,300
7410,2022/10/19 10:35,131.4190597,47.02575883,5210274.469,455837.2975,4.85224,8.6,TRUE,5.3,400,300
7411,2022/10/19 10:35,131.4190697,47.02580433,5210279.521,455838.0952,3.81512,8,TRUE,5.3,400,300
7412,2022/10/19 10:35,131.4191033,47.02583533,5210282.949,455840.675,2.85208,20.3,TRUE,5.3,400,300
7413,2022/10/19 10:35,131.4191185,47.0258725,5210287.072,455841.8611,5.14856,9.2,TRUE,5.3,400,300
7414,2022/10/19 10:35,131.4191233,47.0259265,5210293.073,455842.2706,4.79668,9.9,TRUE,5.3,400,300
7415,2022/10/19 10:35,131.4191297,47.02598733,5210299.832,455842.8072,6.16716,14.2,TRUE,5.3,400,300
7416,2022/10/19 10:35,131.419136,47.0260435,5210306.073,455843.3325,5.6486,7,TRUE,5.3,400,300
7417,2022/10/19 10:35,131.419127,47.0261055,5210312.97,455842.6994,5.59304,3.2,TRUE,5.3,400,300
7418,2022/10/19 10:35,131.419132,47.02616,5210319.026,455843.1245,5.29672,5.4,TRUE,5.3,400,300
7419,2022/10/19 10:35,131.4191383,47.0262135,5210324.97,455843.6475,4.38924,7.7,TRUE,5.3,400,300
7420,2022/10/19 10:35,131.4191548,47.02626067,5210330.205,455844.9407,5.61156,16.7,TRUE,5.3,400,300
7421,2022/10/19 10:35,131.419154,47.0263125,5210335.968,455844.9226,4.03736,8.3,TRUE,5.3,400,300
7422,2022/10/19 10:35,131.419145,47.02636383,5210341.679,455844.2808,5.3708,9.3,TRUE,5.3,400,300
7423,2022/10/19 10:35,131.4191573,47.02643117,5210349.158,455845.2714,5.59304,6.9,TRUE,5.3,400,300
7424,2022/10/19 10:36,131.419167,47.02648867,5210355.545,455846.0562,5.85232,2.4,TRUE,5.3,400,300
7425,2022/10/19 10:36,131.4191753,47.026545,5210361.803,455846.7336,5.51896,7.3,TRUE,5.3,400,300
7426,2022/10/19 10:36,131.4191722,47.02659783,5210367.678,455846.5415,4.20404,6,TRUE,5.3,400,300
7427,2022/10/19 10:36,131.4191783,47.02665667,5210374.216,455847.0537,6.55608,18.5,TRUE,5.3,400,300
7428,2022/10/19 10:36,131.4191793,47.026717,5210380.922,455847.1795,4.94484,8,TRUE,5.3,400,300
7429,2022/10/19 10:36,131.4191887,47.02677267,5210387.106,455847.9399,7.408,3.1,TRUE,5.3,400,300
7430,2022/10/19 10:36,131.4192042,47.02681383,5210391.673,455849.1521,4.74112,5.7,TRUE,5.3,400,300
7431,2022/10/19 10:36,131.4192132,47.02686017,5210396.819,455849.8745,3.92624,7.3,TRUE,5.3,400,300
7432,2022/10/19 10:36,131.4192167,47.02690283,5210401.56,455850.1757,4.98188,9.2,TRUE,5.3,400,300
7433,2022/10/19 10:36,131.4192288,47.0269605,5210407.964,455851.1431,5.72268,12.3,TRUE,5.3,400,300
7434,2022/10/19 10:36,131.4192373,47.02702267,5210414.871,455851.8405,6.2968,15.2,TRUE,5.3,400,300
7435,2022/10/19 10:36,131.419246,47.02708117,5210421.369,455852.5501,5.61156,14,TRUE,5.3,400,300
7436,2022/10/19 10:36,131.4192573,47.02714267,5210428.2,455853.4598,6.42644,7.7,TRUE,5.3,400,300
7437,2022/10/19 10:36,131.4192532,47.02719767,5210434.317,455853.1935,6.3894,12.2,TRUE,5.3,400,300
7438,2022/10/19 10:36,131.4192605,47.027258,5210441.02,455853.7981,5.33376,7.1,TRUE,5.3,400,300
7439,2022/10/19 10:37,131.4192635,47.02730683,5210446.446,455854.0665,6.22272,13.5,TRUE,5.3,400,300
7440,2022/10/19 10:37,131.4192858,47.02736033,5210452.382,455855.8057,3.37064,16.3,TRUE,5.3,400,300
7441,2022/10/19 10:37,131.4192977,47.0274455,5210461.843,455856.7806,5.70416,10.7,TRUE,5.3,400,300
7442,2022/10/19 10:37,131.4193007,47.0275075,5210468.734,455857.0597,5.40784,357.9,TRUE,5.3,400,300
7443,2022/10/19 10:37,131.4193172,47.02756733,5210475.376,455858.3633,5.90788,1.2,TRUE,5.3,400,300
7444,2022/10/19 10:37,131.4193303,47.0276275,5210482.058,455859.4088,6.2042,11.5,TRUE,5.3,400,300
7445,2022/10/19 10:37,131.4193407,47.02768833,5210488.815,455860.2495,4.94484,13.8,TRUE,5.3,400,300
7446,2022/10/19 10:37,131.4193432,47.02774017,5210494.576,455860.4822,5.68564,16.6,TRUE,5.3,400,300
7447,2022/10/19 10:37,131.4193573,47.02778983,5210500.089,455861.595,6.03752,6,TRUE,5.3,400,300
7448,2022/10/19 10:37,131.4193583,47.027851,5210506.889,455861.7215,5.53748,12.9,TRUE,5.3,400,300
7449,2022/10/19 10:37,131.4193683,47.02789967,5210512.294,455862.5217,5.13004,9.4,TRUE,5.3,400,300
7450,2022/10/19 10:37,131.41937,47.02795783,5210518.759,455862.6989,6.40792,9.8,TRUE,5.3,400,300
7451,2022/10/19 10:37,131.4193772,47.02802417,5210526.13,455863.3009,5.14856,9.4,TRUE,5.3,400,300
7452,2022/10/19 10:37,131.4193908,47.02808583,5210532.977,455864.3856,5.90788,14.6,TRUE,5.3,400,300
7453,2022/10/19 10:37,131.4193992,47.02813883,5210538.864,455865.0678,5.07448,6.8,TRUE,5.3,400,300
7454,2022/10/19 10:38,131.4194155,47.02819467,5210545.063,455866.3529,5.50044,2.7,TRUE,5.3,400,300
7455,2022/10/19 10:38,131.4194197,47.028246,5210550.767,455866.7144,5.66712,1.3,TRUE,5.3,400,300
7456,2022/10/19 10:38,131.419421,47.0283035,5210557.158,455866.8607,5.57452,5.2,TRUE,5.3,400,300
7457,2022/10/19 10:38,131.41943,47.028359,5210563.323,455867.5905,5.90788,4.2,TRUE,5.3,400,300
7458,2022/10/19 10:38,131.4194348,47.02841233,5210569.249,455867.9994,5.9264,5.5,TRUE,5.3,400,300
7459,2022/10/19 10:38,131.4194443,47.02847383,5210576.081,455868.7722,5.35228,3.8,TRUE,5.3,400,300
7460,2022/10/19 10:38,131.419451,47.02852783,5210582.081,455869.326,5.22264,4.2,TRUE,5.3,400,300
7461,2022/10/19 10:38,131.4194567,47.02857267,5210587.062,455869.7963,5.9264,4.2,TRUE,5.3,400,300
7462,2022/10/19 10:38,131.41948,47.02863867,5210594.386,455871.6218,6.13012,9,TRUE,5.3,400,300
7463,2022/10/19 10:38,131.4194798,47.02869533,5210600.685,455871.6533,5.22264,3.9,TRUE,5.3,400,300
7464,2022/10/19 10:38,131.4194848,47.02875233,5210607.019,455872.0804,6.31532,4.6,TRUE,5.3,400,300
7465,2022/10/19 10:38,131.4194887,47.02881417,5210613.892,455872.4278,6.482,10.7,TRUE,5.3,400,300
7466,2022/10/19 10:38,131.4195005,47.02886567,5210619.611,455873.3672,5.72268,10.8,TRUE,5.3,400,300
7467,2022/10/19 10:38,131.4195133,47.0289275,5210626.477,455874.3912,6.00048,13.9,TRUE,5.3,400,300
7468,2022/10/19 10:38,131.419531,47.02899,5210633.415,455875.7881,5.98196,4.5,TRUE,5.3,400,300
7469,2022/10/19 10:39,131.419539,47.02905267,5210640.378,455876.4479,7.0376,8.5,TRUE,5.3,400,300
7470,2022/10/19 10:39,131.4195378,47.02911283,5210647.067,455876.4063,4.66704,3.9,TRUE,5.3,400,300
7471,2022/10/19 10:39,131.4195488,47.02917033,5210653.453,455877.2898,5.40784,2.8,TRUE,5.3,400,300
7472,2022/10/19 10:39,131.4195622,47.02922317,5210659.32,455878.3519,5.87084,8.1,TRUE,5.3,400,300
7473,2022/10/19 10:39,131.4195697,47.02928067,5210665.708,455878.9694,4.20404,2.9,TRUE,5.3,400,300
7474,2022/10/19 10:39,131.4195742,47.02932417,5210670.541,455879.3473,5.68564,6.7,TRUE,5.3,400,300
7475,2022/10/19 10:39,131.4195792,47.02938083,5210676.837,455879.7741,4.88928,7.8,TRUE,5.3,400,300
7476,2022/10/19 10:39,131.4195852,47.02942483,5210681.725,455880.2664,3.18544,354.9,TRUE,5.3,371,300
7477,2022/10/19 10:39,131.4195938,47.02946967,5210686.705,455880.9571,5.01892,6.8,TRUE,5.3,400,300
7478,2022/10/19 10:39,131.4196035,47.02952133,5210692.443,455881.737,3.37064,343.9,TRUE,5.3,200,300
7479,2022/10/19 10:39,131.4196205,47.02949967,5210690.025,455883.0114,6.55608,136.8,FALSE,5.3,0,300
7480,2022/10/19 10:39,131.4196953,47.02946483,5210686.11,455888.6685,3.7966,108.6,FALSE,5.3,0,300
7481,2022/10/19 10:39,131.4196477,47.02949833,5210689.861,455885.0779,5.05596,284.8,FALSE,5.3,0,300
7482,2022/10/19 10:39,131.4195432,47.02951383,5210691.643,455877.1472,5.33376,225.6,FALSE,5.3,0,300
7483,2022/10/19 10:39,131.4194747,47.02947267,5210687.106,455871.9063,5.05596,186.8,TRUE,5.3,268,300
7484,2022/10/19 10:40,131.419458,47.02943633,5210683.075,455870.6069,4.40776,187.4,TRUE,5.3,400,300
7485,2022/10/19 10:40,131.419451,47.02938517,5210677.392,455870.0327,5.29672,187.7,TRUE,5.3,400,300
7486,2022/10/19 10:40,131.4194522,47.02934667,5210673.111,455870.0922,3.6114,191.7,TRUE,5.3,400,300
7487,2022/10/19 10:40,131.4194502,47.02929767,5210667.665,455869.8997,4.24108,191,TRUE,5.3,400,300
7488,2022/10/19 10:40,131.4194492,47.02925033,5210662.403,455869.7847,3.1484,192.9,TRUE,5.3,400,300
7489,2022/10/19 10:40,131.4194442,47.0292085,5210657.755,455869.3702,4.40776,185.6,TRUE,5.3,400,300
7490,2022/10/19 10:40,131.4194325,47.02915183,5210651.462,455868.4341,2.75948,195.8,TRUE,5.3,400,300
7491,2022/10/19 10:40,131.4194275,47.0291355,5210649.649,455868.0406,0,0,FALSE,5.3,0,300
7492,2022/10/19 10:40,131.4194192,47.02908617,5210644.17,455867.369,5.7412,194.7,TRUE,5.3,400,300
7493,2022/10/19 10:40,131.4194082,47.02903483,5210638.468,455866.4905,4.94484,186.1,TRUE,5.3,400,300
7494,2022/10/19 10:40,131.4193963,47.02898483,5210632.917,455865.5447,5.77824,191.9,TRUE,5.3,400,300
7495,2022/10/19 10:40,131.4193905,47.02892267,5210626.009,455865.0526,6.05604,189.5,TRUE,5.3,400,300
7496,2022/10/19 10:40,131.419377,47.02886033,5210619.087,455863.975,5.16708,182.3,TRUE,5.3,400,300
7497,2022/10/19 10:40,131.4193678,47.028806,5210613.052,455863.2309,5.48192,190.2,TRUE,5.3,400,300
7498,2022/10/19 10:40,131.4193672,47.028744,5210606.16,455863.1341,5.59304,187.8,TRUE,5.3,400,300
7499,2022/10/19 10:41,131.4193597,47.02868767,5210599.902,455862.5176,5.75972,185.1,TRUE,5.3,400,300
7500,2022/10/19 10:41,131.419349,47.0286245,5210592.885,455861.6522,4.64852,188.9,TRUE,5.3,400,300
7501,2022/10/19 10:41,131.4193377,47.02857167,5210587.018,455860.7496,5.0004,186.3,TRUE,5.3,400,300
7502,2022/10/19 10:41,131.4193287,47.02851033,5210580.204,455860.0149,5.50044,191.2,TRUE,5.3,400,300
7503,2022/10/19 10:41,131.4193232,47.02845233,5210573.759,455859.549,5.59304,186.9,TRUE,5.3,400,300
7504,2022/10/19 10:41,131.4193152,47.0283965,5210567.557,455858.8949,5.50044,190.8,TRUE,5.3,400,300
7505,2022/10/19 10:41,131.4192993,47.0283425,5210561.563,455857.6417,6.019,190.1,TRUE,5.3,400,300
7506,2022/10/19 10:41,131.4192938,47.028283,5210554.951,455857.1746,6.07456,185.4,TRUE,5.3,400,300
7507,2022/10/19 10:41,131.419287,47.02822133,5210548.099,455856.6068,5.38932,178.4,TRUE,5.3,400,300
7508,2022/10/19 10:41,131.4192798,47.028164,5210541.73,455856.0122,5.90788,178.9,TRUE,5.3,400,300
7509,2022/10/19 10:41,131.419277,47.0281005,5210534.672,455855.747,5.9264,186.6,TRUE,5.3,400,300
7510,2022/10/19 10:41,131.4192615,47.02803817,5210527.751,455854.5174,5.57452,184.9,TRUE,5.3,400,300
7511,2022/10/19 10:41,131.4192545,47.027977,5210520.955,455853.9349,5.05596,189.7,TRUE,5.3,400,300
7512,2022/10/19 10:41,131.419244,47.02791867,5210514.476,455853.0886,5.07448,195.9,TRUE,5.3,400,300
7513,2022/10/19 10:41,131.4192358,47.0278775,5210509.904,455852.4313,3.85216,190.5,TRUE,5.3,361,300
7514,2022/10/19 10:42,131.4192325,47.02781733,5210503.217,455852.1309,4.59296,188.7,TRUE,5.3,400,300
7515,2022/10/19 10:42,131.4192195,47.02777533,5210498.555,455851.108,5.59304,184.6,TRUE,5.3,400,300
7516,2022/10/19 10:42,131.4192165,47.02771367,5210491.702,455850.8291,4.88928,186.2,TRUE,5.3,400,300
7517,2022/10/19 10:42,131.4192102,47.02765817,5210485.535,455850.3045,6.13012,189.7,TRUE,5.3,400,300
7518,2022/10/19 10:42,131.4191953,47.0276005,5210479.132,455849.1243,5.14856,186.9,TRUE,5.3,400,300
7519,2022/10/19 10:42,131.4191918,47.02754667,5210473.15,455848.8138,4.98188,181.7,TRUE,5.3,400,300
7520,2022/10/19 10:42,131.4191872,47.02749433,5210467.334,455848.421,5.11152,182.4,TRUE,5.3,400,300
7521,2022/10/19 10:42,131.4191735,47.02743633,5210460.894,455847.3317,5.1856,185.6,TRUE,5.3,400,300
7522,2022/10/19 10:42,131.4191643,47.02737983,5210454.618,455846.5858,4.48184,187.2,TRUE,5.3,400,300
7523,2022/10/19 10:42,131.4191627,47.02733967,5210450.154,455846.431,3.6114,183.5,TRUE,5.3,400,300
7524,2022/10/19 10:42,131.4191528,47.02729517,5210445.213,455845.6418,3.5188,180.8,TRUE,5.3,400,300
7525,2022/10/19 10:42,131.4191477,47.02724317,5210439.435,455845.2112,6.945,186.1,TRUE,5.3,400,300
7526,2022/10/19 10:42,131.4191465,47.0271865,5210433.135,455845.0732,3.55584,196.6,TRUE,5.3,400,300
7527,2022/10/19 10:42,131.4191353,47.02714817,5210428.88,455844.1902,5.50044,186,TRUE,5.3,400,300
7528,2022/10/19 10:42,131.419136,47.02708583,5210421.95,455844.192,6.87092,182.8,TRUE,5.3,400,300
7529,2022/10/19 10:43,131.419126,47.02702317,5210414.989,455843.3802,6.00048,185,TRUE,5.3,400,300
7530,2022/10/19 10:43,131.4191158,47.02697167,5210409.27,455842.5623,4.4448,197.5,TRUE,5.3,400,300
7531,2022/10/19 10:43,131.4191092,47.02691717,5210403.215,455842.0157,5.61156,188.5,TRUE,5.3,400,300
7532,2022/10/19 10:43,131.4191035,47.02685817,5210396.659,455841.5337,6.33384,187.6,TRUE,5.3,400,300
7533,2022/10/19 10:43,131.4190955,47.0268005,5210390.252,455840.878,5.85232,192.9,TRUE,5.3,400,300
7534,2022/10/19 10:43,131.4190827,47.02675017,5210384.664,455839.8635,1.14824,221.4,TRUE,5.3,400,300
7535,2022/10/19 10:43,131.4190797,47.026706,5210379.755,455839.599,7.44504,189.9,TRUE,5.3,400,300
7536,2022/10/19 10:43,131.419068,47.026652,5210373.759,455838.6651,2.38908,189.8,TRUE,5.3,400,300
7537,2022/10/19 10:43,131.419064,47.02662567,5210370.834,455838.3393,3.11136,183,TRUE,5.3,400,300
7538,2022/10/19 10:43,131.4190585,47.0265885,5210366.705,455837.8905,3.94476,195.3,TRUE,5.3,400,300
7539,2022/10/19 10:43,131.4190553,47.0265495,5210362.371,455837.6151,4.05588,185.6,TRUE,5.3,400,300
7540,2022/10/19 10:43,131.4190493,47.02650567,5210357.501,455837.1228,5.093,191.5,TRUE,5.3,400,300
7541,2022/10/19 10:43,131.4190368,47.0264455,5210350.819,455836.123,4.88928,184.4,TRUE,5.3,400,300
7542,2022/10/19 10:43,131.4190242,47.02639267,5210344.953,455835.1216,4.3522,190.4,TRUE,5.3,400,300
7543,2022/10/19 10:43,131.4190078,47.02634433,5210339.589,455833.835,4.9078,188.3,TRUE,5.3,400,300
7544,2022/10/19 10:44,131.4190068,47.02629183,5210333.753,455833.7157,5.94492,183.9,TRUE,5.3,400,300
7545,2022/10/19 10:44,131.4189938,47.02623233,5210327.145,455832.6784,5.0004,189.6,TRUE,5.3,400,300
7546,2022/10/19 10:44,131.418978,47.02618483,5210321.874,455831.4381,4.0744,177.8,TRUE,5.3,400,300
7547,2022/10/19 10:44,131.4189695,47.02613967,5210316.858,455830.7547,4.57444,187.5,TRUE,5.3,400,300
7548,2022/10/19 10:44,131.4189568,47.02609267,5210311.64,455829.7505,4.00032,183.9,TRUE,5.3,400,300
7549,2022/10/19 10:44,131.4189538,47.02605067,5210306.973,455829.4878,4.01884,190.4,TRUE,5.3,400,300
7550,2022/10/19 10:44,131.4189548,47.02600683,5210302.098,455829.5276,4.74112,183.5,TRUE,5.3,400,300
7551,2022/10/19 10:44,131.4189615,47.02595683,5210296.536,455829.9957,4.64852,185,TRUE,5.3,400,300
7552,2022/10/19 10:44,131.4189772,47.02591183,5210291.524,455831.1521,5.01892,181.1,TRUE,5.3,400,300
7553,2022/10/19 10:44,131.4189755,47.02586183,5210285.967,455830.9816,5.13004,180.4,TRUE,5.3,400,300
7554,2022/10/19 10:44,131.4189858,47.02581483,5210280.736,455831.7258,4.01884,170.5,TRUE,5.3,400,300
7555,2022/10/19 10:44,131.4189893,47.02576817,5210275.547,455831.9534,3.96328,173.3,TRUE,5.3,400,300
7556,2022/10/19 10:44,131.4189817,47.02571517,5210269.659,455831.332,5.29672,178.8,TRUE,5.3,400,300
7557,2022/10/19 10:44,131.418987,47.025667,5210264.301,455831.6951,4.11144,176.6,TRUE,5.3,400,300
7558,2022/10/19 10:44,131.418997,47.02566383,5210263.943,455832.4527,3.01876,356.6,TRUE,5.3,400,300
7559,2022/10/19 10:45,131.4189943,47.02571567,5210269.707,455832.2902,5.556,12.5,FALSE,5.3,0,300
7560,2022/10/19 10:45,131.4190485,47.0257605,5210274.661,455836.4474,5.51896,61.5,FALSE,5.3,0,300
7561,2022/10/19 10:45,131.4191093,47.02576733,5210275.386,455841.075,2.315,306.6,FALSE,5.3,0,300
7562,2022/10/19 10:45,131.4190677,47.0257845,5210277.318,455837.9268,4.18552,323.7,FALSE,5.3,0,300
7563,2022/10/19 10:45,131.4190452,47.02580817,5210279.962,455836.2359,3.59288,352.9,FALSE,5.3,0,300
7564,2022/10/19 10:45,131.4190403,47.02584083,5210283.596,455835.8903,5.14856,2.4,TRUE,5.3,400,300
7565,2022/10/19 10:45,131.4190477,47.02587317,5210287.187,455836.4795,5.42636,357.1,TRUE,5.3,400,300
7566,2022/10/19 10:45,131.419054,47.02592167,5210292.575,455836.9985,4.70408,5.8,TRUE,5.3,400,300
7567,2022/10/19 10:45,131.419062,47.025977,5210298.722,455837.6522,4.9078,5.6,TRUE,5.3,400,300
7568,2022/10/19 10:45,131.4190588,47.02604,5210305.727,455837.4609,5.25968,2.2,TRUE,5.3,400,300
7569,2022/10/19 10:45,131.419057,47.02609633,5210311.99,455837.3706,5.59304,357.9,TRUE,5.3,400,300
7570,2022/10/19 10:45,131.4190582,47.02615167,5210318.142,455837.5074,5.16708,11,TRUE,5.3,400,300
7571,2022/10/19 10:45,131.4190687,47.02620617,5210324.195,455838.3506,5.07448,2.1,TRUE,5.3,400,300
7572,2022/10/19 10:45,131.4190767,47.02626217,5210330.416,455839.0049,4.57444,10.2,TRUE,5.3,400,300
7573,2022/10/19 10:45,131.419081,47.02631317,5210336.083,455839.3739,4.33368,4.2,TRUE,5.3,400,300
7574,2022/10/19 10:46,131.419084,47.02636183,5210341.491,455839.642,4.61148,9.8,TRUE,5.3,400,300
7575,2022/10/19 10:46,131.4190697,47.02640333,5210346.113,455838.5892,4.98188,8.8,TRUE,5.3,400,300
7576,2022/10/19 10:46,131.4190517,47.02645567,5210351.942,455837.264,4.24108,6.3,TRUE,5.3,400,300
7577,2022/10/19 10:46,131.4190483,47.02650583,5210357.52,455837.047,4.96336,6.6,TRUE,5.3,400,300
7578,2022/10/19 10:46,131.4190437,47.02656067,5210363.619,455836.7425,4.51888,6.9,TRUE,5.3,400,300
7579,2022/10/19 10:46,131.4190432,47.0266055,5210368.603,455836.7415,4.63,3.1,TRUE,5.3,400,300
7580,2022/10/19 10:46,131.419054,47.0266405,5210372.488,455837.5913,4.22256,13.3,TRUE,5.3,400,300
7581,2022/10/19 10:46,131.4190547,47.02668683,5210377.638,455837.6828,3.77808,1.1,TRUE,5.3,400,300
7582,2022/10/19 10:46,131.4190537,47.02672233,5210381.585,455837.636,1.35196,5,TRUE,5.3,400,300
7583,2022/10/19 10:46,131.4190647,47.026753,5210384.989,455838.4975,3.8892,19.8,TRUE,5.3,368,300
7584,2022/10/19 10:46,131.4190757,47.02680117,5210390.338,455839.3734,4.33368,6.4,TRUE,5.3,400,300
7585,2022/10/19 10:46,131.4190772,47.02685233,5210396.024,455839.5297,3.87068,7.4,TRUE,5.3,400,300
7586,2022/10/19 10:46,131.4190802,47.02689883,5210401.192,455839.7961,4.7226,7.1,TRUE,5.3,400,300
7587,2022/10/19 10:46,131.4190793,47.02694383,5210406.195,455839.7648,5.63008,9.6,TRUE,5.3,400,300
7588,2022/10/19 10:46,131.4190868,47.02699,5210411.324,455840.373,4.66704,8.5,TRUE,5.3,400,300
7589,2022/10/19 10:47,131.4190953,47.0270365,5210416.488,455841.0575,4.5374,4.3,TRUE,5.3,400,300
7590,2022/10/19 10:47,131.4191035,47.0270875,5210422.154,455841.7229,3.53732,13.4,TRUE,5.3,400,300
7591,2022/10/19 10:47,131.4191278,47.02712367,5210426.161,455843.5999,3.87068,20.5,TRUE,5.3,400,300
7592,2022/10/19 10:47,131.4191562,47.02716317,5210430.536,455845.7914,6.90796,21.4,TRUE,5.3,394,300
7593,2022/10/19 10:47,131.4192082,47.02721517,5210436.288,455849.7871,6.2968,21.2,TRUE,5.3,400,300
7594,2022/10/19 10:47,131.4192177,47.02728917,5210444.509,455850.5703,6.8524,359.5,TRUE,5.3,400,300
7595,2022/10/19 10:47,131.419192,47.02734933,5210451.212,455848.6663,5.50044,350.4,TRUE,5.3,400,300
7596,2022/10/19 10:47,131.4191697,47.02740267,5210457.154,455847.0151,4.09292,359.5,TRUE,5.3,400,300
7597,2022/10/19 10:47,131.4191758,47.02744467,5210461.82,455847.5134,4.50036,8.1,TRUE,5.3,400,300
7598,2022/10/19 10:47,131.4191787,47.02748917,5210466.765,455847.7706,5.3708,9.8,TRUE,5.3,400,300
7599,2022/10/19 10:47,131.419179,47.027539,5210472.305,455847.8345,4.94484,8.7,TRUE,5.3,400,300
7600,2022/10/19 10:47,131.419192,47.02758767,5210477.708,455848.8628,4.92632,14.3,TRUE,5.3,400,300
7601,2022/10/19 10:47,131.4192057,47.02764533,5210484.11,455849.9518,4.83372,10,TRUE,5.3,400,300
7602,2022/10/19 10:47,131.419214,47.02769783,5210489.942,455850.626,4.88928,5.8,TRUE,5.3,400,300
7603,2022/10/19 10:47,131.4192155,47.027752,5210495.963,455850.7847,5.2782,3.4,TRUE,5.3,400,300
7604,2022/10/19 10:48,131.4192328,47.02779517,5210500.753,455852.1354,6.72276,10.5,TRUE,5.3,400,300
7605,2022/10/19 10:48,131.4192308,47.027861,5210508.072,455852.0376,3.07432,7.5,TRUE,5.3,400,300
7606,2022/10/19 10:48,131.4192333,47.02790933,5210513.444,455852.2675,6.00048,7.8,TRUE,5.3,379,300
7607,2022/10/19 10:48,131.419243,47.0279725,5210520.461,455853.057,4.9078,9.5,TRUE,5.3,400,300
7608,2022/10/19 10:48,131.4192468,47.0280525,5210529.353,455853.4118,5.75972,14.8,TRUE,5.3,400,300
7609,2022/10/19 10:48,131.419261,47.02810983,5210535.718,455854.5385,5.2782,1.4,TRUE,5.3,400,300
7610,2022/10/19 10:48,131.4192782,47.0281565,5210540.897,455855.8844,4.31516,11.2,TRUE,5.3,400,300
7611,2022/10/19 10:48,131.419288,47.02820917,5210546.747,455856.6728,5.63008,9.3,TRUE,5.3,400,300
7612,2022/10/19 10:48,131.4192848,47.0282625,5210552.677,455856.4735,5.96344,11.6,TRUE,5.3,400,300
7613,2022/10/19 10:48,131.4192858,47.02832067,5210559.143,455856.5975,5.96344,8.4,TRUE,5.3,400,300
7614,2022/10/19 10:48,131.4192945,47.02837783,5210565.493,455857.306,5.2782,7.5,TRUE,5.3,400,300
7615,2022/10/19 10:48,131.4193073,47.02843083,5210571.378,455858.3227,5.556,12.8,TRUE,5.3,400,300
7616,2022/10/19 10:48,131.4193233,47.02849567,5210578.577,455859.5924,5.31524,10.4,TRUE,5.3,400,300
7617,2022/10/19 10:48,131.419342,47.02854667,5210584.236,455861.0559,5.88936,11.9,TRUE,5.3,400,300
7618,2022/10/19 10:49,131.4193575,47.0286,5210590.156,455862.2781,5.25968,17.2,TRUE,5.3,400,300
7619,2022/10/19 10:49,131.4193663,47.0286585,5210596.655,455862.9953,6.09308,4,TRUE,5.3,400,300
7620,2022/10/19 10:49,131.419372,47.02871617,5210603.063,455863.4761,4.61148,13.8,TRUE,5.3,400,300
7621,2022/10/19 10:49,131.419381,47.02876267,5210608.227,455864.1985,5.51896,3.4,TRUE,5.3,400,300
7622,2022/10/19 10:49,131.4193875,47.02882033,5210614.634,455864.7402,4.70408,10.9,TRUE,5.3,400,300
7623,2022/10/19 10:49,131.4193983,47.0288715,5210620.316,455865.6033,6.1116,9.1,TRUE,5.3,400,300
7624,2022/10/19 10:49,131.4194172,47.0289265,5210626.42,455867.0853,5.42636,3.2,TRUE,5.3,400,300
7625,2022/10/19 10:49,131.419419,47.028987,5210633.145,455867.272,6.2042,12.7,TRUE,5.3,400,300
7626,2022/10/19 10:49,131.419418,47.0290455,5210639.649,455867.2442,4.42628,7.7,TRUE,5.3,400,300
7627,2022/10/19 10:49,131.4194192,47.02910917,5210646.727,455867.3879,6.27828,11.9,TRUE,5.3,400,300
7628,2022/10/19 10:49,131.4194217,47.02916933,5210653.413,455867.6276,5.35228,11.1,TRUE,5.3,400,300
7629,2022/10/19 10:49,131.4194188,47.02923117,5210660.29,455867.4581,6.53756,2.9,TRUE,5.3,400,300
7630,2022/10/19 10:49,131.4194277,47.029286,5210666.38,455868.1798,4.12996,14.8,TRUE,5.3,400,300
7631,2022/10/19 10:49,131.4194512,47.029321,5210670.258,455869.995,5.2782,13.2,TRUE,5.3,400,300
7632,2022/10/19 10:49,131.4194758,47.02937033,5210675.728,455871.9056,5.31524,7,TRUE,5.3,400,300
7633,2022/10/19 10:50,131.4194787,47.02942067,5210681.323,455872.1675,3.03728,11.5,TRUE,5.3,400,300
7634,2022/10/19 10:50,131.4194738,47.0294635,5210686.087,455871.8304,5.59304,340.9,TRUE,5.3,400,300
7635,2022/10/19 10:50,131.4194257,47.02951883,5210692.265,455868.2197,4.14848,292.2,FALSE,5.3,0,300
7636,2022/10/19 10:50,131.4193545,47.0295445,5210695.159,455862.8287,5.85232,271.1,FALSE,5.3,0,300
7637,2022/10/19 10:50,131.4193212,47.02956633,5210697.605,455860.3154,2.83356,57.6,FALSE,5.3,0,300
7638,2022/10/19 10:50,131.4193285,47.02957967,5210699.084,455860.8813,0,0,FALSE,5.3,0,300
7639,2022/10/19 10:50,131.4192923,47.02956333,5210697.288,455858.1161,3.6114,205.2,FALSE,5.3,0,300
7640,2022/10/19 10:50,131.4192635,47.029526,5210693.154,455855.8962,6.22272,195.9,TRUE,5.3,142,300
7641,2022/10/19 10:50,131.4192345,47.02945917,5210685.741,455853.6367,3.09284,184.7,TRUE,5.3,400,300
7642,2022/10/19 10:50,131.4192233,47.02941483,5210680.818,455852.7487,4.09292,183.4,TRUE,5.3,400,300
7643,2022/10/19 10:50,131.4192277,47.02935467,5210674.127,455853.0336,4.87076,182,TRUE,5.3,400,300
7644,2022/10/19 10:50,131.4192185,47.02928617,5210666.517,455852.2778,6.31532,185.2,TRUE,5.3,400,300
7645,2022/10/19 10:50,131.4192127,47.02922217,5210659.405,455851.7841,5.24116,186.2,TRUE,5.3,400,300
7646,2022/10/19 10:50,131.4192,47.02916183,5210652.704,455850.769,4.18552,191.7,TRUE,5.3,400,300
7647,2022/10/19 10:50,131.4191867,47.02909983,5210645.819,455849.7069,6.18568,182.2,TRUE,5.3,400,300
7648,2022/10/19 10:51,131.4191857,47.02904733,5210639.983,455849.5876,5.96344,185.9,TRUE,5.3,400,300
7649,2022/10/19 10:51,131.4191785,47.02899017,5210633.633,455848.9931,4.87076,180.5,TRUE,5.3,400,300
7650,2022/10/19 10:51,131.419174,47.0289335,5210627.335,455848.6043,5.59304,186.8,TRUE,5.3,400,300
7651,2022/10/19 10:51,131.4191618,47.028877,5210621.061,455847.6304,5.48192,179.8,TRUE,5.3,400,300
7652,2022/10/19 10:51,131.4191455,47.028812,5210613.844,455846.3377,5.70416,192.7,TRUE,5.3,400,300
7653,2022/10/19 10:51,131.419135,47.028752,5210607.18,455845.4901,4.98188,187.8,TRUE,5.3,400,300
7654,2022/10/19 10:51,131.4191278,47.0287005,5210601.459,455844.9003,5.25968,182.3,TRUE,5.3,400,300
7655,2022/10/19 10:51,131.4191163,47.0286405,5210594.795,455843.9766,5.4634,185.6,TRUE,5.3,400,300
7656,2022/10/19 10:51,131.419109,47.02858483,5210588.61,455843.3758,5.66712,187.8,TRUE,5.3,400,300
7657,2022/10/19 10:51,131.4190978,47.02853117,5210582.651,455842.4802,4.09292,187.9,TRUE,5.3,400,300
7658,2022/10/19 10:51,131.419091,47.02847733,5210576.669,455841.9189,5.70416,177.7,TRUE,5.3,400,300
7659,2022/10/19 10:51,131.4190752,47.02841183,5210569.397,455840.6638,5.98196,189,TRUE,5.3,400,300
7660,2022/10/19 10:51,131.4190677,47.02835383,5210562.953,455840.0459,5.3708,184.3,TRUE,5.3,400,300
7661,2022/10/19 10:51,131.4190562,47.02829183,5210556.067,455839.1206,5.33376,190.7,TRUE,5.3,400,300
7662,2022/10/19 10:51,131.4190468,47.02823433,5210549.68,455838.3586,5.31524,178.3,TRUE,5.3,400,300
7663,2022/10/19 10:52,131.4190485,47.02817933,5210543.564,455838.4424,5.556,184,TRUE,5.3,400,300
7664,2022/10/19 10:52,131.4190375,47.02811967,5210536.938,455837.5571,5.98196,187,TRUE,5.3,400,300
7665,2022/10/19 10:52,131.419032,47.02805733,5210530.011,455837.0876,5.9264,184.4,TRUE,5.3,400,300
7666,2022/10/19 10:52,131.4190152,47.02799417,5210522.999,455835.7584,5.8338,187.3,TRUE,5.3,400,300
7667,2022/10/19 10:52,131.4190133,47.02794183,5210517.181,455835.5708,3.94476,186.7,TRUE,5.3,400,300
7668,2022/10/19 10:52,131.4190107,47.02789917,5210512.44,455835.338,4.55592,187,TRUE,5.3,400,300
7669,2022/10/19 10:52,131.4190115,47.0278635,5210508.474,455835.3694,2.35204,163.6,TRUE,5.3,400,300
7670,2022/10/19 10:52,131.419008,47.02781317,5210502.881,455835.0618,4.40776,178,TRUE,5.3,400,300
7671,2022/10/19 10:52,131.4190012,47.02776983,5210498.067,455834.5091,3.94476,180.9,TRUE,5.3,400,300
7672,2022/10/19 10:52,131.4190092,47.02772983,5210493.615,455835.0843,3.74104,173.8,TRUE,5.3,400,300
7673,2022/10/19 10:52,131.4190235,47.02768817,5210488.976,455836.1369,3.87068,192.7,TRUE,5.3,400,300
7674,2022/10/19 10:52,131.4190283,47.02764533,5210484.21,455836.4665,4.66704,187.6,TRUE,5.3,400,300
7675,2022/10/19 10:52,131.4190295,47.02759917,5210479.078,455836.5196,4.64852,180.7,TRUE,5.3,400,300
7676,2022/10/19 10:52,131.4190293,47.02755433,5210474.093,455836.4674,3.87068,182,TRUE,5.3,400,300
7677,2022/10/19 10:52,131.4190288,47.02751067,5210469.24,455836.3934,4.09292,180.5,TRUE,5.3,400,300
7678,2022/10/19 10:53,131.4190337,47.0274635,5210463.993,455836.727,4.11144,183.5,TRUE,5.3,400,300
7679,2022/10/19 10:53,131.4190452,47.02742,5210459.151,455837.5653,3.92624,157.4,TRUE,5.3,400,300
7680,2022/10/19 10:53,131.4190782,47.02737683,5210454.333,455840.0382,6.63016,142.7,TRUE,5.3,256,300
7681,2022/10/19 10:53,131.4191108,47.027351,5210451.443,455842.4951,0,107.3,FALSE,5.3,0,300
7682,2022/10/19 10:53,131.4190755,47.02735367,5210451.76,455839.8139,4.70408,271.3,FALSE,5.3,0,300
7683,2022/10/19 10:53,131.4190578,47.02732717,5210448.824,455838.4465,0.77784,240.2,FALSE,5.3,0,300
7684,2022/10/19 10:53,131.4190932,47.027346,5210450.897,455841.1531,5.14856,37.4,FALSE,5.3,0,300
7685,2022/10/19 10:53,131.4191188,47.0274025,5210457.164,455843.1457,1.14824,147.9,TRUE,5.3,232,300
7686,2022/10/19 10:53,131.4191327,47.02742183,5210459.305,455844.2183,4.63,0.2,TRUE,5.3,400,300
7687,2022/10/19 10:53,131.4191292,47.02746433,5210464.032,455843.9873,4.11144,3.3,TRUE,5.3,400,300
7688,2022/10/19 10:53,131.4191372,47.02750983,5210469.085,455844.6329,4.27812,5.8,TRUE,5.3,400,300
7689,2022/10/19 10:53,131.4191338,47.027549,5210473.442,455844.4068,5.03744,4.8,TRUE,5.3,400,300
7690,2022/10/19 10:53,131.419127,47.02760633,5210479.819,455843.9371,4.4448,351.4,TRUE,5.3,400,300
7691,2022/10/19 10:53,131.419123,47.02765733,5210485.491,455843.6751,4.9078,17.9,TRUE,5.3,400,300
7692,2022/10/19 10:53,131.419112,47.02771617,5210492.039,455842.8875,5.96344,10.1,TRUE,5.3,400,300
7693,2022/10/19 10:54,131.4191198,47.0277725,5210498.296,455843.5269,4.66704,10.3,TRUE,5.3,400,300
7694,2022/10/19 10:54,131.4191282,47.02781817,5210503.369,455844.2031,5.11152,8.8,TRUE,5.3,400,300
7695,2022/10/19 10:54,131.4191303,47.02787417,5210509.593,455844.4089,4.24108,12,TRUE,5.3,400,300
7696,2022/10/19 10:54,131.419139,47.02791517,5210514.146,455845.104,6.83388,3.2,TRUE,5.3,367,300
7697,2022/10/19 10:54,131.419151,47.02797667,5210520.977,455846.0669,5.94492,5.6,TRUE,5.3,400,300
7698,2022/10/19 10:54,131.4191642,47.028031,5210527.009,455847.1151,4.0744,9.6,TRUE,5.3,400,300
7699,2022/10/19 10:54,131.4191662,47.0280855,5210533.067,455847.3121,6.16716,6.7,TRUE,5.3,400,300
7700,2022/10/19 10:54,131.4191752,47.0281475,5210539.954,455848.0474,5.63008,11.5,TRUE,5.3,400,300
7701,2022/10/19 10:54,131.4191875,47.02821167,5210547.081,455849.0353,5.13004,8.4,TRUE,5.3,400,300
7702,2022/10/19 10:54,131.419194,47.02826033,5210552.487,455849.5695,4.11144,3.4,TRUE,5.3,400,300
7703,2022/10/19 10:54,131.4192105,47.02830767,5210557.741,455850.8628,5.24116,15.9,TRUE,5.3,400,300
7704,2022/10/19 10:54,131.4192173,47.02835717,5210563.24,455851.4205,4.92632,3.7,TRUE,5.3,400,300
7705,2022/10/19 10:54,131.419221,47.02841233,5210569.37,455851.7473,4.38924,4.8,TRUE,5.3,400,300
7706,2022/10/19 10:54,131.4192307,47.0284675,5210575.498,455852.5301,6.07456,12.3,TRUE,5.3,400,300
7707,2022/10/19 10:54,131.4192423,47.02852167,5210581.513,455853.4566,6.00048,6.1,TRUE,5.3,400,300
7708,2022/10/19 10:55,131.4192468,47.02858667,5210588.737,455853.8522,5.77824,9.5,TRUE,5.3,400,300
7709,2022/10/19 10:55,131.4192553,47.02865117,5210595.903,455854.5515,6.019,11.9,TRUE,5.3,400,300
7710,2022/10/19 10:55,131.4192637,47.0287155,5210603.05,455855.2431,6.03752,4.9,TRUE,5.3,400,300
7711,2022/10/19 10:55,131.4192725,47.02876817,5210608.9,455855.9555,5.94492,11,TRUE,5.3,400,300
7712,2022/10/19 10:55,131.4192833,47.02883067,5210615.842,455856.828,6.27828,5.1,TRUE,5.3,400,300
7713,2022/10/19 10:55,131.4192917,47.02888767,5210622.174,455857.5135,5.44488,9.1,TRUE,5.3,400,300
7714,2022/10/19 10:55,131.4193043,47.02894483,5210628.522,455858.5184,6.00048,353.7,TRUE,5.3,400,300
7715,2022/10/19 10:55,131.4193067,47.02900517,5210635.228,455858.7506,6.019,6.4,TRUE,5.3,400,300
7716,2022/10/19 10:55,131.4193137,47.02906883,5210642.301,455859.3352,6.6672,10,TRUE,5.3,400,300
7717,2022/10/19 10:55,131.4193285,47.02913483,5210649.63,455860.5146,6.18568,9.5,TRUE,5.3,400,300
7718,2022/10/19 10:55,131.4193342,47.02919567,5210656.391,455860.998,6.18568,9.4,TRUE,5.3,400,300
7719,2022/10/19 10:55,131.4193442,47.029259,5210663.426,455861.8104,5.556,11.3,TRUE,5.3,400,300
7720,2022/10/19 10:55,131.4193547,47.029318,5210669.979,455862.6572,5.8338,3.7,TRUE,5.3,400,300
7721,2022/10/19 10:55,131.419365,47.0293815,5210677.032,455863.4924,4.70408,11.7,TRUE,5.3,400,300
7722,2022/10/19 10:55,131.419369,47.02942483,5210681.847,455863.8322,3.40768,13.6,TRUE,5.3,400,300
7723,2022/10/19 10:56,131.4193797,47.0294675,5210686.585,455864.6807,5.25968,0.4,TRUE,5.3,355,300
7724,2022/10/19 10:56,131.4193633,47.0295205,5210692.486,455863.4778,5.96344,323.9,FALSE,5.3,0,300
7725,2022/10/19 10:56,131.419295,47.02957483,5210698.565,455858.3309,5.66712,269.2,FALSE,5.3,0,300
7726,2022/10/19 10:56,131.4192037,47.02958433,5210699.672,455851.3986,4.85224,239.2,FALSE,5.3,0,300
7727,2022/10/19 10:56,131.4191398,47.02955633,5210696.595,455846.5183,5.11152,229.8,FALSE,5.3,0,300
7728,2022/10/19 10:56,131.419081,47.0295065,5210691.089,455842.0076,4.74112,203.1,FALSE,5.3,0,300
7729,2022/10/19 10:56,131.4190493,47.02945617,5210685.511,455839.5564,1.44456,206.7,TRUE,5.3,364,300
7730,2022/10/19 10:56,131.4190132,47.02941233,5210680.658,455836.7761,2.62984,211.3,TRUE,5.3,400,300
7731,2022/10/19 10:56,131.419,47.02936933,5210675.885,455835.7373,3.53732,207.3,TRUE,5.3,400,300
7732,2022/10/19 10:56,131.4189908,47.02930717,5210668.98,455834.9867,4.92632,190.7,TRUE,5.3,400,300
7733,2022/10/19 10:56,131.4189788,47.02925833,5210663.557,455834.0342,4.01884,181.1,TRUE,5.3,400,300
7734,2022/10/19 10:56,131.4189787,47.02920583,5210657.721,455833.9833,4.37072,189.7,TRUE,5.3,400,300
7735,2022/10/19 10:56,131.4189738,47.02915717,5210652.314,455833.5707,4.20404,171.9,TRUE,5.3,400,300
7736,2022/10/19 10:56,131.4189755,47.02910917,5210646.977,455833.6603,4.31516,182,TRUE,5.3,400,300
7737,2022/10/19 10:56,131.4189783,47.02906633,5210642.213,455833.8378,4.74112,174.4,TRUE,5.3,400,300
7738,2022/10/19 10:57,131.4189777,47.02902267,5210637.359,455833.7562,4.4448,175.8,TRUE,5.3,400,300
7739,2022/10/19 10:57,131.4189783,47.02897817,5210632.412,455833.7651,4.7226,185.5,TRUE,5.3,400,300
7740,2022/10/19 10:57,131.4189865,47.02892967,5210627.015,455834.3484,4.87076,183.6,TRUE,5.3,400,300
7741,2022/10/19 10:57,131.4189867,47.028885,5210622.049,455834.3268,4.01884,187.8,TRUE,5.3,400,300
7742,2022/10/19 10:57,131.4190013,47.0288455,5210617.65,455835.404,4.79668,185.3,TRUE,5.3,400,300
7743,2022/10/19 10:57,131.4189893,47.028798,5210612.376,455834.4527,4.3522,175.6,TRUE,5.3,400,300
7744,2022/10/19 10:57,131.4189947,47.02874817,5210606.833,455834.822,4.85224,185.5,TRUE,5.3,400,300
7745,2022/10/19 10:57,131.4189925,47.02870133,5210601.627,455834.6162,4.4448,183.4,TRUE,5.3,400,300
7746,2022/10/19 10:57,131.418992,47.02865467,5210596.44,455834.5397,4.09292,184.7,TRUE,5.3,400,300
7747,2022/10/19 10:57,131.418993,47.02861033,5210591.51,455834.5791,3.8892,177,TRUE,5.3,400,300
7748,2022/10/19 10:57,131.4189923,47.02856983,5210587.008,455834.4925,4.70408,188.4,TRUE,5.3,400,300
7749,2022/10/19 10:57,131.4189908,47.028525,5210582.025,455834.3415,4.20404,183.7,TRUE,5.3,400,300
7750,2022/10/19 10:57,131.4189963,47.02848067,5210577.094,455834.723,4.167,178.7,TRUE,5.3,400,300
7751,2022/10/19 10:57,131.418999,47.02842983,5210571.441,455834.8863,4.31516,185.6,TRUE,5.3,400,300
7752,2022/10/19 10:57,131.4189945,47.0283915,5210567.182,455834.5126,3.96328,182.2,TRUE,5.3,400,300
7753,2022/10/19 10:58,131.418988,47.02834767,5210562.313,455833.9824,4.9078,183.7,TRUE,5.3,400,300
7754,2022/10/19 10:58,131.4189955,47.02829833,5210556.824,455834.5118,4.22256,176.2,TRUE,5.3,400,300
7755,2022/10/19 10:58,131.4189943,47.02825833,5210552.377,455834.3876,3.57436,191,TRUE,5.3,400,300
7756,2022/10/19 10:58,131.4189947,47.0282175,5210547.838,455834.3843,5.0004,183.9,TRUE,5.3,400,300
7757,2022/10/19 10:58,131.418991,47.028163,5210541.781,455834.0581,4.01884,179.3,TRUE,5.3,400,300
7758,2022/10/19 10:58,131.4189913,47.02811717,5210536.686,455834.0431,3.90772,178.7,TRUE,5.3,400,300
7759,2022/10/19 10:58,131.4189963,47.028074,5210531.884,455834.3875,3.94476,174.7,TRUE,5.3,400,300
7760,2022/10/19 10:58,131.4189967,47.0280305,5210527.048,455834.3821,3.83364,185.2,TRUE,5.3,400,300
7761,2022/10/19 10:58,131.4190008,47.02798517,5210522.006,455834.6563,4.09292,176.3,TRUE,5.3,400,300
7762,2022/10/19 10:58,131.4190023,47.02794417,5210517.447,455834.7365,4.3522,182.6,TRUE,5.3,400,300
7763,2022/10/19 10:58,131.4190035,47.027896,5210512.092,455834.788,5.38932,184.8,TRUE,5.3,400,300
7764,2022/10/19 10:58,131.4190103,47.0278655,5210508.697,455835.2798,0,187.9,FALSE,5.3,0,300
7765,2022/10/19 10:58,131.419017,47.02789983,5210512.51,455835.8174,5.63008,13.7,TRUE,5.3,138,300
7766,2022/10/19 10:58,131.4190548,47.02796417,5210519.641,455838.7439,5.0004,63.5,FALSE,0,0,300
7767,2022/10/19 10:58,131.4191405,47.02797217,5210520.482,455845.2651,0.79636,92.4,FALSE,0,0,300
7768,2022/10/19 10:59,131.4191162,47.0279815,5210521.533,455843.4256,4.61148,309.7,FALSE,5.3,0,300
7769,2022/10/19 10:59,131.4190642,47.02799717,5210523.305,455839.4857,4.5374,342.2,FALSE,5.3,0,300
7770,2022/10/19 10:59,131.419045,47.02803317,5210527.318,455838.0558,5.24116,7.4,TRUE,5.3,400,300
7771,2022/10/19 10:59,131.4190407,47.02807617,5210532.1,455837.7644,4.11144,5.9,TRUE,5.3,400,300
7772,2022/10/19 10:59,131.4190443,47.028136,5210538.75,455838.0874,5.1856,1.3,TRUE,5.3,400,300
7773,2022/10/19 10:59,131.4190283,47.02820667,5210546.615,455836.9295,6.13012,8.6,TRUE,5.3,400,300
7774,2022/10/19 10:59,131.419036,47.0282705,5210553.707,455837.5674,5.63008,8.8,TRUE,5.3,400,300
7775,2022/10/19 10:59,131.4190437,47.0283515,5210562.707,455838.2196,6.37088,2.7,TRUE,5.3,400,300
7776,2022/10/19 10:59,131.4190458,47.02839617,5210567.672,455838.4161,4.63,10.8,TRUE,5.3,400,300
7777,2022/10/19 10:59,131.419051,47.02843883,5210572.412,455838.8465,5.1856,17.8,TRUE,5.3,400,300
7778,2022/10/19 10:59,131.419059,47.02849283,5210578.411,455839.4992,4.46332,6.2,TRUE,5.3,400,300
7779,2022/10/19 10:59,131.4190687,47.02853817,5210583.446,455840.2739,4.38924,6.7,TRUE,5.3,400,300
7780,2022/10/19 10:59,131.4190792,47.02858883,5210589.072,455841.1139,2.62984,20.2,TRUE,5.3,400,300
7781,2022/10/19 10:59,131.4190835,47.02862733,5210593.349,455841.4725,3.87068,2.5,TRUE,5.3,400,300
7782,2022/10/19 10:59,131.4190895,47.02867133,5210598.237,455841.9649,4.31516,10.5,TRUE,5.3,400,300
7783,2022/10/19 11:00,131.4190938,47.02872133,5210603.793,455842.333,5.05596,6,TRUE,5.3,400,300
7784,2022/10/19 11:00,131.4191057,47.0287725,5210609.475,455843.2797,5.11152,11.4,TRUE,5.3,400,300
7785,2022/10/19 11:00,131.419106,47.02881933,5210614.681,455843.3412,5.31524,6.3,TRUE,5.3,400,300
7786,2022/10/19 11:00,131.4191108,47.02887,5210620.312,455843.7478,4.98188,8,TRUE,5.3,400,300
7787,2022/10/19 11:00,131.4191153,47.02891817,5210625.664,455844.1296,4.64852,6.2,TRUE,5.3,400,300
7788,2022/10/19 11:00,131.419131,47.0289665,5210631.028,455845.3629,5.05596,9.4,TRUE,5.3,400,300
7789,2022/10/19 11:00,131.4191393,47.02903467,5210638.602,455846.0501,6.09308,13.6,TRUE,5.3,400,300
7790,2022/10/19 11:00,131.4191513,47.029084,5210644.079,455847.0029,5.85232,0,TRUE,5.3,400,300
7791,2022/10/19 11:00,131.4191587,47.02913517,5210649.764,455847.6076,3.0558,7,TRUE,5.3,400,300
7792,2022/10/19 11:00,131.4191682,47.02918433,5210655.224,455848.3703,7.14872,12.2,TRUE,5.3,400,300
7793,2022/10/19 11:00,131.4191818,47.02924383,5210661.831,455849.4532,5.7412,3.5,TRUE,5.3,400,300
7794,2022/10/19 11:00,131.4191813,47.029303,5210668.409,455849.4639,5.48192,16.4,TRUE,5.3,400,300
7795,2022/10/19 11:00,131.419195,47.0293575,5210674.46,455850.5503,5.11152,6.8,TRUE,5.3,400,300
7796,2022/10/19 11:00,131.419207,47.02940867,5210680.142,455851.5046,5.22264,2,TRUE,5.3,400,300
7797,2022/10/19 11:00,131.4192235,47.02946183,5210686.042,455852.8027,4.75964,16.3,TRUE,5.3,400,300
7798,2022/10/19 11:01,131.4192312,47.02947183,5210687.15,455853.3963,0,0,FALSE,5.3,0,300
7799,2022/10/19 11:01,131.4192195,47.02943367,5210682.914,455852.4754,7.871,194.4,FALSE,5.3,0,300
7800,2022/10/19 11:01,131.4191753,47.0293795,5210676.917,455849.0709,4.87076,215.4,FALSE,5.3,0,300
7801,2022/10/19 11:01,131.4191298,47.02931583,5210669.864,455845.5598,11.81576,184.9,FALSE,5.3,0,300
7802,2022/10/19 11:01,131.4191202,47.02921633,5210658.808,455844.748,12.38988,184.6,FALSE,5.3,0,300
7803,2022/10/19 11:01,131.4191087,47.0291305,5210649.273,455843.803,10.11192,184.8,FALSE,5.3,0,300
7804,2022/10/19 11:01,131.4191023,47.02902717,5210637.789,455843.2313,9.4452,187,FALSE,5.3,0,300
7805,2022/10/19 11:01,131.4190778,47.02892533,5210626.481,455841.285,9.85264,184.1,FALSE,5.3,0,300
7806,2022/10/19 11:01,131.419067,47.02883267,5210616.186,455840.3876,10.24156,185.6,FALSE,5.3,0,300
7807,2022/10/19 11:01,131.4190593,47.02879283,5210611.762,455839.7694,0,181.2,FALSE,5.3,0,300
7808,2022/10/19 11:01,131.419065,47.028797,5210612.222,455840.2062,3.77808,9.5,TRUE,5.3,238,300
7809,2022/10/19 11:01,131.419074,47.02884883,5210617.979,455840.933,4.85224,7.7,TRUE,5.3,400,300
7810,2022/10/19 11:01,131.4190703,47.02889767,5210623.411,455840.6921,5.05596,3.4,TRUE,5.3,400,300
7811,2022/10/19 11:01,131.4190662,47.02895367,5210629.639,455840.4266,4.42628,4,TRUE,5.3,400,300
7812,2022/10/19 11:01,131.4190643,47.02900283,5210635.105,455840.3227,4.42628,10.2,TRUE,5.3,400,300
7813,2022/10/19 11:02,131.4190658,47.0290405,5210639.292,455840.4678,5.38932,9.6,TRUE,5.3,400,300
7814,2022/10/19 11:02,131.4190735,47.0290595,5210641.4,455841.0688,3.87068,18.6,TRUE,5.3,400,300
7815,2022/10/19 11:02,131.4190898,47.02911217,5210647.246,455842.3513,4.27812,11.4,TRUE,5.3,400,300
7816,2022/10/19 11:02,131.4190918,47.02916483,5210653.099,455842.5467,5.87084,7.5,TRUE,5.3,400,300
7817,2022/10/19 11:02,131.4190987,47.02921617,5210658.803,455843.1136,3.75956,13.7,TRUE,5.3,400,300
7818,2022/10/19 11:02,131.4191137,47.02926917,5210664.686,455844.2975,5.6486,5,TRUE,5.3,400,300
7819,2022/10/19 11:02,131.4191183,47.029317,5210670.001,455844.6866,4.18552,13,TRUE,5.3,400,300
7820,2022/10/19 11:02,131.4191157,47.02936067,5210674.857,455844.525,3.6114,14,TRUE,5.3,400,300
7821,2022/10/19 11:02,131.4191178,47.02939783,5210678.987,455844.7152,3.38916,19.7,TRUE,5.3,400,300
7822,2022/10/19 11:02,131.4191293,47.02944617,5210684.355,455845.6293,2.29648,14.7,TRUE,5.3,400,300
7823,2022/10/19 11:02,131.4191328,47.0294605,5210685.946,455845.9071,5.20412,6.8,TRUE,5.3,400,300
7824,2022/10/19 11:02,131.4191458,47.02947167,5210687.18,455846.9045,0,0,FALSE,5.3,0,300
7825,2022/10/19 11:02,131.4191402,47.02943417,5210683.014,455846.4479,6.79684,210.2,FALSE,5.3,0,300
7826,2022/10/19 11:02,131.4190427,47.0294075,5210680.105,455839.0146,7.1302,290.6,FALSE,5.3,0,300
7827,2022/10/19 11:02,131.418973,47.02944333,5210684.127,455833.746,0.9815599,285.3,FALSE,5.3,0,300
7828,2022/10/19 11:03,131.4190095,47.02942417,5210681.976,455836.5047,3.20396,170,FALSE,5.3,0,300
7829,2022/10/19 11:03,131.4190003,47.0294015,5210679.461,455835.7866,0,175.5,FALSE,5.3,0,300
7830,2022/10/19 11:03,131.4189962,47.02939633,5210678.889,455835.4707,4.5374,9.4,FALSE,5.3,0,300
7831,2022/10/19 11:03,131.4190033,47.02947083,5210687.167,455836.0719,6.27828,1.1,FALSE,5.3,0,300
7832,2022/10/19 11:03,131.4189993,47.029537,5210694.526,455835.8224,2.33352,3.5,FALSE,5.3,0,300
7833,2022/10/19 11:03,131.4190105,47.0295325,5210694.019,455836.67,0,89.2,FALSE,5.3,0,300
7834,2022/10/19 11:03,131.419016,47.029531,5210693.849,455837.0869,0,0,FALSE,5.3,0,300
7835,2022/10/19 11:03,131.4190168,47.02952917,5210693.645,455837.1462,0,0,FALSE,5.3,0,300
7836,2022/10/19 11:03,131.4190083,47.0295,5210690.407,455836.476,4.50036,185.4,TRUE,5.3,400,300
7837,2022/10/19 11:03,131.4189682,47.029445,5210684.315,455833.3825,2.83356,197.6,TRUE,5.3,400,300
7838,2022/10/19 11:03,131.4189598,47.02940567,5210679.948,455832.7115,2.94468,182.8,TRUE,5.3,400,300
7839,2022/10/19 11:03,131.418964,47.0293665,5210675.591,455832.9985,3.6114,185.5,TRUE,5.3,400,300
7840,2022/10/19 11:03,131.4189678,47.029327,5210671.197,455833.2547,3.75956,177.1,TRUE,5.3,400,300
7841,2022/10/19 11:03,131.4189735,47.0292905,5210667.137,455833.6579,3.25952,174.5,TRUE,5.3,400,300
7842,2022/10/19 11:03,131.4189692,47.02925083,5210662.729,455833.2983,3.77808,179.7,TRUE,5.3,400,300
7843,2022/10/19 11:04,131.4189743,47.0291965,5210656.686,455833.6412,3.81512,175.9,TRUE,5.3,400,300
7844,2022/10/19 11:04,131.4189783,47.02918767,5210655.702,455833.9379,0,0,FALSE,5.3,0,300
7845,2022/10/19 11:04,131.4189688,47.02921283,5210658.505,455833.2366,3.9818,342,FALSE,5.3,0,300
7846,2022/10/19 11:04,131.4189433,47.02925117,5210662.781,455831.3298,3.44472,307,FALSE,5.3,0,300
7847,2022/10/19 11:04,131.4188875,47.0292545,5210663.183,455827.091,3.241,272.6,FALSE,5.3,0,300
7848,2022/10/19 11:04,131.4188573,47.0292375,5210661.31,455824.7813,2.44464,58.3,FALSE,5.3,0,300
7849,2022/10/19 11:04,131.4189223,47.0292475,5210662.385,455829.7305,3.07432,32.3,FALSE,5.3,0,300
7850,2022/10/19 11:04,131.418954,47.02929667,5210667.833,455832.1807,4.7226,359.2,FALSE,5.3,0,300
7851,2022/10/19 11:04,131.4189605,47.02934633,5210673.351,455832.7158,4.48184,9.5,FALSE,5.3,0,300
7852,2022/10/19 11:04,131.4189688,47.02939683,5210678.96,455833.3883,5.66712,8,FALSE,5.3,0,300
7853,2022/10/19 11:04,131.4189857,47.029447,5210684.528,455834.7144,3.31508,46.7,FALSE,5.3,0,300
7854,2022/10/19 11:04,131.419054,47.029462,5210686.157,455839.9185,4.24108,86.5,FALSE,5.3,0,300
7855,2022/10/19 11:04,131.419083,47.02946683,5210686.678,455842.1269,2.79652,99.9,TRUE,5.3,400,300
7856,2022/10/19 11:04,131.4191208,47.02947133,5210687.157,455845.0039,2.38908,87,TRUE,5.3,400,300
7857,2022/10/19 11:04,131.4191653,47.0294775,5210687.817,455848.3916,3.4262,85.9,TRUE,5.3,400,300
7858,2022/10/19 11:05,131.4192152,47.02948467,5210688.586,455852.1906,3.31508,78.1,TRUE,5.3,400,300
7859,2022/10/19 11:05,131.4192518,47.02948,5210688.047,455854.9689,2.48168,82.8,TRUE,5.3,400,300
7860,2022/10/19 11:05,131.4192937,47.0294765,5210687.634,455858.151,3.5188,92,TRUE,5.3,400,300
7861,2022/10/19 11:05,131.4193428,47.02947617,5210687.569,455861.883,3.09284,88.6,TRUE,5.3,400,300
7862,2022/10/19 11:05,131.4193907,47.02948067,5210688.043,455865.5278,2.16684,105.3,TRUE,5.3,400,300
7863,2022/10/19 11:05,131.4193997,47.02948267,5210688.26,455866.2135,0,0,FALSE,5.3,0,300
7864,2022/10/19 11:05,131.4194235,47.02948417,5210688.413,455868.0239,1.74088,106,TRUE,5.3,400,300
7865,2022/10/19 11:05,131.4194583,47.0294795,5210687.875,455870.6653,3.11136,85.9,TRUE,5.3,400,300
7866,2022/10/19 11:05,131.419514,47.02947383,5210687.213,455874.8946,2.74096,83.9,TRUE,5.3,400,300
7867,2022/10/19 11:05,131.4195422,47.02947583,5210687.419,455877.0399,2.61132,79,TRUE,5.3,373,300
7868,2022/10/19 11:05,131.4195872,47.029469,5210686.635,455880.4549,0.85192,53.4,TRUE,5.3,400,300
7869,2022/10/19 11:05,131.41959,47.02947133,5210686.892,455880.6696,4.63,88.7,TRUE,5.3,346,300
7870,2022/10/19 11:05,131.4196582,47.02948183,5210688.021,455885.8624,3.75956,83.2,TRUE,5.3,400,300
7871,2022/10/19 11:05,131.4197075,47.02947733,5210687.493,455889.6062,1.87052,98.6,TRUE,5.3,400,300
7872,2022/10/19 11:05,131.4197577,47.0294775,5210687.483,455893.4222,1.72236,68.4,TRUE,5.3,400,300
7873,2022/10/19 11:06,131.4197827,47.029478,5210687.525,455895.323,3.87068,107.5,TRUE,5.3,400,300
7874,2022/10/19 11:06,131.4198417,47.02947717,5210687.399,455899.8071,3.20396,98.6,TRUE,5.3,400,300
7875,2022/10/19 11:06,131.4198928,47.02948083,5210687.778,455903.6945,2.5002,124.8,TRUE,5.3,400,300
7876,2022/10/19 11:06,131.419903,47.02946333,5210685.826,455904.4554,1.5742,97.5,TRUE,5.3,400,300
7877,2022/10/19 11:06,131.4199463,47.02945917,5210685.34,455907.7434,3.40768,85.2,TRUE,5.3,400,300
7878,2022/10/19 11:06,131.4199718,47.029463,5210685.751,455909.6849,0,0,FALSE,5.3,0,300
7879,2022/10/19 11:06,131.4199745,47.02946633,5210686.12,455909.8929,0,0,FALSE,5.3,0,300
7880,2022/10/19 11:06,131.419978,47.02946483,5210685.951,455910.1577,0,0,FALSE,5.3,0,300
7881,2022/10/19 11:06,131.4199803,47.0294635,5210685.802,455910.3314,0,0,FALSE,5.3,0,300
7882,2022/10/19 11:06,131.4199823,47.02946333,5210685.782,455910.4833,4.05588,105,TRUE,5.3,158,300
7883,2022/10/19 11:06,131.419993,47.02946067,5210685.48,455911.2945,0,0,FALSE,5.3,0,300
7884,2022/10/19 11:06,131.4200262,47.02946467,5210685.906,455913.8214,1.88904,102.9,FALSE,5.3,0,300
7885,2022/10/19 11:06,131.4200543,47.02945383,5210684.685,455915.9485,2.11128,94.9,FALSE,5.3,0,300
7886,2022/10/19 11:06,131.4200927,47.02945867,5210685.201,455918.8714,2.16684,99.2,TRUE,5.3,400,300
7887,2022/10/19 11:06,131.4201338,47.02946067,5210685.401,455921.9972,4.63,87.8,TRUE,5.3,400,300
7888,2022/10/19 11:07,131.4201892,47.02945617,5210684.869,455926.2047,0.9630399,82,TRUE,5.3,400,300
7889,2022/10/19 11:07,131.4202268,47.02945883,5210685.144,455929.065,2.27796,80.8,TRUE,5.3,400,300
7890,2022/10/19 11:07,131.4202673,47.02946,5210685.251,455932.1445,2.55576,93.8,TRUE,5.3,400,300
7891,2022/10/19 11:07,131.420302,47.02945383,5210684.546,455934.7771,2.44464,88.9,TRUE,5.3,400,300
7892,2022/10/19 11:07,131.4203322,47.02945733,5210684.918,455937.0756,0,0,FALSE,5.3,0,300
7893,2022/10/19 11:07,131.420366,47.02945483,5210684.621,455939.6428,1.79644,103.4,TRUE,5.3,400,300
7894,2022/10/19 11:07,131.4203953,47.02944933,5210683.993,455941.8655,3.704,84.6,TRUE,5.3,400,300
7895,2022/10/19 11:07,131.4204305,47.02945167,5210684.233,455944.5431,5.70416,91.1,TRUE,5.3,266,300
7896,2022/10/19 11:07,131.4204785,47.02944933,5210683.946,455948.1899,2.64836,85.9,TRUE,5.3,400,300
7897,2022/10/19 11:07,131.4205305,47.029451,5210684.102,455952.144,3.29656,97.1,TRUE,5.3,400,300
7898,2022/10/19 11:07,131.4205803,47.02945383,5210684.389,455955.9318,1.90756,80.5,TRUE,5.3,400,300
7899,2022/10/19 11:07,131.4205883,47.02945417,5210684.422,455956.5402,0,0,FALSE,5.3,0,300
7900,2022/10/19 11:07,131.4206213,47.029454,5210684.385,455959.0485,1.1112,62.5,TRUE,5.3,358,300
7901,2022/10/19 11:07,131.4206537,47.029456,5210684.589,455961.513,2.66688,104.6,TRUE,5.3,400,300
7902,2022/10/19 11:07,131.4206858,47.02945733,5210684.719,455963.9541,2.57428,99.8,TRUE,5.3,400,300
7903,2022/10/19 11:08,131.4207233,47.02945833,5210684.809,455966.8055,0,93,FALSE,5.3,0,300
7904,2022/10/19 11:08,131.4207242,47.02945567,5210684.513,455966.8717,3.12988,80.2,TRUE,5.3,400,300
7905,2022/10/19 11:08,131.4207843,47.02945833,5210684.775,455971.4423,2.37056,96.6,TRUE,5.3,400,300
7906,2022/10/19 11:08,131.420836,47.02945067,5210683.894,455975.366,2.9632,77.9,TRUE,5.3,400,300
7907,2022/10/19 11:08,131.4208865,47.02945117,5210683.921,455979.2051,3.09284,89.8,TRUE,5.3,400,300
7908,2022/10/19 11:08,131.4209373,47.02945133,5210683.91,455983.0667,3.85216,93.7,TRUE,5.3,400,300
7909,2022/10/19 11:08,131.420994,47.02944617,5210683.305,455987.3725,3.00024,93.6,TRUE,5.3,400,300
7910,2022/10/19 11:08,131.4210342,47.0294435,5210682.985,455990.426,2.72244,107.1,TRUE,5.3,400,300
7911,2022/10/19 11:08,131.421067,47.02943983,5210682.559,455992.9163,1.2038,99.6,TRUE,5.3,400,300
7912,2022/10/19 11:08,131.4210897,47.029438,5210682.343,455994.6403,3.94476,91,TRUE,5.3,400,300
7913,2022/10/19 11:08,131.4211405,47.02943683,5210682.184,455998.5008,3.46324,80.8,TRUE,5.3,400,300
7914,2022/10/19 11:08,131.4211852,47.02943633,5210682.103,456001.8982,2.88912,99.7,TRUE,5.3,400,300
7915,2022/10/19 11:08,131.4212378,47.029429,5210681.259,456005.8905,3.18544,90.1,TRUE,5.3,400,300
7916,2022/10/19 11:08,131.4213013,47.02943083,5210681.427,456010.7189,3.74104,94.3,TRUE,5.3,400,300
7917,2022/10/19 11:08,131.4213552,47.02943267,5210681.601,456014.8176,2.90764,84,TRUE,5.3,400,300
7918,2022/10/19 11:09,131.4214142,47.0294285,5210681.104,456019.299,3.3336,97.2,TRUE,5.3,400,300
7919,2022/10/19 11:09,131.421474,47.029429,5210681.126,456023.845,3.16692,96.5,TRUE,5.3,400,300
7920,2022/10/19 11:09,131.4215113,47.0294365,5210681.939,456026.6865,4.31516,68.1,TRUE,5.3,400,300
7921,2022/10/19 11:09,131.4215627,47.029449,5210683.3,456030.6039,3.16692,75.4,TRUE,5.3,400,300
7922,2022/10/19 11:09,131.4215983,47.02945717,5210684.188,456033.3167,3.57436,74.5,TRUE,5.3,219,300
7923,2022/10/19 11:09,131.4216197,47.02946017,5210684.51,456034.9459,0,0,FALSE,5.3,0,300
7924,2022/10/19 11:09,131.421587,47.02942733,5210680.877,456032.4332,5.53748,190.1,FALSE,5.3,0,300
7925,2022/10/19 11:09,131.4216045,47.02937883,5210675.476,456033.7237,4.5374,155.9,FALSE,5.3,0,300
7926,2022/10/19 11:09,131.421614,47.02938133,5210675.748,456034.4479,3.8892,337.4,FALSE,5.3,0,300
7927,2022/10/19 11:09,131.4215855,47.02943117,5210681.305,456032.3224,4.01884,337.8,FALSE,5.3,0,300
7928,2022/10/19 11:09,131.42155,47.02945767,5210684.271,456029.6456,0,325.3,FALSE,5.3,0,300
7929,2022/10/19 11:09,131.4215388,47.02946367,5210684.944,456028.7992,0,0,FALSE,5.3,0,300
7930,2022/10/19 11:09,131.4215113,47.0294765,5210686.386,456026.7194,2.62984,307.3,FALSE,5.3,0,300
7931,2022/10/19 11:09,131.4214977,47.02949217,5210688.136,456025.6985,0.3704,0,FALSE,5.3,0,300
7932,2022/10/19 11:09,131.4214733,47.029505,5210689.576,456023.8543,2.55576,273,FALSE,5.3,0,300
7933,2022/10/19 11:10,131.4213925,47.02952583,5210691.937,456017.7294,3.85216,258.4,FALSE,5.3,0,300
7934,2022/10/19 11:10,131.4213165,47.02954033,5210693.591,456011.9643,3.48176,291.5,FALSE,5.3,0,300
7935,2022/10/19 11:10,131.4212813,47.02955883,5210695.668,456009.3038,4.2596,310.4,FALSE,5.3,0,300
7936,2022/10/19 11:10,131.4212288,47.02956733,5210696.642,456005.3201,4.40776,290.4,FALSE,5.3,0,300
7937,2022/10/19 11:10,131.4212095,47.0295625,5210696.116,456003.8491,0,288.9,FALSE,5.3,0,300
7938,2022/10/19 11:10,131.4212613,47.02954817,5210694.494,456007.7748,2.25944,82.6,FALSE,5.3,0,300
7939,2022/10/19 11:10,131.4212817,47.02954283,5210693.889,456009.3211,0,77.5,FALSE,5.3,0,300
7940,2022/10/19 11:10,131.4212775,47.02953933,5210693.502,456008.999,0,0,FALSE,5.3,0,300
7941,2022/10/19 11:10,131.4212355,47.02953783,5210693.359,456005.8051,2.64836,268.8,TRUE,5.3,400,300
7942,2022/10/19 11:10,131.4211928,47.0295515,5210694.903,456002.5706,2.98172,278.2,TRUE,5.3,400,300
7943,2022/10/19 11:10,131.4211407,47.02955233,5210695.024,455998.6109,3.11136,287.3,TRUE,5.3,400,300
7944,2022/10/19 11:10,131.4210923,47.02954117,5210693.811,455994.9227,2.27796,261.4,TRUE,5.3,400,300
7945,2022/10/19 11:10,131.4210478,47.0295365,5210693.317,455991.5363,2.9632,276.1,TRUE,5.3,400,300
7946,2022/10/19 11:10,131.4210098,47.0295465,5210694.45,455988.656,3.1484,269.1,TRUE,5.3,400,300
7947,2022/10/19 11:10,131.4209583,47.0295395,5210693.701,455984.7355,3.16692,276.7,TRUE,5.3,400,300
7948,2022/10/19 11:11,131.4209035,47.02953817,5210693.583,455980.5688,3.53732,286.7,TRUE,5.3,400,300
7949,2022/10/19 11:11,131.4208425,47.02953667,5210693.451,455975.9308,3.3336,284,TRUE,5.3,400,300
7950,2022/10/19 11:11,131.4207855,47.02953433,5210693.223,455971.5961,2.90764,280.6,TRUE,5.3,400,300
7951,2022/10/19 11:11,131.4207355,47.029529,5210692.658,455967.791,3.01876,272.5,TRUE,5.3,400,300
7952,2022/10/19 11:11,131.420692,47.02953733,5210693.609,455964.4912,3.90772,282.4,TRUE,5.3,400,300
7953,2022/10/19 11:11,131.4206453,47.0295585,5210695.989,455960.9588,3.241,290.9,TRUE,5.3,400,300
7954,2022/10/19 11:11,131.420591,47.02957133,5210697.446,455956.8418,3.50028,287,TRUE,5.3,400,300
7955,2022/10/19 11:11,131.4205377,47.0295835,5210698.829,455952.8003,2.98172,272.7,TRUE,5.3,400,300
7956,2022/10/19 11:11,131.4204742,47.0295745,5210697.864,455947.966,3.0558,271.9,TRUE,5.3,400,300
7957,2022/10/19 11:11,131.420419,47.02956883,5210697.264,455943.7654,2.85208,283.9,TRUE,5.3,400,300
7958,2022/10/19 11:11,131.4203895,47.029569,5210697.3,455941.5231,2.6854,279.9,TRUE,5.3,400,300
7959,2022/10/19 11:11,131.4203482,47.02958467,5210699.065,455938.3966,1.4816,287.9,TRUE,5.3,400,300
7960,2022/10/19 11:11,131.4203073,47.029594,5210700.125,455935.2954,2.35204,295.4,TRUE,5.3,218,300
7961,2022/10/19 11:11,131.4202758,47.02959,5210699.699,455932.8976,2.24092,281.6,TRUE,5.3,234,300
7962,2022/10/19 11:11,131.4202378,47.02956733,5210697.2,455929.9905,3.8892,276.1,TRUE,5.3,76,300
7963,2022/10/19 11:12,131.4202595,47.0295425,5210694.427,455931.6195,3.704,95.2,FALSE,5.3,0,300
7964,2022/10/19 11:12,131.4203175,47.029542,5210694.339,455936.0279,1.09268,76,FALSE,5.3,0,300
7965,2022/10/19 11:12,131.4203118,47.02954233,5210694.379,455935.5949,1.51864,283,FALSE,5.3,0,300
7966,2022/10/19 11:12,131.4202688,47.02954583,5210694.792,455932.3292,2.61132,274,TRUE,5.3,400,300
7967,2022/10/19 11:12,131.4202432,47.02954417,5210694.622,455930.3819,2.66688,282.8,TRUE,5.3,400,300
7968,2022/10/19 11:12,131.4202022,47.0295405,5210694.237,455927.2623,2.74096,279.1,TRUE,5.3,400,300
7969,2022/10/19 11:12,131.4201597,47.02954083,5210694.298,455924.032,2.05572,281.9,TRUE,5.3,400,300
7970,2022/10/19 11:12,131.4201318,47.02954583,5210694.869,455921.9153,0,0,FALSE,5.3,0,300
7971,2022/10/19 11:12,131.4201147,47.02955017,5210695.361,455920.619,1.2038,56.3,TRUE,5.3,249,300
7972,2022/10/19 11:12,131.4201063,47.02955367,5210695.755,455919.9834,0,0,FALSE,5.3,0,300
7973,2022/10/19 11:12,131.4200763,47.02955783,5210696.234,455917.7064,1.33344,327.4,TRUE,5.3,372,300
7974,2022/10/19 11:12,131.420069,47.029557,5210696.146,455917.1508,0,0,FALSE,5.3,0,300
7975,2022/10/19 11:12,131.4200655,47.02955733,5210696.185,455916.885,0,0,FALSE,5.3,0,300
7976,2022/10/19 11:12,131.4200648,47.029556,5210696.037,455916.8307,0,0,FALSE,5.3,0,300
7977,2022/10/19 11:12,131.4200638,47.02955517,5210695.946,455916.754,0,0,FALSE,5.3,0,300
7978,2022/10/19 11:13,131.4200617,47.029557,5210696.15,455916.5959,0,0.7,FALSE,5.3,0,300
7979,2022/10/19 11:13,131.4200588,47.02955783,5210696.244,455916.3762,0,0,FALSE,5.3,0,300
7980,2022/10/19 11:13,131.4200573,47.029559,5210696.375,455916.2631,0,0,FALSE,5.3,0,300
7981,2022/10/19 11:13,131.4200542,47.02956067,5210696.563,455916.0288,1.96312,275,FALSE,5.3,0,300
7982,2022/10/19 11:13,131.4200072,47.02957,5210697.626,455912.4639,2.00016,303.8,TRUE,5.3,218,300
7983,2022/10/19 11:13,131.4199825,47.0295685,5210697.473,455910.5851,1.09268,287.2,TRUE,5.3,400,300
7984,2022/10/19 11:13,131.4199487,47.02956133,5210696.695,455908.0099,2.8706,277.8,TRUE,5.3,400,300
7985,2022/10/19 11:13,131.4198855,47.02955733,5210696.286,455903.2026,4.46332,284.3,TRUE,5.3,400,300
7986,2022/10/19 11:13,131.419827,47.02956467,5210697.135,455898.7618,4.20404,281.8,TRUE,5.3,400,300
7987,2022/10/19 11:13,131.4197778,47.02957333,5210698.126,455895.0291,3.90772,285.3,TRUE,5.3,400,300
7988,2022/10/19 11:13,131.4197148,47.02957967,5210698.866,455890.2454,4.4448,290.2,TRUE,5.3,400,300
7989,2022/10/19 11:13,131.4196587,47.02958167,5210699.12,455885.9827,3.94476,270.1,TRUE,5.3,398,300
7990,2022/10/19 11:13,131.4195987,47.02958767,5210699.821,455881.4268,4.4448,282.8,TRUE,5.3,400,300
7991,2022/10/19 11:13,131.4195475,47.02958933,5210700.034,455877.5363,2.1298,265.4,TRUE,5.3,400,300
7992,2022/10/19 11:13,131.4195017,47.0295875,5210699.857,455874.0533,2.92616,267,TRUE,5.3,400,300
7993,2022/10/19 11:14,131.4194695,47.02958817,5210699.949,455871.6063,1.72236,268.1,TRUE,5.3,400,300
7994,2022/10/19 11:14,131.4194328,47.029582,5210699.284,455868.8115,2.75948,263.9,TRUE,5.3,364,300
7995,2022/10/19 11:14,131.4193967,47.02957517,5210698.545,455866.0617,2.9632,290.5,TRUE,5.3,117,300
7996,2022/10/19 11:14,131.4193865,47.0295635,5210697.253,455865.2768,2.5002,300.1,FALSE,5.3,0,300
7997,2022/10/19 11:14,131.4193455,47.02957067,5210698.074,455862.1661,3.35212,295.6,FALSE,5.3,0,300
7998,2022/10/19 11:14,131.4193102,47.02958,5210699.131,455859.4905,6.33384,94.7,FALSE,5.3,0,300
7999,2022/10/19 11:14,131.4193892,47.02958583,5210699.734,455865.5004,3.18544,90.3,FALSE,5.3,0,300
8000,2022/10/19 11:14,131.4193847,47.029591,5210700.312,455865.1626,0,0,FALSE,5.3,0,300
8001,2022/10/19 11:14,131.4193655,47.02959167,5210700.397,455863.7037,3.55584,262.6,TRUE,5.3,400,300
8002,2022/10/19 11:14,131.4193072,47.02958217,5210699.374,455859.2643,2.4076,253.4,TRUE,5.3,400,300
8003,2022/10/19 11:14,131.4192715,47.02957317,5210698.393,455856.5432,2.85208,275.7,TRUE,5.3,400,300
8004,2022/10/19 11:14,131.4192302,47.029568,5210697.842,455853.3995,2.35204,268.8,TRUE,5.3,400,300
8005,2022/10/19 11:14,131.4191913,47.02955917,5210696.882,455850.4353,2.25944,270,TRUE,5.3,400,300
8006,2022/10/19 11:14,131.4191468,47.02955117,5210696.018,455847.0461,2.6854,277.3,TRUE,5.3,400,300
8007,2022/10/19 11:14,131.4191033,47.0295535,5210696.301,455843.7414,2.66688,276.1,TRUE,5.3,400,300
8008,2022/10/19 11:15,131.4190667,47.02956533,5210697.637,455840.9691,2.38908,290.4,TRUE,5.3,371,300
8009,2022/10/19 11:15,131.41903,47.02956883,5210698.047,455838.1823,3.01876,264.8,TRUE,5.3,400,300
8010,2022/10/19 11:15,131.418979,47.0295715,5210698.372,455834.3078,3.48176,248.9,TRUE,5.3,151,300
8011,2022/10/19 11:15,131.418923,47.02954333,5210695.272,455830.0278,3.55584,196.7,FALSE,5.3,0,300
8012,2022/10/19 11:15,131.4189107,47.02949267,5210689.647,455829.051,1.09268,168.2,FALSE,5.3,0,300
8013,2022/10/19 11:15,131.4188998,47.0295015,5210690.635,455828.2297,5.51896,319,FALSE,5.3,0,300
8014,2022/10/19 11:15,131.418841,47.02949733,5210690.205,455823.7567,1.5742,305,FALSE,5.3,0,300
8015,2022/10/19 11:15,131.4188637,47.0294735,5210687.543,455825.4625,3.3336,121.6,FALSE,5.3,0,300
8016,2022/10/19 11:15,131.418927,47.02944783,5210684.653,455830.253,4.70408,113,FALSE,5.3,0,300
8017,2022/10/19 11:15,131.419004,47.02943767,5210683.48,455836.0977,4.05588,108.7,FALSE,5.3,0,300
8018,2022/10/19 11:15,131.4190652,47.02943983,5210683.686,455840.7516,3.37064,106.3,TRUE,5.3,400,300
8019,2022/10/19 11:15,131.419109,47.02944067,5210683.755,455844.0817,2.88912,84.2,TRUE,5.3,400,300
8020,2022/10/19 11:15,131.4191617,47.02944767,5210684.503,455848.0934,2.778,87.1,TRUE,5.3,400,300
8021,2022/10/19 11:15,131.4192252,47.029456,5210685.393,455852.9271,3.40768,100,TRUE,5.3,400,300
8022,2022/10/19 11:15,131.4192943,47.02945283,5210685.002,455858.1771,5.07448,79.9,TRUE,5.3,400,300
8023,2022/10/19 11:16,131.4193512,47.0294505,5210684.711,455862.5003,3.53732,100.9,TRUE,5.3,400,300
8024,2022/10/19 11:16,131.4194035,47.02944817,5210684.422,455866.4739,3.3336,98.9,TRUE,5.3,400,300
8025,2022/10/19 11:16,131.4194715,47.02944283,5210683.79,455871.6385,3.94476,91.2,TRUE,5.3,400,300
8026,2022/10/19 11:16,131.4195245,47.02943817,5210683.243,455875.6634,3.57436,87.3,TRUE,5.3,400,300
8027,2022/10/19 11:16,131.4195632,47.02943617,5210682.998,455878.6035,3.50028,100.9,TRUE,5.3,400,300
8028,2022/10/19 11:16,131.4196247,47.02944233,5210683.649,455883.2834,2.37056,96.2,TRUE,5.3,400,300
8029,2022/10/19 11:16,131.4196703,47.02945533,5210685.068,455886.7604,4.29664,109.8,TRUE,5.3,400,300
8030,2022/10/19 11:16,131.4197292,47.02944783,5210684.201,455891.2314,3.77808,84.2,TRUE,5.3,400,300
8031,2022/10/19 11:16,131.4197785,47.029442,5210683.525,455894.9741,4.12996,75.6,TRUE,5.3,400,300
8032,2022/10/19 11:16,131.4198347,47.02943083,5210682.252,455899.2369,3.74104,92.8,TRUE,5.3,400,300
8033,2022/10/19 11:16,131.4199015,47.02943383,5210682.548,455904.3171,3.7966,100.1,TRUE,5.3,400,300
8034,2022/10/19 11:16,131.4199448,47.0294355,5210682.709,455907.6099,2.1298,108,TRUE,5.3,400,300
8035,2022/10/19 11:16,131.419972,47.02943433,5210682.564,455909.6765,2.37056,92.8,TRUE,5.3,400,300
8036,2022/10/19 11:16,131.420006,47.029442,5210683.397,455912.2673,2.33352,97.9,TRUE,5.3,209,300
8037,2022/10/19 11:16,131.4200553,47.02943133,5210682.183,455916.006,3.16692,98.8,TRUE,5.3,173,300
8038,2022/10/19 11:17,131.4200942,47.02942467,5210681.421,455918.9574,2.92616,106.7,FALSE,5.3,0,300
8039,2022/10/19 11:17,131.4201342,47.02942883,5210681.861,455922.0014,2.14832,111.9,TRUE,5.3,395,300
8040,2022/10/19 11:17,131.4201648,47.0294245,5210681.362,455924.3239,1.74088,105.8,TRUE,5.3,367,300
8041,2022/10/19 11:17,131.420226,47.029423,5210681.161,455928.9747,2.8706,106.2,TRUE,5.3,400,300
8042,2022/10/19 11:17,131.4202307,47.029424,5210681.27,455929.3328,0,0,FALSE,5.3,0,300
8043,2022/10/19 11:17,131.420272,47.02942,5210680.802,455932.4689,4.167,91.9,TRUE,5.3,400,300
8044,2022/10/19 11:17,131.4203332,47.02942333,5210681.137,455937.1237,4.33368,82,TRUE,5.3,400,300
8045,2022/10/19 11:17,131.420386,47.02942383,5210681.163,455941.1376,3.4262,88.7,TRUE,5.3,400,300
8046,2022/10/19 11:17,131.4204343,47.02942333,5210681.08,455944.8087,3.1484,97.2,TRUE,5.3,400,300
8047,2022/10/19 11:17,131.4204882,47.02942533,5210681.272,455948.9075,4.27812,83.6,TRUE,5.3,400,300
8048,2022/10/19 11:17,131.4205462,47.02942233,5210680.906,455953.3138,2.64836,91.1,TRUE,5.3,400,300
8049,2022/10/19 11:17,131.4206048,47.02942583,5210681.262,455957.7711,3.31508,91.3,TRUE,5.3,400,300
8050,2022/10/19 11:17,131.4206493,47.02943133,5210681.849,455961.1582,1.62976,96,TRUE,5.3,400,300
8051,2022/10/19 11:17,131.420684,47.02942967,5210681.645,455963.7946,3.77808,92.6,TRUE,5.3,400,300
8052,2022/10/19 11:17,131.4207373,47.0294245,5210681.04,455967.8419,1.98164,84.8,TRUE,5.3,400,300
8053,2022/10/19 11:18,131.4207732,47.02942917,5210681.539,455970.5746,4.24108,82.3,TRUE,5.3,400,300
8054,2022/10/19 11:18,131.4208362,47.0294325,5210681.874,455975.3662,3.29656,97.3,TRUE,5.3,400,300
8055,2022/10/19 11:18,131.4208918,47.02942967,5210681.528,455979.5903,4.33368,90.1,TRUE,5.3,400,300
8056,2022/10/19 11:18,131.4209513,47.02942983,5210681.512,455984.1132,3.74104,98.4,TRUE,5.3,400,300
8057,2022/10/19 11:18,131.4210085,47.02942217,5210680.629,455988.4549,3.87068,102.4,TRUE,5.3,398,300
8058,2022/10/19 11:18,131.4210485,47.02941417,5210679.717,455991.4889,4.48184,105.4,TRUE,5.3,400,300
8059,2022/10/19 11:18,131.4211048,47.02940767,5210678.962,455995.7632,3.29656,91.2,TRUE,5.3,400,300
8060,2022/10/19 11:18,131.421169,47.029403,5210678.407,456000.6394,2.62984,96.2,TRUE,5.3,400,300
8061,2022/10/19 11:18,131.4212392,47.02939733,5210677.737,456005.9709,4.38924,92,TRUE,5.3,400,300
8062,2022/10/19 11:18,131.4212945,47.02940183,5210678.207,456010.1782,3.704,92.5,TRUE,5.3,400,300
8063,2022/10/19 11:18,131.4213503,47.02939833,5210677.786,456014.4169,3.0558,83.7,TRUE,5.3,400,300
8064,2022/10/19 11:18,131.4214108,47.0294015,5210678.105,456019.0184,2.88912,96.9,TRUE,5.3,400,300
8065,2022/10/19 11:18,131.4214688,47.0294055,5210678.517,456023.4305,4.20404,87,TRUE,5.3,400,300
8066,2022/10/19 11:18,131.4215297,47.02939417,5210677.223,456028.0504,3.7966,114.6,TRUE,5.3,400,300
8067,2022/10/19 11:18,131.4215753,47.029371,5210674.622,456031.4976,4.01884,149.2,FALSE,5.3,0,300
8068,2022/10/19 11:19,131.4215588,47.0293895,5210676.687,456030.2586,6.92648,343.4,FALSE,5.3,0,300
8069,2022/10/19 11:19,131.4215282,47.029456,5210684.098,456027.9872,5.9264,11.1,FALSE,5.3,0,300
8070,2022/10/19 11:19,131.4215383,47.02947617,5210686.334,456028.7715,0,0,FALSE,5.3,0,300
8071,2022/10/19 11:19,131.4215342,47.029464,5210684.984,456028.4498,3.03728,191,TRUE,5.3,400,300
8072,2022/10/19 11:19,131.4215145,47.02942783,5210680.974,456026.9226,3.38916,185.4,TRUE,5.3,400,300
8073,2022/10/19 11:19,131.4214968,47.029386,5210676.333,456025.5428,2.70392,178.8,TRUE,5.3,400,300
8074,2022/10/19 11:19,131.4214998,47.02935967,5210673.404,456025.7493,3.53732,193.6,TRUE,5.3,400,300
8075,2022/10/19 11:19,131.4214812,47.02932367,5210669.413,456024.3058,4.94484,181.5,TRUE,5.3,400,300
8076,2022/10/19 11:19,131.4214915,47.02927283,5210663.755,456025.047,4.12996,187,TRUE,5.3,400,300
8077,2022/10/19 11:19,131.4214928,47.02922967,5210658.956,456025.1104,5.96344,183.7,TRUE,5.3,400,300
8078,2022/10/19 11:19,131.4214872,47.029174,5210652.77,456024.639,4.31516,178.5,TRUE,5.3,400,300
8079,2022/10/19 11:19,131.4214853,47.02911967,5210646.731,456024.4499,5.87084,189,TRUE,5.3,400,300
8080,2022/10/19 11:19,131.421464,47.0290555,5210639.61,456022.7781,5.01892,189.3,TRUE,5.3,400,300
8081,2022/10/19 11:19,131.4214567,47.029002,5210633.666,456022.1793,5.35228,187,TRUE,5.3,400,300
8082,2022/10/19 11:19,131.4214428,47.02894317,5210627.134,456021.0743,3.50028,187,TRUE,5.3,400,300
8083,2022/10/19 11:20,131.4214422,47.028903,5210622.668,456020.9957,6.482,185.8,TRUE,5.3,400,300
8084,2022/10/19 11:20,131.4214322,47.0288385,5210615.503,456020.1826,4.7226,182.7,TRUE,5.3,400,300
8085,2022/10/19 11:20,131.42144,47.02879583,5210610.755,456020.7405,4.96336,180.5,TRUE,5.3,400,300
8086,2022/10/19 11:20,131.4214415,47.02873817,5210604.344,456020.8071,5.2782,180.1,TRUE,5.3,400,300
8087,2022/10/19 11:20,131.4214257,47.0286925,5210599.276,456019.5686,4.37072,191.6,TRUE,5.3,377,300
8088,2022/10/19 11:20,131.4214155,47.028643,5210593.779,456018.7526,6.019,188.8,TRUE,5.3,400,300
8089,2022/10/19 11:20,131.4214048,47.02858567,5210587.411,456017.8921,5.53748,187,TRUE,5.3,400,300
8090,2022/10/19 11:20,131.4213872,47.028524,5210580.565,456016.5036,6.96352,187.8,TRUE,5.3,400,300
8091,2022/10/19 11:20,131.42138,47.02846033,5210573.491,456015.904,5.90788,183.6,TRUE,5.3,400,300
8092,2022/10/19 11:20,131.421363,47.02840183,5210566.997,456014.5636,5.3708,190.6,TRUE,5.3,400,300
8093,2022/10/19 11:20,131.421364,47.0283565,5210561.957,456014.6024,4.98188,188.2,TRUE,5.3,400,300
8094,2022/10/19 11:20,131.4213663,47.02830083,5210555.767,456014.7315,5.1856,187.4,TRUE,5.3,400,300
8095,2022/10/19 11:20,131.4213617,47.02824133,5210549.155,456014.333,4.75964,188.4,TRUE,5.3,400,300
8096,2022/10/19 11:20,131.4213515,47.02817933,5210542.268,456013.5067,6.27828,175.5,TRUE,5.3,400,300
8097,2022/10/19 11:20,131.4213427,47.02811917,5210535.585,456012.7883,6.482,179.7,TRUE,5.3,400,300
8098,2022/10/19 11:21,131.4213273,47.02804883,5210527.774,456011.5599,6.25976,186.7,TRUE,5.3,400,300
8099,2022/10/19 11:21,131.4213052,47.027978,5210519.912,456009.8217,6.51904,192.6,TRUE,5.3,400,300
8100,2022/10/19 11:21,131.4213012,47.02791567,5210512.985,456009.4665,5.68564,187.1,TRUE,5.3,400,300
8101,2022/10/19 11:21,131.4212992,47.027869,5210507.798,456009.2761,3.241,190.9,TRUE,5.3,400,300
8102,2022/10/19 11:21,131.4212967,47.02781367,5210501.648,456009.0406,5.98196,196.7,TRUE,5.3,400,300
8103,2022/10/19 11:21,131.4212767,47.02773933,5210493.395,456007.4592,6.7598,190,TRUE,5.3,400,300
8104,2022/10/19 11:21,131.4212633,47.02767817,5210486.603,456006.3903,6.74128,190.4,TRUE,5.3,400,300
8105,2022/10/19 11:21,131.421241,47.02761017,5210479.056,456004.6393,6.03752,190,TRUE,5.3,400,300
8106,2022/10/19 11:21,131.421237,47.02754933,5210472.295,456004.2852,6.81536,194.8,TRUE,5.3,400,300
8107,2022/10/19 11:21,131.4212215,47.02748083,5210464.688,456003.0507,6.59312,185.9,TRUE,5.3,400,300
8108,2022/10/19 11:21,131.421214,47.027416,5210457.485,456002.4273,6.90796,184.7,TRUE,5.3,400,300
8109,2022/10/19 11:21,131.4212173,47.02735083,5210450.238,456002.6246,5.25968,190,TRUE,5.3,400,300
8110,2022/10/19 11:21,131.4212017,47.02728733,5210443.188,456001.3865,6.74128,194.8,TRUE,5.3,400,300
8111,2022/10/19 11:21,131.4211903,47.02722133,5210435.857,456000.4657,7.05612,190,TRUE,5.3,400,300
8112,2022/10/19 11:22,131.421181,47.0271505,5210427.988,455999.7005,5.48192,194.3,TRUE,5.3,400,300
8113,2022/10/19 11:22,131.4211767,47.027095,5210421.82,455999.3281,5.14856,182,TRUE,5.3,400,300
8114,2022/10/19 11:22,131.4211643,47.027037,5210415.379,455998.3378,6.13012,185.4,TRUE,5.3,400,300
8115,2022/10/19 11:22,131.4211522,47.026975,5210408.494,455997.367,5.51896,188.1,TRUE,5.3,400,300
8116,2022/10/19 11:22,131.4211473,47.02692667,5210403.123,455996.9548,4.92632,187.9,TRUE,5.3,400,300
8117,2022/10/19 11:22,131.4211398,47.026863,5210396.049,455996.3324,7.18576,187.1,TRUE,5.3,400,300
8118,2022/10/19 11:22,131.421127,47.02679967,5210389.016,455995.3073,6.50052,182.6,TRUE,5.3,400,300
8119,2022/10/19 11:22,131.42112,47.026729,5210381.164,455994.7171,5.44488,189.2,TRUE,5.3,400,300
8120,2022/10/19 11:22,131.4211192,47.02668267,5210376.013,455994.6182,6.42644,189,TRUE,5.3,400,300
8121,2022/10/19 11:22,131.4211087,47.02662233,5210369.311,455993.7704,5.59304,180.9,TRUE,5.3,400,300
8122,2022/10/19 11:22,131.4210942,47.0265565,5210362.001,455992.614,6.64868,185.2,TRUE,5.3,400,300
8123,2022/10/19 11:22,131.4210912,47.02649717,5210355.407,455992.3372,6.37088,186.7,TRUE,5.3,400,300
8124,2022/10/19 11:22,131.4210913,47.02643567,5210348.57,455992.2943,6.24124,185.6,TRUE,5.3,400,300
8125,2022/10/19 11:22,131.4210715,47.02637467,5210341.8,455990.739,6.24124,184.5,TRUE,5.3,400,300
8126,2022/10/19 11:22,131.4210665,47.02630983,5210334.594,455990.3056,6.64868,177.4,TRUE,5.3,400,300
8127,2022/10/19 11:23,131.421039,47.02625383,5210328.384,455988.1691,7.33392,183.5,TRUE,5.3,400,300
8128,2022/10/19 11:23,131.421033,47.02620517,5210322.978,455987.673,3.07432,180.1,TRUE,5.3,400,300
8129,2022/10/19 11:23,131.421029,47.026163,5210318.292,455987.3342,5.07448,182.9,TRUE,5.3,400,300
8130,2022/10/19 11:23,131.4210183,47.02610183,5210311.498,455986.4705,6.55608,189.9,TRUE,5.3,400,300
8131,2022/10/19 11:23,131.4210085,47.026041,5210304.741,455985.6756,5.16708,184.2,TRUE,5.3,400,300
8132,2022/10/19 11:23,131.4210088,47.02597567,5210297.478,455985.6447,5.94492,186.1,TRUE,5.3,400,300
8133,2022/10/19 11:23,131.4210018,47.02591633,5210290.885,455985.0638,5.35228,188.6,TRUE,5.3,400,300
8134,2022/10/19 11:23,131.4209932,47.0258555,5210284.127,455984.36,6.05604,186.6,TRUE,5.3,400,300
8135,2022/10/19 11:23,131.420995,47.025792,5210277.067,455984.4446,5.093,180.7,TRUE,5.3,400,300
8136,2022/10/19 11:23,131.4209847,47.02572733,5210269.883,455983.6085,7.29688,189,TRUE,5.3,400,300
8137,2022/10/19 11:23,131.420967,47.02566383,5210262.834,455982.2107,6.07456,198.8,TRUE,5.3,400,300
8138,2022/10/19 11:23,131.4209518,47.02560317,5210256.098,455981.0054,6.31532,189.2,TRUE,5.3,400,300
8139,2022/10/19 11:23,131.4209468,47.02554,5210249.079,455980.5733,6.61164,187.7,TRUE,5.3,400,300
8140,2022/10/19 11:23,131.4209437,47.025478,5210242.188,455980.2867,6.50052,187.9,TRUE,5.3,400,300
8141,2022/10/19 11:23,131.4209355,47.02541583,5210235.281,455979.6122,6.1116,184.1,TRUE,5.3,400,300
8142,2022/10/19 11:24,131.4209208,47.02535067,5210228.045,455978.4412,6.09308,186.1,TRUE,5.3,400,300
8143,2022/10/19 11:24,131.4209177,47.0252915,5210221.469,455978.1569,6.7598,186.4,TRUE,5.3,400,300
8144,2022/10/19 11:24,131.4209102,47.02523067,5210214.711,455977.5367,6.7598,187.9,TRUE,5.3,400,300
8145,2022/10/19 11:24,131.4208945,47.02516433,5210207.344,455976.2887,5.59304,189.3,TRUE,5.3,400,300
8146,2022/10/19 11:24,131.4208833,47.02509583,5210199.736,455975.3809,5.90788,187.5,TRUE,5.3,400,300
8147,2022/10/19 11:24,131.4208828,47.025033,5210192.751,455975.2913,6.482,181.6,TRUE,5.3,400,300
8148,2022/10/19 11:24,131.4208582,47.0249645,5210185.15,455973.3648,6.14864,181.8,TRUE,5.3,400,300
8149,2022/10/19 11:24,131.420847,47.02489783,5210177.744,455972.4586,6.5746,186.5,TRUE,5.3,400,300
8150,2022/10/19 11:24,131.4208392,47.02482933,5210170.133,455971.8093,6.6672,179.8,TRUE,5.3,400,300
8151,2022/10/19 11:24,131.4208445,47.02476517,5210162.998,455972.1595,6.07456,189,TRUE,5.3,400,300
8152,2022/10/19 11:24,131.420834,47.024708,5210156.648,455971.3143,3.74104,194.8,TRUE,5.3,400,300
8153,2022/10/19 11:24,131.4208253,47.024651,5210150.316,455970.606,6.25976,185.2,TRUE,5.3,400,300
8154,2022/10/19 11:24,131.420812,47.02458667,5210143.172,455969.542,5.79676,189.2,TRUE,5.3,400,300
8155,2022/10/19 11:24,131.4208122,47.02453017,5210136.891,455969.5108,5.72268,184.7,TRUE,5.3,400,300
8156,2022/10/19 11:24,131.4207952,47.02446,5210129.099,455968.1607,6.22272,189.5,TRUE,5.3,400,300
8157,2022/10/19 11:25,131.4207913,47.02440267,5210122.728,455967.8171,4.50036,186.6,TRUE,5.3,400,300
8158,2022/10/19 11:25,131.4207757,47.02434667,5210116.511,455966.5851,6.25976,183,TRUE,5.3,400,300
8159,2022/10/19 11:25,131.4207707,47.02427933,5210109.028,455966.1496,6.37088,187.1,TRUE,5.3,400,300
8160,2022/10/19 11:25,131.420756,47.02421233,5210101.588,455964.977,4.70408,183.8,TRUE,5.3,400,300
8161,2022/10/19 11:25,131.4207558,47.02416433,5210096.251,455964.9224,6.68572,183.6,TRUE,5.3,400,300
8162,2022/10/19 11:25,131.4207378,47.02409867,5210088.962,455963.5,6.5746,182.7,TRUE,5.3,400,300
8163,2022/10/19 11:25,131.4207312,47.02403917,5210082.351,455962.9493,4.27812,180.7,TRUE,5.3,400,300
8164,2022/10/19 11:25,131.4207033,47.02397483,5210075.214,455960.7754,5.68564,191.8,TRUE,5.3,400,300
8165,2022/10/19 11:25,131.4206945,47.02391417,5210068.475,455960.0565,4.74112,191.6,TRUE,5.3,400,300
8166,2022/10/19 11:25,131.4206895,47.023856,5210062.011,455959.6286,6.79684,185.1,TRUE,5.3,400,300
8167,2022/10/19 11:25,131.420682,47.02379433,5210055.16,455959.0077,6.64868,186.6,TRUE,5.3,400,300
8168,2022/10/19 11:25,131.4206743,47.02373417,5210048.476,455958.3728,6.8524,182.7,TRUE,5.3,400,300
8169,2022/10/19 11:25,131.4206702,47.02367017,5210041.363,455958.0085,3.53732,188.7,TRUE,5.3,400,300
8170,2022/10/19 11:25,131.4206642,47.02362967,5210036.864,455957.5191,7.48208,186.2,TRUE,5.3,400,300
8171,2022/10/19 11:25,131.4206422,47.023566,5210029.798,455955.7942,3.94476,193,TRUE,5.3,400,300
8172,2022/10/19 11:26,131.4206383,47.02351783,5210024.446,455955.4581,4.98188,188,TRUE,5.3,400,300
8173,2022/10/19 11:26,131.4206253,47.023455,5210017.468,455954.4181,5.6486,189.9,TRUE,5.3,400,300
8174,2022/10/19 11:26,131.4206145,47.02339217,5210010.489,455953.5454,5.77824,186.4,TRUE,5.3,400,300
8175,2022/10/19 11:26,131.4206003,47.0233265,5210003.197,455952.4119,5.98196,191,TRUE,5.3,400,300
8176,2022/10/19 11:26,131.4205875,47.02326217,5209996.052,455951.3859,6.70424,186.3,TRUE,5.3,400,300
8177,2022/10/19 11:26,131.4205865,47.02319217,5209988.271,455951.2523,6.68572,190.1,TRUE,5.3,400,300
8178,2022/10/19 11:26,131.4205808,47.02313067,5209981.437,455950.7684,6.18568,184.4,TRUE,5.3,400,300
8179,2022/10/19 11:26,131.4205547,47.02306533,5209974.188,455948.7304,5.94492,197.5,TRUE,5.3,400,300
8180,2022/10/19 11:26,131.4205548,47.02302817,5209970.057,455948.7074,6.81536,181.1,TRUE,5.3,400,300
8181,2022/10/19 11:26,131.4205523,47.02296317,5209962.832,455948.4639,6.72276,181,TRUE,5.3,400,300
8182,2022/10/19 11:26,131.4205493,47.022907,5209956.589,455948.1896,6.1116,185.6,TRUE,5.3,400,300
8183,2022/10/19 11:26,131.4205412,47.0228465,5209949.868,455947.5241,5.8338,195.1,TRUE,5.3,400,300
8184,2022/10/19 11:26,131.4205278,47.02278633,5209943.186,455946.4559,5.25968,188.9,TRUE,5.3,400,300
8185,2022/10/19 11:26,131.4205093,47.022729,5209936.823,455945.0023,5.07448,191.1,TRUE,5.3,400,300
8186,2022/10/19 11:26,131.4205148,47.02266667,5209929.891,455945.3691,7.11168,192.8,TRUE,5.3,400,300
8187,2022/10/19 11:27,131.4205132,47.02260733,5209923.295,455945.1987,4.27812,190.4,TRUE,5.3,400,300
8188,2022/10/19 11:27,131.420495,47.0225495,5209916.876,455943.7675,6.13012,193,TRUE,5.3,400,300
8189,2022/10/19 11:27,131.4204908,47.02248817,5209910.06,455943.3977,6.5746,188.8,TRUE,5.3,400,300
8190,2022/10/19 11:27,131.4204903,47.02242533,5209903.075,455943.308,5.57452,188.6,TRUE,5.3,400,300
8191,2022/10/19 11:27,131.4204845,47.02237217,5209897.168,455942.8233,5.29672,189.7,TRUE,5.3,400,300
8192,2022/10/19 11:27,131.4204732,47.022317,5209891.041,455941.9189,6.33384,185.5,TRUE,5.3,400,300
8193,2022/10/19 11:27,131.4204583,47.022257,5209884.379,455940.7368,6.3894,191.8,TRUE,5.3,400,300
8194,2022/10/19 11:27,131.4204485,47.0221925,5209877.214,455939.9387,5.9264,186.7,TRUE,5.3,400,300
8195,2022/10/19 11:27,131.4204507,47.02212417,5209869.617,455940.0497,6.59312,193.4,TRUE,5.3,400,300
8196,2022/10/19 11:27,131.4204375,47.022042,5209860.489,455938.9786,5.88936,187.4,TRUE,5.3,400,300
8197,2022/10/19 11:27,131.420426,47.02197967,5209853.566,455938.053,5.90788,188.1,TRUE,5.3,400,300
8198,2022/10/19 11:27,131.4204143,47.02192767,5209847.792,455937.1207,5.14856,179.7,TRUE,5.3,400,300
8199,2022/10/19 11:27,131.4204055,47.0218735,5209841.775,455936.4071,5.16708,185.8,TRUE,5.3,400,300
8200,2022/10/19 11:27,131.4203928,47.02182933,5209836.872,455935.4053,4.09292,192.2,TRUE,5.3,400,300
8201,2022/10/19 11:27,131.4203795,47.021773,5209830.617,455934.3478,6.37088,162.1,TRUE,5.3,136,300
8202,2022/10/19 11:28,131.4204655,47.02173333,5209826.158,455940.8533,6.27828,94.2,FALSE,5.3,0,300
8203,2022/10/19 11:28,131.420594,47.021755,5209828.495,455950.6403,5.29672,45.1,FALSE,5.3,0,300
8204,2022/10/19 11:28,131.420626,47.02177517,5209830.719,455953.0897,0,17.6,FALSE,5.3,0,300
8205,2022/10/19 11:28,131.4206268,47.02177717,5209830.941,455953.1522,0,0,FALSE,5.3,0,300
8206,2022/10/19 11:28,131.4206422,47.02179317,5209832.711,455954.3361,1.44456,12.9,FALSE,5.3,0,300
8207,2022/10/19 11:28,131.4206677,47.02182117,5209835.81,455956.2978,4.00032,30.3,TRUE,5.3,400,300
8208,2022/10/19 11:28,131.4206877,47.02185367,5209839.412,455957.845,2.55576,22.4,TRUE,5.3,400,300
8209,2022/10/19 11:28,131.4207085,47.0218925,5209843.717,455959.4582,3.62992,21.3,TRUE,5.3,399,300
8210,2022/10/19 11:28,131.4207327,47.02192817,5209847.669,455961.3274,3.50028,11.3,TRUE,5.3,400,300
8211,2022/10/19 11:28,131.4207382,47.02197483,5209852.853,455961.7839,4.27812,16.3,TRUE,5.3,400,300
8212,2022/10/19 11:28,131.4207555,47.02202217,5209858.106,455963.138,5.556,12.8,TRUE,5.3,400,300
8213,2022/10/19 11:28,131.4207617,47.02207467,5209863.939,455963.6526,5.98196,18.3,TRUE,5.3,400,300
8214,2022/10/19 11:28,131.4207727,47.02213833,5209871.01,455964.5412,6.27828,10.1,TRUE,5.3,400,300
8215,2022/10/19 11:28,131.4207777,47.02220067,5209877.937,455964.9726,6.51904,4,TRUE,5.3,400,300
8216,2022/10/19 11:28,131.4208007,47.02226817,5209885.428,455966.7766,7.09316,11.7,TRUE,5.3,400,300
8217,2022/10/19 11:29,131.4208215,47.02233417,5209892.754,455968.4122,6.50052,12.1,TRUE,5.3,400,300
8218,2022/10/19 11:29,131.420824,47.0224045,5209900.571,455968.6601,7.20428,6.4,TRUE,5.3,400,300
8219,2022/10/19 11:29,131.4208382,47.0224645,5209907.234,455969.7889,6.44496,11.5,TRUE,5.3,400,300
8220,2022/10/19 11:29,131.4208557,47.02252617,5209914.08,455971.1701,4.85224,6.5,TRUE,5.3,400,300
8221,2022/10/19 11:29,131.4208625,47.02259017,5209921.191,455971.7396,6.945,13.7,TRUE,5.3,400,300
8222,2022/10/19 11:29,131.4208708,47.02264817,5209927.634,455972.4183,6.87092,11.6,TRUE,5.3,400,300
8223,2022/10/19 11:29,131.4208737,47.02271733,5209935.321,455972.6956,6.68572,11.8,TRUE,5.3,400,300
8224,2022/10/19 11:29,131.420866,47.022787,5209943.07,455972.1675,6.25976,10.1,TRUE,5.3,400,300
8225,2022/10/19 11:29,131.420879,47.02284583,5209949.603,455973.2042,6.31532,8.2,TRUE,5.3,400,300
8226,2022/10/19 11:29,131.4208813,47.02290283,5209955.939,455973.4259,6.22272,9.8,TRUE,5.3,400,300
8227,2022/10/19 11:29,131.4208928,47.02295667,5209961.918,455974.3445,5.16708,12.3,TRUE,5.3,400,300
8228,2022/10/19 11:29,131.4209047,47.02301433,5209968.321,455975.2965,6.40792,6.7,TRUE,5.3,400,300
8229,2022/10/19 11:29,131.4209177,47.02308017,5209975.633,455976.339,7.51912,4,TRUE,5.3,400,300
8230,2022/10/19 11:29,131.4209162,47.02314383,5209982.711,455976.2773,5.31524,10.9,TRUE,5.3,400,300
8231,2022/10/19 11:29,131.4209138,47.02320383,5209989.383,455976.1441,6.72276,10.2,TRUE,5.3,400,300
8232,2022/10/19 11:30,131.4209335,47.02326467,5209996.136,455977.6918,6.64868,13,TRUE,5.3,400,300
8233,2022/10/19 11:30,131.4209617,47.0233245,5210002.771,455979.8848,6.96352,7.7,TRUE,5.3,400,300
8234,2022/10/19 11:30,131.4209707,47.02339633,5210010.751,455980.6281,6.55608,12.6,TRUE,5.3,400,300
8235,2022/10/19 11:30,131.4209762,47.02345267,5210017.012,455981.0925,6.18568,14.7,TRUE,5.3,396,300
8236,2022/10/19 11:30,131.4209842,47.02351767,5210024.233,455981.7541,6.8524,9.7,TRUE,5.3,400,300
8237,2022/10/19 11:30,131.4209898,47.02357067,5210030.122,455982.2234,2.66688,9.9,TRUE,5.3,400,300
8238,2022/10/19 11:30,131.4209898,47.02358433,5210031.641,455982.2346,0,47.1,FALSE,5.3,0,300
8239,2022/10/19 11:30,131.4209817,47.0235795,5210031.108,455981.6149,0,0,FALSE,5.3,0,300
8240,2022/10/19 11:30,131.4209788,47.02357883,5210031.036,455981.3939,0,0,FALSE,5.3,0,300
8241,2022/10/19 11:30,131.4209802,47.023582,5210031.387,455981.5029,0,0,FALSE,5.3,0,300
8242,2022/10/19 11:30,131.4209913,47.02362167,5210035.791,455982.3794,4.2596,18.9,TRUE,5.3,400,300
8243,2022/10/19 11:30,131.4210028,47.02366817,5210040.954,455983.2918,3.74104,22.9,TRUE,5.3,400,300
8244,2022/10/19 11:30,131.4210142,47.02369083,5210043.467,455984.1771,3.64844,32.3,TRUE,5.3,400,300
8245,2022/10/19 11:30,131.4210422,47.023724,5210047.139,455986.333,3.62992,30.9,TRUE,5.3,400,300
8246,2022/10/19 11:30,131.4210535,47.02376133,5210051.282,455987.2227,4.00032,24.5,TRUE,5.3,400,300
8247,2022/10/19 11:31,131.4210408,47.0237915,5210054.643,455986.282,0,0,FALSE,5.3,0,300
8248,2022/10/19 11:31,131.4210405,47.02380267,5210055.885,455986.2684,2.4076,203.4,TRUE,5.3,400,300
8249,2022/10/19 11:31,131.4210407,47.02380017,5210055.607,455986.2816,0,0,FALSE,5.3,0,300
8250,2022/10/19 11:31,131.421041,47.02379883,5210055.458,455986.3033,4.63,204,TRUE,5.3,248,300
8251,2022/10/19 11:31,131.421037,47.0237585,5210050.977,455985.966,6.68572,183.7,FALSE,5.3,0,300
8252,2022/10/19 11:31,131.4210127,47.02369433,5210043.857,455984.0659,5.77824,214.4,FALSE,5.3,0,300
8253,2022/10/19 11:31,131.4209805,47.02364333,5210038.205,455981.5761,6.22272,191,FALSE,5.3,0,300
8254,2022/10/19 11:31,131.4209695,47.023583,5210031.504,455980.6903,5.22264,179.9,FALSE,5.3,0,300
8255,2022/10/19 11:31,131.4209682,47.02356383,5210029.374,455980.5757,0,55.4,FALSE,5.3,0,300
8256,2022/10/19 11:31,131.4209697,47.02356517,5210029.522,455980.6908,3.03728,7.7,TRUE,5.3,397,300
8257,2022/10/19 11:31,131.4209972,47.02362467,5210036.121,455982.8303,4.9078,10.2,TRUE,5.3,400,300
8258,2022/10/19 11:31,131.4210062,47.02368883,5210043.249,455983.5673,4.85224,4,TRUE,5.3,400,300
8259,2022/10/19 11:31,131.4210132,47.02374333,5210049.304,455984.1442,5.61156,14.1,TRUE,5.3,400,300
8260,2022/10/19 11:31,131.4210203,47.0237975,5210055.322,455984.7285,4.88928,8.7,TRUE,5.3,400,300
8261,2022/10/19 11:31,131.421039,47.02385067,5210061.222,455986.1938,5.68564,4.8,TRUE,5.3,400,300
8262,2022/10/19 11:32,131.4210405,47.02391417,5210068.281,455986.3601,7.63024,11,TRUE,5.3,400,300
8263,2022/10/19 11:32,131.421039,47.02398567,5210076.23,455986.3048,5.70416,9.3,TRUE,5.3,400,300
8264,2022/10/19 11:32,131.4210442,47.02405283,5210083.694,455986.7553,5.20412,13.7,TRUE,5.3,400,300
8265,2022/10/19 11:32,131.4210582,47.02410117,5210089.06,455987.8593,5.40784,9.9,TRUE,5.3,400,300
8266,2022/10/19 11:32,131.4210653,47.02416567,5210096.226,455988.4521,6.07456,12.3,TRUE,5.3,400,300
8267,2022/10/19 11:32,131.421068,47.02421783,5210102.024,455988.7002,6.70424,10.8,TRUE,5.3,400,300
8268,2022/10/19 11:32,131.421084,47.02428133,5210109.074,455989.9688,6.44496,10,TRUE,5.3,400,300
8269,2022/10/19 11:32,131.4210872,47.02435133,5210116.854,455990.2696,6.33384,10.2,TRUE,5.3,400,300
8270,2022/10/19 11:32,131.4210943,47.02442,5210124.484,455990.8657,5.94492,11.3,TRUE,5.3,400,300
8271,2022/10/19 11:32,131.4211028,47.02447483,5210130.575,455991.557,5.77824,11.7,TRUE,5.3,400,300
8272,2022/10/19 11:32,131.42112,47.02453567,5210137.329,455992.9145,4.7226,8,TRUE,5.3,400,300
8273,2022/10/19 11:32,131.4211367,47.02458383,5210142.674,455994.2237,6.1116,11.9,TRUE,5.3,400,300
8274,2022/10/19 11:32,131.4211452,47.024638,5210148.691,455994.9144,5.68564,14,TRUE,5.3,388,300
8275,2022/10/19 11:32,131.4211582,47.02471317,5210157.04,455995.9644,5.51896,12.5,TRUE,5.3,400,300
8276,2022/10/19 11:32,131.4211608,47.02476767,5210163.098,455996.2068,5.38932,14.1,TRUE,5.3,400,300
8277,2022/10/19 11:33,131.4211598,47.02482133,5210169.064,455996.1749,5.1856,6.1,TRUE,5.3,400,300
8278,2022/10/19 11:33,131.4211623,47.024877,5210175.251,455996.4107,5.3708,12,TRUE,5.3,400,300
8279,2022/10/19 11:33,131.421165,47.02493433,5210181.623,455996.6631,5.53748,14.5,TRUE,5.3,400,300
8280,2022/10/19 11:33,131.4211667,47.02499767,5210188.664,455996.8444,5.59304,13.4,TRUE,5.3,400,300
8281,2022/10/19 11:33,131.4211748,47.0250635,5210195.978,455997.5142,5.87084,6.3,TRUE,5.3,400,300
8282,2022/10/19 11:33,131.4211917,47.02511617,5210201.823,455998.8422,5.63008,6.9,TRUE,5.3,400,300
8283,2022/10/19 11:33,131.4212017,47.02517483,5210208.339,455999.6506,5.48192,11.8,TRUE,5.3,400,300
8284,2022/10/19 11:33,131.4212095,47.02523867,5210215.432,456000.2961,5.85232,12.7,TRUE,5.3,400,300
8285,2022/10/19 11:33,131.4212175,47.02530067,5210222.32,456000.9552,6.14864,9.9,TRUE,5.3,400,300
8286,2022/10/19 11:33,131.4212233,47.02535817,5210228.709,456001.4433,6.22272,11.6,TRUE,5.3,400,300
8287,2022/10/19 11:33,131.4212353,47.02541667,5210235.206,456002.4036,5.81528,16,TRUE,5.3,400,300
8288,2022/10/19 11:33,131.4212468,47.0254815,5210242.407,456003.3311,5.63008,11.2,TRUE,5.3,400,300
8289,2022/10/19 11:33,131.4212708,47.0255415,5210249.063,456005.2049,5.94492,9.2,TRUE,5.3,400,300
8290,2022/10/19 11:33,131.4212822,47.02560783,5210256.431,456006.126,5.44488,4.5,TRUE,5.3,400,300
8291,2022/10/19 11:33,131.4212845,47.02566633,5210262.933,456006.3489,5.11152,3.3,TRUE,5.3,400,300
8292,2022/10/19 11:34,131.4212993,47.02571667,5210268.521,456007.5154,7.25984,10.8,TRUE,5.3,400,300
8293,2022/10/19 11:34,131.4213008,47.02578333,5210275.931,456007.6842,5.2782,10.1,TRUE,5.3,400,300
8294,2022/10/19 11:34,131.4213075,47.02583983,5210282.208,456008.2399,6.72276,14.4,TRUE,5.3,400,300
8295,2022/10/19 11:34,131.4213313,47.025896,5210288.439,456010.0953,6.72276,9.2,TRUE,5.3,400,300
8296,2022/10/19 11:34,131.4213375,47.025961,5210295.662,456010.62,7.42652,8.4,TRUE,5.3,400,300
8297,2022/10/19 11:34,131.4213337,47.02604767,5210305.299,456010.4023,7.90804,9,TRUE,5.3,400,300
8298,2022/10/19 11:34,131.4213358,47.02611317,5210312.58,456010.6158,7.3154,15.3,TRUE,5.3,400,300
8299,2022/10/19 11:34,131.4213555,47.02618,5210319.998,456012.1683,6.22272,3.6,TRUE,5.3,400,300
8300,2022/10/19 11:34,131.4213755,47.026239,5210326.546,456013.7371,7.33392,8.2,TRUE,5.3,400,300
8301,2022/10/19 11:34,131.421385,47.026303,5210333.656,456014.5118,5.96344,7.1,TRUE,5.3,400,300
8302,2022/10/19 11:34,131.4213947,47.0263735,5210341.488,456015.3071,6.33384,6.3,TRUE,5.3,400,300
8303,2022/10/19 11:34,131.4214057,47.0264435,5210349.264,456016.2008,5.94492,8,TRUE,5.3,400,300
8304,2022/10/19 11:34,131.4214102,47.02650433,5210356.024,456016.5929,6.22272,17.9,TRUE,5.3,400,300
8305,2022/10/19 11:34,131.4214307,47.0265695,5210363.257,456018.2048,6.63016,10.5,TRUE,5.3,400,300
8306,2022/10/19 11:34,131.4214608,47.0266305,5210370.022,456020.543,5.96344,8.5,TRUE,5.3,400,300
8307,2022/10/19 11:35,131.4214743,47.02669533,5210377.221,456021.6225,4.61148,12.9,TRUE,5.3,400,300
8308,2022/10/19 11:35,131.4214748,47.02674783,5210383.058,456021.7037,8.22288,8.8,TRUE,5.3,400,300
8309,2022/10/19 11:35,131.4214833,47.0267895,5210387.685,456022.384,6.5746,13.2,TRUE,5.3,259,300
8310,2022/10/19 11:35,131.4214988,47.02686083,5210395.606,456023.6209,5.31524,16.3,TRUE,5.3,400,300
8311,2022/10/19 11:35,131.421501,47.026907,5210400.738,456023.826,2.92616,18.5,TRUE,5.3,400,300
8312,2022/10/19 11:35,131.4215022,47.02696967,5210407.704,456023.9687,7.44504,13.7,TRUE,5.3,400,300
8313,2022/10/19 11:35,131.4215087,47.0270505,5210416.687,456024.5292,7.11168,14.7,TRUE,5.3,400,300
8314,2022/10/19 11:35,131.4215193,47.0271255,5210425.019,456025.3966,7.35244,11.2,TRUE,5.3,400,300
8315,2022/10/19 11:35,131.4215392,47.02717483,5210430.491,456026.9499,6.2042,4,TRUE,5.3,400,300
8316,2022/10/19 11:35,131.4215497,47.02722633,5210436.211,456027.7903,5.22264,2.9,TRUE,5.3,400,300
8317,2022/10/19 11:35,131.4215635,47.027285,5210442.725,456028.8876,6.68572,11.1,TRUE,5.3,400,300
8318,2022/10/19 11:35,131.4215758,47.02733267,5210448.018,456029.8617,5.51896,13.6,TRUE,5.3,370,300
8319,2022/10/19 11:35,131.4216032,47.02738417,5210453.728,456031.9869,5.59304,13.4,TRUE,5.3,400,300
8320,2022/10/19 11:35,131.4216242,47.02744367,5210460.331,456033.6321,6.40792,13.6,TRUE,5.3,400,300
8321,2022/10/19 11:35,131.4216368,47.02750683,5210467.345,456034.6418,6.18568,13.8,TRUE,5.3,400,300
8322,2022/10/19 11:36,131.4216222,47.02757717,5210475.173,456033.5897,7.38948,13.1,TRUE,5.3,400,300
8323,2022/10/19 11:36,131.4216258,47.02763617,5210481.73,456033.9118,5.4634,10.1,TRUE,5.3,400,300
8324,2022/10/19 11:36,131.4216345,47.0276995,5210488.766,456034.6251,5.35228,20.6,TRUE,5.3,400,300
8325,2022/10/19 11:36,131.4216437,47.02777317,5210496.951,456035.385,6.70424,13.7,TRUE,5.3,400,300
8326,2022/10/19 11:36,131.4216378,47.02785267,5210505.792,456035.0018,6.33384,19.8,TRUE,5.3,400,300
8327,2022/10/19 11:36,131.421645,47.027917,5210512.94,456035.6019,6.3894,18.1,TRUE,5.3,400,300
8328,2022/10/19 11:36,131.4216352,47.02799117,5210521.191,456034.9178,6.13012,19.5,TRUE,5.3,400,300
8329,2022/10/19 11:36,131.4216325,47.0280635,5210529.233,456034.772,5.38932,7.4,TRUE,5.3,400,300
8330,2022/10/19 11:36,131.4216415,47.0281225,5210535.787,456035.5046,6.2042,17.9,TRUE,5.3,400,300
8331,2022/10/19 11:36,131.4216497,47.02818517,5210542.75,456036.1794,5.22264,9.1,TRUE,5.3,400,300
8332,2022/10/19 11:36,131.4216563,47.0282415,5210549.008,456036.7273,6.019,8.8,TRUE,5.3,400,300
8333,2022/10/19 11:36,131.4216683,47.028295,5210554.949,456037.6834,4.167,17.6,TRUE,5.3,400,300
8334,2022/10/19 11:36,131.4216705,47.028333,5210559.173,456037.8819,4.46332,18.4,TRUE,5.3,400,300
8335,2022/10/19 11:36,131.4216833,47.0283745,5210563.779,456038.8889,4.31516,17.8,TRUE,5.3,400,300
8336,2022/10/19 11:36,131.4216747,47.0284245,5210569.342,456038.2763,4.77816,4.2,TRUE,5.3,400,300
8337,2022/10/19 11:37,131.4216577,47.02847733,5210575.225,456037.0274,4.24108,7.3,TRUE,5.3,400,300
8338,2022/10/19 11:37,131.4216503,47.02853617,5210581.771,456036.5132,4.3522,9.3,TRUE,5.3,400,300
8339,2022/10/19 11:37,131.4216655,47.02858017,5210586.654,456037.7047,4.92632,3.6,TRUE,5.3,400,300
8340,2022/10/19 11:37,131.421688,47.02861183,5210590.161,456039.4411,4.05588,13.7,TRUE,5.3,400,300
8341,2022/10/19 11:37,131.421682,47.02865183,5210594.611,456039.0178,3.92624,328.5,TRUE,5.3,400,300
8342,2022/10/19 11:37,131.4216452,47.02871033,5210601.135,456036.2685,4.31516,328.8,TRUE,5.3,400,300
8343,2022/10/19 11:37,131.4216152,47.0287495,5210605.506,456034.0202,3.7966,1.1,TRUE,5.3,196,300
8344,2022/10/19 11:37,131.4216107,47.02878567,5210609.53,456033.7079,4.75964,24.7,TRUE,5.3,348,300
8345,2022/10/19 11:37,131.4216233,47.02881383,5210612.653,456034.6888,4.75964,27.1,TRUE,5.3,400,300
8346,2022/10/19 11:37,131.4216125,47.02885333,5210617.051,456033.9002,3.704,1.9,TRUE,5.3,400,300
8347,2022/10/19 11:37,131.4216078,47.02889633,5210621.834,456033.5783,3.7966,18.8,TRUE,5.3,400,300
8348,2022/10/19 11:37,131.4216168,47.02895,5210627.795,456034.3065,3.62992,14,TRUE,5.3,400,300
8349,2022/10/19 11:37,131.4216097,47.02899433,5210632.727,456033.8032,3.83364,14.6,TRUE,5.3,400,300
8350,2022/10/19 11:37,131.4215982,47.02902833,5210636.514,456032.9569,4.96336,26.6,TRUE,5.3,400,300
8351,2022/10/19 11:37,131.4216147,47.02908883,5210643.23,456034.2609,4.63,21.3,TRUE,5.3,400,300
8352,2022/10/19 11:38,131.421621,47.02913933,5210648.841,456034.7812,4.31516,13.7,TRUE,5.3,400,300
8353,2022/10/19 11:38,131.421636,47.02919033,5210654.502,456035.9633,5.22264,18.3,TRUE,5.3,400,300
8354,2022/10/19 11:38,131.4216437,47.0292435,5210660.409,456036.5923,4.77816,19.5,TRUE,5.3,400,300
8355,2022/10/19 11:38,131.421637,47.029306,5210667.361,456036.1343,4.4448,20.2,TRUE,5.3,400,300
8356,2022/10/19 11:38,131.4216758,47.0293445,5210671.619,456039.1153,3.07432,64.6,TRUE,5.3,148,300
8357,2022/10/19 11:38,131.4216688,47.0293275,5210669.733,456038.5692,5.2782,238.8,FALSE,5.3,0,300
8358,2022/10/19 11:38,131.42161,47.02930517,5210667.284,456034.0813,4.50036,262.5,FALSE,5.3,0,300
8359,2022/10/19 11:38,131.4215648,47.02930067,5210666.809,456030.6417,0,0,FALSE,5.3,0,300
8360,2022/10/19 11:38,131.4215855,47.02930467,5210667.242,456032.2185,2.83356,102.5,TRUE,5.3,400,300
8361,2022/10/19 11:38,131.4216245,47.029304,5210667.145,456035.1825,4.14848,111.8,TRUE,5.3,400,300
8362,2022/10/19 11:38,131.4216717,47.02929083,5210665.655,456038.7596,0,104.3,FALSE,5.3,0,300
8363,2022/10/19 11:38,131.421632,47.02930083,5210666.789,456035.75,4.96336,301.3,FALSE,5.3,0,300
8364,2022/10/19 11:38,131.4216032,47.02931617,5210668.51,456033.5734,3.85216,163,FALSE,5.3,0,300
8365,2022/10/19 11:38,131.4216188,47.0292895,5210665.537,456034.7373,3.704,169.7,TRUE,5.3,400,300
8366,2022/10/19 11:38,131.42161,47.0292615,5210662.429,456034.0454,3.38916,188.6,TRUE,5.3,400,300
8367,2022/10/19 11:39,131.4216003,47.029226,5210658.488,456033.2789,3.87068,185.8,TRUE,5.3,400,300
8368,2022/10/19 11:39,131.4215898,47.02918733,5210654.195,456032.449,3.96328,182.4,TRUE,5.3,400,300
8369,2022/10/19 11:39,131.4215843,47.029147,5210649.714,456031.9978,3.62992,181.7,TRUE,5.3,400,300
8370,2022/10/19 11:39,131.4215842,47.0291105,5210645.657,456031.9602,2.92616,191.2,TRUE,5.3,356,300
8371,2022/10/19 11:39,131.4216075,47.0290795,5210642.197,456033.7059,4.33368,190,TRUE,5.3,400,300
8372,2022/10/19 11:39,131.4216112,47.02903483,5210637.229,456033.9505,4.01884,194.3,TRUE,5.3,400,300
8373,2022/10/19 11:39,131.4215995,47.02899183,5210632.455,456033.0258,4.05588,191.8,TRUE,5.3,400,300
8374,2022/10/19 11:39,131.4215885,47.02895917,5210628.831,456032.1628,2.88912,184.3,TRUE,5.3,400,300
8375,2022/10/19 11:39,131.421575,47.02893267,5210625.892,456031.1149,2.79652,189.1,TRUE,5.3,400,300
8376,2022/10/19 11:39,131.4215783,47.0289015,5210622.425,456031.3401,1.4816,217.8,TRUE,5.3,400,300
8377,2022/10/19 11:39,131.4215685,47.0288745,5210619.429,456030.573,4.38924,195.5,TRUE,5.3,400,300
8378,2022/10/19 11:39,131.4215727,47.02883667,5210615.221,456030.8612,2.4076,199.3,TRUE,5.3,400,300
8379,2022/10/19 11:39,131.421565,47.02883767,5210615.336,456030.2767,0,0,FALSE,5.3,0,300
8380,2022/10/19 11:39,131.4215717,47.02888033,5210620.075,456030.821,5.75972,352.3,FALSE,5.3,0,300
8381,2022/10/19 11:39,131.4215645,47.02892967,5210625.565,456030.3142,5.2782,327.8,FALSE,5.3,0,300
8382,2022/10/19 11:40,131.421542,47.028982,5210631.395,456028.6469,5.16708,350.9,FALSE,5.3,0,300
8383,2022/10/19 11:40,131.421548,47.0290525,5210639.229,456029.1609,5.94492,358.7,FALSE,5.3,0,300
8384,2022/10/19 11:40,131.4215475,47.0291065,5210645.232,456029.1672,1.37048,344.1,FALSE,5.3,0,300
8385,2022/10/19 11:40,131.4215337,47.02908017,5210642.313,456028.0966,1.18528,347.9,TRUE,5.3,212,300
8386,2022/10/19 11:40,131.4215443,47.02904417,5210638.305,456028.8728,3.704,186,TRUE,5.3,400,300
8387,2022/10/19 11:40,131.4215432,47.02899417,5210632.747,456028.7481,3.96328,187.5,TRUE,5.3,400,300
8388,2022/10/19 11:40,131.4215415,47.02895567,5210628.468,456028.5872,3.6114,192.2,TRUE,5.3,400,300
8389,2022/10/19 11:40,131.421539,47.0289165,5210624.115,456028.365,3.7966,195.4,TRUE,5.3,400,300
8390,2022/10/19 11:40,131.421537,47.02888267,5210620.355,456028.1852,3.44472,204.5,TRUE,5.3,400,300
8391,2022/10/19 11:40,131.4215055,47.0288535,5210617.13,456025.7668,2.85208,221.8,TRUE,5.3,400,300
8392,2022/10/19 11:40,131.421505,47.02885467,5210617.26,456025.7298,0,0,FALSE,5.3,0,300
8393,2022/10/19 11:40,131.4215418,47.02889467,5210621.686,456028.56,0.90748,18.2,FALSE,5.3,0,300
8394,2022/10/19 11:40,131.4215155,47.02887983,5210620.051,456026.5486,4.59296,244.5,FALSE,5.3,0,300
8395,2022/10/19 11:40,131.4215072,47.0288755,5210619.575,456025.9141,4.68556,75.2,FALSE,5.3,0,300
8396,2022/10/19 11:40,131.4215997,47.02886417,5210618.263,456032.9362,4.57444,90.1,FALSE,5.3,0,300
8397,2022/10/19 11:41,131.421656,47.02885467,5210617.175,456037.208,2.4076,279.6,FALSE,5.3,0,300
8398,2022/10/19 11:41,131.4216523,47.02885567,5210617.289,456036.9276,1.87052,298.7,TRUE,5.3,209,300
8399,2022/10/19 11:41,131.421614,47.02885667,5210617.421,456034.017,0,277.5,FALSE,5.3,0,300
8400,2022/10/19 11:41,131.4216142,47.0288535,5210617.069,456034.0296,5.48192,273.4,TRUE,5.3,213,300
8401,2022/10/19 11:41,131.4215423,47.02884967,5210616.683,456028.561,2.9632,254.3,TRUE,5.3,400,300
8402,2022/10/19 11:41,131.4214647,47.02883833,5210615.466,456022.6529,5.44488,224.9,TRUE,5.3,149,300
8403,2022/10/19 11:41,131.421431,47.028792,5210610.335,456020.0532,5.3708,177.8,TRUE,5.3,260,300
8404,2022/10/19 11:41,131.4214268,47.02872267,5210602.629,456019.677,4.63,145,TRUE,5.3,217,300
8405,2022/10/19 11:41,131.4214568,47.02866983,5210596.738,456021.914,4.12996,170.5,TRUE,5.3,225,300
8406,2022/10/19 11:41,131.4214503,47.02862983,5210592.295,456021.3871,0.79636,198.6,TRUE,5.3,252,300
8407,2022/10/19 11:41,131.4214588,47.02867217,5210596.997,456022.068,4.29664,10.7,FALSE,5.3,0,300
8408,2022/10/19 11:41,131.4214897,47.028728,5210603.187,456024.4627,2.8706,11.4,FALSE,5.3,0,300
8409,2022/10/19 11:41,131.4214902,47.02874917,5210605.54,456024.5181,0.48152,9.2,FALSE,5.3,0,300
8410,2022/10/19 11:41,131.4214825,47.02874167,5210604.71,456023.9266,0,0,FALSE,5.3,0,300
8411,2022/10/19 11:41,131.4214718,47.02871833,5210602.122,456023.0941,4.27812,205.3,TRUE,5.3,400,300
8412,2022/10/19 11:42,131.4214825,47.028666,5210596.298,456023.8645,3.96328,195.2,TRUE,5.3,400,300
8413,2022/10/19 11:42,131.4214747,47.02861467,5210590.596,456023.2294,3.83364,198.5,TRUE,5.3,400,300
8414,2022/10/19 11:42,131.4214478,47.0285645,5210585.034,456021.1434,5.9264,191.8,TRUE,5.3,400,300
8415,2022/10/19 11:42,131.421446,47.0285025,5210578.142,456020.9556,4.55592,193,TRUE,5.3,400,300
8416,2022/10/19 11:42,131.4214407,47.0284515,5210572.475,456020.5108,6.79684,187.2,TRUE,5.3,400,300
8417,2022/10/19 11:42,131.421448,47.0283895,5210565.579,456021.0148,7.2228,186.2,TRUE,5.3,400,300
8418,2022/10/19 11:42,131.421431,47.028324,5210558.307,456019.6688,5.79676,194.1,TRUE,5.3,400,300
8419,2022/10/19 11:42,131.4214137,47.028256,5210550.757,456018.2978,6.70424,193.2,TRUE,5.3,400,300
8420,2022/10/19 11:42,131.4214117,47.02818967,5210543.384,456018.0913,6.79684,194.1,TRUE,5.3,400,300
8421,2022/10/19 11:42,131.421394,47.02812333,5210536.019,456016.6913,5.6486,185.8,TRUE,5.3,400,300
8422,2022/10/19 11:42,131.4213822,47.028066,5210529.652,456015.7473,5.90788,187.6,TRUE,5.3,400,300
8423,2022/10/19 11:42,131.4213775,47.02800783,5210523.188,456015.3422,6.09308,188.7,TRUE,5.3,400,300
8424,2022/10/19 11:42,131.4213805,47.02795433,5210517.238,456015.5263,4.11144,174.6,TRUE,5.3,400,300
8425,2022/10/19 11:42,131.4213728,47.02789533,5210510.684,456014.8925,6.31532,191.9,TRUE,5.3,400,300
8426,2022/10/19 11:42,131.4213645,47.02785683,5210506.408,456014.2299,6.53756,186.2,TRUE,5.3,300,300
8427,2022/10/19 11:43,131.4213572,47.02778283,5210498.186,456013.6142,5.16708,187.4,TRUE,5.3,371,300
8428,2022/10/19 11:43,131.4213485,47.02771183,5210490.297,456012.8946,5.51896,196.1,TRUE,5.3,400,300
8429,2022/10/19 11:43,131.421336,47.02765717,5210484.228,456011.8995,5.96344,191.3,TRUE,5.3,400,300
8430,2022/10/19 11:43,131.421321,47.02758683,5210476.416,456010.7014,7.64876,185.2,TRUE,5.3,400,300
8431,2022/10/19 11:43,131.4212997,47.02751217,5210468.128,456009.0209,5.94492,191,TRUE,5.3,400,300
8432,2022/10/19 11:43,131.4212975,47.02745533,5210461.811,456008.807,6.55608,188.7,TRUE,5.3,400,300
8433,2022/10/19 11:43,131.4212907,47.02739367,5210454.96,456008.2394,5.68564,194.6,TRUE,5.3,400,300
8434,2022/10/19 11:43,131.4212837,47.02733433,5210448.367,456007.6585,5.59304,193.1,TRUE,5.3,400,300
8435,2022/10/19 11:43,131.4212753,47.02726617,5210440.794,456006.964,4.74112,188.7,TRUE,5.3,400,300
8436,2022/10/19 11:43,131.4212605,47.02720233,5210433.705,456005.7865,5.94492,189.8,TRUE,5.3,400,300
8437,2022/10/19 11:43,131.4212485,47.027141,5210426.894,456004.8239,7.07464,185.9,TRUE,5.3,400,300
8438,2022/10/19 11:43,131.4212375,47.02706933,5210418.932,456003.9288,6.22272,195.2,TRUE,5.3,400,300
8439,2022/10/19 11:43,131.4212302,47.02700333,5210411.599,456003.3197,5.90788,184.8,TRUE,5.3,400,300
8440,2022/10/19 11:43,131.4212247,47.02693483,5210403.987,456002.8453,6.55608,182,TRUE,5.3,400,300
8441,2022/10/19 11:43,131.421206,47.026869,5210396.679,456001.3696,6.14864,188.3,TRUE,5.3,400,300
8442,2022/10/19 11:44,131.4212017,47.0268075,5210389.845,456000.9922,3.85216,180.7,TRUE,5.3,397,300
8443,2022/10/19 11:44,131.4211935,47.0267475,5210383.179,456000.3196,6.2042,195.2,TRUE,5.3,400,300
8444,2022/10/19 11:44,131.4211865,47.02669233,5210377.05,455999.7421,6.64868,189.2,TRUE,5.3,400,300
8445,2022/10/19 11:44,131.4211732,47.0266315,5210370.294,455998.6811,7.25984,186.9,TRUE,5.3,400,300
8446,2022/10/19 11:44,131.4211582,47.02655433,5210361.724,455997.4774,6.2042,184.5,TRUE,5.3,400,300
8447,2022/10/19 11:44,131.4211553,47.0264935,5210354.963,455997.207,6.87092,183.4,TRUE,5.3,400,300
8448,2022/10/19 11:44,131.4211472,47.02642017,5210346.815,455996.531,7.63024,191.7,TRUE,5.3,400,300
8449,2022/10/19 11:44,131.4211405,47.02636783,5210341,455995.9786,6.5746,194,TRUE,5.3,400,300
8450,2022/10/19 11:44,131.4211328,47.0263015,5210333.631,455995.3388,4.96336,186.2,TRUE,5.3,400,300
8451,2022/10/19 11:44,131.4211107,47.0262305,5210325.75,455993.6004,6.81536,176.4,TRUE,5.3,400,300
8452,2022/10/19 11:44,131.4211008,47.0261665,5210318.641,455992.7952,6.74128,181.5,TRUE,5.3,400,300
8453,2022/10/19 11:44,131.4210945,47.02610783,5210312.122,455992.2681,6.945,189.8,TRUE,5.3,400,300
8454,2022/10/19 11:44,131.4210907,47.02604167,5210304.769,455991.9249,6.03752,190.3,TRUE,5.3,400,300
8455,2022/10/19 11:44,131.4210793,47.02597517,5210297.382,455991.0036,7.16724,179.7,TRUE,5.3,400,300
8456,2022/10/19 11:44,131.4210623,47.02590733,5210289.85,455989.6555,5.61156,183.4,TRUE,5.3,400,300
8457,2022/10/19 11:45,131.4210512,47.02585917,5210284.502,455988.7721,5.01892,191.2,TRUE,5.3,400,300
8458,2022/10/19 11:45,131.421046,47.02579767,5210277.668,455988.3263,7.48208,189.8,TRUE,5.3,400,300
8459,2022/10/19 11:45,131.4210353,47.0257315,5210270.318,455987.4585,7.61172,191.3,TRUE,5.3,400,300
8460,2022/10/19 11:45,131.4210205,47.02565867,5210262.23,455986.2735,5.44488,186,TRUE,5.3,400,300
8461,2022/10/19 11:45,131.4210132,47.0256075,5210256.545,455985.6765,5.66712,179.4,TRUE,5.3,400,300
8462,2022/10/19 11:45,131.4210055,47.02554917,5210250.065,455985.0432,4.33368,188,TRUE,5.3,400,300
8463,2022/10/19 11:45,131.4210028,47.02551217,5210245.953,455984.8076,4.74112,183.6,TRUE,5.3,400,300
8464,2022/10/19 11:45,131.420989,47.02545683,5210239.809,455983.713,6.05604,183.6,TRUE,5.3,400,300
8465,2022/10/19 11:45,131.4209693,47.02538933,5210232.316,455982.1599,5.42636,192.9,TRUE,5.3,400,300
8466,2022/10/19 11:45,131.4209677,47.02534367,5210227.241,455982.0008,5.87084,185.1,TRUE,5.3,400,300
8467,2022/10/19 11:45,131.420964,47.025289,5210221.165,455981.6745,5.79676,186.5,TRUE,5.3,400,300
8468,2022/10/19 11:45,131.4209707,47.02523533,5210215.195,455982.1398,6.24124,189,TRUE,5.3,400,300
8469,2022/10/19 11:45,131.4209555,47.02516767,5210207.681,455980.9286,5.77824,193.1,TRUE,5.3,400,300
8470,2022/10/19 11:45,131.4209413,47.025103,5210200.5,455979.796,5.7412,190.1,TRUE,5.3,400,300
8471,2022/10/19 11:45,131.4209197,47.0250385,5210193.342,455978.1009,5.14856,183.3,TRUE,5.3,400,300
8472,2022/10/19 11:46,131.42092,47.02498983,5210187.931,455978.0837,5.51896,190.5,TRUE,5.3,400,300
8473,2022/10/19 11:46,131.420915,47.0249305,5210181.338,455977.6548,5.8338,189.8,TRUE,5.3,400,300
8474,2022/10/19 11:46,131.4209163,47.024878,5210175.501,455977.7105,4.63,186.2,TRUE,5.3,400,300
8475,2022/10/19 11:46,131.4209132,47.0248305,5210170.222,455977.4358,5.44488,185.8,TRUE,5.3,400,300
8476,2022/10/19 11:46,131.4209058,47.02476967,5210163.463,455976.8232,6.31532,186.2,TRUE,5.3,400,300
8477,2022/10/19 11:46,131.4208965,47.02471033,5210156.872,455976.0675,4.75964,183.8,TRUE,5.3,400,300
8478,2022/10/19 11:46,131.4208893,47.02464883,5210150.039,455975.4695,5.77824,192.4,TRUE,5.3,400,300
8479,2022/10/19 11:46,131.4208768,47.02459283,5210143.82,455974.4732,4.92632,189.5,TRUE,5.3,400,300
8480,2022/10/19 11:46,131.4208748,47.02454483,5210138.485,455974.2817,3.74104,186.2,TRUE,5.3,400,300
8481,2022/10/19 11:46,131.4208738,47.02449183,5210132.594,455974.1621,6.44496,187.1,TRUE,5.3,400,300
8482,2022/10/19 11:46,131.4208598,47.02441833,5210124.43,455973.0374,5.66712,186.8,TRUE,5.3,400,300
8483,2022/10/19 11:46,131.4208448,47.02436333,5210118.324,455971.8519,4.9078,195,TRUE,5.3,400,300
8484,2022/10/19 11:46,131.4208338,47.0243135,5210112.791,455970.9747,5.96344,183.5,TRUE,5.3,400,300
8485,2022/10/19 11:46,131.420822,47.02425817,5210106.647,455970.0321,6.13012,184.7,TRUE,5.3,400,300
8486,2022/10/19 11:46,131.4208163,47.02419717,5210099.868,455969.5487,4.70408,187.8,TRUE,5.3,400,300
8487,2022/10/19 11:47,131.4208183,47.02414,5210093.512,455969.6537,6.25976,188.9,TRUE,5.3,400,300
8488,2022/10/19 11:47,131.4208097,47.0240745,5210086.235,455968.9461,5.50044,186.3,TRUE,5.3,400,300
8489,2022/10/19 11:47,131.4207827,47.02400733,5210078.783,455966.8382,6.81536,189.9,TRUE,5.3,400,300
8490,2022/10/19 11:47,131.4207722,47.02394267,5210071.6,455965.9868,6.53756,185.2,TRUE,5.3,400,300
8491,2022/10/19 11:47,131.4207732,47.02388583,5210065.281,455966.0161,6.2968,187,TRUE,5.3,400,300
8492,2022/10/19 11:47,131.4207647,47.02383283,5210059.393,455965.3264,5.0004,183.5,TRUE,5.3,400,300
8493,2022/10/19 11:47,131.4207587,47.02377633,5210053.116,455964.8238,6.27828,191.7,TRUE,5.3,400,300
8494,2022/10/19 11:47,131.42075,47.023713,5210046.08,455964.1103,6.2968,191.3,TRUE,5.3,400,300
8495,2022/10/19 11:47,131.4207452,47.023671,5210041.413,455963.7109,4.42628,182.3,TRUE,5.3,359,300
8496,2022/10/19 11:47,131.4207253,47.02359583,5210033.068,455962.1362,5.13004,194.4,TRUE,5.3,400,300
8497,2022/10/19 11:47,131.4207098,47.023561,5210029.205,455960.9292,4.11144,192.6,TRUE,5.3,358,300
8498,2022/10/19 11:47,131.4207003,47.02349683,5210022.076,455960.1542,7.37096,187,TRUE,5.3,400,300
8499,2022/10/19 11:47,131.4206848,47.02342533,5210014.136,455958.9171,6.51904,179.6,TRUE,5.3,400,300
8500,2022/10/19 11:47,131.4206783,47.02335483,5210006.302,455958.3649,5.53748,188.7,TRUE,5.3,400,300
8501,2022/10/19 11:47,131.4206645,47.02329767,5209999.955,455957.2688,6.00048,189.6,TRUE,5.3,400,300
8502,2022/10/19 11:48,131.4206682,47.0232345,5209992.931,455957.4982,6.8524,185.5,TRUE,5.3,400,300
8503,2022/10/19 11:48,131.4206607,47.0231615,5209984.819,455956.8679,7.61172,186.9,TRUE,5.3,400,300
8504,2022/10/19 11:48,131.420662,47.02309933,5209977.907,455956.9156,7.463561,182.3,TRUE,5.3,369,300
8505,2022/10/19 11:48,131.4206442,47.0230285,5209970.043,455955.5042,6.35236,184.6,TRUE,5.3,400,300
8506,2022/10/19 11:48,131.4206283,47.0229695,5209963.493,455954.2469,5.31524,190,TRUE,5.3,400,300
8507,2022/10/19 11:48,131.420624,47.02291017,5209956.899,455953.8712,5.57452,186.8,TRUE,5.3,400,300
8508,2022/10/19 11:48,131.4206168,47.02285,5209950.214,455953.2743,5.42636,186.7,TRUE,5.3,400,300
8509,2022/10/19 11:48,131.420614,47.02279967,5209944.621,455953.0201,4.38924,186.1,TRUE,5.3,400,300
8510,2022/10/19 11:48,131.420609,47.02274283,5209938.305,455952.5932,5.50044,193,TRUE,5.3,400,300
8511,2022/10/19 11:48,131.4205972,47.02268333,5209931.697,455951.6472,6.51904,185.2,TRUE,5.3,400,300
8512,2022/10/19 11:48,131.4205963,47.02261433,5209924.026,455951.522,6.79684,191.2,TRUE,5.3,400,300
8513,2022/10/19 11:48,131.4205878,47.0225395,5209915.712,455950.8143,7.408,193.3,TRUE,5.3,400,300
8514,2022/10/19 11:48,131.420582,47.022473,5209908.323,455950.3186,6.55608,183.7,TRUE,5.3,400,300
8515,2022/10/19 11:48,131.4205642,47.02240783,5209901.088,455948.9118,6.55608,194.7,TRUE,5.3,400,300
8516,2022/10/19 11:48,131.4205527,47.02234483,5209894.09,455947.9857,7.18576,191,TRUE,5.3,400,300
8517,2022/10/19 11:49,131.4205405,47.0222695,5209885.723,455946.9962,7.48208,186.4,TRUE,5.3,400,300
8518,2022/10/19 11:49,131.4205353,47.02221333,5209879.481,455946.5547,5.68564,181.8,TRUE,5.3,400,300
8519,2022/10/19 11:49,131.4205212,47.022151,5209872.56,455945.4315,9.03776,182.9,TRUE,5.3,400,300
8520,2022/10/19 11:49,131.4205097,47.02208017,5209864.692,455944.4989,4.75964,183.4,TRUE,5.3,400,300
8521,2022/10/19 11:49,131.4204977,47.02201433,5209857.379,455943.5325,7.27836,189.8,TRUE,5.3,400,300
8522,2022/10/19 11:49,131.4204992,47.02194767,5209849.968,455943.5917,6.35236,188.5,TRUE,5.3,400,300
8523,2022/10/19 11:49,131.4204883,47.02188083,5209842.543,455942.708,4.40776,189.4,TRUE,5.3,400,300
8524,2022/10/19 11:49,131.4204915,47.02184317,5209838.355,455942.9203,3.77808,191.4,TRUE,5.3,400,300
8525,2022/10/19 11:49,131.4204788,47.021801,5209833.674,455941.9201,6.68572,177.9,TRUE,5.3,344,300
8526,2022/10/19 11:49,131.4205003,47.02176617,5209829.79,455943.526,1.18528,339.7,FALSE,5.3,0,300
8527,2022/10/19 11:49,131.4204817,47.02178633,5209832.041,455942.1285,5.07448,326,FALSE,5.3,0,300
8528,2022/10/19 11:49,131.4204523,47.02180433,5209834.059,455939.9082,3.87068,137.3,FALSE,5.3,0,300
8529,2022/10/19 11:49,131.4205147,47.0217615,5209829.262,455944.6169,5.1856,115.1,FALSE,5.3,0,300
8530,2022/10/19 11:49,131.420607,47.02175733,5209828.747,455951.6306,5.7412,74.4,FALSE,5.3,0,300
8531,2022/10/19 11:49,131.4206897,47.0217935,5209832.721,455957.9476,5.093,39.3,TRUE,5.3,141,300
8532,2022/10/19 11:50,131.4207338,47.02183617,5209837.44,455961.3354,1.31492,46.8,TRUE,5.3,400,300
8533,2022/10/19 11:50,131.4207492,47.021866,5209840.748,455962.5307,3.92624,11.6,TRUE,5.3,400,300
8534,2022/10/19 11:50,131.4207663,47.021914,5209846.074,455963.8702,3.59288,20.5,TRUE,5.3,400,300
8535,2022/10/19 11:50,131.4207927,47.02196683,5209851.933,455965.9206,4.22256,19.7,TRUE,5.3,400,300
8536,2022/10/19 11:50,131.4208127,47.021991,5209854.608,455967.461,3.27804,14.8,TRUE,5.3,400,300
8537,2022/10/19 11:50,131.420831,47.02203183,5209859.137,455968.8858,5.63008,9.2,TRUE,5.3,400,300
8538,2022/10/19 11:50,131.4208503,47.02208517,5209865.056,455970.397,6.2042,11.5,TRUE,5.3,400,300
8539,2022/10/19 11:50,131.4208622,47.02214617,5209871.831,455971.3518,5.96344,9.9,TRUE,5.3,400,300
8540,2022/10/19 11:50,131.42087,47.02220133,5209877.959,455971.9901,5.11152,9.9,TRUE,5.3,400,300
8541,2022/10/19 11:50,131.4208835,47.0222515,5209883.529,455973.0577,5.87084,13.7,TRUE,5.3,400,300
8542,2022/10/19 11:50,131.4209013,47.02230267,5209889.207,455974.453,6.00048,13.9,TRUE,5.3,400,300
8543,2022/10/19 11:50,131.4209067,47.02237367,5209897.097,455974.9219,6.79684,15.1,TRUE,5.3,400,300
8544,2022/10/19 11:50,131.4209072,47.02243967,5209904.434,455975.0142,5.94492,14.1,TRUE,5.3,400,300
8545,2022/10/19 11:50,131.4209323,47.02248483,5209909.441,455976.9595,3.87068,15.4,TRUE,5.3,400,300
8546,2022/10/19 11:50,131.420932,47.02253183,5209914.666,455976.9753,7.51912,16.3,TRUE,5.3,400,300
8547,2022/10/19 11:51,131.4209497,47.02259467,5209921.642,455978.3726,7.408,9.5,TRUE,5.3,400,300
8548,2022/10/19 11:51,131.4209602,47.02265283,5209928.102,455979.2187,6.1116,10.1,TRUE,5.3,400,300
8549,2022/10/19 11:51,131.420968,47.02269967,5209933.305,455979.8501,5.85232,13.2,TRUE,5.3,400,300
8550,2022/10/19 11:51,131.4209727,47.022763,5209940.342,455980.2595,7.1302,10.8,TRUE,5.3,400,300
8551,2022/10/19 11:51,131.4209827,47.02284867,5209949.861,455981.0902,7.5006,14.8,TRUE,5.3,400,300
8552,2022/10/19 11:51,131.420994,47.02292633,5209958.488,455982.0131,6.16716,6.8,TRUE,5.3,400,300
8553,2022/10/19 11:51,131.4210178,47.0229835,5209964.83,455983.8694,6.18568,16.4,TRUE,5.3,400,300
8554,2022/10/19 11:51,131.4210248,47.023049,5209972.108,455984.4554,7.72284,9.5,TRUE,5.3,400,300
8555,2022/10/19 11:51,131.4210192,47.02311733,5209979.707,455984.0858,7.871,13.3,TRUE,5.3,400,300
8556,2022/10/19 11:51,131.4210117,47.0231905,5209987.846,455983.5758,6.5746,12.8,TRUE,5.3,400,300
8557,2022/10/19 11:51,131.4210282,47.023255,5209995.007,455984.8832,6.42644,13.1,TRUE,5.3,400,300
8558,2022/10/19 11:51,131.4210518,47.023323,5210002.554,455986.7332,6.40792,9.7,TRUE,5.3,400,300
8559,2022/10/19 11:51,131.4210512,47.02338333,5210009.261,455986.7372,6.64868,11,TRUE,5.3,400,300
8560,2022/10/19 11:51,131.4210527,47.02345083,5210016.764,455986.9067,7.20428,12.1,TRUE,5.3,400,300
8561,2022/10/19 11:51,131.4210755,47.02351417,5210023.793,455988.6921,5.556,13.7,TRUE,5.3,400,300
8562,2022/10/19 11:52,131.421091,47.02357483,5210030.528,455989.9203,7.83396,8.5,TRUE,5.3,396,300
8563,2022/10/19 11:52,131.421123,47.0236365,5210037.366,455992.4037,6.77832,10.3,TRUE,5.3,400,300
8564,2022/10/19 11:52,131.42113,47.0236955,5210043.921,455992.9843,7.852479,8.2,TRUE,5.3,400,300
8565,2022/10/19 11:52,131.4211292,47.02376167,5210051.277,455992.9779,6.482,15.4,TRUE,5.3,400,300
8566,2022/10/19 11:52,131.4211367,47.02381983,5210057.739,455993.5958,5.40784,14.3,TRUE,5.3,400,300
8567,2022/10/19 11:52,131.4211433,47.02389,5210065.536,455994.1552,7.98212,15.3,TRUE,5.3,400,300
8568,2022/10/19 11:52,131.4211597,47.02396817,5210074.217,455995.4662,7.3154,12.5,TRUE,5.3,400,300
8569,2022/10/19 11:52,131.4211737,47.02402333,5210080.341,455996.5759,7.38948,10.4,TRUE,5.3,400,300
8570,2022/10/19 11:52,131.4211615,47.0240925,5210088.038,455995.7052,6.98204,13.1,TRUE,5.3,400,300
8571,2022/10/19 11:52,131.4211653,47.02417467,5210097.171,455996.0616,6.72276,6.5,TRUE,5.3,400,300
8572,2022/10/19 11:52,131.4211802,47.02425167,5210105.723,455997.2576,6.05604,16,TRUE,5.3,400,300
8573,2022/10/19 11:52,131.4211815,47.02432917,5210114.338,455997.4201,6.72276,11.4,TRUE,5.3,400,300
8574,2022/10/19 11:52,131.4211932,47.02439617,5210121.779,455998.3646,6.33384,10.1,TRUE,5.3,400,300
8575,2022/10/19 11:52,131.421194,47.02447467,5210130.506,455998.49,7.05612,6,TRUE,5.3,400,300
8576,2022/10/19 11:52,131.421187,47.024542,5210137.995,455998.0131,5.77824,11.6,TRUE,5.3,400,300
8577,2022/10/19 11:53,131.4212002,47.02460233,5210144.695,455999.0662,6.53756,17.7,TRUE,5.3,400,300
8578,2022/10/19 11:53,131.4212237,47.02466783,5210151.963,456000.9065,7.72284,10.6,TRUE,5.3,400,300
8579,2022/10/19 11:53,131.4212365,47.02471933,5210157.681,456001.9219,6.3894,9.2,TRUE,5.3,400,300
8580,2022/10/19 11:53,131.4212413,47.02478317,5210164.776,456002.3392,5.98196,18.2,TRUE,5.3,400,300
8581,2022/10/19 11:53,131.4212348,47.02484983,5210172.19,456001.8999,7.42652,7.2,TRUE,5.3,400,300
8582,2022/10/19 11:53,131.421238,47.02492667,5210180.73,456002.2063,7.37096,8.9,TRUE,5.3,400,300
8583,2022/10/19 11:53,131.4212597,47.024999,5210188.759,456003.9153,6.55608,6.2,TRUE,5.3,400,300
8584,2022/10/19 11:53,131.4212843,47.02506017,5210195.546,456005.8357,6.16716,13.7,TRUE,5.3,400,300
8585,2022/10/19 11:53,131.4213068,47.0251265,5210202.907,456007.6006,5.9264,12.3,TRUE,5.3,400,300
8586,2022/10/19 11:53,131.4213348,47.025186,5210209.506,456009.7781,7.18576,4.5,TRUE,5.3,400,300
8587,2022/10/19 11:53,131.4213265,47.02525167,5210216.811,456009.2011,5.05596,17.3,TRUE,5.3,400,300
8588,2022/10/19 11:53,131.4213197,47.02531517,5210223.874,456008.7363,5.33376,9.9,TRUE,5.3,400,300
8589,2022/10/19 11:53,131.4213293,47.02537233,5210230.224,456009.513,6.31532,14.8,TRUE,5.3,400,300
8590,2022/10/19 11:53,131.4213398,47.0254245,5210236.018,456010.3541,7.35244,13.7,TRUE,5.3,389,300
8591,2022/10/19 11:53,131.4213498,47.02550817,5210245.314,456011.183,5.94492,14.9,TRUE,5.3,400,300
8592,2022/10/19 11:54,131.4213572,47.02557817,5210253.091,456011.8031,6.98204,10.5,TRUE,5.3,400,300
8593,2022/10/19 11:54,131.4213635,47.0256485,5210260.907,456012.3398,6.68572,12.2,TRUE,5.3,400,300
8594,2022/10/19 11:54,131.421378,47.025705,5210267.18,456013.4885,5.57452,12.4,TRUE,5.3,400,300
8595,2022/10/19 11:54,131.4213872,47.02576933,5210274.326,456014.2407,6.42644,6.5,TRUE,5.3,400,300
8596,2022/10/19 11:54,131.4214022,47.02582683,5210280.71,456015.4282,6.44496,11.3,TRUE,5.3,400,300
8597,2022/10/19 11:54,131.4214352,47.02588483,5210287.139,456017.9845,5.96344,8.8,TRUE,5.3,400,300
8598,2022/10/19 11:54,131.4214507,47.02593583,5210292.8,456019.2047,4.74112,16.2,TRUE,5.3,400,300
8599,2022/10/19 11:54,131.4214635,47.026,5210299.927,456020.2304,6.61164,13,TRUE,5.3,400,300
8600,2022/10/19 11:54,131.4214585,47.02607683,5210308.471,456019.9134,7.463561,1.9,TRUE,5.3,400,300
8601,2022/10/19 11:54,131.4214577,47.026165,5210318.273,456019.925,6.44496,13.8,TRUE,5.3,400,300
8602,2022/10/19 11:54,131.4214608,47.02623283,5210325.812,456020.2164,6.019,7.7,TRUE,5.3,400,300
8603,2022/10/19 11:54,131.4214763,47.026315,5210334.939,456021.4622,6.40792,16.2,TRUE,5.3,400,300
8604,2022/10/19 11:54,131.4215213,47.02639067,5210343.326,456024.9452,6.019,20.1,TRUE,5.3,400,300
8605,2022/10/19 11:54,131.4215277,47.02645633,5210350.622,456025.4856,6.35236,14.5,TRUE,5.3,400,300
8606,2022/10/19 11:54,131.4215387,47.026513,5210356.915,456026.3683,5.38932,13.3,TRUE,5.3,400,300
8607,2022/10/19 11:55,131.4215627,47.02655817,5210361.924,456028.2299,5.35228,21.9,TRUE,5.3,400,300
8608,2022/10/19 11:55,131.4215962,47.02661517,5210368.241,456030.8233,6.92648,12.2,TRUE,5.3,400,300
8609,2022/10/19 11:55,131.4216257,47.02667433,5210374.802,456033.1144,5.61156,11.1,TRUE,5.3,400,300
8610,2022/10/19 11:55,131.4216497,47.02672683,5210380.625,456034.9819,7.90804,12.2,TRUE,5.3,400,300
8611,2022/10/19 11:55,131.4216668,47.02679483,5210388.175,456036.3377,3.90772,10.6,TRUE,5.3,241,300
8612,2022/10/19 11:55,131.4216722,47.02685967,5210395.38,456036.8014,7.53764,8.2,TRUE,5.3,383,300
8613,2022/10/19 11:55,131.4217032,47.02692467,5210402.589,456039.2113,5.7412,16.3,TRUE,5.3,400,300
8614,2022/10/19 11:55,131.4217072,47.02698833,5210409.664,456039.5676,4.51888,20.8,TRUE,5.3,400,300
8615,2022/10/19 11:55,131.4217098,47.02704667,5210416.148,456039.8132,6.72276,15.4,TRUE,5.3,400,300
8616,2022/10/19 11:55,131.4217287,47.02710917,5210423.086,456041.3012,5.38932,12.7,TRUE,5.3,400,300
8617,2022/10/19 11:55,131.4217677,47.027163,5210429.048,456044.3101,6.09308,14.4,TRUE,5.3,400,300
8618,2022/10/19 11:55,131.4217823,47.02721,5210434.265,456045.4585,6.35236,19.1,TRUE,5.3,400,300
8619,2022/10/19 11:55,131.4217798,47.02725917,5210439.732,456045.3088,7.1302,18.2,TRUE,5.3,400,300
8620,2022/10/19 11:55,131.4218113,47.02732633,5210447.181,456047.7585,6.945,13.1,TRUE,5.3,400,300
8621,2022/10/19 11:55,131.4218247,47.0273925,5210454.53,456048.8314,3.8892,12.7,TRUE,5.3,400,300
8622,2022/10/19 11:56,131.4218313,47.0274975,5210466.199,456049.4193,5.0004,26,TRUE,5.3,400,300
8623,2022/10/19 11:56,131.4218475,47.02755517,5210472.601,456050.6982,1.46308,22.5,TRUE,5.3,237,300
8624,2022/10/19 11:56,131.4218445,47.027609,5210478.587,456050.5143,4.4448,25,TRUE,5.3,400,300
8625,2022/10/19 11:56,131.4218485,47.0276575,5210483.977,456050.8582,4.38924,14.2,TRUE,5.3,400,300
8626,2022/10/19 11:56,131.4218497,47.02770683,5210489.46,456050.9899,5.8338,11.9,TRUE,5.3,400,300
8627,2022/10/19 11:56,131.421874,47.02777633,5210497.173,456052.8941,3.55584,20,TRUE,5.3,400,300
8628,2022/10/19 11:56,131.4218825,47.0278185,5210501.856,456053.5749,5.59304,9.4,TRUE,5.3,400,300
8629,2022/10/19 11:56,131.4218878,47.027879,5210508.579,456054.0274,5.1856,5.7,TRUE,5.3,400,300
8630,2022/10/19 11:56,131.4218702,47.02792483,5210513.684,456052.7271,3.40768,0.5,TRUE,5.3,400,300
8631,2022/10/19 11:56,131.4218237,47.0279715,5210518.898,456049.2307,4.12996,20.5,TRUE,5.3,400,300
8632,2022/10/19 11:56,131.4217917,47.02802817,5210525.216,456046.8447,4.9078,16.6,TRUE,5.3,400,300
8633,2022/10/19 11:56,131.4217908,47.02808817,5210531.887,456046.8256,4.66704,1.6,TRUE,5.3,400,300
8634,2022/10/19 11:56,131.4217857,47.02813567,5210537.171,456046.4769,4.01884,4.9,TRUE,5.3,400,300
8635,2022/10/19 11:56,131.4217855,47.02819467,5210543.73,456046.5101,4.98188,15.9,TRUE,5.3,400,300
8636,2022/10/19 11:57,131.421805,47.02825,5210549.87,456048.0378,4.57444,19.3,TRUE,5.3,400,300
8637,2022/10/19 11:57,131.421824,47.0283105,5210556.585,456049.5318,5.20412,14.8,TRUE,5.3,400,300
8638,2022/10/19 11:57,131.421851,47.02836883,5210563.055,456051.6321,5.25968,13.2,TRUE,5.3,400,300
8639,2022/10/19 11:57,131.4218517,47.028419,5210568.632,456051.7265,4.85224,12.4,TRUE,5.3,400,300
8640,2022/10/19 11:57,131.4218458,47.02848383,5210575.842,456051.3312,5.16708,359.8,TRUE,5.3,400,300
8641,2022/10/19 11:57,131.4218503,47.0285385,5210581.917,456051.7181,5.51896,7.8,TRUE,5.3,400,300
8642,2022/10/19 11:57,131.4218598,47.02859033,5210587.674,456052.4828,5.13004,12.1,TRUE,5.3,400,300
8643,2022/10/19 11:57,131.4218485,47.02865117,5210594.444,456051.6738,4.0744,351.1,TRUE,5.3,400,300
8644,2022/10/19 11:57,131.4218035,47.0286905,5210598.842,456048.2854,1.2964,122.5,TRUE,5.3,250,300
8645,2022/10/19 11:57,131.4217908,47.028705,5210600.461,456047.3319,0,0,FALSE,5.3,0,300
8646,2022/10/19 11:57,131.4217867,47.02870417,5210600.371,456047.0196,5.2782,122.6,FALSE,5.3,0,300
8647,2022/10/19 11:57,131.4218075,47.02870683,5210600.655,456048.6029,0.94452,102.4,FALSE,5.3,0,300
8648,2022/10/19 11:57,131.421789,47.02871967,5210602.093,456047.2071,0,0,FALSE,5.3,0,300
8649,2022/10/19 11:57,131.4217212,47.02873,5210603.279,456042.0618,1.09268,26.6,FALSE,5.3,0,300
8650,2022/10/19 11:57,131.4216605,47.02871733,5210601.905,456037.4373,0,235.3,FALSE,5.3,0,300
8651,2022/10/19 11:58,131.4216535,47.02872917,5210603.225,456036.9149,5.81528,30.1,FALSE,5.3,0,300
8652,2022/10/19 11:58,131.4216368,47.02874,5210604.438,456035.6543,0.9630399,24.9,FALSE,5.3,0,300
8653,2022/10/19 11:58,131.4216205,47.0287235,5210602.613,456034.4018,0,0,FALSE,5.3,0,300
8654,2022/10/19 11:58,131.421618,47.02871817,5210602.022,456034.2073,0,0,FALSE,5.3,0,300
8655,2022/10/19 11:58,131.421614,47.02871417,5210601.579,456033.9,0,0,FALSE,5.3,0,300
8656,2022/10/19 11:58,131.4216118,47.02871183,5210601.32,456033.7308,0,0,FALSE,5.3,0,300
8657,2022/10/19 11:58,131.4216095,47.02871133,5210601.266,456033.5556,0,0,FALSE,5.3,0,300
8658,2022/10/19 11:58,131.4216177,47.02872133,5210602.373,456034.1871,2.29648,44.9,FALSE,5.3,0,300
8659,2022/10/19 11:58,131.4216285,47.02873567,5210603.961,456035.0199,0,0,FALSE,5.3,0,300
8660,2022/10/19 11:58,131.4216288,47.0287385,5210604.276,456035.045,0,0,FALSE,5.3,0,300
8661,2022/10/19 11:58,131.4216292,47.02873667,5210604.072,456035.0739,0,86.2,FALSE,5.3,0,300
8662,2022/10/19 11:58,131.421616,47.02872483,5210602.763,456034.0608,3.62992,201,TRUE,5.3,400,300
8663,2022/10/19 11:58,131.4215777,47.028676,5210597.356,456031.1093,5.70416,203.9,TRUE,5.3,153,300
8664,2022/10/19 11:58,131.4215592,47.028644,5210593.809,456029.6768,0,179.8,FALSE,5.3,0,300
8665,2022/10/19 11:58,131.42157,47.02868617,5210598.491,456030.5323,4.87076,13,FALSE,5.3,0,300
8666,2022/10/19 11:59,131.4215975,47.02873083,5210603.441,456032.6594,4.22256,34.1,FALSE,5.3,0,300
8667,2022/10/19 11:59,131.4216147,47.02876683,5210607.433,456033.9965,1.05564,206.1,FALSE,5.3,0,300
8668,2022/10/19 11:59,131.4216135,47.02876,5210606.675,456033.8996,0,0,FALSE,5.3,0,300
8669,2022/10/19 11:59,131.4216052,47.028746,5210605.123,456033.2572,4.33368,213.4,TRUE,5.3,400,300
8670,2022/10/19 11:59,131.4215585,47.02870167,5210600.221,456029.6709,4.77816,198,TRUE,5.3,400,300
8671,2022/10/19 11:59,131.4215437,47.02864533,5210593.966,456028.4996,4.63,185.6,TRUE,5.3,400,300
8672,2022/10/19 11:59,131.4215452,47.02859783,5210588.684,456028.5746,5.24116,174,TRUE,5.3,400,300
8673,2022/10/19 11:59,131.421543,47.0285455,5210582.868,456028.3644,6.35236,190.1,TRUE,5.3,400,300
8674,2022/10/19 11:59,131.4215362,47.02848467,5210576.109,456027.7975,4.48184,191.9,TRUE,5.3,400,300
8675,2022/10/19 11:59,131.4215213,47.02842017,5210568.947,456026.6119,4.7226,184.6,TRUE,5.3,400,300
8676,2022/10/19 11:59,131.4215192,47.02837517,5210563.946,456026.4154,6.46348,192.5,TRUE,5.3,400,300
8677,2022/10/19 11:59,131.4215083,47.02831767,5210557.559,456025.5396,6.37088,184.5,TRUE,5.3,400,300
8678,2022/10/19 11:59,131.4215053,47.02826067,5210551.224,456025.2647,7.18576,186.2,TRUE,5.3,400,300
8679,2022/10/19 11:59,131.4214862,47.02818617,5210542.953,456023.7516,6.40792,182.3,TRUE,5.3,400,300
8680,2022/10/19 11:59,131.4214773,47.02812167,5210535.787,456023.0221,6.92648,192.2,TRUE,5.3,400,300
8681,2022/10/19 12:00,131.4214725,47.02806367,5210529.342,456022.6096,6.019,187.6,TRUE,5.3,400,300
8682,2022/10/19 12:00,131.4214687,47.02800283,5210522.581,456022.2707,5.53748,182,TRUE,5.3,400,300
8683,2022/10/19 12:00,131.4214582,47.0279415,5210515.768,456021.4222,5.57452,187.2,TRUE,5.3,400,300
8684,2022/10/19 12:00,131.4214593,47.027878,5210508.708,456021.4537,3.64844,194,TRUE,5.3,400,300
8685,2022/10/19 12:00,131.421438,47.02782517,5210502.847,456019.7911,6.74128,181.8,TRUE,5.3,400,300
8686,2022/10/19 12:00,131.4214178,47.02777117,5210496.855,456018.2112,5.70416,180.7,TRUE,5.3,400,300
8687,2022/10/19 12:00,131.4214147,47.02771433,5210490.538,456017.9289,5.42636,175,TRUE,5.3,400,300
8688,2022/10/19 12:00,131.4214065,47.02765133,5210483.539,456017.2538,4.96336,186.7,TRUE,5.3,400,300
8689,2022/10/19 12:00,131.4213937,47.027596,5210477.395,456016.2354,4.55592,197.4,TRUE,5.3,400,300
8690,2022/10/19 12:00,131.4213867,47.0275455,5210471.785,456015.6618,5.03744,189.3,TRUE,5.3,400,300
8691,2022/10/19 12:00,131.4213685,47.02747233,5210463.661,456014.2181,6.09308,182.4,TRUE,5.3,400,300
8692,2022/10/19 12:00,131.42136,47.0274145,5210457.236,456013.5245,6.2968,179.4,TRUE,5.3,400,300
8693,2022/10/19 12:00,131.4213535,47.02735367,5210450.478,456012.9804,5.75972,183.7,TRUE,5.3,383,300
8694,2022/10/19 12:00,131.4213458,47.02729,5210443.404,456012.3428,4.40776,181.8,TRUE,5.3,400,300
8695,2022/10/19 12:00,131.4213422,47.02724517,5210438.422,456012.0323,6.72276,185.3,TRUE,5.3,400,300
8696,2022/10/19 12:01,131.4213325,47.0271645,5210429.459,456011.2286,7.74136,184,TRUE,5.3,400,300
8697,2022/10/19 12:01,131.4213213,47.02709333,5210421.553,456010.3188,6.51904,186.5,TRUE,5.3,400,300
8698,2022/10/19 12:01,131.4213053,47.02701983,5210413.391,456009.0421,6.55608,185.3,TRUE,5.3,400,300
8699,2022/10/19 12:01,131.4212985,47.02696267,5210407.041,456008.4782,6.92648,186.9,TRUE,5.3,400,300
8700,2022/10/19 12:01,131.4212867,47.02690933,5210401.117,456007.5374,5.48192,183.9,TRUE,5.3,400,300
8701,2022/10/19 12:01,131.4212688,47.02683883,5210393.29,456006.1188,6.05604,182.9,TRUE,5.3,400,300
8702,2022/10/19 12:01,131.4212783,47.02677633,5210386.336,456006.7896,6.92648,182.4,TRUE,5.3,400,300
8703,2022/10/19 12:01,131.4212627,47.02671817,5210379.879,456005.5559,6.51904,191.2,TRUE,5.3,400,300
8704,2022/10/19 12:01,131.4212502,47.02665633,5210373.012,456004.5549,7.20428,188.5,TRUE,5.3,400,300
8705,2022/10/19 12:01,131.4212375,47.02658467,5210365.052,456003.5306,7.1302,191.7,TRUE,5.3,400,300
8706,2022/10/19 12:01,131.4212407,47.02651333,5210357.119,456003.7152,7.14872,175.3,TRUE,5.3,400,300
8707,2022/10/19 12:01,131.4212433,47.02644367,5210349.374,456003.8556,7.57468,186.3,TRUE,5.3,400,300
8708,2022/10/19 12:01,131.4212303,47.02637567,5210341.822,456002.8115,5.9264,187.2,TRUE,5.3,400,300
8709,2022/10/19 12:01,131.4212193,47.02630983,5210334.508,456001.9212,5.4634,183.3,TRUE,5.3,400,300
8710,2022/10/19 12:01,131.4211953,47.02624267,5210327.055,456000.0416,7.44504,184.8,TRUE,5.3,400,300
8711,2022/10/19 12:02,131.4211908,47.02616633,5210318.571,455999.6368,6.3894,190.2,TRUE,5.3,400,300
8712,2022/10/19 12:02,131.4211863,47.026106,5210311.867,455999.2451,5.98196,189.3,TRUE,5.3,400,300
8713,2022/10/19 12:02,131.4211815,47.02604117,5210304.662,455998.8269,7.20428,188.5,TRUE,5.3,400,300
8714,2022/10/19 12:02,131.4211613,47.02596267,5210295.947,455997.2269,7.09316,182.4,TRUE,5.3,400,300
8715,2022/10/19 12:02,131.4211585,47.025898,5210288.759,455996.9609,7.1302,194,TRUE,5.3,400,300
8716,2022/10/19 12:02,131.4211595,47.02582883,5210281.069,455996.98,6.87092,182.8,TRUE,5.3,398,300
8717,2022/10/19 12:02,131.4211462,47.0257555,5210272.924,455995.9087,9.26,185.9,TRUE,5.3,400,300
8718,2022/10/19 12:02,131.4211337,47.0256765,5210264.148,455994.8936,7.01908,182,TRUE,5.3,400,300
8719,2022/10/19 12:02,131.421128,47.02561583,5210257.407,455994.4104,6.22272,187.6,TRUE,5.3,400,300
8720,2022/10/19 12:02,131.4211132,47.0255545,5210250.597,455993.2349,5.7412,183.7,TRUE,5.3,400,300
8721,2022/10/19 12:02,131.4211055,47.02548167,5210242.505,455992.5897,7.27836,188.1,TRUE,5.3,400,300
8722,2022/10/19 12:02,131.4210943,47.02540833,5210234.358,455991.678,6.09308,185.9,TRUE,5.3,400,300
8723,2022/10/19 12:02,131.4210867,47.02534383,5210227.192,455991.0472,6.1116,181.4,TRUE,5.3,400,300
8724,2022/10/19 12:02,131.421072,47.0252855,5210220.715,455989.8818,6.90796,189.8,TRUE,5.3,400,300
8725,2022/10/19 12:02,131.4210635,47.02521933,5210213.364,455989.1813,8.4266,187.1,TRUE,5.3,400,300
8726,2022/10/19 12:03,131.4210605,47.02516083,5210206.862,455988.9051,5.24116,181.8,TRUE,5.3,400,300
8727,2022/10/19 12:03,131.4210522,47.0251055,5210200.716,455988.2287,5.6486,183.8,TRUE,5.3,400,300
8728,2022/10/19 12:03,131.4210465,47.02504117,5210193.567,455987.7425,4.8152,181.1,TRUE,5.3,400,300
8729,2022/10/19 12:03,131.4210382,47.0249885,5210187.716,455987.0682,6.96352,185.4,TRUE,5.3,400,300
8730,2022/10/19 12:03,131.4210257,47.02492683,5210180.868,455986.0673,6.92648,195.1,TRUE,5.3,400,300
8731,2022/10/19 12:03,131.421012,47.0248575,5210173.168,455984.9688,6.5746,191,TRUE,5.3,400,300
8732,2022/10/19 12:03,131.4210053,47.02478233,5210164.815,455984.3977,6.53756,180.6,TRUE,5.3,400,300
8733,2022/10/19 12:03,131.4209928,47.02471367,5210157.189,455983.391,3.83364,186.2,TRUE,5.3,400,300
8734,2022/10/19 12:03,131.4209798,47.02464767,5210149.859,455982.3485,6.27828,178.4,TRUE,5.3,400,300
8735,2022/10/19 12:03,131.4209788,47.024597,5210144.226,455982.2308,5.96344,180.5,TRUE,5.3,400,300
8736,2022/10/19 12:03,131.4209633,47.02453367,5210137.195,455981.0004,6.53756,185.1,TRUE,5.3,399,300
8737,2022/10/19 12:03,131.4209567,47.0244695,5210130.065,455980.4459,7.24132,188.4,TRUE,5.3,400,300
8738,2022/10/19 12:03,131.4209478,47.024398,5210122.121,455979.7106,6.7598,181.8,TRUE,5.3,400,300
8739,2022/10/19 12:03,131.4209402,47.02433267,5210114.862,455979.0791,5.8338,180.9,TRUE,5.3,400,300
8740,2022/10/19 12:03,131.4209277,47.02427583,5210108.55,455978.0821,5.68564,179.2,TRUE,5.3,400,300
8741,2022/10/19 12:04,131.4209175,47.02422383,5210102.775,455977.2639,6.37088,187.3,TRUE,5.3,400,300
8742,2022/10/19 12:04,131.4209108,47.02414817,5210094.368,455976.6924,6.63016,186,TRUE,5.3,400,300
8743,2022/10/19 12:04,131.4209078,47.02409083,5210087.995,455976.4172,6.50052,182.6,TRUE,5.3,400,300
8744,2022/10/19 12:04,131.4208917,47.02401633,5210079.722,455975.132,7.81544,183.2,TRUE,5.3,400,300
8745,2022/10/19 12:04,131.4208828,47.02394183,5210071.445,455974.3942,7.2228,185.4,TRUE,5.3,400,300
8746,2022/10/19 12:04,131.420874,47.02387167,5210063.65,455973.6675,7.09316,185.9,TRUE,5.3,400,300
8747,2022/10/19 12:04,131.4208598,47.0237965,5210055.301,455972.5262,7.37096,189.6,TRUE,5.3,400,300
8748,2022/10/19 12:04,131.4208483,47.02371833,5210046.617,455971.5876,6.81536,182.8,TRUE,5.3,400,300
8749,2022/10/19 12:04,131.4208392,47.02365,5210039.026,455970.8397,7.704319,189.6,TRUE,5.3,400,300
8750,2022/10/19 12:04,131.4208263,47.02358667,5210031.993,455969.8069,4.98188,195.4,TRUE,5.3,400,300
8751,2022/10/19 12:04,131.4208152,47.02352433,5210025.069,455968.9118,6.13012,191.1,TRUE,5.3,400,300
8752,2022/10/19 12:04,131.420807,47.02345817,5210017.718,455968.234,6.22272,177.8,TRUE,5.3,400,300
8753,2022/10/19 12:04,131.4208032,47.02338967,5210010.105,455967.8888,6.46348,185.3,TRUE,5.3,400,300
8754,2022/10/19 12:04,131.4207972,47.023331,5210003.586,455967.3844,5.42636,186.5,TRUE,5.3,400,300
8755,2022/10/19 12:04,131.4207808,47.02325917,5209995.61,455966.0786,6.945,183.1,TRUE,5.3,400,300
8756,2022/10/19 12:05,131.4207743,47.02318717,5209987.609,455965.5252,7.35244,193.5,TRUE,5.3,400,300
8757,2022/10/19 12:05,131.4207635,47.02311567,5209979.667,455964.6454,7.38948,190.6,TRUE,5.3,400,300
8758,2022/10/19 12:05,131.4207512,47.02305167,5209972.559,455963.6577,7.29688,185.1,TRUE,5.3,376,300
8759,2022/10/19 12:05,131.4207432,47.022987,5209965.374,455962.9963,6.35236,182.7,TRUE,5.3,400,300
8760,2022/10/19 12:05,131.420732,47.022922,5209958.154,455962.0914,6.37088,177.8,TRUE,5.3,400,300
8761,2022/10/19 12:05,131.420722,47.02286133,5209951.415,455961.2813,5.11152,188.2,TRUE,5.3,400,300
8762,2022/10/19 12:05,131.420714,47.02280383,5209945.027,455960.6258,6.55608,188.3,TRUE,5.3,400,300
8763,2022/10/19 12:05,131.4207037,47.02273617,5209937.511,455959.7871,5.556,185.8,TRUE,5.3,400,300
8764,2022/10/19 12:05,131.4206963,47.02267283,5209930.474,455959.1725,6.16716,181.6,TRUE,5.3,400,300
8765,2022/10/19 12:05,131.4206885,47.02261633,5209924.197,455958.533,5.50044,186.6,TRUE,5.3,400,300
8766,2022/10/19 12:05,131.4206782,47.02254483,5209916.254,455957.6912,6.2968,183.3,TRUE,5.3,400,300
8767,2022/10/19 12:05,131.4206663,47.02247683,5209908.701,455956.7306,6.44496,188.2,TRUE,5.3,400,300
8768,2022/10/19 12:05,131.420656,47.02240633,5209900.869,455955.8895,6.88944,188.9,TRUE,5.3,400,300
8769,2022/10/19 12:05,131.4206473,47.022341,5209893.611,455955.1744,5.9264,185.5,TRUE,5.3,400,300
8770,2022/10/19 12:05,131.4206383,47.02226783,5209885.482,455954.43,5.98196,176.2,TRUE,5.3,400,300
8771,2022/10/19 12:06,131.4206268,47.02220167,5209878.133,455953.5013,5.88936,194.6,TRUE,5.3,400,300
8772,2022/10/19 12:06,131.4206035,47.02211283,5209868.27,455951.6569,7.18576,193.9,TRUE,5.3,400,300
8773,2022/10/19 12:06,131.4205905,47.02203817,5209859.977,455950.6072,6.46348,175.5,TRUE,5.3,400,300
8774,2022/10/19 12:06,131.420585,47.02197667,5209853.143,455950.1384,6.019,188.6,TRUE,5.3,400,300
8775,2022/10/19 12:06,131.4205805,47.021918,5209846.624,455949.7481,6.33384,191.4,TRUE,5.3,400,300
8776,2022/10/19 12:06,131.4205783,47.02187033,5209841.325,455949.5416,4.4448,179.4,TRUE,5.3,400,300
8777,2022/10/19 12:06,131.4205608,47.02183567,5209837.482,455948.1827,3.1484,183.2,TRUE,5.3,400,300
8778,2022/10/19 12:06,131.4205612,47.0217945,5209832.905,455948.1792,1.2964,286.7,TRUE,5.3,237,300
8779,2022/10/19 12:06,131.4205688,47.02181133,5209834.772,455948.7708,5.57452,8.2,TRUE,5.3,245,300
8780,2022/10/19 12:06,131.4205532,47.02185033,5209839.116,455947.6169,1.1112,7.3,FALSE,5.3,0,300
8781,2022/10/19 12:06,131.4205675,47.02178467,5209831.808,455948.6501,5.59304,139.4,FALSE,5.3,0,300
8782,2022/10/19 12:06,131.4206518,47.02174883,5209827.777,455955.0295,5.40784,99,FALSE,5.3,0,300
8783,2022/10/19 12:06,131.4207463,47.02176217,5209829.207,455962.2248,6.50052,53.1,FALSE,5.3,0,300
8784,2022/10/19 12:06,131.4208105,47.02180333,5209833.746,455967.1394,3.59288,15.2,TRUE,5.3,400,300
8785,2022/10/19 12:07,131.4208353,47.02183717,5209837.494,455969.0527,3.1484,23.4,TRUE,5.3,400,300
8786,2022/10/19 12:07,131.4208692,47.02185667,5209839.643,455971.646,2.778,11.7,TRUE,5.3,400,300
8787,2022/10/19 12:07,131.4208905,47.02189083,5209843.429,455973.2934,4.74112,14.5,TRUE,5.3,400,300
8788,2022/10/19 12:07,131.4208868,47.02194417,5209849.361,455973.0559,4.79668,13.2,TRUE,5.3,400,300
8789,2022/10/19 12:07,131.4209043,47.02199167,5209854.631,455974.4254,4.4448,17.1,TRUE,5.3,400,300
8790,2022/10/19 12:07,131.4209258,47.02203617,5209859.566,455976.0965,4.37072,15.6,TRUE,5.3,400,300
8791,2022/10/19 12:07,131.4209315,47.02208983,5209865.529,455976.574,6.83388,8.8,TRUE,5.3,400,300
8792,2022/10/19 12:07,131.4209418,47.02213967,5209871.064,455977.398,6.83388,12.1,TRUE,5.3,400,300
8793,2022/10/19 12:07,131.420969,47.0222035,5209878.144,455979.5183,5.03744,10.5,TRUE,5.3,400,300
8794,2022/10/19 12:07,131.4209693,47.02226817,5209885.334,455979.5943,6.68572,6.5,TRUE,5.3,400,300
8795,2022/10/19 12:07,131.4209813,47.02233133,5209892.348,455980.5585,6.09308,11.4,TRUE,5.3,400,300
8796,2022/10/19 12:07,131.420993,47.02239567,5209899.495,455981.5009,6.96352,12.5,TRUE,5.3,400,300
8797,2022/10/19 12:07,131.4210078,47.0224585,5209906.471,455982.6776,6.00048,9.5,TRUE,5.3,400,300
8798,2022/10/19 12:07,131.4209968,47.02251267,5209912.499,455981.8859,3.5188,13.1,TRUE,5.3,400,300
8799,2022/10/19 12:07,131.4209988,47.02254033,5209915.573,455982.0607,8.6118,7.7,TRUE,5.3,234,300
8800,2022/10/19 12:08,131.4209998,47.02263367,5209925.949,455982.2134,6.40792,7.5,TRUE,5.3,400,300
8801,2022/10/19 12:08,131.4210063,47.022686,5209931.763,455982.7506,6.44496,6.4,TRUE,5.3,400,300
8802,2022/10/19 12:08,131.4210035,47.022754,5209939.325,455982.5936,7.16724,11.1,TRUE,5.3,400,300
8803,2022/10/19 12:08,131.4209995,47.02283283,5209948.09,455982.3543,6.16716,7.2,TRUE,5.3,400,300
8804,2022/10/19 12:08,131.4210192,47.02290767,5209956.399,455983.9135,6.88944,15,TRUE,5.3,400,300
8805,2022/10/19 12:08,131.4210423,47.02297367,5209963.724,455985.7239,5.3708,13.6,TRUE,5.3,400,300
8806,2022/10/19 12:08,131.4210523,47.0230285,5209969.814,455986.5292,5.94492,12.8,TRUE,5.3,400,300
8807,2022/10/19 12:08,131.4210517,47.02309817,5209977.559,455986.5408,6.70424,6.5,TRUE,5.3,400,300
8808,2022/10/19 12:08,131.4210665,47.02315567,5209983.943,455987.7132,4.40776,9.9,TRUE,5.3,400,300
8809,2022/10/19 12:08,131.4210795,47.02322067,5209991.162,455988.7549,7.48208,8.9,TRUE,5.3,399,300
8810,2022/10/19 12:08,131.4210873,47.02328867,5209998.717,455989.4038,5.66712,10.9,TRUE,5.3,400,300
8811,2022/10/19 12:08,131.421108,47.02334333,5210004.782,455991.0224,6.33384,9.2,TRUE,5.3,400,300
8812,2022/10/19 12:08,131.4211165,47.02340367,5210011.485,455991.7182,6.70424,10.9,TRUE,5.3,400,300
8813,2022/10/19 12:08,131.4211208,47.0234755,5210019.468,455992.1041,6.79684,7,TRUE,5.3,400,300
8814,2022/10/19 12:08,131.4211308,47.023548,5210027.523,455992.9239,6.6672,13.2,TRUE,5.3,400,300
8815,2022/10/19 12:09,131.4211355,47.02360783,5210034.171,455993.3304,6.98204,13.3,TRUE,5.3,400,300
8816,2022/10/19 12:09,131.421143,47.02367967,5210042.154,455993.9596,5.96344,10.1,TRUE,5.3,400,300
8817,2022/10/19 12:09,131.421151,47.02374483,5210049.393,455994.6213,6.16716,8.8,TRUE,5.3,400,300
8818,2022/10/19 12:09,131.4211565,47.02380567,5210056.154,455995.0894,6.019,15.3,TRUE,5.3,400,300
8819,2022/10/19 12:09,131.4211595,47.02385917,5210062.1,455995.3614,4.79668,5.3,TRUE,5.3,400,300
8820,2022/10/19 12:09,131.4211688,47.02392083,5210068.949,455996.1191,5.11152,9,TRUE,5.3,400,300
8821,2022/10/19 12:09,131.4211748,47.02397033,5210074.449,455996.6159,4.83372,14.3,TRUE,5.3,400,300
8822,2022/10/19 12:09,131.4211948,47.02403667,5210081.813,455998.1909,7.18576,9.7,TRUE,5.3,400,300
8823,2022/10/19 12:09,131.4212127,47.024104,5210089.288,455999.607,6.96352,14.9,TRUE,5.3,400,300
8824,2022/10/19 12:09,131.4212155,47.02417917,5210097.643,455999.8816,7.18576,15.4,TRUE,5.3,400,300
8825,2022/10/19 12:09,131.4212297,47.02424733,5210105.212,456001.0171,7.408,12.9,TRUE,5.3,400,300
8826,2022/10/19 12:09,131.4212413,47.02431667,5210112.914,456001.9559,6.53756,12.1,TRUE,5.3,400,300
8827,2022/10/19 12:09,131.4212438,47.0243825,5210120.231,456002.2001,6.1116,13.6,TRUE,5.3,400,300
8828,2022/10/19 12:09,131.4212458,47.02444883,5210127.604,456002.4066,7.42652,10.3,TRUE,5.3,400,300
8829,2022/10/19 12:09,131.4212467,47.02451333,5210134.774,456002.528,5.093,13.9,TRUE,5.3,400,300
8830,2022/10/19 12:10,131.4212552,47.02457967,5210142.145,456003.2287,7.11168,9.3,TRUE,5.3,400,300
8831,2022/10/19 12:10,131.4212708,47.02464767,5210149.695,456004.4705,6.83388,10.5,TRUE,5.3,400,300
8832,2022/10/19 12:10,131.4212817,47.0247145,5210157.119,456005.354,4.27812,11.2,TRUE,5.3,400,300
8833,2022/10/19 12:10,131.4212935,47.02476783,5210163.041,456006.2949,6.13012,8.8,TRUE,5.3,400,300
8834,2022/10/19 12:10,131.4213005,47.0248285,5210169.782,456006.8769,4.11144,9.6,TRUE,5.3,400,300
8835,2022/10/19 12:10,131.421308,47.0248795,5210175.447,456007.4889,5.77824,4.7,TRUE,5.3,400,300
8836,2022/10/19 12:10,131.4213165,47.02493583,5210181.705,456008.1814,5.87084,10.9,TRUE,5.3,400,300
8837,2022/10/19 12:10,131.4213243,47.024992,5210187.945,456008.8205,6.03752,4.3,TRUE,5.3,400,300
8838,2022/10/19 12:10,131.4213288,47.02505633,5210195.094,456009.2154,5.68564,5.2,TRUE,5.3,400,300
8839,2022/10/19 12:10,131.421341,47.02511683,5210201.813,456010.1926,5.093,5.9,TRUE,5.3,400,300
8840,2022/10/19 12:10,131.4213528,47.0251755,5210208.329,456011.1378,5.03744,9.6,TRUE,5.3,400,300
8841,2022/10/19 12:10,131.4213518,47.02524583,5210216.148,456011.1196,7.24132,7.1,TRUE,5.3,400,300
8842,2022/10/19 12:10,131.4213667,47.02532017,5210224.404,456012.3133,6.8524,13.6,TRUE,5.3,400,300
8843,2022/10/19 12:10,131.4213657,47.025386,5210231.723,456012.2914,6.7598,6.6,TRUE,5.3,400,300
8844,2022/10/19 12:10,131.4213738,47.02545267,5210239.13,456012.9619,6.72276,10.9,TRUE,5.3,400,300
8845,2022/10/19 12:11,131.4213858,47.025525,5210247.164,456013.9336,7.09316,5.6,TRUE,5.3,400,300
8846,2022/10/19 12:11,131.4213987,47.02559433,5210254.865,456014.9712,7.24132,7.3,TRUE,5.3,400,300
8847,2022/10/19 12:11,131.421406,47.02566633,5210262.865,456015.5853,6.019,9.1,TRUE,5.3,400,300
8848,2022/10/19 12:11,131.4214172,47.02571517,5210268.288,456016.4768,7.09316,12.2,TRUE,5.3,373,300
8849,2022/10/19 12:11,131.4214462,47.0257855,5210276.09,456018.7391,5.53748,9,TRUE,5.3,400,300
8850,2022/10/19 12:11,131.4214447,47.02583583,5210281.687,456018.6664,3.25952,19.7,TRUE,5.3,400,300
8851,2022/10/19 12:11,131.4214543,47.02589483,5210288.24,456019.4447,6.13012,4.6,TRUE,5.3,400,300
8852,2022/10/19 12:11,131.4214657,47.02596233,5210295.738,456020.3667,7.66728,13,TRUE,5.3,400,300
8853,2022/10/19 12:11,131.4214785,47.02602433,5210302.623,456021.3907,6.90796,19.4,TRUE,5.3,400,300
8854,2022/10/19 12:11,131.4214997,47.0260865,5210309.523,456023.0533,5.13004,11.3,TRUE,5.3,400,300
8855,2022/10/19 12:11,131.421506,47.02614033,5210315.504,456023.5765,4.79668,2,TRUE,5.3,398,300
8856,2022/10/19 12:11,131.4215107,47.02620283,5210322.449,456023.9851,4.88928,6.4,TRUE,5.3,400,300
8857,2022/10/19 12:11,131.4215022,47.0262735,5210330.31,456023.397,5.66712,6.4,TRUE,5.3,400,300
8858,2022/10/19 12:11,131.4215068,47.02634017,5210337.72,456023.8014,7.704319,12.8,TRUE,5.3,400,300
8859,2022/10/19 12:11,131.4215203,47.0264075,5210345.197,456024.883,7.852479,13.4,TRUE,5.3,400,300
8860,2022/10/19 12:12,131.421558,47.026465,5210351.568,456027.7961,7.37096,10.9,TRUE,5.3,400,300
8861,2022/10/19 12:12,131.4215507,47.02653933,5210359.836,456027.3022,7.09316,13.3,TRUE,5.3,400,300
8862,2022/10/19 12:12,131.4215655,47.02660767,5210367.425,456028.4834,5.66712,3.3,TRUE,5.3,400,300
8863,2022/10/19 12:12,131.4215798,47.02666983,5210374.327,456029.6215,5.33376,8.3,TRUE,5.3,400,300
8864,2022/10/19 12:12,131.4215997,47.0267415,5210382.284,456031.1931,6.35236,11.3,TRUE,5.3,400,300
8865,2022/10/19 12:12,131.4216248,47.02681017,5210389.904,456033.1575,5.42636,12.3,TRUE,5.3,400,300
8866,2022/10/19 12:12,131.4216188,47.02685483,5210394.872,456032.7381,6.53756,14.7,TRUE,5.3,400,300
8867,2022/10/19 12:12,131.4216282,47.0269135,5210401.389,456033.5008,6.7598,9.6,TRUE,5.3,400,300
8868,2022/10/19 12:12,131.4216407,47.02696517,5210407.126,456034.4935,5.01892,9.2,TRUE,5.3,400,300
8869,2022/10/19 12:12,131.4216568,47.026998,5210410.767,456035.7443,4.70408,10.4,TRUE,5.3,400,300
8870,2022/10/19 12:12,131.421652,47.02705483,5210417.088,456035.4261,4.0744,11.4,TRUE,5.3,400,300
8871,2022/10/19 12:12,131.421648,47.027106,5210422.778,456035.164,4.64852,20.3,TRUE,5.3,395,300
8872,2022/10/19 12:12,131.4216782,47.0271515,5210427.82,456037.4971,4.94484,9.3,TRUE,5.3,394,300
8873,2022/10/19 12:12,131.421681,47.02719967,5210433.173,456037.7495,4.18552,354.5,TRUE,5.3,400,300
8874,2022/10/19 12:12,131.4216858,47.02726767,5210440.73,456038.1702,4.46332,11.7,TRUE,5.3,400,300
8875,2022/10/19 12:13,131.4217035,47.02731233,5210445.685,456039.5524,4.01884,11.7,TRUE,5.3,400,300
8876,2022/10/19 12:13,131.4217178,47.02736867,5210451.941,456040.6857,4.59296,14.6,TRUE,5.3,400,300
8877,2022/10/19 12:13,131.4217132,47.02744417,5210460.336,456040.398,3.92624,4.5,TRUE,5.3,400,300
8878,2022/10/19 12:13,131.4217147,47.02749233,5210465.69,456040.5516,3.46324,355.6,TRUE,5.3,400,300
8879,2022/10/19 12:13,131.4217067,47.02756017,5210473.236,456039.9991,4.57444,12.7,TRUE,5.3,400,300
8880,2022/10/19 12:13,131.4216972,47.027621,5210480.004,456039.3269,5.90788,7.2,TRUE,5.3,400,300
8881,2022/10/19 12:13,131.4217077,47.02766883,5210485.315,456040.1643,4.2596,11.6,TRUE,5.3,400,300
8882,2022/10/19 12:13,131.4217045,47.0277245,5210491.506,456039.9668,5.68564,14.9,TRUE,5.3,400,300
8883,2022/10/19 12:13,131.4217123,47.02779183,5210498.987,456040.615,5.79676,354.8,TRUE,5.3,400,300
8884,2022/10/19 12:13,131.42171,47.02780767,5210500.749,456040.4532,0,0,FALSE,5.3,0,300
8885,2022/10/19 12:13,131.4216928,47.02776417,5210495.923,456039.11,5.57452,199.1,FALSE,5.3,0,300
8886,2022/10/19 12:13,131.4215997,47.02773333,5210492.546,456032.0075,6.6672,241.5,FALSE,5.3,0,300
8887,2022/10/19 12:13,131.4215295,47.02772717,5210491.901,456026.6661,0,278.7,FALSE,5.3,0,300
8888,2022/10/19 12:13,131.4215402,47.027715,5210490.542,456027.4695,4.24108,133.7,FALSE,5.3,0,300
8889,2022/10/19 12:13,131.4215322,47.02771583,5210490.639,456026.8621,0,269.1,FALSE,5.3,0,300
8890,2022/10/19 12:14,131.4215353,47.02770767,5210489.73,456027.091,6.44496,145.9,TRUE,5.3,239,300
8891,2022/10/19 12:14,131.4215562,47.02766033,5210484.455,456028.6409,5.13004,165.8,TRUE,5.3,400,300
8892,2022/10/19 12:14,131.4215703,47.02760833,5210478.667,456029.67,5.556,176.4,TRUE,5.3,400,300
8893,2022/10/19 12:14,131.421591,47.02755817,5210473.079,456031.2024,5.11152,184.3,TRUE,5.3,400,300
8894,2022/10/19 12:14,131.4216057,47.02751667,5210468.457,456032.2857,5.57452,197.5,TRUE,5.3,400,300
8895,2022/10/19 12:14,131.4216048,47.0274575,5210461.879,456032.1687,5.093,189.9,TRUE,5.3,400,300
8896,2022/10/19 12:14,131.4215955,47.02740083,5210455.584,456031.4152,4.38924,187.1,TRUE,5.3,400,300
8897,2022/10/19 12:14,131.4215813,47.02734,5210448.83,456030.2858,5.35228,187.4,TRUE,5.3,400,300
8898,2022/10/19 12:14,131.4215743,47.02727683,5210441.811,456029.7018,5.20412,191.8,TRUE,5.3,400,300
8899,2022/10/19 12:14,131.4215718,47.02721867,5210435.347,456029.464,5.87084,188.9,TRUE,5.3,400,300
8900,2022/10/19 12:14,131.4215602,47.02716417,5210429.295,456028.5375,4.98188,187.8,TRUE,5.3,400,300
8901,2022/10/19 12:14,131.421556,47.027117,5210424.053,456028.1795,4.51888,186.2,TRUE,5.3,400,300
8902,2022/10/19 12:14,131.421573,47.02707133,5210418.966,456029.4343,3.77808,188.7,TRUE,5.3,400,300
8903,2022/10/19 12:14,131.4215692,47.02702317,5210413.614,456029.1058,5.29672,190.6,TRUE,5.3,400,300
8904,2022/10/19 12:14,131.4215575,47.02695717,5210406.284,456028.1622,4.38924,194,TRUE,5.3,400,300
8905,2022/10/19 12:15,131.4215432,47.02689533,5210399.417,456027.0244,4.64852,183.8,TRUE,5.3,400,300
8906,2022/10/19 12:15,131.421524,47.02683583,5210392.813,456025.516,5.0004,182.4,TRUE,5.3,400,300
8907,2022/10/19 12:15,131.4215277,47.02679267,5210388.013,456025.7618,5.79676,190,TRUE,5.3,400,300
8908,2022/10/19 12:15,131.421534,47.02674767,5210383.007,456026.2038,5.3708,189,TRUE,5.3,400,300
8909,2022/10/19 12:15,131.4215368,47.02669067,5210376.668,456026.3698,5.33376,191.9,TRUE,5.3,400,300
8910,2022/10/19 12:15,131.4215425,47.02664033,5210371.069,456026.7618,4.94484,190,TRUE,5.3,400,300
8911,2022/10/19 12:15,131.4215405,47.02658567,5210364.993,456026.5649,4.167,192.2,TRUE,5.3,400,300
8912,2022/10/19 12:15,131.4215113,47.02652717,5210358.506,456024.2971,6.27828,180.6,TRUE,5.3,400,300
8913,2022/10/19 12:15,131.4214945,47.02645383,5210350.362,456022.9597,6.31532,193.8,TRUE,5.3,400,300
8914,2022/10/19 12:15,131.4214923,47.02638617,5210342.842,456022.7369,6.27828,192.3,TRUE,5.3,400,300
8915,2022/10/19 12:15,131.421491,47.02633417,5210337.061,456022.5954,5.05596,189.9,TRUE,5.3,400,300
8916,2022/10/19 12:15,131.4214937,47.02627933,5210330.963,456022.7556,5.556,190.5,TRUE,5.3,400,300
8917,2022/10/19 12:15,131.4214868,47.02622083,5210324.464,456022.183,5.98196,194.6,TRUE,5.3,400,300
8918,2022/10/19 12:15,131.421478,47.02616067,5210317.781,456021.4647,5.093,194.5,TRUE,5.3,400,300
8919,2022/10/19 12:15,131.4214643,47.02609617,5210310.618,456020.3702,5.38932,193.4,TRUE,5.3,400,300
8920,2022/10/19 12:16,131.4214587,47.026034,5210303.709,456019.8935,5.6486,196.3,TRUE,5.3,400,300
8921,2022/10/19 12:16,131.4214473,47.025972,5210296.823,456018.9759,6.50052,191.1,TRUE,5.3,400,300
8922,2022/10/19 12:16,131.4214325,47.02590683,5210289.587,456017.7973,6.16716,196.6,TRUE,5.3,400,300
8923,2022/10/19 12:16,131.4214058,47.02583117,5210281.19,456015.7055,3.55584,190.7,TRUE,5.3,400,300
8924,2022/10/19 12:16,131.4214005,47.02577067,5210274.467,456015.2529,7.37096,196.3,TRUE,5.3,400,300
8925,2022/10/19 12:16,131.4213953,47.02571333,5210268.096,456014.8105,5.3708,190.7,TRUE,5.3,371,300
8926,2022/10/19 12:16,131.4213953,47.02565317,5210261.408,456014.761,7.09316,192.7,TRUE,5.3,400,300
8927,2022/10/19 12:16,131.4213957,47.0255765,5210252.884,456014.7285,7.6858,194.4,TRUE,5.3,400,300
8928,2022/10/19 12:16,131.4213872,47.02548733,5210242.976,456014.0091,7.79692,192.9,TRUE,5.3,400,300
8929,2022/10/19 12:16,131.4213778,47.02540533,5210233.865,456013.2271,6.90796,185.1,TRUE,5.3,400,300
8930,2022/10/19 12:16,131.4213678,47.02533617,5210226.182,456012.4101,6.37088,187.4,TRUE,5.3,400,300
8931,2022/10/19 12:16,131.4213547,47.0252735,5210219.222,456011.3628,5.44488,194.9,TRUE,5.3,400,300
8932,2022/10/19 12:16,131.421345,47.025202,5210211.279,456010.5666,6.81536,186.4,TRUE,5.3,400,300
8933,2022/10/19 12:16,131.421336,47.02513883,5210204.261,456009.8306,6.70424,187.7,TRUE,5.3,397,300
8934,2022/10/19 12:16,131.4213207,47.02506633,5210196.21,456008.6079,6.35236,186.5,TRUE,5.3,400,300
8935,2022/10/19 12:17,131.4213223,47.02499517,5210188.298,456008.6711,5.88936,196.5,TRUE,5.3,400,300
8936,2022/10/19 12:17,131.4213025,47.02491333,5210179.211,456007.0986,6.7598,184.5,TRUE,5.3,400,300
8937,2022/10/19 12:17,131.4212937,47.02484483,5210171.601,456006.3734,6.05604,183.3,TRUE,5.3,400,300
8938,2022/10/19 12:17,131.4212897,47.02478,5210164.396,456006.016,6.07456,195.5,TRUE,5.3,386,300
8939,2022/10/19 12:17,131.4212785,47.02473817,5210159.752,456005.1302,4.51888,191.6,TRUE,5.3,400,300
8940,2022/10/19 12:17,131.421264,47.024672,5210152.404,456003.9736,4.9078,193.1,TRUE,5.3,344,300
8941,2022/10/19 12:17,131.4212543,47.02459833,5210144.219,456003.1756,6.90796,186.3,TRUE,5.3,400,300
8942,2022/10/19 12:17,131.4212435,47.0245255,5210136.129,456002.2948,4.8152,191.9,TRUE,5.3,400,300
8943,2022/10/19 12:17,131.4212438,47.024469,5210129.848,456002.2711,5.79676,189.9,TRUE,5.3,400,300
8944,2022/10/19 12:17,131.4212438,47.02441033,5210123.325,456002.2229,6.6672,190.2,TRUE,5.3,400,300
8945,2022/10/19 12:17,131.4212252,47.02433433,5210114.887,456000.7465,5.44488,186.6,TRUE,5.3,400,300
8946,2022/10/19 12:17,131.4212213,47.0242745,5210108.238,456000.4009,5.61156,176.9,TRUE,5.3,400,300
8947,2022/10/19 12:17,131.4212115,47.024213,5210101.406,455999.6053,5.38932,194.3,TRUE,5.3,394,300
8948,2022/10/19 12:17,131.4211992,47.02413817,5210093.094,455998.6088,6.74128,191.4,TRUE,5.3,400,300
8949,2022/10/19 12:17,131.4211803,47.024068,5210085.304,455997.1143,6.87092,187,TRUE,5.3,384,300
8950,2022/10/19 12:18,131.4211667,47.02399933,5210077.677,455996.024,6.70424,191.4,TRUE,5.3,400,300
8951,2022/10/19 12:18,131.4211542,47.023938,5210070.866,455995.0233,5.75972,185.3,TRUE,5.3,400,300
8952,2022/10/19 12:18,131.4211443,47.023881,5210064.535,455994.2239,5.22264,189.4,TRUE,5.3,400,300
8953,2022/10/19 12:18,131.4211347,47.023814,5210057.092,455993.439,7.852479,189.8,TRUE,5.3,400,300
8954,2022/10/19 12:18,131.4211312,47.02374167,5210049.053,455993.1135,5.98196,192.7,TRUE,5.3,400,300
8955,2022/10/19 12:18,131.4211247,47.023677,5210041.867,455992.5662,7.463561,190.2,TRUE,5.3,400,300
8956,2022/10/19 12:18,131.4211107,47.02359967,5210033.278,455991.4383,5.35228,195.1,TRUE,5.3,400,300
8957,2022/10/19 12:18,131.4211028,47.02354,5210026.649,455990.7887,6.18568,185.9,TRUE,5.3,400,300
8958,2022/10/19 12:18,131.4210898,47.02347417,5210019.338,455989.7463,6.14864,189.7,TRUE,5.3,400,300
8959,2022/10/19 12:18,131.4210805,47.02341333,5210012.58,455988.9893,6.2042,187.4,TRUE,5.3,400,300
8960,2022/10/19 12:18,131.4210705,47.02334317,5210004.785,455988.1714,5.42636,187.6,TRUE,5.3,400,300
8961,2022/10/19 12:18,131.421066,47.02327083,5209996.746,455987.7699,6.68572,188.7,TRUE,5.3,400,300
8962,2022/10/19 12:18,131.421053,47.023203,5209989.212,455986.7258,5.96344,186.9,TRUE,5.3,400,300
8963,2022/10/19 12:18,131.4210407,47.02314733,5209983.03,455985.745,4.50036,193.8,TRUE,5.3,358,300
8964,2022/10/19 12:18,131.4210255,47.023068,5209974.22,455984.5242,5.77824,192.8,TRUE,5.3,400,300
8965,2022/10/19 12:19,131.4210058,47.02299267,5209965.856,455982.9647,6.27828,186.1,TRUE,5.3,400,300
8966,2022/10/19 12:19,131.4210015,47.0229265,5209958.503,455982.5834,6.40792,182.6,TRUE,5.3,400,300
8967,2022/10/19 12:19,131.4209983,47.02285617,5209950.686,455982.2823,6.96352,186.3,TRUE,5.3,400,300
8968,2022/10/19 12:19,131.420979,47.02278933,5209943.266,455980.7601,7.01908,189.7,TRUE,5.3,400,300
8969,2022/10/19 12:19,131.4209728,47.0227135,5209934.839,455980.2264,6.16716,188,TRUE,5.3,400,300
8970,2022/10/19 12:19,131.4209628,47.02265667,5209928.527,455979.4195,7.29688,186.8,TRUE,5.3,400,300
8971,2022/10/19 12:19,131.420945,47.02256967,5209918.865,455977.9947,7.2228,191,TRUE,5.3,400,300
8972,2022/10/19 12:19,131.4209402,47.02249617,5209910.697,455977.5694,7.889521,191.2,TRUE,5.3,400,300
8973,2022/10/19 12:19,131.4209275,47.02241833,5209902.051,455976.5399,6.63016,189.1,TRUE,5.3,398,300
8974,2022/10/19 12:19,131.4209198,47.02235267,5209894.755,455975.9005,6.3894,185.3,TRUE,5.3,400,300
8975,2022/10/19 12:19,131.4209168,47.0222915,5209887.957,455975.6222,7.16724,191.6,TRUE,5.3,400,300
8976,2022/10/19 12:19,131.4209067,47.02222483,5209880.551,455974.7995,8.37104,186.2,TRUE,5.3,398,300
8977,2022/10/19 12:19,131.4208985,47.02215417,5209872.7,455974.1181,6.05604,193.5,TRUE,5.3,400,300
8978,2022/10/19 12:19,131.4208857,47.0220945,5209866.074,455973.0959,5.2782,195.6,TRUE,5.3,397,300
8979,2022/10/19 12:19,131.4208687,47.022017,5209857.467,455971.7398,6.68572,185.8,TRUE,5.3,400,300
8980,2022/10/19 12:20,131.4208613,47.02195333,5209850.393,455971.1248,6.09308,190.8,TRUE,5.3,400,300
8981,2022/10/19 12:20,131.4208502,47.02190217,5209844.712,455970.2389,5.3708,192.6,TRUE,5.3,400,300
8982,2022/10/19 12:20,131.4208437,47.02184567,5209838.435,455969.6983,3.704,174,TRUE,5.3,400,300
8983,2022/10/19 12:20,131.4208377,47.02180983,5209834.454,455969.2127,4.68556,200.5,TRUE,5.3,400,300
8984,2022/10/19 12:20,131.4208338,47.0218,5209833.363,455968.9081,0,0,FALSE,5.3,0,300
8985,2022/10/19 12:20,131.4208343,47.021801,5209833.474,455968.9469,0,0,FALSE,5.3,0,300
8986,2022/10/19 12:20,131.4208315,47.021801,5209833.475,455968.7341,0,0,FALSE,5.3,0,300
8987,2022/10/19 12:20,131.4208305,47.02180067,5209833.439,455968.6578,5.77824,2.6,TRUE,5.3,87,300
8988,2022/10/19 12:20,131.4208137,47.021849,5209838.822,455967.4203,1.4816,306.4,FALSE,5.3,0,300
8989,2022/10/19 12:20,131.4208525,47.02181783,5209835.335,455970.3444,7.852479,111.1,FALSE,5.3,0,300
8990,2022/10/19 12:20,131.420942,47.02179483,5209832.727,455977.1297,2.88912,53.2,FALSE,5.3,0,300
8991,2022/10/19 12:20,131.4209605,47.02179817,5209833.088,455978.5389,0,90.1,FALSE,5.3,0,300
8992,2022/10/19 12:20,131.4209972,47.02182133,5209835.642,455981.3481,7.852479,35.4,TRUE,5.3,217,300
8993,2022/10/19 12:20,131.4210623,47.0218795,5209842.073,455986.3451,1.852,10.5,TRUE,5.3,400,300
8994,2022/10/19 12:20,131.4210687,47.02190667,5209845.089,455986.854,3.5188,9.9,TRUE,5.3,400,300
8995,2022/10/19 12:21,131.421075,47.02196,5209851.015,455987.3768,2.9632,16.1,TRUE,5.3,400,300
8996,2022/10/19 12:21,131.4210852,47.02199833,5209855.27,455988.1837,3.87068,21.9,TRUE,5.3,400,300
8997,2022/10/19 12:21,131.4211032,47.02204633,5209860.596,455989.5916,5.31524,6.6,TRUE,5.3,400,300
8998,2022/10/19 12:21,131.4211128,47.02210783,5209867.428,455990.372,5.8338,7.3,TRUE,5.3,400,300
8999,2022/10/19 12:21,131.4211252,47.02216383,5209873.646,455991.3607,4.42628,14.3,TRUE,5.3,400,300
9000,2022/10/19 12:21,131.4211178,47.0222115,5209878.95,455990.8373,7.18576,1.3,TRUE,5.3,400,300
9001,2022/10/19 12:21,131.4211297,47.022285,5209887.114,455991.8024,6.3894,7.1,TRUE,5.3,400,300
9002,2022/10/19 12:21,131.4211413,47.02235467,5209894.853,455992.7415,6.40792,9.7,TRUE,5.3,400,300
9003,2022/10/19 12:21,131.4211627,47.0224155,5209901.604,455994.4184,5.51896,5.8,TRUE,5.3,400,300
9004,2022/10/19 12:21,131.4211715,47.02246733,5209907.361,455995.13,6.2042,9.2,TRUE,5.3,400,300
9005,2022/10/19 12:21,131.4211838,47.022527,5209913.987,455996.1141,3.90772,10.7,TRUE,5.3,400,300
9006,2022/10/19 12:21,131.421199,47.022575,5209919.315,455997.3091,7.98212,7.5,TRUE,5.3,400,300
9007,2022/10/19 12:21,131.4212205,47.0226345,5209925.918,455998.9925,3.57436,17.4,TRUE,5.3,400,300
9008,2022/10/19 12:21,131.4212308,47.022712,5209934.528,455999.8392,6.22272,7.6,TRUE,5.3,400,300
9009,2022/10/19 12:21,131.4212348,47.02277833,5209941.899,456000.1978,6.05604,19.3,TRUE,5.3,400,300
9010,2022/10/19 12:22,131.4212465,47.0228415,5209948.915,456001.1392,6.61164,0.3,TRUE,5.3,400,300
9011,2022/10/19 12:22,131.4212542,47.02290433,5209955.896,456001.7762,6.482,17.2,TRUE,5.3,399,300
9012,2022/10/19 12:22,131.4212655,47.02296417,5209962.542,456002.6844,5.24116,10.6,TRUE,5.3,400,300
9013,2022/10/19 12:22,131.4212722,47.0230265,5209969.468,456003.245,6.18568,16.2,TRUE,5.3,400,300
9014,2022/10/19 12:22,131.421288,47.02309617,5209977.204,456004.5034,7.33392,5.6,TRUE,5.3,400,300
9015,2022/10/19 12:22,131.4213012,47.023149,5209983.07,456005.5503,7.6858,16,TRUE,5.3,347,300
9016,2022/10/19 12:22,131.421305,47.02322567,5209991.591,456005.9022,7.38948,16.8,TRUE,5.3,400,300
9017,2022/10/19 12:22,131.4213137,47.02327917,5209997.534,456006.6075,4.96336,10.2,TRUE,5.3,400,300
9018,2022/10/19 12:22,131.4213223,47.02333667,5210003.921,456007.3086,7.0376,9.2,TRUE,5.3,400,300
9019,2022/10/19 12:22,131.421324,47.02339717,5210010.646,456007.4875,6.6672,9.5,TRUE,5.3,400,300
9020,2022/10/19 12:22,131.4213422,47.02347733,5210019.547,456008.937,6.79684,3.6,TRUE,5.3,400,300
9021,2022/10/19 12:22,131.4213565,47.0235475,5210027.34,456010.0817,5.7412,9.9,TRUE,5.3,400,300
9022,2022/10/19 12:22,131.4213748,47.02359583,5210032.703,456011.5126,1.5742,25.7,TRUE,5.3,400,300
9023,2022/10/19 12:22,131.4213827,47.0236465,5210038.332,456012.1548,4.40776,6.8,TRUE,5.3,400,300
9024,2022/10/19 12:22,131.4213852,47.02369917,5210044.185,456012.3882,6.33384,13.5,TRUE,5.3,400,300
9025,2022/10/19 12:23,131.4214018,47.0237545,5210050.327,456013.6956,3.57436,10.8,TRUE,5.3,400,300
9026,2022/10/19 12:23,131.4214055,47.02381233,5210056.754,456014.0244,6.96352,12.2,TRUE,5.3,400,300
9027,2022/10/19 12:23,131.4214152,47.02387283,5210063.475,456014.8115,7.1302,8.2,TRUE,5.3,400,300
9028,2022/10/19 12:23,131.4214345,47.02393633,5210070.523,456016.3308,5.24116,12.1,TRUE,5.3,400,300
9029,2022/10/19 12:23,131.421435,47.02399633,5210077.193,456016.4181,6.09308,11.4,TRUE,5.3,400,300
9030,2022/10/19 12:23,131.4214457,47.02404867,5210083.006,456017.2746,4.59296,15.6,TRUE,5.3,400,300
9031,2022/10/19 12:23,131.4214413,47.02410517,5210089.289,456016.9865,5.53748,12.2,TRUE,5.3,400,300
9032,2022/10/19 12:23,131.4214553,47.0241645,5210095.877,456018.0995,6.27828,19.2,TRUE,5.3,400,300
9033,2022/10/19 12:23,131.4214717,47.024238,5210104.039,456019.4066,5.05596,19.4,TRUE,5.3,400,300
9034,2022/10/19 12:23,131.4214853,47.02429817,5210110.721,456020.4899,5.85232,12.7,TRUE,5.3,400,300
9035,2022/10/19 12:23,131.42151,47.02435883,5210117.45,456022.4175,6.59312,11.7,TRUE,5.3,400,300
9036,2022/10/19 12:23,131.4215267,47.02443433,5210125.834,456023.749,6.22272,8.7,TRUE,5.3,400,300
9037,2022/10/19 12:23,131.4215235,47.02450133,5210133.285,456023.5608,7.14872,6.1,TRUE,5.3,381,300
9038,2022/10/19 12:23,131.421514,47.02456733,5210140.627,456022.8928,5.61156,14,TRUE,5.3,400,300
9039,2022/10/19 12:23,131.4215178,47.0246075,5210145.091,456023.2146,5.16708,10.6,TRUE,5.3,400,300
9040,2022/10/19 12:24,131.4215208,47.0246655,5210151.537,456023.4903,7.37096,4,TRUE,5.3,400,300
9041,2022/10/19 12:24,131.421537,47.0247135,5210156.864,456024.7613,5.96344,14.3,TRUE,5.3,400,300
9042,2022/10/19 12:24,131.421555,47.02477317,5210163.488,456026.1787,5.48192,15.6,TRUE,5.3,400,300
9043,2022/10/19 12:24,131.4215632,47.02484067,5210170.987,456026.8575,5.0004,17.5,TRUE,5.3,400,300
9044,2022/10/19 12:24,131.4215717,47.02489833,5210177.392,456027.551,5.98196,8.9,TRUE,5.3,400,300
9045,2022/10/19 12:24,131.4215918,47.02495667,5210183.867,456029.1269,6.61164,15.8,TRUE,5.3,400,300
9046,2022/10/19 12:24,131.4215963,47.0250195,5210190.849,456029.5206,5.556,8.6,TRUE,5.3,400,300
9047,2022/10/19 12:24,131.4215798,47.025084,5210198.029,456028.3192,6.42644,20.9,TRUE,5.3,400,300
9048,2022/10/19 12:24,131.4216003,47.0251535,5210205.744,456029.9347,4.96336,14.9,TRUE,5.3,400,300
9049,2022/10/19 12:24,131.4216213,47.025208,5210211.791,456031.5759,7.24132,8.8,TRUE,5.3,400,300
9050,2022/10/19 12:24,131.4216285,47.025264,5210218.012,456032.1692,6.31532,9.6,TRUE,5.3,400,300
9051,2022/10/19 12:24,131.4216362,47.02532883,5210225.215,456032.8078,6.07456,13.8,TRUE,5.3,400,300
9052,2022/10/19 12:24,131.4216365,47.0253975,5210232.849,456032.887,6.33384,9.1,TRUE,5.3,400,300
9053,2022/10/19 12:24,131.4216397,47.02546033,5210239.832,456033.1818,6.55608,13,TRUE,5.3,400,300
9054,2022/10/19 12:24,131.4216548,47.02551683,5210246.105,456034.3761,6.59312,15.4,TRUE,5.3,398,300
9055,2022/10/19 12:25,131.4216483,47.0255795,5210253.076,456033.9334,4.3522,5.1,TRUE,5.3,400,300
9056,2022/10/19 12:25,131.4216362,47.02562433,5210258.066,456033.0504,2.70392,25.2,TRUE,5.3,400,300
9057,2022/10/19 12:25,131.4216393,47.025669,5210263.031,456033.3228,3.6114,15.4,TRUE,5.3,400,300
9058,2022/10/19 12:25,131.4216485,47.0257195,5210268.64,456034.0636,4.55592,2.6,TRUE,5.3,400,300
9059,2022/10/19 12:25,131.4216585,47.02577717,5210275.045,456034.8711,6.53756,353.8,TRUE,5.3,400,300
9060,2022/10/19 12:25,131.4216598,47.02581133,5210278.842,456034.998,2.88912,357.7,TRUE,5.3,400,300
9061,2022/10/19 12:25,131.421658,47.025851,5210283.253,456034.8937,6.40792,359.6,TRUE,5.3,400,300
9062,2022/10/19 12:25,131.4216413,47.02590533,5210289.303,456033.6688,4.5374,2.3,TRUE,5.3,400,300
9063,2022/10/19 12:25,131.421646,47.02596717,5210296.175,456034.0769,5.66712,1.1,TRUE,5.3,400,300
9064,2022/10/19 12:25,131.4216382,47.02602667,5210302.794,456033.5328,5.20412,7.6,TRUE,5.3,400,300
9065,2022/10/19 12:25,131.4216645,47.02607583,5210308.244,456035.5725,5.90788,7.5,TRUE,5.3,400,300
9066,2022/10/19 12:25,131.4216587,47.02613517,5210314.844,456035.1803,5.05596,359.3,TRUE,5.3,400,300
9067,2022/10/19 12:25,131.4216525,47.02618917,5210320.851,456034.7533,6.09308,351.3,TRUE,5.3,400,300
9068,2022/10/19 12:25,131.421642,47.02624583,5210327.156,456034.0016,4.2596,6.8,TRUE,5.3,400,300
9069,2022/10/19 12:25,131.4216427,47.026295,5210332.622,456034.0952,5.9264,358.6,TRUE,5.3,400,300
9070,2022/10/19 12:26,131.421636,47.02636367,5210340.26,456033.6423,5.22264,351.7,TRUE,5.3,400,300
9071,2022/10/19 12:26,131.4216442,47.02643667,5210348.37,456034.3256,6.16716,0.3,TRUE,5.3,376,300
9072,2022/10/19 12:26,131.4216508,47.0264885,5210354.129,456034.8699,0.81488,3,TRUE,5.3,278,300
9073,2022/10/19 12:26,131.4216478,47.02644233,5210348.998,456034.6039,5.14856,203.3,FALSE,5.3,0,300
9074,2022/10/19 12:26,131.4215463,47.02641917,5210346.48,456026.869,6.46348,271.1,FALSE,5.3,0,300
9075,2022/10/19 12:26,131.4214527,47.026441,5210348.959,456019.7716,6.46348,116.7,FALSE,5.3,0,300
9076,2022/10/19 12:26,131.421485,47.026408,5210345.273,456022.1999,7.16724,179.7,TRUE,5.3,249,300
9077,2022/10/19 12:26,131.4215028,47.026348,5210338.592,456023.5038,6.61164,186.4,TRUE,5.3,368,300
9078,2022/10/19 12:26,131.4214987,47.02628583,5210331.683,456023.141,7.05612,177.9,TRUE,5.3,400,300
9079,2022/10/19 12:26,131.4214868,47.026207,5210322.926,456022.1717,7.0376,182.6,TRUE,5.3,376,300
9080,2022/10/19 12:26,131.4214962,47.026123,5210313.583,456022.8173,7.61172,182.3,TRUE,5.3,367,300
9081,2022/10/19 12:26,131.4214902,47.0260535,5210305.86,456022.3041,7.704319,186.6,TRUE,5.3,400,300
9082,2022/10/19 12:26,131.4214803,47.025977,5210297.361,456021.4887,7.11168,172.2,TRUE,5.3,375,300
9083,2022/10/19 12:26,131.421488,47.025885,5210287.129,456021.9984,7.07464,176.7,TRUE,5.3,400,300
9084,2022/10/19 12:26,131.4214897,47.02580767,5210278.531,456022.0642,8.35252,185.5,TRUE,5.3,400,300
9085,2022/10/19 12:27,131.4214812,47.02573817,5210270.809,456021.3609,4.22256,191.2,TRUE,5.3,400,300
9086,2022/10/19 12:27,131.4214872,47.02567283,5210263.542,456021.7634,7.64876,193.8,TRUE,5.3,375,300
9087,2022/10/19 12:27,131.4214753,47.02558633,5210253.932,456020.7877,7.05612,180.2,TRUE,5.3,400,300
9088,2022/10/19 12:27,131.4214743,47.025515,5210246.003,456020.6531,6.70424,186.2,TRUE,5.3,400,300
9089,2022/10/19 12:27,131.4214678,47.0254445,5210238.169,456020.1011,7.09316,187.6,TRUE,5.3,400,300
9090,2022/10/19 12:27,131.4214532,47.02537867,5210230.859,456018.9371,5.77824,186.8,TRUE,5.3,400,300
9091,2022/10/19 12:27,131.4214383,47.02530733,5210222.936,456017.7458,6.51904,190.2,TRUE,5.3,400,300
9092,2022/10/19 12:27,131.4214217,47.02523383,5210214.775,456016.4235,7.6858,189.4,TRUE,5.3,400,300
9093,2022/10/19 12:27,131.4214157,47.02516683,5210207.329,456015.9124,6.482,193.9,TRUE,5.3,400,300
9094,2022/10/19 12:27,131.4214118,47.02510167,5210200.088,456015.5624,5.90788,187.5,TRUE,5.3,400,300
9095,2022/10/19 12:27,131.4213948,47.02503817,5210193.038,456014.2179,5.96344,185.5,TRUE,5.3,400,300
9096,2022/10/19 12:27,131.4213848,47.02497167,5210185.651,456013.403,7.5006,190.4,TRUE,5.3,394,300
9097,2022/10/19 12:27,131.421379,47.024893,5210176.908,456012.8975,6.81536,186.8,TRUE,5.3,400,300
9098,2022/10/19 12:27,131.4213638,47.02482583,5210169.449,456011.6868,6.81536,192.6,TRUE,5.3,400,300
9099,2022/10/19 12:27,131.4213475,47.02474867,5210160.881,456010.3843,6.63016,189.3,TRUE,5.3,400,300
9100,2022/10/19 12:28,131.4213293,47.02466733,5210151.848,456008.9339,6.46348,186.2,TRUE,5.3,400,300
9101,2022/10/19 12:28,131.421318,47.02459217,5210143.499,456008.0131,6.16716,185,TRUE,5.3,400,300
9102,2022/10/19 12:28,131.4213205,47.02452117,5210135.604,456008.1448,6.37088,194.6,TRUE,5.3,397,300
9103,2022/10/19 12:28,131.4213082,47.02445267,5210127.996,456007.1535,6.8524,191.2,TRUE,5.3,400,300
9104,2022/10/19 12:28,131.4212958,47.02438217,5210120.165,456006.1529,6.6672,188.5,TRUE,5.3,396,300
9105,2022/10/19 12:28,131.421284,47.0243085,5210111.982,456005.1953,6.90796,188,TRUE,5.3,400,300
9106,2022/10/19 12:28,131.4212692,47.024237,5210104.042,456004.0115,7.48208,194.9,TRUE,5.3,400,300
9107,2022/10/19 12:28,131.4212575,47.0241635,5210095.877,456003.0616,6.7598,194,TRUE,5.3,400,300
9108,2022/10/19 12:28,131.4212478,47.0240965,5210088.434,456002.2692,7.00056,192.9,TRUE,5.3,400,300
9109,2022/10/19 12:28,131.4212355,47.02402667,5210080.678,456001.2767,7.25984,191.3,TRUE,5.3,400,300
9110,2022/10/19 12:28,131.4212257,47.02395067,5210072.235,456000.4693,7.42652,191.6,TRUE,5.3,400,300
9111,2022/10/19 12:28,131.4212178,47.02387783,5210064.141,455999.8089,5.98196,185.4,TRUE,5.3,400,300
9112,2022/10/19 12:28,131.4212085,47.023809,5210056.495,455999.0453,7.64876,196.5,TRUE,5.3,400,300
9113,2022/10/19 12:28,131.4211955,47.023738,5210048.609,455997.9987,7.09316,184.9,TRUE,5.3,400,300
9114,2022/10/19 12:28,131.4211828,47.02365967,5210039.908,455996.9688,7.75988,184.9,TRUE,5.3,400,300
9115,2022/10/19 12:29,131.4211733,47.023591,5210032.279,455996.1902,6.77832,194.7,TRUE,5.3,400,300
9116,2022/10/19 12:29,131.4211698,47.02351267,5210023.573,455995.8597,7.6858,192.4,TRUE,5.3,400,300
9117,2022/10/19 12:29,131.4211635,47.02343267,5210014.683,455995.3151,7.00056,196,TRUE,5.3,400,300
9118,2022/10/19 12:29,131.4211542,47.02336317,5210006.962,455994.5509,7.57468,188.5,TRUE,5.3,400,300
9119,2022/10/19 12:29,131.4211405,47.02328583,5209998.372,455993.4459,7.16724,190.4,TRUE,5.3,400,300
9120,2022/10/19 12:29,131.4211277,47.023218,5209990.838,455992.417,7.51912,187.4,TRUE,5.3,400,300
9121,2022/10/19 12:29,131.4211087,47.02315567,5209983.919,455990.9214,5.98196,192,TRUE,5.3,266,300
9122,2022/10/19 12:29,131.4210903,47.02307317,5209974.758,455989.4548,6.96352,186.6,TRUE,5.3,400,300
9123,2022/10/19 12:29,131.4210842,47.02299567,5209966.146,455988.9273,7.48208,183.8,TRUE,5.3,400,300
9124,2022/10/19 12:29,131.4210762,47.02291817,5209957.535,455988.2555,7.29688,186.8,TRUE,5.3,392,300
9125,2022/10/19 12:29,131.4210583,47.022846,5209949.521,455986.8353,6.35236,187.6,TRUE,5.3,400,300
9126,2022/10/19 12:29,131.4210512,47.02277383,5209941.502,455986.2362,6.945,195.1,TRUE,5.3,400,300
9127,2022/10/19 12:29,131.4210443,47.02270017,5209933.317,455985.6511,7.38948,193.2,TRUE,5.3,400,300
9128,2022/10/19 12:29,131.4210295,47.02262367,5209924.821,455984.4631,7.66728,186.9,TRUE,5.3,400,300
9129,2022/10/19 12:29,131.4210327,47.0225425,5209915.795,455984.6397,6.92648,186.4,TRUE,5.3,400,300
9130,2022/10/19 12:30,131.4210082,47.02247167,5209907.935,455982.7189,5.29672,191.2,TRUE,5.3,400,300
9131,2022/10/19 12:30,131.4210063,47.02241017,5209901.099,455982.5239,6.88944,193.7,TRUE,5.3,400,300
9132,2022/10/19 12:30,131.421001,47.02234367,5209893.709,455982.0663,7.29688,191,TRUE,5.3,400,300
9133,2022/10/19 12:30,131.4209853,47.02227183,5209885.732,455980.8137,6.83388,187.7,TRUE,5.3,400,300
9134,2022/10/19 12:30,131.4209785,47.022197,5209877.416,455980.2352,7.5932,190.8,TRUE,5.3,400,300
9135,2022/10/19 12:30,131.420959,47.02213067,5209870.053,455978.6982,7.44504,193.1,TRUE,5.3,399,300
9136,2022/10/19 12:30,131.4209488,47.0220605,5209862.258,455977.8651,6.37088,183.2,TRUE,5.3,400,300
9137,2022/10/19 12:30,131.4209358,47.02198783,5209854.187,455976.817,6.46348,192.6,TRUE,5.3,400,300
9138,2022/10/19 12:30,131.4209188,47.021933,5209848.101,455975.4795,5.31524,182.9,TRUE,5.3,400,300
9139,2022/10/19 12:30,131.4209208,47.02187167,5209841.282,455975.5812,5.13004,188.6,TRUE,5.3,400,300
9140,2022/10/19 12:30,131.4209085,47.02182283,5209835.859,455974.6059,6.945,184.9,TRUE,5.3,400,300
9141,2022/10/19 12:30,131.420895,47.02178817,5209832.013,455973.5511,0,0,FALSE,5.3,0,300
9142,2022/10/19 12:30,131.4208988,47.02180417,5209833.79,455973.8531,5.22264,2.4,FALSE,5.3,0,300
9143,2022/10/19 12:30,131.4208817,47.02185083,5209838.987,455972.5915,0.68524,325.7,FALSE,5.3,0,300
9144,2022/10/19 12:30,131.4209238,47.02181417,5209834.888,455975.762,7.2228,129.8,FALSE,5.3,0,300
9145,2022/10/19 12:31,131.4210315,47.02179783,5209833.011,455983.9364,7.55616,55.5,FALSE,5.3,0,300
9146,2022/10/19 12:31,131.421111,47.02183067,5209836.617,455990.0074,2.4076,16.2,TRUE,5.3,240,300
9147,2022/10/19 12:31,131.4211218,47.021839,5209837.537,455990.8353,5.01892,17.7,TRUE,5.3,400,300
9148,2022/10/19 12:31,131.4211477,47.02189917,5209844.211,455992.8538,3.38916,8.1,TRUE,5.3,400,300
9149,2022/10/19 12:31,131.4211553,47.02193767,5209848.487,455993.4632,3.74104,3,TRUE,5.3,400,300
9150,2022/10/19 12:31,131.4211698,47.0219855,5209853.796,455994.6048,4.20404,5.5,TRUE,5.3,400,300
9151,2022/10/19 12:31,131.421191,47.0220305,5209858.787,455996.2535,6.44496,6.5,TRUE,5.3,400,300
9152,2022/10/19 12:31,131.4211985,47.02207683,5209863.933,455996.8618,5.61156,10.2,TRUE,5.3,400,300
9153,2022/10/19 12:31,131.4212093,47.02213667,5209870.58,455997.732,5.38932,8.4,TRUE,5.3,400,300
9154,2022/10/19 12:31,131.4212195,47.0222025,5209877.892,455998.5616,6.50052,17.4,TRUE,5.3,400,300
9155,2022/10/19 12:31,131.4212228,47.02227283,5209885.709,455998.8702,8.20436,9,TRUE,5.3,400,300
9156,2022/10/19 12:31,131.421225,47.0223485,5209894.12,455999.0996,6.63016,6.9,TRUE,5.3,400,300
9157,2022/10/19 12:31,131.4212297,47.02242533,5209902.659,455999.5201,6.7598,9.6,TRUE,5.3,400,300
9158,2022/10/19 12:31,131.4212617,47.02249883,5209910.812,456002.0132,6.7598,7.5,TRUE,5.3,400,300
9159,2022/10/19 12:31,131.4212778,47.02255467,5209917.011,456003.2831,4.24108,6.4,TRUE,5.3,369,300
9160,2022/10/19 12:32,131.4212983,47.02262633,5209924.966,456004.9005,7.44504,12,TRUE,5.3,400,300
9161,2022/10/19 12:32,131.4213182,47.02269867,5209932.997,456006.4728,6.945,5.5,TRUE,5.3,400,300
9162,2022/10/19 12:32,131.4213255,47.0227785,5209941.867,456007.0933,8.13028,11.2,TRUE,5.3,400,300
9163,2022/10/19 12:32,131.4213405,47.0228555,5209950.419,456008.2969,7.01908,1.7,TRUE,5.3,400,300
9164,2022/10/19 12:32,131.4213507,47.02292533,5209958.176,456009.1297,6.98204,5.4,TRUE,5.3,400,300
9165,2022/10/19 12:32,131.4213652,47.02300383,5209966.895,456010.2965,6.98204,10.8,TRUE,5.3,400,300
9166,2022/10/19 12:32,131.4213677,47.02308217,5209975.603,456010.5509,6.81536,7,TRUE,5.3,372,300
9167,2022/10/19 12:32,131.4213723,47.0231405,5209982.085,456010.9486,5.98196,10.5,TRUE,5.3,400,300
9168,2022/10/19 12:32,131.4213885,47.02321283,5209990.117,456012.2395,6.13012,5.9,TRUE,5.3,400,300
9169,2022/10/19 12:32,131.4213843,47.02327,5209996.475,456011.9672,4.22256,16.5,TRUE,5.3,400,300
9170,2022/10/19 12:32,131.4214007,47.02332667,5210002.766,456013.2605,7.3154,4.3,TRUE,5.3,400,300
9171,2022/10/19 12:32,131.42142,47.023393,5210010.129,456014.7822,5.7412,11.5,TRUE,5.3,400,300
9172,2022/10/19 12:32,131.4214327,47.023434,5210014.68,456015.7814,5.79676,359.1,TRUE,5.3,400,300
9173,2022/10/19 12:32,131.4214445,47.0234905,5210020.954,456016.7249,4.09292,5.3,TRUE,5.3,400,300
9174,2022/10/19 12:32,131.4214333,47.02354733,5210027.278,456015.9201,3.40768,359.5,TRUE,5.3,400,300
9175,2022/10/19 12:33,131.421429,47.02359283,5210032.339,456015.6306,2.72244,13.5,TRUE,5.3,399,300
9176,2022/10/19 12:33,131.4214487,47.023644,5210038.017,456017.1702,4.20404,11.6,TRUE,5.3,400,300
9177,2022/10/19 12:33,131.4214607,47.02369867,5210044.087,456018.1274,5.98196,10.3,TRUE,5.3,400,300
9178,2022/10/19 12:33,131.421452,47.02377267,5210052.319,456017.5268,4.05588,8.6,TRUE,5.3,400,300
9179,2022/10/19 12:33,131.4214787,47.02383583,5210059.326,456019.6085,6.24124,11.4,TRUE,5.3,400,300
9180,2022/10/19 12:33,131.4214863,47.0238895,5210065.288,456020.2303,6.98204,16.9,TRUE,5.3,400,300
9181,2022/10/19 12:33,131.421491,47.023958,5210072.9,456020.6439,5.77824,7,TRUE,5.3,400,300
9182,2022/10/19 12:33,131.4214937,47.02400767,5210078.421,456020.8899,6.63016,14.3,TRUE,5.3,400,300
9183,2022/10/19 12:33,131.4215167,47.0240635,5210084.615,456022.6843,4.55592,18.8,TRUE,5.3,400,300
9184,2022/10/19 12:33,131.4215298,47.02411883,5210090.758,456023.7256,5.14856,6.1,TRUE,5.3,400,300
9185,2022/10/19 12:33,131.4215238,47.02417417,5210096.914,456023.3149,5.25968,5.3,TRUE,5.3,400,300
9186,2022/10/19 12:33,131.4215325,47.02422583,5210102.652,456024.0187,5.40784,15.6,TRUE,5.3,348,300
9187,2022/10/19 12:33,131.4215607,47.0242855,5210109.27,456026.2115,5.4634,12.2,TRUE,5.3,400,300
9188,2022/10/19 12:33,131.4215758,47.02433783,5210115.079,456027.4024,5.98196,12.2,TRUE,5.3,400,300
9189,2022/10/19 12:33,131.4215845,47.02440983,5210123.078,456028.1229,5.11152,13,TRUE,5.3,395,300
9190,2022/10/19 12:34,131.4215822,47.02444767,5210127.286,456027.9791,5.4634,19,TRUE,5.3,400,300
9191,2022/10/19 12:34,131.4215838,47.02449983,5210133.084,456028.1436,6.44496,7.2,TRUE,5.3,400,300
9192,2022/10/19 12:34,131.4215895,47.02456133,5210139.918,456028.6274,5.42636,2.9,TRUE,5.3,400,300
9193,2022/10/19 12:34,131.4215955,47.0246255,5210147.048,456029.1362,3.35212,6.7,TRUE,5.3,400,300
9194,2022/10/19 12:34,131.4216023,47.02468217,5210153.345,456029.6997,3.94476,355.1,TRUE,5.3,400,300
9195,2022/10/19 12:34,131.4215955,47.02474883,5210160.759,456029.2375,5.29672,7.1,TRUE,5.3,400,300
9196,2022/10/19 12:34,131.4215845,47.024823,5210169.011,456028.4622,6.5746,9.1,TRUE,5.3,400,300
9197,2022/10/19 12:34,131.4216015,47.02487983,5210175.319,456029.8012,4.20404,6.6,TRUE,5.3,400,300
9198,2022/10/19 12:34,131.4216067,47.02491933,5210179.707,456030.2289,3.20396,12.1,TRUE,5.3,400,300
9199,2022/10/19 12:34,131.4216288,47.0249735,5210185.717,456031.9535,5.87084,13.7,TRUE,5.3,400,300
9200,2022/10/19 12:34,131.4216397,47.0250415,5210193.271,456032.8379,5.63008,19.9,TRUE,5.3,400,300
9201,2022/10/19 12:34,131.4216602,47.02511,5210200.874,456034.4526,5.22264,8.4,TRUE,5.3,365,300
9202,2022/10/19 12:34,131.4216653,47.02517033,5210207.578,456034.8898,5.3708,0.7,TRUE,5.3,396,300
9203,2022/10/19 12:34,131.4216867,47.02523433,5210214.681,456036.5692,6.16716,11.2,TRUE,5.3,400,300
9204,2022/10/19 12:34,131.421684,47.02530733,5210222.798,456036.4239,5.20412,7.6,TRUE,5.3,386,300
9205,2022/10/19 12:35,131.4216925,47.02538367,5210231.28,456037.1327,5.6486,9.1,TRUE,5.3,400,300
9206,2022/10/19 12:35,131.4216835,47.02545017,5210238.678,456036.5031,5.53748,4.3,TRUE,5.3,400,300
9207,2022/10/19 12:35,131.4216892,47.02551767,5210246.179,456036.9919,6.14864,2.2,TRUE,5.3,400,300
9208,2022/10/19 12:35,131.4216762,47.02558783,5210253.986,456036.0612,6.59312,0.9,TRUE,5.3,400,300
9209,2022/10/19 12:35,131.4216817,47.025651,5210261.006,456036.5312,6.7598,359.1,TRUE,5.3,400,300
9210,2022/10/19 12:35,131.4216688,47.02571267,5210267.869,456035.6012,4.98188,355.4,TRUE,5.3,400,300
9211,2022/10/19 12:35,131.4216508,47.02576417,5210273.604,456034.2751,6.482,350.1,TRUE,5.3,400,300
9212,2022/10/19 12:35,131.4216362,47.02580867,5210278.56,456033.2018,0,1.6,FALSE,5.3,0,300
9213,2022/10/19 12:35,131.421645,47.0257605,5210273.2,456033.8312,5.77824,187,FALSE,5.3,0,300
9214,2022/10/19 12:35,131.4215918,47.02570533,5210267.096,456029.7417,5.4634,244.8,FALSE,5.3,0,300
9215,2022/10/19 12:35,131.4215178,47.02570333,5210266.915,456024.1146,5.77824,107.3,FALSE,5.3,0,300
9216,2022/10/19 12:35,131.4215695,47.02568583,5210264.941,456028.0304,5.70416,158.5,FALSE,5.3,0,300
9217,2022/10/19 12:35,131.4215715,47.02563417,5210259.197,456028.14,6.05604,181.4,TRUE,5.3,370,300
9218,2022/10/19 12:35,131.4215695,47.02558317,5210253.528,456027.9461,6.03752,180.1,TRUE,5.3,400,300
9219,2022/10/19 12:35,131.4215748,47.02552567,5210247.133,456028.3018,6.14864,190.9,TRUE,5.3,400,300
9220,2022/10/19 12:36,131.4215822,47.025454,5210239.161,456028.8055,6.24124,184.7,TRUE,5.3,400,300
9221,2022/10/19 12:36,131.4215663,47.02538483,5210231.48,456027.54,5.13004,186.4,TRUE,5.3,400,300
9222,2022/10/19 12:36,131.4215525,47.025333,5210225.726,456026.4484,5.03744,182.8,TRUE,5.3,400,300
9223,2022/10/19 12:36,131.4215433,47.025271,5210218.838,456025.6981,7.16724,184.4,TRUE,5.3,400,300
9224,2022/10/19 12:36,131.4215497,47.0252095,5210211.998,456026.1341,6.51904,186.9,TRUE,5.3,400,300
9225,2022/10/19 12:36,131.421548,47.02514967,5210205.347,456025.9557,6.6672,185.1,TRUE,5.3,400,300
9226,2022/10/19 12:36,131.4215502,47.02509433,5210199.194,456026.0775,6.18568,182.1,TRUE,5.3,400,300
9227,2022/10/19 12:36,131.4215132,47.02501633,5210190.543,456023.2007,6.482,188.1,TRUE,5.3,400,300
9228,2022/10/19 12:36,131.421503,47.02494917,5210183.083,456022.3701,5.81528,193,TRUE,5.3,400,300
9229,2022/10/19 12:36,131.4215058,47.02489367,5210176.911,456022.5374,5.40784,192.9,TRUE,5.3,400,300
9230,2022/10/19 12:36,131.4215003,47.02482967,5210169.8,456022.0667,6.81536,179.6,TRUE,5.3,400,300
9231,2022/10/19 12:36,131.4214962,47.024762,5210162.279,456021.6995,4.98188,192.3,TRUE,5.3,400,300
9232,2022/10/19 12:36,131.4214923,47.0246975,5210155.111,456021.35,5.94492,192.3,TRUE,5.3,400,300
9233,2022/10/19 12:36,131.4214993,47.02462783,5210147.361,456021.825,6.14864,182.8,TRUE,5.3,400,300
9234,2022/10/19 12:36,131.4215147,47.0245715,5210141.09,456022.9494,6.09308,187.5,TRUE,5.3,400,300
9235,2022/10/19 12:37,131.4215027,47.02450683,5210133.908,456021.9841,6.1116,181.2,TRUE,5.3,400,300
9236,2022/10/19 12:37,131.4215007,47.02444117,5210126.609,456021.7781,5.70416,193.5,TRUE,5.3,400,300
9237,2022/10/19 12:37,131.4214905,47.02437467,5210119.222,456020.9481,4.68556,194.6,TRUE,5.3,400,300
9238,2022/10/19 12:37,131.4214835,47.02432633,5210113.852,456020.3762,5.40784,188.8,TRUE,5.3,400,300
9239,2022/10/19 12:37,131.421469,47.02426183,5210106.69,456019.2209,5.31524,194.3,TRUE,5.3,400,300
9240,2022/10/19 12:37,131.4214417,47.024194,5210099.164,456017.0898,5.66712,195.1,TRUE,5.3,400,300
9241,2022/10/19 12:37,131.4214267,47.02412917,5210091.966,456015.8963,6.2968,190.1,TRUE,5.3,400,300
9242,2022/10/19 12:37,131.4214217,47.02405867,5210084.131,456015.4582,5.96344,195.4,TRUE,5.3,400,300
9243,2022/10/19 12:37,131.4214183,47.0239955,5210077.11,456015.1479,5.75972,195.8,TRUE,5.3,400,300
9244,2022/10/19 12:37,131.4214055,47.02393133,5210069.984,456014.1221,7.61172,192.6,TRUE,5.3,400,300
9245,2022/10/19 12:37,131.421397,47.023852,5210061.169,456013.4108,8.037681,191.3,TRUE,5.3,398,300
9246,2022/10/19 12:37,131.4213715,47.0237795,5210053.124,456011.4126,7.48208,193.3,TRUE,5.3,400,300
9247,2022/10/19 12:37,131.421361,47.02369817,5210044.088,456010.5476,8.07472,188.8,TRUE,5.3,397,300
9248,2022/10/19 12:37,131.4213747,47.02362667,5210036.131,456011.5304,6.27828,191.8,TRUE,5.3,400,300
9249,2022/10/19 12:37,131.4213688,47.02355617,5210028.297,456011.0239,6.6672,195.6,TRUE,5.3,400,300
9250,2022/10/19 12:38,131.4213435,47.02348167,5210020.029,456009.0394,7.57468,193.8,TRUE,5.3,400,300
9251,2022/10/19 12:38,131.4213315,47.02340083,5210011.049,456008.0607,6.6672,193.5,TRUE,5.3,400,300
9252,2022/10/19 12:38,131.4213318,47.02333083,5210003.267,456008.026,7.29688,197.5,TRUE,5.3,400,300
9253,2022/10/19 12:38,131.421331,47.02327067,5209996.579,456007.9157,7.81544,191.2,TRUE,5.3,372,300
9254,2022/10/19 12:38,131.4213118,47.0231995,5209988.678,456006.3976,7.3154,194.9,TRUE,5.3,400,300
9255,2022/10/19 12:38,131.4212973,47.0231365,5209981.682,456005.2436,5.88936,190,TRUE,5.3,400,300
9256,2022/10/19 12:38,131.4212745,47.02308383,5209975.84,456003.467,4.51888,187.1,TRUE,5.3,400,300
9257,2022/10/19 12:38,131.4212583,47.0230185,5209968.586,456002.1817,6.77832,185,TRUE,5.3,400,300
9258,2022/10/19 12:38,131.4212533,47.02296517,5209962.66,456001.7578,5.40784,191,TRUE,5.3,400,300
9259,2022/10/19 12:38,131.421247,47.0229165,5209957.253,456001.2388,6.83388,197.4,TRUE,5.3,400,300
9260,2022/10/19 12:38,131.4212377,47.022831,5209947.753,456000.4616,6.945,188.6,TRUE,5.3,400,300
9261,2022/10/19 12:38,131.4212287,47.0227595,5209939.809,455999.7186,7.20428,198.9,TRUE,5.3,400,300
9262,2022/10/19 12:38,131.4212233,47.022682,5209931.197,455999.2444,5.9264,184,TRUE,5.3,376,300
9263,2022/10/19 12:38,131.4212087,47.02259117,5209921.107,455998.0598,6.83388,192.5,TRUE,5.3,400,300
9264,2022/10/19 12:38,131.4212068,47.0225255,5209913.808,455997.8614,5.87084,189.6,TRUE,5.3,400,300
9265,2022/10/19 12:39,131.4212028,47.0224535,5209905.806,455997.4982,6.88944,186.5,TRUE,5.3,400,300
9266,2022/10/19 12:39,131.4211998,47.0223895,5209898.692,455997.2175,7.25984,190.9,TRUE,5.3,400,300
9267,2022/10/19 12:39,131.4211805,47.02232683,5209891.736,455995.6988,7.42652,190.5,TRUE,5.3,400,300
9268,2022/10/19 12:39,131.421166,47.02225667,5209883.945,455994.5388,5.03744,198.3,TRUE,5.3,400,300
9269,2022/10/19 12:39,131.4211665,47.02221117,5209878.886,455994.5394,7.51912,187.3,TRUE,5.3,400,300
9270,2022/10/19 12:39,131.42117,47.02215317,5209872.436,455994.7578,7.25984,198.7,TRUE,5.3,400,300
9271,2022/10/19 12:39,131.4211562,47.02208133,5209864.457,455993.6497,6.59312,184.5,TRUE,5.3,400,300
9272,2022/10/19 12:39,131.4211383,47.02202333,5209858.02,455992.2412,5.22264,199.1,TRUE,5.3,400,300
9273,2022/10/19 12:39,131.4211285,47.02196983,5209852.077,455991.4522,6.40792,195.1,TRUE,5.3,400,300
9274,2022/10/19 12:39,131.4211172,47.02191417,5209845.896,455990.5473,4.98188,192.6,TRUE,5.3,267,300
9275,2022/10/19 12:39,131.421106,47.02182967,5209836.508,455989.6264,4.0744,203,TRUE,5.3,400,300
9276,2022/10/19 12:39,131.4210978,47.021793,5209832.436,455988.9729,4.3522,181.3,TRUE,5.3,354,300
9277,2022/10/19 12:39,131.4211048,47.02179117,5209832.229,455989.5035,0,0,FALSE,5.3,0,300
9278,2022/10/19 12:39,131.421107,47.02180967,5209834.284,455989.686,2.94468,338.3,FALSE,5.3,0,300
9279,2022/10/19 12:39,131.4211022,47.02184417,5209838.122,455989.3494,0.6482,329.5,FALSE,5.3,0,300
9280,2022/10/19 12:40,131.4211237,47.02182467,5209835.943,455990.9679,5.77824,113.1,FALSE,5.3,0,300
9281,2022/10/19 12:40,131.4212095,47.021786,5209831.595,455997.4591,6.50052,91.8,FALSE,5.3,0,300
9282,2022/10/19 12:40,131.4212957,47.02179233,5209832.251,456004.0176,1.05564,65.9,FALSE,5.3,0,300
9283,2022/10/19 12:40,131.421276,47.02177817,5209830.688,456002.5083,5.0004,245.5,FALSE,5.3,0,300
9284,2022/10/19 12:40,131.4212192,47.0217575,5209828.422,455998.1731,4.24108,225.8,FALSE,5.3,0,300
9285,2022/10/19 12:40,131.4212292,47.0217685,5209829.639,455998.9424,6.59312,37.3,FALSE,5.3,0,300
9286,2022/10/19 12:40,131.4212657,47.02181917,5209835.251,456001.7589,3.44472,18.3,TRUE,5.3,400,300
9287,2022/10/19 12:40,131.4212792,47.02183033,5209836.484,456002.7944,2.4076,29.9,TRUE,5.3,400,300
9288,2022/10/19 12:40,131.4213035,47.02187583,5209841.529,456004.6792,4.70408,7.6,TRUE,5.3,400,300
9289,2022/10/19 12:40,131.4213152,47.0219185,5209846.266,456005.6038,2.57428,23.1,TRUE,5.3,400,300
9290,2022/10/19 12:40,131.42132,47.0219485,5209849.599,456005.9933,5.05596,16.9,TRUE,5.3,365,300
9291,2022/10/19 12:40,131.4213227,47.02200317,5209855.675,456006.2435,5.61156,12.5,TRUE,5.3,400,300
9292,2022/10/19 12:40,131.421331,47.02204883,5209860.746,456006.912,3.83364,7.9,TRUE,5.3,400,300
9293,2022/10/19 12:40,131.4213407,47.0220995,5209866.374,456007.6911,4.09292,11.5,TRUE,5.3,400,300
9294,2022/10/19 12:40,131.4213372,47.02214833,5209871.804,456007.4651,5.38932,14.1,TRUE,5.3,400,300
9295,2022/10/19 12:41,131.4213382,47.02219367,5209876.844,456007.5784,6.72276,5.4,TRUE,5.3,392,300
9296,2022/10/19 12:41,131.4213472,47.02225883,5209884.083,456008.3161,5.87084,16.1,TRUE,5.3,400,300
9297,2022/10/19 12:41,131.4213588,47.0223195,5209890.821,456009.2478,5.25968,8.6,TRUE,5.3,371,300
9298,2022/10/19 12:41,131.42137,47.02236367,5209895.725,456010.1356,4.61148,14.8,TRUE,5.3,400,300
9299,2022/10/19 12:41,131.4213747,47.022417,5209901.651,456010.5367,4.70408,7.1,TRUE,5.3,400,300
9300,2022/10/19 12:41,131.421385,47.0224765,5209908.26,456011.3686,5.66712,7.9,TRUE,5.3,400,300
9301,2022/10/19 12:41,131.4213922,47.02253383,5209914.63,456011.9631,5.75972,16.3,TRUE,5.3,400,300
9302,2022/10/19 12:41,131.4214018,47.02258417,5209920.221,456012.7343,7.871,12,TRUE,5.3,400,300
9303,2022/10/19 12:41,131.4214183,47.022633,5209925.64,456014.0288,3.59288,11.5,TRUE,5.3,400,300
9304,2022/10/19 12:41,131.4214313,47.022681,5209930.969,456015.0565,4.9078,18,TRUE,5.3,400,300
9305,2022/10/19 12:41,131.421437,47.02273,5209936.413,456015.5301,3.83364,7.6,TRUE,5.3,400,300
9306,2022/10/19 12:41,131.4214297,47.02279383,5209943.513,456015.0275,6.27828,4.9,TRUE,5.3,400,300
9307,2022/10/19 12:41,131.4214428,47.02285767,5209950.603,456016.0759,6.8524,11.7,TRUE,5.3,400,300
9308,2022/10/19 12:41,131.4214418,47.02291333,5209956.791,456016.0456,4.92632,5.2,TRUE,5.3,400,300
9309,2022/10/19 12:41,131.4214657,47.0229755,5209963.689,456017.9136,6.44496,8.2,TRUE,5.3,400,300
9310,2022/10/19 12:42,131.4214788,47.02303333,5209970.111,456018.957,5.16708,8.7,TRUE,5.3,400,300
9311,2022/10/19 12:42,131.4214737,47.02307767,5209975.043,456018.6057,4.167,8.4,TRUE,5.3,400,300
9312,2022/10/19 12:42,131.4214775,47.02313533,5209981.451,456018.9419,2.6854,2.9,TRUE,5.3,400,300
9313,2022/10/19 12:42,131.4214877,47.02318233,5209986.67,456019.756,6.6672,10.3,TRUE,5.3,400,300
9314,2022/10/19 12:42,131.421494,47.02325217,5209994.431,456020.2923,6.1116,9.7,TRUE,5.3,400,300
9315,2022/10/19 12:42,131.4215,47.023309,5210000.745,456020.7951,4.55592,9.7,TRUE,5.3,400,300
9316,2022/10/19 12:42,131.4215105,47.023343,5210004.519,456021.6212,4.167,5,TRUE,5.3,400,300
9317,2022/10/19 12:42,131.421523,47.02339333,5210010.108,456022.6128,5.1856,4.9,TRUE,5.3,399,300
9318,2022/10/19 12:42,131.4215185,47.0234475,5210016.132,456022.3152,4.2596,359.9,TRUE,5.3,400,300
9319,2022/10/19 12:42,131.4215308,47.02350033,5210021.998,456023.2937,5.093,9.4,TRUE,5.3,400,300
9320,2022/10/19 12:42,131.421543,47.02354867,5210027.366,456024.2609,3.77808,9.9,TRUE,5.3,400,300
9321,2022/10/19 12:42,131.4215387,47.0235945,5210032.463,456023.9716,4.3522,5.6,TRUE,5.3,400,300
9322,2022/10/19 12:42,131.4215345,47.02363417,5210036.876,456023.6849,5.44488,357.6,TRUE,5.3,377,300
9323,2022/10/19 12:42,131.4215508,47.02368717,5210042.758,456024.9676,2.42612,352.3,TRUE,5.3,400,300
9324,2022/10/19 12:42,131.4215527,47.02374017,5210048.649,456025.1555,6.70424,8.2,TRUE,5.3,400,300
9325,2022/10/19 12:43,131.4215552,47.02378767,5210053.929,456025.3846,3.92624,7.5,TRUE,5.3,400,300
9326,2022/10/19 12:43,131.4215703,47.02382283,5210057.829,456026.5614,4.59296,355.9,TRUE,5.3,400,300
9327,2022/10/19 12:43,131.4215732,47.023881,5210064.294,456026.8296,6.019,4.4,TRUE,5.3,400,300
9328,2022/10/19 12:43,131.4215798,47.02394933,5210071.887,456027.3875,5.79676,12.6,TRUE,5.3,400,300
9329,2022/10/19 12:43,131.421588,47.0240125,5210078.905,456028.0627,6.35236,355.1,TRUE,5.3,400,300
9330,2022/10/19 12:43,131.421575,47.02408917,5210087.436,456027.1374,4.9078,3.3,TRUE,5.3,400,300
9331,2022/10/19 12:43,131.421569,47.02413517,5210092.553,456026.719,3.09284,356.2,TRUE,5.3,369,300
9332,2022/10/19 12:43,131.4215755,47.02419083,5210098.737,456027.2589,5.38932,8.3,TRUE,5.3,400,300
9333,2022/10/19 12:43,131.4215858,47.024252,5210105.531,456028.0921,5.44488,354.3,TRUE,5.3,400,300
9334,2022/10/19 12:43,131.421594,47.02432183,5210113.29,456028.7729,6.16716,357.8,TRUE,5.3,400,300
9335,2022/10/19 12:43,131.421601,47.02437833,5210119.567,456029.3514,6.019,359,TRUE,5.3,400,300
9336,2022/10/19 12:43,131.4215992,47.02444283,5210126.739,456029.2675,4.12996,3.6,TRUE,5.3,400,300
9337,2022/10/19 12:43,131.4215987,47.024428,5210125.09,456029.2173,6.53756,176.9,FALSE,5.3,0,300
9338,2022/10/19 12:43,131.4215892,47.02436567,5210118.166,456028.444,5.25968,215.9,FALSE,5.3,0,300
9339,2022/10/19 12:43,131.4215045,47.02433933,5210115.286,456021.9833,1.90756,262.1,FALSE,5.3,0,300
9340,2022/10/19 12:44,131.4215115,47.0243465,5210116.079,456022.5214,7.63024,121.2,FALSE,5.3,0,300
9341,2022/10/19 12:44,131.421522,47.02430633,5210111.607,456023.2866,6.68572,182.5,FALSE,5.3,0,300
9342,2022/10/19 12:44,131.4215143,47.0242565,5210106.072,456022.6603,6.40792,192,TRUE,5.3,352,300
9343,2022/10/19 12:44,131.4214903,47.02419833,5210099.619,456020.788,6.81536,174.8,TRUE,5.3,400,300
9344,2022/10/19 12:44,131.4214803,47.02412683,5210091.675,456019.9691,7.55616,183.6,TRUE,5.3,400,300
9345,2022/10/19 12:44,131.4214763,47.02404,5210082.025,456019.5937,6.8524,198.5,TRUE,5.3,400,300
9346,2022/10/19 12:44,131.4214733,47.02398083,5210075.448,456019.317,7.11168,187.2,TRUE,5.3,400,300
9347,2022/10/19 12:44,131.4214695,47.02391033,5210067.613,456018.9702,6.35236,187.3,TRUE,5.3,400,300
9348,2022/10/19 12:44,131.4214788,47.02384383,5210060.215,456019.6226,7.11168,184,TRUE,5.3,400,300
9349,2022/10/19 12:44,131.4214827,47.02376717,5210051.69,456019.8562,6.96352,186.5,TRUE,5.3,400,300
9350,2022/10/19 12:44,131.4214918,47.02369683,5210043.865,456020.4902,8.37104,184,TRUE,5.3,400,300
9351,2022/10/19 12:44,131.421473,47.02362667,5210036.076,456019.0034,5.40784,187.7,TRUE,5.3,400,300
9352,2022/10/19 12:44,131.421471,47.02355683,5210028.313,456018.7939,6.2042,189.9,TRUE,5.3,400,300
9353,2022/10/19 12:44,131.421475,47.023494,5210021.326,456019.0464,5.96344,186.5,TRUE,5.3,400,300
9354,2022/10/19 12:44,131.4214728,47.02344533,5210015.917,456018.8392,5.79676,177.4,TRUE,5.3,400,300
9355,2022/10/19 12:45,131.4214745,47.02337817,5210008.449,456018.9133,6.44496,183.2,TRUE,5.3,400,300
9356,2022/10/19 12:45,131.4214755,47.02330883,5210000.74,456018.9324,6.37088,187.5,TRUE,5.3,400,300
9357,2022/10/19 12:45,131.4214737,47.02325367,5209994.609,456018.7502,5.50044,188,TRUE,5.3,400,300
9358,2022/10/19 12:45,131.4214568,47.0232005,5209988.708,456017.4218,2.44464,205.7,TRUE,5.3,394,300
9359,2022/10/19 12:45,131.421457,47.02314767,5209982.834,456017.3936,7.79692,194.8,TRUE,5.3,400,300
9360,2022/10/19 12:45,131.4214362,47.02308083,5209975.415,456015.7574,4.37072,185,TRUE,5.3,400,300
9361,2022/10/19 12:45,131.4214113,47.02302517,5209969.242,456013.8187,5.66712,183.5,TRUE,5.3,400,300
9362,2022/10/19 12:45,131.421409,47.02298383,5209964.647,456013.6099,6.03752,185.5,TRUE,5.3,400,300
9363,2022/10/19 12:45,131.42141,47.02292133,5209957.698,456013.6346,6.70424,186.5,TRUE,5.3,400,300
9364,2022/10/19 12:45,131.421415,47.02286,5209950.877,456013.9643,6.61164,187.5,TRUE,5.3,400,300
9365,2022/10/19 12:45,131.4214083,47.02279883,5209944.081,456013.4047,6.44496,194.6,TRUE,5.3,400,300
9366,2022/10/19 12:45,131.4213943,47.02273083,5209936.529,456012.2846,5.72268,188.6,TRUE,5.3,400,300
9367,2022/10/19 12:45,131.4213905,47.02267233,5209930.028,456011.9476,5.03744,187.3,TRUE,5.3,400,300
9368,2022/10/19 12:45,131.4213943,47.02261967,5209924.171,456012.1933,5.96344,197,TRUE,5.3,400,300
9369,2022/10/19 12:45,131.4213877,47.02256067,5209917.616,456011.643,6.6672,197.1,TRUE,5.3,400,300
9370,2022/10/19 12:46,131.4213847,47.02250083,5209910.965,456011.3658,5.88936,195.5,TRUE,5.3,400,300
9371,2022/10/19 12:46,131.4213642,47.02243633,5209903.806,456009.7543,5.63008,188.4,TRUE,5.3,400,300
9372,2022/10/19 12:46,131.4213608,47.02237833,5209897.36,456009.4482,4.27812,199.9,TRUE,5.3,400,300
9373,2022/10/19 12:46,131.4213532,47.02233017,5209892.01,456008.8309,5.13004,189.3,TRUE,5.3,400,300
9374,2022/10/19 12:46,131.4213315,47.0222755,5209885.945,456007.1362,6.92648,183.3,TRUE,5.3,400,300
9375,2022/10/19 12:46,131.4213242,47.0222125,5209878.945,456006.5295,5.2782,185.4,TRUE,5.3,400,300
9376,2022/10/19 12:46,131.4213158,47.02215083,5209872.094,456005.8402,5.03744,188.7,TRUE,5.3,400,300
9377,2022/10/19 12:46,131.4213095,47.02210133,5209866.595,456005.3206,5.1856,185.7,TRUE,5.3,400,300
9378,2022/10/19 12:46,131.4213025,47.022047,5209860.559,456004.7438,5.7412,184.2,TRUE,5.3,400,300
9379,2022/10/19 12:46,131.4212928,47.02199167,5209854.413,456003.9609,4.8152,197.5,TRUE,5.3,400,300
9380,2022/10/19 12:46,131.4212902,47.02193717,5209848.356,456003.7185,3.81512,196.1,TRUE,5.3,400,300
9381,2022/10/19 12:46,131.4212985,47.02190617,5209844.905,456004.324,2.11128,201.4,TRUE,5.3,400,300
9382,2022/10/19 12:46,131.4212873,47.02186817,5209840.687,456003.4413,3.6114,198.3,TRUE,5.3,400,300
9383,2022/10/19 12:46,131.4212792,47.0218365,5209837.17,456002.7995,2.48168,197.1,TRUE,5.3,399,300
9384,2022/10/19 12:46,131.421282,47.02181267,5209834.52,456002.9928,1.05564,220,TRUE,5.3,400,300
9385,2022/10/19 12:47,131.4212793,47.02179033,5209832.038,456002.7692,0,183.3,FALSE,5.3,0,300
9386,2022/10/19 12:47,131.4212828,47.02181783,5209835.093,456003.0579,5.05596,348.9,TRUE,5.3,143,300
9387,2022/10/19 12:47,131.4212627,47.02186767,5209840.645,456001.5707,5.2782,139.9,FALSE,5.3,0,300
9388,2022/10/19 12:47,131.421318,47.02181417,5209834.666,456005.7309,6.50052,122.2,FALSE,5.3,0,300
9389,2022/10/19 12:47,131.4213947,47.02176817,5209829.509,456011.5242,6.63016,98,FALSE,5.3,0,300
9390,2022/10/19 12:47,131.4214842,47.02177617,5209830.348,456018.335,5.61156,70.3,FALSE,5.3,0,300
9391,2022/10/19 12:47,131.4215702,47.02181117,5209834.191,456024.9019,7.35244,23.5,FALSE,5.3,0,300
9392,2022/10/19 12:47,131.4215912,47.0218535,5209838.885,456026.5332,0.463,9.1,FALSE,5.3,0,300
9393,2022/10/19 12:47,131.4215957,47.02188133,5209841.976,456026.8982,3.35212,354.4,TRUE,5.3,400,300
9394,2022/10/19 12:47,131.4216027,47.0219145,5209845.66,456027.4576,2.88912,2.5,TRUE,5.3,400,300
9395,2022/10/19 12:47,131.421605,47.021942,5209848.716,456027.655,3.00024,9.6,TRUE,5.3,400,300
9396,2022/10/19 12:47,131.4216222,47.02196767,5209851.56,456028.9837,3.94476,356.9,TRUE,5.3,400,300
9397,2022/10/19 12:47,131.4216242,47.02201017,5209856.284,456029.1706,3.44472,358.2,TRUE,5.3,400,300
9398,2022/10/19 12:47,131.4216232,47.0220475,5209860.434,456029.1253,3.12988,352,TRUE,5.3,400,300
9399,2022/10/19 12:47,131.4216213,47.02208967,5209865.123,456029.0154,3.85216,357,TRUE,5.3,400,300
9400,2022/10/19 12:48,131.421609,47.02214017,5209870.744,456028.1218,3.22248,13.7,TRUE,5.3,400,300
9401,2022/10/19 12:48,131.4215915,47.02217783,5209874.941,456026.8223,3.22248,359,TRUE,5.3,400,300
9402,2022/10/19 12:48,131.4215808,47.02222633,5209880.339,456026.0487,3.75956,6.3,TRUE,5.3,400,300
9403,2022/10/19 12:48,131.4215907,47.0222685,5209885.021,456026.8359,3.50028,8.3,TRUE,5.3,400,300
9404,2022/10/19 12:48,131.4215982,47.022308,5209889.408,456027.4386,3.241,359.3,TRUE,5.3,400,300
9405,2022/10/19 12:48,131.4215918,47.022359,5209895.082,456026.9939,4.0744,351.8,TRUE,5.3,400,300
9406,2022/10/19 12:48,131.4215812,47.02240833,5209900.572,456026.2285,5.01892,355.4,TRUE,5.3,400,300
9407,2022/10/19 12:48,131.4215945,47.02246183,5209906.512,456027.2836,3.62992,353.6,TRUE,5.3,400,300
9408,2022/10/19 12:48,131.4216075,47.02250917,5209911.767,456028.3108,3.74104,17.5,TRUE,5.3,400,300
9409,2022/10/19 12:48,131.4216002,47.0225675,5209918.256,456027.8037,5.14856,8.3,TRUE,5.3,400,300
9410,2022/10/19 12:48,131.421598,47.02262933,5209925.131,456027.6872,4.57444,359.7,TRUE,5.3,400,300
9411,2022/10/19 12:48,131.4216012,47.02267567,5209930.281,456027.9685,4.66704,358.2,TRUE,5.3,400,300
9412,2022/10/19 12:48,131.4215915,47.02272467,5209935.734,456027.2713,4.64852,8.2,TRUE,5.3,400,300
9413,2022/10/19 12:48,131.4215842,47.02279117,5209943.131,456026.771,4.03736,3.2,TRUE,5.3,400,300
9414,2022/10/19 12:48,131.4215535,47.02284617,5209949.262,456024.4822,4.38924,355.9,TRUE,5.3,400,300
9415,2022/10/19 12:49,131.421537,47.02290267,5209955.553,456023.2742,4.20404,5.8,TRUE,5.3,400,300
9416,2022/10/19 12:49,131.421538,47.0229645,5209962.426,456023.401,4.01884,359,TRUE,5.3,400,300
9417,2022/10/19 12:49,131.4215318,47.022994,5209965.709,456022.9539,4.12996,12.2,TRUE,5.3,400,300
9418,2022/10/19 12:49,131.4215397,47.02304517,5209971.393,456023.5965,4.68556,8.7,TRUE,5.3,400,300
9419,2022/10/19 12:49,131.4215552,47.02311483,5209979.128,456024.8321,4.27812,356,TRUE,5.3,400,300
9420,2022/10/19 12:49,131.4215627,47.02316033,5209984.182,456025.4396,4.00032,1,TRUE,5.3,400,300
9421,2022/10/19 12:49,131.4215678,47.02320417,5209989.053,456025.8633,3.704,2.3,TRUE,5.3,400,300
9422,2022/10/19 12:49,131.4215663,47.023222,5209991.036,456025.7639,4.3522,192.8,TRUE,5.3,354,300
9423,2022/10/19 12:49,131.4215487,47.0231755,5209985.877,456024.3877,5.70416,213,FALSE,5.3,0,300
9424,2022/10/19 12:49,131.4214473,47.02314383,5209982.413,456016.653,5.59304,279,FALSE,5.3,0,300
9425,2022/10/19 12:49,131.4214672,47.023147,5209982.754,456018.1685,4.12996,126.7,FALSE,5.3,0,300
9426,2022/10/19 12:49,131.421472,47.023118,5209979.528,456018.5096,5.24116,162.2,TRUE,5.3,393,300
9427,2022/10/19 12:49,131.4214662,47.02308533,5209975.899,456018.0418,6.00048,199.9,TRUE,5.3,400,300
9428,2022/10/19 12:49,131.4214523,47.0230295,5209969.7,456016.9392,6.13012,188.1,TRUE,5.3,400,300
9429,2022/10/19 12:50,131.421444,47.022975,5209963.646,456016.2635,5.1856,186.7,TRUE,5.3,400,300
9430,2022/10/19 12:50,131.4214437,47.02292717,5209958.329,456016.2014,5.7412,186.2,TRUE,5.3,400,300
9431,2022/10/19 12:50,131.4214473,47.02287417,5209952.435,456016.4315,5.50044,188.6,TRUE,5.3,400,300
9432,2022/10/19 12:50,131.4214533,47.02281483,5209945.834,456016.8389,5.87084,185.7,TRUE,5.3,400,300
9433,2022/10/19 12:50,131.4214558,47.02274767,5209938.367,456016.9738,4.92632,183,TRUE,5.3,400,300
9434,2022/10/19 12:50,131.4214558,47.0226885,5209931.789,456016.9252,5.88936,186.6,TRUE,5.3,400,300
9435,2022/10/19 12:50,131.421451,47.022624,5209924.621,456016.5073,8.13028,186.1,TRUE,5.3,400,300
9436,2022/10/19 12:50,131.4214432,47.022549,5209916.287,456015.8528,5.44488,190.7,TRUE,5.3,400,300
9437,2022/10/19 12:50,131.4214325,47.0224815,5209908.789,456014.9839,6.33384,191.2,TRUE,5.3,400,300
9438,2022/10/19 12:50,131.4214068,47.02241967,5209901.93,456012.9793,6.14864,178.7,TRUE,5.3,400,300
9439,2022/10/19 12:50,131.4213987,47.02235717,5209894.987,456012.3121,5.35228,190.4,TRUE,5.3,400,300
9440,2022/10/19 12:50,131.4214082,47.0223195,5209890.793,456013.0034,4.29664,190.8,TRUE,5.3,400,300
9441,2022/10/19 12:50,131.4214107,47.02227667,5209886.031,456013.1583,6.59312,190.7,TRUE,5.3,400,300
9442,2022/10/19 12:50,131.421405,47.02221717,5209879.419,456012.6761,4.29664,181.4,TRUE,5.3,400,300
9443,2022/10/19 12:50,131.4214088,47.02216967,5209874.136,456012.926,5.20412,193.1,TRUE,5.3,400,300
9444,2022/10/19 12:51,131.4214047,47.02212367,5209869.025,456012.5765,3.85216,176.7,TRUE,5.3,400,300
9445,2022/10/19 12:51,131.4213987,47.0220785,5209864.007,456012.0832,3.77808,194.7,TRUE,5.3,400,300
9446,2022/10/19 12:51,131.4213953,47.02203933,5209859.654,456011.7926,5.90788,188.3,TRUE,5.3,400,300
9447,2022/10/19 12:51,131.4213878,47.02198183,5209853.266,456011.1752,6.27828,192.3,TRUE,5.3,374,300
9448,2022/10/19 12:51,131.421387,47.021936,5209848.171,456011.0767,3.1484,185.5,TRUE,5.3,270,300
9449,2022/10/19 12:51,131.4213837,47.02188933,5209842.985,456010.7875,5.85232,185,TRUE,5.3,400,300
9450,2022/10/19 12:51,131.4213733,47.02184417,5209837.97,456009.9597,3.90772,190.5,TRUE,5.3,389,300
9451,2022/10/19 12:51,131.4213683,47.02182017,5209835.305,456009.5599,2.27796,174.7,TRUE,5.3,400,300
9452,2022/10/19 12:51,131.4213618,47.02178483,5209831.38,456009.0367,0,184.7,FALSE,5.3,0,300
9453,2022/10/19 12:51,131.4213593,47.02179567,5209832.586,456008.8556,2.37056,1.9,TRUE,5.3,126,300
9454,2022/10/19 12:51,131.421372,47.02184617,5209838.193,456009.8626,6.83388,41.2,FALSE,5.3,0,300
9455,2022/10/19 12:51,131.4214183,47.02190467,5209844.671,456013.4305,6.35236,16.1,FALSE,5.3,0,300
9456,2022/10/19 12:51,131.421434,47.02196833,5209851.739,456014.6764,6.2042,6.3,FALSE,5.3,0,300
9457,2022/10/19 12:51,131.421446,47.02202433,5209857.958,456015.6347,5.70416,5,FALSE,5.3,0,300
9458,2022/10/19 12:51,131.4214597,47.02208733,5209864.954,456016.728,6.68572,6.9,FALSE,5.3,0,300
9459,2022/10/19 12:52,131.421475,47.022151,5209872.024,456017.9434,6.72276,15.2,FALSE,5.3,0,300
9460,2022/10/19 12:52,131.4214813,47.02221233,5209878.838,456018.4728,6.98204,358.4,FALSE,5.3,0,300
9461,2022/10/19 12:52,131.4214728,47.02222967,5209880.771,456017.8408,1.14824,223.7,FALSE,5.3,0,300
9462,2022/10/19 12:52,131.4214652,47.022204,5209877.921,456017.2419,3.8892,201.2,TRUE,5.3,400,300
9463,2022/10/19 12:52,131.4214625,47.02216717,5209873.828,456017.0064,3.66696,205.7,TRUE,5.3,400,300
9464,2022/10/19 12:52,131.4214572,47.02212083,5209868.68,456016.5654,4.98188,195.5,TRUE,5.3,400,300
9465,2022/10/19 12:52,131.4214392,47.02206933,5209862.964,456015.1547,3.90772,187,TRUE,5.3,400,300
9466,2022/10/19 12:52,131.4214268,47.02203033,5209858.636,456014.18,4.09292,191.8,TRUE,5.3,400,300
9467,2022/10/19 12:52,131.4214255,47.02199217,5209854.394,456014.0498,2.85208,185.4,TRUE,5.3,400,300
9468,2022/10/19 12:52,131.4214347,47.02196133,5209850.96,456014.7239,2.18536,206.5,TRUE,5.3,400,300
9469,2022/10/19 12:52,131.4214023,47.0219385,5209848.441,456012.2419,2.81504,191.8,TRUE,5.3,400,300
9470,2022/10/19 12:52,131.4213922,47.02190467,5209844.685,456011.4463,2.35204,188.1,TRUE,5.3,400,300
9471,2022/10/19 12:52,131.4213995,47.02187517,5209841.402,456011.9771,3.92624,182.7,TRUE,5.3,400,300
9472,2022/10/19 12:52,131.4213962,47.02183467,5209836.901,456011.6929,4.79668,183.7,TRUE,5.3,361,300
9473,2022/10/19 12:52,131.4213978,47.02179133,5209832.082,456011.7789,3.704,193.2,TRUE,5.3,400,300
9474,2022/10/19 12:53,131.4214127,47.02178283,5209831.129,456012.9047,4.31516,357.5,TRUE,5.3,132,300
9475,2022/10/19 12:53,131.421415,47.02181583,5209834.796,456013.1067,3.241,212.2,FALSE,5.3,0,300
9476,2022/10/19 12:53,131.4214042,47.021813,5209834.488,456012.2833,5.20412,56.8,FALSE,5.3,0,300
9477,2022/10/19 12:53,131.4214707,47.02185633,5209839.267,456017.3745,6.98204,35.5,FALSE,5.3,0,300
9478,2022/10/19 12:53,131.4215055,47.02190633,5209844.806,456020.0613,4.61148,1.5,FALSE,5.3,0,300
9479,2022/10/19 12:53,131.421493,47.021922,5209846.555,456019.1238,0,0,FALSE,5.3,0,300
9480,2022/10/19 12:53,131.4214928,47.02189517,5209843.573,456019.0866,2.11128,193.8,TRUE,5.3,400,300
9481,2022/10/19 12:53,131.421489,47.02185867,5209839.517,456018.7677,2.5002,201.9,TRUE,5.3,400,300
9482,2022/10/19 12:53,131.4214808,47.021842,5209837.669,456018.1306,0.77784,201.4,TRUE,5.3,373,300
9483,2022/10/19 12:53,131.4214623,47.02180683,5209833.769,456016.6953,3.55584,192.9,TRUE,5.3,400,300
9484,2022/10/19 12:53,131.4214623,47.02179483,5209832.435,456016.6854,0,0,FALSE,5.3,0,300
9485,2022/10/19 12:53,131.4214785,47.02182267,5209835.521,456017.9399,6.61164,21.8,FALSE,5.3,0,300
9486,2022/10/19 12:53,131.4214813,47.02183733,5209837.149,456018.1648,2.778,226.9,FALSE,5.3,0,300
9487,2022/10/19 12:53,131.4214707,47.02183517,5209836.915,456017.3572,0,0,FALSE,5.3,0,300
9488,2022/10/19 12:53,131.4214807,47.02183817,5209837.243,456018.1199,0,88.9,FALSE,5.3,0,300
9489,2022/10/19 12:54,131.4214817,47.0218435,5209837.835,456018.2003,0,0,FALSE,5.3,0,300
9490,2022/10/19 12:54,131.4214828,47.0218465,5209838.168,456018.2864,0,0,FALSE,5.3,0,300
9491,2022/10/19 12:54,131.4214852,47.02184867,5209838.408,456018.4706,0,88.2,FALSE,5.3,0,300
9492,2022/10/19 12:54,131.4214873,47.0218505,5209838.61,456018.6318,0,0,FALSE,5.3,0,300
9493,2022/10/19 12:54,131.4214887,47.02185133,5209838.701,456018.7389,0,0,FALSE,5.3,0,300
9494,2022/10/19 12:54,131.42149,47.02185167,5209838.738,456018.838,0,0,FALSE,5.3,0,300
9495,2022/10/19 12:54,131.4214917,47.021852,5209838.774,456018.9675,0,0,FALSE,5.3,0,300
9496,2022/10/19 12:54,131.4214932,47.02185183,5209838.754,456019.0814,0,0,FALSE,5.3,0,300
9497,2022/10/19 12:54,131.4214933,47.02185267,5209838.848,456019.0897,0,88.2,FALSE,5.3,0,300
9498,2022/10/19 12:54,131.4214942,47.02185317,5209838.903,456019.1585,0,0,FALSE,5.3,0,300
9499,2022/10/19 12:54,131.4214957,47.02185283,5209838.864,456019.2723,0,0,FALSE,5.3,0,300
9500,2022/10/19 12:54,131.4214962,47.02185333,5209838.919,456019.3107,0,88.3,FALSE,5.3,0,300
9501,2022/10/19 12:54,131.421495,47.021854,5209838.995,456019.22,0,0,FALSE,5.3,0,300
9502,2022/10/19 12:54,131.4215153,47.02185783,5209839.409,456020.7665,3.83364,81.8,FALSE,5.3,0,300
9503,2022/10/19 12:54,131.4216025,47.0218575,5209839.323,456027.3956,5.42636,82.8,FALSE,5.3,0,300
9504,2022/10/19 12:55,131.4216655,47.0218645,5209840.066,456032.1909,4.48184,95.3,FALSE,5.3,0,300
9505,2022/10/19 12:55,131.4217248,47.02186583,5209840.181,456036.7002,4.24108,88.3,FALSE,5.3,0,300
9506,2022/10/19 12:55,131.4217555,47.02185717,5209839.201,456039.0271,3.7966,80.1,FALSE,5.3,0,300
9507,2022/10/19 12:55,131.421783,47.02184817,5209838.185,456041.1104,0,0,FALSE,5.3,0,300
9508,2022/10/19 12:55,131.421763,47.02184683,5209838.047,456039.5888,2.66688,274.6,TRUE,5.3,367,300
9509,2022/10/19 12:55,131.4217182,47.02183533,5209836.794,456036.1734,0.51856,290.7,TRUE,5.3,400,300
9510,2022/10/19 12:55,131.4217053,47.0218305,5209836.264,456035.1887,0,0,FALSE,5.3,0,300
9511,2022/10/19 12:55,131.4216663,47.02182917,5209836.138,456032.2227,2.0372,282.1,TRUE,5.3,400,300
9512,2022/10/19 12:55,131.4216302,47.02182483,5209835.676,456029.4746,2.81504,284.3,TRUE,5.3,373,300
9513,2022/10/19 12:55,131.4215775,47.02182383,5209835.594,456025.4673,2.81504,293.4,TRUE,5.3,400,300
9514,2022/10/19 12:55,131.4215428,47.021821,5209835.299,456022.8269,1.46308,318.4,TRUE,5.3,400,300
9515,2022/10/19 12:55,131.4215057,47.02182317,5209835.561,456020.0082,2.37056,250.3,TRUE,5.3,400,300
9516,2022/10/19 12:55,131.4214507,47.02182167,5209835.425,456015.8256,2.74096,279.3,TRUE,5.3,400,300
9517,2022/10/19 12:55,131.4214147,47.02180883,5209834.018,456013.0781,1.852,273.6,TRUE,5.3,400,300
9518,2022/10/19 12:55,131.4213745,47.02181067,5209834.245,456010.0235,2.38908,289.9,TRUE,5.3,400,300
9519,2022/10/19 12:56,131.42134,47.02181233,5209834.449,456007.402,3.53732,289.6,TRUE,5.3,393,300
9520,2022/10/19 12:56,131.4212865,47.02181467,5209834.739,456003.3366,2.53724,286.2,TRUE,5.3,400,300
9521,2022/10/19 12:56,131.4212437,47.021826,5209836.023,456000.092,1.07416,278.4,TRUE,5.3,400,300
9522,2022/10/19 12:56,131.421223,47.0218305,5209836.535,455998.522,3.57436,280.3,TRUE,5.3,400,300
9523,2022/10/19 12:56,131.4211787,47.02182783,5209836.263,455995.1519,2.8706,273.6,TRUE,5.3,400,300
9524,2022/10/19 12:56,131.421127,47.02182533,5209836.014,455991.2194,3.50028,275.7,TRUE,5.3,400,300
9525,2022/10/19 12:56,131.4210768,47.021825,5209836.006,455987.4027,3.38916,276.8,TRUE,5.3,400,300
9526,2022/10/19 12:56,131.4210238,47.0218195,5209835.424,455983.3688,2.778,270.1,TRUE,5.3,400,300
9527,2022/10/19 12:56,131.4209657,47.02181267,5209834.697,455978.9462,3.31508,278.3,TRUE,5.3,400,300
9528,2022/10/19 12:56,131.420905,47.02181717,5209835.232,455974.3352,2.62984,280.5,TRUE,5.3,400,300
9529,2022/10/19 12:56,131.4208525,47.02182717,5209836.373,455970.3521,2.79652,281.3,TRUE,5.3,400,300
9530,2022/10/19 12:56,131.4208018,47.02182817,5209836.513,455966.4985,2.55576,277.4,TRUE,5.3,400,300
9531,2022/10/19 12:56,131.4207533,47.02182117,5209835.762,455962.8055,2.92616,271.6,TRUE,5.3,400,300
9532,2022/10/19 12:56,131.4207245,47.02182817,5209836.556,455960.6217,1.0186,0,TRUE,5.3,400,300
9533,2022/10/19 12:56,131.4207227,47.02182167,5209835.834,455960.4796,0,0,FALSE,5.3,0,300
9534,2022/10/19 12:57,131.4207032,47.02182417,5209836.123,455958.9991,1.852,282.8,TRUE,5.3,400,300
9535,2022/10/19 12:57,131.4206677,47.02182767,5209836.532,455956.3031,3.74104,280.8,TRUE,5.3,400,300
9536,2022/10/19 12:57,131.4206322,47.02182917,5209836.719,455953.6055,1.24084,280.1,TRUE,5.3,400,300
9537,2022/10/19 12:57,131.4205753,47.02182733,5209836.547,455949.2782,2.72244,287.5,TRUE,5.3,400,300
9538,2022/10/19 12:57,131.4205233,47.02182983,5209836.854,455945.3269,2.79652,286.1,TRUE,5.3,400,300
9539,2022/10/19 12:57,131.4204798,47.02182717,5209836.583,455942.0177,3.07432,296.6,TRUE,5.3,400,300
9540,2022/10/19 12:57,131.4204388,47.0218315,5209837.087,455938.9042,2.1298,281.3,TRUE,5.3,400,300
9541,2022/10/19 12:57,131.4203992,47.0218285,5209836.776,455935.8912,3.00024,277.3,TRUE,5.3,400,300
9542,2022/10/19 12:57,131.4203518,47.02182433,5209836.339,455932.2842,2.5002,271.2,TRUE,5.3,400,300
9543,2022/10/19 12:57,131.4203022,47.02181883,5209835.755,455928.5088,2.5002,282.5,TRUE,5.3,400,300
9544,2022/10/19 12:57,131.4202468,47.02181733,5209835.62,455924.2958,3.22248,275.7,TRUE,5.3,400,300
9545,2022/10/19 12:57,131.4202018,47.02181883,5209835.812,455920.8759,2.46316,271.3,TRUE,5.3,400,300
9546,2022/10/19 12:57,131.4201782,47.02181583,5209835.492,455919.0793,0,272.9,FALSE,5.3,0,300
9547,2022/10/19 12:57,131.4201708,47.02181667,5209835.589,455918.5174,3.85216,275.6,TRUE,5.3,400,300
9548,2022/10/19 12:57,131.4201068,47.02181867,5209835.848,455913.6534,1.389,283.3,TRUE,5.3,400,300
9549,2022/10/19 12:58,131.420062,47.0218125,5209835.187,455910.2424,2.14832,282.2,TRUE,5.3,400,300
9550,2022/10/19 12:58,131.420026,47.02181767,5209835.782,455907.5098,3.12988,278.6,TRUE,5.3,400,300
9551,2022/10/19 12:58,131.4199772,47.02181967,5209836.032,455903.8014,3.68548,271,TRUE,5.3,400,300
9552,2022/10/19 12:58,131.4199278,47.02182,5209836.096,455900.0461,2.315,270.3,TRUE,5.3,400,300
9553,2022/10/19 12:58,131.419879,47.02181267,5209835.309,455896.3301,2.61132,295.6,TRUE,5.3,400,300
9554,2022/10/19 12:58,131.4198415,47.021812,5209835.255,455893.4786,2.14832,273.9,TRUE,5.3,400,300
9555,2022/10/19 12:58,131.4198032,47.0218095,5209834.999,455890.5648,2.00016,269.8,TRUE,5.3,400,300
9556,2022/10/19 12:58,131.4197737,47.02181533,5209835.664,455888.3268,1.14824,284.8,TRUE,5.3,400,300
9557,2022/10/19 12:58,131.4197378,47.02181817,5209836,455885.5999,2.66688,286,TRUE,5.3,400,300
9558,2022/10/19 12:58,131.4197187,47.02182567,5209836.844,455884.154,3.62992,278.5,TRUE,5.3,360,300
9559,2022/10/19 12:58,131.4196583,47.02182717,5209837.045,455879.5633,3.92624,274.5,TRUE,5.3,391,300
9560,2022/10/19 12:58,131.4196203,47.02181967,5209836.233,455876.6682,1.79644,285.6,TRUE,5.3,400,300
9561,2022/10/19 12:58,131.4195818,47.02182083,5209836.383,455873.7422,1.72236,256.2,TRUE,5.3,400,300
9562,2022/10/19 12:58,131.4195477,47.02182133,5209836.458,455871.1502,3.5188,276.3,TRUE,5.3,400,300
9563,2022/10/19 12:58,131.4194995,47.02182633,5209837.041,455867.4899,2.92616,270.5,TRUE,5.3,400,300
9564,2022/10/19 12:59,131.4194587,47.0218305,5209837.528,455864.3915,2.92616,284.3,TRUE,5.3,400,300
9565,2022/10/19 12:59,131.4194205,47.02183333,5209837.864,455861.4897,2.98172,276,TRUE,5.3,400,300
9566,2022/10/19 12:59,131.4193707,47.02182633,5209837.114,455857.6979,2.92616,275.1,TRUE,5.3,400,300
9567,2022/10/19 12:59,131.4193462,47.02182167,5209836.609,455855.8315,1.31492,305.5,TRUE,5.3,393,300
9568,2022/10/19 12:59,131.4193007,47.02182433,5209836.931,455852.3745,2.20388,278.1,TRUE,5.3,400,300
9569,2022/10/19 12:59,131.4192542,47.02182517,5209837.05,455848.8401,2.18536,304.7,TRUE,5.3,400,300
9570,2022/10/19 12:59,131.419226,47.02182433,5209836.973,455846.6955,2.27796,289.5,TRUE,5.3,400,300
9571,2022/10/19 12:59,131.4191942,47.02183083,5209837.714,455844.2833,2.33352,284.8,TRUE,5.3,400,300
9572,2022/10/19 12:59,131.4191587,47.021831,5209837.752,455841.5845,3.18544,285.5,TRUE,5.3,400,300
9573,2022/10/19 12:59,131.4191158,47.02183083,5209837.758,455838.3229,3.53732,268.3,TRUE,5.3,400,300
9574,2022/10/19 12:59,131.4190698,47.02183017,5209837.71,455834.8252,2.5928,272.2,TRUE,5.3,400,300
9575,2022/10/19 12:59,131.4190265,47.02182883,5209837.586,455831.5323,2.48168,283.9,TRUE,5.3,400,300
9576,2022/10/19 12:59,131.4189932,47.02182833,5209837.549,455829.0002,0.7408,283.8,TRUE,5.3,400,300
9577,2022/10/19 12:59,131.4189838,47.021831,5209837.851,455828.2878,0,0,FALSE,5.3,0,300
9578,2022/10/19 12:59,131.4189625,47.02183717,5209838.549,455826.6736,3.12988,307.6,TRUE,5.3,212,300
9579,2022/10/19 13:00,131.418933,47.0218405,5209838.936,455824.4336,0,0,FALSE,5.3,0,300
9580,2022/10/19 13:00,131.4189682,47.02182667,5209837.378,455827.0982,5.66712,133.6,FALSE,5.3,0,300
9581,2022/10/19 13:00,131.418986,47.02181117,5209835.645,455828.4387,3.66696,344.9,FALSE,5.3,0,300
9582,2022/10/19 13:00,131.4189817,47.02183367,5209838.149,455828.1303,2.38908,32.2,FALSE,5.3,0,300
9583,2022/10/19 13:00,131.4189932,47.02182783,5209837.493,455828.9998,4.66704,198.8,FALSE,5.3,0,300
9584,2022/10/19 13:00,131.4189552,47.02179317,5209833.662,455826.0823,0,218.1,FALSE,5.3,0,300
9585,2022/10/19 13:00,131.4189808,47.02180233,5209834.665,455828.0361,3.35212,78.4,FALSE,5.3,0,300
9586,2022/10/19 13:00,131.4190212,47.02179533,5209833.864,455831.1017,2.6854,105.1,TRUE,5.3,400,300
9587,2022/10/19 13:00,131.4190515,47.02179067,5209833.329,455833.4014,3.68548,101.7,TRUE,5.3,400,300
9588,2022/10/19 13:00,131.419094,47.02179267,5209833.528,455836.6341,3.57436,86.3,TRUE,5.3,400,300
9589,2022/10/19 13:00,131.4191453,47.02180417,5209834.777,455840.5437,3.01876,88.3,TRUE,5.3,400,300
9590,2022/10/19 13:00,131.4191948,47.02180867,5209835.25,455844.3106,3.77808,95,TRUE,5.3,400,300
9591,2022/10/19 13:00,131.4192467,47.02180767,5209835.109,455848.2555,2.5002,105.3,TRUE,5.3,400,300
9592,2022/10/19 13:00,131.4192975,47.0218105,5209835.395,455852.1199,3.31508,90.4,TRUE,5.3,400,300
9593,2022/10/19 13:00,131.4193505,47.021812,5209835.532,455856.1504,2.88912,99.7,TRUE,5.3,400,300
9594,2022/10/19 13:01,131.4193942,47.02180967,5209835.248,455859.4708,3.37064,90.8,TRUE,5.3,400,300
9595,2022/10/19 13:01,131.4194365,47.02181267,5209835.558,455862.6891,1.87052,97.5,TRUE,5.3,400,300
9596,2022/10/19 13:01,131.4194823,47.02181883,5209836.217,455866.1761,2.83356,85.3,TRUE,5.3,400,300
9597,2022/10/19 13:01,131.4195243,47.021821,5209836.435,455869.3709,3.8892,96.5,TRUE,5.3,400,300
9598,2022/10/19 13:01,131.4195718,47.02181933,5209836.222,455872.9807,2.4076,97.4,TRUE,5.3,400,300
9599,2022/10/19 13:01,131.4196125,47.02181767,5209836.015,455876.0736,2.9632,105.4,TRUE,5.3,400,300
9600,2022/10/19 13:01,131.419661,47.02180467,5209834.542,455879.7501,3.12988,93.4,TRUE,5.3,400,300
9601,2022/10/19 13:01,131.4197108,47.02180267,5209834.292,455883.5344,3.81512,87.4,TRUE,5.3,400,300
9602,2022/10/19 13:01,131.4197545,47.02180717,5209834.767,455886.8604,3.77808,91,TRUE,5.3,400,300
9603,2022/10/19 13:01,131.419805,47.02180967,5209835.017,455890.7017,3.35212,97.8,TRUE,5.3,400,300
9604,2022/10/19 13:01,131.4198545,47.02181033,5209835.062,455894.4655,3.35212,114.3,TRUE,5.3,400,300
9605,2022/10/19 13:01,131.4198975,47.0218035,5209834.279,455897.729,2.315,78.3,TRUE,5.3,400,300
9606,2022/10/19 13:01,131.4199452,47.021802,5209834.085,455901.3541,3.03728,93.8,TRUE,5.3,400,300
9607,2022/10/19 13:01,131.4200007,47.02180083,5209833.924,455905.5725,3.37064,87.5,TRUE,5.3,400,300
9608,2022/10/19 13:01,131.4200358,47.02179067,5209832.775,455908.2326,3.53732,76.7,TRUE,5.3,400,300
9609,2022/10/19 13:02,131.420085,47.021795,5209833.228,455911.9766,3.3336,94,TRUE,5.3,400,300
9610,2022/10/19 13:02,131.4201242,47.0217985,5209833.595,455914.9597,3.241,89.6,TRUE,5.3,400,300
9611,2022/10/19 13:02,131.4201757,47.02180017,5209833.752,455918.8763,2.70392,104.3,TRUE,5.3,400,300
9612,2022/10/19 13:02,131.4202095,47.02180367,5209834.122,455921.4488,1.87052,92.1,TRUE,5.3,400,300
9613,2022/10/19 13:02,131.4202355,47.02180383,5209834.125,455923.4256,3.55584,96.6,TRUE,5.3,400,300
9614,2022/10/19 13:02,131.4202783,47.02180583,5209834.324,455926.6811,3.55584,94.1,TRUE,5.3,272,300
9615,2022/10/19 13:02,131.4203247,47.02180633,5209834.353,455930.2091,4.61148,95.5,TRUE,5.3,400,300
9616,2022/10/19 13:02,131.4203797,47.0218035,5209834.007,455934.3881,2.74096,100.8,TRUE,5.3,400,300
9617,2022/10/19 13:02,131.420398,47.02179117,5209832.626,455935.7692,2.778,98.3,TRUE,5.3,400,300
9618,2022/10/19 13:02,131.4204325,47.02178867,5209832.329,455938.39,2.4076,81.3,TRUE,5.3,400,300
9619,2022/10/19 13:02,131.4204733,47.02179233,5209832.713,455941.4948,2.00016,84.5,TRUE,5.3,400,300
9620,2022/10/19 13:02,131.4205043,47.02178783,5209832.195,455943.8479,1.96312,64.2,TRUE,5.3,400,300
9621,2022/10/19 13:02,131.4205363,47.02179183,5209832.622,455946.284,3.62992,102.5,TRUE,5.3,400,300
9622,2022/10/19 13:02,131.4205877,47.02179183,5209832.593,455950.1917,3.09284,89,TRUE,5.3,400,300
9623,2022/10/19 13:02,131.4206343,47.02178417,5209831.715,455953.7281,3.35212,90.3,TRUE,5.3,400,300
9624,2022/10/19 13:03,131.4206713,47.021783,5209831.564,455956.5401,2.9632,91.7,TRUE,5.3,400,300
9625,2022/10/19 13:03,131.4207273,47.02178283,5209831.514,455960.7973,2.6854,77.8,TRUE,5.3,400,300
9626,2022/10/19 13:03,131.4207727,47.02178067,5209831.248,455964.2471,2.51872,95.5,TRUE,5.3,400,300
9627,2022/10/19 13:03,131.4208108,47.0217745,5209830.541,455967.1386,3.27804,94.1,TRUE,5.3,400,300
9628,2022/10/19 13:03,131.4208377,47.02177483,5209830.563,455969.1839,2.83356,91.1,TRUE,5.3,349,300
9629,2022/10/19 13:03,131.4208893,47.02177917,5209831.016,455973.1103,3.50028,95.7,TRUE,5.3,400,300
9630,2022/10/19 13:03,131.4209403,47.0217785,5209830.913,455976.9871,2.8706,102.2,TRUE,5.3,400,300
9631,2022/10/19 13:03,131.4209792,47.02178883,5209832.039,455979.9529,0,76.7,FALSE,5.3,0,300
9632,2022/10/19 13:03,131.4210303,47.02179367,5209832.549,455983.8418,3.57436,90.2,TRUE,5.3,400,300
9633,2022/10/19 13:03,131.4210838,47.02179533,5209832.703,455987.9104,4.46332,83.1,TRUE,5.3,400,300
9634,2022/10/19 13:03,131.4211295,47.02179083,5209832.177,455991.3811,3.85216,80.9,TRUE,5.3,400,300
9635,2022/10/19 13:03,131.4211745,47.02179067,5209832.134,455994.8021,4.77816,91.8,TRUE,5.3,400,300
9636,2022/10/19 13:03,131.4212103,47.02178217,5209831.169,455997.5168,2.62984,109.9,TRUE,5.3,400,300
9637,2022/10/19 13:03,131.4212493,47.0217855,5209831.517,456000.4845,2.98172,69.6,TRUE,5.3,400,300
9638,2022/10/19 13:03,131.4212865,47.02178,5209830.885,456003.3081,3.31508,95.5,TRUE,5.3,400,300
9639,2022/10/19 13:04,131.4213362,47.02178067,5209830.932,456007.0871,2.25944,98.5,TRUE,5.3,400,300
9640,2022/10/19 13:04,131.421383,47.02177817,5209830.627,456010.643,4.42628,88,TRUE,5.3,400,300
9641,2022/10/19 13:04,131.4214372,47.02178033,5209830.837,456014.7653,3.12988,78.5,TRUE,5.3,400,300
9642,2022/10/19 13:04,131.4214947,47.02177033,5209829.693,456019.1285,3.38916,87.4,TRUE,5.3,400,300
9643,2022/10/19 13:04,131.421544,47.02178383,5209831.166,456022.8876,2.79652,87.8,TRUE,5.3,400,300
9644,2022/10/19 13:04,131.4215903,47.02179217,5209832.067,456026.4144,2.83356,96.2,TRUE,5.3,400,300
9645,2022/10/19 13:04,131.4216362,47.021783,5209831.022,456029.8964,3.44472,88.2,TRUE,5.3,400,300
9646,2022/10/19 13:04,131.4216857,47.02178033,5209830.698,456033.6575,1.77792,98.2,TRUE,5.3,400,300
9647,2022/10/19 13:04,131.4217208,47.02180583,5209833.513,456036.3469,3.44472,90,TRUE,5.3,400,300
9648,2022/10/19 13:04,131.421744,47.0218105,5209834.019,456038.1145,3.44472,111.6,TRUE,5.3,400,300
9649,2022/10/19 13:04,131.421761,47.02179983,5209832.823,456039.3981,0,73.8,FALSE,5.3,0,300
9650,2022/10/19 13:04,131.4217167,47.02181133,5209834.126,456036.0397,5.90788,286.9,FALSE,5.3,0,300
9651,2022/10/19 13:04,131.4216632,47.02185533,5209839.048,456032.0085,5.13004,352.2,FALSE,5.3,0,300
9652,2022/10/19 13:04,131.4216362,47.0219145,5209845.641,456030.0044,5.13004,346.2,FALSE,5.3,0,300
9653,2022/10/19 13:04,131.4216002,47.02196883,5209851.701,456027.3121,4.68556,341,FALSE,5.3,0,300
9654,2022/10/19 13:05,131.4215945,47.022021,5209857.504,456026.9216,1.70384,343.2,FALSE,5.3,0,300
9655,2022/10/19 13:05,131.4215902,47.0220235,5209857.785,456026.5968,0,0,FALSE,5.3,0,300
9656,2022/10/19 13:05,131.4215982,47.02200317,5209855.52,456027.1883,0.3704,0,FALSE,5.3,0,300
9657,2022/10/19 13:05,131.4215993,47.02199133,5209854.203,456027.2622,1.24084,88.1,TRUE,5.3,400,300
9658,2022/10/19 13:05,131.421607,47.02197283,5209852.142,456027.8324,1.77792,184,TRUE,5.3,400,300
9659,2022/10/19 13:05,131.4216073,47.02194733,5209849.307,456027.8342,2.48168,178,TRUE,5.3,400,300
9660,2022/10/19 13:05,131.4216078,47.02191967,5209846.232,456027.8495,1.83348,161.2,TRUE,5.3,400,300
9661,2022/10/19 13:05,131.4216108,47.02189117,5209843.062,456028.0542,2.9632,192.9,TRUE,5.3,400,300
9662,2022/10/19 13:05,131.4216032,47.0218605,5209839.656,456027.4512,1.6668,184.2,TRUE,5.3,400,300
9663,2022/10/19 13:05,131.4216058,47.0218425,5209837.654,456027.6341,1.4816,155.8,TRUE,5.3,400,300
9664,2022/10/19 13:05,131.421607,47.02182883,5209836.134,456027.7141,0.57412,152.6,TRUE,5.3,400,300
9665,2022/10/19 13:05,131.4216088,47.0218795,5209841.766,456027.8926,5.94492,26.9,FALSE,5.3,0,300
9666,2022/10/19 13:05,131.421658,47.0219305,5209847.408,456031.6749,5.50044,30.1,FALSE,5.3,0,300
9667,2022/10/19 13:05,131.4217163,47.021978,5209852.656,456036.1461,5.4634,8.3,FALSE,5.3,0,300
9668,2022/10/19 13:05,131.4217188,47.02203483,5209858.972,456036.3828,5.6486,346.1,FALSE,5.3,0,300
9669,2022/10/19 13:06,131.421697,47.02203817,5209859.356,456034.7282,1.03712,336.2,FALSE,5.3,0,300
9670,2022/10/19 13:06,131.4217078,47.022005,5209855.662,456035.522,0.9630399,181.2,TRUE,5.3,400,300
9671,2022/10/19 13:06,131.4217007,47.02198433,5209853.368,456034.9653,0,0,FALSE,5.3,0,300
9672,2022/10/19 13:06,131.4217147,47.021955,5209850.1,456036.0056,1.53716,141.8,TRUE,5.3,400,300
9673,2022/10/19 13:06,131.4217132,47.0219235,5209846.598,456035.8657,1.68532,199.1,TRUE,5.3,373,300
9674,2022/10/19 13:06,131.4217435,47.0219085,5209844.914,456038.1569,2.4076,190.2,TRUE,5.3,393,300
9675,2022/10/19 13:06,131.4217565,47.02188517,5209842.313,456039.1261,1.77792,183.6,TRUE,5.3,400,300
9676,2022/10/19 13:06,131.421754,47.02185417,5209838.868,456038.9106,2.38908,195.3,TRUE,5.3,384,300
9677,2022/10/19 13:06,131.4217478,47.021823,5209835.406,456038.4136,2.20388,167.2,TRUE,5.3,393,300
9678,2022/10/19 13:06,131.4217588,47.02182083,5209835.159,456039.2481,1.1112,343.3,TRUE,5.3,360,300
9679,2022/10/19 13:06,131.42174,47.021862,5209839.746,456037.8526,5.0004,325.7,FALSE,5.3,0,300
9680,2022/10/19 13:06,131.4216888,47.021902,5209844.222,456033.993,6.14864,340,FALSE,5.3,0,300
9681,2022/10/19 13:06,131.4216615,47.02194533,5209849.054,456031.9531,6.05604,354.4,FALSE,5.3,0,300
9682,2022/10/19 13:06,131.4216653,47.0219945,5209854.518,456032.2824,4.55592,4.7,FALSE,5.3,0,300
9683,2022/10/19 13:06,131.4216762,47.0220335,5209858.848,456033.1431,1.00008,358,FALSE,5.3,0,300
9684,2022/10/19 13:07,131.4216852,47.02202167,5209857.528,456033.8176,1.7594,193.8,TRUE,5.3,299,300
9685,2022/10/19 13:07,131.4216843,47.02200067,5209855.194,456033.7319,1.74088,191.3,TRUE,5.3,400,300
9686,2022/10/19 13:07,131.4216807,47.02197083,5209851.878,456033.4337,1.74088,190.3,TRUE,5.3,400,300
9687,2022/10/19 13:07,131.421672,47.02194867,5209849.42,456032.7541,2.09276,216.3,TRUE,5.3,400,300
9688,2022/10/19 13:07,131.421652,47.02191883,5209846.114,456031.2091,2.42612,189.7,TRUE,5.3,400,300
9689,2022/10/19 13:07,131.4216622,47.02190233,5209844.274,456031.971,1.51864,192.2,TRUE,5.3,400,300
9690,2022/10/19 13:07,131.4216702,47.02186717,5209840.36,456032.5504,2.05572,176.2,TRUE,5.3,400,300
9691,2022/10/19 13:07,131.421667,47.02183833,5209837.156,456032.2834,1.22232,191.7,TRUE,5.3,400,300
9692,2022/10/19 13:07,131.4216872,47.02182467,5209835.626,456033.8079,3.35212,167.3,TRUE,5.3,400,300
9693,2022/10/19 13:07,131.4217037,47.021798,5209832.652,456035.0404,1.83348,159.8,TRUE,5.3,400,300
9694,2022/10/19 13:07,131.4217243,47.02179467,5209832.27,456036.6038,0,0,FALSE,5.3,0,300
9695,2022/10/19 13:07,131.4217312,47.02178,5209830.635,456037.1163,2.92616,135,TRUE,5.3,179,300
