序列号,GPS时间,经度,纬度,x,y,速度(km/h),航向,工作状态,幅宽(m),深度(mm),深度标准值
8627,2022/10/23 10:56,131.5300538,47.09656033,5218088.98,464322.246,3.27804,253.1,TRUE,5.3,371,300
8628,2022/10/23 10:56,131.5300042,47.09655333,5218088.224,464318.4757,3.11136,269.5,TRUE,5.3,368,300
8629,2022/10/23 10:56,131.5299393,47.096543,5218087.105,464313.5417,2.90764,246.9,TRUE,5.3,235,300
8630,2022/10/23 10:56,131.5298755,47.09651733,5218084.281,464308.681,2.25944,257.5,TRUE,5.3,311,300
8631,2022/10/23 10:57,131.5298367,47.09650933,5218083.409,464305.73,2.74096,249.5,TRUE,5.3,358,300
8632,2022/10/23 10:57,131.5297983,47.09649983,5218082.37,464302.8083,3.57436,241.3,TRUE,5.3,259,300
8633,2022/10/23 10:57,131.5297612,47.0964925,5218081.572,464299.9869,2.74096,273.6,TRUE,5.3,250,300
8634,2022/10/23 10:57,131.5297168,47.09649933,5218082.352,464296.6206,2.85208,275.7,TRUE,5.3,242,300
8635,2022/10/23 10:57,131.5296617,47.09647067,5218079.191,464292.4183,3.75956,262,TRUE,5.3,249,300
8636,2022/10/23 10:57,131.5296205,47.09645017,5218076.931,464289.2768,3.77808,269.9,TRUE,5.3,306,300
8637,2022/10/23 10:57,131.5295647,47.09642667,5218074.344,464285.0248,3.1484,263.5,TRUE,5.3,278,300
8638,2022/10/23 10:57,131.529507,47.09639617,5218070.979,464280.6239,3.01876,231.6,TRUE,5.3,307,300
8639,2022/10/23 10:57,131.5294535,47.09637567,5218068.725,464276.5485,2.81504,269.2,TRUE,5.3,268,300
8640,2022/10/23 10:57,131.5294083,47.09635617,5218066.577,464273.1039,3.48176,252.7,TRUE,5.3,257,300
8641,2022/10/23 10:57,131.5293608,47.09637317,5218068.489,464269.5091,3.4262,264.6,TRUE,5.3,254,300
8642,2022/10/23 10:57,131.5293198,47.09636217,5218067.285,464266.3891,3.31508,263.5,TRUE,5.3,259,300
8643,2022/10/23 10:57,131.529272,47.09635983,5218067.047,464262.7586,3.00024,245.7,TRUE,5.3,249,300
8644,2022/10/23 10:57,131.5292028,47.096347,5218065.652,464257.4964,3.704,264.4,TRUE,5.3,269,300
8645,2022/10/23 10:57,131.5291315,47.09632567,5218063.313,464252.0691,2.778,243.9,TRUE,5.3,224,300
8646,2022/10/23 10:58,131.5290765,47.09630383,5218060.91,464247.879,2.70392,264.1,TRUE,5.3,249,300
8647,2022/10/23 10:58,131.5290378,47.09628833,5218059.205,464244.9305,4.11144,268,TRUE,5.3,241,300
8648,2022/10/23 10:58,131.5289817,47.09626917,5218057.1,464240.6586,3.72252,259.9,TRUE,5.3,235,300
8649,2022/10/23 10:58,131.5289297,47.09625217,5218055.234,464236.6995,3.22248,252.8,TRUE,5.3,313,300
8650,2022/10/23 10:58,131.5288678,47.09624117,5218054.04,464231.9927,3.48176,265.6,TRUE,5.3,266,300
8651,2022/10/23 10:58,131.528806,47.096234,5218053.271,464227.2961,4.03736,264.3,TRUE,5.3,256,300
8652,2022/10/23 10:58,131.5287798,47.09622533,5218052.319,464225.3012,3.81512,251.6,TRUE,5.3,253,300
8653,2022/10/23 10:58,131.5287403,47.09621083,5218050.725,464222.2927,3.92624,245.8,TRUE,5.3,219,300
8654,2022/10/23 10:58,131.5286885,47.096201,5218049.656,464218.3535,3.64844,261.8,TRUE,5.3,239,300
8655,2022/10/23 10:58,131.5286243,47.09618933,5218048.388,464213.4717,4.66704,247.9,TRUE,5.3,375,300
8656,2022/10/23 10:58,131.5285495,47.096179,5218047.274,464207.786,3.241,257.1,TRUE,5.3,346,300
8657,2022/10/23 10:58,131.528522,47.09616717,5218045.971,464205.6903,2.38908,231.9,TRUE,5.3,375,300
8658,2022/10/23 10:58,131.528473,47.09613117,5218041.991,464201.9461,3.64844,232.6,TRUE,5.3,236,300
8659,2022/10/23 10:58,131.528396,47.096115,5218040.229,464196.0895,3.5188,260.5,TRUE,5.3,235,300
8660,2022/10/23 10:58,131.5283217,47.0961105,5218039.763,464190.4457,4.00032,256.2,TRUE,5.3,353,300
8661,2022/10/23 10:59,131.5282573,47.09610183,5218038.828,464185.5507,3.37064,257.1,TRUE,5.3,310,300
8662,2022/10/23 10:59,131.5282555,47.0960995,5218038.57,464185.4124,0,0,FALSE,5.3,0,300
8663,2022/10/23 10:59,131.5282917,47.09610933,5218039.646,464188.1673,3.7966,70.3,FALSE,5.3,0,300
8664,2022/10/23 10:59,131.5283435,47.09612683,5218041.568,464192.1117,5.13004,80.4,FALSE,5.3,0,300
8665,2022/10/23 10:59,131.5284032,47.09613767,5218042.746,464196.6513,5.25968,62.2,FALSE,5.3,0,300
8666,2022/10/23 10:59,131.528446,47.09615917,5218045.116,464199.9151,4.38924,66.1,FALSE,5.3,0,300
8667,2022/10/23 10:59,131.5285233,47.0961965,5218049.231,464205.8086,4.31516,79.4,FALSE,5.3,0,300
8668,2022/10/23 10:59,131.5285948,47.0962165,5218051.422,464211.2503,4.55592,61,FALSE,5.3,0,300
8669,2022/10/23 10:59,131.5286758,47.09622883,5218052.756,464217.408,5.0004,70.9,FALSE,5.3,0,300
8670,2022/10/23 10:59,131.5287227,47.09623467,5218053.383,464220.9725,3.77808,255.6,FALSE,5.3,0,300
8671,2022/10/23 10:59,131.5286755,47.09619517,5218049.014,464217.3626,4.75964,197.8,FALSE,5.3,0,300
8672,2022/10/23 10:59,131.528644,47.0961125,5218039.837,464214.9158,4.27812,162.7,FALSE,5.3,0,300
8673,2022/10/23 10:59,131.5286422,47.09609417,5218037.8,464214.7669,4.01884,339.1,FALSE,5.3,0,300
8674,2022/10/23 10:59,131.5286005,47.096125,5218041.247,464211.6217,1.59272,341.2,FALSE,5.3,0,300
8675,2022/10/23 10:59,131.5285977,47.09612817,5218041.601,464211.4112,0,96.4,FALSE,5.3,0,300
8676,2022/10/23 11:00,131.5286052,47.0960975,5218038.188,464211.9601,4.14848,176.5,TRUE,5.3,283,300
8677,2022/10/23 11:00,131.528625,47.09606933,5218035.047,464213.4444,2.05572,165,TRUE,5.3,359,300
8678,2022/10/23 11:00,131.5286475,47.09604617,5218032.462,464215.1371,3.18544,159.5,TRUE,5.3,368,300
8679,2022/10/23 11:00,131.5286857,47.0960065,5218028.034,464218.0106,4.46332,159.5,TRUE,5.3,359,300
8680,2022/10/23 11:00,131.5287047,47.09596017,5218022.875,464219.4221,3.90772,158.4,TRUE,5.3,361,300
8681,2022/10/23 11:00,131.5287298,47.0959225,5218018.675,464221.3024,3.9818,165.4,TRUE,5.3,362,300
8682,2022/10/23 11:00,131.5287542,47.095886,5218014.606,464223.1304,3.68548,164.9,TRUE,5.3,269,300
8683,2022/10/23 11:00,131.5287663,47.0958835,5218014.323,464224.0474,0,0,FALSE,5.3,0,300
8684,2022/10/23 11:00,131.528769,47.09588817,5218014.841,464224.2555,0,0,FALSE,5.3,0,300
8685,2022/10/23 11:00,131.528769,47.0958905,5218015.1,464224.257,0,0,FALSE,5.3,0,300
8686,2022/10/23 11:00,131.5287673,47.09589067,5218015.12,464224.1281,0,0,FALSE,5.3,0,300
8687,2022/10/23 11:00,131.5287673,47.09589167,5218015.231,464224.1288,0,0,FALSE,5.3,0,300
8688,2022/10/23 11:00,131.5287667,47.09589217,5218015.287,464224.0835,0,0,FALSE,5.3,0,300
8689,2022/10/23 11:00,131.5287665,47.09589167,5218015.231,464224.068,0,0,FALSE,5.3,0,300
8690,2022/10/23 11:00,131.528767,47.095892,5218015.268,464224.1062,0,0,FALSE,5.3,0,300
8691,2022/10/23 11:01,131.528768,47.095891,5218015.156,464224.1815,0,0,FALSE,5.3,0,300
8692,2022/10/23 11:01,131.5288025,47.095846,5218010.137,464226.7705,3.22248,164,TRUE,5.3,362,300
8693,2022/10/23 11:01,131.5288188,47.09580167,5218005.202,464227.9783,3.37064,163.5,TRUE,5.3,358,300
8694,2022/10/23 11:01,131.5288188,47.09578533,5218003.385,464227.9674,0,0,FALSE,5.3,0,300
8695,2022/10/23 11:01,131.5288257,47.095788,5218003.679,464228.493,0,0,FALSE,5.3,0,300
8696,2022/10/23 11:01,131.5288278,47.09578717,5218003.586,464228.6519,0,0,FALSE,5.3,0,300
8697,2022/10/23 11:01,131.5288282,47.09578683,5218003.548,464228.6821,0,0,FALSE,5.3,0,300
8698,2022/10/23 11:01,131.5288282,47.09578633,5218003.492,464228.6817,0,0,FALSE,5.3,0,300
8699,2022/10/23 11:01,131.5288275,47.0957855,5218003.4,464228.628,0,0,FALSE,5.3,0,300
8700,2022/10/23 11:01,131.5288253,47.09578433,5218003.271,464228.4602,0,0.6,FALSE,5.3,0,300
8701,2022/10/23 11:01,131.528829,47.09577233,5218001.935,464228.7331,4.59296,158.4,TRUE,5.3,353,300
8702,2022/10/23 11:01,131.5288483,47.09570883,5217994.867,464230.1558,4.74112,161.3,TRUE,5.3,346,300
8703,2022/10/23 11:01,131.5288685,47.09565167,5217988.503,464231.6511,4.29664,155.9,TRUE,5.3,383,300
8704,2022/10/23 11:01,131.5288748,47.09559833,5217982.57,464232.0937,5.24116,158.6,TRUE,5.3,365,300
8705,2022/10/23 11:01,131.5288962,47.095545,5217976.632,464233.6827,5.556,157.5,TRUE,5.3,395,300
8706,2022/10/23 11:02,131.5288993,47.09548717,5217970.201,464233.8793,5.79676,165.2,TRUE,5.3,400,300
8707,2022/10/23 11:02,131.5289428,47.0954465,5217965.66,464237.1546,4.3522,151.2,TRUE,5.3,398,300
8708,2022/10/23 11:02,131.5289668,47.09540733,5217961.294,464238.9505,5.29672,161.1,TRUE,5.3,397,300
8709,2022/10/23 11:02,131.5289932,47.095355,5217955.465,464240.9197,6.50052,164,TRUE,5.3,400,300
8710,2022/10/23 11:02,131.5290197,47.09528567,5217947.745,464242.8852,5.87084,158.9,TRUE,5.3,359,300
8711,2022/10/23 11:02,131.5290562,47.09523433,5217942.021,464245.6219,5.2782,168.1,TRUE,5.3,354,300
8712,2022/10/23 11:02,131.529082,47.09518183,5217936.172,464247.5456,5.51896,165.3,TRUE,5.3,374,300
8713,2022/10/23 11:02,131.5291097,47.09513883,5217931.379,464249.6198,7.0376,164.1,TRUE,5.3,371,300
8714,2022/10/23 11:02,131.5291447,47.0950785,5217924.656,464252.2366,6.37088,166.6,TRUE,5.3,363,300
8715,2022/10/23 11:02,131.5291797,47.09501333,5217917.395,464254.8502,5.61156,160.7,TRUE,5.3,363,300
8716,2022/10/23 11:02,131.5292032,47.0949595,5217911.4,464256.5984,6.13012,161.6,TRUE,5.3,374,300
8717,2022/10/23 11:02,131.529232,47.09490617,5217905.458,464258.7492,6.55608,161,TRUE,5.3,379,300
8718,2022/10/23 11:02,131.5292567,47.09484383,5217898.516,464260.5828,5.94492,165.1,TRUE,5.3,395,300
8719,2022/10/23 11:02,131.5292937,47.094783,5217891.737,464263.3511,5.88936,162.9,TRUE,5.3,358,300
8720,2022/10/23 11:02,131.5293388,47.09473583,5217886.472,464266.7436,6.98204,156.8,TRUE,5.3,270,300
8721,2022/10/23 11:03,131.5293663,47.094677,5217879.919,464268.7921,5.05596,169.1,TRUE,5.3,395,300
8722,2022/10/23 11:03,131.5293997,47.09461883,5217873.437,464271.289,5.94492,164.6,TRUE,5.3,358,300
8723,2022/10/23 11:03,131.529433,47.09456833,5217867.808,464273.7834,6.35236,160.8,TRUE,5.3,368,300
8724,2022/10/23 11:03,131.5294747,47.0945125,5217861.582,464276.912,6.35236,163.3,TRUE,5.3,368,300
8725,2022/10/23 11:03,131.5295058,47.09444783,5217854.378,464279.2299,5.6486,165.4,TRUE,5.3,360,300
8726,2022/10/23 11:03,131.529525,47.09438833,5217847.755,464280.6478,6.25976,161.9,TRUE,5.3,363,300
8727,2022/10/23 11:03,131.5295583,47.09433517,5217841.829,464283.1405,5.8338,164.8,TRUE,5.3,367,300
8728,2022/10/23 11:03,131.5296058,47.09426733,5217834.266,464286.7014,5.59304,159.4,TRUE,5.3,353,300
8729,2022/10/23 11:03,131.5296365,47.09420767,5217827.619,464288.9923,6.59312,156.3,TRUE,5.3,265,300
8730,2022/10/23 11:03,131.5296755,47.0941485,5217821.023,464291.9137,7.0376,164.3,TRUE,5.3,388,300
8731,2022/10/23 11:03,131.5296962,47.0940795,5217813.343,464293.4392,6.88944,159.8,TRUE,5.3,374,300
8732,2022/10/23 11:03,131.5297103,47.09400783,5217805.369,464294.4618,7.01908,164.2,TRUE,5.3,370,300
8733,2022/10/23 11:03,131.5297368,47.0939465,5217798.539,464296.4327,5.556,168.2,TRUE,5.3,373,300
8734,2022/10/23 11:03,131.5297628,47.09387533,5217790.615,464298.3591,7.0376,159,TRUE,5.3,365,300
8735,2022/10/23 11:03,131.529798,47.09379767,5217781.965,464300.9797,6.64868,165.3,TRUE,5.3,359,300
8736,2022/10/23 11:04,131.5298458,47.09372717,5217774.105,464304.5617,7.16724,161.1,TRUE,5.3,361,300
8737,2022/10/23 11:04,131.529886,47.093668,5217767.509,464307.5743,7.07464,161.8,TRUE,5.3,373,300
8738,2022/10/23 11:04,131.5299375,47.0936115,5217761.204,464311.4465,6.83388,164.2,TRUE,5.3,372,300
8739,2022/10/23 11:04,131.5299813,47.09356,5217755.459,464314.7376,6.25976,162.7,TRUE,5.3,356,300
8740,2022/10/23 11:04,131.5300048,47.09349783,5217748.537,464316.4802,7.57468,161.1,TRUE,5.3,346,300
8741,2022/10/23 11:04,131.5300482,47.09342317,5217740.217,464319.7254,3.92624,167.4,TRUE,5.3,360,300
8742,2022/10/23 11:04,131.5300672,47.09338583,5217736.057,464321.143,6.3894,163.6,TRUE,5.3,369,300
8743,2022/10/23 11:04,131.5301005,47.093328,5217729.612,464323.6326,6.2968,165.8,TRUE,5.3,373,300
8744,2022/10/23 11:04,131.5301315,47.09327117,5217723.28,464325.9483,6.00048,165.3,TRUE,5.3,372,300
8745,2022/10/23 11:04,131.5301612,47.09322583,5217718.226,464328.173,4.31516,163.2,TRUE,5.3,366,300
8746,2022/10/23 11:04,131.5301912,47.09317933,5217713.043,464330.4196,4.83372,165.7,TRUE,5.3,393,300
8747,2022/10/23 11:04,131.5302152,47.09312983,5217707.529,464332.2087,6.2968,158.3,TRUE,5.3,399,300
8748,2022/10/23 11:04,131.5302552,47.093065,5217700.304,464335.2024,6.03752,158.6,TRUE,5.3,371,300
8749,2022/10/23 11:04,131.5302912,47.093006,5217693.728,464337.8963,6.482,157.9,TRUE,5.3,371,300
8750,2022/10/23 11:04,131.5303262,47.092949,5217687.375,464340.5155,5.70416,160.2,TRUE,5.3,400,300
8751,2022/10/23 11:05,131.5303533,47.09288933,5217680.729,464342.5332,5.48192,157.9,TRUE,5.3,367,300
8752,2022/10/23 11:05,131.5303897,47.0928305,5217674.172,464345.2576,5.98196,165.8,TRUE,5.3,377,300
8753,2022/10/23 11:05,131.5304258,47.09277,5217667.43,464347.9581,6.482,160.6,TRUE,5.3,372,300
8754,2022/10/23 11:05,131.5304552,47.09270867,5217660.598,464350.1493,6.6672,165,TRUE,5.3,383,300
8755,2022/10/23 11:05,131.5304877,47.0926445,5217653.45,464352.574,6.09308,165.5,TRUE,5.3,396,300
8756,2022/10/23 11:05,131.5305245,47.0925875,5217647.096,464355.33,6.00048,162.5,TRUE,5.3,356,300
8757,2022/10/23 11:05,131.5305662,47.09252667,5217640.314,464358.4555,6.92648,158.4,TRUE,5.3,400,300
8758,2022/10/23 11:05,131.5306015,47.09246683,5217633.646,464361.0957,5.66712,159.3,TRUE,5.3,367,300
8759,2022/10/23 11:05,131.530621,47.0924135,5217627.708,464362.5406,6.09308,158.1,TRUE,5.3,359,300
8760,2022/10/23 11:05,131.5306498,47.09235417,5217621.099,464364.6877,6.482,156.1,TRUE,5.3,390,300
8761,2022/10/23 11:05,131.5306828,47.09229683,5217614.709,464367.155,6.55608,162.7,TRUE,5.3,393,300
8762,2022/10/23 11:05,131.5307158,47.09223517,5217607.84,464369.6194,6.68572,163.9,TRUE,5.3,374,300
8763,2022/10/23 11:05,131.5307527,47.09217617,5217601.264,464372.3816,6.42644,164.2,TRUE,5.3,367,300
8764,2022/10/23 11:05,131.530784,47.09211467,5217594.412,464374.7171,7.09316,163.3,TRUE,5.3,400,300
8765,2022/10/23 11:05,131.5308107,47.0920515,5217587.377,464376.7022,6.03752,162.4,TRUE,5.3,356,300
8766,2022/10/23 11:06,131.5308535,47.09199167,5217580.706,464379.9119,5.96344,156.2,TRUE,5.3,362,300
8767,2022/10/23 11:06,131.5308793,47.091938,5217574.728,464381.8349,6.96352,163.4,TRUE,5.3,388,300
8768,2022/10/23 11:06,131.5309085,47.0918735,5217567.544,464384.009,6.05604,163.8,TRUE,5.3,397,300
8769,2022/10/23 11:06,131.5309397,47.09181533,5217561.063,464386.339,6.22272,159,TRUE,5.3,395,300
8770,2022/10/23 11:06,131.5309782,47.091758,5217554.672,464389.224,6.87092,163.6,TRUE,5.3,399,300
8771,2022/10/23 11:06,131.5309995,47.091699,5217548.103,464390.8018,6.59312,163.4,TRUE,5.3,369,300
8772,2022/10/23 11:06,131.531031,47.09163883,5217541.399,464393.1534,5.77824,160.4,TRUE,5.3,399,300
8773,2022/10/23 11:06,131.5310613,47.091579,5217534.734,464395.4141,6.18568,158.1,TRUE,5.3,383,300
8774,2022/10/23 11:06,131.53109,47.091518,5217527.94,464397.5525,6.482,159.2,TRUE,5.3,395,300
8775,2022/10/23 11:06,131.5311417,47.09145283,5217520.671,464401.4344,6.019,160.5,TRUE,5.3,399,300
8776,2022/10/23 11:06,131.5311735,47.09139683,5217514.431,464403.8116,5.63008,168.4,TRUE,5.3,372,300
8777,2022/10/23 11:06,131.5311967,47.09134617,5217508.788,464405.5393,5.9264,162.2,TRUE,5.3,400,300
8778,2022/10/23 11:06,131.5312178,47.09130367,5217504.054,464407.113,5.40784,157.9,TRUE,5.3,374,300
8779,2022/10/23 11:06,131.531239,47.09125167,5217498.263,464408.688,6.61164,158.8,TRUE,5.3,395,300
8780,2022/10/23 11:06,131.5312647,47.091196,5217492.063,464410.6022,5.38932,162,TRUE,5.3,398,300
8781,2022/10/23 11:07,131.5312995,47.09114567,5217486.452,464413.2109,5.66712,163,TRUE,5.3,399,300
8782,2022/10/23 11:07,131.5313425,47.0911005,5217481.41,464416.4457,5.38932,158.8,TRUE,5.3,400,300
8783,2022/10/23 11:07,131.5313645,47.09105017,5217475.805,464418.0826,5.16708,160.2,TRUE,5.3,361,300
8784,2022/10/23 11:07,131.5313867,47.09099817,5217470.014,464419.7335,5.77824,162.4,TRUE,5.3,400,300
8785,2022/10/23 11:07,131.5314142,47.0909425,5217463.812,464421.7844,5.66712,156.7,TRUE,5.3,374,300
8786,2022/10/23 11:07,131.5314422,47.09088517,5217457.426,464423.8722,5.88936,161.2,TRUE,5.3,387,300
8787,2022/10/23 11:07,131.5314815,47.090828,5217451.053,464426.818,5.81528,163.2,TRUE,5.3,400,300
8788,2022/10/23 11:07,131.5315095,47.09077083,5217444.684,464428.9059,6.51904,162.2,TRUE,5.3,400,300
8789,2022/10/23 11:07,131.5315413,47.090711,5217438.018,464431.2806,6.05604,163,TRUE,5.3,400,300
8790,2022/10/23 11:07,131.5315635,47.09065667,5217431.968,464432.93,5.70416,163.4,TRUE,5.3,395,300
8791,2022/10/23 11:07,131.5315972,47.090601,5217425.764,464435.4516,5.98196,157.9,TRUE,5.3,399,300
8792,2022/10/23 11:07,131.5316272,47.0905385,5217418.802,464437.6879,5.96344,160.5,TRUE,5.3,392,300
8793,2022/10/23 11:07,131.5316648,47.090492,5217413.615,464440.5118,4.33368,164.5,TRUE,5.3,400,300
8794,2022/10/23 11:07,131.5316818,47.0904485,5217408.772,464441.7736,6.2968,161.7,TRUE,5.3,385,300
8795,2022/10/23 11:07,131.5317097,47.09039317,5217402.608,464443.8551,5.61156,161,TRUE,5.3,372,300
8796,2022/10/23 11:08,131.5317333,47.090343,5217397.02,464445.6136,5.79676,161.3,TRUE,5.3,400,300
8797,2022/10/23 11:08,131.531769,47.09029617,5217391.797,464448.2931,4.5374,165.1,TRUE,5.3,365,300
8798,2022/10/23 11:08,131.5317945,47.09024667,5217386.283,464450.1963,4.48184,166,TRUE,5.3,397,300
8799,2022/10/23 11:08,131.5318097,47.09020817,5217381.995,464451.3248,4.51888,166,TRUE,5.3,400,300
8800,2022/10/23 11:08,131.5318393,47.0901615,5217376.794,464453.5412,5.8338,163.7,TRUE,5.3,397,300
8801,2022/10/23 11:08,131.5318612,47.09010183,5217370.15,464455.1643,6.46348,157.9,TRUE,5.3,395,300
8802,2022/10/23 11:08,131.5318958,47.09004283,5217363.575,464457.7522,5.53748,161.1,TRUE,5.3,400,300
8803,2022/10/23 11:08,131.5319225,47.08999033,5217357.726,464459.7445,5.20412,162.8,TRUE,5.3,399,300
8804,2022/10/23 11:08,131.5319453,47.08993967,5217352.084,464461.442,6.25976,161,TRUE,5.3,397,300
8805,2022/10/23 11:08,131.5319588,47.08988783,5217346.315,464462.4325,5.85232,163.5,TRUE,5.3,385,300
8806,2022/10/23 11:08,131.5319988,47.089832,5217340.09,464465.4325,5.63008,164.1,TRUE,5.3,400,300
8807,2022/10/23 11:08,131.5320183,47.089776,5217333.855,464466.8759,5.70416,160.1,TRUE,5.3,395,300
8808,2022/10/23 11:08,131.5320557,47.08971767,5217327.354,464469.6768,6.22272,159.7,TRUE,5.3,363,300
8809,2022/10/23 11:08,131.5320795,47.08965667,5217320.561,464471.4433,6.14864,159.6,TRUE,5.3,400,300
8810,2022/10/23 11:08,131.5321103,47.08960333,5217314.617,464473.7465,5.8338,167.1,TRUE,5.3,398,300
8811,2022/10/23 11:09,131.5321362,47.08954167,5217307.751,464475.672,5.51896,163.6,TRUE,5.3,378,300
8812,2022/10/23 11:09,131.5321648,47.08948933,5217301.919,464477.8088,5.90788,159.8,TRUE,5.3,396,300
8813,2022/10/23 11:09,131.5322057,47.0894295,5217295.249,464480.8745,6.16716,157.1,TRUE,5.3,369,300
8814,2022/10/23 11:09,131.5322463,47.089378,5217289.505,464483.923,6.09308,166.5,TRUE,5.3,373,300
8815,2022/10/23 11:09,131.5322782,47.089314,5217282.376,464486.3026,6.27828,162,TRUE,5.3,400,300
8816,2022/10/23 11:09,131.532314,47.0892535,5217275.634,464488.9806,6.37088,162.6,TRUE,5.3,398,300
8817,2022/10/23 11:09,131.5323413,47.08919183,5217268.765,464491.0125,6.3894,162,TRUE,5.3,398,300
8818,2022/10/23 11:09,131.5323878,47.08912633,5217261.462,464494.4997,6.50052,161.7,TRUE,5.3,396,300
8819,2022/10/23 11:09,131.5324152,47.089067,5217254.854,464496.5407,6.6672,162.6,TRUE,5.3,397,300
8820,2022/10/23 11:09,131.5324393,47.08900417,5217247.858,464498.3288,6.63016,161.5,TRUE,5.3,400,300
8821,2022/10/23 11:09,131.5324682,47.08894217,5217240.952,464500.482,6.019,162.3,TRUE,5.3,400,300
8822,2022/10/23 11:09,131.5325163,47.088883,5217234.352,464504.0949,6.22272,160,TRUE,5.3,378,300
8823,2022/10/23 11:09,131.5325565,47.088825,5217227.886,464507.1087,5.63008,165.4,TRUE,5.3,400,300
8824,2022/10/23 11:09,131.5325798,47.0887655,5217221.261,464508.8384,6.42644,162.9,TRUE,5.3,386,300
8825,2022/10/23 11:09,131.5326042,47.08870617,5217214.654,464510.6517,6.3894,160.2,TRUE,5.3,400,300
8826,2022/10/23 11:10,131.5326455,47.0886475,5217208.113,464513.7486,5.6486,162.6,TRUE,5.3,372,300
8827,2022/10/23 11:10,131.5326688,47.08858933,5217201.635,464515.4791,6.25976,161.9,TRUE,5.3,397,300
8828,2022/10/23 11:10,131.5326952,47.08853217,5217195.269,464517.4457,6.44496,160.1,TRUE,5.3,400,300
8829,2022/10/23 11:10,131.5327283,47.08847267,5217188.639,464519.9195,6.68572,155.9,TRUE,5.3,399,300
8830,2022/10/23 11:10,131.5327437,47.08841583,5217182.313,464521.0511,6.96352,156.1,TRUE,5.3,364,300
8831,2022/10/23 11:10,131.5327853,47.088354,5217175.42,464524.1687,6.07456,164.5,TRUE,5.3,400,300
8832,2022/10/23 11:10,131.5328082,47.08830283,5217169.721,464525.8736,6.3894,159.8,TRUE,5.3,374,300
8833,2022/10/23 11:10,131.532844,47.088243,5217163.053,464528.5521,5.59304,158.5,TRUE,5.3,400,300
8834,2022/10/23 11:10,131.532876,47.088186,5217156.702,464530.9441,6.27828,162.5,TRUE,5.3,395,300
8835,2022/10/23 11:10,131.5329033,47.088128,5217150.242,464532.9785,5.98196,160,TRUE,5.3,400,300
8836,2022/10/23 11:10,131.5329203,47.08807033,5217143.823,464534.231,6.24124,161.9,TRUE,5.3,376,300
8837,2022/10/23 11:10,131.5329702,47.0880125,5217137.371,464537.9816,5.7412,157.9,TRUE,5.3,398,300
8838,2022/10/23 11:10,131.5330045,47.08795483,5217130.944,464540.5477,5.25968,154.9,TRUE,5.3,400,300
8839,2022/10/23 11:10,131.5330332,47.0878945,5217124.224,464542.6869,6.3894,163.7,TRUE,5.3,400,300
8840,2022/10/23 11:10,131.5330677,47.08783633,5217117.742,464545.2679,6.46348,167.9,TRUE,5.3,396,300
8841,2022/10/23 11:11,131.533104,47.08777783,5217111.222,464547.9854,6.5746,165.7,TRUE,5.3,400,300
8842,2022/10/23 11:11,131.5331243,47.08771983,5217104.764,464549.4883,6.3894,161.4,TRUE,5.3,371,300
8843,2022/10/23 11:11,131.5331587,47.087665,5217098.653,464552.064,6.50052,163.6,TRUE,5.3,396,300
8844,2022/10/23 11:11,131.5331943,47.087604,5217091.856,464554.7267,6.14864,163.8,TRUE,5.3,376,300
8845,2022/10/23 11:11,131.533229,47.0875435,5217085.114,464557.3214,6.72276,164.8,TRUE,5.3,394,300
8846,2022/10/23 11:11,131.533263,47.087482,5217078.261,464559.8623,6.72276,162.4,TRUE,5.3,400,300
8847,2022/10/23 11:11,131.5332967,47.08742067,5217071.428,464562.3805,6.59312,166.1,TRUE,5.3,398,300
8848,2022/10/23 11:11,131.533318,47.08735867,5217064.526,464563.9567,6.18568,162.5,TRUE,5.3,394,300
8849,2022/10/23 11:11,131.5333482,47.08730483,5217058.526,464566.2141,5.90788,159.3,TRUE,5.3,377,300
8850,2022/10/23 11:11,131.5333825,47.08724867,5217052.267,464568.7814,5.81528,162.1,TRUE,5.3,381,300
8851,2022/10/23 11:11,131.5334032,47.087195,5217046.291,464570.3176,5.77824,164.7,TRUE,5.3,268,300
8852,2022/10/23 11:11,131.5334185,47.08714733,5217040.985,464571.4477,4.18552,169.2,TRUE,5.3,399,300
8853,2022/10/23 11:11,131.5334483,47.08709433,5217035.079,464573.6753,5.33376,160.3,TRUE,5.3,400,300
8854,2022/10/23 11:11,131.5334587,47.08708733,5217034.296,464574.4604,3.94476,334.1,TRUE,5.3,238,300
8855,2022/10/23 11:11,131.5334327,47.08714233,5217040.423,464572.5226,1.92608,326.9,FALSE,5.3,0,300
8856,2022/10/23 11:12,131.533419,47.08709867,5217035.575,464571.4534,6.51904,196.5,FALSE,5.3,0,300
8857,2022/10/23 11:12,131.533378,47.08703417,5217028.423,464568.2974,6.37088,211.4,FALSE,5.3,0,300
8858,2022/10/23 11:12,131.5333265,47.08700233,5217024.907,464564.3658,5.59304,251,FALSE,5.3,0,300
8859,2022/10/23 11:12,131.5332645,47.087023,5217027.233,464559.6717,5.01892,321.3,FALSE,5.3,0,300
8860,2022/10/23 11:12,131.5332588,47.08706933,5217032.386,464559.2696,5.61156,350.8,FALSE,5.3,0,300
8861,2022/10/23 11:12,131.533276,47.087077,5217033.231,464560.5807,5.90788,161.4,FALSE,5.3,0,300
8862,2022/10/23 11:12,131.5333258,47.08700317,5217025,464564.3132,6.40792,158.6,FALSE,5.3,0,300
8863,2022/10/23 11:12,131.533359,47.08693217,5217017.092,464566.7871,6.64868,155.4,FALSE,5.3,0,300
8864,2022/10/23 11:12,131.5333898,47.08687283,5217010.481,464569.0864,5.093,161.6,FALSE,5.3,0,300
8865,2022/10/23 11:12,131.533416,47.08681233,5217003.743,464571.0358,4.50036,154.3,FALSE,5.3,0,300
8866,2022/10/23 11:12,131.5334293,47.08680833,5217003.293,464572.043,0,0,FALSE,5.3,0,300
8867,2022/10/23 11:12,131.533435,47.086811,5217003.587,464572.4776,0,0,FALSE,5.3,0,300
8868,2022/10/23 11:12,131.533428,47.08683833,5217006.628,464571.9642,3.90772,346.6,TRUE,5.3,382,300
8869,2022/10/23 11:12,131.5334013,47.08689567,5217013.015,464569.9748,3.74104,345.8,TRUE,5.3,394,300
8870,2022/10/23 11:12,131.5333665,47.08694867,5217018.923,464567.3675,4.46332,349.7,TRUE,5.3,374,300
8871,2022/10/23 11:13,131.5333407,47.08700133,5217024.789,464565.4434,4.7226,349.6,TRUE,5.3,363,300
8872,2022/10/23 11:13,131.533301,47.08706283,5217031.644,464562.4697,4.64852,346.6,TRUE,5.3,369,300
8873,2022/10/23 11:13,131.5332737,47.08710817,5217036.697,464560.4268,5.90788,345.8,TRUE,5.3,362,300
8874,2022/10/23 11:13,131.5332382,47.08716817,5217043.383,464557.771,5.98196,346.7,TRUE,5.3,398,300
8875,2022/10/23 11:13,131.5332162,47.087219,5217049.044,464556.1342,6.05604,346.6,TRUE,5.3,400,300
8876,2022/10/23 11:13,131.5331875,47.08727117,5217054.857,464553.9896,3.72252,351.5,TRUE,5.3,351,300
8877,2022/10/23 11:13,131.5331468,47.08732817,5217061.212,464550.9369,4.68556,343.7,TRUE,5.3,400,300
8878,2022/10/23 11:13,131.5331152,47.0873835,5217067.378,464548.5742,4.79668,346.7,TRUE,5.3,378,300
8879,2022/10/23 11:13,131.533077,47.08743617,5217073.251,464545.7086,5.16708,344,TRUE,5.3,371,300
8880,2022/10/23 11:13,131.5330598,47.087486,5217078.798,464544.4356,5.8338,346.1,TRUE,5.3,386,300
8881,2022/10/23 11:13,131.5330307,47.08754367,5217085.223,464542.2643,5.7412,344.3,TRUE,5.3,400,300
8882,2022/10/23 11:13,131.5330028,47.0876025,5217091.776,464540.1848,4.51888,351.3,TRUE,5.3,394,300
8883,2022/10/23 11:13,131.5329855,47.08765167,5217097.25,464538.9038,6.03752,344.1,TRUE,5.3,374,300
8884,2022/10/23 11:13,131.5329477,47.08771017,5217103.771,464536.0725,3.12988,355.4,TRUE,5.3,365,300
8885,2022/10/23 11:13,131.5329258,47.08775117,5217108.339,464534.4368,4.94484,341.1,TRUE,5.3,400,300
8886,2022/10/23 11:14,131.5328952,47.08780683,5217114.54,464532.1502,5.59304,350.1,TRUE,5.3,400,300
8887,2022/10/23 11:14,131.5328623,47.08786033,5217120.503,464529.6876,5.7412,343.8,TRUE,5.3,400,300
8888,2022/10/23 11:14,131.5328303,47.08792167,5217127.337,464527.2986,5.90788,345.4,TRUE,5.3,396,300
8889,2022/10/23 11:14,131.5328003,47.08797817,5217133.632,464525.0581,5.81528,343.7,TRUE,5.3,395,300
8890,2022/10/23 11:14,131.5327632,47.0880395,5217140.467,464522.2818,6.22272,346.3,TRUE,5.3,366,300
8891,2022/10/23 11:14,131.5327283,47.08809983,5217147.189,464519.6719,5.22264,348.1,TRUE,5.3,372,300
8892,2022/10/23 11:14,131.5326858,47.088166,5217154.565,464516.4888,6.019,343.2,TRUE,5.3,398,300
8893,2022/10/23 11:14,131.5326523,47.08822467,5217161.103,464513.9841,5.68564,346,TRUE,5.3,375,300
8894,2022/10/23 11:14,131.5326247,47.08827633,5217166.858,464511.9227,5.63008,345.1,TRUE,5.3,400,300
8895,2022/10/23 11:14,131.5325883,47.088338,5217173.731,464509.1998,6.25976,351.7,TRUE,5.3,398,300
8896,2022/10/23 11:14,131.5325597,47.0883985,5217180.47,464507.0684,6.27828,340.4,TRUE,5.3,395,300
8897,2022/10/23 11:14,131.5325242,47.0884625,5217187.601,464504.4154,6.18568,347.6,TRUE,5.3,368,300
8898,2022/10/23 11:14,131.5324937,47.088523,5217194.341,464502.1397,5.24116,344.8,TRUE,5.3,381,300
8899,2022/10/23 11:14,131.5324827,47.08857083,5217199.663,464501.3363,5.8338,345.9,TRUE,5.3,373,300
8900,2022/10/23 11:14,131.5324645,47.08862583,5217205.786,464499.9909,5.7412,343.5,TRUE,5.3,396,300
8901,2022/10/23 11:15,131.5324432,47.08868483,5217212.355,464498.4128,5.77824,345.3,TRUE,5.3,400,300
8902,2022/10/23 11:15,131.532393,47.0887425,5217218.789,464494.6394,5.35228,343.6,TRUE,5.3,368,300
8903,2022/10/23 11:15,131.5323625,47.08879667,5217224.825,464492.3596,5.14856,346.7,TRUE,5.3,369,300
8904,2022/10/23 11:15,131.5323387,47.0888465,5217230.375,464490.5855,5.03744,343.2,TRUE,5.3,390,300
8905,2022/10/23 11:15,131.5323112,47.08890467,5217236.855,464488.5361,5.31524,345.1,TRUE,5.3,399,300
8906,2022/10/23 11:15,131.5322778,47.08896183,5217243.224,464486.0381,5.59304,348.8,TRUE,5.3,372,300
8907,2022/10/23 11:15,131.532246,47.0890185,5217249.539,464483.6612,5.75972,344.6,TRUE,5.3,372,300
8908,2022/10/23 11:15,131.5322137,47.08907683,5217256.038,464481.2475,4.77816,342.3,TRUE,5.3,370,300
8909,2022/10/23 11:15,131.532191,47.08912633,5217261.552,464479.5568,3.9818,340,TRUE,5.3,400,300
8910,2022/10/23 11:15,131.5321625,47.089175,5217266.975,464477.4252,5.16708,347.5,TRUE,5.3,367,300
8911,2022/10/23 11:15,131.5321333,47.089231,5217273.214,464475.2453,5.72268,344.9,TRUE,5.3,400,300
8912,2022/10/23 11:15,131.5321025,47.0892925,5217280.065,464472.9475,5.22264,344.2,TRUE,5.3,372,300
8913,2022/10/23 11:15,131.5320708,47.08934483,5217285.897,464470.5754,6.42644,340.5,TRUE,5.3,400,300
8914,2022/10/23 11:15,131.5320393,47.08940517,5217292.62,464468.2238,5.70416,343.4,TRUE,5.3,367,300
8915,2022/10/23 11:15,131.5320128,47.08947483,5217300.376,464466.258,6.14864,343.4,TRUE,5.3,363,300
8916,2022/10/23 11:16,131.5319847,47.0895385,5217307.467,464464.1667,6.33384,346.7,TRUE,5.3,385,300
8917,2022/10/23 11:16,131.5319528,47.0895985,5217314.152,464461.7845,6.7598,340.5,TRUE,5.3,394,300
8918,2022/10/23 11:16,131.5319195,47.08966317,5217321.357,464459.2991,7.27836,345.8,TRUE,5.3,359,300
8919,2022/10/23 11:16,131.5318795,47.089731,5217328.916,464456.3071,7.33392,342.1,TRUE,5.3,370,300
8920,2022/10/23 11:16,131.531849,47.08979283,5217335.803,464454.0324,7.94508,341.6,TRUE,5.3,400,300
8921,2022/10/23 11:16,131.5318185,47.08984733,5217341.876,464451.7529,6.5746,345.1,TRUE,5.3,395,300
8922,2022/10/23 11:16,131.5317822,47.089909,5217348.749,464449.0377,6.7598,344.9,TRUE,5.3,365,300
8923,2022/10/23 11:16,131.5317533,47.08998383,5217357.081,464446.8932,6.68572,347.4,TRUE,5.3,394,300
8924,2022/10/23 11:16,131.53171,47.09005967,5217365.532,464443.656,6.63016,344.5,TRUE,5.3,399,300
8925,2022/10/23 11:16,131.5316668,47.0901235,5217372.647,464440.4184,6.92648,341.4,TRUE,5.3,373,300
8926,2022/10/23 11:16,131.5316293,47.09019333,5217380.428,464437.6175,6.482,345.2,TRUE,5.3,399,300
8927,2022/10/23 11:16,131.5315992,47.0902525,5217387.019,464435.3715,5.9264,341.7,TRUE,5.3,381,300
8928,2022/10/23 11:16,131.53157,47.09030717,5217393.11,464433.1908,5.87084,345.1,TRUE,5.3,379,300
8929,2022/10/23 11:16,131.5315375,47.09036917,5217400.018,464430.7644,6.2042,344,TRUE,5.3,372,300
8930,2022/10/23 11:16,131.5315162,47.0904195,5217405.623,464429.1807,6.40792,339.6,TRUE,5.3,371,300
8931,2022/10/23 11:17,131.5314872,47.09047933,5217412.288,464427.0186,5.85232,343.2,TRUE,5.3,400,300
8932,2022/10/23 11:17,131.5314483,47.090537,5217418.717,464424.1035,5.72268,342.1,TRUE,5.3,369,300
8933,2022/10/23 11:17,131.5314208,47.09059117,5217424.751,464422.0515,5.31524,343.4,TRUE,5.3,365,300
8934,2022/10/23 11:17,131.5313935,47.09065083,5217431.396,464420.0185,5.33376,343.8,TRUE,5.3,390,300
8935,2022/10/23 11:17,131.5313593,47.09070517,5217437.453,464417.458,6.09308,341.3,TRUE,5.3,356,300
8936,2022/10/23 11:17,131.5313262,47.09076133,5217443.711,464414.9822,5.66712,339.6,TRUE,5.3,368,300
8937,2022/10/23 11:17,131.5312992,47.0908155,5217449.746,464412.9682,6.1116,339.1,TRUE,5.3,370,300
8938,2022/10/23 11:17,131.5312688,47.09087833,5217456.745,464410.7019,6.14864,340.6,TRUE,5.3,377,300
8939,2022/10/23 11:17,131.5312348,47.0909355,5217463.116,464408.1585,6.27828,342,TRUE,5.3,366,300
8940,2022/10/23 11:17,131.5312012,47.0910015,5217470.469,464405.6513,6.50052,341.6,TRUE,5.3,358,300
8941,2022/10/23 11:17,131.531168,47.09106383,5217477.413,464403.1721,5.79676,345.2,TRUE,5.3,398,300
8942,2022/10/23 11:17,131.5311407,47.0911165,5217483.281,464401.1344,5.77824,343.2,TRUE,5.3,370,300
8943,2022/10/23 11:17,131.5311113,47.09117033,5217489.279,464398.938,5.7412,345.6,TRUE,5.3,395,300
8944,2022/10/23 11:17,131.5310803,47.09123183,5217496.13,464396.6253,5.94492,346.4,TRUE,5.3,394,300
8945,2022/10/23 11:17,131.5310567,47.091291,5217502.719,464394.8729,5.6486,343.8,TRUE,5.3,374,300
8946,2022/10/23 11:18,131.5310285,47.0913475,5217509.013,464392.7694,6.42644,342.7,TRUE,5.3,397,300
8947,2022/10/23 11:18,131.5309895,47.09140667,5217515.609,464389.8477,6.2042,347.7,TRUE,5.3,361,300
8948,2022/10/23 11:18,131.5309488,47.09147883,5217523.649,464386.8057,6.46348,345.1,TRUE,5.3,365,300
8949,2022/10/23 11:18,131.5309168,47.09154733,5217531.279,464384.4217,7.29688,344.8,TRUE,5.3,366,300
8950,2022/10/23 11:18,131.5308847,47.09160167,5217537.335,464382.0207,7.55616,344.7,TRUE,5.3,271,300
8951,2022/10/23 11:18,131.5308412,47.0916685,5217544.784,464378.7625,5.63008,336.9,TRUE,5.3,379,300
8952,2022/10/23 11:18,131.5308072,47.09172617,5217551.211,464376.2195,6.482,346.4,TRUE,5.3,396,300
8953,2022/10/23 11:18,131.5307768,47.09179217,5217558.562,464373.9554,6.42644,343.1,TRUE,5.3,395,300
8954,2022/10/23 11:18,131.5307443,47.09185383,5217565.432,464371.5289,5.77824,342.1,TRUE,5.3,375,300
8955,2022/10/23 11:18,131.5307155,47.0919095,5217571.634,464369.3794,6.87092,338.6,TRUE,5.3,397,300
8956,2022/10/23 11:18,131.5306877,47.09197433,5217578.854,464367.3119,5.98196,344.7,TRUE,5.3,366,300
8957,2022/10/23 11:18,131.530641,47.0920385,5217586.009,464363.809,6.70424,339.8,TRUE,5.3,364,300
8958,2022/10/23 11:18,131.5306087,47.09209683,5217592.509,464361.3955,6.44496,345.1,TRUE,5.3,357,300
8959,2022/10/23 11:18,131.5305758,47.09216017,5217599.565,464358.9398,5.22264,342.9,TRUE,5.3,375,300
8960,2022/10/23 11:18,131.5305547,47.092211,5217605.226,464357.3717,6.07456,341.4,TRUE,5.3,395,300
8961,2022/10/23 11:19,131.5305288,47.09226417,5217611.149,464355.4408,5.0004,342,TRUE,5.3,352,300
8962,2022/10/23 11:19,131.5304992,47.092323,5217617.702,464353.2326,6.09308,341,TRUE,5.3,366,300
8963,2022/10/23 11:19,131.5304612,47.092375,5217623.501,464350.3822,4.51888,337.4,TRUE,5.3,399,300
8964,2022/10/23 11:19,131.5304445,47.092413,5217627.733,464349.1396,4.00032,340.3,TRUE,5.3,355,300
8965,2022/10/23 11:19,131.5304268,47.09246017,5217632.985,464347.8272,4.42628,342.6,TRUE,5.3,360,300
8966,2022/10/23 11:19,131.5303973,47.09251017,5217638.557,464345.6208,4.83372,339.1,TRUE,5.3,394,300
8967,2022/10/23 11:19,131.5303713,47.09255733,5217643.812,464343.6783,4.48184,347.7,TRUE,5.3,393,300
8968,2022/10/23 11:19,131.5303512,47.0925995,5217648.509,464342.1803,4.70408,343.4,TRUE,5.3,392,300
8969,2022/10/23 11:19,131.5303258,47.0926515,5217654.302,464340.2866,4.00032,347.5,TRUE,5.3,400,300
8970,2022/10/23 11:19,131.530301,47.09269367,5217659.001,464338.4318,4.96336,339.1,TRUE,5.3,377,300
8971,2022/10/23 11:19,131.5302693,47.09274017,5217664.185,464336.0561,3.87068,352,TRUE,5.3,370,300
8972,2022/10/23 11:19,131.53026,47.09277767,5217668.358,464335.375,4.14848,345.1,TRUE,5.3,259,300
8973,2022/10/23 11:19,131.5302333,47.092823,5217673.41,464333.3781,4.66704,347.3,TRUE,5.3,357,300
8974,2022/10/23 11:19,131.530209,47.09287183,5217678.85,464331.5657,4.42628,342.5,TRUE,5.3,379,300
8975,2022/10/23 11:19,131.5301947,47.09291767,5217683.952,464330.5106,5.3708,342.2,TRUE,5.3,395,300
8976,2022/10/23 11:20,131.5301633,47.0929705,5217689.84,464328.1619,5.3708,342.9,TRUE,5.3,393,300
8977,2022/10/23 11:20,131.5301345,47.09301317,5217694.597,464326.0038,5.093,345.4,TRUE,5.3,367,300
8978,2022/10/23 11:20,131.5301092,47.093067,5217700.593,464324.1189,5.03744,347.5,TRUE,5.3,369,300
8979,2022/10/23 11:20,131.5300768,47.09312583,5217707.148,464321.6982,5.16708,344.2,TRUE,5.3,394,300
8980,2022/10/23 11:20,131.5300638,47.09317117,5217712.194,464320.7415,4.70408,341.8,TRUE,5.3,400,300
8981,2022/10/23 11:20,131.5300415,47.0932085,5217716.354,464319.0734,3.90772,347.6,TRUE,5.3,367,300
8982,2022/10/23 11:20,131.5300337,47.09324967,5217720.935,464318.5086,4.68556,352.8,TRUE,5.3,370,300
8983,2022/10/23 11:20,131.5300133,47.0932945,5217725.928,464316.9898,4.92632,341.5,TRUE,5.3,400,300
8984,2022/10/23 11:20,131.5299852,47.09333883,5217730.869,464314.8859,3.9818,344.5,TRUE,5.3,378,300
8985,2022/10/23 11:20,131.529959,47.09337317,5217734.699,464312.9197,3.9818,343.9,TRUE,5.3,399,300
8986,2022/10/23 11:20,131.529943,47.09340083,5217737.781,464311.7234,2.5928,356,TRUE,5.3,368,300
8987,2022/10/23 11:20,131.5299208,47.09343767,5217741.887,464310.0625,4.46332,343.7,TRUE,5.3,365,300
8988,2022/10/23 11:20,131.5299018,47.09348383,5217747.027,464308.6508,4.66704,353,TRUE,5.3,365,300
8989,2022/10/23 11:20,131.5298893,47.09352633,5217751.758,464307.7302,5.1856,342.8,TRUE,5.3,365,300
8990,2022/10/23 11:20,131.5298487,47.09358133,5217757.891,464304.6844,5.35228,340.2,TRUE,5.3,392,300
8991,2022/10/23 11:21,131.5298185,47.09363183,5217763.519,464302.4253,5.66712,336.5,TRUE,5.3,376,300
8992,2022/10/23 11:21,131.5297858,47.093681,5217769,464299.9755,5.16708,345.8,TRUE,5.3,365,300
8993,2022/10/23 11:21,131.529747,47.09372883,5217774.335,464297.0617,5.16708,341.4,TRUE,5.3,375,300
8994,2022/10/23 11:21,131.5297198,47.09378233,5217780.295,464295.0323,5.20412,345.9,TRUE,5.3,359,300
8995,2022/10/23 11:21,131.5297067,47.09383833,5217786.527,464294.0752,4.92632,342.8,TRUE,5.3,365,300
8996,2022/10/23 11:21,131.529672,47.093885,5217791.731,464291.4718,4.94484,341,TRUE,5.3,370,300
8997,2022/10/23 11:21,131.529643,47.09393083,5217796.839,464289.3007,5.40784,346,TRUE,5.3,374,300
8998,2022/10/23 11:21,131.5296197,47.0939825,5217802.594,464287.5663,5.13004,339.7,TRUE,5.3,354,300
8999,2022/10/23 11:21,131.529598,47.0940365,5217808.607,464285.9549,6.55608,342,TRUE,5.3,397,300
9000,2022/10/23 11:21,131.5295708,47.094091,5217814.679,464283.9262,5.8338,344,TRUE,5.3,362,300
9001,2022/10/23 11:21,131.5295388,47.0941555,5217821.864,464281.5398,5.556,345.5,TRUE,5.3,394,300
9002,2022/10/23 11:21,131.529515,47.09421633,5217828.637,464279.7736,6.07456,341.8,TRUE,5.3,360,300
9003,2022/10/23 11:21,131.5294778,47.09427917,5217835.641,464276.9913,6.27828,340.4,TRUE,5.3,396,300
9004,2022/10/23 11:21,131.5294373,47.09433217,5217841.551,464273.9519,5.01892,342.1,TRUE,5.3,363,300
9005,2022/10/23 11:21,131.5293992,47.094373,5217846.108,464271.0866,5.16708,340.8,TRUE,5.3,358,300
9006,2022/10/23 11:22,131.5293623,47.094417,5217851.016,464268.3145,5.77824,345,TRUE,5.3,400,300
9007,2022/10/23 11:22,131.5293527,47.09446483,5217856.338,464267.6177,4.38924,346,TRUE,5.3,269,300
9008,2022/10/23 11:22,131.5293493,47.09451533,5217861.954,464267.3933,4.66704,348.3,TRUE,5.3,366,300
9009,2022/10/23 11:22,131.5293275,47.09456783,5217867.8,464265.7733,3.0558,0.7,TRUE,5.3,359,300
9010,2022/10/23 11:22,131.5293152,47.09460567,5217872.013,464264.8648,3.704,344.7,TRUE,5.3,385,300
9011,2022/10/23 11:22,131.529295,47.0946475,5217876.672,464263.3592,4.79668,346.4,TRUE,5.3,377,300
9012,2022/10/23 11:22,131.5292547,47.09471067,5217883.713,464260.3418,4.75964,343.3,TRUE,5.3,365,300
9013,2022/10/23 11:22,131.5292207,47.09476983,5217890.306,464257.8001,5.48192,345.9,TRUE,5.3,347,300
9014,2022/10/23 11:22,131.5291722,47.0948315,5217897.184,464254.1592,5.14856,351.6,TRUE,5.3,400,300
9015,2022/10/23 11:22,131.5291408,47.09488417,5217903.054,464251.8105,4.64852,339.3,TRUE,5.3,364,300
9016,2022/10/23 11:22,131.5291193,47.09492967,5217908.122,464250.2086,5.44488,344.8,TRUE,5.3,375,300
9017,2022/10/23 11:22,131.5290857,47.09497517,5217913.196,464247.6881,5.16708,343.3,TRUE,5.3,364,300
9018,2022/10/23 11:22,131.5290633,47.0950265,5217918.912,464246.0219,5.07448,350.1,TRUE,5.3,398,300
9019,2022/10/23 11:22,131.5290388,47.09506983,5217923.741,464244.1908,5.48192,345,TRUE,5.3,386,300
9020,2022/10/23 11:22,131.5290128,47.09511783,5217929.089,464242.249,3.50028,348,TRUE,5.3,369,300
9021,2022/10/23 11:23,131.5289928,47.09516833,5217934.712,464240.7644,5.20412,343.8,TRUE,5.3,400,300
9022,2022/10/23 11:23,131.5289897,47.0952065,5217938.957,464240.5546,4.37072,346.4,TRUE,5.3,358,300
9023,2022/10/23 11:23,131.5289627,47.0952565,5217944.528,464238.5382,6.05604,341,TRUE,5.3,365,300
9024,2022/10/23 11:23,131.5289162,47.09532383,5217952.035,464235.053,6.37088,339.6,TRUE,5.3,366,300
9025,2022/10/23 11:23,131.5288658,47.095378,5217958.08,464231.2629,4.61148,346.1,TRUE,5.3,355,300
9026,2022/10/23 11:23,131.5288145,47.09543467,5217964.403,464227.4061,5.25968,344.3,TRUE,5.3,400,300
9027,2022/10/23 11:23,131.5287928,47.09548233,5217969.712,464225.7906,5.3708,343.8,TRUE,5.3,371,300
9028,2022/10/23 11:23,131.5287647,47.09554517,5217976.711,464223.6993,5.25968,338.9,TRUE,5.3,363,300
9029,2022/10/23 11:23,131.5287517,47.09558433,5217981.07,464222.7386,3.92624,346,TRUE,5.3,369,300
9030,2022/10/23 11:23,131.5287398,47.09562167,5217985.227,464221.8601,4.75964,345.5,TRUE,5.3,362,300
9031,2022/10/23 11:23,131.5287118,47.095669,5217990.501,464219.7661,5.1856,348,TRUE,5.3,369,300
9032,2022/10/23 11:23,131.5286883,47.095713,5217995.404,464218.0114,3.94476,348.4,TRUE,5.3,371,300
9033,2022/10/23 11:23,131.5286632,47.09574483,5217998.954,464216.1272,4.4448,339.5,TRUE,5.3,400,300
9034,2022/10/23 11:23,131.5286427,47.09578783,5218003.744,464214.5996,3.85216,344.7,TRUE,5.3,366,300
9035,2022/10/23 11:23,131.5286263,47.09582,5218007.328,464213.3761,3.48176,346.5,TRUE,5.3,369,300
9036,2022/10/23 11:24,131.5286097,47.095848,5218010.448,464212.1346,2.9632,351.7,TRUE,5.3,366,300
9037,2022/10/23 11:24,131.5286043,47.09587883,5218013.878,464211.7453,2.75948,352.2,TRUE,5.3,372,300
9038,2022/10/23 11:24,131.528597,47.0958985,5218016.068,464211.2042,2.42612,353.8,TRUE,5.3,400,300
9039,2022/10/23 11:24,131.52857,47.09591667,5218018.1,464209.1666,1.7594,346.6,TRUE,5.3,248,300
9040,2022/10/23 11:24,131.5285547,47.09594983,5218021.794,464208.0272,3.8892,338.1,TRUE,5.3,310,300
9041,2022/10/23 11:24,131.5285483,47.095987,5218025.929,464207.5662,1.37048,0,TRUE,5.3,331,300
9042,2022/10/23 11:24,131.528552,47.09597483,5218024.574,464207.839,6.482,161,FALSE,5.3,0,300
9043,2022/10/23 11:24,131.52855,47.09594833,5218021.629,464207.6694,3.66696,24.1,FALSE,5.3,0,300
9044,2022/10/23 11:24,131.528567,47.09598467,5218025.661,464208.9844,4.03736,52.4,FALSE,5.3,0,300
9045,2022/10/23 11:24,131.5285917,47.09599167,5218026.428,464210.8643,3.29656,118.7,FALSE,5.3,0,300
9046,2022/10/23 11:24,131.5285658,47.09599083,5218026.347,464208.8974,4.98188,293.4,FALSE,5.3,0,300
9047,2022/10/23 11:24,131.5285418,47.0960005,5218027.433,464207.0818,3.27804,127.2,FALSE,5.3,0,300
9048,2022/10/23 11:24,131.5285587,47.0959925,5218026.536,464208.3595,4.18552,145,TRUE,5.3,349,300
9049,2022/10/23 11:24,131.5285625,47.09596817,5218023.829,464208.6317,2.94468,165.1,TRUE,5.3,365,300
9050,2022/10/23 11:24,131.5285703,47.09594383,5218021.12,464209.2075,5.11152,169.6,TRUE,5.3,400,300
9051,2022/10/23 11:25,131.5285663,47.095907,5218017.027,464208.8792,5.4634,172.7,TRUE,5.3,370,300
9052,2022/10/23 11:25,131.5285985,47.09585433,5218011.157,464211.2885,6.37088,159.7,TRUE,5.3,386,300
9053,2022/10/23 11:25,131.5286213,47.09579517,5218004.569,464212.9798,5.9264,169,TRUE,5.3,368,300
9054,2022/10/23 11:25,131.5286425,47.09573933,5217998.352,464214.5519,5.85232,163.4,TRUE,5.3,358,300
9055,2022/10/23 11:25,131.5286712,47.09569083,5217992.947,464216.6983,4.85224,168.4,TRUE,5.3,355,300
9056,2022/10/23 11:25,131.528695,47.0956335,5217986.562,464218.4668,5.33376,163.7,TRUE,5.3,358,300
9057,2022/10/23 11:25,131.528726,47.0955815,5217980.767,464220.7855,6.61164,166.9,TRUE,5.3,400,300
9058,2022/10/23 11:25,131.5287623,47.09552583,5217974.562,464223.5041,5.77824,166.7,TRUE,5.3,384,300
9059,2022/10/23 11:25,131.5287888,47.095479,5217969.343,464225.4847,6.42644,164.9,TRUE,5.3,367,300
9060,2022/10/23 11:25,131.5288275,47.09542917,5217963.786,464228.3894,6.05604,165.4,TRUE,5.3,358,300
9061,2022/10/23 11:25,131.528862,47.09537483,5217957.729,464230.9723,5.85232,161.7,TRUE,5.3,368,300
9062,2022/10/23 11:25,131.5289042,47.0953275,5217952.448,464234.1444,4.9078,168.8,TRUE,5.3,359,300
9063,2022/10/23 11:25,131.528934,47.09528667,5217947.895,464236.3795,7.00056,164.6,TRUE,5.3,365,300
9064,2022/10/23 11:25,131.5289667,47.09523083,5217941.672,464238.8247,6.5746,169.1,TRUE,5.3,368,300
9065,2022/10/23 11:25,131.5290117,47.0951725,5217935.167,464242.2021,6.16716,166,TRUE,5.3,368,300
9066,2022/10/23 11:26,131.5290552,47.09512083,5217929.403,464245.4701,6.44496,162.7,TRUE,5.3,374,300
9067,2022/10/23 11:26,131.5291017,47.0950635,5217923.008,464248.962,5.8338,160.5,TRUE,5.3,357,300
9068,2022/10/23 11:26,131.5291355,47.09500317,5217916.286,464251.4877,5.98196,159.9,TRUE,5.3,338,300
9069,2022/10/23 11:26,131.529164,47.09493783,5217909.009,464253.6078,6.55608,161.1,TRUE,5.3,373,300
9070,2022/10/23 11:26,131.5291915,47.09486567,5217900.974,464255.6473,6.1116,162.7,TRUE,5.3,374,300
9071,2022/10/23 11:26,131.5292177,47.09481817,5217895.681,464257.6047,4.68556,170.1,TRUE,5.3,396,300
9072,2022/10/23 11:26,131.5292495,47.09476933,5217890.237,464259.9863,6.50052,160.3,TRUE,5.3,400,300
9073,2022/10/23 11:26,131.5292828,47.09471667,5217884.368,464262.4792,5.0004,159.7,TRUE,5.3,400,300
9074,2022/10/23 11:26,131.5293073,47.0946665,5217878.779,464264.3057,4.55592,161.9,TRUE,5.3,363,300
9075,2022/10/23 11:26,131.5293353,47.09462433,5217874.078,464266.4033,4.11144,163.9,TRUE,5.3,377,300
9076,2022/10/23 11:26,131.5293475,47.09457817,5217868.941,464267.2987,4.11144,163,TRUE,5.3,396,300
9077,2022/10/23 11:26,131.5293673,47.09453683,5217864.336,464268.7743,6.3894,162,TRUE,5.3,345,300
9078,2022/10/23 11:26,131.529413,47.0944695,5217856.83,464272.1989,6.27828,164.1,TRUE,5.3,347,300
9079,2022/10/23 11:26,131.5294358,47.09439917,5217849,464273.8828,4.79668,165,TRUE,5.3,360,300
9080,2022/10/23 11:26,131.5294553,47.094346,5217843.08,464275.3278,5.1856,164.2,TRUE,5.3,386,300
9081,2022/10/23 11:27,131.5294798,47.0942895,5217836.788,464277.1501,6.27828,163.1,TRUE,5.3,396,300
9082,2022/10/23 11:27,131.5295178,47.09422967,5217830.119,464279.9951,5.77824,156.2,TRUE,5.3,368,300
9083,2022/10/23 11:27,131.529546,47.09416567,5217822.991,464282.0933,5.53748,170.6,TRUE,5.3,376,300
9084,2022/10/23 11:27,131.5295755,47.09410217,5217815.918,464284.2905,6.44496,163.3,TRUE,5.3,364,300
9085,2022/10/23 11:27,131.529616,47.09403783,5217808.747,464287.3224,6.2042,160.5,TRUE,5.3,368,300
9086,2022/10/23 11:27,131.5296195,47.09396433,5217800.574,464287.539,6.46348,160.5,TRUE,5.3,369,300
9087,2022/10/23 11:27,131.5296355,47.09390967,5217794.49,464288.7172,6.2968,164.2,TRUE,5.3,369,300
9088,2022/10/23 11:27,131.5296532,47.09385383,5217788.274,464290.0237,6.3894,165.5,TRUE,5.3,389,300
9089,2022/10/23 11:27,131.5296928,47.0937965,5217781.883,464292.9919,6.81536,162,TRUE,5.3,373,300
9090,2022/10/23 11:27,131.529714,47.09374117,5217775.722,464294.5645,6.00048,159.4,TRUE,5.3,368,300
9091,2022/10/23 11:27,131.5297407,47.09367617,5217768.484,464296.5482,6.79684,163,TRUE,5.3,359,300
9092,2022/10/23 11:27,131.5298072,47.0936165,5217761.82,464301.5571,7.07464,161.2,TRUE,5.3,382,300
9093,2022/10/23 11:27,131.529842,47.093549,5217754.3,464304.1542,7.0376,159.1,TRUE,5.3,400,300
9094,2022/10/23 11:27,131.529868,47.09348483,5217747.154,464306.0853,7.07464,159.9,TRUE,5.3,374,300
9095,2022/10/23 11:27,131.5299093,47.09342133,5217740.075,464309.1785,7.408,157.9,TRUE,5.3,365,300
9096,2022/10/23 11:28,131.529963,47.0933655,5217733.844,464313.2182,7.07464,165.8,TRUE,5.3,369,300
9097,2022/10/23 11:28,131.5300122,47.09330067,5217726.614,464316.9104,7.57468,160,TRUE,5.3,398,300
9098,2022/10/23 11:28,131.5300555,47.0932405,5217719.905,464320.1577,6.59312,156,TRUE,5.3,322,300
9099,2022/10/23 11:28,131.5300717,47.093187,5217713.95,464321.3519,3.59288,334.9,TRUE,5.3,177,300
9100,2022/10/23 11:28,131.5300548,47.0931955,5217714.903,464320.0745,2.33352,168.2,TRUE,5.3,400,300
9101,2022/10/23 11:28,131.5300957,47.093156,5217710.493,464323.1533,4.48184,157.1,TRUE,5.3,362,300
9102,2022/10/23 11:28,131.5301185,47.09311817,5217706.277,464324.8591,4.46332,159.2,TRUE,5.3,356,300
9103,2022/10/23 11:28,131.5301603,47.09307383,5217701.329,464328.0031,4.96336,164.2,TRUE,5.3,373,300
9104,2022/10/23 11:28,131.5301762,47.09302017,5217695.356,464329.1745,4.55592,163.8,TRUE,5.3,400,300
9105,2022/10/23 11:28,131.5302013,47.09298533,5217691.471,464331.0569,4.88928,156.1,TRUE,5.3,397,300
9106,2022/10/23 11:28,131.530227,47.09294033,5217686.457,464332.9781,5.40784,165.3,TRUE,5.3,395,300
9107,2022/10/23 11:28,131.5302425,47.0928925,5217681.132,464334.123,6.92648,162.5,TRUE,5.3,400,300
9108,2022/10/23 11:28,131.530262,47.09284133,5217675.435,464335.5693,6.00048,161.6,TRUE,5.3,373,300
9109,2022/10/23 11:28,131.5303025,47.09278433,5217669.079,464338.6062,5.8338,161,TRUE,5.3,361,300
9110,2022/10/23 11:28,131.5303353,47.0927265,5217662.635,464341.0579,6.13012,162.1,TRUE,5.3,371,300
9111,2022/10/23 11:29,131.53037,47.09266733,5217656.041,464343.653,5.96344,164.8,TRUE,5.3,400,300
9112,2022/10/23 11:29,131.5303892,47.0926145,5217650.159,464345.0755,5.44488,161.4,TRUE,5.3,366,300
9113,2022/10/23 11:29,131.5304148,47.09255617,5217643.663,464346.9802,6.2968,164.2,TRUE,5.3,400,300
9114,2022/10/23 11:29,131.5304497,47.09249817,5217637.199,464349.5913,6.44496,159.5,TRUE,5.3,372,300
9115,2022/10/23 11:29,131.5304783,47.09244883,5217631.701,464351.7298,5.24116,167.3,TRUE,5.3,372,300
9116,2022/10/23 11:29,131.5305092,47.09240117,5217626.388,464354.0441,5.98196,160.1,TRUE,5.3,400,300
9117,2022/10/23 11:29,131.5305428,47.09234533,5217620.165,464356.5579,6.25976,162,TRUE,5.3,375,300
9118,2022/10/23 11:29,131.5305763,47.0922865,5217613.61,464359.0621,5.98196,162.7,TRUE,5.3,400,300
9119,2022/10/23 11:29,131.5306025,47.09222633,5217606.908,464361.0112,5.72268,166.5,TRUE,5.3,394,300
9120,2022/10/23 11:29,131.5306242,47.092178,5217601.526,464362.6265,4.94484,159.3,TRUE,5.3,366,300
9121,2022/10/23 11:29,131.530638,47.09211983,5217595.052,464363.6355,5.48192,166.5,TRUE,5.3,399,300
9122,2022/10/23 11:29,131.5306583,47.092059,5217588.28,464365.1362,5.7412,165.2,TRUE,5.3,399,300
9123,2022/10/23 11:29,131.5306822,47.0920055,5217582.322,464366.9151,4.92632,162.3,TRUE,5.3,400,300
9124,2022/10/23 11:29,131.5307068,47.09194283,5217575.343,464368.7411,5.7412,159.9,TRUE,5.3,395,300
9125,2022/10/23 11:29,131.5307365,47.09189167,5217569.642,464370.9619,5.72268,164.9,TRUE,5.3,398,300
9126,2022/10/23 11:30,131.5307773,47.0918435,5217564.269,464374.0275,4.96336,159.7,TRUE,5.3,395,300
9127,2022/10/23 11:30,131.5307983,47.091791,5217558.423,464375.587,5.16708,168.3,TRUE,5.3,361,300
9128,2022/10/23 11:30,131.5308177,47.09173283,5217551.947,464377.0211,6.00048,165.4,TRUE,5.3,370,300
9129,2022/10/23 11:30,131.5308498,47.09167083,5217545.039,464379.417,5.85232,169.3,TRUE,5.3,393,300
9130,2022/10/23 11:30,131.5308868,47.09161283,5217538.575,464382.1876,5.51896,167.4,TRUE,5.3,359,300
9131,2022/10/23 11:30,131.530906,47.09156417,5217533.156,464383.6129,6.2968,168.1,TRUE,5.3,395,300
9132,2022/10/23 11:30,131.5309403,47.09150667,5217526.748,464386.1788,6.33384,165.6,TRUE,5.3,384,300
9133,2022/10/23 11:30,131.5309855,47.091445,5217519.872,464389.5696,7.00056,167.3,TRUE,5.3,374,300
9134,2022/10/23 11:30,131.5310128,47.0913785,5217512.466,464391.598,6.6672,166.2,TRUE,5.3,373,300
9135,2022/10/23 11:30,131.5310435,47.09132567,5217506.579,464393.8938,6.25976,166.9,TRUE,5.3,370,300
9136,2022/10/23 11:30,131.5310723,47.09126567,5217499.896,464396.0404,6.44496,165.4,TRUE,5.3,393,300
9137,2022/10/23 11:30,131.5311267,47.09121633,5217494.386,464400.1379,5.31524,174.1,TRUE,5.3,375,300
9138,2022/10/23 11:30,131.53114,47.091168,5217489.007,464401.1156,5.16708,170.7,TRUE,5.3,400,300
9139,2022/10/23 11:30,131.5311577,47.09111567,5217483.181,464402.4246,5.70416,167.7,TRUE,5.3,400,300
9140,2022/10/23 11:30,131.5311853,47.09105617,5217476.554,464404.4805,6.44496,162,TRUE,5.3,395,300
9141,2022/10/23 11:31,131.5312143,47.09099267,5217469.481,464406.6401,5.85232,163.7,TRUE,5.3,373,300
9142,2022/10/23 11:31,131.5312443,47.09093417,5217462.964,464408.8789,6.05604,165.6,TRUE,5.3,361,300
9143,2022/10/23 11:31,131.5312665,47.09087683,5217456.579,464410.5263,6.72276,165.4,TRUE,5.3,388,300
9144,2022/10/23 11:31,131.5313003,47.09082333,5217450.616,464413.057,5.20412,163.1,TRUE,5.3,394,300
9145,2022/10/23 11:31,131.531334,47.09076833,5217444.486,464415.5791,5.98196,168.1,TRUE,5.3,370,300
9146,2022/10/23 11:31,131.5313657,47.09070367,5217437.283,464417.9429,6.1116,165.7,TRUE,5.3,400,300
9147,2022/10/23 11:31,131.5314015,47.09064317,5217430.541,464420.6208,5.35228,168.7,TRUE,5.3,393,300
9148,2022/10/23 11:31,131.531436,47.090591,5217424.725,464423.2055,5.07448,169.9,TRUE,5.3,400,300
9149,2022/10/23 11:31,131.5314498,47.090542,5217419.272,464424.2207,5.6486,161.7,TRUE,5.3,377,300
9150,2022/10/23 11:31,131.5314842,47.09048483,5217412.9,464426.7945,5.14856,171.9,TRUE,5.3,269,300
9151,2022/10/23 11:31,131.531493,47.0904315,5217406.968,464427.4272,5.96344,163,TRUE,5.3,381,300
9152,2022/10/23 11:31,131.5315183,47.0903755,5217400.73,464429.3109,6.2042,169.5,TRUE,5.3,357,300
9153,2022/10/23 11:31,131.531556,47.09031567,5217394.062,464432.1335,5.59304,167.3,TRUE,5.3,362,300
9154,2022/10/23 11:31,131.5315935,47.09025667,5217387.486,464434.9415,6.2042,166,TRUE,5.3,394,300
9155,2022/10/23 11:31,131.5316188,47.090213,5217382.619,464436.8334,5.87084,168.2,TRUE,5.3,365,300
9156,2022/10/23 11:32,131.5316483,47.09015283,5217375.917,464439.0332,5.53748,164,TRUE,5.3,368,300
9157,2022/10/23 11:32,131.5316842,47.09010267,5217370.324,464441.7256,4.8152,166.9,TRUE,5.3,378,300
9158,2022/10/23 11:32,131.5317023,47.09005117,5217364.59,464443.0657,6.35236,167.1,TRUE,5.3,347,300
9159,2022/10/23 11:32,131.5317247,47.08999017,5217357.799,464444.7258,6.31532,168.4,TRUE,5.3,271,300
9160,2022/10/23 11:32,131.5317547,47.08992983,5217351.077,464446.9635,5.7412,159,TRUE,5.3,357,300
9161,2022/10/23 11:32,131.5317907,47.08987083,5217344.501,464449.6577,5.77824,166,TRUE,5.3,350,300
9162,2022/10/23 11:32,131.5318262,47.089809,5217337.611,464452.312,6.72276,163.1,TRUE,5.3,373,300
9163,2022/10/23 11:32,131.5318773,47.08974733,5217330.732,464456.1509,6.2042,166.3,TRUE,5.3,360,300
9164,2022/10/23 11:32,131.5319038,47.08968567,5217323.865,464458.122,6.87092,166.6,TRUE,5.3,372,300
9165,2022/10/23 11:32,131.5319272,47.08962433,5217317.035,464459.8579,6.482,168.6,TRUE,5.3,365,300
9166,2022/10/23 11:32,131.5319537,47.089563,5217310.205,464461.8292,6.14864,164,TRUE,5.3,379,300
9167,2022/10/23 11:32,131.5319877,47.08950667,5217303.927,464464.3733,7.00056,166.3,TRUE,5.3,396,300
9168,2022/10/23 11:32,131.532025,47.08944817,5217297.407,464467.1666,6.72276,163,TRUE,5.3,396,300
9169,2022/10/23 11:32,131.5320483,47.08938283,5217290.132,464468.8923,6.42644,165.5,TRUE,5.3,397,300
9170,2022/10/23 11:32,131.532095,47.08932283,5217283.441,464472.3982,6.5746,159.1,TRUE,5.3,376,300
9171,2022/10/23 11:33,131.5321267,47.08927617,5217278.239,464474.7742,6.63016,158,TRUE,5.3,372,300
9172,2022/10/23 11:33,131.5321545,47.08921483,5217271.407,464476.8442,6.61164,159,TRUE,5.3,376,300
9173,2022/10/23 11:33,131.5321867,47.08915033,5217264.222,464479.2462,6.14864,164.9,TRUE,5.3,355,300
9174,2022/10/23 11:33,131.5322235,47.08908667,5217257.128,464481.9981,5.22264,163.6,TRUE,5.3,376,300
9175,2022/10/23 11:33,131.5322512,47.08903033,5217250.852,464484.0639,6.27828,165.3,TRUE,5.3,370,300
9176,2022/10/23 11:33,131.5322877,47.088982,5217245.462,464486.8032,6.27828,166.9,TRUE,5.3,367,300
9177,2022/10/23 11:33,131.532323,47.0889145,5217237.942,464489.4386,7.09316,164.2,TRUE,5.3,369,300
9178,2022/10/23 11:33,131.5323387,47.08884667,5217230.394,464490.5857,6.68572,161.4,TRUE,5.3,361,300
9179,2022/10/23 11:33,131.532359,47.08878833,5217223.899,464492.0883,6.55608,168.6,TRUE,5.3,365,300
9180,2022/10/23 11:33,131.5323983,47.0887215,5217216.452,464495.0279,6.51904,164.5,TRUE,5.3,357,300
9181,2022/10/23 11:33,131.5324435,47.08865067,5217208.557,464498.4129,6.33384,163.7,TRUE,5.3,372,300
9182,2022/10/23 11:33,131.5324822,47.08859217,5217202.036,464501.3125,6.68572,162.4,TRUE,5.3,362,300
9183,2022/10/23 11:33,131.532515,47.08852617,5217194.683,464503.7591,7.11168,166.3,TRUE,5.3,370,300
9184,2022/10/23 11:33,131.5325512,47.0884505,5217186.255,464506.4575,7.16724,164.1,TRUE,5.3,395,300
9185,2022/10/23 11:33,131.5325863,47.0883795,5217178.345,464509.0755,7.20428,161.6,TRUE,5.3,376,300
9186,2022/10/23 11:34,131.5326052,47.08834,5217173.945,464510.4844,7.14872,162.7,TRUE,5.3,362,300
9187,2022/10/23 11:34,131.532656,47.0882855,5217167.864,464514.3054,6.79684,167.3,TRUE,5.3,363,300
9188,2022/10/23 11:34,131.5326997,47.08822083,5217160.654,464517.5806,6.18568,166.4,TRUE,5.3,366,300
9189,2022/10/23 11:34,131.5327275,47.08815933,5217153.805,464519.6507,6.61164,166.7,TRUE,5.3,371,300
9190,2022/10/23 11:34,131.5327483,47.08810317,5217147.552,464521.1927,6.7598,165.7,TRUE,5.3,351,300
9191,2022/10/23 11:34,131.5327827,47.0880395,5217140.458,464523.7625,6.51904,170.4,TRUE,5.3,359,300
9192,2022/10/23 11:34,131.532808,47.08798033,5217133.868,464525.6442,6.55608,161.5,TRUE,5.3,377,300
9193,2022/10/23 11:34,131.5328452,47.08793417,5217128.72,464528.4382,6.59312,156.7,TRUE,5.3,393,300
9194,2022/10/23 11:34,131.5328835,47.08786717,5217121.254,464531.3019,6.70424,156.3,TRUE,5.3,376,300
9195,2022/10/23 11:34,131.5329092,47.08780283,5217114.089,464533.2106,6.64868,165.1,TRUE,5.3,354,300
9196,2022/10/23 11:34,131.532949,47.08774767,5217107.939,464536.1961,6.40792,163.3,TRUE,5.3,368,300
9197,2022/10/23 11:34,131.5329672,47.08767967,5217100.371,464537.5329,6.68572,161.9,TRUE,5.3,372,300
9198,2022/10/23 11:34,131.5330202,47.08762417,5217094.177,464541.5204,6.74128,164.8,TRUE,5.3,359,300
9199,2022/10/23 11:34,131.5330732,47.0875655,5217087.63,464545.5059,7.01908,161.9,TRUE,5.3,398,300
9200,2022/10/23 11:35,131.5331237,47.08748567,5217078.733,464549.2874,7.55616,164.9,TRUE,5.3,361,300
9201,2022/10/23 11:35,131.5331498,47.08740417,5217069.66,464551.2152,7.25984,160.9,TRUE,5.3,374,300
9202,2022/10/23 11:35,131.5331848,47.08733683,5217062.158,464553.8281,7.2228,163.1,TRUE,5.3,396,300
9203,2022/10/23 11:35,131.533217,47.08727033,5217054.75,464556.229,6.61164,161.8,TRUE,5.3,400,300
9204,2022/10/23 11:35,131.5332638,47.08721083,5217048.114,464559.7431,6.27828,163.6,TRUE,5.3,372,300
9205,2022/10/23 11:35,131.5333018,47.0871645,5217042.947,464562.5978,5.44488,160.3,TRUE,5.3,400,300
9206,2022/10/23 11:35,131.5333428,47.08713367,5217039.501,464565.6906,4.46332,159.7,TRUE,5.3,377,300
9207,2022/10/23 11:35,131.5333557,47.08709317,5217034.992,464566.6433,5.13004,172.4,TRUE,5.3,398,300
9208,2022/10/23 11:35,131.5333877,47.08705033,5217030.215,464569.0447,4.74112,167.7,TRUE,5.3,400,300
9209,2022/10/23 11:35,131.5334017,47.08702917,5217027.856,464570.0937,0,0,FALSE,5.3,0,300
9210,2022/10/23 11:35,131.5334023,47.087027,5217027.615,464570.1378,0,0,FALSE,5.3,0,300
9211,2022/10/23 11:35,131.5333967,47.08704,5217029.063,464569.7212,2.64836,325.8,FALSE,5.3,0,300
9212,2022/10/23 11:35,131.5333707,47.0870725,5217032.688,464567.7685,2.92616,328.5,FALSE,5.3,0,300
9213,2022/10/23 11:35,131.5333487,47.087083,5217033.865,464566.105,0,321.4,FALSE,5.3,0,300
9214,2022/10/23 11:35,131.5333507,47.087073,5217032.752,464566.2502,2.66688,182.6,FALSE,5.3,0,300
9215,2022/10/23 11:36,131.5333457,47.08704133,5217029.234,464565.8496,2.61132,196,FALSE,5.3,0,300
9216,2022/10/23 11:36,131.5333612,47.087011,5217025.855,464567.0064,4.18552,188,FALSE,5.3,0,300
9217,2022/10/23 11:36,131.5333595,47.0869675,5217021.02,464566.8485,4.3522,187.7,FALSE,5.3,0,300
9218,2022/10/23 11:36,131.5333553,47.08692733,5217016.556,464566.5029,3.8892,188.9,FALSE,5.3,0,300
9219,2022/10/23 11:36,131.5333415,47.08690233,5217013.783,464565.4385,3.57436,187.1,FALSE,5.3,0,300
9220,2022/10/23 11:36,131.5333477,47.08687033,5217010.222,464565.888,3.75956,211.3,FALSE,5.3,0,300
9221,2022/10/23 11:36,131.5333592,47.0868415,5217007.012,464566.7421,3.03728,255,FALSE,5.3,0,300
9222,2022/10/23 11:36,131.53333,47.086831,5217005.858,464564.5179,3.46324,272.9,FALSE,5.3,0,300
9223,2022/10/23 11:36,131.5332983,47.08683633,5217006.465,464562.1144,0.79636,271.8,FALSE,5.3,0,300
9224,2022/10/23 11:36,131.53334,47.08683517,5217006.317,464565.28,3.11136,120.8,FALSE,5.3,0,300
9225,2022/10/23 11:36,131.5333888,47.08679283,5217001.588,464568.9575,3.44472,137.9,FALSE,5.3,0,300
9226,2022/10/23 11:36,131.533415,47.08676983,5216999.019,464570.9316,0,146.7,FALSE,5.3,0,300
9227,2022/10/23 11:36,131.533397,47.08678033,5217000.194,464569.5718,0.463,342.5,FALSE,5.3,0,300
9228,2022/10/23 11:36,131.533396,47.08677383,5216999.472,464569.4916,0,89.5,FALSE,5.3,0,300
9229,2022/10/23 11:36,131.5333963,47.086777,5216999.825,464569.5165,0,0,FALSE,5.3,0,300
9230,2022/10/23 11:37,131.5334003,47.08677933,5217000.082,464569.8217,0,0,FALSE,5.3,0,300
9231,2022/10/23 11:37,131.5334028,47.086781,5217000.266,464570.0127,0,0,FALSE,5.3,0,300
9232,2022/10/23 11:37,131.5334032,47.086783,5217000.489,464570.0444,0,0,FALSE,5.3,0,300
9233,2022/10/23 11:37,131.5333988,47.086801,5217002.492,464569.7222,4.48184,336.7,TRUE,5.3,372,300
9234,2022/10/23 11:37,131.5333918,47.08684733,5217007.645,464569.2214,4.64852,344.8,TRUE,5.3,371,300
9235,2022/10/23 11:37,131.5333627,47.08691,5217014.626,464567.0533,5.8338,348.8,TRUE,5.3,370,300
9236,2022/10/23 11:37,131.5333253,47.08697467,5217021.832,464564.2563,6.05604,348.6,TRUE,5.3,400,300
9237,2022/10/23 11:37,131.5332743,47.08702583,5217027.543,464560.4177,5.50044,340.7,TRUE,5.3,365,300
9238,2022/10/23 11:37,131.5332363,47.087086,5217034.249,464557.5722,6.53756,344.6,TRUE,5.3,375,300
9239,2022/10/23 11:37,131.5332282,47.08714183,5217040.46,464556.9942,5.79676,342.7,TRUE,5.3,393,300
9240,2022/10/23 11:37,131.533202,47.0871915,5217045.994,464555.0377,4.64852,342.5,TRUE,5.3,400,300
9241,2022/10/23 11:37,131.53316,47.0872415,5217051.571,464551.8817,4.27812,352.2,TRUE,5.3,399,300
9242,2022/10/23 11:37,131.5331273,47.08729167,5217057.164,464549.4321,5.4634,341.3,TRUE,5.3,399,300
9243,2022/10/23 11:37,131.5330898,47.08734567,5217063.184,464546.6204,5.9264,347.1,TRUE,5.3,400,300
9244,2022/10/23 11:37,131.5330505,47.08741133,5217070.501,464543.6799,4.27812,351.6,TRUE,5.3,395,300
9245,2022/10/23 11:38,131.5330347,47.08746733,5217076.734,464542.5173,5.44488,345.8,TRUE,5.3,400,300
9246,2022/10/23 11:38,131.5330092,47.0875215,5217082.768,464540.617,5.16708,344.2,TRUE,5.3,400,300
9247,2022/10/23 11:38,131.5329792,47.08758217,5217089.526,464538.3794,5.79676,345.8,TRUE,5.3,400,300
9248,2022/10/23 11:38,131.5329635,47.08763833,5217095.777,464537.2245,6.53756,348.1,TRUE,5.3,400,300
9249,2022/10/23 11:38,131.5329173,47.0877055,5217103.265,464533.7611,5.33376,346.1,TRUE,5.3,357,300
9250,2022/10/23 11:38,131.5328783,47.087768,5217110.231,464530.8412,4.98188,346.3,TRUE,5.3,367,300
9251,2022/10/23 11:38,131.5328335,47.08782417,5217116.496,464527.4768,5.20412,345,TRUE,5.3,400,300
9252,2022/10/23 11:38,131.5328165,47.087872,5217121.821,464526.2177,5.63008,348.3,TRUE,5.3,400,300
9253,2022/10/23 11:38,131.5327745,47.08792733,5217127.991,464523.0654,4.96336,342.6,TRUE,5.3,400,300
9254,2022/10/23 11:38,131.5327435,47.08797817,5217133.657,464520.7453,4.88928,343.3,TRUE,5.3,377,300
9255,2022/10/23 11:38,131.532723,47.08802533,5217138.909,464519.22,3.9818,347.1,TRUE,5.3,400,300
9256,2022/10/23 11:38,131.532703,47.08806383,5217143.199,464517.727,3.74104,350,TRUE,5.3,394,300
9257,2022/10/23 11:38,131.5326928,47.088097,5217146.891,464516.9745,3.46324,353.8,TRUE,5.3,400,300
9258,2022/10/23 11:38,131.532661,47.08814417,5217152.149,464514.5912,5.093,344.6,TRUE,5.3,397,300
9259,2022/10/23 11:38,131.5326582,47.08819383,5217157.671,464514.4116,5.13004,343.4,TRUE,5.3,400,300
9260,2022/10/23 11:39,131.5326348,47.08824183,5217163.018,464512.6667,4.24108,344.7,TRUE,5.3,393,300
9261,2022/10/23 11:39,131.532593,47.08829483,5217168.929,464509.528,4.63,348,TRUE,5.3,400,300
9262,2022/10/23 11:39,131.5325587,47.088346,5217174.634,464506.9576,3.83364,348.9,TRUE,5.3,400,300
9263,2022/10/23 11:39,131.532531,47.08840133,5217180.797,464504.8911,5.29672,346.1,TRUE,5.3,400,300
9264,2022/10/23 11:39,131.5325067,47.08846033,5217187.368,464503.0852,4.5374,348.1,TRUE,5.3,400,300
9265,2022/10/23 11:39,131.5324737,47.08851633,5217193.608,464500.6167,5.44488,342.3,TRUE,5.3,373,300
9266,2022/10/23 11:39,131.5324447,47.08857417,5217200.052,464498.4531,5.31524,347.4,TRUE,5.3,400,300
9267,2022/10/23 11:39,131.5324145,47.08862683,5217205.92,464496.195,5.85232,346.9,TRUE,5.3,399,300
9268,2022/10/23 11:39,131.5323907,47.08867833,5217211.656,464494.4221,6.24124,341.7,TRUE,5.3,396,300
9269,2022/10/23 11:39,131.532352,47.0887415,5217218.696,464491.5256,6.25976,344.1,TRUE,5.3,389,300
9270,2022/10/23 11:39,131.5323127,47.08880683,5217225.977,464488.585,6.27828,342.3,TRUE,5.3,400,300
9271,2022/10/23 11:39,131.5322892,47.08886283,5217232.213,464486.8379,5.98196,342,TRUE,5.3,400,300
9272,2022/10/23 11:39,131.5322662,47.08891717,5217238.265,464485.1276,5.85232,348,TRUE,5.3,400,300
9273,2022/10/23 11:39,131.5322383,47.08896833,5217243.965,464483.0432,6.27828,343.6,TRUE,5.3,393,300
9274,2022/10/23 11:39,131.5322062,47.08903117,5217250.966,464480.6476,5.94492,343.1,TRUE,5.3,400,300
9275,2022/10/23 11:40,131.5321755,47.08909167,5217257.705,464478.3568,5.90788,345.9,TRUE,5.3,395,300
9276,2022/10/23 11:40,131.5321415,47.08915167,5217264.391,464475.8151,6.5746,349.6,TRUE,5.3,397,300
9277,2022/10/23 11:40,131.5321042,47.08921567,5217271.523,464473.0255,6.24124,338.1,TRUE,5.3,398,300
9278,2022/10/23 11:40,131.5320728,47.08927433,5217278.059,464470.6804,5.2782,344.9,TRUE,5.3,394,300
9279,2022/10/23 11:40,131.532053,47.08933,5217284.257,464469.214,5.98196,340.6,TRUE,5.3,400,300
9280,2022/10/23 11:40,131.5320287,47.0893785,5217289.66,464467.4012,4.9078,345.5,TRUE,5.3,400,300
9281,2022/10/23 11:40,131.5319972,47.08943783,5217296.27,464465.0489,5.07448,347.6,TRUE,5.3,384,300
9282,2022/10/23 11:40,131.5319598,47.0894945,5217302.587,464462.2468,5.53748,347.7,TRUE,5.3,400,300
9283,2022/10/23 11:40,131.5319228,47.08955317,5217309.126,464459.4765,4.37072,345.5,TRUE,5.3,374,300
9284,2022/10/23 11:40,131.5318872,47.089609,5217315.349,464456.8106,4.14848,346.1,TRUE,5.3,400,300
9285,2022/10/23 11:40,131.5318545,47.089662,5217321.256,464454.363,5.6486,342.4,TRUE,5.3,400,300
9286,2022/10/23 11:40,131.53183,47.08971567,5217327.234,464452.5384,4.98188,341.7,TRUE,5.3,376,300
9287,2022/10/23 11:40,131.5318063,47.08976667,5217332.914,464450.7729,4.79668,348.7,TRUE,5.3,396,300
9288,2022/10/23 11:40,131.5317803,47.089815,5217338.299,464448.8309,4.0744,344.6,TRUE,5.3,395,300
9289,2022/10/23 11:40,131.5317547,47.0898635,5217343.703,464446.9194,4.09292,343.8,TRUE,5.3,400,300
9290,2022/10/23 11:41,131.5317432,47.089903,5217348.099,464446.0725,4.00032,356.5,TRUE,5.3,375,300
9291,2022/10/23 11:41,131.5317308,47.08995233,5217353.589,464445.1638,4.87076,343.8,TRUE,5.3,400,300
9292,2022/10/23 11:41,131.5317008,47.08999783,5217358.661,464442.9163,2.79652,356.3,TRUE,5.3,400,300
9293,2022/10/23 11:41,131.5316772,47.0900455,5217363.971,464441.1561,4.33368,348.2,TRUE,5.3,400,300
9294,2022/10/23 11:41,131.5316538,47.090091,5217369.04,464439.4097,4.12996,346.9,TRUE,5.3,400,300
9295,2022/10/23 11:41,131.5316192,47.09013617,5217374.078,464436.8126,5.40784,346.5,TRUE,5.3,400,300
9296,2022/10/23 11:41,131.5315935,47.09018283,5217379.277,464434.8923,4.74112,348.7,TRUE,5.3,399,300
9297,2022/10/23 11:41,131.5315635,47.09023833,5217385.46,464432.6515,5.1856,349.8,TRUE,5.3,400,300
9298,2022/10/23 11:41,131.5315318,47.09029283,5217391.534,464430.2808,4.27812,342.6,TRUE,5.3,400,300
9299,2022/10/23 11:41,131.5315013,47.09035033,5217397.94,464428.0033,5.07448,345,TRUE,5.3,400,300
9300,2022/10/23 11:41,131.531477,47.09040067,5217403.547,464426.1918,4.5374,346.9,TRUE,5.3,368,300
9301,2022/10/23 11:41,131.531479,47.09041517,5217405.158,464426.3533,0,0,FALSE,5.3,0,300
9302,2022/10/23 11:41,131.5314767,47.09041533,5217405.177,464426.1788,0,0,FALSE,5.3,0,300
9303,2022/10/23 11:41,131.5314748,47.09041483,5217405.123,464426.0342,0,0,FALSE,5.3,0,300
9304,2022/10/23 11:41,131.5314737,47.090414,5217405.031,464425.9501,0,0,FALSE,5.3,0,300
9305,2022/10/23 11:42,131.5314722,47.090414,5217405.032,464425.8362,0,0,FALSE,5.3,0,300
9306,2022/10/23 11:42,131.5314708,47.0904125,5217404.865,464425.7289,0,0,FALSE,5.3,0,300
9307,2022/10/23 11:42,131.5314693,47.09041167,5217404.774,464425.6145,0,0,FALSE,5.3,0,300
9308,2022/10/23 11:42,131.5314665,47.09041183,5217404.793,464425.402,0,0,FALSE,5.3,0,300
9309,2022/10/23 11:42,131.5314648,47.09041183,5217404.794,464425.2729,0,88.1,FALSE,5.3,0,300
9310,2022/10/23 11:42,131.5314633,47.0904115,5217404.758,464425.1588,0,0,FALSE,5.3,0,300
9311,2022/10/23 11:42,131.531461,47.09041167,5217404.778,464424.9843,0,0,FALSE,5.3,0,300
9312,2022/10/23 11:42,131.5314587,47.09041217,5217404.834,464424.81,0,0,FALSE,5.3,0,300
9313,2022/10/23 11:42,131.5314578,47.09041217,5217404.835,464424.7417,0,0,FALSE,5.3,0,300
9314,2022/10/23 11:42,131.5314563,47.0904125,5217404.872,464424.628,0,0,FALSE,5.3,0,300
9315,2022/10/23 11:42,131.5314547,47.09041267,5217404.892,464424.5066,0,0,FALSE,5.3,0,300
9316,2022/10/23 11:42,131.5314538,47.09041217,5217404.836,464424.438,0,0,FALSE,5.3,0,300
9317,2022/10/23 11:42,131.5314533,47.09041167,5217404.781,464424.3997,0,0,FALSE,5.3,0,300
9318,2022/10/23 11:42,131.5314525,47.090411,5217404.707,464424.3385,0,0,FALSE,5.3,0,300
9319,2022/10/23 11:42,131.5314513,47.09041033,5217404.633,464424.2469,0,0,FALSE,5.3,0,300
9320,2022/10/23 11:43,131.5314505,47.09041,5217404.597,464424.1859,0,0,FALSE,5.3,0,300
9321,2022/10/23 11:43,131.5314503,47.09040967,5217404.56,464424.1705,0,0,FALSE,5.3,0,300
9322,2022/10/23 11:43,131.5314502,47.09040967,5217404.56,464424.1629,0,0,FALSE,5.3,0,300
9323,2022/10/23 11:43,131.53145,47.09040933,5217404.522,464424.1475,0,0,FALSE,5.3,0,300
9324,2022/10/23 11:43,131.5314498,47.090409,5217404.486,464424.1321,0,0,FALSE,5.3,0,300
9325,2022/10/23 11:43,131.5314497,47.09040883,5217404.467,464424.1244,0,0,FALSE,5.3,0,300
9326,2022/10/23 11:43,131.5314495,47.09040833,5217404.411,464424.1089,0,0,FALSE,5.3,0,300
9327,2022/10/23 11:43,131.53145,47.09040817,5217404.393,464424.1468,0,0,FALSE,5.3,0,300
9328,2022/10/23 11:43,131.5314342,47.09044083,5217408.032,464422.9689,4.79668,348.7,TRUE,5.3,374,300
9329,2022/10/23 11:43,131.5314058,47.09050417,5217415.086,464420.8547,5.01892,338.1,TRUE,5.3,360,300
9330,2022/10/23 11:43,131.5313787,47.09056233,5217421.564,464418.8358,5.6486,348.3,TRUE,5.3,400,300
9331,2022/10/23 11:43,131.5313527,47.09061967,5217427.951,464416.8999,5.94492,348.9,TRUE,5.3,377,300
9332,2022/10/23 11:43,131.5313343,47.09069117,5217435.908,464415.5505,6.25976,341.4,TRUE,5.3,400,300
9333,2022/10/23 11:43,131.5313263,47.090745,5217441.896,464414.9789,6.42644,345.2,TRUE,5.3,371,300
9334,2022/10/23 11:43,131.5313037,47.09080083,5217448.113,464413.3001,6.05604,346.6,TRUE,5.3,400,300
9335,2022/10/23 11:44,131.5312772,47.090859,5217454.592,464411.3268,5.556,345.3,TRUE,5.3,366,300
9336,2022/10/23 11:44,131.5312418,47.0909125,5217460.556,464408.6747,5.51896,342.6,TRUE,5.3,371,300
9337,2022/10/23 11:44,131.5311968,47.09097317,5217467.321,464405.2984,5.72268,339.9,TRUE,5.3,368,300
9338,2022/10/23 11:44,131.531175,47.09103717,5217474.446,464403.6858,5.88936,343.4,TRUE,5.3,400,300
9339,2022/10/23 11:44,131.5311263,47.09109533,5217480.934,464400.0269,5.7412,340.7,TRUE,5.3,400,300
9340,2022/10/23 11:44,131.5310827,47.09115417,5217487.495,464396.7558,6.68572,346.7,TRUE,5.3,361,300
9341,2022/10/23 11:44,131.531058,47.09120883,5217493.583,464394.9168,5.38932,340.7,TRUE,5.3,400,300
9342,2022/10/23 11:44,131.5310342,47.09126233,5217499.542,464393.1454,5.6486,342,TRUE,5.3,373,300
9343,2022/10/23 11:44,131.5310087,47.09131733,5217505.668,464391.246,5.7412,347.2,TRUE,5.3,397,300
9344,2022/10/23 11:44,131.530975,47.091375,5217512.094,464388.7257,6.1116,346.8,TRUE,5.3,374,300
9345,2022/10/23 11:44,131.5309692,47.09143017,5217518.23,464388.3221,5.96344,343.9,TRUE,5.3,376,300
9346,2022/10/23 11:44,131.5309228,47.09149983,5217525.996,464384.8456,6.2042,341.4,TRUE,5.3,367,300
9347,2022/10/23 11:44,131.53087,47.091572,5217534.043,464380.8848,5.66712,348.3,TRUE,5.3,363,300
9348,2022/10/23 11:44,131.5308495,47.09162483,5217539.926,464379.3636,5.79676,343.8,TRUE,5.3,373,300
9349,2022/10/23 11:44,131.530818,47.09167733,5217545.777,464377.0069,5.90788,345.3,TRUE,5.3,353,300
9350,2022/10/23 11:45,131.530786,47.09173833,5217552.573,464374.618,5.35228,339.7,TRUE,5.3,376,300
9351,2022/10/23 11:45,131.530758,47.09179583,5217558.978,464372.5304,6.33384,348.5,TRUE,5.3,370,300
9352,2022/10/23 11:45,131.5307298,47.091855,5217565.569,464370.4288,5.29672,346.2,TRUE,5.3,400,300
9353,2022/10/23 11:45,131.5306977,47.09192,5217572.81,464368.0349,5.03744,345.1,TRUE,5.3,395,300
9354,2022/10/23 11:45,131.5306638,47.09197933,5217579.421,464365.5006,5.1856,341.5,TRUE,5.3,371,300
9355,2022/10/23 11:45,131.5306347,47.09203083,5217585.16,464363.3255,5.33376,338.9,TRUE,5.3,372,300
9356,2022/10/23 11:45,131.5306058,47.09208333,5217591.009,464361.1663,5.75972,340.3,TRUE,5.3,362,300
9357,2022/10/23 11:45,131.5305653,47.0921405,5217597.383,464358.1295,5.79676,342.1,TRUE,5.3,375,300
9358,2022/10/23 11:45,131.53054,47.0922015,5217604.176,464356.2493,5.94492,343.1,TRUE,5.3,400,300
9359,2022/10/23 11:45,131.530507,47.09225583,5217610.231,464353.78,5.40784,343.9,TRUE,5.3,368,300
9360,2022/10/23 11:45,131.5304745,47.09231117,5217616.399,464351.3494,5.68564,343.3,TRUE,5.3,400,300
9361,2022/10/23 11:45,131.53043,47.09236683,5217622.607,464348.0079,6.40792,342.3,TRUE,5.3,400,300
9362,2022/10/23 11:45,131.5304023,47.09242467,5217629.05,464345.9434,6.44496,343.8,TRUE,5.3,369,300
9363,2022/10/23 11:45,131.5303802,47.09248067,5217635.285,464344.3028,5.61156,344.5,TRUE,5.3,400,300
9364,2022/10/23 11:45,131.5303647,47.09253317,5217641.129,464343.1611,5.96344,344.9,TRUE,5.3,396,300
9365,2022/10/23 11:46,131.5303273,47.09259483,5217648.001,464340.3626,5.90788,344,TRUE,5.3,375,300
9366,2022/10/23 11:46,131.530286,47.09267783,5217657.247,464337.2824,5.94492,342.7,TRUE,5.3,395,300
9367,2022/10/23 11:46,131.5302578,47.09273467,5217663.579,464335.1793,5.7412,345.6,TRUE,5.3,384,300
9368,2022/10/23 11:46,131.5302197,47.09279283,5217670.062,464332.3254,4.55592,344.6,TRUE,5.3,362,300
9369,2022/10/23 11:46,131.5301918,47.09283533,5217674.8,464330.2355,3.81512,347.9,TRUE,5.3,372,300
9370,2022/10/23 11:46,131.5301643,47.0928805,5217679.834,464328.1777,5.87084,345.2,TRUE,5.3,363,300
9371,2022/10/23 11:46,131.5301268,47.09293767,5217686.207,464325.3688,6.16716,343.7,TRUE,5.3,377,300
9372,2022/10/23 11:46,131.5300915,47.09300317,5217693.504,464322.7324,5.87084,341,TRUE,5.3,361,300
9373,2022/10/23 11:46,131.5300628,47.09305617,5217699.41,464320.5888,5.51896,348,TRUE,5.3,374,300
9374,2022/10/23 11:46,131.5300227,47.09310333,5217704.671,464317.5757,5.85232,341.4,TRUE,5.3,393,300
9375,2022/10/23 11:46,131.52999,47.09316083,5217711.078,464315.1315,5.61156,337.6,TRUE,5.3,395,300
9376,2022/10/23 11:46,131.5299677,47.09321233,5217716.814,464313.4728,5.48192,343.2,TRUE,5.3,371,300
9377,2022/10/23 11:46,131.5299398,47.0932695,5217723.182,464311.3927,6.61164,346.5,TRUE,5.3,358,300
9378,2022/10/23 11:46,131.5299127,47.0933275,5217729.643,464309.3739,6.482,343,TRUE,5.3,364,300
9379,2022/10/23 11:46,131.529882,47.0933815,5217735.66,464307.0792,5.4634,345.8,TRUE,5.3,269,300
9380,2022/10/23 11:47,131.5298428,47.093439,5217742.07,464304.1414,6.33384,342.5,TRUE,5.3,374,300
9381,2022/10/23 11:47,131.529813,47.09349917,5217748.773,464301.9191,6.1116,347.4,TRUE,5.3,372,300
9382,2022/10/23 11:47,131.5297792,47.09356033,5217755.588,464299.3938,5.66712,345.3,TRUE,5.3,398,300
9383,2022/10/23 11:47,131.5297458,47.0936135,5217761.514,464296.8935,5.79676,343.6,TRUE,5.3,400,300
9384,2022/10/23 11:47,131.5297172,47.09366633,5217767.4,464294.7574,6.05604,343.4,TRUE,5.3,391,300
9385,2022/10/23 11:47,131.5296897,47.09372033,5217773.416,464292.7056,6.72276,343.1,TRUE,5.3,366,300
9386,2022/10/23 11:47,131.5296615,47.09378067,5217780.137,464290.6049,6.03752,339.5,TRUE,5.3,362,300
9387,2022/10/23 11:47,131.5296247,47.09383417,5217786.102,464287.8467,5.24116,344.6,TRUE,5.3,364,300
9388,2022/10/23 11:47,131.529602,47.09389267,5217792.616,464286.1624,6.42644,341.9,TRUE,5.3,400,300
9389,2022/10/23 11:47,131.5295828,47.09394417,5217798.35,464284.7391,4.79668,345.9,TRUE,5.3,376,300
9390,2022/10/23 11:47,131.5295552,47.09398417,5217802.809,464282.6704,5.6486,343.1,TRUE,5.3,374,300
9391,2022/10/23 11:47,131.5295255,47.09404167,5217809.215,464280.454,6.18568,342.9,TRUE,5.3,368,300
9392,2022/10/23 11:47,131.5294975,47.0940875,5217814.323,464278.3588,5.57452,351.2,TRUE,5.3,395,300
9393,2022/10/23 11:47,131.5294665,47.09414883,5217821.155,464276.0462,6.482,344.2,TRUE,5.3,376,300
9394,2022/10/23 11:47,131.5294263,47.094206,5217827.53,464273.0324,5.59304,342.1,TRUE,5.3,393,300
9395,2022/10/23 11:48,131.5293973,47.094257,5217833.213,464270.8648,5.31524,348.9,TRUE,5.3,375,300
9396,2022/10/23 11:48,131.529383,47.0943085,5217838.945,464269.8135,5.40784,348,TRUE,5.3,400,300
9397,2022/10/23 11:48,131.5293518,47.0943525,5217843.85,464267.4742,3.87068,347.7,TRUE,5.3,371,300
9398,2022/10/23 11:48,131.5293292,47.0944,5217849.141,464265.7901,4.50036,345.6,TRUE,5.3,373,300
9399,2022/10/23 11:48,131.5293243,47.09444117,5217853.721,464265.4457,5.07448,354,TRUE,5.3,355,300
9400,2022/10/23 11:48,131.5293017,47.09448167,5217858.233,464263.7569,4.18552,348.6,TRUE,5.3,353,300
9401,2022/10/23 11:48,131.529272,47.09452183,5217862.712,464261.5289,5.2782,350.1,TRUE,5.3,370,300
9402,2022/10/23 11:48,131.5292488,47.09457333,5217868.448,464259.802,5.05596,344.1,TRUE,5.3,279,300
9403,2022/10/23 11:48,131.5292083,47.09463183,5217874.97,464256.7663,5.48192,350.9,TRUE,5.3,375,300
9404,2022/10/23 11:48,131.5291683,47.09468533,5217880.936,464253.7653,4.33368,350.5,TRUE,5.3,352,300
9405,2022/10/23 11:48,131.529143,47.09474233,5217887.284,464251.8826,6.14864,347.1,TRUE,5.3,361,300
9406,2022/10/23 11:48,131.5291302,47.09479767,5217893.442,464250.9478,5.98196,344.7,TRUE,5.3,364,300
9407,2022/10/23 11:48,131.5291068,47.0948495,5217899.215,464249.206,6.019,347.6,TRUE,5.3,363,300
9408,2022/10/23 11:48,131.5290778,47.09490933,5217905.88,464247.0443,6.09308,343.9,TRUE,5.3,380,300
9409,2022/10/23 11:48,131.5290442,47.09495233,5217910.675,464244.5221,5.8338,347.8,TRUE,5.3,363,300
9410,2022/10/23 11:49,131.5290173,47.09501117,5217917.229,464242.5193,4.96336,350.9,TRUE,5.3,358,300
9411,2022/10/23 11:49,131.5289898,47.09506683,5217923.43,464240.4687,6.25976,346,TRUE,5.3,268,300
9412,2022/10/23 11:49,131.5289562,47.09512383,5217929.782,464237.9559,6.18568,341,TRUE,5.3,368,300
9413,2022/10/23 11:49,131.528918,47.0951715,5217935.099,464235.0877,5.42636,349.5,TRUE,5.3,356,300
9414,2022/10/23 11:49,131.5289073,47.0952165,5217940.106,464234.3054,5.07448,345.8,TRUE,5.3,351,300
9415,2022/10/23 11:49,131.5288767,47.09528233,5217947.439,464232.0263,6.16716,346.1,TRUE,5.3,367,300
9416,2022/10/23 11:49,131.5288505,47.095339,5217953.751,464230.0752,5.2782,347.9,TRUE,5.3,365,300
9417,2022/10/23 11:49,131.5288192,47.09538783,5217959.194,464227.7316,5.48192,346.1,TRUE,5.3,376,300
9418,2022/10/23 11:49,131.5288092,47.09543567,5217964.517,464227.0044,4.4448,344.4,TRUE,5.3,347,300
9419,2022/10/23 11:49,131.5287823,47.09547483,5217968.883,464224.9884,5.51896,342,TRUE,5.3,376,300
9420,2022/10/23 11:49,131.5287443,47.09552783,5217974.792,464222.1389,5.0004,341,TRUE,5.3,368,300
9421,2022/10/23 11:49,131.5287177,47.09557433,5217979.974,464220.1506,4.98188,344,TRUE,5.3,362,300
9422,2022/10/23 11:49,131.5286915,47.09562583,5217985.711,464218.196,4.75964,348.4,TRUE,5.3,363,300
9423,2022/10/23 11:49,131.5286572,47.09567383,5217991.063,464215.6241,4.92632,350.8,TRUE,5.3,305,300
9424,2022/10/23 11:49,131.5286317,47.09571733,5217995.911,464213.7173,5.9264,349.7,TRUE,5.3,353,300
9425,2022/10/23 11:50,131.5285962,47.095773,5218002.116,464211.0594,4.9078,342.5,TRUE,5.3,400,300
9426,2022/10/23 11:50,131.5285923,47.0958215,5218007.51,464210.7958,4.98188,346.2,TRUE,5.3,399,300
9427,2022/10/23 11:50,131.5285667,47.09586233,5218012.061,464208.8796,4.59296,353.8,TRUE,5.3,393,300
9428,2022/10/23 11:50,131.5285442,47.09590533,5218016.851,464207.2002,4.75964,352,TRUE,5.3,375,300
9429,2022/10/23 11:50,131.528533,47.095946,5218021.378,464206.3772,4.75964,352.9,TRUE,5.3,363,300
9430,2022/10/23 11:50,131.5285122,47.09599317,5218026.632,464204.8297,2.81504,359.2,TRUE,5.3,394,300
9431,2022/10/23 11:50,131.5285047,47.09601217,5218028.747,464204.273,4.8152,342.6,TRUE,5.3,353,300
9432,2022/10/23 11:50,131.5284953,47.0960255,5218030.233,464203.5683,0,0,FALSE,5.3,0,300
9433,2022/10/23 11:50,131.5285,47.096027,5218030.398,464203.9261,5.14856,153.6,TRUE,5.3,217,300
9434,2022/10/23 11:50,131.528539,47.09599017,5218026.286,464206.8623,6.16716,349.2,FALSE,5.3,0,300
9435,2022/10/23 11:50,131.5285565,47.096025,5218030.15,464208.2142,5.51896,43.5,FALSE,5.3,0,300
9436,2022/10/23 11:50,131.5285912,47.0960285,5218030.523,464210.851,4.75964,119.1,FALSE,5.3,0,300
9437,2022/10/23 11:50,131.528596,47.0959945,5218026.741,464211.1926,5.57452,159.2,FALSE,5.3,0,300
9438,2022/10/23 11:50,131.5285833,47.095962,5218023.134,464210.2067,2.81504,179.1,TRUE,5.3,400,300
9439,2022/10/23 11:50,131.5285765,47.09595417,5218022.266,464209.6852,0,0,FALSE,5.3,0,300
9440,2022/10/23 11:51,131.5285768,47.09597317,5218024.379,464209.7207,0,0,FALSE,5.3,0,300
9441,2022/10/23 11:51,131.5285773,47.09597883,5218025.008,464209.7624,0,0,FALSE,5.3,0,300
9442,2022/10/23 11:51,131.5285777,47.09596433,5218023.395,464209.7831,3.90772,169.1,TRUE,5.3,259,300
9443,2022/10/23 11:51,131.5285843,47.09592967,5218019.539,464210.2609,3.22248,133,TRUE,5.3,368,300
9444,2022/10/23 11:51,131.5286,47.09590033,5218016.27,464211.4332,4.11144,156.6,TRUE,5.3,368,300
9445,2022/10/23 11:51,131.528643,47.09586433,5218012.248,464214.6736,5.66712,155.6,TRUE,5.3,372,300
9446,2022/10/23 11:51,131.528672,47.0958105,5218006.251,464216.8392,5.79676,160.8,TRUE,5.3,376,300
9447,2022/10/23 11:51,131.5286947,47.09577083,5218001.83,464218.536,4.29664,156.2,TRUE,5.3,378,300
9448,2022/10/23 11:51,131.528715,47.0957245,5217996.67,464220.0462,4.5374,154.1,TRUE,5.3,356,300
9449,2022/10/23 11:51,131.52874,47.0956805,5217991.767,464221.9147,5.01892,162,TRUE,5.3,397,300
9450,2022/10/23 11:51,131.5287622,47.09563133,5217986.291,464223.5672,4.40776,162.2,TRUE,5.3,359,300
9451,2022/10/23 11:51,131.5287848,47.09558683,5217981.333,464225.2532,4.38924,156.8,TRUE,5.3,368,300
9452,2022/10/23 11:51,131.5288143,47.095528,5217974.779,464227.4534,6.03752,163.8,TRUE,5.3,365,300
9453,2022/10/23 11:51,131.5288378,47.09546867,5217968.173,464229.1978,7.09316,160.3,TRUE,5.3,369,300
9454,2022/10/23 11:51,131.5288652,47.09540433,5217961.007,464231.235,5.01892,157.9,TRUE,5.3,361,300
9455,2022/10/23 11:52,131.5288888,47.095344,5217954.289,464232.9863,6.03752,164.2,TRUE,5.3,362,300
9456,2022/10/23 11:52,131.5289227,47.09528817,5217948.067,464235.5226,6.40792,155.1,TRUE,5.3,356,300
9457,2022/10/23 11:52,131.5289598,47.09524267,5217942.992,464238.3088,6.51904,154.6,TRUE,5.3,372,300
9458,2022/10/23 11:52,131.5289962,47.09519083,5217937.212,464241.0376,6.61164,156.5,TRUE,5.3,376,300
9459,2022/10/23 11:52,131.5290383,47.09512867,5217930.282,464244.1922,5.72268,162.4,TRUE,5.3,379,300
9460,2022/10/23 11:52,131.529059,47.095074,5217924.195,464245.7272,5.16708,160.4,TRUE,5.3,350,300
9461,2022/10/23 11:52,131.5290785,47.09502083,5217918.275,464247.1721,5.59304,156.8,TRUE,5.3,400,300
9462,2022/10/23 11:52,131.529114,47.09495667,5217911.126,464249.8243,6.14864,157.5,TRUE,5.3,400,300
9463,2022/10/23 11:52,131.5291493,47.0949045,5217905.31,464252.4694,6.55608,162.4,TRUE,5.3,378,300
9464,2022/10/23 11:52,131.52918,47.09485217,5217899.478,464254.7652,5.77824,158.2,TRUE,5.3,368,300
9465,2022/10/23 11:52,131.529214,47.09478433,5217891.921,464257.3011,6.2042,160,TRUE,5.3,396,300
9466,2022/10/23 11:52,131.5292462,47.0947305,5217885.922,464259.7098,6.40792,154.3,TRUE,5.3,399,300
9467,2022/10/23 11:52,131.5292745,47.09466983,5217879.164,464261.8177,5.81528,154.5,TRUE,5.3,372,300
9468,2022/10/23 11:52,131.5293035,47.0946105,5217872.555,464263.9798,4.9078,161.4,TRUE,5.3,370,300
9469,2022/10/23 11:52,131.5293335,47.09456217,5217867.168,464266.2251,6.68572,160.3,TRUE,5.3,381,300
9470,2022/10/23 11:53,131.5293627,47.09450767,5217861.096,464268.4055,5.40784,162.7,TRUE,5.3,364,300
9471,2022/10/23 11:53,131.529395,47.0944505,5217854.726,464270.8196,5.20412,162.3,TRUE,5.3,396,300
9472,2022/10/23 11:53,131.5294277,47.09439817,5217848.893,464273.2672,6.44496,157.9,TRUE,5.3,395,300
9473,2022/10/23 11:53,131.5294667,47.094349,5217843.409,464276.1953,5.88936,154.9,TRUE,5.3,376,300
9474,2022/10/23 11:53,131.5294952,47.09430317,5217838.301,464278.3284,5.1856,157.5,TRUE,5.3,368,300
9475,2022/10/23 11:53,131.5295212,47.09425467,5217832.897,464280.2699,3.9818,157.8,TRUE,5.3,366,300
9476,2022/10/23 11:53,131.5295573,47.09420833,5217827.729,464282.9797,5.556,163.1,TRUE,5.3,357,300
9477,2022/10/23 11:53,131.5295813,47.0941505,5217821.289,464284.7632,6.53756,158.6,TRUE,5.3,363,300
9478,2022/10/23 11:53,131.5295958,47.09409183,5217814.76,464285.8248,4.22256,163.2,TRUE,5.3,371,300
9479,2022/10/23 11:53,131.5296238,47.09405083,5217810.189,464287.9232,6.40792,156.8,TRUE,5.3,395,300
9480,2022/10/23 11:53,131.5296558,47.09398417,5217802.763,464290.3082,5.2782,155.5,TRUE,5.3,355,300
9481,2022/10/23 11:53,131.5296878,47.09393317,5217797.079,464292.7036,6.16716,158.6,TRUE,5.3,396,300
9482,2022/10/23 11:53,131.5297313,47.0938755,5217790.648,464295.9677,5.8338,158.5,TRUE,5.3,356,300
9483,2022/10/23 11:53,131.5297607,47.09381167,5217783.538,464298.1572,6.482,158,TRUE,5.3,373,300
9484,2022/10/23 11:53,131.5297928,47.09375267,5217776.964,464300.5549,6.53756,156.5,TRUE,5.3,362,300
9485,2022/10/23 11:54,131.5298148,47.09368317,5217769.228,464302.1787,6.51904,155.4,TRUE,5.3,377,300
9486,2022/10/23 11:54,131.5298465,47.09362333,5217762.561,464304.5455,5.66712,156.1,TRUE,5.3,391,300
9487,2022/10/23 11:54,131.5298915,47.093578,5217757.501,464307.9317,5.63008,165.4,TRUE,5.3,395,300
9488,2022/10/23 11:54,131.5299167,47.0935155,5217750.541,464309.8032,5.8338,157.9,TRUE,5.3,372,300
9489,2022/10/23 11:54,131.5299385,47.0934535,5217743.639,464311.4169,5.556,153.7,TRUE,5.3,400,300
9490,2022/10/23 11:54,131.5299682,47.09340417,5217738.141,464313.6389,4.75964,159.8,TRUE,5.3,365,300
9491,2022/10/23 11:54,131.5300022,47.09335517,5217732.678,464316.1875,6.70424,164.4,TRUE,5.3,370,300
9492,2022/10/23 11:54,131.5300333,47.093289,5217725.307,464318.5046,6.482,157.4,TRUE,5.3,369,300
9493,2022/10/23 11:54,131.5300727,47.09323183,5217718.934,464321.4577,4.79668,160.3,TRUE,5.3,398,300
9494,2022/10/23 11:54,131.5301073,47.09318883,5217714.138,464324.056,4.167,161.3,TRUE,5.3,377,300
9495,2022/10/23 11:54,131.5301267,47.09314583,5217709.348,464325.5002,5.16708,158.2,TRUE,5.3,399,300
9496,2022/10/23 11:54,131.5301488,47.09308333,5217702.39,464327.1364,5.31524,160.9,TRUE,5.3,378,300
9497,2022/10/23 11:54,131.5301752,47.09302667,5217696.079,464329.1029,5.24116,155.7,TRUE,5.3,367,300
9498,2022/10/23 11:54,131.5302055,47.0929705,5217689.82,464331.3659,6.24124,162,TRUE,5.3,399,300
9499,2022/10/23 11:54,131.5302317,47.09291567,5217683.713,464333.3185,4.87076,166,TRUE,5.3,360,300
9500,2022/10/23 11:55,131.5302575,47.092865,5217678.068,464335.2435,5.53748,160.6,TRUE,5.3,382,300
9501,2022/10/23 11:55,131.5302795,47.09280233,5217671.091,464336.872,6.22272,165.6,TRUE,5.3,366,300
9502,2022/10/23 11:55,131.5303063,47.09273767,5217663.89,464338.8636,6.77832,161.9,TRUE,5.3,368,300
9503,2022/10/23 11:55,131.5303558,47.09268417,5217657.92,464342.5861,5.8338,165.9,TRUE,5.3,400,300
9504,2022/10/23 11:55,131.5303882,47.09262417,5217651.235,464345.006,7.20428,157.1,TRUE,5.3,375,300
9505,2022/10/23 11:55,131.5304255,47.092562,5217644.306,464347.7965,6.40792,162.7,TRUE,5.3,360,300
9506,2022/10/23 11:55,131.5304593,47.092498,5217637.176,464350.32,6.5746,153.6,TRUE,5.3,387,300
9507,2022/10/23 11:55,131.530486,47.09243717,5217630.401,464352.3066,6.64868,161.8,TRUE,5.3,373,300
9508,2022/10/23 11:55,131.5305235,47.09237667,5217623.658,464355.1134,6.70424,153.6,TRUE,5.3,400,300
9509,2022/10/23 11:55,131.5305618,47.09232167,5217617.526,464357.9846,5.90788,162.4,TRUE,5.3,371,300
9510,2022/10/23 11:55,131.5305785,47.09225733,5217610.366,464359.2097,5.40784,164.6,TRUE,5.3,398,300
9511,2022/10/23 11:55,131.5306023,47.09220083,5217604.074,464360.979,6.2042,167,TRUE,5.3,369,300
9512,2022/10/23 11:55,131.5306352,47.0921415,5217597.463,464363.4373,6.22272,162.7,TRUE,5.3,371,300
9513,2022/10/23 11:55,131.5306643,47.092085,5217591.168,464365.6091,6.50052,156.8,TRUE,5.3,393,300
9514,2022/10/23 11:55,131.5306952,47.09202817,5217584.836,464367.9172,6.1116,156.8,TRUE,5.3,355,300
9515,2022/10/23 11:56,131.5307263,47.09196717,5217578.041,464370.2378,5.70416,159.2,TRUE,5.3,367,300
9516,2022/10/23 11:56,131.5307525,47.09190633,5217571.265,464372.1865,6.1116,156.8,TRUE,5.3,367,300
9517,2022/10/23 11:56,131.5307865,47.09185067,5217565.062,464374.7308,6.27828,161.7,TRUE,5.3,396,300
9518,2022/10/23 11:56,131.5308127,47.0917925,5217558.583,464376.6813,6.2042,162.1,TRUE,5.3,360,300
9519,2022/10/23 11:56,131.5308502,47.09173433,5217552.099,464379.4897,6.16716,160.6,TRUE,5.3,369,300
9520,2022/10/23 11:56,131.5308828,47.091674,5217545.377,464381.9247,6.37088,157.8,TRUE,5.3,370,300
9521,2022/10/23 11:56,131.5309033,47.09161533,5217538.845,464383.442,5.77824,163.1,TRUE,5.3,394,300
9522,2022/10/23 11:56,131.53093,47.09155667,5217532.312,464385.4301,5.72268,158.5,TRUE,5.3,395,300
9523,2022/10/23 11:56,131.5309607,47.09150217,5217526.239,464387.7247,5.90788,161,TRUE,5.3,368,300
9524,2022/10/23 11:56,131.5310047,47.09145433,5217520.9,464391.0336,6.1116,160.8,TRUE,5.3,369,300
9525,2022/10/23 11:56,131.5310332,47.0913965,5217514.458,464393.1589,6.3894,158.7,TRUE,5.3,369,300
9526,2022/10/23 11:56,131.5310518,47.09133767,5217507.909,464394.5319,5.98196,167.6,TRUE,5.3,363,300
9527,2022/10/23 11:56,131.53108,47.091282,5217501.708,464396.636,5.51896,160.3,TRUE,5.3,374,300
9528,2022/10/23 11:56,131.5311222,47.09123783,5217496.778,464399.8106,5.13004,158.2,TRUE,5.3,375,300
9529,2022/10/23 11:56,131.531153,47.09118383,5217490.761,464402.1132,6.14864,162.3,TRUE,5.3,374,300
9530,2022/10/23 11:57,131.5311865,47.0911325,5217485.039,464404.6225,5.66712,162.5,TRUE,5.3,375,300
9531,2022/10/23 11:57,131.5312172,47.09107283,5217478.391,464406.9137,5.44488,157.3,TRUE,5.3,395,300
9532,2022/10/23 11:57,131.5312522,47.09102167,5217472.688,464409.537,5.90788,157.5,TRUE,5.3,395,300
9533,2022/10/23 11:57,131.5312773,47.09096617,5217466.506,464411.4058,5.093,163.4,TRUE,5.3,363,300
9534,2022/10/23 11:57,131.5312933,47.09090117,5217459.273,464412.5773,6.16716,162.5,TRUE,5.3,374,300
9535,2022/10/23 11:57,131.5313342,47.09083433,5217451.823,464415.6382,6.2042,153.9,TRUE,5.3,362,300
9536,2022/10/23 11:57,131.5313757,47.09078117,5217445.895,464418.7538,5.57452,158.3,TRUE,5.3,372,300
9537,2022/10/23 11:57,131.5314073,47.09072033,5217439.116,464421.1125,6.25976,163.8,TRUE,5.3,365,300
9538,2022/10/23 11:57,131.5314368,47.09065633,5217431.988,464423.3098,6.33384,160.8,TRUE,5.3,372,300
9539,2022/10/23 11:57,131.5314622,47.090593,5217424.936,464425.1962,6.18568,162.7,TRUE,5.3,377,300
9540,2022/10/23 11:57,131.5314965,47.09053,5217417.916,464427.7585,6.1116,156.9,TRUE,5.3,398,300
9541,2022/10/23 11:57,131.531536,47.09047233,5217411.487,464430.7192,6.51904,159.8,TRUE,5.3,400,300
9542,2022/10/23 11:57,131.5315725,47.09042067,5217405.727,464433.4562,6.50052,156.7,TRUE,5.3,380,300
9543,2022/10/23 11:57,131.531606,47.09036217,5217399.209,464435.9608,6.83388,160.7,TRUE,5.3,361,300
9544,2022/10/23 11:57,131.5316373,47.09029983,5217392.264,464438.2959,6.2968,158.5,TRUE,5.3,361,300
9545,2022/10/23 11:58,131.5316633,47.0902365,5217385.212,464440.2278,6.59312,156.4,TRUE,5.3,372,300
9546,2022/10/23 11:58,131.5316927,47.0901775,5217378.639,464442.4208,6.6672,155.5,TRUE,5.3,370,300
9547,2022/10/23 11:58,131.531723,47.0901125,5217371.399,464444.6782,5.88936,159,TRUE,5.3,380,300
9548,2022/10/23 11:58,131.5317502,47.09004717,5217364.124,464446.6999,6.55608,164.1,TRUE,5.3,394,300
9549,2022/10/23 11:58,131.5317848,47.0899825,5217356.919,464449.284,6.8524,159.5,TRUE,5.3,368,300
9550,2022/10/23 11:58,131.531809,47.08992333,5217350.329,464451.0821,5.7412,162,TRUE,5.3,400,300
9551,2022/10/23 11:58,131.531845,47.08986667,5217344.014,464453.7778,6.07456,157.2,TRUE,5.3,387,300
9552,2022/10/23 11:58,131.5318775,47.08981,5217337.699,464456.2078,5.29672,164.3,TRUE,5.3,396,300
9553,2022/10/23 11:58,131.5319035,47.08975783,5217331.888,464458.1472,5.59304,158.9,TRUE,5.3,400,300
9554,2022/10/23 11:58,131.5319325,47.08970083,5217325.538,464460.3112,5.85232,164.1,TRUE,5.3,400,300
9555,2022/10/23 11:58,131.5319638,47.089649,5217319.761,464462.6533,5.4634,164.4,TRUE,5.3,384,300
9556,2022/10/23 11:58,131.531989,47.08959567,5217313.821,464464.5312,5.35228,165.6,TRUE,5.3,370,300
9557,2022/10/23 11:58,131.532019,47.08954117,5217307.748,464466.7728,5.33376,163.4,TRUE,5.3,374,300
9558,2022/10/23 11:58,131.532039,47.08948583,5217301.587,464468.2546,6.16716,160.5,TRUE,5.3,377,300
9559,2022/10/23 11:58,131.5320765,47.0894375,5217296.197,464471.0698,5.57452,164.4,TRUE,5.3,398,300
9560,2022/10/23 11:59,131.5321057,47.0893825,5217290.069,464473.2504,6.019,161.9,TRUE,5.3,363,300
9561,2022/10/23 11:59,131.5321348,47.08931933,5217283.033,464475.4179,6.019,160.8,TRUE,5.3,395,300
9562,2022/10/23 11:59,131.5321675,47.0892625,5217276.701,464477.863,6.00048,163,TRUE,5.3,400,300
9563,2022/10/23 11:59,131.532202,47.08920033,5217269.773,464480.4412,6.05604,161.6,TRUE,5.3,370,300
9564,2022/10/23 11:59,131.5322305,47.08914117,5217263.183,464482.5658,6.05604,156.2,TRUE,5.3,355,300
9565,2022/10/23 11:59,131.5322623,47.08907633,5217255.961,464484.9373,6.61164,161.4,TRUE,5.3,397,300
9566,2022/10/23 11:59,131.532297,47.08901133,5217248.719,464487.5288,6.35236,164.4,TRUE,5.3,386,300
9567,2022/10/23 11:59,131.5323262,47.08895167,5217242.073,464489.7063,5.77824,162.8,TRUE,5.3,365,300
9568,2022/10/23 11:59,131.532359,47.08888817,5217234.999,464492.1546,5.77824,162.9,TRUE,5.3,379,300
9569,2022/10/23 11:59,131.532388,47.08883333,5217228.889,464494.3201,6.87092,163.9,TRUE,5.3,373,300
9570,2022/10/23 11:59,131.5324187,47.088771,5217221.945,464496.6097,5.96344,161.5,TRUE,5.3,370,300
9571,2022/10/23 11:59,131.532456,47.08870717,5217214.832,464499.3995,6.13012,160.8,TRUE,5.3,400,300
9572,2022/10/23 11:59,131.5324912,47.08864517,5217207.924,464502.0311,6.5746,154.7,TRUE,5.3,396,300
9573,2022/10/23 11:59,131.5325313,47.0885835,5217201.049,464505.0349,6.13012,162.3,TRUE,5.3,357,300
9574,2022/10/23 11:59,131.532555,47.08852333,5217194.349,464506.7944,5.9264,160.7,TRUE,5.3,389,300
9575,2022/10/23 12:00,131.5325797,47.08846217,5217187.539,464508.6293,5.63008,162.2,TRUE,5.3,363,300
9576,2022/10/23 12:00,131.5326117,47.08840117,5217180.743,464511.0185,6.88944,160.4,TRUE,5.3,376,300
9577,2022/10/23 12:00,131.5326503,47.08834,5217173.925,464513.9088,6.88944,160.5,TRUE,5.3,359,300
9578,2022/10/23 12:00,131.5326792,47.08827367,5217166.538,464516.0592,6.16716,164.1,TRUE,5.3,370,300
9579,2022/10/23 12:00,131.5327147,47.08821367,5217159.851,464518.7148,6.24124,165.6,TRUE,5.3,373,300
9580,2022/10/23 12:00,131.5327488,47.08815083,5217152.85,464521.2624,6.72276,164.9,TRUE,5.3,380,300
9581,2022/10/23 12:00,131.5327782,47.0880905,5217146.13,464523.4547,6.14864,163.3,TRUE,5.3,366,300
9582,2022/10/23 12:00,131.5328055,47.08803117,5217139.521,464525.4882,6.37088,160.1,TRUE,5.3,361,300
9583,2022/10/23 12:00,131.532832,47.08796867,5217132.561,464527.4588,6.55608,162,TRUE,5.3,369,300
9584,2022/10/23 12:00,131.532874,47.087909,5217125.908,464530.6083,6.81536,161.8,TRUE,5.3,373,300
9585,2022/10/23 12:00,131.5329002,47.08784267,5217118.522,464532.5537,6.00048,164.1,TRUE,5.3,363,300
9586,2022/10/23 12:00,131.5329408,47.08778383,5217111.963,464535.5974,6.16716,166.2,TRUE,5.3,367,300
9587,2022/10/23 12:00,131.5329712,47.08771917,5217104.76,464537.8628,6.50052,160.7,TRUE,5.3,400,300
9588,2022/10/23 12:00,131.5330068,47.08765683,5217097.814,464540.5246,6.019,159.6,TRUE,5.3,364,300
9589,2022/10/23 12:00,131.5330432,47.08759433,5217090.849,464543.247,6.24124,163.8,TRUE,5.3,397,300
9590,2022/10/23 12:01,131.5330712,47.08753517,5217084.259,464545.3339,6.90796,163.9,TRUE,5.3,396,300
9591,2022/10/23 12:01,131.5331035,47.08747217,5217077.241,464547.7446,6.37088,159.2,TRUE,5.3,357,300
9592,2022/10/23 12:01,131.5331382,47.0874095,5217070.258,464550.3379,6.25976,159.7,TRUE,5.3,371,300
9593,2022/10/23 12:01,131.5331633,47.08734683,5217063.279,464552.2022,5.59304,164.5,TRUE,5.3,359,300
9594,2022/10/23 12:01,131.5331915,47.0872895,5217056.893,464554.3054,6.51904,162,TRUE,5.3,377,300
9595,2022/10/23 12:01,131.5332262,47.087231,5217050.374,464556.9015,4.92632,168.2,TRUE,5.3,377,300
9596,2022/10/23 12:01,131.5332527,47.08717467,5217044.1,464558.8763,6.05604,164.4,TRUE,5.3,397,300
9597,2022/10/23 12:01,131.5332778,47.0871185,5217037.844,464560.745,6.31532,160.5,TRUE,5.3,369,300
9598,2022/10/23 12:01,131.5333168,47.0870535,5217030.6,464563.6632,6.27828,160.7,TRUE,5.3,400,300
9599,2022/10/23 12:01,131.5333405,47.08700217,5217024.883,464565.4287,4.55592,164.4,TRUE,5.3,382,300
9600,2022/10/23 12:01,131.5333792,47.086951,5217019.176,464568.3334,5.40784,161.8,TRUE,5.3,371,300
9601,2022/10/23 12:01,131.5333945,47.0869295,5217016.779,464569.4809,0,0,FALSE,5.3,0,300
9602,2022/10/23 12:01,131.533397,47.08694517,5217018.52,464569.6811,3.48176,339.2,FALSE,5.3,0,300
9603,2022/10/23 12:01,131.5333763,47.08697983,5217022.383,464568.1323,0.50004,341.4,FALSE,5.3,0,300
9604,2022/10/23 12:01,131.5333747,47.08693083,5217016.936,464567.9783,4.14848,186.7,FALSE,5.3,0,300
9605,2022/10/23 12:02,131.5333843,47.08690983,5217014.597,464568.6933,3.12988,4.3,FALSE,5.3,0,300
9606,2022/10/23 12:02,131.5333925,47.0869635,5217020.56,464569.3516,4.92632,15.1,FALSE,5.3,0,300
9607,2022/10/23 12:02,131.5334178,47.0870175,5217026.552,464571.3085,4.92632,7.6,FALSE,5.3,0,300
9608,2022/10/23 12:02,131.5334342,47.08707033,5217032.418,464572.5888,5.05596,11.3,FALSE,5.3,0,300
9609,2022/10/23 12:02,131.533452,47.08712483,5217038.468,464573.9765,5.75972,14.3,FALSE,5.3,0,300
9610,2022/10/23 12:02,131.5334725,47.08716067,5217042.444,464575.5569,4.14848,31.6,FALSE,5.3,0,300
9611,2022/10/23 12:02,131.5334852,47.08719683,5217046.458,464576.5452,1.79644,4.1,FALSE,5.3,0,300
9612,2022/10/23 12:02,131.5334918,47.08720517,5217047.382,464577.0519,4.50036,211.9,FALSE,5.3,0,300
9613,2022/10/23 12:02,131.5334655,47.0871635,5217042.761,464575.0272,4.09292,196.4,TRUE,5.3,400,300
9614,2022/10/23 12:02,131.533451,47.0871205,5217037.988,464573.8977,3.6114,198.5,TRUE,5.3,395,300
9615,2022/10/23 12:02,131.5334305,47.0870765,5217033.105,464572.3119,3.68548,200.7,TRUE,5.3,400,300
9616,2022/10/23 12:02,131.5334175,47.08703083,5217028.034,464571.2945,4.27812,202.7,TRUE,5.3,400,300
9617,2022/10/23 12:02,131.5333965,47.0869835,5217022.782,464569.6686,4.7226,196.5,TRUE,5.3,400,300
9618,2022/10/23 12:02,131.5333838,47.08694117,5217018.081,464568.6762,3.1484,189.8,TRUE,5.3,381,300
9619,2022/10/23 12:02,131.5333778,47.08689767,5217013.248,464568.1917,4.42628,188.4,TRUE,5.3,266,300
9620,2022/10/23 12:03,131.533356,47.086849,5217007.847,464566.5041,3.74104,209.5,TRUE,5.3,372,300
9621,2022/10/23 12:03,131.5333302,47.08680533,5217003.004,464564.5161,3.7966,183.9,TRUE,5.3,400,300
9622,2022/10/23 12:03,131.533315,47.08676367,5216998.38,464563.3343,4.27812,199.5,TRUE,5.3,391,300
9623,2022/10/23 12:03,131.5333265,47.08673083,5216994.723,464564.1857,3.7966,191.7,TRUE,5.3,398,300
9624,2022/10/23 12:03,131.5333215,47.0867135,5216992.799,464563.7946,3.22248,190.6,TRUE,5.3,400,300
9625,2022/10/23 12:03,131.5333057,47.08668017,5216989.101,464562.5727,3.37064,194.8,TRUE,5.3,400,300
9626,2022/10/23 12:03,131.5332922,47.0866425,5216984.919,464561.5227,3.44472,199.4,TRUE,5.3,400,300
9627,2022/10/23 12:03,131.5332753,47.08660067,5216980.276,464560.2117,3.81512,201.5,TRUE,5.3,371,300
9628,2022/10/23 12:03,131.5332572,47.086541,5216973.651,464558.7977,4.03736,207,TRUE,5.3,390,300
9629,2022/10/23 12:03,131.533244,47.0864955,5216968.599,464557.7652,2.98172,207.3,FALSE,5.3,0,300
9630,2022/10/23 12:03,131.5332413,47.08649567,5216968.619,464557.5603,1.40752,223.6,FALSE,5.3,0,300
9631,2022/10/23 12:03,131.5332558,47.08652533,5216971.91,464558.681,3.37064,37.7,FALSE,5.3,0,300
9632,2022/10/23 12:03,131.5332615,47.08652,5216971.314,464559.1103,0,0,FALSE,5.3,0,300
9633,2022/10/23 12:03,131.5332297,47.086523,5216971.662,464556.6976,2.315,271,FALSE,5.3,0,300
9634,2022/10/23 12:03,131.5332,47.08652767,5216972.195,464554.4455,2.62984,305,FALSE,5.3,0,300
9635,2022/10/23 12:04,131.5331903,47.08652533,5216971.939,464553.7074,2.33352,325.2,FALSE,5.3,0,300
9636,2022/10/23 12:04,131.5331935,47.08652533,5216971.938,464553.9504,3.62992,350.3,FALSE,5.3,0,300
9637,2022/10/23 12:04,131.5331765,47.0865665,5216976.522,464552.6868,5.20412,342,FALSE,5.3,0,300
9638,2022/10/23 12:04,131.5331678,47.0865825,5216978.305,464552.0368,4.55592,156.8,FALSE,5.3,0,300
9639,2022/10/23 12:04,131.5331873,47.08654683,5216974.331,464553.4939,4.85224,164.3,FALSE,5.3,0,300
9640,2022/10/23 12:04,131.5332252,47.08649533,5216968.588,464556.3376,4.7226,156.7,FALSE,5.3,0,300
9641,2022/10/23 12:04,131.5332575,47.08644683,5216963.182,464558.758,5.25968,153.1,FALSE,5.3,0,300
9642,2022/10/23 12:04,131.5332865,47.08640167,5216958.148,464560.9301,4.85224,154.1,FALSE,5.3,0,300
9643,2022/10/23 12:04,131.5333182,47.0863665,5216954.224,464563.3139,1.24084,134.7,FALSE,5.3,0,300
9644,2022/10/23 12:04,131.5333217,47.086362,5216953.722,464563.5767,3.29656,349.2,FALSE,5.3,0,300
9645,2022/10/23 12:04,131.5333113,47.086395,5216957.395,464562.8088,3.38916,346.9,TRUE,5.3,400,300
9646,2022/10/23 12:04,131.5332927,47.08642717,5216960.98,464561.4178,4.01884,352.7,TRUE,5.3,400,300
9647,2022/10/23 12:04,131.5332653,47.08647033,5216965.791,464559.3659,2.55576,359.9,TRUE,5.3,400,300
9648,2022/10/23 12:04,131.5332637,47.08650517,5216969.665,464559.2675,3.29656,339,TRUE,5.3,233,300
9649,2022/10/23 12:04,131.5332355,47.086552,5216974.884,464557.1573,2.51872,343.1,TRUE,5.3,371,300
9650,2022/10/23 12:05,131.5331978,47.08659567,5216979.756,464554.3236,5.29672,342,TRUE,5.3,374,300
9651,2022/10/23 12:05,131.5331622,47.08665233,5216986.071,464551.6579,4.64852,347.2,TRUE,5.3,398,300
9652,2022/10/23 12:05,131.5331338,47.08670883,5216992.365,464549.5389,5.63008,341.6,TRUE,5.3,400,300
9653,2022/10/23 12:05,131.5331032,47.08676883,5216999.049,464547.2552,4.38924,352,TRUE,5.3,400,300
9654,2022/10/23 12:05,131.5330847,47.08681317,5217003.987,464545.8799,5.25968,346.3,TRUE,5.3,399,300
9655,2022/10/23 12:05,131.5330542,47.08686983,5217010.3,464543.6015,5.68564,342.8,TRUE,5.3,400,300
9656,2022/10/23 12:05,131.5330092,47.086927,5217016.676,464540.2225,5.11152,345.9,TRUE,5.3,400,300
9657,2022/10/23 12:05,131.532983,47.0869785,5217022.413,464538.2673,5.24116,339.4,TRUE,5.3,400,300
9658,2022/10/23 12:05,131.5329572,47.08703167,5217028.336,464536.3435,5.94492,347.3,TRUE,5.3,400,300
9659,2022/10/23 12:05,131.532924,47.087087,5217034.502,464533.8593,5.093,346.8,TRUE,5.3,397,300
9660,2022/10/23 12:05,131.5328882,47.08713,5217039.299,464531.1694,5.03744,338.6,TRUE,5.3,384,300
9661,2022/10/23 12:05,131.5328627,47.08719033,5217046.017,464529.2732,5.24116,347.1,TRUE,5.3,395,300
9662,2022/10/23 12:05,131.5328393,47.08724083,5217051.642,464527.5299,5.90788,344.6,TRUE,5.3,399,300
9663,2022/10/23 12:05,131.5328147,47.087293,5217057.453,464525.6966,5.57452,346.5,TRUE,5.3,399,300
9664,2022/10/23 12:05,131.5328002,47.08734267,5217062.982,464524.6286,5.53748,340.9,TRUE,5.3,400,300
9665,2022/10/23 12:06,131.5327702,47.08739617,5217068.943,464522.3862,5.01892,342.9,TRUE,5.3,390,300
9666,2022/10/23 12:06,131.5327475,47.08744567,5217074.456,464520.6954,4.4448,346.5,TRUE,5.3,398,300
9667,2022/10/23 12:06,131.5327115,47.08749633,5217080.105,464517.9955,5.01892,347,TRUE,5.3,399,300
9668,2022/10/23 12:06,131.5326898,47.08755233,5217086.34,464516.385,5.98196,344,TRUE,5.3,400,300
9669,2022/10/23 12:06,131.532651,47.08760533,5217092.25,464513.474,5.90788,339.7,TRUE,5.3,371,300
9670,2022/10/23 12:06,131.5326215,47.0876645,5217098.841,464511.2734,4.63,344.7,TRUE,5.3,397,300
9671,2022/10/23 12:06,131.5325967,47.0877155,5217104.522,464509.4241,6.00048,347.4,TRUE,5.3,400,300
9672,2022/10/23 12:06,131.5325678,47.08777617,5217111.28,464507.27,6.07456,344.9,TRUE,5.3,369,300
9673,2022/10/23 12:06,131.5325372,47.08782833,5217117.093,464504.9812,5.35228,341.9,TRUE,5.3,400,300
9674,2022/10/23 12:06,131.5325073,47.08788083,5217122.943,464502.7457,6.16716,344.8,TRUE,5.3,398,300
9675,2022/10/23 12:06,131.5324707,47.087939,5217129.426,464500.0053,5.2782,341.4,TRUE,5.3,399,300
9676,2022/10/23 12:06,131.532439,47.08798633,5217134.703,464497.6297,4.9078,339.1,TRUE,5.3,400,300
9677,2022/10/23 12:06,131.532407,47.08803917,5217140.591,464495.2351,6.07456,344.3,TRUE,5.3,378,300
9678,2022/10/23 12:06,131.5323795,47.08808933,5217146.18,464493.1803,5.94492,340.4,TRUE,5.3,394,300
9679,2022/10/23 12:06,131.5323542,47.08814417,5217152.289,464491.2957,5.87084,342.5,TRUE,5.3,392,300
9680,2022/10/23 12:07,131.5323198,47.08820567,5217159.141,464488.7246,6.00048,344.6,TRUE,5.3,400,300
9681,2022/10/23 12:07,131.5322882,47.088259,5217165.084,464486.3606,5.77824,350.6,TRUE,5.3,375,300
9682,2022/10/23 12:07,131.5322697,47.08830767,5217170.504,464484.9882,5.53748,346,TRUE,5.3,395,300
9683,2022/10/23 12:07,131.5322342,47.0883645,5217176.838,464482.3305,5.70416,347.6,TRUE,5.3,396,300
9684,2022/10/23 12:07,131.532201,47.08841717,5217182.708,464479.8446,6.00048,336.7,TRUE,5.3,400,300
9685,2022/10/23 12:07,131.5321658,47.0884715,5217188.764,464477.208,5.94492,341.2,TRUE,5.3,386,300
9686,2022/10/23 12:07,131.5321317,47.08852583,5217194.82,464474.6549,5.79676,344.6,TRUE,5.3,374,300
9687,2022/10/23 12:07,131.5320992,47.08858183,5217201.06,464472.2244,6.09308,345.6,TRUE,5.3,396,300
9688,2022/10/23 12:07,131.5320652,47.08863,5217206.431,464469.6748,5.88936,342.3,TRUE,5.3,373,300
9689,2022/10/23 12:07,131.5320417,47.08869217,5217213.353,464467.9318,5.68564,344,TRUE,5.3,394,300
9690,2022/10/23 12:07,131.5320055,47.08874933,5217219.724,464465.2212,6.25976,344.8,TRUE,5.3,400,300
9691,2022/10/23 12:07,131.5319923,47.08880483,5217225.9,464464.2558,6.16716,346.4,TRUE,5.3,397,300
9692,2022/10/23 12:07,131.531968,47.08885983,5217232.025,464462.4473,5.63008,349,TRUE,5.3,397,300
9693,2022/10/23 12:07,131.5319202,47.08891967,5217238.7,464458.8577,5.85232,338.5,TRUE,5.3,400,300
9694,2022/10/23 12:07,131.5318863,47.08897633,5217245.014,464456.3213,5.85232,342.9,TRUE,5.3,394,300
9695,2022/10/23 12:08,131.531864,47.0890335,5217251.38,464454.6662,5.98196,344.5,TRUE,5.3,400,300
9696,2022/10/23 12:08,131.5318405,47.089084,5217257.005,464452.9154,5.7412,348.7,TRUE,5.3,382,300
9697,2022/10/23 12:08,131.5318112,47.08913767,5217262.985,464450.7264,5.63008,342.8,TRUE,5.3,377,300
9698,2022/10/23 12:08,131.531782,47.08919517,5217269.39,464448.5475,5.40784,340.2,TRUE,5.3,366,300
9699,2022/10/23 12:08,131.5317508,47.08925467,5217276.019,464446.2181,5.77824,347.9,TRUE,5.3,393,300
9700,2022/10/23 12:08,131.531724,47.08930567,5217281.701,464444.2172,5.88936,344.5,TRUE,5.3,398,300
9701,2022/10/23 12:08,131.5316808,47.08935567,5217287.28,464440.9703,5.66712,339.3,TRUE,5.3,400,300
9702,2022/10/23 12:08,131.5316448,47.08942383,5217294.874,464438.2822,5.70416,339.1,TRUE,5.3,400,300
9703,2022/10/23 12:08,131.531629,47.08947133,5217300.161,464437.1142,5.79676,345.6,TRUE,5.3,400,300
9704,2022/10/23 12:08,131.531596,47.08952533,5217306.18,464434.6445,5.51896,346.5,TRUE,5.3,393,300
9705,2022/10/23 12:08,131.5315582,47.08958667,5217313.016,464431.8152,5.88936,337.5,TRUE,5.3,400,300
9706,2022/10/23 12:08,131.5315277,47.08964367,5217319.367,464429.5373,5.03744,347.4,TRUE,5.3,395,300
9707,2022/10/23 12:08,131.5315082,47.08969067,5217324.601,464428.088,4.98188,348.9,TRUE,5.3,399,300
9708,2022/10/23 12:08,131.5314803,47.08973633,5217329.69,464426,6.019,343.3,TRUE,5.3,398,300
9709,2022/10/23 12:08,131.5314427,47.089796,5217336.34,464423.1848,5.2782,342.6,TRUE,5.3,376,300
9710,2022/10/23 12:09,131.5314142,47.08985267,5217342.654,464421.0586,5.33376,344.6,TRUE,5.3,400,300
9711,2022/10/23 12:09,131.5313957,47.089905,5217348.48,464419.6888,5.31524,340.2,TRUE,5.3,381,300
9712,2022/10/23 12:09,131.531369,47.08995117,5217353.625,464417.6923,4.75964,347.8,TRUE,5.3,370,300
9713,2022/10/23 12:09,131.5313363,47.09000083,5217359.16,464415.2425,5.57452,343.6,TRUE,5.3,395,300
9714,2022/10/23 12:09,131.5313122,47.09005,5217364.638,464413.4454,5.14856,345.8,TRUE,5.3,393,300
9715,2022/10/23 12:09,131.5312783,47.09010733,5217371.026,464410.9096,4.8152,345.1,TRUE,5.3,397,300
9716,2022/10/23 12:09,131.5312512,47.09015717,5217376.58,464408.8852,5.98196,344.4,TRUE,5.3,371,300
9717,2022/10/23 12:09,131.5312175,47.09022717,5217384.377,464406.373,4.4448,338.9,TRUE,5.3,400,300
9718,2022/10/23 12:09,131.531194,47.09028017,5217390.28,464404.6241,4.94484,343.3,TRUE,5.3,400,300
9719,2022/10/23 12:09,131.5311593,47.09032633,5217395.427,464402.0201,5.59304,344.8,TRUE,5.3,376,300
9720,2022/10/23 12:09,131.5311325,47.09037933,5217401.332,464400.0206,5.07448,348.1,TRUE,5.3,399,300
9721,2022/10/23 12:09,131.5310927,47.09042433,5217406.353,464397.0287,5.07448,337.1,TRUE,5.3,365,300
9722,2022/10/23 12:09,131.5310683,47.09047617,5217412.127,464395.2106,5.24116,345.5,TRUE,5.3,397,300
9723,2022/10/23 12:09,131.5310427,47.09052733,5217417.826,464393.3009,4.88928,350.6,TRUE,5.3,374,300
9724,2022/10/23 12:09,131.5310123,47.090576,5217423.251,464391.0252,5.33376,344.4,TRUE,5.3,385,300
9725,2022/10/23 12:10,131.5309958,47.09062417,5217428.613,464389.8045,5.2782,342.3,TRUE,5.3,374,300
9726,2022/10/23 12:10,131.5309692,47.09067583,5217434.369,464387.8193,5.50044,346,TRUE,5.3,400,300
9727,2022/10/23 12:10,131.5309487,47.09073133,5217440.548,464386.2998,4.8152,348.4,TRUE,5.3,371,300
9728,2022/10/23 12:10,131.5309345,47.09079,5217447.077,464385.2607,4.61148,346.1,TRUE,5.3,394,300
9729,2022/10/23 12:10,131.530929,47.09082783,5217451.285,464384.8683,5.01892,348.2,TRUE,5.3,398,300
9730,2022/10/23 12:10,131.5308983,47.09087917,5217457.007,464382.5716,4.77816,347.8,TRUE,5.3,383,300
9731,2022/10/23 12:10,131.5308697,47.09092967,5217462.634,464380.4338,5.11152,352,TRUE,5.3,400,300
9732,2022/10/23 12:10,131.5308352,47.09098067,5217468.319,464377.8483,5.24116,344.4,TRUE,5.3,400,300
9733,2022/10/23 12:10,131.530799,47.091029,5217473.709,464375.132,5.31524,352.7,TRUE,5.3,400,300
9734,2022/10/23 12:10,131.5308233,47.09108317,5217479.72,464377.0131,5.25968,345.6,TRUE,5.3,373,300
9735,2022/10/23 12:10,131.5307983,47.09113867,5217485.901,464375.152,4.77816,350.5,TRUE,5.3,364,300
9736,2022/10/23 12:10,131.5307748,47.09118583,5217491.155,464373.3992,4.87076,348.5,TRUE,5.3,387,300
9737,2022/10/23 12:10,131.5307353,47.09123767,5217496.936,464370.4346,4.77816,351.8,TRUE,5.3,393,300
9738,2022/10/23 12:10,131.5307022,47.09128317,5217502.01,464367.9518,4.87076,341.8,TRUE,5.3,392,300
9739,2022/10/23 12:10,131.5306642,47.09133167,5217507.419,464365.099,5.24116,346.7,TRUE,5.3,375,300
9740,2022/10/23 12:11,131.530624,47.091382,5217513.032,464362.0803,5.05596,347.4,TRUE,5.3,400,300
9741,2022/10/23 12:11,131.5306257,47.09142667,5217517.998,464362.2392,5.07448,348,TRUE,5.3,398,300
9742,2022/10/23 12:11,131.5306052,47.09148117,5217524.066,464360.7191,4.68556,349.7,TRUE,5.3,374,300
9743,2022/10/23 12:11,131.5305742,47.091533,5217529.842,464358.3999,5.556,343.3,TRUE,5.3,400,300
9744,2022/10/23 12:11,131.5305562,47.09158233,5217535.334,464357.0662,5.01892,345.3,TRUE,5.3,388,300
9745,2022/10/23 12:11,131.5305358,47.09163567,5217541.274,464355.5529,5.14856,349.1,TRUE,5.3,400,300
9746,2022/10/23 12:11,131.5305327,47.091683,5217546.537,464355.3491,5.59304,345,TRUE,5.3,400,300
9747,2022/10/23 12:11,131.5305137,47.09173,5217551.771,464353.9379,4.9078,347.7,TRUE,5.3,376,300
9748,2022/10/23 12:11,131.5304925,47.09178233,5217557.598,464352.3632,5.44488,349.3,TRUE,5.3,400,300
9749,2022/10/23 12:11,131.5304838,47.09183383,5217563.327,464351.737,4.63,351.1,TRUE,5.3,400,300
9750,2022/10/23 12:11,131.5304442,47.09188983,5217569.571,464348.7677,4.83372,345.7,TRUE,5.3,400,300
9751,2022/10/23 12:11,131.5304137,47.0919305,5217574.106,464346.4791,5.29672,342,TRUE,5.3,372,300
9752,2022/10/23 12:11,131.5303563,47.091975,5217579.08,464342.1507,4.87076,350.2,TRUE,5.3,400,300
9753,2022/10/23 12:11,131.5303228,47.09202283,5217584.412,464339.6392,5.44488,348.1,TRUE,5.3,363,300
9754,2022/10/23 12:11,131.5303055,47.09207383,5217590.09,464338.3597,5.11152,352.4,TRUE,5.3,400,300
9755,2022/10/23 12:12,131.5302995,47.09212633,5217595.929,464337.9392,5.16708,345.5,TRUE,5.3,398,300
9756,2022/10/23 12:12,131.5302653,47.092171,5217600.911,464335.3724,4.75964,350.7,TRUE,5.3,399,300
9757,2022/10/23 12:12,131.5302313,47.09221767,5217606.115,464332.8221,4.87076,348,TRUE,5.3,400,300
9758,2022/10/23 12:12,131.530227,47.092247,5217609.377,464332.5152,3.50028,355.7,TRUE,5.3,400,300
9759,2022/10/23 12:12,131.5302005,47.09228033,5217613.095,464330.5254,5.61156,347.2,TRUE,5.3,394,300
9760,2022/10/23 12:12,131.5301627,47.09232633,5217618.226,464327.6862,4.77816,344.3,TRUE,5.3,366,300
9761,2022/10/23 12:12,131.5301238,47.09237267,5217623.396,464324.7637,4.87076,341.8,TRUE,5.3,396,300
9762,2022/10/23 12:12,131.530096,47.09241983,5217628.651,464322.6845,3.64844,350.8,TRUE,5.3,368,300
9763,2022/10/23 12:12,131.5300648,47.09246583,5217633.779,464320.3463,4.88928,345,TRUE,5.3,400,300
9764,2022/10/23 12:12,131.5300343,47.09250183,5217637.795,464318.0547,3.40768,344.3,TRUE,5.3,375,300
9765,2022/10/23 12:12,131.5300082,47.092541,5217642.162,464316.0992,3.7966,346.2,TRUE,5.3,371,300
9766,2022/10/23 12:12,131.5299973,47.09258817,5217647.411,464315.3032,5.0004,348.2,TRUE,5.3,390,300
9767,2022/10/23 12:12,131.5299858,47.09263783,5217652.937,464314.4632,4.98188,348.8,TRUE,5.3,400,300
9768,2022/10/23 12:12,131.5299807,47.09268533,5217658.22,464314.1077,3.96328,348.2,TRUE,5.3,368,300
9769,2022/10/23 12:12,131.5299432,47.09272483,5217662.628,464311.287,4.37072,347.6,TRUE,5.3,399,300
9770,2022/10/23 12:13,131.5299073,47.09276283,5217666.869,464308.5867,4.63,352.8,TRUE,5.3,400,300
9771,2022/10/23 12:13,131.5298803,47.09280833,5217671.94,464306.5671,4.92632,343.2,TRUE,5.3,400,300
9772,2022/10/23 12:13,131.5298562,47.09285367,5217676.992,464304.7676,3.94476,342.9,TRUE,5.3,382,300
9773,2022/10/23 12:13,131.5298358,47.0929015,5217682.318,464303.2508,4.68556,359.1,TRUE,5.3,388,300
9774,2022/10/23 12:13,131.5298023,47.09294933,5217687.651,464300.7393,5.38932,349.1,TRUE,5.3,400,300
9775,2022/10/23 12:13,131.5297758,47.09299317,5217692.537,464298.7566,4.75964,348,TRUE,5.3,400,300
9776,2022/10/23 12:13,131.5297555,47.09302867,5217696.493,464297.2391,4.77816,344.8,TRUE,5.3,377,300
9777,2022/10/23 12:13,131.5297315,47.09307617,5217701.784,464295.4486,3.8892,347.7,TRUE,5.3,370,300
9778,2022/10/23 12:13,131.5297108,47.09311967,5217706.63,464293.9061,5.22264,345.3,TRUE,5.3,379,300
9779,2022/10/23 12:13,131.529684,47.09316633,5217711.829,464291.9025,4.83372,350.2,TRUE,5.3,400,300
9780,2022/10/23 12:13,131.5296485,47.09321333,5217717.071,464289.2387,4.51888,345.7,TRUE,5.3,375,300
9781,2022/10/23 12:13,131.5296182,47.09326567,5217722.903,464286.9732,4.42628,346.2,TRUE,5.3,400,300
9782,2022/10/23 12:13,131.5295935,47.0933145,5217728.343,464285.1305,4.22256,344,TRUE,5.3,394,300
9783,2022/10/23 12:13,131.5295668,47.09335833,5217733.228,464283.1327,5.1856,343.1,TRUE,5.3,388,300
9784,2022/10/23 12:13,131.5295395,47.093404,5217738.318,464281.0905,4.75964,347.4,TRUE,5.3,361,300
9785,2022/10/23 12:14,131.5295162,47.09345617,5217744.128,464279.3564,4.94484,342,TRUE,5.3,369,300
9786,2022/10/23 12:14,131.529498,47.09350183,5217749.213,464278.0051,4.57444,344.9,TRUE,5.3,398,300
9787,2022/10/23 12:14,131.529464,47.0935535,5217754.972,464275.4583,4.77816,339.9,TRUE,5.3,366,300
9788,2022/10/23 12:14,131.5294505,47.09359833,5217759.962,464274.4633,4.66704,347.1,TRUE,5.3,372,300
9789,2022/10/23 12:14,131.5294402,47.09364783,5217765.47,464273.7144,4.92632,344.4,TRUE,5.3,359,300
9790,2022/10/23 12:14,131.529413,47.0936865,5217769.782,464271.6752,5.51896,340.2,TRUE,5.3,398,300
9791,2022/10/23 12:14,131.5293773,47.09372633,5217774.226,464268.9914,4.94484,345.6,TRUE,5.3,372,300
9792,2022/10/23 12:14,131.5293478,47.09377517,5217779.669,464266.7843,4.5374,348.5,TRUE,5.3,372,300
9793,2022/10/23 12:14,131.5293258,47.0938275,5217785.497,464265.149,4.94484,345.3,TRUE,5.3,397,300
9794,2022/10/23 12:14,131.5293085,47.09388283,5217791.656,464263.8726,4.98188,345.8,TRUE,5.3,397,300
9795,2022/10/23 12:14,131.5292798,47.093934,5217797.358,464261.7278,5.44488,345.6,TRUE,5.3,389,300
9796,2022/10/23 12:14,131.5292517,47.09398517,5217803.059,464259.6286,4.50036,349.8,TRUE,5.3,370,300
9797,2022/10/23 12:14,131.5292207,47.09403733,5217808.872,464257.31,5.33376,346.7,TRUE,5.3,374,300
9798,2022/10/23 12:14,131.5292,47.09408783,5217814.496,464255.7722,4.20404,5.7,TRUE,5.3,373,300
9799,2022/10/23 12:14,131.5291842,47.094135,5217819.747,464254.6042,5.556,348.1,TRUE,5.3,387,300
9800,2022/10/23 12:15,131.5291427,47.094193,5217826.214,464251.4922,5.87084,344.7,TRUE,5.3,372,300
9801,2022/10/23 12:15,131.5291138,47.0942495,5217832.508,464249.3359,4.70408,347.2,TRUE,5.3,400,300
9802,2022/10/23 12:15,131.5291003,47.09429567,5217837.647,464248.3418,5.42636,342.4,TRUE,5.3,371,300
9803,2022/10/23 12:15,131.5290845,47.09434367,5217842.991,464247.1744,4.7226,345.3,TRUE,5.3,372,300
9804,2022/10/23 12:15,131.5290632,47.094392,5217848.374,464245.5896,4.33368,345,TRUE,5.3,400,300
9805,2022/10/23 12:15,131.529032,47.09444,5217853.724,464243.253,6.63016,343.9,TRUE,5.3,357,300
9806,2022/10/23 12:15,131.5290017,47.094509,5217861.409,464240.9987,5.556,342.1,TRUE,5.3,258,300
9807,2022/10/23 12:15,131.528972,47.09458517,5217869.89,464238.7948,5.98196,350.8,TRUE,5.3,369,300
9808,2022/10/23 12:15,131.5289353,47.094646,5217876.67,464236.0493,7.20428,349.9,TRUE,5.3,354,300
9809,2022/10/23 12:15,131.5289063,47.0947095,5217883.743,464233.89,5.01892,353.7,TRUE,5.3,366,300
9810,2022/10/23 12:15,131.528893,47.09474617,5217887.825,464232.9048,3.81512,351.2,TRUE,5.3,400,300
9811,2022/10/23 12:15,131.5288813,47.09478683,5217892.351,464232.0438,5.33376,351.8,TRUE,5.3,400,300
9812,2022/10/23 12:15,131.528863,47.094838,5217898.048,464230.6887,5.16708,351.9,TRUE,5.3,400,300
9813,2022/10/23 12:15,131.5288553,47.09489167,5217904.018,464230.14,4.46332,353.4,TRUE,5.3,400,300
9814,2022/10/23 12:15,131.5288307,47.094947,5217910.181,464228.3094,4.75964,0.1,TRUE,5.3,376,300
9815,2022/10/23 12:16,131.5288108,47.09499517,5217915.545,464226.8309,4.96336,358.3,TRUE,5.3,375,300
9816,2022/10/23 12:16,131.528777,47.09504333,5217920.914,464224.297,4.85224,348.5,TRUE,5.3,396,300
9817,2022/10/23 12:16,131.5287443,47.09508967,5217926.081,464221.8454,4.20404,352.1,TRUE,5.3,386,300
9818,2022/10/23 12:16,131.5287317,47.09514017,5217931.701,464220.9227,4.63,351.7,TRUE,5.3,399,300
9819,2022/10/23 12:16,131.5287107,47.09519233,5217937.509,464219.3633,4.55592,1.7,TRUE,5.3,394,300
9820,2022/10/23 12:16,131.5286753,47.09523867,5217942.677,464216.7067,5.093,357.6,TRUE,5.3,395,300
9821,2022/10/23 12:16,131.528661,47.0952875,5217948.112,464215.6538,5.13004,0.8,TRUE,5.3,376,300
9822,2022/10/23 12:16,131.5286288,47.0953385,5217953.797,464213.2433,5.0004,351.7,TRUE,5.3,353,300
9823,2022/10/23 12:16,131.5285962,47.095385,5217958.981,464210.7994,4.92632,355,TRUE,5.3,371,300
9824,2022/10/23 12:16,131.528596,47.0954355,5217964.596,464210.8181,5.38932,353,TRUE,5.3,374,300
9825,2022/10/23 12:16,131.5285823,47.09549167,5217970.846,464209.8156,4.9078,354.8,TRUE,5.3,376,300
9826,2022/10/23 12:16,131.5285692,47.0955445,5217976.726,464208.8565,5.81528,352.2,TRUE,5.3,375,300
9827,2022/10/23 12:16,131.5285515,47.09560383,5217983.33,464207.5524,5.48192,350.3,TRUE,5.3,395,300
9828,2022/10/23 12:16,131.5285308,47.09565617,5217989.158,464206.016,5.22264,346.1,TRUE,5.3,372,300
9829,2022/10/23 12:16,131.5284842,47.09569783,5217993.811,464202.506,4.8152,343.8,TRUE,5.3,363,300
9830,2022/10/23 12:17,131.5284608,47.09572967,5217997.361,464200.7508,5.90788,343,TRUE,5.3,395,300
9831,2022/10/23 12:17,131.5284307,47.09577117,5218001.989,464198.4934,4.94484,338.6,TRUE,5.3,372,300
9832,2022/10/23 12:17,131.528411,47.0958235,5218007.815,464197.0329,5.03744,356.2,TRUE,5.3,367,300
9833,2022/10/23 12:17,131.528408,47.09588483,5218014.635,464196.8462,3.85216,15,TRUE,5.3,325,300
9834,2022/10/23 12:17,131.5284135,47.09594133,5218020.914,464197.3017,6.03752,28.2,TRUE,5.3,360,300
9835,2022/10/23 12:17,131.5284425,47.09598133,5218025.347,464199.5302,6.63016,44.5,FALSE,5.3,0,300
9836,2022/10/23 12:17,131.5284983,47.096012,5218028.731,464203.787,6.59312,61.5,FALSE,5.3,0,300
9837,2022/10/23 12:17,131.5285368,47.09600867,5218028.343,464206.7077,5.85232,68.9,FALSE,5.3,0,300
9838,2022/10/23 12:17,131.5286255,47.0960345,5218031.174,464213.459,5.79676,66.4,FALSE,5.3,0,300
9839,2022/10/23 12:17,131.5287098,47.09605533,5218033.452,464219.873,5.90788,104.8,FALSE,5.3,0,300
9840,2022/10/23 12:17,131.5287423,47.09602433,5218029.99,464222.3196,4.66704,152,TRUE,5.3,400,300
9841,2022/10/23 12:17,131.5287495,47.09599467,5218026.69,464222.8464,1.83348,149.4,TRUE,5.3,374,300
9842,2022/10/23 12:17,131.5287407,47.095999,5218027.175,464222.1812,0,0,FALSE,5.3,0,300
9843,2022/10/23 12:17,131.5287472,47.09597467,5218024.467,464222.6584,3.64844,165.8,TRUE,5.3,362,300
9844,2022/10/23 12:17,131.528773,47.09593267,5218019.786,464224.589,4.40776,167,TRUE,5.3,256,300
9845,2022/10/23 12:18,131.5288015,47.09589067,5218015.104,464226.7245,4.59296,160.4,TRUE,5.3,265,300
9846,2022/10/23 12:18,131.5288358,47.09585133,5218010.715,464229.3022,4.70408,158.2,TRUE,5.3,400,300
9847,2022/10/23 12:18,131.5288662,47.09581633,5218006.81,464231.5868,3.74104,157.6,TRUE,5.3,375,300
9848,2022/10/23 12:18,131.5288857,47.09576483,5218001.076,464233.0327,5.33376,159.7,TRUE,5.3,350,300
9849,2022/10/23 12:18,131.528934,47.09571033,5217994.995,464236.6631,6.42644,155.6,TRUE,5.3,352,300
9850,2022/10/23 12:18,131.5289667,47.0956625,5217989.662,464239.1137,4.92632,156.2,TRUE,5.3,350,300
9851,2022/10/23 12:18,131.5289982,47.09561933,5217984.849,464241.4763,4.88928,160.4,TRUE,5.3,366,300
9852,2022/10/23 12:18,131.529037,47.09557533,5217979.939,464244.3925,4.75964,158.1,TRUE,5.3,361,300
9853,2022/10/23 12:18,131.5290575,47.0955275,5217974.612,464245.9169,4.74112,152,TRUE,5.3,394,300
9854,2022/10/23 12:18,131.529065,47.09547017,5217968.236,464246.4479,3.0558,156.1,TRUE,5.3,372,300
9855,2022/10/23 12:18,131.5290757,47.09543,5217963.765,464247.2334,4.98188,154.3,TRUE,5.3,399,300
9856,2022/10/23 12:18,131.529107,47.095381,5217958.303,464249.5769,3.704,158.8,TRUE,5.3,400,300
9857,2022/10/23 12:18,131.5291242,47.0953395,5217953.682,464250.8549,4.96336,156.7,TRUE,5.3,375,300
9858,2022/10/23 12:18,131.5291462,47.09529283,5217948.483,464252.4939,4.3522,155.3,TRUE,5.3,369,300
9859,2022/10/23 12:18,131.529187,47.09524583,5217943.239,464255.5601,4.63,154.5,TRUE,5.3,354,300
9860,2022/10/23 12:19,131.5292205,47.09519517,5217937.592,464258.0695,5.25968,158,TRUE,5.3,371,300
9861,2022/10/23 12:19,131.5292445,47.095155,5217933.115,464259.8647,4.11144,154.1,TRUE,5.3,374,300
9862,2022/10/23 12:19,131.529262,47.09511333,5217928.475,464261.1654,4.75964,149.9,TRUE,5.3,396,300
9863,2022/10/23 12:19,131.5292778,47.09506483,5217923.076,464262.3325,4.61148,159.8,TRUE,5.3,365,300
9864,2022/10/23 12:19,131.529304,47.09501517,5217917.543,464264.2884,5.42636,153.5,TRUE,5.3,375,300
9865,2022/10/23 12:19,131.5293357,47.094963,5217911.728,464266.6602,4.66704,160,TRUE,5.3,359,300
9866,2022/10/23 12:19,131.5293598,47.09491117,5217905.955,464268.4553,5.20412,152,TRUE,5.3,400,300
9867,2022/10/23 12:19,131.5293862,47.094859,5217900.143,464270.4247,5.03744,155.5,TRUE,5.3,364,300
9868,2022/10/23 12:19,131.529407,47.09480917,5217894.594,464271.9705,4.27812,160.8,TRUE,5.3,360,300
9869,2022/10/23 12:19,131.5294363,47.094759,5217889.003,464274.1615,6.05604,159.8,TRUE,5.3,370,300
9870,2022/10/23 12:19,131.5294737,47.0947015,5217882.594,464276.9625,6.2968,158.8,TRUE,5.3,397,300
9871,2022/10/23 12:19,131.5295178,47.0946335,5217875.014,464280.2651,5.3708,156.3,TRUE,5.3,371,300
9872,2022/10/23 12:19,131.529538,47.09457917,5217868.965,464281.7624,5.556,160.9,TRUE,5.3,367,300
9873,2022/10/23 12:19,131.5295582,47.09451817,5217862.174,464283.2552,6.44496,160.9,TRUE,5.3,398,300
9874,2022/10/23 12:20,131.529589,47.094455,5217855.137,464285.5514,5.24116,159.3,TRUE,5.3,373,300
9875,2022/10/23 12:20,131.5296173,47.09439617,5217848.584,464287.6606,4.77816,159.1,TRUE,5.3,359,300
9876,2022/10/23 12:20,131.5296368,47.0943535,5217843.831,464289.1126,5.03744,161.3,TRUE,5.3,369,300
9877,2022/10/23 12:20,131.5296752,47.09429733,5217837.569,464291.9904,5.22264,161.6,TRUE,5.3,400,300
9878,2022/10/23 12:20,131.529707,47.09424567,5217831.812,464294.3702,5.20412,157.5,TRUE,5.3,397,300
9879,2022/10/23 12:20,131.5297333,47.09419167,5217825.796,464296.3309,5.85232,157.8,TRUE,5.3,369,300
9880,2022/10/23 12:20,131.5297637,47.09413683,5217819.686,464298.6022,5.16708,157.5,TRUE,5.3,376,300
9881,2022/10/23 12:20,131.5297868,47.09409383,5217814.895,464300.3273,4.18552,163.7,TRUE,5.3,375,300
9882,2022/10/23 12:20,131.5298097,47.09405167,5217810.197,464302.0378,4.27812,157.9,TRUE,5.3,309,300
9883,2022/10/23 12:20,131.5298368,47.09399633,5217804.033,464304.0583,6.25976,163.7,TRUE,5.3,400,300
9884,2022/10/23 12:20,131.5298653,47.093932,5217796.868,464306.1791,6.44496,157.1,TRUE,5.3,398,300
9885,2022/10/23 12:20,131.5299072,47.09386883,5217789.826,464309.318,5.66712,160.8,TRUE,5.3,354,300
9886,2022/10/23 12:20,131.529941,47.09380667,5217782.9,464311.8427,5.90788,166.5,TRUE,5.3,360,300
9887,2022/10/23 12:20,131.5299708,47.09374483,5217776.012,464314.0639,6.482,159.8,TRUE,5.3,356,300
9888,2022/10/23 12:20,131.5300115,47.093685,5217769.342,464317.1139,5.9264,160,TRUE,5.3,371,300
9889,2022/10/23 12:21,131.530044,47.09362617,5217762.787,464319.5421,5.53748,162.4,TRUE,5.3,357,300
9890,2022/10/23 12:21,131.5300738,47.09357017,5217756.547,464321.7672,7.0376,163.7,TRUE,5.3,362,300
9891,2022/10/23 12:21,131.5301028,47.09350983,5217749.826,464323.9287,5.81528,163.4,TRUE,5.3,376,300
9892,2022/10/23 12:21,131.5301342,47.09344933,5217743.086,464326.2723,6.05604,166.2,TRUE,5.3,363,300
9893,2022/10/23 12:21,131.5301687,47.09338783,5217736.233,464328.8506,5.87084,166.3,TRUE,5.3,358,300
9894,2022/10/23 12:21,131.5301932,47.09332917,5217729.7,464330.6715,7.05612,155,TRUE,5.3,362,300
9895,2022/10/23 12:21,131.5302263,47.09327333,5217723.477,464333.1473,4.85224,159.8,TRUE,5.3,370,300
9896,2022/10/23 12:21,131.5302545,47.0932275,5217718.369,464335.2577,4.167,167.2,TRUE,5.3,400,300
9897,2022/10/23 12:21,131.5302862,47.093183,5217713.408,464337.6348,5.72268,162.6,TRUE,5.3,374,300
9898,2022/10/23 12:21,131.5303188,47.09312967,5217707.464,464340.0743,7.07464,161.1,TRUE,5.3,357,300
9899,2022/10/23 12:21,131.5303533,47.09306433,5217700.184,464342.6501,6.2042,156.1,TRUE,5.3,375,300
9900,2022/10/23 12:21,131.5303847,47.09300867,5217693.982,464344.9969,6.83388,162.7,TRUE,5.3,365,300
9901,2022/10/23 12:21,131.5304158,47.092942,5217686.556,464347.3136,6.77832,164.2,TRUE,5.3,367,300
9902,2022/10/23 12:21,131.530453,47.09287883,5217679.516,464350.0959,6.81536,161.7,TRUE,5.3,351,300
9903,2022/10/23 12:21,131.5304837,47.092816,5217672.518,464352.3848,6.77832,162.7,TRUE,5.3,374,300
9904,2022/10/23 12:22,131.530519,47.0927535,5217665.553,464355.0232,6.61164,157.5,TRUE,5.3,400,300
9905,2022/10/23 12:22,131.5305563,47.09269067,5217658.551,464357.8133,6.22272,158.5,TRUE,5.3,361,300
9906,2022/10/23 12:22,131.530591,47.0926275,5217651.513,464360.4057,6.53756,156,TRUE,5.3,367,300
9907,2022/10/23 12:22,131.5306225,47.0925595,5217643.939,464362.7519,6.5746,156.2,TRUE,5.3,363,300
9908,2022/10/23 12:22,131.5306485,47.09249733,5217637.015,464364.6845,6.83388,162.4,TRUE,5.3,374,300
9909,2022/10/23 12:22,131.5306785,47.09243433,5217629.998,464366.9202,5.90788,163.9,TRUE,5.3,360,300
9910,2022/10/23 12:22,131.530699,47.0923825,5217624.226,464368.4421,6.37088,159.4,TRUE,5.3,396,300
9911,2022/10/23 12:22,131.5307468,47.09231967,5217617.219,464372.0294,6.55608,155.1,TRUE,5.3,369,300
9912,2022/10/23 12:22,131.530783,47.0922565,5217610.18,464374.7357,6.019,156.7,TRUE,5.3,374,300
9913,2022/10/23 12:22,131.5308142,47.09219967,5217603.848,464377.0667,6.88944,160.5,TRUE,5.3,395,300
9914,2022/10/23 12:22,131.530846,47.0921375,5217596.922,464379.4396,6.68572,154.2,TRUE,5.3,371,300
9915,2022/10/23 12:22,131.5308737,47.0920695,5217589.35,464381.4974,5.90788,160.8,TRUE,5.3,373,300
9916,2022/10/23 12:22,131.5308917,47.0920035,5217582.004,464382.8201,6.63016,162.7,TRUE,5.3,394,300
9917,2022/10/23 12:22,131.5309213,47.09193883,5217574.801,464385.0244,6.81536,161.7,TRUE,5.3,358,300
9918,2022/10/23 12:22,131.5309558,47.09188033,5217568.282,464387.6048,6.7598,156.7,TRUE,5.3,371,300
9919,2022/10/23 12:23,131.5309955,47.09182567,5217562.187,464390.5826,6.44496,166.4,TRUE,5.3,394,300
9920,2022/10/23 12:23,131.5310382,47.09176933,5217555.904,464393.787,5.63008,158.1,TRUE,5.3,359,300
9921,2022/10/23 12:23,131.531066,47.09171583,5217549.944,464395.8621,5.6486,158.8,TRUE,5.3,400,300
9922,2022/10/23 12:23,131.5311083,47.09165483,5217543.143,464399.0331,6.74128,161.3,TRUE,5.3,366,300
9923,2022/10/23 12:23,131.5311378,47.09158933,5217535.848,464401.2293,5.14856,157.5,TRUE,5.3,371,300
9924,2022/10/23 12:23,131.531168,47.09153367,5217529.646,464403.4852,6.945,160,TRUE,5.3,398,300
9925,2022/10/23 12:23,131.531198,47.09147733,5217523.369,464405.7254,6.64868,161.3,TRUE,5.3,368,300
9926,2022/10/23 12:23,131.531229,47.091416,5217516.537,464408.0382,6.3894,150.7,TRUE,5.3,374,300
9927,2022/10/23 12:23,131.531267,47.09135067,5217509.257,464410.8799,7.0376,162,TRUE,5.3,350,300
9928,2022/10/23 12:23,131.5312977,47.09128733,5217502.201,464413.1686,6.87092,161.6,TRUE,5.3,363,300
9929,2022/10/23 12:23,131.5313242,47.09122767,5217495.556,464415.1409,6.50052,159.8,TRUE,5.3,375,300
9930,2022/10/23 12:23,131.5313663,47.09117483,5217489.663,464418.3022,6.13012,159.8,TRUE,5.3,379,300
9931,2022/10/23 12:23,131.5314005,47.09111567,5217483.07,464420.8595,6.18568,164,TRUE,5.3,395,300
9932,2022/10/23 12:23,131.5314215,47.09106517,5217477.447,464422.4204,6.2042,162.6,TRUE,5.3,369,300
9933,2022/10/23 12:23,131.531456,47.09100683,5217470.945,464425.001,6.68572,165.2,TRUE,5.3,396,300
9934,2022/10/23 12:24,131.5314843,47.090945,5217464.059,464427.1085,6.6672,158.5,TRUE,5.3,366,300
9935,2022/10/23 12:24,131.5315157,47.09088367,5217457.226,464429.4518,6.27828,163.6,TRUE,5.3,367,300
9936,2022/10/23 12:24,131.5315332,47.090823,5217450.473,464430.7401,6.55608,160.3,TRUE,5.3,364,300
9937,2022/10/23 12:24,131.5315722,47.0907615,5217443.618,464433.6603,6.51904,163.8,TRUE,5.3,375,300
9938,2022/10/23 12:24,131.5316133,47.0907025,5217437.041,464436.7416,6.05604,161.3,TRUE,5.3,398,300
9939,2022/10/23 12:24,131.531641,47.090641,5217430.191,464438.8039,6.72276,158.2,TRUE,5.3,388,300
9940,2022/10/23 12:24,131.5316738,47.09058233,5217423.653,464441.2552,6.14864,160.7,TRUE,5.3,400,300
9941,2022/10/23 12:24,131.5317167,47.09052,5217416.705,464444.471,6.55608,160.8,TRUE,5.3,385,300
9942,2022/10/23 12:24,131.5317453,47.09046333,5217410.391,464446.6048,5.7412,163,TRUE,5.3,375,300
9943,2022/10/23 12:24,131.5317763,47.090412,5217404.671,464448.9244,5.01892,160.5,TRUE,5.3,282,300
9944,2022/10/23 12:24,131.5317917,47.09036483,5217399.42,464450.0623,4.74112,166.3,TRUE,5.3,354,300
9945,2022/10/23 12:24,131.5318203,47.09030317,5217392.552,464452.1928,6.31532,156,TRUE,5.3,398,300
9946,2022/10/23 12:24,131.5318503,47.09023867,5217385.368,464454.4277,6.16716,160.3,TRUE,5.3,400,300
9947,2022/10/23 12:24,131.5318738,47.09018167,5217379.02,464456.1741,5.22264,156.3,TRUE,5.3,360,300
9948,2022/10/23 12:24,131.5319085,47.09012233,5217372.408,464458.7693,6.1116,162.7,TRUE,5.3,393,300
9949,2022/10/23 12:25,131.5319342,47.0900625,5217365.744,464460.6809,6.37088,158.8,TRUE,5.3,392,300
9950,2022/10/23 12:25,131.5319728,47.090001,5217358.89,464463.5708,5.94492,166.9,TRUE,5.3,370,300
9951,2022/10/23 12:25,131.532003,47.08994,5217352.095,464465.8232,6.019,161.6,TRUE,5.3,374,300
9952,2022/10/23 12:25,131.5320457,47.0898775,5217345.127,464469.0238,6.7598,166.6,TRUE,5.3,365,300
9953,2022/10/23 12:25,131.5320827,47.08981433,5217338.087,464471.7911,6.53756,163.4,TRUE,5.3,357,300
9954,2022/10/23 12:25,131.5321095,47.089758,5217331.813,464473.7886,6.63016,169,TRUE,5.3,373,300
9955,2022/10/23 12:25,131.5321363,47.089693,5217324.574,464475.7802,6.6672,159.1,TRUE,5.3,363,300
9956,2022/10/23 12:25,131.5321708,47.08962533,5217317.036,464478.3548,6.16716,158.6,TRUE,5.3,377,300
9957,2022/10/23 12:25,131.5322025,47.08956533,5217310.351,464480.7218,6.61164,168.9,TRUE,5.3,374,300
9958,2022/10/23 12:25,131.5322355,47.0895065,5217303.796,464483.1884,6.09308,164.5,TRUE,5.3,368,300
9959,2022/10/23 12:25,131.532274,47.089447,5217297.164,464486.0721,6.22272,163.6,TRUE,5.3,398,300
9960,2022/10/23 12:25,131.5322987,47.0893855,5217290.315,464487.9066,6.44496,158.7,TRUE,5.3,381,300
9961,2022/10/23 12:25,131.5323265,47.08933033,5217284.169,464489.9808,5.35228,159.3,TRUE,5.3,346,300
9962,2022/10/23 12:25,131.5323555,47.08926917,5217277.357,464492.1421,6.019,162.9,TRUE,5.3,399,300
9963,2022/10/23 12:25,131.5323922,47.08920183,5217269.854,464494.8839,6.61164,159,TRUE,5.3,400,300
9964,2022/10/23 12:26,131.5324278,47.08913867,5217262.816,464497.545,6.90796,163.5,TRUE,5.3,377,300
9965,2022/10/23 12:26,131.53246,47.08907283,5217255.482,464499.9462,6.61164,166.5,TRUE,5.3,374,300
9966,2022/10/23 12:26,131.5324937,47.089011,5217248.593,464502.4639,6.55608,162.4,TRUE,5.3,396,300
9967,2022/10/23 12:26,131.5325325,47.08894717,5217241.479,464505.3676,6.55608,161.9,TRUE,5.3,371,300
9968,2022/10/23 12:26,131.5325717,47.08889117,5217235.236,464508.3068,6.14864,162.5,TRUE,5.3,396,300
9969,2022/10/23 12:26,131.532612,47.08882967,5217228.38,464511.3259,6.40792,161.7,TRUE,5.3,369,300
9970,2022/10/23 12:26,131.5326345,47.088771,5217221.847,464512.9954,6.8524,156.8,TRUE,5.3,356,300
9971,2022/10/23 12:26,131.5326658,47.08870533,5217214.533,464515.3284,6.019,166.2,TRUE,5.3,394,300
9972,2022/10/23 12:26,131.5327032,47.08864417,5217207.716,464518.1275,6.019,163.7,TRUE,5.3,381,300
9973,2022/10/23 12:26,131.5327352,47.08858267,5217200.865,464520.5165,6.37088,162.7,TRUE,5.3,400,300
9974,2022/10/23 12:26,131.5327627,47.08851983,5217193.866,464522.5628,6.81536,159.1,TRUE,5.3,387,300
9975,2022/10/23 12:26,131.5327998,47.08846117,5217187.328,464525.3409,5.61156,157.6,TRUE,5.3,400,300
9976,2022/10/23 12:26,131.5328277,47.08840817,5217181.423,464527.4241,5.51896,161.5,TRUE,5.3,363,300
9977,2022/10/23 12:26,131.5328557,47.08834633,5217174.536,464529.5091,6.27828,163.5,TRUE,5.3,367,300
9978,2022/10/23 12:26,131.5328898,47.08828767,5217167.999,464532.0594,6.50052,158.2,TRUE,5.3,368,300
9979,2022/10/23 12:27,131.5329165,47.08822467,5217160.983,464534.0449,5.8338,158.7,TRUE,5.3,367,300
9980,2022/10/23 12:27,131.5329447,47.08816883,5217154.762,464536.1491,6.22272,157.6,TRUE,5.3,365,300
9981,2022/10/23 12:27,131.532977,47.0881065,5217147.818,464538.5603,6.44496,161.9,TRUE,5.3,369,300
9982,2022/10/23 12:27,131.533006,47.08804633,5217141.116,464540.7224,5.77824,161.9,TRUE,5.3,365,300
9983,2022/10/23 12:27,131.533033,47.0879855,5217134.341,464542.7321,6.24124,163.1,TRUE,5.3,389,300
9984,2022/10/23 12:27,131.5330795,47.08792533,5217127.631,464546.223,6.05604,158.4,TRUE,5.3,369,300
9985,2022/10/23 12:27,131.5331147,47.08786783,5217121.222,464548.8576,6.44496,159.4,TRUE,5.3,366,300
9986,2022/10/23 12:27,131.533143,47.0878045,5217114.169,464550.9644,6.13012,160.4,TRUE,5.3,372,300
9987,2022/10/23 12:27,131.5331708,47.08774817,5217107.894,464553.0379,5.88936,155.9,TRUE,5.3,399,300
9988,2022/10/23 12:27,131.5332078,47.08768383,5217100.724,464555.8047,6.2042,154.7,TRUE,5.3,400,300
9989,2022/10/23 12:27,131.5332477,47.08762067,5217093.685,464558.7925,6.46348,154.4,TRUE,5.3,370,300
9990,2022/10/23 12:27,131.5332808,47.0875615,5217087.092,464561.2666,6.51904,163.7,TRUE,5.3,371,300
9991,2022/10/23 12:27,131.5333088,47.08750133,5217080.39,464563.3527,6.61164,161.2,TRUE,5.3,392,300
9992,2022/10/23 12:27,131.533351,47.0874385,5217073.386,464566.5154,6.51904,158.6,TRUE,5.3,365,300
9993,2022/10/23 12:27,131.5333712,47.08737483,5217066.298,464568.007,6.7598,164,TRUE,5.3,367,300
9994,2022/10/23 12:28,131.5333752,47.08731217,5217059.33,464568.2692,5.11152,162.4,TRUE,5.3,400,300
9995,2022/10/23 12:28,131.5334127,47.087259,5217053.402,464571.0814,4.70408,169.6,TRUE,5.3,400,300
9996,2022/10/23 12:28,131.5334408,47.08722,5217049.054,464573.1892,4.20404,167.1,TRUE,5.3,400,300
9997,2022/10/23 12:28,131.5334467,47.087171,5217043.604,464573.6047,6.22272,206.7,FALSE,5.3,0,300
9998,2022/10/23 12:28,131.533407,47.08712567,5217038.582,464570.5601,6.13012,203,TRUE,5.3,281,300
9999,2022/10/23 12:28,131.5333668,47.08708167,5217033.709,464567.4785,5.48192,200.4,TRUE,5.3,396,300
10000,2022/10/23 12:28,131.5333378,47.08702733,5217027.681,464565.2404,5.51896,201.5,TRUE,5.3,350,300
10001,2022/10/23 12:28,131.5333235,47.08696783,5217021.073,464564.1151,5.20412,193.7,TRUE,5.3,393,300
10002,2022/10/23 12:28,131.533307,47.08691783,5217015.521,464562.8291,5.77824,217.9,TRUE,5.3,400,300
10003,2022/10/23 12:28,131.53328,47.086871,5217010.327,464560.7478,6.14864,227.5,TRUE,5.3,395,300
10004,2022/10/23 12:28,131.5332277,47.0868355,5217006.405,464556.753,5.68564,271.5,FALSE,5.3,0,300
10005,2022/10/23 12:28,131.5332122,47.086842,5217007.134,464555.5804,5.66712,107.5,FALSE,5.3,0,300
10006,2022/10/23 12:28,131.5333038,47.08681133,5217003.683,464562.5155,5.51896,138.8,FALSE,5.3,0,300
10007,2022/10/23 12:28,131.5333593,47.08675983,5216997.933,464566.6956,4.46332,144.9,FALSE,5.3,0,300
10008,2022/10/23 12:28,131.5333852,47.08671933,5216993.418,464568.6354,0,145.7,FALSE,5.3,0,300
10009,2022/10/23 12:29,131.5333823,47.08671517,5216992.957,464568.4124,3.68548,340.7,FALSE,5.3,0,300
10010,2022/10/23 12:29,131.5333732,47.08673183,5216994.813,464567.7325,3.6114,330.2,TRUE,5.3,400,300
10011,2022/10/23 12:29,131.533348,47.08674983,5216996.826,464565.8309,2.11128,354.1,TRUE,5.3,400,300
10012,2022/10/23 12:29,131.533324,47.0867885,5217001.136,464564.0342,3.66696,341.4,TRUE,5.3,400,300
10013,2022/10/23 12:29,131.53329,47.08683383,5217006.191,464561.4825,4.3522,344.6,TRUE,5.3,398,300
10014,2022/10/23 12:29,131.5332403,47.08689183,5217012.661,464557.7471,4.55592,349.1,TRUE,5.3,374,300
10015,2022/10/23 12:29,131.5332022,47.08694367,5217018.442,464554.8885,6.2968,349.2,TRUE,5.3,400,300
10016,2022/10/23 12:29,131.5331572,47.08700533,5217025.317,464551.5125,6.16716,347.9,TRUE,5.3,400,300
10017,2022/10/23 12:29,131.5331315,47.08706767,5217032.259,464549.6024,5.7412,339.8,TRUE,5.3,400,300
10018,2022/10/23 12:29,131.533104,47.0871215,5217038.256,464547.5499,6.05604,339.6,TRUE,5.3,382,300
10019,2022/10/23 12:29,131.5330632,47.08718133,5217044.926,464544.4916,6.1116,345.2,TRUE,5.3,400,300
10020,2022/10/23 12:29,131.533034,47.08724133,5217051.609,464542.3142,6.18568,346.5,TRUE,5.3,399,300
10021,2022/10/23 12:29,131.5330077,47.08729783,5217057.903,464540.3547,6.05604,339.8,TRUE,5.3,398,300
10022,2022/10/23 12:29,131.5329772,47.08735833,5217064.642,464538.0789,5.87084,341.1,TRUE,5.3,400,300
10023,2022/10/23 12:29,131.5329383,47.0874195,5217071.46,464535.1658,5.38932,338.1,TRUE,5.3,400,300
10024,2022/10/23 12:30,131.5329143,47.08747633,5217077.789,464533.3812,5.24116,344.7,TRUE,5.3,369,300
10025,2022/10/23 12:30,131.5328862,47.08752817,5217083.565,464531.2819,4.87076,341.2,TRUE,5.3,400,300
10026,2022/10/23 12:30,131.5328695,47.087578,5217089.112,464530.0469,5.13004,344.3,TRUE,5.3,400,300
10027,2022/10/23 12:30,131.5328348,47.087631,5217095.02,464527.4473,5.79676,340,TRUE,5.3,400,300
10028,2022/10/23 12:30,131.532818,47.087683,5217100.809,464526.2061,5.87084,336.9,TRUE,5.3,397,300
10029,2022/10/23 12:30,131.5327875,47.0877365,5217106.77,464523.9258,5.6486,342.2,TRUE,5.3,400,300
10030,2022/10/23 12:30,131.5327672,47.08779583,5217113.375,464522.4238,5.50044,339.6,TRUE,5.3,400,300
10031,2022/10/23 12:30,131.5327343,47.0878515,5217119.579,464519.9626,5.70416,343.8,TRUE,5.3,399,300
10032,2022/10/23 12:30,131.5327048,47.087907,5217125.763,464517.7595,4.87076,338,TRUE,5.3,367,300
10033,2022/10/23 12:30,131.5326822,47.0879595,5217131.609,464516.0783,5.03744,335.2,TRUE,5.3,400,300
10034,2022/10/23 12:30,131.5326418,47.0880125,5217137.52,464513.0459,6.482,344.3,TRUE,5.3,400,300
10035,2022/10/23 12:30,131.5326077,47.08806817,5217143.724,464510.4936,5.87084,336,TRUE,5.3,390,300
10036,2022/10/23 12:30,131.5325765,47.0881245,5217150.001,464508.162,6.37088,342.8,TRUE,5.3,400,300
10037,2022/10/23 12:30,131.5325593,47.08818867,5217157.143,464506.8986,6.83388,344.4,TRUE,5.3,385,300
10038,2022/10/23 12:30,131.532513,47.0882725,5217166.483,464503.4387,7.01908,342.5,TRUE,5.3,395,300
10039,2022/10/23 12:31,131.5324788,47.08833733,5217173.706,464500.885,6.87092,343.1,TRUE,5.3,397,300
10040,2022/10/23 12:31,131.5324262,47.0884075,5217181.531,464496.9377,7.0376,341.4,TRUE,5.3,373,300
10041,2022/10/23 12:31,131.532393,47.08847817,5217189.402,464494.4638,6.70424,341.2,TRUE,5.3,400,300
10042,2022/10/23 12:31,131.5323708,47.08853583,5217195.823,464492.8164,6.59312,336.1,TRUE,5.3,393,300
10043,2022/10/23 12:31,131.5323348,47.0885995,5217202.917,464490.1253,6.40792,347,TRUE,5.3,370,300
10044,2022/10/23 12:31,131.5323047,47.08866633,5217210.361,464487.8842,6.40792,344.3,TRUE,5.3,377,300
10045,2022/10/23 12:31,131.5322753,47.0887275,5217217.174,464485.6925,6.92648,341.5,TRUE,5.3,392,300
10046,2022/10/23 12:31,131.5322352,47.08879217,5217224.382,464482.6907,5.01892,343.1,TRUE,5.3,400,300
10047,2022/10/23 12:31,131.5322,47.08884183,5217229.919,464480.051,5.53748,351.4,TRUE,5.3,400,300
10048,2022/10/23 12:31,131.5321675,47.08889833,5217236.215,464477.6209,5.51896,347.6,TRUE,5.3,400,300
10049,2022/10/23 12:31,131.5321328,47.08894983,5217241.956,464475.0203,5.79676,342,TRUE,5.3,400,300
10050,2022/10/23 12:31,131.5320998,47.08900683,5217248.308,464472.5526,5.98196,344.3,TRUE,5.3,375,300
10051,2022/10/23 12:31,131.5320668,47.08906517,5217254.809,464470.0857,5.53748,351.6,TRUE,5.3,397,300
10052,2022/10/23 12:31,131.5320285,47.08912733,5217261.737,464467.2189,5.87084,347.2,TRUE,5.3,375,300
10053,2022/10/23 12:31,131.5319987,47.08918917,5217268.625,464464.9974,5.42636,350,TRUE,5.3,380,300
10054,2022/10/23 12:32,131.5319767,47.08923933,5217274.211,464463.3603,5.05596,338.4,TRUE,5.3,394,300
10055,2022/10/23 12:32,131.531949,47.08930683,5217281.728,464461.302,5.94492,342,TRUE,5.3,376,300
10056,2022/10/23 12:32,131.5319245,47.0893635,5217288.039,464459.4794,6.09308,348.3,TRUE,5.3,375,300
10057,2022/10/23 12:32,131.5318843,47.089424,5217294.784,464456.4673,6.14864,343.3,TRUE,5.3,396,300
10058,2022/10/23 12:32,131.5318463,47.08948367,5217301.434,464453.6217,5.8338,339,TRUE,5.3,393,300
10059,2022/10/23 12:32,131.5318233,47.0895435,5217308.096,464451.9152,5.50044,347.5,TRUE,5.3,377,300
10060,2022/10/23 12:32,131.5317965,47.0896045,5217314.89,464449.9209,5.31524,342.2,TRUE,5.3,374,300
10061,2022/10/23 12:32,131.5317665,47.08966567,5217321.704,464447.6837,5.3708,340.3,TRUE,5.3,400,300
10062,2022/10/23 12:32,131.5317412,47.08971717,5217327.441,464445.797,5.7412,343.9,TRUE,5.3,394,300
10063,2022/10/23 12:32,131.5317023,47.0897875,5217335.277,464442.8902,5.44488,345.1,TRUE,5.3,369,300
10064,2022/10/23 12:32,131.5316688,47.08984817,5217342.037,464440.387,6.55608,343.5,TRUE,5.3,374,300
10065,2022/10/23 12:32,131.5316435,47.08990383,5217348.237,464438.503,6.16716,343.1,TRUE,5.3,400,300
10066,2022/10/23 12:32,131.5316033,47.08996667,5217355.241,464435.4925,6.37088,341.1,TRUE,5.3,376,300
10067,2022/10/23 12:32,131.5315697,47.09002533,5217361.778,464432.9804,5.85232,341.5,TRUE,5.3,367,300
10068,2022/10/23 12:32,131.531536,47.0900845,5217368.371,464430.461,6.07456,342.7,TRUE,5.3,396,300
10069,2022/10/23 12:33,131.5315045,47.0901395,5217374.5,464428.1059,5.44488,343.6,TRUE,5.3,400,300
10070,2022/10/23 12:33,131.5314672,47.09019717,5217380.928,464425.3122,5.50044,344.1,TRUE,5.3,399,300
10071,2022/10/23 12:33,131.5314362,47.09025083,5217386.908,464422.9942,6.09308,343.9,TRUE,5.3,396,300
10072,2022/10/23 12:33,131.5314053,47.09030883,5217393.37,464420.6867,6.18568,347.1,TRUE,5.3,393,300
10073,2022/10/23 12:33,131.5313788,47.090365,5217399.627,464418.712,5.16708,347.3,TRUE,5.3,395,300
10074,2022/10/23 12:33,131.5313548,47.09042783,5217406.622,464416.9316,5.88936,346.1,TRUE,5.3,400,300
10075,2022/10/23 12:33,131.5313292,47.09048717,5217413.231,464415.0273,6.24124,341.3,TRUE,5.3,400,300
10076,2022/10/23 12:33,131.5312965,47.09054383,5217419.545,464412.5823,5.35228,348.3,TRUE,5.3,365,300
10077,2022/10/23 12:33,131.531263,47.0906045,5217426.305,464410.0791,5.59304,343.7,TRUE,5.3,400,300
10078,2022/10/23 12:33,131.5312422,47.0906575,5217432.207,464408.5351,5.48192,338.7,TRUE,5.3,347,300
10079,2022/10/23 12:33,131.5312113,47.09071183,5217438.261,464406.2252,5.96344,345.1,TRUE,5.3,400,300
10080,2022/10/23 12:33,131.531192,47.090779,5217445.737,464404.8046,6.03752,340.2,TRUE,5.3,400,300
10081,2022/10/23 12:33,131.5311723,47.09083583,5217452.064,464403.3467,6.24124,344.5,TRUE,5.3,388,300
10082,2022/10/23 12:33,131.5311325,47.09088967,5217458.067,464400.3607,5.66712,340.4,TRUE,5.3,370,300
10083,2022/10/23 12:33,131.531085,47.09094,5217463.684,464396.7877,5.94492,348.4,TRUE,5.3,400,300
10084,2022/10/23 12:34,131.5310403,47.09100767,5217471.228,464393.4389,5.59304,340.9,TRUE,5.3,400,300
10085,2022/10/23 12:34,131.5310282,47.091067,5217477.829,464392.5597,6.27828,346,TRUE,5.3,398,300
10086,2022/10/23 12:34,131.5310047,47.09112683,5217484.491,464390.8153,5.85232,346.7,TRUE,5.3,400,300
10087,2022/10/23 12:34,131.5309847,47.0911825,5217490.689,464389.3339,6.1116,344.1,TRUE,5.3,400,300
10088,2022/10/23 12:34,131.5309707,47.09124133,5217497.236,464388.3101,5.8338,347,TRUE,5.3,398,300
10089,2022/10/23 12:34,131.5309253,47.0912955,5217503.279,464384.8992,6.31532,340.6,TRUE,5.3,399,300
10090,2022/10/23 12:34,131.530883,47.091356,5217510.024,464381.7278,5.9264,344.9,TRUE,5.3,400,300
10091,2022/10/23 12:34,131.5308577,47.09141167,5217516.224,464379.844,6.68572,341.7,TRUE,5.3,400,300
10092,2022/10/23 12:34,131.5308172,47.0914695,5217522.672,464376.8076,5.98196,343,TRUE,5.3,372,300
10093,2022/10/23 12:34,131.5307808,47.09152683,5217529.062,464374.0821,5.50044,340.4,TRUE,5.3,384,300
10094,2022/10/23 12:34,131.5307397,47.09157933,5217534.917,464370.9966,6.07456,338.7,TRUE,5.3,400,300
10095,2022/10/23 12:34,131.5307112,47.09163483,5217541.1,464368.8697,6.37088,345.4,TRUE,5.3,393,300
10096,2022/10/23 12:34,131.5306865,47.09170117,5217548.487,464367.0386,5.7412,346.8,TRUE,5.3,399,300
10097,2022/10/23 12:34,131.5306588,47.09175517,5217554.503,464364.9715,6.2968,336.3,TRUE,5.3,388,300
10098,2022/10/23 12:34,131.5306218,47.09181217,5217560.856,464362.2002,5.7412,344.3,TRUE,5.3,374,300
10099,2022/10/23 12:35,131.530599,47.09187133,5217567.444,464360.5086,5.50044,347.9,TRUE,5.3,379,300
10100,2022/10/23 12:35,131.5305688,47.091932,5217574.202,464358.2561,6.40792,344.6,TRUE,5.3,394,300
10101,2022/10/23 12:35,131.5305398,47.091993,5217580.997,464356.095,6.5746,344.1,TRUE,5.3,400,300
10102,2022/10/23 12:35,131.5304888,47.0920495,5217587.302,464352.2605,5.90788,342.7,TRUE,5.3,375,300
10103,2022/10/23 12:35,131.5304717,47.09211633,5217594.739,464351.0068,5.87084,338.7,TRUE,5.3,398,300
10104,2022/10/23 12:35,131.5304508,47.09217817,5217601.623,464349.4612,6.59312,339.6,TRUE,5.3,397,300
10105,2022/10/23 12:35,131.53042,47.09223417,5217607.863,464347.1601,6.019,351.5,TRUE,5.3,373,300
10106,2022/10/23 12:35,131.53039,47.09229233,5217614.343,464344.9212,6.37088,337.8,TRUE,5.3,364,300
10107,2022/10/23 12:35,131.5303558,47.0923465,5217620.38,464342.3607,5.66712,343.7,TRUE,5.3,372,300
10108,2022/10/23 12:35,131.5303117,47.09240367,5217626.756,464339.0506,5.98196,342.9,TRUE,5.3,361,300
10109,2022/10/23 12:35,131.5302878,47.09246117,5217633.16,464337.2744,6.019,346.4,TRUE,5.3,400,300
10110,2022/10/23 12:35,131.5302707,47.09251683,5217639.355,464336.0133,5.6486,347.7,TRUE,5.3,376,300
10111,2022/10/23 12:35,131.530244,47.0925755,5217645.89,464334.0252,5.79676,347.4,TRUE,5.3,361,300
10112,2022/10/23 12:35,131.530209,47.09263333,5217652.335,464331.4065,5.79676,347.4,TRUE,5.3,371,300
10113,2022/10/23 12:35,131.5301652,47.09269233,5217658.914,464328.1204,6.40792,342.6,TRUE,5.3,368,300
10114,2022/10/23 12:36,131.5301415,47.09274983,5217665.317,464326.3594,5.8338,344,TRUE,5.3,400,300
10115,2022/10/23 12:36,131.530108,47.09281083,5217672.114,464323.8567,5.42636,344.3,TRUE,5.3,366,300
10116,2022/10/23 12:36,131.530076,47.092866,5217678.262,464321.464,6.33384,341.4,TRUE,5.3,400,300
10117,2022/10/23 12:36,131.5300443,47.09292183,5217684.483,464319.0945,5.66712,347.6,TRUE,5.3,395,300
10118,2022/10/23 12:36,131.5300157,47.09297633,5217690.555,464316.9594,5.6486,348.1,TRUE,5.3,400,300
10119,2022/10/23 12:36,131.5299838,47.09303067,5217696.611,464314.5738,5.87084,338.8,TRUE,5.3,396,300
10120,2022/10/23 12:36,131.529952,47.09308867,5217703.073,464312.1982,4.9078,351.1,TRUE,5.3,375,300
10121,2022/10/23 12:36,131.5299295,47.093146,5217709.457,464310.5282,4.51888,347.4,TRUE,5.3,397,300
10122,2022/10/23 12:36,131.5299088,47.09318883,5217714.228,464308.9852,5.40784,343.2,TRUE,5.3,376,300
10123,2022/10/23 12:36,131.5298972,47.09324333,5217720.292,464308.1409,5.556,350.7,TRUE,5.3,388,300
10124,2022/10/23 12:36,131.5298555,47.09329467,5217726.019,464305.0092,5.38932,343.3,TRUE,5.3,398,300
10125,2022/10/23 12:36,131.5298278,47.09334233,5217731.33,464302.9379,5.11152,351.6,TRUE,5.3,373,300
10126,2022/10/23 12:36,131.5297915,47.09339583,5217737.294,464300.2177,5.66712,336.5,TRUE,5.3,399,300
10127,2022/10/23 12:36,131.5297672,47.09345133,5217743.475,464298.4098,6.07456,346.5,TRUE,5.3,375,300
10128,2022/10/23 12:36,131.5297422,47.09350617,5217749.584,464296.5484,5.05596,348.5,TRUE,5.3,400,300
10129,2022/10/23 12:37,131.529708,47.09355267,5217754.769,464293.9829,5.42636,344.4,TRUE,5.3,400,300
10130,2022/10/23 12:37,131.5296748,47.09360183,5217760.249,464291.4951,6.1116,343.6,TRUE,5.3,383,300
10131,2022/10/23 12:37,131.5296593,47.093659,5217766.612,464290.3566,6.13012,344.9,TRUE,5.3,355,300
10132,2022/10/23 12:37,131.5296257,47.093714,5217772.742,464287.8423,5.44488,344,TRUE,5.3,398,300
10133,2022/10/23 12:37,131.529595,47.09377,5217778.981,464285.5489,5.88936,341,TRUE,5.3,400,300
10134,2022/10/23 12:37,131.5295605,47.0938345,5217786.168,464282.9727,5.11152,347.6,TRUE,5.3,377,300
10135,2022/10/23 12:37,131.5295225,47.09389417,5217792.819,464280.1276,5.59304,343.8,TRUE,5.3,375,300
10136,2022/10/23 12:37,131.5295127,47.09393633,5217797.51,464279.4117,5.59304,342.7,TRUE,5.3,372,300
10137,2022/10/23 12:37,131.5294843,47.09398667,5217803.12,464277.2892,5.53748,349,TRUE,5.3,400,300
10138,2022/10/23 12:37,131.5294525,47.0940355,5217808.563,464274.9075,5.9264,343.2,TRUE,5.3,397,300
10139,2022/10/23 12:37,131.5294183,47.094088,5217814.415,464272.3461,4.7226,342.7,TRUE,5.3,374,300
10140,2022/10/23 12:37,131.529391,47.09413267,5217819.393,464270.3033,5.31524,342.4,TRUE,5.3,399,300
10141,2022/10/23 12:37,131.5293648,47.09418717,5217825.464,464268.3506,4.94484,342.5,TRUE,5.3,377,300
10142,2022/10/23 12:37,131.5293275,47.0942355,5217830.854,464265.551,4.59296,342.5,TRUE,5.3,375,300
10143,2022/10/23 12:37,131.5293005,47.0942855,5217836.425,464263.5346,6.00048,343.5,TRUE,5.3,370,300
10144,2022/10/23 12:38,131.5292747,47.09434667,5217843.237,464261.6167,4.98188,341.5,TRUE,5.3,347,300
10145,2022/10/23 12:38,131.5292538,47.094399,5217849.065,464260.065,4.01884,350.9,TRUE,5.3,285,300
10146,2022/10/23 12:38,131.5292373,47.09444983,5217854.723,464258.8463,7.0376,341,TRUE,5.3,361,300
10147,2022/10/23 12:38,131.5291985,47.09450217,5217860.56,464255.9355,4.94484,337.6,TRUE,5.3,267,300
10148,2022/10/23 12:38,131.5291613,47.0945515,5217866.061,464253.1443,6.1116,342.5,TRUE,5.3,356,300
10149,2022/10/23 12:38,131.5291405,47.0946005,5217871.518,464251.5979,5.6486,345.1,TRUE,5.3,356,300
10150,2022/10/23 12:38,131.5291178,47.09464967,5217876.994,464249.9074,4.2596,347.5,TRUE,5.3,359,300
10151,2022/10/23 12:38,131.5290973,47.09470233,5217882.858,464248.3862,6.16716,340.6,TRUE,5.3,361,300
10152,2022/10/23 12:38,131.5290563,47.0947605,5217889.344,464245.3124,4.31516,342.7,TRUE,5.3,354,300
10153,2022/10/23 12:38,131.5290302,47.094819,5217895.859,464243.37,5.85232,341.4,TRUE,5.3,377,300
10154,2022/10/23 12:38,131.5289985,47.09487367,5217901.952,464240.9999,5.61156,344.4,TRUE,5.3,361,300
10155,2022/10/23 12:38,131.5289628,47.09493017,5217908.249,464238.3273,6.1116,344.3,TRUE,5.3,368,300
10156,2022/10/23 12:38,131.5289333,47.0949905,5217914.97,464236.1281,6.7598,346.1,TRUE,5.3,350,300
10157,2022/10/23 12:38,131.528896,47.09505217,5217921.843,464233.3375,7.24132,340.3,TRUE,5.3,395,300
10158,2022/10/23 12:38,131.5288595,47.09510567,5217927.807,464230.6022,6.019,345.5,TRUE,5.3,393,300
10159,2022/10/23 12:39,131.5288342,47.09516217,5217934.1,464228.7193,5.88936,347.9,TRUE,5.3,373,300
10160,2022/10/23 12:39,131.5288203,47.0952115,5217939.59,464227.697,6.482,341.3,TRUE,5.3,400,300
10161,2022/10/23 12:39,131.5287912,47.09526367,5217945.404,464225.5226,5.77824,339.1,TRUE,5.3,357,300
10162,2022/10/23 12:39,131.5287572,47.095321,5217951.793,464222.9797,5.13004,345.5,TRUE,5.3,373,300
10163,2022/10/23 12:39,131.5287365,47.0953625,5217956.416,464221.436,4.9078,340.9,TRUE,5.3,364,300
10164,2022/10/23 12:39,131.5286878,47.09540433,5217961.088,464217.7667,5.72268,342.7,TRUE,5.3,353,300
10165,2022/10/23 12:39,131.5286612,47.09546117,5217967.42,464215.7853,5.9264,337.4,TRUE,5.3,400,300
10166,2022/10/23 12:39,131.528644,47.09550983,5217972.837,464214.5121,5.4634,343.8,TRUE,5.3,374,300
10167,2022/10/23 12:39,131.5286202,47.0955705,5217979.593,464212.7458,5.14856,339.4,TRUE,5.3,361,300
10168,2022/10/23 12:39,131.5285862,47.09563183,5217986.427,464210.2056,4.7226,353.4,TRUE,5.3,400,300
10169,2022/10/23 12:39,131.5285562,47.09567533,5217991.276,464207.9572,4.75964,339.9,TRUE,5.3,357,300
10170,2022/10/23 12:39,131.5285298,47.09573933,5217998.403,464205.9958,4.20404,340.9,TRUE,5.3,395,300
10171,2022/10/23 12:39,131.5284988,47.09578683,5218003.698,464203.6741,4.9078,346.2,TRUE,5.3,364,300
10172,2022/10/23 12:39,131.528478,47.0958435,5218010.008,464202.1329,6.16716,344.4,TRUE,5.3,395,300
10173,2022/10/23 12:39,131.5284547,47.095898,5218016.078,464200.4005,5.9264,337.1,TRUE,5.3,400,300
10174,2022/10/23 12:40,131.528443,47.09593917,5218020.66,464199.5399,2.57428,350.3,TRUE,5.3,400,300
10175,2022/10/23 12:40,131.5284365,47.09596033,5218023.015,464199.0606,4.8152,343.4,TRUE,5.3,400,300
10176,2022/10/23 12:40,131.5284243,47.0959905,5218026.375,464198.1546,0,0,FALSE,5.3,0,300
10177,2022/10/23 12:40,131.528435,47.0959795,5218025.147,464198.9595,3.6114,134.6,FALSE,5.3,0,300
10178,2022/10/23 12:40,131.5284817,47.095955,5218022.402,464202.4886,5.61156,108.6,FALSE,5.3,0,300
10179,2022/10/23 12:40,131.5285148,47.09594517,5218021.294,464204.9949,4.64852,283.3,FALSE,5.3,0,300
10180,2022/10/23 12:40,131.5284478,47.09595133,5218022.01,464199.9124,3.09284,227.1,FALSE,5.3,0,300
10181,2022/10/23 12:40,131.5284092,47.09593617,5218020.342,464196.9718,2.05572,172.9,FALSE,5.3,0,300
10182,2022/10/23 12:40,131.5283465,47.09593217,5218019.926,464192.2089,5.01892,346.8,FALSE,5.3,0,300
10183,2022/10/23 12:40,131.5282707,47.095958,5218022.832,464186.4715,3.68548,340.8,FALSE,5.3,0,300
10184,2022/10/23 12:40,131.5282185,47.095977,5218024.968,464182.5213,0,353.1,FALSE,5.3,0,300
10185,2022/10/23 12:40,131.5282122,47.09596167,5218023.267,464182.0327,3.64844,160.1,TRUE,5.3,87,300
10186,2022/10/23 12:40,131.5282352,47.09591983,5218018.605,464183.7508,4.85224,187.4,TRUE,5.3,215,300
10187,2022/10/23 12:40,131.5282388,47.09587283,5218013.378,464183.9926,3.96328,167.2,TRUE,5.3,372,300
10188,2022/10/23 12:40,131.52823,47.09582833,5218008.435,464183.2947,5.22264,178.5,TRUE,5.3,373,300
10189,2022/10/23 12:41,131.5282525,47.095779,5218002.941,464184.9698,5.0004,155,TRUE,5.3,372,300
10190,2022/10/23 12:41,131.5282812,47.09571667,5217995.998,464187.1069,6.18568,171.4,TRUE,5.3,377,300
10191,2022/10/23 12:41,131.5282987,47.095648,5217988.356,464188.3895,5.093,157.6,TRUE,5.3,385,300
10192,2022/10/23 12:41,131.5283413,47.09556117,5217978.683,464191.5654,6.55608,164.9,TRUE,5.3,370,300
10193,2022/10/23 12:41,131.5284002,47.09548983,5217970.725,464195.9893,5.03744,163,TRUE,5.3,359,300
10194,2022/10/23 12:41,131.5284258,47.09541367,5217962.247,464197.8818,6.40792,164,TRUE,5.3,400,300
10195,2022/10/23 12:41,131.5284435,47.09536567,5217956.902,464199.1934,5.13004,152.8,TRUE,5.3,393,300
10196,2022/10/23 12:41,131.5284787,47.09531417,5217951.161,464201.8313,6.00048,163.5,TRUE,5.3,387,300
10197,2022/10/23 12:41,131.5285138,47.09525217,5217944.252,464204.4546,6.07456,164.3,TRUE,5.3,400,300
10198,2022/10/23 12:41,131.5285508,47.0951975,5217938.157,464207.227,6.24124,164.6,TRUE,5.3,374,300
10199,2022/10/23 12:41,131.5285817,47.0951265,5217930.25,464209.5254,5.96344,169.2,TRUE,5.3,400,300
10200,2022/10/23 12:41,131.528617,47.0950615,5217923.008,464212.1618,4.77816,158.7,TRUE,5.3,400,300
10201,2022/10/23 12:41,131.5286335,47.09501067,5217917.349,464213.3805,5.85232,163.7,TRUE,5.3,400,300
10202,2022/10/23 12:41,131.5286372,47.09495783,5217911.473,464213.626,5.90788,170.6,TRUE,5.3,391,300
10203,2022/10/23 12:41,131.5286882,47.094911,5217906.244,464217.4666,6.16716,154.5,TRUE,5.3,397,300
10204,2022/10/23 12:42,131.5287248,47.09485967,5217900.52,464220.2109,5.70416,160.8,TRUE,5.3,396,300
10205,2022/10/23 12:42,131.5287687,47.094809,5217894.867,464223.5099,4.48184,161.7,TRUE,5.3,369,300
10206,2022/10/23 12:42,131.528802,47.09476283,5217889.719,464226.0072,5.48192,156.3,TRUE,5.3,400,300
10207,2022/10/23 12:42,131.5288513,47.09469367,5217882.008,464229.7038,5.2782,159.3,TRUE,5.3,373,300
10208,2022/10/23 12:42,131.5288875,47.094636,5217875.58,464232.4135,5.4634,167.8,TRUE,5.3,400,300
10209,2022/10/23 12:42,131.5289032,47.09457767,5217869.088,464233.5664,4.88928,163.8,TRUE,5.3,400,300
10210,2022/10/23 12:42,131.528917,47.09452517,5217863.245,464234.579,3.92624,164.5,TRUE,5.3,393,300
10211,2022/10/23 12:42,131.5289225,47.09448933,5217859.258,464234.9726,6.09308,156.2,TRUE,5.3,374,300
10212,2022/10/23 12:42,131.5289632,47.09443233,5217852.903,464238.0244,4.83372,166,TRUE,5.3,367,300
10213,2022/10/23 12:42,131.5290058,47.09437233,5217846.213,464241.2185,4.8152,163.9,TRUE,5.3,262,300
10214,2022/10/23 12:42,131.5290268,47.0943075,5217838.996,464242.7695,5.75972,167.6,TRUE,5.3,371,300
10215,2022/10/23 12:42,131.5290555,47.094258,5217833.48,464244.9153,6.31532,169.2,TRUE,5.3,353,300
10216,2022/10/23 12:42,131.529082,47.09419967,5217826.983,464246.8882,5.90788,167.9,TRUE,5.3,373,300
10217,2022/10/23 12:42,131.5291042,47.09413383,5217819.653,464248.5296,5.87084,159.4,TRUE,5.3,356,300
10218,2022/10/23 12:42,131.5291362,47.094076,5217813.21,464250.9204,5.81528,168.2,TRUE,5.3,269,300
10219,2022/10/23 12:43,131.5291665,47.09402583,5217807.618,464253.1873,6.37088,162,TRUE,5.3,368,300
10220,2022/10/23 12:43,131.5292102,47.09396783,5217801.15,464256.4663,5.63008,172.1,TRUE,5.3,345,300
10221,2022/10/23 12:43,131.529235,47.09390883,5217794.58,464258.3097,6.2968,154.3,TRUE,5.3,367,300
10222,2022/10/23 12:43,131.529277,47.09385683,5217788.78,464261.4636,5.556,165.6,TRUE,5.3,359,300
10223,2022/10/23 12:43,131.5293305,47.09380883,5217783.419,464265.4934,6.2968,158.4,TRUE,5.3,367,300
10224,2022/10/23 12:43,131.5293593,47.0937555,5217777.477,464267.6443,5.31524,166.2,TRUE,5.3,356,300
10225,2022/10/23 12:43,131.5293872,47.093698,5217771.072,464269.724,4.50036,163.9,TRUE,5.3,371,300
10226,2022/10/23 12:43,131.5294185,47.09364517,5217765.184,464272.0651,5.33376,158.1,TRUE,5.3,362,300
10227,2022/10/23 12:43,131.5294498,47.09360217,5217760.39,464274.4127,4.94484,158.2,TRUE,5.3,268,300
10228,2022/10/23 12:43,131.5294918,47.0935455,5217754.07,464277.5636,4.75964,162.8,TRUE,5.3,356,300
10229,2022/10/23 12:43,131.5295258,47.093496,5217748.552,464280.1119,5.66712,149.9,TRUE,5.3,400,300
10230,2022/10/23 12:43,131.529555,47.09344483,5217742.85,464282.2946,5.4634,165,TRUE,5.3,360,300
10231,2022/10/23 12:43,131.5295738,47.09338817,5217736.542,464283.6841,4.87076,166.4,TRUE,5.3,370,300
10232,2022/10/23 12:43,131.5296027,47.0933455,5217731.785,464285.8497,5.1856,157.5,TRUE,5.3,360,300
10233,2022/10/23 12:43,131.5296405,47.09329017,5217725.617,464288.6826,6.07456,161.4,TRUE,5.3,352,300
10234,2022/10/23 12:44,131.5296742,47.09323267,5217719.209,464291.2028,6.40792,159.3,TRUE,5.3,344,300
10235,2022/10/23 12:44,131.5297057,47.09317283,5217712.542,464293.5544,6.81536,159.7,TRUE,5.3,387,300
10236,2022/10/23 12:44,131.5297228,47.093118,5217706.439,464294.8161,6.00048,160.3,TRUE,5.3,350,300
10237,2022/10/23 12:44,131.5297443,47.09306183,5217700.184,464296.4109,5.16708,163.1,TRUE,5.3,370,300
10238,2022/10/23 12:44,131.5297718,47.09301183,5217694.613,464298.4654,6.72276,158.1,TRUE,5.3,358,300
10239,2022/10/23 12:44,131.5298065,47.09295283,5217688.038,464301.0605,6.13012,160.7,TRUE,5.3,361,300
10240,2022/10/23 12:44,131.5298492,47.09288833,5217680.848,464304.2593,5.0004,156.8,TRUE,5.3,362,300
10241,2022/10/23 12:44,131.5298912,47.09282883,5217674.214,464307.4084,6.37088,156.1,TRUE,5.3,374,300
10242,2022/10/23 12:44,131.5299133,47.09277517,5217668.238,464309.0505,6.019,160.8,TRUE,5.3,370,300
10243,2022/10/23 12:44,131.529939,47.09271717,5217661.779,464310.963,5.31524,159.7,TRUE,5.3,365,300
10244,2022/10/23 12:44,131.5299707,47.092656,5217654.964,464313.3289,6.1116,160.7,TRUE,5.3,352,300
10245,2022/10/23 12:44,131.5300172,47.09260267,5217649.014,464316.8237,6.3894,159.3,TRUE,5.3,400,300
10246,2022/10/23 12:44,131.5300543,47.09254633,5217642.733,464319.6029,6.2968,163,TRUE,5.3,362,300
10247,2022/10/23 12:44,131.530091,47.09248067,5217635.417,464322.3455,6.05604,159.6,TRUE,5.3,376,300
10248,2022/10/23 12:44,131.5301198,47.09240917,5217627.455,464324.4844,6.42644,153.9,TRUE,5.3,376,300
10249,2022/10/23 12:45,131.53015,47.09233967,5217619.715,464326.7309,6.2042,160.1,TRUE,5.3,400,300
10250,2022/10/23 12:45,131.5301892,47.09228533,5217613.656,464329.6708,4.51888,170.4,TRUE,5.3,369,300
10251,2022/10/23 12:45,131.5301975,47.0922415,5217608.779,464330.2717,6.16716,163.4,TRUE,5.3,400,300
10252,2022/10/23 12:45,131.5302375,47.09218817,5217602.832,464333.2731,5.556,161.2,TRUE,5.3,400,300
10253,2022/10/23 12:45,131.5302732,47.09213267,5217596.646,464335.9466,5.77824,160.2,TRUE,5.3,400,300
10254,2022/10/23 12:45,131.5303157,47.092073,5217589.993,464339.1336,5.14856,167.9,TRUE,5.3,398,300
10255,2022/10/23 12:45,131.5303527,47.09201467,5217583.491,464341.9039,5.85232,160.6,TRUE,5.3,373,300
10256,2022/10/23 12:45,131.5303813,47.09196083,5217577.493,464344.0394,5.9264,162.8,TRUE,5.3,373,300
10257,2022/10/23 12:45,131.5304117,47.0918965,5217570.327,464346.3046,5.31524,163,TRUE,5.3,355,300
10258,2022/10/23 12:45,131.5304507,47.09183167,5217563.102,464349.2224,6.42644,161.5,TRUE,5.3,398,300
10259,2022/10/23 12:45,131.5304875,47.0917735,5217556.619,464351.9777,6.59312,160.7,TRUE,5.3,371,300
10260,2022/10/23 12:45,131.5305022,47.09171133,5217549.7,464353.0523,5.75972,165.7,TRUE,5.3,399,300
10261,2022/10/23 12:45,131.5305347,47.0916505,5217542.923,464355.4793,5.94492,165.3,TRUE,5.3,384,300
10262,2022/10/23 12:45,131.530557,47.09159983,5217537.28,464357.1386,5.88936,163.9,TRUE,5.3,366,300
10263,2022/10/23 12:45,131.5306008,47.09153717,5217530.294,464360.4224,5.75972,160.9,TRUE,5.3,368,300
10264,2022/10/23 12:46,131.5306373,47.0914745,5217523.31,464363.1518,5.61156,168.2,TRUE,5.3,393,300
10265,2022/10/23 12:46,131.530667,47.0914155,5217516.737,464365.3675,6.2968,155.8,TRUE,5.3,395,300
10266,2022/10/23 12:46,131.5307017,47.09135467,5217509.959,464367.9615,6.13012,156.1,TRUE,5.3,395,300
10267,2022/10/23 12:46,131.530732,47.091295,5217503.311,464370.2223,6.1116,170.6,TRUE,5.3,367,300
10268,2022/10/23 12:46,131.5307437,47.09123533,5217496.672,464371.0709,5.57452,163.4,TRUE,5.3,400,300
10269,2022/10/23 12:46,131.5307567,47.091178,5217490.293,464372.0197,6.05604,167.8,TRUE,5.3,400,300
10270,2022/10/23 12:46,131.5307955,47.091122,5217484.049,464374.9283,5.77824,159.3,TRUE,5.3,371,300
10271,2022/10/23 12:46,131.5308363,47.091064,5217477.583,464377.9874,5.98196,163.6,TRUE,5.3,366,300
10272,2022/10/23 12:46,131.5308745,47.09100767,5217471.303,464380.8502,6.2042,164.1,TRUE,5.3,400,300
10273,2022/10/23 12:46,131.530917,47.09094383,5217464.187,464384.0345,6.22272,166.3,TRUE,5.3,374,300
10274,2022/10/23 12:46,131.530951,47.0908855,5217457.686,464386.5772,6.55608,163.8,TRUE,5.3,369,300
10275,2022/10/23 12:46,131.5309995,47.09082467,5217450.902,464390.2191,6.92648,159.4,TRUE,5.3,393,300
10276,2022/10/23 12:46,131.53102,47.09077233,5217445.074,464391.7407,5.8338,166.4,TRUE,5.3,395,300
10277,2022/10/23 12:46,131.5310458,47.0907195,5217439.189,464393.6644,5.70416,157.2,TRUE,5.3,373,300
10278,2022/10/23 12:46,131.5310828,47.090666,5217433.224,464396.438,6.42644,161.3,TRUE,5.3,365,300
10279,2022/10/23 12:47,131.5311098,47.090604,5217426.319,464398.4467,5.48192,169.9,TRUE,5.3,365,300
10280,2022/10/23 12:47,131.5311462,47.09055017,5217420.318,464401.1746,6.33384,161.8,TRUE,5.3,400,300
10281,2022/10/23 12:47,131.5311833,47.09049417,5217414.076,464403.9542,6.24124,158.2,TRUE,5.3,400,300
10282,2022/10/23 12:47,131.5312122,47.090431,5217407.04,464406.1064,5.8338,164.7,TRUE,5.3,400,300
10283,2022/10/23 12:47,131.5312363,47.0903785,5217401.192,464407.9013,5.42636,160.8,TRUE,5.3,365,300
10284,2022/10/23 12:47,131.5312622,47.09032683,5217395.436,464409.8334,6.59312,158.9,TRUE,5.3,373,300
10285,2022/10/23 12:47,131.5312893,47.09027283,5217389.42,464411.8551,6.59312,159.8,TRUE,5.3,392,300
10286,2022/10/23 12:47,131.5313305,47.09020667,5217382.047,464414.9392,5.40784,160.1,TRUE,5.3,400,300
10287,2022/10/23 12:47,131.5313662,47.090145,5217375.174,464417.6088,6.68572,158.8,TRUE,5.3,375,300
10288,2022/10/23 12:47,131.5314035,47.09008467,5217368.45,464420.4007,6.25976,162.4,TRUE,5.3,372,300
10289,2022/10/23 12:47,131.5314278,47.09002983,5217362.343,464422.2092,6.14864,163.3,TRUE,5.3,371,300
10290,2022/10/23 12:47,131.5314618,47.08997417,5217356.139,464424.7537,6.18568,162.2,TRUE,5.3,361,300
10291,2022/10/23 12:47,131.5314875,47.08991167,5217349.179,464426.6635,6.16716,164.3,TRUE,5.3,374,300
10292,2022/10/23 12:47,131.5315173,47.08984733,5217342.013,464428.8833,6.87092,159.2,TRUE,5.3,398,300
10293,2022/10/23 12:47,131.5315572,47.08977617,5217334.084,464431.8654,6.00048,161.8,TRUE,5.3,377,300
10294,2022/10/23 12:48,131.5315998,47.08971483,5217327.245,464435.0592,6.64868,161.6,TRUE,5.3,370,300
10295,2022/10/23 12:48,131.5316363,47.0896535,5217320.41,464437.7897,5.50044,156,TRUE,5.3,365,300
10296,2022/10/23 12:48,131.5316618,47.08959683,5217314.099,464439.6882,6.16716,156.6,TRUE,5.3,360,300
10297,2022/10/23 12:48,131.5316898,47.08953767,5217307.509,464441.7748,6.44496,158.3,TRUE,5.3,397,300
10298,2022/10/23 12:48,131.5317168,47.08947233,5217300.233,464443.7814,6.482,161.6,TRUE,5.3,364,300
10299,2022/10/23 12:48,131.5317633,47.08940633,5217292.874,464447.2682,6.482,153.6,TRUE,5.3,400,300
10300,2022/10/23 12:48,131.5318035,47.08935017,5217286.612,464450.2831,6.2968,159.7,TRUE,5.3,400,300
10301,2022/10/23 12:48,131.531836,47.089285,5217279.353,464452.7075,6.2968,154.3,TRUE,5.3,395,300
10302,2022/10/23 12:48,131.5318677,47.08922517,5217272.687,464455.0746,7.01908,165,TRUE,5.3,363,300
10303,2022/10/23 12:48,131.5318993,47.089164,5217265.872,464457.4333,6.51904,165.2,TRUE,5.3,375,300
10304,2022/10/23 12:48,131.5319322,47.08910433,5217259.223,464459.8917,6.03752,163.5,TRUE,5.3,366,300
10305,2022/10/23 12:48,131.5319565,47.089044,5217252.505,464461.6966,6.40792,162.8,TRUE,5.3,400,300
10306,2022/10/23 12:48,131.5319837,47.08897717,5217245.063,464463.7174,6.63016,158.3,TRUE,5.3,399,300
10307,2022/10/23 12:48,131.5320195,47.08891717,5217238.377,464466.3958,6.2968,159.9,TRUE,5.3,399,300
10308,2022/10/23 12:48,131.532057,47.08885567,5217231.523,464469.2023,6.42644,162.6,TRUE,5.3,355,300
10309,2022/10/23 12:49,131.5320925,47.088799,5217225.206,464471.8601,6.44496,164.3,TRUE,5.3,367,300
10310,2022/10/23 12:49,131.5321313,47.08873933,5217218.555,464474.7665,6.2042,160.3,TRUE,5.3,400,300
10311,2022/10/23 12:49,131.5321563,47.08867817,5217211.744,464476.6241,5.31524,163.7,TRUE,5.3,369,300
10312,2022/10/23 12:49,131.532194,47.08862083,5217205.353,464479.4485,5.81528,163.3,TRUE,5.3,361,300
10313,2022/10/23 12:49,131.5322198,47.08856867,5217199.542,464481.3728,6.945,164,TRUE,5.3,345,300
10314,2022/10/23 12:49,131.5322467,47.08850867,5217192.86,464483.3754,6.482,160.8,TRUE,5.3,372,300
10315,2022/10/23 12:49,131.5322727,47.08844467,5217185.733,464485.3071,6.25976,163.6,TRUE,5.3,368,300
10316,2022/10/23 12:49,131.5323113,47.08838733,5217179.341,464488.1999,6.16716,162.1,TRUE,5.3,346,300
10317,2022/10/23 12:49,131.532343,47.0883315,5217173.12,464490.5698,6.40792,164.5,TRUE,5.3,400,300
10318,2022/10/23 12:49,131.5323645,47.08827433,5217166.754,464492.1643,6.42644,167.3,TRUE,5.3,370,300
10319,2022/10/23 12:49,131.532403,47.08821383,5217160.011,464495.0474,5.85232,162.4,TRUE,5.3,397,300
10320,2022/10/23 12:49,131.5324322,47.08815067,5217152.976,464497.2226,6.09308,157.5,TRUE,5.3,376,300
10321,2022/10/23 12:49,131.532462,47.08809817,5217147.126,464499.4505,5.87084,158.9,TRUE,5.3,390,300
10322,2022/10/23 12:49,131.5324917,47.0880475,5217141.479,464501.6719,5.57452,162.5,TRUE,5.3,399,300
10323,2022/10/23 12:49,131.5325202,47.087992,5217135.296,464503.7991,5.72268,164.4,TRUE,5.3,370,300
10324,2022/10/23 12:50,131.5325422,47.0879295,5217128.338,464505.428,5.1856,160.5,TRUE,5.3,395,300
10325,2022/10/23 12:50,131.532566,47.087866,5217121.268,464507.193,5.77824,156.7,TRUE,5.3,370,300
10326,2022/10/23 12:50,131.5326125,47.08780683,5217114.668,464510.6845,6.50052,158.9,TRUE,5.3,374,300
10327,2022/10/23 12:50,131.5326498,47.08774633,5217107.926,464513.4766,5.96344,166.3,TRUE,5.3,369,300
10328,2022/10/23 12:50,131.5326635,47.087677,5217100.212,464514.4708,6.59312,160.5,TRUE,5.3,386,300
10329,2022/10/23 12:50,131.5326957,47.0876195,5217093.805,464516.8776,6.07456,155.8,TRUE,5.3,398,300
10330,2022/10/23 12:50,131.5327343,47.08755483,5217086.598,464519.7656,6.81536,157.9,TRUE,5.3,400,300
10331,2022/10/23 12:50,131.532773,47.08749333,5217079.743,464522.6633,6.74128,160.7,TRUE,5.3,393,300
10332,2022/10/23 12:50,131.5328032,47.0874335,5217073.078,464524.9167,5.9264,158,TRUE,5.3,400,300
10333,2022/10/23 12:50,131.5328308,47.08737117,5217066.136,464526.971,5.96344,164.7,TRUE,5.3,376,300
10334,2022/10/23 12:50,131.5328617,47.08731167,5217059.507,464529.2778,6.18568,161.2,TRUE,5.3,385,300
10335,2022/10/23 12:50,131.5328922,47.08725433,5217053.119,464531.5557,6.18568,160.3,TRUE,5.3,363,300
10336,2022/10/23 12:50,131.5329243,47.08720033,5217047.101,464533.9573,6.98204,165.7,TRUE,5.3,400,300
10337,2022/10/23 12:50,131.5329588,47.0871375,5217040.1,464536.5352,6.05604,167,TRUE,5.3,360,300
10338,2022/10/23 12:50,131.532996,47.08707767,5217033.432,464539.3202,6.2042,163.6,TRUE,5.3,373,300
10339,2022/10/23 12:51,131.5330248,47.08702367,5217027.416,464541.4712,6.35236,165.5,TRUE,5.3,387,300
10340,2022/10/23 12:51,131.5330498,47.08696483,5217020.863,464543.3305,6.74128,161.6,TRUE,5.3,395,300
10341,2022/10/23 12:51,131.5330847,47.08690333,5217014.01,464545.9397,6.53756,162,TRUE,5.3,356,300
10342,2022/10/23 12:51,131.5331232,47.08684283,5217007.267,464548.8229,5.94492,163.4,TRUE,5.3,368,300
10343,2022/10/23 12:51,131.5331522,47.086785,5217000.825,464550.9866,6.13012,169.7,TRUE,5.3,367,300
10344,2022/10/23 12:51,131.5331715,47.08671967,5216993.553,464552.4088,6.31532,162.1,TRUE,5.3,373,300
10345,2022/10/23 12:51,131.5332053,47.08665617,5216986.478,464554.9332,6.13012,164.9,TRUE,5.3,372,300
10346,2022/10/23 12:51,131.5332277,47.086595,5216979.668,464556.5935,6.44496,163,TRUE,5.3,400,300
10347,2022/10/23 12:51,131.5332433,47.08653683,5216973.194,464557.7395,8.037681,179.8,TRUE,5.3,229,300
10348,2022/10/23 12:51,131.5332302,47.08648283,5216967.196,464556.7089,6.79684,239.3,FALSE,5.3,0,300
10349,2022/10/23 12:51,131.5331698,47.08649517,5216968.596,464552.1308,0.72228,276.9,FALSE,5.3,0,300
10350,2022/10/23 12:51,131.533264,47.08647917,5216966.774,464559.273,7.07464,136,FALSE,5.3,0,300
10351,2022/10/23 12:51,131.5333335,47.08644967,5216963.463,464564.5308,0,145.8,FALSE,5.3,0,300
10352,2022/10/23 12:51,131.533332,47.08645367,5216963.908,464564.4196,4.27812,341.6,FALSE,5.3,0,300
10353,2022/10/23 12:51,131.5333162,47.08647733,5216966.546,464563.2355,3.62992,350.9,TRUE,5.3,367,300
10354,2022/10/23 12:52,131.5333002,47.08650667,5216969.815,464562.04,2.55576,339.1,TRUE,5.3,368,300
10355,2022/10/23 12:52,131.5332867,47.08652717,5216972.1,464561.0285,4.00032,356.7,TRUE,5.3,400,300
10356,2022/10/23 12:52,131.533261,47.08657667,5216977.615,464559.1099,4.51888,344,TRUE,5.3,360,300
10357,2022/10/23 12:52,131.533233,47.08662667,5216983.186,464557.017,4.85224,343.3,TRUE,5.3,400,300
10358,2022/10/23 12:52,131.5332032,47.08668267,5216989.425,464554.7913,4.68556,338.7,TRUE,5.3,370,300
10359,2022/10/23 12:52,131.5331723,47.08673617,5216995.387,464552.4805,4.85224,338.8,TRUE,5.3,376,300
10360,2022/10/23 12:52,131.5331467,47.08679367,5217001.791,464550.5747,5.0004,343.7,TRUE,5.3,386,300
10361,2022/10/23 12:52,131.5331232,47.08685383,5217008.49,464548.8302,4.3522,345.7,TRUE,5.3,394,300
10362,2022/10/23 12:52,131.5330883,47.08690733,5217014.453,464546.2157,4.92632,351.3,TRUE,5.3,395,300
10363,2022/10/23 12:52,131.533059,47.08695367,5217019.618,464544.0216,5.20412,345.4,TRUE,5.3,367,300
10364,2022/10/23 12:52,131.5330238,47.08700683,5217025.544,464541.3841,5.16708,347.9,TRUE,5.3,390,300
10365,2022/10/23 12:52,131.533008,47.08705317,5217030.703,464540.2151,6.53756,343.6,TRUE,5.3,398,300
10366,2022/10/23 12:52,131.5329747,47.087118,5217037.925,464537.7296,6.25976,341.8,TRUE,5.3,367,300
10367,2022/10/23 12:52,131.5329255,47.08718317,5217045.193,464534.037,5.90788,343.2,TRUE,5.3,396,300
10368,2022/10/23 12:52,131.5328875,47.08724833,5217052.454,464531.1948,6.27828,341.8,TRUE,5.3,395,300
10369,2022/10/23 12:53,131.532857,47.08730983,5217059.305,464528.9197,6.27828,341.1,TRUE,5.3,400,300
10370,2022/10/23 12:53,131.532833,47.08737467,5217066.524,464527.1404,5.85232,339.1,TRUE,5.3,372,300
10371,2022/10/23 12:53,131.5327948,47.08743067,5217072.767,464524.277,5.48192,347.8,TRUE,5.3,366,300
10372,2022/10/23 12:53,131.5327672,47.08748867,5217079.228,464522.2198,6.46348,342.7,TRUE,5.3,376,300
10373,2022/10/23 12:53,131.5327365,47.0875545,5217086.56,464519.9324,6.00048,345,TRUE,5.3,347,300
10374,2022/10/23 12:53,131.5327077,47.08761217,5217092.984,464517.7839,5.33376,346.5,TRUE,5.3,399,300
10375,2022/10/23 12:53,131.5326763,47.0876695,5217099.372,464515.4377,5.88936,346.3,TRUE,5.3,371,300
10376,2022/10/23 12:53,131.5326483,47.08771883,5217104.869,464513.3444,5.63008,345.4,TRUE,5.3,374,300
10377,2022/10/23 12:53,131.5325997,47.0878145,5217115.527,464509.7177,6.51904,338.8,TRUE,5.3,375,300
10378,2022/10/23 12:53,131.5325638,47.0878815,5217122.992,464507.0363,6.18568,349.7,TRUE,5.3,370,300
10379,2022/10/23 12:53,131.5325375,47.08794183,5217129.711,464505.0794,6.5746,339.2,TRUE,5.3,368,300
10380,2022/10/23 12:53,131.5325005,47.088004,5217136.639,464502.3112,6.14864,345.3,TRUE,5.3,372,300
10381,2022/10/23 12:53,131.5324647,47.08806433,5217143.362,464499.633,6.14864,341.6,TRUE,5.3,393,300
10382,2022/10/23 12:53,131.5324327,47.08812333,5217149.936,464497.2424,6.05604,348.1,TRUE,5.3,365,300
10383,2022/10/23 12:54,131.532396,47.08818467,5217156.772,464494.4965,6.44496,341,TRUE,5.3,366,300
10384,2022/10/23 12:54,131.5323658,47.088246,5217163.604,464492.2442,6.09308,344.1,TRUE,5.3,366,300
10385,2022/10/23 12:54,131.5323412,47.08830283,5217169.933,464490.414,6.64868,346,TRUE,5.3,394,300
10386,2022/10/23 12:54,131.5323082,47.08837133,5217177.563,464487.9539,6.33384,339.8,TRUE,5.3,367,300
10387,2022/10/23 12:54,131.5322822,47.08842717,5217183.783,464486.0168,6.27828,336.3,TRUE,5.3,368,300
10388,2022/10/23 12:54,131.5322442,47.08848333,5217190.044,464483.1688,5.98196,340.4,TRUE,5.3,367,300
10389,2022/10/23 12:54,131.5322067,47.08854983,5217197.454,464480.3656,6.1116,342.2,TRUE,5.3,374,300
10390,2022/10/23 12:54,131.5321722,47.08861083,5217204.251,464477.7866,6.46348,345.8,TRUE,5.3,400,300
10391,2022/10/23 12:54,131.532144,47.08867483,5217211.379,464475.6879,6.77832,345,TRUE,5.3,399,300
10392,2022/10/23 12:54,131.5321142,47.08873517,5217218.1,464473.4653,6.46348,345,TRUE,5.3,362,300
10393,2022/10/23 12:54,131.5320675,47.088809,5217226.329,464469.9685,6.70424,337.3,TRUE,5.3,374,300
10394,2022/10/23 12:54,131.5320372,47.0888645,5217232.513,464467.7047,6.55608,339.6,TRUE,5.3,360,300
10395,2022/10/23 12:54,131.5320025,47.08892767,5217239.552,464465.112,6.40792,342.3,TRUE,5.3,367,300
10396,2022/10/23 12:54,131.53197,47.08899,5217246.496,464462.6857,6.16716,347.4,TRUE,5.3,400,300
10397,2022/10/23 12:54,131.5319443,47.08905033,5217253.215,464460.7745,6.51904,347.4,TRUE,5.3,356,300
10398,2022/10/23 12:55,131.5319128,47.08911533,5217260.455,464458.4259,7.01908,338.3,TRUE,5.3,385,300
10399,2022/10/23 12:55,131.5318827,47.089171,5217266.658,464456.1775,5.85232,348.2,TRUE,5.3,395,300
10400,2022/10/23 12:55,131.5318557,47.08922417,5217272.581,464454.1628,5.90788,348.5,TRUE,5.3,399,300
10401,2022/10/23 12:55,131.531826,47.08928433,5217279.283,464451.9477,6.00048,342.1,TRUE,5.3,400,300
10402,2022/10/23 12:55,131.5317893,47.08934917,5217286.508,464449.2043,5.63008,342.3,TRUE,5.3,400,300
10403,2022/10/23 12:55,131.5317617,47.08940883,5217293.153,464447.1483,5.77824,350.7,TRUE,5.3,400,300
10404,2022/10/23 12:55,131.5317363,47.089465,5217299.409,464445.2571,6.31532,347.1,TRUE,5.3,400,300
10405,2022/10/23 12:55,131.5317002,47.08952317,5217305.892,464442.5548,6.59312,340.4,TRUE,5.3,369,300
10406,2022/10/23 12:55,131.5316615,47.0895825,5217312.506,464439.6559,5.79676,343.4,TRUE,5.3,396,300
10407,2022/10/23 12:55,131.5316368,47.0896425,5217319.187,464437.8204,5.94492,346.3,TRUE,5.3,400,300
10408,2022/10/23 12:55,131.5316052,47.08969867,5217325.446,464435.4584,5.77824,344.1,TRUE,5.3,400,300
10409,2022/10/23 12:55,131.5315688,47.08976367,5217332.689,464432.7379,6.3894,342.2,TRUE,5.3,400,300
10410,2022/10/23 12:55,131.5315393,47.089817,5217338.631,464430.5335,7.0376,344,TRUE,5.3,400,300
10411,2022/10/23 12:55,131.5315157,47.08986367,5217343.83,464428.7727,6.37088,347.4,TRUE,5.3,394,300
10412,2022/10/23 12:55,131.531489,47.0899225,5217350.383,464426.7846,6.05604,344.4,TRUE,5.3,395,300
10413,2022/10/23 12:56,131.5314577,47.08998167,5217356.975,464424.4474,6.09308,345,TRUE,5.3,400,300
10414,2022/10/23 12:56,131.5314168,47.09004417,5217363.942,464421.3836,6.22272,345.9,TRUE,5.3,395,300
10415,2022/10/23 12:56,131.5313875,47.0900905,5217369.106,464419.1897,5.8338,344.5,TRUE,5.3,392,300
10416,2022/10/23 12:56,131.5313718,47.090151,5217375.839,464418.038,6.35236,339.6,TRUE,5.3,393,300
10417,2022/10/23 12:56,131.5313327,47.09020983,5217382.397,464415.1084,5.22264,343.7,TRUE,5.3,400,300
10418,2022/10/23 12:56,131.531293,47.09026217,5217388.234,464412.1289,5.68564,346.1,TRUE,5.3,395,300
10419,2022/10/23 12:56,131.5312523,47.0903265,5217395.404,464409.0815,6.05604,338.6,TRUE,5.3,379,300
10420,2022/10/23 12:56,131.5312262,47.0903855,5217401.975,464407.1391,5.33376,343.1,TRUE,5.3,400,300
10421,2022/10/23 12:56,131.5311952,47.09044017,5217408.067,464404.8218,5.79676,341.4,TRUE,5.3,386,300
10422,2022/10/23 12:56,131.5311698,47.0904915,5217413.785,464402.9274,6.05604,347.2,TRUE,5.3,400,300
10423,2022/10/23 12:56,131.531145,47.0905465,5217419.911,464401.0811,5.2782,342.9,TRUE,5.3,400,300
10424,2022/10/23 12:56,131.5311207,47.090597,5217425.536,464399.2697,6.05604,345.1,TRUE,5.3,396,300
10425,2022/10/23 12:56,131.5310892,47.09065483,5217431.979,464396.9165,5.72268,340.5,TRUE,5.3,396,300
10426,2022/10/23 12:56,131.5310593,47.09070667,5217437.756,464394.6809,5.05596,345.8,TRUE,5.3,395,300
10427,2022/10/23 12:56,131.5310265,47.090754,5217443.033,464392.222,6.13012,341.6,TRUE,5.3,371,300
10428,2022/10/23 12:57,131.5310032,47.090802,5217448.38,464390.4849,4.77816,345.8,TRUE,5.3,395,300
10429,2022/10/23 12:57,131.530967,47.09085667,5217454.474,464387.7728,5.85232,346.7,TRUE,5.3,400,300
10430,2022/10/23 12:57,131.530941,47.09091517,5217460.989,464385.8377,5.13004,340.1,TRUE,5.3,400,300
10431,2022/10/23 12:57,131.530914,47.09097,5217467.097,464383.8242,5.90788,342.8,TRUE,5.3,400,300
10432,2022/10/23 12:57,131.5308812,47.09102417,5217473.134,464381.3699,5.44488,344.1,TRUE,5.3,400,300
10433,2022/10/23 12:57,131.5308503,47.09108433,5217479.837,464379.0639,5.59304,349.4,TRUE,5.3,399,300
10434,2022/10/23 12:57,131.5308208,47.09114317,5217486.391,464376.8633,5.98196,345.5,TRUE,5.3,395,300
10435,2022/10/23 12:57,131.5307865,47.09120583,5217493.373,464374.3008,6.019,345.8,TRUE,5.3,400,300
10436,2022/10/23 12:57,131.5307603,47.09126017,5217499.426,464372.3478,5.51896,350.7,TRUE,5.3,369,300
10437,2022/10/23 12:57,131.530727,47.091317,5217505.759,464369.8574,5.6486,346.1,TRUE,5.3,400,300
10438,2022/10/23 12:57,131.5307037,47.09136883,5217511.532,464368.1228,6.42644,341.9,TRUE,5.3,400,300
10439,2022/10/23 12:57,131.5306733,47.09142183,5217517.438,464365.85,5.87084,347.5,TRUE,5.3,399,300
10440,2022/10/23 12:57,131.530647,47.09147333,5217523.175,464363.8875,5.01892,344.7,TRUE,5.3,400,300
10441,2022/10/23 12:57,131.530622,47.0915195,5217528.32,464362.0202,6.33384,341.9,TRUE,5.3,400,300
10442,2022/10/23 12:57,131.5305958,47.09156717,5217533.631,464360.0627,5.22264,345.6,TRUE,5.3,394,300
10443,2022/10/23 12:58,131.5305568,47.09162733,5217540.337,464357.1418,5.22264,343.7,TRUE,5.3,399,300
10444,2022/10/23 12:58,131.5305258,47.09167717,5217545.892,464354.8213,6.2042,343.7,TRUE,5.3,400,300
10445,2022/10/23 12:58,131.5305002,47.09173283,5217552.091,464352.9148,5.53748,343.2,TRUE,5.3,400,300
10446,2022/10/23 12:58,131.5304767,47.09179067,5217558.532,464351.1691,5.22264,349.9,TRUE,5.3,400,300
10447,2022/10/23 12:58,131.5304587,47.0918405,5217564.08,464349.8357,5.98196,344.7,TRUE,5.3,400,300
10448,2022/10/23 12:58,131.5304282,47.091892,5217569.82,464347.5544,5.093,343,TRUE,5.3,400,300
10449,2022/10/23 12:58,131.5303873,47.09195667,5217577.028,464344.4922,5.11152,347.4,TRUE,5.3,400,300
10450,2022/10/23 12:58,131.5303582,47.09201033,5217583.006,464342.3186,5.29672,347.8,TRUE,5.3,399,300
10451,2022/10/23 12:58,131.5303317,47.09206467,5217589.06,464340.3428,5.13004,351.5,TRUE,5.3,400,300
10452,2022/10/23 12:58,131.5303057,47.092115,5217594.667,464338.4024,4.38924,351.6,TRUE,5.3,376,300
10453,2022/10/23 12:58,131.5302938,47.0921485,5217598.397,464337.5212,5.05596,348.3,TRUE,5.3,394,300
10454,2022/10/23 12:58,131.5302558,47.09220267,5217604.436,464334.6722,6.37088,345.7,TRUE,5.3,396,300
10455,2022/10/23 12:58,131.5302177,47.09226683,5217611.586,464331.8223,5.96344,343.8,TRUE,5.3,382,300
10456,2022/10/23 12:58,131.5301927,47.09231783,5217617.267,464329.9583,5.33376,343.7,TRUE,5.3,370,300
10457,2022/10/23 12:58,131.5301698,47.09237567,5217623.708,464328.2582,5.51896,348.1,TRUE,5.3,368,300
10458,2022/10/23 12:59,131.5301447,47.09242533,5217629.24,464326.3857,5.24116,346,TRUE,5.3,400,300
10459,2022/10/23 12:59,131.5301287,47.092483,5217635.659,464325.2094,5.44488,347.8,TRUE,5.3,398,300
10460,2022/10/23 12:59,131.5300875,47.09254167,5217642.2,464322.1205,5.6486,345,TRUE,5.3,400,300
10461,2022/10/23 12:59,131.5300512,47.092592,5217647.812,464319.398,5.33376,349.2,TRUE,5.3,365,300
10462,2022/10/23 12:59,131.5300102,47.0926535,5217654.668,464316.3262,4.87076,349.1,TRUE,5.3,394,300
10463,2022/10/23 12:59,131.5299963,47.092698,5217659.621,464315.3006,5.07448,347.3,TRUE,5.3,400,300
10464,2022/10/23 12:59,131.529979,47.09274817,5217665.207,464314.0206,5.53748,350.1,TRUE,5.3,400,300
10465,2022/10/23 12:59,131.5299455,47.092808,5217671.874,464311.5171,5.51896,346.8,TRUE,5.3,365,300
10466,2022/10/23 12:59,131.5299212,47.09286583,5217678.314,464309.7108,5.38932,343.7,TRUE,5.3,348,300
10467,2022/10/23 12:59,131.5299008,47.092915,5217683.789,464308.1948,3.81512,343.7,TRUE,5.3,395,300
10468,2022/10/23 12:59,131.529886,47.09296333,5217689.169,464307.1034,5.2782,341.7,TRUE,5.3,393,300
10469,2022/10/23 12:59,131.5298665,47.09300967,5217694.33,464305.6539,4.87076,339.2,TRUE,5.3,380,300
10470,2022/10/23 12:59,131.529831,47.0930645,5217700.442,464302.9952,3.8892,346.1,TRUE,5.3,400,300
10471,2022/10/23 12:59,131.5297932,47.09311767,5217706.37,464300.1609,5.3708,338.9,TRUE,5.3,400,300
10472,2022/10/23 12:59,131.5297643,47.09316183,5217711.292,464297.9962,5.11152,348.3,TRUE,5.3,371,300
10473,2022/10/23 13:00,131.5297443,47.093205,5217716.101,464296.5066,3.53732,349.8,TRUE,5.3,400,300
10474,2022/10/23 13:00,131.5297243,47.09323983,5217719.982,464295.0114,4.2596,353.5,TRUE,5.3,396,300
10475,2022/10/23 13:00,131.5296882,47.09328667,5217725.206,464292.3019,5.3708,342.8,TRUE,5.3,356,300
10476,2022/10/23 13:00,131.5296665,47.093329,5217729.922,464290.6826,4.79668,346.6,TRUE,5.3,362,300
10477,2022/10/23 13:00,131.5296507,47.09338333,5217735.969,464289.5193,4.8152,347.1,TRUE,5.3,362,300
10478,2022/10/23 13:00,131.5296172,47.09343133,5217741.32,464287.008,5.68564,344.6,TRUE,5.3,373,300
10479,2022/10/23 13:00,131.5295788,47.09349117,5217747.991,464284.1326,5.63008,343.5,TRUE,5.3,373,300
10480,2022/10/23 13:00,131.5295488,47.09354583,5217754.081,464281.8914,5.53748,340.8,TRUE,5.3,360,300
10481,2022/10/23 13:00,131.529522,47.09360017,5217760.134,464279.893,4.9078,353.9,TRUE,5.3,363,300
10482,2022/10/23 13:00,131.5294888,47.09364367,5217764.985,464277.4015,5.1856,347.2,TRUE,5.3,380,300
10483,2022/10/23 13:00,131.5294643,47.09369183,5217770.351,464275.5736,4.8152,346.4,TRUE,5.3,352,300
10484,2022/10/23 13:00,131.5294352,47.093743,5217776.053,464273.3984,6.25976,345.7,TRUE,5.3,400,300
10485,2022/10/23 13:00,131.5293908,47.09381433,5217784.003,464270.0752,5.0004,351.6,TRUE,5.3,373,300
10486,2022/10/23 13:00,131.5293708,47.09386117,5217789.219,464268.5881,5.33376,340.1,TRUE,5.3,392,300
10487,2022/10/23 13:00,131.5293515,47.0938985,5217793.378,464267.1477,5.51896,337.8,TRUE,5.3,366,300
10488,2022/10/23 13:01,131.5293315,47.0939645,5217800.725,464265.6734,4.94484,344.8,TRUE,5.3,400,300
10489,2022/10/23 13:01,131.5293045,47.0940145,5217806.296,464263.657,5.48192,339.8,TRUE,5.3,365,300
10490,2022/10/23 13:01,131.5292772,47.094062,5217811.589,464261.6161,5.31524,342.4,TRUE,5.3,361,300
10491,2022/10/23 13:01,131.529248,47.09411717,5217817.736,464259.4361,5.0004,349.2,TRUE,5.3,370,300
10492,2022/10/23 13:01,131.5292228,47.09417233,5217823.879,464257.5597,4.59296,338,TRUE,5.3,370,300
10493,2022/10/23 13:01,131.5292047,47.0942135,5217828.465,464256.2131,4.33368,347.1,TRUE,5.3,371,300
10494,2022/10/23 13:01,131.5291727,47.09425783,5217833.408,464253.8132,5.96344,336.8,TRUE,5.3,399,300
10495,2022/10/23 13:01,131.5291327,47.094305,5217838.67,464250.8079,4.59296,339.2,TRUE,5.3,365,300
10496,2022/10/23 13:01,131.5291017,47.0943515,5217843.853,464248.4855,4.88928,344.6,TRUE,5.3,364,300
10497,2022/10/23 13:01,131.5290902,47.0944075,5217850.084,464247.6499,4.85224,345.7,TRUE,5.3,263,300
10498,2022/10/23 13:01,131.5290597,47.094481,5217858.27,464245.3834,5.48192,346.3,TRUE,5.3,384,300
10499,2022/10/23 13:01,131.529039,47.09453633,5217864.43,464243.8489,4.83372,350.4,TRUE,5.3,375,300
10500,2022/10/23 13:01,131.5290103,47.09457533,5217868.779,464241.6961,6.35236,345.5,TRUE,5.3,395,300
10501,2022/10/23 13:01,131.5289828,47.09463567,5217875.5,464239.6486,5.1856,347.1,TRUE,5.3,370,300
10502,2022/10/23 13:01,131.5289497,47.0946895,5217881.499,464237.1716,4.85224,344.8,TRUE,5.3,379,300
10503,2022/10/23 13:02,131.5289267,47.09474467,5217887.643,464235.4624,6.22272,339.5,TRUE,5.3,400,300
10504,2022/10/23 13:02,131.5289067,47.09479833,5217893.618,464233.9799,5.6486,347,TRUE,5.3,372,300
10505,2022/10/23 13:02,131.5288913,47.09487183,5217901.796,464232.8599,5.57452,350.3,TRUE,5.3,400,300
10506,2022/10/23 13:02,131.528843,47.094951,5217910.62,464229.2459,6.019,349.6,TRUE,5.3,363,300
10507,2022/10/23 13:02,131.5288113,47.09502717,5217919.102,464226.8903,6.5746,350.2,TRUE,5.3,399,300
10508,2022/10/23 13:02,131.5287758,47.09508583,5217925.64,464224.2344,5.68564,347.6,TRUE,5.3,400,300
10509,2022/10/23 13:02,131.5287473,47.09513517,5217931.138,464222.1037,6.18568,340.5,TRUE,5.3,366,300
10510,2022/10/23 13:02,131.5287145,47.09520067,5217938.435,464219.6573,6.03752,346.6,TRUE,5.3,362,300
10511,2022/10/23 13:02,131.5286715,47.09526717,5217945.847,464216.4373,5.75972,333.8,TRUE,5.3,377,300
10512,2022/10/23 13:02,131.528633,47.0953255,5217952.35,464213.5534,5.70416,349.6,TRUE,5.3,365,300
10513,2022/10/23 13:02,131.5286157,47.0953965,5217960.251,464212.2876,6.27828,344.9,TRUE,5.3,352,300
10514,2022/10/23 13:02,131.528588,47.0954705,5217968.49,464210.2342,6.79684,342.5,TRUE,5.3,347,300
10515,2022/10/23 13:02,131.5285692,47.09554033,5217976.262,464208.8537,6.55608,343.1,TRUE,5.3,345,300
10516,2022/10/23 13:02,131.5285595,47.0955945,5217982.289,464208.1535,6.3894,343.1,TRUE,5.3,374,300
10517,2022/10/23 13:02,131.5285427,47.09564867,5217988.319,464206.9144,5.57452,5.6,TRUE,5.3,373,300
10518,2022/10/23 13:03,131.5285205,47.09570667,5217994.777,464205.2678,6.55608,356.9,TRUE,5.3,276,300
10519,2022/10/23 13:03,131.5284978,47.09576917,5218001.735,464203.5863,6.61164,348.4,TRUE,5.3,345,300
10520,2022/10/23 13:03,131.5284798,47.09583,5218008.506,464202.2605,5.81528,353.9,TRUE,5.3,400,300
10521,2022/10/23 13:03,131.528484,47.09588533,5218014.656,464202.6165,4.98188,39.7,TRUE,5.3,400,300
10522,2022/10/23 13:03,131.5284903,47.09592517,5218019.082,464203.1215,2.5928,79.7,TRUE,5.3,257,300
10523,2022/10/23 13:03,131.5285198,47.09596667,5218023.682,464205.3889,7.44504,57.7,TRUE,5.3,240,300
10524,2022/10/23 13:03,131.5285898,47.09600183,5218027.559,464210.7268,8.68588,57.5,TRUE,5.3,159,300
10525,2022/10/23 13:03,131.528678,47.096044,5218032.207,464217.4512,7.38948,60,TRUE,5.3,142,300
10526,2022/10/23 13:03,131.5287503,47.09604867,5218032.693,464222.9433,5.13004,96.1,TRUE,5.3,168,300
10527,2022/10/23 13:03,131.5287762,47.09603883,5218031.587,464224.903,2.4076,162.4,TRUE,5.3,354,300
10528,2022/10/23 13:03,131.5287578,47.0960215,5218029.669,464223.4945,4.2596,162.3,TRUE,5.3,379,300
10529,2022/10/23 13:03,131.5287533,47.0959725,5218024.223,464223.12,4.03736,148.3,TRUE,5.3,400,300
10530,2022/10/23 13:03,131.5287637,47.095938,5218020.383,464223.8865,4.20404,157.9,TRUE,5.3,370,300
10531,2022/10/23 13:03,131.5287958,47.09590067,5218016.218,464226.2985,6.00048,168.9,TRUE,5.3,371,300
10532,2022/10/23 13:03,131.5288178,47.09585367,5218010.983,464227.9373,5.42636,176.3,TRUE,5.3,368,300
10533,2022/10/23 13:04,131.5288318,47.0957945,5218004.399,464228.9605,6.019,167.2,TRUE,5.3,371,300
10534,2022/10/23 13:04,131.5288657,47.09574617,5217999.01,464231.5018,6.46348,161.7,TRUE,5.3,375,300
10535,2022/10/23 13:04,131.5289027,47.09570183,5217994.064,464234.2812,4.83372,156,TRUE,5.3,370,300
10536,2022/10/23 13:04,131.5289402,47.09564783,5217988.043,464237.092,6.81536,169.5,TRUE,5.3,373,300
10537,2022/10/23 13:04,131.5289752,47.095577,5217980.153,464239.7018,7.408,165.2,TRUE,5.3,400,300
10538,2022/10/23 13:04,131.5290032,47.09551167,5217972.877,464241.7838,6.40792,164.7,TRUE,5.3,400,300
10539,2022/10/23 13:04,131.5290583,47.09546133,5217967.256,464245.9333,5.42636,162.6,TRUE,5.3,371,300
10540,2022/10/23 13:04,131.5291147,47.09540683,5217961.171,464250.1787,6.482,172.9,TRUE,5.3,398,300
10541,2022/10/23 13:04,131.5291523,47.095356,5217955.503,464252.9993,6.40792,164.7,TRUE,5.3,377,300
10542,2022/10/23 13:04,131.5291997,47.09530183,5217949.459,464256.5617,6.16716,168.9,TRUE,5.3,363,300
10543,2022/10/23 13:04,131.5292205,47.0952495,5217943.632,464258.1058,5.2782,172,TRUE,5.3,378,300
10544,2022/10/23 13:04,131.5292513,47.095198,5217937.893,464260.4097,5.556,169.9,TRUE,5.3,373,300
10545,2022/10/23 13:04,131.5292667,47.0951515,5217932.716,464261.5478,4.94484,168.4,TRUE,5.3,367,300
10546,2022/10/23 13:04,131.5293023,47.0950945,5217926.363,464264.2125,5.4634,160.8,TRUE,5.3,400,300
10547,2022/10/23 13:04,131.5293458,47.09503683,5217919.932,464267.4764,5.24116,160.9,TRUE,5.3,366,300
10548,2022/10/23 13:05,131.5293802,47.09498283,5217913.913,464270.052,5.94492,162.6,TRUE,5.3,311,300
10549,2022/10/23 13:05,131.5294225,47.094923,5217907.242,464273.2234,5.48192,164.9,TRUE,5.3,376,300
10550,2022/10/23 13:05,131.529455,47.094871,5217901.446,464275.6561,5.87084,167.5,TRUE,5.3,393,300
10551,2022/10/23 13:05,131.5294828,47.0948185,5217895.597,464277.7316,4.40776,169.7,TRUE,5.3,351,300
10552,2022/10/23 13:05,131.529493,47.09478017,5217891.331,464278.4803,5.01892,161.3,TRUE,5.3,374,300
10553,2022/10/23 13:05,131.5295172,47.094733,5217886.076,464280.2861,5.42636,172.8,TRUE,5.3,364,300
10554,2022/10/23 13:05,131.5295448,47.09467933,5217880.097,464282.3456,5.87084,162.1,TRUE,5.3,395,300
10555,2022/10/23 13:05,131.5295798,47.09461817,5217873.281,464284.962,5.70416,161.2,TRUE,5.3,375,300
10556,2022/10/23 13:05,131.5296152,47.09456167,5217866.984,464287.6118,6.59312,171.1,TRUE,5.3,353,300
10557,2022/10/23 13:05,131.5296445,47.09451283,5217861.541,464289.8037,6.019,168.5,TRUE,5.3,376,300
10558,2022/10/23 13:05,131.5296675,47.09445317,5217854.898,464291.51,5.2782,168.6,TRUE,5.3,364,300
10559,2022/10/23 13:05,131.5296952,47.09439183,5217848.066,464293.572,5.81528,169.1,TRUE,5.3,389,300
10560,2022/10/23 13:05,131.5297233,47.09433533,5217841.772,464295.6677,6.40792,159.4,TRUE,5.3,364,300
10561,2022/10/23 13:05,131.5297585,47.0942795,5217835.549,464298.3028,5.556,163,TRUE,5.3,370,300
10562,2022/10/23 13:05,131.5297967,47.0942225,5217829.195,464301.1649,5.81528,163.4,TRUE,5.3,369,300
10563,2022/10/23 13:06,131.5298305,47.09416867,5217823.195,464303.6951,6.40792,163.6,TRUE,5.3,400,300
10564,2022/10/23 13:06,131.529858,47.09411167,5217816.846,464305.7449,6.33384,169.4,TRUE,5.3,400,300
10565,2022/10/23 13:06,131.5298867,47.0940605,5217811.144,464307.8897,5.40784,163.7,TRUE,5.3,381,300
10566,2022/10/23 13:06,131.5299173,47.09401383,5217805.941,464310.1817,5.72268,154.3,TRUE,5.3,375,300
10567,2022/10/23 13:06,131.5299543,47.09396183,5217800.144,464312.9561,5.3708,163.7,TRUE,5.3,372,300
10568,2022/10/23 13:06,131.5299852,47.093908,5217794.145,464315.2661,5.20412,170.6,TRUE,5.3,397,300
10569,2022/10/23 13:06,131.5300168,47.09385383,5217788.108,464317.6291,6.81536,168,TRUE,5.3,375,300
10570,2022/10/23 13:06,131.530037,47.09379367,5217781.411,464319.1226,5.88936,167.7,TRUE,5.3,370,300
10571,2022/10/23 13:06,131.5300645,47.09374633,5217776.136,464321.1788,5.48192,160.5,TRUE,5.3,374,300
10572,2022/10/23 13:06,131.5301145,47.0936875,5217769.573,464324.9357,6.5746,164.3,TRUE,5.3,373,300
10573,2022/10/23 13:06,131.5301457,47.0936175,5217761.776,464327.2577,6.25976,168,TRUE,5.3,371,300
10574,2022/10/23 13:06,131.5301793,47.09355083,5217754.349,464329.7642,6.24124,169.6,TRUE,5.3,400,300
10575,2022/10/23 13:06,131.5302038,47.09348833,5217747.39,464331.5826,6.05604,168.4,TRUE,5.3,369,300
10576,2022/10/23 13:06,131.530238,47.0934315,5217741.056,464334.1412,5.68564,160.8,TRUE,5.3,364,300
10577,2022/10/23 13:06,131.5302568,47.09338617,5217736.008,464335.5383,5.25968,172.3,TRUE,5.3,400,300
10578,2022/10/23 13:07,131.5302838,47.09333917,5217730.771,464337.5568,4.92632,161,TRUE,5.3,400,300
10579,2022/10/23 13:07,131.530317,47.09327917,5217724.085,464340.0374,4.167,167,TRUE,5.3,374,300
10580,2022/10/23 13:07,131.530334,47.09324283,5217720.037,464341.3039,5.7412,164.3,TRUE,5.3,375,300
10581,2022/10/23 13:07,131.5303523,47.09317933,5217712.97,464342.6509,5.8338,164.8,TRUE,5.3,388,300
10582,2022/10/23 13:07,131.530381,47.09312867,5217707.325,464344.7961,6.2968,162.1,TRUE,5.3,372,300
10583,2022/10/23 13:07,131.5304195,47.09307117,5217700.915,464347.6808,6.59312,156.2,TRUE,5.3,393,300
10584,2022/10/23 13:07,131.5304505,47.09300517,5217693.563,464349.9904,6.37088,160.4,TRUE,5.3,362,300
10585,2022/10/23 13:07,131.5304705,47.09294317,5217686.661,464351.4675,6.40792,164.6,TRUE,5.3,393,300
10586,2022/10/23 13:07,131.5304908,47.09287967,5217679.593,464352.9663,6.61164,164.9,TRUE,5.3,400,300
10587,2022/10/23 13:07,131.5305298,47.09282533,5217673.534,464355.8911,6.44496,166.9,TRUE,5.3,365,300
10588,2022/10/23 13:07,131.530572,47.09276267,5217666.548,464359.0533,6.55608,161.6,TRUE,5.3,395,300
10589,2022/10/23 13:07,131.5306043,47.09270083,5217659.659,464361.4644,6.14864,165,TRUE,5.3,364,300
10590,2022/10/23 13:07,131.530632,47.09264233,5217653.143,464363.5285,6.13012,161.5,TRUE,5.3,366,300
10591,2022/10/23 13:07,131.530655,47.092582,5217646.425,464365.2345,6.24124,168.4,TRUE,5.3,399,300
10592,2022/10/23 13:07,131.5306905,47.09252233,5217639.775,464367.89,5.40784,160.9,TRUE,5.3,367,300
10593,2022/10/23 13:08,131.5307277,47.09245767,5217632.57,464370.6713,6.64868,165.2,TRUE,5.3,387,300
10594,2022/10/23 13:08,131.530757,47.09239833,5217625.96,464372.8563,6.68572,157.7,TRUE,5.3,398,300
10595,2022/10/23 13:08,131.530803,47.0923425,5217619.732,464376.3116,6.81536,166.7,TRUE,5.3,363,300
10596,2022/10/23 13:08,131.5308353,47.09226717,5217611.343,464378.7137,6.22272,165.9,TRUE,5.3,371,300
10597,2022/10/23 13:08,131.530872,47.09220583,5217604.507,464381.4593,6.6672,164.8,TRUE,5.3,376,300
10598,2022/10/23 13:08,131.5309015,47.09214383,5217597.6,464383.6577,7.09316,163.6,TRUE,5.3,380,300
10599,2022/10/23 13:08,131.5309352,47.092085,5217591.045,464386.1772,6.77832,163,TRUE,5.3,381,300
10600,2022/10/23 13:08,131.5309627,47.09202417,5217584.27,464388.2245,6.33384,162.3,TRUE,5.3,389,300
10601,2022/10/23 13:08,131.5310058,47.09196317,5217577.469,464391.4563,6.77832,160.4,TRUE,5.3,397,300
10602,2022/10/23 13:08,131.531038,47.09190367,5217570.839,464393.8614,7.33392,166,TRUE,5.3,374,300
10603,2022/10/23 13:08,131.5310623,47.09183683,5217563.397,464395.6618,6.16716,162.3,TRUE,5.3,361,300
10604,2022/10/23 13:08,131.5311012,47.091777,5217556.728,464398.5755,7.01908,165.6,TRUE,5.3,374,300
10605,2022/10/23 13:08,131.5311362,47.0917105,5217549.319,464401.1885,6.42644,165.4,TRUE,5.3,363,300
10606,2022/10/23 13:08,131.5311677,47.09165183,5217542.782,464403.5411,6.44496,162.6,TRUE,5.3,375,300
10607,2022/10/23 13:08,131.5312037,47.09158933,5217535.818,464406.2328,6.64868,165.1,TRUE,5.3,372,300
10608,2022/10/23 13:09,131.5312325,47.091528,5217528.987,464408.3786,6.13012,163.7,TRUE,5.3,390,300
10609,2022/10/23 13:09,131.5312698,47.09146733,5217522.225,464411.1702,6.1116,162.1,TRUE,5.3,368,300
10610,2022/10/23 13:09,131.5313012,47.0914125,5217516.115,464413.5178,6.482,162.9,TRUE,5.3,359,300
10611,2022/10/23 13:09,131.5313358,47.09135183,5217509.354,464416.1044,5.88936,161.8,TRUE,5.3,371,300
10612,2022/10/23 13:09,131.531366,47.09129167,5217502.652,464418.3573,5.66712,161,TRUE,5.3,373,300
10613,2022/10/23 13:09,131.5313962,47.0912355,5217496.394,464420.6128,6.42644,165.8,TRUE,5.3,369,300
10614,2022/10/23 13:09,131.5314353,47.09117383,5217489.52,464423.5405,6.00048,159.3,TRUE,5.3,393,300
10615,2022/10/23 13:09,131.5314695,47.09111417,5217482.872,464426.0975,6.09308,156.7,TRUE,5.3,394,300
10616,2022/10/23 13:09,131.5315052,47.0910555,5217476.334,464428.769,6.14864,162.6,TRUE,5.3,366,300
10617,2022/10/23 13:09,131.5315385,47.090994,5217469.481,464431.2564,6.31532,161.3,TRUE,5.3,390,300
10618,2022/10/23 13:09,131.5315725,47.09093383,5217462.777,464433.7978,5.88936,165.3,TRUE,5.3,386,300
10619,2022/10/23 13:09,131.5316007,47.090877,5217456.446,464435.9011,5.90788,164.2,TRUE,5.3,376,300
10620,2022/10/23 13:09,131.5316325,47.090818,5217449.872,464438.2763,6.27828,165.7,TRUE,5.3,371,300
10621,2022/10/23 13:09,131.5316597,47.09075833,5217443.226,464440.3018,6.2042,160.7,TRUE,5.3,397,300
10622,2022/10/23 13:09,131.531695,47.09069583,5217436.262,464442.9404,6.27828,164.1,TRUE,5.3,368,300
10623,2022/10/23 13:10,131.5317302,47.0906375,5217429.761,464445.5742,6.7598,163.2,TRUE,5.3,400,300
10624,2022/10/23 13:10,131.5317617,47.09057433,5217422.724,464447.9239,5.90788,161.9,TRUE,5.3,362,300
10625,2022/10/23 13:10,131.5317907,47.090524,5217417.116,464450.0923,5.75972,162.3,TRUE,5.3,367,300
10626,2022/10/23 13:10,131.5318205,47.09047117,5217411.229,464452.3198,6.46348,165.6,TRUE,5.3,361,300
10627,2022/10/23 13:10,131.5318625,47.09041183,5217404.613,464455.4693,6.92648,166.6,TRUE,5.3,367,300
10628,2022/10/23 13:10,131.5318948,47.090345,5217397.169,464457.8773,6.25976,165.6,TRUE,5.3,376,300
10629,2022/10/23 13:10,131.5319303,47.0902855,5217390.538,464460.5331,6.35236,162.3,TRUE,5.3,369,300
10630,2022/10/23 13:10,131.531963,47.0902245,5217383.741,464462.9754,6.05604,162.4,TRUE,5.3,361,300
10631,2022/10/23 13:10,131.5319898,47.090164,5217377.003,464464.97,6.35236,163.5,TRUE,5.3,364,300
10632,2022/10/23 13:10,131.5320213,47.09010133,5217370.022,464467.32,6.25976,162.7,TRUE,5.3,366,300
10633,2022/10/23 13:10,131.5320557,47.09003717,5217362.873,464469.8893,6.31532,164.4,TRUE,5.3,360,300
10634,2022/10/23 13:10,131.5320835,47.0899755,5217356.005,464471.9591,6.33384,159.3,TRUE,5.3,361,300
10635,2022/10/23 13:10,131.532124,47.08991283,5217349.019,464474.9925,6.2042,159.5,TRUE,5.3,365,300
10636,2022/10/23 13:10,131.5321567,47.08985917,5217343.039,464477.4397,6.03752,163.4,TRUE,5.3,400,300
10637,2022/10/23 13:10,131.5321872,47.08979583,5217335.983,464479.7134,6.35236,160.2,TRUE,5.3,372,300
10638,2022/10/23 13:11,131.5322217,47.0897365,5217329.372,464482.2934,6.09308,159.3,TRUE,5.3,371,300
10639,2022/10/23 13:11,131.5322505,47.089672,5217322.188,464484.4373,6.35236,159,TRUE,5.3,376,300
10640,2022/10/23 13:11,131.5322852,47.089609,5217315.168,464487.0301,6.61164,160.2,TRUE,5.3,399,300
10641,2022/10/23 13:11,131.5323153,47.08954933,5217308.521,464489.2759,6.37088,160.4,TRUE,5.3,384,300
10642,2022/10/23 13:11,131.5323517,47.08949033,5217301.945,464492.0005,6.33384,163.6,TRUE,5.3,368,300
10643,2022/10/23 13:11,131.5323838,47.0894295,5217295.168,464494.3974,6.61164,156.5,TRUE,5.3,399,300
10644,2022/10/23 13:11,131.5324162,47.08936583,5217288.075,464496.8152,5.75972,163.2,TRUE,5.3,400,300
10645,2022/10/23 13:11,131.5324502,47.08930733,5217281.556,464499.3579,6.31532,161.7,TRUE,5.3,374,300
10646,2022/10/23 13:11,131.532479,47.0892455,5217274.669,464501.5036,6.22272,158.9,TRUE,5.3,353,300
10647,2022/10/23 13:11,131.5325173,47.08918917,5217268.39,464504.3742,6.37088,161.4,TRUE,5.3,371,300
10648,2022/10/23 13:11,131.5325492,47.08913083,5217261.889,464506.7576,6.88944,164.1,TRUE,5.3,378,300
10649,2022/10/23 13:11,131.5325817,47.08906533,5217254.593,464509.1818,6.24124,165.3,TRUE,5.3,369,300
10650,2022/10/23 13:11,131.5326157,47.08900283,5217247.629,464511.7219,6.019,164.7,TRUE,5.3,358,300
10651,2022/10/23 13:11,131.5326515,47.0889415,5217240.795,464514.3994,6.63016,160,TRUE,5.3,400,300
10652,2022/10/23 13:11,131.532687,47.08887883,5217233.811,464517.0533,6.25976,160.3,TRUE,5.3,369,300
10653,2022/10/23 13:12,131.5327188,47.0888205,5217227.312,464519.4291,5.48192,160.8,TRUE,5.3,369,300
10654,2022/10/23 13:12,131.5327478,47.08875617,5217220.147,464521.5884,6.18568,165.6,TRUE,5.3,360,300
10655,2022/10/23 13:12,131.5327663,47.08869183,5217212.986,464522.9504,6.6672,163.2,TRUE,5.3,366,300
10656,2022/10/23 13:12,131.5328037,47.08862833,5217205.91,464525.748,6.3894,163.1,TRUE,5.3,390,300
10657,2022/10/23 13:12,131.5328337,47.08856983,5217199.393,464527.987,6.51904,162,TRUE,5.3,359,300
10658,2022/10/23 13:12,131.53287,47.0885075,5217192.447,464530.7019,6.18568,155.6,TRUE,5.3,358,300
10659,2022/10/23 13:12,131.5328975,47.08844183,5217185.134,464532.7464,6.25976,154.9,TRUE,5.3,346,300
10660,2022/10/23 13:12,131.5329333,47.08837933,5217178.169,464535.4232,6.40792,159.1,TRUE,5.3,365,300
10661,2022/10/23 13:12,131.5329748,47.08831767,5217171.295,464538.5334,6.59312,165.1,TRUE,5.3,363,300
10662,2022/10/23 13:12,131.533004,47.08825667,5217164.501,464540.7101,6.09308,165.5,TRUE,5.3,368,300
10663,2022/10/23 13:12,131.5330315,47.08820033,5217158.225,464542.7608,6.482,165.3,TRUE,5.3,365,300
10664,2022/10/23 13:12,131.5330673,47.08813917,5217151.409,464545.4385,6.87092,166.6,TRUE,5.3,400,300
10665,2022/10/23 13:12,131.5330972,47.0880775,5217144.54,464547.6679,6.51904,168.2,TRUE,5.3,367,300
10666,2022/10/23 13:12,131.5331308,47.088016,5217137.687,464550.1784,6.50052,163.8,TRUE,5.3,373,300
10667,2022/10/23 13:12,131.533164,47.08795467,5217130.854,464552.6586,6.6672,159.4,TRUE,5.3,385,300
10668,2022/10/23 13:13,131.5331963,47.08789417,5217124.114,464555.071,6.83388,163.2,TRUE,5.3,361,300
10669,2022/10/23 13:13,131.5332328,47.08783383,5217117.389,464557.8025,6.1116,159.4,TRUE,5.3,392,300
10670,2022/10/23 13:13,131.5332612,47.087774,5217110.725,464559.9193,6.74128,164.4,TRUE,5.3,371,300
10671,2022/10/23 13:13,131.533276,47.0877075,5217103.325,464560.9989,6.83388,157.3,TRUE,5.3,373,300
10672,2022/10/23 13:13,131.533321,47.08764717,5217096.597,464564.3758,5.94492,164.6,TRUE,5.3,361,300
10673,2022/10/23 13:13,131.5333333,47.0875805,5217089.18,464565.2656,6.22272,161.8,TRUE,5.3,375,300
10674,2022/10/23 13:13,131.5333627,47.08752583,5217083.089,464567.4617,5.556,154.1,TRUE,5.3,400,300
10675,2022/10/23 13:13,131.5333977,47.08746783,5217076.625,464570.0808,5.87084,160.8,TRUE,5.3,390,300
10676,2022/10/23 13:13,131.5334225,47.087414,5217070.629,464571.9283,4.8152,169.4,TRUE,5.3,395,300
10677,2022/10/23 13:13,131.5334527,47.08736917,5217065.632,464574.1917,5.44488,161.3,TRUE,5.3,400,300
10678,2022/10/23 13:13,131.5334687,47.0873265,5217060.881,464575.3783,3.92624,158.5,TRUE,5.3,368,300
10679,2022/10/23 13:13,131.5334677,47.08728867,5217056.676,464575.2773,4.85224,197.3,TRUE,5.3,394,300
10680,2022/10/23 13:13,131.5334635,47.08724067,5217051.341,464574.9265,5.14856,197.2,TRUE,5.3,352,300
10681,2022/10/23 13:13,131.5334473,47.08718717,5217045.401,464573.661,5.68564,202.8,TRUE,5.3,270,300
10682,2022/10/23 13:13,131.5334202,47.08714517,5217040.744,464571.5754,6.05604,211.6,TRUE,5.3,254,300
10683,2022/10/23 13:14,131.5333807,47.0870945,5217035.129,464568.5424,4.83372,210.2,TRUE,5.3,268,300
10684,2022/10/23 13:14,131.5333525,47.0870405,5217029.138,464566.3654,5.57452,211.2,TRUE,5.3,263,300
10685,2022/10/23 13:14,131.5333275,47.08698333,5217022.794,464564.4291,5.79676,196.4,TRUE,5.3,253,300
10686,2022/10/23 13:14,131.533305,47.08692017,5217015.782,464562.6788,4.87076,193.9,TRUE,5.3,299,300
10687,2022/10/23 13:14,131.533287,47.086866,5217009.768,464561.2761,5.51896,192,TRUE,5.3,248,300
10688,2022/10/23 13:14,131.5332717,47.08680633,5217003.142,464560.0747,5.51896,199.1,TRUE,5.3,364,300
10689,2022/10/23 13:14,131.5332395,47.08673917,5216995.69,464557.5851,5.59304,198,TRUE,5.3,355,300
10690,2022/10/23 13:14,131.5332115,47.08666833,5216987.827,464555.412,6.07456,202.1,TRUE,5.3,257,300
10691,2022/10/23 13:14,131.5332055,47.08660917,5216981.253,464554.9172,8.315479,193.8,TRUE,5.3,344,300
10692,2022/10/23 13:14,131.533201,47.08654967,5216974.64,464554.536,5.68564,196,TRUE,5.3,255,300
10693,2022/10/23 13:14,131.5331777,47.08649017,5216968.036,464552.7273,6.09308,200.4,TRUE,5.3,244,300
10694,2022/10/23 13:14,131.5331547,47.08643383,5216961.783,464550.9435,6.2968,187,TRUE,5.3,306,300
10695,2022/10/23 13:14,131.5331303,47.08637233,5216954.957,464549.0499,4.85224,201.2,TRUE,5.3,143,300
10696,2022/10/23 13:14,131.5330958,47.0863195,5216949.099,464546.3952,0.79636,225.1,FALSE,5.3,0,300
10697,2022/10/23 13:14,131.533146,47.08633667,5216950.986,464550.2184,5.24116,82.5,FALSE,5.3,0,300
10698,2022/10/23 13:15,131.533234,47.08633067,5216950.279,464556.8965,2.61132,144.2,FALSE,5.3,0,300
10699,2022/10/23 13:15,131.5332367,47.086334,5216950.648,464557.1038,1.33344,342.3,FALSE,5.3,0,300
10700,2022/10/23 13:15,131.5332217,47.08633533,5216950.802,464555.9657,0,322,FALSE,5.3,0,300
10701,2022/10/23 13:15,131.5331862,47.08635833,5216953.375,464553.2853,0,314,FALSE,5.3,0,300
10702,2022/10/23 13:15,131.5331817,47.08635783,5216953.322,464552.9433,0,0,FALSE,5.3,0,300
10703,2022/10/23 13:15,131.5332138,47.08633933,5216951.251,464555.3684,4.20404,161.9,FALSE,5.3,0,300
10704,2022/10/23 13:15,131.5332268,47.08629933,5216946.798,464556.329,1.92608,176,FALSE,5.3,0,300
10705,2022/10/23 13:15,131.5332393,47.08628867,5216945.607,464557.2711,0,0,FALSE,5.3,0,300
10706,2022/10/23 13:15,131.5332457,47.0862945,5216946.252,464557.761,2.24092,340.2,TRUE,5.3,203,300
10707,2022/10/23 13:15,131.5332473,47.08631283,5216948.289,464557.8946,3.4262,355,TRUE,5.3,366,300
10708,2022/10/23 13:15,131.5332412,47.08633233,5216950.46,464557.4444,3.35212,358.4,TRUE,5.3,347,300
10709,2022/10/23 13:15,131.5332133,47.08636033,5216953.585,464555.3444,4.20404,337,TRUE,5.3,352,300
10710,2022/10/23 13:15,131.5331845,47.086398,5216957.786,464553.1825,4.5374,342.9,TRUE,5.3,400,300
10711,2022/10/23 13:15,131.5331572,47.0864525,5216963.858,464551.1457,4.66704,340.7,TRUE,5.3,355,300
10712,2022/10/23 13:15,131.5331348,47.08650667,5216969.89,464549.4807,5.1856,342.7,TRUE,5.3,367,300
10713,2022/10/23 13:16,131.5330482,47.08657817,5216977.878,464542.9524,5.05596,343,TRUE,5.3,374,300
10714,2022/10/23 13:16,131.5330195,47.08664367,5216985.173,464540.8166,5.24116,349.6,TRUE,5.3,399,300
10715,2022/10/23 13:16,131.5329938,47.08668567,5216989.854,464538.893,6.31532,343.6,TRUE,5.3,399,300
10716,2022/10/23 13:16,131.5329655,47.08673783,5216995.665,464536.7787,5.33376,347.6,TRUE,5.3,400,300
10717,2022/10/23 13:16,131.5329353,47.086799,5217002.479,464534.5261,5.85232,345.8,TRUE,5.3,387,300
10718,2022/10/23 13:16,131.5329107,47.08685567,5217008.791,464532.6958,6.27828,343.1,TRUE,5.3,374,300
10719,2022/10/23 13:16,131.5328858,47.08691533,5217015.434,464530.8447,5.88936,346.4,TRUE,5.3,398,300
10720,2022/10/23 13:16,131.532855,47.08697517,5217022.101,464528.5457,6.5746,344.7,TRUE,5.3,368,300
10721,2022/10/23 13:16,131.5328253,47.0870375,5217029.044,464526.3319,5.53748,337.3,TRUE,5.3,400,300
10722,2022/10/23 13:16,131.5327895,47.08709467,5217035.416,464523.6515,5.33376,345.8,TRUE,5.3,392,300
10723,2022/10/23 13:16,131.5327483,47.08715533,5217042.178,464520.5634,5.88936,345.2,TRUE,5.3,383,300
10724,2022/10/23 13:16,131.532709,47.08722667,5217050.127,464517.6266,5.4634,337.8,TRUE,5.3,395,300
10725,2022/10/23 13:16,131.532671,47.08728783,5217056.943,464514.7818,5.6486,341.6,TRUE,5.3,372,300
10726,2022/10/23 13:16,131.532658,47.08734583,5217063.397,464513.8332,6.03752,341.4,TRUE,5.3,365,300
10727,2022/10/23 13:17,131.5326177,47.08739867,5217069.29,464510.8083,6.3894,340,TRUE,5.3,375,300
10728,2022/10/23 13:17,131.532584,47.08745683,5217075.771,464508.288,6.13012,341.6,TRUE,5.3,374,300
10729,2022/10/23 13:17,131.5325515,47.08752183,5217083.012,464505.8634,6.16716,341.1,TRUE,5.3,370,300
10730,2022/10/23 13:17,131.5325177,47.087585,5217090.05,464503.3389,5.90788,346.7,TRUE,5.3,368,300
10731,2022/10/23 13:17,131.532491,47.08764333,5217096.547,464501.3503,6.50052,345.3,TRUE,5.3,397,300
10732,2022/10/23 13:17,131.532466,47.087707,5217103.637,464499.4943,6.1116,340.7,TRUE,5.3,381,300
10733,2022/10/23 13:17,131.5324233,47.08776717,5217110.345,464496.292,5.88936,348.2,TRUE,5.3,371,300
10734,2022/10/23 13:17,131.5323915,47.08783167,5217117.53,464493.9202,6.16716,342.7,TRUE,5.3,383,300
10735,2022/10/23 13:17,131.5323653,47.08788383,5217123.341,464491.9655,5.8338,342.1,TRUE,5.3,400,300
10736,2022/10/23 13:17,131.5323318,47.08794033,5217129.637,464489.4594,5.88936,343.1,TRUE,5.3,367,300
10737,2022/10/23 13:17,131.5322963,47.08800167,5217136.473,464486.8046,6.31532,347.1,TRUE,5.3,400,300
10738,2022/10/23 13:17,131.5322608,47.0880685,5217143.919,464484.1535,6.09308,343.8,TRUE,5.3,371,300
10739,2022/10/23 13:17,131.5322228,47.088131,5217150.884,464481.3097,6.50052,346.3,TRUE,5.3,376,300
10740,2022/10/23 13:17,131.5321993,47.0881865,5217157.065,464479.5622,6.03752,341.6,TRUE,5.3,373,300
10741,2022/10/23 13:17,131.5321895,47.088244,5217163.462,464478.8563,6.46348,346.1,TRUE,5.3,374,300
10742,2022/10/23 13:18,131.5321648,47.08831683,5217171.57,464477.0292,6.482,340.3,TRUE,5.3,374,300
10743,2022/10/23 13:18,131.5321233,47.08837367,5217177.907,464473.9159,6.16716,341.1,TRUE,5.3,394,300
10744,2022/10/23 13:18,131.5320788,47.0884315,5217184.357,464470.5755,5.85232,346.8,TRUE,5.3,356,300
10745,2022/10/23 13:18,131.5320737,47.08849617,5217191.549,464470.2312,6.3894,343.8,TRUE,5.3,374,300
10746,2022/10/23 13:18,131.5320425,47.08855317,5217197.9,464467.9001,6.31532,341.6,TRUE,5.3,394,300
10747,2022/10/23 13:18,131.5320012,47.08861483,5217204.773,464464.8052,5.98196,339,TRUE,5.3,393,300
10748,2022/10/23 13:18,131.531958,47.08868017,5217212.057,464461.5685,6.2968,343.2,TRUE,5.3,397,300
10749,2022/10/23 13:18,131.5319307,47.08874,5217218.721,464459.5354,6.019,342.2,TRUE,5.3,395,300
10750,2022/10/23 13:18,131.5318965,47.088804,5217225.851,464456.9812,6.35236,344.3,TRUE,5.3,398,300
10751,2022/10/23 13:18,131.5318615,47.08885667,5217231.723,464454.3587,5.96344,346.4,TRUE,5.3,394,300
10752,2022/10/23 13:18,131.5318217,47.08891417,5217238.133,464451.3749,6.14864,340.6,TRUE,5.3,369,300
10753,2022/10/23 13:18,131.5317818,47.08898117,5217245.6,464448.3899,6.40792,344,TRUE,5.3,356,300
10754,2022/10/23 13:18,131.5317482,47.0890475,5217252.989,464445.8828,7.00056,345.4,TRUE,5.3,399,300
10755,2022/10/23 13:18,131.5317203,47.08910917,5217259.858,464443.8055,6.92648,348.4,TRUE,5.3,400,300
10756,2022/10/23 13:18,131.5316907,47.08917517,5217267.209,464441.6019,5.9264,350.7,TRUE,5.3,399,300
10757,2022/10/23 13:19,131.5316553,47.08923433,5217273.802,464438.9534,6.90796,340.8,TRUE,5.3,400,300
10758,2022/10/23 13:19,131.5316185,47.08929667,5217280.749,464436.2007,6.13012,341.3,TRUE,5.3,372,300
10759,2022/10/23 13:19,131.531578,47.08936267,5217288.105,464433.1695,6.24124,341.6,TRUE,5.3,367,300
10760,2022/10/23 13:19,131.5315357,47.08943,5217295.609,464430.0025,6.27828,342.9,TRUE,5.3,393,300
10761,2022/10/23 13:19,131.531506,47.08949283,5217302.608,464427.7893,7.0376,343.9,TRUE,5.3,360,300
10762,2022/10/23 13:19,131.5314732,47.089555,5217309.534,464425.3402,6.019,345.3,TRUE,5.3,400,300
10763,2022/10/23 13:19,131.5314567,47.0896265,5217317.49,464424.135,6.2968,346.5,TRUE,5.3,387,300
10764,2022/10/23 13:19,131.5314272,47.089689,5217324.452,464421.9367,6.22272,348.1,TRUE,5.3,400,300
10765,2022/10/23 13:19,131.5313865,47.08974633,5217330.844,464418.8846,5.87084,338,TRUE,5.3,400,300
10766,2022/10/23 13:19,131.5313455,47.08980267,5217337.126,464415.8091,7.42652,341.7,TRUE,5.3,400,300
10767,2022/10/23 13:19,131.5313122,47.08987217,5217344.868,464413.3269,7.5932,344.8,TRUE,5.3,360,300
10768,2022/10/23 13:19,131.5312735,47.08993717,5217352.112,464410.4318,6.2042,340.5,TRUE,5.3,394,300
10769,2022/10/23 13:19,131.5312397,47.0900055,5217359.723,464407.911,6.37088,347,TRUE,5.3,386,300
10770,2022/10/23 13:19,131.5312095,47.09006533,5217366.389,464405.6578,6.53756,344.9,TRUE,5.3,372,300
10771,2022/10/23 13:19,131.5311795,47.090124,5217372.925,464403.4191,7.00056,343.3,TRUE,5.3,398,300
10772,2022/10/23 13:20,131.5311272,47.09019333,5217380.656,464399.4942,5.90788,344.9,TRUE,5.3,375,300
10773,2022/10/23 13:20,131.5310927,47.09026467,5217388.603,464396.9223,6.31532,345.8,TRUE,5.3,383,300
10774,2022/10/23 13:20,131.5310742,47.09032867,5217395.726,464395.5603,6.5746,345.9,TRUE,5.3,366,300
10775,2022/10/23 13:20,131.5310478,47.09037233,5217400.592,464393.5849,5.48192,342.7,TRUE,5.3,370,300
10776,2022/10/23 13:20,131.5310123,47.09043133,5217407.167,464390.9288,6.64868,345.2,TRUE,5.3,377,300
10777,2022/10/23 13:20,131.5309765,47.09050617,5217415.504,464388.2604,5.90788,347.2,TRUE,5.3,400,300
10778,2022/10/23 13:20,131.5309323,47.09057217,5217422.861,464384.9485,6.72276,345.1,TRUE,5.3,396,300
10779,2022/10/23 13:20,131.5308872,47.09063233,5217429.57,464381.5643,5.07448,356.9,TRUE,5.3,369,300
10780,2022/10/23 13:20,131.5308585,47.090682,5217435.105,464379.4183,5.9264,350.3,TRUE,5.3,386,300
10781,2022/10/23 13:20,131.5308147,47.09074917,5217442.592,464376.1374,7.3154,343.9,TRUE,5.3,394,300
10782,2022/10/23 13:20,131.5307958,47.09081033,5217449.4,464374.7432,6.64868,342.2,TRUE,5.3,394,300
10783,2022/10/23 13:20,131.5307693,47.09087433,5217456.527,464372.7738,5.68564,349.9,TRUE,5.3,359,300
10784,2022/10/23 13:20,131.5307293,47.0909445,5217464.347,464369.7836,6.27828,344,TRUE,5.3,377,300
10785,2022/10/23 13:20,131.5306968,47.09100133,5217470.679,464367.3538,6.35236,344.1,TRUE,5.3,400,300
10786,2022/10/23 13:20,131.5306683,47.0910585,5217477.048,464365.2281,5.11152,346.5,TRUE,5.3,370,300
10787,2022/10/23 13:21,131.5306425,47.09111433,5217483.266,464363.3064,4.57444,341.5,TRUE,5.3,399,300
10788,2022/10/23 13:21,131.5306062,47.09117017,5217489.491,464360.5875,5.6486,342.7,TRUE,5.3,399,300
10789,2022/10/23 13:21,131.5305818,47.0912145,5217494.43,464358.7645,4.33368,352,TRUE,5.3,400,300
10790,2022/10/23 13:21,131.530559,47.091251,5217498.498,464357.0577,5.24116,339.2,TRUE,5.3,396,300
10791,2022/10/23 13:21,131.5305198,47.09130417,5217504.427,464354.1169,5.1856,342,TRUE,5.3,391,300
10792,2022/10/23 13:21,131.5304852,47.09136017,5217510.669,464351.5272,4.31516,346.4,TRUE,5.3,389,300
10793,2022/10/23 13:21,131.5304547,47.091403,5217515.444,464349.2401,5.57452,337.7,TRUE,5.3,400,300
10794,2022/10/23 13:21,131.5304222,47.09145267,5217520.981,464346.8056,4.48184,344.7,TRUE,5.3,394,300
10795,2022/10/23 13:21,131.5303865,47.0915125,5217527.649,464344.135,5.85232,346.7,TRUE,5.3,396,300
10796,2022/10/23 13:21,131.5303615,47.09156383,5217533.367,464342.2711,5.40784,347.6,TRUE,5.3,357,300
10797,2022/10/23 13:21,131.5303508,47.091618,5217539.394,464341.4949,5.4634,343.7,TRUE,5.3,375,300
10798,2022/10/23 13:21,131.5303305,47.09167167,5217545.369,464339.9894,4.29664,338.7,TRUE,5.3,348,300
10799,2022/10/23 13:21,131.5302973,47.09171233,5217549.905,464337.4958,4.75964,343.6,TRUE,5.3,367,300
10800,2022/10/23 13:21,131.5302533,47.09176183,5217555.428,464334.1881,3.90772,343.2,TRUE,5.3,354,300
10801,2022/10/23 13:21,131.5302332,47.09181717,5217561.589,464332.699,6.482,345.4,TRUE,5.3,370,300
10802,2022/10/23 13:22,131.5302107,47.09187217,5217567.714,464331.0274,5.96344,337.4,TRUE,5.3,373,300
10803,2022/10/23 13:22,131.530185,47.09192167,5217573.229,464329.1091,4.83372,346.2,TRUE,5.3,358,300
10804,2022/10/23 13:22,131.5301715,47.09196617,5217578.182,464328.1139,5.53748,343.8,TRUE,5.3,374,300
10805,2022/10/23 13:22,131.5301533,47.09201083,5217583.155,464326.7618,4.63,339.3,TRUE,5.3,357,300
10806,2022/10/23 13:22,131.5301388,47.09206717,5217589.426,464325.6985,4.96336,344.9,TRUE,5.3,375,300
10807,2022/10/23 13:22,131.530124,47.09212,5217595.306,464324.6101,6.09308,341.9,TRUE,5.3,398,300
10808,2022/10/23 13:22,131.5300878,47.0921665,5217600.492,464321.8927,5.33376,345.6,TRUE,5.3,369,300
10809,2022/10/23 13:22,131.5300433,47.092221,5217606.571,464318.5504,4.77816,350.6,TRUE,5.3,350,300
10810,2022/10/23 13:22,131.5300165,47.09226867,5217611.883,464316.5475,5.79676,338.3,TRUE,5.3,377,300
10811,2022/10/23 13:22,131.5300078,47.09232483,5217618.13,464315.9245,5.31524,347.6,TRUE,5.3,370,300
10812,2022/10/23 13:22,131.5299905,47.09238717,5217625.068,464314.6526,5.33376,350.6,TRUE,5.3,370,300
10813,2022/10/23 13:22,131.5299743,47.09243133,5217629.985,464313.4521,5.50044,347.8,TRUE,5.3,361,300
10814,2022/10/23 13:22,131.5299288,47.09248767,5217636.269,464310.0352,4.55592,344,TRUE,5.3,396,300
10815,2022/10/23 13:22,131.5298887,47.092546,5217642.772,464307.0296,4.70408,355.4,TRUE,5.3,365,300
10816,2022/10/23 13:22,131.5298525,47.09261117,5217650.034,464304.3247,5.75972,343.6,TRUE,5.3,400,300
10817,2022/10/23 13:23,131.5298273,47.092669,5217656.475,464302.45,4.87076,348.3,TRUE,5.3,368,300
10818,2022/10/23 13:23,131.5297967,47.09272833,5217663.084,464300.1664,6.79684,349.2,TRUE,5.3,400,300
10819,2022/10/23 13:23,131.5297728,47.09279733,5217670.766,464298.3979,5.8338,339.9,TRUE,5.3,400,300
10820,2022/10/23 13:23,131.5297133,47.09287083,5217678.964,464293.9296,5.90788,339.1,TRUE,5.3,394,300
10821,2022/10/23 13:23,131.5296797,47.09294067,5217686.744,464291.4252,6.46348,338.7,TRUE,5.3,358,300
10822,2022/10/23 13:23,131.5296455,47.09300983,5217694.448,464288.8749,6.03752,342,TRUE,5.3,399,300
10823,2022/10/23 13:23,131.5296365,47.09307083,5217701.234,464288.2323,5.79676,347.9,TRUE,5.3,370,300
10824,2022/10/23 13:23,131.5296373,47.0931165,5217706.311,464288.3236,5.48192,345.8,TRUE,5.3,394,300
10825,2022/10/23 13:23,131.5296095,47.09317033,5217712.308,464286.2489,6.22272,352.9,TRUE,5.3,366,300
10826,2022/10/23 13:23,131.5295733,47.0932255,5217718.458,464283.5374,5.94492,345,TRUE,5.3,400,300
10827,2022/10/23 13:23,131.5295403,47.09328733,5217725.347,464281.0732,6.1116,351.1,TRUE,5.3,376,300
10828,2022/10/23 13:23,131.5294785,47.09336617,5217734.14,464276.4339,5.20412,346.9,TRUE,5.3,376,300
10829,2022/10/23 13:23,131.5294398,47.09342283,5217740.457,464273.5336,5.51896,351.6,TRUE,5.3,371,300
10830,2022/10/23 13:23,131.5294213,47.093474,5217746.154,464272.1632,7.44504,348.1,TRUE,5.3,375,300
10831,2022/10/23 13:23,131.52937,47.09354317,5217753.867,464268.3146,5.50044,349.8,TRUE,5.3,369,300
10832,2022/10/23 13:24,131.529338,47.09359483,5217759.625,464265.9196,4.94484,344,TRUE,5.3,265,300
10833,2022/10/23 13:24,131.5293218,47.09365383,5217766.191,464264.7292,7.14872,350.7,TRUE,5.3,367,300
10834,2022/10/23 13:24,131.529306,47.093713,5217772.777,464263.5692,6.37088,346.9,TRUE,5.3,355,300
10835,2022/10/23 13:24,131.5292723,47.093778,5217780.018,464261.054,5.556,352.4,TRUE,5.3,361,300
10836,2022/10/23 13:24,131.529255,47.09384583,5217787.567,464259.786,6.61164,346.8,TRUE,5.3,346,300
10837,2022/10/23 13:24,131.5292328,47.093929,5217796.823,464258.1561,7.24132,359,TRUE,5.3,382,300
10838,2022/10/23 13:24,131.5292152,47.09399267,5217803.91,464256.8625,6.59312,355.7,TRUE,5.3,347,300
10839,2022/10/23 13:24,131.5291775,47.0940595,5217811.356,464254.0449,7.94508,349.2,TRUE,5.3,366,300
10840,2022/10/23 13:24,131.5291335,47.09411933,5217818.028,464250.7444,6.5746,346.9,TRUE,5.3,395,300
10841,2022/10/23 13:24,131.5290983,47.09419967,5217826.976,464248.1257,7.14872,352.5,TRUE,5.3,367,300
10842,2022/10/23 13:24,131.5290552,47.09428583,5217836.574,464244.9112,6.14864,355.8,TRUE,5.3,353,300
10843,2022/10/23 13:24,131.5290607,47.094327,5217841.148,464245.3563,3.53732,154.7,TRUE,5.3,72,300
10844,2022/10/23 13:24,131.5290668,47.094303,5217838.478,464245.8033,4.11144,123.9,FALSE,5.3,0,300
10845,2022/10/23 13:24,131.5291083,47.09431117,5217839.367,464248.9596,5.0004,68.2,FALSE,5.3,0,300
10846,2022/10/23 13:24,131.5290638,47.09433,5217841.481,464245.5936,4.61148,219.1,FALSE,5.3,0,300
10847,2022/10/23 13:25,131.529011,47.0942975,5217837.892,464241.5632,5.20412,187.2,TRUE,5.3,242,300
10848,2022/10/23 13:25,131.5290087,47.09424017,5217831.519,464241.3502,7.51912,165.5,TRUE,5.3,400,300
10849,2022/10/23 13:25,131.5290328,47.0941345,5217819.761,464243.1092,9.26,165.2,TRUE,5.3,313,300
10850,2022/10/23 13:25,131.5290388,47.09401567,5217806.547,464243.4852,7.778399,170.1,TRUE,5.3,349,300
10851,2022/10/23 13:25,131.5290528,47.09392817,5217796.813,464244.4895,7.25984,158.3,TRUE,5.3,355,300
10852,2022/10/23 13:25,131.529117,47.093856,5217788.761,464249.3155,8.334,156.1,TRUE,5.3,374,300
10853,2022/10/23 13:25,131.5291483,47.09375467,5217777.481,464251.624,9.926721,168.2,TRUE,5.3,396,300
10854,2022/10/23 13:25,131.5291425,47.09366367,5217767.367,464251.1228,7.5006,179.7,TRUE,5.3,375,300
10855,2022/10/23 13:25,131.5291605,47.093586,5217758.724,464252.4374,7.51912,172.1,TRUE,5.3,256,300
10856,2022/10/23 13:25,131.5291713,47.093514,5217750.715,464253.2092,6.019,156.2,TRUE,5.3,350,300
10857,2022/10/23 13:25,131.5291775,47.09343283,5217741.688,464253.6256,6.88944,173.2,TRUE,5.3,400,300
10858,2022/10/23 13:25,131.5292138,47.09336167,5217733.76,464256.334,3.66696,164.5,TRUE,5.3,400,300
10859,2022/10/23 13:25,131.5292302,47.09328983,5217725.766,464257.5311,7.871,165.6,TRUE,5.3,383,300
10860,2022/10/23 13:25,131.5292483,47.09322233,5217718.254,464258.8601,5.42636,166.5,TRUE,5.3,287,300
10861,2022/10/23 13:25,131.529322,47.093159,5217711.18,464264.4133,5.96344,164.4,TRUE,5.3,388,300
10862,2022/10/23 13:26,131.5293772,47.09309867,5217704.447,464268.5639,6.70424,165.7,TRUE,5.3,376,300
10863,2022/10/23 13:26,131.5294177,47.093034,5217697.239,464271.5956,7.74136,159.1,TRUE,5.3,397,300
10864,2022/10/23 13:26,131.5294322,47.0929485,5217687.728,464272.6393,8.01916,166.8,TRUE,5.3,396,300
10865,2022/10/23 13:26,131.5294768,47.09288233,5217680.351,464275.9813,5.75972,150.7,TRUE,5.3,363,300
10866,2022/10/23 13:26,131.5295248,47.09282667,5217674.141,464279.5884,5.556,159.2,TRUE,5.3,386,300
10867,2022/10/23 13:26,131.5295765,47.0927815,5217669.096,464283.4835,6.63016,157.2,TRUE,5.3,396,300
10868,2022/10/23 13:26,131.5296077,47.09271067,5217661.207,464285.8049,4.5374,148.6,TRUE,5.3,361,300
10869,2022/10/23 13:26,131.529637,47.09265833,5217655.375,464287.9945,6.7598,166.3,TRUE,5.3,377,300
10870,2022/10/23 13:26,131.5296805,47.09260133,5217649.019,464291.2591,5.6486,158.7,TRUE,5.3,363,300
10871,2022/10/23 13:26,131.529709,47.09254333,5217642.557,464293.3842,5.556,165.2,TRUE,5.3,392,300
10872,2022/10/23 13:26,131.5297128,47.09247583,5217635.052,464293.6276,5.88936,169.2,TRUE,5.3,394,300
10873,2022/10/23 13:26,131.5297462,47.09241,5217627.718,464296.1195,5.50044,176.7,TRUE,5.3,370,300
10874,2022/10/23 13:26,131.5297587,47.09234983,5217621.023,464297.0283,6.53756,153,TRUE,5.3,364,300
10875,2022/10/23 13:26,131.52979,47.09229167,5217614.543,464299.3659,6.7598,168.1,TRUE,5.3,360,300
10876,2022/10/23 13:26,131.5298322,47.0922185,5217606.389,464302.521,7.24132,175.5,TRUE,5.3,372,300
10877,2022/10/23 13:27,131.5298462,47.09215533,5217599.36,464303.5418,6.42644,162.9,TRUE,5.3,400,300
10878,2022/10/23 13:27,131.5298593,47.09208183,5217591.183,464304.4873,6.81536,169.2,TRUE,5.3,398,300
10879,2022/10/23 13:27,131.5298818,47.092028,5217585.188,464306.1596,5.68564,169.9,TRUE,5.3,400,300
10880,2022/10/23 13:27,131.5299137,47.09197017,5217578.745,464308.543,5.31524,176.1,TRUE,5.3,400,300
10881,2022/10/23 13:27,131.5299318,47.0918965,5217570.546,464309.868,6.53756,168,TRUE,5.3,363,300
10882,2022/10/23 13:27,131.5299538,47.09182733,5217562.846,464311.4922,6.482,171.1,TRUE,5.3,400,300
10883,2022/10/23 13:27,131.529994,47.091763,5217555.676,464314.5014,5.29672,172,TRUE,5.3,263,300
10884,2022/10/23 13:27,131.5300445,47.09170733,5217549.464,464318.2985,5.87084,164.8,TRUE,5.3,350,300
10885,2022/10/23 13:27,131.5300868,47.09166817,5217545.091,464321.484,6.44496,164.3,TRUE,5.3,360,300
10886,2022/10/23 13:27,131.5301198,47.09161533,5217539.202,464323.9542,5.90788,170.7,TRUE,5.3,355,300
10887,2022/10/23 13:27,131.5301297,47.09155833,5217532.861,464324.6678,6.46348,164.2,TRUE,5.3,361,300
10888,2022/10/23 13:27,131.5301755,47.0915,5217526.355,464328.1063,6.74128,167,TRUE,5.3,394,300
10889,2022/10/23 13:27,131.5302195,47.0914385,5217519.498,464331.406,6.482,170.4,TRUE,5.3,391,300
10890,2022/10/23 13:27,131.5302507,47.09138567,5217513.611,464333.7396,6.61164,163.9,TRUE,5.3,400,300
10891,2022/10/23 13:27,131.5303098,47.09134367,5217508.914,464338.1988,6.96352,168.3,TRUE,5.3,365,300
10892,2022/10/23 13:28,131.5303508,47.0912805,5217501.873,464341.2696,5.96344,177.2,TRUE,5.3,359,300
10893,2022/10/23 13:28,131.5303838,47.091216,5217494.687,464343.7321,5.29672,165.3,TRUE,5.3,367,300
10894,2022/10/23 13:28,131.5304187,47.09116833,5217489.372,464346.3501,6.09308,158.7,TRUE,5.3,400,300
10895,2022/10/23 13:28,131.5304613,47.091125,5217484.535,464349.5557,5.24116,166.1,TRUE,5.3,349,300
10896,2022/10/23 13:28,131.5304902,47.09108517,5217480.094,464351.7234,6.74128,170.2,TRUE,5.3,369,300
10897,2022/10/23 13:28,131.5305027,47.09102183,5217473.047,464352.6302,5.87084,161.4,TRUE,5.3,356,300
10898,2022/10/23 13:28,131.530509,47.0909605,5217466.226,464353.0676,5.16708,167.2,TRUE,5.3,356,300
10899,2022/10/23 13:28,131.5305242,47.090915,5217461.16,464354.1913,4.3522,154.2,TRUE,5.3,364,300
10900,2022/10/23 13:28,131.530565,47.09087183,5217456.342,464357.2603,5.20412,169,TRUE,5.3,271,300
10901,2022/10/23 13:28,131.5305827,47.09081433,5217449.942,464358.5659,6.27828,162.4,TRUE,5.3,356,300
10902,2022/10/23 13:28,131.5305972,47.09075533,5217443.376,464359.6274,6.44496,169.2,TRUE,5.3,355,300
10903,2022/10/23 13:28,131.5306388,47.0906985,5217437.039,464362.7481,5.53748,166.5,TRUE,5.3,284,300
10904,2022/10/23 13:28,131.5306845,47.09064967,5217431.59,464366.1854,6.14864,166.3,TRUE,5.3,358,300
10905,2022/10/23 13:28,131.5306933,47.090595,5217425.508,464366.8171,5.4634,169.6,TRUE,5.3,356,300
10906,2022/10/23 13:28,131.5307142,47.09054067,5217419.459,464368.3677,6.46348,172.4,TRUE,5.3,360,300
10907,2022/10/23 13:29,131.5307413,47.0904835,5217413.091,464370.3872,5.94492,165.9,TRUE,5.3,397,300
10908,2022/10/23 13:29,131.530778,47.09043,5217407.126,464373.1381,5.77824,174.9,TRUE,5.3,306,300
10909,2022/10/23 13:29,131.5308087,47.09037233,5217400.701,464375.4306,5.98196,164.5,TRUE,5.3,365,300
10910,2022/10/23 13:29,131.5308335,47.09031533,5217394.353,464377.2756,7.33392,165.7,TRUE,5.3,360,300
10911,2022/10/23 13:29,131.5308733,47.09025683,5217387.831,464380.2585,7.11168,169.2,TRUE,5.3,265,300
10912,2022/10/23 13:29,131.5308997,47.0901905,5217380.445,464382.2188,7.14872,167.2,TRUE,5.3,372,300
10913,2022/10/23 13:29,131.5309587,47.09013167,5217373.878,464386.6593,5.98196,164.7,TRUE,5.3,345,300
10914,2022/10/23 13:29,131.5310045,47.0900785,5217367.946,464390.1014,6.55608,162.9,TRUE,5.3,388,300
10915,2022/10/23 13:29,131.5310113,47.090016,5217360.995,464390.576,6.40792,166.2,TRUE,5.3,374,300
10916,2022/10/23 13:29,131.5310068,47.08996,5217354.771,464390.197,6.03752,165.7,TRUE,5.3,367,300
10917,2022/10/23 13:29,131.531054,47.089886,5217346.523,464393.7315,6.79684,171.2,TRUE,5.3,349,300
10918,2022/10/23 13:29,131.5311167,47.0898215,5217339.324,464398.4492,7.38948,166.1,TRUE,5.3,371,300
10919,2022/10/23 13:29,131.5311502,47.0897655,5217333.083,464400.9555,6.72276,168.4,TRUE,5.3,361,300
10920,2022/10/23 13:29,131.5311757,47.08970067,5217325.864,464402.8485,6.64868,162.5,TRUE,5.3,359,300
10921,2022/10/23 13:29,131.5312177,47.08962917,5217317.896,464405.9898,6.482,157.1,TRUE,5.3,354,300
10922,2022/10/23 13:30,131.5312632,47.0895685,5217311.13,464409.4042,6.59312,163.5,TRUE,5.3,348,300
10923,2022/10/23 13:30,131.5313178,47.0895125,5217304.88,464413.5126,6.33384,165.3,TRUE,5.3,369,300
10924,2022/10/23 13:30,131.5313677,47.08946133,5217299.168,464417.2673,6.2042,163.5,TRUE,5.3,375,300
10925,2022/10/23 13:30,131.5313962,47.08941033,5217293.486,464419.3973,6.74128,154.3,TRUE,5.3,374,300
10926,2022/10/23 13:30,131.5314318,47.08934033,5217285.687,464422.0538,7.3154,155,TRUE,5.3,367,300
10927,2022/10/23 13:30,131.5314852,47.0892635,5217277.122,464426.0572,7.5932,157.7,TRUE,5.3,364,300
10928,2022/10/23 13:30,131.531553,47.08920767,5217270.884,464431.1681,7.01908,156.4,TRUE,5.3,361,300
10929,2022/10/23 13:30,131.5316047,47.089152,5217264.672,464435.0565,6.88944,162.8,TRUE,5.3,372,300
10930,2022/10/23 13:30,131.5316268,47.089095,5217258.325,464436.6966,7.51912,165.8,TRUE,5.3,394,300
10931,2022/10/23 13:30,131.5316575,47.08902717,5217250.77,464438.9825,7.35244,164.3,TRUE,5.3,368,300
10932,2022/10/23 13:30,131.5316987,47.08895083,5217242.265,464442.06,7.09316,164.5,TRUE,5.3,356,300
10933,2022/10/23 13:30,131.531742,47.0888785,5217234.204,464445.2996,7.6858,156.9,TRUE,5.3,363,300
10934,2022/10/23 13:30,131.5317625,47.08880567,5217226.098,464446.8077,6.92648,165.3,TRUE,5.3,352,300
10935,2022/10/23 13:30,131.5317813,47.08874367,5217219.197,464448.1939,6.98204,162.7,TRUE,5.3,375,300
10936,2022/10/23 13:30,131.5318075,47.08867433,5217211.476,464450.1372,7.24132,164,TRUE,5.3,352,300
10937,2022/10/23 13:31,131.5318758,47.08860067,5217203.256,464455.2742,7.53764,160.9,TRUE,5.3,396,300
10938,2022/10/23 13:31,131.5319023,47.08853167,5217195.573,464457.2404,6.59312,166.9,TRUE,5.3,359,300
10939,2022/10/23 13:31,131.531934,47.08846567,5217188.221,464459.6035,6.24124,157.9,TRUE,5.3,363,300
10940,2022/10/23 13:31,131.5319653,47.08840733,5217181.721,464461.9413,7.35244,160.9,TRUE,5.3,377,300
10941,2022/10/23 13:31,131.5320143,47.0883355,5217173.713,464465.6141,7.37096,161.1,TRUE,5.3,366,300
10942,2022/10/23 13:31,131.5320475,47.0882675,5217166.139,464468.0898,8.037681,157.8,TRUE,5.3,376,300
10943,2022/10/23 13:31,131.5320715,47.08819183,5217157.715,464469.8618,7.05612,156.8,TRUE,5.3,363,300
10944,2022/10/23 13:31,131.5321323,47.088113,5217148.924,464474.426,7.35244,159.9,TRUE,5.3,350,300
10945,2022/10/23 13:31,131.5321878,47.08805317,5217142.247,464478.6003,7.18576,159.8,TRUE,5.3,365,300
10946,2022/10/23 13:31,131.5322188,47.08798083,5217134.191,464480.9061,7.18576,163,TRUE,5.3,363,300
10947,2022/10/23 13:31,131.5322388,47.08789867,5217125.048,464482.3701,7.42652,165.9,TRUE,5.3,352,300
10948,2022/10/23 13:31,131.5322845,47.087838,5217118.283,464485.7998,7.64876,153.9,TRUE,5.3,358,300
10949,2022/10/23 13:31,131.5323227,47.0877725,5217110.983,464488.6569,7.48208,162.8,TRUE,5.3,361,300
10950,2022/10/23 13:31,131.5323335,47.0876925,5217102.085,464489.4237,7.2228,163.3,TRUE,5.3,362,300
10951,2022/10/23 13:31,131.5323417,47.08760933,5217092.835,464489.9911,7.94508,166.7,TRUE,5.3,355,300
10952,2022/10/23 13:32,131.532396,47.08752683,5217083.638,464494.0594,7.6858,161,TRUE,5.3,366,300
10953,2022/10/23 13:32,131.53243,47.08745617,5217075.768,464496.5941,7.24132,158.8,TRUE,5.3,271,300
10954,2022/10/23 13:32,131.5324658,47.08739333,5217068.765,464499.2707,7.778399,158.8,TRUE,5.3,352,300
10955,2022/10/23 13:32,131.5324985,47.08732683,5217061.357,464501.7095,7.81544,164.4,TRUE,5.3,368,300
10956,2022/10/23 13:32,131.5325363,47.087256,5217053.466,464504.5326,7.94508,158.7,TRUE,5.3,371,300
10957,2022/10/23 13:32,131.5325772,47.08717167,5217044.072,464507.5822,7.37096,156.7,TRUE,5.3,361,300
10958,2022/10/23 13:32,131.5326107,47.08709433,5217035.459,464510.0746,6.482,167.2,TRUE,5.3,399,300
10959,2022/10/23 13:32,131.5326422,47.08703833,5217029.219,464512.4293,6.77832,159.2,TRUE,5.3,360,300
10960,2022/10/23 13:32,131.5326723,47.08696433,5217020.979,464514.6657,7.92656,158.2,TRUE,5.3,372,300
10961,2022/10/23 13:32,131.532724,47.08688967,5217012.655,464518.5418,7.6858,160.1,TRUE,5.3,364,300
10962,2022/10/23 13:32,131.5327653,47.08682367,5217005.299,464521.634,7.27836,160,TRUE,5.3,354,300
10963,2022/10/23 13:32,131.5327987,47.08675017,5216997.113,464524.1213,7.37096,159.1,TRUE,5.3,357,300
10964,2022/10/23 13:32,131.5328417,47.08668383,5216989.718,464527.3424,6.40792,160.6,TRUE,5.3,367,300
10965,2022/10/23 13:32,131.5328878,47.0866185,5216982.434,464530.7995,7.6858,155.7,TRUE,5.3,370,300
10966,2022/10/23 13:32,131.532939,47.08655,5216974.796,464534.6418,7.871,161.7,TRUE,5.3,358,300
10967,2022/10/23 13:33,131.53298,47.086483,5216967.329,464537.7106,7.74136,154.1,TRUE,5.3,360,300
10968,2022/10/23 13:33,131.5330217,47.08640367,5216958.49,464540.8244,8.037681,156,TRUE,5.3,369,300
10969,2022/10/23 13:33,131.5330512,47.08633383,5216950.713,464543.018,6.83388,161,TRUE,5.3,375,300
10970,2022/10/23 13:33,131.5330958,47.086271,5216943.708,464546.363,6.1116,154.3,TRUE,5.3,400,300
10971,2022/10/23 13:33,131.5331407,47.08620967,5216936.869,464549.7317,6.92648,163.2,TRUE,5.3,358,300
10972,2022/10/23 13:33,131.5331733,47.08615633,5216930.924,464552.1717,5.61156,171.9,TRUE,5.3,240,300
10973,2022/10/23 13:33,131.5331672,47.08610317,5216925.017,464551.6733,6.90796,217.5,FALSE,5.3,0,300
10974,2022/10/23 13:33,131.5330922,47.08608033,5216922.512,464545.9631,2.05572,284.7,FALSE,5.3,0,300
10975,2022/10/23 13:33,131.5331623,47.08606867,5216921.184,464551.2783,6.3894,108.2,FALSE,5.3,0,300
10976,2022/10/23 13:33,131.5332487,47.08603617,5216917.532,464557.8174,5.98196,332.2,FALSE,5.3,0,300
10977,2022/10/23 13:33,131.533216,47.086081,5216922.53,464555.3641,6.98204,344,FALSE,5.3,0,300
10978,2022/10/23 13:33,131.5332032,47.08612983,5216927.965,464554.4246,4.29664,337.1,TRUE,5.3,368,300
10979,2022/10/23 13:33,131.5331708,47.08615483,5216930.759,464551.9809,3.35212,340.8,TRUE,5.3,400,300
10980,2022/10/23 13:33,131.5331413,47.086182,5216933.793,464549.7589,4.18552,347.3,TRUE,5.3,306,300
10981,2022/10/23 13:33,131.5331143,47.08620333,5216936.176,464547.7228,5.1856,344.7,TRUE,5.3,399,300
10982,2022/10/23 13:34,131.5330818,47.0862515,5216941.546,464545.287,5.40784,347.3,TRUE,5.3,400,300
10983,2022/10/23 13:34,131.5330547,47.08628617,5216945.413,464543.2522,5.8338,341.9,TRUE,5.3,395,300
10984,2022/10/23 13:34,131.5330268,47.0863315,5216950.465,464541.1637,6.40792,349.5,TRUE,5.3,363,300
10985,2022/10/23 13:34,131.5329812,47.086399,5216957.99,464537.746,6.27828,351.9,TRUE,5.3,365,300
10986,2022/10/23 13:34,131.5329308,47.08646883,5216965.776,464533.9653,5.79676,344.4,TRUE,5.3,400,300
10987,2022/10/23 13:34,131.5329037,47.08654383,5216974.126,464531.9573,6.51904,346,TRUE,5.3,380,300
10988,2022/10/23 13:34,131.5328645,47.08660783,5216981.259,464529.0232,4.77816,345.5,TRUE,5.3,372,300
10989,2022/10/23 13:34,131.5328442,47.0866495,5216985.9,464527.5094,5.16708,342.1,TRUE,5.3,372,300
10990,2022/10/23 13:34,131.532814,47.08670333,5216991.898,464525.252,6.019,342.2,TRUE,5.3,397,300
10991,2022/10/23 13:34,131.5327677,47.0867655,5216998.831,464521.7776,5.90788,343.2,TRUE,5.3,400,300
10992,2022/10/23 13:34,131.532728,47.086828,5217005.797,464518.8046,5.90788,339.5,TRUE,5.3,376,300
10993,2022/10/23 13:34,131.5326992,47.08689283,5217013.018,464516.6608,6.019,340.7,TRUE,5.3,369,300
10994,2022/10/23 13:34,131.5326707,47.08694867,5217019.238,464514.5338,6.14864,343.7,TRUE,5.3,374,300
10995,2022/10/23 13:34,131.5326283,47.087012,5217026.298,464511.3563,6.59312,341.1,TRUE,5.3,360,300
10996,2022/10/23 13:34,131.5325955,47.08709067,5217035.059,464508.918,5.88936,346.9,TRUE,5.3,377,300
10997,2022/10/23 13:35,131.5325768,47.087147,5217041.33,464507.5355,6.61164,341.8,TRUE,5.3,397,300
10998,2022/10/23 13:35,131.5325315,47.08721783,5217049.225,464504.1428,7.07464,344.1,TRUE,5.3,375,300
10999,2022/10/23 13:35,131.5325055,47.08730867,5217059.335,464502.2289,6.5746,342.1,TRUE,5.3,395,300
11000,2022/10/23 13:35,131.5324818,47.0873775,5217066.998,464500.4751,5.42636,343.2,TRUE,5.3,374,300
11001,2022/10/23 13:35,131.5324408,47.08744533,5217074.558,464497.4069,6.24124,342.9,TRUE,5.3,357,300
11002,2022/10/23 13:35,131.5324075,47.087514,5217082.207,464494.924,7.09316,344.2,TRUE,5.3,400,300
11003,2022/10/23 13:35,131.5323747,47.08757083,5217088.54,464492.4713,6.74128,342.8,TRUE,5.3,379,300
11004,2022/10/23 13:35,131.5323547,47.08762717,5217094.812,464490.9901,6.31532,341.6,TRUE,5.3,373,300
11005,2022/10/23 13:35,131.5323073,47.0876925,5217102.097,464487.4343,5.98196,341.8,TRUE,5.3,394,300
11006,2022/10/23 13:35,131.5322567,47.08776,5217109.624,464483.6371,5.07448,344,TRUE,5.3,376,300
11007,2022/10/23 13:35,131.5322203,47.08780267,5217114.384,464480.9016,6.00048,342.3,TRUE,5.3,395,300
11008,2022/10/23 13:35,131.532201,47.08786583,5217121.414,464479.4781,6.81536,345.3,TRUE,5.3,361,300
11009,2022/10/23 13:35,131.5321757,47.08794183,5217129.875,464477.6076,5.72268,343.3,TRUE,5.3,369,300
11010,2022/10/23 13:35,131.5321457,47.08801017,5217137.486,464475.3751,6.13012,346.8,TRUE,5.3,370,300
11011,2022/10/23 13:35,131.5321077,47.088089,5217146.267,464472.5421,6.37088,345.1,TRUE,5.3,390,300
11012,2022/10/23 13:36,131.5320833,47.08815917,5217154.079,464470.7361,6.2968,340.5,TRUE,5.3,370,300
11013,2022/10/23 13:36,131.5320487,47.0882215,5217161.024,464468.1503,5.38932,342.6,TRUE,5.3,376,300
11014,2022/10/23 13:36,131.5320192,47.08827867,5217167.393,464465.9484,5.66712,346.8,TRUE,5.3,400,300
11015,2022/10/23 13:36,131.5319853,47.08834417,5217174.69,464463.4179,6.55608,341.3,TRUE,5.3,397,300
11016,2022/10/23 13:36,131.531955,47.088407,5217181.689,464461.159,6.18568,346,TRUE,5.3,377,300
11017,2022/10/23 13:36,131.5319192,47.08846817,5217188.506,464458.4814,5.94492,342,TRUE,5.3,400,300
11018,2022/10/23 13:36,131.5318745,47.08852667,5217195.03,464455.1262,4.50036,352.1,TRUE,5.3,394,300
11019,2022/10/23 13:36,131.5318575,47.08857467,5217200.374,464453.8674,6.87092,340.8,TRUE,5.3,400,300
11020,2022/10/23 13:36,131.5318313,47.08865233,5217209.019,464451.9297,6.42644,345.6,TRUE,5.3,400,300
11021,2022/10/23 13:36,131.5317915,47.08871533,5217216.041,464448.9496,5.8338,347.3,TRUE,5.3,387,300
11022,2022/10/23 13:36,131.5317467,47.08877317,5217222.492,464445.5864,5.556,342.9,TRUE,5.3,373,300
11023,2022/10/23 13:36,131.5316987,47.08884333,5217230.313,464441.9885,6.482,344.5,TRUE,5.3,400,300
11024,2022/10/23 13:36,131.5316748,47.08891933,5217238.773,464440.2243,7.18576,345.2,TRUE,5.3,400,300
11025,2022/10/23 13:36,131.531646,47.08899933,5217247.68,464438.0908,6.40792,346.7,TRUE,5.3,373,300
11026,2022/10/23 13:36,131.531608,47.089054,5217253.775,464435.2419,6.24124,350.8,TRUE,5.3,367,300
11027,2022/10/23 13:37,131.531578,47.08910567,5217259.533,464432.9984,5.31524,346.5,TRUE,5.3,400,300
11028,2022/10/23 13:37,131.5315382,47.08915983,5217265.572,464430.0125,7.05612,343.7,TRUE,5.3,397,300
11029,2022/10/23 13:37,131.531502,47.08922283,5217272.593,464427.3058,7.2228,343,TRUE,5.3,374,300
11030,2022/10/23 13:37,131.5314688,47.0892945,5217280.576,464424.8326,5.59304,343.5,TRUE,5.3,362,300
11031,2022/10/23 13:37,131.5314388,47.089375,5217289.539,464422.6084,5.57452,350,TRUE,5.3,400,300
11032,2022/10/23 13:37,131.5314173,47.08945467,5217298.406,464421.029,6.46348,347,TRUE,5.3,381,300
11033,2022/10/23 13:37,131.5313935,47.08951933,5217305.605,464419.2649,7.09316,344,TRUE,5.3,388,300
11034,2022/10/23 13:37,131.531368,47.08956383,5217310.564,464417.3584,5.16708,354.6,TRUE,5.3,366,300
11035,2022/10/23 13:37,131.531314,47.08961267,5217316.018,464413.2908,5.6486,344.5,TRUE,5.3,362,300
11036,2022/10/23 13:37,131.5312803,47.089686,5217324.185,464410.7808,5.44488,345.8,TRUE,5.3,376,300
11037,2022/10/23 13:37,131.5312652,47.08974,5217330.196,464409.6703,5.44488,349.4,TRUE,5.3,400,300
11038,2022/10/23 13:37,131.5312288,47.08978383,5217335.085,464406.9357,5.20412,349.9,TRUE,5.3,399,300
11039,2022/10/23 13:37,131.5311823,47.08981967,5217339.09,464403.4289,5.72268,343.7,TRUE,5.3,368,300
11040,2022/10/23 13:37,131.5311523,47.0898735,5217345.088,464401.1869,4.88928,348.8,TRUE,5.3,400,300
11041,2022/10/23 13:37,131.5311347,47.0899425,5217352.767,464399.8966,5.42636,341.5,TRUE,5.3,397,300
11042,2022/10/23 13:38,131.531105,47.089993,5217358.395,464397.6751,5.16708,346.5,TRUE,5.3,400,300
11043,2022/10/23 13:38,131.5310802,47.0900465,5217364.354,464395.8278,4.74112,351.4,TRUE,5.3,399,300
11044,2022/10/23 13:38,131.5310643,47.09011183,5217371.624,464394.6641,6.09308,350.6,TRUE,5.3,399,300
11045,2022/10/23 13:38,131.5310433,47.09017433,5217378.582,464393.1112,4.09292,350.2,TRUE,5.3,388,300
11046,2022/10/23 13:38,131.5310293,47.09022183,5217383.869,464392.0799,6.019,341.6,TRUE,5.3,349,300
11047,2022/10/23 13:38,131.5309888,47.09027217,5217389.484,464389.0384,3.83364,346,TRUE,5.3,351,300
11048,2022/10/23 13:38,131.5309418,47.09034633,5217397.75,464385.5192,5.05596,342.5,TRUE,5.3,400,300
11049,2022/10/23 13:38,131.5309162,47.090394,5217403.061,464383.6073,4.31516,342.4,TRUE,5.3,372,300
11050,2022/10/23 13:38,131.5308942,47.090424,5217406.406,464381.9569,4.88928,341.6,TRUE,5.3,375,300
11051,2022/10/23 13:38,131.5308715,47.090463,5217410.752,464380.2593,4.64852,354.5,TRUE,5.3,400,300
11052,2022/10/23 13:38,131.5308547,47.0905025,5217415.151,464379.0101,5.0004,349.7,TRUE,5.3,394,300
11053,2022/10/23 13:38,131.5308168,47.09057467,5217423.192,464376.1805,4.79668,343.2,TRUE,5.3,378,300
11054,2022/10/23 13:38,131.5307912,47.09063083,5217429.447,464374.2743,5.75972,344.3,TRUE,5.3,400,300
11055,2022/10/23 13:38,131.530777,47.09067467,5217434.327,464373.2253,4.66704,355.1,TRUE,5.3,372,300
11056,2022/10/23 13:39,131.5307508,47.09071517,5217438.842,464371.263,3.77808,351.3,TRUE,5.3,400,300
11057,2022/10/23 13:39,131.5307143,47.09076683,5217444.601,464368.5262,5.24116,346.4,TRUE,5.3,364,300
11058,2022/10/23 13:39,131.5306957,47.09081783,5217450.28,464367.1479,4.74112,354.9,TRUE,5.3,400,300
11059,2022/10/23 13:39,131.5306892,47.09086083,5217455.063,464366.6831,5.50044,342.5,TRUE,5.3,371,300
11060,2022/10/23 13:39,131.5306643,47.09091217,5217460.782,464364.8268,4.7226,344.7,TRUE,5.3,400,300
11061,2022/10/23 13:39,131.530621,47.09095733,5217465.822,464361.5693,4.66704,344.6,TRUE,5.3,361,300
11062,2022/10/23 13:39,131.5305915,47.09100333,5217470.95,464359.3601,4.50036,335.6,TRUE,5.3,393,300
11063,2022/10/23 13:39,131.5305553,47.091053,5217476.488,464356.6447,4.03736,353.1,TRUE,5.3,375,300
11064,2022/10/23 13:39,131.5305238,47.09111567,5217483.47,464354.2948,4.92632,339.4,TRUE,5.3,400,300
11065,2022/10/23 13:39,131.5304927,47.09115367,5217487.708,464351.9589,5.31524,342.6,TRUE,5.3,371,300
11066,2022/10/23 13:39,131.5304642,47.0912105,5217494.039,464349.8329,4.87076,354.2,TRUE,5.3,400,300
11067,2022/10/23 13:39,131.5304435,47.091261,5217499.663,464348.2949,5.31524,344.9,TRUE,5.3,360,300
11068,2022/10/23 13:39,131.5304083,47.09131367,5217505.534,464345.6575,5.2782,340.8,TRUE,5.3,367,300
11069,2022/10/23 13:39,131.5303677,47.091375,5217512.371,464342.6158,5.7412,346,TRUE,5.3,373,300
11070,2022/10/23 13:39,131.5303357,47.09143317,5217518.852,464340.225,5.59304,341.3,TRUE,5.3,394,300
11071,2022/10/23 13:40,131.5303092,47.09147367,5217523.367,464338.24,6.6672,340.2,TRUE,5.3,400,300
11072,2022/10/23 13:40,131.5302775,47.09154433,5217531.237,464335.8803,5.24116,339.5,TRUE,5.3,356,300
11073,2022/10/23 13:40,131.5302462,47.091611,5217538.663,464333.5483,6.5746,345.4,TRUE,5.3,400,300
11074,2022/10/23 13:40,131.5302198,47.0916775,5217546.068,464331.5883,6.1116,344.2,TRUE,5.3,369,300
11075,2022/10/23 13:40,131.5301897,47.09174717,5217553.827,464329.3495,5.77824,345.1,TRUE,5.3,373,300
11076,2022/10/23 13:40,131.5301632,47.09179967,5217559.676,464327.3725,6.25976,344.3,TRUE,5.3,370,300
11077,2022/10/23 13:40,131.530131,47.091848,5217565.063,464324.96,5.96344,346.7,TRUE,5.3,366,300
11078,2022/10/23 13:40,131.5300928,47.09191,5217571.974,464322.101,5.2782,349.5,TRUE,5.3,375,300
11079,2022/10/23 13:40,131.5300848,47.09195067,5217576.499,464321.5208,5.66712,345.4,TRUE,5.3,384,300
11080,2022/10/23 13:40,131.5300452,47.09200083,5217582.093,464318.5476,5.6486,347.9,TRUE,5.3,370,300
11081,2022/10/23 13:40,131.5300035,47.09207183,5217590.005,464315.429,5.87084,347.6,TRUE,5.3,389,300
11082,2022/10/23 13:40,131.5299667,47.0921385,5217597.434,464312.6795,5.98196,352.2,TRUE,5.3,365,300
11083,2022/10/23 13:40,131.5299442,47.09219967,5217604.245,464311.012,6.7598,348.2,TRUE,5.3,394,300
11084,2022/10/23 13:40,131.5299055,47.092273,5217612.415,464308.1227,6.87092,348.7,TRUE,5.3,347,300
11085,2022/10/23 13:40,131.5298863,47.09232883,5217618.63,464306.7023,6.40792,344.2,TRUE,5.3,373,300
11086,2022/10/23 13:41,131.5298695,47.09238933,5217625.364,464305.4672,7.98212,348.7,TRUE,5.3,374,300
11087,2022/10/23 13:41,131.529846,47.0924505,5217632.175,464303.7238,8.01916,346.7,TRUE,5.3,356,300
11088,2022/10/23 13:41,131.5298062,47.092525,5217640.475,464300.7518,7.37096,350.7,TRUE,5.3,264,300
11089,2022/10/23 13:41,131.5297767,47.0926175,5217650.772,464298.5739,7.38948,349.8,TRUE,5.3,380,300
11090,2022/10/23 13:41,131.5297312,47.09269733,5217659.668,464295.1727,7.463561,352.9,TRUE,5.3,399,300
11091,2022/10/23 13:41,131.529707,47.092781,5217668.981,464293.3912,5.7412,357,TRUE,5.3,400,300
11092,2022/10/23 13:41,131.5296937,47.09280733,5217671.914,464292.399,3.55584,147.2,TRUE,5.3,345,300
11093,2022/10/23 13:41,131.5297133,47.09277633,5217668.459,464293.8664,3.81512,142.2,FALSE,5.3,0,300
11094,2022/10/23 13:41,131.5297518,47.09277317,5217668.09,464296.7874,4.8152,103.4,FALSE,5.3,0,300
11095,2022/10/23 13:41,131.5297875,47.09279733,5217670.759,464299.514,2.55576,239.8,FALSE,5.3,0,300
11096,2022/10/23 13:41,131.529701,47.09278667,5217669.614,464292.9395,7.27836,204,TRUE,5.3,215,300
11097,2022/10/23 13:41,131.529665,47.092749,5217665.442,464290.181,4.61148,160.7,TRUE,5.3,284,300
11098,2022/10/23 13:41,131.5296747,47.09268867,5217658.731,464290.8772,5.57452,153.9,TRUE,5.3,365,300
11099,2022/10/23 13:41,131.5297197,47.09261717,5217650.762,464294.246,6.31532,172.2,TRUE,5.3,359,300
11100,2022/10/23 13:41,131.529702,47.09254317,5217642.543,464292.8526,6.2968,160.7,TRUE,5.3,362,300
11101,2022/10/23 13:42,131.5297142,47.0924565,5217632.902,464293.721,6.77832,162.8,TRUE,5.3,355,300
11102,2022/10/23 13:42,131.52975,47.092387,5217625.159,464296.3926,5.33376,169.8,TRUE,5.3,356,300
11103,2022/10/23 13:42,131.5297937,47.0923135,5217616.968,464299.6614,6.72276,157.4,TRUE,5.3,365,300
11104,2022/10/23 13:42,131.5298277,47.09223233,5217607.929,464302.1886,5.61156,162.9,TRUE,5.3,362,300
11105,2022/10/23 13:42,131.5298572,47.0921655,5217600.486,464304.3837,6.83388,156.8,TRUE,5.3,400,300
11106,2022/10/23 13:42,131.529873,47.0920985,5217593.03,464305.5386,5.05596,165.6,TRUE,5.3,354,300
11107,2022/10/23 13:42,131.5299222,47.092023,5217584.614,464309.2237,7.852479,158.3,TRUE,5.3,400,300
11108,2022/10/23 13:42,131.529962,47.09194167,5217575.554,464312.1912,6.7598,139,TRUE,5.3,400,300
11109,2022/10/23 13:42,131.530006,47.09187383,5217567.992,464315.4866,6.90796,147.5,TRUE,5.3,375,300
11110,2022/10/23 13:42,131.530041,47.09180467,5217560.287,464318.0977,6.40792,150.7,TRUE,5.3,373,300
11111,2022/10/23 13:42,131.5300865,47.09172683,5217551.613,464321.5004,7.2228,158.5,TRUE,5.3,361,300
11112,2022/10/23 13:42,131.5301172,47.09165483,5217543.595,464323.7832,6.019,154.7,TRUE,5.3,375,300
11113,2022/10/23 13:42,131.530147,47.0915775,5217534.984,464325.9941,7.2228,154.8,TRUE,5.3,374,300
11114,2022/10/23 13:42,131.5301735,47.0915045,5217526.856,464327.9574,6.1116,158.8,TRUE,5.3,393,300
11115,2022/10/23 13:42,131.5302158,47.091457,5217521.556,464331.1374,5.98196,149.5,TRUE,5.3,397,300
11116,2022/10/23 13:43,131.5302493,47.0913985,5217515.038,464333.6419,6.18568,161.2,TRUE,5.3,362,300
11117,2022/10/23 13:43,131.5302788,47.09134033,5217508.557,464335.8428,6.13012,162.5,TRUE,5.3,361,300
11118,2022/10/23 13:43,131.5303078,47.091285,5217502.393,464338.0078,4.61148,153.3,TRUE,5.3,372,300
11119,2022/10/23 13:43,131.5303388,47.0912295,5217496.209,464340.3244,6.37088,149.5,TRUE,5.3,354,300
11120,2022/10/23 13:43,131.5303887,47.0911595,5217488.404,464344.0664,7.29688,163.5,TRUE,5.3,371,300
11121,2022/10/23 13:43,131.5304263,47.09107733,5217479.252,464346.8664,7.18576,156.3,TRUE,5.3,400,300
11122,2022/10/23 13:43,131.5304638,47.0910115,5217471.916,464349.6697,6.55608,155.8,TRUE,5.3,397,300
11123,2022/10/23 13:43,131.5304925,47.090951,5217465.177,464351.8085,5.66712,165.4,TRUE,5.3,352,300
11124,2022/10/23 13:43,131.5305297,47.09087817,5217457.063,464354.5843,6.68572,163.4,TRUE,5.3,356,300
11125,2022/10/23 13:43,131.5305603,47.09080633,5217449.063,464356.8598,7.2228,158.8,TRUE,5.3,358,300
11126,2022/10/23 13:43,131.5305962,47.09073333,5217440.931,464359.5368,6.88944,162.4,TRUE,5.3,400,300
11127,2022/10/23 13:43,131.5306358,47.09066467,5217433.28,464362.4978,7.66728,158.5,TRUE,5.3,396,300
11128,2022/10/23 13:43,131.5306785,47.0906045,5217426.571,464365.6997,3.92624,154.7,TRUE,5.3,361,300
11129,2022/10/23 13:43,131.5306952,47.090571,5217422.839,464366.9453,5.13004,161.9,TRUE,5.3,398,300
11130,2022/10/23 13:43,131.530717,47.0905165,5217416.77,464368.5642,4.85224,153.9,TRUE,5.3,354,300
11131,2022/10/23 13:44,131.5307538,47.09044767,5217409.102,464371.3124,5.75972,154.8,TRUE,5.3,384,300
11132,2022/10/23 13:44,131.5307977,47.0903805,5217401.614,464374.6009,5.6486,149.7,TRUE,5.3,361,300
11133,2022/10/23 13:44,131.530823,47.09031917,5217394.784,464376.4809,5.96344,157.6,TRUE,5.3,400,300
11134,2022/10/23 13:44,131.5308515,47.09025567,5217387.712,464378.6025,5.556,162.1,TRUE,5.3,362,300
11135,2022/10/23 13:44,131.5308857,47.09019883,5217381.377,464381.1613,6.42644,154.6,TRUE,5.3,385,300
11136,2022/10/23 13:44,131.5309052,47.09013683,5217374.476,464382.6006,4.7226,165.8,TRUE,5.3,397,300
11137,2022/10/23 13:44,131.5309333,47.09008183,5217368.349,464384.6975,5.3708,164.9,TRUE,5.3,369,300
11138,2022/10/23 13:44,131.5309578,47.0900255,5217362.075,464386.5202,5.3708,162.8,TRUE,5.3,355,300
11139,2022/10/23 13:44,131.5309832,47.08997567,5217356.524,464388.4156,5.61156,153.7,TRUE,5.3,359,300
11140,2022/10/23 13:44,131.5310125,47.0899195,5217350.266,464390.6028,5.59304,158.6,TRUE,5.3,358,300
11141,2022/10/23 13:44,131.5310498,47.0898615,5217343.801,464393.3963,5.31524,164,TRUE,5.3,373,300
11142,2022/10/23 13:44,131.5310843,47.08979683,5217336.596,464395.9727,5.51896,155.9,TRUE,5.3,375,300
11143,2022/10/23 13:44,131.531105,47.0897455,5217330.88,464397.5102,4.51888,166.2,TRUE,5.3,367,300
11144,2022/10/23 13:44,131.5311368,47.08968683,5217324.343,464399.8856,5.48192,156.2,TRUE,5.3,400,300
11145,2022/10/23 13:44,131.5311692,47.08963733,5217318.825,464402.3127,6.14864,159.4,TRUE,5.3,365,300
11146,2022/10/23 13:45,131.531189,47.08958983,5217313.535,464403.7845,4.57444,165.1,TRUE,5.3,371,300
11147,2022/10/23 13:45,131.5312127,47.08953783,5217307.744,464405.5493,5.81528,161.1,TRUE,5.3,389,300
11148,2022/10/23 13:45,131.5312477,47.08947583,5217300.835,464408.1655,5.556,154.8,TRUE,5.3,371,300
11149,2022/10/23 13:45,131.5312927,47.0894115,5217293.663,464411.5395,4.8152,167,TRUE,5.3,364,300
11150,2022/10/23 13:45,131.5313243,47.0893575,5217287.645,464413.9029,4.92632,158.8,TRUE,5.3,377,300
11151,2022/10/23 13:45,131.5313502,47.0893,5217281.241,464415.8311,4.83372,153.5,TRUE,5.3,362,300
11152,2022/10/23 13:45,131.531392,47.08923867,5217274.404,464418.9641,4.92632,160,TRUE,5.3,388,300
11153,2022/10/23 13:45,131.5314113,47.08918033,5217267.909,464420.3907,5.51896,158,TRUE,5.3,361,300
11154,2022/10/23 13:45,131.5314347,47.08912917,5217262.211,464422.1334,4.88928,164.1,TRUE,5.3,360,300
11155,2022/10/23 13:45,131.5314687,47.089078,5217256.507,464424.6809,5.13004,148.9,TRUE,5.3,372,300
11156,2022/10/23 13:45,131.5315023,47.08902,5217250.044,464427.1935,5.72268,158.5,TRUE,5.3,400,300
11157,2022/10/23 13:45,131.5315355,47.08895683,5217243.006,464429.6723,6.09308,160.4,TRUE,5.3,359,300
11158,2022/10/23 13:45,131.5315658,47.08889017,5217235.581,464431.9286,5.85232,163.1,TRUE,5.3,369,300
11159,2022/10/23 13:45,131.5315938,47.08882517,5217228.342,464434.0114,5.94492,164.1,TRUE,5.3,373,300
11160,2022/10/23 13:45,131.531625,47.08876817,5217221.991,464436.3424,6.63016,165.5,TRUE,5.3,365,300
11161,2022/10/23 13:46,131.5316662,47.08871117,5217215.636,464439.4328,6.61164,159.1,TRUE,5.3,359,300
11162,2022/10/23 13:46,131.5316972,47.0886495,5217208.766,464441.7456,6.46348,165.9,TRUE,5.3,370,300
11163,2022/10/23 13:46,131.531729,47.08858233,5217201.284,464444.1154,6.61164,161.8,TRUE,5.3,359,300
11164,2022/10/23 13:46,131.5317598,47.08851783,5217194.099,464446.4112,6.35236,159.3,TRUE,5.3,368,300
11165,2022/10/23 13:46,131.5317877,47.088449,5217186.434,464448.4838,7.5006,161.6,TRUE,5.3,377,300
11166,2022/10/23 13:46,131.5318235,47.088373,5217177.969,464451.1516,6.81536,157.3,TRUE,5.3,363,300
11167,2022/10/23 13:46,131.5318737,47.08830983,5217170.924,464454.9212,6.51904,163.9,TRUE,5.3,351,300
11168,2022/10/23 13:46,131.5319028,47.088251,5217164.37,464457.0917,5.2782,163.5,TRUE,5.3,370,300
11169,2022/10/23 13:46,131.5319388,47.08818617,5217157.146,464459.782,7.16724,158.7,TRUE,5.3,363,300
11170,2022/10/23 13:46,131.531979,47.08811783,5217149.531,464462.789,6.33384,162.1,TRUE,5.3,313,300
11171,2022/10/23 13:46,131.5320152,47.08804567,5217141.492,464465.4897,6.68572,164,TRUE,5.3,367,300
11172,2022/10/23 13:46,131.5320447,47.08797633,5217133.77,464467.6835,6.51904,158.1,TRUE,5.3,368,300
11173,2022/10/23 13:46,131.5320818,47.087913,5217126.712,464470.4585,6.945,162.5,TRUE,5.3,369,300
11174,2022/10/23 13:46,131.5321195,47.08785033,5217119.728,464473.2794,6.61164,161.9,TRUE,5.3,344,300
11175,2022/10/23 13:46,131.5321615,47.08777367,5217111.187,464476.4175,6.31532,160.1,TRUE,5.3,363,300
11176,2022/10/23 13:47,131.5322022,47.0877,5217102.978,464479.459,6.70424,160.2,TRUE,5.3,354,300
11177,2022/10/23 13:47,131.5322248,47.08763333,5217095.556,464481.1307,7.24132,163.7,TRUE,5.3,369,300
11178,2022/10/23 13:47,131.5322668,47.08756467,5217087.904,464484.2742,7.2228,165.4,TRUE,5.3,363,300
11179,2022/10/23 13:47,131.532306,47.087494,5217080.03,464487.2037,7.64876,160.6,TRUE,5.3,360,300
11180,2022/10/23 13:47,131.5323402,47.087425,5217072.343,464489.7547,7.16724,156.9,TRUE,5.3,374,300
11181,2022/10/23 13:47,131.5323762,47.08735333,5217064.359,464492.4406,6.83388,159.5,TRUE,5.3,353,300
11182,2022/10/23 13:47,131.5324183,47.08728067,5217056.262,464495.5891,6.64868,159,TRUE,5.3,367,300
11183,2022/10/23 13:47,131.5324437,47.08721467,5217048.913,464497.4739,6.53756,160.4,TRUE,5.3,367,300
11184,2022/10/23 13:47,131.5324837,47.0871455,5217041.205,464500.4652,7.53764,161.8,TRUE,5.3,367,300
11185,2022/10/23 13:47,131.532529,47.08707617,5217033.477,464503.8589,7.29688,163.3,TRUE,5.3,360,300
11186,2022/10/23 13:47,131.5325628,47.0869995,5217024.938,464506.3744,7.20428,157.9,TRUE,5.3,356,300
11187,2022/10/23 13:47,131.5325955,47.0869265,5217016.808,464508.8089,7.16724,160.6,TRUE,5.3,381,300
11188,2022/10/23 13:47,131.5326167,47.08684617,5217007.868,464510.3654,6.68572,160.8,TRUE,5.3,361,300
11189,2022/10/23 13:47,131.53265,47.08677417,5216999.848,464512.8461,7.408,164.2,TRUE,5.3,371,300
11190,2022/10/23 13:47,131.5326925,47.0867035,5216991.972,464516.0263,7.463561,156.9,TRUE,5.3,398,300
11191,2022/10/23 13:48,131.5327302,47.086639,5216984.785,464518.8461,6.55608,161.7,TRUE,5.3,374,300
11192,2022/10/23 13:48,131.5327715,47.08657667,5216977.837,464521.9408,7.53764,162.7,TRUE,5.3,358,300
11193,2022/10/23 13:48,131.532802,47.086498,5216969.077,464524.2045,6.27828,156.8,TRUE,5.3,361,300
11194,2022/10/23 13:48,131.5328467,47.08643033,5216961.534,464527.5538,7.11168,161.2,TRUE,5.3,387,300
11195,2022/10/23 13:48,131.532895,47.08636967,5216954.768,464531.1811,7.53764,163,TRUE,5.3,361,300
11196,2022/10/23 13:48,131.5329233,47.08629667,5216946.64,464533.2815,7.72284,159.5,TRUE,5.3,399,300
11197,2022/10/23 13:48,131.5329552,47.0862175,5216937.824,464535.6512,7.42652,162.6,TRUE,5.3,366,300
11198,2022/10/23 13:48,131.5330007,47.08615333,5216930.669,464539.0636,6.07456,164.6,TRUE,5.3,373,300
11199,2022/10/23 13:48,131.5330258,47.086093,5216923.951,464540.9295,6.3894,157.1,TRUE,5.3,356,300
11200,2022/10/23 13:48,131.5330667,47.08603867,5216917.892,464543.9992,6.24124,160.9,TRUE,5.3,394,300
11201,2022/10/23 13:48,131.5330862,47.085973,5216910.583,464545.4363,7.94508,161.9,TRUE,5.3,234,300
11202,2022/10/23 13:48,131.5330863,47.085917,5216904.357,464545.4067,6.31532,214.5,FALSE,5.3,0,300
11203,2022/10/23 13:48,131.5330107,47.08590283,5216902.816,464539.6567,4.0744,285.9,FALSE,5.3,0,300
11204,2022/10/23 13:48,131.5330732,47.08588133,5216900.397,464544.3883,6.70424,121.5,FALSE,5.3,0,300
11205,2022/10/23 13:48,131.5331318,47.08585133,5216897.036,464548.8181,5.16708,333.8,FALSE,5.3,0,300
11206,2022/10/23 13:49,131.5331147,47.08589283,5216901.657,464547.5472,5.42636,343.2,FALSE,5.3,0,300
11207,2022/10/23 13:49,131.5331107,47.08593067,5216905.866,464547.2686,4.37072,349.2,TRUE,5.3,361,300
11208,2022/10/23 13:49,131.53308,47.08595783,5216908.899,464544.9554,3.77808,344.4,TRUE,5.3,400,300
11209,2022/10/23 13:49,131.533065,47.08599133,5216912.63,464543.8387,3.37064,350.3,TRUE,5.3,344,300
11210,2022/10/23 13:49,131.5330508,47.08603233,5216917.194,464542.7876,4.88928,345.9,TRUE,5.3,368,300
11211,2022/10/23 13:49,131.5330227,47.08606683,5216921.043,464540.6768,5.6486,346.1,TRUE,5.3,398,300
11212,2022/10/23 13:49,131.5329957,47.0861065,5216925.465,464538.6529,4.83372,350.3,TRUE,5.3,374,300
11213,2022/10/23 13:49,131.5329462,47.0861745,5216933.047,464534.9393,6.05604,342.5,TRUE,5.3,362,300
11214,2022/10/23 13:49,131.5329052,47.08624617,5216941.034,464531.8736,5.88936,348.3,TRUE,5.3,398,300
11215,2022/10/23 13:49,131.532874,47.0863065,5216947.755,464529.5445,7.18576,342.6,TRUE,5.3,394,300
11216,2022/10/23 13:49,131.5328357,47.08638167,5216956.129,464526.6862,7.05612,343.6,TRUE,5.3,396,300
11217,2022/10/23 13:49,131.5327962,47.08646733,5216965.67,464523.7437,6.88944,351.5,TRUE,5.3,368,300
11218,2022/10/23 13:49,131.5327763,47.08655683,5216975.629,464522.2921,6.945,344.2,TRUE,5.3,369,300
11219,2022/10/23 13:49,131.532738,47.086614,5216982.002,464519.4218,6.09308,347.1,TRUE,5.3,359,300
11220,2022/10/23 13:49,131.5326868,47.0866925,5216990.752,464515.5862,7.38948,346.5,TRUE,5.3,399,300
11221,2022/10/23 13:50,131.5326582,47.086763,5216998.603,464513.4613,6.40792,344.6,TRUE,5.3,391,300
11222,2022/10/23 13:50,131.5326195,47.08682783,5217005.828,464510.5658,6.72276,344.1,TRUE,5.3,364,300
11223,2022/10/23 13:50,131.5325763,47.08690383,5217014.296,464507.336,6.14864,346.8,TRUE,5.3,365,300
11224,2022/10/23 13:50,131.532539,47.08696267,5217020.855,464504.5428,6.37088,348.2,TRUE,5.3,400,300
11225,2022/10/23 13:50,131.5324945,47.08702783,5217028.119,464501.2071,5.38932,344.3,TRUE,5.3,374,300
11226,2022/10/23 13:50,131.5324548,47.0870825,5217034.215,464498.2289,6.87092,342.4,TRUE,5.3,400,300
11227,2022/10/23 13:50,131.5324155,47.087158,5217042.626,464495.2949,5.44488,347.3,TRUE,5.3,387,300
11228,2022/10/23 13:50,131.5323802,47.08722617,5217050.221,464492.6598,6.92648,349.7,TRUE,5.3,394,300
11229,2022/10/23 13:50,131.5323413,47.0872925,5217057.612,464489.7502,6.40792,347.6,TRUE,5.3,376,300
11230,2022/10/23 13:50,131.5323252,47.0873545,5217064.512,464488.5689,6.50052,345.1,TRUE,5.3,366,300
11231,2022/10/23 13:50,131.5323078,47.08742333,5217072.172,464487.2934,7.0376,344.3,TRUE,5.3,368,300
11232,2022/10/23 13:50,131.5322805,47.08749433,5217080.078,464485.2677,6.482,344.4,TRUE,5.3,357,300
11233,2022/10/23 13:50,131.5322332,47.08755367,5217086.696,464481.7156,7.889521,344.1,TRUE,5.3,377,300
11234,2022/10/23 13:50,131.5321922,47.087616,5217093.644,464478.6438,7.01908,346.2,TRUE,5.3,376,300
11235,2022/10/23 13:50,131.532172,47.08767867,5217100.621,464477.1516,6.6672,340.9,TRUE,5.3,375,300
11236,2022/10/23 13:51,131.5321445,47.08774533,5217108.044,464475.1079,6.87092,349.1,TRUE,5.3,371,300
11237,2022/10/23 13:51,131.5321085,47.08781533,5217115.842,464472.4209,6.96352,340.8,TRUE,5.3,364,300
11238,2022/10/23 13:51,131.5320802,47.08788067,5217123.119,464470.3155,6.945,345.6,TRUE,5.3,366,300
11239,2022/10/23 13:51,131.5320352,47.08795467,5217131.366,464466.9478,6.87092,347.3,TRUE,5.3,373,300
11240,2022/10/23 13:51,131.5320035,47.0880175,5217138.366,464464.5826,6.6672,351.3,TRUE,5.3,359,300
11241,2022/10/23 13:51,131.5319618,47.08807983,5217145.314,464461.4577,7.25984,346,TRUE,5.3,369,300
11242,2022/10/23 13:51,131.5319233,47.08814667,5217152.762,464458.5788,6.72276,345.9,TRUE,5.3,400,300
11243,2022/10/23 13:51,131.5318882,47.08821283,5217160.133,464455.9577,6.44496,351.5,TRUE,5.3,374,300
11244,2022/10/23 13:51,131.5318658,47.08827617,5217167.185,464454.299,6.72276,347.3,TRUE,5.3,394,300
11245,2022/10/23 13:51,131.5318123,47.088346,5217174.973,464450.2832,6.88944,347.1,TRUE,5.3,393,300
11246,2022/10/23 13:51,131.5317805,47.08840133,5217181.138,464447.9054,6.50052,348.5,TRUE,5.3,359,300
11247,2022/10/23 13:51,131.5317443,47.08846883,5217188.659,464445.2016,6.945,347.6,TRUE,5.3,400,300
11248,2022/10/23 13:51,131.5317165,47.0885375,5217196.306,464443.1365,6.5746,345.1,TRUE,5.3,390,300
11249,2022/10/23 13:51,131.5316947,47.08859483,5217202.689,464441.5194,5.59304,346.6,TRUE,5.3,375,300
11250,2022/10/23 13:51,131.5316727,47.08864833,5217208.647,464439.8845,6.13012,342.6,TRUE,5.3,400,300
11251,2022/10/23 13:52,131.5316477,47.088701,5217214.514,464438.0213,4.85224,0.4,TRUE,5.3,377,300
11252,2022/10/23 13:52,131.5316332,47.08874567,5217219.486,464436.9501,5.11152,343.6,TRUE,5.3,365,300
11253,2022/10/23 13:52,131.53162,47.088811,5217226.755,464435.9913,5.40784,345.9,TRUE,5.3,375,300
11254,2022/10/23 13:52,131.5315905,47.0888615,5217232.383,464433.785,5.48192,343.2,TRUE,5.3,395,300
11255,2022/10/23 13:52,131.5315562,47.08890467,5217237.198,464431.2093,5.70416,347.2,TRUE,5.3,360,300
11256,2022/10/23 13:52,131.5315252,47.0889505,5217242.307,464428.886,5.53748,349.6,TRUE,5.3,400,300
11257,2022/10/23 13:52,131.5314752,47.089003,5217248.166,464425.1245,6.40792,348.9,TRUE,5.3,374,300
11258,2022/10/23 13:52,131.531446,47.08905117,5217253.534,464422.9394,5.8338,343,TRUE,5.3,364,300
11259,2022/10/23 13:52,131.5314072,47.08909933,5217258.906,464420.0254,5.63008,347.3,TRUE,5.3,370,300
11260,2022/10/23 13:52,131.5313797,47.08915133,5217264.7,464417.972,6.1116,345.2,TRUE,5.3,400,300
11261,2022/10/23 13:52,131.5313435,47.08919783,5217269.886,464415.2544,6.70424,347.3,TRUE,5.3,400,300
11262,2022/10/23 13:52,131.531313,47.08925583,5217276.347,464412.9772,5.31524,352.9,TRUE,5.3,359,300
11263,2022/10/23 13:52,131.5312875,47.08931133,5217282.529,464411.0779,6.53756,357.9,TRUE,5.3,400,300
11264,2022/10/23 13:52,131.5312782,47.0893665,5217288.667,464410.4085,6.2042,350.3,TRUE,5.3,363,300
11265,2022/10/23 13:52,131.5312387,47.0894365,5217296.467,464407.456,6.46348,345.5,TRUE,5.3,394,300
11266,2022/10/23 13:53,131.5311973,47.08949917,5217303.453,464404.3543,6.42644,343.4,TRUE,5.3,373,300
11267,2022/10/23 13:53,131.5311763,47.08955817,5217310.021,464402.7991,6.14864,347.5,TRUE,5.3,397,300
11268,2022/10/23 13:53,131.53115,47.08962217,5217317.148,464400.8448,6.53756,348.2,TRUE,5.3,367,300
11269,2022/10/23 13:53,131.5311255,47.089692,5217324.923,464399.0311,6.14864,355.7,TRUE,5.3,374,300
11270,2022/10/23 13:53,131.5310998,47.08975467,5217331.902,464397.1215,6.42644,344.5,TRUE,5.3,374,300
11271,2022/10/23 13:53,131.531057,47.08981833,5217338.998,464393.9142,6.87092,344.2,TRUE,5.3,365,300
11272,2022/10/23 13:53,131.5310258,47.08987533,5217345.349,464391.5832,6.55608,348.4,TRUE,5.3,351,300
11273,2022/10/23 13:53,131.530986,47.0899315,5217351.612,464388.5987,6.5746,344.9,TRUE,5.3,397,300
11274,2022/10/23 13:53,131.530971,47.08998967,5217358.086,464387.4986,6.77832,350.6,TRUE,5.3,364,300
11275,2022/10/23 13:53,131.5309422,47.0900565,5217365.529,464385.3564,6.35236,349.9,TRUE,5.3,376,300
11276,2022/10/23 13:53,131.5309127,47.09011733,5217372.305,464383.1571,6.18568,346,TRUE,5.3,400,300
11277,2022/10/23 13:53,131.5308737,47.09017117,5217378.308,464380.2318,6.77832,345.5,TRUE,5.3,377,300
11278,2022/10/23 13:53,131.5308432,47.09023067,5217384.937,464377.9557,5.70416,341.5,TRUE,5.3,397,300
11279,2022/10/23 13:53,131.5308163,47.09028883,5217391.415,464375.952,6.25976,342.8,TRUE,5.3,374,300
11280,2022/10/23 13:53,131.530778,47.0903535,5217398.622,464373.0871,6.35236,346.1,TRUE,5.3,366,300
11281,2022/10/23 13:54,131.5307425,47.09041383,5217405.345,464370.4319,5.556,349.6,TRUE,5.3,370,300
11282,2022/10/23 13:54,131.5307112,47.0904725,5217411.881,464368.0945,5.556,342.7,TRUE,5.3,373,300
11283,2022/10/23 13:54,131.5306822,47.09052667,5217417.917,464365.9287,6.24124,350.9,TRUE,5.3,366,300
11284,2022/10/23 13:54,131.5306442,47.09057467,5217423.27,464363.0755,5.6486,357.8,TRUE,5.3,399,300
11285,2022/10/23 13:54,131.5306222,47.090639,5217430.432,464361.448,5.53748,348.2,TRUE,5.3,393,300
11286,2022/10/23 13:54,131.5305977,47.090689,5217436.002,464359.6212,5.88936,353.6,TRUE,5.3,375,300
11287,2022/10/23 13:54,131.5305773,47.090747,5217442.459,464358.1109,5.7412,350.2,TRUE,5.3,397,300
11288,2022/10/23 13:54,131.5305653,47.09079633,5217447.949,464357.2327,5.77824,347.4,TRUE,5.3,367,300
11289,2022/10/23 13:54,131.530543,47.09085567,5217454.556,464355.5792,6.64868,346.4,TRUE,5.3,393,300
11290,2022/10/23 13:54,131.5305298,47.09092233,5217461.973,464354.6214,5.90788,354.4,TRUE,5.3,362,300
11291,2022/10/23 13:54,131.5304902,47.09098283,5217468.717,464351.6551,6.3894,347.6,TRUE,5.3,368,300
11292,2022/10/23 13:54,131.530443,47.09105217,5217476.447,464348.1176,7.16724,356.5,TRUE,5.3,369,300
11293,2022/10/23 13:54,131.5304228,47.09112467,5217484.516,464346.6323,8.50068,345.3,TRUE,5.3,358,300
11294,2022/10/23 13:54,131.5303968,47.09120083,5217492.995,464344.709,7.20428,355.5,TRUE,5.3,366,300
11295,2022/10/23 13:54,131.53036,47.091273,5217501.035,464341.9631,7.704319,354.5,TRUE,5.3,372,300
11296,2022/10/23 13:55,131.5303617,47.091343,5217508.816,464342.1389,7.63024,355.7,TRUE,5.3,344,300
11297,2022/10/23 13:55,131.5303768,47.0913725,5217512.089,464343.3051,1.59272,158.4,TRUE,5.3,357,300
11298,2022/10/23 13:55,131.5303873,47.09132683,5217507.007,464344.0718,3.90772,137.2,FALSE,5.3,0,300
11299,2022/10/23 13:55,131.530396,47.091306,5217504.687,464344.7185,2.75948,112.3,FALSE,5.3,0,300
11300,2022/10/23 13:55,131.530408,47.09131933,5217506.164,464345.6385,1.09268,60.2,FALSE,5.3,0,300
11301,2022/10/23 13:55,131.5303132,47.09130167,5217504.244,464338.4289,6.16716,232.1,FALSE,5.3,0,300
11302,2022/10/23 13:55,131.5302583,47.09124383,5217497.838,464334.2219,6.05604,175.9,TRUE,5.3,240,300
11303,2022/10/23 13:55,131.5302933,47.09118417,5217491.19,464336.8395,4.79668,147.3,TRUE,5.3,352,300
11304,2022/10/23 13:55,131.5303212,47.0911235,5217484.432,464338.9174,7.09316,163.9,TRUE,5.3,400,300
11305,2022/10/23 13:55,131.5303338,47.091042,5217475.366,464339.8196,7.37096,170.8,TRUE,5.3,400,300
11306,2022/10/23 13:55,131.5303472,47.09096183,5217466.447,464340.7835,6.59312,160.1,TRUE,5.3,367,300
11307,2022/10/23 13:55,131.5303773,47.09087283,5217456.539,464343.0095,7.9636,168.3,TRUE,5.3,370,300
11308,2022/10/23 13:55,131.530413,47.090788,5217447.092,464345.6635,6.7598,161.2,TRUE,5.3,397,300
11309,2022/10/23 13:55,131.530459,47.09071,5217438.4,464349.1041,7.79692,168.3,TRUE,5.3,396,300
11310,2022/10/23 13:55,131.5304925,47.09063667,5217430.232,464351.5987,7.83396,166.5,TRUE,5.3,362,300
11311,2022/10/23 13:56,131.530527,47.09057017,5217422.824,464354.1738,7.25984,161.5,TRUE,5.3,377,300
11312,2022/10/23 13:56,131.5305582,47.09049433,5217414.378,464356.4922,7.29688,161.6,TRUE,5.3,358,300
11313,2022/10/23 13:56,131.5305885,47.090412,5217405.211,464358.7378,8.44512,165,TRUE,5.3,347,300
11314,2022/10/23 13:56,131.5306225,47.09032867,5217395.932,464361.2638,6.70424,167.1,TRUE,5.3,356,300
11315,2022/10/23 13:56,131.5306488,47.09026433,5217388.767,464363.2178,6.51904,154.5,TRUE,5.3,366,300
11316,2022/10/23 13:56,131.5306737,47.09019633,5217381.196,464365.063,7.00056,172.9,TRUE,5.3,397,300
11317,2022/10/23 13:56,131.5307142,47.09012683,5217373.451,464368.0917,6.6672,160.9,TRUE,5.3,367,300
11318,2022/10/23 13:56,131.5307457,47.090068,5217366.897,464370.4442,6.77832,162.2,TRUE,5.3,370,300
11319,2022/10/23 13:56,131.5307713,47.09000283,5217359.64,464372.3445,6.22272,167.5,TRUE,5.3,386,300
11320,2022/10/23 13:56,131.5308018,47.08993417,5217351.993,464374.6145,6.90796,164.4,TRUE,5.3,400,300
11321,2022/10/23 13:56,131.5308415,47.089872,5217345.063,464377.5874,7.07464,158.8,TRUE,5.3,371,300
11322,2022/10/23 13:56,131.5308853,47.08981,5217338.15,464380.8717,5.90788,155.3,TRUE,5.3,358,300
11323,2022/10/23 13:56,131.5309202,47.0897535,5217331.853,464383.484,7.79692,157.1,TRUE,5.3,400,300
11324,2022/10/23 13:56,131.530961,47.08969,5217324.775,464386.5395,7.3154,158,TRUE,5.3,374,300
11325,2022/10/23 13:56,131.5310002,47.089627,5217317.754,464389.4739,5.79676,166.6,TRUE,5.3,369,300
11326,2022/10/23 13:57,131.5310422,47.08956867,5217311.25,464392.6241,6.2042,164.5,TRUE,5.3,360,300
11327,2022/10/23 13:57,131.5310638,47.08950483,5217304.143,464394.2216,7.72284,162.1,TRUE,5.3,367,300
11328,2022/10/23 13:57,131.5310915,47.08943383,5217296.237,464396.2775,7.92656,161.3,TRUE,5.3,350,300
11329,2022/10/23 13:57,131.5311372,47.08936333,5217288.378,464399.7005,6.59312,165.2,TRUE,5.3,374,300
11330,2022/10/23 13:57,131.5311692,47.0893005,5217281.379,464402.0883,7.42652,154.5,TRUE,5.3,359,300
11331,2022/10/23 13:57,131.5311933,47.08922983,5217273.511,464403.8711,7.51912,160,TRUE,5.3,355,300
11332,2022/10/23 13:57,131.5312212,47.08915417,5217265.087,464405.9391,7.37096,160.6,TRUE,5.3,359,300
11333,2022/10/23 13:57,131.531262,47.089074,5217256.156,464408.9836,7.871,155.2,TRUE,5.3,400,300
11334,2022/10/23 13:57,131.531289,47.08901667,5217249.77,464410.9955,6.72276,160.5,TRUE,5.3,373,300
11335,2022/10/23 13:57,131.5313333,47.08894033,5217241.263,464414.3084,6.5746,165.7,TRUE,5.3,355,300
11336,2022/10/23 13:57,131.5313627,47.08886567,5217232.95,464416.491,7.05612,161.2,TRUE,5.3,360,300
11337,2022/10/23 13:57,131.5313893,47.08880967,5217226.712,464418.4734,7.33392,160.2,TRUE,5.3,368,300
11338,2022/10/23 13:57,131.5314255,47.08875533,5217220.655,464421.1859,6.6672,159.4,TRUE,5.3,363,300
11339,2022/10/23 13:57,131.5314648,47.08868933,5217213.299,464424.126,6.482,161.8,TRUE,5.3,364,300
11340,2022/10/23 13:57,131.5315005,47.08861617,5217205.15,464426.788,6.03752,165.5,TRUE,5.3,395,300
11341,2022/10/23 13:58,131.5315232,47.08856133,5217199.043,464428.4751,4.74112,162.8,TRUE,5.3,391,300
11342,2022/10/23 13:58,131.5315483,47.08851617,5217194.011,464430.3508,4.46332,160.8,TRUE,5.3,271,300
11343,2022/10/23 13:58,131.5315803,47.08846283,5217188.066,464432.7451,5.44488,164.6,TRUE,5.3,357,300
11344,2022/10/23 13:58,131.5316013,47.088416,5217182.851,464434.3085,4.55592,169,TRUE,5.3,371,300
11345,2022/10/23 13:58,131.5316105,47.08836183,5217176.824,464434.971,5.40784,163.6,TRUE,5.3,397,300
11346,2022/10/23 13:58,131.5316542,47.0883185,5217171.987,464438.2603,5.77824,158.3,TRUE,5.3,397,300
11347,2022/10/23 13:58,131.5316827,47.08826633,5217166.174,464440.3896,5.35228,158.9,TRUE,5.3,352,300
11348,2022/10/23 13:58,131.5317198,47.08821417,5217160.359,464443.1719,5.31524,165.8,TRUE,5.3,374,300
11349,2022/10/23 13:58,131.5317487,47.088164,5217154.768,464445.3329,5.7412,162.2,TRUE,5.3,367,300
11350,2022/10/23 13:58,131.5317858,47.088098,5217147.414,464448.106,5.77824,164.5,TRUE,5.3,357,300
11351,2022/10/23 13:58,131.5318132,47.08804367,5217141.361,464450.1503,5.22264,162.5,TRUE,5.3,373,300
11352,2022/10/23 13:58,131.5318447,47.0879995,5217136.437,464452.5128,6.2968,164.4,TRUE,5.3,395,300
11353,2022/10/23 13:58,131.5318772,47.08793767,5217129.548,464454.9394,5.79676,165.6,TRUE,5.3,371,300
11354,2022/10/23 13:58,131.5318928,47.0878795,5217123.074,464456.0852,5.05596,164.2,TRUE,5.3,395,300
11355,2022/10/23 13:58,131.5319125,47.08782883,5217117.432,464457.5474,5.72268,165.2,TRUE,5.3,365,300
11356,2022/10/23 13:59,131.5319432,47.08776633,5217110.47,464459.8369,5.6486,165.4,TRUE,5.3,376,300
11357,2022/10/23 13:59,131.5319593,47.08770217,5217103.33,464461.0167,4.85224,163.6,TRUE,5.3,385,300
11358,2022/10/23 13:59,131.5319773,47.08764567,5217097.04,464462.3459,6.09308,161.2,TRUE,5.3,360,300
11359,2022/10/23 13:59,131.5320137,47.0875905,5217090.89,464465.0731,5.33376,153.6,TRUE,5.3,373,300
11360,2022/10/23 13:59,131.532046,47.08753617,5217084.836,464467.4895,6.25976,161.8,TRUE,5.3,363,300
11361,2022/10/23 13:59,131.532055,47.08747683,5217078.235,464468.1335,5.85232,156.7,TRUE,5.3,400,300
11362,2022/10/23 13:59,131.5320672,47.0874135,5217071.189,464469.0177,5.03744,169.7,TRUE,5.3,367,300
11363,2022/10/23 13:59,131.5320972,47.08735033,5217064.152,464471.2537,6.14864,158.8,TRUE,5.3,362,300
11364,2022/10/23 13:59,131.5321308,47.087296,5217058.097,464473.7688,6.2968,165.1,TRUE,5.3,400,300
11365,2022/10/23 13:59,131.532162,47.0872335,5217051.135,464476.0964,5.24116,168.9,TRUE,5.3,353,300
11366,2022/10/23 13:59,131.5322068,47.08717883,5217045.036,464479.4618,5.88936,170.9,TRUE,5.3,366,300
11367,2022/10/23 13:59,131.532237,47.08711333,5217037.741,464481.7114,5.75972,161.9,TRUE,5.3,364,300
11368,2022/10/23 13:59,131.5322712,47.0870655,5217032.408,464484.2765,6.40792,165.3,TRUE,5.3,356,300
11369,2022/10/23 13:59,131.5323112,47.08700783,5217025.979,464487.2754,6.37088,168.5,TRUE,5.3,372,300
11370,2022/10/23 13:59,131.5323467,47.08693917,5217018.329,464489.9254,6.019,161.9,TRUE,5.3,345,300
11371,2022/10/23 14:00,131.5323925,47.086875,5217011.175,464493.3604,7.29688,160.8,TRUE,5.3,372,300
11372,2022/10/23 14:00,131.5324345,47.08680717,5217003.615,464496.5045,7.44504,160.4,TRUE,5.3,357,300
11373,2022/10/23 14:00,131.5324915,47.0867485,5216997.066,464500.7937,7.24132,160.7,TRUE,5.3,388,300
11374,2022/10/23 14:00,131.5325325,47.0866835,5216989.822,464503.8638,7.90804,163,TRUE,5.3,369,300
11375,2022/10/23 14:00,131.5325843,47.08660533,5216981.108,464507.7452,6.68572,160.5,TRUE,5.3,391,300
11376,2022/10/23 14:00,131.5326237,47.08652983,5216972.696,464510.6868,7.51912,166,TRUE,5.3,344,300
11377,2022/10/23 14:00,131.5326547,47.08646467,5216965.438,464512.9974,7.25984,159.8,TRUE,5.3,363,300
11378,2022/10/23 14:00,131.5326952,47.0864045,5216958.731,464516.0327,6.90796,166.3,TRUE,5.3,360,300
11379,2022/10/23 14:00,131.532733,47.08633733,5216951.246,464518.8584,6.24124,163.8,TRUE,5.3,374,300
11380,2022/10/23 14:00,131.5327727,47.086272,5216943.965,464521.8296,6.14864,166.9,TRUE,5.3,352,300
11381,2022/10/23 14:00,131.5327993,47.08620183,5216936.152,464523.8028,7.24132,165.4,TRUE,5.3,367,300
11382,2022/10/23 14:00,131.5328345,47.0861395,5216929.207,464526.4343,6.8524,162.6,TRUE,5.3,397,300
11383,2022/10/23 14:00,131.5328697,47.08606983,5216921.446,464529.0609,7.05612,158.3,TRUE,5.3,364,300
11384,2022/10/23 14:00,131.5328998,47.0859995,5216913.613,464531.2998,6.16716,168.2,TRUE,5.3,353,300
11385,2022/10/23 14:00,131.5329313,47.08594783,5216907.855,464533.6574,6.24124,163.1,TRUE,5.3,398,300
11386,2022/10/23 14:01,131.5329632,47.08588583,5216900.947,464536.0386,6.482,159.2,TRUE,5.3,369,300
11387,2022/10/23 14:01,131.5329995,47.085834,5216895.169,464538.7606,2.92616,166.2,TRUE,5.3,348,300
11388,2022/10/23 14:01,131.5330263,47.08575967,5216886.893,464540.7463,6.25976,216.4,FALSE,5.3,0,300
11389,2022/10/23 14:01,131.5329568,47.08573733,5216884.441,464535.454,3.44472,267.1,FALSE,5.3,0,300
11390,2022/10/23 14:01,131.5330218,47.08573133,5216883.745,464540.3858,7.0376,99.7,FALSE,5.3,0,300
11391,2022/10/23 14:01,131.5330813,47.08570367,5216880.643,464544.8855,1.2964,310.4,FALSE,5.3,0,300
11392,2022/10/23 14:01,131.5330548,47.08573133,5216883.73,464542.8916,5.51896,334.6,FALSE,5.3,0,300
11393,2022/10/23 14:01,131.5330392,47.085775,5216888.592,464541.736,5.31524,343.1,FALSE,5.3,0,300
11394,2022/10/23 14:01,131.5330392,47.08579417,5216890.723,464541.7487,5.31524,346.1,TRUE,5.3,400,300
11395,2022/10/23 14:01,131.5330425,47.08582517,5216894.168,464542.0199,3.68548,359.1,TRUE,5.3,400,300
11396,2022/10/23 14:01,131.5330448,47.08584717,5216896.613,464542.2091,5.14856,344.1,TRUE,5.3,400,300
11397,2022/10/23 14:01,131.5330128,47.0859205,5216904.779,464539.8279,5.61156,354.3,TRUE,5.3,353,300
11398,2022/10/23 14:01,131.5329683,47.085979,5216911.303,464536.4877,5.53748,343.2,TRUE,5.3,400,300
11399,2022/10/23 14:01,131.5329335,47.08602633,5216916.581,464533.8766,5.75972,347.7,TRUE,5.3,400,300
11400,2022/10/23 14:02,131.5329087,47.08607683,5216922.206,464532.027,4.7226,343,TRUE,5.3,377,300
11401,2022/10/23 14:02,131.5328795,47.08611767,5216926.76,464529.8368,3.37064,350.7,TRUE,5.3,400,300
11402,2022/10/23 14:02,131.5328575,47.086158,5216931.253,464528.1931,5.96344,343.4,TRUE,5.3,396,300
11403,2022/10/23 14:02,131.5328268,47.08622117,5216938.29,464525.9038,6.40792,344.9,TRUE,5.3,381,300
11404,2022/10/23 14:02,131.5328178,47.0862795,5216944.779,464525.2592,5.48192,345.9,TRUE,5.3,377,300
11405,2022/10/23 14:02,131.5327922,47.08633133,5216950.552,464523.3497,5.05596,356.2,TRUE,5.3,385,300
11406,2022/10/23 14:02,131.5327583,47.08637833,5216955.793,464520.8068,6.42644,343,TRUE,5.3,373,300
11407,2022/10/23 14:02,131.5327168,47.08644483,5216963.204,464517.6997,6.2968,349,TRUE,5.3,370,300
11408,2022/10/23 14:02,131.5326872,47.0865105,5216970.519,464515.4957,6.25976,347.3,TRUE,5.3,400,300
11409,2022/10/23 14:02,131.532659,47.08657867,5216978.11,464513.3996,6.33384,345.3,TRUE,5.3,398,300
11410,2022/10/23 14:02,131.5326168,47.08664333,5216985.318,464510.2382,6.03752,345.6,TRUE,5.3,375,300
11411,2022/10/23 14:02,131.532574,47.08669067,5216990.6,464507.0197,5.6486,348.4,TRUE,5.3,372,300
11412,2022/10/23 14:02,131.5325332,47.086743,5216996.436,464503.9565,5.72268,343.8,TRUE,5.3,400,300
11413,2022/10/23 14:02,131.5325018,47.08679617,5217002.361,464501.6075,5.68564,347.3,TRUE,5.3,363,300
11414,2022/10/23 14:02,131.5324832,47.08684683,5217008.002,464500.2288,4.5374,349.4,TRUE,5.3,351,300
11415,2022/10/23 14:03,131.5324653,47.08688867,5217012.661,464498.8974,5.40784,343.3,TRUE,5.3,387,300
11416,2022/10/23 14:03,131.5324345,47.086948,5217019.271,464496.5981,5.29672,344.3,TRUE,5.3,371,300
11417,2022/10/23 14:03,131.5323997,47.08700517,5217025.643,464493.9937,6.07456,345.9,TRUE,5.3,400,300
11418,2022/10/23 14:03,131.5323733,47.08705983,5217031.731,464492.0254,5.38932,346.8,TRUE,5.3,400,300
11419,2022/10/23 14:03,131.5323497,47.08711517,5217037.894,464490.2702,5.77824,346.3,TRUE,5.3,375,300
11420,2022/10/23 14:03,131.5323137,47.08717067,5217044.081,464487.5735,5.66712,344.8,TRUE,5.3,371,300
11421,2022/10/23 14:03,131.5322687,47.08722633,5217050.289,464484.1935,5.79676,345.2,TRUE,5.3,373,300
11422,2022/10/23 14:03,131.5322478,47.08728183,5217056.468,464482.6435,4.94484,355.1,TRUE,5.3,370,300
11423,2022/10/23 14:03,131.5322295,47.08732383,5217061.146,464481.2818,5.9264,341.7,TRUE,5.3,400,300
11424,2022/10/23 14:03,131.5322042,47.08736783,5217066.049,464479.39,4.63,354.5,TRUE,5.3,377,300
11425,2022/10/23 14:03,131.53216,47.08741917,5217071.777,464476.0679,5.75972,347.3,TRUE,5.3,390,300
11426,2022/10/23 14:03,131.5321217,47.08747633,5217078.149,464473.1978,6.25976,348.4,TRUE,5.3,369,300
11427,2022/10/23 14:03,131.5321048,47.08753267,5217084.42,464471.952,5.98196,345.4,TRUE,5.3,399,300
11428,2022/10/23 14:03,131.5320788,47.08759483,5217091.342,464470.0191,6.2042,348.9,TRUE,5.3,376,300
11429,2022/10/23 14:03,131.5320445,47.08765633,5217098.195,464467.4556,5.35228,349.5,TRUE,5.3,368,300
11430,2022/10/23 14:04,131.5320185,47.08770417,5217103.525,464465.5132,5.59304,349.9,TRUE,5.3,395,300
11431,2022/10/23 14:04,131.531989,47.08775583,5217109.282,464463.3075,5.48192,345.2,TRUE,5.3,373,300
11432,2022/10/23 14:04,131.5319558,47.08781267,5217115.616,464460.8244,5.72268,345.5,TRUE,5.3,400,300
11433,2022/10/23 14:04,131.531928,47.087859,5217120.779,464458.7444,4.5374,350.2,TRUE,5.3,373,300
11434,2022/10/23 14:04,131.5319045,47.0879005,5217125.403,464456.9876,6.33384,345.7,TRUE,5.3,353,300
11435,2022/10/23 14:04,131.5318797,47.08796117,5217132.159,464455.1449,5.72268,350.9,TRUE,5.3,363,300
11436,2022/10/23 14:04,131.5318443,47.088016,5217138.271,464452.4934,5.70416,348.1,TRUE,5.3,371,300
11437,2022/10/23 14:04,131.5318032,47.08807617,5217144.979,464449.4127,6.2042,343,TRUE,5.3,376,300
11438,2022/10/23 14:04,131.5317702,47.0881275,5217150.701,464446.9411,5.90788,350.8,TRUE,5.3,364,300
11439,2022/10/23 14:04,131.5317402,47.08818783,5217157.421,464444.7033,4.77816,349.1,TRUE,5.3,400,300
11440,2022/10/23 14:04,131.5317232,47.08823683,5217162.876,464443.4451,6.1116,344.6,TRUE,5.3,397,300
11441,2022/10/23 14:04,131.5316995,47.08829433,5217169.28,464441.6838,6.16716,345,TRUE,5.3,399,300
11442,2022/10/23 14:04,131.5316622,47.08835983,5217176.578,464438.8952,6.59312,343.2,TRUE,5.3,349,300
11443,2022/10/23 14:04,131.53163,47.08841767,5217183.023,464436.4888,6.1116,348.6,TRUE,5.3,377,300
11444,2022/10/23 14:04,131.5315958,47.08847367,5217189.264,464433.9292,6.35236,349.7,TRUE,5.3,376,300
11445,2022/10/23 14:05,131.5315682,47.088532,5217195.762,464431.8724,5.03744,343.3,TRUE,5.3,359,300
11446,2022/10/23 14:05,131.531528,47.088595,5217202.784,464428.8619,6.37088,343.5,TRUE,5.3,398,300
11447,2022/10/23 14:05,131.5314855,47.08865567,5217209.548,464425.6753,6.46348,341.5,TRUE,5.3,373,300
11448,2022/10/23 14:05,131.5314597,47.08871367,5217216.008,464423.7549,5.66712,345.9,TRUE,5.3,282,300
11449,2022/10/23 14:05,131.5314333,47.0887835,5217223.783,464421.7969,6.482,345.7,TRUE,5.3,373,300
11450,2022/10/23 14:05,131.5314017,47.08885033,5217231.227,464419.442,6.40792,349.5,TRUE,5.3,394,300
11451,2022/10/23 14:05,131.5313617,47.08891583,5217238.527,464416.4485,7.09316,344.8,TRUE,5.3,400,300
11452,2022/10/23 14:05,131.5313255,47.0889785,5217245.51,464413.7415,5.94492,345.2,TRUE,5.3,373,300
11453,2022/10/23 14:05,131.5312968,47.08902817,5217251.045,464411.5955,6.03752,345.1,TRUE,5.3,394,300
11454,2022/10/23 14:05,131.5312595,47.0890835,5217257.213,464408.8001,6.482,345.3,TRUE,5.3,400,300
11455,2022/10/23 14:05,131.5312462,47.08913867,5217263.353,464407.827,6.40792,346.8,TRUE,5.3,386,300
11456,2022/10/23 14:05,131.5312305,47.089194,5217269.511,464406.6718,6.13012,352.2,TRUE,5.3,377,300
11457,2022/10/23 14:05,131.5312085,47.08926317,5217277.211,464405.0475,6.59312,354.8,TRUE,5.3,358,300
11458,2022/10/23 14:05,131.5311947,47.08933367,5217285.055,464404.0466,6.68572,347.8,TRUE,5.3,376,300
11459,2022/10/23 14:05,131.531169,47.08939083,5217291.421,464402.1333,6.92648,352.5,TRUE,5.3,379,300
11460,2022/10/23 14:06,131.5311288,47.08946183,5217299.333,464399.1283,7.42652,350.3,TRUE,5.3,397,300
11461,2022/10/23 14:06,131.5310928,47.08951483,5217305.241,464396.4302,7.01908,348,TRUE,5.3,400,300
11462,2022/10/23 14:06,131.5310465,47.08958583,5217313.156,464392.962,6.90796,346,TRUE,5.3,371,300
11463,2022/10/23 14:06,131.5310138,47.089655,5217320.86,464390.5252,7.66728,358.2,TRUE,5.3,369,300
11464,2022/10/23 14:06,131.5309898,47.089728,5217328.987,464388.7516,6.14864,348,TRUE,5.3,400,300
11465,2022/10/23 14:06,131.5309613,47.08975267,5217331.742,464386.6041,4.20404,164.2,TRUE,5.3,390,300
11466,2022/10/23 14:06,131.5309937,47.089714,5217327.429,464389.0384,4.46332,140.5,FALSE,5.3,0,300
11467,2022/10/23 14:06,131.5310497,47.0897045,5217326.347,464393.284,4.37072,88.6,FALSE,5.3,0,300
11468,2022/10/23 14:06,131.5310552,47.089717,5217327.734,464393.71,5.05596,244.6,FALSE,5.3,0,300
11469,2022/10/23 14:06,131.5309635,47.08968,5217323.662,464386.7227,7.20428,202.3,FALSE,5.3,0,300
11470,2022/10/23 14:06,131.5309382,47.089621,5217317.115,464384.7624,5.51896,159.3,TRUE,5.3,400,300
11471,2022/10/23 14:06,131.530965,47.08955817,5217310.118,464386.7554,4.8152,152.6,TRUE,5.3,400,300
11472,2022/10/23 14:06,131.531001,47.089485,5217301.967,464389.44,8.4266,174.2,TRUE,5.3,400,300
11473,2022/10/23 14:06,131.5310378,47.08939717,5217292.186,464392.1757,8.519199,170,TRUE,5.3,400,300
11474,2022/10/23 14:06,131.5310665,47.08932033,5217283.63,464394.3036,8.22288,161.4,TRUE,5.3,374,300
11475,2022/10/23 14:07,131.5311023,47.08924133,5217274.831,464396.9692,8.334,166.9,TRUE,5.3,374,300
11476,2022/10/23 14:07,131.5311373,47.08916617,5217266.46,464399.5767,7.778399,162.3,TRUE,5.3,394,300
11477,2022/10/23 14:07,131.5311542,47.08909317,5217258.336,464400.8112,7.25984,170.8,TRUE,5.3,400,300
11478,2022/10/23 14:07,131.5311708,47.089019,5217250.083,464402.0222,7.07464,164.9,TRUE,5.3,375,300
11479,2022/10/23 14:07,131.5311998,47.08894317,5217241.64,464404.1737,7.64876,161,TRUE,5.3,395,300
11480,2022/10/23 14:07,131.5312482,47.08887317,5217233.836,464407.802,6.98204,163,TRUE,5.3,400,300
11481,2022/10/23 14:07,131.5312813,47.08880783,5217226.557,464410.2718,4.94484,157.3,TRUE,5.3,374,300
11482,2022/10/23 14:07,131.5313108,47.08874833,5217219.929,464412.4721,6.51904,162.3,TRUE,5.3,380,300
11483,2022/10/23 14:07,131.5313337,47.08868033,5217212.358,464414.1656,6.53756,167.6,TRUE,5.3,386,300
11484,2022/10/23 14:07,131.5313682,47.08861467,5217205.043,464416.7414,6.77832,162.4,TRUE,5.3,363,300
11485,2022/10/23 14:07,131.5313935,47.08855883,5217198.824,464418.6253,5.05596,161.7,TRUE,5.3,397,300
11486,2022/10/23 14:07,131.5314223,47.0884985,5217192.104,464420.7719,7.5006,159.5,TRUE,5.3,400,300
11487,2022/10/23 14:07,131.5314632,47.08843117,5217184.6,464423.8326,6.31532,173.1,TRUE,5.3,375,300
11488,2022/10/23 14:07,131.5314907,47.08836567,5217177.305,464425.8771,5.3708,170.4,TRUE,5.3,365,300
11489,2022/10/23 14:07,131.5315243,47.08830217,5217170.231,464428.386,5.3708,159.1,TRUE,5.3,359,300
11490,2022/10/23 14:08,131.531553,47.08824383,5217163.732,464430.5264,6.79684,165.2,TRUE,5.3,397,300
11491,2022/10/23 14:08,131.5315878,47.0881825,5217156.898,464433.128,6.09308,169.8,TRUE,5.3,361,300
11492,2022/10/23 14:08,131.5316223,47.08811967,5217149.897,464435.7057,5.98196,168.6,TRUE,5.3,358,300
11493,2022/10/23 14:08,131.53166,47.08806033,5217143.283,464438.5288,5.90788,160.6,TRUE,5.3,365,300
11494,2022/10/23 14:08,131.5316933,47.0880165,5217138.395,464441.0282,5.07448,163.7,TRUE,5.3,381,300
11495,2022/10/23 14:08,131.5317342,47.08795733,5217131.799,464444.0944,5.38932,164.3,TRUE,5.3,376,300
11496,2022/10/23 14:08,131.5317552,47.087901,5217125.527,464445.6514,5.96344,170.6,TRUE,5.3,400,300
11497,2022/10/23 14:08,131.5317685,47.08783467,5217118.147,464446.6172,6.09308,169.7,TRUE,5.3,393,300
11498,2022/10/23 14:08,131.5317772,47.08777483,5217111.49,464447.238,4.98188,160.6,TRUE,5.3,369,300
11499,2022/10/23 14:08,131.53181,47.08772733,5217106.195,464449.6969,6.2968,162.4,TRUE,5.3,400,300
11500,2022/10/23 14:08,131.531825,47.08767533,5217100.407,464450.8013,4.87076,159.3,TRUE,5.3,398,300
11501,2022/10/23 14:08,131.5318622,47.0876175,5217093.961,464453.5874,5.77824,164.7,TRUE,5.3,396,300
11502,2022/10/23 14:08,131.5318998,47.08756917,5217088.571,464456.4103,6.25976,154.8,TRUE,5.3,396,300
11503,2022/10/23 14:08,131.5319397,47.0875285,5217084.031,464459.4129,5.70416,170.4,TRUE,5.3,400,300
11504,2022/10/23 14:08,131.5319647,47.08747283,5217077.831,464461.2742,5.20412,153.3,TRUE,5.3,390,300
11505,2022/10/23 14:09,131.5319953,47.08742833,5217072.87,464463.5681,5.556,168,TRUE,5.3,367,300
11506,2022/10/23 14:09,131.5320087,47.0873755,5217066.991,464464.5504,4.50036,167.8,TRUE,5.3,370,300
11507,2022/10/23 14:09,131.5320308,47.08731817,5217060.607,464466.1904,5.68564,157.8,TRUE,5.3,376,300
11508,2022/10/23 14:09,131.532069,47.08725967,5217054.086,464469.0521,5.7412,166.6,TRUE,5.3,363,300
11509,2022/10/23 14:09,131.5320952,47.087212,5217048.775,464471.0098,4.75964,161.7,TRUE,5.3,362,300
11510,2022/10/23 14:09,131.532122,47.08715433,5217042.351,464473.0064,6.51904,154.8,TRUE,5.3,370,300
11511,2022/10/23 14:09,131.5321693,47.0871005,5217036.345,464476.5622,5.093,171,TRUE,5.3,394,300
11512,2022/10/23 14:09,131.5322005,47.08705367,5217031.125,464478.9002,5.8338,162.2,TRUE,5.3,350,300
11513,2022/10/23 14:09,131.532216,47.08698967,5217024.003,464480.0346,5.61156,167.9,TRUE,5.3,354,300
11514,2022/10/23 14:09,131.532241,47.08693417,5217017.821,464481.896,6.44496,166.4,TRUE,5.3,366,300
11515,2022/10/23 14:09,131.5322808,47.08687967,5217011.744,464484.8819,5.50044,168.7,TRUE,5.3,398,300
11516,2022/10/23 14:09,131.5323062,47.08682483,5217005.636,464486.7741,6.40792,162.7,TRUE,5.3,367,300
11517,2022/10/23 14:09,131.5323303,47.08676233,5216998.677,464488.5626,6.03752,163.9,TRUE,5.3,365,300
11518,2022/10/23 14:09,131.5323673,47.08670633,5216992.435,464491.3349,6.27828,169.6,TRUE,5.3,376,300
11519,2022/10/23 14:09,131.5323927,47.0866395,5216984.993,464493.2191,6.33384,164.1,TRUE,5.3,375,300
11520,2022/10/23 14:10,131.5324233,47.08658017,5216978.384,464495.5033,6.74128,164.2,TRUE,5.3,400,300
11521,2022/10/23 14:10,131.5324582,47.086522,5216971.901,464498.1147,6.13012,168.7,TRUE,5.3,373,300
11522,2022/10/23 14:10,131.5324973,47.08646267,5216965.287,464501.0442,6.46348,162.9,TRUE,5.3,384,300
11523,2022/10/23 14:10,131.5325275,47.08640717,5216959.104,464503.3005,5.093,164.4,TRUE,5.3,360,300
11524,2022/10/23 14:10,131.5325603,47.08636183,5216954.048,464505.761,4.59296,161.1,TRUE,5.3,380,300
11525,2022/10/23 14:10,131.5325808,47.086316,5216948.944,464507.2872,5.70416,159.3,TRUE,5.3,351,300
11526,2022/10/23 14:10,131.532607,47.0862535,5216941.984,464509.2352,5.33376,169.3,TRUE,5.3,371,300
11527,2022/10/23 14:10,131.532615,47.0861945,5216935.421,464509.8034,5.13004,161.1,TRUE,5.3,400,300
11528,2022/10/23 14:10,131.532643,47.086155,5216931.017,464511.9033,6.2042,163.9,TRUE,5.3,372,300
11529,2022/10/23 14:10,131.532675,47.08610167,5216925.074,464514.2978,5.3708,165.9,TRUE,5.3,367,300
11530,2022/10/23 14:10,131.5326982,47.08603617,5216917.781,464516.016,6.37088,165.7,TRUE,5.3,377,300
11531,2022/10/23 14:10,131.5327173,47.08597517,5216910.991,464517.4258,5.29672,161.9,TRUE,5.3,366,300
11532,2022/10/23 14:10,131.5327635,47.08592583,5216905.485,464520.9012,6.37088,169.7,TRUE,5.3,371,300
11533,2022/10/23 14:10,131.5327977,47.08586917,5216899.17,464523.4605,6.16716,164.7,TRUE,5.3,367,300
11534,2022/10/23 14:10,131.5328222,47.08581683,5216893.341,464525.2861,5.8338,162.2,TRUE,5.3,271,300
11535,2022/10/23 14:11,131.5328548,47.08575233,5216886.155,464527.7187,7.64876,166.9,TRUE,5.3,260,300
11536,2022/10/23 14:11,131.53289,47.08569117,5216879.34,464530.351,3.87068,163.9,TRUE,5.3,364,300
11537,2022/10/23 14:11,131.5329058,47.08566117,5216875.998,464531.5309,5.05596,171.3,TRUE,5.3,246,300
11538,2022/10/23 14:11,131.532943,47.0856115,5216870.459,464534.3226,6.79684,174.6,TRUE,5.3,205,300
11539,2022/10/23 14:11,131.5329515,47.08555567,5216864.248,464534.931,4.9078,213.3,FALSE,5.3,0,300
11540,2022/10/23 14:11,131.5328907,47.08554317,5216862.886,464530.3059,4.38924,261.7,FALSE,5.3,0,300
11541,2022/10/23 14:11,131.5329237,47.0855385,5216862.352,464532.8087,7.44504,90.5,FALSE,5.3,0,300
11542,2022/10/23 14:11,131.5329903,47.08552983,5216861.358,464537.8601,4.79668,310.2,FALSE,5.3,0,300
11543,2022/10/23 14:11,131.5329297,47.0855635,5216865.128,464533.2809,5.51896,329.4,FALSE,5.3,0,300
11544,2022/10/23 14:11,131.5329165,47.0855995,5216869.137,464532.3024,5.4634,352.8,TRUE,5.3,345,300
11545,2022/10/23 14:11,131.5329118,47.08564783,5216874.512,464531.9776,6.07456,349.2,TRUE,5.3,371,300
11546,2022/10/23 14:11,131.532898,47.0856945,5216879.706,464530.9607,4.33368,344.1,TRUE,5.3,306,300
11547,2022/10/23 14:11,131.5328992,47.0857505,5216885.932,464531.089,5.7412,344,TRUE,5.3,355,300
11548,2022/10/23 14:11,131.5328738,47.08581733,5216893.373,464529.2046,6.44496,346.2,TRUE,5.3,372,300
11549,2022/10/23 14:11,131.5328345,47.0858785,5216900.191,464526.261,5.79676,337.5,TRUE,5.3,400,300
11550,2022/10/23 14:12,131.532807,47.08594083,5216907.133,464524.2142,6.25976,346.4,TRUE,5.3,372,300
11551,2022/10/23 14:12,131.5327705,47.086011,5216914.95,464521.4892,5.25968,344.7,TRUE,5.3,379,300
11552,2022/10/23 14:12,131.5327425,47.08607383,5216921.948,464519.4048,6.03752,345,TRUE,5.3,368,300
11553,2022/10/23 14:12,131.5327098,47.08613467,5216928.726,464516.9622,5.77824,346.4,TRUE,5.3,361,300
11554,2022/10/23 14:12,131.5326662,47.086194,5216935.342,464513.6909,5.59304,345.6,TRUE,5.3,368,300
11555,2022/10/23 14:12,131.5326385,47.08628517,5216945.49,464511.6481,5.40784,350.5,TRUE,5.3,361,300
11556,2022/10/23 14:12,131.5326212,47.08633667,5216951.223,464510.3686,6.3894,345.3,TRUE,5.3,400,300
11557,2022/10/23 14:12,131.5325867,47.086388,5216956.946,464507.783,5.24116,342,TRUE,5.3,400,300
11558,2022/10/23 14:12,131.532544,47.08644467,5216963.265,464504.5783,6.1116,347.9,TRUE,5.3,369,300
11559,2022/10/23 14:12,131.5325158,47.08650017,5216969.448,464502.4739,6.59312,343.7,TRUE,5.3,400,300
11560,2022/10/23 14:12,131.5324897,47.08655233,5216975.259,464500.5267,5.42636,348.7,TRUE,5.3,375,300
11561,2022/10/23 14:12,131.5324623,47.08660633,5216981.274,464498.482,5.81528,348.6,TRUE,5.3,395,300
11562,2022/10/23 14:12,131.5324327,47.08665883,5216987.124,464496.2693,5.68564,343.5,TRUE,5.3,371,300
11563,2022/10/23 14:12,131.5324098,47.08670867,5216992.675,464494.5636,5.38932,341.9,TRUE,5.3,360,300
11564,2022/10/23 14:12,131.5323808,47.08676233,5216998.654,464492.3972,6.05604,343.3,TRUE,5.3,370,300
11565,2022/10/23 14:13,131.5323478,47.08681583,5217004.617,464489.9269,5.59304,348.9,TRUE,5.3,371,300
11566,2022/10/23 14:13,131.5323215,47.08686383,5217009.965,464487.9618,5.53748,344.6,TRUE,5.3,400,300
11567,2022/10/23 14:13,131.5322857,47.086917,5217015.892,464485.2788,5.72268,345.1,TRUE,5.3,363,300
11568,2022/10/23 14:13,131.5322763,47.086961,5217020.788,464484.5943,5.2782,343.3,TRUE,5.3,368,300
11569,2022/10/23 14:13,131.5322508,47.087016,5217026.914,464482.6945,6.03752,348,TRUE,5.3,392,300
11570,2022/10/23 14:13,131.5322232,47.08707467,5217033.449,464480.6378,5.88936,349.2,TRUE,5.3,394,300
11571,2022/10/23 14:13,131.5321873,47.087127,5217039.283,464477.9466,6.05604,0.2,TRUE,5.3,371,300
11572,2022/10/23 14:13,131.5321775,47.08718383,5217045.606,464477.2403,5.77824,347.8,TRUE,5.3,397,300
11573,2022/10/23 14:13,131.53215,47.08724417,5217052.326,464475.1923,6.18568,345.6,TRUE,5.3,368,300
11574,2022/10/23 14:13,131.5321233,47.08730183,5217058.748,464473.2032,6.22272,349.4,TRUE,5.3,368,300
11575,2022/10/23 14:13,131.5321105,47.08735117,5217064.24,464472.2641,5.7412,347.3,TRUE,5.3,388,300
11576,2022/10/23 14:13,131.5320755,47.08741217,5217071.037,464469.6471,5.48192,347.5,TRUE,5.3,400,300
11577,2022/10/23 14:13,131.5320325,47.087468,5217077.263,464466.4191,5.79676,344.4,TRUE,5.3,367,300
11578,2022/10/23 14:13,131.532,47.08751933,5217082.984,464463.9855,5.6486,345.6,TRUE,5.3,357,300
11579,2022/10/23 14:13,131.5319713,47.087574,5217089.075,464461.8426,5.81528,348.3,TRUE,5.3,394,300
11580,2022/10/23 14:14,131.5319385,47.08763067,5217095.39,464459.3898,5.59304,347.2,TRUE,5.3,375,300
11581,2022/10/23 14:14,131.53192,47.08768933,5217101.92,464458.0241,4.167,354,TRUE,5.3,383,300
11582,2022/10/23 14:14,131.5319033,47.08773017,5217106.468,464456.7832,5.03744,350.1,TRUE,5.3,373,300
11583,2022/10/23 14:14,131.5318808,47.08776467,5217110.314,464455.0977,5.53748,354.2,TRUE,5.3,370,300
11584,2022/10/23 14:14,131.5318275,47.08781117,5217115.507,464451.0815,5.8338,349.7,TRUE,5.3,364,300
11585,2022/10/23 14:14,131.5317912,47.08785383,5217120.266,464448.3536,6.13012,350.6,TRUE,5.3,360,300
11586,2022/10/23 14:14,131.5317683,47.08790633,5217126.113,464446.6497,5.96344,344.8,TRUE,5.3,366,300
11587,2022/10/23 14:14,131.5317328,47.08797017,5217133.227,464443.9966,6.05604,348.9,TRUE,5.3,386,300
11588,2022/10/23 14:14,131.5316967,47.088029,5217139.783,464441.2946,6.1116,353.1,TRUE,5.3,360,300
11589,2022/10/23 14:14,131.5316647,47.08809683,5217147.339,464438.91,6.40792,344.6,TRUE,5.3,336,300
11590,2022/10/23 14:14,131.5316308,47.0881655,5217154.988,464436.3817,7.27836,348.2,TRUE,5.3,400,300
11591,2022/10/23 14:14,131.5316123,47.08823467,5217162.687,464435.023,6.03752,352.6,TRUE,5.3,394,300
11592,2022/10/23 14:14,131.5315963,47.08827483,5217167.159,464433.8348,1.16676,143.5,TRUE,5.3,262,300
11593,2022/10/23 14:14,131.531606,47.08823817,5217163.079,464434.547,4.48184,138.7,FALSE,5.3,0,300
11594,2022/10/23 14:14,131.531658,47.088235,5217162.703,464438.4932,4.59296,101.3,FALSE,5.3,0,300
11595,2022/10/23 14:15,131.5316822,47.08826267,5217165.768,464440.3492,4.55592,238.4,FALSE,5.3,0,300
11596,2022/10/23 14:15,131.5316033,47.08823483,5217162.709,464434.3397,6.25976,192.5,FALSE,5.3,0,300
11597,2022/10/23 14:15,131.5315952,47.08817233,5217155.764,464433.6831,4.94484,166.9,TRUE,5.3,400,300
11598,2022/10/23 14:15,131.531603,47.0881135,5217149.22,464434.2362,6.90796,159.1,TRUE,5.3,400,300
11599,2022/10/23 14:15,131.5316155,47.0880525,5217142.433,464435.1447,6.31532,174.6,TRUE,5.3,400,300
11600,2022/10/23 14:15,131.5316205,47.08797983,5217134.352,464435.476,7.61172,164.2,TRUE,5.3,394,300
11601,2022/10/23 14:15,131.5316325,47.08788867,5217124.212,464436.3265,8.167319,171.2,TRUE,5.3,400,300
11602,2022/10/23 14:15,131.5316632,47.08779617,5217113.914,464438.596,7.74136,176.6,TRUE,5.3,363,300
11603,2022/10/23 14:15,131.531694,47.0877145,5217104.821,464440.8803,6.63016,161.5,TRUE,5.3,372,300
11604,2022/10/23 14:15,131.5317103,47.08763717,5217096.217,464442.0665,7.25984,164,TRUE,5.3,400,300
11605,2022/10/23 14:15,131.5317493,47.08757683,5217089.491,464444.9877,7.1302,162.2,TRUE,5.3,363,300
11606,2022/10/23 14:15,131.5317983,47.08752117,5217083.281,464448.6713,7.81544,169.2,TRUE,5.3,375,300
11607,2022/10/23 14:15,131.5318217,47.087453,5217075.691,464450.4028,7.27836,162.2,TRUE,5.3,395,300
11608,2022/10/23 14:15,131.5318483,47.08738883,5217068.545,464452.3799,6.63016,164.6,TRUE,5.3,370,300
11609,2022/10/23 14:15,131.5318683,47.08732933,5217061.922,464453.8589,5.53748,165.9,TRUE,5.3,392,300
11610,2022/10/23 14:16,131.53187,47.08726217,5217054.454,464453.9433,4.7226,163.7,TRUE,5.3,366,300
11611,2022/10/23 14:16,131.5318872,47.08720217,5217047.776,464455.2094,5.13004,164.5,TRUE,5.3,391,300
11612,2022/10/23 14:16,131.531908,47.0871465,5217041.578,464456.7518,6.1116,150.4,TRUE,5.3,362,300
11613,2022/10/23 14:16,131.5319335,47.08709467,5217035.804,464458.6536,5.07448,158.6,TRUE,5.3,358,300
11614,2022/10/23 14:16,131.5319765,47.087037,5217029.373,464461.8803,5.48192,169.3,TRUE,5.3,363,300
11615,2022/10/23 14:16,131.5320157,47.08697883,5217022.889,464464.8182,6.72276,154,TRUE,5.3,370,300
11616,2022/10/23 14:16,131.5320497,47.086924,5217016.778,464467.3634,6.09308,153.8,TRUE,5.3,373,300
11617,2022/10/23 14:16,131.532088,47.086867,5217010.423,464470.2337,5.51896,156.9,TRUE,5.3,362,300
11618,2022/10/23 14:16,131.5321322,47.08680167,5217003.141,464473.5465,5.98196,160.6,TRUE,5.3,399,300
11619,2022/10/23 14:16,131.5321675,47.08674283,5216996.583,464476.1878,6.51904,163.9,TRUE,5.3,394,300
11620,2022/10/23 14:16,131.5321962,47.08668783,5216990.456,464478.3305,6.35236,160.8,TRUE,5.3,370,300
11621,2022/10/23 14:16,131.5322417,47.086633,5216984.339,464481.749,6.09308,161.2,TRUE,5.3,374,300
11622,2022/10/23 14:16,131.5322835,47.08657717,5216978.114,464484.8859,6.83388,163.7,TRUE,5.3,367,300
11623,2022/10/23 14:16,131.5323122,47.0865165,5216971.356,464487.0248,5.4634,169.2,TRUE,5.3,376,300
11624,2022/10/23 14:16,131.5323367,47.08646817,5216965.972,464488.853,6.46348,166.5,TRUE,5.3,400,300
11625,2022/10/23 14:17,131.5323702,47.0864125,5216959.768,464491.3598,4.64852,164.2,TRUE,5.3,371,300
11626,2022/10/23 14:17,131.5324092,47.08636833,5216954.839,464494.2918,4.00032,169.2,TRUE,5.3,396,300
11627,2022/10/23 14:17,131.5324147,47.086338,5216951.465,464494.6893,4.92632,164.9,TRUE,5.3,372,300
11628,2022/10/23 14:17,131.5324453,47.08627667,5216944.633,464496.9721,5.57452,163.1,TRUE,5.3,374,300
11629,2022/10/23 14:17,131.532474,47.08622267,5216938.617,464499.1155,5.42636,165.1,TRUE,5.3,374,300
11630,2022/10/23 14:17,131.5325065,47.08616567,5216932.265,464501.5455,5.48192,156.1,TRUE,5.3,362,300
11631,2022/10/23 14:17,131.5325245,47.08611083,5216926.16,464502.8759,5.75972,158.7,TRUE,5.3,368,300
11632,2022/10/23 14:17,131.5325625,47.08606533,5216921.085,464505.7311,6.72276,161.7,TRUE,5.3,400,300
11633,2022/10/23 14:17,131.5326045,47.086011,5216915.026,464508.8842,6.16716,166.1,TRUE,5.3,369,300
11634,2022/10/23 14:17,131.532636,47.08594733,5216907.933,464511.2339,6.44496,161,TRUE,5.3,370,300
11635,2022/10/23 14:17,131.532666,47.08588433,5216900.915,464513.47,6.019,165.5,TRUE,5.3,344,300
11636,2022/10/23 14:17,131.532681,47.08581867,5216893.609,464514.5655,6.50052,163.2,TRUE,5.3,358,300
11637,2022/10/23 14:17,131.5327098,47.0857615,5216887.24,464516.7144,6.6672,164.9,TRUE,5.3,361,300
11638,2022/10/23 14:17,131.5327398,47.085698,5216880.167,464518.9502,5.96344,163.1,TRUE,5.3,372,300
11639,2022/10/23 14:17,131.5327732,47.08563917,5216873.612,464521.4474,6.96352,165.9,TRUE,5.3,366,300
11640,2022/10/23 14:18,131.5328067,47.0855785,5216866.852,464523.9509,6.6672,165.2,TRUE,5.3,371,300
11641,2022/10/23 14:18,131.532835,47.0855185,5216860.169,464526.06,6.13012,164.3,TRUE,5.3,375,300
11642,2022/10/23 14:18,131.5328733,47.08546533,5216854.24,464528.933,4.22256,166.2,TRUE,5.3,369,300
11643,2022/10/23 14:18,131.5328907,47.08542967,5216850.268,464530.2306,6.59312,166.7,TRUE,5.3,133,300
11644,2022/10/23 14:18,131.5328577,47.08537117,5216843.779,464527.6859,8.00064,236.1,FALSE,5.3,0,300
11645,2022/10/23 14:18,131.5328427,47.08536967,5216843.619,464526.5459,6.019,77.7,FALSE,5.3,0,300
11646,2022/10/23 14:18,131.5329342,47.08536983,5216843.596,464533.494,0.72228,94.2,FALSE,5.3,0,300
11647,2022/10/23 14:18,131.5328928,47.08538933,5216845.782,464530.3633,4.66704,322.2,FALSE,5.3,0,300
11648,2022/10/23 14:18,131.5328987,47.08542967,5216850.264,464530.8381,4.12996,348.4,TRUE,5.3,268,300
11649,2022/10/23 14:18,131.5328983,47.08545467,5216853.044,464530.8243,3.74104,352.5,TRUE,5.3,375,300
11650,2022/10/23 14:18,131.5329032,47.08546583,5216854.282,464531.2038,2.00016,353.2,TRUE,5.3,362,300
11651,2022/10/23 14:18,131.5328957,47.085502,5216858.307,464530.6583,4.70408,345.4,TRUE,5.3,363,300
11652,2022/10/23 14:18,131.5328598,47.0855555,5216864.271,464527.9677,4.75964,342.2,TRUE,5.3,399,300
11653,2022/10/23 14:18,131.5327912,47.0856185,5216871.306,464522.8005,5.31524,344.2,TRUE,5.3,364,300
11654,2022/10/23 14:18,131.5327433,47.08567867,5216878.017,464519.2032,5.66712,342.4,TRUE,5.3,400,300
11655,2022/10/23 14:19,131.532712,47.08572717,5216883.423,464516.8586,5.11152,334.4,TRUE,5.3,396,300
11656,2022/10/23 14:19,131.5326747,47.08577333,5216888.571,464514.057,3.8892,335.3,TRUE,5.3,397,300
11657,2022/10/23 14:19,131.5326463,47.0858245,5216894.273,464511.9344,4.98188,337.7,TRUE,5.3,400,300
11658,2022/10/23 14:19,131.5326142,47.0858655,5216898.846,464509.5242,5.093,352.3,TRUE,5.3,393,300
11659,2022/10/23 14:19,131.5325855,47.085916,5216904.473,464507.3784,4.70408,349.1,TRUE,5.3,398,300
11660,2022/10/23 14:19,131.5325645,47.08596267,5216909.671,464505.8148,5.63008,341.7,TRUE,5.3,400,300
11661,2022/10/23 14:19,131.532535,47.086016,5216915.613,464503.6102,4.94484,344.9,TRUE,5.3,366,300
11662,2022/10/23 14:19,131.532528,47.08606633,5216921.211,464503.1121,5.61156,345.5,TRUE,5.3,364,300
11663,2022/10/23 14:19,131.5325018,47.08612767,5216928.043,464501.1634,5.59304,349,TRUE,5.3,364,300
11664,2022/10/23 14:19,131.5324617,47.08619367,5216935.398,464498.1623,5.59304,343.9,TRUE,5.3,355,300
11665,2022/10/23 14:19,131.5324212,47.08626217,5216943.032,464495.1325,7.33392,347.8,TRUE,5.3,400,300
11666,2022/10/23 14:19,131.5323798,47.08632283,5216949.794,464492.0292,7.25984,335.2,TRUE,5.3,394,300
11667,2022/10/23 14:19,131.5323503,47.086375,5216955.608,464489.8238,3.94476,346.8,TRUE,5.3,369,300
11668,2022/10/23 14:19,131.5323353,47.08643183,5216961.932,464488.7226,6.03752,348.9,TRUE,5.3,399,300
11669,2022/10/23 14:19,131.5323143,47.086479,5216967.186,464487.1593,5.29672,344.2,TRUE,5.3,350,300
11670,2022/10/23 14:20,131.532285,47.08652883,5216972.739,464484.9676,6.09308,343.1,TRUE,5.3,396,300
11671,2022/10/23 14:20,131.5322443,47.08659633,5216980.261,464481.922,6.25976,341.2,TRUE,5.3,400,300
11672,2022/10/23 14:20,131.5322212,47.086647,5216985.905,464480.2017,5.33376,342,TRUE,5.3,357,300
11673,2022/10/23 14:20,131.5321902,47.086711,5216993.034,464477.8903,6.13012,345.2,TRUE,5.3,400,300
11674,2022/10/23 14:20,131.5321625,47.086758,5216998.272,464475.8182,6.14864,342.4,TRUE,5.3,388,300
11675,2022/10/23 14:20,131.5321417,47.08681633,5217004.766,464474.2776,4.70408,358.2,TRUE,5.3,362,300
11676,2022/10/23 14:20,131.5321403,47.0868605,5217009.677,464474.2006,6.22272,350.6,TRUE,5.3,400,300
11677,2022/10/23 14:20,131.532134,47.08692083,5217016.387,464473.7624,4.66704,347.3,TRUE,5.3,399,300
11678,2022/10/23 14:20,131.5321197,47.08697233,5217022.119,464472.7108,7.07464,356.6,TRUE,5.3,373,300
11679,2022/10/23 14:20,131.5320925,47.08703833,5217029.469,464470.6893,6.6672,353.6,TRUE,5.3,374,300
11680,2022/10/23 14:20,131.5320745,47.08711133,5217037.592,464469.3711,6.79684,355.1,TRUE,5.3,400,300
11681,2022/10/23 14:20,131.5320533,47.08715617,5217042.587,464467.7911,0.70376,0,TRUE,5.3,226,300
11682,2022/10/23 14:20,131.5320627,47.08712383,5217038.987,464468.4834,1.81496,144.8,FALSE,5.3,0,300
11683,2022/10/23 14:20,131.53209,47.087115,5217037.993,464470.5505,4.87076,117,FALSE,5.3,0,300
11684,2022/10/23 14:20,131.5321487,47.08712,5217038.522,464475.011,2.98172,63.1,FALSE,5.3,0,300
11685,2022/10/23 14:21,131.5321398,47.08712917,5217039.546,464474.3413,5.20412,236.1,FALSE,5.3,0,300
11686,2022/10/23 14:21,131.532044,47.08709167,5217035.421,464467.0421,6.51904,174.1,FALSE,5.3,0,300
11687,2022/10/23 14:21,131.5320377,47.08700367,5217025.64,464466.5052,6.46348,178,TRUE,5.3,399,300
11688,2022/10/23 14:21,131.5320655,47.08692867,5217017.29,464468.5662,5.40784,164.5,TRUE,5.3,363,300
11689,2022/10/23 14:21,131.53208,47.08685983,5217009.63,464469.6215,5.29672,181.6,TRUE,5.3,383,300
11690,2022/10/23 14:21,131.5320672,47.08680117,5217003.114,464468.6105,6.2968,168.8,TRUE,5.3,400,300
11691,2022/10/23 14:21,131.5320853,47.08673533,5216995.787,464469.9411,5.61156,162.2,TRUE,5.3,367,300
11692,2022/10/23 14:21,131.5321082,47.0866745,5216989.014,464471.6395,5.70416,170,TRUE,5.3,367,300
11693,2022/10/23 14:21,131.5321343,47.086606,5216981.386,464473.5758,5.51896,170.1,TRUE,5.3,370,300
11694,2022/10/23 14:21,131.5321632,47.08655233,5216975.407,464475.7346,5.77824,162.7,TRUE,5.3,375,300
11695,2022/10/23 14:21,131.5321807,47.0864935,5216968.859,464477.0243,6.03752,168,TRUE,5.3,400,300
11696,2022/10/23 14:21,131.5322065,47.08643783,5216962.658,464478.9464,5.90788,168.2,TRUE,5.3,377,300
11697,2022/10/23 14:21,131.5322383,47.086376,5216955.77,464481.32,6.27828,160,TRUE,5.3,358,300
11698,2022/10/23 14:21,131.5322647,47.08631517,5216948.995,464483.2842,5.85232,161.5,TRUE,5.3,400,300
11699,2022/10/23 14:21,131.5322977,47.08626167,5216943.032,464485.7544,5.72268,158.4,TRUE,5.3,400,300
11700,2022/10/23 14:22,131.532327,47.08620833,5216937.089,464487.9438,5.6486,163.9,TRUE,5.3,393,300
11701,2022/10/23 14:22,131.5323503,47.08615583,5216931.242,464489.6782,6.44496,167.6,TRUE,5.3,375,300
11702,2022/10/23 14:22,131.5323862,47.08609583,5216924.555,464492.3643,6.77832,162.5,TRUE,5.3,373,300
11703,2022/10/23 14:22,131.5324162,47.086039,5216918.224,464494.6045,6.09308,163.5,TRUE,5.3,382,300
11704,2022/10/23 14:22,131.5324353,47.08598217,5216911.897,464496.0171,6.46348,162.1,TRUE,5.3,396,300
11705,2022/10/23 14:22,131.5324713,47.08592067,5216905.044,464498.7099,6.96352,166.2,TRUE,5.3,370,300
11706,2022/10/23 14:22,131.5324997,47.08586217,5216898.527,464500.8275,6.09308,160.4,TRUE,5.3,366,300
11707,2022/10/23 14:22,131.532536,47.08580217,5216891.841,464503.5441,6.14864,165.7,TRUE,5.3,400,300
11708,2022/10/23 14:22,131.5325545,47.0857395,5216884.865,464504.9072,6.46348,163.3,TRUE,5.3,394,300
11709,2022/10/23 14:22,131.5325815,47.08568067,5216878.312,464506.9184,6.00048,166.6,TRUE,5.3,400,300
11710,2022/10/23 14:22,131.5326137,47.0856185,5216871.386,464509.3221,6.27828,169,TRUE,5.3,377,300
11711,2022/10/23 14:22,131.5326463,47.08557017,5216865.999,464511.7655,5.63008,164.2,TRUE,5.3,377,300
11712,2022/10/23 14:22,131.5326743,47.08552183,5216860.612,464513.8596,5.79676,163.5,TRUE,5.3,394,300
11713,2022/10/23 14:22,131.5327035,47.08547033,5216854.873,464516.0426,5.29672,161.8,TRUE,5.3,365,300
11714,2022/10/23 14:22,131.532731,47.08542983,5216850.358,464518.104,4.70408,163.7,TRUE,5.3,400,300
11715,2022/10/23 14:23,131.5327497,47.08538533,5216845.403,464519.4944,5.22264,166.8,TRUE,5.3,400,300
11716,2022/10/23 14:23,131.5327712,47.085332,5216839.464,464521.0916,4.24108,166.5,TRUE,5.3,354,300
11717,2022/10/23 14:23,131.5327875,47.08528083,5216833.768,464522.2953,4.48184,165.7,FALSE,5.3,0,300
11718,2022/10/23 14:23,131.5327788,47.08523817,5216829.029,464521.6064,3.9818,218.9,FALSE,5.3,0,300
11719,2022/10/23 14:23,131.5327345,47.08522033,5216827.066,464518.2306,1.09268,240,FALSE,5.3,0,300
11720,2022/10/23 14:23,131.5327962,47.08523133,5216828.261,464522.9231,3.40768,104.5,FALSE,5.3,0,300
11721,2022/10/23 14:23,131.5327818,47.08523933,5216829.157,464521.8349,4.4448,289.6,FALSE,5.3,0,300
11722,2022/10/23 14:23,131.5327477,47.08527117,5216832.712,464519.2667,5.29672,331.1,FALSE,5.3,0,300
11723,2022/10/23 14:23,131.5327433,47.08534767,5216841.219,464518.9834,4.64852,355.6,TRUE,5.3,213,300
11724,2022/10/23 14:23,131.5327363,47.08539533,5216846.52,464518.4835,3.74104,334.3,TRUE,5.3,376,300
11725,2022/10/23 14:23,131.5327267,47.08544217,5216851.732,464517.7856,5.16708,342.4,TRUE,5.3,373,300
11726,2022/10/23 14:23,131.5327065,47.08550083,5216858.263,464516.2907,7.72284,341.4,TRUE,5.3,365,300
11727,2022/10/23 14:23,131.5326665,47.08556467,5216865.378,464513.2957,6.3894,345.5,TRUE,5.3,376,300
11728,2022/10/23 14:23,131.5326328,47.08562583,5216872.193,464510.7774,6.50052,346.8,TRUE,5.3,365,300
11729,2022/10/23 14:24,131.532602,47.08568133,5216878.377,464508.4754,7.14872,343,TRUE,5.3,384,300
11730,2022/10/23 14:24,131.532577,47.08573467,5216884.318,464506.6125,7.14872,337.3,TRUE,5.3,397,300
11731,2022/10/23 14:24,131.5325477,47.08579633,5216891.186,464504.4286,6.27828,353,TRUE,5.3,400,300
11732,2022/10/23 14:24,131.5325255,47.085865,5216898.83,464502.7885,7.09316,350.6,TRUE,5.3,364,300
11733,2022/10/23 14:24,131.5324963,47.08593533,5216906.662,464500.618,6.92648,343.2,TRUE,5.3,350,300
11734,2022/10/23 14:24,131.5324662,47.08600333,5216914.236,464498.3775,7.0376,347.6,TRUE,5.3,358,300
11735,2022/10/23 14:24,131.5324302,47.0860715,5216921.831,464495.6892,6.92648,350.3,TRUE,5.3,383,300
11736,2022/10/23 14:24,131.5324007,47.086139,5216929.348,464493.494,7.6858,345.2,TRUE,5.3,396,300
11737,2022/10/23 14:24,131.5323962,47.08615067,5216930.648,464493.1601,4.03736,157.1,TRUE,5.3,74,300
11738,2022/10/23 14:24,131.5324367,47.08611533,5216926.7,464496.2119,5.35228,117.8,FALSE,5.3,0,300
11739,2022/10/23 14:24,131.532483,47.08611883,5216927.068,464499.7299,4.29664,70.5,FALSE,5.3,0,300
11740,2022/10/23 14:24,131.5324855,47.086131,5216928.42,464499.9279,5.81528,222.1,FALSE,5.3,0,300
11741,2022/10/23 14:24,131.5324117,47.086073,5216922.006,464494.2854,7.64876,178.8,FALSE,5.3,0,300
11742,2022/10/23 14:24,131.5324005,47.085998,5216913.673,464493.3851,7.14872,178.7,TRUE,5.3,350,300
11743,2022/10/23 14:24,131.5324352,47.08592167,5216905.171,464495.9693,6.72276,167.8,TRUE,5.3,267,300
11744,2022/10/23 14:25,131.532479,47.0858425,5216896.35,464499.2426,8.537721,160.7,TRUE,5.3,356,300
11745,2022/10/23 14:25,131.5325137,47.08576533,5216887.755,464501.8263,8.13028,166.9,TRUE,5.3,347,300
11746,2022/10/23 14:25,131.532551,47.0856845,5216878.752,464504.6049,7.852479,158.1,TRUE,5.3,301,300
11747,2022/10/23 14:25,131.532589,47.08560367,5216869.749,464507.4367,8.29696,160.3,TRUE,5.3,353,300
11748,2022/10/23 14:25,131.532629,47.085527,5216861.207,464510.4232,8.44512,159.2,TRUE,5.3,269,300
11749,2022/10/23 14:25,131.5326602,47.0854485,5216852.466,464512.7402,7.889521,164.9,TRUE,5.3,252,300
11750,2022/10/23 14:25,131.532702,47.085365,5216843.164,464515.8588,10.38972,139.7,FALSE,5.3,0,300
11751,2022/10/23 14:25,131.5327918,47.08531417,5216837.472,464522.644,5.35228,71.3,FALSE,5.3,0,300
11752,2022/10/23 14:25,131.5327868,47.085309,5216836.9,464522.2609,5.42636,267.1,FALSE,5.3,0,300
11753,2022/10/23 14:25,131.5327227,47.08532017,5216838.171,464517.4009,4.3522,271.7,FALSE,5.3,0,300
11754,2022/10/23 14:25,131.5326927,47.08532533,5216838.758,464515.1263,0,261,FALSE,5.3,0,300
11755,2022/10/23 14:25,131.5326762,47.08532583,5216838.821,464513.8737,5.96344,94.2,FALSE,5.3,0,300
11756,2022/10/23 14:25,131.5327485,47.085331,5216839.363,464519.3672,2.62984,66.3,FALSE,5.3,0,300
11757,2022/10/23 14:25,131.5327458,47.08532467,5216838.661,464519.158,4.83372,235.9,FALSE,5.3,0,300
11758,2022/10/23 14:25,131.5326997,47.0853045,5216836.439,464515.644,0,238.9,FALSE,5.3,0,300
11759,2022/10/23 14:26,131.5327002,47.08530117,5216836.069,464515.6797,0,0,FALSE,5.3,0,300
11760,2022/10/23 14:26,131.5327512,47.08531233,5216837.286,464519.5598,3.85216,50.2,TRUE,5.3,400,300
11761,2022/10/23 14:26,131.5328177,47.0853395,5216840.277,464524.6275,4.2596,59.4,TRUE,5.3,368,300
11762,2022/10/23 14:26,131.5328617,47.0853665,5216843.258,464527.9865,3.16692,47.9,TRUE,5.3,393,300
11763,2022/10/23 14:26,131.5329172,47.08538683,5216845.493,464532.2144,3.94476,49,TRUE,5.3,344,300
11764,2022/10/23 14:26,131.5329698,47.0854015,5216847.1,464536.2183,2.98172,47.2,TRUE,5.3,313,300
11765,2022/10/23 14:26,131.5329848,47.0854295,5216850.206,464537.3759,4.9078,20.4,TRUE,5.3,400,300
11766,2022/10/23 14:26,131.5329893,47.08548117,5216855.949,464537.7519,3.55584,15.5,TRUE,5.3,368,300
11767,2022/10/23 14:26,131.5329805,47.08552167,5216860.455,464537.1106,2.44464,25,TRUE,5.3,354,300
11768,2022/10/23 14:26,131.5329937,47.08556733,5216865.525,464538.1432,5.40784,23.8,TRUE,5.3,349,300
11769,2022/10/23 14:26,131.5330068,47.0856245,5216871.875,464539.1759,3.44472,19.9,TRUE,5.3,400,300
11770,2022/10/23 14:26,131.5330163,47.0856725,5216877.207,464539.9291,5.20412,14.4,TRUE,5.3,374,300
11771,2022/10/23 14:26,131.5330382,47.08571867,5216882.33,464541.6227,4.37072,23,TRUE,5.3,364,300
11772,2022/10/23 14:26,131.5330493,47.0857425,5216884.974,464542.4814,3.48176,22.5,TRUE,5.3,375,300
11773,2022/10/23 14:26,131.5330795,47.085792,5216890.463,464544.8074,4.66704,22.8,TRUE,5.3,365,300
11774,2022/10/23 14:27,131.5330808,47.08583317,5216895.04,464544.9335,4.66704,9.3,TRUE,5.3,374,300
11775,2022/10/23 14:27,131.5330917,47.08588,5216900.241,464545.7922,4.0744,23.7,TRUE,5.3,351,300
11776,2022/10/23 14:27,131.5331148,47.08591617,5216904.252,464547.5703,5.70416,13.9,TRUE,5.3,324,300
11777,2022/10/23 14:27,131.5331347,47.08596183,5216909.319,464549.1117,4.63,13.1,TRUE,5.3,358,300
11778,2022/10/23 14:27,131.5331547,47.086023,5216916.11,464550.6709,4.70408,14.5,TRUE,5.3,359,300
11779,2022/10/23 14:27,131.5331763,47.08607333,5216921.696,464552.3445,5.07448,18.8,TRUE,5.3,393,300
11780,2022/10/23 14:27,131.5331935,47.086129,5216927.877,464553.6875,4.61148,11.1,TRUE,5.3,363,300
11781,2022/10/23 14:27,131.5332078,47.08616883,5216932.298,464554.7997,5.63008,13.9,TRUE,5.3,367,300
11782,2022/10/23 14:27,131.5332197,47.086218,5216937.759,464555.736,5.05596,17,TRUE,5.3,396,300
11783,2022/10/23 14:27,131.5332322,47.08627033,5216943.571,464556.7198,4.79668,21.2,TRUE,5.3,357,300
11784,2022/10/23 14:27,131.5332493,47.08633333,5216950.567,464558.0601,5.40784,27.4,TRUE,5.3,400,300
11785,2022/10/23 14:27,131.533281,47.08638517,5216956.316,464560.5016,5.6486,28,TRUE,5.3,370,300
11786,2022/10/23 14:27,131.5333008,47.08643533,5216961.884,464562.0383,4.40776,19.4,TRUE,5.3,360,300
11787,2022/10/23 14:27,131.5333145,47.08648033,5216966.88,464563.1084,4.55592,14.6,TRUE,5.3,366,300
11788,2022/10/23 14:27,131.5333325,47.08652417,5216971.746,464564.5043,4.66704,20.4,TRUE,5.3,348,300
11789,2022/10/23 14:28,131.5333438,47.086584,5216978.392,464565.402,5.42636,8.3,TRUE,5.3,302,300
11790,2022/10/23 14:28,131.5333608,47.08663583,5216984.146,464566.7272,4.92632,10.2,TRUE,5.3,266,300
11791,2022/10/23 14:28,131.5333727,47.08669617,5216990.849,464567.6708,4.96336,18.1,TRUE,5.3,358,300
11792,2022/10/23 14:28,131.5333947,47.08674367,5216996.12,464569.3729,4.37072,7.6,TRUE,5.3,351,300
11793,2022/10/23 14:28,131.5333995,47.08679,5217001.268,464569.7681,3.9818,15.7,TRUE,5.3,400,300
11794,2022/10/23 14:28,131.5334175,47.08684117,5217006.949,464571.1688,3.90772,12.5,TRUE,5.3,353,300
11795,2022/10/23 14:28,131.5334313,47.08690267,5217013.78,464572.2574,5.2782,25.8,TRUE,5.3,369,300
11796,2022/10/23 14:28,131.5334612,47.08695467,5217019.547,464574.5623,5.51896,14.4,TRUE,5.3,346,300
11797,2022/10/23 14:28,131.5334808,47.08701383,5217026.115,464576.0898,4.57444,19.4,TRUE,5.3,256,300
11798,2022/10/23 14:28,131.5334993,47.08707833,5217033.278,464577.5373,5.72268,5,TRUE,5.3,363,300
11799,2022/10/23 14:28,131.5335183,47.08713933,5217040.05,464579.0204,5.3708,8.6,TRUE,5.3,296,300
11800,2022/10/23 14:28,131.5335348,47.08719167,5217045.862,464580.308,4.51888,3.7,TRUE,5.3,239,300
11801,2022/10/23 14:28,131.5335528,47.08724367,5217051.635,464581.7093,5.48192,11.1,TRUE,5.3,358,300
11802,2022/10/23 14:28,131.5335673,47.087305,5217058.446,464582.8509,4.46332,13.4,TRUE,5.3,352,300
11803,2022/10/23 14:28,131.5335848,47.08735217,5217063.682,464584.211,4.46332,12.5,TRUE,5.3,366,300
11804,2022/10/23 14:29,131.5335948,47.08740233,5217069.254,464585.0036,6.00048,15.7,TRUE,5.3,317,300
11805,2022/10/23 14:29,131.5336063,47.08745183,5217074.752,464585.9096,3.90772,8.1,TRUE,5.3,354,300
11806,2022/10/23 14:29,131.5336147,47.08748933,5217078.917,464586.5723,4.3522,14.5,TRUE,5.3,261,300
11807,2022/10/23 14:29,131.5336262,47.087546,5217085.212,464587.483,5.22264,14,TRUE,5.3,369,300
11808,2022/10/23 14:29,131.5336442,47.08759717,5217090.893,464588.8837,4.87076,20,TRUE,5.3,353,300
11809,2022/10/23 14:29,131.5336715,47.0876365,5217095.253,464590.9827,5.20412,12.3,TRUE,5.3,374,300
11810,2022/10/23 14:29,131.5336892,47.0876855,5217100.692,464592.3592,5.94492,19,TRUE,5.3,313,300
11811,2022/10/23 14:29,131.5337162,47.08774033,5217106.775,464594.4456,4.29664,15,TRUE,5.3,368,300
11812,2022/10/23 14:29,131.533734,47.08777767,5217110.918,464595.822,4.94484,28.9,TRUE,5.3,362,300
11813,2022/10/23 14:29,131.5337487,47.0878105,5217114.562,464596.9599,4.14848,17.8,TRUE,5.3,350,300
11814,2022/10/23 14:29,131.5337758,47.08784483,5217118.366,464599.0404,4.2596,28.9,TRUE,5.3,400,300
11815,2022/10/23 14:29,131.5338075,47.08788967,5217123.337,464601.4771,5.20412,27.2,TRUE,5.3,362,300
11816,2022/10/23 14:29,131.533832,47.08793883,5217128.791,464603.37,4.50036,19.5,TRUE,5.3,265,300
11817,2022/10/23 14:29,131.5338455,47.087988,5217134.251,464604.4276,3.81512,24.9,TRUE,5.3,385,300
11818,2022/10/23 14:29,131.5338643,47.088024,5217138.245,464605.879,4.0744,10.5,TRUE,5.3,358,300
11819,2022/10/23 14:30,131.533881,47.088076,5217144.018,464607.1815,4.27812,23.4,TRUE,5.3,271,300
12144,2022/10/23 14:51,131.5300955,47.0965025,5218082.532,464325.3732,4.27812,236.5,TRUE,5.3,348,300
12145,2022/10/23 14:51,131.530032,47.0964845,5218080.56,464320.5403,4.05588,241.5,TRUE,5.3,357,300
12146,2022/10/23 14:51,131.5299817,47.0964705,5218079.026,464316.7122,3.8892,231.4,TRUE,5.3,396,300
12147,2022/10/23 14:51,131.5299342,47.0964545,5218077.269,464313.0954,3.66696,262.3,TRUE,5.3,374,300
12148,2022/10/23 14:51,131.5298808,47.09644533,5218076.274,464309.0352,3.46324,253.2,TRUE,5.3,363,300
12149,2022/10/23 14:52,131.5298163,47.09642733,5218074.302,464304.1264,3.27804,256.4,TRUE,5.3,370,300
12150,2022/10/23 14:52,131.5297495,47.09642383,5218073.944,464299.0527,4.38924,258.7,TRUE,5.3,375,300
12151,2022/10/23 14:52,131.5296913,47.09640917,5218072.34,464294.6244,3.66696,229.7,TRUE,5.3,361,300
12152,2022/10/23 14:52,131.5296373,47.0963985,5218071.179,464290.5177,2.315,249.7,TRUE,5.3,397,300
12153,2022/10/23 14:52,131.5295832,47.09636883,5218067.905,464286.3906,2.79652,246.6,TRUE,5.3,261,300
12154,2022/10/23 14:52,131.5295325,47.0963545,5218066.335,464282.5319,3.62992,250.5,TRUE,5.3,376,300
12155,2022/10/23 14:52,131.5294762,47.09632367,5218062.933,464278.2371,4.77816,241.9,TRUE,5.3,361,300
12156,2022/10/23 14:52,131.5294175,47.0962995,5218060.273,464273.7645,3.09284,273.4,TRUE,5.3,368,300
12157,2022/10/23 14:52,131.5293572,47.096309,5218061.357,464269.1929,3.59288,257.4,TRUE,5.3,352,300
12158,2022/10/23 14:52,131.5292952,47.09630167,5218060.57,464264.481,2.83356,245.8,TRUE,5.3,354,300
12159,2022/10/23 14:52,131.5292255,47.0962775,5218057.915,464259.1733,3.35212,261.6,TRUE,5.3,400,300
12160,2022/10/23 14:52,131.5291545,47.09626633,5218056.706,464253.7756,3.37064,257.5,TRUE,5.3,398,300
12161,2022/10/23 14:52,131.5290913,47.096253,5218055.253,464248.9686,3.12988,253.9,TRUE,5.3,349,300
12162,2022/10/23 14:52,131.529038,47.09623583,5218053.368,464244.9106,3.7966,238.6,TRUE,5.3,361,300
12163,2022/10/23 14:52,131.5289942,47.096203,5218049.738,464241.5633,3.5188,240.9,TRUE,5.3,368,300
12164,2022/10/23 14:53,131.528951,47.0961795,5218047.146,464238.2679,4.27812,257.3,TRUE,5.3,372,300
12165,2022/10/23 14:53,131.5288928,47.09616083,5218045.097,464233.8369,3.85216,234.6,TRUE,5.3,360,300
12166,2022/10/23 14:53,131.528844,47.09613017,5218041.71,464230.1115,3.46324,227.1,TRUE,5.3,321,300
12167,2022/10/23 14:53,131.528793,47.09610267,5218038.676,464226.2212,0.3704,223.1,FALSE,5.3,0,300
12168,2022/10/23 14:53,131.528792,47.096112,5218039.714,464226.1515,4.40776,54.4,FALSE,5.3,0,300
12169,2022/10/23 14:53,131.5288457,47.09614417,5218043.266,464230.2499,4.88928,42.2,FALSE,5.3,0,300
12170,2022/10/23 14:53,131.528845,47.096187,5218048.028,464230.2255,0.88896,30.1,FALSE,5.3,0,300
12171,2022/10/23 14:53,131.5288198,47.09617967,5218047.224,464228.3074,5.16708,187.3,FALSE,5.3,0,300
12172,2022/10/23 14:53,131.5288203,47.09611233,5218039.738,464228.3003,4.14848,188.1,FALSE,5.3,0,300
12173,2022/10/23 14:53,131.5288375,47.096074,5218035.469,464229.5804,4.167,172.7,TRUE,5.3,400,300
12174,2022/10/23 14:53,131.5288422,47.09604817,5218032.595,464229.9199,3.16692,181.4,TRUE,5.3,354,300
12175,2022/10/23 14:53,131.5288285,47.09600417,5218027.71,464228.8504,1.50012,170.6,TRUE,5.3,397,300
12176,2022/10/23 14:53,131.5288257,47.09596517,5218023.375,464228.6117,4.64852,156.5,TRUE,5.3,243,300
12177,2022/10/23 14:53,131.5288185,47.09591083,5218017.337,464228.0287,3.38916,160.8,TRUE,5.3,395,300
12178,2022/10/23 14:53,131.5288272,47.095885,5218014.462,464228.6719,4.03736,156.1,TRUE,5.3,399,300
12179,2022/10/23 14:54,131.5288447,47.09586133,5218011.822,464229.9846,3.01876,163.4,TRUE,5.3,400,300
12180,2022/10/23 14:54,131.5288633,47.095817,5218006.886,464231.367,3.87068,169.1,TRUE,5.3,368,300
12181,2022/10/23 14:54,131.5288913,47.09579333,5218004.241,464233.4769,0,162.8,FALSE,5.3,0,300
12182,2022/10/23 14:54,131.5288812,47.09579467,5218004.395,464232.7111,0,0,FALSE,5.3,0,300
12183,2022/10/23 14:54,131.5288792,47.0957915,5218004.043,464232.5571,0,0,FALSE,5.3,0,300
12184,2022/10/23 14:54,131.5288775,47.09578917,5218003.785,464232.4265,0,0,FALSE,5.3,0,300
12185,2022/10/23 14:54,131.5288785,47.0957885,5218003.71,464232.5019,0,0,FALSE,0,0,300
12186,2022/10/23 14:54,131.5288793,47.09578667,5218003.506,464232.5614,0,0,FALSE,0,0,300
12187,2022/10/23 14:54,131.5288817,47.09578717,5218003.561,464232.744,0,92.7,FALSE,5.3,0,300
12188,2022/10/23 14:54,131.528882,47.095788,5218003.653,464232.7673,0,0,FALSE,5.3,0,300
12189,2022/10/23 14:54,131.528882,47.09578867,5218003.728,464232.7678,0,0,FALSE,5.3,0,300
12190,2022/10/23 14:54,131.5288825,47.09578783,5218003.634,464232.8052,0,0,FALSE,5.3,0,300
12191,2022/10/23 14:54,131.5288832,47.09578733,5218003.578,464232.858,0,0,FALSE,5.3,0,300
12192,2022/10/23 14:54,131.5288838,47.0957865,5218003.486,464232.903,0,0,FALSE,5.3,0,300
12193,2022/10/23 14:55,131.5288852,47.09578667,5218003.504,464233.0094,0,0,FALSE,5.3,0,300
12194,2022/10/23 14:55,131.5288862,47.09578733,5218003.577,464233.0857,0,0,FALSE,5.3,0,300
12195,2022/10/23 14:55,131.5288875,47.09578767,5218003.614,464233.1847,0,0,FALSE,5.3,0,300
12196,2022/10/23 14:55,131.528889,47.09578817,5218003.669,464233.2989,0,0,FALSE,5.3,0,300
12197,2022/10/23 14:55,131.5288897,47.09578833,5218003.686,464233.3521,0,0,FALSE,5.3,0,300
12198,2022/10/23 14:55,131.5288985,47.09576733,5218001.348,464234.0062,5.42636,171.7,TRUE,5.3,396,300
12199,2022/10/23 14:55,131.5289362,47.095715,5217995.513,464236.8333,4.83372,168.7,TRUE,5.3,400,300
12200,2022/10/23 14:55,131.5289768,47.09567467,5217991.011,464239.8886,6.98204,162,TRUE,5.3,373,300
12201,2022/10/23 14:55,131.5290158,47.0956255,5217985.526,464242.8166,6.5746,166.4,TRUE,5.3,380,300
12202,2022/10/23 14:55,131.5290575,47.09555733,5217977.929,464245.9368,6.35236,170.1,TRUE,5.3,392,300
12203,2022/10/23 14:55,131.529095,47.095491,5217970.538,464248.7395,7.18576,158.7,TRUE,5.3,372,300
12204,2022/10/23 14:55,131.529136,47.09542767,5217963.478,464251.8098,5.87084,160,TRUE,5.3,368,300
12205,2022/10/23 14:55,131.529177,47.09537833,5217957.974,464254.8895,5.81528,165,TRUE,5.3,395,300
12206,2022/10/23 14:55,131.5291975,47.09532967,5217952.555,464256.4133,7.42652,158.1,TRUE,5.3,358,300
12207,2022/10/23 14:55,131.5292425,47.09527383,5217946.327,464259.7924,6.40792,161,TRUE,5.3,374,300
12208,2022/10/23 14:56,131.529287,47.09521783,5217940.081,464263.1334,6.72276,158.5,TRUE,5.3,400,300
12209,2022/10/23 14:56,131.5293213,47.09516117,5217933.766,464265.6995,6.22272,161.4,TRUE,5.3,370,300
12210,2022/10/23 14:56,131.52935,47.09510883,5217927.934,464267.8435,4.85224,158.9,TRUE,5.3,375,300
12211,2022/10/23 14:56,131.5293763,47.0950585,5217922.327,464269.8065,5.50044,164.1,TRUE,5.3,396,300
12212,2022/10/23 14:56,131.5294093,47.09500533,5217916.401,464272.2763,6.3894,157.1,TRUE,5.3,375,300
12213,2022/10/23 14:56,131.529444,47.09494817,5217910.03,464274.8726,5.556,161.9,TRUE,5.3,363,300
12214,2022/10/23 14:56,131.5294707,47.09489417,5217904.015,464276.8635,5.556,157.3,TRUE,5.3,376,300
12215,2022/10/23 14:56,131.529496,47.09483933,5217897.907,464278.7477,5.68564,153.7,TRUE,5.3,394,300
12216,2022/10/23 14:56,131.5295237,47.0947905,5217892.465,464280.818,5.57452,161,TRUE,5.3,377,300
12217,2022/10/23 14:56,131.529549,47.09473383,5217886.154,464282.7009,5.16708,160.3,TRUE,5.3,396,300
12218,2022/10/23 14:56,131.5295795,47.09468817,5217881.064,464284.986,4.98188,160.6,TRUE,5.3,400,300
12219,2022/10/23 14:56,131.529617,47.09464267,5217875.988,464287.8026,4.59296,158.6,TRUE,5.3,400,300
12220,2022/10/23 14:56,131.5296328,47.09459617,5217870.811,464288.9711,6.05604,161.3,TRUE,5.3,398,300
12221,2022/10/23 14:56,131.5296595,47.0945445,5217865.055,464290.9637,5.1856,164.1,TRUE,5.3,369,300
12222,2022/10/23 14:56,131.5296875,47.09448867,5217858.835,464293.0522,5.66712,165.3,TRUE,5.3,357,300
12223,2022/10/23 14:57,131.529731,47.09443467,5217852.812,464296.3187,6.18568,159.9,TRUE,5.3,374,300
12224,2022/10/23 14:57,131.529774,47.0943785,5217846.548,464299.5458,6.44496,158.7,TRUE,5.3,368,300
12225,2022/10/23 14:57,131.529806,47.09432183,5217840.233,464301.9374,6.18568,161.6,TRUE,5.3,397,300
12226,2022/10/23 14:57,131.5298335,47.09426133,5217833.495,464303.9848,6.46348,164.7,TRUE,5.3,366,300
12227,2022/10/23 14:57,131.5298612,47.0942045,5217827.164,464306.0499,5.94492,157,TRUE,5.3,374,300
12228,2022/10/23 14:57,131.5299003,47.094132,5217819.086,464308.97,6.51904,159.2,TRUE,5.3,389,300
12229,2022/10/23 14:57,131.5299252,47.094074,5217812.627,464310.8217,6.51904,162.5,TRUE,5.3,397,300
12230,2022/10/23 14:57,131.5299637,47.09401167,5217805.68,464313.7031,6.51904,159.2,TRUE,5.3,369,300
12231,2022/10/23 14:57,131.5300023,47.09394883,5217798.676,464316.5917,6.87092,165,TRUE,5.3,370,300
12232,2022/10/23 14:57,131.5300407,47.093888,5217791.896,464319.4665,6.25976,161.8,TRUE,5.3,375,300
12233,2022/10/23 14:57,131.5300713,47.0938345,5217785.935,464321.754,5.77824,160.6,TRUE,5.3,365,300
12234,2022/10/23 14:57,131.5300942,47.09377867,5217779.717,464323.4553,5.22264,165.6,TRUE,5.3,377,300
12235,2022/10/23 14:57,131.5301147,47.09372783,5217774.056,464324.9778,5.51896,163.1,TRUE,5.3,367,300
12236,2022/10/23 14:57,131.5301415,47.09367283,5217767.929,464326.9758,5.7412,158.3,TRUE,5.3,371,300
12237,2022/10/23 14:57,131.5301845,47.093618,5217761.814,464330.2038,6.31532,161.6,TRUE,5.3,400,300
12238,2022/10/23 14:58,131.5302147,47.093557,5217755.019,464332.456,6.2968,165.3,TRUE,5.3,400,300
12239,2022/10/23 14:58,131.5302418,47.09351083,5217749.874,464334.4827,5.0004,162.3,TRUE,5.3,379,300
12240,2022/10/23 14:58,131.5302742,47.093456,5217743.763,464336.906,6.03752,163.2,TRUE,5.3,365,300
12241,2022/10/23 14:58,131.5303158,47.09340133,5217737.667,464340.0279,5.44488,158.5,TRUE,5.3,374,300
12242,2022/10/23 14:58,131.5303378,47.09334617,5217731.524,464341.6614,5.66712,165.1,TRUE,5.3,264,300
12243,2022/10/23 14:58,131.5303573,47.09330067,5217726.457,464343.1115,3.62992,164.8,TRUE,5.3,358,300
12244,2022/10/23 14:58,131.5303637,47.0932585,5217721.766,464343.5693,5.14856,162.4,TRUE,5.3,304,300
12245,2022/10/23 14:58,131.530394,47.09320117,5217715.379,464345.8315,6.77832,162,TRUE,5.3,400,300
12246,2022/10/23 14:58,131.5304367,47.09314017,5217708.578,464349.0327,6.6672,163.1,TRUE,5.3,374,300
12247,2022/10/23 14:58,131.530467,47.0930835,5217702.264,464351.2954,6.81536,158.1,TRUE,5.3,376,300
12248,2022/10/23 14:58,131.5305018,47.09302267,5217695.485,464353.8969,6.53756,163.7,TRUE,5.3,395,300
12249,2022/10/23 14:58,131.5305347,47.09296,5217688.503,464356.353,6.70424,159.2,TRUE,5.3,351,300
12250,2022/10/23 14:58,131.5305647,47.09289533,5217681.3,464358.5876,6.44496,163.1,TRUE,5.3,364,300
12251,2022/10/23 14:58,131.5305937,47.09283667,5217674.765,464360.7502,6.61164,159.6,TRUE,5.3,392,300
12252,2022/10/23 14:58,131.5306383,47.0927795,5217668.389,464364.0983,5.51896,159.2,TRUE,5.3,400,300
12253,2022/10/23 14:59,131.5306743,47.092711,5217660.758,464366.7859,5.98196,164.3,TRUE,5.3,371,300
12254,2022/10/23 14:59,131.5306907,47.09266,5217655.08,464367.997,5.85232,163.2,TRUE,5.3,362,300
12255,2022/10/23 14:59,131.5307222,47.092601,5217648.507,464370.3493,6.2968,160.5,TRUE,5.3,397,300
12256,2022/10/23 14:59,131.5307615,47.09254267,5217642.004,464373.2942,6.07456,164.8,TRUE,5.3,373,300
12257,2022/10/23 14:59,131.530793,47.092481,5217635.134,464375.6447,6.44496,158.6,TRUE,5.3,360,300
12258,2022/10/23 14:59,131.5308222,47.09242117,5217628.469,464377.8218,6.87092,157.9,TRUE,5.3,376,300
12259,2022/10/23 14:59,131.5308588,47.09235433,5217621.022,464380.5561,7.408,160.3,TRUE,5.3,400,300
12260,2022/10/23 14:59,131.5308917,47.09228183,5217612.947,464383.0056,7.463561,161.1,TRUE,5.3,400,300
12261,2022/10/23 14:59,131.5309272,47.09222133,5217606.205,464385.6606,7.18576,164.7,TRUE,5.3,400,300
12262,2022/10/23 14:59,131.530966,47.09215283,5217598.572,464388.5609,7.29688,164,TRUE,5.3,400,300
12263,2022/10/23 14:59,131.5309978,47.09208133,5217590.608,464390.9276,7.53764,165.4,TRUE,0,375,300
12264,2022/10/23 14:59,131.5310237,47.09201183,5217582.87,464392.8478,6.31532,166.4,TRUE,0,371,300
12265,2022/10/23 14:59,131.5310553,47.09194717,5217575.667,464395.2039,6.6672,159.9,TRUE,5.3,358,300
12266,2022/10/23 14:59,131.5310827,47.09187983,5217568.168,464397.2394,7.38948,159.1,TRUE,5.3,371,300
12267,2022/10/23 14:59,131.5311337,47.09181217,5217560.623,464401.0665,7.35244,157.3,TRUE,5.3,369,300
12268,2022/10/23 15:00,131.5311692,47.09174533,5217553.176,464403.7173,7.33392,158.2,TRUE,5.3,367,300
12269,2022/10/23 15:00,131.5312105,47.091677,5217545.561,464406.8075,7.20428,160.6,TRUE,5.3,356,300
12270,2022/10/23 15:00,131.5312488,47.09160883,5217537.965,464409.67,6.90796,157.7,TRUE,5.3,356,300
12271,2022/10/23 15:00,131.5312785,47.09154183,5217530.503,464411.8804,7.35244,160,TRUE,5.3,375,300
12272,2022/10/23 15:00,131.5313068,47.09146683,5217522.152,464413.9791,7.16724,163.2,TRUE,5.3,375,300
12273,2022/10/23 15:00,131.5313467,47.09140217,5217514.946,464416.9655,6.44496,161.3,TRUE,5.3,361,300
12274,2022/10/23 15:00,131.5313942,47.09134,5217508.013,464420.5306,6.98204,161.2,TRUE,5.3,353,300
12275,2022/10/23 15:00,131.5314288,47.09127717,5217501.012,464423.1158,6.64868,163.2,TRUE,5.3,364,300
12276,2022/10/23 15:00,131.5314748,47.09121417,5217493.987,464426.5664,7.53764,155.9,TRUE,5.3,396,300
12277,2022/10/23 15:00,131.5314988,47.09114583,5217486.379,464428.3432,6.98204,157.7,TRUE,5.3,377,300
12278,2022/10/23 15:00,131.5315398,47.09108,5217479.042,464431.4123,5.90788,161,TRUE,5.3,383,300
12279,2022/10/23 15:00,131.5315723,47.09101333,5217471.615,464433.8356,7.20428,160.8,TRUE,5.3,400,300
12280,2022/10/23 15:00,131.5316095,47.09094667,5217464.187,464436.6157,6.88944,161.3,TRUE,5.3,375,300
12281,2022/10/23 15:00,131.5316298,47.09087717,5217456.452,464438.1107,7.1302,158.2,TRUE,5.3,376,300
12282,2022/10/23 15:00,131.5316623,47.0908085,5217448.803,464440.5326,7.1302,162.8,TRUE,5.3,371,300
12283,2022/10/23 15:01,131.5317008,47.09074767,5217442.022,464443.4153,5.48192,163.5,TRUE,5.3,369,300
12284,2022/10/23 15:01,131.5317393,47.09069583,5217436.242,464446.304,5.05596,161.7,TRUE,5.3,367,300
12285,2022/10/23 15:01,131.5317618,47.09064983,5217431.118,464447.9817,4.66704,166.8,TRUE,5.3,393,300
12286,2022/10/23 15:01,131.5317935,47.09059433,5217424.933,464450.3517,6.945,157,TRUE,5.3,393,300
12287,2022/10/23 15:01,131.5318357,47.090523,5217416.984,464453.5084,7.74136,162.4,TRUE,5.3,394,300
12288,2022/10/23 15:01,131.5318743,47.09045583,5217409.499,464456.3945,7.05612,157.2,TRUE,5.3,373,300
12289,2022/10/23 15:01,131.5319077,47.090385,5217401.61,464458.8833,7.01908,158.7,TRUE,5.3,377,300
12290,2022/10/23 15:01,131.5319387,47.09031617,5217393.943,464461.1913,7.33392,165.3,TRUE,5.3,369,300
12291,2022/10/23 15:01,131.5319828,47.09024683,5217386.215,464464.4936,7.01908,163.2,TRUE,5.3,368,300
12292,2022/10/23 15:01,131.5320252,47.09017517,5217378.229,464467.6653,7.778399,162.8,TRUE,5.3,400,300
12293,2022/10/23 15:01,131.5320627,47.090108,5217370.744,464470.4679,6.59312,160.4,TRUE,5.3,377,300
12294,2022/10/23 15:01,131.5320937,47.09004167,5217363.356,464472.7775,7.72284,158.5,TRUE,5.3,369,300
12295,2022/10/23 15:01,131.5321312,47.0899745,5217355.872,464475.5802,6.63016,161.4,TRUE,5.3,369,300
12296,2022/10/23 15:01,131.5321677,47.0899075,5217348.407,464478.307,7.05612,161.2,TRUE,5.3,398,300
12297,2022/10/23 15:01,131.5322063,47.0898385,5217340.718,464481.192,7.81544,163.7,TRUE,5.3,357,300
12298,2022/10/23 15:02,131.532236,47.08976967,5217333.053,464483.4013,7.408,158.8,TRUE,5.3,394,300
12299,2022/10/23 15:02,131.5322758,47.08970467,5217325.808,464486.38,7.27836,161.6,TRUE,5.3,400,300
12300,2022/10/23 15:02,131.5323073,47.089637,5217318.271,464488.7268,6.25976,163.8,TRUE,5.3,363,300
12301,2022/10/23 15:02,131.5323388,47.08957583,5217311.456,464491.0779,6.1116,155.4,TRUE,5.3,367,300
12302,2022/10/23 15:02,131.5323807,47.08950917,5217304.027,464494.215,7.55616,160.9,TRUE,5.3,364,300
12303,2022/10/23 15:02,131.5324138,47.08943767,5217296.063,464496.6807,7.53764,164.8,TRUE,5.3,395,300
12304,2022/10/23 15:02,131.5324507,47.08937283,5217288.838,464499.4394,6.72276,164.1,TRUE,5.3,361,300
12305,2022/10/23 15:02,131.5324917,47.08930833,5217281.648,464502.5096,6.90796,161.6,TRUE,5.3,396,300
12306,2022/10/23 15:02,131.5325195,47.0892415,5217274.206,464504.5761,6.31532,159.9,TRUE,5.3,370,300
12307,2022/10/23 15:02,131.5325653,47.08917317,5217266.589,464508.0082,7.3154,158.5,TRUE,5.3,397,300
12308,2022/10/23 15:02,131.5326062,47.08910583,5217259.084,464511.069,6.482,160.2,TRUE,5.3,400,300
12309,2022/10/23 15:02,131.5326435,47.0890365,5217251.36,464513.8551,8.25992,163.6,TRUE,5.3,372,300
12310,2022/10/23 15:02,131.5326768,47.08896483,5217243.377,464516.3359,7.55616,160.6,TRUE,5.3,351,300
12311,2022/10/23 15:02,131.5327157,47.08889567,5217235.67,464519.2437,7.3154,163.3,TRUE,5.3,369,300
12312,2022/10/23 15:02,131.5327547,47.08882717,5217228.037,464522.1594,7.09316,163.4,TRUE,5.3,383,300
12313,2022/10/23 15:03,131.5327958,47.08875483,5217219.977,464525.2321,6.70424,158.7,TRUE,5.3,362,300
12314,2022/10/23 15:03,131.5328173,47.08868483,5217212.185,464526.8181,7.57468,161.7,TRUE,5.3,396,300
12315,2022/10/23 15:03,131.5328538,47.08861167,5217204.035,464529.541,7.79692,160.9,TRUE,5.3,400,300
12316,2022/10/23 15:03,131.53289,47.088541,5217196.162,464532.2428,7.3154,162.9,TRUE,5.3,361,300
12317,2022/10/23 15:03,131.5329283,47.08846783,5217188.01,464535.1023,6.83388,157.7,TRUE,5.3,370,300
12318,2022/10/23 15:03,131.5329707,47.08839633,5217180.042,464538.2743,7.778399,163.5,TRUE,5.3,383,300
12319,2022/10/23 15:03,131.5330118,47.08833217,5217172.891,464541.3525,6.6672,162.8,TRUE,5.3,395,300
12320,2022/10/23 15:03,131.533043,47.08826167,5217165.039,464543.6747,7.57468,160.9,TRUE,5.3,376,300
12321,2022/10/23 15:03,131.5330793,47.08819267,5217157.351,464546.3852,7.14872,159.4,TRUE,5.3,375,300
12322,2022/10/23 15:03,131.5331143,47.0881315,5217150.535,464549.0022,5.33376,159.9,TRUE,5.3,399,300
12323,2022/10/23 15:03,131.5331442,47.0880735,5217144.074,464551.234,5.85232,160.8,TRUE,5.3,362,300
12324,2022/10/23 15:03,131.5331653,47.08801767,5217137.857,464552.7991,5.98196,158.5,TRUE,5.3,368,300
12325,2022/10/23 15:03,131.5331972,47.08796567,5217132.062,464555.1868,5.20412,163.7,TRUE,5.3,358,300
12326,2022/10/23 15:03,131.533224,47.08790683,5217125.508,464557.1827,5.13004,162,TRUE,5.3,400,300
12327,2022/10/23 15:03,131.5332627,47.0878585,5217120.118,464560.0892,5.72268,167.7,TRUE,5.3,380,300
12328,2022/10/23 15:04,131.5332887,47.08780433,5217114.084,464562.0275,6.35236,163.9,TRUE,5.3,383,300
12329,2022/10/23 15:04,131.5333217,47.08774433,5217107.399,464564.4934,6.07456,160.8,TRUE,5.3,367,300
12330,2022/10/23 15:04,131.5333472,47.08768567,5217100.866,464566.3908,6.05604,161.2,TRUE,5.3,372,300
12331,2022/10/23 15:04,131.5333787,47.08762183,5217093.754,464568.7403,6.31532,164.3,TRUE,5.3,363,300
12332,2022/10/23 15:04,131.5334112,47.08756667,5217087.607,464571.1715,6.70424,156.7,TRUE,5.3,354,300
12333,2022/10/23 15:04,131.5334488,47.08750633,5217080.882,464573.9865,6.18568,162.7,TRUE,5.3,393,300
12334,2022/10/23 15:04,131.533476,47.0874445,5217073.996,464576.0108,6.98204,164.7,TRUE,5.3,360,300
12335,2022/10/23 15:04,131.5335117,47.0873845,5217067.31,464578.6818,4.98188,173.1,TRUE,5.3,400,300
12336,2022/10/23 15:04,131.5335407,47.0873215,5217060.293,464580.8421,3.0558,159.4,TRUE,5.3,400,300
12337,2022/10/23 15:04,131.5335395,47.08731367,5217059.423,464580.7458,3.66696,319.9,TRUE,5.3,351,300
12338,2022/10/23 15:04,131.5334912,47.08735033,5217063.52,464577.1026,3.241,313.7,FALSE,5.3,0,300
12339,2022/10/23 15:04,131.5334085,47.087351,5217063.632,464570.8234,3.87068,245.1,FALSE,5.3,0,300
12340,2022/10/23 15:04,131.5334225,47.0873505,5217063.57,464571.8862,4.38924,48.1,FALSE,5.3,0,300
12341,2022/10/23 15:04,131.5335052,47.08737317,5217066.053,464578.1807,3.8892,48.8,FALSE,5.3,0,300
12342,2022/10/23 15:04,131.5335818,47.08741733,5217070.928,464584.0264,5.51896,37.3,FALSE,5.3,0,300
12343,2022/10/23 15:05,131.5336318,47.087457,5217075.315,464587.8493,5.07448,29.9,FALSE,5.3,0,300
12344,2022/10/23 15:05,131.5336725,47.08750867,5217081.041,464590.9739,5.48192,5.5,FALSE,5.3,0,300
12345,2022/10/23 15:05,131.533693,47.08755833,5217086.553,464592.5634,4.94484,336.3,FALSE,5.3,0,300
12346,2022/10/23 15:05,131.533673,47.08760633,5217091.898,464591.0766,3.27804,341.7,TRUE,5.3,400,300
12347,2022/10/23 15:05,131.5336343,47.0876625,5217098.16,464588.1753,4.70408,339.3,TRUE,5.3,398,300
12348,2022/10/23 15:05,131.533613,47.08772533,5217105.154,464586.5996,5.05596,344.2,TRUE,5.3,395,300
12349,2022/10/23 15:05,131.5335897,47.08778033,5217111.28,464584.8668,6.3894,346.9,TRUE,5.3,396,300
12350,2022/10/23 15:05,131.5335553,47.08784617,5217118.615,464582.2985,6.79684,349.6,TRUE,5.3,400,300
12351,2022/10/23 15:05,131.5335293,47.08789883,5217124.481,464580.3592,5.90788,342.6,TRUE,5.3,395,300
12352,2022/10/23 15:05,131.5334867,47.08795967,5217131.264,464577.1648,6.63016,347.2,TRUE,5.3,400,300
12353,2022/10/23 15:05,131.53343,47.088024,5217138.441,464572.9022,7.09316,344.5,TRUE,5.3,372,300
12354,2022/10/23 15:05,131.5334077,47.08808833,5217145.603,464571.2516,6.63016,349.8,TRUE,5.3,400,300
12355,2022/10/23 15:05,131.5333765,47.08814867,5217152.325,464568.9226,4.77816,347.7,TRUE,5.3,364,300
12356,2022/10/23 15:05,131.533345,47.0882175,5217159.992,464566.5764,7.25984,342,TRUE,5.3,360,300
12357,2022/10/23 15:05,131.5332953,47.08830333,5217169.556,464562.8596,7.33392,342.9,TRUE,5.3,371,300
12358,2022/10/23 15:06,131.5332552,47.08836383,5217176.3,464559.8549,6.24124,347.3,TRUE,5.3,400,300
12359,2022/10/23 15:06,131.5332152,47.08842683,5217183.322,464556.8595,5.98196,344.3,TRUE,5.3,383,300
12360,2022/10/23 15:06,131.5331785,47.08848017,5217189.269,464554.1082,6.1116,348.5,TRUE,5.3,395,300
12361,2022/10/23 15:06,131.5331362,47.08854533,5217196.532,464550.9396,7.0376,348.3,TRUE,5.3,376,300
12362,2022/10/23 15:06,131.5330975,47.0886285,5217205.795,464548.0563,7.5006,341.7,TRUE,5.3,400,300
12363,2022/10/23 15:06,131.5330602,47.08870967,5217214.836,464545.278,7.11168,344.9,TRUE,5.3,375,300
12364,2022/10/23 15:06,131.5330307,47.08876267,5217220.742,464543.0732,6.13012,347.3,TRUE,5.3,400,300
12365,2022/10/23 15:06,131.5329892,47.08881583,5217226.67,464539.9574,6.46348,344.2,TRUE,5.3,382,300
12366,2022/10/23 15:06,131.5329513,47.0888795,5217233.766,464537.122,6.019,336.7,TRUE,5.3,394,300
12367,2022/10/23 15:06,131.5329332,47.088941,5217240.611,464535.7885,6.24124,347.3,TRUE,5.3,396,300
12368,2022/10/23 15:06,131.532895,47.08901217,5217248.541,464532.9352,6.35236,344.4,TRUE,5.3,396,300
12369,2022/10/23 15:06,131.5328583,47.08907383,5217255.412,464530.1895,6.00048,350.4,TRUE,5.3,400,300
12370,2022/10/23 15:06,131.5328223,47.08913683,5217262.432,464527.4979,6.35236,338.5,TRUE,5.3,400,300
12371,2022/10/23 15:06,131.5328045,47.08920083,5217269.556,464526.1888,6.68572,343.2,TRUE,5.3,400,300
12372,2022/10/23 15:06,131.5327837,47.08926617,5217276.829,464524.6529,5.48192,343.6,TRUE,5.3,400,300
12373,2022/10/23 15:07,131.5327453,47.08933533,5217284.535,464521.7831,6.98204,348.3,TRUE,5.3,399,300
12374,2022/10/23 15:07,131.532714,47.08939517,5217291.202,464519.4463,6.27828,349.7,TRUE,5.3,400,300
12375,2022/10/23 15:07,131.5326732,47.0894515,5217297.483,464516.3858,5.87084,346.1,TRUE,5.3,397,300
12376,2022/10/23 15:07,131.5326402,47.08951567,5217304.632,464513.9228,6.35236,344.3,TRUE,5.3,400,300
12377,2022/10/23 15:07,131.5325933,47.0895785,5217311.638,464510.4035,6.6672,348.9,TRUE,5.3,400,300
12378,2022/10/23 15:07,131.53256,47.0896435,5217318.879,464507.9182,6.05604,346.3,TRUE,5.3,377,300
12379,2022/10/23 15:07,131.53254,47.089704,5217325.614,464506.4399,5.51896,347.9,TRUE,5.3,395,300
12380,2022/10/23 15:07,131.5325102,47.08975583,5217331.39,464504.2116,6.40792,346.6,TRUE,5.3,393,300
12381,2022/10/23 15:07,131.532469,47.08980817,5217337.227,464501.1181,7.1302,348.4,TRUE,5.3,389,300
12382,2022/10/23 15:07,131.5324337,47.08986917,5217344.025,464498.4784,7.37096,346.1,TRUE,5.3,377,300
12383,2022/10/23 15:07,131.5323792,47.08993567,5217351.442,464494.3845,6.96352,348.7,TRUE,5.3,373,300
12384,2022/10/23 15:07,131.5323597,47.09000517,5217359.178,464492.9501,6.2968,344.5,TRUE,5.3,366,300
12385,2022/10/23 15:07,131.5323233,47.0900675,5217366.124,464490.2278,7.20428,343.2,TRUE,5.3,394,300
12386,2022/10/23 15:07,131.532302,47.09012967,5217373.045,464488.6518,6.87092,345.4,TRUE,5.3,357,300
12387,2022/10/23 15:07,131.5322607,47.09019683,5217380.53,464485.5606,6.90796,343.3,TRUE,5.3,400,300
12388,2022/10/23 15:08,131.53222,47.09026417,5217388.035,464482.5152,6.7598,343.3,TRUE,5.3,391,300
12389,2022/10/23 15:08,131.5321718,47.0903395,5217396.431,464478.9055,6.90796,340.6,TRUE,5.3,378,300
12390,2022/10/23 15:08,131.532126,47.090406,5217403.845,464475.4723,7.0376,348.7,TRUE,5.3,397,300
12391,2022/10/23 15:08,131.5320877,47.09047517,5217411.552,464472.6102,7.704319,345,TRUE,5.3,372,300
12392,2022/10/23 15:08,131.5320498,47.090551,5217420,464469.783,6.64868,349.1,TRUE,5.3,376,300
12393,2022/10/23 15:08,131.5320212,47.09061683,5217427.331,464467.6553,6.59312,344.3,TRUE,5.3,360,300
12394,2022/10/23 15:08,131.5319788,47.09068633,5217435.077,464464.4822,7.16724,346,TRUE,5.3,393,300
12395,2022/10/23 15:08,131.5319382,47.09075817,5217443.082,464461.4474,6.51904,348.6,TRUE,5.3,372,300
12396,2022/10/23 15:08,131.5319042,47.09082633,5217450.675,464458.9112,7.75988,346.7,TRUE,5.3,400,300
12397,2022/10/23 15:08,131.531877,47.09090817,5217459.786,464456.9004,6.81536,347.2,TRUE,5.3,370,300
12398,2022/10/23 15:08,131.5318415,47.09098,5217467.787,464454.2528,6.2968,347.3,TRUE,5.3,393,300
12399,2022/10/23 15:08,131.53181,47.09103833,5217474.286,464451.8999,4.57444,348.3,TRUE,5.3,399,300
12400,2022/10/23 15:08,131.5317925,47.091072,5217478.037,464450.5936,4.2596,345.1,TRUE,5.3,376,300
12401,2022/10/23 15:08,131.53177,47.09112033,5217483.42,464448.9174,4.61148,342.2,TRUE,5.3,376,300
12402,2022/10/23 15:08,131.5317455,47.09117767,5217489.806,464447.0954,6.00048,348.4,TRUE,5.3,384,300
12403,2022/10/23 15:09,131.5317162,47.09123917,5217496.657,464444.9117,6.18568,350.5,TRUE,5.3,369,300
12404,2022/10/23 15:09,131.5316738,47.091296,5217502.994,464441.7302,6.63016,349.4,TRUE,5.3,363,300
12405,2022/10/23 15:09,131.5316287,47.0913635,5217510.518,464438.3509,6.2968,348,TRUE,5.3,396,300
12406,2022/10/23 15:09,131.5315942,47.09143383,5217518.353,464435.7783,6.42644,339.7,TRUE,5.3,400,300
12407,2022/10/23 15:09,131.5315638,47.09149717,5217525.408,464433.5123,7.25984,342.5,TRUE,5.3,360,300
12408,2022/10/23 15:09,131.531539,47.09155733,5217532.108,464431.6694,6.98204,344.4,TRUE,5.3,400,300
12409,2022/10/23 15:09,131.5314923,47.09162667,5217539.838,464428.1698,6.63016,342.5,TRUE,5.3,387,300
12410,2022/10/23 15:09,131.5314568,47.09170217,5217548.247,464425.5247,6.87092,349.3,TRUE,5.3,370,300
12411,2022/10/23 15:09,131.5314175,47.091779,5217556.807,464422.592,7.3154,344.4,TRUE,5.3,398,300
12412,2022/10/23 15:09,131.5313797,47.0918455,5217564.217,464419.7663,7.25984,346.9,TRUE,5.3,370,300
12413,2022/10/23 15:09,131.5313398,47.09191417,5217571.869,464416.7826,6.019,340.4,TRUE,5.3,400,300
12414,2022/10/23 15:09,131.531318,47.091977,5217578.864,464415.1693,6.72276,340.3,TRUE,5.3,382,300
12415,2022/10/23 15:09,131.5312705,47.09205017,5217587.02,464411.6116,6.90796,341.5,TRUE,5.3,394,300
12416,2022/10/23 15:09,131.5312372,47.09211833,5217594.613,464409.1287,6.25976,346.3,TRUE,5.3,398,300
12417,2022/10/23 15:09,131.5312062,47.09217517,5217600.946,464406.8129,4.70408,341.7,TRUE,5.3,395,300
12418,2022/10/23 15:10,131.5311823,47.09221867,5217605.793,464405.0273,4.63,342.1,TRUE,5.3,400,300
12419,2022/10/23 15:10,131.5311497,47.09227383,5217611.94,464402.5889,5.3708,348.6,TRUE,5.3,389,300
12420,2022/10/23 15:10,131.531127,47.09232617,5217617.769,464400.9003,5.6486,345,TRUE,5.3,400,300
12421,2022/10/23 15:10,131.531104,47.09238117,5217623.894,464399.1907,6.00048,349.9,TRUE,5.3,400,300
12422,2022/10/23 15:10,131.5310713,47.092444,5217630.894,464396.7498,5.22264,344.8,TRUE,5.3,398,300
12423,2022/10/23 15:10,131.5310453,47.09250333,5217637.501,464394.8153,5.22264,350.1,TRUE,5.3,370,300
12424,2022/10/23 15:10,131.5310157,47.0925655,5217644.427,464392.6094,5.7412,345.7,TRUE,5.3,366,300
12425,2022/10/23 15:10,131.530981,47.09262917,5217651.521,464390.0173,5.40784,341.5,TRUE,5.3,385,300
12426,2022/10/23 15:10,131.530946,47.09268533,5217657.78,464387.3973,6.1116,350.9,TRUE,5.3,368,300
12427,2022/10/23 15:10,131.5309255,47.09272983,5217662.737,464385.8706,4.92632,342.8,TRUE,5.3,376,300
12428,2022/10/23 15:10,131.5308885,47.092785,5217668.887,464383.0982,6.24124,349.2,TRUE,5.3,260,300
12429,2022/10/23 15:10,131.5308473,47.09285267,5217676.429,464380.0152,7.05612,347.5,TRUE,5.3,368,300
12430,2022/10/23 15:10,131.5308105,47.0929205,5217683.986,464377.2664,7.5006,346.9,TRUE,5.3,400,300
12431,2022/10/23 15:10,131.5307805,47.092983,5217690.948,464375.0304,6.74128,346.6,TRUE,5.3,370,300
12432,2022/10/23 15:10,131.5307353,47.09305117,5217698.547,464371.6441,6.90796,346.1,TRUE,5.3,370,300
12433,2022/10/23 15:11,131.5307007,47.09312183,5217706.419,464369.0643,6.8524,344,TRUE,5.3,366,300
12434,2022/10/23 15:11,131.53067,47.0931915,5217714.178,464366.7799,6.2042,348.3,TRUE,5.3,400,300
12435,2022/10/23 15:11,131.5306432,47.09324883,5217720.564,464364.7834,5.81528,341.1,TRUE,5.3,392,300
12436,2022/10/23 15:11,131.5306038,47.09330367,5217726.678,464361.8286,2.88912,1,TRUE,5.3,357,300
12437,2022/10/23 15:11,131.53058,47.09334267,5217731.025,464360.0476,4.9078,346.1,TRUE,5.3,371,300
12438,2022/10/23 15:11,131.5305475,47.09339667,5217737.043,464357.6162,4.59296,351.7,TRUE,5.3,398,300
12439,2022/10/23 15:11,131.5305335,47.09343917,5217741.774,464356.5816,4.79668,341.9,TRUE,5.3,372,300
12440,2022/10/23 15:11,131.5304928,47.09349417,5217747.907,464353.5282,6.13012,344.8,TRUE,5.3,400,300
12441,2022/10/23 15:11,131.530468,47.09355483,5217754.662,464351.6858,4.79668,347.8,TRUE,5.3,379,300
12442,2022/10/23 15:11,131.5304353,47.09360967,5217760.774,464349.2397,5.44488,348.3,TRUE,5.3,371,300
12443,2022/10/23 15:11,131.5304053,47.09366217,5217766.624,464346.9971,5.72268,339.3,TRUE,5.3,400,300
12444,2022/10/23 15:11,131.5303672,47.09372333,5217773.441,464344.1453,6.09308,344,TRUE,5.3,377,300
12445,2022/10/23 15:11,131.530342,47.09378033,5217779.789,464342.27,6.22272,349.8,TRUE,5.3,354,300
12446,2022/10/23 15:11,131.5303207,47.09383883,5217786.302,464340.6919,6.42644,346,TRUE,5.3,375,300
12447,2022/10/23 15:11,131.530278,47.09390483,5217793.659,464337.4941,6.019,343.6,TRUE,5.3,380,300
12448,2022/10/23 15:12,131.5302397,47.09396483,5217800.347,464334.6263,6.13012,340.2,TRUE,5.3,394,300
12449,2022/10/23 15:12,131.5301988,47.09402667,5217807.24,464331.5624,5.72268,347.4,TRUE,5.3,400,300
12450,2022/10/23 15:12,131.5301695,47.09408067,5217813.257,464329.3739,6.00048,346.9,TRUE,5.3,400,300
12451,2022/10/23 15:12,131.5301365,47.09414017,5217819.887,464326.9082,5.77824,346.2,TRUE,5.3,399,300
12452,2022/10/23 15:12,131.5301137,47.09419367,5217825.845,464325.213,5.20412,346.8,TRUE,5.3,366,300
12453,2022/10/23 15:12,131.5300865,47.09425217,5217832.361,464323.1869,5.77824,349,TRUE,5.3,397,300
12454,2022/10/23 15:12,131.5300455,47.09430817,5217838.605,464320.1115,5.66712,345.5,TRUE,5.3,369,300
12455,2022/10/23 15:12,131.5300207,47.09435767,5217844.12,464318.2617,6.1116,343.6,TRUE,5.3,366,300
12456,2022/10/23 15:12,131.5299927,47.094418,5217850.84,464316.1762,6.7598,345,TRUE,5.3,399,300
12457,2022/10/23 15:12,131.5299638,47.09447733,5217857.449,464314.0217,5.98196,342.1,TRUE,5.3,361,300
12458,2022/10/23 15:12,131.5299278,47.09453583,5217863.969,464311.3276,5.70416,339.2,TRUE,5.3,400,300
12459,2022/10/23 15:12,131.5298948,47.09458917,5217869.914,464308.8579,5.25968,343,TRUE,5.3,397,300
12460,2022/10/23 15:12,131.5298778,47.09464583,5217876.22,464307.6051,5.70416,347.1,TRUE,5.3,358,300
12461,2022/10/23 15:12,131.529856,47.09469983,5217882.234,464305.9861,5.05596,338.8,TRUE,5.3,400,300
12462,2022/10/23 15:12,131.5298365,47.09474667,5217887.45,464304.5369,5.79676,341,TRUE,5.3,387,300
12463,2022/10/23 15:13,131.5298018,47.09480867,5217894.358,464301.9439,5.90788,341.6,TRUE,5.3,368,300
12464,2022/10/23 15:13,131.5297705,47.094863,5217900.413,464299.6038,6.03752,351.8,TRUE,5.3,392,300
12465,2022/10/23 15:13,131.5297452,47.094919,5217906.65,464297.7205,5.51896,343.8,TRUE,5.3,400,300
12466,2022/10/23 15:13,131.5297213,47.09497483,5217912.868,464295.9433,5.75972,340.5,TRUE,5.3,400,300
12467,2022/10/23 15:13,131.5296765,47.095026,5217918.577,464292.5762,5.6486,343,TRUE,5.3,395,300
12468,2022/10/23 15:13,131.5296417,47.095086,5217925.263,464289.9743,5.85232,344.3,TRUE,5.3,390,300
12469,2022/10/23 15:13,131.5296215,47.09513367,5217930.572,464288.4725,4.37072,345.2,TRUE,5.3,400,300
12470,2022/10/23 15:13,131.529594,47.09517883,5217935.605,464286.4149,6.44496,346,TRUE,5.3,363,300
12471,2022/10/23 15:13,131.5295615,47.09523183,5217941.512,464283.9829,5.63008,343.3,TRUE,5.3,371,300
12472,2022/10/23 15:13,131.5295293,47.09529017,5217948.012,464281.5773,5.63008,341.8,TRUE,5.3,366,300
12473,2022/10/23 15:13,131.5295035,47.09534367,5217953.972,464279.6543,5.48192,344.3,TRUE,5.3,393,300
12474,2022/10/23 15:13,131.5294802,47.09539,5217959.133,464277.9164,4.77816,347.2,TRUE,5.3,369,300
12475,2022/10/23 15:13,131.5294547,47.09544267,5217965,464276.0156,5.87084,342.3,TRUE,5.3,375,300
12476,2022/10/23 15:13,131.5294125,47.09550383,5217971.819,464272.8527,6.03752,337.9,TRUE,5.3,366,300
12477,2022/10/23 15:13,131.5293653,47.09556667,5217978.826,464269.3113,6.13012,346.6,TRUE,5.3,366,300
12478,2022/10/23 15:14,131.5293382,47.09562217,5217985.009,464267.291,5.53748,342,TRUE,5.3,356,300
12479,2022/10/23 15:14,131.5293175,47.09567667,5217991.077,464265.7559,6.482,338.3,TRUE,5.3,372,300
12480,2022/10/23 15:14,131.529288,47.0957405,5217998.187,464263.559,5.20412,346.7,TRUE,5.3,400,300
12481,2022/10/23 15:14,131.5292643,47.09579017,5218003.72,464261.7929,4.94484,338.9,TRUE,5.3,374,300
12482,2022/10/23 15:14,131.5292368,47.09584567,5218009.902,464259.7422,4.83372,345.9,TRUE,5.3,375,300
12483,2022/10/23 15:14,131.5291988,47.09589667,5218015.589,464256.8914,6.05604,343.9,TRUE,5.3,373,300
12484,2022/10/23 15:14,131.5291685,47.09595867,5218022.496,464254.6326,6.16716,344.6,TRUE,5.3,373,300
12485,2022/10/23 15:14,131.529131,47.096016,5218028.887,464251.8239,5.70416,343.8,TRUE,5.3,359,300
12486,2022/10/23 15:14,131.5291033,47.0960725,5218035.181,464249.7588,4.70408,344.3,TRUE,5.3,400,300
12487,2022/10/23 15:14,131.529088,47.09612133,5218040.616,464248.6299,4.42628,340.3,TRUE,5.3,400,300
12488,2022/10/23 15:14,131.5291027,47.09612817,5218041.37,464249.7505,0,346.6,FALSE,5.3,0,300
12489,2022/10/23 15:14,131.5290978,47.09616317,5218045.263,464249.4019,3.25952,336.6,TRUE,5.3,260,300
12490,2022/10/23 15:14,131.5291197,47.09617483,5218046.549,464251.0723,1.59272,129.3,FALSE,5.3,0,300
12491,2022/10/23 15:14,131.5291385,47.096146,5218043.336,464252.4803,5.22264,166.8,FALSE,5.3,0,300
12492,2022/10/23 15:14,131.5291297,47.09609417,5218037.578,464251.7776,4.98188,228.2,FALSE,5.3,0,300
12493,2022/10/23 15:15,131.529043,47.09605333,5218033.077,464245.168,4.59296,225.6,FALSE,5.3,0,300
12494,2022/10/23 15:15,131.5289935,47.09602417,5218029.858,464241.3905,4.27812,189,FALSE,5.3,0,300
12495,2022/10/23 15:15,131.528986,47.09598983,5218026.043,464240.7981,3.85216,156.6,FALSE,5.3,0,300
12496,2022/10/23 15:15,131.5289932,47.0959735,5218024.225,464241.3338,0,155.4,FALSE,5.3,0,300
12497,2022/10/23 15:15,131.5289715,47.09600767,5218028.033,464239.7092,4.4448,336.6,TRUE,5.3,352,300
12498,2022/10/23 15:15,131.5289317,47.09607133,5218035.129,464236.7302,5.31524,349.8,TRUE,5.3,397,300
12499,2022/10/23 15:15,131.528929,47.09611233,5218039.688,464236.5527,4.8152,358.3,TRUE,5.3,269,300
12500,2022/10/23 15:15,131.528951,47.09613983,5218042.735,464238.2413,4.61148,43.9,FALSE,5.3,0,300
12501,2022/10/23 15:15,131.5290085,47.09614083,5218042.82,464242.6074,5.11152,94.1,FALSE,5.3,0,300
12502,2022/10/23 15:15,131.529009,47.096131,5218041.727,464242.6387,5.2782,289,FALSE,5.3,0,300
12503,2022/10/23 15:15,131.5289313,47.09614317,5218043.116,464236.748,0.463,304.6,FALSE,5.3,0,300
12504,2022/10/23 15:15,131.5289288,47.09612267,5218040.838,464236.5444,0,146.7,FALSE,5.3,0,300
12505,2022/10/23 15:15,131.5289387,47.096094,5218037.646,464237.2768,6.63016,160.6,FALSE,5.3,0,300
12506,2022/10/23 15:15,131.5289537,47.09604217,5218031.877,464238.3809,3.20396,173.1,TRUE,5.3,400,300
12507,2022/10/23 15:15,131.528984,47.09600433,5218027.656,464240.656,4.59296,155.3,TRUE,5.3,368,300
12508,2022/10/23 15:16,131.5290043,47.09595733,5218022.422,464242.1657,4.79668,159.7,TRUE,5.3,376,300
12509,2022/10/23 15:16,131.5290105,47.09591283,5218017.472,464242.6066,6.25976,161.5,TRUE,5.3,361,300
12510,2022/10/23 15:16,131.5290237,47.09586417,5218012.056,464243.5761,6.019,169.1,TRUE,5.3,390,300
12511,2022/10/23 15:16,131.5290585,47.09581517,5218006.593,464246.1853,5.7412,167.1,TRUE,5.3,367,300
12512,2022/10/23 15:16,131.5290942,47.09576833,5218001.369,464248.8643,6.92648,170.7,TRUE,5.3,399,300
12513,2022/10/23 15:16,131.5291302,47.09571917,5217995.888,464251.5645,5.33376,160.9,TRUE,5.3,400,300
12514,2022/10/23 15:16,131.5291732,47.0956715,5217990.568,464254.7972,5.87084,159.4,TRUE,5.3,400,300
12515,2022/10/23 15:16,131.5292022,47.09561283,5217984.033,464256.9596,6.5746,159,TRUE,5.3,372,300
12516,2022/10/23 15:16,131.5292325,47.09554767,5217976.775,464259.2164,5.59304,161.7,TRUE,5.3,392,300
12517,2022/10/23 15:16,131.5292578,47.09548217,5217969.481,464261.0934,5.72268,151.3,TRUE,5.3,396,300
12518,2022/10/23 15:16,131.5292977,47.09542917,5217963.571,464264.0871,5.556,161.1,TRUE,5.3,400,300
12519,2022/10/23 15:16,131.5293305,47.09537067,5217957.053,464266.5382,6.2042,159.8,TRUE,5.3,367,300
12520,2022/10/23 15:16,131.5293665,47.09531233,5217950.55,464269.2323,6.03752,156.7,TRUE,5.3,375,300
12521,2022/10/23 15:16,131.529413,47.09520967,5217939.116,464272.6939,6.37088,158.4,TRUE,5.3,368,300
12522,2022/10/23 15:17,131.529455,47.09515267,5217932.76,464275.8445,6.019,164,TRUE,5.3,366,300
12523,2022/10/23 15:17,131.5294793,47.09509517,5217926.357,464277.6509,5.98196,157,TRUE,5.3,392,300
12524,2022/10/23 15:17,131.529498,47.09503683,5217919.862,464279.0316,6.1116,157.5,TRUE,5.3,370,300
12525,2022/10/23 15:17,131.529522,47.09498633,5217914.237,464280.8199,6.09308,161.1,TRUE,5.3,376,300
12526,2022/10/23 15:17,131.5295607,47.09493567,5217908.587,464283.7242,6.1116,170.4,TRUE,5.3,364,300
12527,2022/10/23 15:17,131.5295878,47.09487833,5217902.2,464285.7433,5.3708,155.5,TRUE,5.3,385,300
12528,2022/10/23 15:17,131.5296207,47.09482033,5217895.737,464288.2023,5.68564,164.3,TRUE,5.3,370,300
12529,2022/10/23 15:17,131.529654,47.09476383,5217889.441,464290.6927,6.03752,164.2,TRUE,5.3,400,300
12530,2022/10/23 15:17,131.5296818,47.094705,5217882.888,464292.764,5.44488,159,TRUE,5.3,394,300
12531,2022/10/23 15:17,131.5297228,47.09465,5217876.755,464295.84,6.3894,155,TRUE,5.3,368,300
12532,2022/10/23 15:17,131.529752,47.09458883,5217869.941,464298.0161,6.51904,164.2,TRUE,5.3,374,300
12533,2022/10/23 15:17,131.5297792,47.09453167,5217863.574,464300.0429,5.14856,154.4,TRUE,5.3,379,300
12534,2022/10/23 15:17,131.5298033,47.09447233,5217856.966,464301.833,6.50052,164.1,TRUE,5.3,371,300
12535,2022/10/23 15:17,131.5298325,47.09441933,5217851.061,464304.0145,5.90788,166.5,TRUE,5.3,372,300
12536,2022/10/23 15:17,131.529862,47.09436767,5217845.304,464306.2196,5.96344,155.9,TRUE,5.3,375,300
12537,2022/10/23 15:18,131.529889,47.09431483,5217839.417,464308.2342,5.22264,159.8,TRUE,5.3,365,300
12538,2022/10/23 15:18,131.5299118,47.09426917,5217834.331,464309.9347,5.70416,160.3,TRUE,5.3,363,300
12539,2022/10/23 15:18,131.5299432,47.094223,5217829.184,464312.2878,4.4448,162.8,TRUE,5.3,393,300
12540,2022/10/23 15:18,131.5299678,47.09417533,5217823.873,464314.1237,5.77824,157.2,TRUE,5.3,400,300
12541,2022/10/23 15:18,131.5300022,47.094121,5217817.817,464316.6991,4.94484,159.2,TRUE,5.3,370,300
12542,2022/10/23 15:18,131.5300188,47.09406783,5217811.898,464317.9239,5.8338,156.2,TRUE,5.3,365,300
12543,2022/10/23 15:18,131.5300472,47.09401483,5217805.993,464320.0447,5.14856,162.3,TRUE,5.3,377,300
12544,2022/10/23 15:18,131.5300782,47.093967,5217800.662,464322.3663,5.093,162.8,TRUE,5.3,362,300
12545,2022/10/23 15:18,131.530113,47.09391033,5217794.346,464324.9706,6.13012,155.8,TRUE,5.3,373,300
12546,2022/10/23 15:18,131.5301385,47.0938585,5217788.572,464326.872,5.68564,162,TRUE,5.3,365,300
12547,2022/10/23 15:18,131.530171,47.09380083,5217782.146,464329.301,6.46348,159.6,TRUE,5.3,400,300
12548,2022/10/23 15:18,131.5302003,47.09374567,5217776,464331.4887,5.9264,152.9,TRUE,5.3,383,300
12549,2022/10/23 15:18,131.530228,47.09369083,5217769.891,464333.5551,5.2782,169.7,TRUE,5.3,371,300
12550,2022/10/23 15:18,131.5302485,47.09364033,5217764.267,464335.0778,4.75964,155.7,TRUE,5.3,372,300
12551,2022/10/23 15:18,131.5302772,47.09359567,5217759.289,464337.227,4.2596,153.3,TRUE,5.3,375,300
12552,2022/10/23 15:19,131.5303092,47.09354933,5217754.123,464339.6256,4.94484,156.3,TRUE,5.3,374,300
12553,2022/10/23 15:19,131.5303258,47.09349733,5217748.335,464340.8512,6.13012,160.7,TRUE,5.3,391,300
12554,2022/10/23 15:19,131.5303555,47.093442,5217742.17,464343.0692,6.25976,159,TRUE,5.3,364,300
12555,2022/10/23 15:19,131.5303832,47.09338117,5217735.395,464345.1316,5.16708,162.7,TRUE,5.3,365,300
12556,2022/10/23 15:19,131.5304063,47.09333083,5217729.788,464346.8519,5.40784,167.7,TRUE,5.3,400,300
12557,2022/10/23 15:19,131.530438,47.093281,5217724.234,464349.2254,5.1856,165.4,TRUE,5.3,375,300
12558,2022/10/23 15:19,131.530458,47.0932395,5217719.611,464350.7162,5.85232,153.1,TRUE,5.3,400,300
12559,2022/10/23 15:19,131.5304857,47.09319033,5217714.132,464352.7864,5.94492,163.2,TRUE,5.3,380,300
12560,2022/10/23 15:19,131.5305248,47.09313017,5217707.426,464355.7149,6.51904,159.3,TRUE,5.3,376,300
12561,2022/10/23 15:19,131.5305635,47.09306967,5217700.682,464358.6128,6.13012,162.4,TRUE,5.3,397,300
12562,2022/10/23 15:19,131.5305942,47.09301283,5217694.349,464360.9057,5.07448,162.9,TRUE,5.3,400,300
12563,2022/10/23 15:19,131.5306257,47.09295517,5217687.925,464363.2588,5.90788,165.6,TRUE,5.3,400,300
12564,2022/10/23 15:19,131.5306655,47.09288383,5217679.976,464366.233,5.59304,154.8,TRUE,5.3,400,300
12565,2022/10/23 15:19,131.530691,47.09282783,5217673.738,464368.1317,5.68564,161.6,TRUE,5.3,394,300
12566,2022/10/23 15:19,131.5307167,47.092767,5217666.964,464370.0424,6.55608,150.6,TRUE,5.3,400,300
12567,2022/10/23 15:20,131.5307463,47.09271633,5217661.317,464372.256,5.94492,159.7,TRUE,5.3,388,300
12568,2022/10/23 15:20,131.530766,47.09266233,5217655.305,464373.7157,6.07456,158.2,TRUE,5.3,395,300
12569,2022/10/23 15:20,131.5308065,47.0926065,5217649.08,464376.7534,6.88944,167.5,TRUE,5.3,383,300
12570,2022/10/23 15:20,131.530832,47.09256017,5217643.918,464378.6585,6.09308,159.3,TRUE,5.3,400,300
12571,2022/10/23 15:20,131.5308655,47.0925025,5217637.491,464381.1635,6.05604,161.1,TRUE,5.3,400,300
12572,2022/10/23 15:20,131.5308947,47.09244383,5217630.955,464383.3414,5.25968,166.2,TRUE,5.3,400,300
12573,2022/10/23 15:20,131.530921,47.092391,5217625.07,464385.303,6.22272,154.3,TRUE,5.3,400,300
12574,2022/10/23 15:20,131.5309598,47.09233367,5217618.679,464388.2107,6.14864,166.3,TRUE,5.3,395,300
12575,2022/10/23 15:20,131.5309893,47.09227383,5217612.013,464390.4106,6.42644,159.5,TRUE,5.3,391,300
12576,2022/10/23 15:20,131.5310155,47.09221117,5217605.035,464392.358,5.556,162.7,TRUE,5.3,372,300
12577,2022/10/23 15:20,131.5310377,47.09215267,5217598.521,464394.0046,5.96344,160.2,TRUE,5.3,395,300
12578,2022/10/23 15:20,131.5310703,47.09209583,5217592.187,464396.4418,5.556,163.7,TRUE,5.3,400,300
12579,2022/10/23 15:20,131.5311038,47.09203533,5217585.446,464398.945,6.68572,160.1,TRUE,5.3,395,300
12580,2022/10/23 15:20,131.5311422,47.09197467,5217578.685,464401.8201,6.09308,163.1,TRUE,5.3,400,300
12581,2022/10/23 15:20,131.5311725,47.09191867,5217572.446,464404.0833,6.37088,163.9,TRUE,5.3,400,300
12582,2022/10/23 15:21,131.5312078,47.0918545,5217565.296,464406.7208,6.46348,163.3,TRUE,5.3,400,300
12583,2022/10/23 15:21,131.5312395,47.09179417,5217558.574,464409.0874,6.77832,158.9,TRUE,5.3,400,300
12584,2022/10/23 15:21,131.5312823,47.09173267,5217551.718,464412.296,6.53756,163.7,TRUE,5.3,400,300
12585,2022/10/23 15:21,131.5313205,47.09166933,5217544.658,464415.1542,6.63016,163.7,TRUE,5.3,397,300
12586,2022/10/23 15:21,131.531346,47.0916095,5217537.995,464417.0505,6.14864,160,TRUE,5.3,400,300
12587,2022/10/23 15:21,131.5313812,47.09155333,5217531.735,464419.6856,6.59312,156.6,TRUE,5.3,397,300
12588,2022/10/23 15:21,131.531408,47.09149283,5217524.997,464421.6802,6.07456,163.1,TRUE,5.3,366,300
12589,2022/10/23 15:21,131.5314448,47.0914355,5217518.607,464424.436,6.05604,161.5,TRUE,5.3,400,300
12590,2022/10/23 15:21,131.531479,47.09137867,5217512.273,464426.9949,5.75972,161.7,TRUE,5.3,377,300
12591,2022/10/23 15:21,131.531503,47.09132183,5217505.943,464428.7793,5.556,166.3,TRUE,5.3,400,300
12592,2022/10/23 15:21,131.531531,47.09126483,5217499.594,464430.8672,6.09308,161.6,TRUE,5.3,399,300
12593,2022/10/23 15:21,131.5315718,47.09121417,5217493.943,464433.9313,6.27828,159.3,TRUE,5.3,395,300
12594,2022/10/23 15:21,131.5316068,47.09115633,5217487.497,464436.5502,6.24124,167.3,TRUE,5.3,399,300
12595,2022/10/23 15:21,131.5316322,47.09109917,5217481.131,464438.4407,5.57452,157,TRUE,5.3,400,300
12596,2022/10/23 15:21,131.5316495,47.09104467,5217475.064,464439.7179,6.05604,160.1,TRUE,5.3,377,300
12597,2022/10/23 15:22,131.5316787,47.09098483,5217468.398,464441.8952,6.00048,160.7,TRUE,5.3,372,300
12598,2022/10/23 15:22,131.5317132,47.09092633,5217461.879,464444.4757,5.25968,164.6,TRUE,5.3,400,300
12599,2022/10/23 15:22,131.5317443,47.09088183,5217456.918,464446.8074,6.68572,161.4,TRUE,5.3,400,300
12600,2022/10/23 15:22,131.5317685,47.09083083,5217451.237,464448.6109,5.13004,160.7,TRUE,5.3,371,300
12601,2022/10/23 15:22,131.5317877,47.09077933,5217445.503,464450.0344,6.07456,163.7,TRUE,5.3,370,300
12602,2022/10/23 15:22,131.5318172,47.09072517,5217439.468,464452.2382,6.05604,158.4,TRUE,5.3,354,300
12603,2022/10/23 15:22,131.5318522,47.09066067,5217432.282,464454.8528,6.90796,160.3,TRUE,5.3,371,300
12604,2022/10/23 15:22,131.5318892,47.09059483,5217424.945,464457.6183,5.94492,162.8,TRUE,5.3,376,300
12605,2022/10/23 15:22,131.5319243,47.09053133,5217417.87,464460.2411,7.05612,158.6,TRUE,5.3,351,300
12606,2022/10/23 15:22,131.531965,47.09046117,5217410.052,464463.2846,6.00048,158.7,TRUE,5.3,355,300
12607,2022/10/23 15:22,131.5320045,47.09039383,5217402.547,464466.239,6.27828,165.2,TRUE,5.3,374,300
12608,2022/10/23 15:22,131.532027,47.09032817,5217395.237,464467.9037,6.90796,163,TRUE,5.3,351,300
12609,2022/10/23 15:22,131.5320655,47.09026133,5217387.789,464470.7824,6.96352,164.6,TRUE,5.3,368,300
12610,2022/10/23 15:22,131.532106,47.0901845,5217379.229,464473.8064,7.64876,158.9,TRUE,5.3,390,300
12611,2022/10/23 15:22,131.5321432,47.09011417,5217371.394,464476.5842,7.33392,165.4,TRUE,5.3,362,300
12612,2022/10/23 15:23,131.5321835,47.090045,5217363.686,464479.5981,7.29688,162.2,TRUE,5.3,364,300
12613,2022/10/23 15:23,131.5322207,47.08997917,5217356.35,464482.3788,6.59312,161.9,TRUE,5.3,372,300
12614,2022/10/23 15:23,131.5322563,47.0899105,5217348.7,464485.0362,7.24132,164.3,TRUE,5.3,369,300
12615,2022/10/23 15:23,131.532298,47.08983817,5217340.64,464488.1544,7.5006,162.8,TRUE,5.3,352,300
12616,2022/10/23 15:23,131.5323428,47.089767,5217332.707,464491.5086,7.24132,160.5,TRUE,5.3,347,300
12617,2022/10/23 15:23,131.532374,47.08969733,5217324.948,464493.8313,6.79684,157.3,TRUE,5.3,374,300
12618,2022/10/23 15:23,131.5324037,47.0896285,5217317.282,464496.0406,6.64868,163.3,TRUE,5.3,362,300
12619,2022/10/23 15:23,131.5324527,47.08956333,5217310.015,464499.7178,6.79684,157,TRUE,5.3,368,300
12620,2022/10/23 15:23,131.5324885,47.0894935,5217302.236,464502.3897,7.11168,158.2,TRUE,5.3,371,300
12621,2022/10/23 15:23,131.5325192,47.089422,5217294.273,464504.6732,7.66728,156.2,TRUE,5.3,393,300
12622,2022/10/23 15:23,131.5325578,47.0893505,5217286.307,464507.5565,7.2228,157.7,TRUE,5.3,393,300
12623,2022/10/23 15:23,131.5325748,47.08927667,5217278.091,464508.7983,7.5006,158.8,TRUE,5.3,358,300
12624,2022/10/23 15:23,131.5326142,47.08920283,5217269.864,464511.7408,7.29688,160.6,TRUE,5.3,373,300
12625,2022/10/23 15:23,131.5326685,47.0891355,5217262.354,464515.8191,6.59312,164.6,TRUE,5.3,372,300
12626,2022/10/23 15:23,131.5327048,47.08907117,5217255.186,464518.5326,7.53764,155.8,TRUE,5.3,371,300
12627,2022/10/23 15:24,131.5327443,47.0890015,5217247.423,464521.4855,7.704319,157.1,TRUE,5.3,371,300
12628,2022/10/23 15:24,131.532775,47.0889255,5217238.96,464523.7661,7.57468,168.5,TRUE,5.3,365,300
12629,2022/10/23 15:24,131.532802,47.0888565,5217231.277,464525.7704,7.51912,158.6,TRUE,5.3,393,300
12630,2022/10/23 15:24,131.532846,47.08878883,5217223.734,464529.0664,7.1302,156.9,TRUE,5.3,360,300
12631,2022/10/23 15:24,131.5328922,47.08871983,5217216.042,464532.5285,7.42652,164,TRUE,5.3,372,300
12632,2022/10/23 15:24,131.5329048,47.088648,5217208.051,464533.4376,6.40792,163.2,TRUE,5.3,394,300
12633,2022/10/23 15:24,131.5329333,47.0885865,5217201.201,464535.5607,6.25976,158.4,TRUE,5.3,375,300
12634,2022/10/23 15:24,131.5329678,47.08852817,5217194.7,464538.1416,5.03744,156.1,TRUE,5.3,400,300
12635,2022/10/23 15:24,131.5329965,47.08847717,5217189.018,464540.287,5.44488,157,TRUE,5.3,400,300
12636,2022/10/23 15:24,131.5330235,47.08842683,5217183.409,464542.3037,5.85232,158.4,TRUE,5.3,366,300
12637,2022/10/23 15:24,131.5330525,47.08837717,5217177.875,464544.4727,5.24116,157.1,TRUE,5.3,363,300
12638,2022/10/23 15:24,131.5330945,47.0883195,5217171.445,464547.6235,5.50044,163.3,TRUE,5.3,397,300
12639,2022/10/23 15:24,131.5331183,47.08826933,5217165.856,464549.3973,5.01892,160.5,TRUE,5.3,395,300
12640,2022/10/23 15:24,131.5331542,47.08821683,5217160.003,464552.0884,5.14856,163.6,TRUE,5.3,396,300
12641,2022/10/23 15:24,131.5331825,47.08815983,5217153.654,464554.1994,5.61156,160.9,TRUE,5.3,375,300
12642,2022/10/23 15:25,131.5332122,47.088108,5217147.878,464556.4202,5.3708,166,TRUE,5.3,399,300
12643,2022/10/23 15:25,131.5332442,47.088055,5217141.972,464558.8148,5.35228,162.7,TRUE,5.3,400,300
12644,2022/10/23 15:25,131.5332705,47.0880045,5217136.346,464560.7783,6.27828,153.6,TRUE,5.3,397,300
12645,2022/10/23 15:25,131.5332937,47.08795017,5217130.295,464562.5039,5.3708,151.3,TRUE,5.3,374,300
12646,2022/10/23 15:25,131.5333203,47.08789017,5217123.613,464564.4838,6.13012,156.9,TRUE,5.3,400,300
12647,2022/10/23 15:25,131.533361,47.08783733,5217117.72,464567.5392,6.33384,157.4,TRUE,5.3,400,300
12648,2022/10/23 15:25,131.5333987,47.08778217,5217111.571,464570.3652,6.019,153.7,TRUE,5.3,400,300
12649,2022/10/23 15:25,131.5334253,47.08771783,5217104.406,464572.3423,5.9264,163.6,TRUE,5.3,400,300
12650,2022/10/23 15:25,131.5334507,47.08765733,5217097.668,464574.2309,6.79684,161.8,TRUE,5.3,376,300
12651,2022/10/23 15:25,131.5334883,47.08759833,5217091.092,464577.0468,5.72268,162.5,TRUE,5.3,380,300
12652,2022/10/23 15:25,131.5334985,47.087531,5217083.602,464577.7766,5.4634,163.9,TRUE,5.3,400,300
12653,2022/10/23 15:25,131.5335322,47.0874785,5217077.75,464580.3007,5.90788,159.7,TRUE,5.3,359,300
12654,2022/10/23 15:25,131.5335827,47.08742117,5217071.354,464584.0973,5.556,162.6,TRUE,5.3,370,300
12655,2022/10/23 15:25,131.5335928,47.087415,5217070.664,464584.8601,0,0,FALSE,5.3,0,300
12656,2022/10/23 15:25,131.5336032,47.08741817,5217071.011,464585.6519,0,0,FALSE,5.3,0,300
12657,2022/10/23 15:26,131.5336078,47.08742317,5217071.565,464586.0045,3.7966,323.6,FALSE,5.3,0,300
12658,2022/10/23 15:26,131.5335477,47.08746367,5217076.095,464581.4678,4.14848,291.1,FALSE,5.3,0,300
12659,2022/10/23 15:26,131.5334687,47.087466,5217076.39,464575.4708,1.88904,240.5,FALSE,5.3,0,300
12660,2022/10/23 15:26,131.5334905,47.08746617,5217076.399,464577.1262,5.29672,53,FALSE,5.3,0,300
12661,2022/10/23 15:26,131.5335642,47.08749767,5217079.867,464582.7432,5.093,26.8,TRUE,5.3,265,300
12662,2022/10/23 15:26,131.5336348,47.08754317,5217084.893,464588.1342,4.9078,15.8,TRUE,5.3,397,300
12663,2022/10/23 15:26,131.5336585,47.08758833,5217089.903,464589.9637,5.48192,12.9,TRUE,5.3,391,300
12664,2022/10/23 15:26,131.5336678,47.0876385,5217095.477,464590.7031,3.94476,16.9,TRUE,5.3,399,300
12665,2022/10/23 15:26,131.5336762,47.0876665,5217098.586,464591.3595,3.20396,347.4,TRUE,5.3,366,300
12666,2022/10/23 15:26,131.5336677,47.0876935,5217101.591,464590.7319,0.87044,151.5,TRUE,5.3,400,300
12667,2022/10/23 15:26,131.5336687,47.087674,5217099.423,464590.7949,3.90772,162.5,FALSE,5.3,0,300
12668,2022/10/23 15:26,131.5336918,47.08765867,5217097.708,464592.5388,4.2596,151.5,FALSE,5.3,0,300
12669,2022/10/23 15:26,131.5337427,47.08763683,5217095.257,464596.3892,2.07424,159.3,FALSE,5.3,0,300
12670,2022/10/23 15:26,131.5337475,47.08764417,5217096.071,464596.7586,5.16708,331.6,FALSE,5.3,0,300
12671,2022/10/23 15:26,131.5337018,47.0876935,5217101.576,464593.3212,4.63,345.9,TRUE,5.3,355,300
12672,2022/10/23 15:27,131.5336757,47.08773767,5217106.498,464591.3687,3.72252,340.3,TRUE,5.3,398,300
12673,2022/10/23 15:27,131.5336557,47.08777533,5217110.694,464589.875,4.3522,340.4,TRUE,5.3,377,300
12674,2022/10/23 15:27,131.533622,47.08784167,5217118.084,464587.3601,5.77824,344.4,TRUE,5.3,400,300
12675,2022/10/23 15:27,131.5335908,47.08790433,5217125.064,464585.0326,5.63008,337.1,TRUE,5.3,377,300
12676,2022/10/23 15:27,131.5335572,47.08797083,5217132.473,464582.5254,5.96344,343.2,TRUE,5.3,399,300
12677,2022/10/23 15:27,131.5335202,47.08803483,5217139.604,464579.7583,6.18568,347.2,TRUE,5.3,400,300
12678,2022/10/23 15:27,131.5334892,47.0880925,5217146.03,464577.4427,5.51896,350.2,TRUE,5.3,400,300
12679,2022/10/23 15:27,131.5334615,47.08815183,5217152.638,464575.3788,5.66712,344,TRUE,5.3,371,300
12680,2022/10/23 15:27,131.533421,47.0882095,5217159.068,464572.3418,5.61156,345.8,TRUE,5.3,354,300
12681,2022/10/23 15:27,131.5334012,47.08826317,5217165.043,464570.874,5.90788,340.9,TRUE,5.3,374,300
12682,2022/10/23 15:27,131.533372,47.088325,5217171.93,464568.6978,6.63016,345.1,TRUE,5.3,399,300
12683,2022/10/23 15:27,131.5333305,47.08839233,5217179.434,464565.5914,6.37088,345.8,TRUE,5.3,377,300
12684,2022/10/23 15:27,131.5332812,47.08846033,5217187.016,464561.8931,5.4634,348.6,TRUE,5.3,366,300
12685,2022/10/23 15:27,131.5332528,47.08851617,5217193.237,464559.7737,6.72276,347,TRUE,5.3,400,300
12686,2022/10/23 15:27,131.5332257,47.08857183,5217199.437,464557.7529,6.50052,348.5,TRUE,5.3,347,300
12687,2022/10/23 15:28,131.5331988,47.08863117,5217206.046,464555.7498,6.6672,347.3,TRUE,5.3,367,300
12688,2022/10/23 15:28,131.5331395,47.08870733,5217214.54,464551.2977,7.3154,347.7,TRUE,5.3,369,300
12689,2022/10/23 15:28,131.5330945,47.08878133,5217222.787,464547.9299,6.945,344.5,TRUE,5.3,378,300
12690,2022/10/23 15:28,131.5330532,47.088852,5217230.663,464544.8409,7.63024,347.2,TRUE,5.3,356,300
12691,2022/10/23 15:28,131.5330178,47.08892,5217238.238,464542.1982,7.3154,342.3,TRUE,5.3,356,300
12692,2022/10/23 15:28,131.5329807,47.08898567,5217245.556,464539.4247,7.29688,347.5,TRUE,5.3,352,300
12693,2022/10/23 15:28,131.5329363,47.08906033,5217253.876,464536.103,7.16724,345.8,TRUE,5.3,363,300
12694,2022/10/23 15:28,131.5328995,47.0891365,5217262.361,464533.3594,7.51912,343.6,TRUE,5.3,375,300
12695,2022/10/23 15:28,131.5328602,47.08920783,5217270.308,464530.4227,7.48208,344,TRUE,5.3,395,300
12696,2022/10/23 15:28,131.532822,47.0892815,5217278.516,464527.5712,7.11168,343,TRUE,5.3,363,300
12697,2022/10/23 15:28,131.5327748,47.089357,5217286.931,464524.0374,7.92656,337.5,TRUE,5.3,366,300
12698,2022/10/23 15:28,131.5327343,47.08943,5217295.065,464521.0108,7.44504,346,TRUE,5.3,358,300
12699,2022/10/23 15:28,131.5326987,47.08949883,5217302.733,464518.3534,6.83388,339.7,TRUE,5.3,364,300
12700,2022/10/23 15:28,131.5326672,47.08956033,5217309.584,464516.0025,7.5006,344.6,TRUE,5.3,397,300
12701,2022/10/23 15:28,131.5326408,47.08962767,5217317.083,464514.0427,5.88936,344.1,TRUE,5.3,366,300
12702,2022/10/23 15:29,131.5326105,47.089689,5217323.915,464511.7828,5.75972,343.4,TRUE,5.3,367,300
12703,2022/10/23 15:29,131.5325815,47.08974883,5217330.579,464509.6207,5.8338,345.2,TRUE,5.3,371,300
12704,2022/10/23 15:29,131.5325408,47.089809,5217337.287,464506.5703,5.98196,342.6,TRUE,5.3,375,300
12705,2022/10/23 15:29,131.5325038,47.08987083,5217344.177,464503.8021,6.2042,341.2,TRUE,5.3,397,300
12706,2022/10/23 15:29,131.5324702,47.089935,5217351.327,464501.2935,5.61156,343.4,TRUE,5.3,394,300
12707,2022/10/23 15:29,131.5324373,47.08999317,5217357.808,464498.8342,5.7412,345,TRUE,5.3,363,300
12708,2022/10/23 15:29,131.5324072,47.09005333,5217364.51,464496.5887,5.90788,342.6,TRUE,5.3,376,300
12709,2022/10/23 15:29,131.5323893,47.09011083,5217370.911,464495.2678,5.50044,344.6,TRUE,5.3,372,300
12710,2022/10/23 15:29,131.5323605,47.090171,5217377.613,464493.1211,5.90788,344.2,TRUE,5.3,358,300
12711,2022/10/23 15:29,131.5323237,47.09022867,5217384.041,464490.3653,6.72276,340.7,TRUE,5.3,363,300
12712,2022/10/23 15:29,131.5322803,47.0902925,5217391.157,464487.1124,5.96344,342.1,TRUE,5.3,366,300
12713,2022/10/23 15:29,131.532256,47.0903525,5217397.838,464485.3073,6.5746,344.3,TRUE,5.3,387,300
12714,2022/10/23 15:29,131.532226,47.090413,5217404.578,464483.0697,6.09308,338.1,TRUE,5.3,394,300
12715,2022/10/23 15:29,131.5321935,47.09046617,5217410.504,464480.6374,6.55608,339,TRUE,5.3,394,300
12716,2022/10/23 15:29,131.532157,47.0905315,5217417.783,464477.9095,6.72276,343.1,TRUE,5.3,350,300
12717,2022/10/23 15:30,131.5321265,47.09059283,5217424.615,464475.6345,5.70416,343.7,TRUE,5.3,356,300
12718,2022/10/23 15:30,131.5320978,47.09065683,5217431.743,464473.4979,6.31532,343.1,TRUE,5.3,362,300
12719,2022/10/23 15:30,131.5320652,47.0907165,5217438.392,464471.0624,6.14864,341.6,TRUE,5.3,370,300
12720,2022/10/23 15:30,131.5320307,47.0907775,5217445.189,464468.4835,6.33384,344.9,TRUE,5.3,375,300
12721,2022/10/23 15:30,131.5319977,47.09084167,5217452.338,464466.0205,5.98196,347.1,TRUE,5.3,396,300
12722,2022/10/23 15:30,131.5319673,47.09089967,5217458.8,464463.7509,6.40792,340.6,TRUE,5.3,365,300
12723,2022/10/23 15:30,131.5319382,47.090962,5217465.742,464461.5829,6.77832,340.4,TRUE,5.3,355,300
12724,2022/10/23 15:30,131.5319132,47.091019,5217472.09,464459.7227,6.1116,344.4,TRUE,5.3,380,300
12725,2022/10/23 15:30,131.5318763,47.09108033,5217478.925,464456.9618,6.2042,348.5,TRUE,5.3,364,300
12726,2022/10/23 15:30,131.5318507,47.09114583,5217486.219,464455.0617,6.2968,341,TRUE,5.3,375,300
12727,2022/10/23 15:30,131.531812,47.09120033,5217492.295,464452.1596,5.96344,348.3,TRUE,5.3,355,300
12728,2022/10/23 15:30,131.5317735,47.09125417,5217498.298,464449.2722,6.90796,347.6,TRUE,5.3,265,300
12729,2022/10/23 15:30,131.5317333,47.0913185,5217505.468,464446.2628,6.05604,343.3,TRUE,5.3,355,300
12730,2022/10/23 15:30,131.5317077,47.09137633,5217511.909,464444.3576,6.42644,338.4,TRUE,5.3,356,300
12731,2022/10/23 15:31,131.5316585,47.0914545,5217520.622,464440.6741,6.61164,340.1,TRUE,5.3,254,300
12732,2022/10/23 15:31,131.5316248,47.091522,5217528.141,464438.1603,6.98204,341.2,TRUE,5.3,355,300
12733,2022/10/23 15:31,131.5315957,47.09159083,5217535.806,464435.9967,6.31532,346,TRUE,5.3,397,300
12734,2022/10/23 15:31,131.5315635,47.091653,5217542.733,464433.5933,5.79676,339.2,TRUE,5.3,356,300
12735,2022/10/23 15:31,131.5315237,47.09171883,5217550.069,464430.6152,6.37088,342.7,TRUE,5.3,347,300
12736,2022/10/23 15:31,131.5314855,47.09178,5217556.887,464427.7556,5.70416,342.6,TRUE,5.3,355,300
12737,2022/10/23 15:31,131.5314567,47.091836,5217563.126,464425.6063,5.16708,344.5,TRUE,5.3,373,300
12738,2022/10/23 15:31,131.5314367,47.09188033,5217568.063,464424.1173,5.14856,339.6,TRUE,5.3,370,300
12739,2022/10/23 15:31,131.5314065,47.09193167,5217573.784,464421.8585,4.74112,345.7,TRUE,5.3,376,300
12740,2022/10/23 15:31,131.53138,47.09198917,5217580.189,464419.8848,6.482,345.2,TRUE,5.3,350,300
12741,2022/10/23 15:31,131.5313488,47.09204983,5217586.947,464417.5563,6.18568,343,TRUE,5.3,356,300
12742,2022/10/23 15:31,131.531317,47.09210483,5217593.076,464415.1785,6.55608,339.5,TRUE,5.3,367,300
12743,2022/10/23 15:31,131.5312857,47.09216867,5217600.187,464412.8446,6.07456,343.5,TRUE,5.3,369,300
12744,2022/10/23 15:31,131.531249,47.09223133,5217607.17,464410.0999,7.14872,340.2,TRUE,5.3,399,300
12745,2022/10/23 15:31,131.53122,47.092291,5217613.817,464407.9379,5.87084,345.3,TRUE,5.3,351,300
12746,2022/10/23 15:32,131.5311843,47.09234833,5217620.206,464405.2655,6.3894,343.9,TRUE,5.3,302,300
12747,2022/10/23 15:32,131.5311525,47.0924085,5217626.91,464402.8912,6.6672,347.1,TRUE,5.3,362,300
12748,2022/10/23 15:32,131.531125,47.09247283,5217634.074,464400.8462,6.03752,340.4,TRUE,5.3,361,300
12749,2022/10/23 15:32,131.5310938,47.09252817,5217640.241,464398.5142,5.48192,339.2,TRUE,5.3,367,300
12750,2022/10/23 15:32,131.5310572,47.09259067,5217647.206,464395.777,6.55608,340.3,TRUE,5.3,358,300
12751,2022/10/23 15:32,131.5310317,47.09264767,5217653.554,464393.8789,6.55608,337.7,TRUE,5.3,354,300
12752,2022/10/23 15:32,131.531,47.0927045,5217659.887,464391.51,5.7412,345.7,TRUE,5.3,291,300
12753,2022/10/23 15:32,131.530964,47.092762,5217666.295,464388.8151,5.81528,340.1,TRUE,5.3,363,300
12754,2022/10/23 15:32,131.5309277,47.0928175,5217672.482,464386.096,6.50052,342.3,TRUE,5.3,348,300
12755,2022/10/23 15:32,131.5309,47.09286917,5217678.239,464384.0274,5.72268,339.8,TRUE,5.3,344,300
12756,2022/10/23 15:32,131.5308815,47.09292683,5217684.658,464382.6613,6.2042,339.5,TRUE,5.3,385,300
12757,2022/10/23 15:32,131.5308473,47.092987,5217691.362,464380.1048,6.13012,346.1,TRUE,5.3,352,300
12758,2022/10/23 15:32,131.5308125,47.093051,5217698.493,464377.5053,6.37088,344,TRUE,5.3,371,300
12759,2022/10/23 15:32,131.5307825,47.09310467,5217704.474,464375.2634,5.77824,338.8,TRUE,5.3,364,300
12760,2022/10/23 15:32,131.5307508,47.093163,5217710.973,464372.8955,6.37088,332.9,TRUE,5.3,373,300
12761,2022/10/23 15:33,131.5307225,47.0932175,5217717.044,464370.7832,6.019,342,TRUE,5.3,358,300
12762,2022/10/23 15:33,131.5306923,47.09327233,5217723.154,464368.5269,5.4634,338.6,TRUE,5.3,373,300
12763,2022/10/23 15:33,131.5306587,47.0933275,5217729.302,464366.0127,6.05604,339.2,TRUE,5.3,351,300
12764,2022/10/23 15:33,131.530632,47.09338517,5217735.726,464364.024,6.33384,341.7,TRUE,5.3,395,300
12765,2022/10/23 15:33,131.5305963,47.09345083,5217743.042,464361.3573,5.85232,343.2,TRUE,5.3,363,300
12766,2022/10/23 15:33,131.5305723,47.09351033,5217749.667,464359.5749,6.61164,336.2,TRUE,5.3,362,300
12767,2022/10/23 15:33,131.530534,47.09357933,5217757.356,464356.7131,7.79692,342.1,TRUE,5.3,384,300
12768,2022/10/23 15:33,131.5304965,47.09364567,5217764.748,464353.9102,7.33392,340.6,TRUE,5.3,375,300
12769,2022/10/23 15:33,131.5304573,47.09371267,5217772.215,464350.9788,6.44496,345.9,TRUE,5.3,351,300
12770,2022/10/23 15:33,131.5304217,47.0937735,5217778.993,464348.3165,7.05612,339.9,TRUE,5.3,270,300
12771,2022/10/23 15:33,131.5303842,47.09384283,5217786.718,464345.5157,6.98204,340.3,TRUE,5.3,371,300
12772,2022/10/23 15:33,131.5303467,47.093908,5217793.98,464342.7121,6.50052,336.4,TRUE,0,264,300
12773,2022/10/23 15:33,131.5303128,47.093969,5217800.777,464340.1791,6.87092,342.5,TRUE,0,361,300
12774,2022/10/23 15:33,131.530281,47.09404,5217808.685,464337.8121,6.63016,342.6,TRUE,5.3,350,300
12775,2022/10/23 15:33,131.5302453,47.094111,5217816.594,464335.1491,8.13028,343.7,TRUE,5.3,363,300
12776,2022/10/23 15:34,131.5302083,47.09418667,5217825.024,464332.3905,7.5006,346.5,TRUE,5.3,354,300
12777,2022/10/23 15:34,131.530162,47.09426,5217833.197,464328.9243,7.72284,339.5,TRUE,5.3,387,300
12778,2022/10/23 15:34,131.5301313,47.09432933,5217840.919,464326.6398,7.38948,342.1,TRUE,5.3,371,300
12779,2022/10/23 15:34,131.5301017,47.09439783,5217848.548,464324.4382,6.63016,342.6,TRUE,5.3,364,300
12780,2022/10/23 15:34,131.5300642,47.09446017,5217855.495,464321.6328,7.38948,337.8,TRUE,5.3,358,300
12781,2022/10/23 15:34,131.5300297,47.09452133,5217862.31,464319.0544,7.51912,341.6,TRUE,5.3,365,300
12782,2022/10/23 15:34,131.5299863,47.09458183,5217869.056,464315.7998,7.55616,341.8,TRUE,5.3,399,300
12783,2022/10/23 15:34,131.529952,47.0946495,5217876.595,464313.2409,7.18576,340.5,TRUE,5.3,358,300
12784,2022/10/23 15:34,131.529914,47.09471883,5217884.319,464310.4022,7.3154,340.1,TRUE,5.3,361,300
12785,2022/10/23 15:34,131.5298752,47.09479783,5217893.12,464307.5092,7.61172,343.5,TRUE,5.3,367,300
12786,2022/10/23 15:34,131.5298392,47.094867,5217900.826,464304.8223,7.25984,341.1,TRUE,5.3,360,300
12787,2022/10/23 15:34,131.5298047,47.09493283,5217908.16,464302.247,7.51912,341.8,TRUE,5.3,353,300
12788,2022/10/23 15:34,131.5297713,47.094993,5217914.865,464299.7515,5.72268,344.4,TRUE,5.3,351,300
12789,2022/10/23 15:34,131.5297277,47.095052,5217921.444,464296.4807,6.16716,344.4,TRUE,5.3,372,300
12790,2022/10/23 15:34,131.5296973,47.09511533,5217928.498,464294.2151,5.77824,340.6,TRUE,5.3,370,300
12791,2022/10/23 15:35,131.5296778,47.09517333,5217934.955,464292.7734,6.14864,344,TRUE,5.3,388,300
12792,2022/10/23 15:35,131.5296563,47.09522,5217940.153,464291.1723,5.50044,345.2,TRUE,5.3,372,300
12793,2022/10/23 15:35,131.529625,47.09527367,5217946.134,464288.8319,5.3708,338.9,TRUE,5.3,364,300
12794,2022/10/23 15:35,131.5295947,47.09532217,5217951.54,464286.5639,5.03744,340.1,TRUE,5.3,350,300
12795,2022/10/23 15:35,131.5295637,47.095378,5217957.761,464284.2477,5.7412,345,TRUE,5.3,373,300
12796,2022/10/23 15:35,131.5295443,47.09542767,5217963.292,464282.8081,5.87084,339.8,TRUE,5.3,364,300
12797,2022/10/23 15:35,131.5295115,47.09549283,5217970.551,464280.3614,5.59304,340,TRUE,5.3,280,300
12798,2022/10/23 15:35,131.5294745,47.095555,5217977.479,464277.594,5.98196,340.5,TRUE,5.3,346,300
12799,2022/10/23 15:35,131.5294368,47.09561233,5217983.87,464274.7701,6.51904,338.7,TRUE,5.3,354,300
12800,2022/10/23 15:35,131.529403,47.09567717,5217991.094,464272.2474,6.55608,342.1,TRUE,5.3,356,300
12801,2022/10/23 15:35,131.5293745,47.09573833,5217997.906,464270.1246,5.22264,343.6,TRUE,5.3,363,300
12802,2022/10/23 15:35,131.5293463,47.09579367,5218004.071,464268.0207,6.13012,341.5,TRUE,5.3,355,300
12803,2022/10/23 15:35,131.5293157,47.09584517,5218009.811,464265.732,6.40792,339.6,TRUE,5.3,377,300
12804,2022/10/23 15:35,131.5292928,47.09590067,5218015.991,464264.0305,5.31524,341.6,TRUE,5.3,352,300
12805,2022/10/23 15:35,131.5292657,47.09596233,5218022.858,464262.0144,5.25968,340.5,TRUE,5.3,267,300
12806,2022/10/23 15:36,131.529237,47.09601833,5218029.097,464259.873,6.27828,334.8,TRUE,5.3,367,300
12807,2022/10/23 15:36,131.5292068,47.0960685,5218034.689,464257.6138,4.94484,338.9,TRUE,5.3,370,300
12808,2022/10/23 15:36,131.529183,47.09611583,5218039.961,464255.8386,4.11144,332.5,TRUE,5.3,250,300
12809,2022/10/23 15:36,131.5291583,47.09615883,5218044.753,464253.9921,4.88928,344,TRUE,5.3,357,300
12810,2022/10/23 15:36,131.5291612,47.0961985,5218049.162,464254.2388,0,350.4,FALSE,5.3,0,300
12811,2022/10/23 15:36,131.5291715,47.09617767,5218046.841,464255.0069,4.5374,152.6,FALSE,5.3,0,300
12812,2022/10/23 15:36,131.5291773,47.09617217,5218046.227,464255.4435,3.12988,7,FALSE,5.3,0,300
12813,2022/10/23 15:36,131.529215,47.096193,5218048.526,464258.3196,3.241,53.3,FALSE,5.3,0,300
12814,2022/10/23 15:36,131.5291953,47.09619117,5218048.331,464256.8228,4.29664,236.4,FALSE,5.3,0,300
12815,2022/10/23 15:36,131.5291547,47.09618133,5218047.256,464253.7339,4.88928,95.1,FALSE,5.3,0,300
12816,2022/10/23 15:36,131.5291897,47.096156,5218044.424,464256.3741,3.40768,141.1,FALSE,5.3,0,300
12817,2022/10/23 15:36,131.5291827,47.0961285,5218041.37,464255.8243,4.79668,155,FALSE,5.3,0,300
12818,2022/10/23 15:36,131.5291957,47.09608367,5218036.38,464256.7812,4.8152,164.1,TRUE,5.3,173,300
12819,2022/10/23 15:36,131.5292282,47.09604633,5218032.214,464259.2236,0.40744,0,FALSE,5.3,0,300
12820,2022/10/23 15:36,131.529203,47.09608617,5218036.655,464257.3371,4.57444,337.8,TRUE,5.3,89,300
12821,2022/10/23 15:37,131.5291875,47.09611517,5218039.886,464256.1797,0,327.3,FALSE,5.3,0,300
12822,2022/10/23 15:37,131.5291958,47.09609583,5218037.732,464256.7969,0.66672,175.8,TRUE,5.3,383,300
12823,2022/10/23 15:37,131.5291938,47.0960805,5218036.029,464256.6348,3.4262,165.1,TRUE,5.3,353,300
12824,2022/10/23 15:37,131.529189,47.09605583,5218033.288,464256.2539,2.79652,161.7,TRUE,5.3,261,300
12825,2022/10/23 15:37,131.5291892,47.096012,5218028.415,464256.2398,5.13004,164.2,TRUE,5.3,354,300
12826,2022/10/23 15:37,131.529234,47.09595667,5218022.244,464259.6039,5.6486,157.4,TRUE,5.3,361,300
12827,2022/10/23 15:37,131.5292593,47.09590167,5218016.118,464261.4879,5.29672,159.8,TRUE,5.3,379,300
12828,2022/10/23 15:37,131.5292905,47.09584733,5218010.062,464263.8202,5.94492,166.3,TRUE,5.3,379,300
12829,2022/10/23 15:37,131.5293223,47.09578633,5218003.266,464266.1937,4.77816,165.8,TRUE,5.3,350,300
12830,2022/10/23 15:37,131.529353,47.0957545,5217999.714,464268.5031,5.093,170.8,TRUE,5.3,395,300
12831,2022/10/23 15:37,131.5293822,47.095715,5217995.309,464270.6936,6.07456,164.1,TRUE,5.3,366,300
12832,2022/10/23 15:37,131.529426,47.0956645,5217989.675,464273.9851,4.70408,167.9,TRUE,5.3,396,300
12833,2022/10/23 15:37,131.5294672,47.095617,5217984.375,464277.0812,5.14856,164.3,TRUE,5.3,400,300
12834,2022/10/23 15:37,131.5294857,47.09556833,5217978.956,464278.4532,5.33376,163.9,TRUE,5.3,376,300
12835,2022/10/23 15:37,131.5295075,47.09552233,5217973.832,464280.0775,5.0004,167.1,TRUE,5.3,400,300
12836,2022/10/23 15:38,131.5295415,47.09546967,5217967.962,464282.6236,6.33384,168.2,TRUE,5.3,372,300
12837,2022/10/23 15:38,131.5295648,47.09541233,5217961.577,464284.3542,6.07456,165.1,TRUE,5.3,399,300
12838,2022/10/23 15:38,131.529598,47.095361,5217955.855,464286.8404,5.3708,167.8,TRUE,5.3,400,300
12839,2022/10/23 15:38,131.5296273,47.0953125,5217950.45,464289.0324,5.77824,164.7,TRUE,5.3,371,300
12840,2022/10/23 15:38,131.5296603,47.0952735,5217946.099,464291.5117,5.1856,162.6,TRUE,5.3,362,300
12841,2022/10/23 15:38,131.5296782,47.09522817,5217941.052,464292.8404,6.51904,162.5,TRUE,5.3,372,300
12842,2022/10/23 15:38,131.5296897,47.095173,5217934.913,464293.6766,5.556,165.4,TRUE,5.3,400,300
12843,2022/10/23 15:38,131.5297173,47.09512733,5217929.823,464295.7415,5.50044,170.7,TRUE,5.3,385,300
12844,2022/10/23 15:38,131.5297575,47.0950815,5217924.71,464298.7629,6.5746,164,TRUE,5.3,395,300
12845,2022/10/23 15:38,131.529796,47.0950205,5217917.911,464301.6451,5.98196,166.1,TRUE,5.3,400,300
12846,2022/10/23 15:38,131.529833,47.09496917,5217912.187,464304.4199,6.74128,161.1,TRUE,5.3,359,300
12847,2022/10/23 15:38,131.529857,47.0949065,5217905.209,464306.2001,6.88944,161.9,TRUE,5.3,372,300
12848,2022/10/23 15:38,131.529889,47.094845,5217898.358,464308.5885,6.44496,162.7,TRUE,5.3,362,300
12849,2022/10/23 15:38,131.5299197,47.094779,5217891.006,464310.8751,6.68572,164.4,TRUE,5.3,370,300
12850,2022/10/23 15:38,131.5299493,47.0947165,5217884.044,464313.0807,6.945,163,TRUE,5.3,397,300
12851,2022/10/23 15:39,131.5299937,47.09465867,5217877.595,464316.4129,5.63008,163.1,TRUE,5.3,392,300
12852,2022/10/23 15:39,131.530017,47.09459967,5217871.025,464318.1425,6.14864,163,TRUE,5.3,394,300
12853,2022/10/23 15:39,131.53004,47.09454167,5217864.567,464319.8499,6.50052,161.8,TRUE,5.3,400,300
12854,2022/10/23 15:39,131.530083,47.09448033,5217857.728,464323.0736,7.55616,160.1,TRUE,5.3,349,300
12855,2022/10/23 15:39,131.5301248,47.09441667,5217850.631,464326.2046,7.25984,164,TRUE,5.3,400,300
12856,2022/10/23 15:39,131.5301547,47.09435067,5217843.28,464328.4306,7.42652,168.3,TRUE,5.3,400,300
12857,2022/10/23 15:39,131.5301842,47.094287,5217836.189,464330.6278,7.48208,162.5,TRUE,5.3,395,300
12858,2022/10/23 15:39,131.5302227,47.094227,5217829.501,464333.5107,6.96352,157.6,TRUE,5.3,397,300
12859,2022/10/23 15:39,131.5302602,47.09416517,5217822.61,464336.3165,7.6858,159.5,TRUE,5.3,400,300
12860,2022/10/23 15:39,131.5303023,47.09409633,5217814.938,464339.4669,6.00048,164.8,TRUE,5.3,367,300
12861,2022/10/23 15:39,131.5303393,47.094031,5217807.658,464342.2324,6.51904,158.6,TRUE,5.3,372,300
12862,2022/10/23 15:39,131.5303647,47.09396783,5217800.623,464344.1186,7.00056,162.8,TRUE,5.3,366,300
12863,2022/10/23 15:39,131.5303998,47.09390983,5217794.159,464346.7448,5.70416,159.6,TRUE,5.3,400,300
12864,2022/10/23 15:39,131.530421,47.093852,5217787.721,464348.3158,5.90788,165.4,TRUE,5.3,395,300
12865,2022/10/23 15:39,131.5304453,47.093803,5217782.262,464350.128,5.7412,159.4,TRUE,5.3,366,300
12866,2022/10/23 15:40,131.5304727,47.093747,5217776.024,464352.1709,4.85224,161.1,TRUE,5.3,366,300
12867,2022/10/23 15:40,131.5304997,47.09369633,5217770.379,464354.187,5.35228,167.7,TRUE,5.3,387,300
12868,2022/10/23 15:40,131.5305268,47.093643,5217764.437,464356.2089,5.44488,162.1,TRUE,5.3,372,300
12869,2022/10/23 15:40,131.5305547,47.09358883,5217758.403,464358.291,5.66712,162.7,TRUE,5.3,400,300
12870,2022/10/23 15:40,131.5305797,47.09353283,5217752.165,464360.1517,5.13004,162.9,TRUE,5.3,370,300
12871,2022/10/23 15:40,131.5306045,47.09348433,5217746.762,464362.0023,4.87076,165.2,TRUE,5.3,363,300
12872,2022/10/23 15:40,131.5306327,47.093434,5217741.154,464364.1097,5.48192,155,TRUE,5.3,400,300
12873,2022/10/23 15:40,131.5306577,47.09338233,5217735.399,464365.9733,4.75964,159.7,TRUE,5.3,397,300
12874,2022/10/23 15:40,131.5306833,47.09333383,5217729.995,464367.8846,5.20412,158,TRUE,5.3,398,300
12875,2022/10/23 15:40,131.5307022,47.09329217,5217725.355,464369.2918,3.72252,162.3,TRUE,5.3,400,300
12876,2022/10/23 15:40,131.530734,47.09324783,5217720.411,464371.6766,5.59304,158.8,TRUE,5.3,364,300
12877,2022/10/23 15:40,131.530766,47.09318867,5217713.82,464374.0667,4.68556,159,TRUE,5.3,359,300
12878,2022/10/23 15:40,131.5307847,47.09313817,5217708.197,464375.4528,6.24124,161.6,TRUE,5.3,364,300
12879,2022/10/23 15:40,131.5308135,47.09307967,5217701.68,464377.6003,4.38924,160.3,TRUE,5.3,367,300
12880,2022/10/23 15:40,131.5308353,47.0930345,5217696.649,464379.2254,5.22264,158.9,TRUE,5.3,399,300
12881,2022/10/23 15:41,131.5308658,47.092985,5217691.132,464381.508,4.42628,167.9,TRUE,5.3,363,300
12882,2022/10/23 15:41,131.530889,47.09293867,5217685.97,464383.2386,5.33376,159.1,TRUE,5.3,400,300
12883,2022/10/23 15:41,131.5309245,47.09288733,5217680.247,464385.8996,5.7412,159.4,TRUE,5.3,365,300
12884,2022/10/23 15:41,131.5309577,47.09282833,5217673.672,464388.381,6.07456,159.8,TRUE,5.3,371,300
12885,2022/10/23 15:41,131.5309972,47.09276333,5217666.428,464391.3367,6.59312,162.8,TRUE,5.3,377,300
12886,2022/10/23 15:41,131.5310227,47.0926915,5217658.431,464393.2248,6.31532,166.6,TRUE,5.3,346,300
12887,2022/10/23 15:41,131.5310532,47.09262467,5217650.988,464395.496,6.55608,159,TRUE,5.3,400,300
12888,2022/10/23 15:41,131.5310733,47.09256333,5217644.159,464396.9812,6.44496,160.5,TRUE,5.3,345,300
12889,2022/10/23 15:41,131.5311062,47.0924985,5217636.937,464399.4359,6.37088,160.6,TRUE,5.3,393,300
12890,2022/10/23 15:41,131.5311442,47.09243433,5217629.786,464402.2783,7.463561,162,TRUE,5.3,359,300
12891,2022/10/23 15:41,131.5311748,47.0923645,5217622.008,464404.555,7.18576,161.3,TRUE,5.3,368,300
12892,2022/10/23 15:41,131.531214,47.092299,5217614.709,464407.4876,6.87092,159.2,TRUE,5.3,348,300
12893,2022/10/23 15:41,131.5312495,47.09222767,5217606.763,464410.1354,7.63024,164.2,TRUE,5.3,374,300
12894,2022/10/23 15:41,131.5313075,47.0921565,5217598.824,464414.4917,6.945,158.4,TRUE,5.3,400,300
12895,2022/10/23 15:41,131.531336,47.09209067,5217591.493,464416.6117,7.27836,163.9,TRUE,5.3,348,300
12896,2022/10/23 15:42,131.5313747,47.09202167,5217583.804,464419.504,6.019,161.1,TRUE,5.3,353,300
12897,2022/10/23 15:42,131.5314112,47.091957,5217576.598,464422.2322,6.74128,157.6,TRUE,5.3,387,300
12898,2022/10/23 15:42,131.53146,47.091875,5217567.46,464425.8828,7.29688,160.4,TRUE,5.3,380,300
12899,2022/10/23 15:42,131.5314912,47.09181217,5217560.461,464428.2098,6.05604,161.9,TRUE,5.3,372,300
12900,2022/10/23 15:42,131.5315217,47.0917475,5217553.257,464430.4825,6.70424,163.9,TRUE,5.3,392,300
12901,2022/10/23 15:42,131.531554,47.09169017,5217546.869,464432.8967,6.8524,162.1,TRUE,5.3,375,300
12902,2022/10/23 15:42,131.5315883,47.09162883,5217540.034,464435.4601,6.16716,163.7,TRUE,5.3,361,300
12903,2022/10/23 15:42,131.5316213,47.09157467,5217533.998,464437.9296,5.85232,166.5,TRUE,5.3,370,300
12904,2022/10/23 15:42,131.5316398,47.09151633,5217527.504,464439.2954,6.13012,163.5,TRUE,5.3,394,300
12905,2022/10/23 15:42,131.5316723,47.0914675,5217522.061,464441.7305,5.42636,168.2,TRUE,5.3,363,300
12906,2022/10/23 15:42,131.5317057,47.09141517,5217516.228,464444.2316,5.3708,167.6,TRUE,5.3,360,300
12907,2022/10/23 15:42,131.53174,47.09135883,5217509.949,464446.7984,6.55608,163.2,TRUE,5.3,400,300
12908,2022/10/23 15:42,131.5317607,47.091299,5217503.288,464448.3302,5.22264,157.7,TRUE,5.3,353,300
12909,2022/10/23 15:42,131.5318018,47.09124517,5217497.285,464451.415,5.75972,159.3,TRUE,5.3,352,300
12910,2022/10/23 15:42,131.5318457,47.091189,5217491.02,464454.7108,6.68572,163.1,TRUE,5.3,360,300
12911,2022/10/23 15:43,131.5318703,47.09113017,5217484.469,464456.5394,5.59304,156.8,TRUE,5.3,363,300
12912,2022/10/23 15:43,131.5318993,47.0910705,5217477.822,464458.7016,5.7412,162.2,TRUE,5.3,369,300
12913,2022/10/23 15:43,131.531928,47.09100533,5217470.564,464460.8373,5.59304,159,TRUE,5.3,364,300
12914,2022/10/23 15:43,131.5319605,47.090957,5217465.176,464463.2728,5.7412,159.9,TRUE,5.3,372,300
12915,2022/10/23 15:43,131.531991,47.0909005,5217458.881,464465.551,6.53756,164,TRUE,5.3,400,300
12916,2022/10/23 15:43,131.532018,47.09084667,5217452.884,464467.5652,6.68572,162.6,TRUE,5.3,371,300
12917,2022/10/23 15:43,131.5320468,47.09079017,5217446.59,464469.7143,5.33376,162.7,TRUE,5.3,360,300
12918,2022/10/23 15:43,131.5320763,47.0907335,5217440.277,464471.9165,5.77824,162.8,TRUE,5.3,366,300
12919,2022/10/23 15:43,131.5320933,47.090674,5217433.654,464473.1676,6.18568,160.6,TRUE,5.3,394,300
12920,2022/10/23 15:43,131.5321155,47.09061617,5217427.215,464474.8148,6.50052,163.3,TRUE,5.3,400,300
12921,2022/10/23 15:43,131.5321503,47.09055717,5217420.64,464477.4178,6.37088,163.3,TRUE,5.3,372,300
12922,2022/10/23 15:43,131.5321947,47.0904955,5217413.764,464480.748,5.8338,163.3,TRUE,5.3,400,300
12923,2022/10/23 15:43,131.5322268,47.09043683,5217407.227,464483.1462,6.70424,161.9,TRUE,5.3,371,300
12924,2022/10/23 15:43,131.5322633,47.09037517,5217400.355,464485.8766,7.24132,165,TRUE,5.3,367,300
12925,2022/10/23 15:43,131.5323047,47.09031783,5217393.962,464488.9819,5.87084,169.5,TRUE,5.3,400,300
12926,2022/10/23 15:44,131.5323333,47.09027383,5217389.057,464491.1242,6.13012,160.8,TRUE,5.3,400,300
12927,2022/10/23 15:44,131.5323578,47.0902175,5217382.784,464492.947,6.31532,162.5,TRUE,5.3,370,300
12928,2022/10/23 15:44,131.5323895,47.09015217,5217375.507,464495.3105,7.27836,164.6,TRUE,5.3,373,300
12929,2022/10/23 15:44,131.5324172,47.09007583,5217367.007,464497.3629,6.72276,160.5,TRUE,5.3,400,300
12930,2022/10/23 15:44,131.532466,47.0900095,5217359.611,464501.0241,6.96352,157.5,TRUE,5.3,375,300
12931,2022/10/23 15:44,131.5324967,47.089941,5217351.982,464503.3096,7.35244,164.5,TRUE,5.3,376,300
12932,2022/10/23 15:44,131.53253,47.08987633,5217344.777,464505.7951,6.83388,161.4,TRUE,5.3,374,300
12933,2022/10/23 15:44,131.5325682,47.0898055,5217336.885,464508.6485,6.55608,164.3,TRUE,5.3,397,300
12934,2022/10/23 15:44,131.5326068,47.08973283,5217328.789,464511.531,6.7598,161.3,TRUE,5.3,393,300
12935,2022/10/23 15:44,131.5326373,47.089669,5217321.679,464513.8044,7.72284,160.7,TRUE,5.3,395,300
12936,2022/10/23 15:44,131.5326837,47.0896075,5217314.821,464517.2867,5.51896,161.8,TRUE,5.3,358,300
12937,2022/10/23 15:44,131.5327183,47.08954767,5217308.154,464519.8741,7.01908,162.3,TRUE,5.3,400,300
12938,2022/10/23 15:44,131.532751,47.08948467,5217301.135,464522.3151,6.87092,165.8,TRUE,5.3,373,300
12939,2022/10/23 15:44,131.5327835,47.0894185,5217293.764,464524.7389,6.98204,163.5,TRUE,5.3,397,300
12940,2022/10/23 15:44,131.5328168,47.08936,5217287.245,464527.2284,6.98204,163.6,TRUE,5.3,377,300
12941,2022/10/23 15:45,131.5328467,47.08929633,5217280.153,464529.4564,5.70416,164.4,TRUE,5.3,361,300
12942,2022/10/23 15:45,131.5328732,47.0892385,5217273.712,464531.4302,6.64868,162.6,TRUE,5.3,396,300
12943,2022/10/23 15:45,131.5329005,47.08918217,5217267.438,464533.4656,5.24116,164.7,TRUE,5.3,358,300
12944,2022/10/23 15:45,131.5329288,47.08912967,5217261.588,464535.5796,6.945,161.5,TRUE,5.3,374,300
12945,2022/10/23 15:45,131.532956,47.0890595,5217253.775,464537.5983,7.09316,159.9,TRUE,5.3,400,300
12946,2022/10/23 15:45,131.533001,47.08899483,5217246.565,464540.9722,6.98204,159.5,TRUE,5.3,373,300
12947,2022/10/23 15:45,131.5330393,47.08892983,5217239.321,464543.8372,6.77832,164.3,TRUE,5.3,363,300
12948,2022/10/23 15:45,131.5330722,47.088858,5217231.321,464546.2876,6.2042,164.5,TRUE,5.3,349,300
12949,2022/10/23 15:45,131.5331098,47.08879483,5217224.281,464549.1006,6.51904,157.5,TRUE,5.3,371,300
12950,2022/10/23 15:45,131.53314,47.0887255,5217216.56,464551.3477,6.25976,167.8,TRUE,5.3,399,300
12951,2022/10/23 15:45,131.5331665,47.08865933,5217209.192,464553.3159,6.8524,163.6,TRUE,5.3,372,300
12952,2022/10/23 15:45,131.5332008,47.08859983,5217202.561,464555.8809,6.51904,156.3,TRUE,5.3,366,300
12953,2022/10/23 15:45,131.533233,47.08853583,5217195.432,464558.2834,5.87084,160.2,TRUE,5.3,393,300
12954,2022/10/23 15:45,131.5332588,47.0884685,5217187.935,464560.1977,6.90796,157.3,TRUE,5.3,382,300
12955,2022/10/23 15:45,131.5332995,47.08839583,5217179.837,464563.2398,7.48208,155.6,TRUE,5.3,395,300
12956,2022/10/23 15:46,131.5333242,47.0883315,5217172.675,464565.0727,7.20428,161.1,TRUE,5.3,364,300
12957,2022/10/23 15:46,131.5333673,47.08826933,5217165.743,464568.304,6.83388,157.6,TRUE,5.3,377,300
12958,2022/10/23 15:46,131.533403,47.08820683,5217158.779,464570.9733,7.25984,161.7,TRUE,5.3,400,300
12959,2022/10/23 15:46,131.5334418,47.08814083,5217151.424,464573.8757,6.40792,164.4,TRUE,5.3,386,300
12960,2022/10/23 15:46,131.5334712,47.08808283,5217144.963,464576.0696,7.29688,164.3,TRUE,5.3,366,300
12961,2022/10/23 15:46,131.5335065,47.08801733,5217137.665,464578.7065,7.25984,167.1,TRUE,5.3,398,300
12962,2022/10/23 15:46,131.5335355,47.087943,5217129.388,464580.8592,6.64868,157.4,TRUE,5.3,368,300
12963,2022/10/23 15:46,131.5335595,47.08787267,5217121.559,464582.6349,7.11168,164.1,TRUE,5.3,400,300
12964,2022/10/23 15:46,131.533561,47.08780483,5217114.016,464582.7039,5.88936,174.9,TRUE,5.3,360,300
12965,2022/10/23 15:46,131.5335943,47.08774383,5217107.22,464585.1919,6.2968,170.6,TRUE,5.3,376,300
12966,2022/10/23 15:46,131.5336352,47.08769683,5217101.976,464588.2664,0,0,FALSE,5.3,0,300
12967,2022/10/23 15:46,131.5336272,47.0877115,5217103.611,464587.6686,3.85216,327.5,FALSE,5.3,0,300
12968,2022/10/23 15:46,131.5335843,47.087745,5217107.354,464584.4334,4.40776,303.2,FALSE,5.3,0,300
12969,2022/10/23 15:46,131.5335665,47.08775167,5217108.104,464583.0862,6.6672,75,FALSE,5.3,0,300
12970,2022/10/23 15:46,131.5336685,47.08777117,5217110.226,464590.8442,6.81536,34,FALSE,5.3,0,300
12971,2022/10/23 15:47,131.533717,47.0877995,5217113.353,464594.5456,0.57412,352.2,FALSE,5.3,0,300
12972,2022/10/23 15:47,131.5337322,47.08779317,5217112.642,464595.6955,4.88928,359.4,FALSE,5.3,0,300
12973,2022/10/23 15:47,131.5337203,47.087832,5217116.965,464594.8177,4.00032,1.5,TRUE,5.3,400,300
12974,2022/10/23 15:47,131.5337233,47.087869,5217121.077,464595.07,4.40776,348.9,TRUE,5.3,400,300
12975,2022/10/23 15:47,131.533711,47.0879105,5217125.696,464594.1636,4.48184,343.5,TRUE,5.3,400,300
12976,2022/10/23 15:47,131.5336783,47.087949,5217129.991,464591.7061,4.42628,336.7,TRUE,5.3,398,300
12977,2022/10/23 15:47,131.5336507,47.088018,5217137.674,464589.6562,3.9818,347.7,TRUE,5.3,369,300
12978,2022/10/23 15:47,131.533629,47.0880805,5217144.632,464588.0499,6.1116,343.3,TRUE,5.3,400,300
12979,2022/10/23 15:47,131.5336077,47.08814417,5217151.72,464586.4748,5.44488,351.1,TRUE,5.3,368,300
12980,2022/10/23 15:47,131.533573,47.08820133,5217158.091,464583.8779,6.83388,345.4,TRUE,5.3,400,300
12981,2022/10/23 15:47,131.5335382,47.088267,5217165.407,464581.279,6.83388,344.2,TRUE,5.3,371,300
12982,2022/10/23 15:47,131.5334983,47.08833433,5217172.91,464578.294,6.945,345.1,TRUE,5.3,375,300
12983,2022/10/23 15:47,131.5334563,47.08840183,5217180.433,464575.1497,6.50052,340.7,TRUE,5.3,397,300
12984,2022/10/23 15:47,131.5334083,47.08847133,5217188.182,464571.5511,7.1302,341.6,TRUE,5.3,395,300
12985,2022/10/23 15:47,131.5333758,47.08853633,5217195.423,464569.1265,7.408,344.9,TRUE,5.3,369,300
12986,2022/10/23 15:48,131.5333312,47.08861433,5217204.114,464565.7917,6.90796,344.9,TRUE,5.3,398,300
12987,2022/10/23 15:48,131.5332907,47.08868767,5217212.286,464562.7652,6.63016,340.8,TRUE,5.3,374,300
12988,2022/10/23 15:48,131.5332517,47.08875717,5217220.03,464559.8501,7.05612,346.8,TRUE,5.3,400,300
12989,2022/10/23 15:48,131.533211,47.0888205,5217227.089,464556.8017,7.1302,341.1,TRUE,5.3,396,300
12990,2022/10/23 15:48,131.5331793,47.08888967,5217234.793,464554.4407,7.2228,343.5,TRUE,5.3,356,300
12991,2022/10/23 15:48,131.5331353,47.08896633,5217243.336,464551.1506,7.463561,344.4,TRUE,5.3,398,300
12992,2022/10/23 15:48,131.5331068,47.08902867,5217250.279,464549.028,7.61172,344.6,TRUE,5.3,400,300
12993,2022/10/23 15:48,131.5330762,47.08909967,5217258.186,464546.7517,7.1302,341.7,TRUE,5.3,361,300
12994,2022/10/23 15:48,131.5330415,47.08917083,5217266.113,464544.1641,6.88944,340.2,TRUE,5.3,394,300
12995,2022/10/23 15:48,131.5330078,47.08923117,5217272.836,464541.6454,6.3894,342.1,TRUE,5.3,393,300
12996,2022/10/23 15:48,131.5329772,47.089295,5217279.946,464539.3643,6.09308,338.5,TRUE,5.3,390,300
12997,2022/10/23 15:48,131.5329363,47.0893635,5217287.58,464536.3043,6.83388,346.1,TRUE,5.3,369,300
12998,2022/10/23 15:48,131.5328983,47.08943167,5217295.176,464533.4642,6.16716,342.5,TRUE,5.3,365,300
12999,2022/10/23 15:48,131.532864,47.0894945,5217302.177,464530.9016,6.90796,343.2,TRUE,5.3,376,300
13000,2022/10/23 15:48,131.5328247,47.089565,5217310.032,464527.9644,6.5746,347.2,TRUE,5.3,397,300
13001,2022/10/23 15:49,131.5327888,47.08963017,5217317.293,464525.2818,6.64868,345.1,TRUE,5.3,375,300
13002,2022/10/23 15:49,131.5327472,47.08970183,5217325.279,464522.1708,6.7598,347.3,TRUE,5.3,394,300
13003,2022/10/23 15:49,131.5327108,47.089763,5217332.096,464519.4476,7.18576,343.5,TRUE,5.3,353,300
13004,2022/10/23 15:49,131.5326812,47.08982483,5217338.983,464517.2412,6.59312,341.5,TRUE,5.3,349,300
13005,2022/10/23 15:49,131.5326478,47.089892,5217346.466,464514.7498,7.05612,345.1,TRUE,5.3,371,300
13006,2022/10/23 15:49,131.5326077,47.08996167,5217354.229,464511.7514,6.7598,342.7,TRUE,5.3,371,300
13007,2022/10/23 15:49,131.5325673,47.09002733,5217361.547,464508.7275,7.63024,344.2,TRUE,5.3,374,300
13008,2022/10/23 15:49,131.5325475,47.090091,5217368.634,464507.2664,7.463561,344,TRUE,5.3,360,300
13009,2022/10/23 15:49,131.5325128,47.090152,5217375.432,464504.6722,6.37088,344.5,TRUE,5.3,373,300
13010,2022/10/23 15:49,131.5324723,47.09021783,5217382.768,464501.6409,7.27836,341.3,TRUE,5.3,367,300
13011,2022/10/23 15:49,131.5324315,47.09029233,5217391.069,464498.5926,7.44504,344.6,TRUE,5.3,363,300
13012,2022/10/23 15:49,131.5323958,47.0903635,5217398.998,464495.9292,7.57468,340.2,TRUE,5.3,395,300
13013,2022/10/23 15:49,131.5323647,47.09043183,5217406.608,464493.6133,8.27844,341.5,TRUE,5.3,374,300
13014,2022/10/23 15:49,131.5323268,47.0904965,5217413.815,464490.7786,7.94508,338,TRUE,5.3,375,300
13015,2022/10/23 15:49,131.5322927,47.09056583,5217421.538,464488.2356,7.01908,343.3,TRUE,5.3,366,300
13016,2022/10/23 15:50,131.5322477,47.09064267,5217430.101,464484.87,6.61164,339.9,TRUE,5.3,400,300
13017,2022/10/23 15:50,131.5322102,47.0907115,5217437.77,464482.0685,7.53764,347.5,TRUE,5.3,365,300
13018,2022/10/23 15:50,131.5321795,47.09078717,5217446.196,464479.7878,7.1302,340.8,TRUE,5.3,354,300
13019,2022/10/23 15:50,131.5321487,47.09085383,5217453.621,464477.4936,6.79684,347,TRUE,5.3,350,300
13020,2022/10/23 15:50,131.5321133,47.09091983,5217460.974,464474.8497,7.16724,345.9,TRUE,5.3,361,300
13021,2022/10/23 15:50,131.532076,47.090989,5217468.681,464472.0636,7.00056,350.8,TRUE,5.3,366,300
13022,2022/10/23 15:50,131.5320408,47.09104783,5217475.237,464469.4301,7.05612,345.5,TRUE,5.3,400,300
13023,2022/10/23 15:50,131.532012,47.09110133,5217481.198,464467.279,6.5746,342.8,TRUE,5.3,397,300
13024,2022/10/23 15:50,131.5319782,47.091165,5217488.292,464464.755,5.68564,342.1,TRUE,5.3,351,300
13025,2022/10/23 15:50,131.5319493,47.09122,5217494.42,464462.5973,5.90788,343.9,TRUE,5.3,356,300
13026,2022/10/23 15:50,131.5319182,47.0912775,5217500.826,464460.2743,6.07456,341.7,TRUE,5.3,372,300
13027,2022/10/23 15:50,131.5318863,47.09133767,5217507.53,464457.8923,6.945,343.8,TRUE,5.3,359,300
13028,2022/10/23 15:50,131.5318525,47.09140133,5217514.622,464455.3683,6.6672,342.8,TRUE,5.3,395,300
13029,2022/10/23 15:50,131.531819,47.09145867,5217521.012,464452.863,6.50052,344.6,TRUE,5.3,371,300
13030,2022/10/23 15:50,131.5317832,47.09152067,5217527.921,464450.1861,6.019,342.7,TRUE,5.3,388,300
13031,2022/10/23 15:51,131.5317562,47.09158067,5217534.604,464448.176,6.482,345.3,TRUE,5.3,369,300
13032,2022/10/23 15:51,131.5317307,47.09163783,5217540.97,464446.2779,6.37088,337.9,TRUE,5.3,394,300
13033,2022/10/23 15:51,131.5316957,47.09169817,5217547.694,464443.6607,6.8524,346,TRUE,5.3,365,300
13034,2022/10/23 15:51,131.5316693,47.091759,5217554.469,464441.6967,5.50044,344.7,TRUE,5.3,400,300
13035,2022/10/23 15:51,131.5316332,47.09181467,5217560.674,464438.9929,5.51896,338.8,TRUE,5.3,361,300
13036,2022/10/23 15:51,131.531592,47.09187583,5217567.492,464435.9055,6.25976,341.5,TRUE,5.3,363,300
13037,2022/10/23 15:51,131.5315633,47.091938,5217574.417,464433.7678,6.5746,345.2,TRUE,5.3,347,300
13038,2022/10/23 15:51,131.5315375,47.09198767,5217579.95,464431.842,5.79676,347.1,TRUE,5.3,359,300
13039,2022/10/23 15:51,131.531506,47.0920515,5217587.061,464429.4929,6.63016,343.1,TRUE,5.3,370,300
13040,2022/10/23 15:51,131.5314785,47.09211033,5217593.614,464427.4441,6.5746,344.3,TRUE,5.3,359,300
13041,2022/10/23 15:51,131.5314427,47.092172,5217600.486,464424.7671,6.70424,346.8,TRUE,5.3,357,300
13042,2022/10/23 15:51,131.5314135,47.0922315,5217607.114,464422.5897,6.72276,345.1,TRUE,5.3,362,300
13043,2022/10/23 15:51,131.5313782,47.09228533,5217613.114,464419.9454,6.70424,339.5,TRUE,5.3,371,300
13044,2022/10/23 15:51,131.5313433,47.09235117,5217620.45,464417.3395,6.37088,347.4,TRUE,5.3,353,300
13045,2022/10/23 15:51,131.5313155,47.09241133,5217627.151,464415.2688,6.5746,345.2,TRUE,5.3,358,300
13046,2022/10/23 15:52,131.5312838,47.0924645,5217633.076,464412.8974,6.72276,339.6,TRUE,5.3,352,300
13047,2022/10/23 15:52,131.5312487,47.09252333,5217639.632,464410.2717,6.33384,344.2,TRUE,5.3,400,300
13048,2022/10/23 15:52,131.5312125,47.09258417,5217646.413,464407.5637,6.87092,341.1,TRUE,5.3,374,300
13049,2022/10/23 15:52,131.5311838,47.09264767,5217653.485,464405.427,6.03752,346,TRUE,5.3,364,300
13050,2022/10/23 15:52,131.5311487,47.09270067,5217659.393,464402.7974,7.408,342.7,TRUE,5.3,349,300
13051,2022/10/23 15:52,131.5311205,47.09276183,5217666.205,464400.6971,5.44488,346.9,TRUE,5.3,365,300
13052,2022/10/23 15:52,131.5310875,47.09282,5217672.687,464398.2304,6.31532,338.4,TRUE,5.3,363,300
13053,2022/10/23 15:52,131.5310545,47.09287867,5217679.225,464395.764,6.13012,341.7,TRUE,5.3,361,300
13054,2022/10/23 15:52,131.5310303,47.092935,5217685.498,464393.9642,6.16716,345.5,TRUE,5.3,358,300
13055,2022/10/23 15:52,131.530996,47.0930045,5217693.24,464391.4063,6.74128,338,TRUE,5.3,375,300
13056,2022/10/23 15:52,131.5309588,47.09306667,5217700.169,464388.6234,7.01908,342.8,TRUE,5.3,393,300
13057,2022/10/23 15:52,131.5309193,47.09313583,5217707.875,464385.6705,7.5006,339.6,TRUE,5.3,357,300
13058,2022/10/23 15:52,131.5308903,47.09319317,5217714.263,464383.507,6.42644,342.1,TRUE,5.3,356,300
13059,2022/10/23 15:52,131.5308633,47.0932415,5217719.648,464381.4892,6.1116,346.6,TRUE,5.3,356,300
13060,2022/10/23 15:52,131.5308262,47.09330417,5217726.633,464378.7143,6.33384,339.6,TRUE,5.3,366,300
13061,2022/10/23 15:53,131.5307963,47.09336417,5217733.316,464376.4842,6.70424,344.2,TRUE,5.3,377,300
13062,2022/10/23 15:53,131.5307562,47.09342983,5217740.634,464373.4834,7.463561,345.3,TRUE,5.3,349,300
13063,2022/10/23 15:53,131.5307245,47.09349567,5217747.968,464371.1206,6.87092,340.9,TRUE,5.3,388,300
13064,2022/10/23 15:53,131.5306912,47.09356033,5217755.172,464368.6355,7.05612,346.2,TRUE,5.3,370,300
13065,2022/10/23 15:53,131.5306537,47.09362383,5217762.248,464365.8307,7.408,340.6,TRUE,5.3,393,300
13066,2022/10/23 15:53,131.5306162,47.09369183,5217769.825,464363.029,7.92656,341.5,TRUE,5.3,367,300
13067,2022/10/23 15:53,131.5305897,47.093767,5217778.194,464361.0672,7.11168,346.4,TRUE,5.3,365,300
13068,2022/10/23 15:53,131.5305357,47.0938545,5217787.946,464357.0258,6.3894,341.2,TRUE,5.3,375,300
13069,2022/10/23 15:53,131.5304952,47.09391433,5217794.616,464353.9908,7.0376,344.8,TRUE,5.3,391,300
13070,2022/10/23 15:53,131.5304623,47.09398633,5217802.636,464351.541,7.0376,345.7,TRUE,5.3,377,300
13071,2022/10/23 15:53,131.5304312,47.094048,5217809.506,464349.221,5.87084,344.2,TRUE,5.3,398,300
13072,2022/10/23 15:53,131.5304085,47.09409383,5217814.611,464347.5281,5.01892,351.9,TRUE,5.3,368,300
13073,2022/10/23 15:53,131.5303882,47.09413167,5217818.827,464346.0122,5.4634,342.5,TRUE,5.3,396,300
13074,2022/10/23 15:53,131.5303587,47.09418483,5217824.751,464343.808,5.13004,344.5,TRUE,5.3,370,300
13075,2022/10/23 15:53,131.5303287,47.09423667,5217830.527,464341.5649,6.59312,344.2,TRUE,5.3,358,300
13076,2022/10/23 15:54,131.5303007,47.0943015,5217837.748,464339.4824,6.3894,338.5,TRUE,5.3,365,300
13077,2022/10/23 15:54,131.5302707,47.09436,5217844.265,464337.2438,6.37088,345.3,TRUE,5.3,396,300
13078,2022/10/23 15:54,131.5302275,47.09442183,5217851.158,464334.0052,6.92648,348.1,TRUE,5.3,365,300
13079,2022/10/23 15:54,131.5301862,47.0944925,5217859.034,464330.9168,6.3894,345.7,TRUE,5.3,369,300
13080,2022/10/23 15:54,131.530159,47.09455783,5217866.309,464328.8954,7.55616,349,TRUE,5.3,350,300
13081,2022/10/23 15:54,131.5301177,47.09463583,5217874.999,464325.8119,7.94508,342.5,TRUE,5.3,353,300
13082,2022/10/23 15:54,131.5300763,47.094703,5217882.486,464322.7136,7.25984,344.1,TRUE,5.3,368,300
13083,2022/10/23 15:54,131.5300477,47.09477117,5217890.077,464320.5878,7.33392,348.5,TRUE,5.3,344,300
13084,2022/10/23 15:54,131.5300118,47.09484083,5217897.838,464317.9088,7.37096,340,TRUE,5.3,360,300
13085,2022/10/23 15:54,131.52998,47.09491267,5217905.839,464315.5425,7.81544,343.5,TRUE,5.3,368,300
13086,2022/10/23 15:54,131.5299492,47.0949835,5217913.727,464313.2514,7.48208,343.7,TRUE,5.3,360,300
13087,2022/10/23 15:54,131.5299132,47.0950495,5217921.081,464310.5624,7.29688,346.2,TRUE,5.3,362,300
13088,2022/10/23 15:54,131.5298683,47.09512417,5217929.403,464307.2034,7.00056,337,TRUE,5.3,286,300
13089,2022/10/23 15:54,131.5298238,47.09518767,5217936.483,464303.8674,5.7412,347.4,TRUE,5.3,352,300
13090,2022/10/23 15:54,131.5297953,47.09524867,5217943.277,464301.7444,5.3708,345.4,TRUE,5.3,357,300
13091,2022/10/23 15:55,131.5297695,47.095301,5217949.107,464299.8206,4.87076,347.6,TRUE,5.3,400,300
13092,2022/10/23 15:55,131.5297363,47.09535483,5217955.106,464297.3361,5.093,348.4,TRUE,5.3,372,300
13093,2022/10/23 15:55,131.5297097,47.09540567,5217960.77,464295.3506,6.09308,346.2,TRUE,5.3,357,300
13094,2022/10/23 15:55,131.52968,47.095459,5217966.713,464293.1314,6.33384,343.9,TRUE,5.3,357,300
13095,2022/10/23 15:55,131.5296463,47.09552417,5217973.973,464290.6164,6.1116,347.3,TRUE,5.3,372,300
13096,2022/10/23 15:55,131.5296202,47.09558083,5217980.284,464288.6728,6.14864,342.8,TRUE,5.3,396,300
13097,2022/10/23 15:55,131.5295808,47.095643,5217987.214,464285.7231,6.61164,345.3,TRUE,5.3,353,300
13098,2022/10/23 15:55,131.5295487,47.09570633,5217994.269,464283.3284,6.16716,346.6,TRUE,5.3,364,300
13099,2022/10/23 15:55,131.5295205,47.095762,5218000.471,464281.2247,4.8152,344.5,TRUE,5.3,387,300
13100,2022/10/23 15:55,131.5294942,47.095819,5218006.82,464279.2661,4.92632,343.9,TRUE,5.3,400,300
13101,2022/10/23 15:55,131.529464,47.09586717,5218012.189,464277.0056,4.03736,350.2,TRUE,5.3,394,300
13102,2022/10/23 15:55,131.5294473,47.09591683,5218017.717,464275.7709,5.85232,345.8,TRUE,5.3,400,300
13103,2022/10/23 15:55,131.5294152,47.0959715,5218023.81,464273.3705,5.59304,349.5,TRUE,5.3,400,300
13104,2022/10/23 15:55,131.5293865,47.09602717,5218030.012,464271.2288,4.3522,344.7,TRUE,5.3,393,300
13105,2022/10/23 15:55,131.52937,47.09607267,5218035.078,464270.0066,4.167,346.3,TRUE,5.3,399,300
13106,2022/10/23 15:56,131.529355,47.09610817,5218039.031,464268.8915,4.00032,357.7,TRUE,5.3,400,300
13107,2022/10/23 15:56,131.5293388,47.09613733,5218042.28,464267.6812,3.50028,351.1,TRUE,5.3,391,300
13108,2022/10/23 15:56,131.5293148,47.09617417,5218046.387,464265.8837,2.44464,350.9,TRUE,5.3,253,300
13109,2022/10/23 15:56,131.5292977,47.09622317,5218051.842,464264.6183,1.389,102.9,TRUE,5.3,400,300
13110,2022/10/23 15:56,131.5293207,47.09620083,5218049.348,464266.3495,4.55592,148.9,FALSE,5.3,0,300
13111,2022/10/23 15:56,131.5293402,47.0961725,5218046.189,464267.811,5.44488,8,FALSE,5.3,0,300
13112,2022/10/23 15:56,131.5293707,47.09620417,5218049.696,464270.1477,5.07448,76.5,FALSE,5.3,0,300
13113,2022/10/23 15:56,131.5294145,47.09620083,5218049.305,464273.4707,6.05604,258.2,FALSE,5.3,0,300
13114,2022/10/23 15:56,131.5293243,47.09619517,5218048.717,464266.619,0.85192,271,FALSE,5.3,0,300
13115,2022/10/23 15:56,131.5293155,47.09618183,5218047.238,464265.942,0.48152,146.2,FALSE,5.3,0,300
13116,2022/10/23 15:56,131.529297,47.09616383,5218045.245,464264.5255,4.94484,163.2,FALSE,5.3,0,300
13117,2022/10/23 15:56,131.5292673,47.09613883,5218042.48,464262.2539,3.38916,176.9,TRUE,5.3,246,300
13118,2022/10/23 15:56,131.5292775,47.0961175,5218040.104,464263.014,3.50028,173.8,TRUE,5.3,363,300
13119,2022/10/23 15:56,131.5293022,47.09608867,5218036.887,464264.87,4.79668,165.7,TRUE,5.3,356,300
13120,2022/10/23 15:56,131.5293392,47.0960405,5218031.515,464267.6468,6.3894,174.5,TRUE,5.3,356,300
13121,2022/10/23 15:57,131.5293865,47.09597517,5218024.231,464271.194,6.16716,172.6,TRUE,5.3,358,300
13122,2022/10/23 15:57,131.5294057,47.0959195,5218018.033,464272.6145,5.79676,168.2,TRUE,5.3,357,300
13123,2022/10/23 15:57,131.5294582,47.09585533,5218010.875,464276.5573,5.94492,166.9,TRUE,5.3,375,300
13124,2022/10/23 15:57,131.5294847,47.09579283,5218003.915,464278.5274,6.6672,162.1,TRUE,5.3,357,300
13125,2022/10/23 15:57,131.5295073,47.09573317,5217997.272,464280.2033,6.33384,164.2,TRUE,5.3,260,300
13126,2022/10/23 15:57,131.5295427,47.09566167,5217989.307,464282.843,7.852479,164.5,TRUE,5.3,374,300
13127,2022/10/23 15:57,131.5296045,47.09558917,5217981.219,464287.4864,6.63016,165.5,TRUE,5.3,360,300
13128,2022/10/23 15:57,131.5296408,47.0955275,5217974.346,464290.2011,7.00056,165.3,TRUE,5.3,399,300
13129,2022/10/23 15:57,131.5296898,47.0954615,5217966.986,464293.8771,7.1302,163.2,TRUE,5.3,358,300
13130,2022/10/23 15:57,131.529732,47.09539467,5217959.537,464297.0362,7.14872,164.7,TRUE,5.3,383,300
13131,2022/10/23 15:57,131.529766,47.09532533,5217951.813,464299.5712,6.31532,162,TRUE,5.3,358,300
13132,2022/10/23 15:57,131.5298023,47.09526633,5217945.237,464302.2877,6.98204,163.7,TRUE,5.3,362,300
13133,2022/10/23 15:57,131.5298305,47.09520017,5217937.869,464304.3844,6.482,172.6,TRUE,5.3,400,300
13134,2022/10/23 15:57,131.5298657,47.09515133,5217932.424,464307.0242,5.85232,161.9,TRUE,5.3,355,300
13135,2022/10/23 15:57,131.529899,47.09508467,5217924.998,464309.5078,5.6486,162.3,TRUE,5.3,400,300
13136,2022/10/23 15:58,131.5299297,47.09502733,5217918.609,464311.8003,5.66712,164.2,TRUE,5.3,359,300
13137,2022/10/23 15:58,131.5299487,47.09497483,5217912.764,464313.2077,6.24124,161,TRUE,5.3,364,300
13138,2022/10/23 15:58,131.5299783,47.09490983,5217905.524,464315.4115,6.482,167.4,TRUE,5.3,369,300
13139,2022/10/23 15:58,131.5300175,47.09483883,5217897.613,464318.3402,7.33392,167.1,TRUE,5.3,397,300
13140,2022/10/23 15:58,131.530057,47.094773,5217890.276,464321.2951,6.77832,161.7,TRUE,5.3,371,300
13141,2022/10/23 15:58,131.530085,47.094701,5217882.259,464323.3728,6.42644,168.1,TRUE,5.3,370,300
13142,2022/10/23 15:58,131.5301192,47.09463483,5217874.887,464325.9251,6.019,167.8,TRUE,5.3,372,300
13143,2022/10/23 15:58,131.5301447,47.09458267,5217869.077,464327.8263,5.24116,164.9,TRUE,5.3,400,300
13144,2022/10/23 15:58,131.530174,47.09454067,5217864.394,464330.0228,4.63,163.3,TRUE,5.3,362,300
13145,2022/10/23 15:58,131.530215,47.09449233,5217859.002,464333.1033,5.48192,165.1,TRUE,5.3,364,300
13146,2022/10/23 15:58,131.5302462,47.09444067,5217853.244,464335.4375,5.11152,165.5,TRUE,5.3,385,300
13147,2022/10/23 15:58,131.5302808,47.0943845,5217846.984,464338.0269,5.68564,161.4,TRUE,5.3,373,300
13148,2022/10/23 15:58,131.5303163,47.094327,5217840.575,464340.6838,5.51896,167.5,TRUE,5.3,369,300
13149,2022/10/23 15:58,131.5303417,47.09426367,5217833.523,464342.5699,6.16716,164.1,TRUE,5.3,394,300
13150,2022/10/23 15:58,131.5303682,47.09420867,5217827.397,464344.5451,6.53756,161.3,TRUE,5.3,375,300
13151,2022/10/23 15:59,131.5304072,47.09414083,5217819.837,464347.4608,7.37096,163.8,TRUE,5.3,351,300
13152,2022/10/23 15:59,131.5304322,47.09407167,5217812.137,464349.3127,7.37096,161.6,TRUE,5.3,358,300
13153,2022/10/23 15:59,131.5304695,47.0940035,5217804.541,464352.0991,6.51904,165.5,TRUE,5.3,374,300
13154,2022/10/23 15:59,131.5305043,47.0939375,5217797.188,464354.6972,6.59312,164.4,TRUE,5.3,383,300
13155,2022/10/23 15:59,131.5305338,47.09387417,5217790.134,464356.8946,7.27836,162,TRUE,5.3,400,300
13156,2022/10/23 15:59,131.5305625,47.09382067,5217784.173,464359.0379,6.37088,164.7,TRUE,5.3,363,300
13157,2022/10/23 15:59,131.5305955,47.093755,5217776.857,464361.4995,6.68572,167.4,TRUE,5.3,374,300
13158,2022/10/23 15:59,131.53064,47.09368467,5217769.018,464364.8312,6.2968,163.9,TRUE,5.3,349,300
13159,2022/10/23 15:59,131.530676,47.09361217,5217760.942,464367.516,7.408,162.5,TRUE,5.3,382,300
13160,2022/10/23 15:59,131.5307177,47.093549,5217753.9,464370.6399,6.35236,167.1,TRUE,5.3,400,300
13161,2022/10/23 15:59,131.5307403,47.093476,5217745.774,464372.3071,6.98204,162.4,TRUE,5.3,375,300
13162,2022/10/23 15:59,131.5307717,47.0934055,5217737.922,464374.644,7.51912,166.9,TRUE,5.3,393,300
13163,2022/10/23 15:59,131.530809,47.0933445,5217731.124,464377.4353,5.9264,167.8,TRUE,5.3,265,300
13164,2022/10/23 15:59,131.5308327,47.09328817,5217724.851,464379.1971,7.75988,168.2,TRUE,5.3,376,300
13165,2022/10/23 15:59,131.5308577,47.09323233,5217718.632,464381.058,6.42644,161.4,TRUE,5.3,347,300
13166,2022/10/23 16:00,131.5308948,47.09316567,5217711.204,464383.8303,6.6672,164.2,TRUE,5.3,351,300
13167,2022/10/23 16:00,131.5309377,47.09309,5217702.772,464387.0369,6.53756,166.3,TRUE,5.3,355,300
13168,2022/10/23 16:00,131.530982,47.09301267,5217694.155,464390.3488,7.14872,168.8,TRUE,5.3,364,300
13169,2022/10/23 16:00,131.5310122,47.09293833,5217685.877,464392.5922,7.24132,161.7,TRUE,5.3,400,300
13170,2022/10/23 16:00,131.5310478,47.09287067,5217678.338,464395.25,7.463561,166.4,TRUE,5.3,400,300
13171,2022/10/23 16:00,131.5310783,47.09280767,5217671.321,464397.5237,6.51904,163.1,TRUE,5.3,362,300
13172,2022/10/23 16:00,131.531124,47.09274867,5217664.741,464400.9541,6.87092,165.8,TRUE,5.3,400,300
13173,2022/10/23 16:00,131.5311458,47.092679,5217656.985,464402.5628,5.6486,164.6,TRUE,5.3,369,300
13174,2022/10/23 16:00,131.5311887,47.0926175,5217650.129,464405.779,5.0004,166.5,TRUE,5.3,396,300
13175,2022/10/23 16:00,131.5312108,47.09257033,5217644.875,464407.4255,4.5374,163.8,TRUE,5.3,400,300
13176,2022/10/23 16:00,131.5312517,47.0925145,5217638.649,464410.4936,5.50044,165.1,TRUE,5.3,350,300
13177,2022/10/23 16:00,131.5312755,47.09245467,5217631.987,464412.2607,6.00048,168.8,TRUE,5.3,377,300
13178,2022/10/23 16:00,131.5313023,47.09239933,5217625.823,464414.2586,4.85224,169.8,TRUE,5.3,369,300
13179,2022/10/23 16:00,131.5313353,47.09234467,5217619.731,464416.7277,5.81528,168.6,TRUE,5.3,360,300
13180,2022/10/23 16:00,131.531371,47.09228383,5217612.951,464419.3977,5.81528,160.2,TRUE,5.3,363,300
13181,2022/10/23 16:01,131.531401,47.09223383,5217607.379,464421.6422,4.83372,171.6,TRUE,5.3,361,300
13182,2022/10/23 16:01,131.5314167,47.09218717,5217602.184,464422.8031,5.66712,167.5,TRUE,5.3,362,300
13183,2022/10/23 16:01,131.5314285,47.09213417,5217596.287,464423.6637,4.74112,170.2,TRUE,5.3,360,300
13184,2022/10/23 16:01,131.5314648,47.09207383,5217589.562,464426.3796,5.25968,167.2,TRUE,5.3,368,300
13185,2022/10/23 16:01,131.5314937,47.09202767,5217584.417,464428.5431,5.87084,166.5,TRUE,5.3,270,300
13186,2022/10/23 16:01,131.5315318,47.09196233,5217577.136,464431.3924,6.50052,165.9,TRUE,5.3,354,300
13187,2022/10/23 16:01,131.5315613,47.09189033,5217569.118,464433.5842,6.61164,166.4,TRUE,5.3,374,300
13188,2022/10/23 16:01,131.531604,47.09182833,5217562.206,464436.785,6.77832,162.4,TRUE,5.3,400,300
13189,2022/10/23 16:01,131.5316393,47.0917655,5217555.205,464439.4233,5.70416,166.1,TRUE,5.3,400,300
13190,2022/10/23 16:01,131.5316787,47.09169917,5217547.813,464442.3706,7.00056,164.3,TRUE,5.3,374,300
13191,2022/10/23 16:01,131.5317232,47.091628,5217539.881,464445.7019,7.57468,163,TRUE,5.3,359,300
13192,2022/10/23 16:01,131.5317467,47.091564,5217532.755,464447.4436,7.25984,170.7,TRUE,5.3,363,300
13193,2022/10/23 16:01,131.5317903,47.09149083,5217524.601,464450.7053,6.22272,166.2,TRUE,5.3,357,300
13194,2022/10/23 16:01,131.5318213,47.09141883,5217516.582,464453.0111,7.01908,165.4,TRUE,5.3,355,300
13195,2022/10/23 16:01,131.5318658,47.09135267,5217509.207,464456.3458,6.81536,171,TRUE,5.3,364,300
13196,2022/10/23 16:02,131.531895,47.0912865,5217501.837,464458.5188,7.16724,166.6,TRUE,5.3,369,300
13197,2022/10/23 16:02,131.5319337,47.09122217,5217494.668,464461.4143,5.94492,163.1,TRUE,5.3,366,300
13198,2022/10/23 16:02,131.5319722,47.0911505,5217486.683,464464.2898,6.79684,162.6,TRUE,5.3,372,300
13199,2022/10/23 16:02,131.5320108,47.0910815,5217478.994,464467.1747,7.11168,164.9,TRUE,5.3,400,300
13200,2022/10/23 16:02,131.5320353,47.09102117,5217472.276,464468.9948,6.44496,166,TRUE,5.3,397,300
13201,2022/10/23 16:02,131.5320708,47.090955,5217464.904,464471.6462,7.0376,162.4,TRUE,5.3,352,300
13202,2022/10/23 16:02,131.5321045,47.09088217,5217456.792,464474.1565,6.55608,168,TRUE,5.3,367,300
13203,2022/10/23 16:02,131.5321443,47.090826,5217450.529,464477.141,6.00048,161.8,TRUE,5.3,375,300
13204,2022/10/23 16:02,131.5321787,47.09075933,5217443.102,464479.7086,7.408,166.3,TRUE,5.3,371,300
13205,2022/10/23 16:02,131.5322158,47.090687,5217435.044,464482.4774,6.482,167.4,TRUE,5.3,348,300
13206,2022/10/23 16:02,131.5322377,47.09062583,5217428.233,464484.0995,6.7598,162.9,TRUE,5.3,360,300
13207,2022/10/23 16:02,131.5322723,47.09056683,5217421.658,464486.6874,7.20428,168.8,TRUE,5.3,393,300
13208,2022/10/23 16:02,131.5323053,47.090504,5217414.658,464489.1512,6.07456,161.9,TRUE,5.3,360,300
13209,2022/10/23 16:02,131.5323452,47.0904415,5217407.692,464492.1391,7.408,160.1,TRUE,5.3,364,300
13210,2022/10/23 16:02,131.5323867,47.09037117,5217399.855,464495.2434,7.48208,163,TRUE,5.3,359,300
13211,2022/10/23 16:03,131.5324233,47.09030317,5217392.278,464497.9772,6.22272,163.7,TRUE,5.3,400,300
13212,2022/10/23 16:03,131.5324418,47.09023683,5217384.895,464499.3377,6.2968,164.8,TRUE,5.3,371,300
13213,2022/10/23 16:03,131.5324718,47.090175,5217378.007,464501.5745,6.14864,159,TRUE,5.3,400,300
13214,2022/10/23 16:03,131.5325075,47.0901245,5217372.377,464504.2516,7.09316,164.9,TRUE,5.3,400,300
13215,2022/10/23 16:03,131.5325505,47.09005533,5217364.668,464507.4705,5.75972,168.2,TRUE,5.3,375,300
13216,2022/10/23 16:03,131.5325847,47.089981,5217356.389,464510.0179,6.92648,164.9,TRUE,5.3,400,300
13217,2022/10/23 16:03,131.5326153,47.089919,5217349.482,464512.3001,7.09316,164,TRUE,5.3,392,300
13218,2022/10/23 16:03,131.5326563,47.08985467,5217342.312,464515.3704,6.81536,165,TRUE,5.3,376,300
13219,2022/10/23 16:03,131.5327003,47.0897855,5217334.602,464518.6653,6.79684,161.7,TRUE,5.3,358,300
13220,2022/10/23 16:03,131.53273,47.08972533,5217327.899,464520.8804,6.51904,165.8,TRUE,5.3,399,300
13221,2022/10/23 16:03,131.5327665,47.0896705,5217321.787,464523.6154,5.98196,170.3,TRUE,5.3,395,300
13222,2022/10/23 16:03,131.5328075,47.08960567,5217314.561,464526.6854,7.07464,161,TRUE,5.3,376,300
13223,2022/10/23 16:03,131.5328435,47.08953683,5217306.892,464529.3731,6.50052,162.5,TRUE,5.3,393,300
13224,2022/10/23 16:03,131.532885,47.08948,5217300.555,464532.4865,6.64868,163,TRUE,5.3,399,300
13225,2022/10/23 16:03,131.532925,47.08942,5217293.867,464535.4838,7.3154,158.7,TRUE,5.3,374,300
13226,2022/10/23 16:04,131.5329525,47.08934833,5217285.886,464537.5243,5.22264,166,TRUE,5.3,398,300
13227,2022/10/23 16:04,131.5329958,47.08928883,5217279.252,464540.7725,6.42644,161.1,TRUE,5.3,367,300
13228,2022/10/23 16:04,131.5330233,47.08921817,5217271.384,464542.8136,6.09308,164.5,TRUE,5.3,367,300
13229,2022/10/23 16:04,131.5330578,47.08915383,5217264.216,464545.3905,6.68572,161.6,TRUE,5.3,400,300
13230,2022/10/23 16:04,131.5330998,47.0890825,5217256.267,464548.5322,7.18576,162.8,TRUE,5.3,400,300
13231,2022/10/23 16:04,131.5331338,47.08901183,5217248.395,464551.0669,7.33392,161.7,TRUE,5.3,361,300
13232,2022/10/23 16:04,131.533171,47.08893817,5217240.189,464553.8426,6.5746,161.2,TRUE,5.3,380,300
13233,2022/10/23 16:04,131.5331975,47.08886283,5217231.801,464555.8048,7.29688,162.4,TRUE,5.3,373,300
13234,2022/10/23 16:04,131.5332333,47.08879933,5217224.725,464558.4809,6.92648,165.6,TRUE,5.3,376,300
13235,2022/10/23 16:04,131.53329,47.08871767,5217215.621,464562.732,6.87092,166.1,TRUE,5.3,375,300
13236,2022/10/23 16:04,131.533345,47.08865067,5217208.148,464566.8637,7.1302,160.4,TRUE,5.3,358,300
13237,2022/10/23 16:04,131.533375,47.08858083,5217200.37,464569.0953,6.98204,166.7,TRUE,5.3,400,300
13238,2022/10/23 16:04,131.5334058,47.08850967,5217192.445,464571.3867,7.81544,160.8,TRUE,5.3,369,300
13239,2022/10/23 16:04,131.5334458,47.08843717,5217184.367,464574.3759,7.778399,163.3,TRUE,5.3,400,300
13240,2022/10/23 16:04,131.5334752,47.08836567,5217176.405,464576.5608,6.90796,162.8,TRUE,5.3,356,300
13241,2022/10/23 16:05,131.5335182,47.08830133,5217169.233,464579.7832,7.48208,163,TRUE,5.3,398,300
13242,2022/10/23 16:05,131.533542,47.08823033,5217161.329,464581.5432,6.87092,163.2,TRUE,5.3,369,300
13243,2022/10/23 16:05,131.5335645,47.08816767,5217154.352,464583.2101,8.07472,160.9,TRUE,5.3,271,300
13244,2022/10/23 16:05,131.5335998,47.08809617,5217146.388,464585.8431,7.83396,157.6,TRUE,5.3,398,300
13245,2022/10/23 16:05,131.5336432,47.088033,5217139.345,464589.0966,4.48184,163.4,TRUE,5.3,349,300
13246,2022/10/23 16:05,131.5336575,47.08797633,5217133.039,464590.1449,3.92624,176.8,TRUE,5.3,399,300
13247,2022/10/23 16:05,131.5336678,47.0879365,5217128.606,464590.9006,1.55568,329.9,TRUE,5.3,176,300
13248,2022/10/23 16:05,131.5336518,47.087951,5217130.225,464589.6953,4.38924,344.5,FALSE,5.3,0,300
13249,2022/10/23 16:05,131.5336123,47.0879865,5217134.19,464586.7195,3.75956,298.9,FALSE,5.3,0,300
13250,2022/10/23 16:05,131.533651,47.087965,5217131.782,464589.6438,6.22272,84.8,FALSE,5.3,0,300
13251,2022/10/23 16:05,131.533786,47.0879785,5217133.222,464599.9034,5.50044,14.4,FALSE,5.3,0,300
13252,2022/10/23 16:05,131.5338297,47.08796133,5217131.293,464603.2102,3.72252,194.3,FALSE,5.3,0,300
13253,2022/10/23 16:05,131.5338562,47.087932,5217128.02,464605.203,0.51856,168.8,FALSE,5.3,0,300
13254,2022/10/23 16:05,131.5338682,47.08793317,5217128.145,464606.1149,4.74112,5.4,TRUE,5.3,370,300
13255,2022/10/23 16:05,131.5338605,47.08797533,5217132.836,464605.5582,4.3522,352.1,TRUE,5.3,400,300
13256,2022/10/23 16:06,131.5338437,47.0880155,5217137.309,464604.3092,4.55592,355.1,TRUE,5.3,373,300
13257,2022/10/23 16:06,131.5338187,47.08806117,5217142.397,464602.4411,5.3708,341,TRUE,5.3,313,300
13258,2022/10/23 16:06,131.5337745,47.08812867,5217149.922,464599.1297,6.68572,339.1,TRUE,5.3,299,300
13259,2022/10/23 16:06,131.5337287,47.0882015,5217158.039,464595.7004,6.2042,338.4,TRUE,5.3,354,300
13260,2022/10/23 16:06,131.5337038,47.08827,5217165.666,464593.8551,7.463561,341.5,TRUE,5.3,347,300
13261,2022/10/23 16:06,131.5336623,47.088345,5217174.022,464590.7537,7.24132,337.1,TRUE,5.3,291,300
13262,2022/10/23 16:06,131.5336285,47.0884185,5217182.209,464588.2359,7.72284,344.2,TRUE,5.3,358,300
13263,2022/10/23 16:06,131.5336043,47.08849083,5217190.261,464586.4464,7.94508,342.2,TRUE,5.3,395,300
13264,2022/10/23 16:06,131.533554,47.08856817,5217198.882,464582.6783,7.05612,340.9,TRUE,5.3,359,300
13265,2022/10/23 16:06,131.5335028,47.08864967,5217207.965,464578.8448,7.07464,341.9,TRUE,5.3,351,300
13266,2022/10/23 16:06,131.5334612,47.08872717,5217216.6,464575.7375,6.87092,342.2,TRUE,5.3,368,300
13267,2022/10/23 16:06,131.5334175,47.088801,5217224.828,464572.4683,7.5006,341,TRUE,5.3,361,300
13268,2022/10/23 16:06,131.5333753,47.08887683,5217233.277,464569.3143,6.87092,346.9,TRUE,5.3,356,300
13269,2022/10/23 16:06,131.5333377,47.08895233,5217241.688,464566.5095,7.18576,343.9,TRUE,5.3,367,300
13270,2022/10/23 16:06,131.5332895,47.089029,5217250.233,464562.9005,6.5746,343.6,TRUE,5.3,373,300
13271,2022/10/23 16:07,131.5332545,47.0890935,5217257.419,464560.2858,7.20428,340.6,TRUE,5.3,360,300
13272,2022/10/23 16:07,131.5332165,47.08917267,5217266.238,464557.453,7.61172,345.6,TRUE,5.3,369,300
13273,2022/10/23 16:07,131.5331718,47.08925217,5217275.097,464554.1117,7.14872,339.9,TRUE,5.3,394,300
13274,2022/10/23 16:07,131.5331358,47.0893325,5217284.043,464551.4315,7.72284,342,TRUE,5.3,375,300
13275,2022/10/23 16:07,131.5330963,47.08939783,5217291.324,464548.4757,7.01908,343.4,TRUE,5.3,368,300
13276,2022/10/23 16:07,131.5330497,47.08946683,5217299.016,464544.9832,7.09316,342,TRUE,5.3,358,300
13277,2022/10/23 16:07,131.5330302,47.08953117,5217306.178,464543.5453,7.29688,342.9,TRUE,5.3,379,300
13278,2022/10/23 16:07,131.5329962,47.08960533,5217314.438,464541.0129,7.37096,343,TRUE,5.3,369,300
13279,2022/10/23 16:07,131.5329512,47.08968733,5217323.574,464537.6506,7.63024,339.1,TRUE,5.3,376,300
13280,2022/10/23 16:07,131.5329157,47.08975167,5217330.743,464534.9978,7.57468,344.1,TRUE,5.3,365,300
13281,2022/10/23 16:07,131.532872,47.089822,5217338.582,464531.7264,7.05612,341.1,TRUE,5.3,363,300
13282,2022/10/23 16:07,131.5328337,47.08989733,5217346.974,464528.8684,7.0376,342.3,TRUE,5.3,369,300
13283,2022/10/23 16:07,131.5327843,47.08997433,5217355.556,464525.1687,6.90796,345,TRUE,5.3,397,300
13284,2022/10/23 16:07,131.5327517,47.09004217,5217363.113,464522.7385,7.0376,345.2,TRUE,5.3,362,300
13285,2022/10/23 16:07,131.5327153,47.09011983,5217371.763,464520.0263,7.5932,343.2,TRUE,5.3,372,300
13286,2022/10/23 16:08,131.5326692,47.09018933,5217379.511,464516.5721,7.51912,343.3,TRUE,5.3,370,300
13287,2022/10/23 16:08,131.5326332,47.09026283,5217387.698,464513.8876,7.2228,343.8,TRUE,5.3,376,300
13288,2022/10/23 16:08,131.532588,47.09032933,5217395.112,464510.4998,7.07464,339.8,TRUE,5.3,363,300
13289,2022/10/23 16:08,131.5325578,47.09039917,5217402.89,464508.2532,7.18576,341.1,TRUE,5.3,373,300
13290,2022/10/23 16:08,131.5325278,47.09046817,5217410.574,464506.0212,7.25984,341.2,TRUE,5.3,367,300
13291,2022/10/23 16:08,131.5324808,47.09053583,5217418.117,464502.4976,6.50052,338,TRUE,5.3,400,300
13292,2022/10/23 16:08,131.5324435,47.09060533,5217425.861,464499.7117,7.53764,339.7,TRUE,5.3,358,300
13293,2022/10/23 16:08,131.5324007,47.09067133,5217433.218,464496.5059,7.81544,341.2,TRUE,5.3,349,300
13294,2022/10/23 16:08,131.5323723,47.09073583,5217440.401,464494.3924,6.945,348.2,TRUE,5.3,352,300
13295,2022/10/23 16:08,131.5323497,47.0908065,5217448.268,464492.7234,7.94508,343.3,TRUE,5.3,351,300
13296,2022/10/23 16:08,131.5323132,47.090879,5217456.345,464490.0003,6.2042,341.4,TRUE,5.3,400,300
13297,2022/10/23 16:08,131.5322808,47.090947,5217463.919,464487.5854,7.57468,341.2,TRUE,5.3,268,300
13298,2022/10/23 16:08,131.5322468,47.09101067,5217471.013,464485.0463,7.14872,337.8,TRUE,5.3,361,300
13299,2022/10/23 16:08,131.5322047,47.0910835,5217479.129,464481.8982,7.51912,339.9,TRUE,5.3,361,300
13300,2022/10/23 16:08,131.5321625,47.091154,5217486.985,464478.7409,6.14864,349.3,TRUE,5.3,369,300
13301,2022/10/23 16:09,131.5321225,47.09122617,5217495.027,464475.7519,6.87092,339.1,TRUE,5.3,353,300
13302,2022/10/23 16:09,131.5320812,47.09130317,5217503.606,464472.6673,7.37096,342.8,TRUE,5.3,362,300
13303,2022/10/23 16:09,131.5320422,47.091363,5217510.275,464469.746,7.35244,342,TRUE,5.3,296,300
13304,2022/10/23 16:09,131.5320103,47.09142717,5217517.423,464467.3666,7.37096,343,TRUE,5.3,369,300
13305,2022/10/23 16:09,131.5319747,47.09149867,5217525.388,464464.7112,6.7598,342,TRUE,5.3,374,300
13306,2022/10/23 16:09,131.5319505,47.091569,5217533.218,464462.9206,6.79684,342.9,TRUE,5.3,364,300
13307,2022/10/23 16:09,131.5319133,47.091638,5217540.906,464460.1421,7.3154,338.4,TRUE,5.3,267,300
13308,2022/10/23 16:09,131.5318707,47.091719,5217549.93,464456.9615,7.55616,342,TRUE,5.3,265,300
13309,2022/10/23 16:09,131.5318277,47.09178767,5217557.584,464453.7424,6.79684,340.9,TRUE,5.3,365,300
13310,2022/10/23 16:09,131.531795,47.0918555,5217565.14,464451.3048,6.40792,344.4,TRUE,5.3,356,300
13311,2022/10/23 16:09,131.531761,47.09192283,5217572.64,464448.7681,6.00048,341,TRUE,5.3,322,300
13312,2022/10/23 16:09,131.531719,47.09198967,5217580.09,464445.6238,6.25976,348.9,TRUE,5.3,368,300
13313,2022/10/23 16:09,131.5316762,47.09204967,5217586.78,464442.4141,6.8524,340.3,TRUE,5.3,400,300
13314,2022/10/23 16:09,131.5316342,47.0921135,5217593.895,464439.2677,7.09316,344.2,TRUE,5.3,372,300
13315,2022/10/23 16:09,131.5316045,47.09217517,5217600.765,464437.0538,7.2228,348,TRUE,5.3,395,300
13316,2022/10/23 16:10,131.5315832,47.0922315,5217607.037,464435.4741,7.2228,338.9,TRUE,5.3,360,300
13317,2022/10/23 16:10,131.5315473,47.092302,5217614.891,464432.7954,6.945,342.5,TRUE,5.3,367,300
13318,2022/10/23 16:10,131.5315063,47.09237433,5217622.951,464429.7306,7.00056,337.4,TRUE,5.3,357,300
13319,2022/10/23 16:10,131.5314795,47.09243483,5217629.689,464427.7361,6.46348,344.3,TRUE,5.3,358,300
13320,2022/10/23 16:10,131.5314417,47.0924985,5217636.784,464424.9086,6.31532,347.9,TRUE,5.3,367,300
13321,2022/10/23 16:10,131.5314082,47.09255533,5217643.117,464422.4029,6.63016,339.9,TRUE,5.3,359,300
13322,2022/10/23 16:10,131.5313778,47.09260417,5217648.561,464420.1274,6.14864,336.2,TRUE,5.3,370,300
13323,2022/10/23 16:10,131.5313433,47.09266017,5217654.802,464417.5453,5.13004,344.2,TRUE,5.3,362,300
13324,2022/10/23 16:10,131.5313093,47.09272367,5217661.877,464415.0061,5.90788,338.9,TRUE,5.3,400,300
13325,2022/10/23 16:10,131.531281,47.09278067,5217668.227,464412.8955,6.33384,339.2,TRUE,5.3,367,300
13326,2022/10/23 16:10,131.5312418,47.09284367,5217675.248,464409.9612,5.63008,342,TRUE,5.3,395,300
13327,2022/10/23 16:10,131.5312093,47.092903,5217681.859,464407.5332,6.87092,344.3,TRUE,5.3,359,300
13328,2022/10/23 16:10,131.5311987,47.0929595,5217688.145,464406.7661,5.87084,344.4,TRUE,5.3,359,300
13329,2022/10/23 16:10,131.5311667,47.09301767,5217694.627,464404.3753,6.13012,340.7,TRUE,5.3,368,300
13330,2022/10/23 16:10,131.5311282,47.09307433,5217700.943,464401.49,7.0376,338.6,TRUE,5.3,358,300
13331,2022/10/23 16:11,131.5311042,47.0931365,5217707.866,464399.7092,6.6672,343.2,TRUE,5.3,353,300
13332,2022/10/23 16:11,131.5310685,47.09318733,5217713.533,464397.0326,5.25968,339.5,TRUE,5.3,369,300
13333,2022/10/23 16:11,131.5310427,47.0932355,5217718.9,464395.1059,5.42636,341.4,TRUE,5.3,371,300
13334,2022/10/23 16:11,131.5310198,47.09328433,5217724.339,464393.3998,6.07456,345.2,TRUE,5.3,375,300
13335,2022/10/23 16:11,131.5309915,47.09334017,5217730.559,464391.2884,5.01892,349.5,TRUE,5.3,400,300
13336,2022/10/23 16:11,131.5309693,47.09339617,5217736.795,464389.6402,5.90788,343.2,TRUE,5.3,375,300
13337,2022/10/23 16:11,131.5309405,47.09345217,5217743.034,464387.491,6.72276,338.9,TRUE,5.3,364,300
13338,2022/10/23 16:11,131.5308982,47.09351283,5217749.797,464384.3199,6.2968,345.1,TRUE,5.3,370,300
13339,2022/10/23 16:11,131.5308603,47.09357883,5217757.152,464381.4864,7.1302,342.1,TRUE,5.3,350,300
13340,2022/10/23 16:11,131.5308147,47.0936565,5217765.807,464378.0761,7.25984,343,TRUE,5.3,395,300
13341,2022/10/23 16:11,131.5307947,47.09372467,5217773.395,464376.6031,6.42644,341.3,TRUE,5.3,362,300
13342,2022/10/23 16:11,131.5307677,47.09378533,5217780.151,464374.5936,6.72276,339.6,TRUE,5.3,372,300
13343,2022/10/23 16:11,131.5307232,47.09385333,5217787.731,464371.2604,5.13004,342,TRUE,5.3,400,300
13344,2022/10/23 16:11,131.5306855,47.0939095,5217793.993,464368.4356,6.3894,342.6,TRUE,5.3,357,300
13345,2022/10/23 16:11,131.530664,47.09395967,5217799.58,464366.8368,7.2228,342.3,TRUE,5.3,372,300
13346,2022/10/23 16:12,131.530627,47.09402867,5217807.268,464364.0737,6.16716,340,TRUE,5.3,398,300
13347,2022/10/23 16:12,131.5305908,47.0940995,5217815.158,464361.3725,6.945,343.7,TRUE,5.3,375,300
13348,2022/10/23 16:12,131.5305552,47.0941665,5217822.623,464358.7144,7.25984,348.3,TRUE,5.3,398,300
13349,2022/10/23 16:12,131.5305268,47.09422917,5217829.603,464356.6,7.408,340.4,TRUE,5.3,360,300
13350,2022/10/23 16:12,131.5304863,47.09430033,5217837.533,464353.5727,7.463561,342.9,TRUE,5.3,379,300
13351,2022/10/23 16:12,131.530452,47.09437317,5217845.646,464351.0172,6.98204,342.4,TRUE,5.3,368,300
13352,2022/10/23 16:12,131.5304202,47.09444367,5217853.498,464348.6499,6.5746,342.2,TRUE,5.3,372,300
13353,2022/10/23 16:12,131.5303817,47.0945015,5217859.945,464345.7655,7.35244,344.2,TRUE,5.3,362,300
13354,2022/10/23 16:12,131.5303522,47.09456767,5217867.315,464343.57,7.55616,337,TRUE,5.3,365,300
13355,2022/10/23 16:12,131.5303158,47.09463467,5217874.78,464340.8512,5.8338,338.2,TRUE,5.3,364,300
13356,2022/10/23 16:12,131.5302792,47.094694,5217881.393,464338.1121,6.07456,345.4,TRUE,5.3,375,300
13357,2022/10/23 16:12,131.5302578,47.09473717,5217886.202,464336.5162,5.33376,344.6,TRUE,5.3,373,300
13358,2022/10/23 16:12,131.5302357,47.09478817,5217891.881,464334.8724,5.14856,348.7,TRUE,5.3,371,300
13359,2022/10/23 16:12,131.5302012,47.09485167,5217898.957,464332.2955,5.81528,345.6,TRUE,5.3,378,300
13360,2022/10/23 16:12,131.530175,47.09490517,5217904.916,464330.3421,5.53748,347,TRUE,5.3,394,300
13361,2022/10/23 16:13,131.5301498,47.094954,5217910.356,464328.4615,4.79668,346.1,TRUE,5.3,366,300
13362,2022/10/23 16:13,131.5301302,47.09499183,5217914.571,464326.9987,5.51896,341.9,TRUE,5.3,366,300
13363,2022/10/23 16:13,131.5300973,47.09505367,5217921.461,464324.5422,5.59304,345.8,TRUE,5.3,369,300
13364,2022/10/23 16:13,131.5300565,47.095108,5217927.519,464321.4809,5.77824,341.5,TRUE,5.3,364,300
13365,2022/10/23 16:13,131.5300242,47.09516933,5217934.352,464319.0696,6.07456,339,TRUE,5.3,353,300
13366,2022/10/23 16:13,131.5299998,47.09522883,5217940.978,464317.2569,6.24124,342.1,TRUE,5.3,363,300
13367,2022/10/23 16:13,131.5299747,47.09528233,5217946.937,464315.3871,6.37088,341.1,TRUE,5.3,357,300
13368,2022/10/23 16:13,131.5299403,47.09534083,5217953.457,464312.8145,6.37088,343,TRUE,5.3,368,300
13369,2022/10/23 16:13,131.5299177,47.09539517,5217959.508,464311.135,6.019,337.5,TRUE,5.3,351,300
13370,2022/10/23 16:13,131.529881,47.09545833,5217966.547,464308.3909,6.31532,336.9,TRUE,5.3,398,300
13371,2022/10/23 16:13,131.529849,47.09551833,5217973.232,464306.0015,5.81528,345.2,TRUE,5.3,357,300
13372,2022/10/23 16:13,131.529812,47.095584,5217980.549,464303.2364,6.79684,336.7,TRUE,5.3,366,300
13373,2022/10/23 16:13,131.529775,47.0956445,5217987.292,464300.4678,6.37088,346.1,TRUE,5.3,366,300
13374,2022/10/23 16:13,131.5297433,47.095705,5217994.032,464298.1016,5.90788,344.6,TRUE,5.3,358,300
13375,2022/10/23 16:13,131.5297137,47.0957595,5218000.105,464295.8908,6.5746,344.1,TRUE,5.3,365,300
13376,2022/10/23 16:14,131.5296855,47.09582067,5218006.918,464293.7907,6.5746,346,TRUE,5.3,369,300
13377,2022/10/23 16:14,131.5296452,47.09588533,5218014.125,464290.7744,6.92648,340.3,TRUE,5.3,358,300
13378,2022/10/23 16:14,131.529605,47.0959535,5218021.722,464287.768,6.74128,345.1,TRUE,5.3,386,300
13379,2022/10/23 16:14,131.5295678,47.0960155,5218028.631,464284.9852,5.9264,345.7,TRUE,5.3,373,300
13380,2022/10/23 16:14,131.5295413,47.09606667,5218034.332,464283.0076,5.3708,342,TRUE,5.3,271,300
13381,2022/10/23 16:14,131.5295113,47.09612417,5218040.738,464280.7684,5.79676,343.7,TRUE,5.3,400,300
13382,2022/10/23 16:14,131.5294947,47.0961665,5218045.452,464279.5365,4.68556,338.9,TRUE,5.3,381,300
13383,2022/10/23 16:14,131.5294752,47.09620067,5218049.26,464278.0789,3.9818,344.3,TRUE,5.3,395,300
13384,2022/10/23 16:14,131.5294555,47.0962335,5218052.918,464276.6053,6.24124,334.7,TRUE,5.3,337,300
13385,2022/10/23 16:14,131.5294458,47.09625483,5218055.294,464275.8831,0,0,FALSE,5.3,0,300
13386,2022/10/23 16:14,131.5294537,47.096223,5218051.752,464276.4616,2.79652,170.1,FALSE,5.3,0,300
13387,2022/10/23 16:14,131.5294667,47.096239,5218053.525,464277.4592,4.5374,24.8,FALSE,5.3,0,300
13388,2022/10/23 16:14,131.5295125,47.096257,5218055.505,464280.9484,2.05572,78.2,FALSE,5.3,0,300
13389,2022/10/23 16:14,131.52945,47.09624333,5218054.014,464276.1943,4.74112,297.8,FALSE,5.3,0,300
13390,2022/10/23 16:14,131.5293758,47.09623733,5218053.381,464270.5571,1.77792,169.3,FALSE,5.3,0,300
13391,2022/10/23 16:15,131.5293963,47.09622133,5218051.592,464272.1027,3.85216,159.4,FALSE,5.3,0,300
13392,2022/10/23 16:15,131.5294173,47.0962145,5218050.824,464273.6924,3.87068,166.1,TRUE,5.3,375,300
13393,2022/10/23 16:15,131.5294268,47.09620817,5218050.115,464274.4094,1.4816,157,TRUE,5.3,203,300
13394,2022/10/23 16:15,131.5294363,47.0961815,5218047.146,464275.1128,4.5374,173.1,TRUE,5.3,224,300
13395,2022/10/23 16:15,131.5294348,47.09614183,5218042.737,464274.9724,4.8152,164.8,TRUE,5.3,396,300
13396,2022/10/23 16:15,131.5294932,47.09609433,5218037.429,464279.3743,5.48192,165.6,TRUE,5.3,400,300
13397,2022/10/23 16:15,131.5295397,47.096048,5218032.257,464282.8736,4.48184,168.5,TRUE,5.3,357,300
13398,2022/10/23 16:15,131.5295765,47.095993,5218026.126,464285.6307,5.63008,164.5,TRUE,5.3,350,300
13399,2022/10/23 16:15,131.5295998,47.09594167,5218020.409,464287.3653,5.88936,156.9,TRUE,5.3,358,300
13400,2022/10/23 16:15,131.5296397,47.09588417,5218013.998,464290.356,6.945,155.6,TRUE,5.3,357,300
13401,2022/10/23 16:15,131.5296782,47.0958225,5218007.125,464293.2377,6.5746,163.3,TRUE,5.3,385,300
13402,2022/10/23 16:15,131.5297025,47.09576383,5218000.591,464295.0433,6.53756,165.5,TRUE,5.3,368,300
13403,2022/10/23 16:15,131.5297353,47.09570117,5217993.61,464297.4916,6.00048,165.7,TRUE,5.3,393,300
13404,2022/10/23 16:15,131.5297863,47.09563667,5217986.416,464301.3204,6.63016,163.5,TRUE,5.3,400,300
13405,2022/10/23 16:16,131.5298253,47.09555783,5217977.634,464304.2286,6.90796,165.1,TRUE,5.3,364,300
13406,2022/10/23 16:16,131.5298565,47.095489,5217969.967,464306.5514,7.1302,160,TRUE,5.3,365,300
13407,2022/10/23 16:16,131.5298862,47.09542883,5217963.265,464308.766,7.0376,164.9,TRUE,5.3,370,300
13408,2022/10/23 16:16,131.529902,47.09536433,5217956.087,464309.9224,6.2968,164.2,TRUE,5.3,376,300
13409,2022/10/23 16:16,131.5299455,47.0953055,5217949.527,464313.1857,4.50036,166.6,TRUE,5.3,371,300
13410,2022/10/23 16:16,131.5299643,47.095283,5217947.017,464314.5979,0,157.2,FALSE,5.3,0,300
13411,2022/10/23 16:16,131.52997,47.09526183,5217944.661,464315.0165,4.70408,169.7,TRUE,5.3,363,300
13412,2022/10/23 16:16,131.529987,47.09521083,5217938.983,464316.2731,5.25968,161.8,TRUE,5.3,346,300
13413,2022/10/23 16:16,131.5300143,47.09515817,5217933.116,464318.3106,6.6672,160.9,TRUE,5.3,362,300
13414,2022/10/23 16:16,131.5300295,47.09510017,5217926.661,464319.4258,7.11168,159.6,TRUE,5.3,359,300
13415,2022/10/23 16:16,131.5300772,47.09503533,5217919.431,464323.0039,6.68572,165.1,TRUE,5.3,356,300
13416,2022/10/23 16:16,131.530126,47.09496733,5217911.849,464326.6635,6.79684,166.2,TRUE,5.3,357,300
13417,2022/10/23 16:16,131.5301752,47.09489933,5217904.267,464330.3534,6.42644,162.8,TRUE,5.3,383,300
13418,2022/10/23 16:16,131.5302103,47.09483867,5217897.507,464332.9777,7.33392,159.6,TRUE,5.3,375,300
13419,2022/10/23 16:16,131.5302358,47.094777,5217890.64,464334.8725,5.72268,160.6,TRUE,5.3,355,300
13420,2022/10/23 16:17,131.5302762,47.09471567,5217883.803,464337.8988,7.07464,165,TRUE,5.3,398,300
13421,2022/10/23 16:17,131.5302953,47.09465467,5217877.013,464339.3081,8.167319,157.2,TRUE,5.3,400,300
13422,2022/10/23 16:17,131.530333,47.094586,5217869.361,464342.1245,7.852479,163.2,TRUE,5.3,331,300
13423,2022/10/23 16:17,131.530379,47.094515,5217861.447,464345.5695,7.27836,162.4,TRUE,5.3,356,300
13424,2022/10/23 16:17,131.530398,47.09444983,5217854.193,464346.9686,7.05612,164.1,TRUE,5.3,357,300
13425,2022/10/23 16:17,131.5304368,47.09438017,5217846.431,464349.8678,7.64876,162.1,TRUE,5.3,346,300
13426,2022/10/23 16:17,131.5304728,47.09430617,5217838.188,464352.5516,7.5932,159.2,TRUE,5.3,352,300
13427,2022/10/23 16:17,131.5305072,47.09423367,5217830.113,464355.115,7.75988,163,TRUE,5.3,369,300
13428,2022/10/23 16:17,131.5305543,47.09416417,5217822.365,464358.6445,7.14872,158.7,TRUE,5.3,372,300
13429,2022/10/23 16:17,131.5305893,47.09409867,5217815.067,464361.2581,6.31532,161.8,TRUE,5.3,362,300
13430,2022/10/23 16:17,131.530629,47.094032,5217807.637,464364.2277,6.25976,159.2,TRUE,5.3,394,300
13431,2022/10/23 16:17,131.530664,47.09397,5217800.728,464366.8437,7.1302,165.4,TRUE,5.3,345,300
13432,2022/10/23 16:17,131.5306912,47.093903,5217793.267,464368.8641,6.35236,163,TRUE,5.3,367,300
13433,2022/10/23 16:17,131.5307202,47.09385033,5217787.399,464371.0307,5.96344,158.5,TRUE,5.3,350,300
13434,2022/10/23 16:17,131.5307533,47.09379317,5217781.029,464373.5056,6.00048,162.3,TRUE,5.3,393,300
13435,2022/10/23 16:18,131.530779,47.09373467,5217774.514,464375.4178,5.6486,158.4,TRUE,5.3,360,300
13436,2022/10/23 16:18,131.5308108,47.09367783,5217768.18,464377.7942,5.70416,162.2,TRUE,5.3,353,300
13437,2022/10/23 16:18,131.5308347,47.093624,5217762.185,464379.5729,5.87084,160.8,TRUE,5.3,395,300
13438,2022/10/23 16:18,131.5308492,47.09357183,5217756.378,464380.639,6.87092,162.8,TRUE,5.3,355,300
13439,2022/10/23 16:18,131.5308865,47.09351467,5217750.007,464383.4328,6.1116,162.4,TRUE,5.3,351,300
13440,2022/10/23 16:18,131.5309237,47.09345533,5217743.393,464386.2176,6.18568,162.5,TRUE,5.3,364,300
13441,2022/10/23 16:18,131.5309385,47.093398,5217737.013,464387.303,6.31532,161.1,TRUE,5.3,384,300
13442,2022/10/23 16:18,131.5309722,47.09333933,5217730.475,464389.8225,5.7412,164,TRUE,5.3,344,300
13443,2022/10/23 16:18,131.5310078,47.0932815,5217724.03,464392.4868,6.03752,158.5,TRUE,5.3,367,300
13444,2022/10/23 16:18,131.5310488,47.09322117,5217717.304,464395.5595,7.07464,158.2,TRUE,5.3,364,300
13445,2022/10/23 16:18,131.5310955,47.0931525,5217709.648,464399.0593,7.98212,159.5,TRUE,5.3,368,300
13446,2022/10/23 16:18,131.531132,47.09308583,5217702.22,464401.7861,7.16724,159,TRUE,5.3,356,300
13447,2022/10/23 16:18,131.5311587,47.093014,5217694.222,464403.7654,6.25976,160,TRUE,5.3,369,300
13448,2022/10/23 16:18,131.5311967,47.09294817,5217686.886,464406.6067,7.14872,159.5,TRUE,5.3,393,300
13449,2022/10/23 16:18,131.531233,47.09288267,5217679.588,464409.3191,6.74128,160.8,TRUE,5.3,371,300
13450,2022/10/23 16:19,131.5312597,47.0928185,5217672.442,464411.3035,7.0376,159.1,TRUE,5.3,364,300
13451,2022/10/23 16:19,131.531305,47.09274483,5217664.231,464414.6938,7.408,167.4,TRUE,5.3,372,300
13452,2022/10/23 16:19,131.5313313,47.0926735,5217656.29,464416.6431,7.01908,161.3,TRUE,5.3,395,300
13453,2022/10/23 16:19,131.5313685,47.0926045,5217648.602,464419.4215,6.79684,166.7,TRUE,5.3,400,300
13454,2022/10/23 16:19,131.5314057,47.09254117,5217641.544,464422.2037,6.72276,162,TRUE,5.3,368,300
13455,2022/10/23 16:19,131.5314497,47.09247517,5217634.187,464425.5004,6.77832,160.1,TRUE,5.3,347,300
13456,2022/10/23 16:19,131.5314905,47.09241,5217626.923,464428.5547,6.31532,164.7,TRUE,5.3,364,300
13457,2022/10/23 16:19,131.5315093,47.09234517,5217619.707,464429.939,7.05612,160.3,TRUE,5.3,400,300
13458,2022/10/23 16:19,131.5315395,47.0922825,5217612.726,464432.1902,6.92648,162.4,TRUE,5.3,356,300
13459,2022/10/23 16:19,131.5315653,47.09221933,5217605.692,464434.107,6.44496,159.6,TRUE,5.3,359,300
13460,2022/10/23 16:19,131.5316178,47.09214833,5217597.775,464438.0457,7.0376,155.8,TRUE,5.3,367,300
13461,2022/10/23 16:19,131.531654,47.09207983,5217590.143,464440.7486,6.5746,158.6,TRUE,5.3,377,300
13462,2022/10/23 16:19,131.5316797,47.09202183,5217583.683,464442.6613,6.72276,163.1,TRUE,5.3,366,300
13463,2022/10/23 16:19,131.5317107,47.09196183,5217576.999,464444.9751,5.63008,161.6,TRUE,5.3,359,300
13464,2022/10/23 16:19,131.5317383,47.09190033,5217570.149,464447.0297,5.85232,163,TRUE,5.3,367,300
13465,2022/10/23 16:20,131.5317668,47.09183817,5217563.226,464449.1522,6.18568,160.3,TRUE,5.3,366,300
13466,2022/10/23 16:20,131.5318097,47.0917735,5217556.017,464452.3663,7.5006,163.2,TRUE,5.3,369,300
13467,2022/10/23 16:20,131.5318552,47.09170583,5217548.473,464455.7759,7.63024,160.2,TRUE,5.3,365,300
13468,2022/10/23 16:20,131.5318817,47.09163967,5217541.106,464457.7439,6.87092,160.4,TRUE,5.3,350,300
13469,2022/10/23 16:20,131.5319232,47.091569,5217533.231,464460.8478,6.77832,163.3,TRUE,5.3,375,300
13470,2022/10/23 16:20,131.5319543,47.091502,5217525.768,464463.1646,6.98204,157.7,TRUE,5.3,361,300
13471,2022/10/23 16:20,131.5320067,47.09142267,5217516.925,464467.0903,6.90796,159.9,TRUE,5.3,352,300
13472,2022/10/23 16:20,131.5320337,47.09136117,5217510.075,464469.0994,8.0562,162.2,TRUE,5.3,362,300
13473,2022/10/23 16:20,131.5320765,47.09128583,5217501.68,464472.2989,6.79684,163.1,TRUE,5.3,393,300
13474,2022/10/23 16:20,131.5321138,47.09121817,5217494.141,464475.086,7.16724,161.4,TRUE,5.3,361,300
13475,2022/10/23 16:20,131.5321423,47.09115367,5217486.958,464477.207,6.68572,162,TRUE,5.3,363,300
13476,2022/10/23 16:20,131.5321698,47.09109233,5217480.126,464479.2542,6.88944,162.8,TRUE,5.3,400,300
13477,2022/10/23 16:20,131.5322085,47.09103617,5217473.865,464482.1552,6.18568,159.8,TRUE,5.3,358,300
13478,2022/10/23 16:20,131.5322488,47.09096467,5217465.898,464485.1675,6.8524,161.2,TRUE,5.3,362,300
13479,2022/10/23 16:20,131.5322903,47.09089767,5217458.431,464488.274,7.408,155.5,TRUE,5.3,358,300
13480,2022/10/23 16:21,131.5323135,47.09082967,5217450.86,464489.9903,7.42652,159.7,TRUE,5.3,366,300
13481,2022/10/23 16:21,131.532349,47.090758,5217442.876,464492.638,7.42652,159.8,TRUE,5.3,349,300
13482,2022/10/23 16:21,131.5324037,47.09068617,5217434.866,464496.7435,6.7598,158.9,TRUE,5.3,368,300
13483,2022/10/23 16:21,131.5324392,47.09062033,5217427.53,464499.3952,7.463561,165.9,TRUE,5.3,347,300
13484,2022/10/23 16:21,131.5324643,47.09055017,5217419.719,464501.2543,7.0376,163.8,TRUE,5.3,354,300
13485,2022/10/23 16:21,131.532511,47.09047883,5217411.767,464504.7527,7.61172,165,TRUE,5.3,359,300
13486,2022/10/23 16:21,131.5325413,47.09040733,5217403.804,464507.0058,6.5746,160.2,TRUE,5.3,267,300
13487,2022/10/23 16:21,131.5325805,47.090333,5217395.523,464509.9328,7.61172,162.9,TRUE,5.3,371,300
13488,2022/10/23 16:21,131.5326228,47.09026083,5217387.481,464513.0966,7.778399,162.9,TRUE,5.3,349,300
13489,2022/10/23 16:21,131.5326512,47.090194,5217380.038,464515.2085,7.64876,162.1,TRUE,5.3,363,300
13490,2022/10/23 16:21,131.5326867,47.09011967,5217371.759,464517.8546,7.09316,164.1,TRUE,5.3,252,300
13491,2022/10/23 16:21,131.5327275,47.09005017,5217364.014,464520.9063,7.871,165.8,TRUE,5.3,359,300
13492,2022/10/23 16:21,131.5327807,47.08997333,5217355.447,464524.8947,6.87092,157.6,TRUE,5.3,363,300
13493,2022/10/23 16:21,131.5328127,47.08990083,5217347.372,464527.2762,7.74136,156.5,TRUE,5.3,370,300
13494,2022/10/23 16:21,131.5328503,47.08982533,5217338.962,464530.081,7.07464,155.3,TRUE,5.3,365,300
13495,2022/10/23 16:22,131.5328873,47.08975883,5217331.552,464532.8462,8.167319,166.5,TRUE,5.3,389,300
13496,2022/10/23 16:22,131.5329153,47.089682,5217322.998,464534.9212,7.889521,159.4,TRUE,5.3,376,300
13497,2022/10/23 16:22,131.5329722,47.08960467,5217314.375,464539.1902,7.72284,163.5,TRUE,5.3,399,300
13498,2022/10/23 16:22,131.533021,47.08952983,5217306.033,464542.8458,5.94492,159.7,TRUE,5.3,364,300
13499,2022/10/23 16:22,131.5330512,47.089463,5217298.59,464545.0945,6.59312,151.1,FALSE,5.3,0,300
13500,2022/10/23 16:22,131.5331252,47.08940517,5217292.127,464550.6749,7.75988,97.8,FALSE,5.3,0,300
13501,2022/10/23 16:22,131.5332447,47.08945883,5217298.038,464559.784,7.53764,10.8,FALSE,5.3,0,300
13502,2022/10/23 16:22,131.5332478,47.08952333,5217305.208,464560.0622,6.1116,336.5,TRUE,5.3,374,300
13503,2022/10/23 16:22,131.5331995,47.08959017,5217312.66,464556.4391,7.66728,330.8,TRUE,5.3,366,300
13504,2022/10/23 16:22,131.5331395,47.0896745,5217322.063,464551.9394,7.33392,333.1,TRUE,5.3,387,300
13505,2022/10/23 16:22,131.533079,47.08975183,5217330.687,464547.397,7.408,327.9,TRUE,5.3,357,300
13506,2022/10/23 16:22,131.5330225,47.08982633,5217338.995,464543.1565,7.53764,338.2,TRUE,5.3,361,300
13507,2022/10/23 16:22,131.53298,47.089885,5217345.537,464539.9685,8.57476,346.1,TRUE,5.3,271,300
13508,2022/10/23 16:22,131.5329293,47.08995217,5217353.027,464536.1635,7.57468,336.8,TRUE,5.3,357,300
13509,2022/10/23 16:22,131.5328917,47.0900245,5217361.085,464533.3566,8.75996,344.7,TRUE,5.3,283,300
13510,2022/10/23 16:23,131.5328543,47.09009833,5217369.31,464530.5659,7.53764,338.4,TRUE,5.3,350,300
13511,2022/10/23 16:23,131.5328003,47.09017383,5217377.728,464526.516,6.98204,337.7,TRUE,5.3,375,300
13512,2022/10/23 16:23,131.5327678,47.0902485,5217386.044,464524.0979,7.94508,345.7,TRUE,5.3,361,300
13513,2022/10/23 16:23,131.5327213,47.09032767,5217394.867,464520.6198,8.13028,337.1,TRUE,5.3,355,300
13514,2022/10/23 16:23,131.5326895,47.09039883,5217402.792,464518.2526,8.07472,341.3,TRUE,5.3,347,300
13515,2022/10/23 16:23,131.5326487,47.090479,5217411.723,464515.208,8.07472,347,TRUE,5.3,262,300
13516,2022/10/23 16:23,131.532614,47.09054933,5217419.558,464512.6201,8.59328,344.4,TRUE,5.3,354,300
13517,2022/10/23 16:23,131.5325607,47.09063217,5217428.792,464508.6282,7.98212,342.7,TRUE,5.3,263,300
13518,2022/10/23 16:23,131.5325267,47.09070783,5217437.218,464506.0969,7.94508,345.4,TRUE,5.3,381,300
13519,2022/10/23 16:23,131.5324995,47.09077317,5217444.495,464504.0751,7.61172,341.2,TRUE,5.3,303,300
13520,2022/10/23 16:23,131.5324587,47.0908405,5217451.998,464501.022,7.72284,345.3,TRUE,5.3,362,300
13521,2022/10/23 16:23,131.5324212,47.09090483,5217459.167,464498.2175,6.72276,345.3,TRUE,5.3,366,300
13522,2022/10/23 16:23,131.5323858,47.09097283,5217466.743,464495.5749,6.50052,345.3,TRUE,5.3,375,300
13523,2022/10/23 16:23,131.532348,47.0910455,5217474.839,464492.7532,7.778399,343.2,TRUE,5.3,363,300
13524,2022/10/23 16:23,131.5323142,47.09111517,5217482.6,464490.2332,7.48208,344.7,TRUE,5.3,393,300
13525,2022/10/23 16:24,131.5322808,47.0911785,5217489.655,464487.7393,6.6672,344.5,TRUE,5.3,370,300
13526,2022/10/23 16:24,131.5322505,47.09124283,5217496.821,464485.4815,7.24132,342.3,TRUE,5.3,361,300
13527,2022/10/23 16:24,131.5321987,47.09132733,5217506.238,464481.6047,7.74136,343.9,TRUE,5.3,381,300
13528,2022/10/23 16:24,131.5321558,47.09139783,5217514.096,464478.3944,7.1302,340.4,TRUE,5.3,374,300
13529,2022/10/23 16:24,131.5321157,47.09146233,5217521.284,464475.3926,7.852479,343.2,TRUE,5.3,364,300
13530,2022/10/23 16:24,131.5320797,47.09153267,5217529.121,464472.7061,7.0376,342,TRUE,5.3,374,300
13531,2022/10/23 16:24,131.5320597,47.0915975,5217536.337,464471.2307,8.09324,343.6,TRUE,5.3,383,300
13532,2022/10/23 16:24,131.5320243,47.09166483,5217543.838,464468.5877,7.29688,345.9,TRUE,5.3,371,300
13533,2022/10/23 16:24,131.5319908,47.09173167,5217551.284,464466.0886,7.1302,345.7,TRUE,5.3,366,300
13534,2022/10/23 16:24,131.5319563,47.091804,5217559.341,464463.5173,6.92648,346.8,TRUE,5.3,361,300
13535,2022/10/23 16:24,131.5319098,47.0918805,5217567.867,464460.0377,6.482,345,TRUE,5.3,358,300
13536,2022/10/23 16:24,131.5318678,47.0919535,5217576.002,464456.8974,6.53756,344.2,TRUE,5.3,384,300
13537,2022/10/23 16:24,131.5318387,47.09202017,5217583.427,464454.7323,7.27836,341.2,TRUE,5.3,366,300
13538,2022/10/23 16:24,131.5318035,47.092085,5217590.65,464452.1029,6.90796,344.5,TRUE,5.3,359,300
13539,2022/10/23 16:24,131.5317567,47.09216083,5217599.101,464448.6,7.5006,340.8,TRUE,5.3,397,300
13540,2022/10/23 16:25,131.5317178,47.092233,5217607.142,464445.6946,6.945,342,TRUE,5.3,373,300
13541,2022/10/23 16:25,131.5316853,47.09230317,5217614.958,464443.2737,7.16724,342.1,TRUE,5.3,393,300
13542,2022/10/23 16:25,131.5316392,47.09237467,5217622.928,464439.8212,7.05612,334.6,TRUE,5.3,400,300
13543,2022/10/23 16:25,131.5316105,47.09243667,5217629.834,464437.6834,6.96352,342,TRUE,5.3,373,300
13544,2022/10/23 16:25,131.5315787,47.09250617,5217637.575,464435.3153,7.408,347.8,TRUE,5.3,368,300
13545,2022/10/23 16:25,131.531534,47.09258017,5217645.822,464431.9708,7.63024,342.6,TRUE,5.3,360,300
13546,2022/10/23 16:25,131.5315033,47.09264383,5217652.913,464429.6823,6.98204,343.6,TRUE,5.3,366,300
13547,2022/10/23 16:25,131.5314633,47.0927215,5217661.566,464426.697,7.83396,343,TRUE,5.3,361,300
13548,2022/10/23 16:25,131.5314302,47.09278667,5217668.826,464424.2273,7.25984,342.2,TRUE,5.3,345,300
13549,2022/10/23 16:25,131.5313983,47.0928525,5217676.159,464421.8492,6.53756,341,TRUE,5.3,346,300
13550,2022/10/23 16:25,131.5313512,47.09293167,5217684.982,464418.3259,7.25984,344.2,TRUE,5.3,330,300
13551,2022/10/23 16:25,131.5313123,47.09300117,5217692.726,464415.4188,6.51904,344.1,TRUE,5.3,355,300
13552,2022/10/23 16:25,131.5312878,47.09305733,5217698.981,464413.596,7.16724,338.6,TRUE,5.3,368,300
13553,2022/10/23 16:25,131.5312467,47.09313467,5217707.597,464410.5271,7.55616,339.7,TRUE,5.3,355,300
13554,2022/10/23 16:25,131.5312027,47.09319867,5217714.732,464407.2291,7.55616,342.3,TRUE,5.3,362,300
13555,2022/10/23 16:26,131.5311638,47.09326983,5217722.661,464404.3231,7.16724,346.2,TRUE,5.3,366,300
13556,2022/10/23 16:26,131.5311318,47.09333533,5217729.958,464401.9372,6.42644,346.8,TRUE,5.3,261,300
13557,2022/10/23 16:26,131.5310985,47.09340367,5217737.57,464399.4545,5.33376,345.7,TRUE,5.3,400,300
13558,2022/10/23 16:26,131.5310802,47.09344767,5217742.47,464398.0944,5.66712,336.7,TRUE,5.3,369,300
13559,2022/10/23 16:26,131.5310495,47.09350233,5217748.561,464395.8,6.14864,335.4,TRUE,5.3,392,300
13560,2022/10/23 16:26,131.5310067,47.09356583,5217755.64,464392.5928,6.33384,341.6,TRUE,5.3,364,300
13561,2022/10/23 16:26,131.5309755,47.09363,5217762.788,464390.2668,6.42644,343.7,TRUE,5.3,367,300
13562,2022/10/23 16:26,131.5309447,47.09369517,5217770.047,464387.9718,5.7412,343,TRUE,5.3,344,300
13563,2022/10/23 16:26,131.530913,47.09375967,5217777.232,464385.6081,5.75972,348.5,TRUE,5.3,374,300
13564,2022/10/23 16:26,131.5308868,47.09381267,5217783.136,464383.6543,6.87092,342.8,TRUE,5.3,394,300
13565,2022/10/23 16:26,131.5308533,47.09387717,5217790.322,464381.1539,6.22272,345.5,TRUE,5.3,366,300
13566,2022/10/23 16:26,131.5308133,47.09393683,5217796.973,464378.1567,6.40792,341.2,TRUE,5.3,358,300
13567,2022/10/23 16:26,131.5307748,47.09399833,5217803.827,464375.2747,6.42644,346.1,TRUE,5.3,362,300
13568,2022/10/23 16:26,131.5307488,47.09404967,5217809.547,464373.335,6.37088,337,TRUE,5.3,375,300
13569,2022/10/23 16:26,131.5307183,47.094117,5217817.046,464371.0643,5.25968,345.8,TRUE,5.3,359,300
13570,2022/10/23 16:27,131.5306857,47.094178,5217823.842,464368.6299,5.57452,344.1,TRUE,5.3,377,300
13571,2022/10/23 16:27,131.5306572,47.0942325,5217829.914,464366.5025,6.2042,341.9,TRUE,5.3,397,300
13572,2022/10/23 16:27,131.530636,47.0942855,5217835.816,464364.9283,6.18568,343,TRUE,5.3,375,300
13573,2022/10/23 16:27,131.530595,47.0943525,5217843.283,464361.8602,5.3708,346.5,TRUE,5.3,352,300
13574,2022/10/23 16:27,131.5305647,47.09441583,5217850.338,464359.602,5.70416,345.4,TRUE,5.3,361,300
13575,2022/10/23 16:27,131.5305302,47.09447533,5217856.968,464357.0224,5.98196,344.2,TRUE,5.3,369,300
13576,2022/10/23 16:27,131.5304985,47.09453533,5217863.653,464354.6557,5.53748,344.8,TRUE,5.3,361,300
13577,2022/10/23 16:27,131.530466,47.094586,5217869.301,464352.2221,5.33376,352.3,TRUE,5.3,358,300
13578,2022/10/23 16:27,131.5304408,47.09463683,5217874.963,464350.3428,6.019,342.7,TRUE,5.3,368,300
13579,2022/10/23 16:27,131.5304077,47.094698,5217881.779,464347.8706,5.77824,347.7,TRUE,5.3,393,300
13580,2022/10/23 16:27,131.53037,47.09475833,5217888.503,464345.0487,5.07448,350.2,TRUE,5.3,353,300
13581,2022/10/23 16:27,131.53034,47.09480667,5217893.891,464342.8033,6.03752,338.3,TRUE,5.3,367,300
13582,2022/10/23 16:27,131.5303112,47.09485583,5217899.369,464340.6496,5.31524,351.3,TRUE,5.3,355,300
13583,2022/10/23 16:27,131.5302957,47.094912,5217905.621,464339.5103,6.18568,345.1,TRUE,5.3,396,300
13584,2022/10/23 16:27,131.5302725,47.09496683,5217911.727,464337.7855,4.98188,345.3,TRUE,5.3,363,300
13585,2022/10/23 16:28,131.5302365,47.09502333,5217918.024,464335.0901,6.35236,346.9,TRUE,5.3,351,300
13586,2022/10/23 16:28,131.5302102,47.0950835,5217924.726,464333.1336,5.9264,344.1,TRUE,5.3,364,300
13587,2022/10/23 16:28,131.5301795,47.09514467,5217931.54,464330.8436,6.87092,341.7,TRUE,5.3,350,300
13588,2022/10/23 16:28,131.5301457,47.09520833,5217938.633,464328.32,5.2782,347.2,TRUE,5.3,400,300
13589,2022/10/23 16:28,131.530115,47.095266,5217945.058,464326.0278,6.51904,349.1,TRUE,5.3,362,300
13590,2022/10/23 16:28,131.5300848,47.09532267,5217951.372,464323.7728,6.33384,345.2,TRUE,5.3,374,300
13591,2022/10/23 16:28,131.5300527,47.095373,5217956.982,464321.3694,4.98188,345.7,TRUE,5.3,357,300
13592,2022/10/23 16:28,131.5300263,47.09541933,5217962.145,464319.3961,4.33368,348.1,TRUE,5.3,313,300
13593,2022/10/23 16:28,131.5299947,47.09547733,5217968.607,464317.0357,5.70416,349.4,TRUE,5.3,264,300
13594,2022/10/23 16:28,131.5299728,47.09553083,5217974.565,464315.4088,6.25976,340.7,TRUE,5.3,355,300
13595,2022/10/23 16:28,131.529936,47.09559733,5217981.974,464312.6594,6.51904,348.4,TRUE,5.3,365,300
13596,2022/10/23 16:28,131.5299058,47.09564617,5217987.418,464310.3992,6.37088,345.9,TRUE,5.3,369,300
13597,2022/10/23 16:28,131.529895,47.09568817,5217992.092,464309.6074,6.50052,345.5,TRUE,5.3,361,300
13598,2022/10/23 16:28,131.5298608,47.0957595,5218000.038,464307.0586,5.98196,347.4,TRUE,5.3,400,300
13599,2022/10/23 16:28,131.529832,47.09581717,5218006.462,464304.9106,6.6672,340.3,TRUE,5.3,398,300
13600,2022/10/23 16:29,131.5297985,47.09587167,5218012.536,464302.4037,4.40776,350.5,TRUE,5.3,367,300
13601,2022/10/23 16:29,131.5297807,47.09591967,5218017.881,464301.0844,6.09308,342.9,TRUE,5.3,361,300
13602,2022/10/23 16:29,131.5297348,47.09598017,5218024.628,464297.6402,6.07456,344.3,TRUE,5.3,361,300
13603,2022/10/23 16:29,131.5297023,47.0960455,5218031.905,464295.2164,5.8338,346,TRUE,5.3,364,300
13604,2022/10/23 16:29,131.529677,47.09610567,5218038.606,464293.3359,5.4634,348.6,TRUE,5.3,394,300
13605,2022/10/23 16:29,131.5296575,47.09614283,5218042.746,464291.8803,4.77816,343.8,TRUE,5.3,399,300
13606,2022/10/23 16:29,131.5296365,47.09618383,5218047.314,464290.3134,4.05588,357.9,TRUE,5.3,365,300
13607,2022/10/23 16:29,131.5296107,47.09623333,5218052.829,464288.3878,4.46332,344.7,TRUE,5.3,400,300
13608,2022/10/23 16:29,131.5295728,47.09628633,5218058.738,464285.5459,3.46324,2.8,TRUE,5.3,400,300
13609,2022/10/23 16:29,131.5295617,47.09629,5218059.151,464284.7057,4.27812,158.5,FALSE,5.3,0,300
13610,2022/10/23 16:29,131.5295793,47.096257,5218055.474,464286.0198,4.8152,350.1,FALSE,5.3,0,300
13611,2022/10/23 16:29,131.5295863,47.09628533,5218058.621,464286.5701,3.72252,35.4,FALSE,5.3,0,300
13612,2022/10/23 16:29,131.529624,47.09629183,5218059.326,464289.4366,1.40752,95,FALSE,5.3,0,300
13613,2022/10/23 16:29,131.5295713,47.096295,5218059.703,464285.4378,8.40808,270.7,FALSE,5.3,0,300
13614,2022/10/23 16:29,131.5295235,47.09631183,5218061.595,464281.8201,0,0,FALSE,5.3,0,300
13615,2022/10/23 16:30,131.529542,47.0963025,5218060.55,464283.2184,1.24084,128.9,FALSE,5.3,0,300
13616,2022/10/23 16:30,131.5295575,47.09627917,5218057.949,464284.3796,0.61116,149,TRUE,5.3,231,300
13617,2022/10/23 16:30,131.5295687,47.09625617,5218055.387,464285.2145,3.74104,156.7,TRUE,5.3,400,300
13618,2022/10/23 16:30,131.5295718,47.09623583,5218053.124,464285.4362,3.94476,168.8,TRUE,5.3,355,300
13619,2022/10/23 16:30,131.5295828,47.09621067,5218050.322,464286.2545,4.85224,164.9,TRUE,5.3,369,300
13620,2022/10/23 16:30,131.529595,47.09616983,5218045.776,464287.1534,5.29672,163.1,TRUE,5.3,390,300
13621,2022/10/23 16:30,131.5296345,47.09612233,5218040.478,464290.1205,5.9264,162.5,TRUE,5.3,366,300
13622,2022/10/23 16:30,131.52968,47.0960545,5218032.916,464293.5295,6.13012,169.2,TRUE,5.3,383,300
13623,2022/10/23 16:30,131.5297305,47.09598283,5218024.925,464297.3155,6.68572,161.3,TRUE,5.3,348,300
13624,2022/10/23 16:30,131.5297738,47.09591583,5218017.457,464300.558,5.81528,163.3,TRUE,5.3,366,300
13625,2022/10/23 16:30,131.5298018,47.09586067,5218011.312,464302.6469,6.25976,162.2,TRUE,5.3,400,300
13626,2022/10/23 16:30,131.5298173,47.0958075,5218005.394,464303.7881,6.5746,161.7,TRUE,5.3,395,300
13627,2022/10/23 16:30,131.5298493,47.09574383,5217998.301,464306.175,6.8524,161.2,TRUE,5.3,373,300
13628,2022/10/23 16:30,131.5298897,47.0956865,5217991.909,464309.2039,6.27828,161.3,TRUE,5.3,393,300
13629,2022/10/23 16:30,131.5299185,47.095634,5217986.059,464311.3553,5.1856,160.9,TRUE,5.3,400,300
13630,2022/10/23 16:31,131.5299293,47.09558333,5217980.421,464312.1414,4.46332,171.8,TRUE,5.3,359,300
13631,2022/10/23 16:31,131.5299495,47.09553083,5217974.575,464313.6399,6.3894,164,TRUE,5.3,370,300
13632,2022/10/23 16:31,131.5299843,47.09548317,5217969.261,464316.2501,5.40784,162.8,TRUE,5.3,351,300
13633,2022/10/23 16:31,131.5300115,47.09542867,5217963.19,464318.2787,5.90788,160.9,TRUE,5.3,368,300
13634,2022/10/23 16:31,131.5300517,47.09537533,5217957.241,464321.2951,6.13012,163.8,TRUE,5.3,372,300
13635,2022/10/23 16:31,131.5300783,47.09532333,5217951.448,464323.2798,6.2042,161.3,TRUE,5.3,381,300
13636,2022/10/23 16:31,131.5300998,47.09526533,5217944.99,464324.8734,5.24116,163.4,TRUE,5.3,375,300
13637,2022/10/23 16:31,131.5301208,47.09521383,5217939.256,464326.4333,5.94492,163.6,TRUE,5.3,373,300
13638,2022/10/23 16:31,131.5301577,47.09516983,5217934.347,464329.2054,4.75964,163.8,TRUE,5.3,365,300
13639,2022/10/23 16:31,131.5301937,47.09512433,5217929.272,464331.9081,5.87084,158.4,TRUE,5.3,364,300
13640,2022/10/23 16:31,131.530213,47.09507383,5217923.649,464333.3397,4.59296,156.4,TRUE,5.3,372,300
13641,2022/10/23 16:31,131.5302468,47.0950185,5217917.483,464335.8689,5.87084,160,TRUE,5.3,361,300
13642,2022/10/23 16:31,131.5302802,47.0949535,5217910.241,464338.3612,6.2042,161.1,TRUE,5.3,363,300
13643,2022/10/23 16:31,131.5302992,47.09489883,5217904.155,464339.7672,5.61156,166.7,TRUE,5.3,367,300
13644,2022/10/23 16:31,131.5303288,47.094842,5217897.823,464341.9766,5.90788,162.9,TRUE,5.3,398,300
13645,2022/10/23 16:32,131.5303528,47.09478067,5217890.994,464343.7577,6.53756,164.4,TRUE,5.3,356,300
13646,2022/10/23 16:32,131.5303875,47.09472367,5217884.642,464346.3542,6.6672,162.5,TRUE,5.3,376,300
13647,2022/10/23 16:32,131.5304193,47.09465667,5217877.179,464348.7237,5.6486,159.8,TRUE,5.3,400,300
13648,2022/10/23 16:32,131.530445,47.09459783,5217870.625,464350.6356,6.13012,163.1,TRUE,5.3,372,300
13649,2022/10/23 16:32,131.5304727,47.09453817,5217863.98,464352.6989,6.945,160.5,TRUE,5.3,400,300
13650,2022/10/23 16:32,131.5305132,47.0944825,5217857.773,464355.7365,6.019,161.8,TRUE,5.3,361,300
13651,2022/10/23 16:32,131.5305467,47.094418,5217850.587,464358.2369,6.5746,158.4,TRUE,5.3,362,300
13652,2022/10/23 16:32,131.5305917,47.09436267,5217844.415,464361.6164,6.05604,162.2,TRUE,5.3,368,300
13653,2022/10/23 16:32,131.5306103,47.09429867,5217837.292,464362.9859,7.11168,157.5,TRUE,5.3,400,300
13654,2022/10/23 16:32,131.5306423,47.09423517,5217830.218,464365.373,6.46348,162,TRUE,5.3,372,300
13655,2022/10/23 16:32,131.530675,47.09417567,5217823.588,464367.816,6.33384,161.3,TRUE,5.3,375,300
13656,2022/10/23 16:32,131.5307033,47.09411033,5217816.311,464369.921,6.83388,161,TRUE,5.3,400,300
13657,2022/10/23 16:32,131.5307368,47.09404683,5217809.237,464372.422,7.29688,162.9,TRUE,5.3,369,300
13658,2022/10/23 16:32,131.5307783,47.09398533,5217802.381,464375.5318,5.72268,161.2,TRUE,5.3,374,300
13659,2022/10/23 16:32,131.5308193,47.09391917,5217795.007,464378.6005,6.70424,161.6,TRUE,5.3,394,300
13660,2022/10/23 16:33,131.530845,47.09385433,5217787.787,464380.5085,5.59304,162.7,TRUE,5.3,400,300
13661,2022/10/23 16:33,131.5308682,47.0937965,5217781.347,464382.2313,5.48192,165.3,TRUE,5.3,348,300
13662,2022/10/23 16:33,131.5309072,47.09373167,5217774.122,464385.1491,6.63016,160.2,TRUE,5.3,381,300
13663,2022/10/23 16:33,131.5309472,47.09366683,5217766.895,464388.1428,7.48208,163.1,TRUE,5.3,400,300
13664,2022/10/23 16:33,131.5309797,47.09360483,5217759.988,464390.5689,6.945,163.1,TRUE,5.3,365,300
13665,2022/10/23 16:33,131.5310058,47.09354417,5217753.232,464392.5101,6.92648,160.7,TRUE,5.3,363,300
13666,2022/10/23 16:33,131.531057,47.0934765,5217745.686,464396.3522,6.63016,161.1,TRUE,5.3,370,300
13667,2022/10/23 16:33,131.5310853,47.0934165,5217739.003,464398.4609,5.59304,160.7,TRUE,5.3,400,300
13668,2022/10/23 16:33,131.5311118,47.09335167,5217731.783,464400.4296,7.07464,164.9,TRUE,5.3,398,300
13669,2022/10/23 16:33,131.5311543,47.09328333,5217724.166,464403.6108,6.51904,159.6,TRUE,5.3,393,300
13670,2022/10/23 16:33,131.5311913,47.09321217,5217716.238,464406.3726,6.50052,159.1,TRUE,5.3,369,300
13671,2022/10/23 16:33,131.5312275,47.0931425,5217708.477,464409.0746,7.07464,159.9,TRUE,5.3,396,300
13672,2022/10/23 16:33,131.5312737,47.09307967,5217701.471,464412.5404,7.11168,165.8,TRUE,5.3,393,300
13673,2022/10/23 16:33,131.5313012,47.09300617,5217693.287,464414.5793,6.81536,164.8,TRUE,5.3,399,300
13674,2022/10/23 16:33,131.531334,47.092938,5217685.693,464417.0242,6.92648,162,TRUE,5.3,374,300
13675,2022/10/23 16:34,131.5313702,47.09287317,5217678.47,464419.7295,6.7598,161.2,TRUE,5.3,362,300
13676,2022/10/23 16:34,131.531405,47.09280283,5217670.634,464422.3248,6.74128,161.5,TRUE,5.3,359,300
13677,2022/10/23 16:34,131.5314405,47.09273683,5217663.28,464424.9762,6.96352,162,TRUE,5.3,386,300
13678,2022/10/23 16:34,131.5314663,47.09267117,5217655.969,464426.8913,7.63024,153.5,TRUE,5.3,400,300
13679,2022/10/23 16:34,131.5315098,47.09260783,5217648.908,464430.1518,7.72284,164.5,TRUE,5.3,367,300
13680,2022/10/23 16:34,131.531553,47.09254117,5217641.477,464433.3874,6.50052,158.5,TRUE,5.3,400,300
13681,2022/10/23 16:34,131.531577,47.0924725,5217633.832,464435.1638,6.79684,162.6,TRUE,5.3,367,300
13682,2022/10/23 16:34,131.5316128,47.09240717,5217626.553,464437.8384,7.35244,162.9,TRUE,5.3,396,300
13683,2022/10/23 16:34,131.5316398,47.09233533,5217618.554,464439.8406,7.57468,157.8,TRUE,5.3,366,300
13684,2022/10/23 16:34,131.5316782,47.09226483,5217610.699,464442.7092,7.1302,161.9,TRUE,5.3,363,300
13685,2022/10/23 16:34,131.5317137,47.09219883,5217603.345,464445.3606,6.18568,162.7,TRUE,5.3,356,300
13686,2022/10/23 16:34,131.5317478,47.09213183,5217595.881,464447.905,6.61164,164.1,TRUE,5.3,363,300
13687,2022/10/23 16:34,131.5317783,47.09205983,5217587.863,464450.1728,7.11168,163.3,TRUE,5.3,390,300
13688,2022/10/23 16:34,131.5318245,47.09199667,5217580.821,464453.6385,7.74136,157.1,TRUE,5.3,375,300
13689,2022/10/23 16:34,131.5318818,47.09193367,5217573.791,464457.9471,8.29696,163.1,TRUE,5.3,373,300
13690,2022/10/23 16:35,131.53192,47.09186017,5217565.602,464460.7986,7.20428,162.2,TRUE,5.3,399,300
13691,2022/10/23 16:35,131.531961,47.09179233,5217558.042,464463.8664,7.6858,160.2,TRUE,5.3,397,300
13692,2022/10/23 16:35,131.5319952,47.09172433,5217550.466,464466.4178,6.98204,162.9,TRUE,5.3,366,300
13693,2022/10/23 16:35,131.532023,47.09165833,5217543.116,464468.4846,6.55608,164,TRUE,5.3,369,300
13694,2022/10/23 16:35,131.532053,47.09158633,5217535.098,464470.7145,7.37096,162.6,TRUE,5.3,353,300
13695,2022/10/23 16:35,131.5320967,47.0915135,5217526.982,464473.9841,6.88944,161,TRUE,5.3,347,300
13696,2022/10/23 16:35,131.532139,47.09144767,5217519.644,464477.1519,8.4266,158.7,TRUE,5.3,356,300
13697,2022/10/23 16:35,131.5321765,47.0913755,5217511.604,464479.9512,6.44496,159.1,TRUE,5.3,267,300
13698,2022/10/23 16:35,131.5322177,47.09130517,5217503.766,464483.0326,6.16716,163.5,TRUE,5.3,363,300
13699,2022/10/23 16:35,131.5322498,47.09124083,5217496.599,464485.427,7.63024,167.2,TRUE,5.3,400,300
13700,2022/10/23 16:35,131.5322845,47.09117,5217488.709,464488.0146,8.46364,157.5,TRUE,5.3,236,300
13701,2022/10/23 16:35,131.5323278,47.09109117,5217479.925,464491.2498,7.889521,161.5,TRUE,5.3,242,300
13702,2022/10/23 16:35,131.5323612,47.091019,5217471.887,464493.7378,7.38948,163.8,TRUE,5.3,394,300
13703,2022/10/23 16:35,131.5323992,47.09094383,5217463.513,464496.5731,7.81544,168.5,TRUE,5.3,237,300
13704,2022/10/23 16:35,131.5324372,47.09086117,5217454.306,464499.4033,9.167399,158.1,FALSE,5.3,0,300
13705,2022/10/23 16:36,131.5325263,47.090819,5217449.577,464506.1404,6.37088,98.4,FALSE,5.3,0,300
13706,2022/10/23 16:36,131.5326352,47.0908375,5217451.585,464514.4211,8.167319,38,FALSE,5.3,0,300
13707,2022/10/23 16:36,131.5326697,47.09090917,5217459.537,464517.0882,7.79692,336.3,FALSE,5.3,0,300
13708,2022/10/23 16:36,131.532601,47.090983,5217467.776,464511.9211,5.79676,327.2,TRUE,5.3,369,300
13709,2022/10/23 16:36,131.532554,47.09103967,5217474.097,464508.3902,6.6672,344.2,TRUE,5.3,355,300
13710,2022/10/23 16:36,131.5325268,47.09111533,5217482.521,464506.3752,6.7598,343,TRUE,5.3,400,300
13711,2022/10/23 16:36,131.532491,47.09116417,5217487.967,464503.6895,7.07464,337.7,TRUE,5.3,382,300
13712,2022/10/23 16:36,131.5324458,47.0912345,5217495.806,464500.3044,7.75988,335.7,TRUE,5.3,363,300
13713,2022/10/23 16:36,131.532406,47.09130733,5217503.921,464497.3309,7.51912,338.8,TRUE,5.3,365,300
13714,2022/10/23 16:36,131.5323647,47.09136933,5217510.832,464494.2364,7.871,340.4,TRUE,5.3,356,300
13715,2022/10/23 16:36,131.5323155,47.09144633,5217519.415,464490.552,7.53764,342.7,TRUE,5.3,362,300
13716,2022/10/23 16:36,131.5322553,47.091531,5217528.855,464486.0375,8.00064,343,TRUE,5.3,376,300
13717,2022/10/23 16:36,131.5322153,47.09160683,5217537.304,464483.0509,7.51912,349,TRUE,5.3,400,300
13718,2022/10/23 16:36,131.532184,47.09167483,5217544.877,464480.7196,8.334,346,TRUE,5.3,262,300
13719,2022/10/23 16:36,131.5321307,47.09175617,5217553.944,464476.7269,7.5932,343.7,TRUE,5.3,357,300
13720,2022/10/23 16:37,131.5320987,47.0918255,5217561.667,464474.3434,7.05612,344.8,TRUE,5.3,390,300
13721,2022/10/23 16:37,131.532059,47.09189917,5217569.875,464471.3781,7.889521,345.3,TRUE,5.3,366,300
13722,2022/10/23 16:37,131.5320207,47.09196883,5217577.636,464468.5165,7.72284,345.3,TRUE,5.3,358,300
13723,2022/10/23 16:37,131.5319812,47.092047,5217586.345,464465.5695,7.27836,345.5,TRUE,5.3,400,300
13724,2022/10/23 16:37,131.5319447,47.092123,5217594.81,464462.8488,7.90804,350.1,TRUE,5.3,357,300
13725,2022/10/23 16:37,131.5319068,47.09219783,5217603.147,464460.021,7.07464,342.3,TRUE,5.3,357,300
13726,2022/10/23 16:37,131.531872,47.09226783,5217610.944,464457.4254,7.94508,345.2,TRUE,5.3,369,300
13727,2022/10/23 16:37,131.5318343,47.09234317,5217619.337,464454.6131,6.09308,340,TRUE,5.3,377,300
13728,2022/10/23 16:37,131.531788,47.092419,5217627.789,464451.1483,7.01908,342.8,TRUE,5.3,398,300
13729,2022/10/23 16:37,131.5317498,47.09247883,5217634.457,464448.2878,6.13012,347.6,TRUE,5.3,387,300
13730,2022/10/23 16:37,131.5317287,47.09254017,5217641.286,464446.7266,7.18576,350.1,TRUE,5.3,395,300
13731,2022/10/23 16:37,131.531691,47.0926045,5217648.455,464443.9071,5.68564,338.9,TRUE,5.3,372,300
13732,2022/10/23 16:37,131.5316677,47.09266233,5217654.895,464442.1765,6.42644,341.8,TRUE,5.3,361,300
13733,2022/10/23 16:37,131.5316358,47.09272433,5217661.802,464439.7958,6.482,345.8,TRUE,5.3,400,300
13734,2022/10/23 16:37,131.5316167,47.0927845,5217668.5,464438.3857,6.5746,340.7,TRUE,5.3,400,300
13735,2022/10/23 16:38,131.531571,47.09285483,5217676.339,464434.9628,6.55608,344,TRUE,5.3,400,300
13736,2022/10/23 16:38,131.5315323,47.09291933,5217683.528,464432.0675,6.09308,342.6,TRUE,5.3,379,300
13737,2022/10/23 16:38,131.5315025,47.09297383,5217689.6,464429.8413,6.18568,344.1,TRUE,5.3,398,300
13738,2022/10/23 16:38,131.5314622,47.09304417,5217697.438,464426.8284,6.31532,339.7,TRUE,5.3,377,300
13739,2022/10/23 16:38,131.531421,47.09310767,5217704.516,464423.7426,7.61172,336.9,TRUE,5.3,360,300
13740,2022/10/23 16:38,131.5313923,47.09317517,5217712.034,464421.6085,7.55616,340.1,TRUE,5.3,363,300
13741,2022/10/23 16:38,131.5313427,47.09324467,5217719.783,464417.889,5.88936,342.6,TRUE,5.3,366,300
13742,2022/10/23 16:38,131.5313065,47.09330967,5217727.025,464415.1839,6.40792,344.5,TRUE,5.3,400,300
13743,2022/10/23 16:38,131.5312815,47.09336633,5217733.336,464413.3236,6.53756,348.9,TRUE,5.3,375,300
13744,2022/10/23 16:38,131.531252,47.0934315,5217740.594,464411.1273,4.7226,341.1,TRUE,5.3,400,300
13745,2022/10/23 16:38,131.531222,47.0934795,5217745.944,464408.8815,6.31532,339,TRUE,5.3,280,300
13746,2022/10/23 16:38,131.5311905,47.09353633,5217752.276,464406.5278,5.4634,343.4,TRUE,5.3,358,300
13747,2022/10/23 16:38,131.5311697,47.0935935,5217758.642,464404.9867,6.019,347.2,TRUE,5.3,357,300
13748,2022/10/23 16:38,131.5311302,47.09365733,5217765.756,464402.0303,6.5746,342.7,TRUE,5.3,365,300
13749,2022/10/23 16:38,131.5311002,47.0937275,5217773.57,464399.7994,6.55608,341.5,TRUE,5.3,367,300
13750,2022/10/23 16:39,131.5310568,47.09380067,5217781.725,464396.5531,6.945,340.9,TRUE,5.3,366,300
13751,2022/10/23 16:39,131.5310243,47.09387233,5217789.706,464394.1334,6.96352,342.1,TRUE,5.3,376,300
13752,2022/10/23 16:39,131.5309867,47.0939355,5217796.746,464391.3208,6.03752,346.6,TRUE,5.3,377,300
13753,2022/10/23 16:39,131.5309515,47.09399683,5217803.58,464388.6892,6.83388,346.7,TRUE,5.3,357,300
13754,2022/10/23 16:39,131.5309047,47.09406917,5217811.644,464385.1843,7.408,342.5,TRUE,5.3,393,300
13755,2022/10/23 16:39,131.5308725,47.09413483,5217818.958,464382.7834,6.68572,342.5,TRUE,5.3,367,300
13756,2022/10/23 16:39,131.530846,47.09420217,5217826.456,464380.8163,7.01908,344,TRUE,5.3,366,300
13757,2022/10/23 16:39,131.530801,47.09426883,5217833.888,464377.4443,5.51896,345.5,TRUE,5.3,361,300
13758,2022/10/23 16:39,131.5307685,47.094334,5217841.147,464375.0203,5.7412,345.1,TRUE,5.3,397,300
13759,2022/10/23 16:39,131.5307205,47.09438767,5217847.136,464371.4118,6.68572,345.4,TRUE,5.3,367,300
13760,2022/10/23 16:39,131.5306917,47.09444733,5217853.782,464369.2651,7.09316,344.6,TRUE,5.3,370,300
13761,2022/10/23 16:39,131.530664,47.09451383,5217861.187,464367.2064,6.98204,339.8,TRUE,5.3,394,300
13762,2022/10/23 16:39,131.5306323,47.09458833,5217869.484,464364.8494,6.79684,344.8,TRUE,5.3,371,300
13763,2022/10/23 16:39,131.530599,47.09464633,5217875.947,464362.3599,6.50052,342.7,TRUE,5.3,384,300
13764,2022/10/23 16:39,131.5305812,47.09469833,5217881.736,464361.0432,6.00048,341.9,TRUE,5.3,341,300
13765,2022/10/23 16:40,131.5305397,47.09475983,5217888.592,464357.9335,6.33384,341,TRUE,5.3,262,300
13766,2022/10/23 16:40,131.5304993,47.09483133,5217896.56,464354.914,6.59312,342.4,TRUE,5.3,363,300
13767,2022/10/23 16:40,131.5304547,47.0949025,5217904.492,464351.5754,6.53756,344.5,TRUE,5.3,356,300
13768,2022/10/23 16:40,131.5304265,47.09496083,5217910.99,464349.4734,7.05612,342.5,TRUE,5.3,374,300
13769,2022/10/23 16:40,131.5303922,47.09503933,5217919.732,464346.9217,6.2968,341.6,TRUE,5.3,350,300
13770,2022/10/23 16:40,131.5303462,47.09510633,5217927.202,464343.474,7.18576,344.8,TRUE,5.3,360,300
13771,2022/10/23 16:40,131.5303175,47.095179,5217935.294,464341.3436,6.83388,342.1,TRUE,5.3,352,300
13772,2022/10/23 16:40,131.530294,47.095239,5217941.975,464339.5995,6.87092,338.5,TRUE,5.3,367,300
13773,2022/10/23 16:40,131.5302737,47.09529767,5217948.506,464338.0975,6.40792,343.7,TRUE,5.3,361,300
13774,2022/10/23 16:40,131.5302305,47.0953605,5217955.511,464334.8597,5.72268,346.4,TRUE,5.3,365,300
13775,2022/10/23 16:40,131.5301975,47.09541633,5217961.733,464332.3916,7.00056,348.5,TRUE,5.3,400,300
13776,2022/10/23 16:40,131.530174,47.09548517,5217969.397,464330.6535,7.9636,345.1,TRUE,5.3,384,300
13777,2022/10/23 16:40,131.5301355,47.0955545,5217977.122,464327.7768,4.38924,340,TRUE,5.3,395,300
13778,2022/10/23 16:40,131.5301045,47.09560617,5217982.88,464325.4578,6.33384,347.6,TRUE,5.3,373,300
13779,2022/10/23 16:40,131.5300773,47.09565683,5217988.525,464323.4266,5.25968,347.6,TRUE,5.3,363,300
13780,2022/10/23 16:41,131.5300455,47.09570633,5217994.042,464321.0454,5.20412,350.3,TRUE,5.3,368,300
13781,2022/10/23 16:41,131.53002,47.0957595,5217999.965,464319.145,4.3522,347.4,TRUE,5.3,370,300
13782,2022/10/23 16:41,131.5299973,47.0958085,5218005.423,464317.4543,4.98188,348.7,TRUE,5.3,368,300
13783,2022/10/23 16:41,131.5299645,47.09585717,5218010.848,464314.9967,3.94476,341.4,TRUE,5.3,373,300
13784,2022/10/23 16:41,131.5299502,47.09589983,5218015.598,464313.9395,5.7412,340.1,TRUE,5.3,360,300
13785,2022/10/23 16:41,131.5299273,47.09595467,5218021.705,464312.2376,5.90788,345.6,TRUE,5.3,360,300
13786,2022/10/23 16:41,131.529887,47.09601117,5218028.004,464309.2158,4.87076,342,TRUE,5.3,323,300
13787,2022/10/23 16:41,131.5298657,47.09606617,5218034.129,464307.6355,5.81528,341.5,TRUE,5.3,346,300
13788,2022/10/23 16:41,131.5298415,47.09612933,5218041.161,464305.8404,5.38932,342.8,TRUE,5.3,367,300
13789,2022/10/23 16:41,131.5298,47.09619567,5218048.555,464302.7341,4.51888,344,TRUE,5.3,361,300
13790,2022/10/23 16:41,131.5297618,47.09624583,5218054.149,464299.8675,3.72252,344.4,TRUE,5.3,353,300
13791,2022/10/23 16:41,131.5297392,47.09627983,5218057.939,464298.1745,3.22248,348.4,TRUE,5.3,400,300
13792,2022/10/23 16:41,131.5297255,47.09629767,5218059.929,464297.1463,3.22248,343.7,TRUE,5.3,233,300
13793,2022/10/23 16:41,131.529721,47.09633683,5218064.285,464296.8309,5.2782,19,FALSE,5.3,0,300
13794,2022/10/23 16:41,131.5297388,47.09634983,5218065.722,464298.1909,3.8892,188.9,FALSE,5.3,0,300
13795,2022/10/23 16:42,131.5297148,47.09629217,5218059.322,464296.3303,4.31516,206,FALSE,5.3,0,300
13796,2022/10/23 16:42,131.5297123,47.09629883,5218060.064,464296.145,5.68564,73.4,FALSE,5.3,0,300
13797,2022/10/23 16:42,131.5297627,47.09630833,5218061.097,464299.9776,3.8892,151.5,FALSE,5.3,0,300
13798,2022/10/23 16:42,131.5297102,47.096315,5218061.863,464295.9963,4.33368,319.6,FALSE,5.3,0,300
13799,2022/10/23 16:42,131.529656,47.09635383,5218066.204,464291.9075,1.14824,331.8,FALSE,5.3,0,300
13800,2022/10/23 16:42,131.5296583,47.0963695,5218067.945,464292.0926,5.9264,148.3,FALSE,5.3,0,300
13801,2022/10/23 16:42,131.5297045,47.09632333,5218062.791,464295.5692,4.50036,148.7,TRUE,5.3,232,300
13802,2022/10/23 16:42,131.52974,47.09628333,5218058.328,464298.2376,5.44488,166.8,TRUE,5.3,324,300
13803,2022/10/23 16:42,131.5297407,47.096227,5218052.066,464298.2531,5.53748,161.1,TRUE,5.3,357,300
13804,2022/10/23 16:42,131.5297612,47.09617467,5218046.239,464299.7744,7.05612,159,TRUE,5.3,398,300
13805,2022/10/23 16:42,131.529813,47.096109,5218038.914,464303.6632,6.59312,163,TRUE,5.3,375,300
13806,2022/10/23 16:42,131.5298478,47.09605067,5218032.414,464306.2662,4.9078,165.6,TRUE,5.3,400,300
13807,2022/10/23 16:42,131.5298708,47.0960035,5218027.159,464307.9808,4.64852,152,TRUE,5.3,400,300
13808,2022/10/23 16:42,131.5298912,47.095954,5218021.647,464309.4965,5.94492,163.7,TRUE,5.3,362,300
13809,2022/10/23 16:42,131.5299238,47.09591033,5218016.777,464311.9423,6.1116,157,TRUE,5.3,364,300
13810,2022/10/23 16:43,131.529964,47.09584683,5218009.699,464314.9518,7.14872,166.7,TRUE,5.3,400,300
13811,2022/10/23 16:43,131.5299977,47.095781,5218002.365,464317.4663,5.44488,163.9,TRUE,5.3,374,300
13812,2022/10/23 16:43,131.5300255,47.09571833,5217995.385,464319.5351,6.88944,159.2,TRUE,5.3,374,300
13813,2022/10/23 16:43,131.5300668,47.09566483,5217989.419,464322.6348,6.7598,159.3,TRUE,5.3,373,300
13814,2022/10/23 16:43,131.530095,47.09560883,5217983.18,464324.7384,6.8524,157.2,TRUE,5.3,396,300
13815,2022/10/23 16:43,131.5301332,47.09554217,5217975.752,464327.594,5.9264,162.6,TRUE,5.3,375,300
13816,2022/10/23 16:43,131.530169,47.0954905,5217969.992,464330.2774,6.37088,156.9,TRUE,5.3,369,300
13817,2022/10/23 16:43,131.530204,47.09542683,5217962.897,464332.8921,6.42644,162.9,TRUE,5.3,396,300
13818,2022/10/23 16:43,131.5302342,47.09536167,5217955.64,464335.1414,6.83388,161.1,TRUE,5.3,371,300
13819,2022/10/23 16:43,131.5302743,47.09529617,5217948.339,464338.1421,6.88944,161.8,TRUE,5.3,396,300
13820,2022/10/23 16:43,131.5303005,47.09523617,5217941.657,464340.0911,6.019,161.3,TRUE,5.3,367,300
13821,2022/10/23 16:43,131.5303352,47.09517117,5217934.415,464342.6822,6.019,162.8,TRUE,5.3,400,300
13822,2022/10/23 16:43,131.5303683,47.095106,5217927.155,464345.1517,6.27828,163.2,TRUE,5.3,397,300
13823,2022/10/23 16:43,131.5303943,47.09504283,5217920.12,464347.0834,6.44496,168.2,TRUE,5.3,393,300
13824,2022/10/23 16:43,131.5304362,47.094978,5217912.894,464350.2213,6.482,162.6,TRUE,5.3,372,300
13825,2022/10/23 16:44,131.5304688,47.094918,5217906.209,464352.6562,5.87084,161.7,TRUE,5.3,394,300
13826,2022/10/23 16:44,131.5305013,47.09485417,5217899.098,464355.0811,6.70424,166.4,TRUE,5.3,364,300
13827,2022/10/23 16:44,131.5305357,47.09479133,5217892.096,464357.6508,6.74128,158.2,TRUE,5.3,377,300
13828,2022/10/23 16:44,131.5305728,47.0947245,5217884.649,464360.4229,7.61172,162.1,TRUE,5.3,393,300
13829,2022/10/23 16:44,131.5306067,47.094662,5217877.686,464362.955,6.55608,165.6,TRUE,5.3,370,300
13830,2022/10/23 16:44,131.5306372,47.094595,5217870.223,464365.2259,6.09308,159.4,TRUE,5.3,355,300
13831,2022/10/23 16:44,131.5306738,47.094531,5217863.092,464367.9619,6.46348,157.9,TRUE,5.3,366,300
13832,2022/10/23 16:44,131.5307135,47.09446017,5217855.199,464370.9287,6.63016,162.2,TRUE,5.3,400,300
13833,2022/10/23 16:44,131.5307467,47.09439083,5217847.475,464373.4031,6.59312,163.6,TRUE,5.3,369,300
13834,2022/10/23 16:44,131.5307833,47.09432183,5217839.788,464376.1358,6.5746,163.6,TRUE,5.3,374,300
13835,2022/10/23 16:44,131.5308258,47.0942595,5217832.839,464379.3209,6.37088,163.3,TRUE,5.3,369,300
13836,2022/10/23 16:44,131.5308613,47.09418917,5217825.004,464381.9693,6.945,164.8,TRUE,5.3,368,300
13837,2022/10/23 16:44,131.53089,47.094123,5217817.635,464384.1041,7.1302,164.1,TRUE,5.3,400,300
13838,2022/10/23 16:44,131.53092,47.09406067,5217810.692,464386.3402,6.50052,160.6,TRUE,5.3,372,300
13839,2022/10/23 16:44,131.530956,47.09399833,5217803.745,464389.0319,6.37088,164.6,TRUE,5.3,364,300
13840,2022/10/23 16:45,131.5309987,47.09393317,5217796.481,464392.2303,6.83388,161.3,TRUE,5.3,382,300
13841,2022/10/23 16:45,131.5310312,47.093864,5217788.777,464394.6517,7.16724,163.3,TRUE,5.3,374,300
13842,2022/10/23 16:45,131.5310687,47.09379867,5217781.497,464397.4552,7.09316,161.2,TRUE,5.3,365,300
13843,2022/10/23 16:45,131.5310983,47.09374,5217774.961,464399.6635,6.945,161.8,TRUE,5.3,370,300
13844,2022/10/23 16:45,131.5311418,47.09366467,5217766.567,464402.9159,7.20428,164.2,TRUE,5.3,367,300
13845,2022/10/23 16:45,131.5311743,47.09359267,5217758.547,464405.3354,6.8524,161.7,TRUE,5.3,365,300
13846,2022/10/23 16:45,131.531214,47.09352133,5217750.598,464408.302,6.40792,165.5,TRUE,5.3,363,300
13847,2022/10/23 16:45,131.531244,47.09346683,5217744.526,464410.5434,6.019,158.4,TRUE,5.3,354,300
13848,2022/10/23 16:45,131.531271,47.09341183,5217738.399,464412.5567,6.81536,160.5,TRUE,5.3,372,300
13849,2022/10/23 16:45,131.5313118,47.09334067,5217730.469,464415.607,7.14872,163,TRUE,5.3,349,300
13850,2022/10/23 16:45,131.5313497,47.09327067,5217722.67,464418.4378,6.83388,159.8,TRUE,5.3,396,300
13851,2022/10/23 16:45,131.5313838,47.09320533,5217715.39,464420.9833,6.61164,155.8,TRUE,5.3,355,300
13852,2022/10/23 16:45,131.5314173,47.093137,5217707.779,464423.4812,7.29688,163.7,TRUE,5.3,362,300
13853,2022/10/23 16:45,131.5314525,47.09307083,5217700.407,464426.1097,6.88944,159.6,TRUE,5.3,377,300
13854,2022/10/23 16:45,131.5314935,47.09299467,5217691.921,464429.1718,7.889521,162.2,TRUE,5.3,372,300
13855,2022/10/23 16:46,131.5315373,47.09291883,5217683.47,464432.4468,6.92648,168.4,TRUE,5.3,259,300
13856,2022/10/23 16:46,131.5315665,47.092852,5217676.027,464434.6193,6.945,155.4,TRUE,5.3,261,300
13857,2022/10/23 16:46,131.5315987,47.09278,5217668.008,464437.0161,7.871,160.2,TRUE,5.3,366,300
13858,2022/10/23 16:46,131.531639,47.09271067,5217660.282,464440.0297,5.48192,162.1,TRUE,5.3,365,300
13859,2022/10/23 16:46,131.5316685,47.09264517,5217652.987,464442.2258,7.64876,156.5,TRUE,5.3,387,300
13860,2022/10/23 16:46,131.531707,47.0925745,5217645.113,464445.1019,6.59312,159.5,TRUE,5.3,360,300
13861,2022/10/23 16:46,131.5317628,47.09252283,5217639.343,464449.3041,7.98212,111.1,FALSE,5.3,0,300
13862,2022/10/23 16:46,131.5318987,47.09252,5217638.967,464459.6203,7.63024,49.2,FALSE,5.3,0,300
13863,2022/10/23 16:46,131.5319418,47.09258783,5217646.488,464462.9378,7.33392,332.7,FALSE,5.3,0,300
13864,2022/10/23 16:46,131.5318943,47.092648,5217653.199,464459.3714,8.57476,332.5,TRUE,5.3,400,300
13865,2022/10/23 16:46,131.5318375,47.09272567,5217661.859,464455.1106,7.871,343.7,TRUE,5.3,362,300
13866,2022/10/23 16:46,131.5317928,47.092795,5217669.587,464451.7629,8.037681,339.9,TRUE,5.3,377,300
13867,2022/10/23 16:46,131.5317428,47.0928675,5217677.67,464448.015,8.22288,340.5,TRUE,5.3,355,300
13868,2022/10/23 16:46,131.5316898,47.09294817,5217686.662,464444.0447,8.55624,341.8,TRUE,5.3,366,300
13869,2022/10/23 16:46,131.5316448,47.09301467,5217694.076,464440.6724,7.81544,343.4,TRUE,5.3,347,300
13870,2022/10/23 16:47,131.5315953,47.09308833,5217702.287,464436.9632,7.74136,345.9,TRUE,5.3,363,300
13871,2022/10/23 16:47,131.5315747,47.09316767,5217711.117,464435.452,7.81544,345.3,TRUE,5.3,257,300
13872,2022/10/23 16:47,131.531518,47.09324667,5217719.925,464431.1997,8.11176,351.5,TRUE,5.3,265,300
13873,2022/10/23 16:47,131.5314975,47.09331683,5217727.734,464429.69,8.09324,345.4,TRUE,5.3,254,300
13874,2022/10/23 16:47,131.5314567,47.093384,5217735.22,464426.6371,8.44512,347.5,TRUE,5.3,369,300
13875,2022/10/23 16:47,131.5314068,47.09346283,5217744.007,464422.901,7.74136,349.7,TRUE,5.3,393,300
13876,2022/10/23 16:47,131.5313707,47.09353833,5217752.417,464420.2105,7.92656,351.3,TRUE,5.3,356,300
13877,2022/10/23 16:47,131.5313237,47.09360833,5217760.22,464416.6887,7.44504,348,TRUE,5.3,304,300
13878,2022/10/23 16:47,131.5312872,47.093683,5217768.538,464413.9673,8.167319,346.6,TRUE,5.3,370,300
13879,2022/10/23 16:47,131.5312265,47.09376267,5217777.423,464409.4119,8.00064,346.9,TRUE,5.3,359,300
13880,2022/10/23 16:47,131.5311955,47.09383017,5217784.941,464407.1032,7.75988,343,TRUE,5.3,375,300
13881,2022/10/23 16:47,131.531163,47.09389217,5217791.849,464404.6771,8.13028,341.4,TRUE,5.3,365,300
13882,2022/10/23 16:47,131.5311238,47.09396167,5217799.593,464401.7472,7.74136,342.3,TRUE,5.3,356,300
13883,2022/10/23 16:47,131.531088,47.094035,5217807.761,464399.0781,8.0562,340.8,TRUE,5.3,369,300
13884,2022/10/23 16:47,131.5310475,47.09410667,5217815.748,464396.051,7.63024,347.3,TRUE,5.3,261,300
13885,2022/10/23 16:48,131.5309978,47.09418683,5217824.682,464392.3311,6.79684,346.6,TRUE,5.3,376,300
13886,2022/10/23 16:48,131.530953,47.09426183,5217833.04,464388.9798,7.63024,343.6,TRUE,5.3,370,300
13887,2022/10/23 16:48,131.5309185,47.0943335,5217841.024,464386.4082,7.83396,342.1,TRUE,5.3,269,300
13888,2022/10/23 16:48,131.5308907,47.094401,5217848.54,464384.3426,7.42652,347.4,TRUE,5.3,367,300
13889,2022/10/23 16:48,131.5308593,47.09446683,5217855.873,464382.0026,7.98212,346.7,TRUE,5.3,377,300
13890,2022/10/23 16:48,131.5308193,47.094538,5217863.804,464379.0132,7.463561,346.6,TRUE,5.3,285,300
13891,2022/10/23 16:48,131.5307858,47.09460117,5217870.842,464376.5119,7.63024,344.8,TRUE,5.3,361,300
13892,2022/10/23 16:48,131.5307428,47.09467817,5217879.421,464373.2986,7.55616,344.3,TRUE,5.3,360,300
13893,2022/10/23 16:48,131.5306995,47.094753,5217887.76,464370.0612,7.29688,346.4,TRUE,5.3,364,300
13894,2022/10/23 16:48,131.5306487,47.09483817,5217897.252,464366.2612,7.889521,336.2,TRUE,5.3,358,300
13895,2022/10/23 16:48,131.530614,47.09491,5217905.253,464363.6746,7.72284,346.1,TRUE,5.3,389,300
13896,2022/10/23 16:48,131.5305813,47.094983,5217913.384,464361.2407,7.871,345.9,TRUE,5.3,364,300
13897,2022/10/23 16:48,131.5305355,47.09505767,5217921.706,464357.8134,6.92648,344,TRUE,5.3,371,300
13898,2022/10/23 16:48,131.5304968,47.09512783,5217929.523,464354.922,7.48208,345.2,TRUE,5.3,350,300
13899,2022/10/23 16:48,131.5304583,47.095192,5217936.675,464352.0419,6.72276,340.1,TRUE,5.3,374,300
13900,2022/10/23 16:49,131.5304265,47.0952635,5217944.638,464349.6754,7.16724,344.7,TRUE,5.3,374,300
13901,2022/10/23 16:49,131.5303892,47.095329,5217951.937,464346.8873,7.5932,344.8,TRUE,5.3,354,300
13902,2022/10/23 16:49,131.5303602,47.09539467,5217959.251,464344.7294,7.889521,342.4,TRUE,5.3,350,300
13903,2022/10/23 16:49,131.5303175,47.095464,5217966.978,464341.5339,8.01916,342.4,TRUE,5.3,365,300
13904,2022/10/23 16:49,131.5302808,47.09553733,5217975.147,464338.7966,8.0562,345.5,TRUE,5.3,396,300
13905,2022/10/23 16:49,131.5302333,47.09561317,5217983.6,464335.241,7.27836,346.5,TRUE,5.3,347,300
13906,2022/10/23 16:49,131.5301892,47.09567833,5217990.864,464331.9364,6.55608,345.6,TRUE,5.3,366,300
13907,2022/10/23 16:49,131.5301662,47.09574233,5217997.989,464330.233,7.51912,344,TRUE,5.3,393,300
13908,2022/10/23 16:49,131.5301312,47.09581367,5218005.936,464327.6235,6.7598,342.5,TRUE,5.3,358,300
13909,2022/10/23 16:49,131.5300883,47.09588017,5218013.349,464324.4109,6.83388,344.7,TRUE,5.3,374,300
13910,2022/10/23 16:49,131.5300582,47.095941,5218020.125,464322.1664,6.50052,343.8,TRUE,5.3,363,300
13911,2022/10/23 16:49,131.5300257,47.09600583,5218027.347,464319.7423,6.7598,349.1,TRUE,5.3,352,300
13912,2022/10/23 16:49,131.5299907,47.09607133,5218034.645,464317.1289,7.27836,342.8,TRUE,5.3,394,300
13913,2022/10/23 16:49,131.5299693,47.0961325,5218041.455,464315.545,5.7412,343.5,TRUE,5.3,400,300
13914,2022/10/23 16:49,131.529941,47.09617667,5218046.379,464313.426,4.20404,346.1,TRUE,5.3,372,300
13915,2022/10/23 16:50,131.5299255,47.09620867,5218049.943,464312.2707,5.42636,356.1,TRUE,5.3,266,300
13916,2022/10/23 16:50,131.5298922,47.09627783,5218057.647,464309.7888,6.16716,343.1,TRUE,5.3,249,300
13917,2022/10/23 16:50,131.5298533,47.09633717,5218064.262,464306.8752,4.09292,345.1,TRUE,5.3,375,300
13918,2022/10/23 16:50,131.5298355,47.096377,5218068.698,464305.5504,0.70376,346.3,TRUE,5.3,358,300
13919,2022/10/23 16:50,131.5298408,47.0963855,5218069.641,464305.9585,0,0,FALSE,5.3,0,300
13920,2022/10/23 16:50,131.5298545,47.09637317,5218068.264,464306.9903,5.44488,146.9,FALSE,5.3,0,300
13921,2022/10/23 16:50,131.529876,47.0963305,5218063.51,464308.5941,5.59304,19.6,FALSE,5.3,0,300
13922,2022/10/23 16:50,131.529904,47.09634733,5218065.368,464310.7311,4.63,89,FALSE,5.3,0,300
13923,2022/10/23 16:50,131.52994,47.09634917,5218065.557,464313.4654,4.27812,269.8,FALSE,5.3,0,300
13924,2022/10/23 16:50,131.5298548,47.0963625,5218067.077,464307.006,4.96336,318.7,FALSE,5.3,0,300
13925,2022/10/23 16:50,131.5298232,47.096365,5218067.37,464304.6086,4.98188,148,FALSE,5.3,0,300
13926,2022/10/23 16:50,131.5298352,47.09634467,5218065.104,464305.5061,0.70376,166.6,FALSE,5.3,0,300
13927,2022/10/23 16:50,131.52984,47.0963345,5218063.971,464305.8637,3.92624,177.5,TRUE,5.3,224,300
13928,2022/10/23 16:50,131.5298597,47.09629533,5218059.608,464307.3331,2.57428,185.9,TRUE,5.3,358,300
13929,2022/10/23 16:50,131.529904,47.09626767,5218056.512,464310.6778,1.24084,165.2,TRUE,5.3,208,300
13930,2022/10/23 16:51,131.5299292,47.09624283,5218053.739,464312.5744,4.18552,165.8,TRUE,5.3,271,300
13931,2022/10/23 16:51,131.5299602,47.09619533,5218048.445,464314.8962,5.59304,165.8,TRUE,5.3,368,300
13932,2022/10/23 16:51,131.529997,47.096144,5218042.721,464317.6557,5.68564,163.9,TRUE,5.3,400,300
13933,2022/10/23 16:51,131.5300333,47.09608883,5218036.571,464320.3747,5.29672,166.6,TRUE,5.3,368,300
13934,2022/10/23 16:51,131.5300707,47.09603033,5218030.051,464323.175,6.18568,163.7,TRUE,5.3,400,300
13935,2022/10/23 16:51,131.5300982,47.0959695,5218023.275,464325.2222,6.18568,159,TRUE,5.3,271,300
13936,2022/10/23 16:51,131.5301213,47.09591267,5218016.947,464326.938,5.29672,160.5,TRUE,5.3,376,300
13937,2022/10/23 16:51,131.5301457,47.09586,5218011.08,464328.7552,5.75972,166.8,TRUE,5.3,400,300
13938,2022/10/23 16:51,131.5301585,47.09580383,5218004.83,464329.6895,5.20412,166.9,TRUE,5.3,386,300
13939,2022/10/23 16:51,131.53019,47.095754,5217999.276,464332.0477,6.24124,163.5,TRUE,5.3,375,300
13940,2022/10/23 16:51,131.5302243,47.09569883,5217993.127,464334.6149,6.3894,165.4,TRUE,5.3,375,300
13941,2022/10/23 16:51,131.5302625,47.09564067,5217986.644,464337.4762,6.35236,159.2,TRUE,5.3,372,300
13942,2022/10/23 16:51,131.5302783,47.09557933,5217979.817,464338.6348,5.29672,164.5,TRUE,5.3,366,300
13943,2022/10/23 16:51,131.5303058,47.0955255,5217973.82,464340.6867,6.22272,158.5,TRUE,5.3,379,300
13944,2022/10/23 16:51,131.5303282,47.09545567,5217966.047,464342.3407,7.74136,165,TRUE,5.3,374,300
13945,2022/10/23 16:52,131.5303725,47.09539283,5217959.041,464345.662,7.14872,164.4,TRUE,5.3,400,300
13946,2022/10/23 16:52,131.5304018,47.09533033,5217952.079,464347.8447,5.90788,168.1,TRUE,5.3,380,300
13947,2022/10/23 16:52,131.5304372,47.095274,5217945.801,464350.4947,6.6672,168.8,TRUE,5.3,370,300
13948,2022/10/23 16:52,131.5304775,47.0952225,5217940.057,464353.52,6.50052,158.1,TRUE,5.3,398,300
13949,2022/10/23 16:52,131.5305067,47.095154,5217932.428,464355.6911,6.37088,164.2,TRUE,5.3,375,300
13950,2022/10/23 16:52,131.5305497,47.095093,5217925.627,464358.915,6.42644,162.4,TRUE,5.3,372,300
13951,2022/10/23 16:52,131.530587,47.09502633,5217918.198,464361.7024,6.74128,163.2,TRUE,5.3,362,300
13952,2022/10/23 16:52,131.5306208,47.094959,5217910.698,464364.2236,7.11168,159.1,TRUE,5.3,369,300
13953,2022/10/23 16:52,131.5306548,47.09489083,5217903.103,464366.7594,6.96352,155.1,TRUE,5.3,371,300
13954,2022/10/23 16:52,131.5307007,47.09483,5217896.32,464370.2036,6.98204,156.8,TRUE,5.3,400,300
13955,2022/10/23 16:52,131.5307312,47.09476283,5217888.839,464372.4744,6.51904,159.3,TRUE,5.3,359,300
13956,2022/10/23 16:52,131.5307628,47.0947005,5217881.895,464374.832,6.90796,159.1,TRUE,5.3,356,300
13957,2022/10/23 16:52,131.530794,47.0946265,5217873.654,464377.1514,7.37096,171.7,TRUE,5.3,367,300
13958,2022/10/23 16:52,131.5308277,47.09455867,5217866.098,464379.6647,6.98204,159,TRUE,5.3,400,300
13959,2022/10/23 16:52,131.5308605,47.09449217,5217858.69,464382.1106,7.53764,159.2,TRUE,5.3,373,300
13960,2022/10/23 16:53,131.5309047,47.09442233,5217850.905,464385.4197,7.05612,170.2,TRUE,5.3,372,300
13961,2022/10/23 16:53,131.5309433,47.09435283,5217843.161,464388.304,7.463561,158.5,TRUE,5.3,359,300
13962,2022/10/23 16:53,131.530992,47.0942905,5217836.21,464391.9598,7.72284,167.6,TRUE,5.3,395,300
13963,2022/10/23 16:53,131.5310283,47.0942175,5217828.078,464394.6671,8.29696,158.9,TRUE,5.3,374,300
13964,2022/10/23 16:53,131.5310543,47.094144,5217819.895,464396.5921,8.0562,153.1,TRUE,5.3,370,300
13965,2022/10/23 16:53,131.5311048,47.09406683,5217811.292,464400.3748,7.55616,161.2,TRUE,5.3,365,300
13966,2022/10/23 16:53,131.5311478,47.093991,5217802.843,464403.5889,8.01916,159.7,TRUE,5.3,371,300
13967,2022/10/23 16:53,131.5311777,47.09391267,5217794.121,464405.8068,7.5932,162.2,TRUE,5.3,372,300
13968,2022/10/23 16:53,131.531208,47.09384333,5217786.398,464408.061,8.64884,164.2,TRUE,5.3,369,300
13969,2022/10/23 16:53,131.5312482,47.09377417,5217778.691,464411.067,7.24132,160.8,TRUE,5.3,372,300
13970,2022/10/23 16:53,131.5312792,47.09369983,5217770.413,464413.3711,7.09316,157.5,TRUE,5.3,363,300
13971,2022/10/23 16:53,131.5313168,47.093625,5217762.077,464416.176,8.0562,152,TRUE,5.3,365,300
13972,2022/10/23 16:53,131.5313658,47.09354833,5217753.531,464419.8451,8.13028,159.6,TRUE,5.3,368,300
13973,2022/10/23 16:53,131.5313875,47.09348633,5217746.628,464421.4514,7.35244,159.7,TRUE,5.3,257,300
13974,2022/10/23 16:53,131.5313787,47.09342233,5217739.517,464420.7406,7.35244,202.2,FALSE,5.3,0,300
13975,2022/10/23 16:54,131.531311,47.09338667,5217735.584,464415.5769,6.945,245.1,TRUE,5.3,248,300
13976,2022/10/23 16:54,131.5312082,47.09337517,5217734.352,464407.7643,6.44496,250.8,TRUE,5.3,250,300
13977,2022/10/23 16:54,131.5311002,47.0933725,5217734.104,464399.5628,7.18576,284.3,TRUE,5.3,242,300
13978,2022/10/23 16:54,131.5310233,47.0934035,5217737.586,464393.745,7.24132,324.8,TRUE,5.3,214,300
13979,2022/10/23 16:54,131.5310033,47.093448,5217742.542,464392.2562,6.7598,353.5,TRUE,5.3,252,300
13980,2022/10/23 16:54,131.5310105,47.093514,5217749.876,464392.8468,6.83388,5.4,TRUE,5.3,218,300
13981,2022/10/23 16:54,131.5309932,47.09358483,5217757.758,464391.5806,7.38948,351.3,TRUE,5.3,233,300
13982,2022/10/23 16:54,131.5309942,47.09365367,5217765.411,464391.7024,7.53764,354.2,TRUE,5.3,243,300
13983,2022/10/23 16:54,131.53097,47.09372767,5217773.649,464389.9144,7.3154,352.6,TRUE,5.3,238,300
13984,2022/10/23 16:54,131.5309472,47.09380267,5217781.997,464388.2333,7.6858,340.3,TRUE,5.3,205,300
13985,2022/10/23 16:54,131.5309035,47.09387117,5217789.632,464384.9612,6.92648,350.4,TRUE,5.3,222,300
13986,2022/10/23 16:54,131.5308583,47.09393883,5217797.175,464381.5746,7.16724,346.6,TRUE,5.3,212,300
13987,2022/10/23 16:54,131.5308117,47.09401133,5217805.256,464378.0849,6.70424,358.6,TRUE,5.3,211,300
13988,2022/10/23 16:54,131.5308112,47.09408,5217812.89,464378.0928,6.55608,11.8,TRUE,5.3,256,300
13989,2022/10/23 16:54,131.5308123,47.09415833,5217821.598,464378.2285,7.66728,4.6,TRUE,5.3,244,300
13990,2022/10/23 16:55,131.5308188,47.094228,5217829.34,464378.7685,7.16724,13.8,TRUE,5.3,226,300
13991,2022/10/23 16:55,131.5308503,47.09428533,5217835.699,464381.1982,7.05612,18.5,TRUE,5.3,90,300
13992,2022/10/23 16:55,131.5308977,47.09435467,5217843.387,464384.8432,7.48208,26.7,FALSE,5.3,0,300
13993,2022/10/23 16:55,131.5309107,47.09443133,5217851.903,464385.8813,7.09316,22,TRUE,5.3,170,300
13994,2022/10/23 16:55,131.5309182,47.09450833,5217860.46,464386.502,8.889601,9.6,TRUE,5.3,256,300
13995,2022/10/23 16:55,131.5309145,47.09458917,5217869.449,464386.275,6.81536,352.7,TRUE,5.3,222,300
13996,2022/10/23 16:55,131.5308838,47.09466567,5217877.968,464383.9952,6.945,351.5,TRUE,5.3,359,300
13997,2022/10/23 16:55,131.5308733,47.09473483,5217885.661,464383.2442,6.13012,345.2,TRUE,5.3,358,300
13998,2022/10/23 16:55,131.5308323,47.094812,5217894.259,464380.1828,6.51904,344.1,TRUE,5.3,372,300
13999,2022/10/23 16:55,131.5308028,47.09487867,5217901.684,464377.9876,8.01916,342.9,TRUE,5.3,370,300
14000,2022/10/23 16:55,131.5307477,47.094955,5217910.195,464373.8553,8.77848,351.3,TRUE,5.3,388,300
14001,2022/10/23 16:55,131.5307145,47.095024,5217917.881,464371.3807,6.46348,348.8,TRUE,5.3,275,300
14002,2022/10/23 16:55,131.5306885,47.09508217,5217924.36,464369.4456,7.00056,346.1,TRUE,5.3,366,300
14003,2022/10/23 16:55,131.5306422,47.09516317,5217933.386,464365.9845,6.83388,344.3,TRUE,5.3,394,300
14004,2022/10/23 16:55,131.530605,47.095241,5217942.055,464363.2122,7.11168,349,TRUE,5.3,363,300
14005,2022/10/23 16:56,131.5305652,47.0953135,5217950.133,464360.2389,7.25984,344.9,TRUE,5.3,389,300
14006,2022/10/23 16:56,131.530536,47.09537,5217956.428,464358.0597,6.019,347.8,TRUE,5.3,333,300
14007,2022/10/23 16:56,131.5305028,47.095432,5217963.336,464355.5805,6.03752,348.1,TRUE,5.3,359,300
14008,2022/10/23 16:56,131.5304708,47.09549433,5217970.28,464353.1927,6.14864,353.7,TRUE,5.3,270,300
14009,2022/10/23 16:56,131.5304268,47.09557017,5217978.731,464349.9028,6.6672,342.1,TRUE,5.3,395,300
14010,2022/10/23 16:56,131.5303832,47.09564333,5217986.884,464346.6415,6.64868,344.6,TRUE,5.3,353,300
14011,2022/10/23 16:56,131.5303418,47.095714,5217994.76,464343.5456,6.83388,345.4,TRUE,5.3,358,300
14012,2022/10/23 16:56,131.5303093,47.09578183,5218002.316,464341.1235,6.07456,347.4,TRUE,5.3,393,300
14013,2022/10/23 16:56,131.5302837,47.09584267,5218009.091,464339.2206,6.87092,348.9,TRUE,5.3,366,300
14014,2022/10/23 16:56,131.5302417,47.0959075,5218016.317,464336.0752,7.48208,345.9,TRUE,5.3,398,300
14015,2022/10/23 16:56,131.5302083,47.09597617,5218023.967,464333.5854,7.29688,342.4,TRUE,5.3,400,300
14016,2022/10/23 16:56,131.5301742,47.09604067,5218031.153,464331.0396,6.74128,347.2,TRUE,5.3,365,300
14017,2022/10/23 16:56,131.5301492,47.09609283,5218036.963,464329.1764,6.40792,344.9,TRUE,5.3,399,300
14018,2022/10/23 16:56,131.5301263,47.09616533,5218045.034,464327.4863,5.7412,347.4,TRUE,5.3,374,300
14019,2022/10/23 16:56,131.5300938,47.09622467,5218051.645,464325.0586,6.00048,347.7,TRUE,5.3,376,300
14020,2022/10/23 16:57,131.5300595,47.096285,5218058.368,464322.4948,5.72268,344.8,TRUE,5.3,397,300
14021,2022/10/23 16:57,131.5300318,47.0963215,5218062.438,464320.4162,0.79636,0,TRUE,5.3,398,300
14022,2022/10/23 16:57,131.5300415,47.09632117,5218062.397,464321.1524,0,0,FALSE,5.3,0,300
14023,2022/10/23 16:57,131.5300518,47.096316,5218061.818,464321.931,0,0,FALSE,5.3,0,300
14024,2022/10/23 16:57,131.5300533,47.0963205,5218062.318,464322.0478,1.6668,4.1,TRUE,5.3,358,300
14025,2022/10/23 16:57,131.530044,47.0963545,5218066.102,464321.3645,3.64844,8.9,TRUE,5.3,204,300
14026,2022/10/23 16:57,131.5300137,47.09639533,5218070.655,464319.0914,3.8892,31.2,FALSE,5.3,0,300
14027,2022/10/23 16:57,131.530025,47.09639767,5218070.91,464319.9509,3.37064,216.4,FALSE,5.3,0,300
14028,2022/10/23 16:57,131.5299687,47.0963645,5218067.248,464315.6545,2.74096,207.2,FALSE,5.3,0,300
14029,2022/10/23 16:57,131.5299747,47.09637767,5218068.709,464316.1188,3.53732,76.7,FALSE,5.3,0,300
14030,2022/10/23 16:57,131.5299908,47.09637483,5218068.386,464317.3392,2.18536,163.6,FALSE,5.3,0,300
14031,2022/10/23 16:57,131.5299545,47.09638783,5218069.848,464314.592,3.18544,301.6,FALSE,5.3,0,300
14032,2022/10/23 16:57,131.5299597,47.09638283,5218069.29,464314.9835,4.33368,145.6,FALSE,5.3,0,300
14033,2022/10/23 16:57,131.5299887,47.096366,5218067.405,464317.1739,4.09292,159.2,TRUE,5.3,400,300
14034,2022/10/23 16:57,131.5300115,47.09633883,5218064.374,464318.8867,4.01884,168,TRUE,5.3,364,300
14035,2022/10/23 16:58,131.5300118,47.09629883,5218059.927,464318.8827,4.77816,164.9,TRUE,5.3,363,300
14036,2022/10/23 16:58,131.5300302,47.09627083,5218056.806,464320.2609,4.31516,151.4,TRUE,5.3,372,300
14037,2022/10/23 16:58,131.5300473,47.0962335,5218052.648,464321.5342,4.22256,155.7,TRUE,5.3,351,300
14038,2022/10/23 16:58,131.5300825,47.09618267,5218046.981,464324.1726,5.11152,166,TRUE,5.3,373,300
14039,2022/10/23 16:58,131.5301155,47.09613117,5218041.241,464326.6436,6.7598,168.2,TRUE,5.3,354,300
14040,2022/10/23 16:58,131.5301383,47.09606683,5218034.078,464328.3315,6.44496,165.6,TRUE,5.3,359,300
14041,2022/10/23 16:58,131.5301755,47.09600167,5218026.817,464331.1122,7.00056,159.1,TRUE,5.3,395,300
14042,2022/10/23 16:58,131.530213,47.09593833,5218019.758,464333.9169,5.96344,168.9,TRUE,5.3,373,300
14043,2022/10/23 16:58,131.5302438,47.0958755,5218012.759,464336.2133,7.29688,164.1,TRUE,5.3,353,300
14044,2022/10/23 16:58,131.5302867,47.09581083,5218005.55,464339.4271,6.37088,162.3,TRUE,5.3,400,300
14045,2022/10/23 16:58,131.5303163,47.095747,5217998.44,464341.6317,5.81528,154.2,TRUE,5.3,385,300
14046,2022/10/23 16:58,131.5303335,47.09568067,5217991.058,464342.8932,6.50052,159.2,TRUE,5.3,364,300
14047,2022/10/23 16:58,131.5303645,47.09561733,5217984.002,464345.2045,6.6672,158.9,TRUE,5.3,364,300
14048,2022/10/23 16:58,131.5304008,47.09556583,5217978.261,464347.926,5.2782,170.2,TRUE,5.3,268,300
14049,2022/10/23 16:58,131.530422,47.09550733,5217971.747,464349.4965,6.44496,184,TRUE,5.3,129,300
14050,2022/10/23 16:59,131.5304035,47.095462,5217966.716,464348.0617,5.25968,211.2,TRUE,5.3,232,300
14051,2022/10/23 16:59,131.5303647,47.0954385,5217964.121,464345.1003,5.05596,245.6,TRUE,5.3,250,300
14052,2022/10/23 16:59,131.5302902,47.09542583,5217962.747,464339.4358,4.92632,271.9,TRUE,5.3,203,300
14053,2022/10/23 16:59,131.5301807,47.095426,5217962.816,464331.1226,5.70416,287.6,TRUE,5.3,254,300
14054,2022/10/23 16:59,131.5301362,47.095446,5217965.059,464327.7575,5.8338,331.7,TRUE,5.3,255,300
14055,2022/10/23 16:59,131.5301012,47.09549817,5217970.875,464325.1351,6.00048,323.6,TRUE,5.3,222,300
14056,2022/10/23 16:59,131.5300583,47.09553167,5217974.619,464321.9005,6.70424,306.5,TRUE,5.3,347,300
14057,2022/10/23 16:59,131.5299895,47.09557317,5217979.264,464316.705,6.00048,307.6,TRUE,5.3,215,300
14058,2022/10/23 16:59,131.5299223,47.09561133,5217983.537,464311.6286,5.90788,328.5,TRUE,5.3,225,300
14059,2022/10/23 16:59,131.5298907,47.09566567,5217989.593,464309.2659,7.2228,336.4,TRUE,5.3,244,300
14060,2022/10/23 16:59,131.5298222,47.0957215,5217995.831,464304.1027,6.51904,299.2,TRUE,5.3,203,300
14061,2022/10/23 16:59,131.5297213,47.0957495,5217998.99,464296.4611,6.83388,283.4,TRUE,5.3,222,300
14062,2022/10/23 16:59,131.5295995,47.09578633,5218003.14,464287.2386,7.16724,283,TRUE,5.3,220,300
14063,2022/10/23 16:59,131.529485,47.09581317,5218006.176,464278.5638,7.3154,289.6,TRUE,5.3,213,300
14064,2022/10/23 16:59,131.5293797,47.095826,5218007.65,464270.578,8.037681,286.3,TRUE,5.3,250,300
14065,2022/10/23 17:00,131.5292533,47.0958485,5218010.209,464260.9968,6.8524,291.7,TRUE,5.3,226,300
14066,2022/10/23 17:00,131.529144,47.095867,5218012.316,464252.7112,7.852479,290.8,TRUE,5.3,220,300
14067,2022/10/23 17:00,131.5290293,47.09589617,5218015.611,464244.0227,6.81536,287.8,TRUE,5.3,239,300
14068,2022/10/23 17:00,131.5289117,47.0959215,5218018.481,464235.1115,7.24132,293.5,TRUE,5.3,238,300
14069,2022/10/23 17:00,131.528799,47.095935,5218020.033,464226.5644,8.07472,295.1,TRUE,5.3,282,300
14070,2022/10/23 17:00,131.5287048,47.095948,5218021.522,464219.4215,7.09316,283.7,TRUE,5.3,249,300
14071,2022/10/23 17:00,131.5286013,47.095952,5218022.014,464211.5665,6.2968,284.7,TRUE,5.3,255,300
14072,2022/10/23 17:00,131.5285018,47.09594617,5218021.411,464204.0086,5.22264,272.4,TRUE,5.3,246,300
14073,2022/10/23 17:00,131.528442,47.09596617,5218023.662,464199.482,5.01892,303.7,TRUE,5.3,229,300
14074,2022/10/23 17:00,131.5284277,47.09600317,5218027.782,464198.4212,3.46324,346.6,FALSE,5.3,0,300
14075,2022/10/23 17:00,131.5284285,47.096021,5218029.764,464198.4939,2.16684,44.1,FALSE,5.3,0,300
14076,2022/10/23 17:00,131.5283957,47.09597217,5218024.35,464195.971,4.33368,231.9,FALSE,5.3,0,300
14077,2022/10/23 17:00,131.5283343,47.0959335,5218020.079,464191.2836,4.40776,240.7,FALSE,5.3,0,300
14078,2022/10/23 17:00,131.5282667,47.09592667,5218019.351,464186.1469,4.68556,254,FALSE,5.3,0,300
14079,2022/10/23 17:00,131.5282338,47.09593817,5218020.644,464183.6568,1.22232,135.9,FALSE,5.3,0,300
14080,2022/10/23 17:01,131.5282342,47.09592767,5218019.477,464183.6801,0,0,FALSE,5.3,0,300
14081,2022/10/23 17:01,131.5282635,47.09593067,5218019.797,464185.9066,3.3336,95.1,TRUE,5.3,288,300
14082,2022/10/23 17:01,131.5283265,47.0959325,5218019.972,464190.6908,2.74096,109.3,TRUE,5.3,361,300
14083,2022/10/23 17:01,131.5283832,47.09594883,5218021.761,464195.0063,3.0558,78.5,TRUE,5.3,362,300
14084,2022/10/23 17:01,131.5284228,47.09597083,5218024.189,464198.0275,3.00024,73.2,TRUE,5.3,352,300
14085,2022/10/23 17:01,131.5284648,47.09599917,5218027.32,464201.2351,4.42628,77.6,TRUE,5.3,399,300
14086,2022/10/23 17:01,131.5285338,47.09600517,5218027.956,464206.4776,5.1856,72.1,TRUE,5.3,267,300
14087,2022/10/23 17:01,131.5285803,47.09600683,5218028.119,464210.0089,3.22248,81,TRUE,5.3,369,300
14088,2022/10/23 17:01,131.5286305,47.09602317,5218029.913,464213.8311,2.37056,73,TRUE,5.3,400,300
14089,2022/10/23 17:01,131.5286925,47.09602583,5218030.18,464218.5398,3.29656,81.2,TRUE,5.3,400,300
14090,2022/10/23 17:01,131.5287432,47.0960465,5218032.455,464222.4028,3.5188,77.4,TRUE,5.3,240,300
14091,2022/10/23 17:01,131.5287852,47.0960645,5218034.437,464225.6035,2.81504,71.3,TRUE,5.3,373,300
14092,2022/10/23 17:01,131.5288365,47.096088,5218037.026,464229.5139,4.9078,84.3,TRUE,5.3,363,300
14093,2022/10/23 17:01,131.5288842,47.09610333,5218038.708,464233.1455,3.74104,73.5,TRUE,5.3,369,300
14094,2022/10/23 17:01,131.528951,47.09611883,5218040.401,464238.2273,4.09292,72.5,TRUE,5.3,353,300
14095,2022/10/23 17:02,131.5290115,47.09613583,5218042.263,464242.8318,3.704,79.9,TRUE,5.3,394,300
14096,2022/10/23 17:02,131.5290545,47.09615183,5218044.022,464246.107,4.11144,81.5,TRUE,5.3,384,300
14097,2022/10/23 17:02,131.529109,47.09616333,5218045.276,464250.2523,4.24108,75,TRUE,5.3,361,300
14098,2022/10/23 17:02,131.5291733,47.096171,5218046.099,464255.1391,4.2596,69.8,TRUE,5.3,383,300
14099,2022/10/23 17:02,131.52924,47.09618867,5218048.033,464260.2147,4.11144,88.5,TRUE,5.3,260,300
14100,2022/10/23 17:02,131.529298,47.09620683,5218050.025,464264.6302,3.9818,88.2,TRUE,5.3,370,300
14101,2022/10/23 17:02,131.5293478,47.0962235,5218051.856,464268.4221,4.98188,73.8,TRUE,5.3,261,300
14102,2022/10/23 17:02,131.5294078,47.0962445,5218054.163,464272.9913,3.20396,71.1,TRUE,5.3,395,300
14103,2022/10/23 17:02,131.5294657,47.096255,5218055.304,464277.394,3.90772,75.5,TRUE,5.3,363,300
14104,2022/10/23 17:02,131.5295285,47.09626667,5218056.573,464282.1695,3.68548,67.4,TRUE,5.3,350,300
14105,2022/10/23 17:02,131.5295947,47.09628767,5218058.877,464287.2094,4.14848,66.1,TRUE,5.3,395,300
14106,2022/10/23 17:02,131.5296577,47.09629667,5218059.849,464291.9983,4.2596,68.9,TRUE,5.3,379,300
14107,2022/10/23 17:02,131.5297063,47.09631317,5218061.661,464295.699,3.57436,67.6,TRUE,5.3,368,300
14108,2022/10/23 17:02,131.5297563,47.09633333,5218063.879,464299.5085,3.81512,69,TRUE,5.3,367,300
14109,2022/10/23 17:02,131.529816,47.096354,5218066.15,464304.0546,4.167,74,TRUE,5.3,372,300
14110,2022/10/23 17:03,131.5298615,47.096364,5218067.241,464307.5156,4.14848,74.2,TRUE,5.3,363,300
14111,2022/10/23 17:03,131.5299158,47.09638533,5218069.588,464311.6523,4.14848,84.5,TRUE,5.3,365,300
14112,2022/10/23 17:03,131.5299792,47.0963985,5218071.023,464316.4743,2.38908,87.5,TRUE,5.3,273,300
14113,2022/10/23 17:03,131.530018,47.09641083,5218072.376,464319.4282,3.704,59.8,TRUE,5.3,400,300
14114,2022/10/23 17:03,131.5300583,47.0964265,5218074.1,464322.4982,4.79668,83.6,TRUE,5.3,364,300
14115,2022/10/23 17:03,131.5301175,47.09644267,5218075.87,464327.0034,3.96328,84,TRUE,5.3,260,300
